step;t_min;region;story;stage_tried;stage_accepted;fired_rules;suppression;deployment;containment;protection;evacuation;warning;quality;gate_min;J_forecast;J_noaction;attended
0;0;Agent_1;orders came from the seed rule base (rules as-is);0;0;;0.00;0.00;0.00;0.00;0.00;0.00;0.74;0.00;0.0000;0.0000;1
0;0;Agent_2;orders came from the seed rule base (rules as-is);0;0;R20[0.19] A1[0.54];0.00;0.19;0.00;0.48;0.32;0.00;0.89;0.00;0.0000;0.0000;1
0;0;Agent_3;orders came from the seed rule base (rules as-is);0;0;R20[0.01] A1[0.04];0.00;0.00;0.00;0.00;0.00;0.00;0.73;0.00;0.0000;0.0000;1
1;1;Agent_1;orders came from the seed rule base (rules as-is);0;0;;0.00;0.00;0.00;0.00;0.00;0.00;0.76;0.00;0.0000;0.0000;1
1;1;Agent_2;orders came from the seed rule base (rules as-is);0;0;R20[0.17] A1[0.49];0.00;0.17;0.00;0.43;0.29;0.00;0.90;0.00;0.0000;0.0000;1
1;1;Agent_3;orders came from the seed rule base (rules as-is);0;0;R20[0.01] A1[0.04];0.00;0.00;0.00;0.00;0.00;0.00;0.75;0.00;0.0000;0.0000;1
2;2;Agent_1;orders came from the seed rule base (rules as-is);0;0;;0.00;0.00;0.00;0.00;0.00;0.00;0.79;0.01;0.0316;0.0316;1
2;2;Agent_2;orders came from the seed rule base (rules as-is);0;0;R20[0.16] A1[0.45];0.00;0.16;0.00;0.39;0.27;0.00;0.91;0.06;0.0316;0.0316;1
2;2;Agent_3;orders came from the seed rule base (rules as-is);0;0;R20[0.01] A1[0.04];0.00;0.00;0.00;0.00;0.00;0.00;0.76;0.12;0.0316;0.0316;1
3;3;Agent_1;orders came from the seed rule base (rules as-is);0;0;;0.00;0.00;0.00;0.00;0.00;0.00;0.81;0.01;0.0316;0.0316;1
3;3;Agent_2;orders came from the seed rule base (rules as-is);0;0;R20[0.14] A1[0.41];0.00;0.14;0.00;0.37;0.25;0.00;0.92;0.06;0.0316;0.0316;1
3;3;Agent_3;orders came from the seed rule base (rules as-is);0;0;R20[0.01] A1[0.04];0.00;0.00;0.00;0.00;0.00;0.00;0.76;0.12;0.0316;0.0316;1
4;4;Agent_1;orders came from the seed rule base (rules as-is);0;0;;0.00;0.00;0.00;0.00;0.00;0.00;0.82;0.01;0.0322;0.0322;1
4;4;Agent_2;orders came from the seed rule base (rules as-is);0;0;R20[0.14] A1[0.39];0.00;0.14;0.00;0.34;0.23;0.00;0.92;0.06;0.0322;0.0322;1
4;4;Agent_3;orders came from the seed rule base (rules as-is);0;0;R20[0.01] A1[0.04];0.00;0.00;0.00;0.00;0.00;0.00;0.76;0.12;0.0322;0.0322;1
5;5;Agent_1;orders came from the seed rule base (rules as-is);0;0;;0.00;0.00;0.00;0.00;0.00;0.00;0.84;0.01;0.0332;0.0332;1
5;5;Agent_2;orders came from the seed rule base (rules as-is);0;0;R20[0.13] A1[0.36];0.00;0.13;0.00;0.32;0.22;0.00;0.93;0.06;0.0332;0.0332;1
5;5;Agent_3;orders came from the seed rule base (rules as-is);0;0;R20[0.01] A1[0.04];0.00;0.00;0.00;0.00;0.00;0.00;0.76;0.12;0.0332;0.0332;1
6;6;Agent_1;orders came from the seed rule base (rules as-is);0;0;;0.00;0.00;0.00;0.00;0.00;0.00;0.85;0.01;0.0358;0.0358;1
6;6;Agent_2;orders came from the seed rule base (rules as-is);0;0;R20[0.12] A1[0.34];0.00;0.12;0.00;0.30;0.20;0.00;0.93;0.06;0.0358;0.0358;1
6;6;Agent_3;orders came from the seed rule base (rules as-is);0;0;R20[0.01] A1[0.04];0.00;0.00;0.00;0.00;0.00;0.00;0.77;0.12;0.0358;0.0358;1
7;7;Agent_1;orders came from the seed rule base (rules as-is);0;0;;0.00;0.00;0.00;0.00;0.00;0.00;0.87;0.01;0.0389;0.0389;1
7;7;Agent_2;orders came from the seed rule base (rules as-is);0;0;R20[0.11] A1[0.32];0.00;0.11;0.00;0.29;0.19;0.00;0.94;0.06;0.0389;0.0389;1
7;7;Agent_3;orders came from the seed rule base (rules as-is);0;0;A1[0.04];0.00;0.00;0.00;0.00;0.00;0.00;0.77;0.12;0.0389;0.0389;1
8;8;Agent_1;orders came from the seed rule base (rules as-is);0;0;;0.00;0.00;0.00;0.00;0.00;0.00;0.88;0.01;0.0404;0.0404;1
8;8;Agent_2;orders came from the seed rule base (rules as-is);0;0;R20[0.11] A1[0.31];0.00;0.11;0.00;0.27;0.19;0.00;0.94;0.06;0.0404;0.0404;1
8;8;Agent_3;orders came from the seed rule base (rules as-is);0;0;A1[0.04];0.00;0.00;0.00;0.00;0.00;0.00;0.77;0.12;0.0404;0.0404;1
9;9;Agent_1;orders came from the seed rule base (rules as-is);0;0;;0.00;0.00;0.00;0.00;0.00;0.00;0.89;0.01;0.0423;0.0423;1
9;9;Agent_2;orders came from the seed rule base (rules as-is);0;0;R20[0.10] A1[0.30];0.00;0.10;0.00;0.26;0.18;0.00;0.94;0.06;0.0423;0.0423;1
9;9;Agent_3;orders came from the seed rule base (rules as-is);0;0;A1[0.04];0.00;0.00;0.00;0.00;0.00;0.00;0.77;0.12;0.0423;0.0423;1
10;10;Agent_1;orders came from the seed rule base (rules as-is);0;0;;0.00;0.00;0.00;0.00;0.00;0.00;0.89;0.01;0.0555;0.0438;1
10;10;Agent_2;orders came from the seed rule base (rules as-is);0;0;R20[0.11] R26[0.02] A1[0.29];0.02;0.13;0.00;0.26;0.18;0.00;0.95;0.06;0.0555;0.0438;1
10;10;Agent_3;orders came from the seed rule base (rules as-is);0;0;R20[0.03] R26[0.04] A1[0.07];0.04;0.06;0.00;0.06;0.04;0.00;0.78;0.12;0.0555;0.0438;1
11;11;Agent_1;orders came from the seed rule base (rules as-is);0;0;;0.00;0.00;0.00;0.00;0.00;0.00;0.90;0.01;0.0560;0.0387;1
11;11;Agent_2;orders came from the seed rule base (rules as-is);0;0;R20[0.12] R26[0.04] A1[0.29];0.04;0.15;0.00;0.25;0.17;0.00;0.95;0.06;0.0560;0.0387;1
11;11;Agent_3;orders came from the seed rule base (rules as-is);0;0;R20[0.04] R26[0.07] A1[0.08];0.07;0.10;0.00;0.07;0.05;0.00;0.77;0.11;0.0560;0.0387;1
12;12;Agent_1;orders came from the seed rule base (rules as-is);0;0;;0.00;0.00;0.00;0.00;0.00;0.00;0.91;0.01;0.0561;0.0375;1
12;12;Agent_2;orders came from the seed rule base (rules as-is);0;0;R20[0.12] R26[0.05] A1[0.28];0.05;0.16;0.00;0.25;0.17;0.00;0.96;0.06;0.0561;0.0375;1
12;12;Agent_3;orders came from the seed rule base (rules as-is);0;0;R20[0.06] R26[0.10] A1[0.09];0.10;0.14;0.00;0.08;0.05;0.00;0.77;0.11;0.0561;0.0375;1
13;13;Agent_1;orders came from the seed rule base (rules as-is);0;0;;0.00;0.00;0.00;0.00;0.00;0.00;0.91;0.01;0.0552;0.0368;0
13;13;Agent_2;orders came from the seed rule base (rules as-is);0;0;R20[0.12] R26[0.07] A1[0.28];0.07;0.18;0.00;0.25;0.17;0.00;0.96;0.06;0.0552;0.0368;1
13;13;Agent_3;orders came from the seed rule base (rules as-is);0;0;R20[0.07] R26[0.12] A1[0.10];0.12;0.16;0.00;0.09;0.06;0.00;0.77;0.11;0.0552;0.0368;1
14;14;Agent_1;orders came from the seed rule base (rules as-is);0;0;;0.00;0.00;0.00;0.00;0.00;0.00;0.92;0.01;0.0562;0.0375;0
14;14;Agent_2;orders came from the seed rule base (rules as-is);0;0;R20[0.13] R26[0.08] A1[0.28];0.08;0.19;0.00;0.24;0.17;0.00;0.96;0.06;0.0562;0.0375;1
14;14;Agent_3;orders came from the seed rule base (rules as-is);0;0;R20[0.07] R26[0.14] A1[0.10];0.14;0.18;0.00;0.09;0.06;0.00;0.77;0.11;0.0562;0.0375;1
15;15;Agent_1;orders came from the seed rule base (rules as-is);0;0;;0.00;0.00;0.00;0.00;0.00;0.00;0.91;0.01;0.0552;0.0382;0
15;15;Agent_2;orders came from the seed rule base (rules as-is);0;0;R20[0.13] R26[0.09] A1[0.32];0.09;0.20;0.00;0.28;0.19;0.00;0.95;0.06;0.0552;0.0382;1
15;15;Agent_3;orders came from the seed rule base (rules as-is);0;0;R20[0.08] R26[0.15] A1[0.10];0.15;0.20;0.00;0.09;0.06;0.00;0.77;0.11;0.0552;0.0382;1
16;16;Agent_1;orders came from the seed rule base (rules as-is);0;0;A1[0.01];0.00;0.00;0.00;0.00;0.00;0.00;0.90;0.01;0.0552;0.0383;0
16;16;Agent_2;orders came from the seed rule base (rules as-is);0;0;R20[0.13] R26[0.09] A1[0.35];0.09;0.21;0.00;0.31;0.21;0.00;0.95;0.06;0.0552;0.0383;1
16;16;Agent_3;orders came from the seed rule base (rules as-is);0;0;R20[0.09] R26[0.16] A1[0.11];0.16;0.21;0.00;0.09;0.06;0.00;0.77;0.11;0.0552;0.0383;1
17;17;Agent_1;orders came from the seed rule base (rules as-is);0;0;A1[0.02];0.00;0.00;0.00;0.00;0.00;0.00;0.90;0.01;0.0553;0.0384;0
17;17;Agent_2;orders came from the seed rule base (rules as-is);0;0;R20[0.14] R26[0.10] A1[0.37];0.10;0.22;0.00;0.33;0.22;0.00;0.95;0.06;0.0553;0.0384;1
17;17;Agent_3;orders came from the seed rule base (rules as-is);0;0;R20[0.09] R26[0.17] A1[0.11];0.17;0.22;0.00;0.09;0.06;0.00;0.77;0.11;0.0553;0.0384;1
18;18;Agent_1;orders came from the seed rule base (rules as-is);0;0;A1[0.02];0.00;0.00;0.00;0.00;0.00;0.00;0.89;0.01;0.0553;0.0395;0
18;18;Agent_2;orders came from the seed rule base (rules as-is);0;0;R20[0.14] R26[0.11] A1[0.39];0.11;0.22;0.00;0.34;0.23;0.00;0.95;0.06;0.0553;0.0395;1
18;18;Agent_3;orders came from the seed rule base (rules as-is);0;0;R20[0.09] R26[0.17] A1[0.11];0.17;0.23;0.00;0.10;0.07;0.00;0.77;0.11;0.0553;0.0395;1
19;19;Agent_1;orders came from the seed rule base (rules as-is);0;0;A1[0.02];0.00;0.00;0.00;0.00;0.00;0.00;0.89;0.01;0.0554;0.0401;0
19;19;Agent_2;orders came from the seed rule base (rules as-is);0;0;R20[0.14] R26[0.11] A1[0.40];0.11;0.23;0.00;0.35;0.24;0.00;0.94;0.06;0.0554;0.0401;1
19;19;Agent_3;orders came from the seed rule base (rules as-is);0;0;R20[0.09] R26[0.18] A1[0.11];0.18;0.24;0.00;0.10;0.07;0.00;0.77;0.11;0.0554;0.0401;1
20;20;Agent_1;orders came from the seed rule base (rules as-is);0;0;R26[0.01] A1[0.05];0.01;0.01;0.00;0.05;0.03;0.00;0.81;0.11;0.0565;0.0397;0
20;20;Agent_2;orders came from the seed rule base (rules as-is);0;0;R20[0.15] R26[0.13] A1[0.54];0.13;0.25;0.00;0.48;0.33;0.00;0.93;0.11;0.0565;0.0397;1
20;20;Agent_3;orders came from the seed rule base (rules as-is);0;0;R20[0.10] R26[0.18] A1[0.12];0.18;0.24;0.00;0.10;0.07;0.00;0.75;0.11;0.0565;0.0397;1
21;21;Agent_1;orders came from the seed rule base (rules as-is);0;0;R20[0.01] R26[0.01] A1[0.06];0.01;0.02;0.00;0.06;0.04;0.00;0.77;0.11;0.0570;0.0403;1
21;21;Agent_2;orders came from the seed rule base (rules as-is);0;0;R20[0.16] R26[0.14] A1[0.60];0.14;0.28;0.00;0.53;0.36;0.00;0.92;0.11;0.0570;0.0403;1
21;21;Agent_3;orders came from the seed rule base (rules as-is);0;0;R20[0.10] R26[0.18] A1[0.12];0.18;0.24;0.00;0.10;0.07;0.00;0.75;0.11;0.0570;0.0403;1
22;22;Agent_1;orders came from the seed rule base (rules as-is);0;0;R20[0.02] R26[0.02] A1[0.07];0.02;0.03;0.00;0.06;0.04;0.00;0.75;0.11;0.0600;0.0414;1
22;22;Agent_2;orders came from the seed rule base (rules as-is);0;0;R20[0.17] R26[0.15] A1[0.62];0.15;0.29;0.00;0.55;0.37;0.00;0.92;0.11;0.0600;0.0414;1
22;22;Agent_3;orders came from the seed rule base (rules as-is);0;0;R20[0.10] R26[0.19] A1[0.12];0.19;0.25;0.00;0.11;0.07;0.00;0.75;0.11;0.0600;0.0414;1
23;23;Agent_1;orders came from the seed rule base (rules as-is);0;0;R20[0.02] R26[0.02] A1[0.07];0.02;0.03;0.00;0.06;0.04;0.00;0.74;0.10;0.0604;0.0410;1
23;23;Agent_2;orders came from the seed rule base (rules as-is);0;0;R20[0.18] R26[0.16] A1[0.63];0.16;0.31;0.00;0.55;0.38;0.00;0.91;0.10;0.0604;0.0410;1
23;23;Agent_3;orders came from the seed rule base (rules as-is);0;0;R20[0.10] R26[0.19] A1[0.12];0.19;0.25;0.00;0.11;0.07;0.00;0.75;0.10;0.0604;0.0410;1
24;24;Agent_1;orders came from the seed rule base (rules as-is);0;0;R20[0.02] R26[0.02] A1[0.07];0.02;0.04;0.00;0.06;0.04;0.00;0.74;0.10;0.0604;0.0410;1
24;24;Agent_2;orders came from the seed rule base (rules as-is);0;0;R20[0.18] R26[0.17] A1[0.63];0.17;0.32;0.00;0.56;0.38;0.00;0.91;0.10;0.0604;0.0410;1
24;24;Agent_3;orders came from the seed rule base (rules as-is);0;0;R20[0.10] R26[0.19] A1[0.12];0.19;0.25;0.00;0.11;0.07;0.00;0.75;0.10;0.0604;0.0410;1
25;25;Agent_1;orders came from the seed rule base (rules as-is);0;0;R20[0.02] R26[0.02] A1[0.07];0.02;0.04;0.00;0.06;0.04;0.00;0.73;0.10;0.0604;0.0411;1
25;25;Agent_2;orders came from the seed rule base (rules as-is);0;0;R20[0.19] R26[0.17] A1[0.63];0.17;0.32;0.00;0.56;0.38;0.00;0.91;0.10;0.0604;0.0411;1
25;25;Agent_3;orders came from the seed rule base (rules as-is);0;0;R20[0.10] R26[0.19] A1[0.12];0.19;0.25;0.00;0.11;0.07;0.00;0.75;0.10;0.0604;0.0411;1
26;26;Agent_1;orders came from the seed rule base (rules as-is);0;0;R20[0.02] R26[0.03] A1[0.07];0.03;0.04;0.00;0.06;0.04;0.00;0.73;0.10;0.0605;0.0412;1
26;26;Agent_2;orders came from the seed rule base (rules as-is);0;0;R20[0.19] R26[0.18] A1[0.63];0.18;0.33;0.00;0.56;0.38;0.00;0.91;0.10;0.0605;0.0412;1
26;26;Agent_3;orders came from the seed rule base (rules as-is);0;0;R20[0.10] R26[0.19] A1[0.12];0.19;0.25;0.00;0.11;0.07;0.00;0.75;0.10;0.0605;0.0412;1
27;27;Agent_1;orders came from the seed rule base (rules as-is);0;0;R20[0.02] R26[0.03] A1[0.07];0.03;0.05;0.00;0.06;0.04;0.00;0.73;0.10;0.0605;0.0412;1
27;27;Agent_2;orders came from the seed rule base (rules as-is);0;0;R20[0.19] R26[0.18] A1[0.63];0.18;0.34;0.00;0.56;0.38;0.00;0.91;0.10;0.0605;0.0412;1
27;27;Agent_3;orders came from the seed rule base (rules as-is);0;0;R20[0.10] R26[0.19] A1[0.12];0.19;0.25;0.00;0.11;0.07;0.00;0.75;0.10;0.0605;0.0412;1
28;28;Agent_1;orders came from the seed rule base (rules as-is);0;0;R20[0.04] R26[0.06] A1[0.07];0.06;0.08;0.00;0.06;0.04;0.00;0.73;0.10;0.0575;0.0413;1
28;28;Agent_2;orders came from the seed rule base (rules as-is);0;0;R20[0.19] R26[0.18] A1[0.63];0.18;0.34;0.00;0.56;0.38;0.00;0.91;0.10;0.0575;0.0413;1
28;28;Agent_3;orders came from the seed rule base (rules as-is);0;0;R20[0.10] R26[0.19] A1[0.12];0.19;0.25;0.00;0.11;0.07;0.00;0.75;0.10;0.0575;0.0413;1
29;29;Agent_1;orders came from the seed rule base (rules as-is);0;0;R20[0.05] R26[0.08] A1[0.07];0.08;0.11;0.00;0.06;0.04;0.00;0.74;0.10;0.0576;0.0415;1
29;29;Agent_2;orders came from the seed rule base (rules as-is);0;0;R20[0.20] R26[0.18] A1[0.63];0.18;0.34;0.00;0.56;0.38;0.00;0.91;0.10;0.0576;0.0415;1
29;29;Agent_3;orders came from the seed rule base (rules as-is);0;0;R20[0.10] R26[0.19] A1[0.12];0.19;0.25;0.00;0.11;0.07;0.00;0.75;0.10;0.0576;0.0415;1
30;30;Agent_1;orders came from the seed rule base (rules as-is);0;0;R20[0.05] R26[0.10] A1[0.07];0.10;0.14;0.00;0.06;0.04;0.00;0.74;0.10;0.0578;0.0418;1
30;30;Agent_2;orders came from the seed rule base (rules as-is);0;0;R20[0.20] R26[0.18] A1[0.63];0.18;0.34;0.00;0.56;0.38;0.00;0.91;0.10;0.0578;0.0418;1
30;30;Agent_3;orders came from the seed rule base (rules as-is);0;0;R20[0.10] R26[0.19] A1[0.12];0.19;0.25;0.00;0.11;0.07;0.00;0.75;0.10;0.0578;0.0418;1
31;31;Agent_1;orders came from the seed rule base (rules as-is);0;0;R20[0.06] R26[0.12] A1[0.07];0.12;0.16;0.00;0.06;0.04;0.00;0.74;0.10;0.0580;0.0420;1
31;31;Agent_2;orders came from the seed rule base (rules as-is);0;0;R20[0.20] R26[0.18] A1[0.63];0.18;0.34;0.00;0.56;0.38;0.00;0.91;0.10;0.0580;0.0420;1
31;31;Agent_3;orders came from the seed rule base (rules as-is);0;0;R20[0.10] R26[0.19] A1[0.12];0.19;0.25;0.00;0.11;0.07;0.00;0.75;0.10;0.0580;0.0420;1
32;32;Agent_1;orders came from the seed rule base (rules as-is);0;0;R20[0.07] R26[0.13] A1[0.07];0.13;0.17;0.00;0.06;0.04;0.00;0.74;0.10;0.0571;0.0417;1
32;32;Agent_2;orders came from the seed rule base (rules as-is);0;0;R20[0.20] R26[0.18] A1[0.63];0.18;0.35;0.00;0.56;0.38;0.00;0.91;0.10;0.0571;0.0417;1
32;32;Agent_3;orders came from the seed rule base (rules as-is);0;0;R20[0.10] R26[0.19] A1[0.12];0.19;0.25;0.00;0.11;0.07;0.00;0.75;0.10;0.0571;0.0417;1
33;33;Agent_1;orders came from the seed rule base (rules as-is);0;0;R20[0.07] R26[0.14] A1[0.07];0.14;0.18;0.00;0.06;0.04;0.00;0.74;0.10;0.0573;0.0419;1
33;33;Agent_2;orders came from the seed rule base (rules as-is);0;0;R20[0.20] R26[0.19] A1[0.63];0.19;0.35;0.00;0.56;0.38;0.00;0.91;0.10;0.0573;0.0419;1
33;33;Agent_3;orders came from the seed rule base (rules as-is);0;0;R20[0.10] R26[0.19] A1[0.12];0.19;0.25;0.00;0.11;0.07;0.00;0.75;0.10;0.0573;0.0419;1
34;34;Agent_1;orders came from the seed rule base (rules as-is);0;0;R20[0.07] R26[0.15] A1[0.07];0.15;0.19;0.00;0.06;0.04;0.00;0.75;0.10;0.0576;0.0422;1
34;34;Agent_2;orders came from the seed rule base (rules as-is);0;0;R20[0.20] R26[0.19] A1[0.63];0.19;0.35;0.00;0.56;0.38;0.00;0.91;0.10;0.0576;0.0422;1
34;34;Agent_3;orders came from the seed rule base (rules as-is);0;0;R20[0.10] R26[0.19] A1[0.12];0.19;0.25;0.00;0.11;0.07;0.00;0.75;0.10;0.0576;0.0422;1
35;35;Agent_1;orders came from the seed rule base (rules as-is);0;0;R20[0.08] R26[0.16] A1[0.07];0.16;0.20;0.00;0.06;0.04;0.00;0.75;0.10;0.0583;0.0419;1
35;35;Agent_2;orders came from the seed rule base (rules as-is);0;0;R20[0.20] R26[0.19] A1[0.63];0.19;0.35;0.00;0.56;0.38;0.00;0.91;0.10;0.0583;0.0419;1
35;35;Agent_3;orders came from the seed rule base (rules as-is);0;0;R20[0.10] R26[0.19] A1[0.12];0.19;0.25;0.00;0.11;0.07;0.00;0.75;0.10;0.0583;0.0419;1
36;36;Agent_1;orders came from the seed rule base (rules as-is);0;0;R20[0.08] R26[0.16] A1[0.07];0.16;0.21;0.00;0.06;0.04;0.00;0.75;0.09;0.0585;0.0421;1
36;36;Agent_2;orders came from the seed rule base (rules as-is);0;0;R20[0.20] R26[0.18] A1[0.63];0.18;0.34;0.00;0.56;0.38;0.00;0.91;0.09;0.0585;0.0421;1
36;36;Agent_3;orders came from the seed rule base (rules as-is);0;0;R20[0.10] R26[0.19] A1[0.12];0.19;0.25;0.00;0.11;0.07;0.00;0.75;0.09;0.0585;0.0421;1
37;37;Agent_1;orders came from the seed rule base (rules as-is);0;0;R20[0.08] R26[0.17] A1[0.07];0.17;0.21;0.00;0.06;0.04;0.00;0.75;0.09;0.0593;0.0423;1
37;37;Agent_2;orders came from the seed rule base (rules as-is);0;0;R20[0.20] R26[0.18] A1[0.63];0.18;0.34;0.00;0.56;0.38;0.00;0.91;0.09;0.0593;0.0423;1
37;37;Agent_3;orders came from the seed rule base (rules as-is);0;0;R20[0.10] R26[0.19] A1[0.12];0.19;0.25;0.00;0.11;0.07;0.00;0.75;0.09;0.0593;0.0423;1
38;38;Agent_1;orders came from the seed rule base (rules as-is);0;0;R20[0.08] R26[0.17] A1[0.07];0.17;0.22;0.00;0.06;0.04;0.00;0.75;0.09;0.0595;0.0420;1
38;38;Agent_2;orders came from the seed rule base (rules as-is);0;0;R20[0.20] R26[0.18] A1[0.63];0.18;0.34;0.00;0.56;0.38;0.00;0.91;0.09;0.0595;0.0420;1
38;38;Agent_3;orders came from the seed rule base (rules as-is);0;0;R20[0.10] R26[0.19] A1[0.12];0.19;0.25;0.00;0.11;0.07;0.00;0.75;0.09;0.0595;0.0420;1
39;39;Agent_1;orders came from the seed rule base (rules as-is);0;0;R20[0.08] R26[0.17] A1[0.07];0.17;0.22;0.00;0.06;0.04;0.00;0.75;0.09;0.0597;0.0423;1
39;39;Agent_2;orders came from the seed rule base (rules as-is);0;0;R20[0.20] R26[0.18] A1[0.63];0.18;0.34;0.00;0.56;0.38;0.00;0.91;0.09;0.0597;0.0423;1
39;39;Agent_3;orders came from the seed rule base (rules as-is);0;0;R20[0.10] R26[0.18] A1[0.12];0.18;0.24;0.00;0.11;0.07;0.00;0.75;0.09;0.0597;0.0423;1
40;40;Agent_1;orders came from the seed rule base (rules as-is);0;0;R20[0.08] R26[0.17] A1[0.07];0.17;0.22;0.00;0.06;0.04;0.00;0.75;0.09;0.0600;0.0415;1
40;40;Agent_2;orders came from the seed rule base (rules as-is);0;0;R20[0.19] R26[0.18] A1[0.63];0.18;0.34;0.00;0.56;0.38;0.00;0.91;0.09;0.0600;0.0415;1
40;40;Agent_3;orders came from the seed rule base (rules as-is);0;0;R20[0.10] R26[0.18] A1[0.12];0.18;0.24;0.00;0.11;0.07;0.00;0.75;0.09;0.0600;0.0415;1
41;41;Agent_1;orders came from the seed rule base (rules as-is);0;0;R20[0.08] R26[0.17] A1[0.07];0.17;0.22;0.00;0.06;0.04;0.00;0.75;0.09;0.0602;0.0412;1
41;41;Agent_2;orders came from the seed rule base (rules as-is);0;0;R20[0.19] R26[0.18] A1[0.63];0.18;0.34;0.00;0.56;0.38;0.00;0.91;0.09;0.0602;0.0412;1
41;41;Agent_3;orders came from the seed rule base (rules as-is);0;0;R20[0.10] R26[0.18] A1[0.12];0.18;0.24;0.00;0.11;0.07;0.00;0.75;0.09;0.0602;0.0412;1
42;42;Agent_1;orders came from the seed rule base (rules as-is);0;0;R20[0.08] R26[0.18] A1[0.07];0.18;0.22;0.00;0.06;0.04;0.00;0.75;0.09;0.0604;0.0419;1
42;42;Agent_2;orders came from the seed rule base (rules as-is);0;0;R20[0.19] R26[0.18] A1[0.63];0.18;0.34;0.00;0.56;0.38;0.00;0.91;0.09;0.0604;0.0419;1
42;42;Agent_3;orders came from the seed rule base (rules as-is);0;0;R20[0.10] R26[0.18] A1[0.12];0.18;0.24;0.00;0.11;0.07;0.00;0.75;0.09;0.0604;0.0419;1
43;43;Agent_1;orders came from the seed rule base (rules as-is);0;0;R20[0.08] R26[0.18] A1[0.07];0.18;0.23;0.00;0.06;0.04;0.00;0.75;0.09;0.0607;0.0411;1
43;43;Agent_2;orders came from the seed rule base (rules as-is);0;0;R20[0.19] R26[0.18] A1[0.63];0.18;0.34;0.00;0.55;0.37;0.00;0.91;0.09;0.0607;0.0411;1
43;43;Agent_3;orders came from the seed rule base (rules as-is);0;0;R20[0.09] R26[0.18] A1[0.12];0.18;0.24;0.00;0.11;0.07;0.00;0.75;0.09;0.0607;0.0411;1
44;44;Agent_1;orders came from the seed rule base (rules as-is);0;0;R20[0.08] R26[0.18] A1[0.07];0.18;0.23;0.00;0.06;0.04;0.00;0.75;0.09;0.0609;0.0419;1
44;44;Agent_2;orders came from the seed rule base (rules as-is);0;0;R20[0.19] R26[0.18] A1[0.62];0.18;0.34;0.00;0.54;0.37;0.00;0.91;0.09;0.0609;0.0419;1
44;44;Agent_3;orders came from the seed rule base (rules as-is);0;0;R20[0.09] R26[0.18] A1[0.12];0.18;0.24;0.00;0.11;0.07;0.00;0.75;0.09;0.0609;0.0419;1
45;45;Agent_1;orders came from the seed rule base (rules as-is);0;0;R20[0.08] R26[0.18] A1[0.07];0.18;0.23;0.00;0.06;0.04;0.00;0.75;0.09;0.0612;0.0416;1
45;45;Agent_2;orders came from the seed rule base (rules as-is);0;0;R20[0.19] R26[0.18] A1[0.61];0.18;0.33;0.00;0.53;0.36;0.00;0.90;0.09;0.0612;0.0416;1
45;45;Agent_3;orders came from the seed rule base (rules as-is);0;0;R20[0.09] R26[0.18] A1[0.12];0.18;0.24;0.00;0.11;0.07;0.00;0.75;0.09;0.0612;0.0416;1
46;46;Agent_1;orders came from the seed rule base (rules as-is);0;0;R20[0.08] R26[0.18] A1[0.07];0.18;0.23;0.00;0.06;0.04;0.00;0.75;0.09;0.0614;0.0418;1
46;46;Agent_2;orders came from the seed rule base (rules as-is);0;0;R20[0.19] R26[0.18] A1[0.60];0.18;0.33;0.00;0.53;0.36;0.00;0.90;0.09;0.0614;0.0418;1
46;46;Agent_3;orders came from the seed rule base (rules as-is);0;0;R20[0.09] R26[0.18] A1[0.12];0.18;0.24;0.00;0.11;0.07;0.00;0.75;0.09;0.0614;0.0418;1
47;47;Agent_1;orders came from the seed rule base (rules as-is);0;0;R20[0.08] R26[0.18] A1[0.07];0.18;0.23;0.00;0.06;0.04;0.00;0.75;0.09;0.0616;0.0420;1
47;47;Agent_2;orders came from the seed rule base (rules as-is);0;0;R20[0.19] R26[0.18] A1[0.59];0.18;0.33;0.00;0.52;0.35;0.00;0.90;0.09;0.0616;0.0420;1
47;47;Agent_3;orders came from the seed rule base (rules as-is);0;0;R20[0.09] R26[0.18] A1[0.12];0.18;0.24;0.00;0.11;0.07;0.00;0.75;0.09;0.0616;0.0420;1
48;48;Agent_1;orders came from the seed rule base (rules as-is);0;0;R20[0.08] R26[0.18] A1[0.07];0.18;0.23;0.00;0.06;0.04;0.00;0.75;0.09;0.0619;0.0422;1
48;48;Agent_2;orders came from the seed rule base (rules as-is);0;0;R20[0.18] R26[0.18] A1[0.58];0.18;0.33;0.00;0.51;0.34;0.00;0.90;0.09;0.0619;0.0422;1
48;48;Agent_3;orders came from the seed rule base (rules as-is);0;0;R20[0.09] R26[0.18] A1[0.12];0.18;0.24;0.00;0.11;0.07;0.00;0.75;0.09;0.0619;0.0422;1
49;49;Agent_1;orders came from the seed rule base (rules as-is);0;0;R20[0.08] R26[0.18] A1[0.07];0.18;0.22;0.00;0.06;0.04;0.00;0.75;0.09;0.0616;0.0419;1
49;49;Agent_2;orders came from the seed rule base (rules as-is);0;0;R20[0.18] R26[0.18] A1[0.57];0.18;0.32;0.00;0.50;0.34;0.00;0.89;0.09;0.0616;0.0419;1
49;49;Agent_3;orders came from the seed rule base (rules as-is);0;0;R20[0.09] R26[0.18] A1[0.12];0.18;0.23;0.00;0.11;0.07;0.00;0.75;0.09;0.0616;0.0419;1
50;50;Agent_1;orders came from the seed rule base (rules as-is);0;0;R20[0.08] R26[0.18] A1[0.07];0.18;0.22;0.00;0.06;0.04;0.00;0.75;0.09;0.0618;0.0416;1
50;50;Agent_2;orders came from the seed rule base (rules as-is);0;0;R20[0.18] R26[0.18] A1[0.56];0.18;0.32;0.00;0.49;0.33;0.00;0.89;0.09;0.0618;0.0416;1
50;50;Agent_3;orders came from the seed rule base (rules as-is);0;0;R20[0.09] R26[0.18] A1[0.12];0.18;0.23;0.00;0.11;0.07;0.00;0.75;0.09;0.0618;0.0416;1
51;51;Agent_1;orders came from the seed rule base (rules as-is);0;0;R20[0.08] R26[0.17] A1[0.07];0.17;0.22;0.00;0.06;0.04;0.00;0.75;0.08;0.0621;0.0419;1
51;51;Agent_2;orders came from the seed rule base (rules as-is);0;0;R20[0.18] R26[0.18] A1[0.55];0.18;0.32;0.00;0.48;0.33;0.00;0.89;0.08;0.0621;0.0419;1
51;51;Agent_3;orders came from the seed rule base (rules as-is);0;0;R20[0.09] R26[0.18] A1[0.12];0.18;0.23;0.00;0.11;0.07;0.00;0.75;0.08;0.0621;0.0419;1
52;52;Agent_1;orders came from the seed rule base (rules as-is);0;0;R20[0.08] R26[0.17] A1[0.07];0.17;0.22;0.00;0.06;0.04;0.00;0.75;0.08;0.0623;0.0421;1
52;52;Agent_2;orders came from the seed rule base (rules as-is);0;0;R20[0.17] R26[0.18] A1[0.54];0.18;0.32;0.00;0.48;0.32;0.00;0.89;0.08;0.0623;0.0421;1
52;52;Agent_3;orders came from the seed rule base (rules as-is);0;0;R20[0.09] R26[0.18] A1[0.12];0.18;0.23;0.00;0.11;0.07;0.00;0.75;0.08;0.0623;0.0421;1
53;53;Agent_1;orders came from the seed rule base (rules as-is);0;0;R20[0.08] R26[0.17] A1[0.07];0.17;0.22;0.00;0.06;0.04;0.00;0.75;0.08;0.0626;0.0423;1
53;53;Agent_2;orders came from the seed rule base (rules as-is);0;0;R20[0.17] R26[0.17] A1[0.53];0.17;0.31;0.00;0.47;0.32;0.00;0.88;0.08;0.0626;0.0423;1
53;53;Agent_3;orders came from the seed rule base (rules as-is);0;0;R20[0.09] R26[0.17] A1[0.12];0.17;0.23;0.00;0.11;0.07;0.00;0.75;0.08;0.0626;0.0423;1
54;54;Agent_1;orders came from the seed rule base (rules as-is);0;0;R20[0.08] R26[0.17] A1[0.07];0.17;0.22;0.00;0.06;0.04;0.00;0.75;0.08;0.0628;0.0425;1
54;54;Agent_2;orders came from the seed rule base (rules as-is);0;0;R20[0.17] R26[0.17] A1[0.52];0.17;0.31;0.00;0.46;0.31;0.00;0.88;0.08;0.0628;0.0425;1
54;54;Agent_3;orders came from the seed rule base (rules as-is);0;0;R20[0.09] R26[0.17] A1[0.12];0.17;0.23;0.00;0.11;0.07;0.00;0.76;0.08;0.0628;0.0425;1
55;55;Agent_1;orders came from the seed rule base (rules as-is);0;0;R20[0.08] R26[0.17] A1[0.07];0.17;0.22;0.00;0.06;0.04;0.00;0.75;0.08;0.0630;0.0428;1
55;55;Agent_2;orders came from the seed rule base (rules as-is);0;0;R20[0.17] R26[0.17] A1[0.52];0.17;0.31;0.00;0.45;0.31;0.00;0.88;0.08;0.0630;0.0428;1
55;55;Agent_3;orders came from the seed rule base (rules as-is);0;0;R20[0.09] R26[0.17] A1[0.12];0.17;0.23;0.00;0.11;0.07;0.00;0.76;0.08;0.0630;0.0428;1
56;56;Agent_1;orders came from the seed rule base (rules as-is);0;0;R20[0.08] R26[0.17] A1[0.07];0.17;0.22;0.00;0.06;0.04;0.00;0.75;0.08;0.0633;0.0435;1
56;56;Agent_2;orders came from the seed rule base (rules as-is);0;0;R20[0.17] R26[0.17] A1[0.51];0.17;0.30;0.00;0.45;0.30;0.00;0.88;0.08;0.0633;0.0435;1
56;56;Agent_3;orders came from the seed rule base (rules as-is);0;0;R20[0.09] R26[0.17] A1[0.12];0.17;0.23;0.00;0.11;0.07;0.00;0.76;0.08;0.0633;0.0435;1
57;57;Agent_1;orders came from the seed rule base (rules as-is);0;0;R20[0.08] R26[0.17] A1[0.07];0.17;0.22;0.00;0.06;0.04;0.00;0.75;0.08;0.0635;0.0437;1
57;57;Agent_2;orders came from the seed rule base (rules as-is);0;0;R20[0.16] R26[0.17] A1[0.50];0.17;0.30;0.00;0.44;0.30;0.00;0.88;0.08;0.0635;0.0437;1
57;57;Agent_3;orders came from the seed rule base (rules as-is);0;0;R20[0.09] R26[0.17] A1[0.12];0.17;0.23;0.00;0.11;0.07;0.00;0.76;0.08;0.0635;0.0437;1
58;58;Agent_1;orders came from the seed rule base (rules as-is);0;0;R20[0.08] R26[0.17] A1[0.07];0.17;0.22;0.00;0.06;0.04;0.00;0.75;0.08;0.0643;0.0445;1
58;58;Agent_2;orders came from the seed rule base (rules as-is);0;0;R20[0.16] R26[0.17] A1[0.50];0.17;0.30;0.00;0.44;0.30;0.00;0.88;0.08;0.0643;0.0445;1
58;58;Agent_3;orders came from the seed rule base (rules as-is);0;0;R20[0.09] R26[0.17] A1[0.12];0.17;0.23;0.00;0.11;0.07;0.00;0.76;0.08;0.0643;0.0445;1
59;59;Agent_1;orders came from the seed rule base (rules as-is);0;0;R20[0.08] R26[0.17] A1[0.07];0.17;0.22;0.00;0.06;0.04;0.00;0.75;0.08;0.0645;0.0447;1
59;59;Agent_2;orders came from the seed rule base (rules as-is);0;0;R20[0.16] R26[0.17] A1[0.50];0.17;0.30;0.00;0.44;0.30;0.00;0.88;0.08;0.0645;0.0447;1
59;59;Agent_3;orders came from the seed rule base (rules as-is);0;0;R20[0.09] R26[0.17] A1[0.12];0.17;0.22;0.00;0.11;0.07;0.00;0.76;0.08;0.0645;0.0447;1
60;60;Agent_1;orders came from the seed rule base (rules as-is);0;0;R20[0.08] R26[0.17] A1[0.07];0.17;0.22;0.00;0.06;0.04;0.00;0.76;0.08;0.0648;0.0449;1
60;60;Agent_2;orders came from the seed rule base (rules as-is);0;0;R20[0.16] R26[0.17] A1[0.50];0.17;0.30;0.00;0.44;0.30;0.00;0.88;0.08;0.0648;0.0449;1
60;60;Agent_3;orders came from the seed rule base (rules as-is);0;0;R20[0.09] R26[0.17] A1[0.12];0.17;0.22;0.00;0.11;0.07;0.00;0.76;0.08;0.0648;0.0449;1
61;61;Agent_1;orders came from the seed rule base (rules as-is);0;0;R20[0.08] R26[0.17] A1[0.07];0.17;0.22;0.00;0.06;0.04;0.00;0.76;0.08;0.0650;0.0451;1
61;61;Agent_2;orders came from the seed rule base (rules as-is);0;0;R20[0.16] R26[0.17] A1[0.50];0.17;0.29;0.00;0.44;0.30;0.00;0.88;0.08;0.0650;0.0451;1
61;61;Agent_3;orders came from the seed rule base (rules as-is);0;0;R20[0.09] R26[0.17] A1[0.12];0.17;0.22;0.00;0.11;0.07;0.00;0.76;0.08;0.0650;0.0451;1
62;62;Agent_1;orders came from the seed rule base (rules as-is);0;0;R20[0.08] R26[0.17] A1[0.07];0.17;0.21;0.00;0.06;0.04;0.00;0.76;0.08;0.0652;0.0453;1
62;62;Agent_2;orders came from the seed rule base (rules as-is);0;0;R20[0.16] R26[0.17] A1[0.50];0.17;0.29;0.00;0.44;0.30;0.00;0.88;0.08;0.0652;0.0453;1
62;62;Agent_3;orders came from the seed rule base (rules as-is);0;0;R20[0.09] R26[0.17] A1[0.12];0.17;0.22;0.00;0.11;0.07;0.00;0.76;0.08;0.0652;0.0453;1
63;63;Agent_1;orders came from the seed rule base (rules as-is);0;0;R20[0.08] R26[0.17] A1[0.07];0.17;0.21;0.00;0.06;0.04;0.00;0.76;0.08;0.0660;0.0461;1
63;63;Agent_2;orders came from the seed rule base (rules as-is);0;0;R20[0.16] R26[0.17] A1[0.50];0.17;0.29;0.00;0.44;0.30;0.00;0.88;0.08;0.0660;0.0461;1
63;63;Agent_3;orders came from the seed rule base (rules as-is);0;0;R20[0.09] R26[0.17] A1[0.12];0.17;0.22;0.00;0.11;0.07;0.00;0.76;0.08;0.0660;0.0461;1
64;64;Agent_1;orders came from the seed rule base (rules as-is);0;0;R20[0.08] R26[0.17] A1[0.07];0.17;0.21;0.00;0.06;0.04;0.00;0.76;0.08;0.0662;0.0463;1
64;64;Agent_2;orders came from the seed rule base (rules as-is);0;0;R20[0.15] R26[0.17] A1[0.50];0.17;0.29;0.00;0.44;0.30;0.00;0.88;0.08;0.0662;0.0463;1
64;64;Agent_3;orders came from the seed rule base (rules as-is);0;0;R20[0.09] R26[0.17] A1[0.12];0.17;0.22;0.00;0.11;0.07;0.00;0.76;0.08;0.0662;0.0463;1
65;65;Agent_1;orders came from the seed rule base (rules as-is);0;0;R20[0.08] R26[0.17] A1[0.07];0.17;0.21;0.00;0.06;0.04;0.00;0.76;0.08;0.0671;0.0465;1
65;65;Agent_2;orders came from the seed rule base (rules as-is);0;0;R20[0.15] R26[0.17] A1[0.50];0.17;0.29;0.00;0.44;0.30;0.00;0.88;0.08;0.0671;0.0465;1
65;65;Agent_3;orders came from the seed rule base (rules as-is);0;0;R20[0.09] R26[0.17] A1[0.12];0.17;0.22;0.00;0.11;0.07;0.00;0.76;0.08;0.0671;0.0465;1
66;66;Agent_1;orders came from the seed rule base (rules as-is);0;0;R20[0.08] R26[0.16] A1[0.07];0.16;0.21;0.00;0.06;0.04;0.00;0.76;0.08;0.0673;0.0467;1
66;66;Agent_2;orders came from the seed rule base (rules as-is);0;0;R20[0.15] R26[0.17] A1[0.50];0.17;0.28;0.00;0.44;0.30;0.00;0.88;0.08;0.0673;0.0467;1
66;66;Agent_3;orders came from the seed rule base (rules as-is);0;0;R20[0.09] R26[0.17] A1[0.12];0.17;0.22;0.00;0.11;0.07;0.00;0.76;0.08;0.0673;0.0467;1
67;67;Agent_1;orders came from the seed rule base (rules as-is);0;0;R20[0.08] R26[0.16] A1[0.07];0.16;0.21;0.00;0.06;0.04;0.00;0.76;0.07;0.0659;0.0464;1
67;67;Agent_2;orders came from the seed rule base (rules as-is);0;0;R20[0.15] R26[0.16] A1[0.50];0.16;0.28;0.00;0.44;0.30;0.00;0.88;0.07;0.0659;0.0464;1
67;67;Agent_3;orders came from the seed rule base (rules as-is);0;0;R20[0.09] R26[0.16] A1[0.12];0.16;0.22;0.00;0.11;0.07;0.00;0.76;0.07;0.0659;0.0464;1
68;68;Agent_1;orders came from the seed rule base (rules as-is);0;0;R20[0.08] R26[0.16] A1[0.07];0.16;0.21;0.00;0.06;0.04;0.00;0.76;0.07;0.0667;0.0466;1
68;68;Agent_2;orders came from the seed rule base (rules as-is);0;0;R20[0.15] R26[0.16] A1[0.50];0.16;0.28;0.00;0.44;0.30;0.00;0.88;0.07;0.0667;0.0466;1
68;68;Agent_3;orders came from the seed rule base (rules as-is);0;0;R20[0.09] R26[0.16] A1[0.12];0.16;0.22;0.00;0.11;0.07;0.00;0.76;0.07;0.0667;0.0466;1
69;69;Agent_1;orders came from the seed rule base (rules as-is);0;0;R20[0.08] R26[0.16] A1[0.07];0.16;0.21;0.00;0.06;0.04;0.00;0.76;0.07;0.0669;0.0469;1
69;69;Agent_2;orders came from the seed rule base (rules as-is);0;0;R20[0.15] R26[0.16] A1[0.50];0.16;0.28;0.00;0.44;0.30;0.00;0.88;0.07;0.0669;0.0469;1
69;69;Agent_3;orders came from the seed rule base (rules as-is);0;0;R20[0.08] R26[0.16] A1[0.12];0.16;0.22;0.00;0.11;0.07;0.00;0.76;0.07;0.0669;0.0469;1
70;70;Agent_1;orders came from the seed rule base (rules as-is);0;0;R20[0.08] R26[0.16] A1[0.07];0.16;0.21;0.00;0.06;0.04;0.00;0.76;0.07;0.0672;0.0471;1
70;70;Agent_2;orders came from the seed rule base (rules as-is);0;0;R20[0.15] R26[0.16] A1[0.50];0.16;0.28;0.00;0.44;0.30;0.00;0.88;0.07;0.0672;0.0471;1
70;70;Agent_3;orders came from the seed rule base (rules as-is);0;0;R20[0.08] R26[0.16] A1[0.12];0.16;0.21;0.00;0.11;0.07;0.00;0.76;0.07;0.0672;0.0471;1
71;71;Agent_1;orders came from the seed rule base (rules as-is);0;0;R20[0.08] R26[0.16] A1[0.07];0.16;0.21;0.00;0.06;0.04;0.00;0.76;0.07;0.0674;0.0473;1
71;71;Agent_2;orders came from the seed rule base (rules as-is);0;0;R20[0.15] R26[0.16] A1[0.50];0.16;0.28;0.00;0.44;0.30;0.00;0.88;0.07;0.0674;0.0473;1
71;71;Agent_3;orders came from the seed rule base (rules as-is);0;0;R20[0.08] R26[0.16] A1[0.12];0.16;0.21;0.00;0.11;0.07;0.00;0.76;0.07;0.0674;0.0473;1
72;72;Agent_1;orders came from the seed rule base (rules as-is);0;0;R20[0.08] R26[0.16] A1[0.07];0.16;0.21;0.00;0.06;0.04;0.00;0.76;0.07;0.0677;0.0476;1
72;72;Agent_2;orders came from the seed rule base (rules as-is);0;0;R20[0.15] R26[0.16] A1[0.50];0.16;0.28;0.00;0.44;0.30;0.00;0.88;0.07;0.0677;0.0476;1
72;72;Agent_3;orders came from the seed rule base (rules as-is);0;0;R20[0.08] R26[0.16] A1[0.12];0.16;0.21;0.00;0.11;0.07;0.00;0.76;0.07;0.0677;0.0476;1
73;73;Agent_1;orders came from the seed rule base (rules as-is);0;0;R20[0.08] R26[0.16] A1[0.07];0.16;0.20;0.00;0.06;0.04;0.00;0.76;0.07;0.0679;0.0478;1
73;73;Agent_2;orders came from the seed rule base (rules as-is);0;0;R20[0.15] R26[0.16] A1[0.50];0.16;0.28;0.00;0.44;0.30;0.00;0.88;0.07;0.0679;0.0478;1
73;73;Agent_3;orders came from the seed rule base (rules as-is);0;0;R20[0.08] R26[0.16] A1[0.12];0.16;0.21;0.00;0.11;0.07;0.00;0.76;0.07;0.0679;0.0478;1
74;74;Agent_1;orders came from the seed rule base (rules as-is);0;0;R20[0.08] R26[0.16] A1[0.07];0.16;0.20;0.00;0.06;0.04;0.00;0.76;0.07;0.0681;0.0485;1
74;74;Agent_2;orders came from the seed rule base (rules as-is);0;0;R20[0.15] R26[0.16] A1[0.50];0.16;0.27;0.00;0.44;0.30;0.00;0.88;0.07;0.0681;0.0485;1
74;74;Agent_3;orders came from the seed rule base (rules as-is);0;0;R20[0.08] R26[0.16] A1[0.12];0.16;0.21;0.00;0.11;0.07;0.00;0.76;0.07;0.0681;0.0485;1
75;75;Agent_1;orders came from the seed rule base (rules as-is);0;0;R20[0.08] R26[0.16] A1[0.07];0.16;0.20;0.00;0.06;0.04;0.00;0.76;0.07;0.0684;0.0488;1
75;75;Agent_2;orders came from the seed rule base (rules as-is);0;0;R20[0.15] R26[0.16] A1[0.50];0.16;0.27;0.00;0.44;0.30;0.00;0.88;0.07;0.0684;0.0488;1
75;75;Agent_3;orders came from the seed rule base (rules as-is);0;0;R20[0.08] R26[0.16] A1[0.12];0.16;0.21;0.00;0.11;0.07;0.00;0.76;0.07;0.0684;0.0488;1
76;76;Agent_1;orders came from the seed rule base (rules as-is);0;0;R20[0.08] R26[0.16] A1[0.07];0.16;0.20;0.00;0.06;0.04;0.00;0.76;0.07;0.0673;0.0490;1
76;76;Agent_2;orders came from the seed rule base (rules as-is);0;0;R20[0.15] R26[0.16] A1[0.50];0.16;0.27;0.00;0.44;0.30;0.00;0.88;0.07;0.0673;0.0490;1
76;76;Agent_3;orders came from the seed rule base (rules as-is);0;0;R20[0.08] R26[0.16] A1[0.12];0.16;0.21;0.00;0.11;0.07;0.00;0.76;0.07;0.0673;0.0490;1
77;77;Agent_1;orders came from the seed rule base (rules as-is);0;0;R20[0.08] R26[0.16] A1[0.07];0.16;0.20;0.00;0.06;0.04;0.00;0.76;0.07;0.0675;0.0492;1
77;77;Agent_2;orders came from the seed rule base (rules as-is);0;0;R20[0.14] R26[0.16] A1[0.50];0.16;0.27;0.00;0.44;0.30;0.00;0.88;0.07;0.0675;0.0492;1
77;77;Agent_3;orders came from the seed rule base (rules as-is);0;0;R20[0.08] R26[0.16] A1[0.12];0.16;0.21;0.00;0.11;0.07;0.00;0.76;0.07;0.0675;0.0492;1
78;78;Agent_1;orders came from the seed rule base (rules as-is);0;0;R20[0.07] R26[0.16] A1[0.07];0.16;0.20;0.00;0.06;0.04;0.00;0.76;0.07;0.0677;0.0494;1
78;78;Agent_2;orders came from the seed rule base (rules as-is);0;0;R20[0.14] R26[0.16] A1[0.50];0.16;0.27;0.00;0.44;0.30;0.00;0.88;0.07;0.0677;0.0494;1
78;78;Agent_3;orders came from the seed rule base (rules as-is);0;0;R20[0.08] R26[0.16] A1[0.12];0.16;0.21;0.00;0.11;0.07;0.00;0.76;0.07;0.0677;0.0494;1
79;79;Agent_1;orders came from the seed rule base (rules as-is);0;0;R20[0.07] R26[0.16] A1[0.07];0.16;0.20;0.00;0.06;0.04;0.00;0.76;0.07;0.0679;0.0496;1
79;79;Agent_2;orders came from the seed rule base (rules as-is);0;0;R20[0.14] R26[0.16] A1[0.50];0.16;0.27;0.00;0.44;0.30;0.00;0.88;0.07;0.0679;0.0496;1
79;79;Agent_3;orders came from the seed rule base (rules as-is);0;0;R20[0.08] R26[0.16] A1[0.12];0.16;0.21;0.00;0.11;0.07;0.00;0.76;0.07;0.0679;0.0496;1
80;80;Agent_1;orders came from the seed rule base (rules as-is);0;0;R20[0.07] R26[0.15] A1[0.07];0.15;0.20;0.00;0.06;0.04;0.00;0.76;0.07;0.0682;0.0498;1
80;80;Agent_2;orders came from the seed rule base (rules as-is);0;0;R20[0.14] R26[0.15] A1[0.50];0.15;0.27;0.00;0.44;0.30;0.00;0.88;0.07;0.0682;0.0498;1
80;80;Agent_3;orders came from the seed rule base (rules as-is);0;0;R20[0.08] R26[0.15] A1[0.12];0.15;0.20;0.00;0.11;0.07;0.00;0.76;0.07;0.0682;0.0498;1
81;81;Agent_1;orders came from the seed rule base (rules as-is);0;0;R20[0.07] R26[0.15] A1[0.07];0.15;0.20;0.00;0.06;0.04;0.00;0.76;0.07;0.0684;0.0500;1
81;81;Agent_2;orders came from the seed rule base (rules as-is);0;0;R20[0.14] R26[0.15] A1[0.50];0.15;0.27;0.00;0.44;0.30;0.00;0.88;0.07;0.0684;0.0500;1
81;81;Agent_3;orders came from the seed rule base (rules as-is);0;0;R20[0.08] R26[0.15] A1[0.12];0.15;0.20;0.00;0.11;0.07;0.00;0.76;0.07;0.0684;0.0500;1
82;82;Agent_1;orders came from the seed rule base (rules as-is);0;0;R20[0.07] R26[0.15] A1[0.07];0.15;0.20;0.00;0.06;0.04;0.00;0.76;0.07;0.0686;0.0502;1
82;82;Agent_2;orders came from the seed rule base (rules as-is);0;0;R20[0.14] R26[0.15] A1[0.50];0.15;0.26;0.00;0.44;0.30;0.00;0.88;0.07;0.0686;0.0502;1
82;82;Agent_3;orders came from the seed rule base (rules as-is);0;0;R20[0.08] R26[0.15] A1[0.12];0.15;0.20;0.00;0.11;0.07;0.00;0.76;0.07;0.0686;0.0502;1
83;83;Agent_1;orders came from the seed rule base (rules as-is);0;0;R20[0.07] R26[0.15] A1[0.07];0.15;0.20;0.00;0.06;0.04;0.00;0.76;0.07;0.0688;0.0504;1
83;83;Agent_2;orders came from the seed rule base (rules as-is);0;0;R20[0.14] R26[0.15] A1[0.50];0.15;0.26;0.00;0.44;0.30;0.00;0.88;0.07;0.0688;0.0504;1
83;83;Agent_3;orders came from the seed rule base (rules as-is);0;0;R20[0.08] R26[0.15] A1[0.12];0.15;0.20;0.00;0.11;0.07;0.00;0.76;0.07;0.0688;0.0504;1
84;84;Agent_1;orders came from the seed rule base (rules as-is);0;0;R20[0.07] R26[0.15] A1[0.07];0.15;0.19;0.00;0.06;0.04;0.00;0.76;0.07;0.0690;0.0506;1
84;84;Agent_2;orders came from the seed rule base (rules as-is);0;0;R20[0.14] R26[0.15] A1[0.50];0.15;0.26;0.00;0.44;0.30;0.00;0.88;0.07;0.0690;0.0506;1
84;84;Agent_3;orders came from the seed rule base (rules as-is);0;0;R20[0.08] R26[0.15] A1[0.12];0.15;0.20;0.00;0.11;0.07;0.00;0.76;0.07;0.0690;0.0506;1
85;85;Agent_1;orders came from the seed rule base (rules as-is);0;0;R20[0.07] R26[0.15] A1[0.07];0.15;0.19;0.00;0.06;0.04;0.00;0.76;0.06;0.0692;0.0508;1
85;85;Agent_2;orders came from the seed rule base (rules as-is);0;0;R20[0.14] R26[0.15] A1[0.50];0.15;0.26;0.00;0.44;0.30;0.00;0.88;0.06;0.0692;0.0508;1
85;85;Agent_3;orders came from the seed rule base (rules as-is);0;0;R20[0.08] R26[0.15] A1[0.12];0.15;0.20;0.00;0.11;0.07;0.00;0.76;0.06;0.0692;0.0508;1
86;86;Agent_1;orders came from the seed rule base (rules as-is);0;0;R20[0.07] R26[0.15] A1[0.07];0.15;0.19;0.00;0.06;0.04;0.00;0.76;0.06;0.0694;0.0510;1
86;86;Agent_2;orders came from the seed rule base (rules as-is);0;0;R20[0.14] R26[0.15] A1[0.50];0.15;0.26;0.00;0.44;0.30;0.00;0.88;0.06;0.0694;0.0510;1
86;86;Agent_3;orders came from the seed rule base (rules as-is);0;0;R20[0.08] R26[0.15] A1[0.12];0.15;0.20;0.00;0.11;0.07;0.00;0.76;0.06;0.0694;0.0510;1
87;87;Agent_1;orders came from the seed rule base (rules as-is);0;0;R20[0.07] R26[0.15] A1[0.07];0.15;0.19;0.00;0.06;0.04;0.00;0.76;0.06;0.0696;0.0512;1
87;87;Agent_2;orders came from the seed rule base (rules as-is);0;0;R20[0.14] R26[0.15] A1[0.50];0.15;0.26;0.00;0.44;0.30;0.00;0.88;0.06;0.0696;0.0512;1
87;87;Agent_3;orders came from the seed rule base (rules as-is);0;0;R20[0.08] R26[0.15] A1[0.12];0.15;0.20;0.00;0.11;0.07;0.00;0.76;0.06;0.0696;0.0512;1
88;88;Agent_1;orders came from the seed rule base (rules as-is);0;0;R20[0.07] R26[0.15] A1[0.07];0.15;0.19;0.00;0.06;0.04;0.00;0.76;0.06;0.0703;0.0514;1
88;88;Agent_2;orders came from the seed rule base (rules as-is);0;0;R20[0.14] R26[0.15] A1[0.50];0.15;0.26;0.00;0.44;0.30;0.00;0.88;0.06;0.0703;0.0514;1
88;88;Agent_3;orders came from the seed rule base (rules as-is);0;0;R20[0.08] R26[0.15] A1[0.12];0.15;0.20;0.00;0.11;0.07;0.00;0.76;0.06;0.0703;0.0514;1
89;89;Agent_1;orders came from the seed rule base (rules as-is);0;0;R20[0.07] R26[0.15] A1[0.07];0.15;0.19;0.00;0.06;0.04;0.00;0.76;0.06;0.0704;0.0516;1
89;89;Agent_2;orders came from the seed rule base (rules as-is);0;0;R20[0.14] R26[0.15] A1[0.50];0.15;0.26;0.00;0.44;0.30;0.00;0.88;0.06;0.0704;0.0516;1
89;89;Agent_3;orders came from the seed rule base (rules as-is);0;0;R20[0.08] R26[0.15] A1[0.12];0.15;0.20;0.00;0.11;0.07;0.00;0.76;0.06;0.0704;0.0516;1
90;90;Agent_1;orders came from the seed rule base (rules as-is);0;0;R20[0.07] R26[0.15] A1[0.07];0.15;0.19;0.00;0.06;0.04;0.00;0.76;0.06;0.0706;0.0517;1
90;90;Agent_2;orders came from the seed rule base (rules as-is);0;0;R20[0.14] R26[0.15] A1[0.50];0.15;0.25;0.00;0.44;0.30;0.00;0.88;0.06;0.0706;0.0517;1
90;90;Agent_3;orders came from the seed rule base (rules as-is);0;0;R20[0.08] R26[0.15] A1[0.12];0.15;0.20;0.00;0.11;0.07;0.00;0.76;0.06;0.0706;0.0517;1
91;91;Agent_1;orders came from the seed rule base (rules as-is);0;0;R20[0.07] R26[0.15] A1[0.07];0.15;0.19;0.00;0.06;0.04;0.00;0.76;0.06;0.0710;0.0519;1
91;91;Agent_2;orders came from the seed rule base (rules as-is);0;0;R20[0.14] R26[0.15] A1[0.50];0.15;0.25;0.00;0.44;0.30;0.00;0.88;0.06;0.0710;0.0519;1
91;91;Agent_3;orders came from the seed rule base (rules as-is);0;0;R20[0.08] R26[0.15] A1[0.12];0.15;0.19;0.00;0.11;0.07;0.00;0.76;0.06;0.0710;0.0519;1
92;92;Agent_1;orders came from the seed rule base (rules as-is);0;0;R20[0.07] R26[0.15] A1[0.07];0.15;0.19;0.00;0.06;0.04;0.00;0.76;0.06;0.0712;0.0521;1
92;92;Agent_2;orders came from the seed rule base (rules as-is);0;0;R20[0.13] R26[0.15] A1[0.50];0.15;0.25;0.00;0.44;0.30;0.00;0.88;0.06;0.0712;0.0521;1
92;92;Agent_3;orders came from the seed rule base (rules as-is);0;0;R20[0.08] R26[0.15] A1[0.12];0.15;0.19;0.00;0.11;0.07;0.00;0.76;0.06;0.0712;0.0521;1
93;93;Agent_1;orders came from the seed rule base (rules as-is);0;0;R20[0.07] R26[0.15] A1[0.07];0.15;0.19;0.00;0.06;0.04;0.00;0.76;0.06;0.0712;0.0523;1
93;93;Agent_2;orders came from the seed rule base (rules as-is);0;0;R20[0.13] R26[0.15] A1[0.50];0.15;0.25;0.00;0.44;0.30;0.00;0.88;0.06;0.0712;0.0523;1
93;93;Agent_3;orders came from the seed rule base (rules as-is);0;0;R20[0.08] R26[0.15] A1[0.12];0.15;0.19;0.00;0.11;0.07;0.00;0.76;0.06;0.0712;0.0523;1
94;94;Agent_1;orders came from the seed rule base (rules as-is);0;0;R20[0.07] R26[0.15] A1[0.07];0.15;0.19;0.00;0.06;0.04;0.00;0.76;0.06;0.0711;0.0524;1
94;94;Agent_2;orders came from the seed rule base (rules as-is);0;0;R20[0.13] R26[0.15] A1[0.50];0.15;0.25;0.00;0.44;0.30;0.00;0.88;0.06;0.0711;0.0524;1
94;94;Agent_3;orders came from the seed rule base (rules as-is);0;0;R20[0.08] R26[0.15] A1[0.12];0.15;0.19;0.00;0.11;0.07;0.00;0.76;0.06;0.0711;0.0524;1
95;95;Agent_1;orders came from the seed rule base (rules as-is);0;0;R20[0.07] R26[0.14] A1[0.07];0.14;0.18;0.00;0.06;0.04;0.00;0.76;0.06;0.0715;0.0526;1
95;95;Agent_2;orders came from the seed rule base (rules as-is);0;0;R20[0.13] R26[0.14] A1[0.50];0.14;0.25;0.00;0.44;0.30;0.00;0.88;0.06;0.0715;0.0526;1
95;95;Agent_3;orders came from the seed rule base (rules as-is);0;0;R20[0.08] R26[0.14] A1[0.12];0.14;0.19;0.00;0.11;0.07;0.00;0.76;0.06;0.0715;0.0526;1
96;96;Agent_1;orders came from the seed rule base (rules as-is);0;0;R20[0.07] R26[0.14] A1[0.07];0.14;0.18;0.00;0.06;0.04;0.00;0.76;0.06;0.0715;0.0527;1
96;96;Agent_2;orders came from the seed rule base (rules as-is);0;0;R20[0.13] R26[0.14] A1[0.50];0.14;0.25;0.00;0.44;0.30;0.00;0.88;0.06;0.0715;0.0527;1
96;96;Agent_3;orders came from the seed rule base (rules as-is);0;0;R20[0.07] R26[0.14] A1[0.12];0.14;0.19;0.00;0.11;0.07;0.00;0.76;0.06;0.0715;0.0527;1
97;97;Agent_1;orders came from the seed rule base (rules as-is);0;0;R20[0.07] R26[0.14] A1[0.07];0.14;0.18;0.00;0.06;0.04;0.00;0.76;0.06;0.0714;0.0528;1
97;97;Agent_2;orders came from the seed rule base (rules as-is);0;0;R20[0.13] R26[0.14] A1[0.50];0.14;0.25;0.00;0.44;0.30;0.00;0.88;0.06;0.0714;0.0528;1
97;97;Agent_3;orders came from the seed rule base (rules as-is);0;0;R20[0.07] R26[0.14] A1[0.12];0.14;0.19;0.00;0.11;0.07;0.00;0.76;0.06;0.0714;0.0528;1
98;98;Agent_1;orders came from the seed rule base (rules as-is);0;0;R20[0.07] R26[0.14] A1[0.07];0.14;0.18;0.00;0.06;0.04;0.00;0.76;0.06;0.0712;0.0530;1
98;98;Agent_2;orders came from the seed rule base (rules as-is);0;0;R20[0.13] R26[0.14] A1[0.50];0.14;0.24;0.00;0.44;0.30;0.00;0.88;0.06;0.0712;0.0530;1
98;98;Agent_3;orders came from the seed rule base (rules as-is);0;0;R20[0.07] R26[0.14] A1[0.12];0.14;0.19;0.00;0.11;0.07;0.00;0.76;0.06;0.0712;0.0530;1
99;99;Agent_1;orders came from the seed rule base (rules as-is);0;0;R20[0.07] R26[0.14] A1[0.07];0.14;0.18;0.00;0.06;0.04;0.00;0.76;0.06;0.0713;0.0531;1
99;99;Agent_2;orders came from the seed rule base (rules as-is);0;0;R20[0.13] R26[0.14] A1[0.50];0.14;0.24;0.00;0.44;0.30;0.00;0.88;0.06;0.0713;0.0531;1
99;99;Agent_3;orders came from the seed rule base (rules as-is);0;0;R20[0.07] R26[0.14] A1[0.12];0.14;0.19;0.00;0.11;0.07;0.00;0.76;0.06;0.0713;0.0531;1
100;100;Agent_1;orders came from the seed rule base (rules as-is);0;0;R20[0.07] R26[0.14] A1[0.07];0.14;0.18;0.00;0.06;0.04;0.00;0.76;0.06;0.0709;0.0532;1
100;100;Agent_2;orders came from the seed rule base (rules as-is);0;0;R20[0.12] R26[0.12] A1[0.50];0.12;0.22;0.00;0.44;0.30;0.00;0.88;0.06;0.0709;0.0532;1
100;100;Agent_3;orders came from the seed rule base (rules as-is);0;0;R20[0.07] R26[0.14] A1[0.12];0.14;0.19;0.00;0.11;0.07;0.00;0.76;0.06;0.0709;0.0532;1
101;101;Agent_1;orders came from the seed rule base (rules as-is);0;0;R20[0.07] R26[0.14] A1[0.07];0.14;0.18;0.00;0.06;0.04;0.00;0.76;0.06;0.0710;0.0538;1
101;101;Agent_2;orders came from the seed rule base (rules as-is);0;0;R20[0.12] R26[0.11] A1[0.50];0.11;0.20;0.00;0.44;0.30;0.00;0.88;0.06;0.0710;0.0538;1
101;101;Agent_3;orders came from the seed rule base (rules as-is);0;0;R20[0.07] R26[0.14] A1[0.12];0.14;0.19;0.00;0.11;0.07;0.00;0.76;0.06;0.0710;0.0538;1
102;102;Agent_1;orders came from the seed rule base (rules as-is);0;0;R20[0.07] R26[0.14] A1[0.07];0.14;0.18;0.00;0.06;0.04;0.00;0.76;0.06;0.0711;0.0539;1
102;102;Agent_2;orders came from the seed rule base (rules as-is);0;0;R20[0.11] R26[0.10] A1[0.50];0.10;0.19;0.00;0.44;0.30;0.00;0.88;0.06;0.0711;0.0539;1
102;102;Agent_3;orders came from the seed rule base (rules as-is);0;0;R20[0.07] R26[0.14] A1[0.12];0.14;0.18;0.00;0.11;0.07;0.00;0.76;0.06;0.0711;0.0539;1
103;103;Agent_1;orders came from the seed rule base (rules as-is);0;0;R20[0.07] R26[0.14] A1[0.07];0.14;0.18;0.00;0.06;0.04;0.00;0.76;0.06;0.0713;0.0540;1
103;103;Agent_2;orders came from the seed rule base (rules as-is);0;0;R20[0.11] R26[0.08] A1[0.50];0.08;0.17;0.00;0.44;0.30;0.00;0.87;0.06;0.0713;0.0540;1
103;103;Agent_3;orders came from the seed rule base (rules as-is);0;0;R20[0.07] R26[0.14] A1[0.12];0.14;0.18;0.00;0.11;0.07;0.00;0.76;0.06;0.0713;0.0540;1
104;104;Agent_1;orders came from the seed rule base (rules as-is);0;0;R20[0.07] R26[0.14] A1[0.07];0.14;0.18;0.00;0.06;0.04;0.00;0.76;0.06;0.0714;0.0541;1
104;104;Agent_2;orders came from the seed rule base (rules as-is);0;0;R20[0.10] R26[0.07] A1[0.50];0.07;0.16;0.00;0.44;0.30;0.00;0.87;0.06;0.0714;0.0541;1
104;104;Agent_3;orders came from the seed rule base (rules as-is);0;0;R20[0.07] R26[0.14] A1[0.12];0.14;0.18;0.00;0.11;0.07;0.00;0.76;0.06;0.0714;0.0541;1
105;105;Agent_1;orders came from the seed rule base (rules as-is);0;0;R20[0.07] R26[0.14] A1[0.07];0.14;0.18;0.00;0.06;0.04;0.00;0.76;0.06;0.0715;0.0542;1
105;105;Agent_2;orders came from the seed rule base (rules as-is);0;0;R20[0.10] R26[0.07] A1[0.50];0.07;0.15;0.00;0.44;0.30;0.00;0.87;0.06;0.0715;0.0542;1
105;105;Agent_3;orders came from the seed rule base (rules as-is);0;0;R20[0.07] R26[0.14] A1[0.12];0.14;0.18;0.00;0.11;0.07;0.00;0.76;0.06;0.0715;0.0542;1
106;106;Agent_1;orders came from the seed rule base (rules as-is);0;0;R20[0.07] R26[0.14] A1[0.07];0.14;0.17;0.00;0.06;0.04;0.00;0.76;0.06;0.0716;0.0543;1
106;106;Agent_2;orders came from the seed rule base (rules as-is);0;0;R20[0.09] R26[0.06] A1[0.50];0.06;0.14;0.00;0.44;0.30;0.00;0.87;0.06;0.0716;0.0543;1
106;106;Agent_3;orders came from the seed rule base (rules as-is);0;0;R20[0.07] R26[0.14] A1[0.12];0.14;0.18;0.00;0.11;0.07;0.00;0.76;0.06;0.0716;0.0543;1
107;107;Agent_1;orders came from the seed rule base (rules as-is);0;0;R20[0.06] R26[0.14] A1[0.07];0.14;0.17;0.00;0.06;0.04;0.00;0.76;0.05;0.0717;0.0544;1
107;107;Agent_2;orders came from the seed rule base (rules as-is);0;0;R20[0.09] R26[0.05] A1[0.50];0.05;0.14;0.00;0.44;0.30;0.00;0.87;0.05;0.0717;0.0544;1
107;107;Agent_3;orders came from the seed rule base (rules as-is);0;0;R20[0.07] R26[0.14] A1[0.12];0.14;0.18;0.00;0.11;0.07;0.00;0.76;0.05;0.0717;0.0544;1
108;108;Agent_1;orders came from the seed rule base (rules as-is);0;0;R20[0.06] R26[0.14] A1[0.07];0.14;0.17;0.00;0.06;0.04;0.00;0.76;0.05;0.0718;0.0545;1
108;108;Agent_2;orders came from the seed rule base (rules as-is);0;0;R20[0.09] R26[0.05] A1[0.50];0.05;0.13;0.00;0.44;0.30;0.00;0.87;0.05;0.0718;0.0545;1
108;108;Agent_3;orders came from the seed rule base (rules as-is);0;0;R20[0.07] R26[0.14] A1[0.12];0.14;0.18;0.00;0.11;0.07;0.00;0.76;0.05;0.0718;0.0545;1
109;109;Agent_1;orders came from the seed rule base (rules as-is);0;0;R20[0.06] R26[0.13] A1[0.07];0.13;0.17;0.00;0.06;0.04;0.00;0.76;0.05;0.0719;0.0545;1
109;109;Agent_2;orders came from the seed rule base (rules as-is);0;0;R20[0.09] R26[0.05] A1[0.50];0.05;0.12;0.00;0.44;0.30;0.00;0.87;0.05;0.0719;0.0545;1
109;109;Agent_3;orders came from the seed rule base (rules as-is);0;0;R20[0.07] R26[0.13] A1[0.12];0.13;0.18;0.00;0.11;0.07;0.00;0.76;0.05;0.0719;0.0545;1
110;110;Agent_1;orders came from the seed rule base (rules as-is);0;0;R20[0.06] R26[0.13] A1[0.07];0.13;0.17;0.00;0.06;0.04;0.00;0.76;0.05;0.0720;0.0546;1
110;110;Agent_2;orders came from the seed rule base (rules as-is);0;0;R20[0.09] R26[0.04] A1[0.50];0.04;0.12;0.00;0.44;0.30;0.00;0.87;0.05;0.0720;0.0546;1
110;110;Agent_3;orders came from the seed rule base (rules as-is);0;0;R20[0.07] R26[0.13] A1[0.12];0.13;0.18;0.00;0.11;0.07;0.00;0.76;0.05;0.0720;0.0546;1
111;111;Agent_1;orders came from the seed rule base (rules as-is);0;0;R20[0.06] R26[0.13] A1[0.07];0.13;0.17;0.00;0.06;0.04;0.00;0.76;0.05;0.0721;0.0547;1
111;111;Agent_2;orders came from the seed rule base (rules as-is);0;0;R20[0.08] R26[0.04] A1[0.50];0.04;0.12;0.00;0.44;0.30;0.00;0.87;0.05;0.0721;0.0547;1
111;111;Agent_3;orders came from the seed rule base (rules as-is);0;0;R20[0.07] R26[0.13] A1[0.12];0.13;0.18;0.00;0.11;0.07;0.00;0.76;0.05;0.0721;0.0547;1
112;112;Agent_1;orders came from the seed rule base (rules as-is);0;0;R20[0.06] R26[0.13] A1[0.07];0.13;0.17;0.00;0.06;0.04;0.00;0.76;0.05;0.0722;0.0548;1
112;112;Agent_2;orders came from the seed rule base (rules as-is);0;0;R20[0.08] R26[0.04] A1[0.50];0.04;0.11;0.00;0.44;0.30;0.00;0.87;0.05;0.0722;0.0548;1
112;112;Agent_3;orders came from the seed rule base (rules as-is);0;0;R20[0.07] R26[0.13] A1[0.12];0.13;0.18;0.00;0.11;0.07;0.00;0.76;0.05;0.0722;0.0548;1
113;113;Agent_1;orders came from the seed rule base (rules as-is);0;0;R20[0.06] R26[0.13] A1[0.07];0.13;0.17;0.00;0.06;0.04;0.00;0.76;0.05;0.0723;0.0549;1
113;113;Agent_2;orders came from the seed rule base (rules as-is);0;0;R20[0.08] R26[0.03] A1[0.50];0.03;0.11;0.00;0.44;0.30;0.00;0.87;0.05;0.0723;0.0549;1
113;113;Agent_3;orders came from the seed rule base (rules as-is);0;0;R20[0.07] R26[0.13] A1[0.12];0.13;0.17;0.00;0.11;0.07;0.00;0.76;0.05;0.0723;0.0549;1
114;114;Agent_1;orders came from the seed rule base (rules as-is);0;0;R20[0.06] R26[0.13] A1[0.07];0.13;0.17;0.00;0.06;0.04;0.00;0.76;0.05;0.0724;0.0550;1
114;114;Agent_2;orders came from the seed rule base (rules as-is);0;0;R20[0.08] R26[0.03] A1[0.50];0.03;0.11;0.00;0.44;0.30;0.00;0.87;0.05;0.0724;0.0550;1
114;114;Agent_3;orders came from the seed rule base (rules as-is);0;0;R20[0.07] R26[0.13] A1[0.12];0.13;0.17;0.00;0.11;0.07;0.00;0.76;0.05;0.0724;0.0550;1
115;115;Agent_1;orders came from the seed rule base (rules as-is);0;0;R20[0.06] R26[0.13] A1[0.07];0.13;0.17;0.00;0.06;0.04;0.00;0.76;0.05;0.0725;0.0551;1
115;115;Agent_2;orders came from the seed rule base (rules as-is);0;0;R20[0.08] R26[0.03] A1[0.50];0.03;0.10;0.00;0.44;0.30;0.00;0.87;0.05;0.0725;0.0551;1
115;115;Agent_3;orders came from the seed rule base (rules as-is);0;0;R20[0.07] R26[0.13] A1[0.12];0.13;0.17;0.00;0.11;0.07;0.00;0.76;0.05;0.0725;0.0551;1
116;116;Agent_1;orders came from the seed rule base (rules as-is);0;0;R20[0.06] R26[0.13] A1[0.07];0.13;0.17;0.00;0.06;0.04;0.00;0.76;0.05;0.0726;0.0552;1
116;116;Agent_2;orders came from the seed rule base (rules as-is);0;0;R20[0.08] R26[0.03] A1[0.50];0.03;0.10;0.00;0.44;0.30;0.00;0.87;0.05;0.0726;0.0552;1
116;116;Agent_3;orders came from the seed rule base (rules as-is);0;0;R20[0.07] R26[0.13] A1[0.12];0.13;0.17;0.00;0.11;0.07;0.00;0.76;0.05;0.0726;0.0552;1
117;117;Agent_1;orders came from the seed rule base (rules as-is);0;0;R20[0.06] R26[0.13] A1[0.07];0.13;0.17;0.00;0.06;0.04;0.00;0.76;0.05;0.0727;0.0553;1
117;117;Agent_2;orders came from the seed rule base (rules as-is);0;0;R20[0.08] R26[0.03] A1[0.50];0.03;0.10;0.00;0.44;0.30;0.00;0.87;0.05;0.0727;0.0553;1
117;117;Agent_3;orders came from the seed rule base (rules as-is);0;0;R20[0.07] R26[0.13] A1[0.12];0.13;0.17;0.00;0.11;0.07;0.00;0.76;0.05;0.0727;0.0553;1
118;118;Agent_1;orders came from the seed rule base (rules as-is);0;0;R20[0.06] R26[0.13] A1[0.07];0.13;0.16;0.00;0.06;0.04;0.00;0.76;0.05;0.0728;0.0554;1
118;118;Agent_2;orders came from the seed rule base (rules as-is);0;0;R20[0.08] R26[0.03] A1[0.50];0.03;0.10;0.00;0.44;0.30;0.00;0.87;0.05;0.0728;0.0554;1
118;118;Agent_3;orders came from the seed rule base (rules as-is);0;0;R20[0.07] R26[0.13] A1[0.12];0.13;0.17;0.00;0.11;0.07;0.00;0.76;0.05;0.0728;0.0554;1
119;119;Agent_1;orders came from the seed rule base (rules as-is);0;0;R20[0.06] R26[0.13] A1[0.07];0.13;0.16;0.00;0.06;0.04;0.00;0.76;0.05;0.0729;0.0555;1
119;119;Agent_2;orders came from the seed rule base (rules as-is);0;0;R20[0.08] R26[0.03] A1[0.50];0.03;0.10;0.00;0.44;0.30;0.00;0.87;0.05;0.0729;0.0555;1
119;119;Agent_3;orders came from the seed rule base (rules as-is);0;0;R20[0.07] R26[0.13] A1[0.12];0.13;0.17;0.00;0.11;0.07;0.00;0.76;0.05;0.0729;0.0555;1
120;120;Agent_1;orders came from the seed rule base (rules as-is);0;0;R20[0.06] R26[0.13] A1[0.07];0.13;0.16;0.00;0.06;0.04;0.00;0.76;0.05;0.0730;0.0556;1
120;120;Agent_2;orders came from the seed rule base (rules as-is);0;0;R20[0.08] R26[0.03] A1[0.50];0.03;0.10;0.00;0.44;0.30;0.00;0.87;0.05;0.0730;0.0556;1
120;120;Agent_3;orders came from the seed rule base (rules as-is);0;0;R20[0.07] R26[0.13] A1[0.12];0.13;0.17;0.00;0.11;0.07;0.00;0.76;0.05;0.0730;0.0556;1
121;121;Agent_1;orders came from the seed rule base (rules as-is);0;0;R20[0.06] R26[0.13] A1[0.07];0.13;0.16;0.00;0.06;0.04;0.00;0.76;0.05;0.0742;0.0557;1
121;121;Agent_2;orders came from the seed rule base (rules as-is);0;0;R20[0.08] R26[0.04] A1[0.50];0.04;0.11;0.00;0.44;0.30;0.00;0.87;0.05;0.0742;0.0557;1
121;121;Agent_3;orders came from the seed rule base (rules as-is);0;0;R20[0.07] R26[0.13] A1[0.12];0.13;0.17;0.00;0.11;0.07;0.00;0.76;0.05;0.0742;0.0557;1
122;122;Agent_1;orders came from the seed rule base (rules as-is);0;0;R20[0.06] R26[0.13] A1[0.07];0.13;0.16;0.00;0.06;0.04;0.00;0.76;0.05;0.0743;0.0558;1
122;122;Agent_2;orders came from the seed rule base (rules as-is);0;0;R20[0.09] R26[0.05] A1[0.50];0.05;0.13;0.00;0.44;0.30;0.00;0.87;0.05;0.0743;0.0558;1
122;122;Agent_3;orders came from the seed rule base (rules as-is);0;0;R20[0.07] R26[0.13] A1[0.12];0.13;0.17;0.00;0.11;0.07;0.00;0.76;0.05;0.0743;0.0558;1
123;123;Agent_1;orders came from the seed rule base (rules as-is);0;0;R20[0.06] R26[0.13] A1[0.07];0.13;0.16;0.00;0.06;0.04;0.00;0.76;0.05;0.0744;0.0559;1
123;123;Agent_2;orders came from the seed rule base (rules as-is);0;0;R20[0.09] R26[0.06] A1[0.50];0.06;0.14;0.00;0.44;0.30;0.00;0.87;0.05;0.0744;0.0559;1
123;123;Agent_3;orders came from the seed rule base (rules as-is);0;0;R20[0.07] R26[0.13] A1[0.12];0.13;0.17;0.00;0.11;0.07;0.00;0.76;0.05;0.0744;0.0559;1
124;124;Agent_1;orders came from the seed rule base (rules as-is);0;0;R20[0.06] R26[0.12] A1[0.07];0.12;0.16;0.00;0.06;0.04;0.00;0.76;0.05;0.0745;0.0560;1
124;124;Agent_2;orders came from the seed rule base (rules as-is);0;0;R20[0.09] R26[0.07] A1[0.50];0.07;0.15;0.00;0.44;0.30;0.00;0.88;0.05;0.0745;0.0560;1
124;124;Agent_3;orders came from the seed rule base (rules as-is);0;0;R20[0.07] R26[0.12] A1[0.12];0.12;0.16;0.00;0.11;0.07;0.00;0.76;0.05;0.0745;0.0560;1
125;125;Agent_1;orders came from the seed rule base (rules as-is);0;0;R20[0.06] R26[0.12] A1[0.07];0.12;0.16;0.00;0.06;0.04;0.00;0.76;0.05;0.0746;0.0561;1
125;125;Agent_2;orders came from the seed rule base (rules as-is);0;0;R20[0.10] R26[0.08] A1[0.50];0.08;0.16;0.00;0.44;0.30;0.00;0.88;0.05;0.0746;0.0561;1
125;125;Agent_3;orders came from the seed rule base (rules as-is);0;0;R20[0.06] R26[0.12] A1[0.12];0.12;0.16;0.00;0.11;0.07;0.00;0.77;0.05;0.0746;0.0561;1
126;126;Agent_1;orders came from the seed rule base (rules as-is);0;0;R20[0.06] R26[0.12] A1[0.07];0.12;0.16;0.00;0.06;0.04;0.00;0.76;0.05;0.0747;0.0562;1
126;126;Agent_2;orders came from the seed rule base (rules as-is);0;0;R20[0.10] R26[0.08] A1[0.50];0.08;0.16;0.00;0.44;0.30;0.00;0.88;0.05;0.0747;0.0562;1
126;126;Agent_3;orders came from the seed rule base (rules as-is);0;0;R20[0.06] R26[0.12] A1[0.12];0.12;0.16;0.00;0.11;0.07;0.00;0.77;0.05;0.0747;0.0562;1
127;127;Agent_1;orders came from the seed rule base (rules as-is);0;0;R20[0.06] R26[0.12] A1[0.07];0.12;0.16;0.00;0.06;0.04;0.00;0.76;0.05;0.0748;0.0563;1
127;127;Agent_2;orders came from the seed rule base (rules as-is);0;0;R20[0.10] R26[0.09] A1[0.50];0.09;0.17;0.00;0.44;0.30;0.00;0.88;0.05;0.0748;0.0563;1
127;127;Agent_3;orders came from the seed rule base (rules as-is);0;0;R20[0.06] R26[0.12] A1[0.12];0.12;0.16;0.00;0.11;0.07;0.00;0.77;0.05;0.0748;0.0563;1
128;128;Agent_1;orders came from the seed rule base (rules as-is);0;0;R20[0.06] R26[0.12] A1[0.07];0.12;0.16;0.00;0.06;0.04;0.00;0.76;0.05;0.0749;0.0565;1
128;128;Agent_2;orders came from the seed rule base (rules as-is);0;0;R20[0.10] R26[0.09] A1[0.50];0.09;0.17;0.00;0.44;0.30;0.00;0.88;0.05;0.0749;0.0565;1
128;128;Agent_3;orders came from the seed rule base (rules as-is);0;0;R20[0.06] R26[0.12] A1[0.12];0.12;0.16;0.00;0.11;0.07;0.00;0.77;0.05;0.0749;0.0565;1
129;129;Agent_1;orders came from the seed rule base (rules as-is);0;0;R20[0.06] R26[0.12] A1[0.07];0.12;0.16;0.00;0.06;0.04;0.00;0.76;0.05;0.0750;0.0566;1
129;129;Agent_2;orders came from the seed rule base (rules as-is);0;0;R20[0.10] R26[0.10] A1[0.50];0.10;0.18;0.00;0.44;0.30;0.00;0.88;0.05;0.0750;0.0566;1
129;129;Agent_3;orders came from the seed rule base (rules as-is);0;0;R20[0.06] R26[0.12] A1[0.12];0.12;0.16;0.00;0.11;0.07;0.00;0.77;0.05;0.0750;0.0566;1
130;130;Agent_1;orders came from the seed rule base (rules as-is);0;0;R20[0.06] R26[0.12] A1[0.07];0.12;0.15;0.00;0.06;0.04;0.00;0.76;0.05;0.0751;0.0567;1
130;130;Agent_2;orders came from the seed rule base (rules as-is);0;0;R20[0.10] R26[0.10] A1[0.50];0.10;0.18;0.00;0.44;0.30;0.00;0.88;0.05;0.0751;0.0567;1
130;130;Agent_3;orders came from the seed rule base (rules as-is);0;0;R20[0.06] R26[0.12] A1[0.12];0.12;0.16;0.00;0.11;0.07;0.00;0.77;0.05;0.0751;0.0567;1
131;131;Agent_1;orders came from the seed rule base (rules as-is);0;0;R20[0.06] R26[0.12] A1[0.07];0.12;0.15;0.00;0.06;0.04;0.00;0.76;0.05;0.0752;0.0568;1
131;131;Agent_2;orders came from the seed rule base (rules as-is);0;0;R20[0.10] R26[0.10] A1[0.50];0.10;0.18;0.00;0.44;0.30;0.00;0.88;0.05;0.0752;0.0568;1
131;131;Agent_3;orders came from the seed rule base (rules as-is);0;0;R20[0.06] R26[0.12] A1[0.12];0.12;0.16;0.00;0.11;0.07;0.00;0.77;0.05;0.0752;0.0568;1
132;132;Agent_1;orders came from the seed rule base (rules as-is);0;0;R20[0.06] R26[0.12] A1[0.07];0.12;0.15;0.00;0.06;0.04;0.00;0.76;0.05;0.0753;0.0569;1
132;132;Agent_2;orders came from the seed rule base (rules as-is);0;0;R20[0.10] R26[0.10] A1[0.50];0.10;0.19;0.00;0.44;0.30;0.00;0.88;0.05;0.0753;0.0569;1
132;132;Agent_3;orders came from the seed rule base (rules as-is);0;0;R20[0.06] R26[0.12] A1[0.12];0.12;0.16;0.00;0.11;0.07;0.00;0.77;0.05;0.0753;0.0569;1
133;133;Agent_1;orders came from the seed rule base (rules as-is);0;0;R20[0.06] R26[0.12] A1[0.07];0.12;0.15;0.00;0.06;0.04;0.00;0.77;0.04;0.0755;0.0570;1
133;133;Agent_2;orders came from the seed rule base (rules as-is);0;0;R20[0.10] R26[0.11] A1[0.50];0.11;0.19;0.00;0.44;0.30;0.00;0.88;0.04;0.0755;0.0570;1
133;133;Agent_3;orders came from the seed rule base (rules as-is);0;0;R20[0.06] R26[0.12] A1[0.12];0.12;0.16;0.00;0.11;0.07;0.00;0.77;0.04;0.0755;0.0570;1
134;134;Agent_1;orders came from the seed rule base (rules as-is);0;0;R20[0.06] R26[0.12] A1[0.07];0.12;0.15;0.00;0.06;0.04;0.00;0.77;0.04;0.0756;0.0571;1
134;134;Agent_2;orders came from the seed rule base (rules as-is);0;0;R20[0.10] R26[0.11] A1[0.50];0.11;0.19;0.00;0.44;0.30;0.00;0.88;0.04;0.0756;0.0571;1
134;134;Agent_3;orders came from the seed rule base (rules as-is);0;0;R20[0.06] R26[0.12] A1[0.12];0.12;0.16;0.00;0.11;0.07;0.00;0.77;0.04;0.0756;0.0571;1
135;135;Agent_1;orders came from the seed rule base (rules as-is);0;0;R20[0.06] R26[0.12] A1[0.07];0.12;0.15;0.00;0.06;0.04;0.00;0.77;0.04;0.0757;0.0573;1
135;135;Agent_2;orders came from the seed rule base (rules as-is);0;0;R20[0.10] R26[0.11] A1[0.50];0.11;0.19;0.00;0.44;0.30;0.00;0.89;0.04;0.0757;0.0573;1
135;135;Agent_3;orders came from the seed rule base (rules as-is);0;0;R20[0.06] R26[0.12] A1[0.12];0.12;0.16;0.00;0.11;0.07;0.00;0.77;0.04;0.0757;0.0573;1
136;136;Agent_1;orders came from the seed rule base (rules as-is);0;0;R20[0.06] R26[0.12] A1[0.07];0.12;0.15;0.00;0.06;0.04;0.00;0.77;0.04;0.0758;0.0574;1
136;136;Agent_2;orders came from the seed rule base (rules as-is);0;0;R20[0.10] R26[0.11] A1[0.50];0.11;0.19;0.00;0.44;0.30;0.00;0.89;0.04;0.0758;0.0574;1
136;136;Agent_3;orders came from the seed rule base (rules as-is);0;0;R20[0.06] R26[0.12] A1[0.12];0.12;0.15;0.00;0.11;0.07;0.00;0.77;0.04;0.0758;0.0574;1
137;137;Agent_1;orders came from the seed rule base (rules as-is);0;0;R20[0.06] R26[0.12] A1[0.07];0.12;0.15;0.00;0.06;0.04;0.00;0.77;0.04;0.0759;0.0575;1
137;137;Agent_2;orders came from the seed rule base (rules as-is);0;0;R20[0.10] R26[0.11] A1[0.50];0.11;0.19;0.00;0.44;0.30;0.00;0.89;0.04;0.0759;0.0575;1
137;137;Agent_3;orders came from the seed rule base (rules as-is);0;0;R20[0.06] R26[0.12] A1[0.12];0.12;0.15;0.00;0.11;0.07;0.00;0.77;0.04;0.0759;0.0575;1
138;138;Agent_1;orders came from the seed rule base (rules as-is);0;0;R20[0.06] R26[0.12] A1[0.07];0.12;0.15;0.00;0.06;0.04;0.00;0.77;0.04;0.0760;0.0576;1
138;138;Agent_2;orders came from the seed rule base (rules as-is);0;0;R20[0.10] R26[0.11] A1[0.50];0.11;0.19;0.00;0.44;0.30;0.00;0.89;0.04;0.0760;0.0576;1
138;138;Agent_3;orders came from the seed rule base (rules as-is);0;0;R20[0.06] R26[0.12] A1[0.12];0.12;0.15;0.00;0.11;0.07;0.00;0.77;0.04;0.0760;0.0576;1
139;139;Agent_1;orders came from the seed rule base (rules as-is);0;0;R20[0.06] R26[0.12] A1[0.07];0.12;0.15;0.00;0.06;0.04;0.00;0.77;0.04;0.0762;0.0577;1
139;139;Agent_2;orders came from the seed rule base (rules as-is);0;0;R20[0.10] R26[0.11] A1[0.50];0.11;0.19;0.00;0.44;0.30;0.00;0.89;0.04;0.0762;0.0577;1
139;139;Agent_3;orders came from the seed rule base (rules as-is);0;0;R20[0.06] R26[0.12] A1[0.12];0.12;0.15;0.00;0.11;0.07;0.00;0.77;0.04;0.0762;0.0577;1
140;140;Agent_1;orders came from the seed rule base (rules as-is);0;0;R20[0.05] R26[0.11] A1[0.07];0.11;0.15;0.00;0.06;0.04;0.00;0.77;0.04;0.0763;0.0578;1
140;140;Agent_2;orders came from the seed rule base (rules as-is);0;0;R20[0.10] R26[0.11] A1[0.50];0.11;0.19;0.00;0.44;0.30;0.00;0.89;0.04;0.0763;0.0578;1
140;140;Agent_3;orders came from the seed rule base (rules as-is);0;0;R20[0.06] R26[0.11] A1[0.12];0.11;0.15;0.00;0.11;0.07;0.00;0.77;0.04;0.0763;0.0578;1
141;141;Agent_1;orders came from the seed rule base (rules as-is);0;0;R20[0.05] R26[0.11] A1[0.07];0.11;0.15;0.00;0.06;0.04;0.00;0.77;0.04;0.0764;0.0579;1
141;141;Agent_2;orders came from the seed rule base (rules as-is);0;0;R20[0.10] R26[0.11] A1[0.50];0.11;0.19;0.00;0.44;0.30;0.00;0.89;0.04;0.0764;0.0579;1
141;141;Agent_3;orders came from the seed rule base (rules as-is);0;0;R20[0.06] R26[0.11] A1[0.12];0.11;0.15;0.00;0.11;0.07;0.00;0.77;0.04;0.0764;0.0579;1
142;142;Agent_1;orders came from the seed rule base (rules as-is);0;0;R20[0.05] R26[0.11] A1[0.07];0.11;0.14;0.00;0.06;0.04;0.00;0.77;0.04;0.0765;0.0580;1
142;142;Agent_2;orders came from the seed rule base (rules as-is);0;0;R20[0.10] R26[0.11] A1[0.50];0.11;0.19;0.00;0.44;0.30;0.00;0.89;0.04;0.0765;0.0580;1
142;142;Agent_3;orders came from the seed rule base (rules as-is);0;0;R20[0.06] R26[0.11] A1[0.12];0.11;0.15;0.00;0.11;0.07;0.00;0.77;0.04;0.0765;0.0580;1
143;143;Agent_1;orders came from the seed rule base (rules as-is);0;0;R20[0.05] R26[0.11] A1[0.07];0.11;0.14;0.00;0.06;0.04;0.00;0.77;0.04;0.0766;0.0582;1
143;143;Agent_2;orders came from the seed rule base (rules as-is);0;0;R20[0.10] R26[0.11] A1[0.50];0.11;0.19;0.00;0.44;0.30;0.00;0.89;0.04;0.0766;0.0582;1
143;143;Agent_3;orders came from the seed rule base (rules as-is);0;0;R20[0.06] R26[0.11] A1[0.12];0.11;0.15;0.00;0.11;0.07;0.00;0.77;0.04;0.0766;0.0582;1
144;144;Agent_1;orders came from the seed rule base (rules as-is);0;0;R20[0.05] R26[0.11] A1[0.07];0.11;0.14;0.00;0.06;0.04;0.00;0.77;0.04;0.0768;0.0583;1
144;144;Agent_2;orders came from the seed rule base (rules as-is);0;0;R20[0.10] R26[0.11] A1[0.50];0.11;0.19;0.00;0.44;0.30;0.00;0.89;0.04;0.0768;0.0583;1
144;144;Agent_3;orders came from the seed rule base (rules as-is);0;0;R20[0.06] R26[0.11] A1[0.12];0.11;0.15;0.00;0.11;0.07;0.00;0.77;0.04;0.0768;0.0583;1
145;145;Agent_1;orders came from the seed rule base (rules as-is);0;0;R20[0.05] R26[0.11] A1[0.07];0.11;0.14;0.00;0.06;0.04;0.00;0.77;0.04;0.0769;0.0584;1
145;145;Agent_2;orders came from the seed rule base (rules as-is);0;0;R20[0.10] R26[0.11] A1[0.50];0.11;0.19;0.00;0.44;0.30;0.00;0.89;0.04;0.0769;0.0584;1
145;145;Agent_3;orders came from the seed rule base (rules as-is);0;0;R20[0.06] R26[0.11] A1[0.12];0.11;0.15;0.00;0.11;0.07;0.00;0.77;0.04;0.0769;0.0584;1
146;146;Agent_1;orders came from the seed rule base (rules as-is);0;0;R20[0.05] R26[0.11] A1[0.07];0.11;0.14;0.00;0.06;0.04;0.00;0.77;0.04;0.0770;0.0585;1
146;146;Agent_2;orders came from the seed rule base (rules as-is);0;0;R20[0.10] R26[0.11] A1[0.50];0.11;0.19;0.00;0.44;0.30;0.00;0.89;0.04;0.0770;0.0585;1
146;146;Agent_3;orders came from the seed rule base (rules as-is);0;0;R20[0.06] R26[0.11] A1[0.12];0.11;0.15;0.00;0.11;0.07;0.00;0.77;0.04;0.0770;0.0585;1
147;147;Agent_1;orders came from the seed rule base (rules as-is);0;0;R20[0.05] R26[0.11] A1[0.07];0.11;0.14;0.00;0.06;0.04;0.00;0.77;0.04;0.0771;0.0586;1
147;147;Agent_2;orders came from the seed rule base (rules as-is);0;0;R20[0.10] R26[0.11] A1[0.50];0.11;0.19;0.00;0.44;0.30;0.00;0.89;0.04;0.0771;0.0586;1
147;147;Agent_3;orders came from the seed rule base (rules as-is);0;0;R20[0.06] R26[0.11] A1[0.12];0.11;0.15;0.00;0.11;0.07;0.00;0.77;0.04;0.0771;0.0586;1
148;148;Agent_1;orders came from the seed rule base (rules as-is);0;0;R20[0.05] R26[0.11] A1[0.07];0.11;0.14;0.00;0.06;0.04;0.00;0.77;0.04;0.0772;0.0587;1
148;148;Agent_2;orders came from the seed rule base (rules as-is);0;0;R20[0.10] R26[0.11] A1[0.50];0.11;0.19;0.00;0.44;0.30;0.00;0.89;0.04;0.0772;0.0587;1
148;148;Agent_3;orders came from the seed rule base (rules as-is);0;0;R20[0.06] R26[0.11] A1[0.12];0.11;0.14;0.00;0.11;0.07;0.00;0.77;0.04;0.0772;0.0587;1
149;149;Agent_1;orders came from the seed rule base (rules as-is);0;0;R20[0.05] R26[0.11] A1[0.07];0.11;0.14;0.00;0.06;0.04;0.00;0.77;0.04;0.0774;0.0588;1
149;149;Agent_2;orders came from the seed rule base (rules as-is);0;0;R20[0.10] R26[0.11] A1[0.50];0.11;0.19;0.00;0.44;0.30;0.00;0.89;0.04;0.0774;0.0588;1
149;149;Agent_3;orders came from the seed rule base (rules as-is);0;0;R20[0.06] R26[0.11] A1[0.12];0.11;0.14;0.00;0.11;0.07;0.00;0.77;0.04;0.0774;0.0588;1
150;150;Agent_1;orders came from the seed rule base (rules as-is);0;0;R20[0.05] R26[0.11] A1[0.07];0.11;0.14;0.00;0.06;0.04;0.00;0.77;0.04;0.0775;0.0589;1
150;150;Agent_2;orders came from the seed rule base (rules as-is);0;0;R20[0.10] R26[0.11] A1[0.50];0.11;0.19;0.00;0.44;0.30;0.00;0.89;0.04;0.0775;0.0589;1
150;150;Agent_3;orders came from the seed rule base (rules as-is);0;0;R20[0.06] R26[0.11] A1[0.12];0.11;0.14;0.00;0.11;0.07;0.00;0.77;0.04;0.0775;0.0589;1
151;151;Agent_1;orders came from the seed rule base (rules as-is);0;0;R20[0.05] R26[0.11] A1[0.07];0.11;0.14;0.00;0.06;0.04;0.00;0.77;0.04;0.0776;0.0591;1
151;151;Agent_2;orders came from the seed rule base (rules as-is);0;0;R20[0.10] R26[0.11] A1[0.50];0.11;0.18;0.00;0.44;0.30;0.00;0.89;0.04;0.0776;0.0591;1
151;151;Agent_3;orders came from the seed rule base (rules as-is);0;0;R20[0.06] R26[0.11] A1[0.12];0.11;0.14;0.00;0.11;0.07;0.00;0.77;0.04;0.0776;0.0591;1
152;152;Agent_1;orders came from the seed rule base (rules as-is);0;0;R20[0.05] R26[0.11] A1[0.07];0.11;0.14;0.00;0.06;0.04;0.00;0.77;0.04;0.0777;0.0592;1
152;152;Agent_2;orders came from the seed rule base (rules as-is);0;0;R20[0.10] R26[0.11] A1[0.50];0.11;0.18;0.00;0.44;0.30;0.00;0.89;0.04;0.0777;0.0592;1
152;152;Agent_3;orders came from the seed rule base (rules as-is);0;0;R20[0.06] R26[0.11] A1[0.12];0.11;0.14;0.00;0.11;0.07;0.00;0.77;0.04;0.0777;0.0592;1
153;153;Agent_1;orders came from the seed rule base (rules as-is);0;0;R20[0.05] R26[0.11] A1[0.07];0.11;0.14;0.00;0.06;0.04;0.00;0.77;0.04;0.0778;0.0593;1
153;153;Agent_2;orders came from the seed rule base (rules as-is);0;0;R20[0.10] R26[0.11] A1[0.50];0.11;0.18;0.00;0.44;0.30;0.00;0.89;0.04;0.0778;0.0593;1
153;153;Agent_3;orders came from the seed rule base (rules as-is);0;0;R20[0.06] R26[0.11] A1[0.12];0.11;0.14;0.00;0.11;0.07;0.00;0.77;0.04;0.0778;0.0593;1
154;154;Agent_1;orders came from the seed rule base (rules as-is);0;0;R20[0.05] R26[0.11] A1[0.07];0.11;0.13;0.00;0.06;0.04;0.00;0.77;0.04;0.0780;0.0594;1
154;154;Agent_2;orders came from the seed rule base (rules as-is);0;0;R20[0.10] R26[0.11] A1[0.50];0.11;0.18;0.00;0.44;0.30;0.00;0.89;0.04;0.0780;0.0594;1
154;154;Agent_3;orders came from the seed rule base (rules as-is);0;0;R20[0.06] R26[0.11] A1[0.12];0.11;0.14;0.00;0.11;0.07;0.00;0.77;0.04;0.0780;0.0594;1
155;155;Agent_1;orders came from the seed rule base (rules as-is);0;0;R20[0.05] R26[0.10] A1[0.07];0.10;0.13;0.00;0.06;0.04;0.00;0.77;0.04;0.0781;0.0595;1
155;155;Agent_2;orders came from the seed rule base (rules as-is);0;0;R20[0.10] R26[0.10] A1[0.50];0.10;0.18;0.00;0.44;0.30;0.00;0.89;0.04;0.0781;0.0595;1
155;155;Agent_3;orders came from the seed rule base (rules as-is);0;0;R20[0.05] R26[0.11] A1[0.12];0.11;0.14;0.00;0.11;0.07;0.00;0.77;0.04;0.0781;0.0595;1
156;156;Agent_1;orders came from the seed rule base (rules as-is);0;0;R20[0.05] R26[0.10] A1[0.07];0.10;0.13;0.00;0.06;0.04;0.00;0.77;0.04;0.0782;0.0596;1
156;156;Agent_2;orders came from the seed rule base (rules as-is);0;0;R20[0.10] R26[0.10] A1[0.50];0.10;0.18;0.00;0.44;0.30;0.00;0.89;0.04;0.0782;0.0596;1
156;156;Agent_3;orders came from the seed rule base (rules as-is);0;0;R20[0.05] R26[0.10] A1[0.12];0.10;0.14;0.00;0.11;0.07;0.00;0.77;0.04;0.0782;0.0596;1
157;157;Agent_1;orders came from the seed rule base (rules as-is);0;0;R20[0.05] R26[0.10] A1[0.07];0.10;0.13;0.00;0.06;0.04;0.00;0.77;0.04;0.0783;0.0597;1
157;157;Agent_2;orders came from the seed rule base (rules as-is);0;0;R20[0.10] R26[0.10] A1[0.50];0.10;0.18;0.00;0.44;0.30;0.00;0.89;0.04;0.0783;0.0597;1
157;157;Agent_3;orders came from the seed rule base (rules as-is);0;0;R20[0.05] R26[0.10] A1[0.12];0.10;0.14;0.00;0.11;0.07;0.00;0.77;0.04;0.0783;0.0597;1
158;158;Agent_1;orders came from the seed rule base (rules as-is);0;0;R20[0.05] R26[0.10] A1[0.07];0.10;0.13;0.00;0.06;0.04;0.00;0.77;0.04;0.0784;0.0598;1
158;158;Agent_2;orders came from the seed rule base (rules as-is);0;0;R20[0.10] R26[0.10] A1[0.50];0.10;0.18;0.00;0.44;0.30;0.00;0.89;0.04;0.0784;0.0598;1
158;158;Agent_3;orders came from the seed rule base (rules as-is);0;0;R20[0.05] R26[0.10] A1[0.12];0.10;0.14;0.00;0.11;0.07;0.00;0.77;0.04;0.0784;0.0598;1
159;159;Agent_1;orders came from the seed rule base (rules as-is);0;0;R20[0.05] R26[0.10] A1[0.07];0.10;0.13;0.00;0.06;0.04;0.00;0.77;0.04;0.0786;0.0600;1
159;159;Agent_2;orders came from the seed rule base (rules as-is);0;0;R20[0.09] R26[0.10] A1[0.50];0.10;0.18;0.00;0.44;0.30;0.00;0.89;0.04;0.0786;0.0600;1
159;159;Agent_3;orders came from the seed rule base (rules as-is);0;0;R20[0.05] R26[0.10] A1[0.12];0.10;0.14;0.00;0.11;0.07;0.00;0.77;0.04;0.0786;0.0600;1
160;160;Agent_1;orders came from the seed rule base (rules as-is);0;0;R20[0.05] R26[0.10] A1[0.07];0.10;0.13;0.00;0.06;0.04;0.00;0.77;0.04;0.0787;0.0601;1
160;160;Agent_2;orders came from the seed rule base (rules as-is);0;0;R20[0.09] R26[0.10] A1[0.50];0.10;0.18;0.00;0.44;0.30;0.00;0.89;0.04;0.0787;0.0601;1
160;160;Agent_3;orders came from the seed rule base (rules as-is);0;0;R20[0.05] R26[0.10] A1[0.12];0.10;0.14;0.00;0.11;0.07;0.00;0.77;0.04;0.0787;0.0601;1
161;161;Agent_1;orders came from the seed rule base (rules as-is);0;0;R20[0.05] R26[0.10] A1[0.07];0.10;0.13;0.00;0.06;0.04;0.00;0.77;0.04;0.0788;0.0602;1
161;161;Agent_2;orders came from the seed rule base (rules as-is);0;0;R20[0.09] R26[0.10] A1[0.50];0.10;0.18;0.00;0.44;0.30;0.00;0.89;0.04;0.0788;0.0602;1
161;161;Agent_3;orders came from the seed rule base (rules as-is);0;0;R20[0.05] R26[0.10] A1[0.12];0.10;0.13;0.00;0.11;0.07;0.00;0.77;0.04;0.0788;0.0602;1
162;162;Agent_1;orders came from the seed rule base (rules as-is);0;0;R20[0.05] R26[0.10] A1[0.07];0.10;0.13;0.00;0.06;0.04;0.00;0.77;0.04;0.0789;0.0608;1
162;162;Agent_2;orders came from the seed rule base (rules as-is);0;0;R20[0.09] R26[0.10] A1[0.50];0.10;0.17;0.00;0.44;0.30;0.00;0.89;0.04;0.0789;0.0608;1
162;162;Agent_3;orders came from the seed rule base (rules as-is);0;0;R20[0.05] R26[0.10] A1[0.12];0.10;0.13;0.00;0.11;0.07;0.00;0.77;0.04;0.0789;0.0608;1
163;163;Agent_1;orders came from the seed rule base (rules as-is);0;0;R20[0.05] R26[0.10] A1[0.07];0.10;0.13;0.00;0.06;0.04;0.00;0.77;0.04;0.0791;0.0609;1
163;163;Agent_2;orders came from the seed rule base (rules as-is);0;0;R20[0.09] R26[0.10] A1[0.50];0.10;0.17;0.00;0.44;0.30;0.00;0.89;0.04;0.0791;0.0609;1
163;163;Agent_3;orders came from the seed rule base (rules as-is);0;0;R20[0.05] R26[0.10] A1[0.12];0.10;0.13;0.00;0.11;0.07;0.00;0.77;0.04;0.0791;0.0609;1
164;164;Agent_1;orders came from the seed rule base (rules as-is);0;0;R20[0.05] R26[0.10] A1[0.07];0.10;0.13;0.00;0.06;0.04;0.00;0.77;0.04;0.0792;0.0605;1
164;164;Agent_2;orders came from the seed rule base (rules as-is);0;0;R20[0.09] R26[0.10] A1[0.50];0.10;0.17;0.00;0.44;0.30;0.00;0.89;0.04;0.0792;0.0605;1
164;164;Agent_3;orders came from the seed rule base (rules as-is);0;0;R20[0.05] R26[0.10] A1[0.12];0.10;0.13;0.00;0.11;0.07;0.00;0.77;0.04;0.0792;0.0605;1
165;165;Agent_1;orders came from the seed rule base (rules as-is);0;0;R20[0.05] R26[0.10] A1[0.07];0.10;0.12;0.00;0.06;0.04;0.00;0.77;0.04;0.0793;0.0611;1
165;165;Agent_2;orders came from the seed rule base (rules as-is);0;0;R20[0.09] R26[0.10] A1[0.50];0.10;0.17;0.00;0.44;0.30;0.00;0.89;0.04;0.0793;0.0611;1
165;165;Agent_3;orders came from the seed rule base (rules as-is);0;0;R20[0.05] R26[0.10] A1[0.12];0.10;0.13;0.00;0.11;0.07;0.00;0.77;0.04;0.0793;0.0611;1
166;166;Agent_1;orders came from the seed rule base (rules as-is);0;0;R20[0.05] R26[0.09] A1[0.07];0.09;0.12;0.00;0.06;0.04;0.00;0.77;0.03;0.0794;0.0607;1
166;166;Agent_2;orders came from the seed rule base (rules as-is);0;0;R20[0.09] R26[0.10] A1[0.50];0.10;0.17;0.00;0.44;0.30;0.00;0.89;0.03;0.0794;0.0607;1
166;166;Agent_3;orders came from the seed rule base (rules as-is);0;0;R20[0.05] R26[0.10] A1[0.12];0.10;0.13;0.00;0.11;0.07;0.00;0.77;0.03;0.0794;0.0607;1
167;167;Agent_1;orders came from the seed rule base (rules as-is);0;0;R20[0.05] R26[0.09] A1[0.07];0.09;0.12;0.00;0.06;0.04;0.00;0.77;0.03;0.0795;0.0614;1
167;167;Agent_2;orders came from the seed rule base (rules as-is);0;0;R20[0.09] R26[0.10] A1[0.50];0.10;0.17;0.00;0.44;0.30;0.00;0.89;0.03;0.0795;0.0614;1
167;167;Agent_3;orders came from the seed rule base (rules as-is);0;0;R20[0.05] R26[0.10] A1[0.12];0.10;0.13;0.00;0.11;0.07;0.00;0.77;0.03;0.0795;0.0614;1
168;168;Agent_1;orders came from the seed rule base (rules as-is);0;0;R20[0.04] R26[0.09] A1[0.07];0.09;0.12;0.00;0.06;0.04;0.00;0.77;0.03;0.0797;0.0615;1
168;168;Agent_2;orders came from the seed rule base (rules as-is);0;0;R20[0.09] R26[0.10] A1[0.50];0.10;0.17;0.00;0.44;0.30;0.00;0.89;0.03;0.0797;0.0615;1
168;168;Agent_3;orders came from the seed rule base (rules as-is);0;0;R20[0.05] R26[0.10] A1[0.12];0.10;0.13;0.00;0.11;0.07;0.00;0.77;0.03;0.0797;0.0615;1
169;169;Agent_1;orders came from the seed rule base (rules as-is);0;0;R20[0.04] R26[0.09] A1[0.07];0.09;0.12;0.00;0.06;0.04;0.00;0.77;0.03;0.0803;0.0611;1
169;169;Agent_2;orders came from the seed rule base (rules as-is);0;0;R20[0.09] R26[0.10] A1[0.50];0.10;0.17;0.00;0.44;0.30;0.00;0.89;0.03;0.0803;0.0611;1
169;169;Agent_3;orders came from the seed rule base (rules as-is);0;0;R20[0.05] R26[0.10] A1[0.12];0.10;0.13;0.00;0.11;0.07;0.00;0.77;0.03;0.0803;0.0611;1
170;170;Agent_1;orders came from the seed rule base (rules as-is);0;0;R20[0.04] R26[0.09] A1[0.07];0.09;0.12;0.00;0.06;0.04;0.00;0.77;0.03;0.0804;0.0607;1
170;170;Agent_2;orders came from the seed rule base (rules as-is);0;0;R20[0.09] R26[0.10] A1[0.50];0.10;0.17;0.00;0.44;0.30;0.00;0.89;0.03;0.0804;0.0607;1
170;170;Agent_3;orders came from the seed rule base (rules as-is);0;0;R20[0.05] R26[0.10] A1[0.12];0.10;0.13;0.00;0.11;0.07;0.00;0.77;0.03;0.0804;0.0607;1
171;171;Agent_1;orders came from the seed rule base (rules as-is);0;0;R20[0.04] R26[0.09] A1[0.07];0.09;0.12;0.00;0.06;0.04;0.00;0.77;0.03;0.0805;0.0613;1
171;171;Agent_2;orders came from the seed rule base (rules as-is);0;0;R20[0.09] R26[0.10] A1[0.50];0.10;0.17;0.00;0.44;0.30;0.00;0.89;0.03;0.0805;0.0613;1
171;171;Agent_3;orders came from the seed rule base (rules as-is);0;0;R20[0.05] R26[0.10] A1[0.12];0.10;0.13;0.00;0.11;0.07;0.00;0.77;0.03;0.0805;0.0613;1
172;172;Agent_1;orders came from the seed rule base (rules as-is);0;0;R20[0.04] R26[0.09] A1[0.07];0.09;0.12;0.00;0.06;0.04;0.00;0.77;0.03;0.0807;0.0614;1
172;172;Agent_2;orders came from the seed rule base (rules as-is);0;0;R20[0.09] R26[0.09] A1[0.50];0.09;0.16;0.00;0.44;0.30;0.00;0.89;0.03;0.0807;0.0614;1
172;172;Agent_3;orders came from the seed rule base (rules as-is);0;0;R20[0.05] R26[0.10] A1[0.12];0.10;0.13;0.00;0.11;0.07;0.00;0.77;0.03;0.0807;0.0614;1
173;173;Agent_1;orders came from the seed rule base (rules as-is);0;0;R20[0.04] R26[0.09] A1[0.07];0.09;0.12;0.00;0.06;0.04;0.00;0.77;0.03;0.0808;0.0610;1
173;173;Agent_2;orders came from the seed rule base (rules as-is);0;0;R20[0.09] R26[0.09] A1[0.50];0.09;0.16;0.00;0.44;0.30;0.00;0.89;0.03;0.0808;0.0610;1
173;173;Agent_3;orders came from the seed rule base (rules as-is);0;0;R20[0.05] R26[0.10] A1[0.12];0.10;0.13;0.00;0.11;0.07;0.00;0.77;0.03;0.0808;0.0610;1
174;174;Agent_1;orders came from the seed rule base (rules as-is);0;0;R20[0.04] R26[0.09] A1[0.07];0.09;0.12;0.00;0.06;0.04;0.00;0.77;0.03;0.0809;0.0616;1
174;174;Agent_2;orders came from the seed rule base (rules as-is);0;0;R20[0.09] R26[0.09] A1[0.50];0.09;0.16;0.00;0.44;0.30;0.00;0.89;0.03;0.0809;0.0616;1
174;174;Agent_3;orders came from the seed rule base (rules as-is);0;0;R20[0.05] R26[0.09] A1[0.12];0.09;0.13;0.00;0.11;0.07;0.00;0.77;0.03;0.0809;0.0616;1
175;175;Agent_1;orders came from the seed rule base (rules as-is);0;0;R20[0.04] R26[0.09] A1[0.07];0.09;0.11;0.00;0.06;0.04;0.00;0.77;0.03;0.0810;0.0617;1
175;175;Agent_2;orders came from the seed rule base (rules as-is);0;0;R20[0.09] R26[0.09] A1[0.50];0.09;0.16;0.00;0.44;0.30;0.00;0.89;0.03;0.0810;0.0617;1
175;175;Agent_3;orders came from the seed rule base (rules as-is);0;0;R20[0.05] R26[0.09] A1[0.12];0.09;0.12;0.00;0.11;0.07;0.00;0.77;0.03;0.0810;0.0617;1
176;176;Agent_1;orders came from the seed rule base (rules as-is);0;0;R20[0.04] R26[0.09] A1[0.07];0.09;0.11;0.00;0.06;0.04;0.00;0.77;0.03;0.0811;0.0618;1
176;176;Agent_2;orders came from the seed rule base (rules as-is);0;0;R20[0.09] R26[0.09] A1[0.50];0.09;0.16;0.00;0.44;0.30;0.00;0.89;0.03;0.0811;0.0618;1
176;176;Agent_3;orders came from the seed rule base (rules as-is);0;0;R20[0.05] R26[0.09] A1[0.12];0.09;0.12;0.00;0.11;0.07;0.00;0.77;0.03;0.0811;0.0618;1
177;177;Agent_1;orders came from the seed rule base (rules as-is);0;0;R20[0.04] R26[0.09] A1[0.07];0.09;0.11;0.00;0.06;0.04;0.00;0.77;0.03;0.0812;0.0620;1
177;177;Agent_2;orders came from the seed rule base (rules as-is);0;0;R20[0.09] R26[0.09] A1[0.50];0.09;0.16;0.00;0.44;0.30;0.00;0.89;0.03;0.0812;0.0620;1
177;177;Agent_3;orders came from the seed rule base (rules as-is);0;0;R20[0.05] R26[0.09] A1[0.12];0.09;0.12;0.00;0.11;0.07;0.00;0.77;0.03;0.0812;0.0620;1
178;178;Agent_1;orders came from the seed rule base (rules as-is);0;0;R20[0.04] R26[0.09] A1[0.07];0.09;0.11;0.00;0.06;0.04;0.00;0.77;0.03;0.0814;0.0621;1
178;178;Agent_2;orders came from the seed rule base (rules as-is);0;0;R20[0.08] R26[0.09] A1[0.50];0.09;0.16;0.00;0.44;0.30;0.00;0.89;0.03;0.0814;0.0621;1
178;178;Agent_3;orders came from the seed rule base (rules as-is);0;0;R20[0.05] R26[0.09] A1[0.12];0.09;0.12;0.00;0.11;0.07;0.00;0.77;0.03;0.0814;0.0621;1
179;179;Agent_1;orders came from the seed rule base (rules as-is);0;0;R20[0.04] R26[0.09] A1[0.07];0.09;0.11;0.00;0.06;0.04;0.00;0.77;0.03;0.0815;0.0617;1
179;179;Agent_2;orders came from the seed rule base (rules as-is);0;0;R20[0.08] R26[0.09] A1[0.50];0.09;0.16;0.00;0.44;0.30;0.00;0.89;0.03;0.0815;0.0617;1
179;179;Agent_3;orders came from the seed rule base (rules as-is);0;0;R20[0.05] R26[0.09] A1[0.12];0.09;0.12;0.00;0.11;0.07;0.00;0.77;0.03;0.0815;0.0617;1
180;180;Agent_1;orders came from the seed rule base (rules as-is);0;0;R20[0.04] R26[0.09] A1[0.07];0.09;0.11;0.00;0.06;0.04;0.00;0.77;0.03;0.0816;0.0623;1
180;180;Agent_2;orders came from the seed rule base (rules as-is);0;0;R20[0.08] R26[0.09] A1[0.50];0.09;0.16;0.00;0.44;0.30;0.00;0.89;0.03;0.0816;0.0623;1
180;180;Agent_3;orders came from the seed rule base (rules as-is);0;0;R20[0.05] R26[0.09] A1[0.12];0.09;0.12;0.00;0.11;0.07;0.00;0.77;0.03;0.0816;0.0623;1
181;181;Agent_1;orders came from the seed rule base (rules as-is);0;0;R20[0.04] R26[0.09] A1[0.07];0.09;0.11;0.00;0.06;0.04;0.00;0.77;0.03;0.0812;0.0619;1
181;181;Agent_2;orders came from the seed rule base (rules as-is);0;0;R20[0.08] R26[0.09] A1[0.50];0.09;0.16;0.00;0.44;0.30;0.00;0.89;0.03;0.0812;0.0619;1
181;181;Agent_3;orders came from the seed rule base (rules as-is);0;0;R20[0.05] R26[0.09] A1[0.12];0.09;0.12;0.00;0.11;0.07;0.00;0.77;0.03;0.0812;0.0619;1
182;182;Agent_1;orders came from the seed rule base (rules as-is);0;0;R20[0.04] R26[0.08] A1[0.07];0.08;0.11;0.00;0.06;0.04;0.00;0.77;0.03;0.0813;0.0620;1
182;182;Agent_2;orders came from the seed rule base (rules as-is);0;0;R20[0.08] R26[0.09] A1[0.50];0.09;0.15;0.00;0.44;0.30;0.00;0.89;0.03;0.0813;0.0620;1
182;182;Agent_3;orders came from the seed rule base (rules as-is);0;0;R20[0.05] R26[0.09] A1[0.12];0.09;0.12;0.00;0.11;0.07;0.00;0.77;0.03;0.0813;0.0620;1
183;183;Agent_1;orders came from the seed rule base (rules as-is);0;0;R20[0.04] R26[0.08] A1[0.07];0.08;0.11;0.00;0.06;0.04;0.00;0.77;0.03;0.0814;0.0621;1
183;183;Agent_2;orders came from the seed rule base (rules as-is);0;0;R20[0.08] R26[0.09] A1[0.50];0.09;0.15;0.00;0.44;0.30;0.00;0.89;0.03;0.0814;0.0621;1
183;183;Agent_3;orders came from the seed rule base (rules as-is);0;0;R20[0.05] R26[0.09] A1[0.12];0.09;0.12;0.00;0.11;0.07;0.00;0.77;0.03;0.0814;0.0621;1
184;184;Agent_1;orders came from the seed rule base (rules as-is);0;0;R20[0.04] R26[0.08] A1[0.07];0.08;0.11;0.00;0.06;0.04;0.00;0.77;0.03;0.0815;0.0622;1
184;184;Agent_2;orders came from the seed rule base (rules as-is);0;0;R20[0.08] R26[0.09] A1[0.50];0.09;0.15;0.00;0.44;0.30;0.00;0.89;0.03;0.0815;0.0622;1
184;184;Agent_3;orders came from the seed rule base (rules as-is);0;0;R20[0.05] R26[0.09] A1[0.12];0.09;0.12;0.00;0.11;0.07;0.00;0.77;0.03;0.0815;0.0622;1
185;185;Agent_1;orders came from the seed rule base (rules as-is);0;0;R20[0.04] R26[0.08] A1[0.07];0.08;0.11;0.00;0.06;0.04;0.00;0.77;0.03;0.0817;0.0623;1
185;185;Agent_2;orders came from the seed rule base (rules as-is);0;0;R20[0.08] R26[0.09] A1[0.50];0.09;0.15;0.00;0.44;0.30;0.00;0.89;0.03;0.0817;0.0623;1
185;185;Agent_3;orders came from the seed rule base (rules as-is);0;0;R20[0.05] R26[0.09] A1[0.12];0.09;0.12;0.00;0.11;0.07;0.00;0.77;0.03;0.0817;0.0623;1
186;186;Agent_1;orders came from the seed rule base (rules as-is);0;0;R20[0.04] R26[0.08] A1[0.07];0.08;0.11;0.00;0.06;0.04;0.00;0.77;0.03;0.0818;0.0624;1
186;186;Agent_2;orders came from the seed rule base (rules as-is);0;0;R20[0.08] R26[0.09] A1[0.50];0.09;0.15;0.00;0.44;0.30;0.00;0.89;0.03;0.0818;0.0624;1
186;186;Agent_3;orders came from the seed rule base (rules as-is);0;0;R20[0.05] R26[0.09] A1[0.12];0.09;0.12;0.00;0.11;0.07;0.00;0.77;0.03;0.0818;0.0624;1
187;187;Agent_1;orders came from the seed rule base (rules as-is);0;0;R20[0.04] R26[0.08] A1[0.07];0.08;0.10;0.00;0.06;0.04;0.00;0.77;0.03;0.0819;0.0625;1
187;187;Agent_2;orders came from the seed rule base (rules as-is);0;0;R20[0.08] R26[0.09] A1[0.50];0.09;0.15;0.00;0.44;0.30;0.00;0.89;0.03;0.0819;0.0625;1
187;187;Agent_3;orders came from the seed rule base (rules as-is);0;0;R20[0.05] R26[0.09] A1[0.12];0.09;0.12;0.00;0.11;0.07;0.00;0.77;0.03;0.0819;0.0625;1
188;188;Agent_1;orders came from the seed rule base (rules as-is);0;0;R20[0.04] R26[0.08] A1[0.07];0.08;0.10;0.00;0.06;0.04;0.00;0.77;0.03;0.0820;0.0627;1
188;188;Agent_2;orders came from the seed rule base (rules as-is);0;0;R20[0.08] R26[0.09] A1[0.50];0.09;0.15;0.00;0.44;0.30;0.00;0.89;0.03;0.0820;0.0627;1
188;188;Agent_3;orders came from the seed rule base (rules as-is);0;0;R20[0.05] R26[0.09] A1[0.12];0.09;0.11;0.00;0.11;0.07;0.00;0.77;0.03;0.0820;0.0627;1
189;189;Agent_1;orders came from the seed rule base (rules as-is);0;0;R20[0.04] R26[0.08] A1[0.07];0.08;0.10;0.00;0.06;0.04;0.00;0.77;0.03;0.0821;0.0628;1
189;189;Agent_2;orders came from the seed rule base (rules as-is);0;0;R20[0.08] R26[0.08] A1[0.50];0.08;0.15;0.00;0.44;0.30;0.00;0.89;0.03;0.0821;0.0628;1
189;189;Agent_3;orders came from the seed rule base (rules as-is);0;0;R20[0.04] R26[0.09] A1[0.12];0.09;0.11;0.00;0.11;0.07;0.00;0.77;0.03;0.0821;0.0628;1
190;190;Agent_1;orders came from the seed rule base (rules as-is);0;0;R20[0.04] R26[0.08] A1[0.07];0.08;0.10;0.00;0.06;0.04;0.00;0.77;0.03;0.0823;0.0629;1
190;190;Agent_2;orders came from the seed rule base (rules as-is);0;0;R20[0.08] R26[0.08] A1[0.50];0.08;0.15;0.00;0.44;0.30;0.00;0.89;0.03;0.0823;0.0629;1
190;190;Agent_3;orders came from the seed rule base (rules as-is);0;0;R20[0.04] R26[0.09] A1[0.12];0.09;0.11;0.00;0.11;0.07;0.00;0.77;0.03;0.0823;0.0629;1
191;191;Agent_1;orders came from the seed rule base (rules as-is);0;0;R20[0.04] R26[0.08] A1[0.07];0.08;0.10;0.00;0.06;0.04;0.00;0.77;0.03;0.0824;0.0630;1
191;191;Agent_2;orders came from the seed rule base (rules as-is);0;0;R20[0.08] R26[0.08] A1[0.50];0.08;0.15;0.00;0.44;0.30;0.00;0.89;0.03;0.0824;0.0630;1
191;191;Agent_3;orders came from the seed rule base (rules as-is);0;0;R20[0.04] R26[0.09] A1[0.12];0.09;0.11;0.00;0.11;0.07;0.00;0.77;0.03;0.0824;0.0630;1
192;192;Agent_1;orders came from the seed rule base (rules as-is);0;0;R20[0.04] R26[0.07] A1[0.07];0.07;0.10;0.00;0.06;0.04;0.00;0.77;0.03;0.0825;0.0631;1
192;192;Agent_2;orders came from the seed rule base (rules as-is);0;0;R20[0.08] R26[0.08] A1[0.50];0.08;0.14;0.00;0.44;0.30;0.00;0.89;0.03;0.0825;0.0631;1
192;192;Agent_3;orders came from the seed rule base (rules as-is);0;0;R20[0.04] R26[0.08] A1[0.12];0.08;0.11;0.00;0.11;0.07;0.00;0.77;0.03;0.0825;0.0631;1
193;193;Agent_1;orders came from the seed rule base (rules as-is);0;0;R20[0.04] R26[0.07] A1[0.07];0.07;0.09;0.00;0.06;0.04;0.00;0.77;0.03;0.0826;0.0637;1
193;193;Agent_2;orders came from the seed rule base (rules as-is);0;0;R20[0.08] R26[0.08] A1[0.50];0.08;0.14;0.00;0.44;0.30;0.00;0.89;0.03;0.0826;0.0637;1
193;193;Agent_3;orders came from the seed rule base (rules as-is);0;0;R20[0.04] R26[0.08] A1[0.12];0.08;0.11;0.00;0.11;0.07;0.00;0.77;0.03;0.0826;0.0637;1
194;194;Agent_1;orders came from the seed rule base (rules as-is);0;0;R20[0.03] R26[0.07] A1[0.07];0.07;0.09;0.00;0.06;0.04;0.00;0.77;0.03;0.0827;0.0638;1
194;194;Agent_2;orders came from the seed rule base (rules as-is);0;0;R20[0.08] R26[0.08] A1[0.50];0.08;0.14;0.00;0.44;0.30;0.00;0.89;0.03;0.0827;0.0638;1
194;194;Agent_3;orders came from the seed rule base (rules as-is);0;0;R20[0.04] R26[0.08] A1[0.12];0.08;0.11;0.00;0.11;0.07;0.00;0.77;0.03;0.0827;0.0638;1
195;195;Agent_1;orders came from the seed rule base (rules as-is);0;0;R20[0.03] R26[0.07] A1[0.07];0.07;0.09;0.00;0.06;0.04;0.00;0.77;0.03;0.0829;0.0634;1
195;195;Agent_2;orders came from the seed rule base (rules as-is);0;0;R20[0.08] R26[0.08] A1[0.50];0.08;0.14;0.00;0.44;0.30;0.00;0.89;0.03;0.0829;0.0634;1
195;195;Agent_3;orders came from the seed rule base (rules as-is);0;0;R20[0.04] R26[0.08] A1[0.12];0.08;0.11;0.00;0.11;0.07;0.00;0.77;0.03;0.0829;0.0634;1
196;196;Agent_1;orders came from the seed rule base (rules as-is);0;0;R20[0.03] R26[0.07] A1[0.07];0.07;0.09;0.00;0.06;0.04;0.00;0.77;0.03;0.0830;0.0640;1
196;196;Agent_2;orders came from the seed rule base (rules as-is);0;0;R20[0.08] R26[0.08] A1[0.50];0.08;0.14;0.00;0.44;0.30;0.00;0.89;0.03;0.0830;0.0640;1
196;196;Agent_3;orders came from the seed rule base (rules as-is);0;0;R20[0.04] R26[0.08] A1[0.12];0.08;0.11;0.00;0.11;0.07;0.00;0.77;0.03;0.0830;0.0640;1
197;197;Agent_1;orders came from the seed rule base (rules as-is);0;0;R20[0.03] R26[0.07] A1[0.07];0.07;0.09;0.00;0.06;0.04;0.00;0.77;0.03;0.0831;0.0636;1
197;197;Agent_2;orders came from the seed rule base (rules as-is);0;0;R20[0.08] R26[0.08] A1[0.50];0.08;0.14;0.00;0.44;0.30;0.00;0.89;0.03;0.0831;0.0636;1
197;197;Agent_3;orders came from the seed rule base (rules as-is);0;0;R20[0.04] R26[0.08] A1[0.12];0.08;0.11;0.00;0.11;0.07;0.00;0.77;0.03;0.0831;0.0636;1
198;198;Agent_1;orders came from the seed rule base (rules as-is);0;0;R20[0.03] R26[0.07] A1[0.07];0.07;0.09;0.00;0.06;0.04;0.00;0.77;0.03;0.0832;0.0643;1
198;198;Agent_2;orders came from the seed rule base (rules as-is);0;0;R20[0.07] R26[0.08] A1[0.50];0.08;0.14;0.00;0.44;0.30;0.00;0.89;0.03;0.0832;0.0643;1
198;198;Agent_3;orders came from the seed rule base (rules as-is);0;0;R20[0.04] R26[0.08] A1[0.12];0.08;0.11;0.00;0.11;0.07;0.00;0.77;0.03;0.0832;0.0643;1
199;199;Agent_1;orders came from the seed rule base (rules as-is);0;0;R20[0.03] R26[0.07] A1[0.07];0.07;0.09;0.00;0.06;0.04;0.00;0.77;0.03;0.0839;0.0644;1
199;199;Agent_2;orders came from the seed rule base (rules as-is);0;0;R20[0.07] R26[0.08] A1[0.50];0.08;0.14;0.00;0.44;0.30;0.00;0.89;0.03;0.0839;0.0644;1
199;199;Agent_3;orders came from the seed rule base (rules as-is);0;0;R20[0.04] R26[0.08] A1[0.12];0.08;0.11;0.00;0.11;0.07;0.00;0.77;0.03;0.0839;0.0644;1
200;200;Agent_1;orders came from the seed rule base (rules as-is);0;0;R20[0.03] R26[0.07] A1[0.07];0.07;0.08;0.00;0.06;0.04;0.00;0.77;0.03;0.0840;0.0640;1
200;200;Agent_2;orders came from the seed rule base (rules as-is);0;0;R20[0.07] R26[0.08] A1[0.50];0.08;0.14;0.00;0.44;0.30;0.00;0.89;0.03;0.0840;0.0640;1
200;200;Agent_3;orders came from the seed rule base (rules as-is);0;0;R20[0.04] R26[0.08] A1[0.12];0.08;0.11;0.00;0.11;0.07;0.00;0.77;0.03;0.0840;0.0640;1
201;201;Agent_1;orders came from the seed rule base (rules as-is);0;0;R20[0.03] R26[0.07] A1[0.07];0.07;0.08;0.00;0.06;0.04;0.00;0.77;0.03;0.0841;0.0646;1
201;201;Agent_2;orders came from the seed rule base (rules as-is);0;0;R20[0.07] R26[0.08] A1[0.50];0.08;0.13;0.00;0.44;0.30;0.00;0.89;0.03;0.0841;0.0646;1
201;201;Agent_3;orders came from the seed rule base (rules as-is);0;0;R20[0.04] R26[0.08] A1[0.12];0.08;0.11;0.00;0.11;0.07;0.00;0.77;0.03;0.0841;0.0646;1
202;202;Agent_1;orders came from the seed rule base (rules as-is);0;0;R20[0.03] R26[0.06] A1[0.07];0.06;0.08;0.00;0.06;0.04;0.00;0.77;0.03;0.0842;0.0647;1
202;202;Agent_2;orders came from the seed rule base (rules as-is);0;0;R20[0.07] R26[0.08] A1[0.50];0.08;0.13;0.00;0.44;0.30;0.00;0.89;0.03;0.0842;0.0647;1
202;202;Agent_3;orders came from the seed rule base (rules as-is);0;0;R20[0.04] R26[0.08] A1[0.12];0.08;0.11;0.00;0.11;0.07;0.00;0.77;0.03;0.0842;0.0647;1
203;203;Agent_1;orders came from the seed rule base (rules as-is);0;0;R20[0.03] R26[0.06] A1[0.07];0.06;0.08;0.00;0.06;0.04;0.00;0.76;0.03;0.0843;0.0648;1
203;203;Agent_2;orders came from the seed rule base (rules as-is);0;0;R20[0.07] R26[0.07] A1[0.50];0.07;0.13;0.00;0.44;0.30;0.00;0.89;0.03;0.0843;0.0648;1
203;203;Agent_3;orders came from the seed rule base (rules as-is);0;0;R20[0.04] R26[0.08] A1[0.12];0.08;0.10;0.00;0.11;0.07;0.00;0.77;0.03;0.0843;0.0648;1
204;204;Agent_1;orders came from the seed rule base (rules as-is);0;0;R20[0.03] R26[0.06] A1[0.07];0.06;0.08;0.00;0.06;0.04;0.00;0.76;0.03;0.0845;0.0649;1
204;204;Agent_2;orders came from the seed rule base (rules as-is);0;0;R20[0.07] R26[0.07] A1[0.50];0.07;0.13;0.00;0.44;0.30;0.00;0.89;0.03;0.0845;0.0649;1
204;204;Agent_3;orders came from the seed rule base (rules as-is);0;0;R20[0.04] R26[0.08] A1[0.12];0.08;0.10;0.00;0.11;0.07;0.00;0.77;0.03;0.0845;0.0649;1
205;205;Agent_1;orders came from the seed rule base (rules as-is);0;0;R20[0.03] R26[0.06] A1[0.07];0.06;0.08;0.00;0.06;0.04;0.00;0.76;0.03;0.0846;0.0650;1
205;205;Agent_2;orders came from the seed rule base (rules as-is);0;0;R20[0.07] R26[0.07] A1[0.50];0.07;0.13;0.00;0.44;0.30;0.00;0.89;0.03;0.0846;0.0650;1
205;205;Agent_3;orders came from the seed rule base (rules as-is);0;0;R20[0.04] R26[0.08] A1[0.12];0.08;0.10;0.00;0.11;0.07;0.00;0.77;0.03;0.0846;0.0650;1
206;206;Agent_1;orders came from the seed rule base (rules as-is);0;0;R20[0.03] R26[0.06] A1[0.07];0.06;0.08;0.00;0.06;0.04;0.00;0.76;0.03;0.0847;0.0646;1
206;206;Agent_2;orders came from the seed rule base (rules as-is);0;0;R20[0.07] R26[0.07] A1[0.50];0.07;0.13;0.00;0.44;0.30;0.00;0.89;0.03;0.0847;0.0646;1
206;206;Agent_3;orders came from the seed rule base (rules as-is);0;0;R20[0.04] R26[0.08] A1[0.12];0.08;0.10;0.00;0.11;0.07;0.00;0.77;0.03;0.0847;0.0646;1
207;207;Agent_1;orders came from the seed rule base (rules as-is);0;0;R20[0.03] R26[0.06] A1[0.07];0.06;0.07;0.00;0.06;0.04;0.00;0.76;0.03;0.0848;0.0652;1
207;207;Agent_2;orders came from the seed rule base (rules as-is);0;0;R20[0.07] R26[0.07] A1[0.50];0.07;0.13;0.00;0.44;0.30;0.00;0.89;0.03;0.0848;0.0652;1
207;207;Agent_3;orders came from the seed rule base (rules as-is);0;0;R20[0.04] R26[0.08] A1[0.12];0.08;0.10;0.00;0.11;0.07;0.00;0.77;0.03;0.0848;0.0652;1
208;208;Agent_1;orders came from the seed rule base (rules as-is);0;0;R20[0.03] R26[0.06] A1[0.07];0.06;0.07;0.00;0.06;0.04;0.00;0.76;0.03;0.0849;0.0653;1
208;208;Agent_2;orders came from the seed rule base (rules as-is);0;0;R20[0.07] R26[0.07] A1[0.50];0.07;0.13;0.00;0.44;0.30;0.00;0.89;0.03;0.0849;0.0653;1
208;208;Agent_3;orders came from the seed rule base (rules as-is);0;0;R20[0.04] R26[0.08] A1[0.12];0.08;0.10;0.00;0.11;0.07;0.00;0.77;0.03;0.0849;0.0653;1
209;209;Agent_1;orders came from the seed rule base (rules as-is);0;0;R20[0.03] R26[0.06] A1[0.07];0.06;0.08;0.00;0.06;0.04;0.00;0.76;0.02;0.0850;0.0649;1
209;209;Agent_2;orders came from the seed rule base (rules as-is);0;0;R20[0.07] R26[0.07] A1[0.50];0.07;0.13;0.00;0.44;0.30;0.00;0.89;0.02;0.0850;0.0649;1
209;209;Agent_3;orders came from the seed rule base (rules as-is);0;0;R20[0.04] R26[0.08] A1[0.12];0.08;0.10;0.00;0.11;0.07;0.00;0.77;0.02;0.0850;0.0649;1
210;210;Agent_1;orders came from the seed rule base (rules as-is);0;0;R20[0.03] R26[0.06] A1[0.07];0.06;0.07;0.00;0.06;0.04;0.00;0.76;0.02;0.0851;0.0655;1
210;210;Agent_2;orders came from the seed rule base (rules as-is);0;0;R20[0.07] R26[0.07] A1[0.50];0.07;0.13;0.00;0.44;0.30;0.00;0.89;0.02;0.0851;0.0655;1
210;210;Agent_3;orders came from the seed rule base (rules as-is);0;0;R20[0.04] R26[0.07] A1[0.12];0.07;0.10;0.00;0.11;0.07;0.00;0.77;0.02;0.0851;0.0655;1
211;211;Agent_1;orders came from the seed rule base (rules as-is);0;0;R20[0.03] R26[0.06] A1[0.07];0.06;0.07;0.00;0.06;0.04;0.00;0.76;0.02;0.0847;0.0651;1
211;211;Agent_2;orders came from the seed rule base (rules as-is);0;0;R20[0.07] R26[0.07] A1[0.50];0.07;0.12;0.00;0.44;0.30;0.00;0.89;0.02;0.0847;0.0651;1
211;211;Agent_3;orders came from the seed rule base (rules as-is);0;0;R20[0.04] R26[0.07] A1[0.12];0.07;0.10;0.00;0.11;0.07;0.00;0.77;0.02;0.0847;0.0651;1
212;212;Agent_1;orders came from the seed rule base (rules as-is);0;0;R20[0.03] R26[0.05] A1[0.07];0.05;0.07;0.00;0.06;0.04;0.00;0.76;0.02;0.0849;0.0652;1
212;212;Agent_2;orders came from the seed rule base (rules as-is);0;0;R20[0.07] R26[0.07] A1[0.50];0.07;0.12;0.00;0.44;0.30;0.00;0.89;0.02;0.0849;0.0652;1
212;212;Agent_3;orders came from the seed rule base (rules as-is);0;0;R20[0.04] R26[0.07] A1[0.12];0.07;0.10;0.00;0.11;0.07;0.00;0.77;0.02;0.0849;0.0652;1
213;213;Agent_1;orders came from the seed rule base (rules as-is);0;0;R20[0.03] R26[0.05] A1[0.07];0.05;0.07;0.00;0.06;0.04;0.00;0.76;0.02;0.0850;0.0654;1
213;213;Agent_2;orders came from the seed rule base (rules as-is);0;0;R20[0.07] R26[0.07] A1[0.50];0.07;0.12;0.00;0.44;0.30;0.00;0.89;0.02;0.0850;0.0654;1
213;213;Agent_3;orders came from the seed rule base (rules as-is);0;0;R20[0.04] R26[0.07] A1[0.12];0.07;0.10;0.00;0.11;0.07;0.00;0.77;0.02;0.0850;0.0654;1
214;214;Agent_1;orders came from the seed rule base (rules as-is);0;0;R20[0.03] R26[0.05] A1[0.07];0.05;0.07;0.00;0.06;0.04;0.00;0.76;0.02;0.0851;0.0655;1
214;214;Agent_2;orders came from the seed rule base (rules as-is);0;0;R20[0.07] R26[0.07] A1[0.50];0.07;0.12;0.00;0.44;0.30;0.00;0.89;0.02;0.0851;0.0655;1
214;214;Agent_3;orders came from the seed rule base (rules as-is);0;0;R20[0.04] R26[0.07] A1[0.12];0.07;0.10;0.00;0.11;0.07;0.00;0.77;0.02;0.0851;0.0655;1
215;215;Agent_1;orders came from the seed rule base (rules as-is);0;0;R20[0.03] R26[0.05] A1[0.07];0.05;0.07;0.00;0.06;0.04;0.00;0.76;0.02;0.0852;0.0656;1
215;215;Agent_2;orders came from the seed rule base (rules as-is);0;0;R20[0.07] R26[0.07] A1[0.50];0.07;0.12;0.00;0.44;0.30;0.00;0.89;0.02;0.0852;0.0656;1
215;215;Agent_3;orders came from the seed rule base (rules as-is);0;0;R20[0.04] R26[0.07] A1[0.12];0.07;0.10;0.00;0.11;0.07;0.00;0.77;0.02;0.0852;0.0656;1
216;216;Agent_1;orders came from the seed rule base (rules as-is);0;0;R20[0.03] R26[0.05] A1[0.07];0.05;0.07;0.00;0.06;0.04;0.00;0.76;0.02;0.0853;0.0657;1
216;216;Agent_2;orders came from the seed rule base (rules as-is);0;0;R20[0.07] R26[0.07] A1[0.50];0.07;0.12;0.00;0.44;0.30;0.00;0.89;0.02;0.0853;0.0657;1
216;216;Agent_3;orders came from the seed rule base (rules as-is);0;0;R20[0.04] R26[0.07] A1[0.12];0.07;0.10;0.00;0.11;0.07;0.00;0.77;0.02;0.0853;0.0657;1
217;217;Agent_1;orders came from the seed rule base (rules as-is);0;0;R20[0.03] R26[0.05] A1[0.07];0.05;0.06;0.00;0.06;0.04;0.00;0.76;0.02;0.0854;0.0658;1
217;217;Agent_2;orders came from the seed rule base (rules as-is);0;0;R20[0.06] R26[0.07] A1[0.50];0.07;0.12;0.00;0.44;0.30;0.00;0.89;0.02;0.0854;0.0658;1
217;217;Agent_3;orders came from the seed rule base (rules as-is);0;0;R20[0.04] R26[0.07] A1[0.12];0.07;0.10;0.00;0.11;0.07;0.00;0.77;0.02;0.0854;0.0658;1
218;218;Agent_1;orders came from the seed rule base (rules as-is);0;0;R20[0.02] R26[0.05] A1[0.07];0.05;0.06;0.00;0.06;0.04;0.00;0.76;0.02;0.0855;0.0659;1
218;218;Agent_2;orders came from the seed rule base (rules as-is);0;0;R20[0.06] R26[0.07] A1[0.50];0.07;0.12;0.00;0.44;0.30;0.00;0.89;0.02;0.0855;0.0659;1
218;218;Agent_3;orders came from the seed rule base (rules as-is);0;0;R20[0.04] R26[0.07] A1[0.12];0.07;0.10;0.00;0.11;0.07;0.00;0.78;0.02;0.0855;0.0659;1
219;219;Agent_1;orders came from the seed rule base (rules as-is);0;0;R20[0.03] R26[0.05] A1[0.07];0.05;0.06;0.00;0.06;0.04;0.00;0.76;0.02;0.0857;0.0660;1
219;219;Agent_2;orders came from the seed rule base (rules as-is);0;0;R20[0.06] R26[0.06] A1[0.50];0.06;0.11;0.00;0.44;0.30;0.00;0.89;0.02;0.0857;0.0660;1
219;219;Agent_3;orders came from the seed rule base (rules as-is);0;0;R20[0.04] R26[0.07] A1[0.12];0.07;0.09;0.00;0.11;0.07;0.00;0.77;0.02;0.0857;0.0660;1
220;220;Agent_1;orders came from the seed rule base (rules as-is);0;0;R20[0.02] R26[0.05] A1[0.07];0.05;0.06;0.00;0.06;0.04;0.00;0.76;0.02;0.0858;0.0661;1
220;220;Agent_2;orders came from the seed rule base (rules as-is);0;0;R20[0.06] R26[0.06] A1[0.50];0.06;0.11;0.00;0.44;0.30;0.00;0.89;0.02;0.0858;0.0661;1
220;220;Agent_3;orders came from the seed rule base (rules as-is);0;0;R20[0.04] R26[0.07] A1[0.12];0.07;0.09;0.00;0.11;0.07;0.00;0.77;0.02;0.0858;0.0661;1
221;221;Agent_1;orders came from the seed rule base (rules as-is);0;0;R20[0.02] R26[0.05] A1[0.07];0.05;0.06;0.00;0.06;0.04;0.00;0.76;0.02;0.0859;0.0662;1
221;221;Agent_2;orders came from the seed rule base (rules as-is);0;0;R20[0.06] R26[0.06] A1[0.50];0.06;0.11;0.00;0.44;0.30;0.00;0.89;0.02;0.0859;0.0662;1
221;221;Agent_3;orders came from the seed rule base (rules as-is);0;0;R20[0.04] R26[0.07] A1[0.12];0.07;0.09;0.00;0.11;0.07;0.00;0.77;0.02;0.0859;0.0662;1
222;222;Agent_1;orders came from the seed rule base (rules as-is);0;0;R20[0.02] R26[0.05] A1[0.07];0.05;0.06;0.00;0.06;0.04;0.00;0.76;0.02;0.0860;0.0663;1
222;222;Agent_2;orders came from the seed rule base (rules as-is);0;0;R20[0.06] R26[0.06] A1[0.50];0.06;0.11;0.00;0.44;0.30;0.00;0.89;0.02;0.0860;0.0663;1
222;222;Agent_3;orders came from the seed rule base (rules as-is);0;0;R20[0.04] R26[0.07] A1[0.12];0.07;0.09;0.00;0.11;0.07;0.00;0.77;0.02;0.0860;0.0663;1
223;223;Agent_1;orders came from the seed rule base (rules as-is);0;0;R20[0.02] R26[0.05] A1[0.07];0.05;0.06;0.00;0.06;0.04;0.00;0.76;0.02;0.0861;0.0664;1
223;223;Agent_2;orders came from the seed rule base (rules as-is);0;0;R20[0.06] R26[0.06] A1[0.50];0.06;0.11;0.00;0.44;0.30;0.00;0.89;0.02;0.0861;0.0664;1
223;223;Agent_3;orders came from the seed rule base (rules as-is);0;0;R20[0.04] R26[0.07] A1[0.12];0.07;0.09;0.00;0.11;0.07;0.00;0.77;0.02;0.0861;0.0664;1
224;224;Agent_1;orders came from the seed rule base (rules as-is);0;0;R20[0.02] R26[0.05] A1[0.07];0.05;0.06;0.00;0.06;0.04;0.00;0.76;0.02;0.0862;0.0665;1
224;224;Agent_2;orders came from the seed rule base (rules as-is);0;0;R20[0.06] R26[0.06] A1[0.50];0.06;0.11;0.00;0.44;0.30;0.00;0.89;0.02;0.0862;0.0665;1
224;224;Agent_3;orders came from the seed rule base (rules as-is);0;0;R20[0.04] R26[0.07] A1[0.12];0.07;0.09;0.00;0.11;0.07;0.00;0.77;0.02;0.0862;0.0665;1
225;225;Agent_1;orders came from the seed rule base (rules as-is);0;0;R20[0.02] R26[0.04] A1[0.07];0.04;0.06;0.00;0.06;0.04;0.00;0.76;0.02;0.0864;0.0666;1
225;225;Agent_2;orders came from the seed rule base (rules as-is);0;0;R20[0.06] R26[0.06] A1[0.50];0.06;0.11;0.00;0.44;0.30;0.00;0.89;0.02;0.0864;0.0666;1
225;225;Agent_3;orders came from the seed rule base (rules as-is);0;0;R20[0.04] R26[0.07] A1[0.12];0.07;0.09;0.00;0.11;0.07;0.00;0.77;0.02;0.0864;0.0666;1
226;226;Agent_1;orders came from the seed rule base (rules as-is);0;0;R20[0.02] R26[0.04] A1[0.07];0.04;0.06;0.00;0.06;0.04;0.00;0.76;0.02;0.0865;0.0667;1
226;226;Agent_2;orders came from the seed rule base (rules as-is);0;0;R20[0.06] R26[0.06] A1[0.50];0.06;0.11;0.00;0.44;0.30;0.00;0.89;0.02;0.0865;0.0667;1
226;226;Agent_3;orders came from the seed rule base (rules as-is);0;0;R20[0.03] R26[0.07] A1[0.12];0.07;0.09;0.00;0.11;0.07;0.00;0.77;0.02;0.0865;0.0667;1
227;227;Agent_1;orders came from the seed rule base (rules as-is);0;0;R20[0.02] R26[0.04] A1[0.07];0.04;0.06;0.00;0.06;0.04;0.00;0.76;0.02;0.0866;0.0668;1
227;227;Agent_2;orders came from the seed rule base (rules as-is);0;0;R20[0.06] R26[0.06] A1[0.50];0.06;0.10;0.00;0.44;0.30;0.00;0.89;0.02;0.0866;0.0668;1
227;227;Agent_3;orders came from the seed rule base (rules as-is);0;0;R20[0.03] R26[0.06] A1[0.12];0.06;0.09;0.00;0.11;0.07;0.00;0.77;0.02;0.0866;0.0668;1
228;228;Agent_1;orders came from the seed rule base (rules as-is);0;0;R20[0.02] R26[0.04] A1[0.07];0.04;0.06;0.00;0.06;0.04;0.00;0.76;0.02;0.0867;0.0675;1
228;228;Agent_2;orders came from the seed rule base (rules as-is);0;0;R20[0.06] R26[0.06] A1[0.50];0.06;0.10;0.00;0.44;0.30;0.00;0.89;0.02;0.0867;0.0675;1
228;228;Agent_3;orders came from the seed rule base (rules as-is);0;0;R20[0.03] R26[0.06] A1[0.12];0.06;0.08;0.00;0.11;0.07;0.00;0.77;0.02;0.0867;0.0675;1
229;229;Agent_1;orders came from the seed rule base (rules as-is);0;0;R20[0.02] R26[0.04] A1[0.07];0.04;0.06;0.00;0.06;0.04;0.00;0.76;0.02;0.0868;0.0671;1
229;229;Agent_2;orders came from the seed rule base (rules as-is);0;0;R20[0.06] R26[0.06] A1[0.50];0.06;0.10;0.00;0.44;0.30;0.00;0.89;0.02;0.0868;0.0671;1
229;229;Agent_3;orders came from the seed rule base (rules as-is);0;0;R20[0.03] R26[0.06] A1[0.12];0.06;0.08;0.00;0.11;0.07;0.00;0.77;0.02;0.0868;0.0671;1
230;230;Agent_1;orders came from the seed rule base (rules as-is);0;0;R20[0.02] R26[0.04] A1[0.07];0.04;0.06;0.00;0.06;0.04;0.00;0.76;0.02;0.0869;0.0677;1
230;230;Agent_2;orders came from the seed rule base (rules as-is);0;0;R20[0.06] R26[0.06] A1[0.50];0.06;0.10;0.00;0.44;0.30;0.00;0.89;0.02;0.0869;0.0677;1
230;230;Agent_3;orders came from the seed rule base (rules as-is);0;0;R20[0.03] R26[0.06] A1[0.12];0.06;0.08;0.00;0.11;0.07;0.00;0.77;0.02;0.0869;0.0677;1
231;231;Agent_1;orders came from the seed rule base (rules as-is);0;0;R20[0.02] R26[0.04] A1[0.07];0.04;0.05;0.00;0.06;0.04;0.00;0.76;0.02;0.0870;0.0678;1
231;231;Agent_2;orders came from the seed rule base (rules as-is);0;0;R20[0.06] R26[0.06] A1[0.50];0.06;0.10;0.00;0.44;0.30;0.00;0.89;0.02;0.0870;0.0678;1
231;231;Agent_3;orders came from the seed rule base (rules as-is);0;0;R20[0.03] R26[0.06] A1[0.12];0.06;0.08;0.00;0.11;0.07;0.00;0.77;0.02;0.0870;0.0678;1
232;232;Agent_1;orders came from the seed rule base (rules as-is);0;0;R20[0.02] R26[0.04] A1[0.07];0.04;0.05;0.00;0.06;0.04;0.00;0.76;0.02;0.0871;0.0679;1
232;232;Agent_2;orders came from the seed rule base (rules as-is);0;0;R20[0.06] R26[0.06] A1[0.50];0.06;0.10;0.00;0.44;0.30;0.00;0.89;0.02;0.0871;0.0679;1
232;232;Agent_3;orders came from the seed rule base (rules as-is);0;0;R20[0.03] R26[0.06] A1[0.12];0.06;0.08;0.00;0.11;0.07;0.00;0.77;0.02;0.0871;0.0679;1
233;233;Agent_1;orders came from the seed rule base (rules as-is);0;0;R20[0.02] R26[0.04] A1[0.07];0.04;0.05;0.00;0.06;0.04;0.00;0.76;0.02;0.0878;0.0685;1
233;233;Agent_2;orders came from the seed rule base (rules as-is);0;0;R20[0.06] R26[0.05] A1[0.50];0.05;0.10;0.00;0.44;0.30;0.00;0.89;0.02;0.0878;0.0685;1
233;233;Agent_3;orders came from the seed rule base (rules as-is);0;0;R20[0.03] R26[0.06] A1[0.12];0.06;0.08;0.00;0.11;0.07;0.00;0.78;0.02;0.0878;0.0685;1
234;234;Agent_1;orders came from the seed rule base (rules as-is);0;0;R20[0.02] R26[0.04] A1[0.07];0.04;0.05;0.00;0.06;0.04;0.00;0.76;0.02;0.0879;0.0686;1
234;234;Agent_2;orders came from the seed rule base (rules as-is);0;0;R20[0.06] R26[0.05] A1[0.50];0.05;0.10;0.00;0.44;0.30;0.00;0.89;0.02;0.0879;0.0686;1
234;234;Agent_3;orders came from the seed rule base (rules as-is);0;0;R20[0.03] R26[0.06] A1[0.12];0.06;0.08;0.00;0.11;0.07;0.00;0.77;0.02;0.0879;0.0686;1
235;235;Agent_1;orders came from the seed rule base (rules as-is);0;0;R20[0.02] R26[0.04] A1[0.07];0.04;0.05;0.00;0.06;0.04;0.00;0.76;0.02;0.0880;0.0687;1
235;235;Agent_2;orders came from the seed rule base (rules as-is);0;0;R20[0.06] R26[0.05] A1[0.50];0.05;0.10;0.00;0.44;0.30;0.00;0.89;0.02;0.0880;0.0687;1
235;235;Agent_3;orders came from the seed rule base (rules as-is);0;0;R20[0.03] R26[0.06] A1[0.12];0.06;0.08;0.00;0.11;0.07;0.00;0.78;0.02;0.0880;0.0687;1
236;236;Agent_1;orders came from the seed rule base (rules as-is);0;0;R20[0.02] R26[0.04] A1[0.07];0.04;0.05;0.00;0.06;0.04;0.00;0.76;0.02;0.0881;0.0688;1
236;236;Agent_2;orders came from the seed rule base (rules as-is);0;0;R20[0.06] R26[0.05] A1[0.50];0.05;0.10;0.00;0.44;0.30;0.00;0.89;0.02;0.0881;0.0688;1
236;236;Agent_3;orders came from the seed rule base (rules as-is);0;0;R20[0.03] R26[0.06] A1[0.12];0.06;0.08;0.00;0.11;0.07;0.00;0.77;0.02;0.0881;0.0688;1
237;237;Agent_1;orders came from the seed rule base (rules as-is);0;0;R20[0.02] R26[0.04] A1[0.07];0.04;0.05;0.00;0.06;0.04;0.00;0.76;0.02;0.0882;0.0684;1
237;237;Agent_2;orders came from the seed rule base (rules as-is);0;0;R20[0.05] R26[0.05] A1[0.50];0.05;0.10;0.00;0.44;0.30;0.00;0.89;0.02;0.0882;0.0684;1
237;237;Agent_3;orders came from the seed rule base (rules as-is);0;0;R20[0.03] R26[0.06] A1[0.12];0.06;0.08;0.00;0.11;0.07;0.00;0.77;0.02;0.0882;0.0684;1
238;238;Agent_1;orders came from the seed rule base (rules as-is);0;0;R20[0.02] R26[0.03] A1[0.07];0.03;0.05;0.00;0.06;0.04;0.00;0.76;0.02;0.0883;0.0685;1
238;238;Agent_2;orders came from the seed rule base (rules as-is);0;0;R20[0.05] R26[0.05] A1[0.50];0.05;0.10;0.00;0.44;0.30;0.00;0.89;0.02;0.0883;0.0685;1
238;238;Agent_3;orders came from the seed rule base (rules as-is);0;0;R20[0.03] R26[0.06] A1[0.12];0.06;0.08;0.00;0.11;0.07;0.00;0.77;0.02;0.0883;0.0685;1
239;239;Agent_1;orders came from the seed rule base (rules as-is);0;0;R20[0.02] R26[0.03] A1[0.07];0.03;0.05;0.00;0.06;0.04;0.00;0.76;0.02;0.0885;0.0691;1
239;239;Agent_2;orders came from the seed rule base (rules as-is);0;0;R20[0.05] R26[0.05] A1[0.50];0.05;0.10;0.00;0.44;0.30;0.00;0.89;0.02;0.0885;0.0691;1
239;239;Agent_3;orders came from the seed rule base (rules as-is);0;0;R20[0.03] R26[0.06] A1[0.12];0.06;0.08;0.00;0.11;0.07;0.00;0.77;0.02;0.0885;0.0691;1
240;240;Agent_1;orders came from the seed rule base (rules as-is);0;0;R20[0.02] R26[0.03] A1[0.07];0.03;0.04;0.00;0.06;0.04;0.00;0.76;0.02;0.0886;0.0687;1
240;240;Agent_2;orders came from the seed rule base (rules as-is);0;0;R20[0.05] R26[0.05] A1[0.50];0.05;0.09;0.00;0.44;0.30;0.00;0.89;0.02;0.0886;0.0687;1
240;240;Agent_3;orders came from the seed rule base (rules as-is);0;0;R20[0.03] R26[0.06] A1[0.12];0.06;0.08;0.00;0.11;0.07;0.00;0.77;0.02;0.0886;0.0687;1
241;241;Agent_1;orders came from the seed rule base (rules as-is);0;0;R20[0.02] R26[0.03] A1[0.07];0.03;0.04;0.00;0.06;0.04;0.00;0.76;0.02;0.0887;0.0688;1
241;241;Agent_2;orders came from the seed rule base (rules as-is);0;0;R20[0.05] R26[0.05] A1[0.50];0.05;0.09;0.00;0.44;0.30;0.00;0.89;0.02;0.0887;0.0688;1
241;241;Agent_3;orders came from the seed rule base (rules as-is);0;0;R20[0.03] R26[0.06] A1[0.12];0.06;0.07;0.00;0.11;0.07;0.00;0.77;0.02;0.0887;0.0688;1
242;242;Agent_1;orders came from the seed rule base (rules as-is);0;0;R20[0.02] R26[0.03] A1[0.07];0.03;0.04;0.00;0.06;0.04;0.00;0.76;0.02;0.0888;0.0689;1
242;242;Agent_2;orders came from the seed rule base (rules as-is);0;0;R20[0.05] R26[0.05] A1[0.50];0.05;0.09;0.00;0.44;0.30;0.00;0.89;0.02;0.0888;0.0689;1
242;242;Agent_3;orders came from the seed rule base (rules as-is);0;0;R20[0.03] R26[0.06] A1[0.12];0.06;0.08;0.00;0.11;0.07;0.00;0.77;0.02;0.0888;0.0689;1
243;243;Agent_1;orders came from the seed rule base (rules as-is);0;0;R20[0.02] R26[0.03] A1[0.07];0.03;0.04;0.00;0.06;0.04;0.00;0.76;0.02;0.0889;0.0690;1
243;243;Agent_2;orders came from the seed rule base (rules as-is);0;0;R20[0.05] R26[0.05] A1[0.50];0.05;0.09;0.00;0.44;0.30;0.00;0.89;0.02;0.0889;0.0690;1
243;243;Agent_3;orders came from the seed rule base (rules as-is);0;0;R20[0.03] R26[0.06] A1[0.12];0.06;0.07;0.00;0.11;0.07;0.00;0.77;0.02;0.0889;0.0690;1
244;244;Agent_1;orders came from the seed rule base (rules as-is);0;0;R20[0.02] R26[0.03] A1[0.07];0.03;0.04;0.00;0.06;0.04;0.00;0.76;0.02;0.0890;0.0697;1
244;244;Agent_2;orders came from the seed rule base (rules as-is);0;0;R20[0.05] R26[0.05] A1[0.50];0.05;0.09;0.00;0.44;0.30;0.00;0.89;0.02;0.0890;0.0697;1
244;244;Agent_3;orders came from the seed rule base (rules as-is);0;0;R20[0.03] R26[0.06] A1[0.12];0.06;0.07;0.00;0.11;0.07;0.00;0.77;0.02;0.0890;0.0697;1
245;245;Agent_1;orders came from the seed rule base (rules as-is);0;0;R20[0.02] R26[0.03] A1[0.07];0.03;0.04;0.00;0.06;0.04;0.00;0.76;0.02;0.0891;0.0687;1
245;245;Agent_2;orders came from the seed rule base (rules as-is);0;0;R20[0.05] R26[0.05] A1[0.50];0.05;0.09;0.00;0.44;0.30;0.00;0.89;0.02;0.0891;0.0687;1
245;245;Agent_3;orders came from the seed rule base (rules as-is);0;0;R20[0.03] R26[0.05] A1[0.12];0.05;0.07;0.00;0.11;0.07;0.00;0.77;0.02;0.0891;0.0687;1
246;246;Agent_1;orders came from the seed rule base (rules as-is);0;0;R20[0.02] R26[0.03] A1[0.07];0.03;0.04;0.00;0.06;0.04;0.00;0.76;0.02;0.0892;0.0694;1
246;246;Agent_2;orders came from the seed rule base (rules as-is);0;0;R20[0.05] R26[0.04] A1[0.50];0.04;0.08;0.00;0.44;0.30;0.00;0.89;0.02;0.0892;0.0694;1
246;246;Agent_3;orders came from the seed rule base (rules as-is);0;0;R20[0.03] R26[0.06] A1[0.12];0.06;0.07;0.00;0.11;0.07;0.00;0.77;0.02;0.0892;0.0694;1
247;247;Agent_1;orders came from the seed rule base (rules as-is);0;0;R20[0.02] R26[0.03] A1[0.07];0.03;0.04;0.00;0.06;0.04;0.00;0.76;0.02;0.0893;0.0690;1
247;247;Agent_2;orders came from the seed rule base (rules as-is);0;0;R20[0.05] R26[0.04] A1[0.50];0.04;0.08;0.00;0.44;0.30;0.00;0.89;0.02;0.0893;0.0690;1
247;247;Agent_3;orders came from the seed rule base (rules as-is);0;0;R20[0.03] R26[0.06] A1[0.12];0.06;0.07;0.00;0.11;0.07;0.00;0.78;0.02;0.0893;0.0690;1
248;248;Agent_1;orders came from the seed rule base (rules as-is);0;0;R20[0.02] R26[0.03] A1[0.07];0.03;0.04;0.00;0.06;0.04;0.00;0.76;0.02;0.0895;0.0696;1
248;248;Agent_2;orders came from the seed rule base (rules as-is);0;0;R20[0.05] R26[0.04] A1[0.50];0.04;0.08;0.00;0.44;0.30;0.00;0.89;0.02;0.0895;0.0696;1
248;248;Agent_3;orders came from the seed rule base (rules as-is);0;0;R20[0.03] R26[0.05] A1[0.12];0.05;0.07;0.00;0.11;0.07;0.00;0.77;0.02;0.0895;0.0696;1
249;249;Agent_1;orders came from the seed rule base (rules as-is);0;0;R20[0.02] R26[0.03] A1[0.07];0.03;0.04;0.00;0.06;0.04;0.00;0.76;0.02;0.0896;0.0697;1
249;249;Agent_2;orders came from the seed rule base (rules as-is);0;0;R20[0.05] R26[0.04] A1[0.50];0.04;0.08;0.00;0.44;0.30;0.00;0.89;0.02;0.0896;0.0697;1
249;249;Agent_3;orders came from the seed rule base (rules as-is);0;0;R20[0.03] R26[0.05] A1[0.12];0.05;0.07;0.00;0.11;0.07;0.00;0.77;0.02;0.0896;0.0697;1
250;250;Agent_1;orders came from the seed rule base (rules as-is);0;0;R20[0.02] R26[0.03] A1[0.07];0.03;0.04;0.00;0.06;0.04;0.00;0.76;0.02;0.0897;0.0698;1
250;250;Agent_2;orders came from the seed rule base (rules as-is);0;0;R20[0.05] R26[0.04] A1[0.50];0.04;0.08;0.00;0.44;0.30;0.00;0.89;0.02;0.0897;0.0698;1
250;250;Agent_3;orders came from the seed rule base (rules as-is);0;0;R20[0.03] R26[0.05] A1[0.12];0.05;0.07;0.00;0.11;0.07;0.00;0.78;0.02;0.0897;0.0698;1
251;251;Agent_1;orders came from the seed rule base (rules as-is);0;0;R20[0.02] R26[0.03] A1[0.07];0.03;0.04;0.00;0.06;0.04;0.00;0.76;0.02;0.0898;0.0699;1
251;251;Agent_2;orders came from the seed rule base (rules as-is);0;0;R20[0.05] R26[0.04] A1[0.50];0.04;0.08;0.00;0.44;0.30;0.00;0.89;0.02;0.0898;0.0699;1
251;251;Agent_3;orders came from the seed rule base (rules as-is);0;0;R20[0.03] R26[0.05] A1[0.12];0.05;0.07;0.00;0.11;0.07;0.00;0.78;0.02;0.0898;0.0699;1
252;252;Agent_1;orders came from the seed rule base (rules as-is);0;0;R20[0.02] R26[0.03] A1[0.07];0.03;0.04;0.00;0.06;0.04;0.00;0.76;0.02;0.0899;0.0700;1
252;252;Agent_2;orders came from the seed rule base (rules as-is);0;0;R20[0.05] R26[0.04] A1[0.50];0.04;0.08;0.00;0.44;0.30;0.00;0.89;0.02;0.0899;0.0700;1
252;252;Agent_3;orders came from the seed rule base (rules as-is);0;0;R20[0.03] R26[0.05] A1[0.12];0.05;0.07;0.00;0.11;0.07;0.00;0.78;0.02;0.0899;0.0700;1
253;253;Agent_1;orders came from the seed rule base (rules as-is);0;0;R20[0.02] R26[0.03] A1[0.07];0.03;0.04;0.00;0.06;0.04;0.00;0.76;0.02;0.0900;0.0701;1
253;253;Agent_2;orders came from the seed rule base (rules as-is);0;0;R20[0.05] R26[0.04] A1[0.50];0.04;0.08;0.00;0.44;0.30;0.00;0.89;0.02;0.0900;0.0701;1
253;253;Agent_3;orders came from the seed rule base (rules as-is);0;0;R20[0.03] R26[0.05] A1[0.12];0.05;0.07;0.00;0.11;0.07;0.00;0.78;0.02;0.0900;0.0701;1
254;254;Agent_1;orders came from the seed rule base (rules as-is);0;0;R20[0.02] R26[0.03] A1[0.07];0.03;0.04;0.00;0.06;0.04;0.00;0.76;0.02;0.0901;0.0702;1
254;254;Agent_2;orders came from the seed rule base (rules as-is);0;0;R20[0.05] R26[0.04] A1[0.50];0.04;0.08;0.00;0.44;0.30;0.00;0.89;0.02;0.0901;0.0702;1
254;254;Agent_3;orders came from the seed rule base (rules as-is);0;0;R20[0.03] R26[0.05] A1[0.12];0.05;0.07;0.00;0.11;0.07;0.00;0.78;0.02;0.0901;0.0702;1
255;255;Agent_1;orders came from the seed rule base (rules as-is);0;0;R20[0.01] R26[0.03] A1[0.07];0.03;0.04;0.00;0.06;0.04;0.00;0.76;0.02;0.0902;0.0703;1
255;255;Agent_2;orders came from the seed rule base (rules as-is);0;0;R20[0.05] R26[0.04] A1[0.50];0.04;0.08;0.00;0.44;0.30;0.00;0.89;0.02;0.0902;0.0703;1
255;255;Agent_3;orders came from the seed rule base (rules as-is);0;0;R20[0.03] R26[0.05] A1[0.12];0.05;0.07;0.00;0.11;0.07;0.00;0.78;0.02;0.0902;0.0703;1
256;256;Agent_1;orders came from the seed rule base (rules as-is);0;0;R20[0.01] R26[0.03] A1[0.07];0.03;0.04;0.00;0.06;0.04;0.00;0.76;0.02;0.0903;0.0704;1
256;256;Agent_2;orders came from the seed rule base (rules as-is);0;0;R20[0.05] R26[0.04] A1[0.50];0.04;0.08;0.00;0.44;0.30;0.00;0.89;0.02;0.0903;0.0704;1
256;256;Agent_3;orders came from the seed rule base (rules as-is);0;0;R20[0.03] R26[0.05] A1[0.12];0.05;0.07;0.00;0.11;0.07;0.00;0.78;0.02;0.0903;0.0704;1
257;257;Agent_1;orders came from the seed rule base (rules as-is);0;0;R20[0.01] R26[0.02] A1[0.07];0.02;0.03;0.00;0.06;0.04;0.00;0.76;0.02;0.0904;0.0705;1
257;257;Agent_2;orders came from the seed rule base (rules as-is);0;0;R20[0.04] R26[0.04] A1[0.50];0.04;0.08;0.00;0.44;0.30;0.00;0.89;0.02;0.0904;0.0705;1
257;257;Agent_3;orders came from the seed rule base (rules as-is);0;0;R20[0.03] R26[0.05] A1[0.12];0.05;0.07;0.00;0.11;0.07;0.00;0.78;0.02;0.0904;0.0705;1
258;258;Agent_1;orders came from the seed rule base (rules as-is);0;0;R20[0.01] R26[0.03] A1[0.07];0.03;0.03;0.00;0.06;0.04;0.00;0.76;0.02;0.0906;0.0706;1
258;258;Agent_2;orders came from the seed rule base (rules as-is);0;0;R20[0.04] R26[0.04] A1[0.50];0.04;0.07;0.00;0.44;0.30;0.00;0.89;0.02;0.0906;0.0706;1
258;258;Agent_3;orders came from the seed rule base (rules as-is);0;0;R20[0.03] R26[0.05] A1[0.12];0.05;0.07;0.00;0.11;0.07;0.00;0.78;0.02;0.0906;0.0706;1
259;259;Agent_1;orders came from the seed rule base (rules as-is);0;0;R20[0.01] R26[0.02] A1[0.07];0.02;0.03;0.00;0.06;0.04;0.00;0.76;0.02;0.0907;0.0707;1
259;259;Agent_2;orders came from the seed rule base (rules as-is);0;0;R20[0.04] R26[0.04] A1[0.50];0.04;0.07;0.00;0.44;0.30;0.00;0.89;0.02;0.0907;0.0707;1
259;259;Agent_3;orders came from the seed rule base (rules as-is);0;0;R20[0.03] R26[0.05] A1[0.12];0.05;0.07;0.00;0.11;0.07;0.00;0.78;0.02;0.0907;0.0707;1
260;260;Agent_1;orders came from the seed rule base (rules as-is);0;0;R20[0.01] R26[0.02] A1[0.07];0.02;0.03;0.00;0.06;0.04;0.00;0.76;0.02;0.0908;0.0708;1
260;260;Agent_2;orders came from the seed rule base (rules as-is);0;0;R20[0.04] R26[0.04] A1[0.50];0.04;0.07;0.00;0.44;0.30;0.00;0.89;0.02;0.0908;0.0708;1
260;260;Agent_3;orders came from the seed rule base (rules as-is);0;0;R20[0.03] R26[0.05] A1[0.12];0.05;0.07;0.00;0.11;0.07;0.00;0.78;0.02;0.0908;0.0708;1
261;261;Agent_1;orders came from the seed rule base (rules as-is);0;0;R20[0.01] R26[0.02] A1[0.07];0.02;0.03;0.00;0.06;0.04;0.00;0.76;0.02;0.0909;0.0709;1
261;261;Agent_2;orders came from the seed rule base (rules as-is);0;0;R20[0.04] R26[0.04] A1[0.50];0.04;0.07;0.00;0.44;0.30;0.00;0.89;0.02;0.0909;0.0709;1
261;261;Agent_3;orders came from the seed rule base (rules as-is);0;0;R20[0.03] R26[0.05] A1[0.12];0.05;0.07;0.00;0.11;0.07;0.00;0.78;0.02;0.0909;0.0709;1
262;262;Agent_1;orders came from the seed rule base (rules as-is);0;0;R20[0.01] R26[0.02] A1[0.07];0.02;0.03;0.00;0.06;0.04;0.00;0.76;0.02;0.0910;0.0710;1
262;262;Agent_2;orders came from the seed rule base (rules as-is);0;0;R20[0.04] R26[0.04] A1[0.50];0.04;0.07;0.00;0.44;0.30;0.00;0.89;0.02;0.0910;0.0710;1
262;262;Agent_3;orders came from the seed rule base (rules as-is);0;0;R20[0.03] R26[0.05] A1[0.12];0.05;0.07;0.00;0.11;0.07;0.00;0.78;0.02;0.0910;0.0710;1
263;263;Agent_1;orders came from the seed rule base (rules as-is);0;0;R20[0.01] R26[0.02] A1[0.07];0.02;0.03;0.00;0.06;0.04;0.00;0.76;0.02;0.0911;0.0711;1
263;263;Agent_2;orders came from the seed rule base (rules as-is);0;0;R20[0.04] R26[0.04] A1[0.50];0.04;0.07;0.00;0.44;0.30;0.00;0.89;0.02;0.0911;0.0711;1
263;263;Agent_3;orders came from the seed rule base (rules as-is);0;0;R20[0.03] R26[0.05] A1[0.12];0.05;0.06;0.00;0.11;0.07;0.00;0.78;0.02;0.0911;0.0711;1
264;264;Agent_1;orders came from the seed rule base (rules as-is);0;0;R20[0.01] R26[0.02] A1[0.07];0.02;0.03;0.00;0.06;0.04;0.00;0.76;0.02;0.0912;0.0712;1
264;264;Agent_2;orders came from the seed rule base (rules as-is);0;0;R20[0.04] R26[0.04] A1[0.50];0.04;0.07;0.00;0.44;0.30;0.00;0.89;0.02;0.0912;0.0712;1
264;264;Agent_3;orders came from the seed rule base (rules as-is);0;0;R20[0.03] R26[0.05] A1[0.12];0.05;0.06;0.00;0.11;0.07;0.00;0.78;0.02;0.0912;0.0712;1
265;265;Agent_1;orders came from the seed rule base (rules as-is);0;0;R20[0.01] R26[0.02] A1[0.07];0.02;0.03;0.00;0.06;0.04;0.00;0.76;0.02;0.0913;0.0713;1
265;265;Agent_2;orders came from the seed rule base (rules as-is);0;0;R20[0.04] R26[0.04] A1[0.50];0.04;0.07;0.00;0.44;0.30;0.00;0.89;0.02;0.0913;0.0713;1
265;265;Agent_3;orders came from the seed rule base (rules as-is);0;0;R20[0.03] R26[0.05] A1[0.12];0.05;0.06;0.00;0.11;0.07;0.00;0.78;0.02;0.0913;0.0713;1
266;266;Agent_1;orders came from the seed rule base (rules as-is);0;0;R20[0.01] R26[0.02] A1[0.07];0.02;0.03;0.00;0.06;0.04;0.00;0.76;0.02;0.0914;0.0714;1
266;266;Agent_2;orders came from the seed rule base (rules as-is);0;0;R20[0.04] R26[0.04] A1[0.50];0.04;0.07;0.00;0.44;0.30;0.00;0.89;0.02;0.0914;0.0714;1
266;266;Agent_3;orders came from the seed rule base (rules as-is);0;0;R20[0.03] R26[0.05] A1[0.12];0.05;0.06;0.00;0.11;0.07;0.00;0.78;0.02;0.0914;0.0714;1
267;267;Agent_1;orders came from the seed rule base (rules as-is);0;0;R20[0.01] R26[0.02] A1[0.07];0.02;0.03;0.00;0.06;0.04;0.00;0.76;0.02;0.0915;0.0715;1
267;267;Agent_2;orders came from the seed rule base (rules as-is);0;0;R20[0.04] R26[0.04] A1[0.50];0.04;0.07;0.00;0.44;0.30;0.00;0.89;0.02;0.0915;0.0715;1
267;267;Agent_3;orders came from the seed rule base (rules as-is);0;0;R20[0.03] R26[0.05] A1[0.12];0.05;0.06;0.00;0.11;0.07;0.00;0.78;0.02;0.0915;0.0715;1
268;268;Agent_1;orders came from the seed rule base (rules as-is);0;0;R20[0.01] R26[0.02] A1[0.07];0.02;0.03;0.00;0.06;0.04;0.00;0.76;0.02;0.0916;0.0716;1
268;268;Agent_2;orders came from the seed rule base (rules as-is);0;0;R20[0.04] R26[0.03] A1[0.50];0.03;0.07;0.00;0.44;0.30;0.00;0.89;0.02;0.0916;0.0716;1
268;268;Agent_3;orders came from the seed rule base (rules as-is);0;0;R20[0.02] R26[0.05] A1[0.12];0.05;0.06;0.00;0.11;0.07;0.00;0.78;0.02;0.0916;0.0716;1
269;269;Agent_1;orders came from the seed rule base (rules as-is);0;0;R20[0.01] R26[0.02] A1[0.07];0.02;0.03;0.00;0.06;0.04;0.00;0.76;0.02;0.0939;0.0717;1
269;269;Agent_2;orders came from the seed rule base (rules as-is);0;0;R20[0.04] R26[0.03] A1[0.50];0.03;0.07;0.00;0.44;0.30;0.00;0.89;0.02;0.0939;0.0717;1
269;269;Agent_3;orders came from the seed rule base (rules as-is);0;0;R20[0.02] R26[0.05] A1[0.12];0.05;0.06;0.00;0.11;0.07;0.00;0.78;0.02;0.0939;0.0717;1
270;270;Agent_1;orders came from the seed rule base (rules as-is);0;0;R20[0.01] R26[0.02] A1[0.07];0.02;0.03;0.00;0.06;0.04;0.00;0.76;0.02;0.0910;0.0718;1
270;270;Agent_2;orders came from the seed rule base (rules as-is);0;0;R20[0.04] R26[0.03] A1[0.50];0.03;0.07;0.00;0.44;0.30;0.00;0.89;0.02;0.0910;0.0718;1
270;270;Agent_3;orders came from the seed rule base (rules as-is);0;0;R20[0.02] R26[0.04] A1[0.12];0.04;0.06;0.00;0.11;0.07;0.00;0.78;0.02;0.0910;0.0718;1
271;271;Agent_1;orders came from the seed rule base (rules as-is);0;0;R20[0.01] R26[0.02] A1[0.07];0.02;0.03;0.00;0.06;0.04;0.00;0.76;0.02;0.0911;0.0719;1
271;271;Agent_2;orders came from the seed rule base (rules as-is);0;0;R20[0.04] R26[0.04] A1[0.50];0.04;0.07;0.00;0.44;0.30;0.00;0.89;0.02;0.0911;0.0719;1
271;271;Agent_3;orders came from the seed rule base (rules as-is);0;0;R20[0.02] R26[0.04] A1[0.12];0.04;0.06;0.00;0.11;0.07;0.00;0.78;0.02;0.0911;0.0719;1
272;272;Agent_1;orders came from the seed rule base (rules as-is);0;0;R20[0.01] R26[0.02] A1[0.07];0.02;0.03;0.00;0.06;0.04;0.00;0.76;0.02;0.0912;0.0720;1
272;272;Agent_2;orders came from the seed rule base (rules as-is);0;0;R20[0.04] R26[0.04] A1[0.50];0.04;0.07;0.00;0.44;0.30;0.00;0.89;0.02;0.0912;0.0720;1
272;272;Agent_3;orders came from the seed rule base (rules as-is);0;0;R20[0.02] R26[0.04] A1[0.12];0.04;0.06;0.00;0.11;0.07;0.00;0.78;0.02;0.0912;0.0720;1
273;273;Agent_1;orders came from the seed rule base (rules as-is);0;0;R20[0.01] R26[0.02] A1[0.07];0.02;0.02;0.00;0.06;0.04;0.00;0.76;0.02;0.0913;0.0721;1
273;273;Agent_2;orders came from the seed rule base (rules as-is);0;0;R20[0.04] R26[0.04] A1[0.50];0.04;0.07;0.00;0.44;0.30;0.00;0.89;0.02;0.0913;0.0721;1
273;273;Agent_3;orders came from the seed rule base (rules as-is);0;0;R20[0.02] R26[0.04] A1[0.12];0.04;0.06;0.00;0.11;0.07;0.00;0.78;0.02;0.0913;0.0721;1
274;274;Agent_1;orders came from the seed rule base (rules as-is);0;0;R20[0.01] R26[0.02] A1[0.07];0.02;0.02;0.00;0.06;0.04;0.00;0.76;0.02;0.0913;0.0722;1
274;274;Agent_2;orders came from the seed rule base (rules as-is);0;0;R20[0.04] R26[0.04] A1[0.50];0.04;0.07;0.00;0.44;0.30;0.00;0.89;0.02;0.0913;0.0722;1
274;274;Agent_3;orders came from the seed rule base (rules as-is);0;0;R20[0.02] R26[0.04] A1[0.12];0.04;0.06;0.00;0.11;0.07;0.00;0.78;0.02;0.0913;0.0722;1
275;275;Agent_1;orders came from the seed rule base (rules as-is);0;0;R20[0.01] R26[0.02] A1[0.07];0.02;0.02;0.00;0.06;0.04;0.00;0.76;0.02;0.0914;0.0723;1
275;275;Agent_2;orders came from the seed rule base (rules as-is);0;0;R20[0.04] R26[0.04] A1[0.50];0.04;0.07;0.00;0.44;0.30;0.00;0.89;0.02;0.0914;0.0723;1
275;275;Agent_3;orders came from the seed rule base (rules as-is);0;0;R20[0.02] R26[0.04] A1[0.12];0.04;0.06;0.00;0.11;0.07;0.00;0.78;0.02;0.0914;0.0723;1
276;276;Agent_1;orders came from the seed rule base (rules as-is);0;0;R20[0.01] R26[0.02] A1[0.07];0.02;0.02;0.00;0.06;0.04;0.00;0.76;0.01;0.0915;0.0723;1
276;276;Agent_2;orders came from the seed rule base (rules as-is);0;0;R20[0.04] R26[0.04] A1[0.50];0.04;0.08;0.00;0.44;0.30;0.00;0.89;0.01;0.0915;0.0723;1
276;276;Agent_3;orders came from the seed rule base (rules as-is);0;0;R20[0.02] R26[0.04] A1[0.12];0.04;0.06;0.00;0.11;0.07;0.00;0.78;0.01;0.0915;0.0723;1
277;277;Agent_1;orders came from the seed rule base (rules as-is);0;0;R26[0.01] A1[0.07];0.01;0.02;0.00;0.06;0.04;0.00;0.76;0.01;0.0916;0.0724;1
277;277;Agent_2;orders came from the seed rule base (rules as-is);0;0;R20[0.04] R26[0.04] A1[0.50];0.04;0.08;0.00;0.44;0.30;0.00;0.89;0.01;0.0916;0.0724;1
277;277;Agent_3;orders came from the seed rule base (rules as-is);0;0;R20[0.02] R26[0.04] A1[0.12];0.04;0.06;0.00;0.11;0.07;0.00;0.78;0.01;0.0916;0.0724;1
278;278;Agent_1;orders came from the seed rule base (rules as-is);0;0;R26[0.01] A1[0.07];0.01;0.02;0.00;0.06;0.04;0.00;0.76;0.01;0.0917;0.0725;1
278;278;Agent_2;orders came from the seed rule base (rules as-is);0;0;R20[0.04] R26[0.04] A1[0.50];0.04;0.08;0.00;0.44;0.30;0.00;0.89;0.01;0.0917;0.0725;1
278;278;Agent_3;orders came from the seed rule base (rules as-is);0;0;R20[0.02] R26[0.04] A1[0.12];0.04;0.06;0.00;0.11;0.07;0.00;0.78;0.01;0.0917;0.0725;1
279;279;Agent_1;orders came from the seed rule base (rules as-is);0;0;R26[0.01] A1[0.07];0.01;0.02;0.00;0.06;0.04;0.00;0.76;0.01;0.0918;0.0726;1
279;279;Agent_2;orders came from the seed rule base (rules as-is);0;0;R20[0.04] R26[0.04] A1[0.50];0.04;0.08;0.00;0.44;0.30;0.00;0.89;0.01;0.0918;0.0726;1
279;279;Agent_3;orders came from the seed rule base (rules as-is);0;0;R20[0.02] R26[0.04] A1[0.12];0.04;0.05;0.00;0.11;0.07;0.00;0.78;0.01;0.0918;0.0726;1
280;280;Agent_1;orders came from the seed rule base (rules as-is);0;0;R26[0.01] A1[0.07];0.01;0.02;0.00;0.06;0.04;0.00;0.76;0.01;0.0919;0.0727;1
280;280;Agent_2;orders came from the seed rule base (rules as-is);0;0;R20[0.04] R26[0.04] A1[0.50];0.04;0.08;0.00;0.44;0.30;0.00;0.89;0.01;0.0919;0.0727;1
280;280;Agent_3;orders came from the seed rule base (rules as-is);0;0;R20[0.02] R26[0.04] A1[0.12];0.04;0.05;0.00;0.11;0.07;0.00;0.78;0.01;0.0919;0.0727;1
281;281;Agent_1;orders came from the seed rule base (rules as-is);0;0;R26[0.01] A1[0.07];0.01;0.02;0.00;0.06;0.04;0.00;0.76;0.01;0.0920;0.0728;1
281;281;Agent_2;orders came from the seed rule base (rules as-is);0;0;R20[0.04] R26[0.04] A1[0.50];0.04;0.08;0.00;0.44;0.30;0.00;0.89;0.01;0.0920;0.0728;1
281;281;Agent_3;orders came from the seed rule base (rules as-is);0;0;R20[0.02] R26[0.04] A1[0.12];0.04;0.05;0.00;0.11;0.07;0.00;0.78;0.01;0.0920;0.0728;1
282;282;Agent_1;orders came from the seed rule base (rules as-is);0;0;R26[0.01] A1[0.07];0.01;0.02;0.00;0.06;0.04;0.00;0.76;0.01;0.0920;0.0729;1
282;282;Agent_2;orders came from the seed rule base (rules as-is);0;0;R20[0.04] R26[0.04] A1[0.50];0.04;0.08;0.00;0.44;0.30;0.00;0.89;0.01;0.0920;0.0729;1
282;282;Agent_3;orders came from the seed rule base (rules as-is);0;0;R20[0.02] R26[0.04] A1[0.12];0.04;0.05;0.00;0.11;0.07;0.00;0.78;0.01;0.0920;0.0729;1
283;283;Agent_1;orders came from the seed rule base (rules as-is);0;0;R26[0.01] A1[0.07];0.01;0.02;0.00;0.06;0.04;0.00;0.76;0.01;0.0921;0.0730;1
283;283;Agent_2;orders came from the seed rule base (rules as-is);0;0;R20[0.04] R26[0.04] A1[0.50];0.04;0.08;0.00;0.44;0.30;0.00;0.89;0.01;0.0921;0.0730;1
283;283;Agent_3;orders came from the seed rule base (rules as-is);0;0;R20[0.02] R26[0.04] A1[0.12];0.04;0.05;0.00;0.11;0.07;0.00;0.78;0.01;0.0921;0.0730;1
284;284;Agent_1;orders came from the seed rule base (rules as-is);0;0;R26[0.01] A1[0.07];0.01;0.02;0.00;0.06;0.04;0.00;0.76;0.01;0.0922;0.0731;1
284;284;Agent_2;orders came from the seed rule base (rules as-is);0;0;R20[0.04] R26[0.04] A1[0.50];0.04;0.08;0.00;0.44;0.30;0.00;0.89;0.01;0.0922;0.0731;1
284;284;Agent_3;orders came from the seed rule base (rules as-is);0;0;R20[0.02] R26[0.04] A1[0.12];0.04;0.05;0.00;0.11;0.07;0.00;0.78;0.01;0.0922;0.0731;1
285;285;Agent_1;orders came from the seed rule base (rules as-is);0;0;R26[0.01] A1[0.07];0.01;0.02;0.00;0.06;0.04;0.00;0.76;0.01;0.0923;0.0732;1
285;285;Agent_2;orders came from the seed rule base (rules as-is);0;0;R20[0.04] R26[0.04] A1[0.50];0.04;0.08;0.00;0.44;0.30;0.00;0.89;0.01;0.0923;0.0732;1
285;285;Agent_3;orders came from the seed rule base (rules as-is);0;0;R20[0.02] R26[0.04] A1[0.12];0.04;0.05;0.00;0.11;0.07;0.00;0.78;0.01;0.0923;0.0732;1
286;286;Agent_1;orders came from the seed rule base (rules as-is);0;0;R26[0.01] A1[0.07];0.01;0.02;0.00;0.06;0.04;0.00;0.76;0.01;0.0924;0.0732;1
286;286;Agent_2;orders came from the seed rule base (rules as-is);0;0;R20[0.04] R26[0.04] A1[0.50];0.04;0.08;0.00;0.44;0.30;0.00;0.89;0.01;0.0924;0.0732;1
286;286;Agent_3;orders came from the seed rule base (rules as-is);0;0;R20[0.02] R26[0.04] A1[0.12];0.04;0.05;0.00;0.11;0.07;0.00;0.78;0.01;0.0924;0.0732;1
287;287;Agent_1;orders came from the seed rule base (rules as-is);0;0;R26[0.01] A1[0.07];0.01;0.02;0.00;0.06;0.04;0.00;0.76;0.01;0.0925;0.0733;1
287;287;Agent_2;orders came from the seed rule base (rules as-is);0;0;R20[0.04] R26[0.04] A1[0.50];0.04;0.08;0.00;0.44;0.30;0.00;0.89;0.01;0.0925;0.0733;1
287;287;Agent_3;orders came from the seed rule base (rules as-is);0;0;R20[0.02] R26[0.04] A1[0.12];0.04;0.05;0.00;0.11;0.07;0.00;0.78;0.01;0.0925;0.0733;1
288;288;Agent_1;orders came from the seed rule base (rules as-is);0;0;R26[0.01] A1[0.07];0.01;0.02;0.00;0.06;0.04;0.00;0.76;0.01;0.0926;0.0734;1
288;288;Agent_2;orders came from the seed rule base (rules as-is);0;0;R20[0.04] R26[0.04] A1[0.50];0.04;0.08;0.00;0.44;0.30;0.00;0.90;0.01;0.0926;0.0734;1
288;288;Agent_3;orders came from the seed rule base (rules as-is);0;0;R20[0.02] R26[0.04] A1[0.12];0.04;0.05;0.00;0.11;0.07;0.00;0.78;0.01;0.0926;0.0734;1
289;289;Agent_1;orders came from the seed rule base (rules as-is);0;0;R26[0.01] A1[0.07];0.01;0.02;0.00;0.06;0.04;0.00;0.76;0.01;0.0927;0.0735;1
289;289;Agent_2;orders came from the seed rule base (rules as-is);0;0;R20[0.04] R26[0.04] A1[0.50];0.04;0.08;0.00;0.44;0.30;0.00;0.90;0.01;0.0927;0.0735;1
289;289;Agent_3;orders came from the seed rule base (rules as-is);0;0;R20[0.02] R26[0.04] A1[0.12];0.04;0.05;0.00;0.11;0.07;0.00;0.78;0.01;0.0927;0.0735;1
290;290;Agent_1;orders came from the seed rule base (rules as-is);0;0;R26[0.01] A1[0.07];0.01;0.02;0.00;0.06;0.04;0.00;0.77;0.01;0.0930;0.0736;1
290;290;Agent_2;orders came from the seed rule base (rules as-is);0;0;R20[0.04] R26[0.04] A1[0.50];0.04;0.08;0.00;0.44;0.30;0.00;0.90;0.01;0.0930;0.0736;1
290;290;Agent_3;orders came from the seed rule base (rules as-is);0;0;R20[0.02] R26[0.04] A1[0.12];0.04;0.05;0.00;0.11;0.07;0.00;0.78;0.01;0.0930;0.0736;1
291;291;Agent_1;orders came from the seed rule base (rules as-is);0;0;R20[0.01] R26[0.02] A1[0.07];0.02;0.02;0.00;0.06;0.04;0.00;0.77;0.01;0.0931;0.0737;1
291;291;Agent_2;orders came from the seed rule base (rules as-is);0;0;R20[0.04] R26[0.04] A1[0.50];0.04;0.08;0.00;0.44;0.30;0.00;0.90;0.01;0.0931;0.0737;1
291;291;Agent_3;orders came from the seed rule base (rules as-is);0;0;R20[0.02] R26[0.04] A1[0.12];0.04;0.05;0.00;0.11;0.07;0.00;0.78;0.01;0.0931;0.0737;1
292;292;Agent_1;orders came from the seed rule base (rules as-is);0;0;R20[0.01] R26[0.02] A1[0.07];0.02;0.03;0.00;0.06;0.04;0.00;0.77;0.01;0.0941;0.0738;1
292;292;Agent_2;orders came from the seed rule base (rules as-is);0;0;R20[0.04] R26[0.04] A1[0.50];0.04;0.08;0.00;0.44;0.30;0.00;0.90;0.01;0.0941;0.0738;1
292;292;Agent_3;orders came from the seed rule base (rules as-is);0;0;R20[0.02] R26[0.04] A1[0.12];0.04;0.05;0.00;0.11;0.07;0.00;0.78;0.01;0.0941;0.0738;1
293;293;Agent_1;orders came from the seed rule base (rules as-is);0;0;R20[0.01] R26[0.02] A1[0.07];0.02;0.03;0.00;0.06;0.04;0.00;0.77;0.01;0.0943;0.0739;1
293;293;Agent_2;orders came from the seed rule base (rules as-is);0;0;R20[0.04] R26[0.04] A1[0.50];0.04;0.08;0.00;0.44;0.30;0.00;0.90;0.01;0.0943;0.0739;1
293;293;Agent_3;orders came from the seed rule base (rules as-is);0;0;R20[0.02] R26[0.04] A1[0.12];0.04;0.05;0.00;0.11;0.07;0.00;0.78;0.01;0.0943;0.0739;1
294;294;Agent_1;orders came from the seed rule base (rules as-is);0;0;R20[0.01] R26[0.02] A1[0.07];0.02;0.03;0.00;0.06;0.04;0.00;0.77;0.01;0.0944;0.0741;1
294;294;Agent_2;orders came from the seed rule base (rules as-is);0;0;R20[0.04] R26[0.04] A1[0.50];0.04;0.07;0.00;0.44;0.30;0.00;0.90;0.01;0.0944;0.0741;1
294;294;Agent_3;orders came from the seed rule base (rules as-is);0;0;R20[0.02] R26[0.03] A1[0.12];0.03;0.05;0.00;0.11;0.07;0.00;0.78;0.01;0.0944;0.0741;1
295;295;Agent_1;orders came from the seed rule base (rules as-is);0;0;R20[0.01] R26[0.03] A1[0.07];0.03;0.04;0.00;0.06;0.04;0.00;0.77;0.01;0.0946;0.0743;1
295;295;Agent_2;orders came from the seed rule base (rules as-is);0;0;R20[0.04] R26[0.04] A1[0.50];0.04;0.07;0.00;0.44;0.30;0.00;0.90;0.01;0.0946;0.0743;1
295;295;Agent_3;orders came from the seed rule base (rules as-is);0;0;R20[0.02] R26[0.03] A1[0.12];0.03;0.05;0.00;0.11;0.07;0.00;0.78;0.01;0.0946;0.0743;1
296;296;Agent_1;orders came from the seed rule base (rules as-is);0;0;R20[0.01] R26[0.03] A1[0.07];0.03;0.04;0.00;0.06;0.04;0.00;0.77;0.01;0.0947;0.0744;1
296;296;Agent_2;orders came from the seed rule base (rules as-is);0;0;R20[0.04] R26[0.04] A1[0.50];0.04;0.07;0.00;0.44;0.30;0.00;0.90;0.01;0.0947;0.0744;1
296;296;Agent_3;orders came from the seed rule base (rules as-is);0;0;R20[0.02] R26[0.03] A1[0.12];0.03;0.05;0.00;0.11;0.07;0.00;0.78;0.01;0.0947;0.0744;1
297;297;Agent_1;orders came from the seed rule base (rules as-is);0;0;R20[0.02] R26[0.03] A1[0.07];0.03;0.04;0.00;0.06;0.04;0.00;0.77;0.01;0.0949;0.0746;1
297;297;Agent_2;orders came from the seed rule base (rules as-is);0;0;R20[0.04] R26[0.04] A1[0.50];0.04;0.07;0.00;0.44;0.30;0.00;0.90;0.01;0.0949;0.0746;1
297;297;Agent_3;orders came from the seed rule base (rules as-is);0;0;R20[0.02] R26[0.03] A1[0.12];0.03;0.05;0.00;0.11;0.07;0.00;0.78;0.01;0.0949;0.0746;1
298;298;Agent_1;orders came from the seed rule base (rules as-is);0;0;R20[0.02] R26[0.03] A1[0.07];0.03;0.04;0.00;0.06;0.04;0.00;0.77;0.01;0.0951;0.0747;1
298;298;Agent_2;orders came from the seed rule base (rules as-is);0;0;R20[0.04] R26[0.04] A1[0.50];0.04;0.07;0.00;0.44;0.30;0.00;0.90;0.01;0.0951;0.0747;1
298;298;Agent_3;orders came from the seed rule base (rules as-is);0;0;R20[0.02] R26[0.03] A1[0.12];0.03;0.04;0.00;0.11;0.07;0.00;0.78;0.01;0.0951;0.0747;1
299;299;Agent_1;orders came from the seed rule base (rules as-is);0;0;R20[0.02] R26[0.03] A1[0.07];0.03;0.04;0.00;0.06;0.04;0.00;0.77;0.01;0.0952;0.0749;1
299;299;Agent_2;orders came from the seed rule base (rules as-is);0;0;R20[0.04] R26[0.04] A1[0.50];0.04;0.07;0.00;0.44;0.30;0.00;0.90;0.01;0.0952;0.0749;1
299;299;Agent_3;orders came from the seed rule base (rules as-is);0;0;R20[0.02] R26[0.03] A1[0.12];0.03;0.04;0.00;0.11;0.07;0.00;0.78;0.01;0.0952;0.0749;1
300;300;Agent_1;orders came from the seed rule base (rules as-is);0;0;R20[0.02] R26[0.03] A1[0.07];0.03;0.04;0.00;0.06;0.04;0.00;0.78;0.01;0.0954;0.0751;1
300;300;Agent_2;orders came from the seed rule base (rules as-is);0;0;R20[0.04] R26[0.04] A1[0.50];0.04;0.07;0.00;0.44;0.30;0.00;0.90;0.01;0.0954;0.0751;1
300;300;Agent_3;orders came from the seed rule base (rules as-is);0;0;R20[0.02] R26[0.03] A1[0.12];0.03;0.04;0.00;0.11;0.07;0.00;0.78;0.01;0.0954;0.0751;1
301;301;Agent_1;orders came from the seed rule base (rules as-is);0;0;R20[0.02] R26[0.03] A1[0.07];0.03;0.04;0.00;0.06;0.04;0.00;0.78;0.01;0.0955;0.0752;1
301;301;Agent_2;orders came from the seed rule base (rules as-is);0;0;R20[0.04] R26[0.04] A1[0.50];0.04;0.07;0.00;0.44;0.30;0.00;0.90;0.01;0.0955;0.0752;1
301;301;Agent_3;orders came from the seed rule base (rules as-is);0;0;R20[0.02] R26[0.03] A1[0.12];0.03;0.04;0.00;0.11;0.07;0.00;0.78;0.01;0.0955;0.0752;1
302;302;Agent_1;orders came from the seed rule base (rules as-is);0;0;R20[0.02] R26[0.03] A1[0.07];0.03;0.04;0.00;0.06;0.04;0.00;0.78;0.01;0.0957;0.0754;1
302;302;Agent_2;orders came from the seed rule base (rules as-is);0;0;R20[0.04] R26[0.04] A1[0.50];0.04;0.07;0.00;0.44;0.30;0.00;0.90;0.01;0.0957;0.0754;1
302;302;Agent_3;orders came from the seed rule base (rules as-is);0;0;R20[0.02] R26[0.03] A1[0.12];0.03;0.04;0.00;0.11;0.07;0.00;0.78;0.01;0.0957;0.0754;1
303;303;Agent_1;orders came from the seed rule base (rules as-is);0;0;R20[0.02] R26[0.03] A1[0.07];0.03;0.05;0.00;0.06;0.04;0.00;0.78;0.01;0.0958;0.0755;1
303;303;Agent_2;orders came from the seed rule base (rules as-is);0;0;R20[0.04] R26[0.04] A1[0.50];0.04;0.07;0.00;0.44;0.30;0.00;0.90;0.01;0.0958;0.0755;1
303;303;Agent_3;orders came from the seed rule base (rules as-is);0;0;R20[0.02] R26[0.03] A1[0.12];0.03;0.04;0.00;0.11;0.07;0.00;0.78;0.01;0.0958;0.0755;1
304;304;Agent_1;orders came from the seed rule base (rules as-is);0;0;R20[0.02] R26[0.04] A1[0.07];0.04;0.05;0.00;0.06;0.04;0.00;0.78;0.01;0.0960;0.0757;1
304;304;Agent_2;orders came from the seed rule base (rules as-is);0;0;R20[0.04] R26[0.04] A1[0.50];0.04;0.07;0.00;0.44;0.30;0.00;0.90;0.01;0.0960;0.0757;1
304;304;Agent_3;orders came from the seed rule base (rules as-is);0;0;R20[0.02] R26[0.03] A1[0.12];0.03;0.04;0.00;0.11;0.07;0.00;0.78;0.01;0.0960;0.0757;1
305;305;Agent_1;orders came from the seed rule base (rules as-is);0;0;R20[0.02] R26[0.04] A1[0.07];0.04;0.05;0.00;0.06;0.04;0.00;0.78;0.01;0.0962;0.0758;1
305;305;Agent_2;orders came from the seed rule base (rules as-is);0;0;R20[0.04] R26[0.04] A1[0.50];0.04;0.07;0.00;0.44;0.30;0.00;0.90;0.01;0.0962;0.0758;1
305;305;Agent_3;orders came from the seed rule base (rules as-is);0;0;R20[0.02] R26[0.03] A1[0.12];0.03;0.04;0.00;0.11;0.07;0.00;0.78;0.01;0.0962;0.0758;1
306;306;Agent_1;orders came from the seed rule base (rules as-is);0;0;R20[0.02] R26[0.04] A1[0.07];0.04;0.05;0.00;0.06;0.04;0.00;0.78;0.01;0.0963;0.0760;1
306;306;Agent_2;orders came from the seed rule base (rules as-is);0;0;R20[0.04] R26[0.04] A1[0.50];0.04;0.07;0.00;0.44;0.30;0.00;0.90;0.01;0.0963;0.0760;1
306;306;Agent_3;orders came from the seed rule base (rules as-is);0;0;R20[0.02] R26[0.03] A1[0.12];0.03;0.04;0.00;0.11;0.07;0.00;0.78;0.01;0.0963;0.0760;1
307;307;Agent_1;orders came from the seed rule base (rules as-is);0;0;R20[0.02] R26[0.04] A1[0.07];0.04;0.05;0.00;0.06;0.04;0.00;0.78;0.01;0.0965;0.0762;1
307;307;Agent_2;orders came from the seed rule base (rules as-is);0;0;R20[0.04] R26[0.04] A1[0.50];0.04;0.07;0.00;0.44;0.30;0.00;0.90;0.01;0.0965;0.0762;1
307;307;Agent_3;orders came from the seed rule base (rules as-is);0;0;R20[0.02] R26[0.03] A1[0.12];0.03;0.04;0.00;0.11;0.07;0.00;0.78;0.01;0.0965;0.0762;1
308;308;Agent_1;orders came from the seed rule base (rules as-is);0;0;R20[0.02] R26[0.04] A1[0.07];0.04;0.05;0.00;0.06;0.04;0.00;0.78;0.01;0.0966;0.0763;1
308;308;Agent_2;orders came from the seed rule base (rules as-is);0;0;R20[0.04] R26[0.04] A1[0.50];0.04;0.07;0.00;0.44;0.30;0.00;0.90;0.01;0.0966;0.0763;1
308;308;Agent_3;orders came from the seed rule base (rules as-is);0;0;R20[0.02] R26[0.03] A1[0.12];0.03;0.04;0.00;0.11;0.07;0.00;0.78;0.01;0.0966;0.0763;1
309;309;Agent_1;orders came from the seed rule base (rules as-is);0;0;R20[0.02] R26[0.04] A1[0.07];0.04;0.05;0.00;0.06;0.04;0.00;0.78;0.01;0.0968;0.0765;1
309;309;Agent_2;orders came from the seed rule base (rules as-is);0;0;R20[0.04] R26[0.04] A1[0.50];0.04;0.07;0.00;0.44;0.30;0.00;0.90;0.01;0.0968;0.0765;1
309;309;Agent_3;orders came from the seed rule base (rules as-is);0;0;R20[0.02] R26[0.03] A1[0.12];0.03;0.04;0.00;0.11;0.07;0.00;0.78;0.01;0.0968;0.0765;1
310;310;Agent_1;orders came from the seed rule base (rules as-is);0;0;R20[0.02] R26[0.04] A1[0.07];0.04;0.05;0.00;0.06;0.04;0.00;0.78;0.01;0.0970;0.0766;1
310;310;Agent_2;orders came from the seed rule base (rules as-is);0;0;R20[0.04] R26[0.04] A1[0.50];0.04;0.07;0.00;0.44;0.30;0.00;0.90;0.01;0.0970;0.0766;1
310;310;Agent_3;orders came from the seed rule base (rules as-is);0;0;R20[0.02] R26[0.03] A1[0.12];0.03;0.04;0.00;0.11;0.07;0.00;0.78;0.01;0.0970;0.0766;1
311;311;Agent_1;orders came from the seed rule base (rules as-is);0;0;R20[0.02] R26[0.04] A1[0.07];0.04;0.05;0.00;0.06;0.04;0.00;0.78;0.01;0.0971;0.0768;1
311;311;Agent_2;orders came from the seed rule base (rules as-is);0;0;R20[0.04] R26[0.04] A1[0.50];0.04;0.07;0.00;0.44;0.30;0.00;0.90;0.01;0.0971;0.0768;1
311;311;Agent_3;orders came from the seed rule base (rules as-is);0;0;R20[0.02] R26[0.03] A1[0.12];0.03;0.04;0.00;0.11;0.07;0.00;0.78;0.01;0.0971;0.0768;1
312;312;Agent_1;orders came from the seed rule base (rules as-is);0;0;R20[0.02] R26[0.04] A1[0.07];0.04;0.05;0.00;0.06;0.04;0.00;0.78;0.01;0.0973;0.0770;1
312;312;Agent_2;orders came from the seed rule base (rules as-is);0;0;R20[0.04] R26[0.04] A1[0.50];0.04;0.07;0.00;0.44;0.30;0.00;0.90;0.01;0.0973;0.0770;1
312;312;Agent_3;orders came from the seed rule base (rules as-is);0;0;R20[0.02] R26[0.03] A1[0.12];0.03;0.04;0.00;0.11;0.07;0.00;0.78;0.01;0.0973;0.0770;1
313;313;Agent_1;orders came from the seed rule base (rules as-is);0;0;R20[0.02] R26[0.04] A1[0.07];0.04;0.05;0.00;0.06;0.04;0.00;0.78;0.01;0.0978;0.0771;1
313;313;Agent_2;orders came from the seed rule base (rules as-is);0;0;R20[0.04] R26[0.04] A1[0.50];0.04;0.07;0.00;0.44;0.30;0.00;0.90;0.01;0.0978;0.0771;1
313;313;Agent_3;orders came from the seed rule base (rules as-is);0;0;R20[0.02] R26[0.03] A1[0.12];0.03;0.04;0.00;0.11;0.07;0.00;0.78;0.01;0.0978;0.0771;1
314;314;Agent_1;orders came from the seed rule base (rules as-is);0;0;R20[0.02] R26[0.04] A1[0.07];0.04;0.05;0.00;0.06;0.04;0.00;0.78;0.01;0.0979;0.0773;1
314;314;Agent_2;orders came from the seed rule base (rules as-is);0;0;R20[0.04] R26[0.04] A1[0.50];0.04;0.07;0.00;0.44;0.30;0.00;0.90;0.01;0.0979;0.0773;1
314;314;Agent_3;orders came from the seed rule base (rules as-is);0;0;R20[0.02] R26[0.03] A1[0.12];0.03;0.04;0.00;0.11;0.07;0.00;0.78;0.01;0.0979;0.0773;1
315;315;Agent_1;orders came from the seed rule base (rules as-is);0;0;R20[0.02] R26[0.04] A1[0.07];0.04;0.05;0.00;0.06;0.04;0.00;0.78;0.01;0.0981;0.0774;1
315;315;Agent_2;orders came from the seed rule base (rules as-is);0;0;R20[0.04] R26[0.04] A1[0.50];0.04;0.07;0.00;0.44;0.30;0.00;0.90;0.01;0.0981;0.0774;1
315;315;Agent_3;orders came from the seed rule base (rules as-is);0;0;R20[0.02] R26[0.03] A1[0.12];0.03;0.04;0.00;0.11;0.07;0.00;0.78;0.01;0.0981;0.0774;1
316;316;Agent_1;orders came from the seed rule base (rules as-is);0;0;R20[0.02] R26[0.04] A1[0.07];0.04;0.05;0.00;0.06;0.04;0.00;0.78;0.01;0.0982;0.0776;1
316;316;Agent_2;orders came from the seed rule base (rules as-is);0;0;R20[0.03] R26[0.04] A1[0.50];0.04;0.07;0.00;0.44;0.30;0.00;0.90;0.01;0.0982;0.0776;1
316;316;Agent_3;orders came from the seed rule base (rules as-is);0;0;R20[0.02] R26[0.03] A1[0.12];0.03;0.04;0.00;0.11;0.07;0.00;0.78;0.01;0.0982;0.0776;1
317;317;Agent_1;orders came from the seed rule base (rules as-is);0;0;R20[0.02] R26[0.04] A1[0.07];0.04;0.05;0.00;0.06;0.04;0.00;0.78;0.01;0.0984;0.0777;1
317;317;Agent_2;orders came from the seed rule base (rules as-is);0;0;R20[0.03] R26[0.04] A1[0.50];0.04;0.06;0.00;0.44;0.30;0.00;0.90;0.01;0.0984;0.0777;1
317;317;Agent_3;orders came from the seed rule base (rules as-is);0;0;R20[0.02] R26[0.03] A1[0.12];0.03;0.04;0.00;0.11;0.07;0.00;0.78;0.01;0.0984;0.0777;1
318;318;Agent_1;orders came from the seed rule base (rules as-is);0;0;R20[0.02] R26[0.04] A1[0.07];0.04;0.05;0.00;0.06;0.04;0.00;0.78;0.01;0.0985;0.0779;1
318;318;Agent_2;orders came from the seed rule base (rules as-is);0;0;R20[0.03] R26[0.04] A1[0.50];0.04;0.06;0.00;0.44;0.30;0.00;0.90;0.01;0.0985;0.0779;1
318;318;Agent_3;orders came from the seed rule base (rules as-is);0;0;R20[0.02] R26[0.03] A1[0.12];0.03;0.04;0.00;0.11;0.07;0.00;0.78;0.01;0.0985;0.0779;1
319;319;Agent_1;orders came from the seed rule base (rules as-is);0;0;R20[0.02] R26[0.04] A1[0.07];0.04;0.05;0.00;0.06;0.04;0.00;0.78;0.01;0.0987;0.0780;1
319;319;Agent_2;orders came from the seed rule base (rules as-is);0;0;R20[0.03] R26[0.04] A1[0.50];0.04;0.06;0.00;0.44;0.30;0.00;0.90;0.01;0.0987;0.0780;1
319;319;Agent_3;orders came from the seed rule base (rules as-is);0;0;R20[0.02] R26[0.03] A1[0.12];0.03;0.04;0.00;0.11;0.07;0.00;0.78;0.01;0.0987;0.0780;1
320;320;Agent_1;orders came from the seed rule base (rules as-is);0;0;R20[0.02] R26[0.04] A1[0.07];0.04;0.05;0.00;0.06;0.04;0.00;0.78;0.01;0.0989;0.0782;1
320;320;Agent_2;orders came from the seed rule base (rules as-is);0;0;R20[0.03] R26[0.04] A1[0.50];0.04;0.06;0.00;0.44;0.30;0.00;0.90;0.01;0.0989;0.0782;1
320;320;Agent_3;orders came from the seed rule base (rules as-is);0;0;R20[0.01] R26[0.03] A1[0.12];0.03;0.04;0.00;0.11;0.07;0.00;0.78;0.01;0.0989;0.0782;1
321;321;Agent_1;orders came from the seed rule base (rules as-is);0;0;R20[0.02] R26[0.04] A1[0.07];0.04;0.05;0.00;0.06;0.04;0.00;0.78;0.01;0.0990;0.0783;1
321;321;Agent_2;orders came from the seed rule base (rules as-is);0;0;R20[0.03] R26[0.04] A1[0.50];0.04;0.06;0.00;0.44;0.30;0.00;0.90;0.01;0.0990;0.0783;1
321;321;Agent_3;orders came from the seed rule base (rules as-is);0;0;R20[0.01] R26[0.03] A1[0.12];0.03;0.04;0.00;0.11;0.07;0.00;0.78;0.01;0.0990;0.0783;1
322;322;Agent_1;orders came from the seed rule base (rules as-is);0;0;R20[0.02] R26[0.04] A1[0.07];0.04;0.05;0.00;0.06;0.04;0.00;0.78;0.01;0.0992;0.0785;1
322;322;Agent_2;orders came from the seed rule base (rules as-is);0;0;R20[0.03] R26[0.04] A1[0.50];0.04;0.06;0.00;0.44;0.30;0.00;0.90;0.01;0.0992;0.0785;1
322;322;Agent_3;orders came from the seed rule base (rules as-is);0;0;R20[0.01] R26[0.03] A1[0.12];0.03;0.03;0.00;0.11;0.07;0.00;0.78;0.01;0.0992;0.0785;1
323;323;Agent_1;orders came from the seed rule base (rules as-is);0;0;R20[0.02] R26[0.04] A1[0.07];0.04;0.05;0.00;0.06;0.04;0.00;0.78;0.01;0.0993;0.0786;1
323;323;Agent_2;orders came from the seed rule base (rules as-is);0;0;R20[0.03] R26[0.04] A1[0.50];0.04;0.06;0.00;0.44;0.30;0.00;0.90;0.01;0.0993;0.0786;1
323;323;Agent_3;orders came from the seed rule base (rules as-is);0;0;R20[0.01] R26[0.03] A1[0.12];0.03;0.03;0.00;0.11;0.07;0.00;0.78;0.01;0.0993;0.0786;1
324;324;Agent_1;orders came from the seed rule base (rules as-is);0;0;R20[0.02] R26[0.04] A1[0.07];0.04;0.04;0.00;0.06;0.04;0.00;0.78;0.01;0.0995;0.0788;1
324;324;Agent_2;orders came from the seed rule base (rules as-is);0;0;R20[0.03] R26[0.04] A1[0.50];0.04;0.06;0.00;0.44;0.30;0.00;0.90;0.01;0.0995;0.0788;1
324;324;Agent_3;orders came from the seed rule base (rules as-is);0;0;R20[0.01] R26[0.03] A1[0.12];0.03;0.03;0.00;0.11;0.07;0.00;0.78;0.01;0.0995;0.0788;1
325;325;Agent_1;orders came from the seed rule base (rules as-is);0;0;R20[0.02] R26[0.03] A1[0.07];0.03;0.04;0.00;0.06;0.04;0.00;0.78;0.01;0.0996;0.0795;1
325;325;Agent_2;orders came from the seed rule base (rules as-is);0;0;R20[0.03] R26[0.04] A1[0.50];0.04;0.06;0.00;0.44;0.30;0.00;0.90;0.01;0.0996;0.0795;1
325;325;Agent_3;orders came from the seed rule base (rules as-is);0;0;R20[0.01] R26[0.02] A1[0.12];0.02;0.03;0.00;0.11;0.07;0.00;0.78;0.01;0.0996;0.0795;1
326;326;Agent_1;orders came from the seed rule base (rules as-is);0;0;R20[0.02] R26[0.03] A1[0.07];0.03;0.04;0.00;0.06;0.04;0.00;0.78;0.01;0.0998;0.0796;1
326;326;Agent_2;orders came from the seed rule base (rules as-is);0;0;R20[0.03] R26[0.04] A1[0.50];0.04;0.06;0.00;0.44;0.30;0.00;0.90;0.01;0.0998;0.0796;1
326;326;Agent_3;orders came from the seed rule base (rules as-is);0;0;R20[0.01] R26[0.02] A1[0.12];0.02;0.03;0.00;0.11;0.07;0.00;0.78;0.01;0.0998;0.0796;1
327;327;Agent_1;orders came from the seed rule base (rules as-is);0;0;R20[0.02] R26[0.03] A1[0.07];0.03;0.04;0.00;0.06;0.04;0.00;0.78;0.01;0.1005;0.0798;1
327;327;Agent_2;orders came from the seed rule base (rules as-is);0;0;R20[0.03] R26[0.04] A1[0.50];0.04;0.06;0.00;0.44;0.30;0.00;0.90;0.01;0.1005;0.0798;1
327;327;Agent_3;orders came from the seed rule base (rules as-is);0;0;R20[0.01] R26[0.02] A1[0.12];0.02;0.03;0.00;0.11;0.07;0.00;0.78;0.01;0.1005;0.0798;1
328;328;Agent_1;orders came from the seed rule base (rules as-is);0;0;R20[0.02] R26[0.03] A1[0.07];0.03;0.04;0.00;0.06;0.04;0.00;0.78;0.01;0.1001;0.0794;1
328;328;Agent_2;orders came from the seed rule base (rules as-is);0;0;R20[0.03] R26[0.04] A1[0.50];0.04;0.06;0.00;0.44;0.30;0.00;0.90;0.01;0.1001;0.0794;1
328;328;Agent_3;orders came from the seed rule base (rules as-is);0;0;R20[0.01] R26[0.02] A1[0.12];0.02;0.03;0.00;0.11;0.07;0.00;0.78;0.01;0.1001;0.0794;1
329;329;Agent_1;orders came from the seed rule base (rules as-is);0;0;R20[0.02] R26[0.03] A1[0.07];0.03;0.04;0.00;0.06;0.04;0.00;0.78;0.01;0.1003;0.0801;1
329;329;Agent_2;orders came from the seed rule base (rules as-is);0;0;R20[0.03] R26[0.03] A1[0.50];0.03;0.06;0.00;0.44;0.30;0.00;0.90;0.01;0.1003;0.0801;1
329;329;Agent_3;orders came from the seed rule base (rules as-is);0;0;R20[0.01] R26[0.02] A1[0.12];0.02;0.03;0.00;0.11;0.07;0.00;0.78;0.01;0.1003;0.0801;1
330;330;Agent_1;orders came from the seed rule base (rules as-is);0;0;R20[0.02] R26[0.03] A1[0.07];0.03;0.04;0.00;0.06;0.04;0.00;0.78;0.01;0.1009;0.0802;1
330;330;Agent_2;orders came from the seed rule base (rules as-is);0;0;R20[0.03] R26[0.03] A1[0.50];0.03;0.06;0.00;0.44;0.30;0.00;0.90;0.01;0.1009;0.0802;1
330;330;Agent_3;orders came from the seed rule base (rules as-is);0;0;R20[0.01] R26[0.02] A1[0.12];0.02;0.03;0.00;0.11;0.07;0.00;0.78;0.01;0.1009;0.0802;1
331;331;Agent_1;orders came from the seed rule base (rules as-is);0;0;R20[0.02] R26[0.03] A1[0.07];0.03;0.04;0.00;0.06;0.04;0.00;0.78;0.01;0.1011;0.0804;1
331;331;Agent_2;orders came from the seed rule base (rules as-is);0;0;R20[0.03] R26[0.03] A1[0.50];0.03;0.06;0.00;0.44;0.30;0.00;0.90;0.01;0.1011;0.0804;1
331;331;Agent_3;orders came from the seed rule base (rules as-is);0;0;R20[0.01] R26[0.02] A1[0.12];0.02;0.03;0.00;0.11;0.07;0.00;0.78;0.01;0.1011;0.0804;1
332;332;Agent_1;orders came from the seed rule base (rules as-is);0;0;R20[0.02] R26[0.03] A1[0.07];0.03;0.04;0.00;0.06;0.04;0.00;0.78;0.01;0.1012;0.0810;1
332;332;Agent_2;orders came from the seed rule base (rules as-is);0;0;R20[0.03] R26[0.03] A1[0.50];0.03;0.06;0.00;0.44;0.30;0.00;0.90;0.01;0.1012;0.0810;1
332;332;Agent_3;orders came from the seed rule base (rules as-is);0;0;R20[0.01] R26[0.02] A1[0.12];0.02;0.03;0.00;0.11;0.07;0.00;0.78;0.01;0.1012;0.0810;1
333;333;Agent_1;orders came from the seed rule base (rules as-is);0;0;R20[0.02] R26[0.03] A1[0.07];0.03;0.04;0.00;0.06;0.04;0.00;0.78;0.01;0.1014;0.0812;1
333;333;Agent_2;orders came from the seed rule base (rules as-is);0;0;R20[0.03] R26[0.03] A1[0.50];0.03;0.06;0.00;0.44;0.30;0.00;0.90;0.01;0.1014;0.0812;1
333;333;Agent_3;orders came from the seed rule base (rules as-is);0;0;R20[0.01] R26[0.02] A1[0.12];0.02;0.03;0.00;0.11;0.07;0.00;0.78;0.01;0.1014;0.0812;1
334;334;Agent_1;orders came from the seed rule base (rules as-is);0;0;R20[0.02] R26[0.03] A1[0.07];0.03;0.04;0.00;0.06;0.04;0.00;0.78;0.01;0.1015;0.0814;1
334;334;Agent_2;orders came from the seed rule base (rules as-is);0;0;R20[0.03] R26[0.03] A1[0.50];0.03;0.06;0.00;0.44;0.30;0.00;0.90;0.01;0.1015;0.0814;1
334;334;Agent_3;orders came from the seed rule base (rules as-is);0;0;R20[0.01] R26[0.02] A1[0.12];0.02;0.03;0.00;0.11;0.07;0.00;0.78;0.01;0.1015;0.0814;1
335;335;Agent_1;orders came from the seed rule base (rules as-is);0;0;R20[0.02] R26[0.03] A1[0.07];0.03;0.04;0.00;0.06;0.04;0.00;0.78;0.01;0.1022;0.0805;1
335;335;Agent_2;orders came from the seed rule base (rules as-is);0;0;R20[0.03] R26[0.03] A1[0.50];0.03;0.06;0.00;0.44;0.30;0.00;0.90;0.01;0.1022;0.0805;1
335;335;Agent_3;orders came from the seed rule base (rules as-is);0;0;R20[0.01] R26[0.02] A1[0.12];0.02;0.03;0.00;0.11;0.07;0.00;0.78;0.01;0.1022;0.0805;1
336;336;Agent_1;orders came from the seed rule base (rules as-is);0;0;R20[0.02] R26[0.03] A1[0.07];0.03;0.04;0.00;0.06;0.04;0.00;0.78;0.01;0.1024;0.0817;1
336;336;Agent_2;orders came from the seed rule base (rules as-is);0;0;R20[0.03] R26[0.03] A1[0.50];0.03;0.06;0.00;0.44;0.30;0.00;0.90;0.01;0.1024;0.0817;1
336;336;Agent_3;orders came from the seed rule base (rules as-is);0;0;R20[0.01] R26[0.02] A1[0.12];0.02;0.03;0.00;0.11;0.07;0.00;0.78;0.01;0.1024;0.0817;1
337;337;Agent_1;orders came from the seed rule base (rules as-is);0;0;R20[0.02] R26[0.03] A1[0.07];0.03;0.04;0.00;0.06;0.04;0.00;0.78;0.01;0.1020;0.0813;1
337;337;Agent_2;orders came from the seed rule base (rules as-is);0;0;R20[0.03] R26[0.03] A1[0.50];0.03;0.06;0.00;0.44;0.30;0.00;0.90;0.01;0.1020;0.0813;1
337;337;Agent_3;orders came from the seed rule base (rules as-is);0;0;R20[0.01] R26[0.02] A1[0.12];0.02;0.03;0.00;0.11;0.07;0.00;0.78;0.01;0.1020;0.0813;1
338;338;Agent_1;orders came from the seed rule base (rules as-is);0;0;R20[0.01] R26[0.03] A1[0.07];0.03;0.04;0.00;0.06;0.04;0.00;0.78;0.01;0.1022;0.0820;1
338;338;Agent_2;orders came from the seed rule base (rules as-is);0;0;R20[0.03] R26[0.03] A1[0.50];0.03;0.06;0.00;0.44;0.30;0.00;0.90;0.01;0.1022;0.0820;1
338;338;Agent_3;orders came from the seed rule base (rules as-is);0;0;R20[0.01] R26[0.02] A1[0.12];0.02;0.03;0.00;0.11;0.07;0.00;0.78;0.01;0.1022;0.0820;1
339;339;Agent_1;orders came from the seed rule base (rules as-is);0;0;R20[0.01] R26[0.03] A1[0.07];0.03;0.04;0.00;0.06;0.04;0.00;0.78;0.01;0.1018;0.0811;1
339;339;Agent_2;orders came from the seed rule base (rules as-is);0;0;R20[0.03] R26[0.03] A1[0.50];0.03;0.06;0.00;0.44;0.30;0.00;0.90;0.01;0.1018;0.0811;1
339;339;Agent_3;orders came from the seed rule base (rules as-is);0;0;R20[0.01] R26[0.02] A1[0.12];0.02;0.03;0.00;0.11;0.07;0.00;0.78;0.01;0.1018;0.0811;1
340;340;Agent_1;orders came from the seed rule base (rules as-is);0;0;R20[0.01] R26[0.03] A1[0.07];0.03;0.04;0.00;0.06;0.04;0.00;0.78;0.01;0.1025;0.0818;1
340;340;Agent_2;orders came from the seed rule base (rules as-is);0;0;R20[0.03] R26[0.03] A1[0.50];0.03;0.06;0.00;0.44;0.30;0.00;0.90;0.01;0.1025;0.0818;1
340;340;Agent_3;orders came from the seed rule base (rules as-is);0;0;R20[0.01] R26[0.02] A1[0.12];0.02;0.03;0.00;0.11;0.07;0.00;0.78;0.01;0.1025;0.0818;1
341;341;Agent_1;orders came from the seed rule base (rules as-is);0;0;R20[0.01] R26[0.03] A1[0.07];0.03;0.04;0.00;0.06;0.04;0.00;0.78;0.01;0.1037;0.0819;1
341;341;Agent_2;orders came from the seed rule base (rules as-is);0;0;R20[0.03] R26[0.03] A1[0.50];0.03;0.05;0.00;0.44;0.30;0.00;0.90;0.01;0.1037;0.0819;1
341;341;Agent_3;orders came from the seed rule base (rules as-is);0;0;R20[0.01] R26[0.02] A1[0.12];0.02;0.03;0.00;0.11;0.07;0.00;0.78;0.01;0.1037;0.0819;1
342;342;Agent_1;orders came from the seed rule base (rules as-is);0;0;R20[0.01] R26[0.03] A1[0.07];0.03;0.04;0.00;0.06;0.04;0.00;0.78;0.01;0.1038;0.0820;1
342;342;Agent_2;orders came from the seed rule base (rules as-is);0;0;R20[0.03] R26[0.03] A1[0.50];0.03;0.05;0.00;0.44;0.30;0.00;0.90;0.01;0.1038;0.0820;1
342;342;Agent_3;orders came from the seed rule base (rules as-is);0;0;R20[0.01] R26[0.02] A1[0.12];0.02;0.03;0.00;0.11;0.07;0.00;0.78;0.01;0.1038;0.0820;1
343;343;Agent_1;orders came from the seed rule base (rules as-is);0;0;R20[0.01] R26[0.03] A1[0.07];0.03;0.04;0.00;0.06;0.04;0.00;0.78;0.01;0.1039;0.0822;1
343;343;Agent_2;orders came from the seed rule base (rules as-is);0;0;R20[0.03] R26[0.03] A1[0.50];0.03;0.05;0.00;0.44;0.30;0.00;0.90;0.01;0.1039;0.0822;1
343;343;Agent_3;orders came from the seed rule base (rules as-is);0;0;R20[0.01] R26[0.02] A1[0.12];0.02;0.03;0.00;0.11;0.07;0.00;0.78;0.01;0.1039;0.0822;1
344;344;Agent_1;orders came from the seed rule base (rules as-is);0;0;R20[0.01] R26[0.03] A1[0.07];0.03;0.04;0.00;0.06;0.04;0.00;0.78;0.01;0.1044;0.0823;1
344;344;Agent_2;orders came from the seed rule base (rules as-is);0;0;R20[0.03] R26[0.03] A1[0.50];0.03;0.05;0.00;0.44;0.30;0.00;0.90;0.01;0.1044;0.0823;1
344;344;Agent_3;orders came from the seed rule base (rules as-is);0;0;R20[0.01] R26[0.02] A1[0.12];0.02;0.03;0.00;0.11;0.07;0.00;0.78;0.01;0.1044;0.0823;1
345;345;Agent_1;orders came from the seed rule base (rules as-is);0;0;R20[0.01] R26[0.03] A1[0.07];0.03;0.04;0.00;0.06;0.04;0.00;0.78;0.01;0.1046;0.0825;1
345;345;Agent_2;orders came from the seed rule base (rules as-is);0;0;R20[0.03] R26[0.03] A1[0.50];0.03;0.05;0.00;0.44;0.30;0.00;0.90;0.01;0.1046;0.0825;1
345;345;Agent_3;orders came from the seed rule base (rules as-is);0;0;R20[0.01] R26[0.02] A1[0.12];0.02;0.03;0.00;0.11;0.07;0.00;0.78;0.01;0.1046;0.0825;1
346;346;Agent_1;orders came from the seed rule base (rules as-is);0;0;R20[0.01] R26[0.03] A1[0.07];0.03;0.04;0.00;0.06;0.04;0.00;0.78;0.01;0.1042;0.0821;1
346;346;Agent_2;orders came from the seed rule base (rules as-is);0;0;R20[0.03] R26[0.03] A1[0.50];0.03;0.05;0.00;0.44;0.30;0.00;0.90;0.01;0.1042;0.0821;1
346;346;Agent_3;orders came from the seed rule base (rules as-is);0;0;R20[0.01] R26[0.02] A1[0.12];0.02;0.03;0.00;0.11;0.07;0.00;0.78;0.01;0.1042;0.0821;1
347;347;Agent_1;orders came from the seed rule base (rules as-is);0;0;R20[0.01] R26[0.03] A1[0.07];0.03;0.04;0.00;0.06;0.04;0.00;0.78;0.01;0.1044;0.0823;1
347;347;Agent_2;orders came from the seed rule base (rules as-is);0;0;R20[0.03] R26[0.03] A1[0.50];0.03;0.05;0.00;0.44;0.30;0.00;0.90;0.01;0.1044;0.0823;1
347;347;Agent_3;orders came from the seed rule base (rules as-is);0;0;R20[0.01] R26[0.02] A1[0.12];0.02;0.03;0.00;0.11;0.07;0.00;0.78;0.01;0.1044;0.0823;1
348;348;Agent_1;orders came from the seed rule base (rules as-is);0;0;R20[0.01] R26[0.03] A1[0.07];0.03;0.04;0.00;0.06;0.04;0.00;0.78;0.01;0.1045;0.0825;1
348;348;Agent_2;orders came from the seed rule base (rules as-is);0;0;R20[0.03] R26[0.03] A1[0.50];0.03;0.05;0.00;0.44;0.30;0.00;0.90;0.01;0.1045;0.0825;1
348;348;Agent_3;orders came from the seed rule base (rules as-is);0;0;R20[0.01] R26[0.02] A1[0.12];0.02;0.03;0.00;0.11;0.07;0.00;0.78;0.01;0.1045;0.0825;1
349;349;Agent_1;orders came from the seed rule base (rules as-is);0;0;R20[0.01] R26[0.03] A1[0.07];0.03;0.04;0.00;0.06;0.04;0.00;0.78;0.01;0.1047;0.0826;1
349;349;Agent_2;orders came from the seed rule base (rules as-is);0;0;R20[0.03] R26[0.03] A1[0.50];0.03;0.05;0.00;0.44;0.30;0.00;0.90;0.01;0.1047;0.0826;1
349;349;Agent_3;orders came from the seed rule base (rules as-is);0;0;R20[0.01] R26[0.02] A1[0.12];0.02;0.03;0.00;0.11;0.07;0.00;0.78;0.01;0.1047;0.0826;1
350;350;Agent_1;orders came from the seed rule base (rules as-is);0;0;R20[0.01] R26[0.03] A1[0.07];0.03;0.04;0.00;0.06;0.04;0.00;0.78;0.01;0.1049;0.0828;1
350;350;Agent_2;orders came from the seed rule base (rules as-is);0;0;R20[0.03] R26[0.03] A1[0.50];0.03;0.05;0.00;0.44;0.30;0.00;0.90;0.01;0.1049;0.0828;1
350;350;Agent_3;orders came from the seed rule base (rules as-is);0;0;R20[0.01] R26[0.02] A1[0.12];0.02;0.03;0.00;0.11;0.07;0.00;0.78;0.01;0.1049;0.0828;1
