step;t_min;region;story;stage_tried;stage_accepted;fired_rules;suppression;deployment;containment;protection;evacuation;warning;quality;gate_min;J_forecast;J_noaction;attended
0;0;Agent_1;orders came from the seed rule base (rules as-is);0;0;;0.00;0.00;0.00;0.00;0.00;0.00;0.74;0.00;0.0000;0.0000;1
0;0;Agent_2;orders came from the seed rule base (rules as-is);0;0;R20[0.19];0.00;0.19;0.00;0.00;0.00;0.00;0.72;0.00;0.0000;0.0000;1
0;0;Agent_3;orders came from the seed rule base (rules as-is);0;0;R20[0.01];0.00;0.00;0.00;0.00;0.00;0.00;0.73;0.00;0.0000;0.0000;1
1;1;Agent_1;orders came from the seed rule base (rules as-is);0;0;;0.00;0.00;0.00;0.00;0.00;0.00;0.75;0.14;0.0000;0.0000;1
1;1;Agent_2;orders came from the seed rule base (rules as-is);0;0;R20[0.18];0.00;0.18;0.00;0.00;0.00;0.00;0.74;0.18;0.0000;0.0000;1
1;1;Agent_3;orders came from the seed rule base (rules as-is);0;0;R20[0.01];0.00;0.00;0.00;0.00;0.00;0.00;0.73;0.12;0.0000;0.0000;1
2;2;Agent_1;orders came from the seed rule base (rules as-is);0;0;;0.00;0.00;0.00;0.00;0.00;0.00;0.73;0.13;0.0316;0.0316;1
2;2;Agent_2;orders came from the seed rule base (rules as-is);0;0;R20[0.17];0.00;0.17;0.00;0.00;0.00;0.00;0.75;0.21;0.0316;0.0316;1
2;2;Agent_3;orders came from the seed rule base (rules as-is);0;0;R20[0.01];0.00;0.00;0.00;0.00;0.00;0.00;0.73;0.12;0.0316;0.0316;1
3;3;Agent_1;orders came from the seed rule base (rules as-is);0;0;;0.00;0.00;0.00;0.00;0.00;0.00;0.74;0.13;0.0316;0.0316;1
3;3;Agent_2;orders came from the seed rule base (rules as-is);0;0;R20[0.17];0.00;0.17;0.00;0.00;0.00;0.00;0.71;0.29;0.0316;0.0316;1
3;3;Agent_3;orders came from the seed rule base (rules as-is);0;0;R20[0.01];0.00;0.00;0.00;0.00;0.00;0.00;0.73;0.12;0.0316;0.0316;1
4;4;Agent_1;orders came from the seed rule base (rules as-is);0;0;;0.00;0.00;0.00;0.00;0.00;0.00;0.74;0.13;0.0322;0.0322;1
4;4;Agent_2;orders came from the seed rule base (rules as-is);0;0;R20[0.17];0.00;0.17;0.00;0.00;0.00;0.00;0.71;0.28;0.0322;0.0322;1
4;4;Agent_3;orders came from the seed rule base (rules as-is);0;0;R20[0.01];0.00;0.00;0.00;0.00;0.00;0.00;0.74;0.12;0.0322;0.0322;1
5;5;Agent_1;orders came from the seed rule base (rules as-is);0;0;;0.00;0.00;0.00;0.00;0.00;0.00;0.74;0.13;0.0332;0.0332;1
5;5;Agent_2;orders came from the seed rule base (rules as-is);0;0;R20[0.17];0.00;0.17;0.00;0.00;0.00;0.00;0.70;0.28;0.0332;0.0332;1
5;5;Agent_3;orders came from the seed rule base (rules as-is);0;0;R20[0.01];0.00;0.00;0.00;0.00;0.00;0.00;0.74;0.12;0.0332;0.0332;1
6;6;Agent_1;orders came from the seed rule base (rules as-is);0;0;;0.00;0.00;0.00;0.00;0.00;0.00;0.74;0.13;0.0358;0.0358;1
6;6;Agent_2;orders came from the seed rule base (rules as-is);0;0;R20[0.17];0.00;0.17;0.00;0.00;0.00;0.00;0.70;0.28;0.0358;0.0358;1
6;6;Agent_3;orders came from the seed rule base (rules as-is);0;0;R20[0.01];0.00;0.00;0.00;0.00;0.00;0.00;0.74;0.12;0.0358;0.0358;1
7;7;Agent_1;orders came from the seed rule base (rules as-is);0;0;;0.00;0.00;0.00;0.00;0.00;0.00;0.75;0.13;0.0389;0.0389;1
7;7;Agent_2;orders came from the seed rule base (rules as-is);0;0;R20[0.17];0.00;0.17;0.00;0.00;0.00;0.00;0.70;0.28;0.0389;0.0389;1
7;7;Agent_3;orders came from the seed rule base (rules as-is);0;0;R20[0.01];0.00;0.00;0.00;0.00;0.00;0.00;0.74;0.12;0.0389;0.0389;1
8;8;Agent_1;orders came from the seed rule base (rules as-is);0;0;;0.00;0.00;0.00;0.00;0.00;0.00;0.75;0.13;0.0404;0.0404;1
8;8;Agent_2;orders came from the seed rule base (rules as-is);0;0;R20[0.17];0.00;0.17;0.00;0.00;0.00;0.00;0.71;0.28;0.0404;0.0404;1
8;8;Agent_3;orders came from the seed rule base (rules as-is);0;0;;0.00;0.00;0.00;0.00;0.00;0.00;0.75;0.12;0.0404;0.0404;1
9;9;Agent_1;orders came from the seed rule base (rules as-is);0;0;R20[0.02] R26[0.05];0.00;0.00;0.00;0.00;0.00;0.00;0.66;0.13;0.0602;0.0423;1
9;9;Agent_2;orders came from the seed rule base (rules as-is);0;0;R20[0.22] R26[0.10];0.10;0.30;0.00;0.00;0.00;0.00;0.65;0.28;0.0602;0.0423;1
9;9;Agent_3;orders came from the seed rule base (rules as-is);0;0;R20[0.03] R26[0.04];0.00;0.00;0.00;0.00;0.00;0.00;0.67;0.12;0.0602;0.0423;1
10;10;Agent_1;orders came from the seed rule base (rules as-is);0;0;R20[0.04] R26[0.08];0.08;0.10;0.00;0.00;0.00;0.00;0.68;0.13;0.0542;0.0411;1
10;10;Agent_2;orders came from the seed rule base (rules as-is);0;0;R20[0.25] R26[0.17];0.17;0.38;0.00;0.00;0.00;0.00;0.64;0.28;0.0542;0.0411;1
10;10;Agent_3;orders came from the seed rule base (rules as-is);0;0;R20[0.05] R26[0.08];0.08;0.11;0.00;0.00;0.00;0.00;0.69;0.12;0.0542;0.0411;1
11;11;Agent_1;orders came from the seed rule base (rules as-is);0;0;R20[0.05] R26[0.11];0.11;0.14;0.00;0.00;0.00;0.00;0.69;0.13;0.0543;0.0380;1
11;11;Agent_2;orders came from the seed rule base (rules as-is);0;0;R20[0.27] R26[0.21];0.21;0.43;0.00;0.00;0.00;0.00;0.65;0.28;0.0543;0.0380;1
11;11;Agent_3;orders came from the seed rule base (rules as-is);0;0;R20[0.06] R26[0.10];0.10;0.14;0.00;0.00;0.00;0.00;0.69;0.11;0.0543;0.0380;1
12;12;Agent_1;orders came from the seed rule base (rules as-is);0;0;R20[0.06] R26[0.13];0.13;0.17;0.00;0.00;0.00;0.00;0.69;0.13;0.0541;0.0363;1
12;12;Agent_2;orders came from the seed rule base (rules as-is);0;0;R20[0.28] R26[0.24];0.24;0.47;0.00;0.00;0.00;0.00;0.65;0.28;0.0541;0.0363;1
12;12;Agent_3;orders came from the seed rule base (rules as-is);0;0;R20[0.07] R26[0.12];0.12;0.16;0.00;0.00;0.00;0.00;0.69;0.11;0.0541;0.0363;1
13;13;Agent_1;orders came from the seed rule base (rules as-is);0;0;R20[0.07] R26[0.15];0.15;0.19;0.00;0.00;0.00;0.00;0.69;0.12;0.0544;0.0362;1
13;13;Agent_2;orders came from the seed rule base (rules as-is);0;0;R20[0.29] R26[0.25];0.25;0.49;0.00;0.00;0.00;0.00;0.65;0.28;0.0544;0.0362;1
13;13;Agent_3;orders came from the seed rule base (rules as-is);0;0;R20[0.07] R26[0.14];0.14;0.19;0.00;0.00;0.00;0.00;0.70;0.11;0.0544;0.0362;1
14;14;Agent_1;orders came from the seed rule base (rules as-is);0;0;R20[0.08] R26[0.16];0.16;0.21;0.00;0.00;0.00;0.00;0.69;0.12;0.0544;0.0364;1
14;14;Agent_2;orders came from the seed rule base (rules as-is);0;0;R20[0.29] R26[0.26];0.26;0.51;0.00;0.00;0.00;0.00;0.64;0.28;0.0544;0.0364;1
14;14;Agent_3;orders came from the seed rule base (rules as-is);0;0;R20[0.08] R26[0.15];0.15;0.20;0.00;0.00;0.00;0.00;0.70;0.11;0.0544;0.0364;1
15;15;Agent_1;orders came from the seed rule base (rules as-is);0;0;R20[0.08] R26[0.17];0.17;0.22;0.00;0.00;0.00;0.00;0.70;0.12;0.0545;0.0362;1
15;15;Agent_2;orders came from the seed rule base (rules as-is);0;0;R20[0.30] R26[0.27];0.27;0.51;0.00;0.00;0.00;0.00;0.64;0.28;0.0545;0.0362;1
15;15;Agent_3;orders came from the seed rule base (rules as-is);0;0;R20[0.09] R26[0.16];0.16;0.21;0.00;0.00;0.00;0.00;0.70;0.11;0.0545;0.0362;1
16;16;Agent_1;orders came from the seed rule base (rules as-is);0;0;R20[0.09] R26[0.18];0.18;0.23;0.00;0.00;0.00;0.00;0.70;0.12;0.0547;0.0364;1
16;16;Agent_2;orders came from the seed rule base (rules as-is);0;0;R20[0.30] R26[0.28];0.28;0.52;0.00;0.00;0.00;0.00;0.64;0.28;0.0547;0.0364;1
16;16;Agent_3;orders came from the seed rule base (rules as-is);0;0;R20[0.09] R26[0.17];0.17;0.22;0.00;0.00;0.00;0.00;0.70;0.11;0.0547;0.0364;1
17;17;Agent_1;orders came from the seed rule base (rules as-is);0;0;R20[0.09] R26[0.19];0.19;0.24;0.00;0.00;0.00;0.00;0.70;0.12;0.0548;0.0361;1
17;17;Agent_2;orders came from the seed rule base (rules as-is);0;0;R20[0.30] R26[0.28];0.28;0.52;0.00;0.00;0.00;0.00;0.64;0.28;0.0548;0.0361;1
17;17;Agent_3;orders came from the seed rule base (rules as-is);0;0;R20[0.09] R26[0.17];0.17;0.23;0.00;0.00;0.00;0.00;0.70;0.11;0.0548;0.0361;1
18;18;Agent_1;orders came from the seed rule base (rules as-is);0;0;R20[0.09] R26[0.19];0.19;0.24;0.00;0.00;0.00;0.00;0.70;0.12;0.0551;0.0364;1
18;18;Agent_2;orders came from the seed rule base (rules as-is);0;0;R20[0.30] R26[0.28];0.28;0.53;0.00;0.00;0.00;0.00;0.64;0.28;0.0551;0.0364;1
18;18;Agent_3;orders came from the seed rule base (rules as-is);0;0;R20[0.09] R26[0.18];0.18;0.24;0.00;0.00;0.00;0.00;0.70;0.11;0.0551;0.0364;1
19;19;Agent_1;orders came from the seed rule base (rules as-is);0;0;R20[0.09] R26[0.19];0.19;0.25;0.00;0.00;0.00;0.00;0.70;0.12;0.0553;0.0376;1
19;19;Agent_2;orders came from the seed rule base (rules as-is);0;0;R20[0.30] R26[0.28];0.28;0.53;0.00;0.00;0.00;0.00;0.64;0.28;0.0553;0.0376;1
19;19;Agent_3;orders came from the seed rule base (rules as-is);0;0;R20[0.10] R26[0.18];0.18;0.24;0.00;0.00;0.00;0.00;0.70;0.11;0.0553;0.0376;1
20;20;Agent_1;orders came from the seed rule base (rules as-is);0;0;R20[0.09] R26[0.20];0.20;0.25;0.00;0.00;0.00;0.00;0.70;0.12;0.0565;0.0379;1
20;20;Agent_2;orders came from the seed rule base (rules as-is);0;0;R20[0.30] R26[0.28];0.28;0.53;0.00;0.00;0.00;0.00;0.64;0.27;0.0565;0.0379;1
20;20;Agent_3;orders came from the seed rule base (rules as-is);0;0;R20[0.10] R26[0.19];0.19;0.25;0.00;0.00;0.00;0.00;0.70;0.11;0.0565;0.0379;1
21;21;Agent_1;orders came from the seed rule base (rules as-is);0;0;R20[0.09] R26[0.20];0.20;0.25;0.00;0.00;0.00;0.00;0.70;0.12;0.0575;0.0381;1
21;21;Agent_2;orders came from the seed rule base (rules as-is);0;0;R20[0.30] R26[0.28];0.28;0.53;0.00;0.00;0.00;0.00;0.64;0.27;0.0575;0.0381;1
21;21;Agent_3;orders came from the seed rule base (rules as-is);0;0;R20[0.10] R26[0.19];0.19;0.25;0.00;0.00;0.00;0.00;0.70;0.11;0.0575;0.0381;1
22;22;Agent_1;orders came from the seed rule base (rules as-is);0;0;;0.00;0.00;0.00;0.00;0.00;0.00;0.72;0.12;0.0374;0.0374;1
22;22;Agent_2;orders came from the seed rule base (rules as-is);0;0;R20[0.19];0.00;0.19;0.00;0.00;0.00;0.00;0.69;0.27;0.0374;0.0374;1
22;22;Agent_3;orders came from the seed rule base (rules as-is);0;0;R20[0.01];0.00;0.00;0.00;0.00;0.00;0.00;0.71;0.11;0.0374;0.0374;1
22;22;Agent_1;orders came from the seed rule base (rules as-is);0;0;R20[0.10] R26[0.20];0.20;0.26;0.00;0.00;0.00;0.00;0.70;0.12;0.0571;0.0383;1
22;22;Agent_2;orders came from the seed rule base (rules as-is);0;0;R20[0.30] R26[0.28];0.28;0.53;0.00;0.00;0.00;0.00;0.64;0.27;0.0571;0.0383;1
22;22;Agent_3;orders came from the seed rule base (rules as-is);0;0;R20[0.10] R26[0.19];0.19;0.25;0.00;0.00;0.00;0.00;0.70;0.11;0.0571;0.0383;1
23;23;Agent_1;orders came from the seed rule base (rules as-is);0;0;R20[0.10] R26[0.20];0.20;0.26;0.00;0.00;0.00;0.00;0.70;0.12;0.0573;0.0386;1
23;23;Agent_2;orders came from the seed rule base (rules as-is);0;0;R20[0.30] R26[0.28];0.28;0.53;0.00;0.00;0.00;0.00;0.64;0.27;0.0573;0.0386;1
23;23;Agent_3;orders came from the seed rule base (rules as-is);0;0;R20[0.10] R26[0.19];0.19;0.25;0.00;0.00;0.00;0.00;0.70;0.10;0.0573;0.0386;1
24;24;Agent_1;orders came from the seed rule base (rules as-is);0;0;R20[0.10] R26[0.20];0.20;0.26;0.00;0.00;0.00;0.00;0.70;0.12;0.0576;0.0382;1
24;24;Agent_2;orders came from the seed rule base (rules as-is);0;0;R20[0.30] R26[0.28];0.28;0.53;0.00;0.00;0.00;0.00;0.64;0.27;0.0576;0.0382;1
24;24;Agent_3;orders came from the seed rule base (rules as-is);0;0;R20[0.10] R26[0.19];0.19;0.25;0.00;0.00;0.00;0.00;0.70;0.10;0.0576;0.0382;1
25;25;Agent_1;orders came from the seed rule base (rules as-is);0;0;R20[0.10] R26[0.20];0.20;0.26;0.00;0.00;0.00;0.00;0.70;0.12;0.0578;0.0385;1
25;25;Agent_2;orders came from the seed rule base (rules as-is);0;0;R20[0.30] R26[0.28];0.28;0.53;0.00;0.00;0.00;0.00;0.64;0.27;0.0578;0.0385;1
25;25;Agent_3;orders came from the seed rule base (rules as-is);0;0;R20[0.10] R26[0.19];0.19;0.25;0.00;0.00;0.00;0.00;0.70;0.10;0.0578;0.0385;1
26;26;Agent_1;orders came from the seed rule base (rules as-is);0;0;R20[0.10] R26[0.20];0.20;0.26;0.00;0.00;0.00;0.00;0.70;0.11;0.0580;0.0387;1
26;26;Agent_2;orders came from the seed rule base (rules as-is);0;0;R20[0.30] R26[0.28];0.28;0.53;0.00;0.00;0.00;0.00;0.64;0.27;0.0580;0.0387;1
26;26;Agent_3;orders came from the seed rule base (rules as-is);0;0;R20[0.10] R26[0.19];0.19;0.25;0.00;0.00;0.00;0.00;0.70;0.10;0.0580;0.0387;1
27;27;Agent_1;orders came from the seed rule base (rules as-is);0;0;R20[0.10] R26[0.20];0.20;0.26;0.00;0.00;0.00;0.00;0.70;0.11;0.0582;0.0389;1
27;27;Agent_2;orders came from the seed rule base (rules as-is);0;0;R20[0.30] R26[0.28];0.28;0.53;0.00;0.00;0.00;0.00;0.64;0.27;0.0582;0.0389;1
27;27;Agent_3;orders came from the seed rule base (rules as-is);0;0;R20[0.10] R26[0.19];0.19;0.25;0.00;0.00;0.00;0.00;0.70;0.10;0.0582;0.0389;1
28;28;Agent_1;orders came from the seed rule base (rules as-is);0;0;R20[0.10] R26[0.20];0.20;0.26;0.00;0.00;0.00;0.00;0.70;0.11;0.0575;0.0396;1
28;28;Agent_2;orders came from the seed rule base (rules as-is);0;0;R20[0.30] R26[0.28];0.28;0.53;0.00;0.00;0.00;0.00;0.64;0.27;0.0575;0.0396;1
28;28;Agent_3;orders came from the seed rule base (rules as-is);0;0;R20[0.10] R26[0.19];0.19;0.25;0.00;0.00;0.00;0.00;0.70;0.10;0.0575;0.0396;1
29;29;Agent_1;orders came from the seed rule base (rules as-is);0;0;R20[0.10] R26[0.20];0.20;0.26;0.00;0.00;0.00;0.00;0.70;0.11;0.0578;0.0399;1
29;29;Agent_2;orders came from the seed rule base (rules as-is);0;0;R20[0.30] R26[0.28];0.28;0.53;0.00;0.00;0.00;0.00;0.64;0.27;0.0578;0.0399;1
29;29;Agent_3;orders came from the seed rule base (rules as-is);0;0;R20[0.10] R26[0.19];0.19;0.25;0.00;0.00;0.00;0.00;0.70;0.10;0.0578;0.0399;1
30;30;Agent_1;orders came from the seed rule base (rules as-is);0;0;R20[0.10] R26[0.20];0.20;0.26;0.00;0.00;0.00;0.00;0.70;0.11;0.0580;0.0401;1
30;30;Agent_2;orders came from the seed rule base (rules as-is);0;0;R20[0.30] R26[0.28];0.28;0.53;0.00;0.00;0.00;0.00;0.64;0.27;0.0580;0.0401;1
30;30;Agent_3;orders came from the seed rule base (rules as-is);0;0;R20[0.10] R26[0.19];0.19;0.25;0.00;0.00;0.00;0.00;0.70;0.10;0.0580;0.0401;1
31;31;Agent_1;orders came from the seed rule base (rules as-is);0;0;R20[0.10] R26[0.20];0.20;0.26;0.00;0.00;0.00;0.00;0.70;0.11;0.0583;0.0404;1
31;31;Agent_2;orders came from the seed rule base (rules as-is);0;0;R20[0.30] R26[0.28];0.28;0.53;0.00;0.00;0.00;0.00;0.64;0.27;0.0583;0.0404;1
31;31;Agent_3;orders came from the seed rule base (rules as-is);0;0;R20[0.10] R26[0.19];0.19;0.25;0.00;0.00;0.00;0.00;0.70;0.10;0.0583;0.0404;1
32;32;Agent_1;orders came from the seed rule base (rules as-is);0;0;R20[0.10] R26[0.20];0.20;0.26;0.00;0.00;0.00;0.00;0.70;0.11;0.0580;0.0401;1
32;32;Agent_2;orders came from the seed rule base (rules as-is);0;0;R20[0.30] R26[0.28];0.28;0.53;0.00;0.00;0.00;0.00;0.64;0.27;0.0580;0.0401;1
32;32;Agent_3;orders came from the seed rule base (rules as-is);0;0;R20[0.10] R26[0.19];0.19;0.25;0.00;0.00;0.00;0.00;0.70;0.10;0.0580;0.0401;1
33;33;Agent_1;orders came from the seed rule base (rules as-is);0;0;R20[0.10] R26[0.20];0.20;0.26;0.00;0.00;0.00;0.00;0.70;0.11;0.0583;0.0404;1
33;33;Agent_2;orders came from the seed rule base (rules as-is);0;0;R20[0.30] R26[0.28];0.28;0.53;0.00;0.00;0.00;0.00;0.64;0.27;0.0583;0.0404;1
33;33;Agent_3;orders came from the seed rule base (rules as-is);0;0;R20[0.10] R26[0.19];0.19;0.25;0.00;0.00;0.00;0.00;0.70;0.10;0.0583;0.0404;1
34;34;Agent_1;orders came from the seed rule base (rules as-is);0;0;R20[0.10] R26[0.20];0.20;0.25;0.00;0.00;0.00;0.00;0.70;0.11;0.0585;0.0411;1
34;34;Agent_2;orders came from the seed rule base (rules as-is);0;0;R20[0.30] R26[0.28];0.28;0.53;0.00;0.00;0.00;0.00;0.64;0.27;0.0585;0.0411;1
34;34;Agent_3;orders came from the seed rule base (rules as-is);0;0;R20[0.10] R26[0.19];0.19;0.25;0.00;0.00;0.00;0.00;0.70;0.10;0.0585;0.0411;1
35;35;Agent_1;orders came from the seed rule base (rules as-is);0;0;R20[0.10] R26[0.20];0.20;0.25;0.00;0.00;0.00;0.00;0.70;0.11;0.0588;0.0409;1
35;35;Agent_2;orders came from the seed rule base (rules as-is);0;0;R20[0.30] R26[0.28];0.28;0.53;0.00;0.00;0.00;0.00;0.64;0.27;0.0588;0.0409;1
35;35;Agent_3;orders came from the seed rule base (rules as-is);0;0;R20[0.10] R26[0.19];0.19;0.25;0.00;0.00;0.00;0.00;0.70;0.10;0.0588;0.0409;1
36;36;Agent_1;orders came from the seed rule base (rules as-is);0;0;R20[0.09] R26[0.20];0.20;0.25;0.00;0.00;0.00;0.00;0.70;0.11;0.0596;0.0406;1
36;36;Agent_2;orders came from the seed rule base (rules as-is);0;0;R20[0.30] R26[0.28];0.28;0.53;0.00;0.00;0.00;0.00;0.64;0.27;0.0596;0.0406;1
36;36;Agent_3;orders came from the seed rule base (rules as-is);0;0;R20[0.10] R26[0.19];0.19;0.25;0.00;0.00;0.00;0.00;0.70;0.09;0.0596;0.0406;1
37;37;Agent_1;orders came from the seed rule base (rules as-is);0;0;R20[0.09] R26[0.20];0.20;0.25;0.00;0.00;0.00;0.00;0.70;0.11;0.0599;0.0414;1
37;37;Agent_2;orders came from the seed rule base (rules as-is);0;0;R20[0.30] R26[0.28];0.28;0.53;0.00;0.00;0.00;0.00;0.64;0.26;0.0599;0.0414;1
37;37;Agent_3;orders came from the seed rule base (rules as-is);0;0;R20[0.10] R26[0.19];0.19;0.25;0.00;0.00;0.00;0.00;0.70;0.09;0.0599;0.0414;1
38;38;Agent_1;orders came from the seed rule base (rules as-is);0;0;R20[0.09] R26[0.20];0.20;0.25;0.00;0.00;0.00;0.00;0.70;0.11;0.0601;0.0416;1
38;38;Agent_2;orders came from the seed rule base (rules as-is);0;0;R20[0.30] R26[0.28];0.28;0.52;0.00;0.00;0.00;0.00;0.64;0.26;0.0601;0.0416;1
38;38;Agent_3;orders came from the seed rule base (rules as-is);0;0;R20[0.10] R26[0.19];0.19;0.25;0.00;0.00;0.00;0.00;0.70;0.09;0.0601;0.0416;1
39;39;Agent_1;orders came from the seed rule base (rules as-is);0;0;R20[0.09] R26[0.20];0.20;0.25;0.00;0.00;0.00;0.00;0.70;0.10;0.0609;0.0419;1
39;39;Agent_2;orders came from the seed rule base (rules as-is);0;0;R20[0.30] R26[0.28];0.28;0.52;0.00;0.00;0.00;0.00;0.64;0.26;0.0609;0.0419;1
39;39;Agent_3;orders came from the seed rule base (rules as-is);0;0;R20[0.10] R26[0.18];0.18;0.24;0.00;0.00;0.00;0.00;0.70;0.09;0.0609;0.0419;1
40;40;Agent_1;orders came from the seed rule base (rules as-is);0;0;R20[0.09] R26[0.20];0.20;0.25;0.00;0.00;0.00;0.00;0.70;0.10;0.0606;0.0421;1
40;40;Agent_2;orders came from the seed rule base (rules as-is);0;0;R20[0.30] R26[0.28];0.28;0.52;0.00;0.00;0.00;0.00;0.64;0.26;0.0606;0.0421;1
40;40;Agent_3;orders came from the seed rule base (rules as-is);0;0;R20[0.10] R26[0.18];0.18;0.24;0.00;0.00;0.00;0.00;0.70;0.09;0.0606;0.0421;1
41;41;Agent_1;orders came from the seed rule base (rules as-is);0;0;R20[0.09] R26[0.20];0.20;0.25;0.00;0.00;0.00;0.00;0.70;0.10;0.0614;0.0424;1
41;41;Agent_2;orders came from the seed rule base (rules as-is);0;0;R20[0.30] R26[0.28];0.28;0.52;0.00;0.00;0.00;0.00;0.64;0.26;0.0614;0.0424;1
41;41;Agent_3;orders came from the seed rule base (rules as-is);0;0;R20[0.10] R26[0.18];0.18;0.24;0.00;0.00;0.00;0.00;0.70;0.09;0.0614;0.0424;1
42;42;Agent_1;orders came from the seed rule base (rules as-is);0;0;R20[0.09] R26[0.19];0.19;0.25;0.00;0.00;0.00;0.00;0.70;0.10;0.0617;0.0426;1
42;42;Agent_2;orders came from the seed rule base (rules as-is);0;0;R20[0.30] R26[0.28];0.28;0.52;0.00;0.00;0.00;0.00;0.64;0.26;0.0617;0.0426;1
42;42;Agent_3;orders came from the seed rule base (rules as-is);0;0;R20[0.10] R26[0.18];0.18;0.24;0.00;0.00;0.00;0.00;0.70;0.09;0.0617;0.0426;1
43;43;Agent_1;orders came from the seed rule base (rules as-is);0;0;R20[0.09] R26[0.19];0.19;0.25;0.00;0.00;0.00;0.00;0.70;0.10;0.0619;0.0429;1
43;43;Agent_2;orders came from the seed rule base (rules as-is);0;0;R20[0.30] R26[0.28];0.28;0.52;0.00;0.00;0.00;0.00;0.64;0.26;0.0619;0.0429;1
43;43;Agent_3;orders came from the seed rule base (rules as-is);0;0;R20[0.09] R26[0.18];0.18;0.24;0.00;0.00;0.00;0.00;0.70;0.09;0.0619;0.0429;1
44;44;Agent_1;orders came from the seed rule base (rules as-is);0;0;R20[0.09] R26[0.19];0.19;0.25;0.00;0.00;0.00;0.00;0.70;0.10;0.0617;0.0432;1
44;44;Agent_2;orders came from the seed rule base (rules as-is);0;0;R20[0.30] R26[0.28];0.28;0.52;0.00;0.00;0.00;0.00;0.64;0.26;0.0617;0.0432;1
44;44;Agent_3;orders came from the seed rule base (rules as-is);0;0;R20[0.09] R26[0.18];0.18;0.24;0.00;0.00;0.00;0.00;0.70;0.09;0.0617;0.0432;1
45;45;Agent_1;orders came from the seed rule base (rules as-is);0;0;R20[0.09] R26[0.19];0.19;0.25;0.00;0.00;0.00;0.00;0.70;0.10;0.0619;0.0434;1
45;45;Agent_2;orders came from the seed rule base (rules as-is);0;0;R20[0.30] R26[0.28];0.28;0.52;0.00;0.00;0.00;0.00;0.64;0.26;0.0619;0.0434;1
45;45;Agent_3;orders came from the seed rule base (rules as-is);0;0;R20[0.09] R26[0.18];0.18;0.24;0.00;0.00;0.00;0.00;0.70;0.09;0.0619;0.0434;1
46;46;Agent_1;orders came from the seed rule base (rules as-is);0;0;R20[0.09] R26[0.19];0.19;0.25;0.00;0.00;0.00;0.00;0.70;0.10;0.0622;0.0437;1
46;46;Agent_2;orders came from the seed rule base (rules as-is);0;0;R20[0.30] R26[0.28];0.28;0.52;0.00;0.00;0.00;0.00;0.64;0.26;0.0622;0.0437;1
46;46;Agent_3;orders came from the seed rule base (rules as-is);0;0;R20[0.09] R26[0.18];0.18;0.24;0.00;0.00;0.00;0.00;0.70;0.09;0.0622;0.0437;1
47;47;Agent_1;orders came from the seed rule base (rules as-is);0;0;R20[0.09] R26[0.19];0.19;0.24;0.00;0.00;0.00;0.00;0.70;0.10;0.0624;0.0434;1
47;47;Agent_2;orders came from the seed rule base (rules as-is);0;0;R20[0.30] R26[0.28];0.28;0.52;0.00;0.00;0.00;0.00;0.64;0.26;0.0624;0.0434;1
47;47;Agent_3;orders came from the seed rule base (rules as-is);0;0;R20[0.09] R26[0.18];0.18;0.24;0.00;0.00;0.00;0.00;0.70;0.09;0.0624;0.0434;1
48;48;Agent_1;orders came from the seed rule base (rules as-is);0;0;R20[0.09] R26[0.19];0.19;0.24;0.00;0.00;0.00;0.00;0.70;0.10;0.0629;0.0442;1
48;48;Agent_2;orders came from the seed rule base (rules as-is);0;0;R20[0.30] R26[0.28];0.28;0.52;0.00;0.00;0.00;0.00;0.64;0.26;0.0629;0.0442;1
48;48;Agent_3;orders came from the seed rule base (rules as-is);0;0;R20[0.09] R26[0.18];0.18;0.24;0.00;0.00;0.00;0.00;0.70;0.09;0.0629;0.0442;1
49;49;Agent_1;orders came from the seed rule base (rules as-is);0;0;R20[0.09] R26[0.19];0.19;0.24;0.00;0.00;0.00;0.00;0.70;0.10;0.0631;0.0439;1
49;49;Agent_2;orders came from the seed rule base (rules as-is);0;0;R20[0.30] R26[0.28];0.28;0.52;0.00;0.00;0.00;0.00;0.64;0.26;0.0631;0.0439;1
49;49;Agent_3;orders came from the seed rule base (rules as-is);0;0;R20[0.09] R26[0.18];0.18;0.23;0.00;0.00;0.00;0.00;0.70;0.09;0.0631;0.0439;1
50;50;Agent_1;orders came from the seed rule base (rules as-is);0;0;R20[0.09] R26[0.19];0.19;0.24;0.00;0.00;0.00;0.00;0.70;0.10;0.0634;0.0442;1
50;50;Agent_2;orders came from the seed rule base (rules as-is);0;0;R20[0.30] R26[0.28];0.28;0.52;0.00;0.00;0.00;0.00;0.64;0.26;0.0634;0.0442;1
50;50;Agent_3;orders came from the seed rule base (rules as-is);0;0;R20[0.09] R26[0.18];0.18;0.23;0.00;0.00;0.00;0.00;0.70;0.09;0.0634;0.0442;1
51;51;Agent_1;orders came from the seed rule base (rules as-is);0;0;R20[0.09] R26[0.19];0.19;0.24;0.00;0.00;0.00;0.00;0.70;0.10;0.0637;0.0445;1
51;51;Agent_2;orders came from the seed rule base (rules as-is);0;0;R20[0.30] R26[0.28];0.28;0.52;0.00;0.00;0.00;0.00;0.64;0.26;0.0637;0.0445;1
51;51;Agent_3;orders came from the seed rule base (rules as-is);0;0;R20[0.09] R26[0.18];0.18;0.23;0.00;0.00;0.00;0.00;0.70;0.08;0.0637;0.0445;1
52;52;Agent_1;orders came from the seed rule base (rules as-is);0;0;R20[0.09] R26[0.19];0.19;0.24;0.00;0.00;0.00;0.00;0.70;0.10;0.0640;0.0447;1
52;52;Agent_2;orders came from the seed rule base (rules as-is);0;0;R20[0.30] R26[0.28];0.28;0.52;0.00;0.00;0.00;0.00;0.64;0.26;0.0640;0.0447;1
52;52;Agent_3;orders came from the seed rule base (rules as-is);0;0;R20[0.09] R26[0.18];0.18;0.23;0.00;0.00;0.00;0.00;0.70;0.08;0.0640;0.0447;1
53;53;Agent_1;orders came from the seed rule base (rules as-is);0;0;R20[0.09] R26[0.19];0.19;0.24;0.00;0.00;0.00;0.00;0.70;0.10;0.0642;0.0450;1
53;53;Agent_2;orders came from the seed rule base (rules as-is);0;0;R20[0.30] R26[0.28];0.28;0.52;0.00;0.00;0.00;0.00;0.64;0.26;0.0642;0.0450;1
53;53;Agent_3;orders came from the seed rule base (rules as-is);0;0;R20[0.09] R26[0.17];0.17;0.23;0.00;0.00;0.00;0.00;0.70;0.08;0.0642;0.0450;1
54;54;Agent_1;orders came from the seed rule base (rules as-is);0;0;R20[0.09] R26[0.19];0.19;0.24;0.00;0.00;0.00;0.00;0.70;0.09;0.0645;0.0453;1
54;54;Agent_2;orders came from the seed rule base (rules as-is);0;0;R20[0.30] R26[0.28];0.28;0.52;0.00;0.00;0.00;0.00;0.64;0.26;0.0645;0.0453;1
54;54;Agent_3;orders came from the seed rule base (rules as-is);0;0;R20[0.09] R26[0.17];0.17;0.23;0.00;0.00;0.00;0.00;0.70;0.08;0.0645;0.0453;1
55;55;Agent_1;orders came from the seed rule base (rules as-is);0;0;R20[0.09] R26[0.19];0.19;0.24;0.00;0.00;0.00;0.00;0.70;0.09;0.0644;0.0455;1
55;55;Agent_2;orders came from the seed rule base (rules as-is);0;0;R20[0.30] R26[0.28];0.28;0.52;0.00;0.00;0.00;0.00;0.64;0.26;0.0644;0.0455;1
55;55;Agent_3;orders came from the seed rule base (rules as-is);0;0;R20[0.09] R26[0.17];0.17;0.23;0.00;0.00;0.00;0.00;0.70;0.08;0.0644;0.0455;1
56;56;Agent_1;orders came from the seed rule base (rules as-is);0;0;R20[0.09] R26[0.19];0.19;0.24;0.00;0.00;0.00;0.00;0.71;0.09;0.0647;0.0458;1
56;56;Agent_2;orders came from the seed rule base (rules as-is);0;0;R20[0.30] R26[0.28];0.28;0.52;0.00;0.00;0.00;0.00;0.64;0.26;0.0647;0.0458;1
56;56;Agent_3;orders came from the seed rule base (rules as-is);0;0;R20[0.09] R26[0.17];0.17;0.23;0.00;0.00;0.00;0.00;0.71;0.08;0.0647;0.0458;1
57;57;Agent_1;orders came from the seed rule base (rules as-is);0;0;R20[0.09] R26[0.19];0.19;0.24;0.00;0.00;0.00;0.00;0.71;0.09;0.0648;0.0461;1
57;57;Agent_2;orders came from the seed rule base (rules as-is);0;0;R20[0.30] R26[0.28];0.28;0.52;0.00;0.00;0.00;0.00;0.64;0.25;0.0648;0.0461;1
57;57;Agent_3;orders came from the seed rule base (rules as-is);0;0;R20[0.09] R26[0.17];0.17;0.23;0.00;0.00;0.00;0.00;0.71;0.08;0.0648;0.0461;1
58;58;Agent_1;orders came from the seed rule base (rules as-is);0;0;R20[0.09] R26[0.18];0.18;0.24;0.00;0.00;0.00;0.00;0.71;0.09;0.0645;0.0463;1
58;58;Agent_2;orders came from the seed rule base (rules as-is);0;0;R20[0.30] R26[0.28];0.28;0.52;0.00;0.00;0.00;0.00;0.64;0.25;0.0645;0.0463;1
58;58;Agent_3;orders came from the seed rule base (rules as-is);0;0;R20[0.09] R26[0.17];0.17;0.23;0.00;0.00;0.00;0.00;0.71;0.08;0.0645;0.0463;1
59;59;Agent_1;orders came from the seed rule base (rules as-is);0;0;R20[0.09] R26[0.18];0.18;0.23;0.00;0.00;0.00;0.00;0.71;0.09;0.0647;0.0465;1
59;59;Agent_2;orders came from the seed rule base (rules as-is);0;0;R20[0.30] R26[0.28];0.28;0.52;0.00;0.00;0.00;0.00;0.64;0.25;0.0647;0.0465;1
59;59;Agent_3;orders came from the seed rule base (rules as-is);0;0;R20[0.09] R26[0.17];0.17;0.22;0.00;0.00;0.00;0.00;0.71;0.08;0.0647;0.0465;1
60;60;Agent_1;orders came from the seed rule base (rules as-is);0;0;R20[0.09] R26[0.18];0.18;0.23;0.00;0.00;0.00;0.00;0.71;0.09;0.0647;0.0467;1
60;60;Agent_2;orders came from the seed rule base (rules as-is);0;0;R20[0.30] R26[0.28];0.28;0.52;0.00;0.00;0.00;0.00;0.64;0.25;0.0647;0.0467;1
60;60;Agent_3;orders came from the seed rule base (rules as-is);0;0;R20[0.09] R26[0.17];0.17;0.22;0.00;0.00;0.00;0.00;0.71;0.08;0.0647;0.0467;1
61;61;Agent_1;orders came from the seed rule base (rules as-is);0;0;R20[0.09] R26[0.18];0.18;0.23;0.00;0.00;0.00;0.00;0.71;0.09;0.0649;0.0469;1
61;61;Agent_2;orders came from the seed rule base (rules as-is);0;0;R20[0.30] R26[0.28];0.28;0.52;0.00;0.00;0.00;0.00;0.64;0.25;0.0649;0.0469;1
61;61;Agent_3;orders came from the seed rule base (rules as-is);0;0;R20[0.09] R26[0.17];0.17;0.22;0.00;0.00;0.00;0.00;0.71;0.08;0.0649;0.0469;1
62;62;Agent_1;orders came from the seed rule base (rules as-is);0;0;R20[0.09] R26[0.18];0.18;0.23;0.00;0.00;0.00;0.00;0.71;0.09;0.0647;0.0477;1
62;62;Agent_2;orders came from the seed rule base (rules as-is);0;0;R20[0.30] R26[0.28];0.28;0.52;0.00;0.00;0.00;0.00;0.64;0.25;0.0647;0.0477;1
62;62;Agent_3;orders came from the seed rule base (rules as-is);0;0;R20[0.09] R26[0.17];0.17;0.22;0.00;0.00;0.00;0.00;0.71;0.08;0.0647;0.0477;1
63;63;Agent_1;orders came from the seed rule base (rules as-is);0;0;R20[0.09] R26[0.18];0.18;0.23;0.00;0.00;0.00;0.00;0.71;0.09;0.0649;0.0478;1
63;63;Agent_2;orders came from the seed rule base (rules as-is);0;0;R20[0.29] R26[0.28];0.28;0.52;0.00;0.00;0.00;0.00;0.64;0.25;0.0649;0.0478;1
63;63;Agent_3;orders came from the seed rule base (rules as-is);0;0;R20[0.09] R26[0.17];0.17;0.22;0.00;0.00;0.00;0.00;0.71;0.08;0.0649;0.0478;1
64;64;Agent_1;orders came from the seed rule base (rules as-is);0;0;R20[0.09] R26[0.18];0.18;0.23;0.00;0.00;0.00;0.00;0.71;0.09;0.0649;0.0480;1
64;64;Agent_2;orders came from the seed rule base (rules as-is);0;0;R20[0.29] R26[0.28];0.28;0.52;0.00;0.00;0.00;0.00;0.64;0.25;0.0649;0.0480;1
64;64;Agent_3;orders came from the seed rule base (rules as-is);0;0;R20[0.09] R26[0.17];0.17;0.22;0.00;0.00;0.00;0.00;0.71;0.08;0.0649;0.0480;1
65;65;Agent_1;orders came from the seed rule base (rules as-is);0;0;R20[0.09] R26[0.18];0.18;0.23;0.00;0.00;0.00;0.00;0.71;0.09;0.0639;0.0482;1
65;65;Agent_2;orders came from the seed rule base (rules as-is);0;0;R20[0.29] R26[0.28];0.28;0.52;0.00;0.00;0.00;0.00;0.64;0.25;0.0639;0.0482;1
65;65;Agent_3;orders came from the seed rule base (rules as-is);0;0;R20[0.09] R26[0.17];0.17;0.22;0.00;0.00;0.00;0.00;0.71;0.08;0.0639;0.0482;1
66;66;Agent_1;orders came from the seed rule base (rules as-is);0;0;R20[0.09] R26[0.18];0.18;0.23;0.00;0.00;0.00;0.00;0.71;0.09;0.0640;0.0483;1
66;66;Agent_2;orders came from the seed rule base (rules as-is);0;0;R20[0.29] R26[0.28];0.28;0.52;0.00;0.00;0.00;0.00;0.64;0.25;0.0640;0.0483;1
66;66;Agent_3;orders came from the seed rule base (rules as-is);0;0;R20[0.09] R26[0.17];0.17;0.22;0.00;0.00;0.00;0.00;0.71;0.08;0.0640;0.0483;1
67;67;Agent_1;orders came from the seed rule base (rules as-is);0;0;R20[0.09] R26[0.18];0.18;0.23;0.00;0.00;0.00;0.00;0.71;0.09;0.0641;0.0484;1
67;67;Agent_2;orders came from the seed rule base (rules as-is);0;0;R20[0.29] R26[0.28];0.28;0.52;0.00;0.00;0.00;0.00;0.64;0.25;0.0641;0.0484;1
67;67;Agent_3;orders came from the seed rule base (rules as-is);0;0;R20[0.09] R26[0.16];0.16;0.22;0.00;0.00;0.00;0.00;0.71;0.07;0.0641;0.0484;1
68;68;Agent_1;orders came from the seed rule base (rules as-is);0;0;R20[0.09] R26[0.18];0.18;0.23;0.00;0.00;0.00;0.00;0.71;0.09;0.0643;0.0486;1
68;68;Agent_2;orders came from the seed rule base (rules as-is);0;0;R20[0.29] R26[0.28];0.28;0.52;0.00;0.00;0.00;0.00;0.64;0.25;0.0643;0.0486;1
68;68;Agent_3;orders came from the seed rule base (rules as-is);0;0;R20[0.09] R26[0.16];0.16;0.22;0.00;0.00;0.00;0.00;0.71;0.07;0.0643;0.0486;1
69;69;Agent_1;orders came from the seed rule base (rules as-is);0;0;R20[0.08] R26[0.18];0.18;0.23;0.00;0.00;0.00;0.00;0.71;0.09;0.0644;0.0487;1
69;69;Agent_2;orders came from the seed rule base (rules as-is);0;0;R20[0.29] R26[0.28];0.28;0.52;0.00;0.00;0.00;0.00;0.64;0.25;0.0644;0.0487;1
69;69;Agent_3;orders came from the seed rule base (rules as-is);0;0;R20[0.08] R26[0.16];0.16;0.22;0.00;0.00;0.00;0.00;0.71;0.07;0.0644;0.0487;1
70;70;Agent_1;orders came from the seed rule base (rules as-is);0;0;R20[0.08] R26[0.18];0.18;0.23;0.00;0.00;0.00;0.00;0.71;0.09;0.0645;0.0488;1
70;70;Agent_2;orders came from the seed rule base (rules as-is);0;0;R20[0.29] R26[0.28];0.28;0.52;0.00;0.00;0.00;0.00;0.64;0.25;0.0645;0.0488;1
70;70;Agent_3;orders came from the seed rule base (rules as-is);0;0;R20[0.08] R26[0.16];0.16;0.21;0.00;0.00;0.00;0.00;0.71;0.07;0.0645;0.0488;1
71;71;Agent_1;orders came from the seed rule base (rules as-is);0;0;R20[0.08] R26[0.18];0.18;0.23;0.00;0.00;0.00;0.00;0.71;0.08;0.0647;0.0494;1
71;71;Agent_2;orders came from the seed rule base (rules as-is);0;0;R20[0.29] R26[0.28];0.28;0.52;0.00;0.00;0.00;0.00;0.64;0.25;0.0647;0.0494;1
71;71;Agent_3;orders came from the seed rule base (rules as-is);0;0;R20[0.08] R26[0.16];0.16;0.21;0.00;0.00;0.00;0.00;0.71;0.07;0.0647;0.0494;1
72;72;Agent_1;orders came from the seed rule base (rules as-is);0;0;R20[0.08] R26[0.18];0.18;0.22;0.00;0.00;0.00;0.00;0.71;0.08;0.0648;0.0496;1
72;72;Agent_2;orders came from the seed rule base (rules as-is);0;0;R20[0.29] R26[0.28];0.28;0.51;0.00;0.00;0.00;0.00;0.64;0.25;0.0648;0.0496;1
72;72;Agent_3;orders came from the seed rule base (rules as-is);0;0;R20[0.08] R26[0.16];0.16;0.21;0.00;0.00;0.00;0.00;0.71;0.07;0.0648;0.0496;1
73;73;Agent_1;orders came from the seed rule base (rules as-is);0;0;R20[0.08] R26[0.17];0.17;0.22;0.00;0.00;0.00;0.00;0.71;0.08;0.0649;0.0497;1
73;73;Agent_2;orders came from the seed rule base (rules as-is);0;0;R20[0.29] R26[0.28];0.28;0.51;0.00;0.00;0.00;0.00;0.64;0.25;0.0649;0.0497;1
73;73;Agent_3;orders came from the seed rule base (rules as-is);0;0;R20[0.08] R26[0.16];0.16;0.21;0.00;0.00;0.00;0.00;0.71;0.07;0.0649;0.0497;1
74;74;Agent_1;orders came from the seed rule base (rules as-is);0;0;R20[0.08] R26[0.17];0.17;0.22;0.00;0.00;0.00;0.00;0.71;0.08;0.0650;0.0498;1
74;74;Agent_2;orders came from the seed rule base (rules as-is);0;0;R20[0.29] R26[0.28];0.28;0.51;0.00;0.00;0.00;0.00;0.64;0.25;0.0650;0.0498;1
74;74;Agent_3;orders came from the seed rule base (rules as-is);0;0;R20[0.08] R26[0.16];0.16;0.21;0.00;0.00;0.00;0.00;0.71;0.07;0.0650;0.0498;1
75;75;Agent_1;orders came from the seed rule base (rules as-is);0;0;R20[0.07] R26[0.16];0.16;0.20;0.00;0.00;0.00;0.00;0.74;0.00;0.0500;0.0500;1
75;75;Agent_2;orders came from the seed rule base (rules as-is);0;0;R20[0.26] R26[0.25];0.25;0.46;0.00;0.00;0.00;0.00;0.68;0.00;0.0500;0.0500;1
75;75;Agent_3;orders came from the seed rule base (rules as-is);0;0;R20[0.07] R26[0.14];0.14;0.19;0.00;0.00;0.00;0.00;0.74;0.00;0.0500;0.0500;1
76;76;Agent_1;orders came from the seed rule base (rules as-is);0;0;R20[0.07] R26[0.14];0.14;0.18;0.00;0.00;0.00;0.00;0.76;0.00;0.0505;0.0505;1
76;76;Agent_2;orders came from the seed rule base (rules as-is);0;0;R20[0.24] R26[0.22];0.22;0.42;0.00;0.00;0.00;0.00;0.71;0.00;0.0505;0.0505;1
76;76;Agent_3;orders came from the seed rule base (rules as-is);0;0;R20[0.07] R26[0.13];0.13;0.17;0.00;0.00;0.00;0.00;0.76;0.00;0.0505;0.0505;1
77;77;Agent_1;orders came from the seed rule base (rules as-is);0;0;R20[0.06] R26[0.13];0.13;0.16;0.00;0.00;0.00;0.00;0.78;0.01;0.0701;0.0505;1
77;77;Agent_2;orders came from the seed rule base (rules as-is);0;0;R20[0.22] R26[0.21];0.21;0.39;0.00;0.00;0.00;0.00;0.73;0.06;0.0701;0.0505;1
77;77;Agent_3;orders came from the seed rule base (rules as-is);0;0;R20[0.08] R26[0.15];0.15;0.19;0.00;0.00;0.00;0.00;0.76;0.12;0.0701;0.0505;1
78;78;Agent_1;orders came from the seed rule base (rules as-is);0;0;R20[0.05] R26[0.11];0.11;0.14;0.00;0.00;0.00;0.00;0.80;0.01;0.0708;0.0505;1
78;78;Agent_2;orders came from the seed rule base (rules as-is);0;0;R20[0.21] R26[0.20];0.20;0.37;0.00;0.00;0.00;0.00;0.75;0.06;0.0708;0.0505;1
78;78;Agent_3;orders came from the seed rule base (rules as-is);0;0;R20[0.08] R26[0.16];0.16;0.21;0.00;0.00;0.00;0.00;0.75;0.12;0.0708;0.0505;1
79;79;Agent_1;orders came from the seed rule base (rules as-is);0;0;R20[0.05] R26[0.10];0.10;0.13;0.00;0.00;0.00;0.00;0.82;0.01;0.0708;0.0506;1
79;79;Agent_2;orders came from the seed rule base (rules as-is);0;0;R20[0.20] R26[0.19];0.19;0.35;0.00;0.00;0.00;0.00;0.77;0.06;0.0708;0.0506;1
79;79;Agent_3;orders came from the seed rule base (rules as-is);0;0;R20[0.09] R26[0.17];0.17;0.22;0.00;0.00;0.00;0.00;0.75;0.12;0.0708;0.0506;1
80;80;Agent_1;orders came from the seed rule base (rules as-is);0;0;R20[0.04] R26[0.09];0.09;0.12;0.00;0.00;0.00;0.00;0.84;0.01;0.0709;0.0506;1
80;80;Agent_2;orders came from the seed rule base (rules as-is);0;0;R20[0.19] R26[0.18];0.18;0.34;0.00;0.00;0.00;0.00;0.78;0.06;0.0709;0.0506;1
80;80;Agent_3;orders came from the seed rule base (rules as-is);0;0;R20[0.09] R26[0.18];0.18;0.23;0.00;0.00;0.00;0.00;0.74;0.12;0.0709;0.0506;1
81;81;Agent_1;orders came from the seed rule base (rules as-is);0;0;R20[0.04] R26[0.08];0.08;0.10;0.00;0.00;0.00;0.00;0.85;0.01;0.0710;0.0507;1
81;81;Agent_2;orders came from the seed rule base (rules as-is);0;0;R20[0.19] R26[0.18];0.18;0.33;0.00;0.00;0.00;0.00;0.79;0.06;0.0710;0.0507;1
81;81;Agent_3;orders came from the seed rule base (rules as-is);0;0;R20[0.10] R26[0.18];0.18;0.24;0.00;0.00;0.00;0.00;0.74;0.12;0.0710;0.0507;1
82;82;Agent_1;orders came from the seed rule base (rules as-is);0;0;R20[0.04] R26[0.07];0.07;0.09;0.00;0.00;0.00;0.00;0.86;0.01;0.0710;0.0507;1
82;82;Agent_2;orders came from the seed rule base (rules as-is);0;0;R20[0.18] R26[0.17];0.17;0.32;0.00;0.00;0.00;0.00;0.80;0.06;0.0710;0.0507;1
82;82;Agent_3;orders came from the seed rule base (rules as-is);0;0;R20[0.10] R26[0.19];0.19;0.25;0.00;0.00;0.00;0.00;0.74;0.12;0.0710;0.0507;1
83;83;Agent_1;orders came from the seed rule base (rules as-is);0;0;R20[0.03] R26[0.07];0.07;0.09;0.00;0.00;0.00;0.00;0.87;0.01;0.0711;0.0508;1
83;83;Agent_2;orders came from the seed rule base (rules as-is);0;0;R20[0.18] R26[0.16];0.16;0.31;0.00;0.00;0.00;0.00;0.81;0.06;0.0711;0.0508;1
83;83;Agent_3;orders came from the seed rule base (rules as-is);0;0;R20[0.10] R26[0.19];0.19;0.25;0.00;0.00;0.00;0.00;0.74;0.12;0.0711;0.0508;1
84;84;Agent_1;orders came from the seed rule base (rules as-is);0;0;R20[0.03] R26[0.06];0.06;0.08;0.00;0.00;0.00;0.00;0.88;0.01;0.0711;0.0508;1
84;84;Agent_2;orders came from the seed rule base (rules as-is);0;0;R20[0.17] R26[0.16];0.16;0.30;0.00;0.00;0.00;0.00;0.82;0.06;0.0711;0.0508;1
84;84;Agent_3;orders came from the seed rule base (rules as-is);0;0;R20[0.10] R26[0.19];0.19;0.26;0.00;0.00;0.00;0.00;0.74;0.12;0.0711;0.0508;1
85;85;Agent_1;orders came from the seed rule base (rules as-is);0;0;R20[0.03] R26[0.05];0.04;0.05;0.00;0.00;0.00;0.00;0.89;0.01;0.0712;0.0509;0
85;85;Agent_2;orders came from the seed rule base (rules as-is);0;0;R20[0.17] R26[0.16];0.16;0.29;0.00;0.00;0.00;0.00;0.82;0.06;0.0712;0.0509;1
85;85;Agent_3;orders came from the seed rule base (rules as-is);0;0;R20[0.10] R26[0.20];0.20;0.26;0.00;0.00;0.00;0.00;0.74;0.12;0.0712;0.0509;1
86;86;Agent_1;orders came from the seed rule base (rules as-is);0;0;R20[0.02] R26[0.05];0.00;0.00;0.00;0.00;0.00;0.00;0.87;0.01;0.0718;0.0514;0
86;86;Agent_2;orders came from the seed rule base (rules as-is);0;0;R20[0.16] R26[0.15];0.15;0.29;0.00;0.00;0.00;0.00;0.83;0.06;0.0718;0.0514;1
86;86;Agent_3;orders came from the seed rule base (rules as-is);0;0;R20[0.10] R26[0.20];0.20;0.26;0.00;0.00;0.00;0.00;0.74;0.11;0.0718;0.0514;1
87;87;Agent_1;orders came from the seed rule base (rules as-is);0;0;R20[0.02] R26[0.04];0.00;0.00;0.00;0.00;0.00;0.00;0.88;0.01;0.0719;0.0515;0
87;87;Agent_2;orders came from the seed rule base (rules as-is);0;0;R20[0.16] R26[0.15];0.15;0.28;0.00;0.00;0.00;0.00;0.83;0.06;0.0719;0.0515;1
87;87;Agent_3;orders came from the seed rule base (rules as-is);0;0;R20[0.10] R26[0.20];0.20;0.26;0.00;0.00;0.00;0.00;0.74;0.11;0.0719;0.0515;1
88;88;Agent_1;orders came from the seed rule base (rules as-is);0;0;R20[0.02] R26[0.04];0.00;0.00;0.00;0.00;0.00;0.00;0.89;0.01;0.0719;0.0515;0
88;88;Agent_2;orders came from the seed rule base (rules as-is);0;0;R20[0.16] R26[0.15];0.15;0.28;0.00;0.00;0.00;0.00;0.84;0.06;0.0719;0.0515;1
88;88;Agent_3;orders came from the seed rule base (rules as-is);0;0;R20[0.10] R26[0.20];0.20;0.26;0.00;0.00;0.00;0.00;0.74;0.11;0.0719;0.0515;1
89;89;Agent_1;orders came from the seed rule base (rules as-is);0;0;R20[0.02] R26[0.04];0.00;0.00;0.00;0.00;0.00;0.00;0.89;0.01;0.0697;0.0516;0
89;89;Agent_2;orders came from the seed rule base (rules as-is);0;0;R20[0.16] R26[0.15];0.15;0.28;0.00;0.00;0.00;0.00;0.84;0.06;0.0697;0.0516;1
89;89;Agent_3;orders came from the seed rule base (rules as-is);0;0;R20[0.10] R26[0.20];0.20;0.26;0.00;0.00;0.00;0.00;0.74;0.11;0.0697;0.0516;1
90;90;Agent_1;orders came from the seed rule base (rules as-is);0;0;R20[0.02] R26[0.03];0.00;0.00;0.00;0.00;0.00;0.00;0.89;0.01;0.0698;0.0517;0
90;90;Agent_2;orders came from the seed rule base (rules as-is);0;0;R20[0.16] R26[0.15];0.15;0.27;0.00;0.00;0.00;0.00;0.82;0.06;0.0698;0.0517;1
90;90;Agent_3;orders came from the seed rule base (rules as-is);0;0;R20[0.10] R26[0.20];0.20;0.26;0.00;0.00;0.00;0.00;0.74;0.11;0.0698;0.0517;1
91;91;Agent_1;orders came from the seed rule base (rules as-is);0;0;R20[0.02] R26[0.03];0.00;0.00;0.00;0.00;0.00;0.00;0.89;0.01;0.0699;0.0518;0
91;91;Agent_2;orders came from the seed rule base (rules as-is);0;0;R20[0.15] R26[0.15];0.15;0.27;0.00;0.00;0.00;0.00;0.81;0.06;0.0699;0.0518;1
91;91;Agent_3;orders came from the seed rule base (rules as-is);0;0;R20[0.10] R26[0.20];0.20;0.26;0.00;0.00;0.00;0.00;0.73;0.11;0.0699;0.0518;1
92;92;Agent_1;orders came from the seed rule base (rules as-is);0;0;R20[0.02] R26[0.03];0.00;0.00;0.00;0.00;0.00;0.00;0.88;0.01;0.0700;0.0518;0
92;92;Agent_2;orders came from the seed rule base (rules as-is);0;0;R20[0.15] R26[0.14];0.14;0.27;0.00;0.00;0.00;0.00;0.80;0.06;0.0700;0.0518;1
92;92;Agent_3;orders came from the seed rule base (rules as-is);0;0;R20[0.10] R26[0.20];0.20;0.26;0.00;0.00;0.00;0.00;0.73;0.11;0.0700;0.0518;1
93;93;Agent_1;orders came from the seed rule base (rules as-is);0;0;R20[0.01] R26[0.02];0.00;0.00;0.00;0.00;0.00;0.00;0.88;0.01;0.0701;0.0519;0
93;93;Agent_2;orders came from the seed rule base (rules as-is);0;0;R20[0.15] R26[0.14];0.14;0.27;0.00;0.00;0.00;0.00;0.79;0.06;0.0701;0.0519;1
93;93;Agent_3;orders came from the seed rule base (rules as-is);0;0;R20[0.10] R26[0.20];0.20;0.26;0.00;0.00;0.00;0.00;0.73;0.11;0.0701;0.0519;1
94;94;Agent_1;orders came from the seed rule base (rules as-is);0;0;R20[0.01] R26[0.02];0.00;0.00;0.00;0.00;0.00;0.00;0.88;0.01;0.0702;0.0520;0
94;94;Agent_2;orders came from the seed rule base (rules as-is);0;0;R20[0.15] R26[0.14];0.14;0.27;0.00;0.00;0.00;0.00;0.79;0.06;0.0702;0.0520;1
94;94;Agent_3;orders came from the seed rule base (rules as-is);0;0;R20[0.10] R26[0.20];0.20;0.26;0.00;0.00;0.00;0.00;0.73;0.11;0.0702;0.0520;1
95;95;Agent_1;orders came from the seed rule base (rules as-is);0;0;R20[0.03] R26[0.06];0.06;0.07;0.00;0.00;0.00;0.00;0.80;0.11;0.0705;0.0516;1
95;95;Agent_2;orders came from the seed rule base (rules as-is);0;0;R20[0.16] R26[0.15];0.15;0.28;0.00;0.00;0.00;0.00;0.72;0.11;0.0705;0.0516;1
95;95;Agent_3;orders came from the seed rule base (rules as-is);0;0;R20[0.10] R26[0.20];0.20;0.26;0.00;0.00;0.00;0.00;0.71;0.11;0.0705;0.0516;1
96;96;Agent_1;orders came from the seed rule base (rules as-is);0;0;R20[0.04] R26[0.08];0.08;0.11;0.00;0.00;0.00;0.00;0.76;0.11;0.0702;0.0517;1
96;96;Agent_2;orders came from the seed rule base (rules as-is);0;0;R20[0.17] R26[0.16];0.16;0.30;0.00;0.00;0.00;0.00;0.70;0.11;0.0702;0.0517;1
96;96;Agent_3;orders came from the seed rule base (rules as-is);0;0;R20[0.10] R26[0.20];0.20;0.26;0.00;0.00;0.00;0.00;0.71;0.11;0.0702;0.0517;1
97;97;Agent_1;orders came from the seed rule base (rules as-is);0;0;R20[0.05] R26[0.11];0.11;0.14;0.00;0.00;0.00;0.00;0.75;0.11;0.0708;0.0519;1
97;97;Agent_2;orders came from the seed rule base (rules as-is);0;0;R20[0.18] R26[0.17];0.17;0.31;0.00;0.00;0.00;0.00;0.69;0.11;0.0708;0.0519;1
97;97;Agent_3;orders came from the seed rule base (rules as-is);0;0;R20[0.10] R26[0.20];0.20;0.26;0.00;0.00;0.00;0.00;0.71;0.11;0.0708;0.0519;1
98;98;Agent_1;orders came from the seed rule base (rules as-is);0;0;R20[0.06] R26[0.12];0.12;0.16;0.00;0.00;0.00;0.00;0.74;0.10;0.0708;0.0520;1
98;98;Agent_2;orders came from the seed rule base (rules as-is);0;0;R20[0.18] R26[0.17];0.17;0.32;0.00;0.00;0.00;0.00;0.68;0.10;0.0708;0.0520;1
98;98;Agent_3;orders came from the seed rule base (rules as-is);0;0;R20[0.10] R26[0.20];0.20;0.26;0.00;0.00;0.00;0.00;0.71;0.10;0.0708;0.0520;1
99;99;Agent_1;orders came from the seed rule base (rules as-is);0;0;R20[0.07] R26[0.14];0.14;0.18;0.00;0.00;0.00;0.00;0.73;0.10;0.0709;0.0521;1
99;99;Agent_2;orders came from the seed rule base (rules as-is);0;0;R20[0.19] R26[0.18];0.18;0.33;0.00;0.00;0.00;0.00;0.68;0.10;0.0709;0.0521;1
99;99;Agent_3;orders came from the seed rule base (rules as-is);0;0;R20[0.10] R26[0.20];0.20;0.26;0.00;0.00;0.00;0.00;0.71;0.10;0.0709;0.0521;1
100;100;Agent_1;orders came from the seed rule base (rules as-is);0;0;R20[0.07] R26[0.15];0.15;0.19;0.00;0.00;0.00;0.00;0.73;0.10;0.0710;0.0522;1
100;100;Agent_2;orders came from the seed rule base (rules as-is);0;0;R20[0.19] R26[0.18];0.18;0.33;0.00;0.00;0.00;0.00;0.68;0.10;0.0710;0.0522;1
100;100;Agent_3;orders came from the seed rule base (rules as-is);0;0;R20[0.10] R26[0.20];0.20;0.26;0.00;0.00;0.00;0.00;0.71;0.10;0.0710;0.0522;1
101;101;Agent_1;orders came from the seed rule base (rules as-is);0;0;R20[0.07] R26[0.16];0.16;0.20;0.00;0.00;0.00;0.00;0.73;0.10;0.0710;0.0523;1
101;101;Agent_2;orders came from the seed rule base (rules as-is);0;0;R20[0.19] R26[0.18];0.18;0.34;0.00;0.00;0.00;0.00;0.68;0.10;0.0710;0.0523;1
101;101;Agent_3;orders came from the seed rule base (rules as-is);0;0;R20[0.10] R26[0.19];0.19;0.26;0.00;0.00;0.00;0.00;0.71;0.10;0.0710;0.0523;1
102;102;Agent_1;orders came from the seed rule base (rules as-is);0;0;R20[0.08] R26[0.16];0.16;0.21;0.00;0.00;0.00;0.00;0.73;0.10;0.0711;0.0524;1
102;102;Agent_2;orders came from the seed rule base (rules as-is);0;0;R20[0.20] R26[0.18];0.18;0.34;0.00;0.00;0.00;0.00;0.68;0.10;0.0711;0.0524;1
102;102;Agent_3;orders came from the seed rule base (rules as-is);0;0;R20[0.10] R26[0.19];0.19;0.26;0.00;0.00;0.00;0.00;0.71;0.10;0.0711;0.0524;1
103;103;Agent_1;orders came from the seed rule base (rules as-is);0;0;R20[0.08] R26[0.17];0.17;0.21;0.00;0.00;0.00;0.00;0.73;0.10;0.0712;0.0526;1
103;103;Agent_2;orders came from the seed rule base (rules as-is);0;0;R20[0.20] R26[0.19];0.19;0.34;0.00;0.00;0.00;0.00;0.68;0.10;0.0712;0.0526;1
103;103;Agent_3;orders came from the seed rule base (rules as-is);0;0;R20[0.10] R26[0.19];0.19;0.26;0.00;0.00;0.00;0.00;0.71;0.10;0.0712;0.0526;1
104;104;Agent_1;orders came from the seed rule base (rules as-is);0;0;R20[0.08] R26[0.17];0.17;0.22;0.00;0.00;0.00;0.00;0.73;0.10;0.0713;0.0527;1
104;104;Agent_2;orders came from the seed rule base (rules as-is);0;0;R20[0.20] R26[0.19];0.19;0.35;0.00;0.00;0.00;0.00;0.68;0.10;0.0713;0.0527;1
104;104;Agent_3;orders came from the seed rule base (rules as-is);0;0;R20[0.10] R26[0.19];0.19;0.25;0.00;0.00;0.00;0.00;0.71;0.10;0.0713;0.0527;1
105;105;Agent_1;orders came from the seed rule base (rules as-is);0;0;R20[0.08] R26[0.18];0.18;0.22;0.00;0.00;0.00;0.00;0.73;0.10;0.0714;0.0528;1
105;105;Agent_2;orders came from the seed rule base (rules as-is);0;0;R20[0.20] R26[0.19];0.19;0.35;0.00;0.00;0.00;0.00;0.68;0.10;0.0714;0.0528;1
105;105;Agent_3;orders came from the seed rule base (rules as-is);0;0;R20[0.10] R26[0.19];0.19;0.25;0.00;0.00;0.00;0.00;0.71;0.10;0.0714;0.0528;1
106;106;Agent_1;orders came from the seed rule base (rules as-is);0;0;R20[0.08] R26[0.18];0.18;0.23;0.00;0.00;0.00;0.00;0.72;0.10;0.0715;0.0529;1
106;106;Agent_2;orders came from the seed rule base (rules as-is);0;0;R20[0.20] R26[0.19];0.19;0.35;0.00;0.00;0.00;0.00;0.68;0.10;0.0715;0.0529;1
106;106;Agent_3;orders came from the seed rule base (rules as-is);0;0;R20[0.10] R26[0.19];0.19;0.25;0.00;0.00;0.00;0.00;0.71;0.10;0.0715;0.0529;1
107;107;Agent_1;orders came from the seed rule base (rules as-is);0;0;R20[0.09] R26[0.18];0.18;0.23;0.00;0.00;0.00;0.00;0.72;0.10;0.0717;0.0530;1
107;107;Agent_2;orders came from the seed rule base (rules as-is);0;0;R20[0.20] R26[0.19];0.19;0.35;0.00;0.00;0.00;0.00;0.68;0.10;0.0717;0.0530;1
107;107;Agent_3;orders came from the seed rule base (rules as-is);0;0;R20[0.10] R26[0.19];0.19;0.25;0.00;0.00;0.00;0.00;0.71;0.10;0.0717;0.0530;1
108;108;Agent_1;orders came from the seed rule base (rules as-is);0;0;R20[0.09] R26[0.18];0.18;0.23;0.00;0.00;0.00;0.00;0.72;0.10;0.0707;0.0532;1
108;108;Agent_2;orders came from the seed rule base (rules as-is);0;0;R20[0.19] R26[0.16];0.16;0.31;0.00;0.00;0.00;0.00;0.68;0.10;0.0707;0.0532;1
108;108;Agent_3;orders came from the seed rule base (rules as-is);0;0;R20[0.10] R26[0.19];0.19;0.25;0.00;0.00;0.00;0.00;0.71;0.10;0.0707;0.0532;1
109;109;Agent_1;orders came from the seed rule base (rules as-is);0;0;R20[0.09] R26[0.18];0.18;0.23;0.00;0.00;0.00;0.00;0.72;0.10;0.0708;0.0533;1
109;109;Agent_2;orders came from the seed rule base (rules as-is);0;0;R20[0.18] R26[0.13];0.13;0.28;0.00;0.00;0.00;0.00;0.68;0.10;0.0708;0.0533;1
109;109;Agent_3;orders came from the seed rule base (rules as-is);0;0;R20[0.10] R26[0.19];0.19;0.25;0.00;0.00;0.00;0.00;0.71;0.10;0.0708;0.0533;1
110;110;Agent_1;orders came from the seed rule base (rules as-is);0;0;R20[0.09] R26[0.18];0.18;0.23;0.00;0.00;0.00;0.00;0.72;0.10;0.0709;0.0534;1
110;110;Agent_2;orders came from the seed rule base (rules as-is);0;0;R20[0.17] R26[0.11];0.11;0.26;0.00;0.00;0.00;0.00;0.67;0.10;0.0709;0.0534;1
110;110;Agent_3;orders came from the seed rule base (rules as-is);0;0;R20[0.10] R26[0.19];0.19;0.25;0.00;0.00;0.00;0.00;0.71;0.10;0.0709;0.0534;1
111;111;Agent_1;orders came from the seed rule base (rules as-is);0;0;R20[0.09] R26[0.18];0.18;0.23;0.00;0.00;0.00;0.00;0.72;0.09;0.0710;0.0535;1
111;111;Agent_2;orders came from the seed rule base (rules as-is);0;0;R20[0.16] R26[0.10];0.10;0.24;0.00;0.00;0.00;0.00;0.67;0.09;0.0710;0.0535;1
111;111;Agent_3;orders came from the seed rule base (rules as-is);0;0;R20[0.10] R26[0.19];0.19;0.25;0.00;0.00;0.00;0.00;0.71;0.09;0.0710;0.0535;1
112;112;Agent_1;orders came from the seed rule base (rules as-is);0;0;R20[0.09] R26[0.18];0.18;0.23;0.00;0.00;0.00;0.00;0.72;0.09;0.0711;0.0536;1
112;112;Agent_2;orders came from the seed rule base (rules as-is);0;0;R20[0.16] R26[0.09];0.09;0.23;0.00;0.00;0.00;0.00;0.67;0.09;0.0711;0.0536;1
112;112;Agent_3;orders came from the seed rule base (rules as-is);0;0;R20[0.10] R26[0.19];0.19;0.25;0.00;0.00;0.00;0.00;0.71;0.09;0.0711;0.0536;1
113;113;Agent_1;orders came from the seed rule base (rules as-is);0;0;R20[0.09] R26[0.18];0.18;0.23;0.00;0.00;0.00;0.00;0.72;0.09;0.0712;0.0536;1
113;113;Agent_2;orders came from the seed rule base (rules as-is);0;0;R20[0.15] R26[0.08];0.08;0.21;0.00;0.00;0.00;0.00;0.67;0.09;0.0712;0.0536;1
113;113;Agent_3;orders came from the seed rule base (rules as-is);0;0;R20[0.10] R26[0.19];0.19;0.25;0.00;0.00;0.00;0.00;0.71;0.09;0.0712;0.0536;1
114;114;Agent_1;orders came from the seed rule base (rules as-is);0;0;R20[0.09] R26[0.18];0.18;0.23;0.00;0.00;0.00;0.00;0.72;0.09;0.0709;0.0537;1
114;114;Agent_2;orders came from the seed rule base (rules as-is);0;0;R20[0.15] R26[0.07];0.07;0.20;0.00;0.00;0.00;0.00;0.67;0.09;0.0709;0.0537;1
114;114;Agent_3;orders came from the seed rule base (rules as-is);0;0;R20[0.10] R26[0.19];0.19;0.24;0.00;0.00;0.00;0.00;0.71;0.09;0.0709;0.0537;1
115;115;Agent_1;orders came from the seed rule base (rules as-is);0;0;R20[0.09] R26[0.18];0.18;0.23;0.00;0.00;0.00;0.00;0.72;0.09;0.0710;0.0538;1
115;115;Agent_2;orders came from the seed rule base (rules as-is);0;0;R20[0.15] R26[0.06];0.06;0.19;0.00;0.00;0.00;0.00;0.67;0.09;0.0710;0.0538;1
115;115;Agent_3;orders came from the seed rule base (rules as-is);0;0;R20[0.10] R26[0.18];0.18;0.24;0.00;0.00;0.00;0.00;0.71;0.09;0.0710;0.0538;1
116;116;Agent_1;orders came from the seed rule base (rules as-is);0;0;R20[0.09] R26[0.18];0.18;0.23;0.00;0.00;0.00;0.00;0.72;0.09;0.0715;0.0540;1
116;116;Agent_2;orders came from the seed rule base (rules as-is);0;0;R20[0.14] R26[0.06];0.06;0.19;0.00;0.00;0.00;0.00;0.66;0.09;0.0715;0.0540;1
116;116;Agent_3;orders came from the seed rule base (rules as-is);0;0;R20[0.10] R26[0.18];0.18;0.24;0.00;0.00;0.00;0.00;0.71;0.09;0.0715;0.0540;1
117;117;Agent_1;orders came from the seed rule base (rules as-is);0;0;R20[0.09] R26[0.18];0.18;0.23;0.00;0.00;0.00;0.00;0.73;0.09;0.0716;0.0541;1
117;117;Agent_2;orders came from the seed rule base (rules as-is);0;0;R20[0.14] R26[0.05];0.05;0.18;0.00;0.00;0.00;0.00;0.66;0.09;0.0716;0.0541;1
117;117;Agent_3;orders came from the seed rule base (rules as-is);0;0;R20[0.10] R26[0.18];0.18;0.24;0.00;0.00;0.00;0.00;0.71;0.09;0.0716;0.0541;1
118;118;Agent_1;orders came from the seed rule base (rules as-is);0;0;R20[0.09] R26[0.18];0.18;0.23;0.00;0.00;0.00;0.00;0.73;0.09;0.0718;0.0542;1
118;118;Agent_2;orders came from the seed rule base (rules as-is);0;0;R20[0.14] R26[0.05];0.05;0.18;0.00;0.00;0.00;0.00;0.66;0.09;0.0718;0.0542;1
118;118;Agent_3;orders came from the seed rule base (rules as-is);0;0;R20[0.09] R26[0.18];0.18;0.24;0.00;0.00;0.00;0.00;0.71;0.09;0.0718;0.0542;1
119;119;Agent_1;orders came from the seed rule base (rules as-is);0;0;R20[0.09] R26[0.18];0.18;0.23;0.00;0.00;0.00;0.00;0.73;0.09;0.0719;0.0543;1
119;119;Agent_2;orders came from the seed rule base (rules as-is);0;0;R20[0.14] R26[0.04];0.04;0.17;0.00;0.00;0.00;0.00;0.66;0.09;0.0719;0.0543;1
119;119;Agent_3;orders came from the seed rule base (rules as-is);0;0;R20[0.09] R26[0.18];0.18;0.24;0.00;0.00;0.00;0.00;0.71;0.09;0.0719;0.0543;1
120;120;Agent_1;orders came from the seed rule base (rules as-is);0;0;R20[0.09] R26[0.18];0.18;0.23;0.00;0.00;0.00;0.00;0.73;0.09;0.0720;0.0544;1
120;120;Agent_2;orders came from the seed rule base (rules as-is);0;0;R20[0.14] R26[0.04];0.04;0.17;0.00;0.00;0.00;0.00;0.66;0.09;0.0720;0.0544;1
120;120;Agent_3;orders came from the seed rule base (rules as-is);0;0;R20[0.09] R26[0.18];0.18;0.24;0.00;0.00;0.00;0.00;0.71;0.09;0.0720;0.0544;1
121;121;Agent_1;orders came from the seed rule base (rules as-is);0;0;R20[0.09] R26[0.18];0.18;0.23;0.00;0.00;0.00;0.00;0.73;0.09;0.0721;0.0545;1
121;121;Agent_2;orders came from the seed rule base (rules as-is);0;0;R20[0.13] R26[0.04];0.04;0.17;0.00;0.00;0.00;0.00;0.66;0.09;0.0721;0.0545;1
121;121;Agent_3;orders came from the seed rule base (rules as-is);0;0;R20[0.09] R26[0.18];0.18;0.24;0.00;0.00;0.00;0.00;0.71;0.09;0.0721;0.0545;1
122;122;Agent_1;orders came from the seed rule base (rules as-is);0;0;R20[0.09] R26[0.18];0.18;0.23;0.00;0.00;0.00;0.00;0.73;0.09;0.0722;0.0546;1
122;122;Agent_2;orders came from the seed rule base (rules as-is);0;0;R20[0.13] R26[0.04];0.04;0.16;0.00;0.00;0.00;0.00;0.66;0.09;0.0722;0.0546;1
122;122;Agent_3;orders came from the seed rule base (rules as-is);0;0;R20[0.09] R26[0.18];0.18;0.24;0.00;0.00;0.00;0.00;0.71;0.09;0.0722;0.0546;1
123;123;Agent_1;orders came from the seed rule base (rules as-is);0;0;R20[0.09] R26[0.18];0.18;0.23;0.00;0.00;0.00;0.00;0.73;0.09;0.0723;0.0547;1
123;123;Agent_2;orders came from the seed rule base (rules as-is);0;0;R20[0.13] R26[0.04];0.04;0.16;0.00;0.00;0.00;0.00;0.66;0.09;0.0723;0.0547;1
123;123;Agent_3;orders came from the seed rule base (rules as-is);0;0;R20[0.09] R26[0.18];0.18;0.24;0.00;0.00;0.00;0.00;0.71;0.09;0.0723;0.0547;1
124;124;Agent_1;orders came from the seed rule base (rules as-is);0;0;R20[0.08] R26[0.18];0.18;0.23;0.00;0.00;0.00;0.00;0.73;0.09;0.0724;0.0548;1
124;124;Agent_2;orders came from the seed rule base (rules as-is);0;0;R20[0.13] R26[0.03];0.03;0.16;0.00;0.00;0.00;0.00;0.66;0.09;0.0724;0.0548;1
124;124;Agent_3;orders came from the seed rule base (rules as-is);0;0;R20[0.09] R26[0.18];0.18;0.23;0.00;0.00;0.00;0.00;0.71;0.09;0.0724;0.0548;1
125;125;Agent_1;orders came from the seed rule base (rules as-is);0;0;R20[0.08] R26[0.18];0.18;0.23;0.00;0.00;0.00;0.00;0.73;0.09;0.0725;0.0549;1
125;125;Agent_2;orders came from the seed rule base (rules as-is);0;0;R20[0.13] R26[0.03];0.03;0.16;0.00;0.00;0.00;0.00;0.66;0.09;0.0725;0.0549;1
125;125;Agent_3;orders came from the seed rule base (rules as-is);0;0;R20[0.09] R26[0.18];0.18;0.23;0.00;0.00;0.00;0.00;0.71;0.09;0.0725;0.0549;1
126;126;Agent_1;orders came from the seed rule base (rules as-is);0;0;R20[0.08] R26[0.18];0.18;0.22;0.00;0.00;0.00;0.00;0.73;0.08;0.0726;0.0550;1
126;126;Agent_2;orders came from the seed rule base (rules as-is);0;0;R20[0.13] R26[0.03];0.03;0.16;0.00;0.00;0.00;0.00;0.66;0.08;0.0726;0.0550;1
126;126;Agent_3;orders came from the seed rule base (rules as-is);0;0;R20[0.09] R26[0.18];0.18;0.23;0.00;0.00;0.00;0.00;0.71;0.08;0.0726;0.0550;1
127;127;Agent_1;orders came from the seed rule base (rules as-is);0;0;R20[0.08] R26[0.18];0.18;0.22;0.00;0.00;0.00;0.00;0.73;0.08;0.0727;0.0550;1
127;127;Agent_2;orders came from the seed rule base (rules as-is);0;0;R20[0.13] R26[0.03];0.03;0.15;0.00;0.00;0.00;0.00;0.66;0.08;0.0727;0.0550;1
127;127;Agent_3;orders came from the seed rule base (rules as-is);0;0;R20[0.09] R26[0.18];0.18;0.23;0.00;0.00;0.00;0.00;0.71;0.08;0.0727;0.0550;1
128;128;Agent_1;orders came from the seed rule base (rules as-is);0;0;R20[0.08] R26[0.17];0.17;0.22;0.00;0.00;0.00;0.00;0.73;0.08;0.0728;0.0551;1
128;128;Agent_2;orders came from the seed rule base (rules as-is);0;0;R20[0.13] R26[0.03];0.03;0.15;0.00;0.00;0.00;0.00;0.66;0.08;0.0728;0.0551;1
128;128;Agent_3;orders came from the seed rule base (rules as-is);0;0;R20[0.09] R26[0.17];0.17;0.23;0.00;0.00;0.00;0.00;0.71;0.08;0.0728;0.0551;1
129;129;Agent_1;orders came from the seed rule base (rules as-is);0;0;R20[0.08] R26[0.17];0.17;0.22;0.00;0.00;0.00;0.00;0.73;0.08;0.0729;0.0552;1
129;129;Agent_2;orders came from the seed rule base (rules as-is);0;0;R20[0.13] R26[0.03];0.03;0.15;0.00;0.00;0.00;0.00;0.66;0.08;0.0729;0.0552;1
129;129;Agent_3;orders came from the seed rule base (rules as-is);0;0;R20[0.09] R26[0.17];0.17;0.23;0.00;0.00;0.00;0.00;0.71;0.08;0.0729;0.0552;1
130;130;Agent_1;orders came from the seed rule base (rules as-is);0;0;R20[0.08] R26[0.17];0.17;0.22;0.00;0.00;0.00;0.00;0.73;0.08;0.0730;0.0553;1
130;130;Agent_2;orders came from the seed rule base (rules as-is);0;0;R20[0.13] R26[0.03];0.03;0.15;0.00;0.00;0.00;0.00;0.66;0.08;0.0730;0.0553;1
130;130;Agent_3;orders came from the seed rule base (rules as-is);0;0;R20[0.09] R26[0.17];0.17;0.23;0.00;0.00;0.00;0.00;0.71;0.08;0.0730;0.0553;1
131;131;Agent_1;orders came from the seed rule base (rules as-is);0;0;R20[0.08] R26[0.17];0.17;0.22;0.00;0.00;0.00;0.00;0.73;0.08;0.0732;0.0554;1
131;131;Agent_2;orders came from the seed rule base (rules as-is);0;0;R20[0.13] R26[0.03];0.03;0.15;0.00;0.00;0.00;0.00;0.66;0.08;0.0732;0.0554;1
131;131;Agent_3;orders came from the seed rule base (rules as-is);0;0;R20[0.09] R26[0.17];0.17;0.23;0.00;0.00;0.00;0.00;0.71;0.08;0.0732;0.0554;1
132;132;Agent_1;orders came from the seed rule base (rules as-is);0;0;R20[0.08] R26[0.17];0.17;0.22;0.00;0.00;0.00;0.00;0.73;0.08;0.0733;0.0555;1
132;132;Agent_2;orders came from the seed rule base (rules as-is);0;0;R20[0.13] R26[0.03];0.03;0.15;0.00;0.00;0.00;0.00;0.66;0.08;0.0733;0.0555;1
132;132;Agent_3;orders came from the seed rule base (rules as-is);0;0;R20[0.09] R26[0.17];0.17;0.23;0.00;0.00;0.00;0.00;0.71;0.08;0.0733;0.0555;1
133;133;Agent_1;orders came from the seed rule base (rules as-is);0;0;R20[0.08] R26[0.17];0.17;0.22;0.00;0.00;0.00;0.00;0.73;0.08;0.0734;0.0556;1
133;133;Agent_2;orders came from the seed rule base (rules as-is);0;0;R20[0.12] R26[0.03];0.03;0.15;0.00;0.00;0.00;0.00;0.66;0.08;0.0734;0.0556;1
133;133;Agent_3;orders came from the seed rule base (rules as-is);0;0;R20[0.09] R26[0.17];0.17;0.23;0.00;0.00;0.00;0.00;0.71;0.08;0.0734;0.0556;1
134;134;Agent_1;orders came from the seed rule base (rules as-is);0;0;R20[0.08] R26[0.17];0.17;0.22;0.00;0.00;0.00;0.00;0.73;0.08;0.0735;0.0557;1
134;134;Agent_2;orders came from the seed rule base (rules as-is);0;0;R20[0.12] R26[0.03];0.03;0.15;0.00;0.00;0.00;0.00;0.66;0.08;0.0735;0.0557;1
134;134;Agent_3;orders came from the seed rule base (rules as-is);0;0;R20[0.09] R26[0.17];0.17;0.22;0.00;0.00;0.00;0.00;0.71;0.08;0.0735;0.0557;1
135;135;Agent_1;orders came from the seed rule base (rules as-is);0;0;R20[0.08] R26[0.17];0.17;0.22;0.00;0.00;0.00;0.00;0.73;0.08;0.0736;0.0558;1
135;135;Agent_2;orders came from the seed rule base (rules as-is);0;0;R20[0.12] R26[0.03];0.03;0.15;0.00;0.00;0.00;0.00;0.66;0.08;0.0736;0.0558;1
135;135;Agent_3;orders came from the seed rule base (rules as-is);0;0;R20[0.09] R26[0.17];0.17;0.22;0.00;0.00;0.00;0.00;0.71;0.08;0.0736;0.0558;1
136;136;Agent_1;orders came from the seed rule base (rules as-is);0;0;R20[0.08] R26[0.17];0.17;0.22;0.00;0.00;0.00;0.00;0.73;0.08;0.0737;0.0559;1
136;136;Agent_2;orders came from the seed rule base (rules as-is);0;0;R20[0.12] R26[0.03];0.03;0.15;0.00;0.00;0.00;0.00;0.66;0.08;0.0737;0.0559;1
136;136;Agent_3;orders came from the seed rule base (rules as-is);0;0;R20[0.09] R26[0.17];0.17;0.22;0.00;0.00;0.00;0.00;0.71;0.08;0.0737;0.0559;1
137;137;Agent_1;orders came from the seed rule base (rules as-is);0;0;R20[0.08] R26[0.17];0.17;0.21;0.00;0.00;0.00;0.00;0.73;0.08;0.0738;0.0560;1
137;137;Agent_2;orders came from the seed rule base (rules as-is);0;0;R20[0.12] R26[0.03];0.03;0.15;0.00;0.00;0.00;0.00;0.66;0.08;0.0738;0.0560;1
137;137;Agent_3;orders came from the seed rule base (rules as-is);0;0;R20[0.09] R26[0.17];0.17;0.22;0.00;0.00;0.00;0.00;0.71;0.08;0.0738;0.0560;1
138;138;Agent_1;orders came from the seed rule base (rules as-is);0;0;R20[0.08] R26[0.17];0.17;0.21;0.00;0.00;0.00;0.00;0.73;0.08;0.0739;0.0561;1
138;138;Agent_2;orders came from the seed rule base (rules as-is);0;0;R20[0.12] R26[0.03];0.03;0.14;0.00;0.00;0.00;0.00;0.66;0.08;0.0739;0.0561;1
138;138;Agent_3;orders came from the seed rule base (rules as-is);0;0;R20[0.09] R26[0.17];0.17;0.22;0.00;0.00;0.00;0.00;0.71;0.08;0.0739;0.0561;1
139;139;Agent_1;orders came from the seed rule base (rules as-is);0;0;R20[0.08] R26[0.17];0.17;0.21;0.00;0.00;0.00;0.00;0.73;0.08;0.0740;0.0562;1
139;139;Agent_2;orders came from the seed rule base (rules as-is);0;0;R20[0.12] R26[0.03];0.03;0.14;0.00;0.00;0.00;0.00;0.66;0.08;0.0740;0.0562;1
139;139;Agent_3;orders came from the seed rule base (rules as-is);0;0;R20[0.09] R26[0.17];0.17;0.22;0.00;0.00;0.00;0.00;0.71;0.08;0.0740;0.0562;1
140;140;Agent_1;orders came from the seed rule base (rules as-is);0;0;R20[0.08] R26[0.17];0.17;0.21;0.00;0.00;0.00;0.00;0.73;0.08;0.0741;0.0563;1
140;140;Agent_2;orders came from the seed rule base (rules as-is);0;0;R20[0.12] R26[0.03];0.03;0.14;0.00;0.00;0.00;0.00;0.66;0.08;0.0741;0.0563;1
140;140;Agent_3;orders came from the seed rule base (rules as-is);0;0;R20[0.09] R26[0.17];0.17;0.22;0.00;0.00;0.00;0.00;0.71;0.08;0.0741;0.0563;1
141;141;Agent_1;orders came from the seed rule base (rules as-is);0;0;R20[0.08] R26[0.17];0.17;0.21;0.00;0.00;0.00;0.00;0.73;0.08;0.0742;0.0564;1
141;141;Agent_2;orders came from the seed rule base (rules as-is);0;0;R20[0.12] R26[0.03];0.03;0.14;0.00;0.00;0.00;0.00;0.66;0.08;0.0742;0.0564;1
141;141;Agent_3;orders came from the seed rule base (rules as-is);0;0;R20[0.09] R26[0.17];0.17;0.22;0.00;0.00;0.00;0.00;0.71;0.08;0.0742;0.0564;1
142;142;Agent_1;orders came from the seed rule base (rules as-is);0;0;R20[0.08] R26[0.16];0.16;0.21;0.00;0.00;0.00;0.00;0.73;0.07;0.0743;0.0565;1
142;142;Agent_2;orders came from the seed rule base (rules as-is);0;0;R20[0.12] R26[0.03];0.03;0.14;0.00;0.00;0.00;0.00;0.66;0.07;0.0743;0.0565;1
142;142;Agent_3;orders came from the seed rule base (rules as-is);0;0;R20[0.09] R26[0.16];0.16;0.22;0.00;0.00;0.00;0.00;0.71;0.07;0.0743;0.0565;1
143;143;Agent_1;orders came from the seed rule base (rules as-is);0;0;R20[0.08] R26[0.16];0.16;0.21;0.00;0.00;0.00;0.00;0.73;0.07;0.0744;0.0566;1
143;143;Agent_2;orders came from the seed rule base (rules as-is);0;0;R20[0.12] R26[0.03];0.03;0.14;0.00;0.00;0.00;0.00;0.66;0.07;0.0744;0.0566;1
143;143;Agent_3;orders came from the seed rule base (rules as-is);0;0;R20[0.09] R26[0.16];0.16;0.22;0.00;0.00;0.00;0.00;0.71;0.07;0.0744;0.0566;1
144;144;Agent_1;orders came from the seed rule base (rules as-is);0;0;R20[0.08] R26[0.16];0.16;0.21;0.00;0.00;0.00;0.00;0.73;0.07;0.0745;0.0567;1
144;144;Agent_2;orders came from the seed rule base (rules as-is);0;0;R20[0.12] R26[0.03];0.03;0.14;0.00;0.00;0.00;0.00;0.66;0.07;0.0745;0.0567;1
144;144;Agent_3;orders came from the seed rule base (rules as-is);0;0;R20[0.08] R26[0.16];0.16;0.22;0.00;0.00;0.00;0.00;0.71;0.07;0.0745;0.0567;1
145;145;Agent_1;orders came from the seed rule base (rules as-is);0;0;R20[0.08] R26[0.16];0.16;0.21;0.00;0.00;0.00;0.00;0.73;0.07;0.0746;0.0568;1
145;145;Agent_2;orders came from the seed rule base (rules as-is);0;0;R20[0.12] R26[0.03];0.03;0.14;0.00;0.00;0.00;0.00;0.66;0.07;0.0746;0.0568;1
145;145;Agent_3;orders came from the seed rule base (rules as-is);0;0;R20[0.08] R26[0.16];0.16;0.21;0.00;0.00;0.00;0.00;0.71;0.07;0.0746;0.0568;1
146;146;Agent_1;orders came from the seed rule base (rules as-is);0;0;R20[0.08] R26[0.16];0.16;0.21;0.00;0.00;0.00;0.00;0.73;0.07;0.0747;0.0569;1
146;146;Agent_2;orders came from the seed rule base (rules as-is);0;0;R20[0.12] R26[0.03];0.03;0.14;0.00;0.00;0.00;0.00;0.67;0.07;0.0747;0.0569;1
146;146;Agent_3;orders came from the seed rule base (rules as-is);0;0;R20[0.08] R26[0.16];0.16;0.21;0.00;0.00;0.00;0.00;0.71;0.07;0.0747;0.0569;1
147;147;Agent_1;orders came from the seed rule base (rules as-is);0;0;R20[0.08] R26[0.16];0.16;0.21;0.00;0.00;0.00;0.00;0.73;0.07;0.0748;0.0570;1
147;147;Agent_2;orders came from the seed rule base (rules as-is);0;0;R20[0.12] R26[0.03];0.03;0.14;0.00;0.00;0.00;0.00;0.67;0.07;0.0748;0.0570;1
147;147;Agent_3;orders came from the seed rule base (rules as-is);0;0;R20[0.08] R26[0.16];0.16;0.21;0.00;0.00;0.00;0.00;0.71;0.07;0.0748;0.0570;1
148;148;Agent_1;orders came from the seed rule base (rules as-is);0;0;R20[0.08] R26[0.16];0.16;0.20;0.00;0.00;0.00;0.00;0.73;0.07;0.0750;0.0571;1
148;148;Agent_2;orders came from the seed rule base (rules as-is);0;0;R20[0.12] R26[0.03];0.03;0.14;0.00;0.00;0.00;0.00;0.67;0.07;0.0750;0.0571;1
148;148;Agent_3;orders came from the seed rule base (rules as-is);0;0;R20[0.08] R26[0.16];0.16;0.21;0.00;0.00;0.00;0.00;0.71;0.07;0.0750;0.0571;1
149;149;Agent_1;orders came from the seed rule base (rules as-is);0;0;R20[0.08] R26[0.16];0.16;0.20;0.00;0.00;0.00;0.00;0.73;0.07;0.0751;0.0572;1
149;149;Agent_2;orders came from the seed rule base (rules as-is);0;0;R20[0.12] R26[0.03];0.03;0.14;0.00;0.00;0.00;0.00;0.67;0.07;0.0751;0.0572;1
149;149;Agent_3;orders came from the seed rule base (rules as-is);0;0;R20[0.08] R26[0.16];0.16;0.21;0.00;0.00;0.00;0.00;0.71;0.07;0.0751;0.0572;1
150;150;Agent_1;orders came from the seed rule base (rules as-is);0;0;R20[0.08] R26[0.16];0.16;0.20;0.00;0.00;0.00;0.00;0.73;0.07;0.0752;0.0573;1
150;150;Agent_2;orders came from the seed rule base (rules as-is);0;0;R20[0.12] R26[0.03];0.03;0.14;0.00;0.00;0.00;0.00;0.67;0.07;0.0752;0.0573;1
150;150;Agent_3;orders came from the seed rule base (rules as-is);0;0;R20[0.08] R26[0.16];0.16;0.21;0.00;0.00;0.00;0.00;0.71;0.07;0.0752;0.0573;1
151;151;Agent_1;orders came from the seed rule base (rules as-is);0;0;R20[0.07] R26[0.16];0.16;0.20;0.00;0.00;0.00;0.00;0.73;0.07;0.0753;0.0574;1
151;151;Agent_2;orders came from the seed rule base (rules as-is);0;0;R20[0.11] R26[0.03];0.03;0.14;0.00;0.00;0.00;0.00;0.67;0.07;0.0753;0.0574;1
151;151;Agent_3;orders came from the seed rule base (rules as-is);0;0;R20[0.08] R26[0.16];0.16;0.21;0.00;0.00;0.00;0.00;0.71;0.07;0.0753;0.0574;1
152;152;Agent_1;orders came from the seed rule base (rules as-is);0;0;R20[0.07] R26[0.16];0.16;0.20;0.00;0.00;0.00;0.00;0.73;0.07;0.0754;0.0575;1
152;152;Agent_2;orders came from the seed rule base (rules as-is);0;0;R20[0.11] R26[0.03];0.03;0.14;0.00;0.00;0.00;0.00;0.67;0.07;0.0754;0.0575;1
152;152;Agent_3;orders came from the seed rule base (rules as-is);0;0;R20[0.08] R26[0.16];0.16;0.21;0.00;0.00;0.00;0.00;0.71;0.07;0.0754;0.0575;1
153;153;Agent_1;orders came from the seed rule base (rules as-is);0;0;R20[0.07] R26[0.15];0.15;0.20;0.00;0.00;0.00;0.00;0.73;0.07;0.0755;0.0576;1
153;153;Agent_2;orders came from the seed rule base (rules as-is);0;0;R20[0.11] R26[0.03];0.03;0.13;0.00;0.00;0.00;0.00;0.67;0.07;0.0755;0.0576;1
153;153;Agent_3;orders came from the seed rule base (rules as-is);0;0;R20[0.08] R26[0.16];0.16;0.21;0.00;0.00;0.00;0.00;0.71;0.07;0.0755;0.0576;1
154;154;Agent_1;orders came from the seed rule base (rules as-is);0;0;R20[0.07] R26[0.15];0.15;0.20;0.00;0.00;0.00;0.00;0.73;0.07;0.0756;0.0577;1
154;154;Agent_2;orders came from the seed rule base (rules as-is);0;0;R20[0.11] R26[0.03];0.03;0.13;0.00;0.00;0.00;0.00;0.67;0.07;0.0756;0.0577;1
154;154;Agent_3;orders came from the seed rule base (rules as-is);0;0;R20[0.08] R26[0.16];0.16;0.21;0.00;0.00;0.00;0.00;0.71;0.07;0.0756;0.0577;1
155;155;Agent_1;orders came from the seed rule base (rules as-is);0;0;R20[0.07] R26[0.15];0.15;0.20;0.00;0.00;0.00;0.00;0.73;0.07;0.0757;0.0578;1
155;155;Agent_2;orders came from the seed rule base (rules as-is);0;0;R20[0.11] R26[0.03];0.03;0.13;0.00;0.00;0.00;0.00;0.67;0.07;0.0757;0.0578;1
155;155;Agent_3;orders came from the seed rule base (rules as-is);0;0;R20[0.08] R26[0.15];0.15;0.20;0.00;0.00;0.00;0.00;0.71;0.07;0.0757;0.0578;1
156;156;Agent_1;orders came from the seed rule base (rules as-is);0;0;R20[0.07] R26[0.15];0.15;0.20;0.00;0.00;0.00;0.00;0.73;0.07;0.0758;0.0579;1
156;156;Agent_2;orders came from the seed rule base (rules as-is);0;0;R20[0.11] R26[0.03];0.03;0.13;0.00;0.00;0.00;0.00;0.67;0.07;0.0758;0.0579;1
156;156;Agent_3;orders came from the seed rule base (rules as-is);0;0;R20[0.08] R26[0.15];0.15;0.20;0.00;0.00;0.00;0.00;0.71;0.07;0.0758;0.0579;1
157;157;Agent_1;orders came from the seed rule base (rules as-is);0;0;R20[0.07] R26[0.15];0.15;0.19;0.00;0.00;0.00;0.00;0.73;0.07;0.0759;0.0580;1
157;157;Agent_2;orders came from the seed rule base (rules as-is);0;0;R20[0.11] R26[0.03];0.03;0.13;0.00;0.00;0.00;0.00;0.67;0.07;0.0759;0.0580;1
157;157;Agent_3;orders came from the seed rule base (rules as-is);0;0;R20[0.08] R26[0.15];0.15;0.20;0.00;0.00;0.00;0.00;0.71;0.07;0.0759;0.0580;1
158;158;Agent_1;orders came from the seed rule base (rules as-is);0;0;R20[0.07] R26[0.15];0.15;0.19;0.00;0.00;0.00;0.00;0.73;0.07;0.0760;0.0576;1
158;158;Agent_2;orders came from the seed rule base (rules as-is);0;0;R20[0.11] R26[0.03];0.03;0.13;0.00;0.00;0.00;0.00;0.67;0.07;0.0760;0.0576;1
158;158;Agent_3;orders came from the seed rule base (rules as-is);0;0;R20[0.08] R26[0.15];0.15;0.20;0.00;0.00;0.00;0.00;0.71;0.07;0.0760;0.0576;1
159;159;Agent_1;orders came from the seed rule base (rules as-is);0;0;R20[0.07] R26[0.15];0.15;0.19;0.00;0.00;0.00;0.00;0.73;0.07;0.0761;0.0577;1
159;159;Agent_2;orders came from the seed rule base (rules as-is);0;0;R20[0.11] R26[0.03];0.03;0.13;0.00;0.00;0.00;0.00;0.67;0.07;0.0761;0.0577;1
159;159;Agent_3;orders came from the seed rule base (rules as-is);0;0;R20[0.08] R26[0.15];0.15;0.20;0.00;0.00;0.00;0.00;0.72;0.07;0.0761;0.0577;1
160;160;Agent_1;orders came from the seed rule base (rules as-is);0;0;R20[0.07] R26[0.15];0.15;0.19;0.00;0.00;0.00;0.00;0.73;0.06;0.0762;0.0578;1
160;160;Agent_2;orders came from the seed rule base (rules as-is);0;0;R20[0.11] R26[0.03];0.03;0.13;0.00;0.00;0.00;0.00;0.67;0.06;0.0762;0.0578;1
160;160;Agent_3;orders came from the seed rule base (rules as-is);0;0;R20[0.08] R26[0.15];0.15;0.20;0.00;0.00;0.00;0.00;0.72;0.06;0.0762;0.0578;1
161;161;Agent_1;orders came from the seed rule base (rules as-is);0;0;R20[0.07] R26[0.15];0.15;0.19;0.00;0.00;0.00;0.00;0.73;0.06;0.0763;0.0579;1
161;161;Agent_2;orders came from the seed rule base (rules as-is);0;0;R20[0.11] R26[0.03];0.03;0.13;0.00;0.00;0.00;0.00;0.67;0.06;0.0763;0.0579;1
161;161;Agent_3;orders came from the seed rule base (rules as-is);0;0;R20[0.08] R26[0.15];0.15;0.20;0.00;0.00;0.00;0.00;0.72;0.06;0.0763;0.0579;1
162;162;Agent_1;orders came from the seed rule base (rules as-is);0;0;R20[0.07] R26[0.15];0.15;0.19;0.00;0.00;0.00;0.00;0.73;0.06;0.0764;0.0580;1
162;162;Agent_2;orders came from the seed rule base (rules as-is);0;0;R20[0.11] R26[0.02];0.02;0.13;0.00;0.00;0.00;0.00;0.67;0.06;0.0764;0.0580;1
162;162;Agent_3;orders came from the seed rule base (rules as-is);0;0;R20[0.08] R26[0.15];0.15;0.20;0.00;0.00;0.00;0.00;0.72;0.06;0.0764;0.0580;1
163;163;Agent_1;orders came from the seed rule base (rules as-is);0;0;R20[0.07] R26[0.14];0.14;0.18;0.00;0.00;0.00;0.00;0.73;0.06;0.0765;0.0581;1
163;163;Agent_2;orders came from the seed rule base (rules as-is);0;0;R20[0.11] R26[0.02];0.02;0.13;0.00;0.00;0.00;0.00;0.67;0.06;0.0765;0.0581;1
163;163;Agent_3;orders came from the seed rule base (rules as-is);0;0;R20[0.08] R26[0.15];0.15;0.20;0.00;0.00;0.00;0.00;0.72;0.06;0.0765;0.0581;1
164;164;Agent_1;orders came from the seed rule base (rules as-is);0;0;R20[0.07] R26[0.14];0.14;0.18;0.00;0.00;0.00;0.00;0.73;0.06;0.0766;0.0582;1
164;164;Agent_2;orders came from the seed rule base (rules as-is);0;0;R20[0.11] R26[0.02];0.02;0.13;0.00;0.00;0.00;0.00;0.67;0.06;0.0766;0.0582;1
164;164;Agent_3;orders came from the seed rule base (rules as-is);0;0;R20[0.08] R26[0.15];0.15;0.20;0.00;0.00;0.00;0.00;0.72;0.06;0.0766;0.0582;1
165;165;Agent_1;orders came from the seed rule base (rules as-is);0;0;R20[0.07] R26[0.14];0.14;0.18;0.00;0.00;0.00;0.00;0.73;0.06;0.0768;0.0583;1
165;165;Agent_2;orders came from the seed rule base (rules as-is);0;0;R20[0.11] R26[0.02];0.02;0.13;0.00;0.00;0.00;0.00;0.67;0.06;0.0768;0.0583;1
165;165;Agent_3;orders came from the seed rule base (rules as-is);0;0;R20[0.08] R26[0.15];0.15;0.20;0.00;0.00;0.00;0.00;0.72;0.06;0.0768;0.0583;1
166;166;Agent_1;orders came from the seed rule base (rules as-is);0;0;R20[0.07] R26[0.14];0.14;0.18;0.00;0.00;0.00;0.00;0.73;0.06;0.0769;0.0584;1
166;166;Agent_2;orders came from the seed rule base (rules as-is);0;0;R20[0.11] R26[0.02];0.02;0.13;0.00;0.00;0.00;0.00;0.67;0.06;0.0769;0.0584;1
166;166;Agent_3;orders came from the seed rule base (rules as-is);0;0;R20[0.08] R26[0.15];0.15;0.19;0.00;0.00;0.00;0.00;0.72;0.06;0.0769;0.0584;1
167;167;Agent_1;orders came from the seed rule base (rules as-is);0;0;R20[0.07] R26[0.14];0.14;0.18;0.00;0.00;0.00;0.00;0.73;0.06;0.0770;0.0584;1
167;167;Agent_2;orders came from the seed rule base (rules as-is);0;0;R20[0.11] R26[0.02];0.02;0.13;0.00;0.00;0.00;0.00;0.67;0.06;0.0770;0.0584;1
167;167;Agent_3;orders came from the seed rule base (rules as-is);0;0;R20[0.08] R26[0.15];0.15;0.19;0.00;0.00;0.00;0.00;0.72;0.06;0.0770;0.0584;1
168;168;Agent_1;orders came from the seed rule base (rules as-is);0;0;R20[0.07] R26[0.14];0.14;0.17;0.00;0.00;0.00;0.00;0.73;0.06;0.0771;0.0585;1
168;168;Agent_2;orders came from the seed rule base (rules as-is);0;0;R20[0.11] R26[0.02];0.02;0.13;0.00;0.00;0.00;0.00;0.67;0.06;0.0771;0.0585;1
168;168;Agent_3;orders came from the seed rule base (rules as-is);0;0;R20[0.08] R26[0.15];0.15;0.19;0.00;0.00;0.00;0.00;0.72;0.06;0.0771;0.0585;1
169;169;Agent_1;orders came from the seed rule base (rules as-is);0;0;R20[0.06] R26[0.13];0.13;0.17;0.00;0.00;0.00;0.00;0.73;0.06;0.0772;0.0586;1
169;169;Agent_2;orders came from the seed rule base (rules as-is);0;0;R20[0.11] R26[0.02];0.02;0.12;0.00;0.00;0.00;0.00;0.67;0.06;0.0772;0.0586;1
169;169;Agent_3;orders came from the seed rule base (rules as-is);0;0;R20[0.08] R26[0.15];0.15;0.19;0.00;0.00;0.00;0.00;0.72;0.06;0.0772;0.0586;1
170;170;Agent_1;orders came from the seed rule base (rules as-is);0;0;R20[0.06] R26[0.13];0.13;0.17;0.00;0.00;0.00;0.00;0.73;0.06;0.0773;0.0587;1
170;170;Agent_2;orders came from the seed rule base (rules as-is);0;0;R20[0.11] R26[0.02];0.02;0.12;0.00;0.00;0.00;0.00;0.67;0.06;0.0773;0.0587;1
170;170;Agent_3;orders came from the seed rule base (rules as-is);0;0;R20[0.08] R26[0.14];0.14;0.19;0.00;0.00;0.00;0.00;0.72;0.06;0.0773;0.0587;1
171;171;Agent_1;orders came from the seed rule base (rules as-is);0;0;R20[0.07] R26[0.13];0.13;0.17;0.00;0.00;0.00;0.00;0.73;0.06;0.0774;0.0588;1
171;171;Agent_2;orders came from the seed rule base (rules as-is);0;0;R20[0.10] R26[0.02];0.02;0.12;0.00;0.00;0.00;0.00;0.67;0.06;0.0774;0.0588;1
171;171;Agent_3;orders came from the seed rule base (rules as-is);0;0;R20[0.07] R26[0.14];0.14;0.19;0.00;0.00;0.00;0.00;0.72;0.06;0.0774;0.0588;1
172;172;Agent_1;orders came from the seed rule base (rules as-is);0;0;R20[0.06] R26[0.13];0.13;0.17;0.00;0.00;0.00;0.00;0.73;0.06;0.0775;0.0589;1
172;172;Agent_2;orders came from the seed rule base (rules as-is);0;0;R20[0.10] R26[0.02];0.02;0.12;0.00;0.00;0.00;0.00;0.67;0.06;0.0775;0.0589;1
172;172;Agent_3;orders came from the seed rule base (rules as-is);0;0;R20[0.07] R26[0.14];0.14;0.19;0.00;0.00;0.00;0.00;0.72;0.06;0.0775;0.0589;1
173;173;Agent_1;orders came from the seed rule base (rules as-is);0;0;R20[0.06] R26[0.13];0.13;0.17;0.00;0.00;0.00;0.00;0.73;0.06;0.0776;0.0590;1
173;173;Agent_2;orders came from the seed rule base (rules as-is);0;0;R20[0.10] R26[0.02];0.02;0.12;0.00;0.00;0.00;0.00;0.67;0.06;0.0776;0.0590;1
173;173;Agent_3;orders came from the seed rule base (rules as-is);0;0;R20[0.07] R26[0.14];0.14;0.19;0.00;0.00;0.00;0.00;0.72;0.06;0.0776;0.0590;1
174;174;Agent_1;orders came from the seed rule base (rules as-is);0;0;R20[0.06] R26[0.13];0.13;0.17;0.00;0.00;0.00;0.00;0.73;0.06;0.0777;0.0591;1
174;174;Agent_2;orders came from the seed rule base (rules as-is);0;0;R20[0.10] R26[0.02];0.02;0.12;0.00;0.00;0.00;0.00;0.67;0.06;0.0777;0.0591;1
174;174;Agent_3;orders came from the seed rule base (rules as-is);0;0;R20[0.07] R26[0.14];0.14;0.19;0.00;0.00;0.00;0.00;0.72;0.06;0.0777;0.0591;1
175;175;Agent_1;orders came from the seed rule base (rules as-is);0;0;R20[0.06] R26[0.13];0.13;0.17;0.00;0.00;0.00;0.00;0.73;0.06;0.0778;0.0592;1
175;175;Agent_2;orders came from the seed rule base (rules as-is);0;0;R20[0.10] R26[0.02];0.02;0.12;0.00;0.00;0.00;0.00;0.67;0.06;0.0778;0.0592;1
175;175;Agent_3;orders came from the seed rule base (rules as-is);0;0;R20[0.07] R26[0.14];0.14;0.19;0.00;0.00;0.00;0.00;0.72;0.06;0.0778;0.0592;1
176;176;Agent_1;orders came from the seed rule base (rules as-is);0;0;R20[0.06] R26[0.13];0.13;0.17;0.00;0.00;0.00;0.00;0.73;0.06;0.0779;0.0593;1
176;176;Agent_2;orders came from the seed rule base (rules as-is);0;0;R20[0.10] R26[0.02];0.02;0.12;0.00;0.00;0.00;0.00;0.67;0.06;0.0779;0.0593;1
176;176;Agent_3;orders came from the seed rule base (rules as-is);0;0;R20[0.07] R26[0.14];0.14;0.19;0.00;0.00;0.00;0.00;0.72;0.06;0.0779;0.0593;1
177;177;Agent_1;orders came from the seed rule base (rules as-is);0;0;R20[0.06] R26[0.13];0.13;0.17;0.00;0.00;0.00;0.00;0.73;0.06;0.0785;0.0599;1
177;177;Agent_2;orders came from the seed rule base (rules as-is);0;0;R20[0.10] R26[0.02];0.02;0.12;0.00;0.00;0.00;0.00;0.67;0.06;0.0785;0.0599;1
177;177;Agent_3;orders came from the seed rule base (rules as-is);0;0;R20[0.07] R26[0.14];0.14;0.18;0.00;0.00;0.00;0.00;0.72;0.06;0.0785;0.0599;1
178;178;Agent_1;orders came from the seed rule base (rules as-is);0;0;R20[0.06] R26[0.13];0.13;0.16;0.00;0.00;0.00;0.00;0.73;0.06;0.0786;0.0600;1
178;178;Agent_2;orders came from the seed rule base (rules as-is);0;0;R20[0.10] R26[0.02];0.02;0.12;0.00;0.00;0.00;0.00;0.67;0.06;0.0786;0.0600;1
178;178;Agent_3;orders came from the seed rule base (rules as-is);0;0;R20[0.07] R26[0.14];0.14;0.18;0.00;0.00;0.00;0.00;0.72;0.06;0.0786;0.0600;1
179;179;Agent_1;orders came from the seed rule base (rules as-is);0;0;R20[0.06] R26[0.13];0.13;0.16;0.00;0.00;0.00;0.00;0.73;0.06;0.0787;0.0601;1
179;179;Agent_2;orders came from the seed rule base (rules as-is);0;0;R20[0.10] R26[0.02];0.02;0.12;0.00;0.00;0.00;0.00;0.67;0.06;0.0787;0.0601;1
179;179;Agent_3;orders came from the seed rule base (rules as-is);0;0;R20[0.07] R26[0.14];0.14;0.18;0.00;0.00;0.00;0.00;0.72;0.06;0.0787;0.0601;1
180;180;Agent_1;orders came from the seed rule base (rules as-is);0;0;R20[0.06] R26[0.12];0.12;0.16;0.00;0.00;0.00;0.00;0.73;0.06;0.0788;0.0602;1
180;180;Agent_2;orders came from the seed rule base (rules as-is);0;0;R20[0.10] R26[0.02];0.02;0.12;0.00;0.00;0.00;0.00;0.67;0.06;0.0788;0.0602;1
180;180;Agent_3;orders came from the seed rule base (rules as-is);0;0;R20[0.07] R26[0.14];0.14;0.18;0.00;0.00;0.00;0.00;0.72;0.06;0.0788;0.0602;1
181;181;Agent_1;orders came from the seed rule base (rules as-is);0;0;R20[0.06] R26[0.13];0.13;0.16;0.00;0.00;0.00;0.00;0.73;0.06;0.0789;0.0603;1
181;181;Agent_2;orders came from the seed rule base (rules as-is);0;0;R20[0.10] R26[0.02];0.02;0.12;0.00;0.00;0.00;0.00;0.67;0.06;0.0789;0.0603;1
181;181;Agent_3;orders came from the seed rule base (rules as-is);0;0;R20[0.07] R26[0.14];0.14;0.18;0.00;0.00;0.00;0.00;0.72;0.06;0.0789;0.0603;1
182;182;Agent_1;orders came from the seed rule base (rules as-is);0;0;R20[0.06] R26[0.12];0.12;0.16;0.00;0.00;0.00;0.00;0.73;0.05;0.0790;0.0604;1
182;182;Agent_2;orders came from the seed rule base (rules as-is);0;0;R20[0.10] R26[0.02];0.02;0.12;0.00;0.00;0.00;0.00;0.67;0.05;0.0790;0.0604;1
182;182;Agent_3;orders came from the seed rule base (rules as-is);0;0;R20[0.07] R26[0.14];0.14;0.18;0.00;0.00;0.00;0.00;0.72;0.05;0.0790;0.0604;1
183;183;Agent_1;orders came from the seed rule base (rules as-is);0;0;R20[0.06] R26[0.12];0.12;0.15;0.00;0.00;0.00;0.00;0.73;0.05;0.0791;0.0605;1
183;183;Agent_2;orders came from the seed rule base (rules as-is);0;0;R20[0.10] R26[0.02];0.02;0.12;0.00;0.00;0.00;0.00;0.67;0.05;0.0791;0.0605;1
183;183;Agent_3;orders came from the seed rule base (rules as-is);0;0;R20[0.07] R26[0.14];0.14;0.18;0.00;0.00;0.00;0.00;0.72;0.05;0.0791;0.0605;1
184;184;Agent_1;orders came from the seed rule base (rules as-is);0;0;R20[0.06] R26[0.12];0.12;0.15;0.00;0.00;0.00;0.00;0.73;0.05;0.0793;0.0606;1
184;184;Agent_2;orders came from the seed rule base (rules as-is);0;0;R20[0.10] R26[0.02];0.02;0.12;0.00;0.00;0.00;0.00;0.67;0.05;0.0793;0.0606;1
184;184;Agent_3;orders came from the seed rule base (rules as-is);0;0;R20[0.07] R26[0.13];0.13;0.18;0.00;0.00;0.00;0.00;0.72;0.05;0.0793;0.0606;1
185;185;Agent_1;orders came from the seed rule base (rules as-is);0;0;R20[0.06] R26[0.12];0.12;0.15;0.00;0.00;0.00;0.00;0.73;0.05;0.0794;0.0607;1
185;185;Agent_2;orders came from the seed rule base (rules as-is);0;0;R20[0.10] R26[0.02];0.02;0.12;0.00;0.00;0.00;0.00;0.67;0.05;0.0794;0.0607;1
185;185;Agent_3;orders came from the seed rule base (rules as-is);0;0;R20[0.07] R26[0.13];0.13;0.18;0.00;0.00;0.00;0.00;0.72;0.05;0.0794;0.0607;1
186;186;Agent_1;orders came from the seed rule base (rules as-is);0;0;R20[0.06] R26[0.12];0.12;0.15;0.00;0.00;0.00;0.00;0.73;0.05;0.0795;0.0608;1
186;186;Agent_2;orders came from the seed rule base (rules as-is);0;0;R20[0.10] R26[0.02];0.02;0.11;0.00;0.00;0.00;0.00;0.67;0.05;0.0795;0.0608;1
186;186;Agent_3;orders came from the seed rule base (rules as-is);0;0;R20[0.07] R26[0.13];0.13;0.18;0.00;0.00;0.00;0.00;0.72;0.05;0.0795;0.0608;1
187;187;Agent_1;orders came from the seed rule base (rules as-is);0;0;R20[0.06] R26[0.11];0.11;0.15;0.00;0.00;0.00;0.00;0.73;0.05;0.0796;0.0609;1
187;187;Agent_2;orders came from the seed rule base (rules as-is);0;0;R20[0.10] R26[0.02];0.02;0.11;0.00;0.00;0.00;0.00;0.67;0.05;0.0796;0.0609;1
187;187;Agent_3;orders came from the seed rule base (rules as-is);0;0;R20[0.07] R26[0.13];0.13;0.18;0.00;0.00;0.00;0.00;0.72;0.05;0.0796;0.0609;1
188;188;Agent_1;orders came from the seed rule base (rules as-is);0;0;R20[0.06] R26[0.11];0.11;0.15;0.00;0.00;0.00;0.00;0.73;0.05;0.0797;0.0610;1
188;188;Agent_2;orders came from the seed rule base (rules as-is);0;0;R20[0.10] R26[0.02];0.02;0.11;0.00;0.00;0.00;0.00;0.67;0.05;0.0797;0.0610;1
188;188;Agent_3;orders came from the seed rule base (rules as-is);0;0;R20[0.07] R26[0.13];0.13;0.17;0.00;0.00;0.00;0.00;0.72;0.05;0.0797;0.0610;1
189;189;Agent_1;orders came from the seed rule base (rules as-is);0;0;R20[0.06] R26[0.11];0.11;0.14;0.00;0.00;0.00;0.00;0.73;0.05;0.0792;0.0606;1
189;189;Agent_2;orders came from the seed rule base (rules as-is);0;0;R20[0.10] R26[0.02];0.02;0.11;0.00;0.00;0.00;0.00;0.67;0.05;0.0792;0.0606;1
189;189;Agent_3;orders came from the seed rule base (rules as-is);0;0;R20[0.07] R26[0.13];0.13;0.17;0.00;0.00;0.00;0.00;0.72;0.05;0.0792;0.0606;1
190;190;Agent_1;orders came from the seed rule base (rules as-is);0;0;R20[0.05] R26[0.11];0.11;0.14;0.00;0.00;0.00;0.00;0.73;0.05;0.0793;0.0606;1
190;190;Agent_2;orders came from the seed rule base (rules as-is);0;0;R20[0.10] R26[0.02];0.02;0.11;0.00;0.00;0.00;0.00;0.67;0.05;0.0793;0.0606;1
190;190;Agent_3;orders came from the seed rule base (rules as-is);0;0;R20[0.07] R26[0.13];0.13;0.17;0.00;0.00;0.00;0.00;0.72;0.05;0.0793;0.0606;1
191;191;Agent_1;orders came from the seed rule base (rules as-is);0;0;R20[0.05] R26[0.11];0.11;0.14;0.00;0.00;0.00;0.00;0.73;0.05;0.0795;0.0607;1
191;191;Agent_2;orders came from the seed rule base (rules as-is);0;0;R20[0.09] R26[0.02];0.02;0.11;0.00;0.00;0.00;0.00;0.67;0.05;0.0795;0.0607;1
191;191;Agent_3;orders came from the seed rule base (rules as-is);0;0;R20[0.07] R26[0.13];0.13;0.17;0.00;0.00;0.00;0.00;0.72;0.05;0.0795;0.0607;1
192;192;Agent_1;orders came from the seed rule base (rules as-is);0;0;R20[0.05] R26[0.11];0.11;0.14;0.00;0.00;0.00;0.00;0.73;0.05;0.0796;0.0608;1
192;192;Agent_2;orders came from the seed rule base (rules as-is);0;0;R20[0.09] R26[0.02];0.02;0.11;0.00;0.00;0.00;0.00;0.67;0.05;0.0796;0.0608;1
192;192;Agent_3;orders came from the seed rule base (rules as-is);0;0;R20[0.07] R26[0.13];0.13;0.17;0.00;0.00;0.00;0.00;0.72;0.05;0.0796;0.0608;1
193;193;Agent_1;orders came from the seed rule base (rules as-is);0;0;R20[0.05] R26[0.11];0.11;0.14;0.00;0.00;0.00;0.00;0.73;0.05;0.0796;0.0609;1
193;193;Agent_2;orders came from the seed rule base (rules as-is);0;0;R20[0.09] R26[0.02];0.02;0.11;0.00;0.00;0.00;0.00;0.67;0.05;0.0796;0.0609;1
193;193;Agent_3;orders came from the seed rule base (rules as-is);0;0;R20[0.07] R26[0.13];0.13;0.17;0.00;0.00;0.00;0.00;0.72;0.05;0.0796;0.0609;1
194;194;Agent_1;orders came from the seed rule base (rules as-is);0;0;R20[0.05] R26[0.11];0.11;0.14;0.00;0.00;0.00;0.00;0.73;0.05;0.0798;0.0610;1
194;194;Agent_2;orders came from the seed rule base (rules as-is);0;0;R20[0.09] R26[0.02];0.02;0.11;0.00;0.00;0.00;0.00;0.67;0.05;0.0798;0.0610;1
194;194;Agent_3;orders came from the seed rule base (rules as-is);0;0;R20[0.07] R26[0.13];0.13;0.17;0.00;0.00;0.00;0.00;0.72;0.05;0.0798;0.0610;1
195;195;Agent_1;orders came from the seed rule base (rules as-is);0;0;R20[0.05] R26[0.10];0.10;0.14;0.00;0.00;0.00;0.00;0.73;0.05;0.0799;0.0611;1
195;195;Agent_2;orders came from the seed rule base (rules as-is);0;0;R20[0.09] R26[0.02];0.02;0.11;0.00;0.00;0.00;0.00;0.67;0.05;0.0799;0.0611;1
195;195;Agent_3;orders came from the seed rule base (rules as-is);0;0;R20[0.07] R26[0.13];0.13;0.17;0.00;0.00;0.00;0.00;0.72;0.05;0.0799;0.0611;1
196;196;Agent_1;orders came from the seed rule base (rules as-is);0;0;R20[0.05] R26[0.10];0.10;0.13;0.00;0.00;0.00;0.00;0.73;0.05;0.0800;0.0612;1
196;196;Agent_2;orders came from the seed rule base (rules as-is);0;0;R20[0.09] R26[0.02];0.02;0.11;0.00;0.00;0.00;0.00;0.67;0.05;0.0800;0.0612;1
196;196;Agent_3;orders came from the seed rule base (rules as-is);0;0;R20[0.07] R26[0.13];0.13;0.17;0.00;0.00;0.00;0.00;0.72;0.05;0.0800;0.0612;1
197;197;Agent_1;orders came from the seed rule base (rules as-is);0;0;R20[0.05] R26[0.10];0.10;0.13;0.00;0.00;0.00;0.00;0.73;0.05;0.0801;0.0613;1
197;197;Agent_2;orders came from the seed rule base (rules as-is);0;0;R20[0.09] R26[0.02];0.02;0.11;0.00;0.00;0.00;0.00;0.67;0.05;0.0801;0.0613;1
197;197;Agent_3;orders came from the seed rule base (rules as-is);0;0;R20[0.07] R26[0.13];0.13;0.17;0.00;0.00;0.00;0.00;0.72;0.05;0.0801;0.0613;1
198;198;Agent_1;orders came from the seed rule base (rules as-is);0;0;R20[0.05] R26[0.10];0.10;0.13;0.00;0.00;0.00;0.00;0.72;0.05;0.0802;0.0614;1
198;198;Agent_2;orders came from the seed rule base (rules as-is);0;0;R20[0.09] R26[0.02];0.02;0.11;0.00;0.00;0.00;0.00;0.67;0.05;0.0802;0.0614;1
198;198;Agent_3;orders came from the seed rule base (rules as-is);0;0;R20[0.07] R26[0.13];0.13;0.17;0.00;0.00;0.00;0.00;0.72;0.05;0.0802;0.0614;1
199;199;Agent_1;orders came from the seed rule base (rules as-is);0;0;R20[0.05] R26[0.10];0.10;0.13;0.00;0.00;0.00;0.00;0.72;0.05;0.0803;0.0615;1
199;199;Agent_2;orders came from the seed rule base (rules as-is);0;0;R20[0.09] R26[0.02];0.02;0.11;0.00;0.00;0.00;0.00;0.67;0.05;0.0803;0.0615;1
199;199;Agent_3;orders came from the seed rule base (rules as-is);0;0;R20[0.07] R26[0.12];0.12;0.16;0.00;0.00;0.00;0.00;0.72;0.05;0.0803;0.0615;1
200;200;Agent_1;orders came from the seed rule base (rules as-is);0;0;R20[0.05] R26[0.10];0.10;0.13;0.00;0.00;0.00;0.00;0.73;0.05;0.0804;0.0616;1
200;200;Agent_2;orders came from the seed rule base (rules as-is);0;0;R20[0.09] R26[0.02];0.02;0.11;0.00;0.00;0.00;0.00;0.67;0.05;0.0804;0.0616;1
200;200;Agent_3;orders came from the seed rule base (rules as-is);0;0;R20[0.06] R26[0.12];0.12;0.16;0.00;0.00;0.00;0.00;0.72;0.05;0.0804;0.0616;1
201;201;Agent_1;orders came from the seed rule base (rules as-is);0;0;R20[0.05] R26[0.10];0.10;0.13;0.00;0.00;0.00;0.00;0.73;0.05;0.0805;0.0617;1
201;201;Agent_2;orders came from the seed rule base (rules as-is);0;0;R20[0.09] R26[0.02];0.02;0.11;0.00;0.00;0.00;0.00;0.67;0.05;0.0805;0.0617;1
201;201;Agent_3;orders came from the seed rule base (rules as-is);0;0;R20[0.06] R26[0.12];0.12;0.16;0.00;0.00;0.00;0.00;0.72;0.05;0.0805;0.0617;1
202;202;Agent_1;orders came from the seed rule base (rules as-is);0;0;R20[0.05] R26[0.10];0.10;0.13;0.00;0.00;0.00;0.00;0.73;0.05;0.0806;0.0618;1
202;202;Agent_2;orders came from the seed rule base (rules as-is);0;0;R20[0.09] R26[0.02];0.02;0.11;0.00;0.00;0.00;0.00;0.68;0.05;0.0806;0.0618;1
202;202;Agent_3;orders came from the seed rule base (rules as-is);0;0;R20[0.06] R26[0.12];0.12;0.16;0.00;0.00;0.00;0.00;0.72;0.05;0.0806;0.0618;1
203;203;Agent_1;orders came from the seed rule base (rules as-is);0;0;R20[0.05] R26[0.10];0.10;0.13;0.00;0.00;0.00;0.00;0.73;0.05;0.0807;0.0619;1
203;203;Agent_2;orders came from the seed rule base (rules as-is);0;0;R20[0.09] R26[0.02];0.02;0.11;0.00;0.00;0.00;0.00;0.68;0.05;0.0807;0.0619;1
203;203;Agent_3;orders came from the seed rule base (rules as-is);0;0;R20[0.06] R26[0.12];0.12;0.16;0.00;0.00;0.00;0.00;0.72;0.05;0.0807;0.0619;1
204;204;Agent_1;orders came from the seed rule base (rules as-is);0;0;R20[0.05] R26[0.10];0.10;0.13;0.00;0.00;0.00;0.00;0.73;0.05;0.0813;0.0625;1
204;204;Agent_2;orders came from the seed rule base (rules as-is);0;0;R20[0.09] R26[0.02];0.02;0.10;0.00;0.00;0.00;0.00;0.68;0.05;0.0813;0.0625;1
204;204;Agent_3;orders came from the seed rule base (rules as-is);0;0;R20[0.06] R26[0.12];0.12;0.16;0.00;0.00;0.00;0.00;0.72;0.05;0.0813;0.0625;1
205;205;Agent_1;orders came from the seed rule base (rules as-is);0;0;R20[0.05] R26[0.10];0.10;0.13;0.00;0.00;0.00;0.00;0.73;0.05;0.0814;0.0626;1
205;205;Agent_2;orders came from the seed rule base (rules as-is);0;0;R20[0.09] R26[0.02];0.02;0.10;0.00;0.00;0.00;0.00;0.68;0.05;0.0814;0.0626;1
205;205;Agent_3;orders came from the seed rule base (rules as-is);0;0;R20[0.06] R26[0.12];0.12;0.16;0.00;0.00;0.00;0.00;0.72;0.05;0.0814;0.0626;1
206;206;Agent_1;orders came from the seed rule base (rules as-is);0;0;R20[0.05] R26[0.10];0.10;0.13;0.00;0.00;0.00;0.00;0.73;0.05;0.0815;0.0627;1
206;206;Agent_2;orders came from the seed rule base (rules as-is);0;0;R20[0.09] R26[0.02];0.02;0.10;0.00;0.00;0.00;0.00;0.68;0.05;0.0815;0.0627;1
206;206;Agent_3;orders came from the seed rule base (rules as-is);0;0;R20[0.06] R26[0.12];0.12;0.16;0.00;0.00;0.00;0.00;0.72;0.05;0.0815;0.0627;1
207;207;Agent_1;orders came from the seed rule base (rules as-is);0;0;R20[0.05] R26[0.10];0.10;0.12;0.00;0.00;0.00;0.00;0.73;0.05;0.0818;0.0628;1
207;207;Agent_2;orders came from the seed rule base (rules as-is);0;0;R20[0.09] R26[0.02];0.02;0.10;0.00;0.00;0.00;0.00;0.68;0.05;0.0818;0.0628;1
207;207;Agent_3;orders came from the seed rule base (rules as-is);0;0;R20[0.06] R26[0.12];0.12;0.16;0.00;0.00;0.00;0.00;0.72;0.05;0.0818;0.0628;1
208;208;Agent_1;orders came from the seed rule base (rules as-is);0;0;R20[0.05] R26[0.09];0.09;0.12;0.00;0.00;0.00;0.00;0.73;0.04;0.0819;0.0629;1
208;208;Agent_2;orders came from the seed rule base (rules as-is);0;0;R20[0.09] R26[0.02];0.02;0.10;0.00;0.00;0.00;0.00;0.68;0.04;0.0819;0.0629;1
208;208;Agent_3;orders came from the seed rule base (rules as-is);0;0;R20[0.06] R26[0.12];0.12;0.16;0.00;0.00;0.00;0.00;0.72;0.04;0.0819;0.0629;1
209;209;Agent_1;orders came from the seed rule base (rules as-is);0;0;R20[0.05] R26[0.09];0.09;0.12;0.00;0.00;0.00;0.00;0.73;0.04;0.0820;0.0629;1
209;209;Agent_2;orders came from the seed rule base (rules as-is);0;0;R20[0.09] R26[0.02];0.02;0.10;0.00;0.00;0.00;0.00;0.68;0.04;0.0820;0.0629;1
209;209;Agent_3;orders came from the seed rule base (rules as-is);0;0;R20[0.06] R26[0.12];0.12;0.16;0.00;0.00;0.00;0.00;0.72;0.04;0.0820;0.0629;1
210;210;Agent_1;orders came from the seed rule base (rules as-is);0;0;R20[0.05] R26[0.09];0.09;0.12;0.00;0.00;0.00;0.00;0.73;0.04;0.0821;0.0630;1
210;210;Agent_2;orders came from the seed rule base (rules as-is);0;0;R20[0.09] R26[0.02];0.02;0.10;0.00;0.00;0.00;0.00;0.68;0.04;0.0821;0.0630;1
210;210;Agent_3;orders came from the seed rule base (rules as-is);0;0;R20[0.06] R26[0.12];0.12;0.16;0.00;0.00;0.00;0.00;0.72;0.04;0.0821;0.0630;1
211;211;Agent_1;orders came from the seed rule base (rules as-is);0;0;R20[0.04] R26[0.09];0.09;0.12;0.00;0.00;0.00;0.00;0.73;0.04;0.0822;0.0631;1
211;211;Agent_2;orders came from the seed rule base (rules as-is);0;0;R20[0.09] R26[0.02];0.02;0.10;0.00;0.00;0.00;0.00;0.68;0.04;0.0822;0.0631;1
211;211;Agent_3;orders came from the seed rule base (rules as-is);0;0;R20[0.06] R26[0.12];0.12;0.15;0.00;0.00;0.00;0.00;0.72;0.04;0.0822;0.0631;1
212;212;Agent_1;orders came from the seed rule base (rules as-is);0;0;R20[0.04] R26[0.09];0.09;0.11;0.00;0.00;0.00;0.00;0.73;0.04;0.0823;0.0632;1
212;212;Agent_2;orders came from the seed rule base (rules as-is);0;0;R20[0.08] R26[0.02];0.02;0.10;0.00;0.00;0.00;0.00;0.68;0.04;0.0823;0.0632;1
212;212;Agent_3;orders came from the seed rule base (rules as-is);0;0;R20[0.06] R26[0.12];0.12;0.15;0.00;0.00;0.00;0.00;0.72;0.04;0.0823;0.0632;1
213;213;Agent_1;orders came from the seed rule base (rules as-is);0;0;R20[0.04] R26[0.09];0.09;0.11;0.00;0.00;0.00;0.00;0.73;0.04;0.0824;0.0633;1
213;213;Agent_2;orders came from the seed rule base (rules as-is);0;0;R20[0.08] R26[0.02];0.02;0.10;0.00;0.00;0.00;0.00;0.68;0.04;0.0824;0.0633;1
213;213;Agent_3;orders came from the seed rule base (rules as-is);0;0;R20[0.06] R26[0.12];0.12;0.15;0.00;0.00;0.00;0.00;0.72;0.04;0.0824;0.0633;1
214;214;Agent_1;orders came from the seed rule base (rules as-is);0;0;R20[0.04] R26[0.08];0.08;0.11;0.00;0.00;0.00;0.00;0.72;0.04;0.0825;0.0634;1
214;214;Agent_2;orders came from the seed rule base (rules as-is);0;0;R20[0.08] R26[0.02];0.02;0.10;0.00;0.00;0.00;0.00;0.68;0.04;0.0825;0.0634;1
214;214;Agent_3;orders came from the seed rule base (rules as-is);0;0;R20[0.06] R26[0.12];0.12;0.15;0.00;0.00;0.00;0.00;0.72;0.04;0.0825;0.0634;1
215;215;Agent_1;orders came from the seed rule base (rules as-is);0;0;R20[0.04] R26[0.08];0.08;0.11;0.00;0.00;0.00;0.00;0.72;0.04;0.0826;0.0635;1
215;215;Agent_2;orders came from the seed rule base (rules as-is);0;0;R20[0.08] R26[0.02];0.02;0.10;0.00;0.00;0.00;0.00;0.68;0.04;0.0826;0.0635;1
215;215;Agent_3;orders came from the seed rule base (rules as-is);0;0;R20[0.06] R26[0.11];0.11;0.15;0.00;0.00;0.00;0.00;0.72;0.04;0.0826;0.0635;1
216;216;Agent_1;orders came from the seed rule base (rules as-is);0;0;R20[0.04] R26[0.08];0.08;0.11;0.00;0.00;0.00;0.00;0.72;0.04;0.0822;0.0630;1
216;216;Agent_2;orders came from the seed rule base (rules as-is);0;0;R20[0.08] R26[0.02];0.02;0.10;0.00;0.00;0.00;0.00;0.68;0.04;0.0822;0.0630;1
216;216;Agent_3;orders came from the seed rule base (rules as-is);0;0;R20[0.06] R26[0.11];0.11;0.15;0.00;0.00;0.00;0.00;0.72;0.04;0.0822;0.0630;1
217;217;Agent_1;orders came from the seed rule base (rules as-is);0;0;R20[0.04] R26[0.08];0.08;0.11;0.00;0.00;0.00;0.00;0.72;0.04;0.0823;0.0631;1
217;217;Agent_2;orders came from the seed rule base (rules as-is);0;0;R20[0.08] R26[0.02];0.02;0.10;0.00;0.00;0.00;0.00;0.68;0.04;0.0823;0.0631;1
217;217;Agent_3;orders came from the seed rule base (rules as-is);0;0;R20[0.06] R26[0.11];0.11;0.15;0.00;0.00;0.00;0.00;0.72;0.04;0.0823;0.0631;1
218;218;Agent_1;orders came from the seed rule base (rules as-is);0;0;R20[0.04] R26[0.08];0.08;0.10;0.00;0.00;0.00;0.00;0.72;0.04;0.0823;0.0632;1
218;218;Agent_2;orders came from the seed rule base (rules as-is);0;0;R20[0.08] R26[0.02];0.02;0.10;0.00;0.00;0.00;0.00;0.68;0.04;0.0823;0.0632;1
218;218;Agent_3;orders came from the seed rule base (rules as-is);0;0;R20[0.06] R26[0.11];0.11;0.15;0.00;0.00;0.00;0.00;0.72;0.04;0.0823;0.0632;1
219;219;Agent_1;orders came from the seed rule base (rules as-is);0;0;R20[0.04] R26[0.08];0.08;0.10;0.00;0.00;0.00;0.00;0.72;0.04;0.0824;0.0633;1
219;219;Agent_2;orders came from the seed rule base (rules as-is);0;0;R20[0.08] R26[0.02];0.02;0.10;0.00;0.00;0.00;0.00;0.68;0.04;0.0824;0.0633;1
219;219;Agent_3;orders came from the seed rule base (rules as-is);0;0;R20[0.06] R26[0.11];0.11;0.15;0.00;0.00;0.00;0.00;0.72;0.04;0.0824;0.0633;1
220;220;Agent_1;orders came from the seed rule base (rules as-is);0;0;R20[0.04] R26[0.08];0.08;0.10;0.00;0.00;0.00;0.00;0.72;0.04;0.0825;0.0634;1
220;220;Agent_2;orders came from the seed rule base (rules as-is);0;0;R20[0.08] R26[0.02];0.02;0.10;0.00;0.00;0.00;0.00;0.68;0.04;0.0825;0.0634;1
220;220;Agent_3;orders came from the seed rule base (rules as-is);0;0;R20[0.06] R26[0.11];0.11;0.15;0.00;0.00;0.00;0.00;0.72;0.04;0.0825;0.0634;1
221;221;Agent_1;orders came from the seed rule base (rules as-is);0;0;R20[0.04] R26[0.07];0.07;0.10;0.00;0.00;0.00;0.00;0.72;0.04;0.0826;0.0634;1
221;221;Agent_2;orders came from the seed rule base (rules as-is);0;0;R20[0.08] R26[0.02];0.02;0.10;0.00;0.00;0.00;0.00;0.68;0.04;0.0826;0.0634;1
221;221;Agent_3;orders came from the seed rule base (rules as-is);0;0;R20[0.06] R26[0.11];0.11;0.15;0.00;0.00;0.00;0.00;0.72;0.04;0.0826;0.0634;1
222;222;Agent_1;orders came from the seed rule base (rules as-is);0;0;R20[0.04] R26[0.07];0.07;0.10;0.00;0.00;0.00;0.00;0.72;0.04;0.0827;0.0635;1
222;222;Agent_2;orders came from the seed rule base (rules as-is);0;0;R20[0.08] R26[0.02];0.02;0.09;0.00;0.00;0.00;0.00;0.68;0.04;0.0827;0.0635;1
222;222;Agent_3;orders came from the seed rule base (rules as-is);0;0;R20[0.06] R26[0.11];0.11;0.15;0.00;0.00;0.00;0.00;0.72;0.04;0.0827;0.0635;1
223;223;Agent_1;orders came from the seed rule base (rules as-is);0;0;R20[0.04] R26[0.07];0.07;0.10;0.00;0.00;0.00;0.00;0.72;0.04;0.0828;0.0636;1
223;223;Agent_2;orders came from the seed rule base (rules as-is);0;0;R20[0.08] R26[0.02];0.02;0.09;0.00;0.00;0.00;0.00;0.68;0.04;0.0828;0.0636;1
223;223;Agent_3;orders came from the seed rule base (rules as-is);0;0;R20[0.06] R26[0.11];0.11;0.14;0.00;0.00;0.00;0.00;0.72;0.04;0.0828;0.0636;1
224;224;Agent_1;orders came from the seed rule base (rules as-is);0;0;R20[0.04] R26[0.07];0.07;0.10;0.00;0.00;0.00;0.00;0.72;0.04;0.0829;0.0637;1
224;224;Agent_2;orders came from the seed rule base (rules as-is);0;0;R20[0.08] R26[0.02];0.02;0.09;0.00;0.00;0.00;0.00;0.68;0.04;0.0829;0.0637;1
224;224;Agent_3;orders came from the seed rule base (rules as-is);0;0;R20[0.06] R26[0.11];0.11;0.14;0.00;0.00;0.00;0.00;0.72;0.04;0.0829;0.0637;1
225;225;Agent_1;orders came from the seed rule base (rules as-is);0;0;R20[0.04] R26[0.07];0.07;0.09;0.00;0.00;0.00;0.00;0.72;0.04;0.0830;0.0638;1
225;225;Agent_2;orders came from the seed rule base (rules as-is);0;0;R20[0.08] R26[0.02];0.02;0.09;0.00;0.00;0.00;0.00;0.68;0.04;0.0830;0.0638;1
225;225;Agent_3;orders came from the seed rule base (rules as-is);0;0;R20[0.06] R26[0.11];0.11;0.14;0.00;0.00;0.00;0.00;0.72;0.04;0.0830;0.0638;1
226;226;Agent_1;orders came from the seed rule base (rules as-is);0;0;R20[0.04] R26[0.07];0.07;0.09;0.00;0.00;0.00;0.00;0.72;0.04;0.0831;0.0639;1
226;226;Agent_2;orders came from the seed rule base (rules as-is);0;0;R20[0.08] R26[0.02];0.02;0.09;0.00;0.00;0.00;0.00;0.68;0.04;0.0831;0.0639;1
226;226;Agent_3;orders came from the seed rule base (rules as-is);0;0;R20[0.06] R26[0.11];0.11;0.14;0.00;0.00;0.00;0.00;0.72;0.04;0.0831;0.0639;1
227;227;Agent_1;orders came from the seed rule base (rules as-is);0;0;R20[0.04] R26[0.07];0.07;0.09;0.00;0.00;0.00;0.00;0.72;0.04;0.0832;0.0639;1
227;227;Agent_2;orders came from the seed rule base (rules as-is);0;0;R20[0.08] R26[0.02];0.02;0.09;0.00;0.00;0.00;0.00;0.68;0.04;0.0832;0.0639;1
227;227;Agent_3;orders came from the seed rule base (rules as-is);0;0;R20[0.06] R26[0.11];0.11;0.14;0.00;0.00;0.00;0.00;0.72;0.04;0.0832;0.0639;1
228;228;Agent_1;orders came from the seed rule base (rules as-is);0;0;R20[0.03] R26[0.07];0.07;0.09;0.00;0.00;0.00;0.00;0.72;0.04;0.0833;0.0640;1
228;228;Agent_2;orders came from the seed rule base (rules as-is);0;0;R20[0.08] R26[0.02];0.02;0.09;0.00;0.00;0.00;0.00;0.68;0.04;0.0833;0.0640;1
228;228;Agent_3;orders came from the seed rule base (rules as-is);0;0;R20[0.06] R26[0.11];0.11;0.14;0.00;0.00;0.00;0.00;0.72;0.04;0.0833;0.0640;1
229;229;Agent_1;orders came from the seed rule base (rules as-is);0;0;R20[0.03] R26[0.07];0.07;0.09;0.00;0.00;0.00;0.00;0.72;0.04;0.0834;0.0641;1
229;229;Agent_2;orders came from the seed rule base (rules as-is);0;0;R20[0.08] R26[0.02];0.02;0.09;0.00;0.00;0.00;0.00;0.68;0.04;0.0834;0.0641;1
229;229;Agent_3;orders came from the seed rule base (rules as-is);0;0;R20[0.06] R26[0.11];0.11;0.14;0.00;0.00;0.00;0.00;0.72;0.04;0.0834;0.0641;1
230;230;Agent_1;orders came from the seed rule base (rules as-is);0;0;R20[0.03] R26[0.06];0.06;0.09;0.00;0.00;0.00;0.00;0.72;0.04;0.0834;0.0642;1
230;230;Agent_2;orders came from the seed rule base (rules as-is);0;0;R20[0.08] R26[0.02];0.02;0.09;0.00;0.00;0.00;0.00;0.68;0.04;0.0834;0.0642;1
230;230;Agent_3;orders came from the seed rule base (rules as-is);0;0;R20[0.05] R26[0.11];0.11;0.14;0.00;0.00;0.00;0.00;0.72;0.04;0.0834;0.0642;1
231;231;Agent_1;orders came from the seed rule base (rules as-is);0;0;R20[0.03] R26[0.06];0.06;0.08;0.00;0.00;0.00;0.00;0.72;0.04;0.0835;0.0643;1
231;231;Agent_2;orders came from the seed rule base (rules as-is);0;0;R20[0.08] R26[0.02];0.02;0.09;0.00;0.00;0.00;0.00;0.68;0.04;0.0835;0.0643;1
231;231;Agent_3;orders came from the seed rule base (rules as-is);0;0;R20[0.05] R26[0.10];0.10;0.14;0.00;0.00;0.00;0.00;0.72;0.04;0.0835;0.0643;1
232;232;Agent_1;orders came from the seed rule base (rules as-is);0;0;R20[0.03] R26[0.06];0.06;0.08;0.00;0.00;0.00;0.00;0.72;0.04;0.0836;0.0644;1
232;232;Agent_2;orders came from the seed rule base (rules as-is);0;0;R20[0.08] R26[0.02];0.02;0.09;0.00;0.00;0.00;0.00;0.68;0.04;0.0836;0.0644;1
232;232;Agent_3;orders came from the seed rule base (rules as-is);0;0;R20[0.05] R26[0.10];0.10;0.14;0.00;0.00;0.00;0.00;0.72;0.04;0.0836;0.0644;1
233;233;Agent_1;orders came from the seed rule base (rules as-is);0;0;R20[0.03] R26[0.06];0.06;0.08;0.00;0.00;0.00;0.00;0.72;0.04;0.0837;0.0644;1
233;233;Agent_2;orders came from the seed rule base (rules as-is);0;0;R20[0.08] R26[0.02];0.02;0.09;0.00;0.00;0.00;0.00;0.68;0.04;0.0837;0.0644;1
233;233;Agent_3;orders came from the seed rule base (rules as-is);0;0;R20[0.05] R26[0.10];0.10;0.14;0.00;0.00;0.00;0.00;0.72;0.04;0.0837;0.0644;1
234;234;Agent_1;orders came from the seed rule base (rules as-is);0;0;R20[0.03] R26[0.06];0.06;0.08;0.00;0.00;0.00;0.00;0.72;0.04;0.0843;0.0650;1
234;234;Agent_2;orders came from the seed rule base (rules as-is);0;0;R20[0.08] R26[0.02];0.02;0.09;0.00;0.00;0.00;0.00;0.68;0.04;0.0843;0.0650;1
234;234;Agent_3;orders came from the seed rule base (rules as-is);0;0;R20[0.05] R26[0.10];0.10;0.14;0.00;0.00;0.00;0.00;0.72;0.04;0.0843;0.0650;1
235;235;Agent_1;orders came from the seed rule base (rules as-is);0;0;R20[0.03] R26[0.06];0.06;0.08;0.00;0.00;0.00;0.00;0.72;0.04;0.0844;0.0651;1
235;235;Agent_2;orders came from the seed rule base (rules as-is);0;0;R20[0.07] R26[0.02];0.02;0.09;0.00;0.00;0.00;0.00;0.68;0.04;0.0844;0.0651;1
235;235;Agent_3;orders came from the seed rule base (rules as-is);0;0;R20[0.05] R26[0.10];0.10;0.14;0.00;0.00;0.00;0.00;0.72;0.04;0.0844;0.0651;1
236;236;Agent_1;orders came from the seed rule base (rules as-is);0;0;R20[0.03] R26[0.06];0.06;0.08;0.00;0.00;0.00;0.00;0.72;0.04;0.0845;0.0652;1
236;236;Agent_2;orders came from the seed rule base (rules as-is);0;0;R20[0.07] R26[0.02];0.02;0.09;0.00;0.00;0.00;0.00;0.68;0.04;0.0845;0.0652;1
236;236;Agent_3;orders came from the seed rule base (rules as-is);0;0;R20[0.05] R26[0.10];0.10;0.13;0.00;0.00;0.00;0.00;0.72;0.04;0.0845;0.0652;1
237;237;Agent_1;orders came from the seed rule base (rules as-is);0;0;R20[0.03] R26[0.06];0.06;0.08;0.00;0.00;0.00;0.00;0.72;0.04;0.0846;0.0653;1
237;237;Agent_2;orders came from the seed rule base (rules as-is);0;0;R20[0.07] R26[0.02];0.02;0.09;0.00;0.00;0.00;0.00;0.68;0.04;0.0846;0.0653;1
237;237;Agent_3;orders came from the seed rule base (rules as-is);0;0;R20[0.05] R26[0.10];0.10;0.13;0.00;0.00;0.00;0.00;0.72;0.04;0.0846;0.0653;1
238;238;Agent_1;orders came from the seed rule base (rules as-is);0;0;R20[0.03] R26[0.06];0.06;0.08;0.00;0.00;0.00;0.00;0.72;0.04;0.0847;0.0654;1
238;238;Agent_2;orders came from the seed rule base (rules as-is);0;0;R20[0.07] R26[0.02];0.02;0.09;0.00;0.00;0.00;0.00;0.68;0.04;0.0847;0.0654;1
238;238;Agent_3;orders came from the seed rule base (rules as-is);0;0;R20[0.05] R26[0.10];0.10;0.13;0.00;0.00;0.00;0.00;0.73;0.04;0.0847;0.0654;1
239;239;Agent_1;orders came from the seed rule base (rules as-is);0;0;R20[0.03] R26[0.06];0.06;0.07;0.00;0.00;0.00;0.00;0.72;0.04;0.0853;0.0660;1
239;239;Agent_2;orders came from the seed rule base (rules as-is);0;0;R20[0.07] R26[0.02];0.02;0.09;0.00;0.00;0.00;0.00;0.68;0.04;0.0853;0.0660;1
239;239;Agent_3;orders came from the seed rule base (rules as-is);0;0;R20[0.05] R26[0.10];0.10;0.13;0.00;0.00;0.00;0.00;0.73;0.04;0.0853;0.0660;1
240;240;Agent_1;orders came from the seed rule base (rules as-is);0;0;R20[0.03] R26[0.05];0.05;0.07;0.00;0.00;0.00;0.00;0.72;0.04;0.0854;0.0661;1
240;240;Agent_2;orders came from the seed rule base (rules as-is);0;0;R20[0.07] R26[0.02];0.02;0.09;0.00;0.00;0.00;0.00;0.68;0.04;0.0854;0.0661;1
240;240;Agent_3;orders came from the seed rule base (rules as-is);0;0;R20[0.05] R26[0.10];0.10;0.13;0.00;0.00;0.00;0.00;0.73;0.04;0.0854;0.0661;1
241;241;Agent_1;orders came from the seed rule base (rules as-is);0;0;R20[0.03] R26[0.05];0.05;0.07;0.00;0.00;0.00;0.00;0.72;0.03;0.0855;0.0661;1
241;241;Agent_2;orders came from the seed rule base (rules as-is);0;0;R20[0.07] R26[0.02];0.02;0.09;0.00;0.00;0.00;0.00;0.68;0.03;0.0855;0.0661;1
241;241;Agent_3;orders came from the seed rule base (rules as-is);0;0;R20[0.05] R26[0.10];0.10;0.13;0.00;0.00;0.00;0.00;0.73;0.03;0.0855;0.0661;1
242;242;Agent_1;orders came from the seed rule base (rules as-is);0;0;R20[0.03] R26[0.05];0.05;0.07;0.00;0.00;0.00;0.00;0.72;0.03;0.0856;0.0662;1
242;242;Agent_2;orders came from the seed rule base (rules as-is);0;0;R20[0.07] R26[0.02];0.02;0.08;0.00;0.00;0.00;0.00;0.68;0.03;0.0856;0.0662;1
242;242;Agent_3;orders came from the seed rule base (rules as-is);0;0;R20[0.05] R26[0.10];0.10;0.13;0.00;0.00;0.00;0.00;0.73;0.03;0.0856;0.0662;1
243;243;Agent_1;orders came from the seed rule base (rules as-is);0;0;R20[0.03] R26[0.05];0.05;0.07;0.00;0.00;0.00;0.00;0.72;0.03;0.0857;0.0663;1
243;243;Agent_2;orders came from the seed rule base (rules as-is);0;0;R20[0.07] R26[0.02];0.02;0.08;0.00;0.00;0.00;0.00;0.68;0.03;0.0857;0.0663;1
243;243;Agent_3;orders came from the seed rule base (rules as-is);0;0;R20[0.05] R26[0.10];0.10;0.13;0.00;0.00;0.00;0.00;0.73;0.03;0.0857;0.0663;1
244;244;Agent_1;orders came from the seed rule base (rules as-is);0;0;R20[0.03] R26[0.05];0.05;0.07;0.00;0.00;0.00;0.00;0.72;0.03;0.0857;0.0664;1
244;244;Agent_2;orders came from the seed rule base (rules as-is);0;0;R20[0.07] R26[0.02];0.02;0.08;0.00;0.00;0.00;0.00;0.68;0.03;0.0857;0.0664;1
244;244;Agent_3;orders came from the seed rule base (rules as-is);0;0;R20[0.05] R26[0.10];0.10;0.13;0.00;0.00;0.00;0.00;0.73;0.03;0.0857;0.0664;1
245;245;Agent_1;orders came from the seed rule base (rules as-is);0;0;R20[0.03] R26[0.05];0.00;0.00;0.00;0.00;0.00;0.00;0.69;0.03;0.0875;0.0665;1
245;245;Agent_2;orders came from the seed rule base (rules as-is);0;0;R20[0.07] R26[0.02];0.02;0.08;0.00;0.00;0.00;0.00;0.68;0.03;0.0875;0.0665;1
245;245;Agent_3;orders came from the seed rule base (rules as-is);0;0;R20[0.05] R26[0.10];0.10;0.13;0.00;0.00;0.00;0.00;0.73;0.03;0.0875;0.0665;1
246;246;Agent_1;orders came from the seed rule base (rules as-is);0;0;R20[0.03] R26[0.05];0.00;0.00;0.00;0.00;0.00;0.00;0.69;0.03;0.0870;0.0660;1
246;246;Agent_2;orders came from the seed rule base (rules as-is);0;0;R20[0.07] R26[0.02];0.02;0.08;0.00;0.00;0.00;0.00;0.68;0.03;0.0870;0.0660;1
246;246;Agent_3;orders came from the seed rule base (rules as-is);0;0;R20[0.05] R26[0.10];0.10;0.13;0.00;0.00;0.00;0.00;0.73;0.03;0.0870;0.0660;1
247;247;Agent_1;orders came from the seed rule base (rules as-is);0;0;R20[0.03] R26[0.05];0.00;0.00;0.00;0.00;0.00;0.00;0.69;0.03;0.0871;0.0660;1
247;247;Agent_2;orders came from the seed rule base (rules as-is);0;0;R20[0.07] R26[0.02];0.02;0.08;0.00;0.00;0.00;0.00;0.68;0.03;0.0871;0.0660;1
247;247;Agent_3;orders came from the seed rule base (rules as-is);0;0;R20[0.05] R26[0.10];0.10;0.13;0.00;0.00;0.00;0.00;0.73;0.03;0.0871;0.0660;1
248;248;Agent_1;orders came from the seed rule base (rules as-is);0;0;R20[0.03] R26[0.05];0.00;0.00;0.00;0.00;0.00;0.00;0.69;0.03;0.0871;0.0661;1
248;248;Agent_2;orders came from the seed rule base (rules as-is);0;0;R20[0.07] R26[0.02];0.02;0.08;0.00;0.00;0.00;0.00;0.68;0.03;0.0871;0.0661;1
248;248;Agent_3;orders came from the seed rule base (rules as-is);0;0;R20[0.05] R26[0.10];0.10;0.13;0.00;0.00;0.00;0.00;0.73;0.03;0.0871;0.0661;1
249;249;Agent_1;orders came from the seed rule base (rules as-is);0;0;R20[0.03] R26[0.05];0.00;0.00;0.00;0.00;0.00;0.00;0.69;0.03;0.0872;0.0661;1
249;249;Agent_2;orders came from the seed rule base (rules as-is);0;0;R20[0.07] R26[0.02];0.02;0.08;0.00;0.00;0.00;0.00;0.68;0.03;0.0872;0.0661;1
249;249;Agent_3;orders came from the seed rule base (rules as-is);0;0;R20[0.05] R26[0.09];0.09;0.12;0.00;0.00;0.00;0.00;0.73;0.03;0.0872;0.0661;1
250;250;Agent_1;orders came from the seed rule base (rules as-is);0;0;R20[0.03] R26[0.05];0.00;0.00;0.00;0.00;0.00;0.00;0.69;0.03;0.0872;0.0662;1
250;250;Agent_2;orders came from the seed rule base (rules as-is);0;0;R20[0.07] R26[0.02];0.02;0.08;0.00;0.00;0.00;0.00;0.68;0.03;0.0872;0.0662;1
250;250;Agent_3;orders came from the seed rule base (rules as-is);0;0;R20[0.05] R26[0.09];0.09;0.12;0.00;0.00;0.00;0.00;0.73;0.03;0.0872;0.0662;1
251;251;Agent_1;orders came from the seed rule base (rules as-is);0;0;R20[0.03] R26[0.05];0.00;0.00;0.00;0.00;0.00;0.00;0.69;0.03;0.0873;0.0662;1
251;251;Agent_2;orders came from the seed rule base (rules as-is);0;0;R20[0.07] R26[0.02];0.02;0.08;0.00;0.00;0.00;0.00;0.68;0.03;0.0873;0.0662;1
251;251;Agent_3;orders came from the seed rule base (rules as-is);0;0;R20[0.05] R26[0.09];0.09;0.12;0.00;0.00;0.00;0.00;0.73;0.03;0.0873;0.0662;1
252;252;Agent_1;orders came from the seed rule base (rules as-is);0;0;R20[0.02] R26[0.04];0.00;0.00;0.00;0.00;0.00;0.00;0.69;0.03;0.0873;0.0663;1
252;252;Agent_2;orders came from the seed rule base (rules as-is);0;0;R20[0.07] R26[0.02];0.02;0.08;0.00;0.00;0.00;0.00;0.68;0.03;0.0873;0.0663;1
252;252;Agent_3;orders came from the seed rule base (rules as-is);0;0;R20[0.05] R26[0.09];0.09;0.12;0.00;0.00;0.00;0.00;0.73;0.03;0.0873;0.0663;1
253;253;Agent_1;orders came from the seed rule base (rules as-is);0;0;R20[0.02] R26[0.04];0.00;0.00;0.00;0.00;0.00;0.00;0.69;0.03;0.0874;0.0663;1
253;253;Agent_2;orders came from the seed rule base (rules as-is);0;0;R20[0.07] R26[0.02];0.02;0.08;0.00;0.00;0.00;0.00;0.68;0.03;0.0874;0.0663;1
253;253;Agent_3;orders came from the seed rule base (rules as-is);0;0;R20[0.05] R26[0.09];0.09;0.12;0.00;0.00;0.00;0.00;0.73;0.03;0.0874;0.0663;1
254;254;Agent_1;orders came from the seed rule base (rules as-is);0;0;R20[0.02] R26[0.04];0.00;0.00;0.00;0.00;0.00;0.00;0.70;0.03;0.0874;0.0664;1
254;254;Agent_2;orders came from the seed rule base (rules as-is);0;0;R20[0.07] R26[0.02];0.02;0.08;0.00;0.00;0.00;0.00;0.68;0.03;0.0874;0.0664;1
254;254;Agent_3;orders came from the seed rule base (rules as-is);0;0;R20[0.05] R26[0.09];0.09;0.12;0.00;0.00;0.00;0.00;0.73;0.03;0.0874;0.0664;1
255;255;Agent_1;orders came from the seed rule base (rules as-is);0;0;R20[0.02] R26[0.04];0.00;0.00;0.00;0.00;0.00;0.00;0.70;0.03;0.0875;0.0664;1
255;255;Agent_2;orders came from the seed rule base (rules as-is);0;0;R20[0.07] R26[0.02];0.02;0.08;0.00;0.00;0.00;0.00;0.68;0.03;0.0875;0.0664;1
255;255;Agent_3;orders came from the seed rule base (rules as-is);0;0;R20[0.05] R26[0.09];0.09;0.12;0.00;0.00;0.00;0.00;0.73;0.03;0.0875;0.0664;1
256;256;Agent_1;orders came from the seed rule base (rules as-is);0;0;R20[0.02] R26[0.04];0.00;0.00;0.00;0.00;0.00;0.00;0.70;0.03;0.0875;0.0664;1
256;256;Agent_2;orders came from the seed rule base (rules as-is);0;0;R20[0.07] R26[0.02];0.02;0.08;0.00;0.00;0.00;0.00;0.68;0.03;0.0875;0.0664;1
256;256;Agent_3;orders came from the seed rule base (rules as-is);0;0;R20[0.05] R26[0.09];0.09;0.12;0.00;0.00;0.00;0.00;0.73;0.03;0.0875;0.0664;1
257;257;Agent_1;orders came from the seed rule base (rules as-is);0;0;R20[0.02] R26[0.04];0.00;0.00;0.00;0.00;0.00;0.00;0.70;0.03;0.0876;0.0665;1
257;257;Agent_2;orders came from the seed rule base (rules as-is);0;0;R20[0.07] R26[0.02];0.02;0.08;0.00;0.00;0.00;0.00;0.68;0.03;0.0876;0.0665;1
257;257;Agent_3;orders came from the seed rule base (rules as-is);0;0;R20[0.05] R26[0.09];0.09;0.12;0.00;0.00;0.00;0.00;0.73;0.03;0.0876;0.0665;1
258;258;Agent_1;orders came from the seed rule base (rules as-is);0;0;R20[0.02] R26[0.04];0.00;0.00;0.00;0.00;0.00;0.00;0.70;0.03;0.0876;0.0665;1
258;258;Agent_2;orders came from the seed rule base (rules as-is);0;0;R20[0.07] R26[0.01];0.01;0.08;0.00;0.00;0.00;0.00;0.68;0.03;0.0876;0.0665;1
258;258;Agent_3;orders came from the seed rule base (rules as-is);0;0;R20[0.05] R26[0.09];0.09;0.12;0.00;0.00;0.00;0.00;0.73;0.03;0.0876;0.0665;1
259;259;Agent_1;orders came from the seed rule base (rules as-is);0;0;R20[0.02] R26[0.04];0.00;0.00;0.00;0.00;0.00;0.00;0.70;0.03;0.0877;0.0666;1
259;259;Agent_2;orders came from the seed rule base (rules as-is);0;0;R20[0.07] R26[0.01];0.01;0.08;0.00;0.00;0.00;0.00;0.68;0.03;0.0877;0.0666;1
259;259;Agent_3;orders came from the seed rule base (rules as-is);0;0;R20[0.05] R26[0.09];0.09;0.12;0.00;0.00;0.00;0.00;0.73;0.03;0.0877;0.0666;1
260;260;Agent_1;orders came from the seed rule base (rules as-is);0;0;R20[0.02] R26[0.04];0.00;0.00;0.00;0.00;0.00;0.00;0.70;0.03;0.0878;0.0666;1
260;260;Agent_2;orders came from the seed rule base (rules as-is);0;0;R20[0.06] R26[0.01];0.01;0.08;0.00;0.00;0.00;0.00;0.68;0.03;0.0878;0.0666;1
260;260;Agent_3;orders came from the seed rule base (rules as-is);0;0;R20[0.05] R26[0.09];0.09;0.11;0.00;0.00;0.00;0.00;0.73;0.03;0.0878;0.0666;1
261;261;Agent_1;orders came from the seed rule base (rules as-is);0;0;R20[0.02] R26[0.04];0.00;0.00;0.00;0.00;0.00;0.00;0.70;0.03;0.0878;0.0667;1
261;261;Agent_2;orders came from the seed rule base (rules as-is);0;0;R20[0.06] R26[0.01];0.01;0.08;0.00;0.00;0.00;0.00;0.68;0.03;0.0878;0.0667;1
261;261;Agent_3;orders came from the seed rule base (rules as-is);0;0;R20[0.04] R26[0.09];0.09;0.11;0.00;0.00;0.00;0.00;0.73;0.03;0.0878;0.0667;1
262;262;Agent_1;orders came from the seed rule base (rules as-is);0;0;R20[0.02] R26[0.04];0.00;0.00;0.00;0.00;0.00;0.00;0.70;0.03;0.0879;0.0667;1
262;262;Agent_2;orders came from the seed rule base (rules as-is);0;0;R20[0.06] R26[0.01];0.01;0.08;0.00;0.00;0.00;0.00;0.68;0.03;0.0879;0.0667;1
262;262;Agent_3;orders came from the seed rule base (rules as-is);0;0;R20[0.04] R26[0.09];0.09;0.11;0.00;0.00;0.00;0.00;0.73;0.03;0.0879;0.0667;1
263;263;Agent_1;orders came from the seed rule base (rules as-is);0;0;R20[0.02] R26[0.04];0.00;0.00;0.00;0.00;0.00;0.00;0.70;0.03;0.0879;0.0667;1
263;263;Agent_2;orders came from the seed rule base (rules as-is);0;0;R20[0.06] R26[0.01];0.01;0.08;0.00;0.00;0.00;0.00;0.68;0.03;0.0879;0.0667;1
263;263;Agent_3;orders came from the seed rule base (rules as-is);0;0;R20[0.04] R26[0.09];0.09;0.11;0.00;0.00;0.00;0.00;0.73;0.03;0.0879;0.0667;1
264;264;Agent_1;orders came from the seed rule base (rules as-is);0;0;R20[0.02] R26[0.04];0.00;0.00;0.00;0.00;0.00;0.00;0.70;0.03;0.0880;0.0668;1
264;264;Agent_2;orders came from the seed rule base (rules as-is);0;0;R20[0.06] R26[0.01];0.01;0.07;0.00;0.00;0.00;0.00;0.68;0.03;0.0880;0.0668;1
264;264;Agent_3;orders came from the seed rule base (rules as-is);0;0;R20[0.04] R26[0.08];0.08;0.11;0.00;0.00;0.00;0.00;0.73;0.03;0.0880;0.0668;1
265;265;Agent_1;orders came from the seed rule base (rules as-is);0;0;R20[0.02] R26[0.03];0.00;0.00;0.00;0.00;0.00;0.00;0.70;0.03;0.0880;0.0668;1
265;265;Agent_2;orders came from the seed rule base (rules as-is);0;0;R20[0.06] R26[0.01];0.01;0.07;0.00;0.00;0.00;0.00;0.68;0.03;0.0880;0.0668;1
265;265;Agent_3;orders came from the seed rule base (rules as-is);0;0;R20[0.04] R26[0.08];0.08;0.11;0.00;0.00;0.00;0.00;0.73;0.03;0.0880;0.0668;1
266;266;Agent_1;orders came from the seed rule base (rules as-is);0;0;R20[0.02] R26[0.03];0.00;0.00;0.00;0.00;0.00;0.00;0.70;0.03;0.0881;0.0669;1
266;266;Agent_2;orders came from the seed rule base (rules as-is);0;0;R20[0.06] R26[0.01];0.01;0.07;0.00;0.00;0.00;0.00;0.68;0.03;0.0881;0.0669;1
266;266;Agent_3;orders came from the seed rule base (rules as-is);0;0;R20[0.04] R26[0.08];0.08;0.11;0.00;0.00;0.00;0.00;0.73;0.03;0.0881;0.0669;1
267;267;Agent_1;orders came from the seed rule base (rules as-is);0;0;R20[0.02] R26[0.03];0.00;0.00;0.00;0.00;0.00;0.00;0.70;0.03;0.0881;0.0669;1
267;267;Agent_2;orders came from the seed rule base (rules as-is);0;0;R20[0.06] R26[0.01];0.01;0.07;0.00;0.00;0.00;0.00;0.68;0.03;0.0881;0.0669;1
267;267;Agent_3;orders came from the seed rule base (rules as-is);0;0;R20[0.04] R26[0.08];0.08;0.11;0.00;0.00;0.00;0.00;0.73;0.03;0.0881;0.0669;1
268;268;Agent_1;orders came from the seed rule base (rules as-is);0;0;R20[0.02] R26[0.03];0.00;0.00;0.00;0.00;0.00;0.00;0.70;0.03;0.0882;0.0670;1
268;268;Agent_2;orders came from the seed rule base (rules as-is);0;0;R20[0.06] R26[0.01];0.01;0.07;0.00;0.00;0.00;0.00;0.69;0.03;0.0882;0.0670;1
268;268;Agent_3;orders came from the seed rule base (rules as-is);0;0;R20[0.04] R26[0.08];0.08;0.11;0.00;0.00;0.00;0.00;0.73;0.03;0.0882;0.0670;1
269;269;Agent_1;orders came from the seed rule base (rules as-is);0;0;R20[0.02] R26[0.03];0.00;0.00;0.00;0.00;0.00;0.00;0.70;0.03;0.0882;0.0670;1
269;269;Agent_2;orders came from the seed rule base (rules as-is);0;0;R20[0.06] R26[0.01];0.01;0.07;0.00;0.00;0.00;0.00;0.69;0.03;0.0882;0.0670;1
269;269;Agent_3;orders came from the seed rule base (rules as-is);0;0;R20[0.04] R26[0.08];0.08;0.11;0.00;0.00;0.00;0.00;0.73;0.03;0.0882;0.0670;1
270;270;Agent_1;orders came from the seed rule base (rules as-is);0;0;R20[0.02] R26[0.03];0.00;0.00;0.00;0.00;0.00;0.00;0.70;0.03;0.0883;0.0670;1
270;270;Agent_2;orders came from the seed rule base (rules as-is);0;0;R20[0.06] R26[0.01];0.01;0.07;0.00;0.00;0.00;0.00;0.69;0.03;0.0883;0.0670;1
270;270;Agent_3;orders came from the seed rule base (rules as-is);0;0;R20[0.04] R26[0.08];0.08;0.11;0.00;0.00;0.00;0.00;0.73;0.03;0.0883;0.0670;1
271;271;Agent_1;orders came from the seed rule base (rules as-is);0;0;R20[0.02] R26[0.03];0.00;0.00;0.00;0.00;0.00;0.00;0.70;0.03;0.0874;0.0671;1
271;271;Agent_2;orders came from the seed rule base (rules as-is);0;0;R20[0.06] R26[0.02];0.02;0.08;0.00;0.00;0.00;0.00;0.69;0.03;0.0874;0.0671;1
271;271;Agent_3;orders came from the seed rule base (rules as-is);0;0;R20[0.04] R26[0.08];0.08;0.11;0.00;0.00;0.00;0.00;0.73;0.03;0.0874;0.0671;1
272;272;Agent_1;orders came from the seed rule base (rules as-is);0;0;R20[0.02] R26[0.03];0.00;0.00;0.00;0.00;0.00;0.00;0.70;0.03;0.0874;0.0672;1
272;272;Agent_2;orders came from the seed rule base (rules as-is);0;0;R20[0.07] R26[0.03];0.03;0.09;0.00;0.00;0.00;0.00;0.69;0.03;0.0874;0.0672;1
272;272;Agent_3;orders came from the seed rule base (rules as-is);0;0;R20[0.04] R26[0.08];0.08;0.11;0.00;0.00;0.00;0.00;0.73;0.03;0.0874;0.0672;1
273;273;Agent_1;orders came from the seed rule base (rules as-is);0;0;R20[0.02] R26[0.03];0.00;0.00;0.00;0.00;0.00;0.00;0.70;0.03;0.0875;0.0672;1
273;273;Agent_2;orders came from the seed rule base (rules as-is);0;0;R20[0.07] R26[0.04];0.04;0.10;0.00;0.00;0.00;0.00;0.69;0.03;0.0875;0.0672;1
273;273;Agent_3;orders came from the seed rule base (rules as-is);0;0;R20[0.04] R26[0.08];0.08;0.11;0.00;0.00;0.00;0.00;0.73;0.03;0.0875;0.0672;1
274;274;Agent_1;orders came from the seed rule base (rules as-is);0;0;R20[0.02] R26[0.03];0.00;0.00;0.00;0.00;0.00;0.00;0.70;0.03;0.0875;0.0673;1
274;274;Agent_2;orders came from the seed rule base (rules as-is);0;0;R20[0.07] R26[0.04];0.04;0.10;0.00;0.00;0.00;0.00;0.69;0.03;0.0875;0.0673;1
274;274;Agent_3;orders came from the seed rule base (rules as-is);0;0;R20[0.04] R26[0.08];0.08;0.10;0.00;0.00;0.00;0.00;0.73;0.03;0.0875;0.0673;1
275;275;Agent_1;orders came from the seed rule base (rules as-is);0;0;R20[0.02] R26[0.02];0.00;0.00;0.00;0.00;0.00;0.00;0.70;0.03;0.0876;0.0674;1
275;275;Agent_2;orders came from the seed rule base (rules as-is);0;0;R20[0.07] R26[0.05];0.05;0.11;0.00;0.00;0.00;0.00;0.69;0.03;0.0876;0.0674;1
275;275;Agent_3;orders came from the seed rule base (rules as-is);0;0;R20[0.04] R26[0.08];0.08;0.10;0.00;0.00;0.00;0.00;0.73;0.03;0.0876;0.0674;1
276;276;Agent_1;orders came from the seed rule base (rules as-is);0;0;R20[0.02] R26[0.03];0.00;0.00;0.00;0.00;0.00;0.00;0.70;0.03;0.0876;0.0675;1
276;276;Agent_2;orders came from the seed rule base (rules as-is);0;0;R20[0.07] R26[0.05];0.05;0.11;0.00;0.00;0.00;0.00;0.69;0.03;0.0876;0.0675;1
276;276;Agent_3;orders came from the seed rule base (rules as-is);0;0;R20[0.04] R26[0.08];0.08;0.10;0.00;0.00;0.00;0.00;0.73;0.03;0.0876;0.0675;1
277;277;Agent_1;orders came from the seed rule base (rules as-is);0;0;R20[0.02] R26[0.03];0.00;0.00;0.00;0.00;0.00;0.00;0.70;0.03;0.0877;0.0675;1
277;277;Agent_2;orders came from the seed rule base (rules as-is);0;0;R20[0.07] R26[0.05];0.05;0.12;0.00;0.00;0.00;0.00;0.69;0.03;0.0877;0.0675;1
277;277;Agent_3;orders came from the seed rule base (rules as-is);0;0;R20[0.04] R26[0.08];0.08;0.10;0.00;0.00;0.00;0.00;0.73;0.03;0.0877;0.0675;1
278;278;Agent_1;orders came from the seed rule base (rules as-is);0;0;R20[0.02] R26[0.02];0.00;0.00;0.00;0.00;0.00;0.00;0.71;0.03;0.0878;0.0676;1
278;278;Agent_2;orders came from the seed rule base (rules as-is);0;0;R20[0.07] R26[0.06];0.06;0.12;0.00;0.00;0.00;0.00;0.69;0.03;0.0878;0.0676;1
278;278;Agent_3;orders came from the seed rule base (rules as-is);0;0;R20[0.04] R26[0.08];0.08;0.10;0.00;0.00;0.00;0.00;0.73;0.03;0.0878;0.0676;1
279;279;Agent_1;orders came from the seed rule base (rules as-is);0;0;R20[0.02] R26[0.02];0.00;0.00;0.00;0.00;0.00;0.00;0.71;0.03;0.0878;0.0677;1
279;279;Agent_2;orders came from the seed rule base (rules as-is);0;0;R20[0.08] R26[0.06];0.06;0.12;0.00;0.00;0.00;0.00;0.69;0.03;0.0878;0.0677;1
279;279;Agent_3;orders came from the seed rule base (rules as-is);0;0;R20[0.04] R26[0.08];0.08;0.10;0.00;0.00;0.00;0.00;0.73;0.03;0.0878;0.0677;1
280;280;Agent_1;orders came from the seed rule base (rules as-is);0;0;R20[0.02] R26[0.02];0.00;0.00;0.00;0.00;0.00;0.00;0.71;0.03;0.0879;0.0677;1
280;280;Agent_2;orders came from the seed rule base (rules as-is);0;0;R20[0.08] R26[0.06];0.06;0.12;0.00;0.00;0.00;0.00;0.69;0.03;0.0879;0.0677;1
280;280;Agent_3;orders came from the seed rule base (rules as-is);0;0;R20[0.04] R26[0.08];0.08;0.10;0.00;0.00;0.00;0.00;0.73;0.03;0.0879;0.0677;1
281;281;Agent_1;orders came from the seed rule base (rules as-is);0;0;R20[0.02] R26[0.02];0.00;0.00;0.00;0.00;0.00;0.00;0.71;0.03;0.0880;0.0678;1
281;281;Agent_2;orders came from the seed rule base (rules as-is);0;0;R20[0.08] R26[0.06];0.06;0.13;0.00;0.00;0.00;0.00;0.70;0.03;0.0880;0.0678;1
281;281;Agent_3;orders came from the seed rule base (rules as-is);0;0;R20[0.04] R26[0.08];0.08;0.10;0.00;0.00;0.00;0.00;0.73;0.03;0.0880;0.0678;1
282;282;Agent_1;orders came from the seed rule base (rules as-is);0;0;R20[0.02] R26[0.02];0.00;0.00;0.00;0.00;0.00;0.00;0.71;0.03;0.0880;0.0679;1
282;282;Agent_2;orders came from the seed rule base (rules as-is);0;0;R20[0.08] R26[0.06];0.06;0.13;0.00;0.00;0.00;0.00;0.70;0.03;0.0880;0.0679;1
282;282;Agent_3;orders came from the seed rule base (rules as-is);0;0;R20[0.04] R26[0.08];0.08;0.10;0.00;0.00;0.00;0.00;0.73;0.03;0.0880;0.0679;1
283;283;Agent_1;orders came from the seed rule base (rules as-is);0;0;R20[0.01] R26[0.02];0.00;0.00;0.00;0.00;0.00;0.00;0.71;0.03;0.0881;0.0680;1
283;283;Agent_2;orders came from the seed rule base (rules as-is);0;0;R20[0.08] R26[0.06];0.06;0.13;0.00;0.00;0.00;0.00;0.70;0.03;0.0881;0.0680;1
283;283;Agent_3;orders came from the seed rule base (rules as-is);0;0;R20[0.04] R26[0.08];0.08;0.10;0.00;0.00;0.00;0.00;0.73;0.03;0.0881;0.0680;1
284;284;Agent_1;orders came from the seed rule base (rules as-is);0;0;R20[0.01] R26[0.02];0.00;0.00;0.00;0.00;0.00;0.00;0.71;0.02;0.0882;0.0680;1
284;284;Agent_2;orders came from the seed rule base (rules as-is);0;0;R20[0.08] R26[0.07];0.07;0.13;0.00;0.00;0.00;0.00;0.70;0.02;0.0882;0.0680;1
284;284;Agent_3;orders came from the seed rule base (rules as-is);0;0;R20[0.04] R26[0.08];0.08;0.10;0.00;0.00;0.00;0.00;0.73;0.02;0.0882;0.0680;1
285;285;Agent_1;orders came from the seed rule base (rules as-is);0;0;R20[0.01] R26[0.02];0.00;0.00;0.00;0.00;0.00;0.00;0.71;0.02;0.0883;0.0681;1
285;285;Agent_2;orders came from the seed rule base (rules as-is);0;0;R20[0.08] R26[0.07];0.07;0.13;0.00;0.00;0.00;0.00;0.70;0.02;0.0883;0.0681;1
285;285;Agent_3;orders came from the seed rule base (rules as-is);0;0;R20[0.04] R26[0.07];0.07;0.10;0.00;0.00;0.00;0.00;0.73;0.02;0.0883;0.0681;1
286;286;Agent_1;orders came from the seed rule base (rules as-is);0;0;R20[0.01] R26[0.02];0.00;0.00;0.00;0.00;0.00;0.00;0.71;0.02;0.0883;0.0682;1
286;286;Agent_2;orders came from the seed rule base (rules as-is);0;0;R20[0.08] R26[0.07];0.07;0.13;0.00;0.00;0.00;0.00;0.70;0.02;0.0883;0.0682;1
286;286;Agent_3;orders came from the seed rule base (rules as-is);0;0;R20[0.04] R26[0.07];0.07;0.10;0.00;0.00;0.00;0.00;0.73;0.02;0.0883;0.0682;1
287;287;Agent_1;orders came from the seed rule base (rules as-is);0;0;R20[0.01] R26[0.02];0.00;0.00;0.00;0.00;0.00;0.00;0.71;0.02;0.0884;0.0683;1
287;287;Agent_2;orders came from the seed rule base (rules as-is);0;0;R20[0.08] R26[0.07];0.07;0.13;0.00;0.00;0.00;0.00;0.70;0.02;0.0884;0.0683;1
287;287;Agent_3;orders came from the seed rule base (rules as-is);0;0;R20[0.04] R26[0.07];0.07;0.10;0.00;0.00;0.00;0.00;0.73;0.02;0.0884;0.0683;1
288;288;Agent_1;orders came from the seed rule base (rules as-is);0;0;R20[0.01] R26[0.02];0.00;0.00;0.00;0.00;0.00;0.00;0.71;0.02;0.0885;0.0683;1
288;288;Agent_2;orders came from the seed rule base (rules as-is);0;0;R20[0.08] R26[0.07];0.07;0.13;0.00;0.00;0.00;0.00;0.70;0.02;0.0885;0.0683;1
288;288;Agent_3;orders came from the seed rule base (rules as-is);0;0;R20[0.04] R26[0.07];0.07;0.10;0.00;0.00;0.00;0.00;0.73;0.02;0.0885;0.0683;1
289;289;Agent_1;orders came from the seed rule base (rules as-is);0;0;R20[0.01] R26[0.02];0.00;0.00;0.00;0.00;0.00;0.00;0.71;0.02;0.0886;0.0684;1
289;289;Agent_2;orders came from the seed rule base (rules as-is);0;0;R20[0.08] R26[0.07];0.07;0.13;0.00;0.00;0.00;0.00;0.70;0.02;0.0886;0.0684;1
289;289;Agent_3;orders came from the seed rule base (rules as-is);0;0;R20[0.04] R26[0.07];0.07;0.10;0.00;0.00;0.00;0.00;0.73;0.02;0.0886;0.0684;1
290;290;Agent_1;orders came from the seed rule base (rules as-is);0;0;R20[0.01] R26[0.02];0.00;0.00;0.00;0.00;0.00;0.00;0.71;0.02;0.0886;0.0685;1
290;290;Agent_2;orders came from the seed rule base (rules as-is);0;0;R20[0.08] R26[0.07];0.07;0.13;0.00;0.00;0.00;0.00;0.70;0.02;0.0886;0.0685;1
290;290;Agent_3;orders came from the seed rule base (rules as-is);0;0;R20[0.04] R26[0.07];0.07;0.09;0.00;0.00;0.00;0.00;0.73;0.02;0.0886;0.0685;1
291;291;Agent_1;orders came from the seed rule base (rules as-is);0;0;R20[0.01] R26[0.02];0.00;0.00;0.00;0.00;0.00;0.00;0.71;0.02;0.0887;0.0686;1
291;291;Agent_2;orders came from the seed rule base (rules as-is);0;0;R20[0.08] R26[0.07];0.07;0.13;0.00;0.00;0.00;0.00;0.70;0.02;0.0887;0.0686;1
291;291;Agent_3;orders came from the seed rule base (rules as-is);0;0;R20[0.04] R26[0.07];0.07;0.09;0.00;0.00;0.00;0.00;0.73;0.02;0.0887;0.0686;1
292;292;Agent_1;orders came from the seed rule base (rules as-is);0;0;R20[0.01] R26[0.02];0.00;0.00;0.00;0.00;0.00;0.00;0.71;0.02;0.0888;0.0686;1
292;292;Agent_2;orders came from the seed rule base (rules as-is);0;0;R20[0.08] R26[0.07];0.07;0.13;0.00;0.00;0.00;0.00;0.70;0.02;0.0888;0.0686;1
292;292;Agent_3;orders came from the seed rule base (rules as-is);0;0;R20[0.04] R26[0.07];0.07;0.09;0.00;0.00;0.00;0.00;0.73;0.02;0.0888;0.0686;1
293;293;Agent_1;orders came from the seed rule base (rules as-is);0;0;R20[0.01] R26[0.02];0.00;0.00;0.00;0.00;0.00;0.00;0.71;0.02;0.0889;0.0687;1
293;293;Agent_2;orders came from the seed rule base (rules as-is);0;0;R20[0.08] R26[0.07];0.07;0.13;0.00;0.00;0.00;0.00;0.70;0.02;0.0889;0.0687;1
293;293;Agent_3;orders came from the seed rule base (rules as-is);0;0;R20[0.04] R26[0.07];0.07;0.09;0.00;0.00;0.00;0.00;0.73;0.02;0.0889;0.0687;1
294;294;Agent_1;orders came from the seed rule base (rules as-is);0;0;R20[0.01] R26[0.02];0.00;0.00;0.00;0.00;0.00;0.00;0.71;0.02;0.0890;0.0688;1
294;294;Agent_2;orders came from the seed rule base (rules as-is);0;0;R20[0.08] R26[0.07];0.07;0.13;0.00;0.00;0.00;0.00;0.70;0.02;0.0890;0.0688;1
294;294;Agent_3;orders came from the seed rule base (rules as-is);0;0;R20[0.04] R26[0.07];0.07;0.09;0.00;0.00;0.00;0.00;0.73;0.02;0.0890;0.0688;1
