step;t_min;region;story;stage_tried;stage_accepted;fired_rules;suppression;deployment;containment;protection;evacuation;warning;quality;gate_min;J_forecast;J_noaction;attended
0;0;Agent_1;RL selected stage 3 [GenAI] (deficit bucket: low) → ACCEPTED: G1: G1: IF asset exposure risk is VH AND intervention urgency is VL THEN asset protection 0.8, resource deployment 0.4 (adaptation-born: generative (template), gates G1-G4);3;3;R7[0.07] R20[0.19] G1[0.38];0.00;0.33;0.04;0.36;0.00;0.00;0.73;0.00;0.2898;0.2819;1
1;1;Agent_1;orders came from the seed rule base (rules as-is);0;0;R7[0.07] R20[0.17] G1[0.34];0.00;0.30;0.04;0.33;0.00;0.00;0.76;0.00;0.2941;0.2843;1
2;2;Agent_1;orders came from the seed rule base (rules as-is);0;0;R7[0.07] R20[0.16] G1[0.32];0.00;0.28;0.04;0.32;0.00;0.00;0.70;0.12;0.2958;0.2861;1
3;3;Agent_1;orders came from the seed rule base (rules as-is);0;0;R7[0.07] R20[0.17] R26[0.04] G1[0.25];0.04;0.30;0.04;0.26;0.00;0.00;0.62;0.12;0.3009;0.2878;1
4;4;Agent_1;orders came from the seed rule base (rules as-is);0;0;R7[0.07] R20[0.18] R26[0.08] G1[0.20];0.08;0.32;0.04;0.22;0.00;0.00;0.61;0.12;0.3027;0.2885;1
5;5;Agent_1;orders came from the seed rule base (rules as-is);0;0;R7[0.07] R20[0.19] R26[0.11] G1[0.16];0.11;0.34;0.04;0.19;0.00;0.00;0.60;0.12;0.3054;0.2902;1
6;6;Agent_1;orders came from the seed rule base (rules as-is);0;0;R7[0.07] R20[0.20] R26[0.13] G1[0.13];0.13;0.34;0.04;0.16;0.00;0.00;0.60;0.12;0.3059;0.2906;1
7;7;Agent_1;orders came from the seed rule base (rules as-is);0;0;R7[0.07] R20[0.20] R26[0.14] G1[0.10];0.14;0.35;0.04;0.14;0.00;0.00;0.59;0.12;0.3075;0.2914;1
8;8;Agent_1;orders came from the seed rule base (rules as-is);0;0;R7[0.07] R20[0.20] R26[0.16] G1[0.08];0.15;0.35;0.04;0.12;0.00;0.00;0.59;0.12;0.3082;0.2921;1
9;9;Agent_1;orders came from the seed rule base (rules as-is);0;0;R7[0.07] R20[0.21] R26[0.17] G1[0.06];0.16;0.36;0.04;0.11;0.00;0.00;0.59;0.12;0.3090;0.2926;1
10;10;Agent_1;RL selected stage 2 [resolution increase] (deficit bucket: mid) → ACCEPTED: A1: A1: IF asset exposure risk is VH AND suppression feasibility is VH THEN asset protection 0.9, evacuation 0.6 (adaptation-born: resolution increase (instantiated antecedent cell));2;2;R7[0.07] R20[0.21] R26[0.17] G1[0.05] A1[0.53];0.17;0.37;0.04;0.55;0.33;0.00;0.78;0.12;0.3060;0.2928;1
11;11;Agent_1;orders came from the seed rule base (rules as-is);0;0;R7[0.07] R20[0.21] R26[0.18] G1[0.04] A1[0.53];0.18;0.37;0.04;0.54;0.33;0.00;0.78;0.11;0.3066;0.2934;1
12;12;Agent_1;orders came from the seed rule base (rules as-is);0;0;R7[0.07] R20[0.21] R26[0.18] G1[0.03] A1[0.53];0.18;0.37;0.04;0.53;0.33;0.00;0.78;0.11;0.3073;0.2935;1
13;13;Agent_1;orders came from the seed rule base (rules as-is);0;0;R7[0.07] R20[0.21] R26[0.19] G1[0.03] A1[0.53];0.19;0.37;0.04;0.53;0.33;0.00;0.77;0.11;0.3082;0.2938;1
14;14;Agent_1;orders came from the seed rule base (rules as-is);0;0;R7[0.07] R20[0.21] R26[0.19] G1[0.02] A1[0.53];0.19;0.37;0.04;0.53;0.33;0.00;0.77;0.11;0.3081;0.2942;1
15;15;Agent_1;orders came from the seed rule base (rules as-is);0;0;R7[0.07] R20[0.21] R26[0.19] G1[0.02] A1[0.53];0.19;0.37;0.04;0.52;0.33;0.00;0.77;0.11;0.3086;0.2945;1
15;15;Agent_1;orders came from the seed rule base (rules as-is);0;0;R7[0.07] R20[0.21] R26[0.19] G1[0.02] A1[0.53];0.19;0.37;0.04;0.52;0.33;0.00;0.77;0.11;0.3086;0.2945;1
15;15;Agent_1;orders came from the seed rule base (rules as-is);0;0;R7[0.07] R20[0.21] R26[0.19] G1[0.02] A1[0.53];0.19;0.37;0.04;0.52;0.33;0.00;0.77;0.11;0.3086;0.2945;1
16;16;Agent_1;orders came from the seed rule base (rules as-is);0;0;R7[0.07] R20[0.21] R26[0.19] G1[0.01] A1[0.53];0.19;0.37;0.04;0.52;0.33;0.00;0.77;0.11;0.3091;0.2947;1
17;17;Agent_1;orders came from the seed rule base (rules as-is);0;0;R7[0.07] R20[0.21] R26[0.19] G1[0.01] A1[0.53];0.19;0.37;0.04;0.52;0.33;0.00;0.77;0.11;0.3093;0.2949;1
18;18;Agent_1;orders came from the seed rule base (rules as-is);0;0;R7[0.07] R20[0.21] R26[0.20] A1[0.53];0.20;0.37;0.04;0.52;0.33;0.00;0.76;0.11;0.3097;0.2950;1
19;19;Agent_1;orders came from the seed rule base (rules as-is);0;0;R7[0.07] R20[0.22] R26[0.20] A1[0.53];0.20;0.38;0.04;0.51;0.33;0.00;0.76;0.11;0.3099;0.2952;1
20;20;Agent_1;RL selected stage 2 [resolution increase] (deficit bucket: low) → rejected (cell already covered — an active rule sits on this antecedent cell; numeric tuning of an existing cell is stage ① evFIS's job | seed-base decision stands, its orders are applied);2;0;R7[0.07] R20[0.22] R26[0.20] A1[0.53];0.20;0.38;0.04;0.51;0.33;0.00;0.76;0.11;0.3100;0.2954;1
21;21;Agent_1;orders came from the seed rule base (rules as-is);0;0;R7[0.07] R20[0.23] R26[0.20] A1[0.53];0.20;0.39;0.04;0.51;0.33;0.00;0.76;0.11;0.3103;0.2956;1
22;22;Agent_1;orders came from the seed rule base (rules as-is);0;0;R7[0.07] R20[0.24] R26[0.20] A1[0.53];0.20;0.39;0.04;0.51;0.33;0.00;0.76;0.11;0.3102;0.2958;1
23;23;Agent_1;orders came from the seed rule base (rules as-is);0;0;R7[0.07] R20[0.25] R26[0.20] A1[0.53];0.20;0.40;0.04;0.51;0.33;0.00;0.75;0.10;0.3104;0.2960;1
24;24;Agent_1;orders came from the seed rule base (rules as-is);0;0;R7[0.07] R20[0.26] R26[0.19] A1[0.53];0.19;0.42;0.04;0.51;0.33;0.00;0.75;0.10;0.3106;0.2963;1
25;25;Agent_1;orders came from the seed rule base (rules as-is);0;0;R7[0.07] R20[0.27] R26[0.19] A1[0.53];0.19;0.43;0.04;0.51;0.33;0.00;0.75;0.10;0.3106;0.2966;1
26;26;Agent_1;orders came from the seed rule base (rules as-is);0;0;R7[0.07] R20[0.29] R26[0.19] A1[0.53];0.19;0.44;0.04;0.51;0.33;0.00;0.76;0.10;0.3108;0.2968;1
27;27;Agent_1;orders came from the seed rule base (rules as-is);0;0;R7[0.07] R20[0.30] R26[0.19] A1[0.53];0.19;0.45;0.04;0.51;0.33;0.00;0.76;0.10;0.3110;0.2971;1
28;28;Agent_1;orders came from the seed rule base (rules as-is);0;0;R7[0.07] R20[0.30] R26[0.19] A1[0.53];0.19;0.46;0.04;0.51;0.33;0.00;0.76;0.10;0.3114;0.2974;1
29;29;Agent_1;orders came from the seed rule base (rules as-is);0;0;R7[0.07] R20[0.31] R26[0.19] A1[0.53];0.19;0.46;0.04;0.51;0.33;0.00;0.76;0.10;0.3112;0.2977;1
30;30;Agent_1;RL selected stage 1 [evFIS] (deficit bucket: low) → ACCEPTED: A1 consequents -0.05;1;1;R7[0.07] R20[0.31] R26[0.19] A1[0.53];0.19;0.47;0.04;0.48;0.31;0.00;0.75;0.10;0.3113;0.2980;1
31;31;Agent_1;orders came from the seed rule base (rules as-is);0;0;R7[0.07] R20[0.32] R26[0.19] A1[0.53];0.19;0.47;0.04;0.48;0.31;0.00;0.75;0.10;0.3114;0.2983;1
32;32;Agent_1;orders came from the seed rule base (rules as-is);0;0;R7[0.07] R20[0.32] R26[0.19] A1[0.53];0.19;0.47;0.04;0.48;0.31;0.00;0.75;0.10;0.3114;0.2986;1
33;33;Agent_1;orders came from the seed rule base (rules as-is);0;0;R7[0.07] R20[0.32] R26[0.19] A1[0.53];0.19;0.47;0.04;0.48;0.31;0.00;0.75;0.10;0.3116;0.2989;1
34;34;Agent_1;orders came from the seed rule base (rules as-is);0;0;R7[0.07] R20[0.32] R26[0.19] A1[0.53];0.19;0.47;0.04;0.48;0.31;0.00;0.75;0.10;0.3117;0.2992;1
35;35;Agent_1;orders came from the seed rule base (rules as-is);0;0;R7[0.07] R20[0.32] R26[0.19] A1[0.53];0.19;0.47;0.04;0.48;0.31;0.00;0.75;0.10;0.3119;0.2995;1
36;36;Agent_1;orders came from the seed rule base (rules as-is);0;0;R7[0.07] R20[0.32] R26[0.19] A1[0.53];0.19;0.47;0.04;0.48;0.31;0.00;0.75;0.09;0.3121;0.2998;1
37;37;Agent_1;orders came from the seed rule base (rules as-is);0;0;R7[0.07] R20[0.32] R26[0.19] A1[0.53];0.19;0.47;0.04;0.48;0.31;0.00;0.75;0.09;0.3123;0.3001;1
38;38;Agent_1;orders came from the seed rule base (rules as-is);0;0;R7[0.07] R20[0.32] R26[0.19] A1[0.53];0.19;0.47;0.04;0.48;0.31;0.00;0.75;0.09;0.3126;0.3004;1
39;39;Agent_1;orders came from the seed rule base (rules as-is);0;0;R7[0.07] R20[0.32] R26[0.19] A1[0.53];0.19;0.47;0.04;0.48;0.31;0.00;0.75;0.09;0.3129;0.3007;1
40;40;Agent_1;RL selected stage 1 [evFIS] (deficit bucket: low) → rejected (no improving perturbation found | seed-base decision stands, its orders are applied);1;0;R7[0.07] R20[0.32] R26[0.18] A1[0.53];0.18;0.47;0.04;0.48;0.31;0.00;0.75;0.09;0.3131;0.3010;1
41;41;Agent_1;orders came from the seed rule base (rules as-is);0;0;R7[0.07] R20[0.32] R26[0.18] A1[0.53];0.18;0.47;0.04;0.48;0.31;0.00;0.75;0.09;0.3134;0.3013;1
42;42;Agent_1;orders came from the seed rule base (rules as-is);0;0;R7[0.07] R20[0.32] R26[0.18] A1[0.53];0.18;0.47;0.04;0.48;0.31;0.00;0.75;0.09;0.3137;0.3016;1
43;43;Agent_1;orders came from the seed rule base (rules as-is);0;0;R7[0.07] R20[0.32] R26[0.18] A1[0.53];0.18;0.46;0.04;0.48;0.31;0.00;0.75;0.09;0.3140;0.3019;1
44;44;Agent_1;orders came from the seed rule base (rules as-is);0;0;R7[0.07] R20[0.32] R26[0.18] A1[0.53];0.18;0.46;0.04;0.48;0.31;0.00;0.75;0.09;0.3143;0.3022;1
45;45;Agent_1;orders came from the seed rule base (rules as-is);0;0;R7[0.07] R20[0.32] R26[0.18] A1[0.53];0.18;0.46;0.04;0.48;0.31;0.00;0.75;0.09;0.3146;0.3025;1
46;46;Agent_1;orders came from the seed rule base (rules as-is);0;0;R7[0.07] R20[0.31] R26[0.18] A1[0.53];0.18;0.46;0.04;0.48;0.31;0.00;0.75;0.09;0.3149;0.3028;1
47;47;Agent_1;orders came from the seed rule base (rules as-is);0;0;R7[0.07] R20[0.31] R26[0.18] A1[0.53];0.18;0.46;0.04;0.48;0.31;0.00;0.75;0.09;0.3152;0.3031;1
48;48;Agent_1;orders came from the seed rule base (rules as-is);0;0;R7[0.07] R20[0.31] R26[0.18] A1[0.53];0.18;0.46;0.04;0.48;0.31;0.00;0.75;0.09;0.3155;0.3034;1
49;49;Agent_1;orders came from the seed rule base (rules as-is);0;0;R7[0.07] R20[0.31] R26[0.18] A1[0.53];0.18;0.45;0.04;0.48;0.31;0.00;0.75;0.09;0.3158;0.3037;1
50;50;Agent_1;RL selected stage 1 [evFIS] (deficit bucket: low) → rejected (no improving perturbation found | seed-base decision stands, its orders are applied);1;0;R7[0.07] R20[0.31] R26[0.18] A1[0.53];0.18;0.45;0.04;0.48;0.31;0.00;0.75;0.09;0.3161;0.3040;1
51;51;Agent_1;orders came from the seed rule base (rules as-is);0;0;R7[0.07] R20[0.31] R26[0.18] A1[0.53];0.18;0.45;0.04;0.48;0.31;0.00;0.75;0.08;0.3164;0.3043;1
52;52;Agent_1;orders came from the seed rule base (rules as-is);0;0;R7[0.07] R20[0.31] R26[0.18] A1[0.53];0.18;0.45;0.04;0.48;0.31;0.00;0.75;0.08;0.3167;0.3046;1
53;53;Agent_1;orders came from the seed rule base (rules as-is);0;0;R7[0.07] R20[0.31] R26[0.17] A1[0.53];0.17;0.45;0.04;0.48;0.31;0.00;0.75;0.08;0.3170;0.3049;1
54;54;Agent_1;orders came from the seed rule base (rules as-is);0;0;R7[0.07] R20[0.31] R26[0.17] A1[0.53];0.17;0.44;0.04;0.48;0.31;0.00;0.75;0.08;0.3173;0.3052;1
55;55;Agent_1;orders came from the seed rule base (rules as-is);0;0;R7[0.07] R20[0.30] R26[0.17] A1[0.53];0.17;0.44;0.04;0.48;0.31;0.00;0.75;0.08;0.3176;0.3055;1
56;56;Agent_1;orders came from the seed rule base (rules as-is);0;0;R7[0.07] R20[0.30] R26[0.17] A1[0.53];0.17;0.44;0.04;0.48;0.31;0.00;0.76;0.08;0.3180;0.3058;1
57;57;Agent_1;orders came from the seed rule base (rules as-is);0;0;R7[0.07] R20[0.30] R26[0.17] A1[0.53];0.17;0.44;0.04;0.48;0.31;0.00;0.76;0.08;0.3183;0.3061;1
58;58;Agent_1;orders came from the seed rule base (rules as-is);0;0;R7[0.07] R20[0.30] R26[0.17] A1[0.53];0.17;0.44;0.04;0.48;0.31;0.00;0.76;0.08;0.3186;0.3064;1
59;59;Agent_1;orders came from the seed rule base (rules as-is);0;0;R7[0.07] R20[0.30] R26[0.17] A1[0.53];0.17;0.43;0.04;0.48;0.31;0.00;0.76;0.08;0.3189;0.3066;1
60;60;Agent_1;RL selected stage 1 [evFIS] (deficit bucket: low) → rejected (no improving perturbation found | seed-base decision stands, its orders are applied);1;0;R7[0.07] R20[0.30] R26[0.17] A1[0.53];0.17;0.43;0.04;0.48;0.31;0.00;0.76;0.08;0.3192;0.3069;1
61;61;Agent_1;orders came from the seed rule base (rules as-is);0;0;R7[0.07] R20[0.30] R26[0.17] A1[0.53];0.17;0.43;0.04;0.48;0.31;0.00;0.76;0.08;0.3195;0.3072;1
62;62;Agent_1;orders came from the seed rule base (rules as-is);0;0;R7[0.07] R20[0.29] R26[0.17] A1[0.53];0.17;0.43;0.04;0.48;0.31;0.00;0.76;0.08;0.3198;0.3075;1
63;63;Agent_1;orders came from the seed rule base (rules as-is);0;0;R7[0.07] R20[0.29] R26[0.17] A1[0.53];0.17;0.43;0.04;0.48;0.31;0.00;0.76;0.08;0.3201;0.3078;1
64;64;Agent_1;orders came from the seed rule base (rules as-is);0;0;R7[0.07] R20[0.29] R26[0.17] A1[0.53];0.17;0.43;0.04;0.48;0.31;0.00;0.76;0.08;0.3204;0.3081;1
65;65;Agent_1;orders came from the seed rule base (rules as-is);0;0;R7[0.07] R20[0.29] R26[0.17] A1[0.53];0.17;0.42;0.04;0.48;0.31;0.00;0.76;0.08;0.3207;0.3084;1
66;66;Agent_1;orders came from the seed rule base (rules as-is);0;0;R7[0.07] R20[0.29] R26[0.17] A1[0.53];0.17;0.42;0.04;0.48;0.31;0.00;0.76;0.08;0.3210;0.3087;1
0;0;Agent_1;RL selected stage 3 [GenAI] (deficit bucket: low) → ACCEPTED: G1: G1: IF asset exposure risk is VH AND intervention urgency is VL THEN asset protection 0.8, resource deployment 0.4 (adaptation-born: generative (template), gates G1-G4);3;3;R7[0.07] R20[0.19] G1[0.38];0.00;0.33;0.04;0.36;0.00;0.00;0.73;0.00;0.2898;0.2819;1
0;0;Agent_1;RL selected stage 1 [evFIS] (deficit bucket: low) → rejected (no improving perturbation found | seed-base decision stands, its orders are applied);1;0;R7[0.07] R20[0.19] G1[0.54] A1[0.53];0.00;0.39;0.04;0.81;0.31;0.00;0.87;0.00;0.1795;0.1718;1
1;1;Agent_1;orders came from the seed rule base (rules as-is);0;0;R7[0.07] R20[0.17] G1[0.34];0.00;0.30;0.04;0.33;0.00;0.00;0.76;0.00;0.2941;0.2843;1
1;1;Agent_1;orders came from the seed rule base (rules as-is);0;0;R7[0.07] R20[0.17] G1[0.49] A1[0.49];0.00;0.35;0.04;0.81;0.28;0.00;0.87;0.00;0.1860;0.1775;1
2;2;Agent_1;orders came from the seed rule base (rules as-is);0;0;R7[0.07] R20[0.16] G1[0.32];0.00;0.28;0.04;0.32;0.00;0.00;0.70;0.12;0.2958;0.2861;1
2;2;Agent_1;orders came from the seed rule base (rules as-is);0;0;R7[0.07] R20[0.16] G1[0.47] A1[0.53];0.00;0.34;0.04;0.81;0.31;0.00;0.89;0.12;0.1916;0.1837;1
3;3;Agent_1;orders came from the seed rule base (rules as-is);0;0;R7[0.07] R20[0.17] R26[0.04] G1[0.25];0.04;0.30;0.04;0.26;0.00;0.00;0.62;0.12;0.3009;0.2878;1
3;3;Agent_1;orders came from the seed rule base (rules as-is);0;0;R7[0.07] R20[0.17] R26[0.04] G1[0.40] A1[0.53];0.04;0.36;0.04;0.80;0.31;0.00;0.86;0.12;0.1809;0.1885;1
4;4;Agent_1;orders came from the seed rule base (rules as-is);0;0;R7[0.07] R20[0.18] R26[0.08] G1[0.20];0.08;0.32;0.04;0.22;0.00;0.00;0.61;0.12;0.3027;0.2885;1
4;4;Agent_1;orders came from the seed rule base (rules as-is);0;0;R7[0.07] R20[0.18] R26[0.08] G1[0.34] A1[0.53];0.08;0.37;0.04;0.75;0.31;0.00;0.88;0.12;0.1757;0.1963;1
5;5;Agent_1;orders came from the seed rule base (rules as-is);0;0;R7[0.07] R20[0.19] R26[0.11] G1[0.16];0.11;0.34;0.04;0.19;0.00;0.00;0.60;0.12;0.3054;0.2902;1
5;5;Agent_1;orders came from the seed rule base (rules as-is);0;0;R7[0.07] R20[0.19] R26[0.11] G1[0.29] A1[0.53];0.11;0.39;0.04;0.72;0.31;0.00;0.87;0.12;0.1785;0.2004;1
6;6;Agent_1;orders came from the seed rule base (rules as-is);0;0;R7[0.07] R20[0.20] R26[0.13] G1[0.13];0.13;0.34;0.04;0.16;0.00;0.00;0.60;0.12;0.3059;0.2906;1
6;6;Agent_1;orders came from the seed rule base (rules as-is);0;0;R7[0.07] R20[0.20] R26[0.13] G1[0.25] A1[0.53];0.13;0.39;0.04;0.69;0.31;0.00;0.87;0.12;0.1784;0.2013;1
7;7;Agent_1;orders came from the seed rule base (rules as-is);0;0;R7[0.07] R20[0.20] R26[0.14] G1[0.10];0.14;0.35;0.04;0.14;0.00;0.00;0.59;0.12;0.3075;0.2914;1
7;7;Agent_1;orders came from the seed rule base (rules as-is);0;0;R7[0.07] R20[0.20] R26[0.14] G1[0.23] A1[0.53];0.14;0.40;0.04;0.66;0.31;0.00;0.86;0.12;0.1416;0.2037;1
8;8;Agent_1;orders came from the seed rule base (rules as-is);0;0;R7[0.07] R20[0.20] R26[0.16] G1[0.08];0.15;0.35;0.04;0.12;0.00;0.00;0.59;0.12;0.3082;0.2921;1
8;8;Agent_1;orders came from the seed rule base (rules as-is);0;0;R7[0.07] R20[0.20] R26[0.16] G1[0.20] A1[0.53];0.16;0.41;0.04;0.64;0.31;0.00;0.86;0.12;0.1221;0.2080;1
9;9;Agent_1;orders came from the seed rule base (rules as-is);0;0;R7[0.07] R20[0.21] R26[0.17] G1[0.06];0.16;0.36;0.04;0.11;0.00;0.00;0.59;0.12;0.3090;0.2926;1
9;9;Agent_1;orders came from the seed rule base (rules as-is);0;0;R7[0.07] R20[0.21] R26[0.17] G1[0.18] A1[0.53];0.17;0.41;0.04;0.63;0.31;0.00;0.86;0.12;0.1247;0.2086;1
10;10;Agent_1;RL selected stage 2 [resolution increase] (deficit bucket: mid) → ACCEPTED: A1: A1: IF asset exposure risk is VH AND suppression feasibility is VH THEN asset protection 0.9, evacuation 0.6 (adaptation-born: resolution increase (instantiated antecedent cell));2;2;R7[0.07] R20[0.21] R26[0.17] G1[0.05] A1[0.53];0.17;0.37;0.04;0.55;0.33;0.00;0.78;0.12;0.3060;0.2928;1
10;10;Agent_1;orders came from the seed rule base (rules as-is);0;0;R7[0.07] R20[0.21] R26[0.17] G1[0.17] A1[0.53];0.17;0.41;0.04;0.62;0.31;0.00;0.85;0.12;0.1270;0.2106;1
11;11;Agent_1;orders came from the seed rule base (rules as-is);0;0;R7[0.07] R20[0.21] R26[0.18] G1[0.04] A1[0.53];0.18;0.37;0.04;0.54;0.33;0.00;0.78;0.11;0.3066;0.2934;1
11;11;Agent_1;orders came from the seed rule base (rules as-is);0;0;R7[0.07] R20[0.21] R26[0.18] G1[0.16] A1[0.53];0.18;0.41;0.04;0.61;0.31;0.00;0.85;0.11;0.1629;0.2104;1
12;12;Agent_1;orders came from the seed rule base (rules as-is);0;0;R7[0.07] R20[0.21] R26[0.18] G1[0.03] A1[0.53];0.18;0.37;0.04;0.53;0.33;0.00;0.78;0.11;0.3073;0.2935;1
12;12;Agent_1;orders came from the seed rule base (rules as-is);0;0;R7[0.07] R20[0.21] R26[0.18] G1[0.15] A1[0.53];0.18;0.42;0.04;0.60;0.31;0.00;0.85;0.11;0.1269;0.2121;1
13;13;Agent_1;orders came from the seed rule base (rules as-is);0;0;R7[0.07] R20[0.21] R26[0.19] G1[0.03] A1[0.53];0.19;0.37;0.04;0.53;0.33;0.00;0.77;0.11;0.3082;0.2938;1
13;13;Agent_1;orders came from the seed rule base (rules as-is);0;0;R7[0.07] R20[0.21] R26[0.19] G1[0.14] A1[0.53];0.19;0.42;0.04;0.60;0.31;0.00;0.85;0.11;0.1359;0.2124;1
14;14;Agent_1;orders came from the seed rule base (rules as-is);0;0;R7[0.07] R20[0.21] R26[0.19] G1[0.02] A1[0.53];0.19;0.37;0.04;0.53;0.33;0.00;0.77;0.11;0.3081;0.2942;1
14;14;Agent_1;orders came from the seed rule base (rules as-is);0;0;R7[0.07] R20[0.21] R26[0.19] G1[0.13] A1[0.53];0.19;0.42;0.04;0.59;0.31;0.00;0.85;0.11;0.1383;0.2138;1
15;15;Agent_1;orders came from the seed rule base (rules as-is);0;0;R7[0.07] R20[0.21] R26[0.19] G1[0.02] A1[0.53];0.19;0.37;0.04;0.52;0.33;0.00;0.77;0.11;0.3086;0.2945;1
15;15;Agent_1;orders came from the seed rule base (rules as-is);0;0;R7[0.07] R20[0.21] R26[0.19] G1[0.02] A1[0.53];0.19;0.37;0.04;0.52;0.33;0.00;0.77;0.11;0.3086;0.2945;1
15;15;Agent_1;orders came from the seed rule base (rules as-is);0;0;R7[0.07] R20[0.21] R26[0.19] G1[0.13] A1[0.53];0.19;0.42;0.04;0.59;0.31;0.00;0.85;0.11;0.1463;0.2151;1
16;16;Agent_1;orders came from the seed rule base (rules as-is);0;0;R7[0.07] R20[0.21] R26[0.19] G1[0.01] A1[0.53];0.19;0.37;0.04;0.52;0.33;0.00;0.77;0.11;0.3091;0.2947;1
16;16;Agent_1;orders came from the seed rule base (rules as-is);0;0;R7[0.07] R20[0.21] R26[0.19] G1[0.13] A1[0.53];0.19;0.41;0.04;0.58;0.31;0.00;0.85;0.11;0.1455;0.2172;1
17;17;Agent_1;orders came from the seed rule base (rules as-is);0;0;R7[0.07] R20[0.21] R26[0.19] G1[0.01] A1[0.53];0.19;0.37;0.04;0.52;0.33;0.00;0.77;0.11;0.3093;0.2949;1
17;17;Agent_1;orders came from the seed rule base (rules as-is);0;0;R7[0.07] R20[0.21] R26[0.19] G1[0.12] A1[0.53];0.19;0.41;0.04;0.58;0.31;0.00;0.85;0.11;0.1517;0.2161;1
18;18;Agent_1;orders came from the seed rule base (rules as-is);0;0;R7[0.07] R20[0.21] R26[0.20] A1[0.53];0.20;0.37;0.04;0.52;0.33;0.00;0.76;0.11;0.3097;0.2950;1
18;18;Agent_1;orders came from the seed rule base (rules as-is);0;0;R7[0.07] R20[0.21] R26[0.20] G1[0.12] A1[0.53];0.20;0.41;0.04;0.58;0.31;0.00;0.85;0.11;0.1651;0.2159;1
19;19;Agent_1;orders came from the seed rule base (rules as-is);0;0;R7[0.07] R20[0.22] R26[0.20] A1[0.53];0.20;0.38;0.04;0.51;0.33;0.00;0.76;0.11;0.3099;0.2952;1
19;19;Agent_1;orders came from the seed rule base (rules as-is);0;0;R7[0.07] R20[0.21] R26[0.20] G1[0.12] A1[0.53];0.20;0.41;0.04;0.58;0.31;0.00;0.85;0.11;0.1679;0.2145;1
20;20;Agent_1;RL selected stage 2 [resolution increase] (deficit bucket: low) → rejected (cell already covered — an active rule sits on this antecedent cell; numeric tuning of an existing cell is stage ① evFIS's job | seed-base decision stands, its orders are applied);2;0;R7[0.07] R20[0.22] R26[0.20] A1[0.53];0.20;0.38;0.04;0.51;0.33;0.00;0.76;0.11;0.3100;0.2954;1
20;20;Agent_1;orders came from the seed rule base (rules as-is);0;0;R7[0.07] R20[0.21] R26[0.20] G1[0.12] A1[0.53];0.20;0.41;0.04;0.58;0.31;0.00;0.85;0.11;0.1355;0.2171;1
21;21;Agent_1;orders came from the seed rule base (rules as-is);0;0;R7[0.07] R20[0.23] R26[0.20] A1[0.53];0.20;0.39;0.04;0.51;0.33;0.00;0.76;0.11;0.3103;0.2956;1
21;21;Agent_1;orders came from the seed rule base (rules as-is);0;0;R7[0.07] R20[0.21] R26[0.20] G1[0.11] A1[0.53];0.20;0.41;0.04;0.57;0.31;0.00;0.85;0.11;0.1388;0.2161;1
22;22;Agent_1;orders came from the seed rule base (rules as-is);0;0;R7[0.07] R20[0.24] R26[0.20] A1[0.53];0.20;0.39;0.04;0.51;0.33;0.00;0.76;0.11;0.3102;0.2958;1
22;22;Agent_1;orders came from the seed rule base (rules as-is);0;0;R7[0.07] R20[0.21] R26[0.20] G1[0.11] A1[0.53];0.20;0.41;0.04;0.57;0.31;0.00;0.85;0.11;0.1426;0.2172;1
23;23;Agent_1;orders came from the seed rule base (rules as-is);0;0;R7[0.07] R20[0.25] R26[0.20] A1[0.53];0.20;0.40;0.04;0.51;0.33;0.00;0.75;0.10;0.3104;0.2960;1
23;23;Agent_1;orders came from the seed rule base (rules as-is);0;0;R7[0.07] R20[0.21] R26[0.20] G1[0.11] A1[0.53];0.20;0.41;0.04;0.57;0.31;0.00;0.85;0.10;0.1526;0.2181;1
24;24;Agent_1;orders came from the seed rule base (rules as-is);0;0;R7[0.07] R20[0.26] R26[0.19] A1[0.53];0.19;0.42;0.04;0.51;0.33;0.00;0.75;0.10;0.3106;0.2963;1
24;24;Agent_1;orders came from the seed rule base (rules as-is);0;0;R7[0.07] R20[0.21] R26[0.19] G1[0.11] A1[0.53];0.19;0.41;0.04;0.57;0.31;0.00;0.85;0.10;0.1709;0.2161;1
25;25;Agent_1;orders came from the seed rule base (rules as-is);0;0;R7[0.07] R20[0.27] R26[0.19] A1[0.53];0.19;0.43;0.04;0.51;0.33;0.00;0.75;0.10;0.3106;0.2966;1
25;25;Agent_1;orders came from the seed rule base (rules as-is);0;0;R7[0.07] R20[0.21] R26[0.19] G1[0.11] A1[0.53];0.19;0.40;0.04;0.57;0.31;0.00;0.85;0.10;0.1757;0.2175;1
26;26;Agent_1;orders came from the seed rule base (rules as-is);0;0;R7[0.07] R20[0.29] R26[0.19] A1[0.53];0.19;0.44;0.04;0.51;0.33;0.00;0.76;0.10;0.3108;0.2968;1
26;26;Agent_1;orders came from the seed rule base (rules as-is);0;0;R7[0.07] R20[0.21] R26[0.19] G1[0.11] A1[0.53];0.19;0.40;0.04;0.57;0.31;0.00;0.85;0.10;0.1354;0.2176;1
27;27;Agent_1;orders came from the seed rule base (rules as-is);0;0;R7[0.07] R20[0.30] R26[0.19] A1[0.53];0.19;0.45;0.04;0.51;0.33;0.00;0.76;0.10;0.3110;0.2971;1
27;27;Agent_1;orders came from the seed rule base (rules as-is);0;0;R7[0.07] R20[0.21] R26[0.19] G1[0.11] A1[0.53];0.19;0.40;0.04;0.57;0.31;0.00;0.85;0.10;0.1387;0.2167;1
28;28;Agent_1;orders came from the seed rule base (rules as-is);0;0;R7[0.07] R20[0.30] R26[0.19] A1[0.53];0.19;0.46;0.04;0.51;0.33;0.00;0.76;0.10;0.3114;0.2974;1
28;28;Agent_1;orders came from the seed rule base (rules as-is);0;0;R7[0.07] R20[0.21] R26[0.19] G1[0.11] A1[0.53];0.19;0.40;0.04;0.57;0.31;0.00;0.85;0.10;0.1410;0.2173;1
29;29;Agent_1;orders came from the seed rule base (rules as-is);0;0;R7[0.07] R20[0.31] R26[0.19] A1[0.53];0.19;0.46;0.04;0.51;0.33;0.00;0.76;0.10;0.3112;0.2977;1
29;29;Agent_1;orders came from the seed rule base (rules as-is);0;0;R7[0.07] R20[0.20] R26[0.19] G1[0.11] A1[0.53];0.19;0.40;0.04;0.57;0.31;0.00;0.85;0.10;0.1385;0.2166;1
30;30;Agent_1;RL selected stage 1 [evFIS] (deficit bucket: low) → ACCEPTED: A1 consequents -0.05;1;1;R7[0.07] R20[0.31] R26[0.19] A1[0.53];0.19;0.47;0.04;0.48;0.31;0.00;0.75;0.10;0.3113;0.2980;1
30;30;Agent_1;orders came from the seed rule base (rules as-is);0;0;R7[0.07] R20[0.20] R26[0.19] G1[0.11] A1[0.53];0.19;0.40;0.04;0.57;0.31;0.00;0.85;0.10;0.1781;0.2162;1
31;31;Agent_1;orders came from the seed rule base (rules as-is);0;0;R7[0.07] R20[0.32] R26[0.19] A1[0.53];0.19;0.47;0.04;0.48;0.31;0.00;0.75;0.10;0.3114;0.2983;1
31;31;Agent_1;orders came from the seed rule base (rules as-is);0;0;R7[0.07] R20[0.20] R26[0.19] G1[0.11] A1[0.53];0.19;0.40;0.04;0.57;0.31;0.00;0.85;0.10;0.1775;0.2273;1
32;32;Agent_1;orders came from the seed rule base (rules as-is);0;0;R7[0.07] R20[0.32] R26[0.19] A1[0.53];0.19;0.47;0.04;0.48;0.31;0.00;0.75;0.10;0.3114;0.2986;1
32;32;Agent_1;orders came from the seed rule base (rules as-is);0;0;R7[0.07] R20[0.20] R26[0.19] G1[0.10] A1[0.53];0.19;0.39;0.04;0.57;0.31;0.00;0.85;0.10;0.1814;0.2143;1
33;33;Agent_1;orders came from the seed rule base (rules as-is);0;0;R7[0.07] R20[0.32] R26[0.19] A1[0.53];0.19;0.47;0.04;0.48;0.31;0.00;0.75;0.10;0.3116;0.2989;1
33;33;Agent_1;orders came from the seed rule base (rules as-is);0;0;R7[0.07] R20[0.20] R26[0.19] G1[0.10] A1[0.53];0.19;0.39;0.04;0.57;0.31;0.00;0.85;0.10;0.1783;0.2244;1
34;34;Agent_1;orders came from the seed rule base (rules as-is);0;0;R7[0.07] R20[0.32] R26[0.19] A1[0.53];0.19;0.47;0.04;0.48;0.31;0.00;0.75;0.10;0.3117;0.2992;1
34;34;Agent_1;orders came from the seed rule base (rules as-is);0;0;R7[0.07] R20[0.20] R26[0.19] G1[0.10] A1[0.53];0.19;0.39;0.04;0.57;0.31;0.00;0.85;0.10;0.1519;0.2249;1
35;35;Agent_1;orders came from the seed rule base (rules as-is);0;0;R7[0.07] R20[0.32] R26[0.19] A1[0.53];0.19;0.47;0.04;0.48;0.31;0.00;0.75;0.10;0.3119;0.2995;1
35;35;Agent_1;orders came from the seed rule base (rules as-is);0;0;R7[0.07] R20[0.20] R26[0.19] G1[0.10] A1[0.53];0.19;0.39;0.04;0.57;0.31;0.00;0.85;0.10;0.1540;0.2250;1
36;36;Agent_1;orders came from the seed rule base (rules as-is);0;0;R7[0.07] R20[0.32] R26[0.19] A1[0.53];0.19;0.47;0.04;0.48;0.31;0.00;0.75;0.09;0.3121;0.2998;1
36;36;Agent_1;orders came from the seed rule base (rules as-is);0;0;R7[0.07] R20[0.20] R26[0.19] G1[0.10] A1[0.53];0.19;0.39;0.04;0.57;0.31;0.00;0.85;0.09;0.1556;0.2249;1
37;37;Agent_1;orders came from the seed rule base (rules as-is);0;0;R7[0.07] R20[0.32] R26[0.19] A1[0.53];0.19;0.47;0.04;0.48;0.31;0.00;0.75;0.09;0.3123;0.3001;1
37;37;Agent_1;orders came from the seed rule base (rules as-is);0;0;R7[0.07] R20[0.20] R26[0.19] G1[0.10] A1[0.53];0.19;0.39;0.04;0.56;0.31;0.00;0.85;0.09;0.1518;0.2257;1
38;38;Agent_1;orders came from the seed rule base (rules as-is);0;0;R7[0.07] R20[0.32] R26[0.19] A1[0.53];0.19;0.47;0.04;0.48;0.31;0.00;0.75;0.09;0.3126;0.3004;1
38;38;Agent_1;orders came from the seed rule base (rules as-is);0;0;R7[0.07] R20[0.20] R26[0.19] G1[0.10] A1[0.53];0.19;0.38;0.04;0.56;0.31;0.00;0.85;0.09;0.1448;0.2209;1
39;39;Agent_1;orders came from the seed rule base (rules as-is);0;0;R7[0.07] R20[0.32] R26[0.19] A1[0.53];0.19;0.47;0.04;0.48;0.31;0.00;0.75;0.09;0.3129;0.3007;1
39;39;Agent_1;orders came from the seed rule base (rules as-is);0;0;R7[0.07] R20[0.20] R26[0.19] G1[0.10] A1[0.53];0.19;0.38;0.04;0.56;0.31;0.00;0.85;0.09;0.1418;0.2195;1
40;40;Agent_1;RL selected stage 1 [evFIS] (deficit bucket: low) → rejected (no improving perturbation found | seed-base decision stands, its orders are applied);1;0;R7[0.07] R20[0.32] R26[0.18] A1[0.53];0.18;0.47;0.04;0.48;0.31;0.00;0.75;0.09;0.3131;0.3010;1
40;40;Agent_1;orders came from the seed rule base (rules as-is);0;0;R7[0.07] R20[0.20] R26[0.18] G1[0.10] A1[0.53];0.18;0.38;0.04;0.56;0.31;0.00;0.85;0.09;0.1430;0.2143;1
41;41;Agent_1;orders came from the seed rule base (rules as-is);0;0;R7[0.07] R20[0.32] R26[0.18] A1[0.53];0.18;0.47;0.04;0.48;0.31;0.00;0.75;0.09;0.3134;0.3013;1
41;41;Agent_1;orders came from the seed rule base (rules as-is);0;0;R7[0.07] R20[0.19] R26[0.18] G1[0.10] A1[0.53];0.18;0.38;0.04;0.56;0.31;0.00;0.85;0.09;0.1437;0.2195;1
42;42;Agent_1;orders came from the seed rule base (rules as-is);0;0;R7[0.07] R20[0.32] R26[0.18] A1[0.53];0.18;0.47;0.04;0.48;0.31;0.00;0.75;0.09;0.3137;0.3016;1
42;42;Agent_1;orders came from the seed rule base (rules as-is);0;0;R7[0.07] R20[0.19] R26[0.18] G1[0.10] A1[0.53];0.18;0.38;0.04;0.56;0.31;0.00;0.85;0.09;0.1428;0.2091;1
43;43;Agent_1;orders came from the seed rule base (rules as-is);0;0;R7[0.07] R20[0.32] R26[0.18] A1[0.53];0.18;0.46;0.04;0.48;0.31;0.00;0.75;0.09;0.3140;0.3019;1
43;43;Agent_1;orders came from the seed rule base (rules as-is);0;0;R7[0.07] R20[0.19] R26[0.18] G1[0.10] A1[0.53];0.18;0.38;0.04;0.56;0.31;0.00;0.85;0.09;0.1440;0.2075;1
44;44;Agent_1;orders came from the seed rule base (rules as-is);0;0;R7[0.07] R20[0.32] R26[0.18] A1[0.53];0.18;0.46;0.04;0.48;0.31;0.00;0.75;0.09;0.3143;0.3022;1
44;44;Agent_1;orders came from the seed rule base (rules as-is);0;0;R7[0.07] R20[0.19] R26[0.18] G1[0.10] A1[0.53];0.18;0.38;0.04;0.56;0.31;0.00;0.85;0.09;0.1430;0.2059;1
45;45;Agent_1;orders came from the seed rule base (rules as-is);0;0;R7[0.07] R20[0.32] R26[0.18] A1[0.53];0.18;0.46;0.04;0.48;0.31;0.00;0.75;0.09;0.3146;0.3025;1
45;45;Agent_1;orders came from the seed rule base (rules as-is);0;0;R7[0.07] R20[0.19] R26[0.18] G1[0.10] A1[0.53];0.18;0.37;0.04;0.56;0.31;0.00;0.85;0.09;0.1383;0.2086;1
46;46;Agent_1;orders came from the seed rule base (rules as-is);0;0;R7[0.07] R20[0.31] R26[0.18] A1[0.53];0.18;0.46;0.04;0.48;0.31;0.00;0.75;0.09;0.3149;0.3028;1
46;46;Agent_1;orders came from the seed rule base (rules as-is);0;0;R7[0.07] R20[0.19] R26[0.18] G1[0.10] A1[0.53];0.18;0.37;0.04;0.56;0.31;0.00;0.85;0.09;0.1396;0.2178;1
47;47;Agent_1;orders came from the seed rule base (rules as-is);0;0;R7[0.07] R20[0.31] R26[0.18] A1[0.53];0.18;0.46;0.04;0.48;0.31;0.00;0.75;0.09;0.3152;0.3031;1
47;47;Agent_1;orders came from the seed rule base (rules as-is);0;0;R7[0.07] R20[0.19] R26[0.18] G1[0.10] A1[0.53];0.18;0.37;0.04;0.56;0.31;0.00;0.85;0.09;0.1413;0.2042;1
48;48;Agent_1;orders came from the seed rule base (rules as-is);0;0;R7[0.07] R20[0.31] R26[0.18] A1[0.53];0.18;0.46;0.04;0.48;0.31;0.00;0.75;0.09;0.3155;0.3034;1
48;48;Agent_1;orders came from the seed rule base (rules as-is);0;0;R7[0.07] R20[0.19] R26[0.18] G1[0.10] A1[0.53];0.18;0.37;0.04;0.56;0.31;0.00;0.85;0.09;0.1382;0.2106;1
49;49;Agent_1;orders came from the seed rule base (rules as-is);0;0;R7[0.07] R20[0.31] R26[0.18] A1[0.53];0.18;0.45;0.04;0.48;0.31;0.00;0.75;0.09;0.3158;0.3037;1
49;49;Agent_1;orders came from the seed rule base (rules as-is);0;0;R7[0.07] R20[0.19] R26[0.18] G1[0.10] A1[0.53];0.18;0.37;0.04;0.56;0.31;0.00;0.85;0.09;0.1372;0.2104;1
50;50;Agent_1;RL selected stage 1 [evFIS] (deficit bucket: low) → rejected (no improving perturbation found | seed-base decision stands, its orders are applied);1;0;R7[0.07] R20[0.31] R26[0.18] A1[0.53];0.18;0.45;0.04;0.48;0.31;0.00;0.75;0.09;0.3161;0.3040;1
50;50;Agent_1;orders came from the seed rule base (rules as-is);0;0;R7[0.07] R20[0.19] R26[0.18] G1[0.10] A1[0.53];0.18;0.37;0.04;0.56;0.31;0.00;0.85;0.09;0.1362;0.2080;1
51;51;Agent_1;orders came from the seed rule base (rules as-is);0;0;R7[0.07] R20[0.31] R26[0.18] A1[0.53];0.18;0.45;0.04;0.48;0.31;0.00;0.75;0.08;0.3164;0.3043;1
51;51;Agent_1;orders came from the seed rule base (rules as-is);0;0;R7[0.07] R20[0.19] R26[0.18] G1[0.10] A1[0.53];0.18;0.36;0.04;0.56;0.31;0.00;0.85;0.08;0.1347;0.2120;1
52;52;Agent_1;orders came from the seed rule base (rules as-is);0;0;R7[0.07] R20[0.31] R26[0.18] A1[0.53];0.18;0.45;0.04;0.48;0.31;0.00;0.75;0.08;0.3167;0.3046;1
52;52;Agent_1;orders came from the seed rule base (rules as-is);0;0;R7[0.07] R20[0.19] R26[0.18] G1[0.10] A1[0.53];0.18;0.36;0.04;0.56;0.31;0.00;0.85;0.08;0.1370;0.2065;1
53;53;Agent_1;orders came from the seed rule base (rules as-is);0;0;R7[0.07] R20[0.31] R26[0.17] A1[0.53];0.17;0.45;0.04;0.48;0.31;0.00;0.75;0.08;0.3170;0.3049;1
53;53;Agent_1;orders came from the seed rule base (rules as-is);0;0;R7[0.07] R20[0.19] R26[0.17] G1[0.10] A1[0.53];0.17;0.36;0.04;0.56;0.31;0.00;0.85;0.08;0.1469;0.2072;1
54;54;Agent_1;orders came from the seed rule base (rules as-is);0;0;R7[0.07] R20[0.31] R26[0.17] A1[0.53];0.17;0.44;0.04;0.48;0.31;0.00;0.75;0.08;0.3173;0.3052;1
54;54;Agent_1;orders came from the seed rule base (rules as-is);0;0;R7[0.07] R20[0.18] R26[0.17] G1[0.10] A1[0.53];0.17;0.36;0.04;0.56;0.31;0.00;0.85;0.08;0.1362;0.2321;1
55;55;Agent_1;orders came from the seed rule base (rules as-is);0;0;R7[0.07] R20[0.30] R26[0.17] A1[0.53];0.17;0.44;0.04;0.48;0.31;0.00;0.75;0.08;0.3176;0.3055;1
55;55;Agent_1;orders came from the seed rule base (rules as-is);0;0;R7[0.07] R20[0.18] R26[0.17] G1[0.09] A1[0.53];0.17;0.36;0.04;0.56;0.31;0.00;0.85;0.08;0.1323;0.2088;1
56;56;Agent_1;orders came from the seed rule base (rules as-is);0;0;R7[0.07] R20[0.30] R26[0.17] A1[0.53];0.17;0.44;0.04;0.48;0.31;0.00;0.76;0.08;0.3180;0.3058;1
56;56;Agent_1;orders came from the seed rule base (rules as-is);0;0;R7[0.07] R20[0.18] R26[0.17] G1[0.09] A1[0.53];0.17;0.36;0.04;0.56;0.31;0.00;0.85;0.08;0.1325;0.2104;1
57;57;Agent_1;orders came from the seed rule base (rules as-is);0;0;R7[0.07] R20[0.30] R26[0.17] A1[0.53];0.17;0.44;0.04;0.48;0.31;0.00;0.76;0.08;0.3183;0.3061;1
57;57;Agent_1;orders came from the seed rule base (rules as-is);0;0;R7[0.07] R20[0.18] R26[0.17] G1[0.09] A1[0.53];0.17;0.36;0.04;0.56;0.31;0.00;0.85;0.08;0.1320;0.2073;1
58;58;Agent_1;orders came from the seed rule base (rules as-is);0;0;R7[0.07] R20[0.30] R26[0.17] A1[0.53];0.17;0.44;0.04;0.48;0.31;0.00;0.76;0.08;0.3186;0.3064;1
58;58;Agent_1;orders came from the seed rule base (rules as-is);0;0;R7[0.07] R20[0.18] R26[0.17] G1[0.09] A1[0.53];0.17;0.35;0.04;0.56;0.31;0.00;0.85;0.08;0.1339;0.2074;1
59;59;Agent_1;orders came from the seed rule base (rules as-is);0;0;R7[0.07] R20[0.30] R26[0.17] A1[0.53];0.17;0.43;0.04;0.48;0.31;0.00;0.76;0.08;0.3189;0.3066;1
59;59;Agent_1;orders came from the seed rule base (rules as-is);0;0;R7[0.07] R20[0.18] R26[0.17] G1[0.09] A1[0.53];0.17;0.35;0.04;0.56;0.31;0.00;0.85;0.08;0.1329;0.2061;1
60;60;Agent_1;RL selected stage 1 [evFIS] (deficit bucket: low) → rejected (no improving perturbation found | seed-base decision stands, its orders are applied);1;0;R7[0.07] R20[0.30] R26[0.17] A1[0.53];0.17;0.43;0.04;0.48;0.31;0.00;0.76;0.08;0.3192;0.3069;1
60;60;Agent_1;orders came from the seed rule base (rules as-is);0;0;R7[0.07] R20[0.18] R26[0.17] G1[0.09] A1[0.53];0.17;0.35;0.04;0.56;0.31;0.00;0.85;0.08;0.1330;0.2059;1
61;61;Agent_1;orders came from the seed rule base (rules as-is);0;0;R7[0.07] R20[0.30] R26[0.17] A1[0.53];0.17;0.43;0.04;0.48;0.31;0.00;0.76;0.08;0.3195;0.3072;1
61;61;Agent_1;orders came from the seed rule base (rules as-is);0;0;R7[0.07] R20[0.18] R26[0.17] G1[0.09] A1[0.53];0.17;0.35;0.04;0.56;0.31;0.00;0.85;0.08;0.1331;0.2081;1
62;62;Agent_1;orders came from the seed rule base (rules as-is);0;0;R7[0.07] R20[0.29] R26[0.17] A1[0.53];0.17;0.43;0.04;0.48;0.31;0.00;0.76;0.08;0.3198;0.3075;1
62;62;Agent_1;orders came from the seed rule base (rules as-is);0;0;R7[0.07] R20[0.18] R26[0.17] G1[0.09] A1[0.53];0.17;0.35;0.04;0.56;0.31;0.00;0.85;0.08;0.1332;0.2076;1
63;63;Agent_1;orders came from the seed rule base (rules as-is);0;0;R7[0.07] R20[0.29] R26[0.17] A1[0.53];0.17;0.43;0.04;0.48;0.31;0.00;0.76;0.08;0.3201;0.3078;1
63;63;Agent_1;orders came from the seed rule base (rules as-is);0;0;R7[0.07] R20[0.18] R26[0.17] G1[0.09] A1[0.53];0.17;0.35;0.04;0.56;0.31;0.00;0.85;0.08;0.1334;0.2142;1
64;64;Agent_1;orders came from the seed rule base (rules as-is);0;0;R7[0.07] R20[0.29] R26[0.17] A1[0.53];0.17;0.43;0.04;0.48;0.31;0.00;0.76;0.08;0.3204;0.3081;1
64;64;Agent_1;orders came from the seed rule base (rules as-is);0;0;R7[0.07] R20[0.18] R26[0.17] G1[0.09] A1[0.53];0.17;0.34;0.04;0.56;0.31;0.00;0.85;0.08;0.1340;0.2043;1
65;65;Agent_1;orders came from the seed rule base (rules as-is);0;0;R7[0.07] R20[0.29] R26[0.17] A1[0.53];0.17;0.42;0.04;0.48;0.31;0.00;0.76;0.08;0.3207;0.3084;1
65;65;Agent_1;orders came from the seed rule base (rules as-is);0;0;R7[0.07] R20[0.18] R26[0.17] G1[0.09] A1[0.53];0.17;0.34;0.04;0.56;0.31;0.00;0.85;0.08;0.1723;0.2016;1
66;66;Agent_1;orders came from the seed rule base (rules as-is);0;0;R7[0.07] R20[0.29] R26[0.17] A1[0.53];0.17;0.42;0.04;0.48;0.31;0.00;0.76;0.08;0.3210;0.3087;1
66;66;Agent_1;orders came from the seed rule base (rules as-is);0;0;R7[0.07] R20[0.18] R26[0.17] G1[0.09] A1[0.53];0.17;0.34;0.04;0.56;0.31;0.00;0.85;0.08;0.1742;0.2002;1
67;67;Agent_1;orders came from the seed rule base (rules as-is);0;0;R7[0.07] R20[0.17] R26[0.16] G1[0.09] A1[0.53];0.16;0.34;0.04;0.55;0.31;0.00;0.85;0.07;0.1753;0.1987;1
68;68;Agent_1;orders came from the seed rule base (rules as-is);0;0;R7[0.07] R20[0.17] R26[0.16] G1[0.09] A1[0.53];0.16;0.34;0.04;0.55;0.31;0.00;0.85;0.07;0.1758;0.2059;1
69;69;Agent_1;orders came from the seed rule base (rules as-is);0;0;R7[0.07] R20[0.17] R26[0.16] G1[0.09] A1[0.53];0.16;0.34;0.04;0.55;0.31;0.00;0.85;0.07;0.1790;0.1973;1
70;70;Agent_1;orders came from the seed rule base (rules as-is);0;0;R7[0.07] R20[0.17] R26[0.16] G1[0.09] A1[0.53];0.16;0.34;0.04;0.55;0.31;0.00;0.85;0.07;0.1813;0.2225;1
71;71;Agent_1;orders came from the seed rule base (rules as-is);0;0;R7[0.07] R20[0.17] R26[0.16] G1[0.09] A1[0.53];0.16;0.33;0.04;0.55;0.31;0.00;0.85;0.07;0.1731;0.2221;1
72;72;Agent_1;orders came from the seed rule base (rules as-is);0;0;R7[0.07] R20[0.17] R26[0.16] G1[0.09] A1[0.53];0.16;0.33;0.04;0.55;0.31;0.00;0.85;0.07;0.1750;0.2230;1
73;73;Agent_1;orders came from the seed rule base (rules as-is);0;0;R7[0.07] R20[0.17] R26[0.16] G1[0.09] A1[0.53];0.16;0.33;0.04;0.55;0.31;0.00;0.85;0.07;0.1679;0.2238;1
74;74;Agent_1;orders came from the seed rule base (rules as-is);0;0;R7[0.07] R20[0.17] R26[0.16] G1[0.09] A1[0.53];0.16;0.33;0.04;0.55;0.31;0.00;0.85;0.07;0.1712;0.2242;1
0;0;Agent_1;RL selected stage 3 [GenAI] (deficit bucket: low) → ACCEPTED: G1: G1: IF asset exposure risk is VH AND intervention urgency is VL THEN asset protection 0.8, resource deployment 0.4 (adaptation-born: generative (template), gates G1-G4);3;3;R7[0.07] R20[0.19] G1[0.38];0.00;0.33;0.04;0.36;0.00;0.00;0.73;0.00;0.2898;0.2819;1
0;0;Agent_1;RL selected stage 1 [evFIS] (deficit bucket: low) → rejected (no improving perturbation found | seed-base decision stands, its orders are applied);1;0;R7[0.07] R20[0.19] G1[0.54] A1[0.53];0.00;0.39;0.04;0.81;0.31;0.00;0.87;0.00;0.1795;0.1718;1
0;0;Agent_1;RL selected stage 3 [GenAI] (deficit bucket: low) → ACCEPTED: G2: G2: IF asset exposure risk is VH AND evacuation pressure is VL THEN asset protection 0.7, evacuation 0.3 (adaptation-born: generative (template), gates G1-G4);3;3;R7[0.07] R20[0.19] G1[0.54] A1[0.53] G2[0.40];0.00;0.39;0.04;0.78;0.43;0.00;0.86;0.00;0.1795;0.1718;1
1;1;Agent_1;orders came from the seed rule base (rules as-is);0;0;R7[0.07] R20[0.17] G1[0.34];0.00;0.30;0.04;0.33;0.00;0.00;0.76;0.00;0.2941;0.2843;1
1;1;Agent_1;orders came from the seed rule base (rules as-is);0;0;R7[0.07] R20[0.17] G1[0.49] A1[0.49];0.00;0.35;0.04;0.81;0.28;0.00;0.87;0.00;0.1860;0.1775;1
1;1;Agent_1;orders came from the seed rule base (rules as-is);0;0;R7[0.07] R20[0.17] G1[0.49] A1[0.49] G2[0.36];0.00;0.35;0.04;0.78;0.40;0.00;0.85;0.00;0.1860;0.1775;1
2;2;Agent_1;orders came from the seed rule base (rules as-is);0;0;R7[0.07] R20[0.16] G1[0.32];0.00;0.28;0.04;0.32;0.00;0.00;0.70;0.12;0.2958;0.2861;1
2;2;Agent_1;orders came from the seed rule base (rules as-is);0;0;R7[0.07] R20[0.16] G1[0.47] A1[0.53];0.00;0.34;0.04;0.81;0.31;0.00;0.89;0.12;0.1916;0.1837;1
2;2;Agent_1;orders came from the seed rule base (rules as-is);0;0;R7[0.07] R20[0.16] G1[0.47] A1[0.53] G2[0.44];0.00;0.34;0.04;0.78;0.45;0.00;0.89;0.12;0.1916;0.1837;1
3;3;Agent_1;orders came from the seed rule base (rules as-is);0;0;R7[0.07] R20[0.17] R26[0.04] G1[0.25];0.04;0.30;0.04;0.26;0.00;0.00;0.62;0.12;0.3009;0.2878;1
3;3;Agent_1;orders came from the seed rule base (rules as-is);0;0;R7[0.07] R20[0.17] R26[0.04] G1[0.40] A1[0.53];0.04;0.36;0.04;0.80;0.31;0.00;0.86;0.12;0.1809;0.1885;1
3;3;Agent_1;orders came from the seed rule base (rules as-is);0;0;R7[0.07] R20[0.17] R26[0.04] G1[0.40] A1[0.53] G2[0.12];0.04;0.36;0.04;0.80;0.34;0.00;0.87;0.12;0.1809;0.1885;1
4;4;Agent_1;orders came from the seed rule base (rules as-is);0;0;R7[0.07] R20[0.18] R26[0.08] G1[0.20];0.08;0.32;0.04;0.22;0.00;0.00;0.61;0.12;0.3027;0.2885;1
4;4;Agent_1;orders came from the seed rule base (rules as-is);0;0;R7[0.07] R20[0.18] R26[0.08] G1[0.34] A1[0.53];0.08;0.37;0.04;0.75;0.31;0.00;0.88;0.12;0.1757;0.1963;1
4;4;Agent_1;orders came from the seed rule base (rules as-is);0;0;R7[0.07] R20[0.18] R26[0.08] G1[0.34] A1[0.53] G2[0.11];0.08;0.37;0.04;0.80;0.34;0.00;0.88;0.12;0.1756;0.1963;1
5;5;Agent_1;orders came from the seed rule base (rules as-is);0;0;R7[0.07] R20[0.19] R26[0.11] G1[0.16];0.11;0.34;0.04;0.19;0.00;0.00;0.60;0.12;0.3054;0.2902;1
5;5;Agent_1;orders came from the seed rule base (rules as-is);0;0;R7[0.07] R20[0.19] R26[0.11] G1[0.29] A1[0.53];0.11;0.39;0.04;0.72;0.31;0.00;0.87;0.12;0.1785;0.2004;1
5;5;Agent_1;orders came from the seed rule base (rules as-is);0;0;R7[0.07] R20[0.19] R26[0.11] G1[0.29] A1[0.53] G2[0.11];0.11;0.39;0.04;0.79;0.34;0.00;0.88;0.12;0.1783;0.2004;1
6;6;Agent_1;orders came from the seed rule base (rules as-is);0;0;R7[0.07] R20[0.20] R26[0.13] G1[0.13];0.13;0.34;0.04;0.16;0.00;0.00;0.60;0.12;0.3059;0.2906;1
6;6;Agent_1;orders came from the seed rule base (rules as-is);0;0;R7[0.07] R20[0.20] R26[0.13] G1[0.25] A1[0.53];0.13;0.39;0.04;0.69;0.31;0.00;0.87;0.12;0.1784;0.2013;1
6;6;Agent_1;orders came from the seed rule base (rules as-is);0;0;R7[0.07] R20[0.20] R26[0.13] G1[0.25] A1[0.53] G2[0.11];0.13;0.39;0.04;0.76;0.34;0.00;0.89;0.12;0.1782;0.2013;1
7;7;Agent_1;orders came from the seed rule base (rules as-is);0;0;R7[0.07] R20[0.20] R26[0.14] G1[0.10];0.14;0.35;0.04;0.14;0.00;0.00;0.59;0.12;0.3075;0.2914;1
7;7;Agent_1;orders came from the seed rule base (rules as-is);0;0;R7[0.07] R20[0.20] R26[0.14] G1[0.23] A1[0.53];0.14;0.40;0.04;0.66;0.31;0.00;0.86;0.12;0.1416;0.2037;1
7;7;Agent_1;orders came from the seed rule base (rules as-is);0;0;R7[0.07] R20[0.20] R26[0.14] G1[0.23] A1[0.53] G2[0.11];0.14;0.40;0.04;0.74;0.34;0.00;0.89;0.12;0.1414;0.2037;1
8;8;Agent_1;orders came from the seed rule base (rules as-is);0;0;R7[0.07] R20[0.20] R26[0.16] G1[0.08];0.15;0.35;0.04;0.12;0.00;0.00;0.59;0.12;0.3082;0.2921;1
8;8;Agent_1;orders came from the seed rule base (rules as-is);0;0;R7[0.07] R20[0.20] R26[0.16] G1[0.20] A1[0.53];0.16;0.41;0.04;0.64;0.31;0.00;0.86;0.12;0.1221;0.2080;1
8;8;Agent_1;orders came from the seed rule base (rules as-is);0;0;R7[0.07] R20[0.20] R26[0.16] G1[0.20] A1[0.53] G2[0.11];0.16;0.41;0.04;0.72;0.34;0.00;0.89;0.12;0.1219;0.2080;1
9;9;Agent_1;orders came from the seed rule base (rules as-is);0;0;R7[0.07] R20[0.21] R26[0.17] G1[0.06];0.16;0.36;0.04;0.11;0.00;0.00;0.59;0.12;0.3090;0.2926;1
9;9;Agent_1;orders came from the seed rule base (rules as-is);0;0;R7[0.07] R20[0.21] R26[0.17] G1[0.18] A1[0.53];0.17;0.41;0.04;0.63;0.31;0.00;0.86;0.12;0.1247;0.2086;1
9;9;Agent_1;orders came from the seed rule base (rules as-is);0;0;R7[0.07] R20[0.21] R26[0.17] G1[0.18] A1[0.53] G2[0.11];0.17;0.41;0.04;0.71;0.34;0.00;0.88;0.12;0.1244;0.2086;1
10;10;Agent_1;RL selected stage 2 [resolution increase] (deficit bucket: mid) → ACCEPTED: A1: A1: IF asset exposure risk is VH AND suppression feasibility is VH THEN asset protection 0.9, evacuation 0.6 (adaptation-born: resolution increase (instantiated antecedent cell));2;2;R7[0.07] R20[0.21] R26[0.17] G1[0.05] A1[0.53];0.17;0.37;0.04;0.55;0.33;0.00;0.78;0.12;0.3060;0.2928;1
10;10;Agent_1;orders came from the seed rule base (rules as-is);0;0;R7[0.07] R20[0.21] R26[0.17] G1[0.17] A1[0.53];0.17;0.41;0.04;0.62;0.31;0.00;0.85;0.12;0.1270;0.2106;1
10;10;Agent_1;orders came from the seed rule base (rules as-is);0;0;R7[0.07] R20[0.21] R26[0.17] G1[0.17] A1[0.53] G2[0.11];0.17;0.41;0.04;0.69;0.34;0.00;0.88;0.12;0.1268;0.2106;1
11;11;Agent_1;orders came from the seed rule base (rules as-is);0;0;R7[0.07] R20[0.21] R26[0.18] G1[0.04] A1[0.53];0.18;0.37;0.04;0.54;0.33;0.00;0.78;0.11;0.3066;0.2934;1
11;11;Agent_1;orders came from the seed rule base (rules as-is);0;0;R7[0.07] R20[0.21] R26[0.18] G1[0.16] A1[0.53];0.18;0.41;0.04;0.61;0.31;0.00;0.85;0.11;0.1629;0.2104;1
11;11;Agent_1;orders came from the seed rule base (rules as-is);0;0;R7[0.07] R20[0.21] R26[0.18] G1[0.16] A1[0.53] G2[0.11];0.18;0.41;0.04;0.69;0.34;0.00;0.88;0.11;0.1627;0.2104;1
12;12;Agent_1;orders came from the seed rule base (rules as-is);0;0;R7[0.07] R20[0.21] R26[0.18] G1[0.03] A1[0.53];0.18;0.37;0.04;0.53;0.33;0.00;0.78;0.11;0.3073;0.2935;1
12;12;Agent_1;orders came from the seed rule base (rules as-is);0;0;R7[0.07] R20[0.21] R26[0.18] G1[0.15] A1[0.53];0.18;0.42;0.04;0.60;0.31;0.00;0.85;0.11;0.1269;0.2121;1
12;12;Agent_1;orders came from the seed rule base (rules as-is);0;0;R7[0.07] R20[0.21] R26[0.18] G1[0.15] A1[0.53] G2[0.11];0.18;0.42;0.04;0.68;0.34;0.00;0.88;0.11;0.1267;0.2121;1
13;13;Agent_1;orders came from the seed rule base (rules as-is);0;0;R7[0.07] R20[0.21] R26[0.19] G1[0.03] A1[0.53];0.19;0.37;0.04;0.53;0.33;0.00;0.77;0.11;0.3082;0.2938;1
13;13;Agent_1;orders came from the seed rule base (rules as-is);0;0;R7[0.07] R20[0.21] R26[0.19] G1[0.14] A1[0.53];0.19;0.42;0.04;0.60;0.31;0.00;0.85;0.11;0.1359;0.2124;1
13;13;Agent_1;orders came from the seed rule base (rules as-is);0;0;R7[0.07] R20[0.21] R26[0.19] G1[0.14] A1[0.53] G2[0.11];0.19;0.42;0.04;0.67;0.34;0.00;0.88;0.11;0.1357;0.2125;1
14;14;Agent_1;orders came from the seed rule base (rules as-is);0;0;R7[0.07] R20[0.21] R26[0.19] G1[0.02] A1[0.53];0.19;0.37;0.04;0.53;0.33;0.00;0.77;0.11;0.3081;0.2942;1
14;14;Agent_1;orders came from the seed rule base (rules as-is);0;0;R7[0.07] R20[0.21] R26[0.19] G1[0.13] A1[0.53];0.19;0.42;0.04;0.59;0.31;0.00;0.85;0.11;0.1383;0.2138;1
14;14;Agent_1;orders came from the seed rule base (rules as-is);0;0;R7[0.07] R20[0.21] R26[0.19] G1[0.13] A1[0.53] G2[0.11];0.19;0.42;0.04;0.67;0.34;0.00;0.88;0.11;0.1381;0.2138;1
15;15;Agent_1;orders came from the seed rule base (rules as-is);0;0;R7[0.07] R20[0.21] R26[0.19] G1[0.02] A1[0.53];0.19;0.37;0.04;0.52;0.33;0.00;0.77;0.11;0.3086;0.2945;1
15;15;Agent_1;orders came from the seed rule base (rules as-is);0;0;R7[0.07] R20[0.21] R26[0.19] G1[0.02] A1[0.53];0.19;0.37;0.04;0.52;0.33;0.00;0.77;0.11;0.3086;0.2945;1
15;15;Agent_1;orders came from the seed rule base (rules as-is);0;0;R7[0.07] R20[0.21] R26[0.19] G1[0.13] A1[0.53];0.19;0.42;0.04;0.59;0.31;0.00;0.85;0.11;0.1463;0.2151;1
15;15;Agent_1;orders came from the seed rule base (rules as-is);0;0;R7[0.07] R20[0.21] R26[0.19] G1[0.13] A1[0.53] G2[0.11];0.19;0.42;0.04;0.66;0.34;0.00;0.88;0.11;0.1461;0.2152;1
16;16;Agent_1;orders came from the seed rule base (rules as-is);0;0;R7[0.07] R20[0.21] R26[0.19] G1[0.01] A1[0.53];0.19;0.37;0.04;0.52;0.33;0.00;0.77;0.11;0.3091;0.2947;1
16;16;Agent_1;orders came from the seed rule base (rules as-is);0;0;R7[0.07] R20[0.21] R26[0.19] G1[0.13] A1[0.53];0.19;0.41;0.04;0.58;0.31;0.00;0.85;0.11;0.1455;0.2172;1
16;16;Agent_1;orders came from the seed rule base (rules as-is);0;0;R7[0.07] R20[0.21] R26[0.19] G1[0.13] A1[0.53] G2[0.11];0.19;0.41;0.04;0.66;0.34;0.00;0.88;0.11;0.1453;0.2173;1
17;17;Agent_1;orders came from the seed rule base (rules as-is);0;0;R7[0.07] R20[0.21] R26[0.19] G1[0.01] A1[0.53];0.19;0.37;0.04;0.52;0.33;0.00;0.77;0.11;0.3093;0.2949;1
17;17;Agent_1;orders came from the seed rule base (rules as-is);0;0;R7[0.07] R20[0.21] R26[0.19] G1[0.12] A1[0.53];0.19;0.41;0.04;0.58;0.31;0.00;0.85;0.11;0.1517;0.2161;1
17;17;Agent_1;orders came from the seed rule base (rules as-is);0;0;R7[0.07] R20[0.21] R26[0.19] G1[0.12] A1[0.53] G2[0.11];0.19;0.41;0.04;0.66;0.34;0.00;0.88;0.11;0.1515;0.2161;1
18;18;Agent_1;orders came from the seed rule base (rules as-is);0;0;R7[0.07] R20[0.21] R26[0.20] A1[0.53];0.20;0.37;0.04;0.52;0.33;0.00;0.76;0.11;0.3097;0.2950;1
18;18;Agent_1;orders came from the seed rule base (rules as-is);0;0;R7[0.07] R20[0.21] R26[0.20] G1[0.12] A1[0.53];0.20;0.41;0.04;0.58;0.31;0.00;0.85;0.11;0.1651;0.2159;1
18;18;Agent_1;orders came from the seed rule base (rules as-is);0;0;R7[0.07] R20[0.21] R26[0.20] G1[0.12] A1[0.53] G2[0.11];0.20;0.41;0.04;0.65;0.34;0.00;0.88;0.11;0.1649;0.2160;1
19;19;Agent_1;orders came from the seed rule base (rules as-is);0;0;R7[0.07] R20[0.22] R26[0.20] A1[0.53];0.20;0.38;0.04;0.51;0.33;0.00;0.76;0.11;0.3099;0.2952;1
19;19;Agent_1;orders came from the seed rule base (rules as-is);0;0;R7[0.07] R20[0.21] R26[0.20] G1[0.12] A1[0.53];0.20;0.41;0.04;0.58;0.31;0.00;0.85;0.11;0.1679;0.2145;1
19;19;Agent_1;orders came from the seed rule base (rules as-is);0;0;R7[0.07] R20[0.21] R26[0.20] G1[0.12] A1[0.53] G2[0.11];0.20;0.41;0.04;0.65;0.34;0.00;0.88;0.11;0.1677;0.2145;1
20;20;Agent_1;RL selected stage 2 [resolution increase] (deficit bucket: low) → rejected (cell already covered — an active rule sits on this antecedent cell; numeric tuning of an existing cell is stage ① evFIS's job | seed-base decision stands, its orders are applied);2;0;R7[0.07] R20[0.22] R26[0.20] A1[0.53];0.20;0.38;0.04;0.51;0.33;0.00;0.76;0.11;0.3100;0.2954;1
20;20;Agent_1;orders came from the seed rule base (rules as-is);0;0;R7[0.07] R20[0.21] R26[0.20] G1[0.12] A1[0.53];0.20;0.41;0.04;0.58;0.31;0.00;0.85;0.11;0.1355;0.2171;1
20;20;Agent_1;orders came from the seed rule base (rules as-is);0;0;R7[0.07] R20[0.21] R26[0.20] G1[0.12] A1[0.53] G2[0.11];0.20;0.41;0.04;0.65;0.34;0.00;0.87;0.11;0.1353;0.2171;1
21;21;Agent_1;orders came from the seed rule base (rules as-is);0;0;R7[0.07] R20[0.23] R26[0.20] A1[0.53];0.20;0.39;0.04;0.51;0.33;0.00;0.76;0.11;0.3103;0.2956;1
21;21;Agent_1;orders came from the seed rule base (rules as-is);0;0;R7[0.07] R20[0.21] R26[0.20] G1[0.11] A1[0.53];0.20;0.41;0.04;0.57;0.31;0.00;0.85;0.11;0.1388;0.2161;1
21;21;Agent_1;orders came from the seed rule base (rules as-is);0;0;R7[0.07] R20[0.21] R26[0.20] G1[0.11] A1[0.53] G2[0.11];0.20;0.41;0.04;0.65;0.34;0.00;0.87;0.11;0.1386;0.2162;1
22;22;Agent_1;orders came from the seed rule base (rules as-is);0;0;R7[0.07] R20[0.24] R26[0.20] A1[0.53];0.20;0.39;0.04;0.51;0.33;0.00;0.76;0.11;0.3102;0.2958;1
22;22;Agent_1;orders came from the seed rule base (rules as-is);0;0;R7[0.07] R20[0.21] R26[0.20] G1[0.11] A1[0.53];0.20;0.41;0.04;0.57;0.31;0.00;0.85;0.11;0.1426;0.2172;1
22;22;Agent_1;orders came from the seed rule base (rules as-is);0;0;R7[0.07] R20[0.21] R26[0.20] G1[0.11] A1[0.53] G2[0.11];0.20;0.41;0.04;0.65;0.34;0.00;0.87;0.11;0.1424;0.2173;1
23;23;Agent_1;orders came from the seed rule base (rules as-is);0;0;R7[0.07] R20[0.25] R26[0.20] A1[0.53];0.20;0.40;0.04;0.51;0.33;0.00;0.75;0.10;0.3104;0.2960;1
23;23;Agent_1;orders came from the seed rule base (rules as-is);0;0;R7[0.07] R20[0.21] R26[0.20] G1[0.11] A1[0.53];0.20;0.41;0.04;0.57;0.31;0.00;0.85;0.10;0.1526;0.2181;1
23;23;Agent_1;orders came from the seed rule base (rules as-is);0;0;R7[0.07] R20[0.21] R26[0.20] G1[0.11] A1[0.53] G2[0.11];0.20;0.41;0.04;0.65;0.34;0.00;0.87;0.10;0.1525;0.2182;1
24;24;Agent_1;orders came from the seed rule base (rules as-is);0;0;R7[0.07] R20[0.26] R26[0.19] A1[0.53];0.19;0.42;0.04;0.51;0.33;0.00;0.75;0.10;0.3106;0.2963;1
24;24;Agent_1;orders came from the seed rule base (rules as-is);0;0;R7[0.07] R20[0.21] R26[0.19] G1[0.11] A1[0.53];0.19;0.41;0.04;0.57;0.31;0.00;0.85;0.10;0.1709;0.2161;1
24;24;Agent_1;orders came from the seed rule base (rules as-is);0;0;R7[0.07] R20[0.21] R26[0.19] G1[0.11] A1[0.53] G2[0.11];0.19;0.41;0.04;0.65;0.34;0.00;0.87;0.10;0.1707;0.2163;1
25;25;Agent_1;orders came from the seed rule base (rules as-is);0;0;R7[0.07] R20[0.27] R26[0.19] A1[0.53];0.19;0.43;0.04;0.51;0.33;0.00;0.75;0.10;0.3106;0.2966;1
25;25;Agent_1;orders came from the seed rule base (rules as-is);0;0;R7[0.07] R20[0.21] R26[0.19] G1[0.11] A1[0.53];0.19;0.40;0.04;0.57;0.31;0.00;0.85;0.10;0.1757;0.2175;1
25;25;Agent_1;orders came from the seed rule base (rules as-is);0;0;R7[0.07] R20[0.21] R26[0.19] G1[0.11] A1[0.53] G2[0.11];0.19;0.40;0.04;0.65;0.34;0.00;0.87;0.10;0.1755;0.2176;1
26;26;Agent_1;orders came from the seed rule base (rules as-is);0;0;R7[0.07] R20[0.29] R26[0.19] A1[0.53];0.19;0.44;0.04;0.51;0.33;0.00;0.76;0.10;0.3108;0.2968;1
26;26;Agent_1;orders came from the seed rule base (rules as-is);0;0;R7[0.07] R20[0.21] R26[0.19] G1[0.11] A1[0.53];0.19;0.40;0.04;0.57;0.31;0.00;0.85;0.10;0.1354;0.2176;1
26;26;Agent_1;orders came from the seed rule base (rules as-is);0;0;R7[0.07] R20[0.21] R26[0.19] G1[0.11] A1[0.53] G2[0.11];0.19;0.40;0.04;0.65;0.34;0.00;0.87;0.10;0.1352;0.2177;1
27;27;Agent_1;orders came from the seed rule base (rules as-is);0;0;R7[0.07] R20[0.30] R26[0.19] A1[0.53];0.19;0.45;0.04;0.51;0.33;0.00;0.76;0.10;0.3110;0.2971;1
27;27;Agent_1;orders came from the seed rule base (rules as-is);0;0;R7[0.07] R20[0.21] R26[0.19] G1[0.11] A1[0.53];0.19;0.40;0.04;0.57;0.31;0.00;0.85;0.10;0.1387;0.2167;1
27;27;Agent_1;orders came from the seed rule base (rules as-is);0;0;R7[0.07] R20[0.21] R26[0.19] G1[0.11] A1[0.53] G2[0.11];0.19;0.40;0.04;0.65;0.34;0.00;0.87;0.10;0.1386;0.2168;1
28;28;Agent_1;orders came from the seed rule base (rules as-is);0;0;R7[0.07] R20[0.30] R26[0.19] A1[0.53];0.19;0.46;0.04;0.51;0.33;0.00;0.76;0.10;0.3114;0.2974;1
28;28;Agent_1;orders came from the seed rule base (rules as-is);0;0;R7[0.07] R20[0.21] R26[0.19] G1[0.11] A1[0.53];0.19;0.40;0.04;0.57;0.31;0.00;0.85;0.10;0.1410;0.2173;1
28;28;Agent_1;orders came from the seed rule base (rules as-is);0;0;R7[0.07] R20[0.21] R26[0.19] G1[0.11] A1[0.53] G2[0.11];0.19;0.40;0.04;0.65;0.34;0.00;0.87;0.10;0.1408;0.2174;1
29;29;Agent_1;orders came from the seed rule base (rules as-is);0;0;R7[0.07] R20[0.31] R26[0.19] A1[0.53];0.19;0.46;0.04;0.51;0.33;0.00;0.76;0.10;0.3112;0.2977;1
29;29;Agent_1;orders came from the seed rule base (rules as-is);0;0;R7[0.07] R20[0.20] R26[0.19] G1[0.11] A1[0.53];0.19;0.40;0.04;0.57;0.31;0.00;0.85;0.10;0.1385;0.2166;1
29;29;Agent_1;orders came from the seed rule base (rules as-is);0;0;R7[0.07] R20[0.20] R26[0.19] G1[0.11] A1[0.53] G2[0.11];0.19;0.40;0.04;0.64;0.34;0.00;0.87;0.10;0.1383;0.2167;1
30;30;Agent_1;RL selected stage 1 [evFIS] (deficit bucket: low) → ACCEPTED: A1 consequents -0.05;1;1;R7[0.07] R20[0.31] R26[0.19] A1[0.53];0.19;0.47;0.04;0.48;0.31;0.00;0.75;0.10;0.3113;0.2980;1
30;30;Agent_1;orders came from the seed rule base (rules as-is);0;0;R7[0.07] R20[0.20] R26[0.19] G1[0.11] A1[0.53];0.19;0.40;0.04;0.57;0.31;0.00;0.85;0.10;0.1781;0.2162;1
30;30;Agent_1;orders came from the seed rule base (rules as-is);0;0;R7[0.07] R20[0.20] R26[0.19] G1[0.11] A1[0.53] G2[0.11];0.19;0.40;0.04;0.64;0.34;0.00;0.87;0.10;0.1780;0.2163;1
31;31;Agent_1;orders came from the seed rule base (rules as-is);0;0;R7[0.07] R20[0.32] R26[0.19] A1[0.53];0.19;0.47;0.04;0.48;0.31;0.00;0.75;0.10;0.3114;0.2983;1
31;31;Agent_1;orders came from the seed rule base (rules as-is);0;0;R7[0.07] R20[0.20] R26[0.19] G1[0.11] A1[0.53];0.19;0.40;0.04;0.57;0.31;0.00;0.85;0.10;0.1775;0.2273;1
31;31;Agent_1;orders came from the seed rule base (rules as-is);0;0;R7[0.07] R20[0.20] R26[0.19] G1[0.11] A1[0.53] G2[0.11];0.19;0.40;0.04;0.64;0.34;0.00;0.87;0.10;0.1774;0.2275;1
32;32;Agent_1;orders came from the seed rule base (rules as-is);0;0;R7[0.07] R20[0.32] R26[0.19] A1[0.53];0.19;0.47;0.04;0.48;0.31;0.00;0.75;0.10;0.3114;0.2986;1
32;32;Agent_1;orders came from the seed rule base (rules as-is);0;0;R7[0.07] R20[0.20] R26[0.19] G1[0.10] A1[0.53];0.19;0.39;0.04;0.57;0.31;0.00;0.85;0.10;0.1814;0.2143;1
32;32;Agent_1;orders came from the seed rule base (rules as-is);0;0;R7[0.07] R20[0.20] R26[0.19] G1[0.10] A1[0.53] G2[0.11];0.19;0.39;0.04;0.64;0.34;0.00;0.87;0.10;0.1812;0.2145;1
33;33;Agent_1;orders came from the seed rule base (rules as-is);0;0;R7[0.07] R20[0.32] R26[0.19] A1[0.53];0.19;0.47;0.04;0.48;0.31;0.00;0.75;0.10;0.3116;0.2989;1
33;33;Agent_1;orders came from the seed rule base (rules as-is);0;0;R7[0.07] R20[0.20] R26[0.19] G1[0.10] A1[0.53];0.19;0.39;0.04;0.57;0.31;0.00;0.85;0.10;0.1783;0.2244;1
33;33;Agent_1;orders came from the seed rule base (rules as-is);0;0;R7[0.07] R20[0.20] R26[0.19] G1[0.10] A1[0.53] G2[0.11];0.19;0.39;0.04;0.64;0.34;0.00;0.87;0.10;0.1781;0.2246;1
34;34;Agent_1;orders came from the seed rule base (rules as-is);0;0;R7[0.07] R20[0.32] R26[0.19] A1[0.53];0.19;0.47;0.04;0.48;0.31;0.00;0.75;0.10;0.3117;0.2992;1
34;34;Agent_1;orders came from the seed rule base (rules as-is);0;0;R7[0.07] R20[0.20] R26[0.19] G1[0.10] A1[0.53];0.19;0.39;0.04;0.57;0.31;0.00;0.85;0.10;0.1519;0.2249;1
34;34;Agent_1;orders came from the seed rule base (rules as-is);0;0;R7[0.07] R20[0.20] R26[0.19] G1[0.10] A1[0.53] G2[0.11];0.19;0.39;0.04;0.64;0.34;0.00;0.87;0.10;0.1518;0.2251;1
35;35;Agent_1;orders came from the seed rule base (rules as-is);0;0;R7[0.07] R20[0.32] R26[0.19] A1[0.53];0.19;0.47;0.04;0.48;0.31;0.00;0.75;0.10;0.3119;0.2995;1
35;35;Agent_1;orders came from the seed rule base (rules as-is);0;0;R7[0.07] R20[0.20] R26[0.19] G1[0.10] A1[0.53];0.19;0.39;0.04;0.57;0.31;0.00;0.85;0.10;0.1540;0.2250;1
35;35;Agent_1;orders came from the seed rule base (rules as-is);0;0;R7[0.07] R20[0.20] R26[0.19] G1[0.10] A1[0.53] G2[0.11];0.19;0.39;0.04;0.64;0.34;0.00;0.87;0.10;0.1539;0.2252;1
36;36;Agent_1;orders came from the seed rule base (rules as-is);0;0;R7[0.07] R20[0.32] R26[0.19] A1[0.53];0.19;0.47;0.04;0.48;0.31;0.00;0.75;0.09;0.3121;0.2998;1
36;36;Agent_1;orders came from the seed rule base (rules as-is);0;0;R7[0.07] R20[0.20] R26[0.19] G1[0.10] A1[0.53];0.19;0.39;0.04;0.57;0.31;0.00;0.85;0.09;0.1556;0.2249;1
36;36;Agent_1;orders came from the seed rule base (rules as-is);0;0;R7[0.07] R20[0.20] R26[0.19] G1[0.10] A1[0.53] G2[0.11];0.19;0.39;0.04;0.64;0.34;0.00;0.87;0.09;0.1555;0.2251;1
37;37;Agent_1;orders came from the seed rule base (rules as-is);0;0;R7[0.07] R20[0.32] R26[0.19] A1[0.53];0.19;0.47;0.04;0.48;0.31;0.00;0.75;0.09;0.3123;0.3001;1
37;37;Agent_1;orders came from the seed rule base (rules as-is);0;0;R7[0.07] R20[0.20] R26[0.19] G1[0.10] A1[0.53];0.19;0.39;0.04;0.56;0.31;0.00;0.85;0.09;0.1518;0.2257;1
37;37;Agent_1;orders came from the seed rule base (rules as-is);0;0;R7[0.07] R20[0.20] R26[0.19] G1[0.10] A1[0.53] G2[0.11];0.19;0.39;0.04;0.64;0.34;0.00;0.87;0.09;0.1517;0.2259;1
38;38;Agent_1;orders came from the seed rule base (rules as-is);0;0;R7[0.07] R20[0.32] R26[0.19] A1[0.53];0.19;0.47;0.04;0.48;0.31;0.00;0.75;0.09;0.3126;0.3004;1
38;38;Agent_1;orders came from the seed rule base (rules as-is);0;0;R7[0.07] R20[0.20] R26[0.19] G1[0.10] A1[0.53];0.19;0.38;0.04;0.56;0.31;0.00;0.85;0.09;0.1448;0.2209;1
38;38;Agent_1;orders came from the seed rule base (rules as-is);0;0;R7[0.07] R20[0.20] R26[0.19] G1[0.10] A1[0.53] G2[0.11];0.19;0.38;0.04;0.64;0.34;0.00;0.87;0.09;0.1447;0.2211;1
39;39;Agent_1;orders came from the seed rule base (rules as-is);0;0;R7[0.07] R20[0.32] R26[0.19] A1[0.53];0.19;0.47;0.04;0.48;0.31;0.00;0.75;0.09;0.3129;0.3007;1
39;39;Agent_1;orders came from the seed rule base (rules as-is);0;0;R7[0.07] R20[0.20] R26[0.19] G1[0.10] A1[0.53];0.19;0.38;0.04;0.56;0.31;0.00;0.85;0.09;0.1418;0.2195;1
39;39;Agent_1;orders came from the seed rule base (rules as-is);0;0;R7[0.07] R20[0.20] R26[0.19] G1[0.10] A1[0.53] G2[0.11];0.19;0.38;0.04;0.64;0.34;0.00;0.87;0.09;0.1417;0.2197;1
40;40;Agent_1;RL selected stage 1 [evFIS] (deficit bucket: low) → rejected (no improving perturbation found | seed-base decision stands, its orders are applied);1;0;R7[0.07] R20[0.32] R26[0.18] A1[0.53];0.18;0.47;0.04;0.48;0.31;0.00;0.75;0.09;0.3131;0.3010;1
40;40;Agent_1;orders came from the seed rule base (rules as-is);0;0;R7[0.07] R20[0.20] R26[0.18] G1[0.10] A1[0.53];0.18;0.38;0.04;0.56;0.31;0.00;0.85;0.09;0.1430;0.2143;1
40;40;Agent_1;orders came from the seed rule base (rules as-is);0;0;R7[0.07] R20[0.20] R26[0.18] G1[0.10] A1[0.53] G2[0.11];0.18;0.38;0.04;0.64;0.34;0.00;0.87;0.09;0.1429;0.2145;1
41;41;Agent_1;orders came from the seed rule base (rules as-is);0;0;R7[0.07] R20[0.32] R26[0.18] A1[0.53];0.18;0.47;0.04;0.48;0.31;0.00;0.75;0.09;0.3134;0.3013;1
41;41;Agent_1;orders came from the seed rule base (rules as-is);0;0;R7[0.07] R20[0.19] R26[0.18] G1[0.10] A1[0.53];0.18;0.38;0.04;0.56;0.31;0.00;0.85;0.09;0.1437;0.2195;1
41;41;Agent_1;orders came from the seed rule base (rules as-is);0;0;R7[0.07] R20[0.19] R26[0.18] G1[0.10] A1[0.53] G2[0.11];0.18;0.38;0.04;0.64;0.34;0.00;0.87;0.09;0.1436;0.2197;1
42;42;Agent_1;orders came from the seed rule base (rules as-is);0;0;R7[0.07] R20[0.32] R26[0.18] A1[0.53];0.18;0.47;0.04;0.48;0.31;0.00;0.75;0.09;0.3137;0.3016;1
42;42;Agent_1;orders came from the seed rule base (rules as-is);0;0;R7[0.07] R20[0.19] R26[0.18] G1[0.10] A1[0.53];0.18;0.38;0.04;0.56;0.31;0.00;0.85;0.09;0.1428;0.2091;1
42;42;Agent_1;orders came from the seed rule base (rules as-is);0;0;R7[0.07] R20[0.19] R26[0.18] G1[0.10] A1[0.53] G2[0.11];0.18;0.38;0.04;0.64;0.34;0.00;0.87;0.09;0.1427;0.2093;1
43;43;Agent_1;orders came from the seed rule base (rules as-is);0;0;R7[0.07] R20[0.32] R26[0.18] A1[0.53];0.18;0.46;0.04;0.48;0.31;0.00;0.75;0.09;0.3140;0.3019;1
43;43;Agent_1;orders came from the seed rule base (rules as-is);0;0;R7[0.07] R20[0.19] R26[0.18] G1[0.10] A1[0.53];0.18;0.38;0.04;0.56;0.31;0.00;0.85;0.09;0.1440;0.2075;1
43;43;Agent_1;orders came from the seed rule base (rules as-is);0;0;R7[0.07] R20[0.19] R26[0.18] G1[0.10] A1[0.53] G2[0.11];0.18;0.38;0.04;0.64;0.34;0.00;0.87;0.09;0.1439;0.2077;1
44;44;Agent_1;orders came from the seed rule base (rules as-is);0;0;R7[0.07] R20[0.32] R26[0.18] A1[0.53];0.18;0.46;0.04;0.48;0.31;0.00;0.75;0.09;0.3143;0.3022;1
44;44;Agent_1;orders came from the seed rule base (rules as-is);0;0;R7[0.07] R20[0.19] R26[0.18] G1[0.10] A1[0.53];0.18;0.38;0.04;0.56;0.31;0.00;0.85;0.09;0.1430;0.2059;1
44;44;Agent_1;orders came from the seed rule base (rules as-is);0;0;R7[0.07] R20[0.19] R26[0.18] G1[0.10] A1[0.53] G2[0.11];0.18;0.38;0.04;0.64;0.34;0.00;0.87;0.09;0.1430;0.2061;1
45;45;Agent_1;orders came from the seed rule base (rules as-is);0;0;R7[0.07] R20[0.32] R26[0.18] A1[0.53];0.18;0.46;0.04;0.48;0.31;0.00;0.75;0.09;0.3146;0.3025;1
45;45;Agent_1;orders came from the seed rule base (rules as-is);0;0;R7[0.07] R20[0.19] R26[0.18] G1[0.10] A1[0.53];0.18;0.37;0.04;0.56;0.31;0.00;0.85;0.09;0.1383;0.2086;1
45;45;Agent_1;orders came from the seed rule base (rules as-is);0;0;R7[0.07] R20[0.19] R26[0.18] G1[0.10] A1[0.53] G2[0.11];0.18;0.37;0.04;0.64;0.34;0.00;0.87;0.09;0.1383;0.2088;1
46;46;Agent_1;orders came from the seed rule base (rules as-is);0;0;R7[0.07] R20[0.31] R26[0.18] A1[0.53];0.18;0.46;0.04;0.48;0.31;0.00;0.75;0.09;0.3149;0.3028;1
46;46;Agent_1;orders came from the seed rule base (rules as-is);0;0;R7[0.07] R20[0.19] R26[0.18] G1[0.10] A1[0.53];0.18;0.37;0.04;0.56;0.31;0.00;0.85;0.09;0.1396;0.2178;1
46;46;Agent_1;orders came from the seed rule base (rules as-is);0;0;R7[0.07] R20[0.19] R26[0.18] G1[0.10] A1[0.53] G2[0.11];0.18;0.37;0.04;0.64;0.34;0.00;0.87;0.09;0.1395;0.2180;1
47;47;Agent_1;orders came from the seed rule base (rules as-is);0;0;R7[0.07] R20[0.31] R26[0.18] A1[0.53];0.18;0.46;0.04;0.48;0.31;0.00;0.75;0.09;0.3152;0.3031;1
47;47;Agent_1;orders came from the seed rule base (rules as-is);0;0;R7[0.07] R20[0.19] R26[0.18] G1[0.10] A1[0.53];0.18;0.37;0.04;0.56;0.31;0.00;0.85;0.09;0.1413;0.2042;1
47;47;Agent_1;orders came from the seed rule base (rules as-is);0;0;R7[0.07] R20[0.19] R26[0.18] G1[0.10] A1[0.53] G2[0.11];0.18;0.37;0.04;0.64;0.34;0.00;0.87;0.09;0.1413;0.2044;1
48;48;Agent_1;orders came from the seed rule base (rules as-is);0;0;R7[0.07] R20[0.31] R26[0.18] A1[0.53];0.18;0.46;0.04;0.48;0.31;0.00;0.75;0.09;0.3155;0.3034;1
48;48;Agent_1;orders came from the seed rule base (rules as-is);0;0;R7[0.07] R20[0.19] R26[0.18] G1[0.10] A1[0.53];0.18;0.37;0.04;0.56;0.31;0.00;0.85;0.09;0.1382;0.2106;1
48;48;Agent_1;orders came from the seed rule base (rules as-is);0;0;R7[0.07] R20[0.19] R26[0.18] G1[0.10] A1[0.53] G2[0.11];0.18;0.37;0.04;0.64;0.34;0.00;0.87;0.09;0.1382;0.2108;1
49;49;Agent_1;orders came from the seed rule base (rules as-is);0;0;R7[0.07] R20[0.31] R26[0.18] A1[0.53];0.18;0.45;0.04;0.48;0.31;0.00;0.75;0.09;0.3158;0.3037;1
49;49;Agent_1;orders came from the seed rule base (rules as-is);0;0;R7[0.07] R20[0.19] R26[0.18] G1[0.10] A1[0.53];0.18;0.37;0.04;0.56;0.31;0.00;0.85;0.09;0.1372;0.2104;1
49;49;Agent_1;orders came from the seed rule base (rules as-is);0;0;R7[0.07] R20[0.19] R26[0.18] G1[0.10] A1[0.53] G2[0.11];0.18;0.37;0.04;0.64;0.34;0.00;0.87;0.09;0.1372;0.2107;1
50;50;Agent_1;RL selected stage 1 [evFIS] (deficit bucket: low) → rejected (no improving perturbation found | seed-base decision stands, its orders are applied);1;0;R7[0.07] R20[0.31] R26[0.18] A1[0.53];0.18;0.45;0.04;0.48;0.31;0.00;0.75;0.09;0.3161;0.3040;1
50;50;Agent_1;orders came from the seed rule base (rules as-is);0;0;R7[0.07] R20[0.19] R26[0.18] G1[0.10] A1[0.53];0.18;0.37;0.04;0.56;0.31;0.00;0.85;0.09;0.1362;0.2080;1
50;50;Agent_1;orders came from the seed rule base (rules as-is);0;0;R7[0.07] R20[0.19] R26[0.18] G1[0.10] A1[0.53] G2[0.11];0.18;0.37;0.04;0.64;0.34;0.00;0.87;0.09;0.1362;0.2083;1
51;51;Agent_1;orders came from the seed rule base (rules as-is);0;0;R7[0.07] R20[0.31] R26[0.18] A1[0.53];0.18;0.45;0.04;0.48;0.31;0.00;0.75;0.08;0.3164;0.3043;1
51;51;Agent_1;orders came from the seed rule base (rules as-is);0;0;R7[0.07] R20[0.19] R26[0.18] G1[0.10] A1[0.53];0.18;0.36;0.04;0.56;0.31;0.00;0.85;0.08;0.1347;0.2120;1
51;51;Agent_1;orders came from the seed rule base (rules as-is);0;0;R7[0.07] R20[0.19] R26[0.18] G1[0.10] A1[0.53] G2[0.11];0.18;0.36;0.04;0.64;0.34;0.00;0.87;0.08;0.1347;0.2123;1
52;52;Agent_1;orders came from the seed rule base (rules as-is);0;0;R7[0.07] R20[0.31] R26[0.18] A1[0.53];0.18;0.45;0.04;0.48;0.31;0.00;0.75;0.08;0.3167;0.3046;1
52;52;Agent_1;orders came from the seed rule base (rules as-is);0;0;R7[0.07] R20[0.19] R26[0.18] G1[0.10] A1[0.53];0.18;0.36;0.04;0.56;0.31;0.00;0.85;0.08;0.1370;0.2065;1
52;52;Agent_1;orders came from the seed rule base (rules as-is);0;0;R7[0.07] R20[0.19] R26[0.18] G1[0.10] A1[0.53] G2[0.11];0.18;0.36;0.04;0.64;0.34;0.00;0.87;0.08;0.1370;0.2068;1
53;53;Agent_1;orders came from the seed rule base (rules as-is);0;0;R7[0.07] R20[0.31] R26[0.17] A1[0.53];0.17;0.45;0.04;0.48;0.31;0.00;0.75;0.08;0.3170;0.3049;1
53;53;Agent_1;orders came from the seed rule base (rules as-is);0;0;R7[0.07] R20[0.19] R26[0.17] G1[0.10] A1[0.53];0.17;0.36;0.04;0.56;0.31;0.00;0.85;0.08;0.1469;0.2072;1
53;53;Agent_1;orders came from the seed rule base (rules as-is);0;0;R7[0.07] R20[0.19] R26[0.17] G1[0.10] A1[0.53] G2[0.11];0.17;0.36;0.04;0.64;0.34;0.00;0.87;0.08;0.1469;0.2075;1
54;54;Agent_1;orders came from the seed rule base (rules as-is);0;0;R7[0.07] R20[0.31] R26[0.17] A1[0.53];0.17;0.44;0.04;0.48;0.31;0.00;0.75;0.08;0.3173;0.3052;1
54;54;Agent_1;orders came from the seed rule base (rules as-is);0;0;R7[0.07] R20[0.18] R26[0.17] G1[0.10] A1[0.53];0.17;0.36;0.04;0.56;0.31;0.00;0.85;0.08;0.1362;0.2321;1
54;54;Agent_1;orders came from the seed rule base (rules as-is);0;0;R7[0.07] R20[0.18] R26[0.17] G1[0.10] A1[0.53] G2[0.11];0.17;0.36;0.04;0.64;0.34;0.00;0.87;0.08;0.1362;0.2324;1
55;55;Agent_1;orders came from the seed rule base (rules as-is);0;0;R7[0.07] R20[0.30] R26[0.17] A1[0.53];0.17;0.44;0.04;0.48;0.31;0.00;0.75;0.08;0.3176;0.3055;1
55;55;Agent_1;orders came from the seed rule base (rules as-is);0;0;R7[0.07] R20[0.18] R26[0.17] G1[0.09] A1[0.53];0.17;0.36;0.04;0.56;0.31;0.00;0.85;0.08;0.1323;0.2088;1
55;55;Agent_1;orders came from the seed rule base (rules as-is);0;0;R7[0.07] R20[0.18] R26[0.17] G1[0.09] A1[0.53] G2[0.11];0.17;0.36;0.04;0.64;0.34;0.00;0.87;0.08;0.1323;0.2091;1
0;0;Agent_1;RL selected stage 3 [GenAI] (deficit bucket: low) → ACCEPTED: G1: G1: IF asset exposure risk is VH AND intervention urgency is VL THEN asset protection 0.8, resource deployment 0.4 (adaptation-born: generative (template), gates G1-G4);3;3;R7[0.07] R20[0.19] G1[0.38];0.00;0.33;0.04;0.36;0.00;0.00;0.73;0.00;0.2898;0.2819;1
0;0;Agent_1;RL selected stage 1 [evFIS] (deficit bucket: low) → rejected (no improving perturbation found | seed-base decision stands, its orders are applied);1;0;R7[0.07] R20[0.19] G1[0.54] A1[0.53];0.00;0.39;0.04;0.81;0.31;0.00;0.87;0.00;0.1795;0.1718;1
0;0;Agent_1;RL selected stage 3 [GenAI] (deficit bucket: low) → ACCEPTED: G2: G2: IF asset exposure risk is VH AND evacuation pressure is VL THEN asset protection 0.7, evacuation 0.3 (adaptation-born: generative (template), gates G1-G4);3;3;R7[0.07] R20[0.19] G1[0.54] A1[0.53] G2[0.40];0.00;0.39;0.04;0.78;0.43;0.00;0.86;0.00;0.1795;0.1718;1
0;0;Agent_1;RL selected stage 1 [evFIS] (deficit bucket: low) → rejected (no improving perturbation found | seed-base decision stands, its orders are applied);1;0;R7[0.07] R20[0.19] G1[0.54] A1[0.53] G2[0.40];0.00;0.39;0.04;0.78;0.43;0.00;0.86;0.00;0.2395;0.2318;1
1;1;Agent_1;orders came from the seed rule base (rules as-is);0;0;R7[0.07] R20[0.17] G1[0.34];0.00;0.30;0.04;0.33;0.00;0.00;0.76;0.00;0.2941;0.2843;1
1;1;Agent_1;orders came from the seed rule base (rules as-is);0;0;R7[0.07] R20[0.17] G1[0.49] A1[0.49];0.00;0.35;0.04;0.81;0.28;0.00;0.87;0.00;0.1860;0.1775;1
1;1;Agent_1;orders came from the seed rule base (rules as-is);0;0;R7[0.07] R20[0.17] G1[0.49] A1[0.49] G2[0.36];0.00;0.35;0.04;0.78;0.40;0.00;0.85;0.00;0.1860;0.1775;1
1;1;Agent_1;orders came from the seed rule base (rules as-is);0;0;R7[0.07] R20[0.17] G1[0.49] A1[0.49] G2[0.36];0.00;0.35;0.04;0.78;0.40;0.00;0.85;0.00;0.2476;0.2357;1
2;2;Agent_1;orders came from the seed rule base (rules as-is);0;0;R7[0.07] R20[0.16] G1[0.32];0.00;0.28;0.04;0.32;0.00;0.00;0.70;0.12;0.2958;0.2861;1
2;2;Agent_1;orders came from the seed rule base (rules as-is);0;0;R7[0.07] R20[0.16] G1[0.47] A1[0.53];0.00;0.34;0.04;0.81;0.31;0.00;0.89;0.12;0.1916;0.1837;1
2;2;Agent_1;orders came from the seed rule base (rules as-is);0;0;R7[0.07] R20[0.16] G1[0.47] A1[0.53] G2[0.44];0.00;0.34;0.04;0.78;0.45;0.00;0.89;0.12;0.1916;0.1837;1
2;2;Agent_1;orders came from the seed rule base (rules as-is);0;0;R7[0.07] R20[0.16] G1[0.47] A1[0.53] G2[0.44];0.00;0.34;0.04;0.78;0.45;0.00;0.89;0.12;0.2508;0.2397;1
3;3;Agent_1;orders came from the seed rule base (rules as-is);0;0;R7[0.07] R20[0.17] R26[0.04] G1[0.25];0.04;0.30;0.04;0.26;0.00;0.00;0.62;0.12;0.3009;0.2878;1
3;3;Agent_1;orders came from the seed rule base (rules as-is);0;0;R7[0.07] R20[0.17] R26[0.04] G1[0.40] A1[0.53];0.04;0.36;0.04;0.80;0.31;0.00;0.86;0.12;0.1809;0.1885;1
3;3;Agent_1;orders came from the seed rule base (rules as-is);0;0;R7[0.07] R20[0.17] R26[0.04] G1[0.40] A1[0.53] G2[0.12];0.04;0.36;0.04;0.80;0.34;0.00;0.87;0.12;0.1809;0.1885;1
3;3;Agent_1;orders came from the seed rule base (rules as-is);0;0;R7[0.07] R20[0.17] R26[0.04] G1[0.40] A1[0.53] G2[0.12];0.04;0.36;0.04;0.80;0.34;0.00;0.87;0.12;0.2322;0.2433;1
4;4;Agent_1;orders came from the seed rule base (rules as-is);0;0;R7[0.07] R20[0.18] R26[0.08] G1[0.20];0.08;0.32;0.04;0.22;0.00;0.00;0.61;0.12;0.3027;0.2885;1
4;4;Agent_1;orders came from the seed rule base (rules as-is);0;0;R7[0.07] R20[0.18] R26[0.08] G1[0.34] A1[0.53];0.08;0.37;0.04;0.75;0.31;0.00;0.88;0.12;0.1757;0.1963;1
4;4;Agent_1;orders came from the seed rule base (rules as-is);0;0;R7[0.07] R20[0.18] R26[0.08] G1[0.34] A1[0.53] G2[0.11];0.08;0.37;0.04;0.80;0.34;0.00;0.88;0.12;0.1756;0.1963;1
4;4;Agent_1;orders came from the seed rule base (rules as-is);0;0;R7[0.07] R20[0.18] R26[0.08] G1[0.34] A1[0.53] G2[0.11];0.08;0.37;0.04;0.80;0.34;0.00;0.87;0.12;0.2297;0.2478;1
5;5;Agent_1;orders came from the seed rule base (rules as-is);0;0;R7[0.07] R20[0.19] R26[0.11] G1[0.16];0.11;0.34;0.04;0.19;0.00;0.00;0.60;0.12;0.3054;0.2902;1
5;5;Agent_1;orders came from the seed rule base (rules as-is);0;0;R7[0.07] R20[0.19] R26[0.11] G1[0.29] A1[0.53];0.11;0.39;0.04;0.72;0.31;0.00;0.87;0.12;0.1785;0.2004;1
5;5;Agent_1;orders came from the seed rule base (rules as-is);0;0;R7[0.07] R20[0.19] R26[0.11] G1[0.29] A1[0.53] G2[0.11];0.11;0.39;0.04;0.79;0.34;0.00;0.88;0.12;0.1783;0.2004;1
5;5;Agent_1;orders came from the seed rule base (rules as-is);0;0;R7[0.07] R20[0.19] R26[0.11] G1[0.29] A1[0.53] G2[0.11];0.11;0.39;0.04;0.79;0.34;0.00;0.88;0.12;0.2321;0.2492;1
6;6;Agent_1;orders came from the seed rule base (rules as-is);0;0;R7[0.07] R20[0.20] R26[0.13] G1[0.13];0.13;0.34;0.04;0.16;0.00;0.00;0.60;0.12;0.3059;0.2906;1
6;6;Agent_1;orders came from the seed rule base (rules as-is);0;0;R7[0.07] R20[0.20] R26[0.13] G1[0.25] A1[0.53];0.13;0.39;0.04;0.69;0.31;0.00;0.87;0.12;0.1784;0.2013;1
6;6;Agent_1;orders came from the seed rule base (rules as-is);0;0;R7[0.07] R20[0.20] R26[0.13] G1[0.25] A1[0.53] G2[0.11];0.13;0.39;0.04;0.76;0.34;0.00;0.89;0.12;0.1782;0.2013;1
6;6;Agent_1;orders came from the seed rule base (rules as-is);0;0;R7[0.07] R20[0.20] R26[0.13] G1[0.25] A1[0.53] G2[0.11];0.13;0.39;0.04;0.76;0.34;0.00;0.89;0.12;0.2293;0.2517;1
7;7;Agent_1;orders came from the seed rule base (rules as-is);0;0;R7[0.07] R20[0.20] R26[0.14] G1[0.10];0.14;0.35;0.04;0.14;0.00;0.00;0.59;0.12;0.3075;0.2914;1
7;7;Agent_1;orders came from the seed rule base (rules as-is);0;0;R7[0.07] R20[0.20] R26[0.14] G1[0.23] A1[0.53];0.14;0.40;0.04;0.66;0.31;0.00;0.86;0.12;0.1416;0.2037;1
7;7;Agent_1;orders came from the seed rule base (rules as-is);0;0;R7[0.07] R20[0.20] R26[0.14] G1[0.23] A1[0.53] G2[0.11];0.14;0.40;0.04;0.74;0.34;0.00;0.89;0.12;0.1414;0.2037;1
7;7;Agent_1;orders came from the seed rule base (rules as-is);0;0;R7[0.07] R20[0.20] R26[0.14] G1[0.23] A1[0.53] G2[0.11];0.14;0.40;0.04;0.74;0.34;0.00;0.89;0.12;0.2139;0.2542;1
8;8;Agent_1;orders came from the seed rule base (rules as-is);0;0;R7[0.07] R20[0.20] R26[0.16] G1[0.08];0.15;0.35;0.04;0.12;0.00;0.00;0.59;0.12;0.3082;0.2921;1
8;8;Agent_1;orders came from the seed rule base (rules as-is);0;0;R7[0.07] R20[0.20] R26[0.16] G1[0.20] A1[0.53];0.16;0.41;0.04;0.64;0.31;0.00;0.86;0.12;0.1221;0.2080;1
8;8;Agent_1;orders came from the seed rule base (rules as-is);0;0;R7[0.07] R20[0.20] R26[0.16] G1[0.20] A1[0.53] G2[0.11];0.16;0.41;0.04;0.72;0.34;0.00;0.89;0.12;0.1219;0.2080;1
8;8;Agent_1;orders came from the seed rule base (rules as-is);0;0;R7[0.07] R20[0.20] R26[0.16] G1[0.20] A1[0.53] G2[0.11];0.16;0.41;0.04;0.72;0.34;0.00;0.89;0.12;0.1933;0.2558;1
9;9;Agent_1;orders came from the seed rule base (rules as-is);0;0;R7[0.07] R20[0.21] R26[0.17] G1[0.06];0.16;0.36;0.04;0.11;0.00;0.00;0.59;0.12;0.3090;0.2926;1
9;9;Agent_1;orders came from the seed rule base (rules as-is);0;0;R7[0.07] R20[0.21] R26[0.17] G1[0.18] A1[0.53];0.17;0.41;0.04;0.63;0.31;0.00;0.86;0.12;0.1247;0.2086;1
9;9;Agent_1;orders came from the seed rule base (rules as-is);0;0;R7[0.07] R20[0.21] R26[0.17] G1[0.18] A1[0.53] G2[0.11];0.17;0.41;0.04;0.71;0.34;0.00;0.88;0.12;0.1244;0.2086;1
9;9;Agent_1;orders came from the seed rule base (rules as-is);0;0;R7[0.07] R20[0.21] R26[0.17] G1[0.18] A1[0.53] G2[0.11];0.17;0.41;0.04;0.71;0.34;0.00;0.88;0.12;0.1950;0.2567;1
10;10;Agent_1;RL selected stage 2 [resolution increase] (deficit bucket: mid) → ACCEPTED: A1: A1: IF asset exposure risk is VH AND suppression feasibility is VH THEN asset protection 0.9, evacuation 0.6 (adaptation-born: resolution increase (instantiated antecedent cell));2;2;R7[0.07] R20[0.21] R26[0.17] G1[0.05] A1[0.53];0.17;0.37;0.04;0.55;0.33;0.00;0.78;0.12;0.3060;0.2928;1
10;10;Agent_1;orders came from the seed rule base (rules as-is);0;0;R7[0.07] R20[0.21] R26[0.17] G1[0.17] A1[0.53];0.17;0.41;0.04;0.62;0.31;0.00;0.85;0.12;0.1270;0.2106;1
10;10;Agent_1;orders came from the seed rule base (rules as-is);0;0;R7[0.07] R20[0.21] R26[0.17] G1[0.17] A1[0.53] G2[0.11];0.17;0.41;0.04;0.69;0.34;0.00;0.88;0.12;0.1268;0.2106;1
10;10;Agent_1;orders came from the seed rule base (rules as-is);0;0;R7[0.07] R20[0.21] R26[0.17] G1[0.17] A1[0.53] G2[0.11];0.17;0.41;0.04;0.69;0.34;0.00;0.88;0.12;0.1919;0.2569;1
11;11;Agent_1;orders came from the seed rule base (rules as-is);0;0;R7[0.07] R20[0.21] R26[0.18] G1[0.04] A1[0.53];0.18;0.37;0.04;0.54;0.33;0.00;0.78;0.11;0.3066;0.2934;1
11;11;Agent_1;orders came from the seed rule base (rules as-is);0;0;R7[0.07] R20[0.21] R26[0.18] G1[0.16] A1[0.53];0.18;0.41;0.04;0.61;0.31;0.00;0.85;0.11;0.1629;0.2104;1
11;11;Agent_1;orders came from the seed rule base (rules as-is);0;0;R7[0.07] R20[0.21] R26[0.18] G1[0.16] A1[0.53] G2[0.11];0.18;0.41;0.04;0.69;0.34;0.00;0.88;0.11;0.1627;0.2104;1
11;11;Agent_1;orders came from the seed rule base (rules as-is);0;0;R7[0.07] R20[0.21] R26[0.18] G1[0.16] A1[0.53] G2[0.11];0.18;0.41;0.04;0.69;0.34;0.00;0.88;0.11;0.1907;0.2594;1
12;12;Agent_1;orders came from the seed rule base (rules as-is);0;0;R7[0.07] R20[0.21] R26[0.18] G1[0.03] A1[0.53];0.18;0.37;0.04;0.53;0.33;0.00;0.78;0.11;0.3073;0.2935;1
12;12;Agent_1;orders came from the seed rule base (rules as-is);0;0;R7[0.07] R20[0.21] R26[0.18] G1[0.15] A1[0.53];0.18;0.42;0.04;0.60;0.31;0.00;0.85;0.11;0.1269;0.2121;1
12;12;Agent_1;orders came from the seed rule base (rules as-is);0;0;R7[0.07] R20[0.21] R26[0.18] G1[0.15] A1[0.53] G2[0.11];0.18;0.42;0.04;0.68;0.34;0.00;0.88;0.11;0.1267;0.2121;1
12;12;Agent_1;orders came from the seed rule base (rules as-is);0;0;R7[0.07] R20[0.21] R26[0.18] G1[0.15] A1[0.53] G2[0.11];0.18;0.42;0.04;0.68;0.34;0.00;0.88;0.11;0.1913;0.2588;1
13;13;Agent_1;orders came from the seed rule base (rules as-is);0;0;R7[0.07] R20[0.21] R26[0.19] G1[0.03] A1[0.53];0.19;0.37;0.04;0.53;0.33;0.00;0.77;0.11;0.3082;0.2938;1
13;13;Agent_1;orders came from the seed rule base (rules as-is);0;0;R7[0.07] R20[0.21] R26[0.19] G1[0.14] A1[0.53];0.19;0.42;0.04;0.60;0.31;0.00;0.85;0.11;0.1359;0.2124;1
13;13;Agent_1;orders came from the seed rule base (rules as-is);0;0;R7[0.07] R20[0.21] R26[0.19] G1[0.14] A1[0.53] G2[0.11];0.19;0.42;0.04;0.67;0.34;0.00;0.88;0.11;0.1357;0.2125;1
13;13;Agent_1;orders came from the seed rule base (rules as-is);0;0;R7[0.07] R20[0.21] R26[0.19] G1[0.14] A1[0.53] G2[0.11];0.19;0.42;0.04;0.67;0.34;0.00;0.88;0.11;0.1899;0.2596;1
14;14;Agent_1;orders came from the seed rule base (rules as-is);0;0;R7[0.07] R20[0.21] R26[0.19] G1[0.02] A1[0.53];0.19;0.37;0.04;0.53;0.33;0.00;0.77;0.11;0.3081;0.2942;1
14;14;Agent_1;orders came from the seed rule base (rules as-is);0;0;R7[0.07] R20[0.21] R26[0.19] G1[0.13] A1[0.53];0.19;0.42;0.04;0.59;0.31;0.00;0.85;0.11;0.1383;0.2138;1
14;14;Agent_1;orders came from the seed rule base (rules as-is);0;0;R7[0.07] R20[0.21] R26[0.19] G1[0.13] A1[0.53] G2[0.11];0.19;0.42;0.04;0.67;0.34;0.00;0.88;0.11;0.1381;0.2138;1
14;14;Agent_1;orders came from the seed rule base (rules as-is);0;0;R7[0.07] R20[0.21] R26[0.19] G1[0.13] A1[0.53] G2[0.11];0.19;0.42;0.04;0.67;0.34;0.00;0.87;0.11;0.1879;0.2621;1
15;15;Agent_1;orders came from the seed rule base (rules as-is);0;0;R7[0.07] R20[0.21] R26[0.19] G1[0.02] A1[0.53];0.19;0.37;0.04;0.52;0.33;0.00;0.77;0.11;0.3086;0.2945;1
15;15;Agent_1;orders came from the seed rule base (rules as-is);0;0;R7[0.07] R20[0.21] R26[0.19] G1[0.02] A1[0.53];0.19;0.37;0.04;0.52;0.33;0.00;0.77;0.11;0.3086;0.2945;1
15;15;Agent_1;orders came from the seed rule base (rules as-is);0;0;R7[0.07] R20[0.21] R26[0.19] G1[0.13] A1[0.53];0.19;0.42;0.04;0.59;0.31;0.00;0.85;0.11;0.1463;0.2151;1
15;15;Agent_1;orders came from the seed rule base (rules as-is);0;0;R7[0.07] R20[0.21] R26[0.19] G1[0.13] A1[0.53] G2[0.11];0.19;0.42;0.04;0.66;0.34;0.00;0.88;0.11;0.1461;0.2152;1
15;15;Agent_1;orders came from the seed rule base (rules as-is);0;0;R7[0.07] R20[0.21] R26[0.19] G1[0.13] A1[0.53] G2[0.11];0.19;0.42;0.04;0.66;0.34;0.00;0.87;0.11;0.1884;0.2645;1
16;16;Agent_1;orders came from the seed rule base (rules as-is);0;0;R7[0.07] R20[0.21] R26[0.19] G1[0.01] A1[0.53];0.19;0.37;0.04;0.52;0.33;0.00;0.77;0.11;0.3091;0.2947;1
16;16;Agent_1;orders came from the seed rule base (rules as-is);0;0;R7[0.07] R20[0.21] R26[0.19] G1[0.13] A1[0.53];0.19;0.41;0.04;0.58;0.31;0.00;0.85;0.11;0.1455;0.2172;1
16;16;Agent_1;orders came from the seed rule base (rules as-is);0;0;R7[0.07] R20[0.21] R26[0.19] G1[0.13] A1[0.53] G2[0.11];0.19;0.41;0.04;0.66;0.34;0.00;0.88;0.11;0.1453;0.2173;1
16;16;Agent_1;orders came from the seed rule base (rules as-is);0;0;R7[0.07] R20[0.21] R26[0.19] G1[0.13] A1[0.53] G2[0.11];0.19;0.41;0.04;0.66;0.34;0.00;0.87;0.11;0.1905;0.2634;1
17;17;Agent_1;orders came from the seed rule base (rules as-is);0;0;R7[0.07] R20[0.21] R26[0.19] G1[0.01] A1[0.53];0.19;0.37;0.04;0.52;0.33;0.00;0.77;0.11;0.3093;0.2949;1
17;17;Agent_1;orders came from the seed rule base (rules as-is);0;0;R7[0.07] R20[0.21] R26[0.19] G1[0.12] A1[0.53];0.19;0.41;0.04;0.58;0.31;0.00;0.85;0.11;0.1517;0.2161;1
17;17;Agent_1;orders came from the seed rule base (rules as-is);0;0;R7[0.07] R20[0.21] R26[0.19] G1[0.12] A1[0.53] G2[0.11];0.19;0.41;0.04;0.66;0.34;0.00;0.88;0.11;0.1515;0.2161;1
17;17;Agent_1;orders came from the seed rule base (rules as-is);0;0;R7[0.07] R20[0.21] R26[0.19] G1[0.12] A1[0.53] G2[0.11];0.19;0.41;0.04;0.66;0.34;0.00;0.87;0.11;0.1911;0.2635;1
18;18;Agent_1;orders came from the seed rule base (rules as-is);0;0;R7[0.07] R20[0.21] R26[0.20] A1[0.53];0.20;0.37;0.04;0.52;0.33;0.00;0.76;0.11;0.3097;0.2950;1
18;18;Agent_1;orders came from the seed rule base (rules as-is);0;0;R7[0.07] R20[0.21] R26[0.20] G1[0.12] A1[0.53];0.20;0.41;0.04;0.58;0.31;0.00;0.85;0.11;0.1651;0.2159;1
18;18;Agent_1;orders came from the seed rule base (rules as-is);0;0;R7[0.07] R20[0.21] R26[0.20] G1[0.12] A1[0.53] G2[0.11];0.20;0.41;0.04;0.65;0.34;0.00;0.88;0.11;0.1649;0.2160;1
18;18;Agent_1;orders came from the seed rule base (rules as-is);0;0;R7[0.07] R20[0.21] R26[0.20] G1[0.12] A1[0.53] G2[0.11];0.20;0.41;0.04;0.65;0.34;0.00;0.87;0.11;0.1890;0.2609;1
19;19;Agent_1;orders came from the seed rule base (rules as-is);0;0;R7[0.07] R20[0.22] R26[0.20] A1[0.53];0.20;0.38;0.04;0.51;0.33;0.00;0.76;0.11;0.3099;0.2952;1
19;19;Agent_1;orders came from the seed rule base (rules as-is);0;0;R7[0.07] R20[0.21] R26[0.20] G1[0.12] A1[0.53];0.20;0.41;0.04;0.58;0.31;0.00;0.85;0.11;0.1679;0.2145;1
19;19;Agent_1;orders came from the seed rule base (rules as-is);0;0;R7[0.07] R20[0.21] R26[0.20] G1[0.12] A1[0.53] G2[0.11];0.20;0.41;0.04;0.65;0.34;0.00;0.88;0.11;0.1677;0.2145;1
19;19;Agent_1;orders came from the seed rule base (rules as-is);0;0;R7[0.07] R20[0.21] R26[0.20] G1[0.12] A1[0.53] G2[0.11];0.20;0.41;0.04;0.65;0.34;0.00;0.87;0.11;0.1903;0.2607;1
20;20;Agent_1;RL selected stage 2 [resolution increase] (deficit bucket: low) → rejected (cell already covered — an active rule sits on this antecedent cell; numeric tuning of an existing cell is stage ① evFIS's job | seed-base decision stands, its orders are applied);2;0;R7[0.07] R20[0.22] R26[0.20] A1[0.53];0.20;0.38;0.04;0.51;0.33;0.00;0.76;0.11;0.3100;0.2954;1
20;20;Agent_1;orders came from the seed rule base (rules as-is);0;0;R7[0.07] R20[0.21] R26[0.20] G1[0.12] A1[0.53];0.20;0.41;0.04;0.58;0.31;0.00;0.85;0.11;0.1355;0.2171;1
20;20;Agent_1;orders came from the seed rule base (rules as-is);0;0;R7[0.07] R20[0.21] R26[0.20] G1[0.12] A1[0.53] G2[0.11];0.20;0.41;0.04;0.65;0.34;0.00;0.87;0.11;0.1353;0.2171;1
20;20;Agent_1;orders came from the seed rule base (rules as-is);0;0;R7[0.07] R20[0.21] R26[0.20] G1[0.12] A1[0.53] G2[0.11];0.20;0.41;0.04;0.65;0.34;0.00;0.87;0.11;0.1909;0.2628;1
21;21;Agent_1;orders came from the seed rule base (rules as-is);0;0;R7[0.07] R20[0.23] R26[0.20] A1[0.53];0.20;0.39;0.04;0.51;0.33;0.00;0.76;0.11;0.3103;0.2956;1
21;21;Agent_1;orders came from the seed rule base (rules as-is);0;0;R7[0.07] R20[0.21] R26[0.20] G1[0.11] A1[0.53];0.20;0.41;0.04;0.57;0.31;0.00;0.85;0.11;0.1388;0.2161;1
21;21;Agent_1;orders came from the seed rule base (rules as-is);0;0;R7[0.07] R20[0.21] R26[0.20] G1[0.11] A1[0.53] G2[0.11];0.20;0.41;0.04;0.65;0.34;0.00;0.87;0.11;0.1386;0.2162;1
21;21;Agent_1;orders came from the seed rule base (rules as-is);0;0;R7[0.07] R20[0.21] R26[0.20] G1[0.11] A1[0.53] G2[0.11];0.20;0.41;0.04;0.65;0.34;0.00;0.87;0.11;0.1899;0.2611;1
22;22;Agent_1;orders came from the seed rule base (rules as-is);0;0;R7[0.07] R20[0.24] R26[0.20] A1[0.53];0.20;0.39;0.04;0.51;0.33;0.00;0.76;0.11;0.3102;0.2958;1
22;22;Agent_1;orders came from the seed rule base (rules as-is);0;0;R7[0.07] R20[0.21] R26[0.20] G1[0.11] A1[0.53];0.20;0.41;0.04;0.57;0.31;0.00;0.85;0.11;0.1426;0.2172;1
22;22;Agent_1;orders came from the seed rule base (rules as-is);0;0;R7[0.07] R20[0.21] R26[0.20] G1[0.11] A1[0.53] G2[0.11];0.20;0.41;0.04;0.65;0.34;0.00;0.87;0.11;0.1424;0.2173;1
22;22;Agent_1;orders came from the seed rule base (rules as-is);0;0;R7[0.07] R20[0.21] R26[0.20] G1[0.11] A1[0.53] G2[0.11];0.20;0.41;0.04;0.65;0.34;0.00;0.87;0.11;0.1938;0.2626;1
23;23;Agent_1;orders came from the seed rule base (rules as-is);0;0;R7[0.07] R20[0.25] R26[0.20] A1[0.53];0.20;0.40;0.04;0.51;0.33;0.00;0.75;0.10;0.3104;0.2960;1
23;23;Agent_1;orders came from the seed rule base (rules as-is);0;0;R7[0.07] R20[0.21] R26[0.20] G1[0.11] A1[0.53];0.20;0.41;0.04;0.57;0.31;0.00;0.85;0.10;0.1526;0.2181;1
23;23;Agent_1;orders came from the seed rule base (rules as-is);0;0;R7[0.07] R20[0.21] R26[0.20] G1[0.11] A1[0.53] G2[0.11];0.20;0.41;0.04;0.65;0.34;0.00;0.87;0.10;0.1525;0.2182;1
23;23;Agent_1;orders came from the seed rule base (rules as-is);0;0;R7[0.07] R20[0.21] R26[0.20] G1[0.11] A1[0.53] G2[0.11];0.20;0.41;0.04;0.65;0.34;0.00;0.87;0.10;0.1853;0.2622;1
24;24;Agent_1;orders came from the seed rule base (rules as-is);0;0;R7[0.07] R20[0.26] R26[0.19] A1[0.53];0.19;0.42;0.04;0.51;0.33;0.00;0.75;0.10;0.3106;0.2963;1
24;24;Agent_1;orders came from the seed rule base (rules as-is);0;0;R7[0.07] R20[0.21] R26[0.19] G1[0.11] A1[0.53];0.19;0.41;0.04;0.57;0.31;0.00;0.85;0.10;0.1709;0.2161;1
24;24;Agent_1;orders came from the seed rule base (rules as-is);0;0;R7[0.07] R20[0.21] R26[0.19] G1[0.11] A1[0.53] G2[0.11];0.19;0.41;0.04;0.65;0.34;0.00;0.87;0.10;0.1707;0.2163;1
24;24;Agent_1;orders came from the seed rule base (rules as-is);0;0;R7[0.07] R20[0.21] R26[0.19] G1[0.11] A1[0.53] G2[0.11];0.19;0.41;0.04;0.65;0.34;0.00;0.87;0.10;0.1863;0.2613;1
25;25;Agent_1;orders came from the seed rule base (rules as-is);0;0;R7[0.07] R20[0.27] R26[0.19] A1[0.53];0.19;0.43;0.04;0.51;0.33;0.00;0.75;0.10;0.3106;0.2966;1
25;25;Agent_1;orders came from the seed rule base (rules as-is);0;0;R7[0.07] R20[0.21] R26[0.19] G1[0.11] A1[0.53];0.19;0.40;0.04;0.57;0.31;0.00;0.85;0.10;0.1757;0.2175;1
25;25;Agent_1;orders came from the seed rule base (rules as-is);0;0;R7[0.07] R20[0.21] R26[0.19] G1[0.11] A1[0.53] G2[0.11];0.19;0.40;0.04;0.65;0.34;0.00;0.87;0.10;0.1755;0.2176;1
25;25;Agent_1;orders came from the seed rule base (rules as-is);0;0;R7[0.07] R20[0.21] R26[0.19] G1[0.11] A1[0.53] G2[0.11];0.19;0.40;0.04;0.65;0.34;0.00;0.87;0.10;0.1872;0.2614;1
26;26;Agent_1;orders came from the seed rule base (rules as-is);0;0;R7[0.07] R20[0.29] R26[0.19] A1[0.53];0.19;0.44;0.04;0.51;0.33;0.00;0.76;0.10;0.3108;0.2968;1
26;26;Agent_1;orders came from the seed rule base (rules as-is);0;0;R7[0.07] R20[0.21] R26[0.19] G1[0.11] A1[0.53];0.19;0.40;0.04;0.57;0.31;0.00;0.85;0.10;0.1354;0.2176;1
26;26;Agent_1;orders came from the seed rule base (rules as-is);0;0;R7[0.07] R20[0.21] R26[0.19] G1[0.11] A1[0.53] G2[0.11];0.19;0.40;0.04;0.65;0.34;0.00;0.87;0.10;0.1352;0.2177;1
26;26;Agent_1;orders came from the seed rule base (rules as-is);0;0;R7[0.07] R20[0.21] R26[0.19] G1[0.11] A1[0.53] G2[0.11];0.19;0.40;0.04;0.65;0.34;0.00;0.87;0.10;0.1990;0.2630;1
27;27;Agent_1;orders came from the seed rule base (rules as-is);0;0;R7[0.07] R20[0.30] R26[0.19] A1[0.53];0.19;0.45;0.04;0.51;0.33;0.00;0.76;0.10;0.3110;0.2971;1
27;27;Agent_1;orders came from the seed rule base (rules as-is);0;0;R7[0.07] R20[0.21] R26[0.19] G1[0.11] A1[0.53];0.19;0.40;0.04;0.57;0.31;0.00;0.85;0.10;0.1387;0.2167;1
27;27;Agent_1;orders came from the seed rule base (rules as-is);0;0;R7[0.07] R20[0.21] R26[0.19] G1[0.11] A1[0.53] G2[0.11];0.19;0.40;0.04;0.65;0.34;0.00;0.87;0.10;0.1386;0.2168;1
27;27;Agent_1;orders came from the seed rule base (rules as-is);0;0;R7[0.07] R20[0.21] R26[0.19] G1[0.11] A1[0.53] G2[0.11];0.19;0.40;0.04;0.65;0.34;0.00;0.87;0.10;0.2002;0.2613;1
28;28;Agent_1;orders came from the seed rule base (rules as-is);0;0;R7[0.07] R20[0.30] R26[0.19] A1[0.53];0.19;0.46;0.04;0.51;0.33;0.00;0.76;0.10;0.3114;0.2974;1
28;28;Agent_1;orders came from the seed rule base (rules as-is);0;0;R7[0.07] R20[0.21] R26[0.19] G1[0.11] A1[0.53];0.19;0.40;0.04;0.57;0.31;0.00;0.85;0.10;0.1410;0.2173;1
28;28;Agent_1;orders came from the seed rule base (rules as-is);0;0;R7[0.07] R20[0.21] R26[0.19] G1[0.11] A1[0.53] G2[0.11];0.19;0.40;0.04;0.65;0.34;0.00;0.87;0.10;0.1408;0.2174;1
28;28;Agent_1;orders came from the seed rule base (rules as-is);0;0;R7[0.07] R20[0.21] R26[0.19] G1[0.11] A1[0.53] G2[0.11];0.19;0.40;0.04;0.65;0.34;0.00;0.87;0.10;0.2021;0.2631;1
29;29;Agent_1;orders came from the seed rule base (rules as-is);0;0;R7[0.07] R20[0.31] R26[0.19] A1[0.53];0.19;0.46;0.04;0.51;0.33;0.00;0.76;0.10;0.3112;0.2977;1
29;29;Agent_1;orders came from the seed rule base (rules as-is);0;0;R7[0.07] R20[0.20] R26[0.19] G1[0.11] A1[0.53];0.19;0.40;0.04;0.57;0.31;0.00;0.85;0.10;0.1385;0.2166;1
29;29;Agent_1;orders came from the seed rule base (rules as-is);0;0;R7[0.07] R20[0.20] R26[0.19] G1[0.11] A1[0.53] G2[0.11];0.19;0.40;0.04;0.64;0.34;0.00;0.87;0.10;0.1383;0.2167;1
29;29;Agent_1;orders came from the seed rule base (rules as-is);0;0;R7[0.07] R20[0.20] R26[0.19] G1[0.11] A1[0.53] G2[0.11];0.19;0.40;0.04;0.64;0.34;0.00;0.87;0.10;0.1995;0.2610;1
30;30;Agent_1;RL selected stage 1 [evFIS] (deficit bucket: low) → ACCEPTED: A1 consequents -0.05;1;1;R7[0.07] R20[0.31] R26[0.19] A1[0.53];0.19;0.47;0.04;0.48;0.31;0.00;0.75;0.10;0.3113;0.2980;1
30;30;Agent_1;orders came from the seed rule base (rules as-is);0;0;R7[0.07] R20[0.20] R26[0.19] G1[0.11] A1[0.53];0.19;0.40;0.04;0.57;0.31;0.00;0.85;0.10;0.1781;0.2162;1
30;30;Agent_1;orders came from the seed rule base (rules as-is);0;0;R7[0.07] R20[0.20] R26[0.19] G1[0.11] A1[0.53] G2[0.11];0.19;0.40;0.04;0.64;0.34;0.00;0.87;0.10;0.1780;0.2163;1
30;30;Agent_1;orders came from the seed rule base (rules as-is);0;0;R7[0.07] R20[0.20] R26[0.19] G1[0.11] A1[0.53] G2[0.11];0.19;0.40;0.04;0.64;0.34;0.00;0.87;0.10;0.2015;0.2624;1
31;31;Agent_1;orders came from the seed rule base (rules as-is);0;0;R7[0.07] R20[0.32] R26[0.19] A1[0.53];0.19;0.47;0.04;0.48;0.31;0.00;0.75;0.10;0.3114;0.2983;1
31;31;Agent_1;orders came from the seed rule base (rules as-is);0;0;R7[0.07] R20[0.20] R26[0.19] G1[0.11] A1[0.53];0.19;0.40;0.04;0.57;0.31;0.00;0.85;0.10;0.1775;0.2273;1
31;31;Agent_1;orders came from the seed rule base (rules as-is);0;0;R7[0.07] R20[0.20] R26[0.19] G1[0.11] A1[0.53] G2[0.11];0.19;0.40;0.04;0.64;0.34;0.00;0.87;0.10;0.1774;0.2275;1
31;31;Agent_1;orders came from the seed rule base (rules as-is);0;0;R7[0.07] R20[0.20] R26[0.19] G1[0.11] A1[0.53] G2[0.11];0.19;0.40;0.04;0.64;0.34;0.00;0.87;0.10;0.1952;0.2634;1
32;32;Agent_1;orders came from the seed rule base (rules as-is);0;0;R7[0.07] R20[0.32] R26[0.19] A1[0.53];0.19;0.47;0.04;0.48;0.31;0.00;0.75;0.10;0.3114;0.2986;1
32;32;Agent_1;orders came from the seed rule base (rules as-is);0;0;R7[0.07] R20[0.20] R26[0.19] G1[0.10] A1[0.53];0.19;0.39;0.04;0.57;0.31;0.00;0.85;0.10;0.1814;0.2143;1
32;32;Agent_1;orders came from the seed rule base (rules as-is);0;0;R7[0.07] R20[0.20] R26[0.19] G1[0.10] A1[0.53] G2[0.11];0.19;0.39;0.04;0.64;0.34;0.00;0.87;0.10;0.1812;0.2145;1
32;32;Agent_1;orders came from the seed rule base (rules as-is);0;0;R7[0.07] R20[0.20] R26[0.19] G1[0.10] A1[0.53] G2[0.11];0.19;0.39;0.04;0.64;0.34;0.00;0.87;0.10;0.1969;0.2655;1
33;33;Agent_1;orders came from the seed rule base (rules as-is);0;0;R7[0.07] R20[0.32] R26[0.19] A1[0.53];0.19;0.47;0.04;0.48;0.31;0.00;0.75;0.10;0.3116;0.2989;1
33;33;Agent_1;orders came from the seed rule base (rules as-is);0;0;R7[0.07] R20[0.20] R26[0.19] G1[0.10] A1[0.53];0.19;0.39;0.04;0.57;0.31;0.00;0.85;0.10;0.1783;0.2244;1
33;33;Agent_1;orders came from the seed rule base (rules as-is);0;0;R7[0.07] R20[0.20] R26[0.19] G1[0.10] A1[0.53] G2[0.11];0.19;0.39;0.04;0.64;0.34;0.00;0.87;0.10;0.1781;0.2246;1
33;33;Agent_1;orders came from the seed rule base (rules as-is);0;0;R7[0.07] R20[0.20] R26[0.19] G1[0.10] A1[0.53] G2[0.11];0.19;0.39;0.04;0.64;0.34;0.00;0.87;0.10;0.1926;0.2618;1
34;34;Agent_1;orders came from the seed rule base (rules as-is);0;0;R7[0.07] R20[0.32] R26[0.19] A1[0.53];0.19;0.47;0.04;0.48;0.31;0.00;0.75;0.10;0.3117;0.2992;1
34;34;Agent_1;orders came from the seed rule base (rules as-is);0;0;R7[0.07] R20[0.20] R26[0.19] G1[0.10] A1[0.53];0.19;0.39;0.04;0.57;0.31;0.00;0.85;0.10;0.1519;0.2249;1
34;34;Agent_1;orders came from the seed rule base (rules as-is);0;0;R7[0.07] R20[0.20] R26[0.19] G1[0.10] A1[0.53] G2[0.11];0.19;0.39;0.04;0.64;0.34;0.00;0.87;0.10;0.1518;0.2251;1
34;34;Agent_1;orders came from the seed rule base (rules as-is);0;0;R7[0.07] R20[0.20] R26[0.19] G1[0.10] A1[0.53] G2[0.11];0.19;0.39;0.04;0.64;0.34;0.00;0.87;0.10;0.1932;0.2624;1
35;35;Agent_1;orders came from the seed rule base (rules as-is);0;0;R7[0.07] R20[0.32] R26[0.19] A1[0.53];0.19;0.47;0.04;0.48;0.31;0.00;0.75;0.10;0.3119;0.2995;1
35;35;Agent_1;orders came from the seed rule base (rules as-is);0;0;R7[0.07] R20[0.20] R26[0.19] G1[0.10] A1[0.53];0.19;0.39;0.04;0.57;0.31;0.00;0.85;0.10;0.1540;0.2250;1
35;35;Agent_1;orders came from the seed rule base (rules as-is);0;0;R7[0.07] R20[0.20] R26[0.19] G1[0.10] A1[0.53] G2[0.11];0.19;0.39;0.04;0.64;0.34;0.00;0.87;0.10;0.1539;0.2252;1
35;35;Agent_1;orders came from the seed rule base (rules as-is);0;0;R7[0.07] R20[0.20] R26[0.19] G1[0.10] A1[0.53] G2[0.11];0.19;0.39;0.04;0.64;0.34;0.00;0.87;0.10;0.1934;0.2602;1
36;36;Agent_1;orders came from the seed rule base (rules as-is);0;0;R7[0.07] R20[0.32] R26[0.19] A1[0.53];0.19;0.47;0.04;0.48;0.31;0.00;0.75;0.09;0.3121;0.2998;1
36;36;Agent_1;orders came from the seed rule base (rules as-is);0;0;R7[0.07] R20[0.20] R26[0.19] G1[0.10] A1[0.53];0.19;0.39;0.04;0.57;0.31;0.00;0.85;0.09;0.1556;0.2249;1
36;36;Agent_1;orders came from the seed rule base (rules as-is);0;0;R7[0.07] R20[0.20] R26[0.19] G1[0.10] A1[0.53] G2[0.11];0.19;0.39;0.04;0.64;0.34;0.00;0.87;0.09;0.1555;0.2251;1
36;36;Agent_1;orders came from the seed rule base (rules as-is);0;0;R7[0.07] R20[0.20] R26[0.19] G1[0.10] A1[0.53] G2[0.11];0.19;0.39;0.04;0.64;0.34;0.00;0.87;0.09;0.1980;0.2601;1
37;37;Agent_1;orders came from the seed rule base (rules as-is);0;0;R7[0.07] R20[0.32] R26[0.19] A1[0.53];0.19;0.47;0.04;0.48;0.31;0.00;0.75;0.09;0.3123;0.3001;1
37;37;Agent_1;orders came from the seed rule base (rules as-is);0;0;R7[0.07] R20[0.20] R26[0.19] G1[0.10] A1[0.53];0.19;0.39;0.04;0.56;0.31;0.00;0.85;0.09;0.1518;0.2257;1
37;37;Agent_1;orders came from the seed rule base (rules as-is);0;0;R7[0.07] R20[0.20] R26[0.19] G1[0.10] A1[0.53] G2[0.11];0.19;0.39;0.04;0.64;0.34;0.00;0.87;0.09;0.1517;0.2259;1
37;37;Agent_1;orders came from the seed rule base (rules as-is);0;0;R7[0.07] R20[0.20] R26[0.19] G1[0.10] A1[0.53] G2[0.11];0.19;0.39;0.04;0.64;0.34;0.00;0.87;0.09;0.1949;0.2637;1
38;38;Agent_1;orders came from the seed rule base (rules as-is);0;0;R7[0.07] R20[0.32] R26[0.19] A1[0.53];0.19;0.47;0.04;0.48;0.31;0.00;0.75;0.09;0.3126;0.3004;1
38;38;Agent_1;orders came from the seed rule base (rules as-is);0;0;R7[0.07] R20[0.20] R26[0.19] G1[0.10] A1[0.53];0.19;0.38;0.04;0.56;0.31;0.00;0.85;0.09;0.1448;0.2209;1
38;38;Agent_1;orders came from the seed rule base (rules as-is);0;0;R7[0.07] R20[0.20] R26[0.19] G1[0.10] A1[0.53] G2[0.11];0.19;0.38;0.04;0.64;0.34;0.00;0.87;0.09;0.1447;0.2211;1
38;38;Agent_1;orders came from the seed rule base (rules as-is);0;0;R7[0.07] R20[0.20] R26[0.19] G1[0.10] A1[0.53] G2[0.11];0.19;0.39;0.04;0.64;0.34;0.00;0.87;0.09;0.1984;0.2593;1
39;39;Agent_1;orders came from the seed rule base (rules as-is);0;0;R7[0.07] R20[0.32] R26[0.19] A1[0.53];0.19;0.47;0.04;0.48;0.31;0.00;0.75;0.09;0.3129;0.3007;1
39;39;Agent_1;orders came from the seed rule base (rules as-is);0;0;R7[0.07] R20[0.20] R26[0.19] G1[0.10] A1[0.53];0.19;0.38;0.04;0.56;0.31;0.00;0.85;0.09;0.1418;0.2195;1
39;39;Agent_1;orders came from the seed rule base (rules as-is);0;0;R7[0.07] R20[0.20] R26[0.19] G1[0.10] A1[0.53] G2[0.11];0.19;0.38;0.04;0.64;0.34;0.00;0.87;0.09;0.1417;0.2197;1
39;39;Agent_1;orders came from the seed rule base (rules as-is);0;0;R7[0.07] R20[0.20] R26[0.19] G1[0.10] A1[0.53] G2[0.11];0.19;0.39;0.04;0.64;0.34;0.00;0.87;0.09;0.1945;0.2605;1
40;40;Agent_1;RL selected stage 1 [evFIS] (deficit bucket: low) → rejected (no improving perturbation found | seed-base decision stands, its orders are applied);1;0;R7[0.07] R20[0.32] R26[0.18] A1[0.53];0.18;0.47;0.04;0.48;0.31;0.00;0.75;0.09;0.3131;0.3010;1
40;40;Agent_1;orders came from the seed rule base (rules as-is);0;0;R7[0.07] R20[0.20] R26[0.18] G1[0.10] A1[0.53];0.18;0.38;0.04;0.56;0.31;0.00;0.85;0.09;0.1430;0.2143;1
40;40;Agent_1;orders came from the seed rule base (rules as-is);0;0;R7[0.07] R20[0.20] R26[0.18] G1[0.10] A1[0.53] G2[0.11];0.18;0.38;0.04;0.64;0.34;0.00;0.87;0.09;0.1429;0.2145;1
40;40;Agent_1;orders came from the seed rule base (rules as-is);0;0;R7[0.07] R20[0.20] R26[0.18] G1[0.10] A1[0.53] G2[0.11];0.18;0.39;0.04;0.64;0.34;0.00;0.87;0.09;0.1955;0.2579;1
41;41;Agent_1;orders came from the seed rule base (rules as-is);0;0;R7[0.07] R20[0.32] R26[0.18] A1[0.53];0.18;0.47;0.04;0.48;0.31;0.00;0.75;0.09;0.3134;0.3013;1
41;41;Agent_1;orders came from the seed rule base (rules as-is);0;0;R7[0.07] R20[0.19] R26[0.18] G1[0.10] A1[0.53];0.18;0.38;0.04;0.56;0.31;0.00;0.85;0.09;0.1437;0.2195;1
41;41;Agent_1;orders came from the seed rule base (rules as-is);0;0;R7[0.07] R20[0.19] R26[0.18] G1[0.10] A1[0.53] G2[0.11];0.18;0.38;0.04;0.64;0.34;0.00;0.87;0.09;0.1436;0.2197;1
41;41;Agent_1;orders came from the seed rule base (rules as-is);0;0;R7[0.07] R20[0.20] R26[0.18] G1[0.10] A1[0.53] G2[0.11];0.18;0.39;0.04;0.64;0.34;0.00;0.87;0.09;0.1964;0.2573;1
42;42;Agent_1;orders came from the seed rule base (rules as-is);0;0;R7[0.07] R20[0.32] R26[0.18] A1[0.53];0.18;0.47;0.04;0.48;0.31;0.00;0.75;0.09;0.3137;0.3016;1
42;42;Agent_1;orders came from the seed rule base (rules as-is);0;0;R7[0.07] R20[0.19] R26[0.18] G1[0.10] A1[0.53];0.18;0.38;0.04;0.56;0.31;0.00;0.85;0.09;0.1428;0.2091;1
42;42;Agent_1;orders came from the seed rule base (rules as-is);0;0;R7[0.07] R20[0.19] R26[0.18] G1[0.10] A1[0.53] G2[0.11];0.18;0.38;0.04;0.64;0.34;0.00;0.87;0.09;0.1427;0.2093;1
42;42;Agent_1;orders came from the seed rule base (rules as-is);0;0;R7[0.07] R20[0.20] R26[0.18] G1[0.10] A1[0.53] G2[0.11];0.18;0.39;0.04;0.64;0.34;0.00;0.87;0.09;0.1893;0.2561;1
43;43;Agent_1;orders came from the seed rule base (rules as-is);0;0;R7[0.07] R20[0.32] R26[0.18] A1[0.53];0.18;0.46;0.04;0.48;0.31;0.00;0.75;0.09;0.3140;0.3019;1
43;43;Agent_1;orders came from the seed rule base (rules as-is);0;0;R7[0.07] R20[0.19] R26[0.18] G1[0.10] A1[0.53];0.18;0.38;0.04;0.56;0.31;0.00;0.85;0.09;0.1440;0.2075;1
43;43;Agent_1;orders came from the seed rule base (rules as-is);0;0;R7[0.07] R20[0.19] R26[0.18] G1[0.10] A1[0.53] G2[0.11];0.18;0.38;0.04;0.64;0.34;0.00;0.87;0.09;0.1439;0.2077;1
43;43;Agent_1;orders came from the seed rule base (rules as-is);0;0;R7[0.07] R20[0.20] R26[0.18] G1[0.10] A1[0.53] G2[0.11];0.18;0.39;0.04;0.64;0.34;0.00;0.87;0.09;0.1945;0.2560;1
44;44;Agent_1;orders came from the seed rule base (rules as-is);0;0;R7[0.07] R20[0.32] R26[0.18] A1[0.53];0.18;0.46;0.04;0.48;0.31;0.00;0.75;0.09;0.3143;0.3022;1
44;44;Agent_1;orders came from the seed rule base (rules as-is);0;0;R7[0.07] R20[0.19] R26[0.18] G1[0.10] A1[0.53];0.18;0.38;0.04;0.56;0.31;0.00;0.85;0.09;0.1430;0.2059;1
44;44;Agent_1;orders came from the seed rule base (rules as-is);0;0;R7[0.07] R20[0.19] R26[0.18] G1[0.10] A1[0.53] G2[0.11];0.18;0.38;0.04;0.64;0.34;0.00;0.87;0.09;0.1430;0.2061;1
44;44;Agent_1;orders came from the seed rule base (rules as-is);0;0;R7[0.07] R20[0.20] R26[0.18] G1[0.10] A1[0.53] G2[0.11];0.18;0.39;0.04;0.64;0.34;0.00;0.87;0.09;0.1816;0.2569;1
45;45;Agent_1;orders came from the seed rule base (rules as-is);0;0;R7[0.07] R20[0.32] R26[0.18] A1[0.53];0.18;0.46;0.04;0.48;0.31;0.00;0.75;0.09;0.3146;0.3025;1
45;45;Agent_1;orders came from the seed rule base (rules as-is);0;0;R7[0.07] R20[0.19] R26[0.18] G1[0.10] A1[0.53];0.18;0.37;0.04;0.56;0.31;0.00;0.85;0.09;0.1383;0.2086;1
45;45;Agent_1;orders came from the seed rule base (rules as-is);0;0;R7[0.07] R20[0.19] R26[0.18] G1[0.10] A1[0.53] G2[0.11];0.18;0.37;0.04;0.64;0.34;0.00;0.87;0.09;0.1383;0.2088;1
45;45;Agent_1;orders came from the seed rule base (rules as-is);0;0;R7[0.07] R20[0.20] R26[0.18] G1[0.10] A1[0.53] G2[0.11];0.18;0.39;0.04;0.64;0.34;0.00;0.87;0.09;0.1797;0.2570;1
46;46;Agent_1;orders came from the seed rule base (rules as-is);0;0;R7[0.07] R20[0.31] R26[0.18] A1[0.53];0.18;0.46;0.04;0.48;0.31;0.00;0.75;0.09;0.3149;0.3028;1
46;46;Agent_1;orders came from the seed rule base (rules as-is);0;0;R7[0.07] R20[0.19] R26[0.18] G1[0.10] A1[0.53];0.18;0.37;0.04;0.56;0.31;0.00;0.85;0.09;0.1396;0.2178;1
46;46;Agent_1;orders came from the seed rule base (rules as-is);0;0;R7[0.07] R20[0.19] R26[0.18] G1[0.10] A1[0.53] G2[0.11];0.18;0.37;0.04;0.64;0.34;0.00;0.87;0.09;0.1395;0.2180;1
46;46;Agent_1;orders came from the seed rule base (rules as-is);0;0;R7[0.07] R20[0.20] R26[0.18] G1[0.10] A1[0.53] G2[0.11];0.18;0.39;0.04;0.64;0.34;0.00;0.87;0.09;0.1807;0.2607;1
47;47;Agent_1;orders came from the seed rule base (rules as-is);0;0;R7[0.07] R20[0.31] R26[0.18] A1[0.53];0.18;0.46;0.04;0.48;0.31;0.00;0.75;0.09;0.3152;0.3031;1
47;47;Agent_1;orders came from the seed rule base (rules as-is);0;0;R7[0.07] R20[0.19] R26[0.18] G1[0.10] A1[0.53];0.18;0.37;0.04;0.56;0.31;0.00;0.85;0.09;0.1413;0.2042;1
47;47;Agent_1;orders came from the seed rule base (rules as-is);0;0;R7[0.07] R20[0.19] R26[0.18] G1[0.10] A1[0.53] G2[0.11];0.18;0.37;0.04;0.64;0.34;0.00;0.87;0.09;0.1413;0.2044;1
47;47;Agent_1;orders came from the seed rule base (rules as-is);0;0;R7[0.07] R20[0.20] R26[0.18] G1[0.10] A1[0.53] G2[0.11];0.18;0.38;0.04;0.64;0.34;0.00;0.87;0.09;0.1805;0.2593;1
48;48;Agent_1;orders came from the seed rule base (rules as-is);0;0;R7[0.07] R20[0.31] R26[0.18] A1[0.53];0.18;0.46;0.04;0.48;0.31;0.00;0.75;0.09;0.3155;0.3034;1
48;48;Agent_1;orders came from the seed rule base (rules as-is);0;0;R7[0.07] R20[0.19] R26[0.18] G1[0.10] A1[0.53];0.18;0.37;0.04;0.56;0.31;0.00;0.85;0.09;0.1382;0.2106;1
48;48;Agent_1;orders came from the seed rule base (rules as-is);0;0;R7[0.07] R20[0.19] R26[0.18] G1[0.10] A1[0.53] G2[0.11];0.18;0.37;0.04;0.64;0.34;0.00;0.87;0.09;0.1382;0.2108;1
48;48;Agent_1;orders came from the seed rule base (rules as-is);0;0;R7[0.07] R20[0.20] R26[0.18] G1[0.10] A1[0.53] G2[0.11];0.18;0.38;0.04;0.64;0.34;0.00;0.87;0.09;0.1803;0.2591;1
49;49;Agent_1;orders came from the seed rule base (rules as-is);0;0;R7[0.07] R20[0.31] R26[0.18] A1[0.53];0.18;0.45;0.04;0.48;0.31;0.00;0.75;0.09;0.3158;0.3037;1
49;49;Agent_1;orders came from the seed rule base (rules as-is);0;0;R7[0.07] R20[0.19] R26[0.18] G1[0.10] A1[0.53];0.18;0.37;0.04;0.56;0.31;0.00;0.85;0.09;0.1372;0.2104;1
49;49;Agent_1;orders came from the seed rule base (rules as-is);0;0;R7[0.07] R20[0.19] R26[0.18] G1[0.10] A1[0.53] G2[0.11];0.18;0.37;0.04;0.64;0.34;0.00;0.87;0.09;0.1372;0.2107;1
49;49;Agent_1;orders came from the seed rule base (rules as-is);0;0;R7[0.07] R20[0.20] R26[0.18] G1[0.10] A1[0.53] G2[0.11];0.18;0.38;0.04;0.64;0.34;0.00;0.87;0.09;0.1851;0.2614;1
50;50;Agent_1;RL selected stage 1 [evFIS] (deficit bucket: low) → rejected (no improving perturbation found | seed-base decision stands, its orders are applied);1;0;R7[0.07] R20[0.31] R26[0.18] A1[0.53];0.18;0.45;0.04;0.48;0.31;0.00;0.75;0.09;0.3161;0.3040;1
50;50;Agent_1;orders came from the seed rule base (rules as-is);0;0;R7[0.07] R20[0.19] R26[0.18] G1[0.10] A1[0.53];0.18;0.37;0.04;0.56;0.31;0.00;0.85;0.09;0.1362;0.2080;1
50;50;Agent_1;orders came from the seed rule base (rules as-is);0;0;R7[0.07] R20[0.19] R26[0.18] G1[0.10] A1[0.53] G2[0.11];0.18;0.37;0.04;0.64;0.34;0.00;0.87;0.09;0.1362;0.2083;1
50;50;Agent_1;orders came from the seed rule base (rules as-is);0;0;R7[0.07] R20[0.20] R26[0.18] G1[0.10] A1[0.53] G2[0.11];0.18;0.38;0.04;0.64;0.34;0.00;0.87;0.09;0.1840;0.2588;1
51;51;Agent_1;orders came from the seed rule base (rules as-is);0;0;R7[0.07] R20[0.31] R26[0.18] A1[0.53];0.18;0.45;0.04;0.48;0.31;0.00;0.75;0.08;0.3164;0.3043;1
51;51;Agent_1;orders came from the seed rule base (rules as-is);0;0;R7[0.07] R20[0.19] R26[0.18] G1[0.10] A1[0.53];0.18;0.36;0.04;0.56;0.31;0.00;0.85;0.08;0.1347;0.2120;1
51;51;Agent_1;orders came from the seed rule base (rules as-is);0;0;R7[0.07] R20[0.19] R26[0.18] G1[0.10] A1[0.53] G2[0.11];0.18;0.36;0.04;0.64;0.34;0.00;0.87;0.08;0.1347;0.2123;1
51;51;Agent_1;orders came from the seed rule base (rules as-is);0;0;R7[0.07] R20[0.20] R26[0.18] G1[0.10] A1[0.53] G2[0.11];0.18;0.38;0.04;0.64;0.34;0.00;0.87;0.08;0.1871;0.2591;1
52;52;Agent_1;orders came from the seed rule base (rules as-is);0;0;R7[0.07] R20[0.31] R26[0.18] A1[0.53];0.18;0.45;0.04;0.48;0.31;0.00;0.75;0.08;0.3167;0.3046;1
52;52;Agent_1;orders came from the seed rule base (rules as-is);0;0;R7[0.07] R20[0.19] R26[0.18] G1[0.10] A1[0.53];0.18;0.36;0.04;0.56;0.31;0.00;0.85;0.08;0.1370;0.2065;1
52;52;Agent_1;orders came from the seed rule base (rules as-is);0;0;R7[0.07] R20[0.19] R26[0.18] G1[0.10] A1[0.53] G2[0.11];0.18;0.36;0.04;0.64;0.34;0.00;0.87;0.08;0.1370;0.2068;1
52;52;Agent_1;orders came from the seed rule base (rules as-is);0;0;R7[0.07] R20[0.20] R26[0.18] G1[0.10] A1[0.53] G2[0.11];0.18;0.38;0.04;0.64;0.34;0.00;0.87;0.08;0.1793;0.2643;1
53;53;Agent_1;orders came from the seed rule base (rules as-is);0;0;R7[0.07] R20[0.31] R26[0.17] A1[0.53];0.17;0.45;0.04;0.48;0.31;0.00;0.75;0.08;0.3170;0.3049;1
53;53;Agent_1;orders came from the seed rule base (rules as-is);0;0;R7[0.07] R20[0.19] R26[0.17] G1[0.10] A1[0.53];0.17;0.36;0.04;0.56;0.31;0.00;0.85;0.08;0.1469;0.2072;1
53;53;Agent_1;orders came from the seed rule base (rules as-is);0;0;R7[0.07] R20[0.19] R26[0.17] G1[0.10] A1[0.53] G2[0.11];0.17;0.36;0.04;0.64;0.34;0.00;0.87;0.08;0.1469;0.2075;1
53;53;Agent_1;orders came from the seed rule base (rules as-is);0;0;R7[0.07] R20[0.20] R26[0.17] G1[0.10] A1[0.53] G2[0.11];0.17;0.38;0.04;0.64;0.34;0.00;0.87;0.08;0.1854;0.2596;1
54;54;Agent_1;orders came from the seed rule base (rules as-is);0;0;R7[0.07] R20[0.31] R26[0.17] A1[0.53];0.17;0.44;0.04;0.48;0.31;0.00;0.75;0.08;0.3173;0.3052;1
54;54;Agent_1;orders came from the seed rule base (rules as-is);0;0;R7[0.07] R20[0.18] R26[0.17] G1[0.10] A1[0.53];0.17;0.36;0.04;0.56;0.31;0.00;0.85;0.08;0.1362;0.2321;1
54;54;Agent_1;orders came from the seed rule base (rules as-is);0;0;R7[0.07] R20[0.18] R26[0.17] G1[0.10] A1[0.53] G2[0.11];0.17;0.36;0.04;0.64;0.34;0.00;0.87;0.08;0.1362;0.2324;1
54;54;Agent_1;orders came from the seed rule base (rules as-is);0;0;R7[0.07] R20[0.20] R26[0.17] G1[0.10] A1[0.53] G2[0.11];0.17;0.38;0.04;0.64;0.34;0.00;0.87;0.08;0.1827;0.2602;1
55;55;Agent_1;orders came from the seed rule base (rules as-is);0;0;R7[0.07] R20[0.30] R26[0.17] A1[0.53];0.17;0.44;0.04;0.48;0.31;0.00;0.75;0.08;0.3176;0.3055;1
55;55;Agent_1;orders came from the seed rule base (rules as-is);0;0;R7[0.07] R20[0.18] R26[0.17] G1[0.09] A1[0.53];0.17;0.36;0.04;0.56;0.31;0.00;0.85;0.08;0.1323;0.2088;1
55;55;Agent_1;orders came from the seed rule base (rules as-is);0;0;R7[0.07] R20[0.18] R26[0.17] G1[0.09] A1[0.53] G2[0.11];0.17;0.36;0.04;0.64;0.34;0.00;0.87;0.08;0.1323;0.2091;1
55;55;Agent_1;orders came from the seed rule base (rules as-is);0;0;R7[0.07] R20[0.20] R26[0.17] G1[0.09] A1[0.53] G2[0.11];0.17;0.38;0.04;0.64;0.34;0.00;0.87;0.08;0.1837;0.2619;1
56;56;Agent_1;orders came from the seed rule base (rules as-is);0;0;R7[0.07] R20[0.30] R26[0.17] A1[0.53];0.17;0.44;0.04;0.48;0.31;0.00;0.76;0.08;0.3180;0.3058;1
56;56;Agent_1;orders came from the seed rule base (rules as-is);0;0;R7[0.07] R20[0.18] R26[0.17] G1[0.09] A1[0.53];0.17;0.36;0.04;0.56;0.31;0.00;0.85;0.08;0.1325;0.2104;1
56;56;Agent_1;orders came from the seed rule base (rules as-is);0;0;R7[0.07] R20[0.20] R26[0.17] G1[0.09] A1[0.53] G2[0.11];0.17;0.38;0.04;0.63;0.34;0.00;0.87;0.08;0.1839;0.2592;1
57;57;Agent_1;orders came from the seed rule base (rules as-is);0;0;R7[0.07] R20[0.30] R26[0.17] A1[0.53];0.17;0.44;0.04;0.48;0.31;0.00;0.76;0.08;0.3183;0.3061;1
57;57;Agent_1;orders came from the seed rule base (rules as-is);0;0;R7[0.07] R20[0.18] R26[0.17] G1[0.09] A1[0.53];0.17;0.36;0.04;0.56;0.31;0.00;0.85;0.08;0.1320;0.2073;1
57;57;Agent_1;orders came from the seed rule base (rules as-is);0;0;R7[0.07] R20[0.20] R26[0.17] G1[0.09] A1[0.53] G2[0.11];0.17;0.37;0.04;0.63;0.34;0.00;0.87;0.08;0.1853;0.2591;1
58;58;Agent_1;orders came from the seed rule base (rules as-is);0;0;R7[0.07] R20[0.30] R26[0.17] A1[0.53];0.17;0.44;0.04;0.48;0.31;0.00;0.76;0.08;0.3186;0.3064;1
58;58;Agent_1;orders came from the seed rule base (rules as-is);0;0;R7[0.07] R20[0.18] R26[0.17] G1[0.09] A1[0.53];0.17;0.35;0.04;0.56;0.31;0.00;0.85;0.08;0.1339;0.2074;1
58;58;Agent_1;orders came from the seed rule base (rules as-is);0;0;R7[0.07] R20[0.20] R26[0.17] G1[0.09] A1[0.53] G2[0.11];0.17;0.37;0.04;0.63;0.34;0.00;0.87;0.08;0.1871;0.2690;1
59;59;Agent_1;orders came from the seed rule base (rules as-is);0;0;R7[0.07] R20[0.30] R26[0.17] A1[0.53];0.17;0.43;0.04;0.48;0.31;0.00;0.76;0.08;0.3189;0.3066;1
59;59;Agent_1;orders came from the seed rule base (rules as-is);0;0;R7[0.07] R20[0.18] R26[0.17] G1[0.09] A1[0.53];0.17;0.35;0.04;0.56;0.31;0.00;0.85;0.08;0.1329;0.2061;1
59;59;Agent_1;orders came from the seed rule base (rules as-is);0;0;R7[0.07] R20[0.20] R26[0.17] G1[0.09] A1[0.53] G2[0.11];0.17;0.37;0.04;0.63;0.34;0.00;0.87;0.08;0.1873;0.2612;1
60;60;Agent_1;RL selected stage 1 [evFIS] (deficit bucket: low) → rejected (no improving perturbation found | seed-base decision stands, its orders are applied);1;0;R7[0.07] R20[0.30] R26[0.17] A1[0.53];0.17;0.43;0.04;0.48;0.31;0.00;0.76;0.08;0.3192;0.3069;1
60;60;Agent_1;orders came from the seed rule base (rules as-is);0;0;R7[0.07] R20[0.18] R26[0.17] G1[0.09] A1[0.53];0.17;0.35;0.04;0.56;0.31;0.00;0.85;0.08;0.1330;0.2059;1
60;60;Agent_1;orders came from the seed rule base (rules as-is);0;0;R7[0.07] R20[0.20] R26[0.17] G1[0.09] A1[0.53] G2[0.11];0.17;0.37;0.04;0.63;0.34;0.00;0.87;0.08;0.1883;0.2643;1
61;61;Agent_1;orders came from the seed rule base (rules as-is);0;0;R7[0.07] R20[0.30] R26[0.17] A1[0.53];0.17;0.43;0.04;0.48;0.31;0.00;0.76;0.08;0.3195;0.3072;1
61;61;Agent_1;orders came from the seed rule base (rules as-is);0;0;R7[0.07] R20[0.18] R26[0.17] G1[0.09] A1[0.53];0.17;0.35;0.04;0.56;0.31;0.00;0.85;0.08;0.1331;0.2081;1
61;61;Agent_1;orders came from the seed rule base (rules as-is);0;0;R7[0.07] R20[0.20] R26[0.17] G1[0.09] A1[0.53] G2[0.11];0.17;0.37;0.04;0.63;0.34;0.00;0.87;0.08;0.1893;0.2679;1
62;62;Agent_1;orders came from the seed rule base (rules as-is);0;0;R7[0.07] R20[0.29] R26[0.17] A1[0.53];0.17;0.43;0.04;0.48;0.31;0.00;0.76;0.08;0.3198;0.3075;1
62;62;Agent_1;orders came from the seed rule base (rules as-is);0;0;R7[0.07] R20[0.18] R26[0.17] G1[0.09] A1[0.53];0.17;0.35;0.04;0.56;0.31;0.00;0.85;0.08;0.1332;0.2076;1
62;62;Agent_1;orders came from the seed rule base (rules as-is);0;0;R7[0.07] R20[0.20] R26[0.17] G1[0.09] A1[0.53] G2[0.11];0.17;0.37;0.04;0.63;0.34;0.00;0.87;0.08;0.1838;0.2586;1
63;63;Agent_1;orders came from the seed rule base (rules as-is);0;0;R7[0.07] R20[0.29] R26[0.17] A1[0.53];0.17;0.43;0.04;0.48;0.31;0.00;0.76;0.08;0.3201;0.3078;1
63;63;Agent_1;orders came from the seed rule base (rules as-is);0;0;R7[0.07] R20[0.18] R26[0.17] G1[0.09] A1[0.53];0.17;0.35;0.04;0.56;0.31;0.00;0.85;0.08;0.1334;0.2142;1
63;63;Agent_1;orders came from the seed rule base (rules as-is);0;0;R7[0.07] R20[0.20] R26[0.17] G1[0.09] A1[0.53] G2[0.11];0.17;0.37;0.04;0.63;0.34;0.00;0.87;0.08;0.1835;0.2600;1
64;64;Agent_1;orders came from the seed rule base (rules as-is);0;0;R7[0.07] R20[0.29] R26[0.17] A1[0.53];0.17;0.43;0.04;0.48;0.31;0.00;0.76;0.08;0.3204;0.3081;1
64;64;Agent_1;orders came from the seed rule base (rules as-is);0;0;R7[0.07] R20[0.18] R26[0.17] G1[0.09] A1[0.53];0.17;0.34;0.04;0.56;0.31;0.00;0.85;0.08;0.1340;0.2043;1
64;64;Agent_1;orders came from the seed rule base (rules as-is);0;0;R7[0.07] R20[0.20] R26[0.17] G1[0.09] A1[0.53] G2[0.11];0.17;0.37;0.04;0.63;0.34;0.00;0.87;0.08;0.1841;0.2632;1
65;65;Agent_1;orders came from the seed rule base (rules as-is);0;0;R7[0.07] R20[0.29] R26[0.17] A1[0.53];0.17;0.42;0.04;0.48;0.31;0.00;0.76;0.08;0.3207;0.3084;1
65;65;Agent_1;orders came from the seed rule base (rules as-is);0;0;R7[0.07] R20[0.18] R26[0.17] G1[0.09] A1[0.53];0.17;0.34;0.04;0.56;0.31;0.00;0.85;0.08;0.1723;0.2016;1
65;65;Agent_1;orders came from the seed rule base (rules as-is);0;0;R7[0.07] R20[0.20] R26[0.17] G1[0.09] A1[0.53] G2[0.11];0.17;0.36;0.04;0.63;0.34;0.00;0.87;0.08;0.1847;0.2582;1
66;66;Agent_1;orders came from the seed rule base (rules as-is);0;0;R7[0.07] R20[0.29] R26[0.17] A1[0.53];0.17;0.42;0.04;0.48;0.31;0.00;0.76;0.08;0.3210;0.3087;1
66;66;Agent_1;orders came from the seed rule base (rules as-is);0;0;R7[0.07] R20[0.18] R26[0.17] G1[0.09] A1[0.53];0.17;0.34;0.04;0.56;0.31;0.00;0.85;0.08;0.1742;0.2002;1
66;66;Agent_1;orders came from the seed rule base (rules as-is);0;0;R7[0.07] R20[0.20] R26[0.17] G1[0.09] A1[0.53] G2[0.11];0.17;0.36;0.04;0.63;0.34;0.00;0.87;0.08;0.1858;0.2677;1
67;67;Agent_1;orders came from the seed rule base (rules as-is);0;0;R7[0.07] R20[0.17] R26[0.16] G1[0.09] A1[0.53];0.16;0.34;0.04;0.55;0.31;0.00;0.85;0.07;0.1753;0.1987;1
67;67;Agent_1;orders came from the seed rule base (rules as-is);0;0;R7[0.07] R20[0.20] R26[0.16] G1[0.09] A1[0.53] G2[0.11];0.16;0.36;0.04;0.63;0.34;0.00;0.87;0.07;0.1868;0.2574;1
68;68;Agent_1;orders came from the seed rule base (rules as-is);0;0;R7[0.07] R20[0.17] R26[0.16] G1[0.09] A1[0.53];0.16;0.34;0.04;0.55;0.31;0.00;0.85;0.07;0.1758;0.2059;1
68;68;Agent_1;orders came from the seed rule base (rules as-is);0;0;R7[0.07] R20[0.20] R26[0.16] G1[0.09] A1[0.53] G2[0.11];0.16;0.36;0.04;0.63;0.34;0.00;0.87;0.07;0.1870;0.2586;1
69;69;Agent_1;orders came from the seed rule base (rules as-is);0;0;R7[0.07] R20[0.17] R26[0.16] G1[0.09] A1[0.53];0.16;0.34;0.04;0.55;0.31;0.00;0.85;0.07;0.1790;0.1973;1
69;69;Agent_1;orders came from the seed rule base (rules as-is);0;0;R7[0.07] R20[0.20] R26[0.16] G1[0.09] A1[0.53] G2[0.11];0.16;0.36;0.04;0.63;0.34;0.00;0.87;0.07;0.1847;0.2561;1
70;70;Agent_1;orders came from the seed rule base (rules as-is);0;0;R7[0.07] R20[0.17] R26[0.16] G1[0.09] A1[0.53];0.16;0.34;0.04;0.55;0.31;0.00;0.85;0.07;0.1813;0.2225;1
70;70;Agent_1;orders came from the seed rule base (rules as-is);0;0;R7[0.07] R20[0.19] R26[0.16] G1[0.09] A1[0.53] G2[0.11];0.16;0.36;0.04;0.63;0.34;0.00;0.87;0.07;0.1849;0.2566;1
71;71;Agent_1;orders came from the seed rule base (rules as-is);0;0;R7[0.07] R20[0.17] R26[0.16] G1[0.09] A1[0.53];0.16;0.33;0.04;0.55;0.31;0.00;0.85;0.07;0.1731;0.2221;1
71;71;Agent_1;orders came from the seed rule base (rules as-is);0;0;R7[0.07] R20[0.19] R26[0.16] G1[0.09] A1[0.53] G2[0.11];0.16;0.36;0.04;0.63;0.34;0.00;0.87;0.07;0.1863;0.2706;1
72;72;Agent_1;orders came from the seed rule base (rules as-is);0;0;R7[0.07] R20[0.17] R26[0.16] G1[0.09] A1[0.53];0.16;0.33;0.04;0.55;0.31;0.00;0.85;0.07;0.1750;0.2230;1
72;72;Agent_1;orders came from the seed rule base (rules as-is);0;0;R7[0.07] R20[0.19] R26[0.16] G1[0.09] A1[0.53] G2[0.11];0.16;0.36;0.04;0.63;0.34;0.00;0.87;0.07;0.1869;0.2565;1
73;73;Agent_1;orders came from the seed rule base (rules as-is);0;0;R7[0.07] R20[0.17] R26[0.16] G1[0.09] A1[0.53];0.16;0.33;0.04;0.55;0.31;0.00;0.85;0.07;0.1679;0.2238;1
73;73;Agent_1;orders came from the seed rule base (rules as-is);0;0;R7[0.07] R20[0.19] R26[0.16] G1[0.09] A1[0.53] G2[0.11];0.16;0.35;0.04;0.63;0.34;0.00;0.87;0.07;0.1880;0.2565;1
74;74;Agent_1;orders came from the seed rule base (rules as-is);0;0;R7[0.07] R20[0.17] R26[0.16] G1[0.09] A1[0.53];0.16;0.33;0.04;0.55;0.31;0.00;0.85;0.07;0.1712;0.2242;1
74;74;Agent_1;orders came from the seed rule base (rules as-is);0;0;R7[0.07] R20[0.19] R26[0.16] G1[0.09] A1[0.53] G2[0.11];0.16;0.35;0.04;0.63;0.34;0.00;0.87;0.07;0.1881;0.2575;1
75;75;Agent_1;orders came from the seed rule base (rules as-is);0;0;R7[0.07] R20[0.19] R26[0.16] G1[0.09] A1[0.53] G2[0.11];0.16;0.35;0.04;0.63;0.34;0.00;0.87;0.07;0.1871;0.2583;1
76;76;Agent_1;orders came from the seed rule base (rules as-is);0;0;R7[0.07] R20[0.19] R26[0.16] G1[0.09] A1[0.53] G2[0.11];0.16;0.35;0.04;0.63;0.34;0.00;0.87;0.07;0.1906;0.2664;1
77;77;Agent_1;orders came from the seed rule base (rules as-is);0;0;R7[0.07] R20[0.19] R26[0.16] G1[0.09] A1[0.53] G2[0.11];0.16;0.35;0.04;0.63;0.34;0.00;0.87;0.07;0.1912;0.2646;1
78;78;Agent_1;orders came from the seed rule base (rules as-is);0;0;R7[0.07] R20[0.19] R26[0.16] G1[0.09] A1[0.53] G2[0.11];0.16;0.35;0.04;0.63;0.34;0.00;0.87;0.07;0.1914;0.2576;1
79;79;Agent_1;orders came from the seed rule base (rules as-is);0;0;R7[0.07] R20[0.19] R26[0.16] G1[0.09] A1[0.53] G2[0.11];0.16;0.35;0.04;0.63;0.34;0.00;0.87;0.07;0.1895;0.2734;1
80;80;Agent_1;orders came from the seed rule base (rules as-is);0;0;R7[0.07] R20[0.19] R26[0.15] G1[0.08] A1[0.53] G2[0.11];0.15;0.34;0.04;0.63;0.34;0.00;0.87;0.07;0.1897;0.2572;1
81;81;Agent_1;orders came from the seed rule base (rules as-is);0;0;R7[0.07] R20[0.19] R26[0.15] G1[0.08] A1[0.53] G2[0.11];0.15;0.34;0.04;0.63;0.34;0.00;0.87;0.07;0.1907;0.2595;1
82;82;Agent_1;orders came from the seed rule base (rules as-is);0;0;R7[0.07] R20[0.19] R26[0.15] G1[0.08] A1[0.53] G2[0.11];0.15;0.34;0.04;0.63;0.34;0.00;0.87;0.07;0.1909;0.2618;1
83;83;Agent_1;orders came from the seed rule base (rules as-is);0;0;R7[0.07] R20[0.19] R26[0.15] G1[0.08] A1[0.53] G2[0.11];0.15;0.34;0.04;0.63;0.34;0.00;0.87;0.07;0.1911;0.2679;1
84;84;Agent_1;orders came from the seed rule base (rules as-is);0;0;R7[0.07] R20[0.19] R26[0.15] G1[0.08] A1[0.53] G2[0.11];0.15;0.34;0.04;0.63;0.34;0.00;0.87;0.07;0.1921;0.2561;1
85;85;Agent_1;orders came from the seed rule base (rules as-is);0;0;R7[0.07] R20[0.19] R26[0.15] G1[0.08] A1[0.53] G2[0.11];0.15;0.34;0.04;0.63;0.34;0.00;0.87;0.06;0.1911;0.2569;1
86;86;Agent_1;orders came from the seed rule base (rules as-is);0;0;R7[0.07] R20[0.18] R26[0.15] G1[0.08] A1[0.53] G2[0.11];0.15;0.34;0.04;0.63;0.34;0.00;0.87;0.06;0.1917;0.2570;1
87;87;Agent_1;orders came from the seed rule base (rules as-is);0;0;R7[0.07] R20[0.18] R26[0.15] G1[0.08] A1[0.53] G2[0.11];0.15;0.33;0.04;0.63;0.34;0.00;0.87;0.06;0.1991;0.2608;1
88;88;Agent_1;orders came from the seed rule base (rules as-is);0;0;R7[0.07] R20[0.18] R26[0.15] G1[0.08] A1[0.53] G2[0.11];0.15;0.33;0.04;0.62;0.34;0.00;0.87;0.06;0.1961;0.2694;1
89;89;Agent_1;orders came from the seed rule base (rules as-is);0;0;R7[0.07] R20[0.18] R26[0.15] G1[0.08] A1[0.53] G2[0.11];0.15;0.33;0.04;0.62;0.34;0.00;0.87;0.06;0.1991;0.2706;1
90;90;Agent_1;orders came from the seed rule base (rules as-is);0;0;R7[0.07] R20[0.18] R26[0.15] G1[0.08] A1[0.53] G2[0.11];0.15;0.33;0.04;0.62;0.34;0.00;0.87;0.06;0.1993;0.2572;1
91;91;Agent_1;orders came from the seed rule base (rules as-is);0;0;R7[0.07] R20[0.18] R26[0.15] G1[0.08] A1[0.53] G2[0.11];0.15;0.33;0.04;0.62;0.34;0.00;0.87;0.06;0.2006;0.2646;1
92;92;Agent_1;orders came from the seed rule base (rules as-is);0;0;R7[0.07] R20[0.18] R26[0.15] G1[0.08] A1[0.53] G2[0.11];0.15;0.33;0.04;0.62;0.34;0.00;0.87;0.06;0.1981;0.2638;1
93;93;Agent_1;orders came from the seed rule base (rules as-is);0;0;R7[0.07] R20[0.18] R26[0.15] G1[0.08] A1[0.53] G2[0.11];0.15;0.33;0.04;0.62;0.34;0.00;0.87;0.06;0.1994;0.2569;1
94;94;Agent_1;orders came from the seed rule base (rules as-is);0;0;R7[0.07] R20[0.18] R26[0.15] G1[0.08] A1[0.53] G2[0.11];0.15;0.33;0.04;0.62;0.34;0.00;0.87;0.06;0.2004;0.2576;1
95;95;Agent_1;orders came from the seed rule base (rules as-is);0;0;R7[0.07] R20[0.18] R26[0.14] G1[0.08] A1[0.53] G2[0.11];0.14;0.32;0.04;0.62;0.34;0.00;0.87;0.06;0.1986;0.2611;1
96;96;Agent_1;orders came from the seed rule base (rules as-is);0;0;R7[0.07] R20[0.18] R26[0.14] G1[0.08] A1[0.53] G2[0.11];0.14;0.32;0.04;0.62;0.34;0.00;0.87;0.06;0.1992;0.2592;1
97;97;Agent_1;orders came from the seed rule base (rules as-is);0;0;R7[0.07] R20[0.18] R26[0.14] G1[0.08] A1[0.53] G2[0.11];0.14;0.32;0.04;0.62;0.34;0.00;0.87;0.06;0.1990;0.2642;1
98;98;Agent_1;orders came from the seed rule base (rules as-is);0;0;R7[0.07] R20[0.18] R26[0.14] G1[0.08] A1[0.53] G2[0.11];0.14;0.32;0.04;0.62;0.34;0.00;0.87;0.06;0.2008;0.2604;1
99;99;Agent_1;orders came from the seed rule base (rules as-is);0;0;R7[0.07] R20[0.18] R26[0.14] G1[0.08] A1[0.53] G2[0.11];0.14;0.32;0.04;0.62;0.34;0.00;0.87;0.06;0.2021;0.2590;1
100;100;Agent_1;orders came from the seed rule base (rules as-is);0;0;R7[0.07] R20[0.18] R26[0.14] G1[0.08] A1[0.53] G2[0.11];0.14;0.32;0.04;0.62;0.34;0.00;0.87;0.06;0.2023;0.2766;1
101;101;Agent_1;orders came from the seed rule base (rules as-is);0;0;R7[0.07] R20[0.18] R26[0.14] G1[0.08] A1[0.53] G2[0.11];0.14;0.32;0.04;0.62;0.34;0.00;0.87;0.06;0.2040;0.2563;1
102;102;Agent_1;orders came from the seed rule base (rules as-is);0;0;R7[0.07] R20[0.17] R26[0.14] G1[0.08] A1[0.53] G2[0.11];0.14;0.32;0.04;0.62;0.34;0.00;0.87;0.06;0.2311;0.2590;1
103;103;Agent_1;orders came from the seed rule base (rules as-is);0;0;R7[0.07] R20[0.17] R26[0.14] G1[0.08] A1[0.53] G2[0.11];0.14;0.31;0.04;0.62;0.34;0.00;0.87;0.06;0.2327;0.2605;1
104;104;Agent_1;orders came from the seed rule base (rules as-is);0;0;R7[0.07] R20[0.17] R26[0.14] G1[0.08] A1[0.53] G2[0.11];0.14;0.31;0.04;0.62;0.34;0.00;0.87;0.06;0.2332;0.2645;1
105;105;Agent_1;orders came from the seed rule base (rules as-is);0;0;R7[0.07] R20[0.17] R26[0.14] G1[0.08] A1[0.53] G2[0.11];0.14;0.31;0.04;0.62;0.34;0.00;0.87;0.06;0.2340;0.2624;1
106;106;Agent_1;orders came from the seed rule base (rules as-is);0;0;R7[0.07] R20[0.17] R26[0.14] G1[0.07] A1[0.53] G2[0.11];0.14;0.31;0.04;0.62;0.34;0.00;0.87;0.06;0.2359;0.2653;1
107;107;Agent_1;orders came from the seed rule base (rules as-is);0;0;R7[0.07] R20[0.17] R26[0.14] G1[0.07] A1[0.53] G2[0.11];0.14;0.31;0.04;0.62;0.34;0.00;0.87;0.05;0.2369;0.2593;1
108;108;Agent_1;orders came from the seed rule base (rules as-is);0;0;R7[0.07] R20[0.17] R26[0.14] G1[0.07] A1[0.53] G2[0.11];0.14;0.31;0.04;0.62;0.34;0.00;0.87;0.05;0.2388;0.2602;1
0;0;Agent_1;RL selected stage 3 [GenAI] (deficit bucket: low) → ACCEPTED: G1: G1: IF asset exposure risk is VH AND intervention urgency is VL THEN asset protection 0.8, resource deployment 0.4 (adaptation-born: generative (template), gates G1-G4);3;3;R7[0.07] R20[0.19] G1[0.38];0.00;0.33;0.04;0.36;0.00;0.00;0.73;0.00;0.2898;0.2819;1
0;0;Agent_1;RL selected stage 1 [evFIS] (deficit bucket: low) → rejected (no improving perturbation found | seed-base decision stands, its orders are applied);1;0;R7[0.07] R20[0.19] G1[0.54] A1[0.53];0.00;0.39;0.04;0.81;0.31;0.00;0.87;0.00;0.1795;0.1718;1
0;0;Agent_1;RL selected stage 3 [GenAI] (deficit bucket: low) → ACCEPTED: G2: G2: IF asset exposure risk is VH AND evacuation pressure is VL THEN asset protection 0.7, evacuation 0.3 (adaptation-born: generative (template), gates G1-G4);3;3;R7[0.07] R20[0.19] G1[0.54] A1[0.53] G2[0.40];0.00;0.39;0.04;0.78;0.43;0.00;0.86;0.00;0.1795;0.1718;1
0;0;Agent_1;RL selected stage 1 [evFIS] (deficit bucket: low) → rejected (no improving perturbation found | seed-base decision stands, its orders are applied);1;0;R7[0.07] R20[0.19] G1[0.54] A1[0.53] G2[0.40];0.00;0.39;0.04;0.78;0.43;0.00;0.86;0.00;0.2395;0.2318;1
0;0;Agent_1;RL selected stage 1 [evFIS] (deficit bucket: low) → rejected (no improving perturbation found | seed-base decision stands, its orders are applied);1;0;R7[0.07] R20[0.19] G1[0.38] A1[0.53] G2[0.33];0.00;0.33;0.04;0.78;0.41;0.00;0.87;0.00;0.2990;0.2913;1
1;1;Agent_1;orders came from the seed rule base (rules as-is);0;0;R7[0.07] R20[0.17] G1[0.34];0.00;0.30;0.04;0.33;0.00;0.00;0.76;0.00;0.2941;0.2843;1
1;1;Agent_1;orders came from the seed rule base (rules as-is);0;0;R7[0.07] R20[0.17] G1[0.49] A1[0.49];0.00;0.35;0.04;0.81;0.28;0.00;0.87;0.00;0.1860;0.1775;1
1;1;Agent_1;orders came from the seed rule base (rules as-is);0;0;R7[0.07] R20[0.17] G1[0.49] A1[0.49] G2[0.36];0.00;0.35;0.04;0.78;0.40;0.00;0.85;0.00;0.1860;0.1775;1
1;1;Agent_1;orders came from the seed rule base (rules as-is);0;0;R7[0.07] R20[0.17] G1[0.49] A1[0.49] G2[0.36];0.00;0.35;0.04;0.78;0.40;0.00;0.85;0.00;0.2476;0.2357;1
1;1;Agent_1;orders came from the seed rule base (rules as-is);0;0;R7[0.07] R20[0.17] G1[0.34] A1[0.49] G2[0.30];0.00;0.30;0.04;0.78;0.38;0.00;0.86;0.00;0.3004;0.2917;1
2;2;Agent_1;orders came from the seed rule base (rules as-is);0;0;R7[0.07] R20[0.16] G1[0.32];0.00;0.28;0.04;0.32;0.00;0.00;0.70;0.12;0.2958;0.2861;1
2;2;Agent_1;orders came from the seed rule base (rules as-is);0;0;R7[0.07] R20[0.16] G1[0.47] A1[0.53];0.00;0.34;0.04;0.81;0.31;0.00;0.89;0.12;0.1916;0.1837;1
2;2;Agent_1;orders came from the seed rule base (rules as-is);0;0;R7[0.07] R20[0.16] G1[0.47] A1[0.53] G2[0.44];0.00;0.34;0.04;0.78;0.45;0.00;0.89;0.12;0.1916;0.1837;1
2;2;Agent_1;orders came from the seed rule base (rules as-is);0;0;R7[0.07] R20[0.16] G1[0.47] A1[0.53] G2[0.44];0.00;0.34;0.04;0.78;0.45;0.00;0.89;0.12;0.2508;0.2397;1
2;2;Agent_1;orders came from the seed rule base (rules as-is);0;0;R7[0.07] R20[0.16] G1[0.32] A1[0.53] G2[0.36];0.00;0.28;0.04;0.78;0.42;0.00;0.91;0.12;0.3011;0.2923;1
3;3;Agent_1;orders came from the seed rule base (rules as-is);0;0;R7[0.07] R20[0.17] R26[0.04] G1[0.25];0.04;0.30;0.04;0.26;0.00;0.00;0.62;0.12;0.3009;0.2878;1
3;3;Agent_1;orders came from the seed rule base (rules as-is);0;0;R7[0.07] R20[0.17] R26[0.04] G1[0.40] A1[0.53];0.04;0.36;0.04;0.80;0.31;0.00;0.86;0.12;0.1809;0.1885;1
3;3;Agent_1;orders came from the seed rule base (rules as-is);0;0;R7[0.07] R20[0.17] R26[0.04] G1[0.40] A1[0.53] G2[0.12];0.04;0.36;0.04;0.80;0.34;0.00;0.87;0.12;0.1809;0.1885;1
3;3;Agent_1;orders came from the seed rule base (rules as-is);0;0;R7[0.07] R20[0.17] R26[0.04] G1[0.40] A1[0.53] G2[0.12];0.04;0.36;0.04;0.80;0.34;0.00;0.87;0.12;0.2322;0.2433;1
3;3;Agent_1;orders came from the seed rule base (rules as-is);0;0;R7[0.07] R20[0.17] R26[0.04] G1[0.25] A1[0.53] G2[0.04];0.04;0.30;0.04;0.71;0.32;0.00;0.81;0.12;0.3018;0.2927;1
4;4;Agent_1;orders came from the seed rule base (rules as-is);0;0;R7[0.07] R20[0.18] R26[0.08] G1[0.20];0.08;0.32;0.04;0.22;0.00;0.00;0.61;0.12;0.3027;0.2885;1
4;4;Agent_1;orders came from the seed rule base (rules as-is);0;0;R7[0.07] R20[0.18] R26[0.08] G1[0.34] A1[0.53];0.08;0.37;0.04;0.75;0.31;0.00;0.88;0.12;0.1757;0.1963;1
4;4;Agent_1;orders came from the seed rule base (rules as-is);0;0;R7[0.07] R20[0.18] R26[0.08] G1[0.34] A1[0.53] G2[0.11];0.08;0.37;0.04;0.80;0.34;0.00;0.88;0.12;0.1756;0.1963;1
4;4;Agent_1;orders came from the seed rule base (rules as-is);0;0;R7[0.07] R20[0.18] R26[0.08] G1[0.34] A1[0.53] G2[0.11];0.08;0.37;0.04;0.80;0.34;0.00;0.87;0.12;0.2297;0.2478;1
4;4;Agent_1;orders came from the seed rule base (rules as-is);0;0;R7[0.07] R20[0.18] R26[0.08] G1[0.20] A1[0.53] G2[0.03];0.08;0.32;0.04;0.66;0.32;0.00;0.80;0.12;0.2971;0.2930;1
4;4;Agent_1;orders came from the seed rule base (rules as-is);0;0;R7[0.07] R20[0.18] R26[0.08] G1[0.20];0.08;0.32;0.04;0.22;0.00;0.00;0.61;0.12;0.3027;0.2885;1
4;4;Agent_1;orders came from the seed rule base (rules as-is);0;0;R7[0.07] R20[0.18] R26[0.08] G1[0.34] A1[0.53];0.08;0.37;0.04;0.75;0.31;0.00;0.88;0.12;0.1757;0.1963;1
4;4;Agent_1;orders came from the seed rule base (rules as-is);0;0;R7[0.07] R20[0.18] R26[0.08] G1[0.34] A1[0.53] G2[0.11];0.08;0.37;0.04;0.80;0.34;0.00;0.88;0.12;0.1756;0.1963;1
4;4;Agent_1;orders came from the seed rule base (rules as-is);0;0;R7[0.07] R20[0.18] R26[0.08] G1[0.34] A1[0.53] G2[0.11];0.08;0.37;0.04;0.80;0.34;0.00;0.87;0.12;0.2297;0.2478;1
4;4;Agent_1;orders came from the seed rule base (rules as-is);0;0;R7[0.07] R20[0.18] R26[0.08] G1[0.20] A1[0.53] G2[0.03];0.08;0.32;0.04;0.66;0.32;0.00;0.80;0.12;0.2971;0.2930;1
4;4;Agent_1;orders came from the seed rule base (rules as-is);0;0;R7[0.07] R20[0.18] R26[0.08] G1[0.20] A1[0.53] G2[0.03];0.08;0.32;0.04;0.66;0.32;0.00;0.80;0.12;0.2971;0.2930;1
5;5;Agent_1;orders came from the seed rule base (rules as-is);0;0;R7[0.07] R20[0.19] R26[0.11] G1[0.16];0.11;0.34;0.04;0.19;0.00;0.00;0.60;0.12;0.3054;0.2902;1
5;5;Agent_1;orders came from the seed rule base (rules as-is);0;0;R7[0.07] R20[0.19] R26[0.11] G1[0.29] A1[0.53];0.11;0.39;0.04;0.72;0.31;0.00;0.87;0.12;0.1785;0.2004;1
5;5;Agent_1;orders came from the seed rule base (rules as-is);0;0;R7[0.07] R20[0.19] R26[0.11] G1[0.29] A1[0.53] G2[0.11];0.11;0.39;0.04;0.79;0.34;0.00;0.88;0.12;0.1783;0.2004;1
5;5;Agent_1;orders came from the seed rule base (rules as-is);0;0;R7[0.07] R20[0.19] R26[0.11] G1[0.29] A1[0.53] G2[0.11];0.11;0.39;0.04;0.79;0.34;0.00;0.88;0.12;0.2321;0.2492;1
5;5;Agent_1;orders came from the seed rule base (rules as-is);0;0;R7[0.07] R20[0.19] R26[0.11] G1[0.16] A1[0.53] G2[0.03];0.11;0.34;0.04;0.63;0.32;0.00;0.79;0.12;0.2979;0.2932;1
6;6;Agent_1;orders came from the seed rule base (rules as-is);0;0;R7[0.07] R20[0.20] R26[0.13] G1[0.13];0.13;0.34;0.04;0.16;0.00;0.00;0.60;0.12;0.3059;0.2906;1
6;6;Agent_1;orders came from the seed rule base (rules as-is);0;0;R7[0.07] R20[0.20] R26[0.13] G1[0.25] A1[0.53];0.13;0.39;0.04;0.69;0.31;0.00;0.87;0.12;0.1784;0.2013;1
6;6;Agent_1;orders came from the seed rule base (rules as-is);0;0;R7[0.07] R20[0.20] R26[0.13] G1[0.25] A1[0.53] G2[0.11];0.13;0.39;0.04;0.76;0.34;0.00;0.89;0.12;0.1782;0.2013;1
6;6;Agent_1;orders came from the seed rule base (rules as-is);0;0;R7[0.07] R20[0.20] R26[0.13] G1[0.25] A1[0.53] G2[0.11];0.13;0.39;0.04;0.76;0.34;0.00;0.89;0.12;0.2293;0.2517;1
6;6;Agent_1;orders came from the seed rule base (rules as-is);0;0;R7[0.07] R20[0.20] R26[0.13] G1[0.13] A1[0.53] G2[0.03];0.13;0.35;0.04;0.60;0.32;0.00;0.78;0.12;0.2990;0.2935;1
7;7;Agent_1;orders came from the seed rule base (rules as-is);0;0;R7[0.07] R20[0.20] R26[0.14] G1[0.10];0.14;0.35;0.04;0.14;0.00;0.00;0.59;0.12;0.3075;0.2914;1
7;7;Agent_1;orders came from the seed rule base (rules as-is);0;0;R7[0.07] R20[0.20] R26[0.14] G1[0.23] A1[0.53];0.14;0.40;0.04;0.66;0.31;0.00;0.86;0.12;0.1416;0.2037;1
7;7;Agent_1;orders came from the seed rule base (rules as-is);0;0;R7[0.07] R20[0.20] R26[0.14] G1[0.23] A1[0.53] G2[0.11];0.14;0.40;0.04;0.74;0.34;0.00;0.89;0.12;0.1414;0.2037;1
7;7;Agent_1;orders came from the seed rule base (rules as-is);0;0;R7[0.07] R20[0.20] R26[0.14] G1[0.23] A1[0.53] G2[0.11];0.14;0.40;0.04;0.74;0.34;0.00;0.89;0.12;0.2139;0.2542;1
7;7;Agent_1;orders came from the seed rule base (rules as-is);0;0;R7[0.07] R20[0.20] R26[0.14] G1[0.10] A1[0.53] G2[0.03];0.14;0.35;0.04;0.58;0.32;0.00;0.78;0.12;0.3003;0.2934;1
8;8;Agent_1;orders came from the seed rule base (rules as-is);0;0;R7[0.07] R20[0.20] R26[0.16] G1[0.08];0.15;0.35;0.04;0.12;0.00;0.00;0.59;0.12;0.3082;0.2921;1
8;8;Agent_1;orders came from the seed rule base (rules as-is);0;0;R7[0.07] R20[0.20] R26[0.16] G1[0.20] A1[0.53];0.16;0.41;0.04;0.64;0.31;0.00;0.86;0.12;0.1221;0.2080;1
8;8;Agent_1;orders came from the seed rule base (rules as-is);0;0;R7[0.07] R20[0.20] R26[0.16] G1[0.20] A1[0.53] G2[0.11];0.16;0.41;0.04;0.72;0.34;0.00;0.89;0.12;0.1219;0.2080;1
8;8;Agent_1;orders came from the seed rule base (rules as-is);0;0;R7[0.07] R20[0.20] R26[0.16] G1[0.20] A1[0.53] G2[0.11];0.16;0.41;0.04;0.72;0.34;0.00;0.89;0.12;0.1933;0.2558;1
8;8;Agent_1;orders came from the seed rule base (rules as-is);0;0;R7[0.07] R20[0.20] R26[0.16] G1[0.08] A1[0.53] G2[0.03];0.16;0.36;0.04;0.57;0.32;0.00;0.77;0.12;0.3011;0.2935;1
9;9;Agent_1;orders came from the seed rule base (rules as-is);0;0;R7[0.07] R20[0.21] R26[0.17] G1[0.06];0.16;0.36;0.04;0.11;0.00;0.00;0.59;0.12;0.3090;0.2926;1
9;9;Agent_1;orders came from the seed rule base (rules as-is);0;0;R7[0.07] R20[0.21] R26[0.17] G1[0.18] A1[0.53];0.17;0.41;0.04;0.63;0.31;0.00;0.86;0.12;0.1247;0.2086;1
9;9;Agent_1;orders came from the seed rule base (rules as-is);0;0;R7[0.07] R20[0.21] R26[0.17] G1[0.18] A1[0.53] G2[0.11];0.17;0.41;0.04;0.71;0.34;0.00;0.88;0.12;0.1244;0.2086;1
9;9;Agent_1;orders came from the seed rule base (rules as-is);0;0;R7[0.07] R20[0.21] R26[0.17] G1[0.18] A1[0.53] G2[0.11];0.17;0.41;0.04;0.71;0.34;0.00;0.88;0.12;0.1950;0.2567;1
9;9;Agent_1;orders came from the seed rule base (rules as-is);0;0;R7[0.07] R20[0.21] R26[0.17] G1[0.06] A1[0.53] G2[0.03];0.17;0.36;0.04;0.55;0.32;0.00;0.77;0.12;0.3032;0.2936;1
10;10;Agent_1;RL selected stage 2 [resolution increase] (deficit bucket: mid) → ACCEPTED: A1: A1: IF asset exposure risk is VH AND suppression feasibility is VH THEN asset protection 0.9, evacuation 0.6 (adaptation-born: resolution increase (instantiated antecedent cell));2;2;R7[0.07] R20[0.21] R26[0.17] G1[0.05] A1[0.53];0.17;0.37;0.04;0.55;0.33;0.00;0.78;0.12;0.3060;0.2928;1
10;10;Agent_1;orders came from the seed rule base (rules as-is);0;0;R7[0.07] R20[0.21] R26[0.17] G1[0.17] A1[0.53];0.17;0.41;0.04;0.62;0.31;0.00;0.85;0.12;0.1270;0.2106;1
10;10;Agent_1;orders came from the seed rule base (rules as-is);0;0;R7[0.07] R20[0.21] R26[0.17] G1[0.17] A1[0.53] G2[0.11];0.17;0.41;0.04;0.69;0.34;0.00;0.88;0.12;0.1268;0.2106;1
10;10;Agent_1;orders came from the seed rule base (rules as-is);0;0;R7[0.07] R20[0.21] R26[0.17] G1[0.17] A1[0.53] G2[0.11];0.17;0.41;0.04;0.69;0.34;0.00;0.88;0.12;0.1919;0.2569;1
10;10;Agent_1;RL selected stage 1 [evFIS] (deficit bucket: low) → rejected (no improving perturbation found | seed-base decision stands, its orders are applied);1;0;R7[0.07] R20[0.21] R26[0.17] G1[0.05] A1[0.53] G2[0.03];0.17;0.37;0.04;0.54;0.32;0.00;0.77;0.12;0.3023;0.2936;1
11;11;Agent_1;orders came from the seed rule base (rules as-is);0;0;R7[0.07] R20[0.21] R26[0.18] G1[0.04] A1[0.53];0.18;0.37;0.04;0.54;0.33;0.00;0.78;0.11;0.3066;0.2934;1
11;11;Agent_1;orders came from the seed rule base (rules as-is);0;0;R7[0.07] R20[0.21] R26[0.18] G1[0.16] A1[0.53];0.18;0.41;0.04;0.61;0.31;0.00;0.85;0.11;0.1629;0.2104;1
11;11;Agent_1;orders came from the seed rule base (rules as-is);0;0;R7[0.07] R20[0.21] R26[0.18] G1[0.16] A1[0.53] G2[0.11];0.18;0.41;0.04;0.69;0.34;0.00;0.88;0.11;0.1627;0.2104;1
11;11;Agent_1;orders came from the seed rule base (rules as-is);0;0;R7[0.07] R20[0.21] R26[0.18] G1[0.16] A1[0.53] G2[0.11];0.18;0.41;0.04;0.69;0.34;0.00;0.88;0.11;0.1907;0.2594;1
11;11;Agent_1;orders came from the seed rule base (rules as-is);0;0;R7[0.07] R20[0.21] R26[0.18] G1[0.04] A1[0.53] G2[0.03];0.18;0.37;0.04;0.54;0.32;0.00;0.77;0.11;0.3020;0.2938;1
12;12;Agent_1;orders came from the seed rule base (rules as-is);0;0;R7[0.07] R20[0.21] R26[0.18] G1[0.03] A1[0.53];0.18;0.37;0.04;0.53;0.33;0.00;0.78;0.11;0.3073;0.2935;1
12;12;Agent_1;orders came from the seed rule base (rules as-is);0;0;R7[0.07] R20[0.21] R26[0.18] G1[0.15] A1[0.53];0.18;0.42;0.04;0.60;0.31;0.00;0.85;0.11;0.1269;0.2121;1
12;12;Agent_1;orders came from the seed rule base (rules as-is);0;0;R7[0.07] R20[0.21] R26[0.18] G1[0.15] A1[0.53] G2[0.11];0.18;0.42;0.04;0.68;0.34;0.00;0.88;0.11;0.1267;0.2121;1
12;12;Agent_1;orders came from the seed rule base (rules as-is);0;0;R7[0.07] R20[0.21] R26[0.18] G1[0.15] A1[0.53] G2[0.11];0.18;0.42;0.04;0.68;0.34;0.00;0.88;0.11;0.1913;0.2588;1
12;12;Agent_1;orders came from the seed rule base (rules as-is);0;0;R7[0.07] R20[0.21] R26[0.18] G1[0.03] A1[0.53] G2[0.03];0.18;0.37;0.04;0.53;0.32;0.00;0.76;0.11;0.3029;0.2939;1
13;13;Agent_1;orders came from the seed rule base (rules as-is);0;0;R7[0.07] R20[0.21] R26[0.19] G1[0.03] A1[0.53];0.19;0.37;0.04;0.53;0.33;0.00;0.77;0.11;0.3082;0.2938;1
13;13;Agent_1;orders came from the seed rule base (rules as-is);0;0;R7[0.07] R20[0.21] R26[0.19] G1[0.14] A1[0.53];0.19;0.42;0.04;0.60;0.31;0.00;0.85;0.11;0.1359;0.2124;1
13;13;Agent_1;orders came from the seed rule base (rules as-is);0;0;R7[0.07] R20[0.21] R26[0.19] G1[0.14] A1[0.53] G2[0.11];0.19;0.42;0.04;0.67;0.34;0.00;0.88;0.11;0.1357;0.2125;1
13;13;Agent_1;orders came from the seed rule base (rules as-is);0;0;R7[0.07] R20[0.21] R26[0.19] G1[0.14] A1[0.53] G2[0.11];0.19;0.42;0.04;0.67;0.34;0.00;0.88;0.11;0.1899;0.2596;1
13;13;Agent_1;orders came from the seed rule base (rules as-is);0;0;R7[0.07] R20[0.21] R26[0.19] G1[0.03] A1[0.53] G2[0.03];0.19;0.37;0.04;0.52;0.32;0.00;0.76;0.11;0.3032;0.2939;1
14;14;Agent_1;orders came from the seed rule base (rules as-is);0;0;R7[0.07] R20[0.21] R26[0.19] G1[0.02] A1[0.53];0.19;0.37;0.04;0.53;0.33;0.00;0.77;0.11;0.3081;0.2942;1
14;14;Agent_1;orders came from the seed rule base (rules as-is);0;0;R7[0.07] R20[0.21] R26[0.19] G1[0.13] A1[0.53];0.19;0.42;0.04;0.59;0.31;0.00;0.85;0.11;0.1383;0.2138;1
14;14;Agent_1;orders came from the seed rule base (rules as-is);0;0;R7[0.07] R20[0.21] R26[0.19] G1[0.13] A1[0.53] G2[0.11];0.19;0.42;0.04;0.67;0.34;0.00;0.88;0.11;0.1381;0.2138;1
14;14;Agent_1;orders came from the seed rule base (rules as-is);0;0;R7[0.07] R20[0.21] R26[0.19] G1[0.13] A1[0.53] G2[0.11];0.19;0.42;0.04;0.67;0.34;0.00;0.87;0.11;0.1879;0.2621;1
14;14;Agent_1;orders came from the seed rule base (rules as-is);0;0;R7[0.07] R20[0.21] R26[0.19] G1[0.02] A1[0.53] G2[0.03];0.19;0.37;0.04;0.52;0.32;0.00;0.76;0.11;0.3035;0.2940;1
15;15;Agent_1;orders came from the seed rule base (rules as-is);0;0;R7[0.07] R20[0.21] R26[0.19] G1[0.02] A1[0.53];0.19;0.37;0.04;0.52;0.33;0.00;0.77;0.11;0.3086;0.2945;1
15;15;Agent_1;orders came from the seed rule base (rules as-is);0;0;R7[0.07] R20[0.21] R26[0.19] G1[0.02] A1[0.53];0.19;0.37;0.04;0.52;0.33;0.00;0.77;0.11;0.3086;0.2945;1
15;15;Agent_1;orders came from the seed rule base (rules as-is);0;0;R7[0.07] R20[0.21] R26[0.19] G1[0.13] A1[0.53];0.19;0.42;0.04;0.59;0.31;0.00;0.85;0.11;0.1463;0.2151;1
15;15;Agent_1;orders came from the seed rule base (rules as-is);0;0;R7[0.07] R20[0.21] R26[0.19] G1[0.13] A1[0.53] G2[0.11];0.19;0.42;0.04;0.66;0.34;0.00;0.88;0.11;0.1461;0.2152;1
15;15;Agent_1;orders came from the seed rule base (rules as-is);0;0;R7[0.07] R20[0.21] R26[0.19] G1[0.13] A1[0.53] G2[0.11];0.19;0.42;0.04;0.66;0.34;0.00;0.87;0.11;0.1884;0.2645;1
15;15;Agent_1;orders came from the seed rule base (rules as-is);0;0;R7[0.07] R20[0.21] R26[0.19] G1[0.02] A1[0.53] G2[0.03];0.19;0.37;0.04;0.52;0.32;0.00;0.76;0.11;0.3037;0.2941;1
16;16;Agent_1;orders came from the seed rule base (rules as-is);0;0;R7[0.07] R20[0.21] R26[0.19] G1[0.01] A1[0.53];0.19;0.37;0.04;0.52;0.33;0.00;0.77;0.11;0.3091;0.2947;1
16;16;Agent_1;orders came from the seed rule base (rules as-is);0;0;R7[0.07] R20[0.21] R26[0.19] G1[0.13] A1[0.53];0.19;0.41;0.04;0.58;0.31;0.00;0.85;0.11;0.1455;0.2172;1
16;16;Agent_1;orders came from the seed rule base (rules as-is);0;0;R7[0.07] R20[0.21] R26[0.19] G1[0.13] A1[0.53] G2[0.11];0.19;0.41;0.04;0.66;0.34;0.00;0.88;0.11;0.1453;0.2173;1
16;16;Agent_1;orders came from the seed rule base (rules as-is);0;0;R7[0.07] R20[0.21] R26[0.19] G1[0.13] A1[0.53] G2[0.11];0.19;0.41;0.04;0.66;0.34;0.00;0.87;0.11;0.1905;0.2634;1
16;16;Agent_1;orders came from the seed rule base (rules as-is);0;0;R7[0.07] R20[0.21] R26[0.19] G1[0.01] A1[0.53] G2[0.03];0.19;0.37;0.04;0.51;0.32;0.00;0.76;0.11;0.3042;0.2942;1
17;17;Agent_1;orders came from the seed rule base (rules as-is);0;0;R7[0.07] R20[0.21] R26[0.19] G1[0.01] A1[0.53];0.19;0.37;0.04;0.52;0.33;0.00;0.77;0.11;0.3093;0.2949;1
17;17;Agent_1;orders came from the seed rule base (rules as-is);0;0;R7[0.07] R20[0.21] R26[0.19] G1[0.12] A1[0.53];0.19;0.41;0.04;0.58;0.31;0.00;0.85;0.11;0.1517;0.2161;1
17;17;Agent_1;orders came from the seed rule base (rules as-is);0;0;R7[0.07] R20[0.21] R26[0.19] G1[0.12] A1[0.53] G2[0.11];0.19;0.41;0.04;0.66;0.34;0.00;0.88;0.11;0.1515;0.2161;1
17;17;Agent_1;orders came from the seed rule base (rules as-is);0;0;R7[0.07] R20[0.21] R26[0.19] G1[0.12] A1[0.53] G2[0.11];0.19;0.41;0.04;0.66;0.34;0.00;0.87;0.11;0.1911;0.2635;1
17;17;Agent_1;orders came from the seed rule base (rules as-is);0;0;R7[0.07] R20[0.21] R26[0.19] G1[0.01] A1[0.53] G2[0.03];0.19;0.37;0.04;0.51;0.32;0.00;0.76;0.11;0.3040;0.2943;1
18;18;Agent_1;orders came from the seed rule base (rules as-is);0;0;R7[0.07] R20[0.21] R26[0.20] A1[0.53];0.20;0.37;0.04;0.52;0.33;0.00;0.76;0.11;0.3097;0.2950;1
18;18;Agent_1;orders came from the seed rule base (rules as-is);0;0;R7[0.07] R20[0.21] R26[0.20] G1[0.12] A1[0.53];0.20;0.41;0.04;0.58;0.31;0.00;0.85;0.11;0.1651;0.2159;1
18;18;Agent_1;orders came from the seed rule base (rules as-is);0;0;R7[0.07] R20[0.21] R26[0.20] G1[0.12] A1[0.53] G2[0.11];0.20;0.41;0.04;0.65;0.34;0.00;0.88;0.11;0.1649;0.2160;1
18;18;Agent_1;orders came from the seed rule base (rules as-is);0;0;R7[0.07] R20[0.21] R26[0.20] G1[0.12] A1[0.53] G2[0.11];0.20;0.41;0.04;0.65;0.34;0.00;0.87;0.11;0.1890;0.2609;1
18;18;Agent_1;orders came from the seed rule base (rules as-is);0;0;R7[0.07] R20[0.21] R26[0.20] A1[0.53] G2[0.03];0.20;0.37;0.04;0.51;0.32;0.00;0.76;0.11;0.3041;0.2944;1
19;19;Agent_1;orders came from the seed rule base (rules as-is);0;0;R7[0.07] R20[0.22] R26[0.20] A1[0.53];0.20;0.38;0.04;0.51;0.33;0.00;0.76;0.11;0.3099;0.2952;1
19;19;Agent_1;orders came from the seed rule base (rules as-is);0;0;R7[0.07] R20[0.21] R26[0.20] G1[0.12] A1[0.53];0.20;0.41;0.04;0.58;0.31;0.00;0.85;0.11;0.1679;0.2145;1
19;19;Agent_1;orders came from the seed rule base (rules as-is);0;0;R7[0.07] R20[0.21] R26[0.20] G1[0.12] A1[0.53] G2[0.11];0.20;0.41;0.04;0.65;0.34;0.00;0.88;0.11;0.1677;0.2145;1
19;19;Agent_1;orders came from the seed rule base (rules as-is);0;0;R7[0.07] R20[0.21] R26[0.20] G1[0.12] A1[0.53] G2[0.11];0.20;0.41;0.04;0.65;0.34;0.00;0.87;0.11;0.1903;0.2607;1
19;19;Agent_1;orders came from the seed rule base (rules as-is);0;0;R7[0.07] R20[0.22] R26[0.20] A1[0.53] G2[0.03];0.20;0.38;0.04;0.51;0.32;0.00;0.76;0.11;0.3048;0.2944;1
20;20;Agent_1;RL selected stage 2 [resolution increase] (deficit bucket: low) → rejected (cell already covered — an active rule sits on this antecedent cell; numeric tuning of an existing cell is stage ① evFIS's job | seed-base decision stands, its orders are applied);2;0;R7[0.07] R20[0.22] R26[0.20] A1[0.53];0.20;0.38;0.04;0.51;0.33;0.00;0.76;0.11;0.3100;0.2954;1
20;20;Agent_1;orders came from the seed rule base (rules as-is);0;0;R7[0.07] R20[0.21] R26[0.20] G1[0.12] A1[0.53];0.20;0.41;0.04;0.58;0.31;0.00;0.85;0.11;0.1355;0.2171;1
20;20;Agent_1;orders came from the seed rule base (rules as-is);0;0;R7[0.07] R20[0.21] R26[0.20] G1[0.12] A1[0.53] G2[0.11];0.20;0.41;0.04;0.65;0.34;0.00;0.87;0.11;0.1353;0.2171;1
20;20;Agent_1;orders came from the seed rule base (rules as-is);0;0;R7[0.07] R20[0.21] R26[0.20] G1[0.12] A1[0.53] G2[0.11];0.20;0.41;0.04;0.65;0.34;0.00;0.87;0.11;0.1909;0.2628;1
20;20;Agent_1;RL selected stage 1 [evFIS] (deficit bucket: low) → rejected (no improving perturbation found | seed-base decision stands, its orders are applied);1;0;R7[0.07] R20[0.22] R26[0.20] A1[0.53] G2[0.03];0.20;0.38;0.04;0.51;0.32;0.00;0.76;0.11;0.3043;0.2945;1
21;21;Agent_1;orders came from the seed rule base (rules as-is);0;0;R7[0.07] R20[0.23] R26[0.20] A1[0.53];0.20;0.39;0.04;0.51;0.33;0.00;0.76;0.11;0.3103;0.2956;1
21;21;Agent_1;orders came from the seed rule base (rules as-is);0;0;R7[0.07] R20[0.21] R26[0.20] G1[0.11] A1[0.53];0.20;0.41;0.04;0.57;0.31;0.00;0.85;0.11;0.1388;0.2161;1
21;21;Agent_1;orders came from the seed rule base (rules as-is);0;0;R7[0.07] R20[0.21] R26[0.20] G1[0.11] A1[0.53] G2[0.11];0.20;0.41;0.04;0.65;0.34;0.00;0.87;0.11;0.1386;0.2162;1
21;21;Agent_1;orders came from the seed rule base (rules as-is);0;0;R7[0.07] R20[0.21] R26[0.20] G1[0.11] A1[0.53] G2[0.11];0.20;0.41;0.04;0.65;0.34;0.00;0.87;0.11;0.1899;0.2611;1
21;21;Agent_1;orders came from the seed rule base (rules as-is);0;0;R7[0.07] R20[0.22] R26[0.20] A1[0.53] G2[0.03];0.20;0.38;0.04;0.51;0.32;0.00;0.76;0.11;0.3040;0.2945;1
22;22;Agent_1;orders came from the seed rule base (rules as-is);0;0;R7[0.07] R20[0.24] R26[0.20] A1[0.53];0.20;0.39;0.04;0.51;0.33;0.00;0.76;0.11;0.3102;0.2958;1
22;22;Agent_1;orders came from the seed rule base (rules as-is);0;0;R7[0.07] R20[0.21] R26[0.20] G1[0.11] A1[0.53];0.20;0.41;0.04;0.57;0.31;0.00;0.85;0.11;0.1426;0.2172;1
22;22;Agent_1;orders came from the seed rule base (rules as-is);0;0;R7[0.07] R20[0.21] R26[0.20] G1[0.11] A1[0.53] G2[0.11];0.20;0.41;0.04;0.65;0.34;0.00;0.87;0.11;0.1424;0.2173;1
22;22;Agent_1;orders came from the seed rule base (rules as-is);0;0;R7[0.07] R20[0.21] R26[0.20] G1[0.11] A1[0.53] G2[0.11];0.20;0.41;0.04;0.65;0.34;0.00;0.87;0.11;0.1938;0.2626;1
22;22;Agent_1;orders came from the seed rule base (rules as-is);0;0;R7[0.07] R20[0.22] R26[0.20] A1[0.53] G2[0.03];0.20;0.38;0.04;0.51;0.32;0.00;0.75;0.11;0.3034;0.2946;1
23;23;Agent_1;orders came from the seed rule base (rules as-is);0;0;R7[0.07] R20[0.25] R26[0.20] A1[0.53];0.20;0.40;0.04;0.51;0.33;0.00;0.75;0.10;0.3104;0.2960;1
23;23;Agent_1;orders came from the seed rule base (rules as-is);0;0;R7[0.07] R20[0.21] R26[0.20] G1[0.11] A1[0.53];0.20;0.41;0.04;0.57;0.31;0.00;0.85;0.10;0.1526;0.2181;1
23;23;Agent_1;orders came from the seed rule base (rules as-is);0;0;R7[0.07] R20[0.21] R26[0.20] G1[0.11] A1[0.53] G2[0.11];0.20;0.41;0.04;0.65;0.34;0.00;0.87;0.10;0.1525;0.2182;1
23;23;Agent_1;orders came from the seed rule base (rules as-is);0;0;R7[0.07] R20[0.21] R26[0.20] G1[0.11] A1[0.53] G2[0.11];0.20;0.41;0.04;0.65;0.34;0.00;0.87;0.10;0.1853;0.2622;1
23;23;Agent_1;orders came from the seed rule base (rules as-is);0;0;R7[0.07] R20[0.22] R26[0.20] A1[0.53] G2[0.03];0.20;0.38;0.04;0.51;0.32;0.00;0.75;0.10;0.3036;0.2947;1
24;24;Agent_1;orders came from the seed rule base (rules as-is);0;0;R7[0.07] R20[0.26] R26[0.19] A1[0.53];0.19;0.42;0.04;0.51;0.33;0.00;0.75;0.10;0.3106;0.2963;1
24;24;Agent_1;orders came from the seed rule base (rules as-is);0;0;R7[0.07] R20[0.21] R26[0.19] G1[0.11] A1[0.53];0.19;0.41;0.04;0.57;0.31;0.00;0.85;0.10;0.1709;0.2161;1
24;24;Agent_1;orders came from the seed rule base (rules as-is);0;0;R7[0.07] R20[0.21] R26[0.19] G1[0.11] A1[0.53] G2[0.11];0.19;0.41;0.04;0.65;0.34;0.00;0.87;0.10;0.1707;0.2163;1
24;24;Agent_1;orders came from the seed rule base (rules as-is);0;0;R7[0.07] R20[0.21] R26[0.19] G1[0.11] A1[0.53] G2[0.11];0.19;0.41;0.04;0.65;0.34;0.00;0.87;0.10;0.1863;0.2613;1
24;24;Agent_1;orders came from the seed rule base (rules as-is);0;0;R7[0.07] R20[0.23] R26[0.19] A1[0.53] G2[0.03];0.19;0.38;0.04;0.50;0.32;0.00;0.75;0.10;0.3038;0.2947;1
25;25;Agent_1;orders came from the seed rule base (rules as-is);0;0;R7[0.07] R20[0.27] R26[0.19] A1[0.53];0.19;0.43;0.04;0.51;0.33;0.00;0.75;0.10;0.3106;0.2966;1
25;25;Agent_1;orders came from the seed rule base (rules as-is);0;0;R7[0.07] R20[0.21] R26[0.19] G1[0.11] A1[0.53];0.19;0.40;0.04;0.57;0.31;0.00;0.85;0.10;0.1757;0.2175;1
25;25;Agent_1;orders came from the seed rule base (rules as-is);0;0;R7[0.07] R20[0.21] R26[0.19] G1[0.11] A1[0.53] G2[0.11];0.19;0.40;0.04;0.65;0.34;0.00;0.87;0.10;0.1755;0.2176;1
25;25;Agent_1;orders came from the seed rule base (rules as-is);0;0;R7[0.07] R20[0.21] R26[0.19] G1[0.11] A1[0.53] G2[0.11];0.19;0.40;0.04;0.65;0.34;0.00;0.87;0.10;0.1872;0.2614;1
25;25;Agent_1;orders came from the seed rule base (rules as-is);0;0;R7[0.07] R20[0.23] R26[0.19] A1[0.53] G2[0.03];0.19;0.39;0.04;0.50;0.32;0.00;0.75;0.10;0.3039;0.2948;1
26;26;Agent_1;orders came from the seed rule base (rules as-is);0;0;R7[0.07] R20[0.29] R26[0.19] A1[0.53];0.19;0.44;0.04;0.51;0.33;0.00;0.76;0.10;0.3108;0.2968;1
26;26;Agent_1;orders came from the seed rule base (rules as-is);0;0;R7[0.07] R20[0.21] R26[0.19] G1[0.11] A1[0.53];0.19;0.40;0.04;0.57;0.31;0.00;0.85;0.10;0.1354;0.2176;1
26;26;Agent_1;orders came from the seed rule base (rules as-is);0;0;R7[0.07] R20[0.21] R26[0.19] G1[0.11] A1[0.53] G2[0.11];0.19;0.40;0.04;0.65;0.34;0.00;0.87;0.10;0.1352;0.2177;1
26;26;Agent_1;orders came from the seed rule base (rules as-is);0;0;R7[0.07] R20[0.21] R26[0.19] G1[0.11] A1[0.53] G2[0.11];0.19;0.40;0.04;0.65;0.34;0.00;0.87;0.10;0.1990;0.2630;1
26;26;Agent_1;orders came from the seed rule base (rules as-is);0;0;R7[0.07] R20[0.23] R26[0.19] A1[0.53] G2[0.03];0.19;0.39;0.04;0.50;0.32;0.00;0.75;0.10;0.3038;0.2948;1
