step;t_min;region;story;stage_tried;stage_accepted;fired_rules;suppression;deployment;containment;protection;evacuation;warning;quality;gate_min;J_forecast;J_noaction;attended
0;0;Agent_1;RL selected stage 3 [GenAI] (deficit bucket: low) → ACCEPTED: G1: G1: IF asset exposure risk is VH AND intervention urgency is VL THEN asset protection 0.8, resource deployment 0.4 (adaptation-born: generative (template), gates G1-G4);3;3;R7[0.07] R20[0.19] G1[0.38];0.00;0.33;0.04;0.36;0.00;0.00;0.73;0.00;0.2898;0.2819;1
1;1;Agent_1;orders came from the seed rule base (rules as-is);0;0;R7[0.07] R20[0.17] G1[0.34];0.00;0.30;0.04;0.33;0.00;0.00;0.76;0.00;0.2941;0.2843;1
2;2;Agent_1;orders came from the seed rule base (rules as-is);0;0;R7[0.07] R20[0.16] G1[0.32];0.00;0.28;0.04;0.32;0.00;0.00;0.70;0.12;0.2958;0.2861;1
3;3;Agent_1;orders came from the seed rule base (rules as-is);0;0;R7[0.07] R20[0.17] R26[0.04] G1[0.25];0.04;0.30;0.04;0.26;0.00;0.00;0.62;0.12;0.3009;0.2878;1
4;4;Agent_1;orders came from the seed rule base (rules as-is);0;0;R7[0.07] R20[0.18] R26[0.08] G1[0.20];0.08;0.32;0.04;0.22;0.00;0.00;0.61;0.12;0.3027;0.2885;1
5;5;Agent_1;orders came from the seed rule base (rules as-is);0;0;R7[0.07] R20[0.19] R26[0.11] G1[0.16];0.11;0.34;0.04;0.19;0.00;0.00;0.60;0.12;0.3054;0.2902;1
6;6;Agent_1;orders came from the seed rule base (rules as-is);0;0;R7[0.07] R20[0.20] R26[0.13] G1[0.13];0.13;0.34;0.04;0.16;0.00;0.00;0.60;0.12;0.3059;0.2906;1
7;7;Agent_1;orders came from the seed rule base (rules as-is);0;0;R7[0.07] R20[0.20] R26[0.14] G1[0.10];0.14;0.35;0.04;0.14;0.00;0.00;0.59;0.12;0.3075;0.2914;1
8;8;Agent_1;orders came from the seed rule base (rules as-is);0;0;R7[0.07] R20[0.20] R26[0.16] G1[0.08];0.15;0.35;0.04;0.12;0.00;0.00;0.59;0.12;0.3082;0.2921;1
9;9;Agent_1;orders came from the seed rule base (rules as-is);0;0;R7[0.07] R20[0.21] R26[0.17] G1[0.06];0.16;0.36;0.04;0.11;0.00;0.00;0.59;0.12;0.3090;0.2926;1
10;10;Agent_1;RL selected stage 2 [resolution increase] (deficit bucket: mid) → ACCEPTED: A1: A1: IF asset exposure risk is VH AND suppression feasibility is VH THEN asset protection 0.9, evacuation 0.6 (adaptation-born: resolution increase (instantiated antecedent cell));2;2;R7[0.07] R20[0.21] R26[0.17] G1[0.05] A1[0.53];0.17;0.37;0.04;0.55;0.33;0.00;0.78;0.12;0.3060;0.2928;1
11;11;Agent_1;orders came from the seed rule base (rules as-is);0;0;R7[0.07] R20[0.21] R26[0.18] G1[0.04] A1[0.53];0.18;0.37;0.04;0.54;0.33;0.00;0.78;0.11;0.3066;0.2934;1
12;12;Agent_1;orders came from the seed rule base (rules as-is);0;0;R7[0.07] R20[0.21] R26[0.18] G1[0.03] A1[0.53];0.18;0.37;0.04;0.53;0.33;0.00;0.78;0.11;0.3073;0.2935;1
13;13;Agent_1;orders came from the seed rule base (rules as-is);0;0;R7[0.07] R20[0.21] R26[0.19] G1[0.03] A1[0.53];0.19;0.37;0.04;0.53;0.33;0.00;0.77;0.11;0.3082;0.2938;1
14;14;Agent_1;orders came from the seed rule base (rules as-is);0;0;R7[0.07] R20[0.21] R26[0.19] G1[0.02] A1[0.53];0.19;0.37;0.04;0.53;0.33;0.00;0.77;0.11;0.3081;0.2942;1
15;15;Agent_1;orders came from the seed rule base (rules as-is);0;0;R7[0.07] R20[0.21] R26[0.19] G1[0.02] A1[0.53];0.19;0.37;0.04;0.52;0.33;0.00;0.77;0.11;0.3086;0.2945;1
16;16;Agent_1;orders came from the seed rule base (rules as-is);0;0;R7[0.07] R20[0.21] R26[0.19] G1[0.01] A1[0.53];0.19;0.37;0.04;0.52;0.33;0.00;0.77;0.11;0.3091;0.2947;1
17;17;Agent_1;orders came from the seed rule base (rules as-is);0;0;R7[0.07] R20[0.21] R26[0.19] G1[0.01] A1[0.53];0.19;0.37;0.04;0.52;0.33;0.00;0.77;0.11;0.3093;0.2949;1
18;18;Agent_1;orders came from the seed rule base (rules as-is);0;0;R7[0.07] R20[0.21] R26[0.20] A1[0.53];0.20;0.37;0.04;0.52;0.33;0.00;0.76;0.11;0.3097;0.2950;1
19;19;Agent_1;orders came from the seed rule base (rules as-is);0;0;R7[0.07] R20[0.22] R26[0.20] A1[0.53];0.20;0.38;0.04;0.51;0.33;0.00;0.76;0.11;0.3099;0.2952;1
20;20;Agent_1;RL selected stage 2 [resolution increase] (deficit bucket: low) → rejected (cell already covered — an active rule sits on this antecedent cell; numeric tuning of an existing cell is stage ① evFIS's job | seed-base decision stands, its orders are applied);2;0;R7[0.07] R20[0.22] R26[0.20] A1[0.53];0.20;0.38;0.04;0.51;0.33;0.00;0.76;0.11;0.3100;0.2954;1
21;21;Agent_1;orders came from the seed rule base (rules as-is);0;0;R7[0.07] R20[0.23] R26[0.20] A1[0.53];0.20;0.39;0.04;0.51;0.33;0.00;0.76;0.11;0.3103;0.2956;1
22;22;Agent_1;orders came from the seed rule base (rules as-is);0;0;R7[0.07] R20[0.24] R26[0.20] A1[0.53];0.20;0.39;0.04;0.51;0.33;0.00;0.76;0.11;0.3102;0.2958;1
23;23;Agent_1;orders came from the seed rule base (rules as-is);0;0;R7[0.07] R20[0.25] R26[0.20] A1[0.53];0.20;0.40;0.04;0.51;0.33;0.00;0.75;0.10;0.3104;0.2960;1
24;24;Agent_1;orders came from the seed rule base (rules as-is);0;0;R7[0.07] R20[0.26] R26[0.19] A1[0.53];0.19;0.42;0.04;0.51;0.33;0.00;0.75;0.10;0.3106;0.2963;1
25;25;Agent_1;orders came from the seed rule base (rules as-is);0;0;R7[0.07] R20[0.27] R26[0.19] A1[0.53];0.19;0.43;0.04;0.51;0.33;0.00;0.75;0.10;0.3106;0.2966;1
26;26;Agent_1;orders came from the seed rule base (rules as-is);0;0;R7[0.07] R20[0.29] R26[0.19] A1[0.53];0.19;0.44;0.04;0.51;0.33;0.00;0.76;0.10;0.3108;0.2968;1
27;27;Agent_1;orders came from the seed rule base (rules as-is);0;0;R7[0.07] R20[0.30] R26[0.19] A1[0.53];0.19;0.45;0.04;0.51;0.33;0.00;0.76;0.10;0.3110;0.2971;1
28;28;Agent_1;orders came from the seed rule base (rules as-is);0;0;R7[0.07] R20[0.30] R26[0.19] A1[0.53];0.19;0.46;0.04;0.51;0.33;0.00;0.76;0.10;0.3114;0.2974;1
29;29;Agent_1;orders came from the seed rule base (rules as-is);0;0;R7[0.07] R20[0.31] R26[0.19] A1[0.53];0.19;0.46;0.04;0.51;0.33;0.00;0.76;0.10;0.3112;0.2977;1
30;30;Agent_1;orders came from the seed rule base (rules as-is);0;0;R7[0.07] R20[0.31] R26[0.19] A1[0.53];0.19;0.47;0.04;0.51;0.33;0.00;0.76;0.10;0.3112;0.2980;1
31;31;Agent_1;orders came from the seed rule base (rules as-is);0;0;R7[0.07] R20[0.32] R26[0.19] A1[0.53];0.19;0.47;0.04;0.51;0.33;0.00;0.76;0.10;0.3113;0.2983;1
32;32;Agent_1;orders came from the seed rule base (rules as-is);0;0;R7[0.07] R20[0.32] R26[0.19] A1[0.53];0.19;0.47;0.04;0.54;0.36;0.00;0.77;0.10;0.3112;0.2986;1
33;33;Agent_1;orders came from the seed rule base (rules as-is);0;0;R7[0.07] R20[0.32] R26[0.19] A1[0.53];0.19;0.47;0.04;0.54;0.36;0.00;0.77;0.10;0.3115;0.2989;1
30;30;Agent_1;orders came from the seed rule base (rules as-is);0;0;R7[0.07] R20[0.31] R26[0.19] A1[0.53];0.19;0.47;0.04;0.51;0.33;0.00;0.76;0.10;0.3112;0.2980;1
30;30;Agent_1;RL selected stage 1 [evFIS] (deficit bucket: low) → rejected (no improving perturbation found | seed-base decision stands, its orders are applied);1;0;R7[0.07] R20[0.31] R26[0.19] A1[0.53];0.19;0.47;0.04;0.51;0.33;0.00;0.76;0.10;0.3112;0.2980;1
0;0;Agent_1;RL selected stage 3 [GenAI] (deficit bucket: low) → ACCEPTED: G1: G1: IF asset exposure risk is VH AND intervention urgency is VL THEN asset protection 0.8, resource deployment 0.4 (adaptation-born: generative (template), gates G1-G4);3;3;R7[0.07] R20[0.19] G1[0.38];0.00;0.33;0.04;0.36;0.00;0.00;0.73;0.00;0.2898;0.2819;1
0;0;Agent_1;RL selected stage 1 [evFIS] (deficit bucket: low) → rejected (no improving perturbation found | seed-base decision stands, its orders are applied);1;0;R7[0.07] R20[0.19] G1[0.54] A1[0.53];0.00;0.39;0.04;0.83;0.33;0.00;0.87;0.00;0.1795;0.1718;1
1;1;Agent_1;orders came from the seed rule base (rules as-is);0;0;R7[0.07] R20[0.17] G1[0.34];0.00;0.30;0.04;0.33;0.00;0.00;0.76;0.00;0.2941;0.2843;1
1;1;Agent_1;orders came from the seed rule base (rules as-is);0;0;R7[0.07] R20[0.17] G1[0.49] A1[0.49];0.00;0.35;0.04;0.83;0.31;0.00;0.86;0.00;0.1860;0.1775;1
2;2;Agent_1;orders came from the seed rule base (rules as-is);0;0;R7[0.07] R20[0.16] G1[0.32];0.00;0.28;0.04;0.32;0.00;0.00;0.70;0.12;0.2958;0.2861;1
2;2;Agent_1;orders came from the seed rule base (rules as-is);0;0;R7[0.07] R20[0.16] G1[0.47] A1[0.53];0.00;0.34;0.04;0.83;0.33;0.00;0.89;0.12;0.1916;0.1837;1
3;3;Agent_1;orders came from the seed rule base (rules as-is);0;0;R7[0.07] R20[0.17] R26[0.04] G1[0.25];0.04;0.30;0.04;0.26;0.00;0.00;0.62;0.12;0.3009;0.2878;1
3;3;Agent_1;orders came from the seed rule base (rules as-is);0;0;R7[0.07] R20[0.17] R26[0.04] G1[0.40] A1[0.53];0.04;0.36;0.04;0.83;0.33;0.00;0.86;0.12;0.1808;0.1885;1
4;4;Agent_1;orders came from the seed rule base (rules as-is);0;0;R7[0.07] R20[0.18] R26[0.08] G1[0.20];0.08;0.32;0.04;0.22;0.00;0.00;0.61;0.12;0.3027;0.2885;1
4;4;Agent_1;orders came from the seed rule base (rules as-is);0;0;R7[0.07] R20[0.18] R26[0.08] G1[0.34] A1[0.53];0.08;0.37;0.04;0.78;0.33;0.00;0.88;0.12;0.1757;0.1963;1
5;5;Agent_1;orders came from the seed rule base (rules as-is);0;0;R7[0.07] R20[0.19] R26[0.11] G1[0.16];0.11;0.34;0.04;0.19;0.00;0.00;0.60;0.12;0.3054;0.2902;1
5;5;Agent_1;orders came from the seed rule base (rules as-is);0;0;R7[0.07] R20[0.19] R26[0.11] G1[0.29] A1[0.53];0.11;0.39;0.04;0.74;0.33;0.00;0.89;0.12;0.1784;0.2004;1
6;6;Agent_1;orders came from the seed rule base (rules as-is);0;0;R7[0.07] R20[0.20] R26[0.13] G1[0.13];0.13;0.34;0.04;0.16;0.00;0.00;0.60;0.12;0.3059;0.2906;1
6;6;Agent_1;orders came from the seed rule base (rules as-is);0;0;R7[0.07] R20[0.20] R26[0.13] G1[0.25] A1[0.53];0.13;0.39;0.04;0.71;0.33;0.00;0.88;0.12;0.1784;0.2013;1
7;7;Agent_1;orders came from the seed rule base (rules as-is);0;0;R7[0.07] R20[0.20] R26[0.14] G1[0.10];0.14;0.35;0.04;0.14;0.00;0.00;0.59;0.12;0.3075;0.2914;1
7;7;Agent_1;orders came from the seed rule base (rules as-is);0;0;R7[0.07] R20[0.20] R26[0.14] G1[0.23] A1[0.53];0.14;0.40;0.04;0.69;0.33;0.00;0.88;0.12;0.1415;0.2037;1
8;8;Agent_1;orders came from the seed rule base (rules as-is);0;0;R7[0.07] R20[0.20] R26[0.16] G1[0.08];0.15;0.35;0.04;0.12;0.00;0.00;0.59;0.12;0.3082;0.2921;1
8;8;Agent_1;orders came from the seed rule base (rules as-is);0;0;R7[0.07] R20[0.20] R26[0.16] G1[0.20] A1[0.53];0.16;0.41;0.04;0.67;0.33;0.00;0.87;0.12;0.1220;0.2080;1
9;9;Agent_1;orders came from the seed rule base (rules as-is);0;0;R7[0.07] R20[0.21] R26[0.17] G1[0.06];0.16;0.36;0.04;0.11;0.00;0.00;0.59;0.12;0.3090;0.2926;1
9;9;Agent_1;orders came from the seed rule base (rules as-is);0;0;R7[0.07] R20[0.21] R26[0.17] G1[0.18] A1[0.53];0.17;0.41;0.04;0.66;0.33;0.00;0.87;0.12;0.1246;0.2086;1
10;10;Agent_1;RL selected stage 2 [resolution increase] (deficit bucket: mid) → ACCEPTED: A1: A1: IF asset exposure risk is VH AND suppression feasibility is VH THEN asset protection 0.9, evacuation 0.6 (adaptation-born: resolution increase (instantiated antecedent cell));2;2;R7[0.07] R20[0.21] R26[0.17] G1[0.05] A1[0.53];0.17;0.37;0.04;0.55;0.33;0.00;0.78;0.12;0.3060;0.2928;1
10;10;Agent_1;orders came from the seed rule base (rules as-is);0;0;R7[0.07] R20[0.21] R26[0.17] G1[0.17] A1[0.53];0.17;0.41;0.04;0.64;0.33;0.00;0.87;0.12;0.1270;0.2106;1
11;11;Agent_1;orders came from the seed rule base (rules as-is);0;0;R7[0.07] R20[0.21] R26[0.18] G1[0.04] A1[0.53];0.18;0.37;0.04;0.54;0.33;0.00;0.78;0.11;0.3066;0.2934;1
11;11;Agent_1;orders came from the seed rule base (rules as-is);0;0;R7[0.07] R20[0.21] R26[0.18] G1[0.16] A1[0.53];0.18;0.41;0.04;0.64;0.33;0.00;0.87;0.11;0.1628;0.2104;1
12;12;Agent_1;orders came from the seed rule base (rules as-is);0;0;R7[0.07] R20[0.21] R26[0.18] G1[0.03] A1[0.53];0.18;0.37;0.04;0.53;0.33;0.00;0.78;0.11;0.3073;0.2935;1
12;12;Agent_1;orders came from the seed rule base (rules as-is);0;0;R7[0.07] R20[0.21] R26[0.18] G1[0.15] A1[0.53];0.18;0.42;0.04;0.63;0.33;0.00;0.86;0.11;0.1268;0.2121;1
13;13;Agent_1;orders came from the seed rule base (rules as-is);0;0;R7[0.07] R20[0.21] R26[0.19] G1[0.03] A1[0.53];0.19;0.37;0.04;0.53;0.33;0.00;0.77;0.11;0.3082;0.2938;1
13;13;Agent_1;orders came from the seed rule base (rules as-is);0;0;R7[0.07] R20[0.21] R26[0.19] G1[0.14] A1[0.53];0.19;0.42;0.04;0.62;0.33;0.00;0.86;0.11;0.1359;0.2124;1
14;14;Agent_1;orders came from the seed rule base (rules as-is);0;0;R7[0.07] R20[0.21] R26[0.19] G1[0.02] A1[0.53];0.19;0.37;0.04;0.53;0.33;0.00;0.77;0.11;0.3081;0.2942;1
14;14;Agent_1;orders came from the seed rule base (rules as-is);0;0;R7[0.07] R20[0.21] R26[0.19] G1[0.13] A1[0.53];0.19;0.42;0.04;0.62;0.33;0.00;0.86;0.11;0.1383;0.2138;1
15;15;Agent_1;orders came from the seed rule base (rules as-is);0;0;R7[0.07] R20[0.21] R26[0.19] G1[0.02] A1[0.53];0.19;0.37;0.04;0.52;0.33;0.00;0.77;0.11;0.3086;0.2945;1
15;15;Agent_1;orders came from the seed rule base (rules as-is);0;0;R7[0.07] R20[0.21] R26[0.19] G1[0.13] A1[0.53];0.19;0.42;0.04;0.61;0.33;0.00;0.86;0.11;0.1462;0.2152;1
16;16;Agent_1;orders came from the seed rule base (rules as-is);0;0;R7[0.07] R20[0.21] R26[0.19] G1[0.01] A1[0.53];0.19;0.37;0.04;0.52;0.33;0.00;0.77;0.11;0.3091;0.2947;1
16;16;Agent_1;orders came from the seed rule base (rules as-is);0;0;R7[0.07] R20[0.21] R26[0.19] G1[0.13] A1[0.53];0.19;0.41;0.04;0.61;0.33;0.00;0.86;0.11;0.1454;0.2173;1
17;17;Agent_1;orders came from the seed rule base (rules as-is);0;0;R7[0.07] R20[0.21] R26[0.19] G1[0.01] A1[0.53];0.19;0.37;0.04;0.52;0.33;0.00;0.77;0.11;0.3093;0.2949;1
17;17;Agent_1;orders came from the seed rule base (rules as-is);0;0;R7[0.07] R20[0.21] R26[0.19] G1[0.12] A1[0.53];0.19;0.41;0.04;0.61;0.33;0.00;0.86;0.11;0.1516;0.2161;1
18;18;Agent_1;orders came from the seed rule base (rules as-is);0;0;R7[0.07] R20[0.21] R26[0.20] A1[0.53];0.20;0.37;0.04;0.52;0.33;0.00;0.76;0.11;0.3097;0.2950;1
18;18;Agent_1;orders came from the seed rule base (rules as-is);0;0;R7[0.07] R20[0.21] R26[0.20] G1[0.12] A1[0.53];0.20;0.41;0.04;0.60;0.33;0.00;0.86;0.11;0.1650;0.2159;1
19;19;Agent_1;orders came from the seed rule base (rules as-is);0;0;R7[0.07] R20[0.22] R26[0.20] A1[0.53];0.20;0.38;0.04;0.51;0.33;0.00;0.76;0.11;0.3099;0.2952;1
19;19;Agent_1;orders came from the seed rule base (rules as-is);0;0;R7[0.07] R20[0.21] R26[0.20] G1[0.12] A1[0.53];0.20;0.41;0.04;0.60;0.33;0.00;0.86;0.11;0.1678;0.2145;1
20;20;Agent_1;RL selected stage 2 [resolution increase] (deficit bucket: low) → rejected (cell already covered — an active rule sits on this antecedent cell; numeric tuning of an existing cell is stage ① evFIS's job | seed-base decision stands, its orders are applied);2;0;R7[0.07] R20[0.22] R26[0.20] A1[0.53];0.20;0.38;0.04;0.51;0.33;0.00;0.76;0.11;0.3100;0.2954;1
20;20;Agent_1;orders came from the seed rule base (rules as-is);0;0;R7[0.07] R20[0.21] R26[0.20] G1[0.12] A1[0.53];0.20;0.41;0.04;0.60;0.33;0.00;0.86;0.11;0.1354;0.2171;1
21;21;Agent_1;orders came from the seed rule base (rules as-is);0;0;R7[0.07] R20[0.23] R26[0.20] A1[0.53];0.20;0.39;0.04;0.51;0.33;0.00;0.76;0.11;0.3103;0.2956;1
21;21;Agent_1;orders came from the seed rule base (rules as-is);0;0;R7[0.07] R20[0.21] R26[0.20] G1[0.11] A1[0.53];0.20;0.41;0.04;0.60;0.33;0.00;0.86;0.11;0.1388;0.2162;1
22;22;Agent_1;orders came from the seed rule base (rules as-is);0;0;R7[0.07] R20[0.24] R26[0.20] A1[0.53];0.20;0.39;0.04;0.51;0.33;0.00;0.76;0.11;0.3102;0.2958;1
22;22;Agent_1;orders came from the seed rule base (rules as-is);0;0;R7[0.07] R20[0.21] R26[0.20] G1[0.11] A1[0.53];0.20;0.41;0.04;0.60;0.33;0.00;0.86;0.11;0.1426;0.2173;1
23;23;Agent_1;orders came from the seed rule base (rules as-is);0;0;R7[0.07] R20[0.25] R26[0.20] A1[0.53];0.20;0.40;0.04;0.51;0.33;0.00;0.75;0.10;0.3104;0.2960;1
23;23;Agent_1;orders came from the seed rule base (rules as-is);0;0;R7[0.07] R20[0.21] R26[0.20] G1[0.11] A1[0.53];0.20;0.41;0.04;0.60;0.33;0.00;0.86;0.10;0.1526;0.2181;1
24;24;Agent_1;orders came from the seed rule base (rules as-is);0;0;R7[0.07] R20[0.26] R26[0.19] A1[0.53];0.19;0.42;0.04;0.51;0.33;0.00;0.75;0.10;0.3106;0.2963;1
24;24;Agent_1;orders came from the seed rule base (rules as-is);0;0;R7[0.07] R20[0.21] R26[0.19] G1[0.11] A1[0.53];0.19;0.41;0.04;0.60;0.33;0.00;0.86;0.10;0.1708;0.2162;1
25;25;Agent_1;orders came from the seed rule base (rules as-is);0;0;R7[0.07] R20[0.27] R26[0.19] A1[0.53];0.19;0.43;0.04;0.51;0.33;0.00;0.75;0.10;0.3106;0.2966;1
25;25;Agent_1;orders came from the seed rule base (rules as-is);0;0;R7[0.07] R20[0.21] R26[0.19] G1[0.11] A1[0.53];0.19;0.40;0.04;0.60;0.33;0.00;0.86;0.10;0.1756;0.2175;1
26;26;Agent_1;orders came from the seed rule base (rules as-is);0;0;R7[0.07] R20[0.29] R26[0.19] A1[0.53];0.19;0.44;0.04;0.51;0.33;0.00;0.76;0.10;0.3108;0.2968;1
26;26;Agent_1;orders came from the seed rule base (rules as-is);0;0;R7[0.07] R20[0.21] R26[0.19] G1[0.11] A1[0.53];0.19;0.40;0.04;0.60;0.33;0.00;0.86;0.10;0.1353;0.2176;1
27;27;Agent_1;orders came from the seed rule base (rules as-is);0;0;R7[0.07] R20[0.30] R26[0.19] A1[0.53];0.19;0.45;0.04;0.51;0.33;0.00;0.76;0.10;0.3110;0.2971;1
27;27;Agent_1;orders came from the seed rule base (rules as-is);0;0;R7[0.07] R20[0.21] R26[0.19] G1[0.11] A1[0.53];0.19;0.40;0.04;0.60;0.33;0.00;0.86;0.10;0.1387;0.2167;1
28;28;Agent_1;orders came from the seed rule base (rules as-is);0;0;R7[0.07] R20[0.30] R26[0.19] A1[0.53];0.19;0.46;0.04;0.51;0.33;0.00;0.76;0.10;0.3114;0.2974;1
28;28;Agent_1;orders came from the seed rule base (rules as-is);0;0;R7[0.07] R20[0.21] R26[0.19] G1[0.11] A1[0.53];0.19;0.40;0.04;0.59;0.33;0.00;0.86;0.10;0.1409;0.2173;1
29;29;Agent_1;orders came from the seed rule base (rules as-is);0;0;R7[0.07] R20[0.31] R26[0.19] A1[0.53];0.19;0.46;0.04;0.51;0.33;0.00;0.76;0.10;0.3112;0.2977;1
29;29;Agent_1;orders came from the seed rule base (rules as-is);0;0;R7[0.07] R20[0.20] R26[0.19] G1[0.11] A1[0.53];0.19;0.40;0.04;0.59;0.33;0.00;0.86;0.10;0.1384;0.2167;1
30;30;Agent_1;orders came from the seed rule base (rules as-is);0;0;R7[0.07] R20[0.31] R26[0.19] A1[0.53];0.19;0.47;0.04;0.51;0.33;0.00;0.76;0.10;0.3112;0.2980;1
30;30;Agent_1;RL selected stage 1 [evFIS] (deficit bucket: low) → rejected (no improving perturbation found | seed-base decision stands, its orders are applied);1;0;R7[0.07] R20[0.31] R26[0.19] A1[0.53];0.19;0.47;0.04;0.51;0.33;0.00;0.76;0.10;0.3112;0.2980;1
30;30;Agent_1;orders came from the seed rule base (rules as-is);0;0;R7[0.07] R20[0.20] R26[0.19] G1[0.11] A1[0.53];0.19;0.40;0.04;0.59;0.33;0.00;0.86;0.10;0.1781;0.2162;1
31;31;Agent_1;orders came from the seed rule base (rules as-is);0;0;R7[0.07] R20[0.32] R26[0.19] A1[0.53];0.19;0.47;0.04;0.51;0.33;0.00;0.76;0.10;0.3113;0.2983;1
31;31;Agent_1;orders came from the seed rule base (rules as-is);0;0;R7[0.07] R20[0.20] R26[0.19] G1[0.11] A1[0.53];0.19;0.40;0.04;0.59;0.33;0.00;0.86;0.10;0.1775;0.2274;1
32;32;Agent_1;orders came from the seed rule base (rules as-is);0;0;R7[0.07] R20[0.32] R26[0.19] A1[0.53];0.19;0.47;0.04;0.54;0.36;0.00;0.77;0.10;0.3112;0.2986;1
32;32;Agent_1;orders came from the seed rule base (rules as-is);0;0;R7[0.07] R20[0.20] R26[0.19] G1[0.10] A1[0.53];0.19;0.39;0.04;0.59;0.33;0.00;0.86;0.10;0.1813;0.2144;1
33;33;Agent_1;orders came from the seed rule base (rules as-is);0;0;R7[0.07] R20[0.32] R26[0.19] A1[0.53];0.19;0.47;0.04;0.54;0.36;0.00;0.77;0.10;0.3115;0.2989;1
33;33;Agent_1;orders came from the seed rule base (rules as-is);0;0;R7[0.07] R20[0.20] R26[0.19] G1[0.10] A1[0.53];0.19;0.39;0.04;0.59;0.33;0.00;0.86;0.10;0.1782;0.2245;1
34;34;Agent_1;orders came from the seed rule base (rules as-is);0;0;R7[0.07] R20[0.20] R26[0.19] G1[0.10] A1[0.53];0.19;0.39;0.04;0.59;0.33;0.00;0.86;0.10;0.1519;0.2250;1
35;35;Agent_1;orders came from the seed rule base (rules as-is);0;0;R7[0.07] R20[0.20] R26[0.19] G1[0.10] A1[0.53];0.19;0.39;0.04;0.59;0.33;0.00;0.86;0.10;0.1540;0.2251;1
36;36;Agent_1;orders came from the seed rule base (rules as-is);0;0;R7[0.07] R20[0.20] R26[0.19] G1[0.10] A1[0.53];0.19;0.39;0.04;0.59;0.33;0.00;0.86;0.09;0.1556;0.2250;1
37;37;Agent_1;orders came from the seed rule base (rules as-is);0;0;R7[0.07] R20[0.20] R26[0.19] G1[0.10] A1[0.53];0.19;0.39;0.04;0.59;0.33;0.00;0.86;0.09;0.1518;0.2258;1
38;38;Agent_1;orders came from the seed rule base (rules as-is);0;0;R7[0.07] R20[0.20] R26[0.19] G1[0.10] A1[0.53];0.19;0.38;0.04;0.59;0.33;0.00;0.86;0.09;0.1448;0.2210;1
39;39;Agent_1;orders came from the seed rule base (rules as-is);0;0;R7[0.07] R20[0.20] R26[0.19] G1[0.10] A1[0.53];0.19;0.38;0.04;0.59;0.33;0.00;0.86;0.09;0.1418;0.2196;1
40;40;Agent_1;orders came from the seed rule base (rules as-is);0;0;R7[0.07] R20[0.20] R26[0.18] G1[0.10] A1[0.53];0.18;0.38;0.04;0.59;0.33;0.00;0.86;0.09;0.1430;0.2144;1
41;41;Agent_1;orders came from the seed rule base (rules as-is);0;0;R7[0.07] R20[0.19] R26[0.18] G1[0.10] A1[0.53];0.18;0.38;0.04;0.59;0.33;0.00;0.86;0.09;0.1437;0.2196;1
42;42;Agent_1;orders came from the seed rule base (rules as-is);0;0;R7[0.07] R20[0.19] R26[0.18] G1[0.10] A1[0.53];0.18;0.38;0.04;0.59;0.33;0.00;0.86;0.09;0.1428;0.2092;1
43;43;Agent_1;orders came from the seed rule base (rules as-is);0;0;R7[0.07] R20[0.19] R26[0.18] G1[0.10] A1[0.53];0.18;0.38;0.04;0.59;0.33;0.00;0.86;0.09;0.1440;0.2076;1
44;44;Agent_1;orders came from the seed rule base (rules as-is);0;0;R7[0.07] R20[0.19] R26[0.18] G1[0.10] A1[0.53];0.18;0.38;0.04;0.59;0.33;0.00;0.86;0.09;0.1430;0.2060;1
45;45;Agent_1;orders came from the seed rule base (rules as-is);0;0;R7[0.07] R20[0.19] R26[0.18] G1[0.10] A1[0.53];0.18;0.37;0.04;0.59;0.33;0.00;0.86;0.09;0.1383;0.2087;1
46;46;Agent_1;orders came from the seed rule base (rules as-is);0;0;R7[0.07] R20[0.19] R26[0.18] G1[0.10] A1[0.53];0.18;0.37;0.04;0.59;0.33;0.00;0.86;0.09;0.1395;0.2179;1
47;47;Agent_1;orders came from the seed rule base (rules as-is);0;0;R7[0.07] R20[0.19] R26[0.18] G1[0.10] A1[0.53];0.18;0.37;0.04;0.59;0.33;0.00;0.86;0.09;0.1413;0.2043;1
48;48;Agent_1;orders came from the seed rule base (rules as-is);0;0;R7[0.07] R20[0.19] R26[0.18] G1[0.10] A1[0.53];0.18;0.37;0.04;0.59;0.33;0.00;0.86;0.09;0.1382;0.2107;1
49;49;Agent_1;orders came from the seed rule base (rules as-is);0;0;R7[0.07] R20[0.19] R26[0.18] G1[0.10] A1[0.53];0.18;0.37;0.04;0.59;0.33;0.00;0.86;0.09;0.1372;0.2105;1
50;50;Agent_1;orders came from the seed rule base (rules as-is);0;0;R7[0.07] R20[0.19] R26[0.18] G1[0.10] A1[0.53];0.18;0.37;0.04;0.59;0.33;0.00;0.86;0.09;0.1362;0.2081;1
51;51;Agent_1;orders came from the seed rule base (rules as-is);0;0;R7[0.07] R20[0.19] R26[0.18] G1[0.10] A1[0.53];0.18;0.36;0.04;0.59;0.33;0.00;0.86;0.08;0.1347;0.2121;1
52;52;Agent_1;orders came from the seed rule base (rules as-is);0;0;R7[0.07] R20[0.19] R26[0.18] G1[0.10] A1[0.53];0.18;0.36;0.04;0.59;0.33;0.00;0.86;0.08;0.1370;0.2066;1
53;53;Agent_1;orders came from the seed rule base (rules as-is);0;0;R7[0.07] R20[0.19] R26[0.17] G1[0.10] A1[0.53];0.17;0.36;0.04;0.59;0.33;0.00;0.86;0.08;0.1469;0.2073;1
54;54;Agent_1;orders came from the seed rule base (rules as-is);0;0;R7[0.07] R20[0.18] R26[0.17] G1[0.10] A1[0.53];0.17;0.36;0.04;0.59;0.33;0.00;0.86;0.08;0.1362;0.2322;1
55;55;Agent_1;orders came from the seed rule base (rules as-is);0;0;R7[0.07] R20[0.18] R26[0.17] G1[0.09] A1[0.53];0.17;0.36;0.04;0.59;0.33;0.00;0.86;0.08;0.1323;0.2089;1
56;56;Agent_1;orders came from the seed rule base (rules as-is);0;0;R7[0.07] R20[0.18] R26[0.17] G1[0.09] A1[0.53];0.17;0.36;0.04;0.58;0.33;0.00;0.86;0.08;0.1325;0.2105;1
57;57;Agent_1;orders came from the seed rule base (rules as-is);0;0;R7[0.07] R20[0.18] R26[0.17] G1[0.09] A1[0.53];0.17;0.36;0.04;0.58;0.33;0.00;0.86;0.08;0.1320;0.2074;1
58;58;Agent_1;orders came from the seed rule base (rules as-is);0;0;R7[0.07] R20[0.18] R26[0.17] G1[0.09] A1[0.53];0.17;0.35;0.04;0.58;0.33;0.00;0.86;0.08;0.1339;0.2076;1
59;59;Agent_1;orders came from the seed rule base (rules as-is);0;0;R7[0.07] R20[0.18] R26[0.17] G1[0.09] A1[0.53];0.17;0.35;0.04;0.58;0.33;0.00;0.86;0.08;0.1329;0.2062;1
60;60;Agent_1;orders came from the seed rule base (rules as-is);0;0;R7[0.07] R20[0.18] R26[0.17] G1[0.09] A1[0.53];0.17;0.35;0.04;0.58;0.33;0.00;0.86;0.08;0.1330;0.2060;1
61;61;Agent_1;orders came from the seed rule base (rules as-is);0;0;R7[0.07] R20[0.18] R26[0.17] G1[0.09] A1[0.53];0.17;0.35;0.04;0.58;0.33;0.00;0.86;0.08;0.1331;0.2082;1
62;62;Agent_1;orders came from the seed rule base (rules as-is);0;0;R7[0.07] R20[0.18] R26[0.17] G1[0.09] A1[0.53];0.17;0.35;0.04;0.58;0.33;0.00;0.86;0.08;0.1333;0.2077;1
63;63;Agent_1;orders came from the seed rule base (rules as-is);0;0;R7[0.07] R20[0.18] R26[0.17] G1[0.09] A1[0.53];0.17;0.35;0.04;0.58;0.33;0.00;0.86;0.08;0.1334;0.2143;1
64;64;Agent_1;orders came from the seed rule base (rules as-is);0;0;R7[0.07] R20[0.18] R26[0.17] G1[0.09] A1[0.53];0.17;0.34;0.04;0.58;0.33;0.00;0.86;0.08;0.1341;0.2044;1
65;65;Agent_1;orders came from the seed rule base (rules as-is);0;0;R7[0.07] R20[0.18] R26[0.17] G1[0.09] A1[0.53];0.17;0.34;0.04;0.58;0.33;0.00;0.86;0.08;0.1723;0.2018;1
66;66;Agent_1;orders came from the seed rule base (rules as-is);0;0;R7[0.07] R20[0.18] R26[0.17] G1[0.09] A1[0.53];0.17;0.34;0.04;0.58;0.33;0.00;0.86;0.08;0.1743;0.2003;1
67;67;Agent_1;orders came from the seed rule base (rules as-is);0;0;R7[0.07] R20[0.17] R26[0.16] G1[0.09] A1[0.53];0.16;0.34;0.04;0.58;0.33;0.00;0.86;0.07;0.1753;0.1988;1
68;68;Agent_1;orders came from the seed rule base (rules as-is);0;0;R7[0.07] R20[0.17] R26[0.16] G1[0.09] A1[0.53];0.16;0.34;0.04;0.58;0.33;0.00;0.86;0.07;0.1759;0.2061;1
69;69;Agent_1;orders came from the seed rule base (rules as-is);0;0;R7[0.07] R20[0.17] R26[0.16] G1[0.09] A1[0.53];0.16;0.34;0.04;0.58;0.33;0.00;0.86;0.07;0.1790;0.1974;1
70;70;Agent_1;orders came from the seed rule base (rules as-is);0;0;R7[0.07] R20[0.17] R26[0.16] G1[0.09] A1[0.53];0.16;0.34;0.04;0.58;0.33;0.00;0.86;0.07;0.1813;0.2226;1
71;71;Agent_1;orders came from the seed rule base (rules as-is);0;0;R7[0.07] R20[0.17] R26[0.16] G1[0.09] A1[0.53];0.16;0.33;0.04;0.58;0.33;0.00;0.86;0.07;0.1732;0.2223;1
72;72;Agent_1;orders came from the seed rule base (rules as-is);0;0;R7[0.07] R20[0.17] R26[0.16] G1[0.09] A1[0.53];0.16;0.33;0.04;0.58;0.33;0.00;0.86;0.07;0.1751;0.2231;1
73;73;Agent_1;orders came from the seed rule base (rules as-is);0;0;R7[0.07] R20[0.17] R26[0.16] G1[0.09] A1[0.53];0.16;0.33;0.04;0.58;0.33;0.00;0.86;0.07;0.1679;0.2240;1
74;74;Agent_1;orders came from the seed rule base (rules as-is);0;0;R7[0.07] R20[0.17] R26[0.16] G1[0.09] A1[0.53];0.16;0.33;0.04;0.58;0.33;0.00;0.86;0.07;0.1713;0.2243;1
75;75;Agent_1;orders came from the seed rule base (rules as-is);0;0;R7[0.07] R20[0.17] R26[0.16] G1[0.09] A1[0.53];0.16;0.33;0.04;0.58;0.33;0.00;0.86;0.07;0.1705;0.2232;1
76;76;Agent_1;orders came from the seed rule base (rules as-is);0;0;R7[0.07] R20[0.17] R26[0.16] G1[0.09] A1[0.53];0.16;0.33;0.04;0.58;0.33;0.00;0.86;0.07;0.1660;0.2234;1
77;77;Agent_1;orders came from the seed rule base (rules as-is);0;0;R7[0.07] R20[0.17] R26[0.16] G1[0.09] A1[0.53];0.16;0.33;0.04;0.58;0.33;0.00;0.86;0.07;0.1694;0.2235;1
78;78;Agent_1;orders came from the seed rule base (rules as-is);0;0;R7[0.07] R20[0.17] R26[0.16] G1[0.09] A1[0.53];0.16;0.32;0.04;0.58;0.33;0.00;0.86;0.07;0.1564;0.2236;1
79;79;Agent_1;orders came from the seed rule base (rules as-is);0;0;R7[0.07] R20[0.17] R26[0.16] G1[0.09] A1[0.53];0.16;0.32;0.04;0.58;0.33;0.00;0.86;0.07;0.1683;0.2232;1
80;80;Agent_1;orders came from the seed rule base (rules as-is);0;0;R7[0.07] R20[0.16] R26[0.15] G1[0.08] A1[0.53];0.15;0.32;0.04;0.58;0.33;0.00;0.86;0.07;0.1552;0.2236;1
81;81;Agent_1;orders came from the seed rule base (rules as-is);0;0;R7[0.07] R20[0.16] R26[0.15] G1[0.08] A1[0.53];0.15;0.32;0.04;0.58;0.33;0.00;0.86;0.07;0.1652;0.2232;1
82;82;Agent_1;orders came from the seed rule base (rules as-is);0;0;R7[0.07] R20[0.16] R26[0.15] G1[0.08] A1[0.53];0.15;0.32;0.04;0.58;0.33;0.00;0.86;0.07;0.1560;0.2226;1
83;83;Agent_1;orders came from the seed rule base (rules as-is);0;0;R7[0.07] R20[0.16] R26[0.15] G1[0.08] A1[0.53];0.15;0.32;0.04;0.58;0.33;0.00;0.86;0.07;0.1556;0.2235;1
84;84;Agent_1;orders came from the seed rule base (rules as-is);0;0;R7[0.07] R20[0.16] R26[0.15] G1[0.08] A1[0.53];0.15;0.31;0.04;0.58;0.33;0.00;0.86;0.07;0.1568;0.2218;1
85;85;Agent_1;orders came from the seed rule base (rules as-is);0;0;R7[0.07] R20[0.16] R26[0.15] G1[0.08] A1[0.53];0.15;0.31;0.04;0.58;0.33;0.00;0.86;0.06;0.1579;0.2212;1
86;86;Agent_1;orders came from the seed rule base (rules as-is);0;0;R7[0.07] R20[0.16] R26[0.15] G1[0.08] A1[0.53];0.15;0.31;0.04;0.58;0.33;0.00;0.86;0.06;0.1585;0.2208;1
87;87;Agent_1;orders came from the seed rule base (rules as-is);0;0;R7[0.07] R20[0.16] R26[0.15] G1[0.08] A1[0.53];0.15;0.31;0.04;0.57;0.33;0.00;0.86;0.06;0.1622;0.2188;1
88;88;Agent_1;orders came from the seed rule base (rules as-is);0;0;R7[0.07] R20[0.16] R26[0.15] G1[0.08] A1[0.53];0.15;0.31;0.04;0.57;0.33;0.00;0.86;0.06;0.1643;0.2171;1
89;89;Agent_1;orders came from the seed rule base (rules as-is);0;0;R7[0.07] R20[0.16] R26[0.15] G1[0.08] A1[0.53];0.15;0.31;0.04;0.57;0.33;0.00;0.86;0.06;0.1634;0.2201;1
90;90;Agent_1;orders came from the seed rule base (rules as-is);0;0;R7[0.07] R20[0.16] R26[0.15] G1[0.08] A1[0.53];0.15;0.31;0.04;0.57;0.33;0.00;0.86;0.06;0.1650;0.2160;1
91;91;Agent_1;orders came from the seed rule base (rules as-is);0;0;R7[0.07] R20[0.16] R26[0.15] G1[0.08] A1[0.53];0.15;0.30;0.04;0.57;0.33;0.00;0.86;0.06;0.1662;0.2302;1
92;92;Agent_1;orders came from the seed rule base (rules as-is);0;0;R7[0.07] R20[0.16] R26[0.15] G1[0.08] A1[0.53];0.15;0.30;0.04;0.57;0.33;0.00;0.86;0.06;0.1673;0.2120;1
93;93;Agent_1;orders came from the seed rule base (rules as-is);0;0;R7[0.07] R20[0.15] R26[0.15] G1[0.08] A1[0.53];0.15;0.30;0.04;0.57;0.33;0.00;0.86;0.06;0.1674;0.2169;1
94;94;Agent_1;orders came from the seed rule base (rules as-is);0;0;R7[0.07] R20[0.15] R26[0.15] G1[0.08] A1[0.53];0.15;0.30;0.04;0.57;0.33;0.00;0.86;0.06;0.1685;0.2108;1
95;95;Agent_1;orders came from the seed rule base (rules as-is);0;0;R7[0.07] R20[0.15] R26[0.14] G1[0.08] A1[0.53];0.14;0.30;0.04;0.57;0.33;0.00;0.86;0.06;0.1696;0.2132;1
0;0;Agent_1;RL selected stage 3 [GenAI] (deficit bucket: low) → ACCEPTED: G1: G1: IF asset exposure risk is VH AND intervention urgency is VL THEN asset protection 0.8, resource deployment 0.4 (adaptation-born: generative (template), gates G1-G4);3;3;R7[0.07] R20[0.19] G1[0.38];0.00;0.33;0.04;0.36;0.00;0.00;0.73;0.00;0.2898;0.2819;1
0;0;Agent_1;RL selected stage 1 [evFIS] (deficit bucket: low) → rejected (no improving perturbation found | seed-base decision stands, its orders are applied);1;0;R7[0.07] R20[0.19] G1[0.54] A1[0.53];0.00;0.39;0.04;0.83;0.33;0.00;0.87;0.00;0.1795;0.1718;1
0;0;Agent_1;RL selected stage 1 [evFIS] (deficit bucket: low) → rejected (no improving perturbation found | seed-base decision stands, its orders are applied);1;0;R7[0.07] R20[0.19] G1[0.54] A1[0.53];0.00;0.39;0.04;0.83;0.33;0.00;0.87;0.00;0.1795;0.1718;1
1;1;Agent_1;orders came from the seed rule base (rules as-is);0;0;R7[0.07] R20[0.17] G1[0.34];0.00;0.30;0.04;0.33;0.00;0.00;0.76;0.00;0.2941;0.2843;1
1;1;Agent_1;orders came from the seed rule base (rules as-is);0;0;R7[0.07] R20[0.17] G1[0.49] A1[0.49];0.00;0.35;0.04;0.83;0.31;0.00;0.86;0.00;0.1860;0.1775;1
1;1;Agent_1;orders came from the seed rule base (rules as-is);0;0;R7[0.07] R20[0.17] G1[0.49] A1[0.49];0.00;0.35;0.04;0.83;0.31;0.00;0.86;0.00;0.1860;0.1775;1
2;2;Agent_1;orders came from the seed rule base (rules as-is);0;0;R7[0.07] R20[0.16] G1[0.32];0.00;0.28;0.04;0.32;0.00;0.00;0.70;0.12;0.2958;0.2861;1
2;2;Agent_1;orders came from the seed rule base (rules as-is);0;0;R7[0.07] R20[0.16] G1[0.47] A1[0.53];0.00;0.34;0.04;0.83;0.33;0.00;0.89;0.12;0.1916;0.1837;1
2;2;Agent_1;orders came from the seed rule base (rules as-is);0;0;R7[0.07] R20[0.16] G1[0.47] A1[0.53];0.00;0.34;0.04;0.83;0.33;0.00;0.89;0.12;0.1916;0.1837;1
3;3;Agent_1;orders came from the seed rule base (rules as-is);0;0;R7[0.07] R20[0.17] R26[0.04] G1[0.25];0.04;0.30;0.04;0.26;0.00;0.00;0.62;0.12;0.3009;0.2878;1
3;3;Agent_1;orders came from the seed rule base (rules as-is);0;0;R7[0.07] R20[0.17] R26[0.04] G1[0.40] A1[0.53];0.04;0.36;0.04;0.83;0.33;0.00;0.86;0.12;0.1808;0.1885;1
3;3;Agent_1;orders came from the seed rule base (rules as-is);0;0;R7[0.07] R20[0.17] R26[0.04] G1[0.40] A1[0.53];0.04;0.36;0.04;0.83;0.33;0.00;0.86;0.12;0.1808;0.1885;1
4;4;Agent_1;orders came from the seed rule base (rules as-is);0;0;R7[0.07] R20[0.18] R26[0.08] G1[0.20];0.08;0.32;0.04;0.22;0.00;0.00;0.61;0.12;0.3027;0.2885;1
4;4;Agent_1;orders came from the seed rule base (rules as-is);0;0;R7[0.07] R20[0.18] R26[0.08] G1[0.34] A1[0.53];0.08;0.37;0.04;0.78;0.33;0.00;0.88;0.12;0.1757;0.1963;1
4;4;Agent_1;orders came from the seed rule base (rules as-is);0;0;R7[0.07] R20[0.18] R26[0.08] G1[0.34] A1[0.53];0.08;0.37;0.04;0.78;0.33;0.00;0.88;0.12;0.1757;0.1963;1
5;5;Agent_1;orders came from the seed rule base (rules as-is);0;0;R7[0.07] R20[0.19] R26[0.11] G1[0.16];0.11;0.34;0.04;0.19;0.00;0.00;0.60;0.12;0.3054;0.2902;1
5;5;Agent_1;orders came from the seed rule base (rules as-is);0;0;R7[0.07] R20[0.19] R26[0.11] G1[0.29] A1[0.53];0.11;0.39;0.04;0.74;0.33;0.00;0.89;0.12;0.1784;0.2004;1
5;5;Agent_1;orders came from the seed rule base (rules as-is);0;0;R7[0.07] R20[0.19] R26[0.11] G1[0.29] A1[0.53];0.11;0.39;0.04;0.74;0.33;0.00;0.89;0.12;0.1784;0.2004;1
6;6;Agent_1;orders came from the seed rule base (rules as-is);0;0;R7[0.07] R20[0.20] R26[0.13] G1[0.13];0.13;0.34;0.04;0.16;0.00;0.00;0.60;0.12;0.3059;0.2906;1
6;6;Agent_1;orders came from the seed rule base (rules as-is);0;0;R7[0.07] R20[0.20] R26[0.13] G1[0.25] A1[0.53];0.13;0.39;0.04;0.71;0.33;0.00;0.88;0.12;0.1784;0.2013;1
6;6;Agent_1;orders came from the seed rule base (rules as-is);0;0;R7[0.07] R20[0.20] R26[0.13] G1[0.25] A1[0.53];0.13;0.39;0.04;0.71;0.33;0.00;0.88;0.12;0.1784;0.2013;1
7;7;Agent_1;orders came from the seed rule base (rules as-is);0;0;R7[0.07] R20[0.20] R26[0.14] G1[0.10];0.14;0.35;0.04;0.14;0.00;0.00;0.59;0.12;0.3075;0.2914;1
7;7;Agent_1;orders came from the seed rule base (rules as-is);0;0;R7[0.07] R20[0.20] R26[0.14] G1[0.23] A1[0.53];0.14;0.40;0.04;0.69;0.33;0.00;0.88;0.12;0.1415;0.2037;1
7;7;Agent_1;orders came from the seed rule base (rules as-is);0;0;R7[0.07] R20[0.20] R26[0.14] G1[0.23] A1[0.53];0.14;0.40;0.04;0.69;0.33;0.00;0.88;0.12;0.1415;0.2037;1
8;8;Agent_1;orders came from the seed rule base (rules as-is);0;0;R7[0.07] R20[0.20] R26[0.16] G1[0.08];0.15;0.35;0.04;0.12;0.00;0.00;0.59;0.12;0.3082;0.2921;1
8;8;Agent_1;orders came from the seed rule base (rules as-is);0;0;R7[0.07] R20[0.20] R26[0.16] G1[0.20] A1[0.53];0.16;0.41;0.04;0.67;0.33;0.00;0.87;0.12;0.1220;0.2080;1
8;8;Agent_1;orders came from the seed rule base (rules as-is);0;0;R7[0.07] R20[0.20] R26[0.16] G1[0.20] A1[0.53];0.16;0.41;0.04;0.67;0.33;0.00;0.87;0.12;0.1220;0.2080;1
9;9;Agent_1;orders came from the seed rule base (rules as-is);0;0;R7[0.07] R20[0.21] R26[0.17] G1[0.06];0.16;0.36;0.04;0.11;0.00;0.00;0.59;0.12;0.3090;0.2926;1
9;9;Agent_1;orders came from the seed rule base (rules as-is);0;0;R7[0.07] R20[0.21] R26[0.17] G1[0.18] A1[0.53];0.17;0.41;0.04;0.66;0.33;0.00;0.87;0.12;0.1246;0.2086;1
9;9;Agent_1;orders came from the seed rule base (rules as-is);0;0;R7[0.07] R20[0.21] R26[0.17] G1[0.18] A1[0.53];0.17;0.41;0.04;0.66;0.33;0.00;0.87;0.12;0.1246;0.2086;1
10;10;Agent_1;RL selected stage 2 [resolution increase] (deficit bucket: mid) → ACCEPTED: A1: A1: IF asset exposure risk is VH AND suppression feasibility is VH THEN asset protection 0.9, evacuation 0.6 (adaptation-born: resolution increase (instantiated antecedent cell));2;2;R7[0.07] R20[0.21] R26[0.17] G1[0.05] A1[0.53];0.17;0.37;0.04;0.55;0.33;0.00;0.78;0.12;0.3060;0.2928;1
10;10;Agent_1;orders came from the seed rule base (rules as-is);0;0;R7[0.07] R20[0.21] R26[0.17] G1[0.17] A1[0.53];0.17;0.41;0.04;0.64;0.33;0.00;0.87;0.12;0.1270;0.2106;1
10;10;Agent_1;orders came from the seed rule base (rules as-is);0;0;R7[0.07] R20[0.21] R26[0.17] G1[0.17] A1[0.53];0.17;0.41;0.04;0.64;0.33;0.00;0.87;0.12;0.1270;0.2106;1
11;11;Agent_1;orders came from the seed rule base (rules as-is);0;0;R7[0.07] R20[0.21] R26[0.18] G1[0.04] A1[0.53];0.18;0.37;0.04;0.54;0.33;0.00;0.78;0.11;0.3066;0.2934;1
11;11;Agent_1;orders came from the seed rule base (rules as-is);0;0;R7[0.07] R20[0.21] R26[0.18] G1[0.16] A1[0.53];0.18;0.41;0.04;0.64;0.33;0.00;0.87;0.11;0.1628;0.2104;1
11;11;Agent_1;orders came from the seed rule base (rules as-is);0;0;R7[0.07] R20[0.21] R26[0.18] G1[0.16] A1[0.53];0.18;0.41;0.04;0.64;0.33;0.00;0.87;0.11;0.1628;0.2104;1
12;12;Agent_1;orders came from the seed rule base (rules as-is);0;0;R7[0.07] R20[0.21] R26[0.18] G1[0.03] A1[0.53];0.18;0.37;0.04;0.53;0.33;0.00;0.78;0.11;0.3073;0.2935;1
12;12;Agent_1;orders came from the seed rule base (rules as-is);0;0;R7[0.07] R20[0.21] R26[0.18] G1[0.15] A1[0.53];0.18;0.42;0.04;0.63;0.33;0.00;0.86;0.11;0.1268;0.2121;1
12;12;Agent_1;orders came from the seed rule base (rules as-is);0;0;R7[0.07] R20[0.21] R26[0.18] G1[0.15] A1[0.53];0.18;0.42;0.04;0.63;0.33;0.00;0.86;0.11;0.1268;0.2121;1
13;13;Agent_1;orders came from the seed rule base (rules as-is);0;0;R7[0.07] R20[0.21] R26[0.19] G1[0.03] A1[0.53];0.19;0.37;0.04;0.53;0.33;0.00;0.77;0.11;0.3082;0.2938;1
13;13;Agent_1;orders came from the seed rule base (rules as-is);0;0;R7[0.07] R20[0.21] R26[0.19] G1[0.14] A1[0.53];0.19;0.42;0.04;0.62;0.33;0.00;0.86;0.11;0.1359;0.2124;1
13;13;Agent_1;orders came from the seed rule base (rules as-is);0;0;R7[0.07] R20[0.21] R26[0.19] G1[0.14] A1[0.53];0.19;0.42;0.04;0.62;0.33;0.00;0.86;0.11;0.1359;0.2124;1
14;14;Agent_1;orders came from the seed rule base (rules as-is);0;0;R7[0.07] R20[0.21] R26[0.19] G1[0.02] A1[0.53];0.19;0.37;0.04;0.53;0.33;0.00;0.77;0.11;0.3081;0.2942;1
14;14;Agent_1;orders came from the seed rule base (rules as-is);0;0;R7[0.07] R20[0.21] R26[0.19] G1[0.13] A1[0.53];0.19;0.42;0.04;0.62;0.33;0.00;0.86;0.11;0.1383;0.2138;1
14;14;Agent_1;orders came from the seed rule base (rules as-is);0;0;R7[0.07] R20[0.21] R26[0.19] G1[0.13] A1[0.53];0.19;0.42;0.04;0.62;0.33;0.00;0.86;0.11;0.1383;0.2138;1
15;15;Agent_1;orders came from the seed rule base (rules as-is);0;0;R7[0.07] R20[0.21] R26[0.19] G1[0.02] A1[0.53];0.19;0.37;0.04;0.52;0.33;0.00;0.77;0.11;0.3086;0.2945;1
15;15;Agent_1;orders came from the seed rule base (rules as-is);0;0;R7[0.07] R20[0.21] R26[0.19] G1[0.13] A1[0.53];0.19;0.42;0.04;0.61;0.33;0.00;0.86;0.11;0.1462;0.2152;1
15;15;Agent_1;orders came from the seed rule base (rules as-is);0;0;R7[0.07] R20[0.21] R26[0.19] G1[0.13] A1[0.53];0.19;0.42;0.04;0.61;0.33;0.00;0.86;0.11;0.1462;0.2152;1
16;16;Agent_1;orders came from the seed rule base (rules as-is);0;0;R7[0.07] R20[0.21] R26[0.19] G1[0.01] A1[0.53];0.19;0.37;0.04;0.52;0.33;0.00;0.77;0.11;0.3091;0.2947;1
16;16;Agent_1;orders came from the seed rule base (rules as-is);0;0;R7[0.07] R20[0.21] R26[0.19] G1[0.13] A1[0.53];0.19;0.41;0.04;0.61;0.33;0.00;0.86;0.11;0.1454;0.2173;1
16;16;Agent_1;orders came from the seed rule base (rules as-is);0;0;R7[0.07] R20[0.21] R26[0.19] G1[0.13] A1[0.53];0.19;0.41;0.04;0.61;0.33;0.00;0.86;0.11;0.1454;0.2173;1
17;17;Agent_1;orders came from the seed rule base (rules as-is);0;0;R7[0.07] R20[0.21] R26[0.19] G1[0.01] A1[0.53];0.19;0.37;0.04;0.52;0.33;0.00;0.77;0.11;0.3093;0.2949;1
17;17;Agent_1;orders came from the seed rule base (rules as-is);0;0;R7[0.07] R20[0.21] R26[0.19] G1[0.12] A1[0.53];0.19;0.41;0.04;0.61;0.33;0.00;0.86;0.11;0.1516;0.2161;1
17;17;Agent_1;orders came from the seed rule base (rules as-is);0;0;R7[0.07] R20[0.21] R26[0.19] G1[0.12] A1[0.53];0.19;0.41;0.04;0.61;0.33;0.00;0.86;0.11;0.1516;0.2161;1
18;18;Agent_1;orders came from the seed rule base (rules as-is);0;0;R7[0.07] R20[0.21] R26[0.20] A1[0.53];0.20;0.37;0.04;0.52;0.33;0.00;0.76;0.11;0.3097;0.2950;1
18;18;Agent_1;orders came from the seed rule base (rules as-is);0;0;R7[0.07] R20[0.21] R26[0.20] G1[0.12] A1[0.53];0.20;0.41;0.04;0.60;0.33;0.00;0.86;0.11;0.1650;0.2159;1
18;18;Agent_1;orders came from the seed rule base (rules as-is);0;0;R7[0.07] R20[0.21] R26[0.20] G1[0.12] A1[0.53];0.20;0.41;0.04;0.60;0.33;0.00;0.86;0.11;0.1650;0.2159;1
19;19;Agent_1;orders came from the seed rule base (rules as-is);0;0;R7[0.07] R20[0.22] R26[0.20] A1[0.53];0.20;0.38;0.04;0.51;0.33;0.00;0.76;0.11;0.3099;0.2952;1
19;19;Agent_1;orders came from the seed rule base (rules as-is);0;0;R7[0.07] R20[0.21] R26[0.20] G1[0.12] A1[0.53];0.20;0.41;0.04;0.60;0.33;0.00;0.86;0.11;0.1678;0.2145;1
19;19;Agent_1;orders came from the seed rule base (rules as-is);0;0;R7[0.07] R20[0.21] R26[0.20] G1[0.12] A1[0.53];0.20;0.41;0.04;0.60;0.33;0.00;0.86;0.11;0.1678;0.2145;1
20;20;Agent_1;RL selected stage 2 [resolution increase] (deficit bucket: low) → rejected (cell already covered — an active rule sits on this antecedent cell; numeric tuning of an existing cell is stage ① evFIS's job | seed-base decision stands, its orders are applied);2;0;R7[0.07] R20[0.22] R26[0.20] A1[0.53];0.20;0.38;0.04;0.51;0.33;0.00;0.76;0.11;0.3100;0.2954;1
20;20;Agent_1;orders came from the seed rule base (rules as-is);0;0;R7[0.07] R20[0.21] R26[0.20] G1[0.12] A1[0.53];0.20;0.41;0.04;0.60;0.33;0.00;0.86;0.11;0.1354;0.2171;1
20;20;Agent_1;orders came from the seed rule base (rules as-is);0;0;R7[0.07] R20[0.21] R26[0.20] G1[0.12] A1[0.53];0.20;0.41;0.04;0.60;0.33;0.00;0.86;0.11;0.1354;0.2171;1
21;21;Agent_1;orders came from the seed rule base (rules as-is);0;0;R7[0.07] R20[0.23] R26[0.20] A1[0.53];0.20;0.39;0.04;0.51;0.33;0.00;0.76;0.11;0.3103;0.2956;1
21;21;Agent_1;orders came from the seed rule base (rules as-is);0;0;R7[0.07] R20[0.21] R26[0.20] G1[0.11] A1[0.53];0.20;0.41;0.04;0.60;0.33;0.00;0.86;0.11;0.1388;0.2162;1
21;21;Agent_1;orders came from the seed rule base (rules as-is);0;0;R7[0.07] R20[0.21] R26[0.20] G1[0.11] A1[0.53];0.20;0.41;0.04;0.60;0.33;0.00;0.86;0.11;0.1388;0.2162;1
22;22;Agent_1;orders came from the seed rule base (rules as-is);0;0;R7[0.07] R20[0.24] R26[0.20] A1[0.53];0.20;0.39;0.04;0.51;0.33;0.00;0.76;0.11;0.3102;0.2958;1
22;22;Agent_1;orders came from the seed rule base (rules as-is);0;0;R7[0.07] R20[0.21] R26[0.20] G1[0.11] A1[0.53];0.20;0.41;0.04;0.60;0.33;0.00;0.86;0.11;0.1426;0.2173;1
22;22;Agent_1;orders came from the seed rule base (rules as-is);0;0;R7[0.07] R20[0.21] R26[0.20] G1[0.11] A1[0.53];0.20;0.41;0.04;0.60;0.33;0.00;0.86;0.11;0.1426;0.2173;1
23;23;Agent_1;orders came from the seed rule base (rules as-is);0;0;R7[0.07] R20[0.25] R26[0.20] A1[0.53];0.20;0.40;0.04;0.51;0.33;0.00;0.75;0.10;0.3104;0.2960;1
23;23;Agent_1;orders came from the seed rule base (rules as-is);0;0;R7[0.07] R20[0.21] R26[0.20] G1[0.11] A1[0.53];0.20;0.41;0.04;0.60;0.33;0.00;0.86;0.10;0.1526;0.2181;1
23;23;Agent_1;orders came from the seed rule base (rules as-is);0;0;R7[0.07] R20[0.21] R26[0.20] G1[0.11] A1[0.53];0.20;0.41;0.04;0.60;0.33;0.00;0.86;0.10;0.1526;0.2181;1
24;24;Agent_1;orders came from the seed rule base (rules as-is);0;0;R7[0.07] R20[0.26] R26[0.19] A1[0.53];0.19;0.42;0.04;0.51;0.33;0.00;0.75;0.10;0.3106;0.2963;1
24;24;Agent_1;orders came from the seed rule base (rules as-is);0;0;R7[0.07] R20[0.21] R26[0.19] G1[0.11] A1[0.53];0.19;0.41;0.04;0.60;0.33;0.00;0.86;0.10;0.1708;0.2162;1
24;24;Agent_1;orders came from the seed rule base (rules as-is);0;0;R7[0.07] R20[0.21] R26[0.19] G1[0.11] A1[0.53];0.19;0.41;0.04;0.60;0.33;0.00;0.86;0.10;0.1708;0.2162;1
25;25;Agent_1;orders came from the seed rule base (rules as-is);0;0;R7[0.07] R20[0.27] R26[0.19] A1[0.53];0.19;0.43;0.04;0.51;0.33;0.00;0.75;0.10;0.3106;0.2966;1
25;25;Agent_1;orders came from the seed rule base (rules as-is);0;0;R7[0.07] R20[0.21] R26[0.19] G1[0.11] A1[0.53];0.19;0.40;0.04;0.60;0.33;0.00;0.86;0.10;0.1756;0.2175;1
25;25;Agent_1;orders came from the seed rule base (rules as-is);0;0;R7[0.07] R20[0.21] R26[0.19] G1[0.11] A1[0.53];0.19;0.40;0.04;0.60;0.33;0.00;0.86;0.10;0.1756;0.2175;1
26;26;Agent_1;orders came from the seed rule base (rules as-is);0;0;R7[0.07] R20[0.29] R26[0.19] A1[0.53];0.19;0.44;0.04;0.51;0.33;0.00;0.76;0.10;0.3108;0.2968;1
26;26;Agent_1;orders came from the seed rule base (rules as-is);0;0;R7[0.07] R20[0.21] R26[0.19] G1[0.11] A1[0.53];0.19;0.40;0.04;0.60;0.33;0.00;0.86;0.10;0.1353;0.2176;1
26;26;Agent_1;orders came from the seed rule base (rules as-is);0;0;R7[0.07] R20[0.21] R26[0.19] G1[0.11] A1[0.53];0.19;0.40;0.04;0.60;0.33;0.00;0.86;0.10;0.1353;0.2176;1
27;27;Agent_1;orders came from the seed rule base (rules as-is);0;0;R7[0.07] R20[0.30] R26[0.19] A1[0.53];0.19;0.45;0.04;0.51;0.33;0.00;0.76;0.10;0.3110;0.2971;1
27;27;Agent_1;orders came from the seed rule base (rules as-is);0;0;R7[0.07] R20[0.21] R26[0.19] G1[0.11] A1[0.53];0.19;0.40;0.04;0.60;0.33;0.00;0.86;0.10;0.1387;0.2167;1
27;27;Agent_1;orders came from the seed rule base (rules as-is);0;0;R7[0.07] R20[0.21] R26[0.19] G1[0.11] A1[0.53];0.19;0.40;0.04;0.60;0.33;0.00;0.86;0.10;0.1387;0.2167;1
28;28;Agent_1;orders came from the seed rule base (rules as-is);0;0;R7[0.07] R20[0.30] R26[0.19] A1[0.53];0.19;0.46;0.04;0.51;0.33;0.00;0.76;0.10;0.3114;0.2974;1
28;28;Agent_1;orders came from the seed rule base (rules as-is);0;0;R7[0.07] R20[0.21] R26[0.19] G1[0.11] A1[0.53];0.19;0.40;0.04;0.59;0.33;0.00;0.86;0.10;0.1409;0.2173;1
28;28;Agent_1;orders came from the seed rule base (rules as-is);0;0;R7[0.07] R20[0.21] R26[0.19] G1[0.11] A1[0.53];0.19;0.40;0.04;0.59;0.33;0.00;0.86;0.10;0.1409;0.2173;1
29;29;Agent_1;orders came from the seed rule base (rules as-is);0;0;R7[0.07] R20[0.31] R26[0.19] A1[0.53];0.19;0.46;0.04;0.51;0.33;0.00;0.76;0.10;0.3112;0.2977;1
29;29;Agent_1;orders came from the seed rule base (rules as-is);0;0;R7[0.07] R20[0.20] R26[0.19] G1[0.11] A1[0.53];0.19;0.40;0.04;0.59;0.33;0.00;0.86;0.10;0.1384;0.2167;1
29;29;Agent_1;orders came from the seed rule base (rules as-is);0;0;R7[0.07] R20[0.20] R26[0.19] G1[0.11] A1[0.53];0.19;0.40;0.04;0.59;0.33;0.00;0.86;0.10;0.1384;0.2167;1
30;30;Agent_1;orders came from the seed rule base (rules as-is);0;0;R7[0.07] R20[0.31] R26[0.19] A1[0.53];0.19;0.47;0.04;0.51;0.33;0.00;0.76;0.10;0.3112;0.2980;1
30;30;Agent_1;RL selected stage 1 [evFIS] (deficit bucket: low) → rejected (no improving perturbation found | seed-base decision stands, its orders are applied);1;0;R7[0.07] R20[0.31] R26[0.19] A1[0.53];0.19;0.47;0.04;0.51;0.33;0.00;0.76;0.10;0.3112;0.2980;1
30;30;Agent_1;orders came from the seed rule base (rules as-is);0;0;R7[0.07] R20[0.20] R26[0.19] G1[0.11] A1[0.53];0.19;0.40;0.04;0.59;0.33;0.00;0.86;0.10;0.1781;0.2162;1
30;30;Agent_1;orders came from the seed rule base (rules as-is);0;0;R7[0.07] R20[0.20] R26[0.19] G1[0.11] A1[0.53];0.19;0.40;0.04;0.59;0.33;0.00;0.86;0.10;0.1781;0.2162;1
31;31;Agent_1;orders came from the seed rule base (rules as-is);0;0;R7[0.07] R20[0.32] R26[0.19] A1[0.53];0.19;0.47;0.04;0.51;0.33;0.00;0.76;0.10;0.3113;0.2983;1
31;31;Agent_1;orders came from the seed rule base (rules as-is);0;0;R7[0.07] R20[0.20] R26[0.19] G1[0.11] A1[0.53];0.19;0.40;0.04;0.59;0.33;0.00;0.86;0.10;0.1775;0.2274;1
31;31;Agent_1;orders came from the seed rule base (rules as-is);0;0;R7[0.07] R20[0.20] R26[0.19] G1[0.11] A1[0.53];0.19;0.40;0.04;0.59;0.33;0.00;0.86;0.10;0.1775;0.2274;1
32;32;Agent_1;orders came from the seed rule base (rules as-is);0;0;R7[0.07] R20[0.32] R26[0.19] A1[0.53];0.19;0.47;0.04;0.54;0.36;0.00;0.77;0.10;0.3112;0.2986;1
32;32;Agent_1;orders came from the seed rule base (rules as-is);0;0;R7[0.07] R20[0.20] R26[0.19] G1[0.10] A1[0.53];0.19;0.39;0.04;0.59;0.33;0.00;0.86;0.10;0.1813;0.2144;1
32;32;Agent_1;orders came from the seed rule base (rules as-is);0;0;R7[0.07] R20[0.20] R26[0.19] G1[0.10] A1[0.53];0.19;0.39;0.04;0.59;0.33;0.00;0.86;0.10;0.1813;0.2144;1
33;33;Agent_1;orders came from the seed rule base (rules as-is);0;0;R7[0.07] R20[0.32] R26[0.19] A1[0.53];0.19;0.47;0.04;0.54;0.36;0.00;0.77;0.10;0.3115;0.2989;1
33;33;Agent_1;orders came from the seed rule base (rules as-is);0;0;R7[0.07] R20[0.20] R26[0.19] G1[0.10] A1[0.53];0.19;0.39;0.04;0.59;0.33;0.00;0.86;0.10;0.1782;0.2245;1
33;33;Agent_1;orders came from the seed rule base (rules as-is);0;0;R7[0.07] R20[0.20] R26[0.19] G1[0.10] A1[0.53];0.19;0.39;0.04;0.59;0.33;0.00;0.86;0.10;0.1782;0.2245;1
34;34;Agent_1;orders came from the seed rule base (rules as-is);0;0;R7[0.07] R20[0.20] R26[0.19] G1[0.10] A1[0.53];0.19;0.39;0.04;0.59;0.33;0.00;0.86;0.10;0.1519;0.2250;1
34;34;Agent_1;orders came from the seed rule base (rules as-is);0;0;R7[0.07] R20[0.20] R26[0.19] G1[0.10] A1[0.53];0.19;0.39;0.04;0.59;0.33;0.00;0.86;0.10;0.1519;0.2250;1
35;35;Agent_1;orders came from the seed rule base (rules as-is);0;0;R7[0.07] R20[0.20] R26[0.19] G1[0.10] A1[0.53];0.19;0.39;0.04;0.59;0.33;0.00;0.86;0.10;0.1540;0.2251;1
35;35;Agent_1;orders came from the seed rule base (rules as-is);0;0;R7[0.07] R20[0.20] R26[0.19] G1[0.10] A1[0.53];0.19;0.39;0.04;0.59;0.33;0.00;0.86;0.10;0.1540;0.2251;1
36;36;Agent_1;orders came from the seed rule base (rules as-is);0;0;R7[0.07] R20[0.20] R26[0.19] G1[0.10] A1[0.53];0.19;0.39;0.04;0.59;0.33;0.00;0.86;0.09;0.1556;0.2250;1
36;36;Agent_1;orders came from the seed rule base (rules as-is);0;0;R7[0.07] R20[0.20] R26[0.19] G1[0.10] A1[0.53];0.19;0.39;0.04;0.59;0.33;0.00;0.86;0.09;0.1556;0.2250;1
37;37;Agent_1;orders came from the seed rule base (rules as-is);0;0;R7[0.07] R20[0.20] R26[0.19] G1[0.10] A1[0.53];0.19;0.39;0.04;0.59;0.33;0.00;0.86;0.09;0.1518;0.2258;1
37;37;Agent_1;orders came from the seed rule base (rules as-is);0;0;R7[0.07] R20[0.20] R26[0.19] G1[0.10] A1[0.53];0.19;0.39;0.04;0.59;0.33;0.00;0.86;0.09;0.1518;0.2258;1
38;38;Agent_1;orders came from the seed rule base (rules as-is);0;0;R7[0.07] R20[0.20] R26[0.19] G1[0.10] A1[0.53];0.19;0.38;0.04;0.59;0.33;0.00;0.86;0.09;0.1448;0.2210;1
38;38;Agent_1;orders came from the seed rule base (rules as-is);0;0;R7[0.07] R20[0.20] R26[0.19] G1[0.10] A1[0.53];0.19;0.38;0.04;0.59;0.33;0.00;0.86;0.09;0.1448;0.2210;1
39;39;Agent_1;orders came from the seed rule base (rules as-is);0;0;R7[0.07] R20[0.20] R26[0.19] G1[0.10] A1[0.53];0.19;0.38;0.04;0.59;0.33;0.00;0.86;0.09;0.1418;0.2196;1
39;39;Agent_1;orders came from the seed rule base (rules as-is);0;0;R7[0.07] R20[0.20] R26[0.19] G1[0.10] A1[0.53];0.19;0.38;0.04;0.59;0.33;0.00;0.86;0.09;0.1418;0.2196;1
40;40;Agent_1;orders came from the seed rule base (rules as-is);0;0;R7[0.07] R20[0.20] R26[0.18] G1[0.10] A1[0.53];0.18;0.38;0.04;0.59;0.33;0.00;0.86;0.09;0.1430;0.2144;1
40;40;Agent_1;orders came from the seed rule base (rules as-is);0;0;R7[0.07] R20[0.20] R26[0.18] G1[0.10] A1[0.53];0.18;0.38;0.04;0.59;0.33;0.00;0.86;0.09;0.1430;0.2144;1
41;41;Agent_1;orders came from the seed rule base (rules as-is);0;0;R7[0.07] R20[0.19] R26[0.18] G1[0.10] A1[0.53];0.18;0.38;0.04;0.59;0.33;0.00;0.86;0.09;0.1437;0.2196;1
41;41;Agent_1;orders came from the seed rule base (rules as-is);0;0;R7[0.07] R20[0.19] R26[0.18] G1[0.10] A1[0.53];0.18;0.38;0.04;0.59;0.33;0.00;0.86;0.09;0.1437;0.2196;1
42;42;Agent_1;orders came from the seed rule base (rules as-is);0;0;R7[0.07] R20[0.19] R26[0.18] G1[0.10] A1[0.53];0.18;0.38;0.04;0.59;0.33;0.00;0.86;0.09;0.1428;0.2092;1
42;42;Agent_1;orders came from the seed rule base (rules as-is);0;0;R7[0.07] R20[0.19] R26[0.18] G1[0.10] A1[0.53];0.18;0.38;0.04;0.59;0.33;0.00;0.86;0.09;0.1428;0.2092;1
43;43;Agent_1;orders came from the seed rule base (rules as-is);0;0;R7[0.07] R20[0.19] R26[0.18] G1[0.10] A1[0.53];0.18;0.38;0.04;0.59;0.33;0.00;0.86;0.09;0.1440;0.2076;1
43;43;Agent_1;orders came from the seed rule base (rules as-is);0;0;R7[0.07] R20[0.19] R26[0.18] G1[0.10] A1[0.53];0.18;0.38;0.04;0.59;0.33;0.00;0.86;0.09;0.1440;0.2076;1
44;44;Agent_1;orders came from the seed rule base (rules as-is);0;0;R7[0.07] R20[0.19] R26[0.18] G1[0.10] A1[0.53];0.18;0.38;0.04;0.59;0.33;0.00;0.86;0.09;0.1430;0.2060;1
44;44;Agent_1;orders came from the seed rule base (rules as-is);0;0;R7[0.07] R20[0.19] R26[0.18] G1[0.10] A1[0.53];0.18;0.38;0.04;0.59;0.33;0.00;0.86;0.09;0.1430;0.2060;1
45;45;Agent_1;orders came from the seed rule base (rules as-is);0;0;R7[0.07] R20[0.19] R26[0.18] G1[0.10] A1[0.53];0.18;0.37;0.04;0.59;0.33;0.00;0.86;0.09;0.1383;0.2087;1
45;45;Agent_1;orders came from the seed rule base (rules as-is);0;0;R7[0.07] R20[0.19] R26[0.18] G1[0.10] A1[0.53];0.18;0.37;0.04;0.59;0.33;0.00;0.86;0.09;0.1383;0.2087;1
46;46;Agent_1;orders came from the seed rule base (rules as-is);0;0;R7[0.07] R20[0.19] R26[0.18] G1[0.10] A1[0.53];0.18;0.37;0.04;0.59;0.33;0.00;0.86;0.09;0.1395;0.2179;1
46;46;Agent_1;orders came from the seed rule base (rules as-is);0;0;R7[0.07] R20[0.19] R26[0.18] G1[0.10] A1[0.53];0.18;0.37;0.04;0.59;0.33;0.00;0.86;0.09;0.1395;0.2179;1
47;47;Agent_1;orders came from the seed rule base (rules as-is);0;0;R7[0.07] R20[0.19] R26[0.18] G1[0.10] A1[0.53];0.18;0.37;0.04;0.59;0.33;0.00;0.86;0.09;0.1413;0.2043;1
47;47;Agent_1;orders came from the seed rule base (rules as-is);0;0;R7[0.07] R20[0.19] R26[0.18] G1[0.10] A1[0.53];0.18;0.37;0.04;0.59;0.33;0.00;0.86;0.09;0.1413;0.2043;1
48;48;Agent_1;orders came from the seed rule base (rules as-is);0;0;R7[0.07] R20[0.19] R26[0.18] G1[0.10] A1[0.53];0.18;0.37;0.04;0.59;0.33;0.00;0.86;0.09;0.1382;0.2107;1
48;48;Agent_1;orders came from the seed rule base (rules as-is);0;0;R7[0.07] R20[0.19] R26[0.18] G1[0.10] A1[0.53];0.18;0.37;0.04;0.59;0.33;0.00;0.86;0.09;0.1382;0.2107;1
49;49;Agent_1;orders came from the seed rule base (rules as-is);0;0;R7[0.07] R20[0.19] R26[0.18] G1[0.10] A1[0.53];0.18;0.37;0.04;0.59;0.33;0.00;0.86;0.09;0.1372;0.2105;1
49;49;Agent_1;orders came from the seed rule base (rules as-is);0;0;R7[0.07] R20[0.19] R26[0.18] G1[0.10] A1[0.53];0.18;0.37;0.04;0.59;0.33;0.00;0.86;0.09;0.1372;0.2105;1
50;50;Agent_1;orders came from the seed rule base (rules as-is);0;0;R7[0.07] R20[0.19] R26[0.18] G1[0.10] A1[0.53];0.18;0.37;0.04;0.59;0.33;0.00;0.86;0.09;0.1362;0.2081;1
50;50;Agent_1;orders came from the seed rule base (rules as-is);0;0;R7[0.07] R20[0.19] R26[0.18] G1[0.10] A1[0.53];0.18;0.37;0.04;0.59;0.33;0.00;0.86;0.09;0.1362;0.2081;1
51;51;Agent_1;orders came from the seed rule base (rules as-is);0;0;R7[0.07] R20[0.19] R26[0.18] G1[0.10] A1[0.53];0.18;0.36;0.04;0.59;0.33;0.00;0.86;0.08;0.1347;0.2121;1
51;51;Agent_1;orders came from the seed rule base (rules as-is);0;0;R7[0.07] R20[0.19] R26[0.18] G1[0.10] A1[0.53];0.18;0.36;0.04;0.59;0.33;0.00;0.86;0.08;0.1347;0.2121;1
52;52;Agent_1;orders came from the seed rule base (rules as-is);0;0;R7[0.07] R20[0.19] R26[0.18] G1[0.10] A1[0.53];0.18;0.36;0.04;0.59;0.33;0.00;0.86;0.08;0.1370;0.2066;1
52;52;Agent_1;orders came from the seed rule base (rules as-is);0;0;R7[0.07] R20[0.19] R26[0.18] G1[0.10] A1[0.53];0.18;0.36;0.04;0.59;0.33;0.00;0.86;0.08;0.1370;0.2066;1
53;53;Agent_1;orders came from the seed rule base (rules as-is);0;0;R7[0.07] R20[0.19] R26[0.17] G1[0.10] A1[0.53];0.17;0.36;0.04;0.59;0.33;0.00;0.86;0.08;0.1469;0.2073;1
53;53;Agent_1;orders came from the seed rule base (rules as-is);0;0;R7[0.07] R20[0.19] R26[0.17] G1[0.10] A1[0.53];0.17;0.36;0.04;0.59;0.33;0.00;0.86;0.08;0.1469;0.2073;1
54;54;Agent_1;orders came from the seed rule base (rules as-is);0;0;R7[0.07] R20[0.18] R26[0.17] G1[0.10] A1[0.53];0.17;0.36;0.04;0.59;0.33;0.00;0.86;0.08;0.1362;0.2322;1
54;54;Agent_1;orders came from the seed rule base (rules as-is);0;0;R7[0.07] R20[0.18] R26[0.17] G1[0.10] A1[0.53];0.17;0.36;0.04;0.59;0.33;0.00;0.86;0.08;0.1362;0.2322;1
55;55;Agent_1;orders came from the seed rule base (rules as-is);0;0;R7[0.07] R20[0.18] R26[0.17] G1[0.09] A1[0.53];0.17;0.36;0.04;0.59;0.33;0.00;0.86;0.08;0.1323;0.2089;1
55;55;Agent_1;orders came from the seed rule base (rules as-is);0;0;R7[0.07] R20[0.18] R26[0.17] G1[0.09] A1[0.53];0.17;0.36;0.04;0.59;0.33;0.00;0.86;0.08;0.1323;0.2089;1
56;56;Agent_1;orders came from the seed rule base (rules as-is);0;0;R7[0.07] R20[0.18] R26[0.17] G1[0.09] A1[0.53];0.17;0.36;0.04;0.58;0.33;0.00;0.86;0.08;0.1325;0.2105;1
56;56;Agent_1;orders came from the seed rule base (rules as-is);0;0;R7[0.07] R20[0.18] R26[0.17] G1[0.09] A1[0.53];0.17;0.36;0.04;0.58;0.33;0.00;0.86;0.08;0.1325;0.2105;1
57;57;Agent_1;orders came from the seed rule base (rules as-is);0;0;R7[0.07] R20[0.18] R26[0.17] G1[0.09] A1[0.53];0.17;0.36;0.04;0.58;0.33;0.00;0.86;0.08;0.1320;0.2074;1
57;57;Agent_1;orders came from the seed rule base (rules as-is);0;0;R7[0.07] R20[0.18] R26[0.17] G1[0.09] A1[0.53];0.17;0.36;0.04;0.58;0.33;0.00;0.86;0.08;0.1320;0.2074;1
58;58;Agent_1;orders came from the seed rule base (rules as-is);0;0;R7[0.07] R20[0.18] R26[0.17] G1[0.09] A1[0.53];0.17;0.35;0.04;0.58;0.33;0.00;0.86;0.08;0.1339;0.2076;1
58;58;Agent_1;orders came from the seed rule base (rules as-is);0;0;R7[0.07] R20[0.18] R26[0.17] G1[0.09] A1[0.53];0.17;0.35;0.04;0.58;0.33;0.00;0.86;0.08;0.1339;0.2076;1
59;59;Agent_1;orders came from the seed rule base (rules as-is);0;0;R7[0.07] R20[0.18] R26[0.17] G1[0.09] A1[0.53];0.17;0.35;0.04;0.58;0.33;0.00;0.86;0.08;0.1329;0.2062;1
59;59;Agent_1;orders came from the seed rule base (rules as-is);0;0;R7[0.07] R20[0.18] R26[0.17] G1[0.09] A1[0.53];0.17;0.35;0.04;0.58;0.33;0.00;0.86;0.08;0.1329;0.2062;1
60;60;Agent_1;orders came from the seed rule base (rules as-is);0;0;R7[0.07] R20[0.18] R26[0.17] G1[0.09] A1[0.53];0.17;0.35;0.04;0.58;0.33;0.00;0.86;0.08;0.1330;0.2060;1
60;60;Agent_1;orders came from the seed rule base (rules as-is);0;0;R7[0.07] R20[0.18] R26[0.17] G1[0.09] A1[0.53];0.17;0.35;0.04;0.58;0.33;0.00;0.86;0.08;0.1330;0.2060;1
61;61;Agent_1;orders came from the seed rule base (rules as-is);0;0;R7[0.07] R20[0.18] R26[0.17] G1[0.09] A1[0.53];0.17;0.35;0.04;0.58;0.33;0.00;0.86;0.08;0.1331;0.2082;1
61;61;Agent_1;orders came from the seed rule base (rules as-is);0;0;R7[0.07] R20[0.18] R26[0.17] G1[0.09] A1[0.53];0.17;0.35;0.04;0.58;0.33;0.00;0.86;0.08;0.1331;0.2082;1
62;62;Agent_1;orders came from the seed rule base (rules as-is);0;0;R7[0.07] R20[0.18] R26[0.17] G1[0.09] A1[0.53];0.17;0.35;0.04;0.58;0.33;0.00;0.86;0.08;0.1333;0.2077;1
62;62;Agent_1;orders came from the seed rule base (rules as-is);0;0;R7[0.07] R20[0.18] R26[0.17] G1[0.09] A1[0.53];0.17;0.35;0.04;0.58;0.33;0.00;0.86;0.08;0.1333;0.2077;1
63;63;Agent_1;orders came from the seed rule base (rules as-is);0;0;R7[0.07] R20[0.18] R26[0.17] G1[0.09] A1[0.53];0.17;0.35;0.04;0.58;0.33;0.00;0.86;0.08;0.1334;0.2143;1
63;63;Agent_1;orders came from the seed rule base (rules as-is);0;0;R7[0.07] R20[0.18] R26[0.17] G1[0.09] A1[0.53];0.17;0.35;0.04;0.58;0.33;0.00;0.86;0.08;0.1334;0.2143;1
64;64;Agent_1;orders came from the seed rule base (rules as-is);0;0;R7[0.07] R20[0.18] R26[0.17] G1[0.09] A1[0.53];0.17;0.34;0.04;0.58;0.33;0.00;0.86;0.08;0.1341;0.2044;1
64;64;Agent_1;orders came from the seed rule base (rules as-is);0;0;R7[0.07] R20[0.18] R26[0.17] G1[0.09] A1[0.53];0.17;0.34;0.04;0.58;0.33;0.00;0.86;0.08;0.1341;0.2044;1
65;65;Agent_1;orders came from the seed rule base (rules as-is);0;0;R7[0.07] R20[0.18] R26[0.17] G1[0.09] A1[0.53];0.17;0.34;0.04;0.58;0.33;0.00;0.86;0.08;0.1723;0.2018;1
65;65;Agent_1;orders came from the seed rule base (rules as-is);0;0;R7[0.07] R20[0.18] R26[0.17] G1[0.09] A1[0.53];0.17;0.34;0.04;0.58;0.33;0.00;0.86;0.08;0.1723;0.2018;1
66;66;Agent_1;orders came from the seed rule base (rules as-is);0;0;R7[0.07] R20[0.18] R26[0.17] G1[0.09] A1[0.53];0.17;0.34;0.04;0.58;0.33;0.00;0.86;0.08;0.1743;0.2003;1
66;66;Agent_1;orders came from the seed rule base (rules as-is);0;0;R7[0.07] R20[0.18] R26[0.17] G1[0.09] A1[0.53];0.17;0.34;0.04;0.58;0.33;0.00;0.86;0.08;0.1743;0.2003;1
67;67;Agent_1;orders came from the seed rule base (rules as-is);0;0;R7[0.07] R20[0.17] R26[0.16] G1[0.09] A1[0.53];0.16;0.34;0.04;0.58;0.33;0.00;0.86;0.07;0.1753;0.1988;1
67;67;Agent_1;orders came from the seed rule base (rules as-is);0;0;R7[0.07] R20[0.17] R26[0.16] G1[0.09] A1[0.53];0.16;0.34;0.04;0.58;0.33;0.00;0.86;0.07;0.1753;0.1988;1
68;68;Agent_1;orders came from the seed rule base (rules as-is);0;0;R7[0.07] R20[0.17] R26[0.16] G1[0.09] A1[0.53];0.16;0.34;0.04;0.58;0.33;0.00;0.86;0.07;0.1759;0.2061;1
68;68;Agent_1;orders came from the seed rule base (rules as-is);0;0;R7[0.07] R20[0.17] R26[0.16] G1[0.09] A1[0.53];0.16;0.34;0.04;0.58;0.33;0.00;0.86;0.07;0.1759;0.2061;1
69;69;Agent_1;orders came from the seed rule base (rules as-is);0;0;R7[0.07] R20[0.17] R26[0.16] G1[0.09] A1[0.53];0.16;0.34;0.04;0.58;0.33;0.00;0.86;0.07;0.1790;0.1974;1
69;69;Agent_1;orders came from the seed rule base (rules as-is);0;0;R7[0.07] R20[0.17] R26[0.16] G1[0.09] A1[0.53];0.16;0.34;0.04;0.58;0.33;0.00;0.86;0.07;0.1790;0.1974;1
70;70;Agent_1;orders came from the seed rule base (rules as-is);0;0;R7[0.07] R20[0.17] R26[0.16] G1[0.09] A1[0.53];0.16;0.34;0.04;0.58;0.33;0.00;0.86;0.07;0.1813;0.2226;1
70;70;Agent_1;orders came from the seed rule base (rules as-is);0;0;R7[0.07] R20[0.17] R26[0.16] G1[0.09] A1[0.53];0.16;0.34;0.04;0.58;0.33;0.00;0.86;0.07;0.1813;0.2226;1
71;71;Agent_1;orders came from the seed rule base (rules as-is);0;0;R7[0.07] R20[0.17] R26[0.16] G1[0.09] A1[0.53];0.16;0.33;0.04;0.58;0.33;0.00;0.86;0.07;0.1732;0.2223;1
71;71;Agent_1;orders came from the seed rule base (rules as-is);0;0;R7[0.07] R20[0.17] R26[0.16] G1[0.09] A1[0.53];0.16;0.33;0.04;0.58;0.33;0.00;0.86;0.07;0.1732;0.2223;1
72;72;Agent_1;orders came from the seed rule base (rules as-is);0;0;R7[0.07] R20[0.17] R26[0.16] G1[0.09] A1[0.53];0.16;0.33;0.04;0.58;0.33;0.00;0.86;0.07;0.1751;0.2231;1
72;72;Agent_1;orders came from the seed rule base (rules as-is);0;0;R7[0.07] R20[0.17] R26[0.16] G1[0.09] A1[0.53];0.16;0.33;0.04;0.58;0.33;0.00;0.86;0.07;0.1751;0.2231;1
73;73;Agent_1;orders came from the seed rule base (rules as-is);0;0;R7[0.07] R20[0.17] R26[0.16] G1[0.09] A1[0.53];0.16;0.33;0.04;0.58;0.33;0.00;0.86;0.07;0.1679;0.2240;1
73;73;Agent_1;orders came from the seed rule base (rules as-is);0;0;R7[0.07] R20[0.17] R26[0.16] G1[0.09] A1[0.53];0.16;0.33;0.04;0.58;0.33;0.00;0.86;0.07;0.1679;0.2240;1
74;74;Agent_1;orders came from the seed rule base (rules as-is);0;0;R7[0.07] R20[0.17] R26[0.16] G1[0.09] A1[0.53];0.16;0.33;0.04;0.58;0.33;0.00;0.86;0.07;0.1713;0.2243;1
74;74;Agent_1;orders came from the seed rule base (rules as-is);0;0;R7[0.07] R20[0.17] R26[0.16] G1[0.09] A1[0.53];0.16;0.33;0.04;0.58;0.33;0.00;0.86;0.07;0.1713;0.2243;1
75;75;Agent_1;orders came from the seed rule base (rules as-is);0;0;R7[0.07] R20[0.17] R26[0.16] G1[0.09] A1[0.53];0.16;0.33;0.04;0.58;0.33;0.00;0.86;0.07;0.1705;0.2232;1
75;75;Agent_1;orders came from the seed rule base (rules as-is);0;0;R7[0.07] R20[0.17] R26[0.16] G1[0.09] A1[0.53];0.16;0.33;0.04;0.58;0.33;0.00;0.86;0.07;0.1705;0.2232;1
76;76;Agent_1;orders came from the seed rule base (rules as-is);0;0;R7[0.07] R20[0.17] R26[0.16] G1[0.09] A1[0.53];0.16;0.33;0.04;0.58;0.33;0.00;0.86;0.07;0.1660;0.2234;1
76;76;Agent_1;orders came from the seed rule base (rules as-is);0;0;R7[0.07] R20[0.17] R26[0.16] G1[0.09] A1[0.53];0.16;0.33;0.04;0.58;0.33;0.00;0.86;0.07;0.1660;0.2234;1
77;77;Agent_1;orders came from the seed rule base (rules as-is);0;0;R7[0.07] R20[0.17] R26[0.16] G1[0.09] A1[0.53];0.16;0.33;0.04;0.58;0.33;0.00;0.86;0.07;0.1694;0.2235;1
77;77;Agent_1;orders came from the seed rule base (rules as-is);0;0;R7[0.07] R20[0.17] R26[0.16] G1[0.09] A1[0.53];0.16;0.33;0.04;0.58;0.33;0.00;0.86;0.07;0.1694;0.2235;1
78;78;Agent_1;orders came from the seed rule base (rules as-is);0;0;R7[0.07] R20[0.17] R26[0.16] G1[0.09] A1[0.53];0.16;0.32;0.04;0.58;0.33;0.00;0.86;0.07;0.1564;0.2236;1
78;78;Agent_1;orders came from the seed rule base (rules as-is);0;0;R7[0.07] R20[0.17] R26[0.16] G1[0.09] A1[0.53];0.16;0.32;0.04;0.58;0.33;0.00;0.86;0.07;0.1564;0.2236;1
79;79;Agent_1;orders came from the seed rule base (rules as-is);0;0;R7[0.07] R20[0.17] R26[0.16] G1[0.09] A1[0.53];0.16;0.32;0.04;0.58;0.33;0.00;0.86;0.07;0.1683;0.2232;1
79;79;Agent_1;orders came from the seed rule base (rules as-is);0;0;R7[0.07] R20[0.17] R26[0.16] G1[0.09] A1[0.53];0.16;0.32;0.04;0.58;0.33;0.00;0.86;0.07;0.1683;0.2232;1
80;80;Agent_1;orders came from the seed rule base (rules as-is);0;0;R7[0.07] R20[0.16] R26[0.15] G1[0.08] A1[0.53];0.15;0.32;0.04;0.58;0.33;0.00;0.86;0.07;0.1552;0.2236;1
80;80;Agent_1;orders came from the seed rule base (rules as-is);0;0;R7[0.07] R20[0.16] R26[0.15] G1[0.08] A1[0.53];0.15;0.32;0.04;0.58;0.33;0.00;0.86;0.07;0.1552;0.2236;1
81;81;Agent_1;orders came from the seed rule base (rules as-is);0;0;R7[0.07] R20[0.16] R26[0.15] G1[0.08] A1[0.53];0.15;0.32;0.04;0.58;0.33;0.00;0.86;0.07;0.1652;0.2232;1
81;81;Agent_1;orders came from the seed rule base (rules as-is);0;0;R7[0.07] R20[0.16] R26[0.15] G1[0.08] A1[0.53];0.15;0.32;0.04;0.58;0.33;0.00;0.86;0.07;0.1652;0.2232;1
82;82;Agent_1;orders came from the seed rule base (rules as-is);0;0;R7[0.07] R20[0.16] R26[0.15] G1[0.08] A1[0.53];0.15;0.32;0.04;0.58;0.33;0.00;0.86;0.07;0.1560;0.2226;1
82;82;Agent_1;orders came from the seed rule base (rules as-is);0;0;R7[0.07] R20[0.16] R26[0.15] G1[0.08] A1[0.53];0.15;0.32;0.04;0.58;0.33;0.00;0.86;0.07;0.1560;0.2226;1
83;83;Agent_1;orders came from the seed rule base (rules as-is);0;0;R7[0.07] R20[0.16] R26[0.15] G1[0.08] A1[0.53];0.15;0.32;0.04;0.58;0.33;0.00;0.86;0.07;0.1556;0.2235;1
83;83;Agent_1;orders came from the seed rule base (rules as-is);0;0;R7[0.07] R20[0.16] R26[0.15] G1[0.08] A1[0.53];0.15;0.32;0.04;0.58;0.33;0.00;0.86;0.07;0.1556;0.2235;1
84;84;Agent_1;orders came from the seed rule base (rules as-is);0;0;R7[0.07] R20[0.16] R26[0.15] G1[0.08] A1[0.53];0.15;0.31;0.04;0.58;0.33;0.00;0.86;0.07;0.1568;0.2218;1
84;84;Agent_1;orders came from the seed rule base (rules as-is);0;0;R7[0.07] R20[0.16] R26[0.15] G1[0.08] A1[0.53];0.15;0.31;0.04;0.58;0.33;0.00;0.86;0.07;0.1568;0.2218;1
85;85;Agent_1;orders came from the seed rule base (rules as-is);0;0;R7[0.07] R20[0.16] R26[0.15] G1[0.08] A1[0.53];0.15;0.31;0.04;0.58;0.33;0.00;0.86;0.06;0.1579;0.2212;1
85;85;Agent_1;orders came from the seed rule base (rules as-is);0;0;R7[0.07] R20[0.16] R26[0.15] G1[0.08] A1[0.53];0.15;0.31;0.04;0.58;0.33;0.00;0.86;0.06;0.1579;0.2212;1
86;86;Agent_1;orders came from the seed rule base (rules as-is);0;0;R7[0.07] R20[0.16] R26[0.15] G1[0.08] A1[0.53];0.15;0.31;0.04;0.58;0.33;0.00;0.86;0.06;0.1585;0.2208;1
86;86;Agent_1;orders came from the seed rule base (rules as-is);0;0;R7[0.07] R20[0.16] R26[0.15] G1[0.08] A1[0.53];0.15;0.31;0.04;0.58;0.33;0.00;0.86;0.06;0.1585;0.2208;1
87;87;Agent_1;orders came from the seed rule base (rules as-is);0;0;R7[0.07] R20[0.16] R26[0.15] G1[0.08] A1[0.53];0.15;0.31;0.04;0.57;0.33;0.00;0.86;0.06;0.1622;0.2188;1
87;87;Agent_1;orders came from the seed rule base (rules as-is);0;0;R7[0.07] R20[0.16] R26[0.15] G1[0.08] A1[0.53];0.15;0.31;0.04;0.57;0.33;0.00;0.86;0.06;0.1622;0.2188;1
88;88;Agent_1;orders came from the seed rule base (rules as-is);0;0;R7[0.07] R20[0.16] R26[0.15] G1[0.08] A1[0.53];0.15;0.31;0.04;0.57;0.33;0.00;0.86;0.06;0.1643;0.2171;1
88;88;Agent_1;orders came from the seed rule base (rules as-is);0;0;R7[0.07] R20[0.16] R26[0.15] G1[0.08] A1[0.53];0.15;0.31;0.04;0.57;0.33;0.00;0.86;0.06;0.1643;0.2171;1
89;89;Agent_1;orders came from the seed rule base (rules as-is);0;0;R7[0.07] R20[0.16] R26[0.15] G1[0.08] A1[0.53];0.15;0.31;0.04;0.57;0.33;0.00;0.86;0.06;0.1634;0.2201;1
89;89;Agent_1;orders came from the seed rule base (rules as-is);0;0;R7[0.07] R20[0.16] R26[0.15] G1[0.08] A1[0.53];0.15;0.31;0.04;0.57;0.33;0.00;0.86;0.06;0.1634;0.2201;1
90;90;Agent_1;orders came from the seed rule base (rules as-is);0;0;R7[0.07] R20[0.16] R26[0.15] G1[0.08] A1[0.53];0.15;0.31;0.04;0.57;0.33;0.00;0.86;0.06;0.1650;0.2160;1
90;90;Agent_1;orders came from the seed rule base (rules as-is);0;0;R7[0.07] R20[0.16] R26[0.15] G1[0.08] A1[0.53];0.15;0.31;0.04;0.57;0.33;0.00;0.86;0.06;0.1650;0.2160;1
91;91;Agent_1;orders came from the seed rule base (rules as-is);0;0;R7[0.07] R20[0.16] R26[0.15] G1[0.08] A1[0.53];0.15;0.30;0.04;0.57;0.33;0.00;0.86;0.06;0.1662;0.2302;1
91;91;Agent_1;orders came from the seed rule base (rules as-is);0;0;R7[0.07] R20[0.16] R26[0.15] G1[0.08] A1[0.53];0.15;0.30;0.04;0.57;0.33;0.00;0.86;0.06;0.1662;0.2302;1
92;92;Agent_1;orders came from the seed rule base (rules as-is);0;0;R7[0.07] R20[0.16] R26[0.15] G1[0.08] A1[0.53];0.15;0.30;0.04;0.57;0.33;0.00;0.86;0.06;0.1673;0.2120;1
92;92;Agent_1;orders came from the seed rule base (rules as-is);0;0;R7[0.07] R20[0.16] R26[0.15] G1[0.08] A1[0.53];0.15;0.30;0.04;0.57;0.33;0.00;0.86;0.06;0.1673;0.2120;1
93;93;Agent_1;orders came from the seed rule base (rules as-is);0;0;R7[0.07] R20[0.15] R26[0.15] G1[0.08] A1[0.53];0.15;0.30;0.04;0.57;0.33;0.00;0.86;0.06;0.1674;0.2169;1
93;93;Agent_1;orders came from the seed rule base (rules as-is);0;0;R7[0.07] R20[0.15] R26[0.15] G1[0.08] A1[0.53];0.15;0.30;0.04;0.57;0.33;0.00;0.86;0.06;0.1674;0.2169;1
94;94;Agent_1;orders came from the seed rule base (rules as-is);0;0;R7[0.07] R20[0.15] R26[0.15] G1[0.08] A1[0.53];0.15;0.30;0.04;0.57;0.33;0.00;0.86;0.06;0.1685;0.2108;1
94;94;Agent_1;orders came from the seed rule base (rules as-is);0;0;R7[0.07] R20[0.15] R26[0.15] G1[0.08] A1[0.53];0.15;0.30;0.04;0.57;0.33;0.00;0.86;0.06;0.1685;0.2108;1
95;95;Agent_1;orders came from the seed rule base (rules as-is);0;0;R7[0.07] R20[0.15] R26[0.14] G1[0.08] A1[0.53];0.14;0.30;0.04;0.57;0.33;0.00;0.86;0.06;0.1696;0.2132;1
95;95;Agent_1;orders came from the seed rule base (rules as-is);0;0;R7[0.07] R20[0.15] R26[0.14] G1[0.08] A1[0.53];0.14;0.30;0.04;0.57;0.33;0.00;0.86;0.06;0.1696;0.2132;1
96;96;Agent_1;orders came from the seed rule base (rules as-is);0;0;R7[0.07] R20[0.15] R26[0.14] G1[0.08] A1[0.53];0.14;0.30;0.04;0.57;0.33;0.00;0.86;0.06;0.1762;0.2080;1
97;97;Agent_1;orders came from the seed rule base (rules as-is);0;0;R7[0.07] R20[0.15] R26[0.14] G1[0.08] A1[0.53];0.14;0.30;0.04;0.57;0.33;0.00;0.86;0.06;0.1763;0.2106;1
98;98;Agent_1;orders came from the seed rule base (rules as-is);0;0;R7[0.07] R20[0.15] R26[0.14] G1[0.08] A1[0.53];0.14;0.29;0.04;0.57;0.33;0.00;0.86;0.06;0.1778;0.2086;1
99;99;Agent_1;orders came from the seed rule base (rules as-is);0;0;R7[0.07] R20[0.15] R26[0.14] G1[0.08] A1[0.53];0.14;0.29;0.04;0.57;0.33;0.00;0.86;0.06;0.1735;0.2078;1
100;100;Agent_1;orders came from the seed rule base (rules as-is);0;0;R7[0.07] R20[0.15] R26[0.14] G1[0.08] A1[0.53];0.14;0.29;0.04;0.57;0.33;0.00;0.86;0.06;0.1736;0.2098;1
101;101;Agent_1;orders came from the seed rule base (rules as-is);0;0;R7[0.07] R20[0.15] R26[0.14] G1[0.08] A1[0.53];0.14;0.29;0.04;0.57;0.33;0.00;0.86;0.06;0.1827;0.2174;1
102;102;Agent_1;orders came from the seed rule base (rules as-is);0;0;R7[0.07] R20[0.15] R26[0.14] G1[0.08] A1[0.53];0.14;0.29;0.04;0.57;0.33;0.00;0.86;0.06;0.1867;0.2085;1
103;103;Agent_1;orders came from the seed rule base (rules as-is);0;0;R7[0.07] R20[0.15] R26[0.14] G1[0.08] A1[0.53];0.14;0.29;0.04;0.57;0.33;0.00;0.86;0.06;0.1897;0.2077;1
104;104;Agent_1;orders came from the seed rule base (rules as-is);0;0;R7[0.07] R20[0.15] R26[0.14] G1[0.08] A1[0.53];0.14;0.29;0.04;0.57;0.33;0.00;0.86;0.06;0.1907;0.2189;1
105;105;Agent_1;orders came from the seed rule base (rules as-is);0;0;R7[0.07] R20[0.15] R26[0.14] G1[0.08] A1[0.53];0.14;0.29;0.04;0.57;0.33;0.00;0.86;0.06;0.1941;0.2187;1
106;106;Agent_1;orders came from the seed rule base (rules as-is);0;0;R7[0.07] R20[0.15] R26[0.14] G1[0.07] A1[0.53];0.14;0.28;0.04;0.57;0.33;0.00;0.86;0.06;0.1947;0.2177;1
107;107;Agent_1;orders came from the seed rule base (rules as-is);0;0;R7[0.07] R20[0.15] R26[0.14] G1[0.07] A1[0.53];0.14;0.28;0.04;0.57;0.33;0.00;0.86;0.05;0.1952;0.2079;1
108;108;Agent_1;orders came from the seed rule base (rules as-is);0;0;R7[0.07] R20[0.15] R26[0.14] G1[0.07] A1[0.53];0.14;0.28;0.04;0.57;0.33;0.00;0.86;0.05;0.1969;0.2111;1
109;109;Agent_1;orders came from the seed rule base (rules as-is);0;0;R7[0.07] R20[0.14] R26[0.13] G1[0.07] A1[0.53];0.13;0.28;0.04;0.57;0.33;0.00;0.86;0.05;0.1983;0.2195;1
110;110;Agent_1;orders came from the seed rule base (rules as-is);0;0;R7[0.07] R20[0.14] R26[0.13] G1[0.07] A1[0.53];0.13;0.28;0.04;0.57;0.33;0.00;0.86;0.05;0.1769;0.2086;1
111;111;Agent_1;orders came from the seed rule base (rules as-is);0;0;R7[0.07] R20[0.14] R26[0.13] G1[0.07] A1[0.53];0.13;0.28;0.04;0.57;0.33;0.00;0.86;0.05;0.1757;0.2106;1
112;112;Agent_1;orders came from the seed rule base (rules as-is);0;0;R7[0.07] R20[0.14] R26[0.13] G1[0.07] A1[0.53];0.13;0.28;0.04;0.57;0.33;0.00;0.86;0.05;0.1768;0.2098;1
113;113;Agent_1;orders came from the seed rule base (rules as-is);0;0;R7[0.07] R20[0.14] R26[0.13] G1[0.07] A1[0.53];0.13;0.28;0.04;0.57;0.33;0.00;0.86;0.05;0.1774;0.2097;1
114;114;Agent_1;orders came from the seed rule base (rules as-is);0;0;R7[0.07] R20[0.14] R26[0.13] G1[0.07] A1[0.53];0.13;0.27;0.04;0.57;0.33;0.00;0.86;0.05;0.1752;0.2110;1
115;115;Agent_1;orders came from the seed rule base (rules as-is);0;0;R7[0.07] R20[0.14] R26[0.13] G1[0.07] A1[0.53];0.13;0.27;0.04;0.57;0.33;0.00;0.86;0.05;0.1763;0.2111;1
116;116;Agent_1;orders came from the seed rule base (rules as-is);0;0;R7[0.07] R20[0.14] R26[0.13] G1[0.07] A1[0.53];0.13;0.27;0.04;0.57;0.33;0.00;0.86;0.05;0.1875;0.2082;1
117;117;Agent_1;orders came from the seed rule base (rules as-is);0;0;R7[0.07] R20[0.14] R26[0.13] G1[0.07] A1[0.53];0.13;0.27;0.04;0.57;0.33;0.00;0.86;0.05;0.1860;0.2086;1
118;118;Agent_1;orders came from the seed rule base (rules as-is);0;0;R7[0.07] R20[0.14] R26[0.13] G1[0.07] A1[0.53];0.13;0.27;0.04;0.57;0.33;0.00;0.86;0.05;0.1879;0.2115;1
119;119;Agent_1;orders came from the seed rule base (rules as-is);0;0;R7[0.07] R20[0.14] R26[0.13] G1[0.07] A1[0.53];0.13;0.27;0.04;0.57;0.33;0.00;0.86;0.05;0.1846;0.2092;1
120;120;Agent_1;orders came from the seed rule base (rules as-is);0;0;R7[0.07] R20[0.14] R26[0.13] G1[0.07] A1[0.53];0.13;0.27;0.04;0.57;0.33;0.00;0.86;0.05;0.1825;0.2094;1
121;121;Agent_1;orders came from the seed rule base (rules as-is);0;0;R7[0.07] R20[0.14] R26[0.13] G1[0.07] A1[0.53];0.13;0.27;0.04;0.56;0.33;0.00;0.86;0.05;0.1853;0.2164;1
122;122;Agent_1;orders came from the seed rule base (rules as-is);0;0;R7[0.07] R20[0.14] R26[0.13] G1[0.07] A1[0.53];0.13;0.27;0.04;0.56;0.33;0.00;0.86;0.05;0.1867;0.2109;1
123;123;Agent_1;orders came from the seed rule base (rules as-is);0;0;R7[0.07] R20[0.14] R26[0.13] G1[0.07] A1[0.53];0.13;0.26;0.04;0.56;0.33;0.00;0.86;0.05;0.1766;0.2246;1
124;124;Agent_1;orders came from the seed rule base (rules as-is);0;0;R7[0.07] R20[0.14] R26[0.12] G1[0.07] A1[0.53];0.12;0.26;0.04;0.56;0.33;0.00;0.86;0.05;0.1772;0.2135;1
125;125;Agent_1;orders came from the seed rule base (rules as-is);0;0;R7[0.07] R20[0.14] R26[0.12] G1[0.07] A1[0.53];0.12;0.26;0.04;0.56;0.33;0.00;0.86;0.05;0.1773;0.2180;1
126;126;Agent_1;orders came from the seed rule base (rules as-is);0;0;R7[0.07] R20[0.14] R26[0.12] G1[0.07] A1[0.53];0.12;0.26;0.04;0.56;0.33;0.00;0.86;0.05;0.1775;0.2346;1
127;127;Agent_1;orders came from the seed rule base (rules as-is);0;0;R7[0.07] R20[0.14] R26[0.12] G1[0.07] A1[0.53];0.12;0.26;0.04;0.56;0.33;0.00;0.86;0.05;0.1790;0.2177;1
128;128;Agent_1;orders came from the seed rule base (rules as-is);0;0;R7[0.07] R20[0.14] R26[0.12] G1[0.07] A1[0.53];0.12;0.26;0.04;0.56;0.33;0.00;0.86;0.05;0.1783;0.2117;1
129;129;Agent_1;orders came from the seed rule base (rules as-is);0;0;R7[0.07] R20[0.14] R26[0.12] G1[0.07] A1[0.53];0.12;0.26;0.04;0.56;0.33;0.00;0.86;0.05;0.1789;0.2115;1
130;130;Agent_1;orders came from the seed rule base (rules as-is);0;0;R7[0.07] R20[0.14] R26[0.12] G1[0.07] A1[0.53];0.12;0.26;0.04;0.56;0.33;0.00;0.86;0.05;0.1790;0.2126;1
131;131;Agent_1;orders came from the seed rule base (rules as-is);0;0;R7[0.07] R20[0.13] R26[0.12] G1[0.07] A1[0.53];0.12;0.26;0.04;0.56;0.33;0.00;0.86;0.05;0.1792;0.2257;1
132;132;Agent_1;orders came from the seed rule base (rules as-is);0;0;R7[0.07] R20[0.13] R26[0.12] G1[0.07] A1[0.53];0.12;0.26;0.04;0.56;0.33;0.00;0.86;0.05;0.1798;0.2223;1
133;133;Agent_1;orders came from the seed rule base (rules as-is);0;0;R7[0.07] R20[0.13] R26[0.12] G1[0.07] A1[0.53];0.12;0.25;0.04;0.56;0.33;0.00;0.86;0.04;0.1799;0.2162;1
134;134;Agent_1;orders came from the seed rule base (rules as-is);0;0;R7[0.07] R20[0.13] R26[0.12] G1[0.06] A1[0.53];0.12;0.25;0.04;0.56;0.33;0.00;0.86;0.04;0.1783;0.2218;1
135;135;Agent_1;orders came from the seed rule base (rules as-is);0;0;R7[0.07] R20[0.13] R26[0.12] G1[0.06] A1[0.53];0.12;0.25;0.04;0.56;0.33;0.00;0.86;0.04;0.1784;0.2135;1
136;136;Agent_1;orders came from the seed rule base (rules as-is);0;0;R7[0.07] R20[0.13] R26[0.12] G1[0.06] A1[0.53];0.12;0.25;0.04;0.56;0.33;0.00;0.86;0.04;0.1799;0.2140;1
137;137;Agent_1;orders came from the seed rule base (rules as-is);0;0;R7[0.07] R20[0.13] R26[0.12] G1[0.06] A1[0.53];0.12;0.25;0.04;0.56;0.33;0.00;0.86;0.04;0.1810;0.2194;1
138;138;Agent_1;orders came from the seed rule base (rules as-is);0;0;R7[0.07] R20[0.13] R26[0.12] G1[0.06] A1[0.53];0.12;0.25;0.04;0.56;0.33;0.00;0.86;0.04;0.1946;0.2223;1
139;139;Agent_1;orders came from the seed rule base (rules as-is);0;0;R7[0.07] R20[0.13] R26[0.12] G1[0.06] A1[0.53];0.12;0.25;0.04;0.56;0.33;0.00;0.86;0.04;0.1822;0.2171;1
140;140;Agent_1;orders came from the seed rule base (rules as-is);0;0;R7[0.07] R20[0.13] R26[0.11] G1[0.06] A1[0.53];0.11;0.25;0.04;0.56;0.33;0.00;0.86;0.04;0.1828;0.2166;1
141;141;Agent_1;orders came from the seed rule base (rules as-is);0;0;R7[0.07] R20[0.13] R26[0.11] G1[0.06] A1[0.53];0.11;0.24;0.04;0.56;0.33;0.00;0.86;0.04;0.1834;0.2159;1
142;142;Agent_1;orders came from the seed rule base (rules as-is);0;0;R7[0.07] R20[0.13] R26[0.11] G1[0.06] A1[0.53];0.11;0.24;0.04;0.56;0.33;0.00;0.86;0.04;0.1845;0.2181;1
143;143;Agent_1;orders came from the seed rule base (rules as-is);0;0;R7[0.07] R20[0.13] R26[0.11] G1[0.06] A1[0.53];0.11;0.24;0.04;0.56;0.33;0.00;0.86;0.04;0.1851;0.2140;1
144;144;Agent_1;orders came from the seed rule base (rules as-is);0;0;R7[0.07] R20[0.13] R26[0.11] G1[0.06] A1[0.53];0.11;0.24;0.04;0.56;0.33;0.00;0.86;0.04;0.1856;0.2215;1
145;145;Agent_1;orders came from the seed rule base (rules as-is);0;0;R7[0.07] R20[0.13] R26[0.11] G1[0.06] A1[0.53];0.11;0.24;0.04;0.56;0.33;0.00;0.86;0.04;0.1862;0.2155;1
146;146;Agent_1;orders came from the seed rule base (rules as-is);0;0;R7[0.07] R20[0.13] R26[0.11] G1[0.06] A1[0.53];0.11;0.24;0.04;0.56;0.33;0.00;0.86;0.04;0.1877;0.2262;1
147;147;Agent_1;orders came from the seed rule base (rules as-is);0;0;R7[0.07] R20[0.13] R26[0.11] G1[0.06] A1[0.53];0.11;0.24;0.04;0.56;0.33;0.00;0.86;0.04;0.1896;0.2208;1
148;148;Agent_1;orders came from the seed rule base (rules as-is);0;0;R7[0.07] R20[0.13] R26[0.11] G1[0.06] A1[0.53];0.11;0.24;0.04;0.56;0.33;0.00;0.86;0.04;0.1826;0.2262;1
149;149;Agent_1;orders came from the seed rule base (rules as-is);0;0;R7[0.07] R20[0.13] R26[0.11] G1[0.06] A1[0.53];0.11;0.24;0.04;0.56;0.33;0.00;0.86;0.04;0.1828;0.2152;1
150;150;Agent_1;orders came from the seed rule base (rules as-is);0;0;R7[0.07] R20[0.12] R26[0.11] G1[0.06] A1[0.53];0.11;0.23;0.04;0.56;0.33;0.00;0.86;0.04;0.1829;0.2159;1
151;151;Agent_1;orders came from the seed rule base (rules as-is);0;0;R7[0.07] R20[0.12] R26[0.11] G1[0.06] A1[0.53];0.11;0.23;0.04;0.56;0.33;0.00;0.86;0.04;0.1835;0.2151;1
152;152;Agent_1;orders came from the seed rule base (rules as-is);0;0;R7[0.07] R20[0.12] R26[0.11] G1[0.06] A1[0.53];0.11;0.23;0.04;0.56;0.33;0.00;0.86;0.04;0.1836;0.2177;1
153;153;Agent_1;orders came from the seed rule base (rules as-is);0;0;R7[0.07] R20[0.12] R26[0.11] G1[0.06] A1[0.53];0.11;0.23;0.04;0.56;0.33;0.00;0.86;0.04;0.1838;0.2263;1
154;154;Agent_1;orders came from the seed rule base (rules as-is);0;0;R7[0.07] R20[0.12] R26[0.11] G1[0.06] A1[0.53];0.11;0.23;0.04;0.56;0.33;0.00;0.86;0.04;0.1839;0.2211;1
155;155;Agent_1;orders came from the seed rule base (rules as-is);0;0;R7[0.07] R20[0.12] R26[0.11] G1[0.06] A1[0.53];0.11;0.23;0.04;0.56;0.33;0.00;0.86;0.04;0.1942;0.2287;1
156;156;Agent_1;orders came from the seed rule base (rules as-is);0;0;R7[0.07] R20[0.12] R26[0.10] G1[0.06] A1[0.53];0.10;0.23;0.04;0.56;0.33;0.00;0.86;0.04;0.1943;0.2139;1
157;157;Agent_1;orders came from the seed rule base (rules as-is);0;0;R7[0.07] R20[0.12] R26[0.10] G1[0.06] A1[0.53];0.10;0.23;0.04;0.55;0.33;0.00;0.86;0.04;0.1944;0.2177;1
158;158;Agent_1;orders came from the seed rule base (rules as-is);0;0;R7[0.07] R20[0.12] R26[0.10] G1[0.06] A1[0.53];0.10;0.22;0.04;0.55;0.33;0.00;0.86;0.04;0.1854;0.2182;1
159;159;Agent_1;orders came from the seed rule base (rules as-is);0;0;R7[0.07] R20[0.12] R26[0.10] G1[0.06] A1[0.53];0.10;0.22;0.04;0.55;0.33;0.00;0.86;0.04;0.1855;0.2146;1
160;160;Agent_1;orders came from the seed rule base (rules as-is);0;0;R7[0.07] R20[0.12] R26[0.10] G1[0.06] A1[0.53];0.10;0.22;0.04;0.55;0.33;0.00;0.86;0.04;0.1857;0.2256;1
161;161;Agent_1;orders came from the seed rule base (rules as-is);0;0;R7[0.07] R20[0.12] R26[0.10] G1[0.06] A1[0.53];0.10;0.22;0.04;0.55;0.33;0.00;0.86;0.04;0.1858;0.2183;1
162;162;Agent_1;orders came from the seed rule base (rules as-is);0;0;R7[0.07] R20[0.12] R26[0.10] G1[0.06] A1[0.53];0.10;0.22;0.04;0.55;0.33;0.00;0.86;0.04;0.1859;0.2147;1
163;163;Agent_1;orders came from the seed rule base (rules as-is);0;0;R7[0.07] R20[0.12] R26[0.10] G1[0.06] A1[0.53];0.10;0.22;0.04;0.55;0.33;0.00;0.86;0.04;0.1861;0.2152;1
164;164;Agent_1;orders came from the seed rule base (rules as-is);0;0;R7[0.07] R20[0.12] R26[0.10] G1[0.05] A1[0.53];0.10;0.22;0.04;0.55;0.33;0.00;0.86;0.04;0.1871;0.2147;1
165;165;Agent_1;orders came from the seed rule base (rules as-is);0;0;R7[0.07] R20[0.11] R26[0.10] G1[0.05] A1[0.53];0.10;0.22;0.04;0.55;0.33;0.00;0.86;0.04;0.1997;0.2246;1
166;166;Agent_1;orders came from the seed rule base (rules as-is);0;0;R7[0.07] R20[0.11] R26[0.10] G1[0.05] A1[0.53];0.10;0.21;0.04;0.55;0.33;0.00;0.86;0.03;0.1879;0.2186;1
167;167;Agent_1;RL selected stage 1 [evFIS] (deficit bucket: low) → rejected (no improving perturbation found | seed-base decision stands, its orders are applied);1;0;R7[0.07] R20[0.11] R26[0.10] G1[0.05] A1[0.53];0.10;0.21;0.04;0.55;0.33;0.00;0.86;0.03;0.2032;0.2138;1
168;168;Agent_1;orders came from the seed rule base (rules as-is);0;0;R7[0.07] R20[0.11] R26[0.10] G1[0.05] A1[0.53];0.10;0.21;0.04;0.55;0.33;0.00;0.86;0.03;0.2046;0.2174;1
169;169;Agent_1;orders came from the seed rule base (rules as-is);0;0;R7[0.07] R20[0.11] R26[0.10] G1[0.05] A1[0.53];0.10;0.21;0.04;0.55;0.33;0.00;0.86;0.03;0.2051;0.2163;1
170;170;Agent_1;orders came from the seed rule base (rules as-is);0;0;R7[0.07] R20[0.11] R26[0.10] G1[0.05] A1[0.53];0.10;0.21;0.04;0.55;0.33;0.00;0.86;0.03;0.2060;0.2133;1
171;171;Agent_1;orders came from the seed rule base (rules as-is);0;0;R7[0.07] R20[0.11] R26[0.10] G1[0.05] A1[0.53];0.10;0.21;0.04;0.55;0.33;0.00;0.86;0.03;0.1921;0.2168;1
172;172;Agent_1;orders came from the seed rule base (rules as-is);0;0;R7[0.07] R20[0.11] R26[0.10] G1[0.05] A1[0.53];0.10;0.21;0.04;0.55;0.33;0.00;0.86;0.03;0.1923;0.2142;1
173;173;Agent_1;orders came from the seed rule base (rules as-is);0;0;R7[0.07] R20[0.11] R26[0.10] G1[0.05] A1[0.53];0.10;0.21;0.04;0.55;0.33;0.00;0.86;0.03;0.1924;0.2143;1
174;174;Agent_1;orders came from the seed rule base (rules as-is);0;0;R7[0.07] R20[0.11] R26[0.09] G1[0.05] A1[0.53];0.09;0.20;0.04;0.55;0.33;0.00;0.86;0.03;0.1925;0.2208;1
175;175;Agent_1;orders came from the seed rule base (rules as-is);0;0;R7[0.07] R20[0.11] R26[0.09] G1[0.05] A1[0.53];0.09;0.20;0.04;0.55;0.33;0.00;0.86;0.03;0.1931;0.2210;1
176;176;Agent_1;orders came from the seed rule base (rules as-is);0;0;R7[0.07] R20[0.11] R26[0.09] G1[0.05] A1[0.53];0.09;0.20;0.04;0.55;0.33;0.00;0.86;0.03;0.1933;0.2257;1
177;177;Agent_1;orders came from the seed rule base (rules as-is);0;0;R7[0.07] R20[0.11] R26[0.09] G1[0.05] A1[0.53];0.09;0.20;0.04;0.55;0.33;0.00;0.86;0.03;0.1903;0.2179;1
178;178;Agent_1;orders came from the seed rule base (rules as-is);0;0;R7[0.07] R20[0.11] R26[0.09] G1[0.05] A1[0.53];0.09;0.20;0.04;0.55;0.33;0.00;0.86;0.03;0.1905;0.2254;1
179;179;Agent_1;orders came from the seed rule base (rules as-is);0;0;R7[0.07] R20[0.11] R26[0.09] G1[0.05] A1[0.53];0.09;0.20;0.04;0.55;0.33;0.00;0.86;0.03;0.1915;0.2138;1
180;180;Agent_1;orders came from the seed rule base (rules as-is);0;0;R7[0.07] R20[0.11] R26[0.09] G1[0.05] A1[0.53];0.09;0.20;0.04;0.55;0.33;0.00;0.86;0.03;0.1916;0.2142;1
181;181;Agent_1;orders came from the seed rule base (rules as-is);0;0;R7[0.07] R20[0.10] R26[0.09] G1[0.05] A1[0.53];0.09;0.20;0.04;0.55;0.33;0.00;0.86;0.03;0.1926;0.2184;1
182;182;Agent_1;orders came from the seed rule base (rules as-is);0;0;R7[0.07] R20[0.10] R26[0.09] G1[0.05] A1[0.53];0.09;0.20;0.04;0.55;0.33;0.00;0.86;0.03;0.1927;0.2142;1
183;183;Agent_1;orders came from the seed rule base (rules as-is);0;0;R7[0.07] R20[0.10] R26[0.09] G1[0.05] A1[0.53];0.09;0.19;0.04;0.55;0.33;0.00;0.86;0.03;0.1929;0.2156;1
184;184;Agent_1;orders came from the seed rule base (rules as-is);0;0;R7[0.07] R20[0.10] R26[0.09] G1[0.05] A1[0.53];0.09;0.19;0.04;0.55;0.33;0.00;0.86;0.03;0.1930;0.2138;1
185;185;Agent_1;orders came from the seed rule base (rules as-is);0;0;R7[0.07] R20[0.10] R26[0.09] G1[0.05] A1[0.53];0.09;0.19;0.04;0.55;0.33;0.00;0.86;0.03;0.1932;0.2139;1
186;186;Agent_1;orders came from the seed rule base (rules as-is);0;0;R7[0.07] R20[0.10] R26[0.09] G1[0.05] A1[0.53];0.09;0.19;0.04;0.55;0.33;0.00;0.86;0.03;0.1933;0.2131;1
187;187;Agent_1;orders came from the seed rule base (rules as-is);0;0;R7[0.07] R20[0.10] R26[0.09] G1[0.05] A1[0.53];0.09;0.19;0.04;0.55;0.33;0.00;0.86;0.03;0.1934;0.2129;1
188;188;Agent_1;orders came from the seed rule base (rules as-is);0;0;R7[0.07] R20[0.10] R26[0.09] G1[0.05] A1[0.53];0.09;0.19;0.04;0.55;0.33;0.00;0.86;0.03;0.1936;0.2137;1
189;189;Agent_1;orders came from the seed rule base (rules as-is);0;0;R7[0.07] R20[0.10] R26[0.09] G1[0.05] A1[0.53];0.09;0.19;0.04;0.55;0.33;0.00;0.86;0.03;0.1941;0.2131;1
190;190;Agent_1;orders came from the seed rule base (rules as-is);0;0;R7[0.07] R20[0.10] R26[0.09] G1[0.05] A1[0.53];0.09;0.19;0.04;0.55;0.33;0.00;0.86;0.03;0.1943;0.2139;1
191;191;Agent_1;orders came from the seed rule base (rules as-is);0;0;R7[0.07] R20[0.10] R26[0.09] G1[0.05] A1[0.53];0.09;0.18;0.04;0.55;0.33;0.00;0.86;0.03;0.1944;0.2179;1
192;192;Agent_1;orders came from the seed rule base (rules as-is);0;0;R7[0.07] R20[0.10] R26[0.09] G1[0.05] A1[0.53];0.09;0.18;0.04;0.55;0.33;0.00;0.86;0.03;0.1946;0.2180;1
193;193;Agent_1;orders came from the seed rule base (rules as-is);0;0;R7[0.07] R20[0.10] R26[0.08] G1[0.05] A1[0.53];0.08;0.18;0.04;0.55;0.33;0.00;0.86;0.03;0.1951;0.2137;1
194;194;Agent_1;orders came from the seed rule base (rules as-is);0;0;R7[0.07] R20[0.10] R26[0.08] G1[0.05] A1[0.53];0.08;0.18;0.04;0.55;0.33;0.00;0.86;0.03;0.1958;0.2179;1
195;195;Agent_1;orders came from the seed rule base (rules as-is);0;0;R7[0.07] R20[0.10] R26[0.08] G1[0.05] A1[0.53];0.08;0.18;0.04;0.55;0.33;0.00;0.86;0.03;0.1959;0.2133;1
196;196;Agent_1;orders came from the seed rule base (rules as-is);0;0;R7[0.07] R20[0.09] R26[0.08] G1[0.05] A1[0.53];0.08;0.18;0.04;0.55;0.33;0.00;0.86;0.03;0.1960;0.2144;1
197;197;Agent_1;orders came from the seed rule base (rules as-is);0;0;R7[0.07] R20[0.09] R26[0.08] G1[0.05] A1[0.53];0.08;0.18;0.04;0.55;0.33;0.00;0.86;0.03;0.1970;0.2135;1
198;198;Agent_1;orders came from the seed rule base (rules as-is);0;0;R7[0.07] R20[0.09] R26[0.08] G1[0.04] A1[0.53];0.08;0.18;0.04;0.55;0.33;0.00;0.86;0.03;0.1972;0.2130;1
199;199;Agent_1;orders came from the seed rule base (rules as-is);0;0;R7[0.07] R20[0.09] R26[0.08] G1[0.04] A1[0.53];0.08;0.17;0.04;0.55;0.33;0.00;0.86;0.03;0.1973;0.2128;1
200;200;Agent_1;orders came from the seed rule base (rules as-is);0;0;R7[0.07] R20[0.09] R26[0.08] G1[0.04] A1[0.53];0.08;0.17;0.04;0.54;0.33;0.00;0.86;0.03;0.1979;0.2149;1
201;201;Agent_1;orders came from the seed rule base (rules as-is);0;0;R7[0.07] R20[0.09] R26[0.08] G1[0.04] A1[0.53];0.08;0.17;0.04;0.54;0.33;0.00;0.86;0.03;0.1984;0.2127;1
202;202;Agent_1;orders came from the seed rule base (rules as-is);0;0;R7[0.07] R20[0.09] R26[0.08] G1[0.04] A1[0.53];0.08;0.17;0.04;0.54;0.33;0.00;0.86;0.03;0.1990;0.2128;1
203;203;Agent_1;orders came from the seed rule base (rules as-is);0;0;R7[0.07] R20[0.09] R26[0.08] G1[0.04] A1[0.53];0.08;0.17;0.04;0.54;0.33;0.00;0.86;0.03;0.1996;0.2162;1
204;204;Agent_1;orders came from the seed rule base (rules as-is);0;0;R7[0.07] R20[0.09] R26[0.08] G1[0.04] A1[0.53];0.08;0.17;0.04;0.54;0.33;0.00;0.86;0.03;0.1997;0.2131;1
205;205;Agent_1;orders came from the seed rule base (rules as-is);0;0;R7[0.07] R20[0.09] R26[0.08] G1[0.04] A1[0.53];0.08;0.17;0.04;0.54;0.33;0.00;0.86;0.03;0.1999;0.2132;1
206;206;Agent_1;orders came from the seed rule base (rules as-is);0;0;R7[0.07] R20[0.09] R26[0.08] G1[0.04] A1[0.53];0.08;0.17;0.04;0.54;0.33;0.00;0.86;0.03;0.2000;0.2185;1
207;207;Agent_1;orders came from the seed rule base (rules as-is);0;0;R7[0.07] R20[0.09] R26[0.08] G1[0.04] A1[0.53];0.08;0.17;0.04;0.54;0.33;0.00;0.86;0.03;0.2005;0.2131;1
208;208;Agent_1;orders came from the seed rule base (rules as-is);0;0;R7[0.07] R20[0.09] R26[0.08] G1[0.04] A1[0.53];0.08;0.16;0.04;0.54;0.33;0.00;0.86;0.03;0.2007;0.2249;1
209;209;Agent_1;orders came from the seed rule base (rules as-is);0;0;R7[0.07] R20[0.09] R26[0.08] G1[0.04] A1[0.53];0.08;0.16;0.04;0.54;0.33;0.00;0.86;0.02;0.2008;0.2127;1
210;210;Agent_1;orders came from the seed rule base (rules as-is);0;0;R7[0.07] R20[0.09] R26[0.08] G1[0.04] A1[0.53];0.08;0.16;0.04;0.54;0.33;0.00;0.86;0.02;0.2013;0.2181;1
211;211;Agent_1;orders came from the seed rule base (rules as-is);0;0;R7[0.07] R20[0.09] R26[0.08] G1[0.04] A1[0.53];0.08;0.16;0.04;0.54;0.33;0.00;0.86;0.02;0.2015;0.2150;1
212;212;Agent_1;orders came from the seed rule base (rules as-is);0;0;R7[0.07] R20[0.08] R26[0.08] G1[0.04] A1[0.53];0.08;0.16;0.04;0.54;0.33;0.00;0.86;0.02;0.2017;0.2183;1
213;213;Agent_1;orders came from the seed rule base (rules as-is);0;0;R7[0.07] R20[0.08] R26[0.07] G1[0.04] A1[0.53];0.07;0.16;0.04;0.54;0.33;0.00;0.86;0.02;0.2022;0.2162;1
214;214;Agent_1;RL selected stage 1 [evFIS] (deficit bucket: low) → rejected (no improving perturbation found | seed-base decision stands, its orders are applied);1;0;R7[0.07] R20[0.08] R26[0.07] G1[0.04] A1[0.53];0.07;0.16;0.04;0.54;0.33;0.00;0.86;0.02;0.2023;0.2127;1
215;215;Agent_1;orders came from the seed rule base (rules as-is);0;0;R7[0.07] R20[0.08] R26[0.07] G1[0.04] A1[0.53];0.07;0.16;0.04;0.54;0.33;0.00;0.86;0.02;0.2025;0.2128;1
216;216;Agent_1;orders came from the seed rule base (rules as-is);0;0;R7[0.07] R20[0.08] R26[0.07] G1[0.04] A1[0.53];0.07;0.16;0.04;0.54;0.33;0.00;0.86;0.02;0.2026;0.2129;1
217;217;Agent_1;orders came from the seed rule base (rules as-is);0;0;R7[0.07] R20[0.08] R26[0.07] G1[0.04] A1[0.53];0.07;0.16;0.04;0.54;0.33;0.00;0.86;0.02;0.2027;0.2127;1
218;218;Agent_1;orders came from the seed rule base (rules as-is);0;0;R7[0.07] R20[0.08] R26[0.07] G1[0.04] A1[0.53];0.07;0.15;0.04;0.54;0.33;0.00;0.86;0.02;0.2033;0.2128;1
219;219;Agent_1;orders came from the seed rule base (rules as-is);0;0;R7[0.07] R20[0.08] R26[0.07] G1[0.04] A1[0.53];0.07;0.15;0.04;0.54;0.33;0.00;0.86;0.02;0.2038;0.2130;1
220;220;Agent_1;orders came from the seed rule base (rules as-is);0;0;R7[0.07] R20[0.08] R26[0.07] G1[0.04] A1[0.53];0.07;0.15;0.04;0.54;0.33;0.00;0.86;0.02;0.2040;0.2127;1
221;221;Agent_1;orders came from the seed rule base (rules as-is);0;0;R7[0.07] R20[0.08] R26[0.07] G1[0.04] A1[0.53];0.07;0.15;0.04;0.54;0.33;0.00;0.86;0.02;0.2045;0.2129;1
222;222;Agent_1;orders came from the seed rule base (rules as-is);0;0;R7[0.07] R20[0.08] R26[0.07] G1[0.04] A1[0.53];0.07;0.15;0.04;0.54;0.33;0.00;0.86;0.02;0.2047;0.2130;1
223;223;Agent_1;orders came from the seed rule base (rules as-is);0;0;R7[0.07] R20[0.08] R26[0.07] G1[0.04] A1[0.53];0.07;0.15;0.04;0.54;0.33;0.00;0.86;0.02;0.2048;0.2131;1
224;224;Agent_1;RL selected stage 3 [GenAI] (deficit bucket: low) → ACCEPTED: G2: G2: IF asset exposure risk is VH AND evacuation pressure is VH THEN asset protection 0.8, evacuation 0.6 (adaptation-born: generative (template), gates G1-G4);3;3;R7[0.07] R20[0.08] R26[0.07] G1[0.04] A1[0.53] G2[0.32];0.07;0.15;0.04;0.81;0.53;0.00;0.95;0.02;0.2041;0.2132;1
225;225;Agent_1;orders came from the seed rule base (rules as-is);0;0;R7[0.07] R20[0.08] R26[0.07] G1[0.04] A1[0.53] G2[0.32];0.07;0.15;0.04;0.81;0.53;0.00;0.95;0.02;0.2042;0.2147;1
226;226;Agent_1;orders came from the seed rule base (rules as-is);0;0;R7[0.07] R20[0.08] R26[0.07] G1[0.04] A1[0.53] G2[0.31];0.07;0.15;0.04;0.80;0.53;0.00;0.95;0.02;0.2044;0.2135;1
227;227;Agent_1;orders came from the seed rule base (rules as-is);0;0;R7[0.07] R20[0.08] R26[0.07] G1[0.04] A1[0.53] G2[0.31];0.07;0.14;0.04;0.80;0.53;0.00;0.95;0.02;0.2045;0.2137;1
228;228;Agent_1;orders came from the seed rule base (rules as-is);0;0;R7[0.07] R20[0.07] R26[0.07] G1[0.04] A1[0.53] G2[0.31];0.07;0.14;0.04;0.80;0.53;0.00;0.95;0.02;0.2051;0.2142;1
229;229;Agent_1;orders came from the seed rule base (rules as-is);0;0;R7[0.07] R20[0.07] R26[0.07] G1[0.04] A1[0.53] G2[0.31];0.07;0.14;0.04;0.80;0.52;0.00;0.95;0.02;0.2052;0.2261;1
230;230;Agent_1;orders came from the seed rule base (rules as-is);0;0;R7[0.07] R20[0.07] R26[0.07] G1[0.04] A1[0.53] G2[0.31];0.07;0.14;0.04;0.80;0.52;0.00;0.95;0.02;0.2054;0.2141;1
231;231;Agent_1;orders came from the seed rule base (rules as-is);0;0;R7[0.07] R20[0.07] R26[0.07] G1[0.04] A1[0.53] G2[0.31];0.07;0.14;0.04;0.80;0.52;0.00;0.95;0.02;0.2055;0.2142;1
232;232;Agent_1;orders came from the seed rule base (rules as-is);0;0;R7[0.07] R20[0.07] R26[0.07] G1[0.04] A1[0.53] G2[0.31];0.07;0.14;0.04;0.80;0.52;0.00;0.95;0.02;0.2057;0.2144;1
233;233;Agent_1;orders came from the seed rule base (rules as-is);0;0;R7[0.07] R20[0.07] R26[0.07] G1[0.04] A1[0.53] G2[0.31];0.07;0.14;0.04;0.80;0.52;0.00;0.95;0.02;0.2058;0.2145;1
234;234;Agent_1;RL selected stage 1 [evFIS] (deficit bucket: low) → rejected (no improving perturbation found | seed-base decision stands, its orders are applied);1;0;R7[0.07] R20[0.07] R26[0.07] G1[0.04] A1[0.53] G2[0.31];0.07;0.14;0.04;0.80;0.52;0.00;0.95;0.02;0.2105;0.2147;1
235;235;Agent_1;orders came from the seed rule base (rules as-is);0;0;R7[0.07] R20[0.07] R26[0.07] G1[0.04] A1[0.53] G2[0.31];0.07;0.14;0.04;0.80;0.52;0.00;0.95;0.02;0.2118;0.2148;1
236;236;Agent_1;orders came from the seed rule base (rules as-is);0;0;R7[0.07] R20[0.07] R26[0.06] G1[0.04] A1[0.53] G2[0.31];0.06;0.14;0.04;0.80;0.52;0.00;0.95;0.02;0.2120;0.2215;1
237;237;Agent_1;orders came from the seed rule base (rules as-is);0;0;R7[0.07] R20[0.07] R26[0.06] G1[0.04] A1[0.53] G2[0.31];0.06;0.13;0.04;0.80;0.52;0.00;0.95;0.02;0.2121;0.2151;1
238;238;Agent_1;orders came from the seed rule base (rules as-is);0;0;R7[0.07] R20[0.07] R26[0.06] G1[0.04] A1[0.53] G2[0.31];0.06;0.13;0.04;0.80;0.52;0.00;0.95;0.02;0.2130;0.2152;1
239;239;Agent_1;orders came from the seed rule base (rules as-is);0;0;R7[0.07] R20[0.07] R26[0.06] G1[0.03] A1[0.53] G2[0.31];0.06;0.13;0.04;0.80;0.52;0.00;0.95;0.02;0.2132;0.2154;1
240;240;Agent_1;orders came from the seed rule base (rules as-is);0;0;R7[0.07] R20[0.07] R26[0.06] G1[0.03] A1[0.53] G2[0.31];0.06;0.13;0.04;0.80;0.52;0.00;0.95;0.02;0.2141;0.2155;1
241;241;Agent_1;orders came from the seed rule base (rules as-is);0;0;R7[0.07] R20[0.07] R26[0.06] G1[0.03] A1[0.53] G2[0.31];0.06;0.13;0.04;0.80;0.52;0.00;0.95;0.02;0.2082;0.2157;1
242;242;Agent_1;orders came from the seed rule base (rules as-is);0;0;R7[0.07] R20[0.07] R26[0.06] G1[0.03] A1[0.53] G2[0.31];0.06;0.13;0.04;0.80;0.52;0.00;0.95;0.02;0.2087;0.2158;1
243;243;Agent_1;orders came from the seed rule base (rules as-is);0;0;R7[0.07] R20[0.07] R26[0.06] G1[0.03] A1[0.53] G2[0.31];0.06;0.13;0.04;0.80;0.52;0.00;0.95;0.02;0.2093;0.2166;1
244;244;Agent_1;RL selected stage 1 [evFIS] (deficit bucket: low) → rejected (no improving perturbation found | seed-base decision stands, its orders are applied);1;0;R7[0.07] R20[0.07] R26[0.06] G1[0.03] A1[0.53] G2[0.31];0.06;0.13;0.04;0.80;0.52;0.00;0.95;0.02;0.2094;0.2161;1
245;245;Agent_1;orders came from the seed rule base (rules as-is);0;0;R7[0.07] R20[0.07] R26[0.06] G1[0.03] A1[0.53] G2[0.31];0.06;0.13;0.04;0.80;0.52;0.00;0.95;0.02;0.2096;0.2162;1
246;246;Agent_1;orders came from the seed rule base (rules as-is);0;0;R7[0.07] R20[0.06] R26[0.06] G1[0.03] A1[0.53] G2[0.31];0.06;0.13;0.04;0.80;0.52;0.00;0.95;0.02;0.2097;0.2167;1
247;247;Agent_1;orders came from the seed rule base (rules as-is);0;0;R7[0.07] R20[0.06] R26[0.06] G1[0.03] A1[0.53] G2[0.31];0.06;0.13;0.04;0.80;0.52;0.00;0.95;0.02;0.2099;0.2240;1
248;248;Agent_1;orders came from the seed rule base (rules as-is);0;0;R7[0.07] R20[0.06] R26[0.06] G1[0.03] A1[0.53] G2[0.31];0.06;0.12;0.04;0.79;0.52;0.00;0.95;0.02;0.2100;0.2166;1
249;249;Agent_1;orders came from the seed rule base (rules as-is);0;0;R7[0.07] R20[0.06] R26[0.06] G1[0.03] A1[0.53] G2[0.31];0.06;0.12;0.04;0.79;0.52;0.00;0.95;0.02;0.2101;0.2164;1
250;250;Agent_1;orders came from the seed rule base (rules as-is);0;0;R7[0.07] R20[0.06] R26[0.06] G1[0.03] A1[0.53] G2[0.31];0.06;0.12;0.04;0.79;0.52;0.00;0.95;0.02;0.2103;0.2216;1
251;251;Agent_1;orders came from the seed rule base (rules as-is);0;0;R7[0.07] R20[0.06] R26[0.06] G1[0.03] A1[0.53] G2[0.31];0.06;0.12;0.04;0.79;0.52;0.00;0.95;0.02;0.2104;0.2167;1
252;252;Agent_1;orders came from the seed rule base (rules as-is);0;0;R7[0.07] R20[0.06] R26[0.06] G1[0.03] A1[0.53] G2[0.31];0.06;0.12;0.04;0.79;0.52;0.00;0.95;0.02;0.2109;0.2172;1
253;253;Agent_1;orders came from the seed rule base (rules as-is);0;0;R7[0.07] R20[0.06] R26[0.06] G1[0.03] A1[0.53] G2[0.31];0.06;0.12;0.04;0.79;0.52;0.00;0.96;0.02;0.2111;0.2173;1
254;254;Agent_1;RL selected stage 1 [evFIS] (deficit bucket: low) → rejected (no improving perturbation found | seed-base decision stands, its orders are applied);1;0;R7[0.07] R20[0.06] R26[0.06] G1[0.03] A1[0.53] G2[0.31];0.06;0.12;0.04;0.79;0.52;0.00;0.96;0.02;0.2116;0.2171;1
255;255;Agent_1;orders came from the seed rule base (rules as-is);0;0;R7[0.07] R20[0.06] R26[0.06] G1[0.03] A1[0.53] G2[0.31];0.06;0.12;0.04;0.79;0.52;0.00;0.96;0.02;0.2118;0.2173;1
256;256;Agent_1;orders came from the seed rule base (rules as-is);0;0;R7[0.07] R20[0.06] R26[0.06] G1[0.03] A1[0.53] G2[0.31];0.06;0.12;0.04;0.79;0.52;0.00;0.96;0.02;0.2123;0.2174;1
257;257;Agent_1;orders came from the seed rule base (rules as-is);0;0;R7[0.07] R20[0.06] R26[0.06] G1[0.03] A1[0.53] G2[0.31];0.06;0.12;0.04;0.79;0.52;0.00;0.96;0.02;0.2129;0.2175;1
258;258;Agent_1;orders came from the seed rule base (rules as-is);0;0;R7[0.07] R20[0.06] R26[0.06] G1[0.03] A1[0.53] G2[0.31];0.06;0.12;0.04;0.79;0.52;0.00;0.96;0.02;0.2131;0.2177;1
259;259;Agent_1;orders came from the seed rule base (rules as-is);0;0;R7[0.07] R20[0.06] R26[0.06] G1[0.03] A1[0.53] G2[0.31];0.06;0.12;0.04;0.79;0.52;0.00;0.96;0.02;0.2132;0.2182;1
260;260;Agent_1;orders came from the seed rule base (rules as-is);0;0;R7[0.07] R20[0.06] R26[0.06] G1[0.03] A1[0.53] G2[0.31];0.06;0.11;0.04;0.79;0.52;0.00;0.96;0.02;0.2133;0.2180;1
261;261;Agent_1;orders came from the seed rule base (rules as-is);0;0;R7[0.07] R20[0.06] R26[0.06] G1[0.03] A1[0.53] G2[0.31];0.06;0.11;0.04;0.79;0.52;0.00;0.96;0.02;0.2135;0.2181;1
262;262;Agent_1;orders came from the seed rule base (rules as-is);0;0;R7[0.07] R20[0.06] R26[0.05] G1[0.03] A1[0.53] G2[0.31];0.05;0.11;0.04;0.79;0.52;0.00;0.96;0.02;0.2136;0.2189;1
263;263;Agent_1;orders came from the seed rule base (rules as-is);0;0;R7[0.07] R20[0.06] R26[0.05] G1[0.03] A1[0.53] G2[0.31];0.05;0.11;0.04;0.79;0.52;0.00;0.96;0.02;0.2138;0.2190;1
264;264;Agent_1;RL selected stage 1 [evFIS] (deficit bucket: low) → rejected (no improving perturbation found | seed-base decision stands, its orders are applied);1;0;R7[0.07] R20[0.06] R26[0.05] G1[0.03] A1[0.53] G2[0.31];0.05;0.11;0.04;0.79;0.52;0.00;0.96;0.02;0.2139;0.2188;1
265;265;Agent_1;orders came from the seed rule base (rules as-is);0;0;R7[0.07] R20[0.06] R26[0.05] G1[0.03] A1[0.53] G2[0.31];0.05;0.11;0.04;0.79;0.52;0.00;0.96;0.02;0.2140;0.2200;1
266;266;Agent_1;orders came from the seed rule base (rules as-is);0;0;R7[0.07] R20[0.06] R26[0.05] G1[0.03] A1[0.53] G2[0.31];0.05;0.11;0.04;0.79;0.52;0.00;0.96;0.02;0.2141;0.2201;1
267;267;Agent_1;orders came from the seed rule base (rules as-is);0;0;R7[0.07] R20[0.06] R26[0.05] G1[0.03] A1[0.53] G2[0.31];0.05;0.11;0.04;0.79;0.52;0.00;0.96;0.02;0.2143;0.2213;1
268;268;Agent_1;orders came from the seed rule base (rules as-is);0;0;R7[0.07] R20[0.06] R26[0.05] G1[0.03] A1[0.53] G2[0.31];0.05;0.11;0.04;0.79;0.52;0.00;0.96;0.02;0.2144;0.2194;1
269;269;Agent_1;orders came from the seed rule base (rules as-is);0;0;R7[0.07] R20[0.06] R26[0.05] G1[0.03] A1[0.53] G2[0.31];0.05;0.11;0.04;0.79;0.52;0.00;0.96;0.02;0.2146;0.2195;1
270;270;Agent_1;orders came from the seed rule base (rules as-is);0;0;R7[0.07] R20[0.06] R26[0.05] G1[0.03] A1[0.53] G2[0.31];0.05;0.11;0.04;0.79;0.52;0.00;0.96;0.02;0.2147;0.2200;1
271;271;Agent_1;orders came from the seed rule base (rules as-is);0;0;R7[0.07] R20[0.05] R26[0.05] G1[0.03] A1[0.53] G2[0.31];0.05;0.11;0.04;0.79;0.52;0.00;0.96;0.02;0.2148;0.2195;1
272;272;Agent_1;orders came from the seed rule base (rules as-is);0;0;R7[0.07] R20[0.05] R26[0.05] G1[0.03] A1[0.53] G2[0.31];0.05;0.11;0.04;0.79;0.52;0.00;0.96;0.02;0.2150;0.2223;1
273;273;Agent_1;orders came from the seed rule base (rules as-is);0;0;R7[0.07] R20[0.05] R26[0.05] G1[0.03] A1[0.53] G2[0.31];0.05;0.11;0.04;0.79;0.52;0.00;0.96;0.02;0.2151;0.2201;1
274;274;Agent_1;RL selected stage 1 [evFIS] (deficit bucket: low) → rejected (no improving perturbation found | seed-base decision stands, its orders are applied);1;0;R7[0.07] R20[0.05] R26[0.05] G1[0.03] A1[0.53] G2[0.31];0.05;0.10;0.04;0.79;0.52;0.00;0.96;0.02;0.2176;0.2219;1
275;275;Agent_1;orders came from the seed rule base (rules as-is);0;0;R7[0.07] R20[0.05] R26[0.05] G1[0.03] A1[0.53] G2[0.31];0.05;0.10;0.04;0.79;0.52;0.00;0.96;0.02;0.2182;0.2200;1
276;276;Agent_1;orders came from the seed rule base (rules as-is);0;0;R7[0.07] R20[0.05] R26[0.05] G1[0.03] A1[0.53] G2[0.31];0.00;0.00;0.00;0.00;0.52;0.00;0.96;0.01;0.2324;0.2208;1
277;277;Agent_1;orders came from the seed rule base (rules as-is);0;0;R7[0.07] R20[0.05] R26[0.05] G1[0.03] A1[0.53] G2[0.31];0.00;0.00;0.00;0.00;0.52;0.00;0.96;0.01;0.2325;0.2208;1
278;278;Agent_1;orders came from the seed rule base (rules as-is);0;0;R7[0.07] R20[0.05] R26[0.05] G1[0.03] A1[0.53] G2[0.31];0.00;0.00;0.00;0.00;0.52;0.00;0.96;0.01;0.2325;0.2208;1
279;279;Agent_1;orders came from the seed rule base (rules as-is);0;0;R7[0.07] R20[0.05] R26[0.05] G1[0.03] A1[0.53] G2[0.33];0.00;0.00;0.00;0.00;0.53;0.00;0.95;0.01;0.2338;0.2215;1
280;280;Agent_1;orders came from the seed rule base (rules as-is);0;0;R7[0.07] R20[0.05] R26[0.05] G1[0.03] A1[0.53] G2[0.33];0.00;0.00;0.00;0.00;0.53;0.00;0.95;0.01;0.2338;0.2215;1
281;281;Agent_1;orders came from the seed rule base (rules as-is);0;0;R7[0.07] R20[0.05] R26[0.05] G1[0.03] A1[0.53] G2[0.33];0.00;0.00;0.00;0.00;0.53;0.00;0.95;0.01;0.2348;0.2225;1
282;282;Agent_1;orders came from the seed rule base (rules as-is);0;0;R7[0.07] R20[0.05] R26[0.05] G1[0.03] A1[0.53] G2[0.33];0.00;0.00;0.00;0.00;0.53;0.00;0.95;0.01;0.2348;0.2225;1
283;283;Agent_1;orders came from the seed rule base (rules as-is);0;0;R7[0.07] R20[0.05] R26[0.05] G1[0.03] A1[0.53] G2[0.33];0.00;0.00;0.00;0.00;0.53;0.00;0.95;0.01;0.2348;0.2225;1
284;284;Agent_1;RL selected stage 1 [evFIS] (deficit bucket: low) → rejected (no improving perturbation found | seed-base decision stands, its orders are applied | NO-HARM: no PHYSICAL improvement forecast (phys 0.2209 vs 0.2198), offensive orders withheld; life-safety orders stand);1;0;R7[0.07] R20[0.05] R26[0.05] G1[0.03] A1[0.53] G2[0.32];0.00;0.00;0.00;0.00;0.53;0.00;0.95;0.01;0.2351;0.2225;1
285;285;Agent_1;orders came from the seed rule base (rules as-is);0;0;R7[0.07] R20[0.05] R26[0.05] G1[0.03] A1[0.53] G2[0.32];0.00;0.00;0.00;0.00;0.53;0.00;0.95;0.01;0.2361;0.2232;1
286;286;Agent_1;orders came from the seed rule base (rules as-is);0;0;R7[0.07] R20[0.05] R26[0.05] G1[0.03] A1[0.53] G2[0.32];0.00;0.00;0.00;0.00;0.53;0.00;0.95;0.01;0.2378;0.2245;1
287;287;Agent_1;orders came from the seed rule base (rules as-is);0;0;R7[0.07] R20[0.05] R26[0.05] G1[0.03] A1[0.53] G2[0.32];0.00;0.00;0.00;0.00;0.53;0.00;0.95;0.01;0.2387;0.2251;1
288;288;Agent_1;orders came from the seed rule base (rules as-is);0;0;R7[0.07] R20[0.05] R26[0.05] G1[0.03] A1[0.53] G2[0.32];0.00;0.00;0.00;0.00;0.53;0.00;0.95;0.01;0.2384;0.2255;1
289;289;Agent_1;orders came from the seed rule base (rules as-is);0;0;R7[0.07] R20[0.05] R26[0.05] G1[0.03] A1[0.53] G2[0.32];0.00;0.00;0.00;0.00;0.53;0.00;0.95;0.01;0.2387;0.2264;1
290;290;Agent_1;orders came from the seed rule base (rules as-is);0;0;R7[0.07] R20[0.05] R26[0.05] G1[0.02] A1[0.53] G2[0.32];0.00;0.00;0.00;0.00;0.53;0.00;0.95;0.01;0.2394;0.2267;1
291;291;Agent_1;orders came from the seed rule base (rules as-is);0;0;R7[0.07] R20[0.05] R26[0.05] G1[0.02] A1[0.53] G2[0.32];0.00;0.00;0.00;0.00;0.53;0.00;0.96;0.01;0.2394;0.2274;1
292;292;Agent_1;orders came from the seed rule base (rules as-is);0;0;R7[0.07] R20[0.05] R26[0.04] G1[0.02] A1[0.53] G2[0.32];0.00;0.00;0.00;0.00;0.53;0.00;0.96;0.01;0.2400;0.2280;1
293;293;Agent_1;orders came from the seed rule base (rules as-is);0;0;R7[0.07] R20[0.05] R26[0.04] G1[0.02] A1[0.53] G2[0.32];0.00;0.00;0.00;0.00;0.53;0.00;0.96;0.01;0.2406;0.2283;1
294;294;Agent_1;RL selected stage 1 [evFIS] (deficit bucket: low) → rejected (no improving perturbation found | seed-base decision stands, its orders are applied | NO-HARM: no PHYSICAL improvement forecast (phys 0.2278 vs 0.2268), offensive orders withheld; life-safety orders stand);1;0;R7[0.07] R20[0.05] R26[0.04] G1[0.02] A1[0.53] G2[0.32];0.00;0.00;0.00;0.00;0.53;0.00;0.96;0.01;0.2412;0.2296;1
295;295;Agent_1;orders came from the seed rule base (rules as-is);0;0;R7[0.07] R20[0.05] R26[0.04] G1[0.02] A1[0.53] G2[0.32];0.00;0.00;0.00;0.00;0.53;0.00;0.96;0.01;0.2419;0.2299;1
296;296;Agent_1;orders came from the seed rule base (rules as-is);0;0;R7[0.07] R20[0.05] R26[0.04] G1[0.02] A1[0.53] G2[0.32];0.00;0.00;0.00;0.00;0.53;0.00;0.96;0.01;0.2431;0.2305;1
297;297;Agent_1;orders came from the seed rule base (rules as-is);0;0;R7[0.07] R20[0.05] R26[0.04] G1[0.02] A1[0.53] G2[0.32];0.04;0.09;0.04;0.80;0.53;0.00;0.96;0.01;0.2437;0.2308;1
298;298;Agent_1;orders came from the seed rule base (rules as-is);0;0;R7[0.07] R20[0.05] R26[0.04] G1[0.02] A1[0.53] G2[0.32];0.04;0.09;0.04;0.80;0.53;0.00;0.96;0.01;0.2441;0.2315;1
299;299;Agent_1;orders came from the seed rule base (rules as-is);0;0;R7[0.07] R20[0.05] R26[0.04] G1[0.02] A1[0.53] G2[0.32];0.04;0.09;0.04;0.80;0.53;0.00;0.96;0.01;0.2445;0.2328;1
300;300;Agent_1;orders came from the seed rule base (rules as-is);0;0;R7[0.07] R20[0.05] R26[0.04] G1[0.02] A1[0.53] G2[0.32];0.04;0.09;0.04;0.80;0.53;0.00;0.96;0.01;0.2448;0.2338;1
301;301;Agent_1;orders came from the seed rule base (rules as-is);0;0;R7[0.07] R20[0.05] R26[0.04] G1[0.02] A1[0.53] G2[0.32];0.04;0.09;0.04;0.80;0.53;0.00;0.96;0.01;0.2452;0.2341;1
302;302;Agent_1;orders came from the seed rule base (rules as-is);0;0;R7[0.07] R20[0.05] R26[0.04] G1[0.02] A1[0.53] G2[0.32];0.04;0.09;0.04;0.80;0.53;0.00;0.96;0.01;0.2456;0.2339;1
303;303;Agent_1;orders came from the seed rule base (rules as-is);0;0;R7[0.07] R20[0.05] R26[0.04] G1[0.02] A1[0.53] G2[0.32];0.04;0.09;0.04;0.80;0.53;0.00;0.96;0.01;0.2463;0.2349;1
304;304;Agent_1;RL selected stage 1 [evFIS] (deficit bucket: low) → rejected (no improving perturbation found | seed-base decision stands, its orders are applied);1;0;R7[0.07] R20[0.05] R26[0.04] G1[0.02] A1[0.53] G2[0.32];0.04;0.09;0.04;0.80;0.53;0.00;0.96;0.01;0.2466;0.2347;1
305;305;Agent_1;orders came from the seed rule base (rules as-is);0;0;R7[0.07] R20[0.04] R26[0.04] G1[0.02] A1[0.53] G2[0.32];0.04;0.09;0.04;0.80;0.53;0.00;0.96;0.01;0.2488;0.2365;1
306;306;Agent_1;orders came from the seed rule base (rules as-is);0;0;R7[0.07] R20[0.04] R26[0.04] G1[0.02] A1[0.53] G2[0.32];0.04;0.09;0.04;0.80;0.53;0.00;0.96;0.01;0.2494;0.2371;1
307;307;Agent_1;orders came from the seed rule base (rules as-is);0;0;R7[0.07] R20[0.04] R26[0.04] G1[0.02] A1[0.53] G2[0.32];0.00;0.00;0.00;0.00;0.53;0.00;0.96;0.01;0.2498;0.2375;1
308;308;Agent_1;orders came from the seed rule base (rules as-is);0;0;R7[0.07] R20[0.04] R26[0.04] G1[0.02] A1[0.53] G2[0.31];0.00;0.00;0.00;0.00;0.53;0.00;0.96;0.01;0.2503;0.2384;1
309;309;Agent_1;orders came from the seed rule base (rules as-is);0;0;R7[0.07] R20[0.04] R26[0.04] G1[0.02] A1[0.53] G2[0.31];0.00;0.00;0.00;0.00;0.53;0.00;0.96;0.01;0.2509;0.2384;1
310;310;Agent_1;orders came from the seed rule base (rules as-is);0;0;R7[0.07] R20[0.04] R26[0.04] G1[0.02] A1[0.53] G2[0.31];0.00;0.00;0.00;0.00;0.53;0.00;0.96;0.01;0.2512;0.2389;1
311;311;Agent_1;orders came from the seed rule base (rules as-is);0;0;R7[0.07] R20[0.04] R26[0.04] G1[0.02] A1[0.53] G2[0.31];0.00;0.00;0.00;0.00;0.53;0.00;0.96;0.01;0.2534;0.2398;1
312;312;Agent_1;orders came from the seed rule base (rules as-is);0;0;R7[0.07] R20[0.04] R26[0.04] G1[0.02] A1[0.53] G2[0.31];0.00;0.00;0.00;0.00;0.53;0.00;0.96;0.01;0.2543;0.2403;1
313;313;Agent_1;orders came from the seed rule base (rules as-is);0;0;R7[0.07] R20[0.04] R26[0.04] G1[0.02] A1[0.53] G2[0.32];0.00;0.00;0.00;0.00;0.53;0.00;0.96;0.01;0.2556;0.2406;1
314;314;Agent_1;RL selected stage 1 [evFIS] (deficit bucket: low) → rejected (no improving perturbation found | seed-base decision stands, its orders are applied | NO-HARM: no PHYSICAL improvement forecast (phys 0.2479 vs 0.2412), offensive orders withheld; life-safety orders stand);1;0;R7[0.07] R20[0.04] R26[0.04] G1[0.02] A1[0.53] G2[0.32];0.00;0.00;0.00;0.00;0.53;0.00;0.96;0.01;0.2570;0.2415;1
315;315;Agent_1;orders came from the seed rule base (rules as-is);0;0;R7[0.07] R20[0.04] R26[0.04] G1[0.02] A1[0.53] G2[0.32];0.00;0.00;0.00;0.00;0.53;0.00;0.96;0.01;0.2580;0.2417;1
316;316;Agent_1;orders came from the seed rule base (rules as-is);0;0;R7[0.07] R20[0.04] R26[0.04] G1[0.02] A1[0.53] G2[0.32];0.00;0.00;0.00;0.00;0.53;0.00;0.96;0.01;0.2593;0.2423;1
317;317;Agent_1;orders came from the seed rule base (rules as-is);0;0;R7[0.07] R20[0.04] R26[0.04] G1[0.02] A1[0.53] G2[0.32];0.00;0.00;0.00;0.00;0.53;0.00;0.96;0.01;0.2609;0.2431;1
318;318;Agent_1;orders came from the seed rule base (rules as-is);0;0;R7[0.07] R20[0.04] R26[0.04] G1[0.02] A1[0.53] G2[0.32];0.00;0.00;0.00;0.00;0.53;0.00;0.96;0.01;0.2614;0.2436;1
319;319;Agent_1;orders came from the seed rule base (rules as-is);0;0;R7[0.07] R20[0.04] R26[0.04] G1[0.02] A1[0.53] G2[0.33];0.00;0.00;0.00;0.00;0.53;0.00;0.96;0.01;0.2609;0.2447;1
320;320;Agent_1;orders came from the seed rule base (rules as-is);0;0;R7[0.07] R20[0.04] R26[0.04] G1[0.02] A1[0.53] G2[0.33];0.00;0.00;0.00;0.00;0.54;0.00;0.96;0.01;0.2621;0.2458;1
321;321;Agent_1;orders came from the seed rule base (rules as-is);0;0;R7[0.07] R20[0.04] R26[0.04] G1[0.02] A1[0.53] G2[0.33];0.00;0.00;0.00;0.00;0.54;0.00;0.96;0.01;0.2631;0.2471;1
322;322;Agent_1;orders came from the seed rule base (rules as-is);0;0;R7[0.07] R20[0.04] R26[0.04] G1[0.02] A1[0.53] G2[0.33];0.00;0.00;0.00;0.00;0.53;0.00;0.96;0.01;0.2593;0.2476;1
323;323;Agent_1;orders came from the seed rule base (rules as-is);0;0;R7[0.07] R20[0.04] R26[0.04] G1[0.02] A1[0.53] G2[0.33];0.00;0.00;0.00;0.00;0.54;0.00;0.96;0.01;0.2599;0.2484;1
324;324;Agent_1;RL selected stage 1 [evFIS] (deficit bucket: low) → rejected (no improving perturbation found | seed-base decision stands, its orders are applied | NO-HARM: no PHYSICAL improvement forecast (phys 0.2597 vs 0.2546), offensive orders withheld; life-safety orders stand);1;0;R7[0.07] R20[0.04] R26[0.04] G1[0.02] A1[0.53] G2[0.33];0.00;0.00;0.00;0.00;0.54;0.00;0.96;0.01;0.2616;0.2499;1
325;325;Agent_1;orders came from the seed rule base (rules as-is);0;0;R7[0.07] R20[0.04] R26[0.04] G1[0.02] A1[0.53] G2[0.33];0.00;0.00;0.00;0.00;0.54;0.00;0.96;0.01;0.2619;0.2506;1
326;326;Agent_1;orders came from the seed rule base (rules as-is);0;0;R7[0.07] R20[0.04] R26[0.04] G1[0.02] A1[0.53] G2[0.33];0.00;0.00;0.00;0.00;0.54;0.00;0.96;0.01;0.2631;0.2513;1
327;327;Agent_1;orders came from the seed rule base (rules as-is);0;0;R7[0.07] R20[0.04] R26[0.04] G1[0.02] A1[0.53] G2[0.33];0.04;0.07;0.04;0.81;0.54;0.00;0.96;0.01;0.2648;0.2528;1
328;328;Agent_1;orders came from the seed rule base (rules as-is);0;0;R7[0.07] R20[0.04] R26[0.04] G1[0.02] A1[0.53] G2[0.34];0.04;0.07;0.04;0.81;0.54;0.00;0.96;0.01;0.2656;0.2536;1
329;329;Agent_1;orders came from the seed rule base (rules as-is);0;0;R7[0.07] R20[0.04] R26[0.03] G1[0.02] A1[0.53] G2[0.34];0.03;0.07;0.04;0.81;0.54;0.00;0.96;0.01;0.2666;0.2546;1
330;330;Agent_1;orders came from the seed rule base (rules as-is);0;0;R7[0.07] R20[0.04] R26[0.03] G1[0.02] A1[0.53] G2[0.34];0.03;0.07;0.04;0.81;0.54;0.00;0.96;0.01;0.2690;0.2572;1
331;331;Agent_1;orders came from the seed rule base (rules as-is);0;0;R7[0.07] R20[0.04] R26[0.03] G1[0.02] A1[0.53] G2[0.34];0.03;0.07;0.04;0.81;0.54;0.00;0.96;0.01;0.2704;0.2589;1
332;332;Agent_1;orders came from the seed rule base (rules as-is);0;0;R7[0.07] R20[0.04] R26[0.03] G1[0.02] A1[0.53] G2[0.34];0.03;0.07;0.04;0.81;0.54;0.00;0.96;0.01;0.2714;0.2598;1
333;333;Agent_1;orders came from the seed rule base (rules as-is);0;0;R7[0.07] R20[0.04] R26[0.03] G1[0.02] A1[0.53] G2[0.34];0.03;0.07;0.04;0.81;0.54;0.00;0.96;0.01;0.2719;0.2606;1
334;334;Agent_1;RL selected stage 1 [evFIS] (deficit bucket: low) → rejected (no improving perturbation found | seed-base decision stands, its orders are applied);1;0;R7[0.07] R20[0.04] R26[0.03] G1[0.02] A1[0.53] G2[0.34];0.03;0.07;0.04;0.82;0.54;0.00;0.96;0.01;0.2726;0.2613;1
335;335;Agent_1;orders came from the seed rule base (rules as-is);0;0;R7[0.07] R20[0.04] R26[0.03] G1[0.02] A1[0.53] G2[0.34];0.03;0.07;0.04;0.82;0.54;0.00;0.96;0.01;0.2732;0.2620;1
336;336;Agent_1;orders came from the seed rule base (rules as-is);0;0;R7[0.07] R20[0.04] R26[0.03] G1[0.02] A1[0.53] G2[0.34];0.03;0.07;0.04;0.82;0.55;0.00;0.96;0.01;0.2749;0.2633;1
337;337;Agent_1;orders came from the seed rule base (rules as-is);0;0;R7[0.07] R20[0.04] R26[0.03] G1[0.02] A1[0.53] G2[0.35];0.03;0.07;0.04;0.82;0.55;0.00;0.95;0.01;0.2758;0.2646;1
338;338;Agent_1;orders came from the seed rule base (rules as-is);0;0;R7[0.07] R20[0.04] R26[0.03] G1[0.02] A1[0.53] G2[0.35];0.03;0.07;0.04;0.82;0.55;0.00;0.95;0.01;0.2767;0.2659;1
339;339;Agent_1;orders came from the seed rule base (rules as-is);0;0;R7[0.07] R20[0.04] R26[0.03] G1[0.02] A1[0.53] G2[0.35];0.03;0.07;0.04;0.82;0.55;0.00;0.95;0.01;0.2780;0.2670;1
340;340;Agent_1;orders came from the seed rule base (rules as-is);0;0;R7[0.07] R20[0.04] R26[0.03] G1[0.02] A1[0.53] G2[0.35];0.03;0.07;0.04;0.82;0.55;0.00;0.95;0.01;0.2787;0.2681;1
341;341;Agent_1;orders came from the seed rule base (rules as-is);0;0;R7[0.07] R20[0.04] R26[0.03] G1[0.02] A1[0.53] G2[0.35];0.03;0.07;0.04;0.82;0.55;0.00;0.95;0.01;0.2798;0.2691;1
342;342;Agent_1;orders came from the seed rule base (rules as-is);0;0;R7[0.07] R20[0.04] R26[0.03] G1[0.02] A1[0.53] G2[0.36];0.03;0.07;0.04;0.83;0.55;0.00;0.95;0.01;0.2808;0.2703;1
343;343;Agent_1;orders came from the seed rule base (rules as-is);0;0;R7[0.07] R20[0.04] R26[0.03] G1[0.02] A1[0.53] G2[0.36];0.03;0.07;0.04;0.83;0.56;0.00;0.95;0.01;0.2815;0.2710;1
344;344;Agent_1;RL selected stage 1 [evFIS] (deficit bucket: low) → rejected (no improving perturbation found | seed-base decision stands, its orders are applied);1;0;R7[0.07] R20[0.04] R26[0.03] G1[0.02] A1[0.53] G2[0.36];0.03;0.07;0.04;0.83;0.56;0.00;0.95;0.01;0.2823;0.2721;1
345;345;Agent_1;orders came from the seed rule base (rules as-is);0;0;R7[0.07] R20[0.04] R26[0.03] G1[0.02] A1[0.53] G2[0.36];0.03;0.07;0.04;0.83;0.56;0.00;0.95;0.01;0.2837;0.2731;1
346;346;Agent_1;orders came from the seed rule base (rules as-is);0;0;R7[0.07] R20[0.04] R26[0.03] G1[0.02] A1[0.53] G2[0.37];0.03;0.07;0.04;0.83;0.56;0.00;0.95;0.01;0.2845;0.2743;1
347;347;Agent_1;orders came from the seed rule base (rules as-is);0;0;R7[0.07] R20[0.04] R26[0.03] G1[0.02] A1[0.53] G2[0.36];0.03;0.07;0.04;0.83;0.56;0.00;0.95;0.01;0.2853;0.2752;1
348;348;Agent_1;orders came from the seed rule base (rules as-is);0;0;R7[0.07] R20[0.04] R26[0.03] G1[0.02] A1[0.53] G2[0.37];0.03;0.07;0.04;0.83;0.56;0.00;0.95;0.01;0.2863;0.2741;1
349;349;Agent_1;orders came from the seed rule base (rules as-is);0;0;R7[0.07] R20[0.04] R26[0.03] G1[0.02] A1[0.53] G2[0.37];0.03;0.07;0.04;0.84;0.56;0.00;0.95;0.01;0.2874;0.2759;1
350;350;Agent_1;orders came from the seed rule base (rules as-is);0;0;R7[0.07] R20[0.04] R26[0.03] G1[0.02] A1[0.53] G2[0.37];0.03;0.07;0.04;0.84;0.56;0.00;0.95;0.01;0.2885;0.2768;1
351;351;Agent_1;orders came from the seed rule base (rules as-is);0;0;R7[0.07] R20[0.04] R26[0.03] G1[0.02] A1[0.53] G2[0.37];0.03;0.07;0.04;0.84;0.56;0.00;0.95;0.01;0.2903;0.2781;1
352;352;Agent_1;orders came from the seed rule base (rules as-is);0;0;R7[0.07] R20[0.04] R26[0.03] G1[0.02] A1[0.53] G2[0.38];0.03;0.07;0.04;0.84;0.57;0.00;0.95;0.01;0.2917;0.2793;1
353;353;Agent_1;orders came from the seed rule base (rules as-is);0;0;R7[0.07] R20[0.04] R26[0.03] G1[0.02] A1[0.53] G2[0.38];0.03;0.06;0.04;0.85;0.57;0.00;0.95;0.01;0.2924;0.2797;1
354;354;Agent_1;RL selected stage 1 [evFIS] (deficit bucket: low) → rejected (no improving perturbation found | seed-base decision stands, its orders are applied);1;0;R7[0.07] R20[0.04] R26[0.03] G1[0.02] A1[0.53] G2[0.38];0.03;0.06;0.04;0.85;0.57;0.00;0.95;0.01;0.2936;0.2812;1
355;355;Agent_1;orders came from the seed rule base (rules as-is);0;0;R7[0.07] R20[0.03] R26[0.03] G1[0.02] A1[0.53] G2[0.39];0.03;0.06;0.04;0.85;0.57;0.00;0.95;0.01;0.2943;0.2821;1
356;356;Agent_1;orders came from the seed rule base (rules as-is);0;0;R7[0.07] R20[0.03] R26[0.03] G1[0.02] A1[0.53] G2[0.39];0.03;0.06;0.04;0.85;0.58;0.00;0.95;0.01;0.2953;0.2832;1
357;357;Agent_1;orders came from the seed rule base (rules as-is);0;0;R7[0.07] R20[0.03] R26[0.03] G1[0.02] A1[0.53] G2[0.39];0.00;0.00;0.00;0.00;0.58;0.00;0.95;0.01;0.2967;0.2843;1
358;358;Agent_1;orders came from the seed rule base (rules as-is);0;0;R7[0.07] R20[0.03] R26[0.03] G1[0.02] A1[0.53] G2[0.40];0.00;0.00;0.00;0.00;0.58;0.00;0.95;0.01;0.2976;0.2848;1
359;359;Agent_1;orders came from the seed rule base (rules as-is);0;0;R7[0.07] R20[0.03] R26[0.03] G1[0.02] A1[0.53] G2[0.40];0.00;0.00;0.00;0.00;0.58;0.00;0.95;0.01;0.2987;0.2859;1
360;360;Agent_1;orders came from the seed rule base (rules as-is);0;0;R7[0.07] R20[0.03] R26[0.03] G1[0.02] A1[0.53] G2[0.41];0.00;0.00;0.00;0.00;0.58;0.00;0.95;0.01;0.2994;0.2866;1
361;361;Agent_1;orders came from the seed rule base (rules as-is);0;0;R7[0.07] R20[0.03] R26[0.03] G1[0.02] A1[0.53] G2[0.41];0.00;0.00;0.00;0.00;0.59;0.00;0.95;0.01;0.3004;0.2875;1
362;362;Agent_1;orders came from the seed rule base (rules as-is);0;0;R7[0.07] R20[0.03] R26[0.03] G1[0.02] A1[0.53] G2[0.42];0.00;0.00;0.00;0.00;0.59;0.00;0.95;0.01;0.3018;0.2882;1
363;363;Agent_1;orders came from the seed rule base (rules as-is);0;0;R7[0.07] R20[0.03] R26[0.03] G1[0.01] A1[0.53] G2[0.43];0.00;0.00;0.00;0.00;0.60;0.00;0.95;0.01;0.3028;0.2894;1
364;364;Agent_1;RL selected stage 1 [evFIS] (deficit bucket: low) → rejected (no improving perturbation found | seed-base decision stands, its orders are applied | NO-HARM: no PHYSICAL improvement forecast (phys 0.2961 vs 0.2938), offensive orders withheld; life-safety orders stand);1;0;R7[0.07] R20[0.03] R26[0.03] G1[0.01] A1[0.53] G2[0.43];0.00;0.00;0.00;0.00;0.60;0.00;0.95;0.01;0.3040;0.2899;1
0;0;Agent_1;RL selected stage 1 [evFIS] (deficit bucket: low) → rejected (no improving perturbation found | seed-base decision stands, its orders are applied);1;0;R7[0.07] R20[0.19] G1[0.54] A1[0.53];0.00;0.39;0.04;0.83;0.33;0.00;0.87;0.00;0.1795;0.1718;1
0;0;Agent_1;RL selected stage 1 [evFIS] (deficit bucket: low) → rejected (no improving perturbation found | seed-base decision stands, its orders are applied);1;0;R7[0.07] R20[0.19] G1[0.54] A1[0.53] G2[0.24];0.00;0.39;0.04;0.83;0.48;0.00;0.83;0.00;0.1795;0.1718;1
1;1;Agent_1;orders came from the seed rule base (rules as-is);0;0;R7[0.07] R20[0.17] G1[0.49] A1[0.49];0.00;0.35;0.04;0.83;0.31;0.00;0.86;0.00;0.1860;0.1775;1
1;1;Agent_1;orders came from the seed rule base (rules as-is);0;0;R7[0.07] R20[0.17] G1[0.49] A1[0.49] G2[0.22];0.00;0.35;0.04;0.83;0.44;0.00;0.83;0.00;0.1860;0.1775;1
2;2;Agent_1;orders came from the seed rule base (rules as-is);0;0;R7[0.07] R20[0.16] G1[0.47] A1[0.53];0.00;0.34;0.04;0.83;0.33;0.00;0.89;0.12;0.1916;0.1837;1
2;2;Agent_1;orders came from the seed rule base (rules as-is);0;0;R7[0.07] R20[0.16] G1[0.47] A1[0.53] G2[0.27];0.00;0.34;0.04;0.84;0.50;0.00;0.86;0.12;0.1916;0.1837;1
3;3;Agent_1;orders came from the seed rule base (rules as-is);0;0;R7[0.07] R20[0.17] R26[0.04] G1[0.40] A1[0.53];0.04;0.36;0.04;0.83;0.33;0.00;0.86;0.12;0.1808;0.1885;1
3;3;Agent_1;orders came from the seed rule base (rules as-is);0;0;R7[0.07] R20[0.17] R26[0.04] G1[0.40] A1[0.53] G2[0.30];0.04;0.36;0.04;0.84;0.52;0.00;0.91;0.12;0.1808;0.1885;1
4;4;Agent_1;orders came from the seed rule base (rules as-is);0;0;R7[0.07] R20[0.18] R26[0.08] G1[0.34] A1[0.53];0.08;0.37;0.04;0.78;0.33;0.00;0.88;0.12;0.1757;0.1963;1
4;4;Agent_1;orders came from the seed rule base (rules as-is);0;0;R7[0.07] R20[0.18] R26[0.08] G1[0.34] A1[0.53] G2[0.31];0.08;0.37;0.04;0.84;0.52;0.00;0.91;0.12;0.1756;0.1963;1
5;5;Agent_1;orders came from the seed rule base (rules as-is);0;0;R7[0.07] R20[0.19] R26[0.11] G1[0.29] A1[0.53];0.11;0.39;0.04;0.74;0.33;0.00;0.89;0.12;0.1784;0.2004;1
5;5;Agent_1;orders came from the seed rule base (rules as-is);0;0;R7[0.07] R20[0.19] R26[0.11] G1[0.29] A1[0.53] G2[0.31];0.11;0.39;0.04;0.84;0.52;0.00;0.91;0.12;0.1782;0.2004;1
6;6;Agent_1;orders came from the seed rule base (rules as-is);0;0;R7[0.07] R20[0.20] R26[0.13] G1[0.25] A1[0.53];0.13;0.39;0.04;0.71;0.33;0.00;0.88;0.12;0.1784;0.2013;1
6;6;Agent_1;orders came from the seed rule base (rules as-is);0;0;R7[0.07] R20[0.20] R26[0.13] G1[0.25] A1[0.53] G2[0.31];0.13;0.39;0.04;0.84;0.52;0.00;0.91;0.12;0.1781;0.2013;1
7;7;Agent_1;orders came from the seed rule base (rules as-is);0;0;R7[0.07] R20[0.20] R26[0.14] G1[0.23] A1[0.53];0.14;0.40;0.04;0.69;0.33;0.00;0.88;0.12;0.1415;0.2037;1
7;7;Agent_1;orders came from the seed rule base (rules as-is);0;0;R7[0.07] R20[0.20] R26[0.14] G1[0.23] A1[0.53] G2[0.31];0.14;0.40;0.04;0.84;0.52;0.00;0.91;0.12;0.1411;0.2038;1
8;8;Agent_1;orders came from the seed rule base (rules as-is);0;0;R7[0.07] R20[0.20] R26[0.16] G1[0.20] A1[0.53];0.16;0.41;0.04;0.67;0.33;0.00;0.87;0.12;0.1220;0.2080;1
8;8;Agent_1;orders came from the seed rule base (rules as-is);0;0;R7[0.07] R20[0.20] R26[0.16] G1[0.20] A1[0.53] G2[0.31];0.16;0.41;0.04;0.85;0.52;0.00;0.91;0.12;0.1216;0.2081;1
9;9;Agent_1;orders came from the seed rule base (rules as-is);0;0;R7[0.07] R20[0.21] R26[0.17] G1[0.18] A1[0.53];0.17;0.41;0.04;0.66;0.33;0.00;0.87;0.12;0.1246;0.2086;1
9;9;Agent_1;orders came from the seed rule base (rules as-is);0;0;R7[0.07] R20[0.21] R26[0.17] G1[0.18] A1[0.53] G2[0.31];0.17;0.41;0.04;0.85;0.52;0.00;0.92;0.12;0.1241;0.2087;1
10;10;Agent_1;orders came from the seed rule base (rules as-is);0;0;R7[0.07] R20[0.21] R26[0.17] G1[0.17] A1[0.53];0.17;0.41;0.04;0.64;0.33;0.00;0.87;0.12;0.1270;0.2106;1
10;10;Agent_1;orders came from the seed rule base (rules as-is);0;0;R7[0.07] R20[0.21] R26[0.17] G1[0.17] A1[0.53] G2[0.31];0.17;0.41;0.04;0.85;0.52;0.00;0.92;0.12;0.1265;0.2107;1
11;11;Agent_1;orders came from the seed rule base (rules as-is);0;0;R7[0.07] R20[0.21] R26[0.18] G1[0.16] A1[0.53];0.18;0.41;0.04;0.64;0.33;0.00;0.87;0.11;0.1628;0.2104;1
11;11;Agent_1;orders came from the seed rule base (rules as-is);0;0;R7[0.07] R20[0.21] R26[0.18] G1[0.16] A1[0.53] G2[0.31];0.18;0.41;0.04;0.85;0.52;0.00;0.92;0.11;0.1623;0.2105;1
12;12;Agent_1;orders came from the seed rule base (rules as-is);0;0;R7[0.07] R20[0.21] R26[0.18] G1[0.15] A1[0.53];0.18;0.42;0.04;0.63;0.33;0.00;0.86;0.11;0.1268;0.2121;1
12;12;Agent_1;orders came from the seed rule base (rules as-is);0;0;R7[0.07] R20[0.21] R26[0.18] G1[0.15] A1[0.53] G2[0.31];0.18;0.42;0.04;0.85;0.52;0.00;0.92;0.11;0.1263;0.2122;1
13;13;Agent_1;orders came from the seed rule base (rules as-is);0;0;R7[0.07] R20[0.21] R26[0.19] G1[0.14] A1[0.53];0.19;0.42;0.04;0.62;0.33;0.00;0.86;0.11;0.1359;0.2124;1
13;13;Agent_1;orders came from the seed rule base (rules as-is);0;0;R7[0.07] R20[0.21] R26[0.19] G1[0.14] A1[0.53] G2[0.31];0.19;0.42;0.04;0.85;0.52;0.00;0.92;0.11;0.1353;0.2125;1
14;14;Agent_1;orders came from the seed rule base (rules as-is);0;0;R7[0.07] R20[0.21] R26[0.19] G1[0.13] A1[0.53];0.19;0.42;0.04;0.62;0.33;0.00;0.86;0.11;0.1383;0.2138;1
14;14;Agent_1;orders came from the seed rule base (rules as-is);0;0;R7[0.07] R20[0.21] R26[0.19] G1[0.13] A1[0.53] G2[0.31];0.19;0.42;0.04;0.85;0.52;0.00;0.92;0.11;0.1377;0.2139;1
15;15;Agent_1;orders came from the seed rule base (rules as-is);0;0;R7[0.07] R20[0.21] R26[0.19] G1[0.13] A1[0.53];0.19;0.42;0.04;0.61;0.33;0.00;0.86;0.11;0.1462;0.2152;1
15;15;Agent_1;orders came from the seed rule base (rules as-is);0;0;R7[0.07] R20[0.21] R26[0.19] G1[0.13] A1[0.53] G2[0.31];0.19;0.42;0.04;0.85;0.52;0.00;0.92;0.11;0.1457;0.2153;1
16;16;Agent_1;orders came from the seed rule base (rules as-is);0;0;R7[0.07] R20[0.21] R26[0.19] G1[0.13] A1[0.53];0.19;0.41;0.04;0.61;0.33;0.00;0.86;0.11;0.1454;0.2173;1
16;16;Agent_1;orders came from the seed rule base (rules as-is);0;0;R7[0.07] R20[0.21] R26[0.19] G1[0.13] A1[0.53] G2[0.31];0.19;0.41;0.04;0.85;0.52;0.00;0.92;0.11;0.1449;0.2174;1
17;17;Agent_1;orders came from the seed rule base (rules as-is);0;0;R7[0.07] R20[0.21] R26[0.19] G1[0.12] A1[0.53];0.19;0.41;0.04;0.61;0.33;0.00;0.86;0.11;0.1516;0.2161;1
17;17;Agent_1;orders came from the seed rule base (rules as-is);0;0;R7[0.07] R20[0.21] R26[0.19] G1[0.12] A1[0.53] G2[0.31];0.19;0.41;0.04;0.85;0.52;0.00;0.92;0.11;0.1511;0.2163;1
18;18;Agent_1;orders came from the seed rule base (rules as-is);0;0;R7[0.07] R20[0.21] R26[0.20] G1[0.12] A1[0.53];0.20;0.41;0.04;0.60;0.33;0.00;0.86;0.11;0.1650;0.2159;1
18;18;Agent_1;orders came from the seed rule base (rules as-is);0;0;R7[0.07] R20[0.21] R26[0.20] G1[0.12] A1[0.53] G2[0.31];0.20;0.41;0.04;0.85;0.52;0.00;0.92;0.11;0.1645;0.2161;1
19;19;Agent_1;orders came from the seed rule base (rules as-is);0;0;R7[0.07] R20[0.21] R26[0.20] G1[0.12] A1[0.53];0.20;0.41;0.04;0.60;0.33;0.00;0.86;0.11;0.1678;0.2145;1
19;19;Agent_1;orders came from the seed rule base (rules as-is);0;0;R7[0.07] R20[0.21] R26[0.20] G1[0.12] A1[0.53] G2[0.31];0.20;0.41;0.04;0.85;0.52;0.00;0.92;0.11;0.1673;0.2147;1
20;20;Agent_1;orders came from the seed rule base (rules as-is);0;0;R7[0.07] R20[0.21] R26[0.20] G1[0.12] A1[0.53];0.20;0.41;0.04;0.60;0.33;0.00;0.86;0.11;0.1354;0.2171;1
20;20;Agent_1;orders came from the seed rule base (rules as-is);0;0;R7[0.07] R20[0.21] R26[0.20] G1[0.12] A1[0.53] G2[0.31];0.20;0.41;0.04;0.85;0.52;0.00;0.92;0.11;0.1349;0.2173;1
21;21;Agent_1;orders came from the seed rule base (rules as-is);0;0;R7[0.07] R20[0.21] R26[0.20] G1[0.11] A1[0.53];0.20;0.41;0.04;0.60;0.33;0.00;0.86;0.11;0.1388;0.2162;1
21;21;Agent_1;orders came from the seed rule base (rules as-is);0;0;R7[0.07] R20[0.21] R26[0.20] G1[0.11] A1[0.53] G2[0.31];0.20;0.41;0.04;0.85;0.52;0.00;0.92;0.11;0.1383;0.2164;1
22;22;Agent_1;orders came from the seed rule base (rules as-is);0;0;R7[0.07] R20[0.21] R26[0.20] G1[0.11] A1[0.53];0.20;0.41;0.04;0.60;0.33;0.00;0.86;0.11;0.1426;0.2173;1
22;22;Agent_1;orders came from the seed rule base (rules as-is);0;0;R7[0.07] R20[0.21] R26[0.20] G1[0.11] A1[0.53] G2[0.31];0.20;0.41;0.04;0.85;0.52;0.00;0.92;0.11;0.1421;0.2175;1
23;23;Agent_1;orders came from the seed rule base (rules as-is);0;0;R7[0.07] R20[0.21] R26[0.20] G1[0.11] A1[0.53];0.20;0.41;0.04;0.60;0.33;0.00;0.86;0.10;0.1526;0.2181;1
23;23;Agent_1;orders came from the seed rule base (rules as-is);0;0;R7[0.07] R20[0.21] R26[0.20] G1[0.11] A1[0.53] G2[0.31];0.20;0.41;0.04;0.85;0.52;0.00;0.92;0.10;0.1521;0.2184;1
24;24;Agent_1;orders came from the seed rule base (rules as-is);0;0;R7[0.07] R20[0.21] R26[0.19] G1[0.11] A1[0.53];0.19;0.41;0.04;0.60;0.33;0.00;0.86;0.10;0.1708;0.2162;1
24;24;Agent_1;orders came from the seed rule base (rules as-is);0;0;R7[0.07] R20[0.21] R26[0.19] G1[0.11] A1[0.53] G2[0.31];0.19;0.41;0.04;0.85;0.52;0.00;0.92;0.10;0.1704;0.2165;1
25;25;Agent_1;orders came from the seed rule base (rules as-is);0;0;R7[0.07] R20[0.21] R26[0.19] G1[0.11] A1[0.53];0.19;0.40;0.04;0.60;0.33;0.00;0.86;0.10;0.1756;0.2175;1
25;25;Agent_1;orders came from the seed rule base (rules as-is);0;0;R7[0.07] R20[0.21] R26[0.19] G1[0.11] A1[0.53] G2[0.31];0.19;0.40;0.04;0.85;0.52;0.00;0.92;0.10;0.1752;0.2179;1
26;26;Agent_1;orders came from the seed rule base (rules as-is);0;0;R7[0.07] R20[0.21] R26[0.19] G1[0.11] A1[0.53];0.19;0.40;0.04;0.60;0.33;0.00;0.86;0.10;0.1353;0.2176;1
26;26;Agent_1;orders came from the seed rule base (rules as-is);0;0;R7[0.07] R20[0.21] R26[0.19] G1[0.11] A1[0.53] G2[0.31];0.19;0.40;0.04;0.85;0.52;0.00;0.92;0.10;0.1349;0.2180;1
27;27;Agent_1;orders came from the seed rule base (rules as-is);0;0;R7[0.07] R20[0.21] R26[0.19] G1[0.11] A1[0.53];0.19;0.40;0.04;0.60;0.33;0.00;0.86;0.10;0.1387;0.2167;1
27;27;Agent_1;orders came from the seed rule base (rules as-is);0;0;R7[0.07] R20[0.21] R26[0.19] G1[0.11] A1[0.53] G2[0.31];0.19;0.40;0.04;0.85;0.52;0.00;0.92;0.10;0.1383;0.2171;1
28;28;Agent_1;orders came from the seed rule base (rules as-is);0;0;R7[0.07] R20[0.21] R26[0.19] G1[0.11] A1[0.53];0.19;0.40;0.04;0.59;0.33;0.00;0.86;0.10;0.1409;0.2173;1
28;28;Agent_1;orders came from the seed rule base (rules as-is);0;0;R7[0.07] R20[0.21] R26[0.19] G1[0.11] A1[0.53] G2[0.31];0.19;0.40;0.04;0.85;0.52;0.00;0.92;0.10;0.1405;0.2177;1
29;29;Agent_1;orders came from the seed rule base (rules as-is);0;0;R7[0.07] R20[0.20] R26[0.19] G1[0.11] A1[0.53];0.19;0.40;0.04;0.59;0.33;0.00;0.86;0.10;0.1384;0.2167;1
29;29;Agent_1;orders came from the seed rule base (rules as-is);0;0;R7[0.07] R20[0.20] R26[0.19] G1[0.11] A1[0.53] G2[0.31];0.19;0.40;0.04;0.85;0.52;0.00;0.92;0.10;0.1380;0.2171;1
30;30;Agent_1;orders came from the seed rule base (rules as-is);0;0;R7[0.07] R20[0.20] R26[0.19] G1[0.11] A1[0.53];0.19;0.40;0.04;0.59;0.33;0.00;0.86;0.10;0.1781;0.2162;1
30;30;Agent_1;orders came from the seed rule base (rules as-is);0;0;R7[0.07] R20[0.20] R26[0.19] G1[0.11] A1[0.53] G2[0.31];0.19;0.40;0.04;0.85;0.52;0.00;0.92;0.10;0.1777;0.2167;1
31;31;Agent_1;orders came from the seed rule base (rules as-is);0;0;R7[0.07] R20[0.20] R26[0.19] G1[0.11] A1[0.53];0.19;0.40;0.04;0.59;0.33;0.00;0.86;0.10;0.1775;0.2274;1
31;31;Agent_1;orders came from the seed rule base (rules as-is);0;0;R7[0.07] R20[0.20] R26[0.19] G1[0.11] A1[0.53] G2[0.31];0.19;0.40;0.04;0.85;0.52;0.00;0.92;0.10;0.1771;0.2279;1
32;32;Agent_1;orders came from the seed rule base (rules as-is);0;0;R7[0.07] R20[0.20] R26[0.19] G1[0.10] A1[0.53];0.19;0.39;0.04;0.59;0.33;0.00;0.86;0.10;0.1813;0.2144;1
32;32;Agent_1;orders came from the seed rule base (rules as-is);0;0;R7[0.07] R20[0.20] R26[0.19] G1[0.10] A1[0.53] G2[0.31];0.19;0.39;0.04;0.85;0.52;0.00;0.92;0.10;0.1810;0.2148;1
33;33;Agent_1;orders came from the seed rule base (rules as-is);0;0;R7[0.07] R20[0.20] R26[0.19] G1[0.10] A1[0.53];0.19;0.39;0.04;0.59;0.33;0.00;0.86;0.10;0.1782;0.2245;1
33;33;Agent_1;orders came from the seed rule base (rules as-is);0;0;R7[0.07] R20[0.20] R26[0.19] G1[0.10] A1[0.53] G2[0.31];0.19;0.39;0.04;0.85;0.52;0.00;0.92;0.10;0.1779;0.2250;1
34;34;Agent_1;orders came from the seed rule base (rules as-is);0;0;R7[0.07] R20[0.20] R26[0.19] G1[0.10] A1[0.53];0.19;0.39;0.04;0.59;0.33;0.00;0.86;0.10;0.1519;0.2250;1
34;34;Agent_1;orders came from the seed rule base (rules as-is);0;0;R7[0.07] R20[0.20] R26[0.19] G1[0.10] A1[0.53] G2[0.31];0.19;0.39;0.04;0.85;0.52;0.00;0.92;0.10;0.1516;0.2255;1
35;35;Agent_1;orders came from the seed rule base (rules as-is);0;0;R7[0.07] R20[0.20] R26[0.19] G1[0.10] A1[0.53];0.19;0.39;0.04;0.59;0.33;0.00;0.86;0.10;0.1540;0.2251;1
35;35;Agent_1;orders came from the seed rule base (rules as-is);0;0;R7[0.07] R20[0.20] R26[0.19] G1[0.10] A1[0.53] G2[0.31];0.19;0.39;0.04;0.85;0.52;0.00;0.92;0.10;0.1537;0.2256;1
36;36;Agent_1;orders came from the seed rule base (rules as-is);0;0;R7[0.07] R20[0.20] R26[0.19] G1[0.10] A1[0.53];0.19;0.39;0.04;0.59;0.33;0.00;0.86;0.09;0.1556;0.2250;1
36;36;Agent_1;orders came from the seed rule base (rules as-is);0;0;R7[0.07] R20[0.20] R26[0.19] G1[0.10] A1[0.53] G2[0.31];0.19;0.39;0.04;0.85;0.52;0.00;0.92;0.09;0.1553;0.2255;1
37;37;Agent_1;orders came from the seed rule base (rules as-is);0;0;R7[0.07] R20[0.20] R26[0.19] G1[0.10] A1[0.53];0.19;0.39;0.04;0.59;0.33;0.00;0.86;0.09;0.1518;0.2258;1
37;37;Agent_1;orders came from the seed rule base (rules as-is);0;0;R7[0.07] R20[0.20] R26[0.19] G1[0.10] A1[0.53] G2[0.31];0.19;0.39;0.04;0.85;0.52;0.00;0.92;0.09;0.1516;0.2263;1
38;38;Agent_1;orders came from the seed rule base (rules as-is);0;0;R7[0.07] R20[0.20] R26[0.19] G1[0.10] A1[0.53];0.19;0.38;0.04;0.59;0.33;0.00;0.86;0.09;0.1448;0.2210;1
38;38;Agent_1;orders came from the seed rule base (rules as-is);0;0;R7[0.07] R20[0.20] R26[0.19] G1[0.10] A1[0.53] G2[0.31];0.19;0.38;0.04;0.85;0.52;0.00;0.92;0.09;0.1446;0.2216;1
39;39;Agent_1;orders came from the seed rule base (rules as-is);0;0;R7[0.07] R20[0.20] R26[0.19] G1[0.10] A1[0.53];0.19;0.38;0.04;0.59;0.33;0.00;0.86;0.09;0.1418;0.2196;1
39;39;Agent_1;orders came from the seed rule base (rules as-is);0;0;R7[0.07] R20[0.20] R26[0.19] G1[0.10] A1[0.53] G2[0.31];0.19;0.38;0.04;0.85;0.52;0.00;0.92;0.09;0.1416;0.2202;1
40;40;Agent_1;orders came from the seed rule base (rules as-is);0;0;R7[0.07] R20[0.20] R26[0.18] G1[0.10] A1[0.53];0.18;0.38;0.04;0.59;0.33;0.00;0.86;0.09;0.1430;0.2144;1
40;40;Agent_1;orders came from the seed rule base (rules as-is);0;0;R7[0.07] R20[0.20] R26[0.18] G1[0.10] A1[0.53] G2[0.31];0.18;0.38;0.04;0.85;0.52;0.00;0.92;0.09;0.1428;0.2150;1
41;41;Agent_1;orders came from the seed rule base (rules as-is);0;0;R7[0.07] R20[0.19] R26[0.18] G1[0.10] A1[0.53];0.18;0.38;0.04;0.59;0.33;0.00;0.86;0.09;0.1437;0.2196;1
41;41;Agent_1;orders came from the seed rule base (rules as-is);0;0;R7[0.07] R20[0.19] R26[0.18] G1[0.10] A1[0.53] G2[0.31];0.18;0.38;0.04;0.85;0.52;0.00;0.92;0.09;0.1435;0.2202;1
42;42;Agent_1;orders came from the seed rule base (rules as-is);0;0;R7[0.07] R20[0.19] R26[0.18] G1[0.10] A1[0.53];0.18;0.38;0.04;0.59;0.33;0.00;0.86;0.09;0.1428;0.2092;1
42;42;Agent_1;orders came from the seed rule base (rules as-is);0;0;R7[0.07] R20[0.19] R26[0.18] G1[0.10] A1[0.53] G2[0.31];0.18;0.38;0.04;0.85;0.52;0.00;0.92;0.09;0.1426;0.2099;1
43;43;Agent_1;orders came from the seed rule base (rules as-is);0;0;R7[0.07] R20[0.19] R26[0.18] G1[0.10] A1[0.53];0.18;0.38;0.04;0.59;0.33;0.00;0.86;0.09;0.1440;0.2076;1
43;43;Agent_1;orders came from the seed rule base (rules as-is);0;0;R7[0.07] R20[0.19] R26[0.18] G1[0.10] A1[0.53] G2[0.31];0.18;0.38;0.04;0.85;0.52;0.00;0.92;0.09;0.1439;0.2083;1
0;0;Agent_1;RL selected stage 1 [evFIS] (deficit bucket: low) → rejected (no improving perturbation found | seed-base decision stands, its orders are applied);1;0;R7[0.07] R20[0.19] G1[0.54] A1[0.53] G2[0.24];0.00;0.39;0.04;0.83;0.48;0.00;0.83;0.00;0.1795;0.1718;1
0;0;Agent_1;RL selected stage 1 [evFIS] (deficit bucket: low) → rejected (no improving perturbation found | seed-base decision stands, its orders are applied);1;0;R7[0.07] R20[0.19] G1[0.54] A1[0.53] G2[0.24];0.00;0.39;0.04;0.83;0.48;0.00;0.83;0.00;0.2338;0.2263;1
1;1;Agent_1;orders came from the seed rule base (rules as-is);0;0;R7[0.07] R20[0.17] G1[0.49] A1[0.49] G2[0.22];0.00;0.35;0.04;0.83;0.44;0.00;0.83;0.00;0.1860;0.1775;1
1;1;Agent_1;orders came from the seed rule base (rules as-is);0;0;R7[0.07] R20[0.17] G1[0.49] A1[0.49] G2[0.22];0.00;0.35;0.04;0.83;0.44;0.00;0.83;0.00;0.2386;0.2317;1
2;2;Agent_1;orders came from the seed rule base (rules as-is);0;0;R7[0.07] R20[0.16] G1[0.47] A1[0.53] G2[0.27];0.00;0.34;0.04;0.84;0.50;0.00;0.86;0.12;0.1916;0.1837;1
2;2;Agent_1;orders came from the seed rule base (rules as-is);0;0;R7[0.07] R20[0.16] G1[0.47] A1[0.53] G2[0.27];0.00;0.34;0.04;0.84;0.50;0.00;0.86;0.12;0.2441;0.2373;1
3;3;Agent_1;orders came from the seed rule base (rules as-is);0;0;R7[0.07] R20[0.17] R26[0.04] G1[0.40] A1[0.53] G2[0.30];0.04;0.36;0.04;0.84;0.52;0.00;0.91;0.12;0.1808;0.1885;1
3;3;Agent_1;orders came from the seed rule base (rules as-is);0;0;R7[0.07] R20[0.17] R26[0.04] G1[0.40] A1[0.53] G2[0.30];0.04;0.36;0.04;0.84;0.52;0.00;0.91;0.12;0.1973;0.2412;1
4;4;Agent_1;orders came from the seed rule base (rules as-is);0;0;R7[0.07] R20[0.18] R26[0.08] G1[0.34] A1[0.53] G2[0.31];0.08;0.37;0.04;0.84;0.52;0.00;0.91;0.12;0.1756;0.1963;1
4;4;Agent_1;orders came from the seed rule base (rules as-is);0;0;R7[0.07] R20[0.18] R26[0.08] G1[0.34] A1[0.53] G2[0.31];0.08;0.37;0.04;0.84;0.52;0.00;0.91;0.12;0.1948;0.2450;1
5;5;Agent_1;orders came from the seed rule base (rules as-is);0;0;R7[0.07] R20[0.19] R26[0.11] G1[0.29] A1[0.53] G2[0.31];0.11;0.39;0.04;0.84;0.52;0.00;0.91;0.12;0.1782;0.2004;1
5;5;Agent_1;orders came from the seed rule base (rules as-is);0;0;R7[0.07] R20[0.19] R26[0.11] G1[0.29] A1[0.53] G2[0.31];0.11;0.39;0.04;0.84;0.52;0.00;0.91;0.12;0.1970;0.2490;1
6;6;Agent_1;orders came from the seed rule base (rules as-is);0;0;R7[0.07] R20[0.20] R26[0.13] G1[0.25] A1[0.53] G2[0.31];0.13;0.39;0.04;0.84;0.52;0.00;0.91;0.12;0.1781;0.2013;1
6;6;Agent_1;orders came from the seed rule base (rules as-is);0;0;R7[0.07] R20[0.20] R26[0.13] G1[0.25] A1[0.53] G2[0.31];0.13;0.39;0.04;0.84;0.52;0.00;0.91;0.12;0.2000;0.2470;1
7;7;Agent_1;orders came from the seed rule base (rules as-is);0;0;R7[0.07] R20[0.20] R26[0.14] G1[0.23] A1[0.53] G2[0.31];0.14;0.40;0.04;0.84;0.52;0.00;0.91;0.12;0.1411;0.2038;1
7;7;Agent_1;orders came from the seed rule base (rules as-is);0;0;R7[0.07] R20[0.20] R26[0.14] G1[0.23] A1[0.53] G2[0.31];0.14;0.40;0.04;0.84;0.52;0.00;0.91;0.12;0.1690;0.2512;1
8;8;Agent_1;orders came from the seed rule base (rules as-is);0;0;R7[0.07] R20[0.20] R26[0.16] G1[0.20] A1[0.53] G2[0.31];0.16;0.41;0.04;0.85;0.52;0.00;0.91;0.12;0.1216;0.2081;1
8;8;Agent_1;orders came from the seed rule base (rules as-is);0;0;R7[0.07] R20[0.20] R26[0.16] G1[0.20] A1[0.53] G2[0.31];0.16;0.41;0.04;0.85;0.52;0.00;0.91;0.12;0.1517;0.2511;1
9;9;Agent_1;orders came from the seed rule base (rules as-is);0;0;R7[0.07] R20[0.21] R26[0.17] G1[0.18] A1[0.53] G2[0.31];0.17;0.41;0.04;0.85;0.52;0.00;0.92;0.12;0.1241;0.2087;1
9;9;Agent_1;orders came from the seed rule base (rules as-is);0;0;R7[0.07] R20[0.21] R26[0.17] G1[0.18] A1[0.53] G2[0.31];0.17;0.41;0.04;0.85;0.52;0.00;0.91;0.12;0.1572;0.2511;1
10;10;Agent_1;orders came from the seed rule base (rules as-is);0;0;R7[0.07] R20[0.21] R26[0.17] G1[0.17] A1[0.53] G2[0.31];0.17;0.41;0.04;0.85;0.52;0.00;0.92;0.12;0.1265;0.2107;1
10;10;Agent_1;orders came from the seed rule base (rules as-is);0;0;R7[0.07] R20[0.21] R26[0.17] G1[0.17] A1[0.53] G2[0.31];0.17;0.41;0.04;0.85;0.52;0.00;0.92;0.12;0.1601;0.2533;1
11;11;Agent_1;orders came from the seed rule base (rules as-is);0;0;R7[0.07] R20[0.21] R26[0.18] G1[0.16] A1[0.53] G2[0.31];0.18;0.41;0.04;0.85;0.52;0.00;0.92;0.11;0.1623;0.2105;1
11;11;Agent_1;orders came from the seed rule base (rules as-is);0;0;R7[0.07] R20[0.21] R26[0.18] G1[0.16] A1[0.53] G2[0.31];0.18;0.41;0.04;0.85;0.52;0.00;0.92;0.11;0.1580;0.2534;1
12;12;Agent_1;orders came from the seed rule base (rules as-is);0;0;R7[0.07] R20[0.21] R26[0.18] G1[0.15] A1[0.53] G2[0.31];0.18;0.42;0.04;0.85;0.52;0.00;0.92;0.11;0.1263;0.2122;1
12;12;Agent_1;orders came from the seed rule base (rules as-is);0;0;R7[0.07] R20[0.21] R26[0.18] G1[0.15] A1[0.53] G2[0.31];0.18;0.42;0.04;0.85;0.52;0.00;0.92;0.11;0.1582;0.2540;1
13;13;Agent_1;orders came from the seed rule base (rules as-is);0;0;R7[0.07] R20[0.21] R26[0.19] G1[0.14] A1[0.53] G2[0.31];0.19;0.42;0.04;0.85;0.52;0.00;0.92;0.11;0.1353;0.2125;1
13;13;Agent_1;orders came from the seed rule base (rules as-is);0;0;R7[0.07] R20[0.21] R26[0.19] G1[0.14] A1[0.53] G2[0.31];0.19;0.42;0.04;0.85;0.52;0.00;0.92;0.11;0.1857;0.2543;1
14;14;Agent_1;orders came from the seed rule base (rules as-is);0;0;R7[0.07] R20[0.21] R26[0.19] G1[0.13] A1[0.53] G2[0.31];0.19;0.42;0.04;0.85;0.52;0.00;0.92;0.11;0.1377;0.2139;1
14;14;Agent_1;orders came from the seed rule base (rules as-is);0;0;R7[0.07] R20[0.21] R26[0.19] G1[0.13] A1[0.53] G2[0.31];0.19;0.42;0.04;0.85;0.52;0.00;0.92;0.11;0.1641;0.2585;1
14;14;Agent_1;orders came from the seed rule base (rules as-is);0;0;R7[0.07] R20[0.21] R26[0.19] G1[0.13] A1[0.53] G2[0.31];0.19;0.42;0.04;0.85;0.52;0.00;0.92;0.11;0.1377;0.2139;1
14;14;Agent_1;orders came from the seed rule base (rules as-is);0;0;R7[0.07] R20[0.21] R26[0.19] G1[0.13] A1[0.53] G2[0.31];0.19;0.42;0.04;0.85;0.52;0.00;0.92;0.11;0.1641;0.2585;1
14;14;Agent_1;orders came from the seed rule base (rules as-is);0;0;R7[0.07] R20[0.21] R26[0.19] G1[0.13] A1[0.53] G2[0.31];0.19;0.42;0.04;0.85;0.52;0.00;0.92;0.11;0.1641;0.2585;1
15;15;Agent_1;orders came from the seed rule base (rules as-is);0;0;R7[0.07] R20[0.21] R26[0.19] G1[0.13] A1[0.53] G2[0.31];0.19;0.42;0.04;0.85;0.52;0.00;0.92;0.11;0.1457;0.2153;1
15;15;Agent_1;orders came from the seed rule base (rules as-is);0;0;R7[0.07] R20[0.21] R26[0.19] G1[0.13] A1[0.53] G2[0.31];0.19;0.42;0.04;0.85;0.52;0.00;0.92;0.11;0.1661;0.2555;1
16;16;Agent_1;orders came from the seed rule base (rules as-is);0;0;R7[0.07] R20[0.21] R26[0.19] G1[0.13] A1[0.53] G2[0.31];0.19;0.41;0.04;0.85;0.52;0.00;0.92;0.11;0.1449;0.2174;1
16;16;Agent_1;orders came from the seed rule base (rules as-is);0;0;R7[0.07] R20[0.21] R26[0.19] G1[0.13] A1[0.53] G2[0.31];0.19;0.41;0.04;0.85;0.52;0.00;0.92;0.11;0.2018;0.2608;1
17;17;Agent_1;orders came from the seed rule base (rules as-is);0;0;R7[0.07] R20[0.21] R26[0.19] G1[0.12] A1[0.53] G2[0.31];0.19;0.41;0.04;0.85;0.52;0.00;0.92;0.11;0.1511;0.2163;1
17;17;Agent_1;orders came from the seed rule base (rules as-is);0;0;R7[0.07] R20[0.21] R26[0.19] G1[0.12] A1[0.53] G2[0.31];0.19;0.41;0.04;0.85;0.52;0.00;0.92;0.11;0.1656;0.2590;1
18;18;Agent_1;orders came from the seed rule base (rules as-is);0;0;R7[0.07] R20[0.21] R26[0.20] G1[0.12] A1[0.53] G2[0.31];0.20;0.41;0.04;0.85;0.52;0.00;0.92;0.11;0.1645;0.2161;1
18;18;Agent_1;orders came from the seed rule base (rules as-is);0;0;R7[0.07] R20[0.21] R26[0.20] G1[0.12] A1[0.53] G2[0.31];0.20;0.41;0.04;0.85;0.52;0.00;0.92;0.11;0.1640;0.2571;1
19;19;Agent_1;orders came from the seed rule base (rules as-is);0;0;R7[0.07] R20[0.21] R26[0.20] G1[0.12] A1[0.53] G2[0.31];0.20;0.41;0.04;0.85;0.52;0.00;0.92;0.11;0.1673;0.2147;1
19;19;Agent_1;orders came from the seed rule base (rules as-is);0;0;R7[0.07] R20[0.21] R26[0.20] G1[0.12] A1[0.53] G2[0.31];0.20;0.41;0.04;0.85;0.52;0.00;0.92;0.11;0.1647;0.2586;1
20;20;Agent_1;orders came from the seed rule base (rules as-is);0;0;R7[0.07] R20[0.21] R26[0.20] G1[0.12] A1[0.53] G2[0.31];0.20;0.41;0.04;0.85;0.52;0.00;0.92;0.11;0.1349;0.2173;1
20;20;Agent_1;orders came from the seed rule base (rules as-is);0;0;R7[0.07] R20[0.21] R26[0.20] G1[0.12] A1[0.53] G2[0.31];0.20;0.41;0.04;0.85;0.52;0.00;0.92;0.11;0.1710;0.2622;1
21;21;Agent_1;orders came from the seed rule base (rules as-is);0;0;R7[0.07] R20[0.21] R26[0.20] G1[0.11] A1[0.53] G2[0.31];0.20;0.41;0.04;0.85;0.52;0.00;0.92;0.11;0.1383;0.2164;1
21;21;Agent_1;orders came from the seed rule base (rules as-is);0;0;R7[0.07] R20[0.21] R26[0.20] G1[0.11] A1[0.53] G2[0.31];0.20;0.41;0.04;0.85;0.52;0.00;0.92;0.11;0.1542;0.2603;1
22;22;Agent_1;orders came from the seed rule base (rules as-is);0;0;R7[0.07] R20[0.21] R26[0.20] G1[0.11] A1[0.53] G2[0.31];0.20;0.41;0.04;0.85;0.52;0.00;0.92;0.11;0.1421;0.2175;1
22;22;Agent_1;orders came from the seed rule base (rules as-is);0;0;R7[0.07] R20[0.21] R26[0.20] G1[0.11] A1[0.53] G2[0.31];0.20;0.41;0.04;0.85;0.52;0.00;0.92;0.11;0.1577;0.2612;1
23;23;Agent_1;orders came from the seed rule base (rules as-is);0;0;R7[0.07] R20[0.21] R26[0.20] G1[0.11] A1[0.53] G2[0.31];0.20;0.41;0.04;0.85;0.52;0.00;0.92;0.10;0.1521;0.2184;1
23;23;Agent_1;orders came from the seed rule base (rules as-is);0;0;R7[0.07] R20[0.21] R26[0.20] G1[0.11] A1[0.53] G2[0.31];0.20;0.41;0.04;0.85;0.52;0.00;0.92;0.10;0.1471;0.2625;1
24;24;Agent_1;orders came from the seed rule base (rules as-is);0;0;R7[0.07] R20[0.21] R26[0.19] G1[0.11] A1[0.53] G2[0.31];0.19;0.41;0.04;0.85;0.52;0.00;0.92;0.10;0.1704;0.2165;1
24;24;Agent_1;orders came from the seed rule base (rules as-is);0;0;R7[0.07] R20[0.21] R26[0.19] G1[0.11] A1[0.53] G2[0.31];0.19;0.41;0.04;0.85;0.52;0.00;0.92;0.10;0.1518;0.2597;1
25;25;Agent_1;orders came from the seed rule base (rules as-is);0;0;R7[0.07] R20[0.21] R26[0.19] G1[0.11] A1[0.53] G2[0.31];0.19;0.40;0.04;0.85;0.52;0.00;0.92;0.10;0.1752;0.2179;1
25;25;Agent_1;orders came from the seed rule base (rules as-is);0;0;R7[0.07] R20[0.21] R26[0.19] G1[0.11] A1[0.53] G2[0.31];0.19;0.40;0.04;0.85;0.52;0.00;0.92;0.10;0.1545;0.2603;1
26;26;Agent_1;orders came from the seed rule base (rules as-is);0;0;R7[0.07] R20[0.21] R26[0.19] G1[0.11] A1[0.53] G2[0.31];0.19;0.40;0.04;0.85;0.52;0.00;0.92;0.10;0.1349;0.2180;1
26;26;Agent_1;orders came from the seed rule base (rules as-is);0;0;R7[0.07] R20[0.21] R26[0.19] G1[0.11] A1[0.53] G2[0.31];0.19;0.40;0.04;0.85;0.52;0.00;0.92;0.10;0.1567;0.2614;1
27;27;Agent_1;orders came from the seed rule base (rules as-is);0;0;R7[0.07] R20[0.21] R26[0.19] G1[0.11] A1[0.53] G2[0.31];0.19;0.40;0.04;0.85;0.52;0.00;0.92;0.10;0.1383;0.2171;1
27;27;Agent_1;orders came from the seed rule base (rules as-is);0;0;R7[0.07] R20[0.21] R26[0.19] G1[0.11] A1[0.53] G2[0.31];0.19;0.40;0.04;0.85;0.52;0.00;0.92;0.10;0.1549;0.2581;1
28;28;Agent_1;orders came from the seed rule base (rules as-is);0;0;R7[0.07] R20[0.21] R26[0.19] G1[0.11] A1[0.53] G2[0.31];0.19;0.40;0.04;0.85;0.52;0.00;0.92;0.10;0.1405;0.2177;1
28;28;Agent_1;orders came from the seed rule base (rules as-is);0;0;R7[0.07] R20[0.21] R26[0.19] G1[0.11] A1[0.53] G2[0.31];0.19;0.40;0.04;0.85;0.52;0.00;0.92;0.10;0.1570;0.2600;1
29;29;Agent_1;orders came from the seed rule base (rules as-is);0;0;R7[0.07] R20[0.20] R26[0.19] G1[0.11] A1[0.53] G2[0.31];0.19;0.40;0.04;0.85;0.52;0.00;0.92;0.10;0.1380;0.2171;1
29;29;Agent_1;orders came from the seed rule base (rules as-is);0;0;R7[0.07] R20[0.20] R26[0.19] G1[0.11] A1[0.53] G2[0.31];0.19;0.40;0.04;0.85;0.52;0.00;0.92;0.10;0.1548;0.2580;1
30;30;Agent_1;orders came from the seed rule base (rules as-is);0;0;R7[0.07] R20[0.20] R26[0.19] G1[0.11] A1[0.53] G2[0.31];0.19;0.40;0.04;0.85;0.52;0.00;0.92;0.10;0.1777;0.2167;1
30;30;Agent_1;orders came from the seed rule base (rules as-is);0;0;R7[0.07] R20[0.20] R26[0.19] G1[0.11] A1[0.53] G2[0.31];0.19;0.40;0.04;0.85;0.52;0.00;0.92;0.10;0.1584;0.2565;1
31;31;Agent_1;orders came from the seed rule base (rules as-is);0;0;R7[0.07] R20[0.20] R26[0.19] G1[0.11] A1[0.53] G2[0.31];0.19;0.40;0.04;0.85;0.52;0.00;0.92;0.10;0.1771;0.2279;1
31;31;Agent_1;orders came from the seed rule base (rules as-is);0;0;R7[0.07] R20[0.20] R26[0.19] G1[0.11] A1[0.53] G2[0.31];0.19;0.40;0.04;0.85;0.52;0.00;0.92;0.10;0.1897;0.2583;1
32;32;Agent_1;orders came from the seed rule base (rules as-is);0;0;R7[0.07] R20[0.20] R26[0.19] G1[0.10] A1[0.53] G2[0.31];0.19;0.39;0.04;0.85;0.52;0.00;0.92;0.10;0.1810;0.2148;1
32;32;Agent_1;orders came from the seed rule base (rules as-is);0;0;R7[0.07] R20[0.20] R26[0.19] G1[0.10] A1[0.53] G2[0.31];0.19;0.39;0.04;0.85;0.52;0.00;0.92;0.10;0.1583;0.2551;1
33;33;Agent_1;orders came from the seed rule base (rules as-is);0;0;R7[0.07] R20[0.20] R26[0.19] G1[0.10] A1[0.53] G2[0.31];0.19;0.39;0.04;0.85;0.52;0.00;0.92;0.10;0.1779;0.2250;1
33;33;Agent_1;orders came from the seed rule base (rules as-is);0;0;R7[0.07] R20[0.20] R26[0.19] G1[0.10] A1[0.53] G2[0.31];0.19;0.39;0.04;0.85;0.52;0.00;0.92;0.10;0.1531;0.2548;1
34;34;Agent_1;orders came from the seed rule base (rules as-is);0;0;R7[0.07] R20[0.20] R26[0.19] G1[0.10] A1[0.53] G2[0.31];0.19;0.39;0.04;0.85;0.52;0.00;0.92;0.10;0.1516;0.2255;1
34;34;Agent_1;orders came from the seed rule base (rules as-is);0;0;R7[0.07] R20[0.20] R26[0.19] G1[0.10] A1[0.53] G2[0.31];0.19;0.39;0.04;0.85;0.52;0.00;0.92;0.10;0.1543;0.2556;1
35;35;Agent_1;orders came from the seed rule base (rules as-is);0;0;R7[0.07] R20[0.20] R26[0.19] G1[0.10] A1[0.53] G2[0.31];0.19;0.39;0.04;0.85;0.52;0.00;0.92;0.10;0.1537;0.2256;1
35;35;Agent_1;orders came from the seed rule base (rules as-is);0;0;R7[0.07] R20[0.20] R26[0.19] G1[0.10] A1[0.53] G2[0.31];0.19;0.39;0.04;0.85;0.52;0.00;0.92;0.10;0.1554;0.2566;1
36;36;Agent_1;orders came from the seed rule base (rules as-is);0;0;R7[0.07] R20[0.20] R26[0.19] G1[0.10] A1[0.53] G2[0.31];0.19;0.39;0.04;0.85;0.52;0.00;0.92;0.09;0.1553;0.2255;1
36;36;Agent_1;orders came from the seed rule base (rules as-is);0;0;R7[0.07] R20[0.20] R26[0.19] G1[0.10] A1[0.53] G2[0.31];0.19;0.39;0.04;0.85;0.52;0.00;0.92;0.09;0.1595;0.2536;1
37;37;Agent_1;orders came from the seed rule base (rules as-is);0;0;R7[0.07] R20[0.20] R26[0.19] G1[0.10] A1[0.53] G2[0.31];0.19;0.39;0.04;0.85;0.52;0.00;0.92;0.09;0.1516;0.2263;1
37;37;Agent_1;orders came from the seed rule base (rules as-is);0;0;R7[0.07] R20[0.20] R26[0.19] G1[0.10] A1[0.53] G2[0.31];0.19;0.39;0.04;0.85;0.52;0.00;0.92;0.09;0.1553;0.2540;1
38;38;Agent_1;orders came from the seed rule base (rules as-is);0;0;R7[0.07] R20[0.20] R26[0.19] G1[0.10] A1[0.53] G2[0.31];0.19;0.38;0.04;0.85;0.52;0.00;0.92;0.09;0.1446;0.2216;1
38;38;Agent_1;orders came from the seed rule base (rules as-is);0;0;R7[0.07] R20[0.20] R26[0.19] G1[0.10] A1[0.53] G2[0.31];0.19;0.38;0.04;0.85;0.52;0.00;0.92;0.09;0.1614;0.2534;1
39;39;Agent_1;orders came from the seed rule base (rules as-is);0;0;R7[0.07] R20[0.20] R26[0.19] G1[0.10] A1[0.53] G2[0.31];0.19;0.38;0.04;0.85;0.52;0.00;0.92;0.09;0.1416;0.2202;1
39;39;Agent_1;orders came from the seed rule base (rules as-is);0;0;R7[0.07] R20[0.20] R26[0.19] G1[0.10] A1[0.53] G2[0.31];0.19;0.38;0.04;0.85;0.52;0.00;0.92;0.09;0.1626;0.2526;1
40;40;Agent_1;orders came from the seed rule base (rules as-is);0;0;R7[0.07] R20[0.20] R26[0.18] G1[0.10] A1[0.53] G2[0.31];0.18;0.38;0.04;0.85;0.52;0.00;0.92;0.09;0.1428;0.2150;1
40;40;Agent_1;orders came from the seed rule base (rules as-is);0;0;R7[0.07] R20[0.20] R26[0.18] G1[0.10] A1[0.53] G2[0.31];0.18;0.38;0.04;0.85;0.52;0.00;0.92;0.09;0.1660;0.2532;1
41;41;Agent_1;orders came from the seed rule base (rules as-is);0;0;R7[0.07] R20[0.19] R26[0.18] G1[0.10] A1[0.53] G2[0.31];0.18;0.38;0.04;0.85;0.52;0.00;0.92;0.09;0.1435;0.2202;1
41;41;Agent_1;orders came from the seed rule base (rules as-is);0;0;R7[0.07] R20[0.19] R26[0.18] G1[0.10] A1[0.53] G2[0.31];0.18;0.38;0.04;0.85;0.52;0.00;0.92;0.09;0.1566;0.2532;1
42;42;Agent_1;orders came from the seed rule base (rules as-is);0;0;R7[0.07] R20[0.19] R26[0.18] G1[0.10] A1[0.53] G2[0.31];0.18;0.38;0.04;0.85;0.52;0.00;0.92;0.09;0.1426;0.2099;1
42;42;Agent_1;orders came from the seed rule base (rules as-is);0;0;R7[0.07] R20[0.19] R26[0.18] G1[0.10] A1[0.53] G2[0.31];0.18;0.38;0.04;0.85;0.52;0.00;0.92;0.09;0.1568;0.2453;1
43;43;Agent_1;orders came from the seed rule base (rules as-is);0;0;R7[0.07] R20[0.19] R26[0.18] G1[0.10] A1[0.53] G2[0.31];0.18;0.38;0.04;0.85;0.52;0.00;0.92;0.09;0.1439;0.2083;1
43;43;Agent_1;orders came from the seed rule base (rules as-is);0;0;R7[0.07] R20[0.19] R26[0.18] G1[0.10] A1[0.53] G2[0.31];0.18;0.38;0.04;0.85;0.52;0.00;0.92;0.09;0.1594;0.2458;1
44;44;Agent_1;orders came from the seed rule base (rules as-is);0;0;R7[0.07] R20[0.19] R26[0.18] G1[0.10] A1[0.53] G2[0.31];0.18;0.38;0.04;0.85;0.52;0.00;0.92;0.09;0.1572;0.2476;1
45;45;Agent_1;orders came from the seed rule base (rules as-is);0;0;R7[0.07] R20[0.19] R26[0.18] G1[0.10] A1[0.53] G2[0.31];0.18;0.37;0.04;0.85;0.52;0.00;0.92;0.09;0.1608;0.2462;1
46;46;Agent_1;orders came from the seed rule base (rules as-is);0;0;R7[0.07] R20[0.19] R26[0.18] G1[0.10] A1[0.53] G2[0.31];0.18;0.37;0.04;0.85;0.52;0.00;0.92;0.09;0.1657;0.2476;1
47;47;Agent_1;orders came from the seed rule base (rules as-is);0;0;R7[0.07] R20[0.19] R26[0.18] G1[0.10] A1[0.53] G2[0.31];0.18;0.37;0.04;0.85;0.52;0.00;0.92;0.09;0.1802;0.2459;1
48;48;Agent_1;orders came from the seed rule base (rules as-is);0;0;R7[0.07] R20[0.19] R26[0.18] G1[0.10] A1[0.53] G2[0.31];0.18;0.37;0.04;0.85;0.52;0.00;0.92;0.09;0.1743;0.2472;1
49;49;Agent_1;orders came from the seed rule base (rules as-is);0;0;R7[0.07] R20[0.19] R26[0.18] G1[0.10] A1[0.53] G2[0.31];0.18;0.37;0.04;0.85;0.52;0.00;0.92;0.09;0.1745;0.2470;1
50;50;Agent_1;orders came from the seed rule base (rules as-is);0;0;R7[0.07] R20[0.19] R26[0.18] G1[0.10] A1[0.53] G2[0.31];0.18;0.37;0.04;0.85;0.52;0.00;0.92;0.09;0.1655;0.2490;1
51;51;Agent_1;orders came from the seed rule base (rules as-is);0;0;R7[0.07] R20[0.19] R26[0.18] G1[0.10] A1[0.53] G2[0.31];0.18;0.36;0.04;0.85;0.52;0.00;0.92;0.08;0.1524;0.2542;1
52;52;Agent_1;orders came from the seed rule base (rules as-is);0;0;R7[0.07] R20[0.19] R26[0.18] G1[0.10] A1[0.53] G2[0.31];0.18;0.36;0.04;0.85;0.52;0.00;0.92;0.08;0.1551;0.2503;1
53;53;Agent_1;orders came from the seed rule base (rules as-is);0;0;R7[0.07] R20[0.19] R26[0.17] G1[0.10] A1[0.53] G2[0.31];0.17;0.36;0.04;0.85;0.52;0.00;0.92;0.08;0.1459;0.2467;1
54;54;Agent_1;orders came from the seed rule base (rules as-is);0;0;R7[0.07] R20[0.18] R26[0.17] G1[0.10] A1[0.53] G2[0.31];0.17;0.36;0.04;0.84;0.52;0.00;0.92;0.08;0.1450;0.2497;1
55;55;Agent_1;orders came from the seed rule base (rules as-is);0;0;R7[0.07] R20[0.18] R26[0.17] G1[0.09] A1[0.53] G2[0.31];0.17;0.36;0.04;0.84;0.52;0.00;0.92;0.08;0.1463;0.2490;1
56;56;Agent_1;orders came from the seed rule base (rules as-is);0;0;R7[0.07] R20[0.18] R26[0.17] G1[0.09] A1[0.53] G2[0.31];0.17;0.36;0.04;0.84;0.52;0.00;0.92;0.08;0.1465;0.2457;1
57;57;Agent_1;orders came from the seed rule base (rules as-is);0;0;R7[0.07] R20[0.18] R26[0.17] G1[0.09] A1[0.53] G2[0.31];0.17;0.36;0.04;0.84;0.52;0.00;0.92;0.08;0.1466;0.2459;1
58;58;Agent_1;orders came from the seed rule base (rules as-is);0;0;R7[0.07] R20[0.18] R26[0.17] G1[0.09] A1[0.53] G2[0.31];0.17;0.35;0.04;0.84;0.52;0.00;0.92;0.08;0.1484;0.2557;1
59;59;Agent_1;orders came from the seed rule base (rules as-is);0;0;R7[0.07] R20[0.18] R26[0.17] G1[0.09] A1[0.53] G2[0.31];0.17;0.35;0.04;0.84;0.52;0.00;0.92;0.08;0.1475;0.2439;1
60;60;Agent_1;orders came from the seed rule base (rules as-is);0;0;R7[0.07] R20[0.18] R26[0.17] G1[0.09] A1[0.53] G2[0.31];0.17;0.35;0.04;0.84;0.52;0.00;0.92;0.08;0.1472;0.2437;1
61;61;Agent_1;orders came from the seed rule base (rules as-is);0;0;R7[0.07] R20[0.18] R26[0.17] G1[0.09] A1[0.53] G2[0.31];0.17;0.35;0.04;0.84;0.52;0.00;0.92;0.08;0.1473;0.2438;1
62;62;Agent_1;orders came from the seed rule base (rules as-is);0;0;R7[0.07] R20[0.18] R26[0.17] G1[0.09] A1[0.53] G2[0.31];0.17;0.35;0.04;0.84;0.52;0.00;0.92;0.08;0.1475;0.2425;1
63;63;Agent_1;orders came from the seed rule base (rules as-is);0;0;R7[0.07] R20[0.18] R26[0.17] G1[0.09] A1[0.53] G2[0.31];0.17;0.35;0.04;0.84;0.52;0.00;0.92;0.08;0.1482;0.2419;1
64;64;Agent_1;orders came from the seed rule base (rules as-is);0;0;R7[0.07] R20[0.18] R26[0.17] G1[0.09] A1[0.53] G2[0.31];0.17;0.34;0.04;0.84;0.52;0.00;0.92;0.08;0.1484;0.2415;1
65;65;Agent_1;orders came from the seed rule base (rules as-is);0;0;R7[0.07] R20[0.18] R26[0.17] G1[0.09] A1[0.53] G2[0.31];0.17;0.34;0.04;0.84;0.52;0.00;0.92;0.08;0.1496;0.2414;1
66;66;Agent_1;orders came from the seed rule base (rules as-is);0;0;R7[0.07] R20[0.18] R26[0.17] G1[0.09] A1[0.53] G2[0.31];0.17;0.34;0.04;0.84;0.52;0.00;0.92;0.08;0.1498;0.2486;1
67;67;Agent_1;orders came from the seed rule base (rules as-is);0;0;R7[0.07] R20[0.17] R26[0.16] G1[0.09] A1[0.53] G2[0.31];0.16;0.34;0.04;0.84;0.52;0.00;0.92;0.07;0.1510;0.2388;1
68;68;Agent_1;orders came from the seed rule base (rules as-is);0;0;R7[0.07] R20[0.17] R26[0.16] G1[0.09] A1[0.53] G2[0.31];0.16;0.34;0.04;0.84;0.52;0.00;0.92;0.07;0.1528;0.2366;1
69;69;Agent_1;orders came from the seed rule base (rules as-is);0;0;R7[0.07] R20[0.17] R26[0.16] G1[0.09] A1[0.53] G2[0.31];0.16;0.34;0.04;0.84;0.52;0.00;0.92;0.07;0.1550;0.2353;1
70;70;Agent_1;orders came from the seed rule base (rules as-is);0;0;R7[0.07] R20[0.17] R26[0.16] G1[0.09] A1[0.53] G2[0.31];0.16;0.34;0.04;0.84;0.52;0.00;0.92;0.07;0.1557;0.2460;1
71;71;Agent_1;orders came from the seed rule base (rules as-is);0;0;R7[0.07] R20[0.17] R26[0.16] G1[0.09] A1[0.53] G2[0.31];0.16;0.33;0.04;0.84;0.52;0.00;0.92;0.07;0.1610;0.2339;1
72;72;Agent_1;orders came from the seed rule base (rules as-is);0;0;R7[0.07] R20[0.17] R26[0.16] G1[0.09] A1[0.53] G2[0.31];0.16;0.33;0.04;0.84;0.52;0.00;0.93;0.07;0.1611;0.2375;1
73;73;Agent_1;orders came from the seed rule base (rules as-is);0;0;R7[0.07] R20[0.17] R26[0.16] G1[0.09] A1[0.53] G2[0.31];0.16;0.33;0.04;0.84;0.52;0.00;0.93;0.07;0.1623;0.2476;1
74;74;Agent_1;orders came from the seed rule base (rules as-is);0;0;R7[0.07] R20[0.17] R26[0.16] G1[0.09] A1[0.53] G2[0.31];0.16;0.33;0.04;0.84;0.52;0.00;0.93;0.07;0.1639;0.2437;1
75;75;Agent_1;orders came from the seed rule base (rules as-is);0;0;R7[0.07] R20[0.17] R26[0.16] G1[0.09] A1[0.53] G2[0.31];0.16;0.33;0.04;0.84;0.52;0.00;0.93;0.07;0.1646;0.2409;1
76;76;Agent_1;orders came from the seed rule base (rules as-is);0;0;R7[0.07] R20[0.17] R26[0.16] G1[0.09] A1[0.53] G2[0.31];0.16;0.33;0.04;0.84;0.52;0.00;0.93;0.07;0.1691;0.2315;1
77;77;Agent_1;orders came from the seed rule base (rules as-is);0;0;R7[0.07] R20[0.17] R26[0.16] G1[0.09] A1[0.53] G2[0.31];0.16;0.33;0.04;0.84;0.52;0.00;0.93;0.07;0.1698;0.2342;1
78;78;Agent_1;orders came from the seed rule base (rules as-is);0;0;R7[0.07] R20[0.17] R26[0.16] G1[0.09] A1[0.53] G2[0.31];0.16;0.32;0.04;0.84;0.52;0.00;0.93;0.07;0.1646;0.2403;1
79;79;Agent_1;orders came from the seed rule base (rules as-is);0;0;R7[0.07] R20[0.17] R26[0.16] G1[0.09] A1[0.53] G2[0.31];0.16;0.32;0.04;0.84;0.52;0.00;0.93;0.07;0.1628;0.2338;1
80;80;Agent_1;orders came from the seed rule base (rules as-is);0;0;R7[0.07] R20[0.16] R26[0.15] G1[0.08] A1[0.53] G2[0.31];0.15;0.32;0.04;0.84;0.52;0.00;0.93;0.07;0.1585;0.2465;1
81;81;Agent_1;orders came from the seed rule base (rules as-is);0;0;R7[0.07] R20[0.16] R26[0.15] G1[0.08] A1[0.53] G2[0.31];0.15;0.32;0.04;0.84;0.52;0.00;0.93;0.07;0.1671;0.2309;1
82;82;Agent_1;orders came from the seed rule base (rules as-is);0;0;R7[0.07] R20[0.16] R26[0.15] G1[0.08] A1[0.53] G2[0.31];0.15;0.32;0.04;0.84;0.52;0.00;0.93;0.07;0.1697;0.2282;1
83;83;Agent_1;orders came from the seed rule base (rules as-is);0;0;R7[0.07] R20[0.16] R26[0.15] G1[0.08] A1[0.53] G2[0.31];0.15;0.32;0.04;0.84;0.52;0.00;0.93;0.07;0.1708;0.2298;1
84;84;Agent_1;orders came from the seed rule base (rules as-is);0;0;R7[0.07] R20[0.16] R26[0.15] G1[0.08] A1[0.53] G2[0.31];0.15;0.31;0.04;0.84;0.52;0.00;0.93;0.07;0.1724;0.2337;1
85;85;Agent_1;orders came from the seed rule base (rules as-is);0;0;R7[0.07] R20[0.16] R26[0.15] G1[0.08] A1[0.53] G2[0.31];0.15;0.31;0.04;0.83;0.52;0.00;0.93;0.06;0.1702;0.2364;1
86;86;Agent_1;orders came from the seed rule base (rules as-is);0;0;R7[0.07] R20[0.16] R26[0.15] G1[0.08] A1[0.53] G2[0.31];0.15;0.31;0.04;0.83;0.52;0.00;0.93;0.06;0.1717;0.2336;1
87;87;Agent_1;orders came from the seed rule base (rules as-is);0;0;R7[0.07] R20[0.16] R26[0.15] G1[0.08] A1[0.53] G2[0.31];0.15;0.31;0.04;0.83;0.52;0.00;0.93;0.06;0.1748;0.2430;1
88;88;Agent_1;orders came from the seed rule base (rules as-is);0;0;R7[0.07] R20[0.16] R26[0.15] G1[0.08] A1[0.53] G2[0.31];0.15;0.31;0.04;0.83;0.52;0.00;0.93;0.06;0.1759;0.2362;1
89;89;Agent_1;orders came from the seed rule base (rules as-is);0;0;R7[0.07] R20[0.16] R26[0.15] G1[0.08] A1[0.53] G2[0.31];0.15;0.31;0.04;0.83;0.52;0.00;0.93;0.06;0.1770;0.2355;1
90;90;Agent_1;orders came from the seed rule base (rules as-is);0;0;R7[0.07] R20[0.16] R26[0.15] G1[0.08] A1[0.53] G2[0.31];0.15;0.31;0.04;0.83;0.52;0.00;0.93;0.06;0.1781;0.2338;1
91;91;Agent_1;orders came from the seed rule base (rules as-is);0;0;R7[0.07] R20[0.16] R26[0.15] G1[0.08] A1[0.53] G2[0.31];0.15;0.30;0.04;0.83;0.52;0.00;0.93;0.06;0.1814;0.2412;1
92;92;Agent_1;orders came from the seed rule base (rules as-is);0;0;R7[0.07] R20[0.16] R26[0.15] G1[0.08] A1[0.53] G2[0.31];0.15;0.30;0.04;0.83;0.52;0.00;0.93;0.06;0.1846;0.2344;1
93;93;Agent_1;orders came from the seed rule base (rules as-is);0;0;R7[0.07] R20[0.15] R26[0.15] G1[0.08] A1[0.53] G2[0.31];0.15;0.30;0.04;0.83;0.52;0.00;0.93;0.06;0.1857;0.2375;1
94;94;Agent_1;orders came from the seed rule base (rules as-is);0;0;R7[0.07] R20[0.15] R26[0.15] G1[0.08] A1[0.53] G2[0.31];0.15;0.30;0.04;0.83;0.52;0.00;0.93;0.06;0.2044;0.2365;1
95;95;Agent_1;orders came from the seed rule base (rules as-is);0;0;R7[0.07] R20[0.15] R26[0.14] G1[0.08] A1[0.53] G2[0.31];0.14;0.30;0.04;0.83;0.52;0.00;0.93;0.06;0.2060;0.2565;1
96;96;Agent_1;orders came from the seed rule base (rules as-is);0;0;R7[0.07] R20[0.15] R26[0.14] G1[0.08] A1[0.53] G2[0.31];0.14;0.30;0.04;0.83;0.52;0.00;0.93;0.06;0.1849;0.2406;1
97;97;Agent_1;orders came from the seed rule base (rules as-is);0;0;R7[0.07] R20[0.15] R26[0.14] G1[0.08] A1[0.53] G2[0.31];0.14;0.30;0.04;0.83;0.52;0.00;0.93;0.06;0.1868;0.2416;1
98;98;Agent_1;orders came from the seed rule base (rules as-is);0;0;R7[0.07] R20[0.15] R26[0.14] G1[0.08] A1[0.53] G2[0.31];0.14;0.29;0.04;0.83;0.52;0.00;0.93;0.06;0.1831;0.2383;1
99;99;Agent_1;orders came from the seed rule base (rules as-is);0;0;R7[0.07] R20[0.15] R26[0.14] G1[0.08] A1[0.53] G2[0.31];0.14;0.29;0.04;0.84;0.53;0.00;0.93;0.06;0.1842;0.2407;1
100;100;Agent_1;orders came from the seed rule base (rules as-is);0;0;R7[0.07] R20[0.15] R26[0.14] G1[0.08] A1[0.53] G2[0.31];0.14;0.29;0.04;0.84;0.53;0.00;0.93;0.06;0.1843;0.2404;1
101;101;Agent_1;orders came from the seed rule base (rules as-is);0;0;R7[0.07] R20[0.15] R26[0.14] G1[0.08] A1[0.53] G2[0.32];0.14;0.29;0.04;0.84;0.53;0.00;0.93;0.06;0.1863;0.2406;1
102;102;Agent_1;orders came from the seed rule base (rules as-is);0;0;R7[0.07] R20[0.15] R26[0.14] G1[0.08] A1[0.53] G2[0.32];0.14;0.29;0.04;0.84;0.53;0.00;0.93;0.06;0.1851;0.2407;1
103;103;Agent_1;orders came from the seed rule base (rules as-is);0;0;R7[0.07] R20[0.15] R26[0.14] G1[0.08] A1[0.53] G2[0.32];0.14;0.29;0.04;0.84;0.53;0.00;0.93;0.06;0.1853;0.2526;1
104;104;Agent_1;orders came from the seed rule base (rules as-is);0;0;R7[0.07] R20[0.15] R26[0.14] G1[0.08] A1[0.53] G2[0.32];0.14;0.29;0.04;0.84;0.53;0.00;0.93;0.06;0.1855;0.2419;1
105;105;Agent_1;orders came from the seed rule base (rules as-is);0;0;R7[0.07] R20[0.15] R26[0.14] G1[0.08] A1[0.53] G2[0.32];0.14;0.29;0.04;0.85;0.53;0.00;0.93;0.06;0.1861;0.2372;1
106;106;Agent_1;orders came from the seed rule base (rules as-is);0;0;R7[0.07] R20[0.15] R26[0.14] G1[0.07] A1[0.53] G2[0.32];0.14;0.29;0.04;0.84;0.53;0.00;0.93;0.06;0.1859;0.2470;1
107;107;Agent_1;orders came from the seed rule base (rules as-is);0;0;R7[0.07] R20[0.15] R26[0.14] G1[0.07] A1[0.53] G2[0.32];0.14;0.29;0.04;0.84;0.53;0.00;0.93;0.05;0.1860;0.2392;1
108;108;Agent_1;orders came from the seed rule base (rules as-is);0;0;R7[0.07] R20[0.15] R26[0.14] G1[0.07] A1[0.53] G2[0.33];0.14;0.28;0.04;0.85;0.54;0.00;0.93;0.05;0.1879;0.2454;1
109;109;Agent_1;orders came from the seed rule base (rules as-is);0;0;R7[0.07] R20[0.15] R26[0.13] G1[0.07] A1[0.53] G2[0.33];0.13;0.28;0.04;0.85;0.53;0.00;0.93;0.05;0.1912;0.2386;1
110;110;Agent_1;orders came from the seed rule base (rules as-is);0;0;R7[0.07] R20[0.15] R26[0.13] G1[0.07] A1[0.53] G2[0.33];0.13;0.28;0.04;0.85;0.53;0.00;0.93;0.05;0.1943;0.2516;1
111;111;Agent_1;orders came from the seed rule base (rules as-is);0;0;R7[0.07] R20[0.15] R26[0.13] G1[0.07] A1[0.53] G2[0.33];0.13;0.28;0.04;0.85;0.54;0.00;0.93;0.05;0.1864;0.2421;1
112;112;Agent_1;orders came from the seed rule base (rules as-is);0;0;R7[0.07] R20[0.15] R26[0.13] G1[0.07] A1[0.53] G2[0.33];0.13;0.28;0.04;0.85;0.54;0.00;0.93;0.05;0.1874;0.2400;1
113;113;Agent_1;orders came from the seed rule base (rules as-is);0;0;R7[0.07] R20[0.15] R26[0.13] G1[0.07] A1[0.53] G2[0.33];0.13;0.28;0.04;0.85;0.54;0.00;0.93;0.05;0.1880;0.2439;1
114;114;Agent_1;orders came from the seed rule base (rules as-is);0;0;R7[0.07] R20[0.15] R26[0.13] G1[0.07] A1[0.53] G2[0.33];0.13;0.28;0.04;0.85;0.54;0.00;0.93;0.05;0.1861;0.2564;1
115;115;Agent_1;orders came from the seed rule base (rules as-is);0;0;R7[0.07] R20[0.15] R26[0.13] G1[0.07] A1[0.53] G2[0.33];0.13;0.28;0.04;0.85;0.54;0.00;0.93;0.05;0.1867;0.2445;1
116;116;Agent_1;orders came from the seed rule base (rules as-is);0;0;R7[0.07] R20[0.14] R26[0.13] G1[0.07] A1[0.53] G2[0.33];0.13;0.28;0.04;0.85;0.54;0.00;0.93;0.05;0.1873;0.2407;1
117;117;Agent_1;orders came from the seed rule base (rules as-is);0;0;R7[0.07] R20[0.14] R26[0.13] G1[0.07] A1[0.53] G2[0.34];0.13;0.27;0.04;0.85;0.54;0.00;0.93;0.05;0.1862;0.2440;1
118;118;Agent_1;orders came from the seed rule base (rules as-is);0;0;R7[0.07] R20[0.14] R26[0.13] G1[0.07] A1[0.53] G2[0.34];0.13;0.27;0.04;0.85;0.54;0.00;0.93;0.05;0.1868;0.2379;1
119;119;Agent_1;orders came from the seed rule base (rules as-is);0;0;R7[0.07] R20[0.14] R26[0.13] G1[0.07] A1[0.53] G2[0.34];0.13;0.27;0.04;0.85;0.54;0.00;0.93;0.05;0.1909;0.2539;1
120;120;Agent_1;orders came from the seed rule base (rules as-is);0;0;R7[0.07] R20[0.14] R26[0.13] G1[0.07] A1[0.53] G2[0.34];0.13;0.27;0.04;0.85;0.54;0.00;0.93;0.05;0.1867;0.2417;1
121;121;Agent_1;orders came from the seed rule base (rules as-is);0;0;R7[0.07] R20[0.14] R26[0.13] G1[0.07] A1[0.53] G2[0.34];0.13;0.27;0.04;0.85;0.54;0.00;0.93;0.05;0.1874;0.2377;1
122;122;Agent_1;orders came from the seed rule base (rules as-is);0;0;R7[0.07] R20[0.14] R26[0.13] G1[0.07] A1[0.53] G2[0.34];0.13;0.27;0.04;0.85;0.55;0.00;0.93;0.05;0.1862;0.2433;1
123;123;Agent_1;orders came from the seed rule base (rules as-is);0;0;R7[0.07] R20[0.14] R26[0.13] G1[0.07] A1[0.53] G2[0.35];0.13;0.27;0.04;0.85;0.55;0.00;0.93;0.05;0.1868;0.2406;1
124;124;Agent_1;orders came from the seed rule base (rules as-is);0;0;R7[0.07] R20[0.14] R26[0.12] G1[0.07] A1[0.53] G2[0.35];0.12;0.27;0.04;0.85;0.55;0.00;0.93;0.05;0.1884;0.2575;1
125;125;Agent_1;orders came from the seed rule base (rules as-is);0;0;R7[0.07] R20[0.14] R26[0.12] G1[0.07] A1[0.53] G2[0.35];0.12;0.27;0.04;0.85;0.55;0.00;0.93;0.05;0.1885;0.2513;1
126;126;Agent_1;orders came from the seed rule base (rules as-is);0;0;R7[0.07] R20[0.14] R26[0.12] G1[0.07] A1[0.53] G2[0.35];0.12;0.27;0.04;0.85;0.55;0.00;0.93;0.05;0.1892;0.2386;1
127;127;Agent_1;orders came from the seed rule base (rules as-is);0;0;R7[0.07] R20[0.14] R26[0.12] G1[0.07] A1[0.53] G2[0.35];0.12;0.26;0.04;0.85;0.55;0.00;0.93;0.05;0.1906;0.2446;1
128;128;Agent_1;orders came from the seed rule base (rules as-is);0;0;R7[0.07] R20[0.14] R26[0.12] G1[0.07] A1[0.53] G2[0.35];0.12;0.26;0.04;0.85;0.55;0.00;0.93;0.05;0.1882;0.2482;1
129;129;Agent_1;orders came from the seed rule base (rules as-is);0;0;R7[0.07] R20[0.14] R26[0.12] G1[0.07] A1[0.53] G2[0.35];0.12;0.26;0.04;0.85;0.55;0.00;0.93;0.05;0.1902;0.2417;1
130;130;Agent_1;orders came from the seed rule base (rules as-is);0;0;R7[0.07] R20[0.14] R26[0.12] G1[0.07] A1[0.53] G2[0.35];0.12;0.26;0.04;0.85;0.55;0.00;0.93;0.05;0.1997;0.2423;1
131;131;Agent_1;orders came from the seed rule base (rules as-is);0;0;R7[0.07] R20[0.14] R26[0.12] G1[0.07] A1[0.53] G2[0.35];0.12;0.26;0.04;0.85;0.55;0.00;0.93;0.05;0.2011;0.2404;1
132;132;Agent_1;orders came from the seed rule base (rules as-is);0;0;R7[0.07] R20[0.14] R26[0.12] G1[0.07] A1[0.53] G2[0.35];0.12;0.26;0.04;0.85;0.55;0.00;0.93;0.05;0.2041;0.2384;1
133;133;Agent_1;orders came from the seed rule base (rules as-is);0;0;R7[0.07] R20[0.14] R26[0.12] G1[0.07] A1[0.53] G2[0.35];0.12;0.26;0.04;0.85;0.55;0.00;0.93;0.04;0.2047;0.2379;1
134;134;Agent_1;orders came from the seed rule base (rules as-is);0;0;R7[0.07] R20[0.14] R26[0.12] G1[0.06] A1[0.53] G2[0.35];0.12;0.26;0.04;0.85;0.55;0.00;0.93;0.04;0.2053;0.2423;1
135;135;Agent_1;orders came from the seed rule base (rules as-is);0;0;R7[0.07] R20[0.14] R26[0.12] G1[0.06] A1[0.53] G2[0.35];0.12;0.26;0.04;0.85;0.55;0.00;0.93;0.04;0.1990;0.2503;1
136;136;Agent_1;orders came from the seed rule base (rules as-is);0;0;R7[0.07] R20[0.14] R26[0.12] G1[0.06] A1[0.53] G2[0.36];0.12;0.25;0.04;0.85;0.55;0.00;0.93;0.04;0.2017;0.2587;1
137;137;Agent_1;orders came from the seed rule base (rules as-is);0;0;R7[0.07] R20[0.14] R26[0.12] G1[0.06] A1[0.53] G2[0.36];0.12;0.25;0.04;0.85;0.55;0.00;0.93;0.04;0.2035;0.2417;1
138;138;Agent_1;orders came from the seed rule base (rules as-is);0;0;R7[0.07] R20[0.14] R26[0.12] G1[0.06] A1[0.53] G2[0.36];0.12;0.25;0.04;0.85;0.55;0.00;0.93;0.04;0.1958;0.2457;1
139;139;Agent_1;orders came from the seed rule base (rules as-is);0;0;R7[0.07] R20[0.14] R26[0.12] G1[0.06] A1[0.53] G2[0.36];0.12;0.25;0.04;0.85;0.55;0.00;0.93;0.04;0.1960;0.2487;1
140;140;Agent_1;orders came from the seed rule base (rules as-is);0;0;R7[0.07] R20[0.13] R26[0.11] G1[0.06] A1[0.53] G2[0.36];0.11;0.25;0.04;0.85;0.56;0.00;0.93;0.04;0.1970;0.2403;1
141;141;Agent_1;orders came from the seed rule base (rules as-is);0;0;R7[0.07] R20[0.13] R26[0.11] G1[0.06] A1[0.53] G2[0.36];0.11;0.25;0.04;0.85;0.56;0.00;0.93;0.04;0.1976;0.2473;1
142;142;Agent_1;orders came from the seed rule base (rules as-is);0;0;R7[0.07] R20[0.13] R26[0.11] G1[0.06] A1[0.53] G2[0.36];0.11;0.25;0.04;0.85;0.56;0.00;0.93;0.04;0.2012;0.2435;1
143;143;Agent_1;orders came from the seed rule base (rules as-is);0;0;R7[0.07] R20[0.13] R26[0.11] G1[0.06] A1[0.53] G2[0.36];0.11;0.25;0.04;0.85;0.56;0.00;0.93;0.04;0.2009;0.2455;1
144;144;Agent_1;orders came from the seed rule base (rules as-is);0;0;R7[0.07] R20[0.13] R26[0.11] G1[0.06] A1[0.53] G2[0.36];0.11;0.25;0.04;0.85;0.56;0.00;0.93;0.04;0.1957;0.2596;1
145;145;Agent_1;orders came from the seed rule base (rules as-is);0;0;R7[0.07] R20[0.13] R26[0.11] G1[0.06] A1[0.53] G2[0.36];0.11;0.24;0.04;0.85;0.56;0.00;0.93;0.04;0.1959;0.2461;1
146;146;Agent_1;orders came from the seed rule base (rules as-is);0;0;R7[0.07] R20[0.13] R26[0.11] G1[0.06] A1[0.53] G2[0.37];0.11;0.24;0.04;0.85;0.56;0.00;0.93;0.04;0.1969;0.2458;1
147;147;Agent_1;orders came from the seed rule base (rules as-is);0;0;R7[0.07] R20[0.13] R26[0.11] G1[0.06] A1[0.53] G2[0.37];0.11;0.24;0.04;0.85;0.56;0.00;0.93;0.04;0.1971;0.2733;1
148;148;Agent_1;orders came from the seed rule base (rules as-is);0;0;R7[0.07] R20[0.13] R26[0.11] G1[0.06] A1[0.53] G2[0.37];0.11;0.24;0.04;0.85;0.56;0.00;0.93;0.04;0.1994;0.2566;1
149;149;Agent_1;orders came from the seed rule base (rules as-is);0;0;R7[0.07] R20[0.13] R26[0.11] G1[0.06] A1[0.53] G2[0.37];0.11;0.24;0.04;0.85;0.56;0.00;0.93;0.04;0.1983;0.2475;1
150;150;Agent_1;orders came from the seed rule base (rules as-is);0;0;R7[0.07] R20[0.13] R26[0.11] G1[0.06] A1[0.53] G2[0.37];0.11;0.24;0.04;0.85;0.56;0.00;0.93;0.04;0.1985;0.2438;1
151;151;Agent_1;orders came from the seed rule base (rules as-is);0;0;R7[0.07] R20[0.13] R26[0.11] G1[0.06] A1[0.53] G2[0.37];0.11;0.24;0.04;0.85;0.56;0.00;0.93;0.04;0.1991;0.2444;1
152;152;Agent_1;orders came from the seed rule base (rules as-is);0;0;R7[0.07] R20[0.13] R26[0.11] G1[0.06] A1[0.53] G2[0.37];0.11;0.24;0.04;0.85;0.56;0.00;0.93;0.04;0.1997;0.2467;1
153;153;Agent_1;orders came from the seed rule base (rules as-is);0;0;R7[0.07] R20[0.13] R26[0.11] G1[0.06] A1[0.53] G2[0.37];0.11;0.24;0.04;0.85;0.56;0.00;0.93;0.04;0.2003;0.2471;1
154;154;Agent_1;orders came from the seed rule base (rules as-is);0;0;R7[0.07] R20[0.13] R26[0.11] G1[0.06] A1[0.53] G2[0.37];0.11;0.23;0.04;0.85;0.56;0.00;0.93;0.04;0.1997;0.2635;1
155;155;Agent_1;orders came from the seed rule base (rules as-is);0;0;R7[0.07] R20[0.13] R26[0.11] G1[0.06] A1[0.53] G2[0.37];0.11;0.23;0.04;0.85;0.56;0.00;0.93;0.04;0.1998;0.2474;1
156;156;Agent_1;orders came from the seed rule base (rules as-is);0;0;R7[0.07] R20[0.13] R26[0.10] G1[0.06] A1[0.53] G2[0.37];0.10;0.23;0.04;0.85;0.56;0.00;0.93;0.04;0.2013;0.2524;1
157;157;Agent_1;orders came from the seed rule base (rules as-is);0;0;R7[0.07] R20[0.13] R26[0.10] G1[0.06] A1[0.53] G2[0.37];0.10;0.23;0.04;0.85;0.56;0.00;0.93;0.04;0.2011;0.2455;1
158;158;Agent_1;orders came from the seed rule base (rules as-is);0;0;R7[0.07] R20[0.12] R26[0.10] G1[0.06] A1[0.53] G2[0.37];0.10;0.23;0.04;0.85;0.56;0.00;0.94;0.04;0.2013;0.2515;1
0;0;Agent_1;RL selected stage 1 [evFIS] (deficit bucket: low) → rejected (no improving perturbation found | seed-base decision stands, its orders are applied);1;0;R7[0.07] R20[0.19] G1[0.54] A1[0.53] G2[0.24];0.00;0.39;0.04;0.83;0.48;0.00;0.83;0.00;0.1795;0.1718;1
0;0;Agent_1;RL selected stage 1 [evFIS] (deficit bucket: low) → rejected (no improving perturbation found | seed-base decision stands, its orders are applied);1;0;R7[0.07] R20[0.19] G1[0.54] A1[0.53] G2[0.24];0.00;0.39;0.04;0.83;0.48;0.00;0.83;0.00;0.2338;0.2263;1
0;0;Agent_1;RL selected stage 2 [resolution increase] (deficit bucket: low) → rejected (cell already covered — an active rule sits on this antecedent cell; numeric tuning of an existing cell is stage ① evFIS's job | seed-base decision stands, its orders are applied);2;0;R7[0.07] R20[0.19] G1[0.38] A1[0.53] G2[0.24];0.00;0.33;0.04;0.84;0.48;0.00;0.84;0.00;0.3006;0.2927;1
1;1;Agent_1;orders came from the seed rule base (rules as-is);0;0;R7[0.07] R20[0.17] G1[0.49] A1[0.49] G2[0.22];0.00;0.35;0.04;0.83;0.44;0.00;0.83;0.00;0.1860;0.1775;1
1;1;Agent_1;orders came from the seed rule base (rules as-is);0;0;R7[0.07] R20[0.17] G1[0.49] A1[0.49] G2[0.22];0.00;0.35;0.04;0.83;0.44;0.00;0.83;0.00;0.2386;0.2317;1
1;1;Agent_1;orders came from the seed rule base (rules as-is);0;0;R7[0.07] R20[0.18] G1[0.35] A1[0.53] G2[0.27];0.00;0.31;0.04;0.84;0.50;0.00;0.87;0.12;0.3017;0.2931;1
2;2;Agent_1;orders came from the seed rule base (rules as-is);0;0;R7[0.07] R20[0.16] G1[0.47] A1[0.53] G2[0.27];0.00;0.34;0.04;0.84;0.50;0.00;0.86;0.12;0.1916;0.1837;1
2;2;Agent_1;orders came from the seed rule base (rules as-is);0;0;R7[0.07] R20[0.16] G1[0.47] A1[0.53] G2[0.27];0.00;0.34;0.04;0.84;0.50;0.00;0.86;0.12;0.2441;0.2373;1
2;2;Agent_1;orders came from the seed rule base (rules as-is);0;0;R7[0.07] R20[0.19] R26[0.04] G1[0.28] A1[0.53] G2[0.30];0.04;0.33;0.04;0.84;0.52;0.00;0.89;0.12;0.2895;0.2933;1
3;3;Agent_1;orders came from the seed rule base (rules as-is);0;0;R7[0.07] R20[0.17] R26[0.04] G1[0.40] A1[0.53] G2[0.30];0.04;0.36;0.04;0.84;0.52;0.00;0.91;0.12;0.1808;0.1885;1
3;3;Agent_1;orders came from the seed rule base (rules as-is);0;0;R7[0.07] R20[0.17] R26[0.04] G1[0.40] A1[0.53] G2[0.30];0.04;0.36;0.04;0.84;0.52;0.00;0.91;0.12;0.1973;0.2412;1
3;3;Agent_1;orders came from the seed rule base (rules as-is);0;0;R7[0.07] R20[0.19] R26[0.08] G1[0.22] A1[0.53] G2[0.31];0.08;0.34;0.04;0.85;0.52;0.00;0.89;0.12;0.2917;0.2934;1
4;4;Agent_1;orders came from the seed rule base (rules as-is);0;0;R7[0.07] R20[0.18] R26[0.08] G1[0.34] A1[0.53] G2[0.31];0.08;0.37;0.04;0.84;0.52;0.00;0.91;0.12;0.1756;0.1963;1
4;4;Agent_1;orders came from the seed rule base (rules as-is);0;0;R7[0.07] R20[0.18] R26[0.08] G1[0.34] A1[0.53] G2[0.31];0.08;0.37;0.04;0.84;0.52;0.00;0.91;0.12;0.1948;0.2450;1
4;4;Agent_1;orders came from the seed rule base (rules as-is);0;0;R7[0.07] R20[0.20] R26[0.11] G1[0.17] A1[0.53] G2[0.31];0.11;0.35;0.04;0.85;0.52;0.00;0.89;0.12;0.2897;0.2934;1
5;5;Agent_1;orders came from the seed rule base (rules as-is);0;0;R7[0.07] R20[0.19] R26[0.11] G1[0.29] A1[0.53] G2[0.31];0.11;0.39;0.04;0.84;0.52;0.00;0.91;0.12;0.1782;0.2004;1
5;5;Agent_1;orders came from the seed rule base (rules as-is);0;0;R7[0.07] R20[0.19] R26[0.11] G1[0.29] A1[0.53] G2[0.31];0.11;0.39;0.04;0.84;0.52;0.00;0.91;0.12;0.1970;0.2490;1
5;5;Agent_1;orders came from the seed rule base (rules as-is);0;0;R7[0.07] R20[0.20] R26[0.13] G1[0.14] A1[0.53] G2[0.31];0.13;0.36;0.04;0.85;0.52;0.00;0.90;0.12;0.2891;0.2935;1
6;6;Agent_1;orders came from the seed rule base (rules as-is);0;0;R7[0.07] R20[0.20] R26[0.13] G1[0.25] A1[0.53] G2[0.31];0.13;0.39;0.04;0.84;0.52;0.00;0.91;0.12;0.1781;0.2013;1
6;6;Agent_1;orders came from the seed rule base (rules as-is);0;0;R7[0.07] R20[0.20] R26[0.13] G1[0.25] A1[0.53] G2[0.31];0.13;0.39;0.04;0.84;0.52;0.00;0.91;0.12;0.2000;0.2470;1
6;6;Agent_1;orders came from the seed rule base (rules as-is);0;0;R7[0.07] R20[0.21] R26[0.14] G1[0.11] A1[0.53] G2[0.31];0.14;0.36;0.04;0.85;0.52;0.00;0.90;0.12;0.2910;0.2936;1
7;7;Agent_1;orders came from the seed rule base (rules as-is);0;0;R7[0.07] R20[0.20] R26[0.14] G1[0.23] A1[0.53] G2[0.31];0.14;0.40;0.04;0.84;0.52;0.00;0.91;0.12;0.1411;0.2038;1
7;7;Agent_1;orders came from the seed rule base (rules as-is);0;0;R7[0.07] R20[0.20] R26[0.14] G1[0.23] A1[0.53] G2[0.31];0.14;0.40;0.04;0.84;0.52;0.00;0.91;0.12;0.1690;0.2512;1
7;7;Agent_1;orders came from the seed rule base (rules as-is);0;0;R7[0.07] R20[0.21] R26[0.16] G1[0.09] A1[0.53] G2[0.31];0.16;0.37;0.04;0.84;0.52;0.00;0.90;0.12;0.2929;0.2937;1
8;8;Agent_1;orders came from the seed rule base (rules as-is);0;0;R7[0.07] R20[0.20] R26[0.16] G1[0.20] A1[0.53] G2[0.31];0.16;0.41;0.04;0.85;0.52;0.00;0.91;0.12;0.1216;0.2081;1
8;8;Agent_1;orders came from the seed rule base (rules as-is);0;0;R7[0.07] R20[0.20] R26[0.16] G1[0.20] A1[0.53] G2[0.31];0.16;0.41;0.04;0.85;0.52;0.00;0.91;0.12;0.1517;0.2511;1
8;8;Agent_1;orders came from the seed rule base (rules as-is);0;0;R7[0.07] R20[0.21] R26[0.17] G1[0.07] A1[0.53] G2[0.31];0.17;0.37;0.04;0.82;0.52;0.00;0.89;0.12;0.2956;0.2937;1
9;9;Agent_1;orders came from the seed rule base (rules as-is);0;0;R7[0.07] R20[0.21] R26[0.17] G1[0.18] A1[0.53] G2[0.31];0.17;0.41;0.04;0.85;0.52;0.00;0.92;0.12;0.1241;0.2087;1
9;9;Agent_1;orders came from the seed rule base (rules as-is);0;0;R7[0.07] R20[0.21] R26[0.17] G1[0.18] A1[0.53] G2[0.31];0.17;0.41;0.04;0.85;0.52;0.00;0.91;0.12;0.1572;0.2511;1
9;9;Agent_1;orders came from the seed rule base (rules as-is);0;0;R7[0.07] R20[0.21] R26[0.17] G1[0.05] A1[0.53] G2[0.31];0.17;0.37;0.04;0.81;0.52;0.00;0.89;0.12;0.2970;0.2938;1
10;10;Agent_1;orders came from the seed rule base (rules as-is);0;0;R7[0.07] R20[0.21] R26[0.17] G1[0.17] A1[0.53] G2[0.31];0.17;0.41;0.04;0.85;0.52;0.00;0.92;0.12;0.1265;0.2107;1
10;10;Agent_1;orders came from the seed rule base (rules as-is);0;0;R7[0.07] R20[0.21] R26[0.17] G1[0.17] A1[0.53] G2[0.31];0.17;0.41;0.04;0.85;0.52;0.00;0.92;0.12;0.1601;0.2533;1
10;10;Agent_1;RL selected stage 1 [evFIS] (deficit bucket: low) → rejected (no improving perturbation found | seed-base decision stands, its orders are applied);1;0;R7[0.07] R20[0.21] R26[0.18] G1[0.04] A1[0.53] G2[0.31];0.18;0.37;0.04;0.80;0.52;0.00;0.89;0.12;0.2955;0.2938;1
11;11;Agent_1;orders came from the seed rule base (rules as-is);0;0;R7[0.07] R20[0.21] R26[0.18] G1[0.16] A1[0.53] G2[0.31];0.18;0.41;0.04;0.85;0.52;0.00;0.92;0.11;0.1623;0.2105;1
11;11;Agent_1;orders came from the seed rule base (rules as-is);0;0;R7[0.07] R20[0.21] R26[0.18] G1[0.16] A1[0.53] G2[0.31];0.18;0.41;0.04;0.85;0.52;0.00;0.92;0.11;0.1580;0.2534;1
11;11;Agent_1;orders came from the seed rule base (rules as-is);0;0;R7[0.07] R20[0.21] R26[0.19] G1[0.03] A1[0.53] G2[0.31];0.19;0.38;0.04;0.80;0.52;0.00;0.89;0.11;0.2978;0.2938;1
12;12;Agent_1;orders came from the seed rule base (rules as-is);0;0;R7[0.07] R20[0.21] R26[0.18] G1[0.15] A1[0.53] G2[0.31];0.18;0.42;0.04;0.85;0.52;0.00;0.92;0.11;0.1263;0.2122;1
12;12;Agent_1;orders came from the seed rule base (rules as-is);0;0;R7[0.07] R20[0.21] R26[0.18] G1[0.15] A1[0.53] G2[0.31];0.18;0.42;0.04;0.85;0.52;0.00;0.92;0.11;0.1582;0.2540;1
12;12;Agent_1;orders came from the seed rule base (rules as-is);0;0;R7[0.07] R20[0.21] R26[0.19] G1[0.03] A1[0.53] G2[0.31];0.19;0.38;0.04;0.79;0.52;0.00;0.89;0.11;0.2992;0.2939;1
13;13;Agent_1;orders came from the seed rule base (rules as-is);0;0;R7[0.07] R20[0.21] R26[0.19] G1[0.14] A1[0.53] G2[0.31];0.19;0.42;0.04;0.85;0.52;0.00;0.92;0.11;0.1353;0.2125;1
13;13;Agent_1;orders came from the seed rule base (rules as-is);0;0;R7[0.07] R20[0.21] R26[0.19] G1[0.14] A1[0.53] G2[0.31];0.19;0.42;0.04;0.85;0.52;0.00;0.92;0.11;0.1857;0.2543;1
13;13;Agent_1;orders came from the seed rule base (rules as-is);0;0;R7[0.07] R20[0.21] R26[0.19] G1[0.02] A1[0.53] G2[0.31];0.19;0.38;0.04;0.79;0.52;0.00;0.89;0.11;0.2999;0.2940;1
14;14;Agent_1;orders came from the seed rule base (rules as-is);0;0;R7[0.07] R20[0.21] R26[0.19] G1[0.13] A1[0.53] G2[0.31];0.19;0.42;0.04;0.85;0.52;0.00;0.92;0.11;0.1377;0.2139;1
14;14;Agent_1;orders came from the seed rule base (rules as-is);0;0;R7[0.07] R20[0.21] R26[0.19] G1[0.13] A1[0.53] G2[0.31];0.19;0.42;0.04;0.85;0.52;0.00;0.92;0.11;0.1641;0.2585;1
14;14;Agent_1;orders came from the seed rule base (rules as-is);0;0;R7[0.07] R20[0.21] R26[0.19] G1[0.13] A1[0.53] G2[0.31];0.19;0.42;0.04;0.85;0.52;0.00;0.92;0.11;0.1641;0.2585;1
14;14;Agent_1;orders came from the seed rule base (rules as-is);0;0;R7[0.07] R20[0.21] R26[0.19] G1[0.02] A1[0.53] G2[0.31];0.19;0.38;0.04;0.78;0.52;0.00;0.89;0.11;0.3005;0.2940;1
15;15;Agent_1;orders came from the seed rule base (rules as-is);0;0;R7[0.07] R20[0.21] R26[0.19] G1[0.13] A1[0.53] G2[0.31];0.19;0.42;0.04;0.85;0.52;0.00;0.92;0.11;0.1457;0.2153;1
15;15;Agent_1;orders came from the seed rule base (rules as-is);0;0;R7[0.07] R20[0.21] R26[0.19] G1[0.13] A1[0.53] G2[0.31];0.19;0.42;0.04;0.85;0.52;0.00;0.92;0.11;0.1661;0.2555;1
15;15;Agent_1;orders came from the seed rule base (rules as-is);0;0;R7[0.07] R20[0.21] R26[0.19] G1[0.01] A1[0.53] G2[0.31];0.19;0.37;0.04;0.78;0.52;0.00;0.89;0.11;0.3013;0.2941;1
16;16;Agent_1;orders came from the seed rule base (rules as-is);0;0;R7[0.07] R20[0.21] R26[0.19] G1[0.13] A1[0.53] G2[0.31];0.19;0.41;0.04;0.85;0.52;0.00;0.92;0.11;0.1449;0.2174;1
16;16;Agent_1;orders came from the seed rule base (rules as-is);0;0;R7[0.07] R20[0.21] R26[0.19] G1[0.13] A1[0.53] G2[0.31];0.19;0.41;0.04;0.85;0.52;0.00;0.92;0.11;0.2018;0.2608;1
16;16;Agent_1;orders came from the seed rule base (rules as-is);0;0;R7[0.07] R20[0.21] R26[0.20] G1[0.01] A1[0.53] G2[0.31];0.20;0.37;0.04;0.78;0.52;0.00;0.89;0.11;0.3014;0.2941;1
17;17;Agent_1;orders came from the seed rule base (rules as-is);0;0;R7[0.07] R20[0.21] R26[0.19] G1[0.12] A1[0.53] G2[0.31];0.19;0.41;0.04;0.85;0.52;0.00;0.92;0.11;0.1511;0.2163;1
17;17;Agent_1;orders came from the seed rule base (rules as-is);0;0;R7[0.07] R20[0.21] R26[0.19] G1[0.12] A1[0.53] G2[0.31];0.19;0.41;0.04;0.85;0.52;0.00;0.92;0.11;0.1656;0.2590;1
17;17;Agent_1;orders came from the seed rule base (rules as-is);0;0;R7[0.07] R20[0.21] R26[0.20] A1[0.53] G2[0.31];0.20;0.37;0.04;0.78;0.52;0.00;0.89;0.11;0.3020;0.2942;1
18;18;Agent_1;orders came from the seed rule base (rules as-is);0;0;R7[0.07] R20[0.21] R26[0.20] G1[0.12] A1[0.53] G2[0.31];0.20;0.41;0.04;0.85;0.52;0.00;0.92;0.11;0.1645;0.2161;1
18;18;Agent_1;orders came from the seed rule base (rules as-is);0;0;R7[0.07] R20[0.21] R26[0.20] G1[0.12] A1[0.53] G2[0.31];0.20;0.41;0.04;0.85;0.52;0.00;0.92;0.11;0.1640;0.2571;1
18;18;Agent_1;orders came from the seed rule base (rules as-is);0;0;R7[0.07] R20[0.21] R26[0.20] A1[0.53] G2[0.31];0.20;0.37;0.04;0.77;0.52;0.00;0.89;0.11;0.3021;0.2942;1
19;19;Agent_1;orders came from the seed rule base (rules as-is);0;0;R7[0.07] R20[0.21] R26[0.20] G1[0.12] A1[0.53] G2[0.31];0.20;0.41;0.04;0.85;0.52;0.00;0.92;0.11;0.1673;0.2147;1
19;19;Agent_1;orders came from the seed rule base (rules as-is);0;0;R7[0.07] R20[0.21] R26[0.20] G1[0.12] A1[0.53] G2[0.31];0.20;0.41;0.04;0.85;0.52;0.00;0.92;0.11;0.1647;0.2586;1
19;19;Agent_1;orders came from the seed rule base (rules as-is);0;0;R7[0.07] R20[0.21] R26[0.20] A1[0.53] G2[0.31];0.20;0.37;0.04;0.77;0.52;0.00;0.89;0.11;0.3023;0.2943;1
19;19;Agent_1;orders came from the seed rule base (rules as-is);0;0;R7[0.07] R20[0.21] R26[0.20] G1[0.12] A1[0.53] G2[0.31];0.20;0.41;0.04;0.85;0.52;0.00;0.92;0.11;0.1673;0.2147;1
19;19;Agent_1;orders came from the seed rule base (rules as-is);0;0;R7[0.07] R20[0.21] R26[0.20] G1[0.12] A1[0.53] G2[0.31];0.20;0.41;0.04;0.85;0.52;0.00;0.92;0.11;0.1647;0.2586;1
19;19;Agent_1;orders came from the seed rule base (rules as-is);0;0;R7[0.07] R20[0.21] R26[0.20] A1[0.53] G2[0.31];0.20;0.37;0.04;0.77;0.52;0.00;0.89;0.11;0.3023;0.2943;1
19;19;Agent_1;orders came from the seed rule base (rules as-is);0;0;R7[0.07] R20[0.21] R26[0.20] A1[0.53] G2[0.31];0.20;0.37;0.04;0.77;0.52;0.00;0.89;0.11;0.3023;0.2943;1
20;20;Agent_1;orders came from the seed rule base (rules as-is);0;0;R7[0.07] R20[0.21] R26[0.20] G1[0.12] A1[0.53] G2[0.31];0.20;0.41;0.04;0.85;0.52;0.00;0.92;0.11;0.1349;0.2173;1
20;20;Agent_1;orders came from the seed rule base (rules as-is);0;0;R7[0.07] R20[0.21] R26[0.20] G1[0.12] A1[0.53] G2[0.31];0.20;0.41;0.04;0.85;0.52;0.00;0.92;0.11;0.1710;0.2622;1
20;20;Agent_1;RL selected stage 1 [evFIS] (deficit bucket: low) → rejected (no improving perturbation found | seed-base decision stands, its orders are applied);1;0;R7[0.07] R20[0.21] R26[0.20] A1[0.53] G2[0.31];0.20;0.37;0.04;0.77;0.52;0.00;0.89;0.11;0.3024;0.2944;1
21;21;Agent_1;orders came from the seed rule base (rules as-is);0;0;R7[0.07] R20[0.21] R26[0.20] G1[0.11] A1[0.53] G2[0.31];0.20;0.41;0.04;0.85;0.52;0.00;0.92;0.11;0.1383;0.2164;1
21;21;Agent_1;orders came from the seed rule base (rules as-is);0;0;R7[0.07] R20[0.21] R26[0.20] G1[0.11] A1[0.53] G2[0.31];0.20;0.41;0.04;0.85;0.52;0.00;0.92;0.11;0.1542;0.2603;1
21;21;Agent_1;orders came from the seed rule base (rules as-is);0;0;R7[0.07] R20[0.21] R26[0.20] A1[0.53] G2[0.31];0.20;0.37;0.04;0.77;0.52;0.00;0.88;0.11;0.3025;0.2944;1
22;22;Agent_1;orders came from the seed rule base (rules as-is);0;0;R7[0.07] R20[0.21] R26[0.20] G1[0.11] A1[0.53] G2[0.31];0.20;0.41;0.04;0.85;0.52;0.00;0.92;0.11;0.1421;0.2175;1
22;22;Agent_1;orders came from the seed rule base (rules as-is);0;0;R7[0.07] R20[0.21] R26[0.20] G1[0.11] A1[0.53] G2[0.31];0.20;0.41;0.04;0.85;0.52;0.00;0.92;0.11;0.1577;0.2612;1
22;22;Agent_1;orders came from the seed rule base (rules as-is);0;0;R7[0.07] R20[0.21] R26[0.20] A1[0.53] G2[0.31];0.20;0.37;0.04;0.77;0.52;0.00;0.88;0.11;0.3027;0.2945;1
23;23;Agent_1;orders came from the seed rule base (rules as-is);0;0;R7[0.07] R20[0.21] R26[0.20] G1[0.11] A1[0.53] G2[0.31];0.20;0.41;0.04;0.85;0.52;0.00;0.92;0.10;0.1521;0.2184;1
23;23;Agent_1;orders came from the seed rule base (rules as-is);0;0;R7[0.07] R20[0.21] R26[0.20] G1[0.11] A1[0.53] G2[0.31];0.20;0.41;0.04;0.85;0.52;0.00;0.92;0.10;0.1471;0.2625;1
23;23;Agent_1;orders came from the seed rule base (rules as-is);0;0;R7[0.07] R20[0.21] R26[0.20] A1[0.53] G2[0.31];0.20;0.37;0.04;0.77;0.52;0.00;0.88;0.10;0.3031;0.2946;1
24;24;Agent_1;orders came from the seed rule base (rules as-is);0;0;R7[0.07] R20[0.21] R26[0.19] G1[0.11] A1[0.53] G2[0.31];0.19;0.41;0.04;0.85;0.52;0.00;0.92;0.10;0.1704;0.2165;1
24;24;Agent_1;orders came from the seed rule base (rules as-is);0;0;R7[0.07] R20[0.21] R26[0.19] G1[0.11] A1[0.53] G2[0.31];0.19;0.41;0.04;0.85;0.52;0.00;0.92;0.10;0.1518;0.2597;1
24;24;Agent_1;orders came from the seed rule base (rules as-is);0;0;R7[0.07] R20[0.21] R26[0.20] A1[0.53] G2[0.31];0.20;0.37;0.04;0.77;0.52;0.00;0.88;0.10;0.3030;0.2947;1
25;25;Agent_1;orders came from the seed rule base (rules as-is);0;0;R7[0.07] R20[0.21] R26[0.19] G1[0.11] A1[0.53] G2[0.31];0.19;0.40;0.04;0.85;0.52;0.00;0.92;0.10;0.1752;0.2179;1
25;25;Agent_1;orders came from the seed rule base (rules as-is);0;0;R7[0.07] R20[0.21] R26[0.19] G1[0.11] A1[0.53] G2[0.31];0.19;0.40;0.04;0.85;0.52;0.00;0.92;0.10;0.1545;0.2603;1
25;25;Agent_1;orders came from the seed rule base (rules as-is);0;0;R7[0.07] R20[0.21] R26[0.19] A1[0.53] G2[0.31];0.19;0.36;0.04;0.77;0.52;0.00;0.88;0.10;0.3029;0.2947;1
26;26;Agent_1;orders came from the seed rule base (rules as-is);0;0;R7[0.07] R20[0.21] R26[0.19] G1[0.11] A1[0.53] G2[0.31];0.19;0.40;0.04;0.85;0.52;0.00;0.92;0.10;0.1349;0.2180;1
26;26;Agent_1;orders came from the seed rule base (rules as-is);0;0;R7[0.07] R20[0.21] R26[0.19] G1[0.11] A1[0.53] G2[0.31];0.19;0.40;0.04;0.85;0.52;0.00;0.92;0.10;0.1567;0.2614;1
26;26;Agent_1;orders came from the seed rule base (rules as-is);0;0;R7[0.07] R20[0.21] R26[0.19] A1[0.53] G2[0.31];0.19;0.36;0.04;0.77;0.52;0.00;0.88;0.10;0.3034;0.2947;1
27;27;Agent_1;orders came from the seed rule base (rules as-is);0;0;R7[0.07] R20[0.21] R26[0.19] G1[0.11] A1[0.53] G2[0.31];0.19;0.40;0.04;0.85;0.52;0.00;0.92;0.10;0.1383;0.2171;1
27;27;Agent_1;orders came from the seed rule base (rules as-is);0;0;R7[0.07] R20[0.21] R26[0.19] G1[0.11] A1[0.53] G2[0.31];0.19;0.40;0.04;0.85;0.52;0.00;0.92;0.10;0.1549;0.2581;1
27;27;Agent_1;orders came from the seed rule base (rules as-is);0;0;R7[0.07] R20[0.21] R26[0.19] A1[0.53] G2[0.31];0.19;0.36;0.04;0.77;0.52;0.00;0.88;0.10;0.3025;0.2948;1
28;28;Agent_1;orders came from the seed rule base (rules as-is);0;0;R7[0.07] R20[0.21] R26[0.19] G1[0.11] A1[0.53] G2[0.31];0.19;0.40;0.04;0.85;0.52;0.00;0.92;0.10;0.1405;0.2177;1
28;28;Agent_1;orders came from the seed rule base (rules as-is);0;0;R7[0.07] R20[0.21] R26[0.19] G1[0.11] A1[0.53] G2[0.31];0.19;0.40;0.04;0.85;0.52;0.00;0.92;0.10;0.1570;0.2600;1
28;28;Agent_1;orders came from the seed rule base (rules as-is);0;0;R7[0.07] R20[0.21] R26[0.19] A1[0.53] G2[0.31];0.19;0.36;0.04;0.77;0.52;0.00;0.88;0.10;0.3023;0.2949;1
29;29;Agent_1;orders came from the seed rule base (rules as-is);0;0;R7[0.07] R20[0.20] R26[0.19] G1[0.11] A1[0.53] G2[0.31];0.19;0.40;0.04;0.85;0.52;0.00;0.92;0.10;0.1380;0.2171;1
29;29;Agent_1;orders came from the seed rule base (rules as-is);0;0;R7[0.07] R20[0.20] R26[0.19] G1[0.11] A1[0.53] G2[0.31];0.19;0.40;0.04;0.85;0.52;0.00;0.92;0.10;0.1548;0.2580;1
29;29;Agent_1;orders came from the seed rule base (rules as-is);0;0;R7[0.07] R20[0.20] R26[0.19] A1[0.53] G2[0.31];0.19;0.36;0.04;0.77;0.52;0.00;0.88;0.10;0.3025;0.2949;1
30;30;Agent_1;orders came from the seed rule base (rules as-is);0;0;R7[0.07] R20[0.20] R26[0.19] G1[0.11] A1[0.53] G2[0.31];0.19;0.40;0.04;0.85;0.52;0.00;0.92;0.10;0.1777;0.2167;1
30;30;Agent_1;orders came from the seed rule base (rules as-is);0;0;R7[0.07] R20[0.20] R26[0.19] G1[0.11] A1[0.53] G2[0.31];0.19;0.40;0.04;0.85;0.52;0.00;0.92;0.10;0.1584;0.2565;1
30;30;Agent_1;RL selected stage 1 [evFIS] (deficit bucket: low) → rejected (no improving perturbation found | seed-base decision stands, its orders are applied);1;0;R7[0.07] R20[0.20] R26[0.19] A1[0.53] G2[0.31];0.19;0.36;0.04;0.77;0.52;0.00;0.88;0.10;0.3016;0.2950;1
31;31;Agent_1;orders came from the seed rule base (rules as-is);0;0;R7[0.07] R20[0.20] R26[0.19] G1[0.11] A1[0.53] G2[0.31];0.19;0.40;0.04;0.85;0.52;0.00;0.92;0.10;0.1771;0.2279;1
31;31;Agent_1;orders came from the seed rule base (rules as-is);0;0;R7[0.07] R20[0.20] R26[0.19] G1[0.11] A1[0.53] G2[0.31];0.19;0.40;0.04;0.85;0.52;0.00;0.92;0.10;0.1897;0.2583;1
31;31;Agent_1;orders came from the seed rule base (rules as-is);0;0;R7[0.07] R20[0.20] R26[0.19] A1[0.53] G2[0.32];0.19;0.36;0.04;0.78;0.53;0.00;0.89;0.10;0.3021;0.2951;1
32;32;Agent_1;orders came from the seed rule base (rules as-is);0;0;R7[0.07] R20[0.20] R26[0.19] G1[0.10] A1[0.53] G2[0.31];0.19;0.39;0.04;0.85;0.52;0.00;0.92;0.10;0.1810;0.2148;1
32;32;Agent_1;orders came from the seed rule base (rules as-is);0;0;R7[0.07] R20[0.20] R26[0.19] G1[0.10] A1[0.53] G2[0.31];0.19;0.39;0.04;0.85;0.52;0.00;0.92;0.10;0.1583;0.2551;1
32;32;Agent_1;orders came from the seed rule base (rules as-is);0;0;R7[0.07] R20[0.21] R26[0.19] A1[0.53] G2[0.34];0.19;0.36;0.04;0.80;0.54;0.00;0.89;0.10;0.3031;0.2951;1
33;33;Agent_1;orders came from the seed rule base (rules as-is);0;0;R7[0.07] R20[0.20] R26[0.19] G1[0.10] A1[0.53] G2[0.31];0.19;0.39;0.04;0.85;0.52;0.00;0.92;0.10;0.1779;0.2250;1
33;33;Agent_1;orders came from the seed rule base (rules as-is);0;0;R7[0.07] R20[0.20] R26[0.19] G1[0.10] A1[0.53] G2[0.31];0.19;0.39;0.04;0.85;0.52;0.00;0.92;0.10;0.1531;0.2548;1
33;33;Agent_1;orders came from the seed rule base (rules as-is);0;0;R7[0.07] R20[0.21] R26[0.19] A1[0.53] G2[0.37];0.19;0.36;0.04;0.82;0.56;0.00;0.90;0.10;0.3026;0.2952;1
34;34;Agent_1;orders came from the seed rule base (rules as-is);0;0;R7[0.07] R20[0.20] R26[0.19] G1[0.10] A1[0.53] G2[0.31];0.19;0.39;0.04;0.85;0.52;0.00;0.92;0.10;0.1516;0.2255;1
34;34;Agent_1;orders came from the seed rule base (rules as-is);0;0;R7[0.07] R20[0.20] R26[0.19] G1[0.10] A1[0.53] G2[0.31];0.19;0.39;0.04;0.85;0.52;0.00;0.92;0.10;0.1543;0.2556;1
34;34;Agent_1;orders came from the seed rule base (rules as-is);0;0;R7[0.07] R20[0.21] R26[0.19] A1[0.53] G2[0.39];0.19;0.37;0.04;0.84;0.57;0.00;0.91;0.10;0.3019;0.2953;1
35;35;Agent_1;orders came from the seed rule base (rules as-is);0;0;R7[0.07] R20[0.20] R26[0.19] G1[0.10] A1[0.53] G2[0.31];0.19;0.39;0.04;0.85;0.52;0.00;0.92;0.10;0.1537;0.2256;1
35;35;Agent_1;orders came from the seed rule base (rules as-is);0;0;R7[0.07] R20[0.20] R26[0.19] G1[0.10] A1[0.53] G2[0.31];0.19;0.39;0.04;0.85;0.52;0.00;0.92;0.10;0.1554;0.2566;1
35;35;Agent_1;orders came from the seed rule base (rules as-is);0;0;R7[0.07] R20[0.22] R26[0.19] A1[0.53] G2[0.41];0.19;0.37;0.04;0.86;0.59;0.00;0.91;0.10;0.3018;0.2953;1
36;36;Agent_1;orders came from the seed rule base (rules as-is);0;0;R7[0.07] R20[0.20] R26[0.19] G1[0.10] A1[0.53] G2[0.31];0.19;0.39;0.04;0.85;0.52;0.00;0.92;0.09;0.1553;0.2255;1
36;36;Agent_1;orders came from the seed rule base (rules as-is);0;0;R7[0.07] R20[0.20] R26[0.19] G1[0.10] A1[0.53] G2[0.31];0.19;0.39;0.04;0.85;0.52;0.00;0.92;0.09;0.1595;0.2536;1
36;36;Agent_1;orders came from the seed rule base (rules as-is);0;0;R7[0.07] R20[0.23] R26[0.19] A1[0.53] G2[0.44];0.19;0.38;0.04;0.86;0.61;0.00;0.91;0.09;0.3011;0.2954;1
37;37;Agent_1;orders came from the seed rule base (rules as-is);0;0;R7[0.07] R20[0.20] R26[0.19] G1[0.10] A1[0.53] G2[0.31];0.19;0.39;0.04;0.85;0.52;0.00;0.92;0.09;0.1516;0.2263;1
37;37;Agent_1;orders came from the seed rule base (rules as-is);0;0;R7[0.07] R20[0.20] R26[0.19] G1[0.10] A1[0.53] G2[0.31];0.19;0.39;0.04;0.85;0.52;0.00;0.92;0.09;0.1553;0.2540;1
37;37;Agent_1;orders came from the seed rule base (rules as-is);0;0;R7[0.07] R20[0.23] R26[0.19] A1[0.53] G2[0.47];0.19;0.38;0.04;0.86;0.63;0.00;0.92;0.09;0.2996;0.2955;1
38;38;Agent_1;orders came from the seed rule base (rules as-is);0;0;R7[0.07] R20[0.20] R26[0.19] G1[0.10] A1[0.53] G2[0.31];0.19;0.38;0.04;0.85;0.52;0.00;0.92;0.09;0.1446;0.2216;1
38;38;Agent_1;orders came from the seed rule base (rules as-is);0;0;R7[0.07] R20[0.20] R26[0.19] G1[0.10] A1[0.53] G2[0.31];0.19;0.38;0.04;0.85;0.52;0.00;0.92;0.09;0.1614;0.2534;1
38;38;Agent_1;orders came from the seed rule base (rules as-is);0;0;R7[0.07] R20[0.24] R26[0.19] A1[0.53] G2[0.51];0.19;0.39;0.04;0.86;0.63;0.00;0.92;0.09;0.3021;0.2956;1
39;39;Agent_1;orders came from the seed rule base (rules as-is);0;0;R7[0.07] R20[0.20] R26[0.19] G1[0.10] A1[0.53] G2[0.31];0.19;0.38;0.04;0.85;0.52;0.00;0.92;0.09;0.1416;0.2202;1
39;39;Agent_1;orders came from the seed rule base (rules as-is);0;0;R7[0.07] R20[0.20] R26[0.19] G1[0.10] A1[0.53] G2[0.31];0.19;0.38;0.04;0.85;0.52;0.00;0.92;0.09;0.1626;0.2526;1
39;39;Agent_1;orders came from the seed rule base (rules as-is);0;0;R7[0.07] R20[0.25] R26[0.19] A1[0.53] G2[0.54];0.19;0.40;0.04;0.85;0.63;0.00;0.92;0.09;0.2968;0.2957;1
40;40;Agent_1;orders came from the seed rule base (rules as-is);0;0;R7[0.07] R20[0.20] R26[0.18] G1[0.10] A1[0.53] G2[0.31];0.18;0.38;0.04;0.85;0.52;0.00;0.92;0.09;0.1428;0.2150;1
40;40;Agent_1;orders came from the seed rule base (rules as-is);0;0;R7[0.07] R20[0.20] R26[0.18] G1[0.10] A1[0.53] G2[0.31];0.18;0.38;0.04;0.85;0.52;0.00;0.92;0.09;0.1660;0.2532;1
40;40;Agent_1;RL selected stage 1 [evFIS] (deficit bucket: low) → rejected (no improving perturbation found | seed-base decision stands, its orders are applied);1;0;R7[0.07] R20[0.26] R26[0.18] A1[0.53] G2[0.56];0.18;0.41;0.04;0.85;0.63;0.00;0.92;0.09;0.2965;0.2958;1
41;41;Agent_1;orders came from the seed rule base (rules as-is);0;0;R7[0.07] R20[0.19] R26[0.18] G1[0.10] A1[0.53] G2[0.31];0.18;0.38;0.04;0.85;0.52;0.00;0.92;0.09;0.1435;0.2202;1
41;41;Agent_1;orders came from the seed rule base (rules as-is);0;0;R7[0.07] R20[0.19] R26[0.18] G1[0.10] A1[0.53] G2[0.31];0.18;0.38;0.04;0.85;0.52;0.00;0.92;0.09;0.1566;0.2532;1
41;41;Agent_1;orders came from the seed rule base (rules as-is);0;0;R7[0.07] R20[0.27] R26[0.18] A1[0.53] G2[0.58];0.18;0.42;0.04;0.85;0.63;0.00;0.92;0.09;0.2965;0.2958;1
42;42;Agent_1;orders came from the seed rule base (rules as-is);0;0;R7[0.07] R20[0.19] R26[0.18] G1[0.10] A1[0.53] G2[0.31];0.18;0.38;0.04;0.85;0.52;0.00;0.92;0.09;0.1426;0.2099;1
42;42;Agent_1;orders came from the seed rule base (rules as-is);0;0;R7[0.07] R20[0.19] R26[0.18] G1[0.10] A1[0.53] G2[0.31];0.18;0.38;0.04;0.85;0.52;0.00;0.92;0.09;0.1568;0.2453;1
42;42;Agent_1;orders came from the seed rule base (rules as-is);0;0;R7[0.07] R20[0.28] R26[0.18] A1[0.53] G2[0.60];0.18;0.42;0.04;0.85;0.63;0.00;0.92;0.09;0.2941;0.2959;1
43;43;Agent_1;orders came from the seed rule base (rules as-is);0;0;R7[0.07] R20[0.19] R26[0.18] G1[0.10] A1[0.53] G2[0.31];0.18;0.38;0.04;0.85;0.52;0.00;0.92;0.09;0.1439;0.2083;1
43;43;Agent_1;orders came from the seed rule base (rules as-is);0;0;R7[0.07] R20[0.19] R26[0.18] G1[0.10] A1[0.53] G2[0.31];0.18;0.38;0.04;0.85;0.52;0.00;0.92;0.09;0.1594;0.2458;1
43;43;Agent_1;orders came from the seed rule base (rules as-is);0;0;R7[0.07] R20[0.28] R26[0.18] A1[0.53] G2[0.60];0.18;0.43;0.04;0.85;0.63;0.00;0.92;0.09;0.3002;0.2961;1
44;44;Agent_1;orders came from the seed rule base (rules as-is);0;0;R7[0.07] R20[0.19] R26[0.18] G1[0.10] A1[0.53] G2[0.31];0.18;0.38;0.04;0.85;0.52;0.00;0.92;0.09;0.1572;0.2476;1
44;44;Agent_1;orders came from the seed rule base (rules as-is);0;0;R7[0.07] R20[0.29] R26[0.18] A1[0.53] G2[0.60];0.18;0.43;0.04;0.85;0.63;0.00;0.92;0.09;0.2970;0.2961;1
45;45;Agent_1;orders came from the seed rule base (rules as-is);0;0;R7[0.07] R20[0.19] R26[0.18] G1[0.10] A1[0.53] G2[0.31];0.18;0.37;0.04;0.85;0.52;0.00;0.92;0.09;0.1608;0.2462;1
45;45;Agent_1;orders came from the seed rule base (rules as-is);0;0;R7[0.07] R20[0.29] R26[0.18] A1[0.53] G2[0.60];0.18;0.44;0.04;0.85;0.63;0.00;0.92;0.09;0.2969;0.2962;1
46;46;Agent_1;orders came from the seed rule base (rules as-is);0;0;R7[0.07] R20[0.19] R26[0.18] G1[0.10] A1[0.53] G2[0.31];0.18;0.37;0.04;0.85;0.52;0.00;0.92;0.09;0.1657;0.2476;1
46;46;Agent_1;orders came from the seed rule base (rules as-is);0;0;R7[0.07] R20[0.30] R26[0.18] A1[0.53] G2[0.60];0.18;0.44;0.04;0.85;0.63;0.00;0.92;0.09;0.2954;0.2963;1
47;47;Agent_1;orders came from the seed rule base (rules as-is);0;0;R7[0.07] R20[0.19] R26[0.18] G1[0.10] A1[0.53] G2[0.31];0.18;0.37;0.04;0.85;0.52;0.00;0.92;0.09;0.1802;0.2459;1
47;47;Agent_1;orders came from the seed rule base (rules as-is);0;0;R7[0.07] R20[0.30] R26[0.18] A1[0.53] G2[0.60];0.18;0.44;0.04;0.85;0.63;0.00;0.92;0.09;0.2982;0.2964;1
48;48;Agent_1;orders came from the seed rule base (rules as-is);0;0;R7[0.07] R20[0.19] R26[0.18] G1[0.10] A1[0.53] G2[0.31];0.18;0.37;0.04;0.85;0.52;0.00;0.92;0.09;0.1743;0.2472;1
48;48;Agent_1;orders came from the seed rule base (rules as-is);0;0;R7[0.07] R20[0.30] R26[0.18] A1[0.53] G2[0.60];0.18;0.44;0.04;0.85;0.63;0.00;0.92;0.09;0.2962;0.2966;1
49;49;Agent_1;orders came from the seed rule base (rules as-is);0;0;R7[0.07] R20[0.19] R26[0.18] G1[0.10] A1[0.53] G2[0.31];0.18;0.37;0.04;0.85;0.52;0.00;0.92;0.09;0.1745;0.2470;1
49;49;Agent_1;orders came from the seed rule base (rules as-is);0;0;R7[0.07] R20[0.30] R26[0.18] A1[0.53] G2[0.60];0.18;0.44;0.04;0.85;0.63;0.00;0.92;0.09;0.2997;0.2967;1
50;50;Agent_1;orders came from the seed rule base (rules as-is);0;0;R7[0.07] R20[0.19] R26[0.18] G1[0.10] A1[0.53] G2[0.31];0.18;0.37;0.04;0.85;0.52;0.00;0.92;0.09;0.1655;0.2490;1
50;50;Agent_1;RL selected stage 1 [evFIS] (deficit bucket: low) → rejected (no improving perturbation found | seed-base decision stands, its orders are applied);1;0;R7[0.07] R20[0.30] R26[0.18] A1[0.53] G2[0.60];0.18;0.44;0.04;0.85;0.63;0.00;0.92;0.09;0.2987;0.2968;1
51;51;Agent_1;orders came from the seed rule base (rules as-is);0;0;R7[0.07] R20[0.19] R26[0.18] G1[0.10] A1[0.53] G2[0.31];0.18;0.36;0.04;0.85;0.52;0.00;0.92;0.08;0.1524;0.2542;1
51;51;Agent_1;orders came from the seed rule base (rules as-is);0;0;R7[0.07] R20[0.30] R26[0.18] A1[0.53] G2[0.60];0.18;0.44;0.04;0.85;0.63;0.00;0.92;0.08;0.3002;0.2969;1
52;52;Agent_1;orders came from the seed rule base (rules as-is);0;0;R7[0.07] R20[0.19] R26[0.18] G1[0.10] A1[0.53] G2[0.31];0.18;0.36;0.04;0.85;0.52;0.00;0.92;0.08;0.1551;0.2503;1
52;52;Agent_1;orders came from the seed rule base (rules as-is);0;0;R7[0.07] R20[0.30] R26[0.18] A1[0.53] G2[0.60];0.18;0.44;0.04;0.85;0.63;0.00;0.92;0.08;0.2972;0.2970;1
0;0;Agent_1;RL selected stage 1 [evFIS] (deficit bucket: low) → rejected (no improving perturbation found | seed-base decision stands, its orders are applied);1;0;R7[0.07] R20[0.19] G1[0.54] A1[0.53] G2[0.24];0.00;0.39;0.04;0.83;0.48;0.00;0.83;0.00;0.1795;0.1718;1
0;0;Agent_1;RL selected stage 1 [evFIS] (deficit bucket: low) → rejected (no improving perturbation found | seed-base decision stands, its orders are applied);1;0;R7[0.07] R20[0.19] G1[0.54] A1[0.53] G2[0.24];0.00;0.39;0.04;0.83;0.48;0.00;0.83;0.00;0.2338;0.2263;1
0;0;Agent_1;RL selected stage 2 [resolution increase] (deficit bucket: low) → rejected (cell already covered — an active rule sits on this antecedent cell; numeric tuning of an existing cell is stage ① evFIS's job | seed-base decision stands, its orders are applied);2;0;R7[0.07] R20[0.19] G1[0.38] A1[0.53] G2[0.24];0.00;0.33;0.04;0.84;0.48;0.00;0.84;0.00;0.3006;0.2927;1
0;0;Agent_1;RL selected stage 1 [evFIS] (deficit bucket: low) → rejected (no improving perturbation found | seed-base decision stands, its orders are applied);1;0;R7[0.07] R20[0.19] G1[0.54] A1[0.53] G2[0.24];0.00;0.39;0.04;0.83;0.48;0.00;0.83;0.00;0.0904;0.0830;1
1;1;Agent_1;orders came from the seed rule base (rules as-is);0;0;R7[0.07] R20[0.17] G1[0.49] A1[0.49] G2[0.22];0.00;0.35;0.04;0.83;0.44;0.00;0.83;0.00;0.1860;0.1775;1
1;1;Agent_1;orders came from the seed rule base (rules as-is);0;0;R7[0.07] R20[0.17] G1[0.49] A1[0.49] G2[0.22];0.00;0.35;0.04;0.83;0.44;0.00;0.83;0.00;0.2386;0.2317;1
1;1;Agent_1;orders came from the seed rule base (rules as-is);0;0;R7[0.07] R20[0.18] G1[0.35] A1[0.53] G2[0.27];0.00;0.31;0.04;0.84;0.50;0.00;0.87;0.12;0.3017;0.2931;1
1;1;Agent_1;orders came from the seed rule base (rules as-is);0;0;R7[0.07] R20[0.18] G1[0.52] A1[0.53] G2[0.27];0.00;0.37;0.04;0.84;0.50;0.00;0.86;0.12;0.0937;0.0857;1
2;2;Agent_1;orders came from the seed rule base (rules as-is);0;0;R7[0.07] R20[0.16] G1[0.47] A1[0.53] G2[0.27];0.00;0.34;0.04;0.84;0.50;0.00;0.86;0.12;0.1916;0.1837;1
2;2;Agent_1;orders came from the seed rule base (rules as-is);0;0;R7[0.07] R20[0.16] G1[0.47] A1[0.53] G2[0.27];0.00;0.34;0.04;0.84;0.50;0.00;0.86;0.12;0.2441;0.2373;1
2;2;Agent_1;orders came from the seed rule base (rules as-is);0;0;R7[0.07] R20[0.19] R26[0.04] G1[0.28] A1[0.53] G2[0.30];0.04;0.33;0.04;0.84;0.52;0.00;0.89;0.12;0.2895;0.2933;1
2;2;Agent_1;orders came from the seed rule base (rules as-is);0;0;R7[0.07] R20[0.19] R26[0.04] G1[0.43] A1[0.53] G2[0.30];0.04;0.38;0.04;0.84;0.52;0.00;0.90;0.12;0.0358;0.0902;1
3;3;Agent_1;orders came from the seed rule base (rules as-is);0;0;R7[0.07] R20[0.17] R26[0.04] G1[0.40] A1[0.53] G2[0.30];0.04;0.36;0.04;0.84;0.52;0.00;0.91;0.12;0.1808;0.1885;1
3;3;Agent_1;orders came from the seed rule base (rules as-is);0;0;R7[0.07] R20[0.17] R26[0.04] G1[0.40] A1[0.53] G2[0.30];0.04;0.36;0.04;0.84;0.52;0.00;0.91;0.12;0.1973;0.2412;1
3;3;Agent_1;orders came from the seed rule base (rules as-is);0;0;R7[0.07] R20[0.19] R26[0.08] G1[0.22] A1[0.53] G2[0.31];0.08;0.34;0.04;0.85;0.52;0.00;0.89;0.12;0.2917;0.2934;1
3;3;Agent_1;orders came from the seed rule base (rules as-is);0;0;R7[0.07] R20[0.19] R26[0.08] G1[0.36] A1[0.53] G2[0.31];0.08;0.39;0.04;0.84;0.52;0.00;0.91;0.12;0.0358;0.0902;1
4;4;Agent_1;orders came from the seed rule base (rules as-is);0;0;R7[0.07] R20[0.18] R26[0.08] G1[0.34] A1[0.53] G2[0.31];0.08;0.37;0.04;0.84;0.52;0.00;0.91;0.12;0.1756;0.1963;1
4;4;Agent_1;orders came from the seed rule base (rules as-is);0;0;R7[0.07] R20[0.18] R26[0.08] G1[0.34] A1[0.53] G2[0.31];0.08;0.37;0.04;0.84;0.52;0.00;0.91;0.12;0.1948;0.2450;1
4;4;Agent_1;orders came from the seed rule base (rules as-is);0;0;R7[0.07] R20[0.20] R26[0.11] G1[0.17] A1[0.53] G2[0.31];0.11;0.35;0.04;0.85;0.52;0.00;0.89;0.12;0.2897;0.2934;1
4;4;Agent_1;orders came from the seed rule base (rules as-is);0;0;R7[0.07] R20[0.20] R26[0.11] G1[0.31] A1[0.53] G2[0.31];0.11;0.40;0.04;0.84;0.52;0.00;0.91;0.12;0.0366;0.0909;1
5;5;Agent_1;orders came from the seed rule base (rules as-is);0;0;R7[0.07] R20[0.19] R26[0.11] G1[0.29] A1[0.53] G2[0.31];0.11;0.39;0.04;0.84;0.52;0.00;0.91;0.12;0.1782;0.2004;1
5;5;Agent_1;orders came from the seed rule base (rules as-is);0;0;R7[0.07] R20[0.19] R26[0.11] G1[0.29] A1[0.53] G2[0.31];0.11;0.39;0.04;0.84;0.52;0.00;0.91;0.12;0.1970;0.2490;1
5;5;Agent_1;orders came from the seed rule base (rules as-is);0;0;R7[0.07] R20[0.20] R26[0.13] G1[0.14] A1[0.53] G2[0.31];0.13;0.36;0.04;0.85;0.52;0.00;0.90;0.12;0.2891;0.2935;1
5;5;Agent_1;orders came from the seed rule base (rules as-is);0;0;R7[0.07] R20[0.20] R26[0.13] G1[0.27] A1[0.53] G2[0.31];0.13;0.41;0.04;0.84;0.52;0.00;0.91;0.12;0.0366;0.0922;1
6;6;Agent_1;orders came from the seed rule base (rules as-is);0;0;R7[0.07] R20[0.20] R26[0.13] G1[0.25] A1[0.53] G2[0.31];0.13;0.39;0.04;0.84;0.52;0.00;0.91;0.12;0.1781;0.2013;1
6;6;Agent_1;orders came from the seed rule base (rules as-is);0;0;R7[0.07] R20[0.20] R26[0.13] G1[0.25] A1[0.53] G2[0.31];0.13;0.39;0.04;0.84;0.52;0.00;0.91;0.12;0.2000;0.2470;1
6;6;Agent_1;orders came from the seed rule base (rules as-is);0;0;R7[0.07] R20[0.21] R26[0.14] G1[0.11] A1[0.53] G2[0.31];0.14;0.36;0.04;0.85;0.52;0.00;0.90;0.12;0.2910;0.2936;1
6;6;Agent_1;orders came from the seed rule base (rules as-is);0;0;R7[0.07] R20[0.21] R26[0.14] G1[0.24] A1[0.53] G2[0.31];0.14;0.41;0.04;0.84;0.52;0.00;0.91;0.12;0.0383;0.0948;1
7;7;Agent_1;orders came from the seed rule base (rules as-is);0;0;R7[0.07] R20[0.20] R26[0.14] G1[0.23] A1[0.53] G2[0.31];0.14;0.40;0.04;0.84;0.52;0.00;0.91;0.12;0.1411;0.2038;1
7;7;Agent_1;orders came from the seed rule base (rules as-is);0;0;R7[0.07] R20[0.20] R26[0.14] G1[0.23] A1[0.53] G2[0.31];0.14;0.40;0.04;0.84;0.52;0.00;0.91;0.12;0.1690;0.2512;1
7;7;Agent_1;orders came from the seed rule base (rules as-is);0;0;R7[0.07] R20[0.21] R26[0.16] G1[0.09] A1[0.53] G2[0.31];0.16;0.37;0.04;0.84;0.52;0.00;0.90;0.12;0.2929;0.2937;1
7;7;Agent_1;orders came from the seed rule base (rules as-is);0;0;R7[0.07] R20[0.21] R26[0.16] G1[0.21] A1[0.53] G2[0.31];0.16;0.42;0.04;0.85;0.52;0.00;0.91;0.12;0.0383;0.0973;1
8;8;Agent_1;orders came from the seed rule base (rules as-is);0;0;R7[0.07] R20[0.20] R26[0.16] G1[0.20] A1[0.53] G2[0.31];0.16;0.41;0.04;0.85;0.52;0.00;0.91;0.12;0.1216;0.2081;1
8;8;Agent_1;orders came from the seed rule base (rules as-is);0;0;R7[0.07] R20[0.20] R26[0.16] G1[0.20] A1[0.53] G2[0.31];0.16;0.41;0.04;0.85;0.52;0.00;0.91;0.12;0.1517;0.2511;1
8;8;Agent_1;orders came from the seed rule base (rules as-is);0;0;R7[0.07] R20[0.21] R26[0.17] G1[0.07] A1[0.53] G2[0.31];0.17;0.37;0.04;0.82;0.52;0.00;0.89;0.12;0.2956;0.2937;1
8;8;Agent_1;orders came from the seed rule base (rules as-is);0;0;R7[0.07] R20[0.21] R26[0.17] G1[0.19] A1[0.53] G2[0.31];0.17;0.42;0.04;0.85;0.52;0.00;0.92;0.12;0.0400;0.0955;1
9;9;Agent_1;orders came from the seed rule base (rules as-is);0;0;R7[0.07] R20[0.21] R26[0.17] G1[0.18] A1[0.53] G2[0.31];0.17;0.41;0.04;0.85;0.52;0.00;0.92;0.12;0.1241;0.2087;1
9;9;Agent_1;orders came from the seed rule base (rules as-is);0;0;R7[0.07] R20[0.21] R26[0.17] G1[0.18] A1[0.53] G2[0.31];0.17;0.41;0.04;0.85;0.52;0.00;0.91;0.12;0.1572;0.2511;1
9;9;Agent_1;orders came from the seed rule base (rules as-is);0;0;R7[0.07] R20[0.21] R26[0.17] G1[0.05] A1[0.53] G2[0.31];0.17;0.37;0.04;0.81;0.52;0.00;0.89;0.12;0.2970;0.2938;1
9;9;Agent_1;orders came from the seed rule base (rules as-is);0;0;R7[0.07] R20[0.21] R26[0.17] G1[0.18] A1[0.53] G2[0.31];0.17;0.42;0.04;0.85;0.52;0.00;0.92;0.12;0.0408;0.0955;1
10;10;Agent_1;orders came from the seed rule base (rules as-is);0;0;R7[0.07] R20[0.21] R26[0.17] G1[0.17] A1[0.53] G2[0.31];0.17;0.41;0.04;0.85;0.52;0.00;0.92;0.12;0.1265;0.2107;1
10;10;Agent_1;orders came from the seed rule base (rules as-is);0;0;R7[0.07] R20[0.21] R26[0.17] G1[0.17] A1[0.53] G2[0.31];0.17;0.41;0.04;0.85;0.52;0.00;0.92;0.12;0.1601;0.2533;1
10;10;Agent_1;RL selected stage 1 [evFIS] (deficit bucket: low) → rejected (no improving perturbation found | seed-base decision stands, its orders are applied);1;0;R7[0.07] R20[0.21] R26[0.18] G1[0.04] A1[0.53] G2[0.31];0.18;0.37;0.04;0.80;0.52;0.00;0.89;0.12;0.2955;0.2938;1
10;10;Agent_1;orders came from the seed rule base (rules as-is);0;0;R7[0.07] R20[0.21] R26[0.18] G1[0.16] A1[0.53] G2[0.31];0.18;0.42;0.04;0.85;0.52;0.00;0.92;0.12;0.0416;0.0949;1
11;11;Agent_1;orders came from the seed rule base (rules as-is);0;0;R7[0.07] R20[0.21] R26[0.18] G1[0.16] A1[0.53] G2[0.31];0.18;0.41;0.04;0.85;0.52;0.00;0.92;0.11;0.1623;0.2105;1
11;11;Agent_1;orders came from the seed rule base (rules as-is);0;0;R7[0.07] R20[0.21] R26[0.18] G1[0.16] A1[0.53] G2[0.31];0.18;0.41;0.04;0.85;0.52;0.00;0.92;0.11;0.1580;0.2534;1
11;11;Agent_1;orders came from the seed rule base (rules as-is);0;0;R7[0.07] R20[0.21] R26[0.19] G1[0.03] A1[0.53] G2[0.31];0.19;0.38;0.04;0.80;0.52;0.00;0.89;0.11;0.2978;0.2938;1
11;11;Agent_1;orders came from the seed rule base (rules as-is);0;0;R7[0.07] R20[0.21] R26[0.19] G1[0.15] A1[0.53] G2[0.31];0.19;0.42;0.04;0.85;0.52;0.00;0.92;0.11;0.0425;0.0955;1
12;12;Agent_1;orders came from the seed rule base (rules as-is);0;0;R7[0.07] R20[0.21] R26[0.18] G1[0.15] A1[0.53] G2[0.31];0.18;0.42;0.04;0.85;0.52;0.00;0.92;0.11;0.1263;0.2122;1
12;12;Agent_1;orders came from the seed rule base (rules as-is);0;0;R7[0.07] R20[0.21] R26[0.18] G1[0.15] A1[0.53] G2[0.31];0.18;0.42;0.04;0.85;0.52;0.00;0.92;0.11;0.1582;0.2540;1
12;12;Agent_1;orders came from the seed rule base (rules as-is);0;0;R7[0.07] R20[0.21] R26[0.19] G1[0.03] A1[0.53] G2[0.31];0.19;0.38;0.04;0.79;0.52;0.00;0.89;0.11;0.2992;0.2939;1
12;12;Agent_1;orders came from the seed rule base (rules as-is);0;0;R7[0.07] R20[0.21] R26[0.19] G1[0.14] A1[0.53] G2[0.31];0.19;0.42;0.04;0.85;0.52;0.00;0.92;0.11;0.0417;0.0999;1
13;13;Agent_1;orders came from the seed rule base (rules as-is);0;0;R7[0.07] R20[0.21] R26[0.19] G1[0.14] A1[0.53] G2[0.31];0.19;0.42;0.04;0.85;0.52;0.00;0.92;0.11;0.1353;0.2125;1
13;13;Agent_1;orders came from the seed rule base (rules as-is);0;0;R7[0.07] R20[0.21] R26[0.19] G1[0.14] A1[0.53] G2[0.31];0.19;0.42;0.04;0.85;0.52;0.00;0.92;0.11;0.1857;0.2543;1
13;13;Agent_1;orders came from the seed rule base (rules as-is);0;0;R7[0.07] R20[0.21] R26[0.19] G1[0.02] A1[0.53] G2[0.31];0.19;0.38;0.04;0.79;0.52;0.00;0.89;0.11;0.2999;0.2940;1
13;13;Agent_1;orders came from the seed rule base (rules as-is);0;0;R7[0.07] R20[0.21] R26[0.19] G1[0.14] A1[0.53] G2[0.31];0.19;0.42;0.04;0.85;0.52;0.00;0.92;0.11;0.0409;0.0999;1
14;14;Agent_1;orders came from the seed rule base (rules as-is);0;0;R7[0.07] R20[0.21] R26[0.19] G1[0.13] A1[0.53] G2[0.31];0.19;0.42;0.04;0.85;0.52;0.00;0.92;0.11;0.1377;0.2139;1
14;14;Agent_1;orders came from the seed rule base (rules as-is);0;0;R7[0.07] R20[0.21] R26[0.19] G1[0.13] A1[0.53] G2[0.31];0.19;0.42;0.04;0.85;0.52;0.00;0.92;0.11;0.1641;0.2585;1
14;14;Agent_1;orders came from the seed rule base (rules as-is);0;0;R7[0.07] R20[0.21] R26[0.19] G1[0.13] A1[0.53] G2[0.31];0.19;0.42;0.04;0.85;0.52;0.00;0.92;0.11;0.1641;0.2585;1
14;14;Agent_1;orders came from the seed rule base (rules as-is);0;0;R7[0.07] R20[0.21] R26[0.19] G1[0.02] A1[0.53] G2[0.31];0.19;0.38;0.04;0.78;0.52;0.00;0.89;0.11;0.3005;0.2940;1
14;14;Agent_1;orders came from the seed rule base (rules as-is);0;0;R7[0.07] R20[0.21] R26[0.19] G1[0.13] A1[0.53] G2[0.31];0.19;0.42;0.04;0.85;0.52;0.00;0.92;0.11;0.0426;0.0962;1
15;15;Agent_1;orders came from the seed rule base (rules as-is);0;0;R7[0.07] R20[0.21] R26[0.19] G1[0.13] A1[0.53] G2[0.31];0.19;0.42;0.04;0.85;0.52;0.00;0.92;0.11;0.1457;0.2153;1
15;15;Agent_1;orders came from the seed rule base (rules as-is);0;0;R7[0.07] R20[0.21] R26[0.19] G1[0.13] A1[0.53] G2[0.31];0.19;0.42;0.04;0.85;0.52;0.00;0.92;0.11;0.1661;0.2555;1
15;15;Agent_1;orders came from the seed rule base (rules as-is);0;0;R7[0.07] R20[0.21] R26[0.19] G1[0.01] A1[0.53] G2[0.31];0.19;0.37;0.04;0.78;0.52;0.00;0.89;0.11;0.3013;0.2941;1
15;15;Agent_1;orders came from the seed rule base (rules as-is);0;0;R7[0.07] R20[0.21] R26[0.19] G1[0.13] A1[0.53] G2[0.31];0.19;0.42;0.04;0.85;0.52;0.00;0.92;0.11;0.0426;0.0962;1
16;16;Agent_1;orders came from the seed rule base (rules as-is);0;0;R7[0.07] R20[0.21] R26[0.19] G1[0.13] A1[0.53] G2[0.31];0.19;0.41;0.04;0.85;0.52;0.00;0.92;0.11;0.1449;0.2174;1
16;16;Agent_1;orders came from the seed rule base (rules as-is);0;0;R7[0.07] R20[0.21] R26[0.19] G1[0.13] A1[0.53] G2[0.31];0.19;0.41;0.04;0.85;0.52;0.00;0.92;0.11;0.2018;0.2608;1
16;16;Agent_1;orders came from the seed rule base (rules as-is);0;0;R7[0.07] R20[0.21] R26[0.20] G1[0.01] A1[0.53] G2[0.31];0.20;0.37;0.04;0.78;0.52;0.00;0.89;0.11;0.3014;0.2941;1
16;16;Agent_1;orders came from the seed rule base (rules as-is);0;0;R7[0.07] R20[0.21] R26[0.20] G1[0.12] A1[0.53] G2[0.31];0.20;0.42;0.04;0.85;0.52;0.00;0.92;0.11;0.0435;0.0975;1
17;17;Agent_1;orders came from the seed rule base (rules as-is);0;0;R7[0.07] R20[0.21] R26[0.19] G1[0.12] A1[0.53] G2[0.31];0.19;0.41;0.04;0.85;0.52;0.00;0.92;0.11;0.1511;0.2163;1
17;17;Agent_1;orders came from the seed rule base (rules as-is);0;0;R7[0.07] R20[0.21] R26[0.19] G1[0.12] A1[0.53] G2[0.31];0.19;0.41;0.04;0.85;0.52;0.00;0.92;0.11;0.1656;0.2590;1
17;17;Agent_1;orders came from the seed rule base (rules as-is);0;0;R7[0.07] R20[0.21] R26[0.20] A1[0.53] G2[0.31];0.20;0.37;0.04;0.78;0.52;0.00;0.89;0.11;0.3020;0.2942;1
17;17;Agent_1;orders came from the seed rule base (rules as-is);0;0;R7[0.07] R20[0.21] R26[0.20] G1[0.12] A1[0.53] G2[0.31];0.20;0.42;0.04;0.85;0.52;0.00;0.92;0.11;0.0452;0.1006;1
18;18;Agent_1;orders came from the seed rule base (rules as-is);0;0;R7[0.07] R20[0.21] R26[0.20] G1[0.12] A1[0.53] G2[0.31];0.20;0.41;0.04;0.85;0.52;0.00;0.92;0.11;0.1645;0.2161;1
18;18;Agent_1;orders came from the seed rule base (rules as-is);0;0;R7[0.07] R20[0.21] R26[0.20] G1[0.12] A1[0.53] G2[0.31];0.20;0.41;0.04;0.85;0.52;0.00;0.92;0.11;0.1640;0.2571;1
18;18;Agent_1;orders came from the seed rule base (rules as-is);0;0;R7[0.07] R20[0.21] R26[0.20] A1[0.53] G2[0.31];0.20;0.37;0.04;0.77;0.52;0.00;0.89;0.11;0.3021;0.2942;1
18;18;Agent_1;orders came from the seed rule base (rules as-is);0;0;R7[0.07] R20[0.21] R26[0.20] G1[0.12] A1[0.53] G2[0.31];0.20;0.41;0.04;0.85;0.52;0.00;0.92;0.11;0.0452;0.1006;1
19;19;Agent_1;orders came from the seed rule base (rules as-is);0;0;R7[0.07] R20[0.21] R26[0.20] G1[0.12] A1[0.53] G2[0.31];0.20;0.41;0.04;0.85;0.52;0.00;0.92;0.11;0.1673;0.2147;1
19;19;Agent_1;orders came from the seed rule base (rules as-is);0;0;R7[0.07] R20[0.21] R26[0.20] G1[0.12] A1[0.53] G2[0.31];0.20;0.41;0.04;0.85;0.52;0.00;0.92;0.11;0.1647;0.2586;1
19;19;Agent_1;orders came from the seed rule base (rules as-is);0;0;R7[0.07] R20[0.21] R26[0.20] A1[0.53] G2[0.31];0.20;0.37;0.04;0.77;0.52;0.00;0.89;0.11;0.3023;0.2943;1
19;19;Agent_1;orders came from the seed rule base (rules as-is);0;0;R7[0.07] R20[0.21] R26[0.20] A1[0.53] G2[0.31];0.20;0.37;0.04;0.77;0.52;0.00;0.89;0.11;0.3023;0.2943;1
19;19;Agent_1;orders came from the seed rule base (rules as-is);0;0;R7[0.07] R20[0.21] R26[0.20] G1[0.12] A1[0.53] G2[0.31];0.20;0.41;0.04;0.85;0.52;0.00;0.92;0.11;0.0468;0.0957;1
20;20;Agent_1;orders came from the seed rule base (rules as-is);0;0;R7[0.07] R20[0.21] R26[0.20] G1[0.12] A1[0.53] G2[0.31];0.20;0.41;0.04;0.85;0.52;0.00;0.92;0.11;0.1349;0.2173;1
20;20;Agent_1;orders came from the seed rule base (rules as-is);0;0;R7[0.07] R20[0.21] R26[0.20] G1[0.12] A1[0.53] G2[0.31];0.20;0.41;0.04;0.85;0.52;0.00;0.92;0.11;0.1710;0.2622;1
20;20;Agent_1;RL selected stage 1 [evFIS] (deficit bucket: low) → rejected (no improving perturbation found | seed-base decision stands, its orders are applied);1;0;R7[0.07] R20[0.21] R26[0.20] A1[0.53] G2[0.31];0.20;0.37;0.04;0.77;0.52;0.00;0.89;0.11;0.3024;0.2944;1
20;20;Agent_1;orders came from the seed rule base (rules as-is);0;0;R7[0.07] R20[0.21] R26[0.20] G1[0.11] A1[0.53] G2[0.31];0.20;0.41;0.04;0.85;0.52;0.00;0.92;0.11;0.0469;0.0957;1
21;21;Agent_1;orders came from the seed rule base (rules as-is);0;0;R7[0.07] R20[0.21] R26[0.20] G1[0.11] A1[0.53] G2[0.31];0.20;0.41;0.04;0.85;0.52;0.00;0.92;0.11;0.1383;0.2164;1
21;21;Agent_1;orders came from the seed rule base (rules as-is);0;0;R7[0.07] R20[0.21] R26[0.20] G1[0.11] A1[0.53] G2[0.31];0.20;0.41;0.04;0.85;0.52;0.00;0.92;0.11;0.1542;0.2603;1
21;21;Agent_1;orders came from the seed rule base (rules as-is);0;0;R7[0.07] R20[0.21] R26[0.20] A1[0.53] G2[0.31];0.20;0.37;0.04;0.77;0.52;0.00;0.88;0.11;0.3025;0.2944;1
21;21;Agent_1;orders came from the seed rule base (rules as-is);0;0;R7[0.07] R20[0.21] R26[0.20] G1[0.11] A1[0.53] G2[0.31];0.20;0.41;0.04;0.85;0.52;0.00;0.92;0.11;0.0477;0.0945;1
22;22;Agent_1;orders came from the seed rule base (rules as-is);0;0;R7[0.07] R20[0.21] R26[0.20] G1[0.11] A1[0.53] G2[0.31];0.20;0.41;0.04;0.85;0.52;0.00;0.92;0.11;0.1421;0.2175;1
22;22;Agent_1;orders came from the seed rule base (rules as-is);0;0;R7[0.07] R20[0.21] R26[0.20] G1[0.11] A1[0.53] G2[0.31];0.20;0.41;0.04;0.85;0.52;0.00;0.92;0.11;0.1577;0.2612;1
22;22;Agent_1;orders came from the seed rule base (rules as-is);0;0;R7[0.07] R20[0.21] R26[0.20] A1[0.53] G2[0.31];0.20;0.37;0.04;0.77;0.52;0.00;0.88;0.11;0.3027;0.2945;1
22;22;Agent_1;orders came from the seed rule base (rules as-is);0;0;R7[0.07] R20[0.21] R26[0.20] G1[0.11] A1[0.53] G2[0.31];0.20;0.41;0.04;0.85;0.52;0.00;0.92;0.11;0.0486;0.0977;1
23;23;Agent_1;orders came from the seed rule base (rules as-is);0;0;R7[0.07] R20[0.21] R26[0.20] G1[0.11] A1[0.53] G2[0.31];0.20;0.41;0.04;0.85;0.52;0.00;0.92;0.10;0.1521;0.2184;1
23;23;Agent_1;orders came from the seed rule base (rules as-is);0;0;R7[0.07] R20[0.21] R26[0.20] G1[0.11] A1[0.53] G2[0.31];0.20;0.41;0.04;0.85;0.52;0.00;0.92;0.10;0.1471;0.2625;1
23;23;Agent_1;orders came from the seed rule base (rules as-is);0;0;R7[0.07] R20[0.21] R26[0.20] A1[0.53] G2[0.31];0.20;0.37;0.04;0.77;0.52;0.00;0.88;0.10;0.3031;0.2946;1
23;23;Agent_1;orders came from the seed rule base (rules as-is);0;0;R7[0.07] R20[0.21] R26[0.20] G1[0.11] A1[0.53] G2[0.31];0.20;0.41;0.04;0.85;0.52;0.00;0.92;0.10;0.0446;0.0983;1
24;24;Agent_1;orders came from the seed rule base (rules as-is);0;0;R7[0.07] R20[0.21] R26[0.19] G1[0.11] A1[0.53] G2[0.31];0.19;0.41;0.04;0.85;0.52;0.00;0.92;0.10;0.1704;0.2165;1
24;24;Agent_1;orders came from the seed rule base (rules as-is);0;0;R7[0.07] R20[0.21] R26[0.19] G1[0.11] A1[0.53] G2[0.31];0.19;0.41;0.04;0.85;0.52;0.00;0.92;0.10;0.1518;0.2597;1
24;24;Agent_1;orders came from the seed rule base (rules as-is);0;0;R7[0.07] R20[0.21] R26[0.20] A1[0.53] G2[0.31];0.20;0.37;0.04;0.77;0.52;0.00;0.88;0.10;0.3030;0.2947;1
24;24;Agent_1;orders came from the seed rule base (rules as-is);0;0;R7[0.07] R20[0.21] R26[0.20] G1[0.11] A1[0.53] G2[0.31];0.20;0.41;0.04;0.85;0.52;0.00;0.92;0.10;0.0454;0.0946;1
25;25;Agent_1;orders came from the seed rule base (rules as-is);0;0;R7[0.07] R20[0.21] R26[0.19] G1[0.11] A1[0.53] G2[0.31];0.19;0.40;0.04;0.85;0.52;0.00;0.92;0.10;0.1752;0.2179;1
25;25;Agent_1;orders came from the seed rule base (rules as-is);0;0;R7[0.07] R20[0.21] R26[0.19] G1[0.11] A1[0.53] G2[0.31];0.19;0.40;0.04;0.85;0.52;0.00;0.92;0.10;0.1545;0.2603;1
25;25;Agent_1;orders came from the seed rule base (rules as-is);0;0;R7[0.07] R20[0.21] R26[0.19] A1[0.53] G2[0.31];0.19;0.36;0.04;0.77;0.52;0.00;0.88;0.10;0.3029;0.2947;1
25;25;Agent_1;orders came from the seed rule base (rules as-is);0;0;R7[0.07] R20[0.21] R26[0.19] G1[0.11] A1[0.53] G2[0.31];0.19;0.40;0.04;0.85;0.52;0.00;0.92;0.10;0.0463;0.0959;1
26;26;Agent_1;orders came from the seed rule base (rules as-is);0;0;R7[0.07] R20[0.21] R26[0.19] G1[0.11] A1[0.53] G2[0.31];0.19;0.40;0.04;0.85;0.52;0.00;0.92;0.10;0.1349;0.2180;1
26;26;Agent_1;orders came from the seed rule base (rules as-is);0;0;R7[0.07] R20[0.21] R26[0.19] G1[0.11] A1[0.53] G2[0.31];0.19;0.40;0.04;0.85;0.52;0.00;0.92;0.10;0.1567;0.2614;1
26;26;Agent_1;orders came from the seed rule base (rules as-is);0;0;R7[0.07] R20[0.21] R26[0.19] A1[0.53] G2[0.31];0.19;0.36;0.04;0.77;0.52;0.00;0.88;0.10;0.3034;0.2947;1
26;26;Agent_1;orders came from the seed rule base (rules as-is);0;0;R7[0.07] R20[0.21] R26[0.19] G1[0.11] A1[0.53] G2[0.31];0.19;0.40;0.04;0.85;0.52;0.00;0.92;0.10;0.0463;0.0953;1
27;27;Agent_1;orders came from the seed rule base (rules as-is);0;0;R7[0.07] R20[0.21] R26[0.19] G1[0.11] A1[0.53] G2[0.31];0.19;0.40;0.04;0.85;0.52;0.00;0.92;0.10;0.1383;0.2171;1
27;27;Agent_1;orders came from the seed rule base (rules as-is);0;0;R7[0.07] R20[0.21] R26[0.19] G1[0.11] A1[0.53] G2[0.31];0.19;0.40;0.04;0.85;0.52;0.00;0.92;0.10;0.1549;0.2581;1
27;27;Agent_1;orders came from the seed rule base (rules as-is);0;0;R7[0.07] R20[0.21] R26[0.19] A1[0.53] G2[0.31];0.19;0.36;0.04;0.77;0.52;0.00;0.88;0.10;0.3025;0.2948;1
27;27;Agent_1;orders came from the seed rule base (rules as-is);0;0;R7[0.07] R20[0.21] R26[0.19] G1[0.11] A1[0.53] G2[0.31];0.19;0.40;0.04;0.85;0.52;0.00;0.92;0.10;0.0447;0.0996;1
28;28;Agent_1;orders came from the seed rule base (rules as-is);0;0;R7[0.07] R20[0.21] R26[0.19] G1[0.11] A1[0.53] G2[0.31];0.19;0.40;0.04;0.85;0.52;0.00;0.92;0.10;0.1405;0.2177;1
28;28;Agent_1;orders came from the seed rule base (rules as-is);0;0;R7[0.07] R20[0.21] R26[0.19] G1[0.11] A1[0.53] G2[0.31];0.19;0.40;0.04;0.85;0.52;0.00;0.92;0.10;0.1570;0.2600;1
28;28;Agent_1;orders came from the seed rule base (rules as-is);0;0;R7[0.07] R20[0.21] R26[0.19] A1[0.53] G2[0.31];0.19;0.36;0.04;0.77;0.52;0.00;0.88;0.10;0.3023;0.2949;1
28;28;Agent_1;orders came from the seed rule base (rules as-is);0;0;R7[0.07] R20[0.21] R26[0.19] G1[0.11] A1[0.53] G2[0.31];0.19;0.40;0.04;0.85;0.52;0.00;0.92;0.10;0.0456;0.1015;1
29;29;Agent_1;orders came from the seed rule base (rules as-is);0;0;R7[0.07] R20[0.20] R26[0.19] G1[0.11] A1[0.53] G2[0.31];0.19;0.40;0.04;0.85;0.52;0.00;0.92;0.10;0.1380;0.2171;1
29;29;Agent_1;orders came from the seed rule base (rules as-is);0;0;R7[0.07] R20[0.20] R26[0.19] G1[0.11] A1[0.53] G2[0.31];0.19;0.40;0.04;0.85;0.52;0.00;0.92;0.10;0.1548;0.2580;1
29;29;Agent_1;orders came from the seed rule base (rules as-is);0;0;R7[0.07] R20[0.20] R26[0.19] A1[0.53] G2[0.31];0.19;0.36;0.04;0.77;0.52;0.00;0.88;0.10;0.3025;0.2949;1
29;29;Agent_1;orders came from the seed rule base (rules as-is);0;0;R7[0.07] R20[0.20] R26[0.19] G1[0.11] A1[0.53] G2[0.31];0.19;0.40;0.04;0.85;0.52;0.00;0.92;0.10;0.0473;0.0978;1
30;30;Agent_1;orders came from the seed rule base (rules as-is);0;0;R7[0.07] R20[0.20] R26[0.19] G1[0.11] A1[0.53] G2[0.31];0.19;0.40;0.04;0.85;0.52;0.00;0.92;0.10;0.1777;0.2167;1
30;30;Agent_1;orders came from the seed rule base (rules as-is);0;0;R7[0.07] R20[0.20] R26[0.19] G1[0.11] A1[0.53] G2[0.31];0.19;0.40;0.04;0.85;0.52;0.00;0.92;0.10;0.1584;0.2565;1
30;30;Agent_1;RL selected stage 1 [evFIS] (deficit bucket: low) → rejected (no improving perturbation found | seed-base decision stands, its orders are applied);1;0;R7[0.07] R20[0.20] R26[0.19] A1[0.53] G2[0.31];0.19;0.36;0.04;0.77;0.52;0.00;0.88;0.10;0.3016;0.2950;1
30;30;Agent_1;orders came from the seed rule base (rules as-is);0;0;R7[0.07] R20[0.20] R26[0.19] G1[0.11] A1[0.53] G2[0.31];0.19;0.40;0.04;0.85;0.52;0.00;0.92;0.10;0.0497;0.0922;1
31;31;Agent_1;orders came from the seed rule base (rules as-is);0;0;R7[0.07] R20[0.20] R26[0.19] G1[0.11] A1[0.53] G2[0.31];0.19;0.40;0.04;0.85;0.52;0.00;0.92;0.10;0.1771;0.2279;1
31;31;Agent_1;orders came from the seed rule base (rules as-is);0;0;R7[0.07] R20[0.20] R26[0.19] G1[0.11] A1[0.53] G2[0.31];0.19;0.40;0.04;0.85;0.52;0.00;0.92;0.10;0.1897;0.2583;1
31;31;Agent_1;orders came from the seed rule base (rules as-is);0;0;R7[0.07] R20[0.20] R26[0.19] A1[0.53] G2[0.32];0.19;0.36;0.04;0.78;0.53;0.00;0.89;0.10;0.3021;0.2951;1
31;31;Agent_1;orders came from the seed rule base (rules as-is);0;0;R7[0.07] R20[0.20] R26[0.19] G1[0.11] A1[0.53] G2[0.31];0.19;0.40;0.04;0.85;0.52;0.00;0.92;0.10;0.0449;0.0954;1
32;32;Agent_1;orders came from the seed rule base (rules as-is);0;0;R7[0.07] R20[0.20] R26[0.19] G1[0.10] A1[0.53] G2[0.31];0.19;0.39;0.04;0.85;0.52;0.00;0.92;0.10;0.1810;0.2148;1
32;32;Agent_1;orders came from the seed rule base (rules as-is);0;0;R7[0.07] R20[0.20] R26[0.19] G1[0.10] A1[0.53] G2[0.31];0.19;0.39;0.04;0.85;0.52;0.00;0.92;0.10;0.1583;0.2551;1
32;32;Agent_1;orders came from the seed rule base (rules as-is);0;0;R7[0.07] R20[0.21] R26[0.19] A1[0.53] G2[0.34];0.19;0.36;0.04;0.80;0.54;0.00;0.89;0.10;0.3031;0.2951;1
32;32;Agent_1;orders came from the seed rule base (rules as-is);0;0;R7[0.07] R20[0.20] R26[0.19] G1[0.10] A1[0.53] G2[0.31];0.19;0.39;0.04;0.85;0.52;0.00;0.92;0.10;0.0458;0.0929;1
33;33;Agent_1;orders came from the seed rule base (rules as-is);0;0;R7[0.07] R20[0.20] R26[0.19] G1[0.10] A1[0.53] G2[0.31];0.19;0.39;0.04;0.85;0.52;0.00;0.92;0.10;0.1779;0.2250;1
33;33;Agent_1;orders came from the seed rule base (rules as-is);0;0;R7[0.07] R20[0.20] R26[0.19] G1[0.10] A1[0.53] G2[0.31];0.19;0.39;0.04;0.85;0.52;0.00;0.92;0.10;0.1531;0.2548;1
33;33;Agent_1;orders came from the seed rule base (rules as-is);0;0;R7[0.07] R20[0.21] R26[0.19] A1[0.53] G2[0.37];0.19;0.36;0.04;0.82;0.56;0.00;0.90;0.10;0.3026;0.2952;1
33;33;Agent_1;orders came from the seed rule base (rules as-is);0;0;R7[0.07] R20[0.20] R26[0.19] G1[0.10] A1[0.53] G2[0.31];0.19;0.39;0.04;0.85;0.52;0.00;0.92;0.10;0.0442;0.0916;1
34;34;Agent_1;orders came from the seed rule base (rules as-is);0;0;R7[0.07] R20[0.20] R26[0.19] G1[0.10] A1[0.53] G2[0.31];0.19;0.39;0.04;0.85;0.52;0.00;0.92;0.10;0.1516;0.2255;1
34;34;Agent_1;orders came from the seed rule base (rules as-is);0;0;R7[0.07] R20[0.20] R26[0.19] G1[0.10] A1[0.53] G2[0.31];0.19;0.39;0.04;0.85;0.52;0.00;0.92;0.10;0.1543;0.2556;1
34;34;Agent_1;orders came from the seed rule base (rules as-is);0;0;R7[0.07] R20[0.21] R26[0.19] A1[0.53] G2[0.39];0.19;0.37;0.04;0.84;0.57;0.00;0.91;0.10;0.3019;0.2953;1
34;34;Agent_1;orders came from the seed rule base (rules as-is);0;0;R7[0.07] R20[0.20] R26[0.19] G1[0.10] A1[0.53] G2[0.31];0.19;0.39;0.04;0.85;0.52;0.00;0.92;0.10;0.0450;0.1017;1
35;35;Agent_1;orders came from the seed rule base (rules as-is);0;0;R7[0.07] R20[0.20] R26[0.19] G1[0.10] A1[0.53] G2[0.31];0.19;0.39;0.04;0.85;0.52;0.00;0.92;0.10;0.1537;0.2256;1
35;35;Agent_1;orders came from the seed rule base (rules as-is);0;0;R7[0.07] R20[0.20] R26[0.19] G1[0.10] A1[0.53] G2[0.31];0.19;0.39;0.04;0.85;0.52;0.00;0.92;0.10;0.1554;0.2566;1
35;35;Agent_1;orders came from the seed rule base (rules as-is);0;0;R7[0.07] R20[0.22] R26[0.19] A1[0.53] G2[0.41];0.19;0.37;0.04;0.86;0.59;0.00;0.91;0.10;0.3018;0.2953;1
35;35;Agent_1;orders came from the seed rule base (rules as-is);0;0;R7[0.07] R20[0.20] R26[0.19] G1[0.10] A1[0.53] G2[0.31];0.19;0.39;0.04;0.85;0.52;0.00;0.92;0.10;0.0451;0.1017;1
36;36;Agent_1;orders came from the seed rule base (rules as-is);0;0;R7[0.07] R20[0.20] R26[0.19] G1[0.10] A1[0.53] G2[0.31];0.19;0.39;0.04;0.85;0.52;0.00;0.92;0.09;0.1553;0.2255;1
36;36;Agent_1;orders came from the seed rule base (rules as-is);0;0;R7[0.07] R20[0.20] R26[0.19] G1[0.10] A1[0.53] G2[0.31];0.19;0.39;0.04;0.85;0.52;0.00;0.92;0.09;0.1595;0.2536;1
36;36;Agent_1;orders came from the seed rule base (rules as-is);0;0;R7[0.07] R20[0.23] R26[0.19] A1[0.53] G2[0.44];0.19;0.38;0.04;0.86;0.61;0.00;0.91;0.09;0.3011;0.2954;1
36;36;Agent_1;orders came from the seed rule base (rules as-is);0;0;R7[0.07] R20[0.20] R26[0.19] G1[0.10] A1[0.53] G2[0.31];0.19;0.39;0.04;0.85;0.52;0.00;0.92;0.09;0.0435;0.0955;1
37;37;Agent_1;orders came from the seed rule base (rules as-is);0;0;R7[0.07] R20[0.20] R26[0.19] G1[0.10] A1[0.53] G2[0.31];0.19;0.39;0.04;0.85;0.52;0.00;0.92;0.09;0.1516;0.2263;1
37;37;Agent_1;orders came from the seed rule base (rules as-is);0;0;R7[0.07] R20[0.20] R26[0.19] G1[0.10] A1[0.53] G2[0.31];0.19;0.39;0.04;0.85;0.52;0.00;0.92;0.09;0.1553;0.2540;1
37;37;Agent_1;orders came from the seed rule base (rules as-is);0;0;R7[0.07] R20[0.23] R26[0.19] A1[0.53] G2[0.47];0.19;0.38;0.04;0.86;0.63;0.00;0.92;0.09;0.2996;0.2955;1
37;37;Agent_1;orders came from the seed rule base (rules as-is);0;0;R7[0.07] R20[0.20] R26[0.19] G1[0.10] A1[0.53] G2[0.31];0.19;0.39;0.04;0.85;0.52;0.00;0.92;0.09;0.0443;0.0987;1
38;38;Agent_1;orders came from the seed rule base (rules as-is);0;0;R7[0.07] R20[0.20] R26[0.19] G1[0.10] A1[0.53] G2[0.31];0.19;0.38;0.04;0.85;0.52;0.00;0.92;0.09;0.1446;0.2216;1
38;38;Agent_1;orders came from the seed rule base (rules as-is);0;0;R7[0.07] R20[0.20] R26[0.19] G1[0.10] A1[0.53] G2[0.31];0.19;0.38;0.04;0.85;0.52;0.00;0.92;0.09;0.1614;0.2534;1
38;38;Agent_1;orders came from the seed rule base (rules as-is);0;0;R7[0.07] R20[0.24] R26[0.19] A1[0.53] G2[0.51];0.19;0.39;0.04;0.86;0.63;0.00;0.92;0.09;0.3021;0.2956;1
38;38;Agent_1;orders came from the seed rule base (rules as-is);0;0;R7[0.07] R20[0.20] R26[0.19] G1[0.10] A1[0.53] G2[0.31];0.19;0.38;0.04;0.85;0.52;0.00;0.92;0.09;0.0444;0.1042;1
39;39;Agent_1;orders came from the seed rule base (rules as-is);0;0;R7[0.07] R20[0.20] R26[0.19] G1[0.10] A1[0.53] G2[0.31];0.19;0.38;0.04;0.85;0.52;0.00;0.92;0.09;0.1416;0.2202;1
39;39;Agent_1;orders came from the seed rule base (rules as-is);0;0;R7[0.07] R20[0.20] R26[0.19] G1[0.10] A1[0.53] G2[0.31];0.19;0.38;0.04;0.85;0.52;0.00;0.92;0.09;0.1626;0.2526;1
39;39;Agent_1;orders came from the seed rule base (rules as-is);0;0;R7[0.07] R20[0.25] R26[0.19] A1[0.53] G2[0.54];0.19;0.40;0.04;0.85;0.63;0.00;0.92;0.09;0.2968;0.2957;1
39;39;Agent_1;orders came from the seed rule base (rules as-is);0;0;R7[0.07] R20[0.20] R26[0.19] G1[0.10] A1[0.53] G2[0.31];0.19;0.38;0.04;0.85;0.52;0.00;0.92;0.09;0.0444;0.1012;1
40;40;Agent_1;orders came from the seed rule base (rules as-is);0;0;R7[0.07] R20[0.20] R26[0.18] G1[0.10] A1[0.53] G2[0.31];0.18;0.38;0.04;0.85;0.52;0.00;0.92;0.09;0.1428;0.2150;1
40;40;Agent_1;orders came from the seed rule base (rules as-is);0;0;R7[0.07] R20[0.20] R26[0.18] G1[0.10] A1[0.53] G2[0.31];0.18;0.38;0.04;0.85;0.52;0.00;0.92;0.09;0.1660;0.2532;1
40;40;Agent_1;RL selected stage 1 [evFIS] (deficit bucket: low) → rejected (no improving perturbation found | seed-base decision stands, its orders are applied);1;0;R7[0.07] R20[0.26] R26[0.18] A1[0.53] G2[0.56];0.18;0.41;0.04;0.85;0.63;0.00;0.92;0.09;0.2965;0.2958;1
40;40;Agent_1;orders came from the seed rule base (rules as-is);0;0;R7[0.07] R20[0.20] R26[0.18] G1[0.10] A1[0.53] G2[0.31];0.18;0.38;0.04;0.85;0.52;0.00;0.92;0.09;0.0469;0.1006;1
41;41;Agent_1;orders came from the seed rule base (rules as-is);0;0;R7[0.07] R20[0.19] R26[0.18] G1[0.10] A1[0.53] G2[0.31];0.18;0.38;0.04;0.85;0.52;0.00;0.92;0.09;0.1435;0.2202;1
41;41;Agent_1;orders came from the seed rule base (rules as-is);0;0;R7[0.07] R20[0.19] R26[0.18] G1[0.10] A1[0.53] G2[0.31];0.18;0.38;0.04;0.85;0.52;0.00;0.92;0.09;0.1566;0.2532;1
41;41;Agent_1;orders came from the seed rule base (rules as-is);0;0;R7[0.07] R20[0.27] R26[0.18] A1[0.53] G2[0.58];0.18;0.42;0.04;0.85;0.63;0.00;0.92;0.09;0.2965;0.2958;1
41;41;Agent_1;orders came from the seed rule base (rules as-is);0;0;R7[0.07] R20[0.19] R26[0.18] G1[0.10] A1[0.53] G2[0.31];0.18;0.38;0.04;0.85;0.52;0.00;0.92;0.09;0.0502;0.1037;1
42;42;Agent_1;orders came from the seed rule base (rules as-is);0;0;R7[0.07] R20[0.19] R26[0.18] G1[0.10] A1[0.53] G2[0.31];0.18;0.38;0.04;0.85;0.52;0.00;0.92;0.09;0.1426;0.2099;1
42;42;Agent_1;orders came from the seed rule base (rules as-is);0;0;R7[0.07] R20[0.19] R26[0.18] G1[0.10] A1[0.53] G2[0.31];0.18;0.38;0.04;0.85;0.52;0.00;0.92;0.09;0.1568;0.2453;1
42;42;Agent_1;orders came from the seed rule base (rules as-is);0;0;R7[0.07] R20[0.28] R26[0.18] A1[0.53] G2[0.60];0.18;0.42;0.04;0.85;0.63;0.00;0.92;0.09;0.2941;0.2959;1
42;42;Agent_1;orders came from the seed rule base (rules as-is);0;0;R7[0.07] R20[0.19] R26[0.18] G1[0.10] A1[0.53] G2[0.31];0.18;0.38;0.04;0.85;0.52;0.00;0.92;0.09;0.0486;0.1049;1
43;43;Agent_1;orders came from the seed rule base (rules as-is);0;0;R7[0.07] R20[0.19] R26[0.18] G1[0.10] A1[0.53] G2[0.31];0.18;0.38;0.04;0.85;0.52;0.00;0.92;0.09;0.1439;0.2083;1
43;43;Agent_1;orders came from the seed rule base (rules as-is);0;0;R7[0.07] R20[0.19] R26[0.18] G1[0.10] A1[0.53] G2[0.31];0.18;0.38;0.04;0.85;0.52;0.00;0.92;0.09;0.1594;0.2458;1
43;43;Agent_1;orders came from the seed rule base (rules as-is);0;0;R7[0.07] R20[0.28] R26[0.18] A1[0.53] G2[0.60];0.18;0.43;0.04;0.85;0.63;0.00;0.92;0.09;0.3002;0.2961;1
43;43;Agent_1;orders came from the seed rule base (rules as-is);0;0;R7[0.07] R20[0.19] R26[0.18] G1[0.10] A1[0.53] G2[0.31];0.18;0.38;0.04;0.85;0.52;0.00;0.92;0.09;0.0494;0.1049;1
44;44;Agent_1;orders came from the seed rule base (rules as-is);0;0;R7[0.07] R20[0.19] R26[0.18] G1[0.10] A1[0.53] G2[0.31];0.18;0.38;0.04;0.85;0.52;0.00;0.92;0.09;0.1572;0.2476;1
44;44;Agent_1;orders came from the seed rule base (rules as-is);0;0;R7[0.07] R20[0.29] R26[0.18] A1[0.53] G2[0.60];0.18;0.43;0.04;0.85;0.63;0.00;0.92;0.09;0.2970;0.2961;1
44;44;Agent_1;orders came from the seed rule base (rules as-is);0;0;R7[0.07] R20[0.19] R26[0.18] G1[0.10] A1[0.53] G2[0.31];0.18;0.38;0.04;0.85;0.52;0.00;0.92;0.09;0.0503;0.1055;1
45;45;Agent_1;orders came from the seed rule base (rules as-is);0;0;R7[0.07] R20[0.19] R26[0.18] G1[0.10] A1[0.53] G2[0.31];0.18;0.37;0.04;0.85;0.52;0.00;0.92;0.09;0.1608;0.2462;1
45;45;Agent_1;orders came from the seed rule base (rules as-is);0;0;R7[0.07] R20[0.29] R26[0.18] A1[0.53] G2[0.60];0.18;0.44;0.04;0.85;0.63;0.00;0.92;0.09;0.2969;0.2962;1
45;45;Agent_1;orders came from the seed rule base (rules as-is);0;0;R7[0.07] R20[0.19] R26[0.18] G1[0.10] A1[0.53] G2[0.31];0.18;0.37;0.04;0.85;0.52;0.00;0.92;0.09;0.0519;0.1032;1
46;46;Agent_1;orders came from the seed rule base (rules as-is);0;0;R7[0.07] R20[0.19] R26[0.18] G1[0.10] A1[0.53] G2[0.31];0.18;0.37;0.04;0.85;0.52;0.00;0.92;0.09;0.1657;0.2476;1
46;46;Agent_1;orders came from the seed rule base (rules as-is);0;0;R7[0.07] R20[0.30] R26[0.18] A1[0.53] G2[0.60];0.18;0.44;0.04;0.85;0.63;0.00;0.92;0.09;0.2954;0.2963;1
46;46;Agent_1;orders came from the seed rule base (rules as-is);0;0;R7[0.07] R20[0.19] R26[0.18] G1[0.10] A1[0.53] G2[0.31];0.18;0.37;0.04;0.85;0.52;0.00;0.93;0.09;0.0527;0.0964;1
47;47;Agent_1;orders came from the seed rule base (rules as-is);0;0;R7[0.07] R20[0.19] R26[0.18] G1[0.10] A1[0.53] G2[0.31];0.18;0.37;0.04;0.85;0.52;0.00;0.92;0.09;0.1802;0.2459;1
47;47;Agent_1;orders came from the seed rule base (rules as-is);0;0;R7[0.07] R20[0.30] R26[0.18] A1[0.53] G2[0.60];0.18;0.44;0.04;0.85;0.63;0.00;0.92;0.09;0.2982;0.2964;1
47;47;Agent_1;orders came from the seed rule base (rules as-is);0;0;R7[0.07] R20[0.19] R26[0.18] G1[0.10] A1[0.53] G2[0.31];0.18;0.37;0.04;0.85;0.52;0.00;0.93;0.09;0.0536;0.1098;1
48;48;Agent_1;orders came from the seed rule base (rules as-is);0;0;R7[0.07] R20[0.19] R26[0.18] G1[0.10] A1[0.53] G2[0.31];0.18;0.37;0.04;0.85;0.52;0.00;0.92;0.09;0.1743;0.2472;1
48;48;Agent_1;orders came from the seed rule base (rules as-is);0;0;R7[0.07] R20[0.30] R26[0.18] A1[0.53] G2[0.60];0.18;0.44;0.04;0.85;0.63;0.00;0.92;0.09;0.2962;0.2966;1
48;48;Agent_1;orders came from the seed rule base (rules as-is);0;0;R7[0.07] R20[0.19] R26[0.18] G1[0.10] A1[0.53] G2[0.31];0.18;0.37;0.04;0.85;0.52;0.00;0.93;0.09;0.0560;0.0952;1
49;49;Agent_1;orders came from the seed rule base (rules as-is);0;0;R7[0.07] R20[0.19] R26[0.18] G1[0.10] A1[0.53] G2[0.31];0.18;0.37;0.04;0.85;0.52;0.00;0.92;0.09;0.1745;0.2470;1
49;49;Agent_1;orders came from the seed rule base (rules as-is);0;0;R7[0.07] R20[0.30] R26[0.18] A1[0.53] G2[0.60];0.18;0.44;0.04;0.85;0.63;0.00;0.92;0.09;0.2997;0.2967;1
49;49;Agent_1;orders came from the seed rule base (rules as-is);0;0;R7[0.07] R20[0.19] R26[0.18] G1[0.10] A1[0.53] G2[0.31];0.18;0.37;0.04;0.85;0.52;0.00;0.93;0.09;0.0568;0.1116;1
50;50;Agent_1;orders came from the seed rule base (rules as-is);0;0;R7[0.07] R20[0.19] R26[0.18] G1[0.10] A1[0.53] G2[0.31];0.18;0.37;0.04;0.85;0.52;0.00;0.92;0.09;0.1655;0.2490;1
50;50;Agent_1;RL selected stage 1 [evFIS] (deficit bucket: low) → rejected (no improving perturbation found | seed-base decision stands, its orders are applied);1;0;R7[0.07] R20[0.30] R26[0.18] A1[0.53] G2[0.60];0.18;0.44;0.04;0.85;0.63;0.00;0.92;0.09;0.2987;0.2968;1
50;50;Agent_1;orders came from the seed rule base (rules as-is);0;0;R7[0.07] R20[0.19] R26[0.18] G1[0.10] A1[0.53] G2[0.31];0.18;0.37;0.04;0.85;0.52;0.00;0.93;0.09;0.0560;0.0971;1
51;51;Agent_1;orders came from the seed rule base (rules as-is);0;0;R7[0.07] R20[0.19] R26[0.18] G1[0.10] A1[0.53] G2[0.31];0.18;0.36;0.04;0.85;0.52;0.00;0.92;0.08;0.1524;0.2542;1
51;51;Agent_1;orders came from the seed rule base (rules as-is);0;0;R7[0.07] R20[0.30] R26[0.18] A1[0.53] G2[0.60];0.18;0.44;0.04;0.85;0.63;0.00;0.92;0.08;0.3002;0.2969;1
51;51;Agent_1;orders came from the seed rule base (rules as-is);0;0;R7[0.07] R20[0.19] R26[0.18] G1[0.10] A1[0.53] G2[0.31];0.18;0.36;0.04;0.85;0.52;0.00;0.93;0.08;0.0607;0.0895;1
52;52;Agent_1;orders came from the seed rule base (rules as-is);0;0;R7[0.07] R20[0.19] R26[0.18] G1[0.10] A1[0.53] G2[0.31];0.18;0.36;0.04;0.85;0.52;0.00;0.92;0.08;0.1551;0.2503;1
52;52;Agent_1;orders came from the seed rule base (rules as-is);0;0;R7[0.07] R20[0.30] R26[0.18] A1[0.53] G2[0.60];0.18;0.44;0.04;0.85;0.63;0.00;0.92;0.08;0.2972;0.2970;1
52;52;Agent_1;orders came from the seed rule base (rules as-is);0;0;R7[0.07] R20[0.19] R26[0.18] G1[0.10] A1[0.53] G2[0.31];0.18;0.36;0.04;0.85;0.52;0.00;0.93;0.08;0.0654;0.0947;1
53;53;Agent_1;orders came from the seed rule base (rules as-is);0;0;R7[0.07] R20[0.19] R26[0.17] G1[0.10] A1[0.53] G2[0.31];0.17;0.36;0.04;0.85;0.52;0.00;0.92;0.08;0.1459;0.2467;1
53;53;Agent_1;orders came from the seed rule base (rules as-is);0;0;R7[0.07] R20[0.19] R26[0.17] G1[0.10] A1[0.53] G2[0.31];0.17;0.36;0.04;0.85;0.52;0.00;0.93;0.08;0.0661;0.1191;1
54;54;Agent_1;orders came from the seed rule base (rules as-is);0;0;R7[0.07] R20[0.18] R26[0.17] G1[0.10] A1[0.53] G2[0.31];0.17;0.36;0.04;0.84;0.52;0.00;0.92;0.08;0.1450;0.2497;1
54;54;Agent_1;orders came from the seed rule base (rules as-is);0;0;R7[0.07] R20[0.18] R26[0.17] G1[0.10] A1[0.53] G2[0.31];0.17;0.36;0.04;0.84;0.52;0.00;0.93;0.08;0.0692;0.1028;1
55;55;Agent_1;orders came from the seed rule base (rules as-is);0;0;R7[0.07] R20[0.18] R26[0.17] G1[0.09] A1[0.53] G2[0.31];0.17;0.36;0.04;0.84;0.52;0.00;0.92;0.08;0.1463;0.2490;1
55;55;Agent_1;orders came from the seed rule base (rules as-is);0;0;R7[0.07] R20[0.18] R26[0.17] G1[0.09] A1[0.53] G2[0.31];0.17;0.36;0.04;0.84;0.52;0.00;0.93;0.08;0.0736;0.1004;1
56;56;Agent_1;orders came from the seed rule base (rules as-is);0;0;R7[0.07] R20[0.18] R26[0.17] G1[0.09] A1[0.53] G2[0.31];0.17;0.36;0.04;0.84;0.52;0.00;0.92;0.08;0.1465;0.2457;1
56;56;Agent_1;orders came from the seed rule base (rules as-is);0;0;R7[0.07] R20[0.18] R26[0.17] G1[0.09] A1[0.53] G2[0.31];0.17;0.36;0.04;0.84;0.52;0.00;0.93;0.08;0.0468;0.0992;1
57;57;Agent_1;orders came from the seed rule base (rules as-is);0;0;R7[0.07] R20[0.18] R26[0.17] G1[0.09] A1[0.53] G2[0.31];0.17;0.36;0.04;0.84;0.52;0.00;0.92;0.08;0.1466;0.2459;1
57;57;Agent_1;orders came from the seed rule base (rules as-is);0;0;R7[0.07] R20[0.18] R26[0.17] G1[0.09] A1[0.53] G2[0.31];0.17;0.36;0.04;0.84;0.52;0.00;0.93;0.08;0.0469;0.1088;1
58;58;Agent_1;orders came from the seed rule base (rules as-is);0;0;R7[0.07] R20[0.18] R26[0.17] G1[0.09] A1[0.53] G2[0.31];0.17;0.35;0.04;0.84;0.52;0.00;0.92;0.08;0.1484;0.2557;1
58;58;Agent_1;orders came from the seed rule base (rules as-is);0;0;R7[0.07] R20[0.18] R26[0.17] G1[0.09] A1[0.53] G2[0.31];0.17;0.35;0.04;0.84;0.52;0.00;0.93;0.08;0.0485;0.1118;1
59;59;Agent_1;orders came from the seed rule base (rules as-is);0;0;R7[0.07] R20[0.18] R26[0.17] G1[0.09] A1[0.53] G2[0.31];0.17;0.35;0.04;0.84;0.52;0.00;0.92;0.08;0.1475;0.2439;1
59;59;Agent_1;orders came from the seed rule base (rules as-is);0;0;R7[0.07] R20[0.18] R26[0.17] G1[0.09] A1[0.53] G2[0.31];0.17;0.35;0.04;0.84;0.52;0.00;0.93;0.08;0.0494;0.1023;1
60;60;Agent_1;orders came from the seed rule base (rules as-is);0;0;R7[0.07] R20[0.18] R26[0.17] G1[0.09] A1[0.53] G2[0.31];0.17;0.35;0.04;0.84;0.52;0.00;0.92;0.08;0.1472;0.2437;1
60;60;Agent_1;orders came from the seed rule base (rules as-is);0;0;R7[0.07] R20[0.18] R26[0.17] G1[0.09] A1[0.53] G2[0.31];0.17;0.35;0.04;0.84;0.52;0.00;0.93;0.08;0.0494;0.1066;1
61;61;Agent_1;orders came from the seed rule base (rules as-is);0;0;R7[0.07] R20[0.18] R26[0.17] G1[0.09] A1[0.53] G2[0.31];0.17;0.35;0.04;0.84;0.52;0.00;0.92;0.08;0.1473;0.2438;1
61;61;Agent_1;orders came from the seed rule base (rules as-is);0;0;R7[0.07] R20[0.18] R26[0.17] G1[0.09] A1[0.53] G2[0.31];0.17;0.35;0.04;0.84;0.52;0.00;0.93;0.08;0.0511;0.1237;1
62;62;Agent_1;orders came from the seed rule base (rules as-is);0;0;R7[0.07] R20[0.18] R26[0.17] G1[0.09] A1[0.53] G2[0.31];0.17;0.35;0.04;0.84;0.52;0.00;0.92;0.08;0.1475;0.2425;1
62;62;Agent_1;orders came from the seed rule base (rules as-is);0;0;R7[0.07] R20[0.18] R26[0.17] G1[0.09] A1[0.53] G2[0.31];0.17;0.35;0.04;0.84;0.52;0.00;0.93;0.08;0.0511;0.1048;1
63;63;Agent_1;orders came from the seed rule base (rules as-is);0;0;R7[0.07] R20[0.18] R26[0.17] G1[0.09] A1[0.53] G2[0.31];0.17;0.35;0.04;0.84;0.52;0.00;0.92;0.08;0.1482;0.2419;1
63;63;Agent_1;orders came from the seed rule base (rules as-is);0;0;R7[0.07] R20[0.18] R26[0.17] G1[0.09] A1[0.53] G2[0.31];0.17;0.35;0.04;0.84;0.52;0.00;0.93;0.08;0.0519;0.1042;1
64;64;Agent_1;orders came from the seed rule base (rules as-is);0;0;R7[0.07] R20[0.18] R26[0.17] G1[0.09] A1[0.53] G2[0.31];0.17;0.34;0.04;0.84;0.52;0.00;0.92;0.08;0.1484;0.2415;1
64;64;Agent_1;orders came from the seed rule base (rules as-is);0;0;R7[0.07] R20[0.18] R26[0.17] G1[0.09] A1[0.53] G2[0.31];0.17;0.34;0.04;0.84;0.52;0.00;0.93;0.08;0.0551;0.1102;1
65;65;Agent_1;orders came from the seed rule base (rules as-is);0;0;R7[0.07] R20[0.18] R26[0.17] G1[0.09] A1[0.53] G2[0.31];0.17;0.34;0.04;0.84;0.52;0.00;0.92;0.08;0.1496;0.2414;1
65;65;Agent_1;orders came from the seed rule base (rules as-is);0;0;R7[0.07] R20[0.18] R26[0.17] G1[0.09] A1[0.53] G2[0.31];0.17;0.34;0.04;0.84;0.52;0.00;0.93;0.08;0.0560;0.1188;1
66;66;Agent_1;orders came from the seed rule base (rules as-is);0;0;R7[0.07] R20[0.18] R26[0.17] G1[0.09] A1[0.53] G2[0.31];0.17;0.34;0.04;0.84;0.52;0.00;0.92;0.08;0.1498;0.2486;1
66;66;Agent_1;orders came from the seed rule base (rules as-is);0;0;R7[0.07] R20[0.18] R26[0.17] G1[0.09] A1[0.53] G2[0.31];0.17;0.34;0.04;0.84;0.52;0.00;0.93;0.08;0.0568;0.1143;1
67;67;Agent_1;orders came from the seed rule base (rules as-is);0;0;R7[0.07] R20[0.17] R26[0.16] G1[0.09] A1[0.53] G2[0.31];0.16;0.34;0.04;0.84;0.52;0.00;0.92;0.07;0.1510;0.2388;1
67;67;Agent_1;orders came from the seed rule base (rules as-is);0;0;R7[0.07] R20[0.17] R26[0.16] G1[0.09] A1[0.53] G2[0.31];0.16;0.34;0.04;0.84;0.52;0.00;0.93;0.07;0.0600;0.1073;1
68;68;Agent_1;orders came from the seed rule base (rules as-is);0;0;R7[0.07] R20[0.17] R26[0.16] G1[0.09] A1[0.53] G2[0.31];0.16;0.34;0.04;0.84;0.52;0.00;0.92;0.07;0.1528;0.2366;1
68;68;Agent_1;orders came from the seed rule base (rules as-is);0;0;R7[0.07] R20[0.17] R26[0.16] G1[0.09] A1[0.53] G2[0.31];0.16;0.34;0.04;0.84;0.52;0.00;0.93;0.07;0.0608;0.1121;1
69;69;Agent_1;orders came from the seed rule base (rules as-is);0;0;R7[0.07] R20[0.17] R26[0.16] G1[0.09] A1[0.53] G2[0.31];0.16;0.34;0.04;0.84;0.52;0.00;0.92;0.07;0.1550;0.2353;1
69;69;Agent_1;orders came from the seed rule base (rules as-is);0;0;R7[0.07] R20[0.17] R26[0.16] G1[0.09] A1[0.53] G2[0.31];0.16;0.34;0.04;0.84;0.52;0.00;0.93;0.07;0.0623;0.1038;1
70;70;Agent_1;orders came from the seed rule base (rules as-is);0;0;R7[0.07] R20[0.17] R26[0.16] G1[0.09] A1[0.53] G2[0.31];0.16;0.34;0.04;0.84;0.52;0.00;0.92;0.07;0.1557;0.2460;1
70;70;Agent_1;orders came from the seed rule base (rules as-is);0;0;R7[0.07] R20[0.17] R26[0.16] G1[0.09] A1[0.53] G2[0.31];0.16;0.34;0.04;0.84;0.52;0.00;0.93;0.07;0.0639;0.1044;1
71;71;Agent_1;orders came from the seed rule base (rules as-is);0;0;R7[0.07] R20[0.17] R26[0.16] G1[0.09] A1[0.53] G2[0.31];0.16;0.33;0.04;0.84;0.52;0.00;0.92;0.07;0.1610;0.2339;1
71;71;Agent_1;orders came from the seed rule base (rules as-is);0;0;R7[0.07] R20[0.17] R26[0.16] G1[0.09] A1[0.53] G2[0.31];0.16;0.33;0.04;0.84;0.52;0.00;0.93;0.07;0.0647;0.1239;1
72;72;Agent_1;orders came from the seed rule base (rules as-is);0;0;R7[0.07] R20[0.17] R26[0.16] G1[0.09] A1[0.53] G2[0.31];0.16;0.33;0.04;0.84;0.52;0.00;0.93;0.07;0.1611;0.2375;1
72;72;Agent_1;orders came from the seed rule base (rules as-is);0;0;R7[0.07] R20[0.17] R26[0.16] G1[0.09] A1[0.53] G2[0.31];0.16;0.33;0.04;0.84;0.52;0.00;0.93;0.07;0.0655;0.1093;1
73;73;Agent_1;orders came from the seed rule base (rules as-is);0;0;R7[0.07] R20[0.17] R26[0.16] G1[0.09] A1[0.53] G2[0.31];0.16;0.33;0.04;0.84;0.52;0.00;0.93;0.07;0.1623;0.2476;1
73;73;Agent_1;orders came from the seed rule base (rules as-is);0;0;R7[0.07] R20[0.17] R26[0.16] G1[0.09] A1[0.53] G2[0.31];0.16;0.33;0.04;0.84;0.52;0.00;0.93;0.07;0.0686;0.1033;1
74;74;Agent_1;orders came from the seed rule base (rules as-is);0;0;R7[0.07] R20[0.17] R26[0.16] G1[0.09] A1[0.53] G2[0.31];0.16;0.33;0.04;0.84;0.52;0.00;0.93;0.07;0.1639;0.2437;1
74;74;Agent_1;orders came from the seed rule base (rules as-is);0;0;R7[0.07] R20[0.17] R26[0.16] G1[0.09] A1[0.53] G2[0.31];0.16;0.33;0.04;0.84;0.52;0.00;0.93;0.07;0.0701;0.1117;1
75;75;Agent_1;orders came from the seed rule base (rules as-is);0;0;R7[0.07] R20[0.17] R26[0.16] G1[0.09] A1[0.53] G2[0.31];0.16;0.33;0.04;0.84;0.52;0.00;0.93;0.07;0.1646;0.2409;1
75;75;Agent_1;orders came from the seed rule base (rules as-is);0;0;R7[0.07] R20[0.17] R26[0.16] G1[0.09] A1[0.53] G2[0.31];0.16;0.33;0.04;0.84;0.52;0.00;0.93;0.07;0.0709;0.1262;1
76;76;Agent_1;orders came from the seed rule base (rules as-is);0;0;R7[0.07] R20[0.17] R26[0.16] G1[0.09] A1[0.53] G2[0.31];0.16;0.33;0.04;0.84;0.52;0.00;0.93;0.07;0.1691;0.2315;1
76;76;Agent_1;orders came from the seed rule base (rules as-is);0;0;R7[0.07] R20[0.17] R26[0.16] G1[0.09] A1[0.53] G2[0.31];0.16;0.33;0.04;0.84;0.52;0.00;0.93;0.07;0.0468;0.1284;1
77;77;Agent_1;orders came from the seed rule base (rules as-is);0;0;R7[0.07] R20[0.17] R26[0.16] G1[0.09] A1[0.53] G2[0.31];0.16;0.33;0.04;0.84;0.52;0.00;0.93;0.07;0.1698;0.2342;1
77;77;Agent_1;orders came from the seed rule base (rules as-is);0;0;R7[0.07] R20[0.17] R26[0.16] G1[0.09] A1[0.53] G2[0.31];0.16;0.33;0.04;0.84;0.52;0.00;0.93;0.07;0.0468;0.1246;1
78;78;Agent_1;orders came from the seed rule base (rules as-is);0;0;R7[0.07] R20[0.17] R26[0.16] G1[0.09] A1[0.53] G2[0.31];0.16;0.32;0.04;0.84;0.52;0.00;0.93;0.07;0.1646;0.2403;1
78;78;Agent_1;orders came from the seed rule base (rules as-is);0;0;R7[0.07] R20[0.17] R26[0.16] G1[0.09] A1[0.53] G2[0.31];0.16;0.32;0.04;0.84;0.52;0.00;0.93;0.07;0.0469;0.1247;1
79;79;Agent_1;orders came from the seed rule base (rules as-is);0;0;R7[0.07] R20[0.17] R26[0.16] G1[0.09] A1[0.53] G2[0.31];0.16;0.32;0.04;0.84;0.52;0.00;0.93;0.07;0.1628;0.2338;1
79;79;Agent_1;orders came from the seed rule base (rules as-is);0;0;R7[0.07] R20[0.17] R26[0.16] G1[0.09] A1[0.53] G2[0.31];0.16;0.32;0.04;0.84;0.52;0.00;0.93;0.07;0.0469;0.1252;1
80;80;Agent_1;orders came from the seed rule base (rules as-is);0;0;R7[0.07] R20[0.16] R26[0.15] G1[0.08] A1[0.53] G2[0.31];0.15;0.32;0.04;0.84;0.52;0.00;0.93;0.07;0.1585;0.2465;1
80;80;Agent_1;orders came from the seed rule base (rules as-is);0;0;R7[0.07] R20[0.16] R26[0.15] G1[0.08] A1[0.53] G2[0.31];0.15;0.32;0.04;0.84;0.52;0.00;0.93;0.07;0.0469;0.1274;1
81;81;Agent_1;orders came from the seed rule base (rules as-is);0;0;R7[0.07] R20[0.16] R26[0.15] G1[0.08] A1[0.53] G2[0.31];0.15;0.32;0.04;0.84;0.52;0.00;0.93;0.07;0.1671;0.2309;1
81;81;Agent_1;orders came from the seed rule base (rules as-is);0;0;R7[0.07] R20[0.16] R26[0.15] G1[0.08] A1[0.53] G2[0.31];0.15;0.32;0.04;0.84;0.52;0.00;0.93;0.07;0.0470;0.1274;1
82;82;Agent_1;orders came from the seed rule base (rules as-is);0;0;R7[0.07] R20[0.16] R26[0.15] G1[0.08] A1[0.53] G2[0.31];0.15;0.32;0.04;0.84;0.52;0.00;0.93;0.07;0.1697;0.2282;1
82;82;Agent_1;orders came from the seed rule base (rules as-is);0;0;R7[0.07] R20[0.16] R26[0.15] G1[0.08] A1[0.53] G2[0.31];0.15;0.32;0.04;0.84;0.52;0.00;0.93;0.07;0.0470;0.1332;1
83;83;Agent_1;orders came from the seed rule base (rules as-is);0;0;R7[0.07] R20[0.16] R26[0.15] G1[0.08] A1[0.53] G2[0.31];0.15;0.32;0.04;0.84;0.52;0.00;0.93;0.07;0.1708;0.2298;1
83;83;Agent_1;orders came from the seed rule base (rules as-is);0;0;R7[0.07] R20[0.16] R26[0.15] G1[0.08] A1[0.53] G2[0.31];0.15;0.32;0.04;0.84;0.52;0.00;0.93;0.07;0.0470;0.1312;1
84;84;Agent_1;orders came from the seed rule base (rules as-is);0;0;R7[0.07] R20[0.16] R26[0.15] G1[0.08] A1[0.53] G2[0.31];0.15;0.31;0.04;0.84;0.52;0.00;0.93;0.07;0.1724;0.2337;1
84;84;Agent_1;orders came from the seed rule base (rules as-is);0;0;R7[0.07] R20[0.16] R26[0.15] G1[0.08] A1[0.53] G2[0.31];0.15;0.31;0.04;0.84;0.52;0.00;0.93;0.07;0.0471;0.1317;1
85;85;Agent_1;orders came from the seed rule base (rules as-is);0;0;R7[0.07] R20[0.16] R26[0.15] G1[0.08] A1[0.53] G2[0.31];0.15;0.31;0.04;0.83;0.52;0.00;0.93;0.06;0.1702;0.2364;1
85;85;Agent_1;orders came from the seed rule base (rules as-is);0;0;R7[0.07] R20[0.16] R26[0.15] G1[0.08] A1[0.53] G2[0.31];0.15;0.31;0.04;0.83;0.52;0.00;0.93;0.06;0.0471;0.1328;1
86;86;Agent_1;orders came from the seed rule base (rules as-is);0;0;R7[0.07] R20[0.16] R26[0.15] G1[0.08] A1[0.53] G2[0.31];0.15;0.31;0.04;0.83;0.52;0.00;0.93;0.06;0.1717;0.2336;1
86;86;Agent_1;orders came from the seed rule base (rules as-is);0;0;R7[0.07] R20[0.16] R26[0.15] G1[0.08] A1[0.53] G2[0.31];0.15;0.31;0.04;0.83;0.52;0.00;0.93;0.06;0.0472;0.1308;1
87;87;Agent_1;orders came from the seed rule base (rules as-is);0;0;R7[0.07] R20[0.16] R26[0.15] G1[0.08] A1[0.53] G2[0.31];0.15;0.31;0.04;0.83;0.52;0.00;0.93;0.06;0.1748;0.2430;1
87;87;Agent_1;orders came from the seed rule base (rules as-is);0;0;R7[0.07] R20[0.16] R26[0.15] G1[0.08] A1[0.53] G2[0.31];0.15;0.31;0.04;0.83;0.52;0.00;0.93;0.06;0.0472;0.1276;1
88;88;Agent_1;orders came from the seed rule base (rules as-is);0;0;R7[0.07] R20[0.16] R26[0.15] G1[0.08] A1[0.53] G2[0.31];0.15;0.31;0.04;0.83;0.52;0.00;0.93;0.06;0.1759;0.2362;1
88;88;Agent_1;orders came from the seed rule base (rules as-is);0;0;R7[0.07] R20[0.16] R26[0.15] G1[0.08] A1[0.53] G2[0.31];0.15;0.31;0.04;0.83;0.52;0.00;0.93;0.06;0.0472;0.1292;1
89;89;Agent_1;orders came from the seed rule base (rules as-is);0;0;R7[0.07] R20[0.16] R26[0.15] G1[0.08] A1[0.53] G2[0.31];0.15;0.31;0.04;0.83;0.52;0.00;0.93;0.06;0.1770;0.2355;1
89;89;Agent_1;orders came from the seed rule base (rules as-is);0;0;R7[0.07] R20[0.16] R26[0.15] G1[0.08] A1[0.53] G2[0.31];0.15;0.31;0.04;0.83;0.52;0.00;0.93;0.06;0.0481;0.1261;1
90;90;Agent_1;orders came from the seed rule base (rules as-is);0;0;R7[0.07] R20[0.16] R26[0.15] G1[0.08] A1[0.53] G2[0.31];0.15;0.31;0.04;0.83;0.52;0.00;0.93;0.06;0.1781;0.2338;1
90;90;Agent_1;orders came from the seed rule base (rules as-is);0;0;R7[0.07] R20[0.16] R26[0.15] G1[0.08] A1[0.53] G2[0.31];0.15;0.31;0.04;0.83;0.52;0.00;0.93;0.06;0.0481;0.1256;1
91;91;Agent_1;orders came from the seed rule base (rules as-is);0;0;R7[0.07] R20[0.16] R26[0.15] G1[0.08] A1[0.53] G2[0.31];0.15;0.30;0.04;0.83;0.52;0.00;0.93;0.06;0.1814;0.2412;1
91;91;Agent_1;orders came from the seed rule base (rules as-is);0;0;R7[0.07] R20[0.16] R26[0.15] G1[0.08] A1[0.53] G2[0.31];0.15;0.30;0.04;0.83;0.52;0.00;0.93;0.06;0.0482;0.1272;1
92;92;Agent_1;orders came from the seed rule base (rules as-is);0;0;R7[0.07] R20[0.16] R26[0.15] G1[0.08] A1[0.53] G2[0.31];0.15;0.30;0.04;0.83;0.52;0.00;0.93;0.06;0.1846;0.2344;1
92;92;Agent_1;orders came from the seed rule base (rules as-is);0;0;R7[0.07] R20[0.16] R26[0.15] G1[0.08] A1[0.53] G2[0.31];0.15;0.30;0.04;0.83;0.52;0.00;0.94;0.06;0.0482;0.1272;1
93;93;Agent_1;orders came from the seed rule base (rules as-is);0;0;R7[0.07] R20[0.15] R26[0.15] G1[0.08] A1[0.53] G2[0.31];0.15;0.30;0.04;0.83;0.52;0.00;0.93;0.06;0.1857;0.2375;1
93;93;Agent_1;orders came from the seed rule base (rules as-is);0;0;R7[0.07] R20[0.15] R26[0.15] G1[0.08] A1[0.53] G2[0.31];0.15;0.30;0.04;0.83;0.52;0.00;0.94;0.06;0.0482;0.1315;1
94;94;Agent_1;orders came from the seed rule base (rules as-is);0;0;R7[0.07] R20[0.15] R26[0.15] G1[0.08] A1[0.53] G2[0.31];0.15;0.30;0.04;0.83;0.52;0.00;0.93;0.06;0.2044;0.2365;1
94;94;Agent_1;orders came from the seed rule base (rules as-is);0;0;R7[0.07] R20[0.15] R26[0.15] G1[0.08] A1[0.53] G2[0.31];0.15;0.30;0.04;0.83;0.52;0.00;0.94;0.06;0.0483;0.1320;1
95;95;Agent_1;orders came from the seed rule base (rules as-is);0;0;R7[0.07] R20[0.15] R26[0.14] G1[0.08] A1[0.53] G2[0.31];0.14;0.30;0.04;0.83;0.52;0.00;0.93;0.06;0.2060;0.2565;1
95;95;Agent_1;orders came from the seed rule base (rules as-is);0;0;R7[0.07] R20[0.15] R26[0.14] G1[0.08] A1[0.53] G2[0.31];0.14;0.30;0.04;0.83;0.52;0.00;0.94;0.06;0.0499;0.1315;1
96;96;Agent_1;orders came from the seed rule base (rules as-is);0;0;R7[0.07] R20[0.15] R26[0.14] G1[0.08] A1[0.53] G2[0.31];0.14;0.30;0.04;0.83;0.52;0.00;0.93;0.06;0.1849;0.2406;1
96;96;Agent_1;orders came from the seed rule base (rules as-is);0;0;R7[0.07] R20[0.15] R26[0.14] G1[0.08] A1[0.53] G2[0.31];0.14;0.30;0.04;0.83;0.52;0.00;0.94;0.06;0.0500;0.1295;1
97;97;Agent_1;orders came from the seed rule base (rules as-is);0;0;R7[0.07] R20[0.15] R26[0.14] G1[0.08] A1[0.53] G2[0.31];0.14;0.30;0.04;0.83;0.52;0.00;0.93;0.06;0.1868;0.2416;1
97;97;Agent_1;orders came from the seed rule base (rules as-is);0;0;R7[0.07] R20[0.15] R26[0.14] G1[0.08] A1[0.53] G2[0.31];0.14;0.30;0.04;0.83;0.52;0.00;0.94;0.06;0.0500;0.1274;1
98;98;Agent_1;orders came from the seed rule base (rules as-is);0;0;R7[0.07] R20[0.15] R26[0.14] G1[0.08] A1[0.53] G2[0.31];0.14;0.29;0.04;0.83;0.52;0.00;0.93;0.06;0.1831;0.2383;1
98;98;Agent_1;orders came from the seed rule base (rules as-is);0;0;R7[0.07] R20[0.15] R26[0.14] G1[0.08] A1[0.53] G2[0.31];0.14;0.29;0.04;0.83;0.52;0.00;0.94;0.06;0.0501;0.1295;1
99;99;Agent_1;orders came from the seed rule base (rules as-is);0;0;R7[0.07] R20[0.15] R26[0.14] G1[0.08] A1[0.53] G2[0.31];0.14;0.29;0.04;0.84;0.53;0.00;0.93;0.06;0.1842;0.2407;1
99;99;Agent_1;orders came from the seed rule base (rules as-is);0;0;R7[0.07] R20[0.15] R26[0.14] G1[0.08] A1[0.53] G2[0.31];0.14;0.29;0.04;0.83;0.52;0.00;0.94;0.06;0.0501;0.1269;1
100;100;Agent_1;orders came from the seed rule base (rules as-is);0;0;R7[0.07] R20[0.15] R26[0.14] G1[0.08] A1[0.53] G2[0.31];0.14;0.29;0.04;0.84;0.53;0.00;0.93;0.06;0.1843;0.2404;1
100;100;Agent_1;orders came from the seed rule base (rules as-is);0;0;R7[0.07] R20[0.15] R26[0.14] G1[0.08] A1[0.53] G2[0.31];0.14;0.29;0.04;0.83;0.52;0.00;0.94;0.06;0.0509;0.1337;1
101;101;Agent_1;orders came from the seed rule base (rules as-is);0;0;R7[0.07] R20[0.15] R26[0.14] G1[0.08] A1[0.53] G2[0.32];0.14;0.29;0.04;0.84;0.53;0.00;0.93;0.06;0.1863;0.2406;1
101;101;Agent_1;orders came from the seed rule base (rules as-is);0;0;R7[0.07] R20[0.15] R26[0.14] G1[0.08] A1[0.53] G2[0.31];0.14;0.29;0.04;0.83;0.52;0.00;0.94;0.06;0.0510;0.1348;1
102;102;Agent_1;orders came from the seed rule base (rules as-is);0;0;R7[0.07] R20[0.15] R26[0.14] G1[0.08] A1[0.53] G2[0.32];0.14;0.29;0.04;0.84;0.53;0.00;0.93;0.06;0.1851;0.2407;1
102;102;Agent_1;orders came from the seed rule base (rules as-is);0;0;R7[0.07] R20[0.15] R26[0.14] G1[0.08] A1[0.53] G2[0.31];0.14;0.29;0.04;0.83;0.52;0.00;0.94;0.06;0.0510;0.1317;1
103;103;Agent_1;orders came from the seed rule base (rules as-is);0;0;R7[0.07] R20[0.15] R26[0.14] G1[0.08] A1[0.53] G2[0.32];0.14;0.29;0.04;0.84;0.53;0.00;0.93;0.06;0.1853;0.2526;1
103;103;Agent_1;orders came from the seed rule base (rules as-is);0;0;R7[0.07] R20[0.15] R26[0.14] G1[0.08] A1[0.53] G2[0.31];0.14;0.29;0.04;0.83;0.52;0.00;0.94;0.06;0.0510;0.1297;1
104;104;Agent_1;orders came from the seed rule base (rules as-is);0;0;R7[0.07] R20[0.15] R26[0.14] G1[0.08] A1[0.53] G2[0.32];0.14;0.29;0.04;0.84;0.53;0.00;0.93;0.06;0.1855;0.2419;1
104;104;Agent_1;orders came from the seed rule base (rules as-is);0;0;R7[0.07] R20[0.15] R26[0.14] G1[0.08] A1[0.53] G2[0.31];0.14;0.29;0.04;0.83;0.52;0.00;0.94;0.06;0.0527;0.1281;1
105;105;Agent_1;orders came from the seed rule base (rules as-is);0;0;R7[0.07] R20[0.15] R26[0.14] G1[0.08] A1[0.53] G2[0.32];0.14;0.29;0.04;0.85;0.53;0.00;0.93;0.06;0.1861;0.2372;1
105;105;Agent_1;orders came from the seed rule base (rules as-is);0;0;R7[0.07] R20[0.15] R26[0.14] G1[0.08] A1[0.53] G2[0.31];0.14;0.28;0.04;0.83;0.52;0.00;0.94;0.06;0.0527;0.1318;1
106;106;Agent_1;orders came from the seed rule base (rules as-is);0;0;R7[0.07] R20[0.15] R26[0.14] G1[0.07] A1[0.53] G2[0.32];0.14;0.29;0.04;0.84;0.53;0.00;0.93;0.06;0.1859;0.2470;1
106;106;Agent_1;orders came from the seed rule base (rules as-is);0;0;R7[0.07] R20[0.15] R26[0.14] G1[0.07] A1[0.53] G2[0.31];0.14;0.28;0.04;0.83;0.52;0.00;0.94;0.06;0.0528;0.1334;1
107;107;Agent_1;orders came from the seed rule base (rules as-is);0;0;R7[0.07] R20[0.15] R26[0.14] G1[0.07] A1[0.53] G2[0.32];0.14;0.29;0.04;0.84;0.53;0.00;0.93;0.05;0.1860;0.2392;1
107;107;Agent_1;orders came from the seed rule base (rules as-is);0;0;R7[0.07] R20[0.14] R26[0.14] G1[0.07] A1[0.53] G2[0.31];0.14;0.28;0.04;0.83;0.52;0.00;0.94;0.05;0.0536;0.1324;1
108;108;Agent_1;orders came from the seed rule base (rules as-is);0;0;R7[0.07] R20[0.15] R26[0.14] G1[0.07] A1[0.53] G2[0.33];0.14;0.28;0.04;0.85;0.54;0.00;0.93;0.05;0.1879;0.2454;1
108;108;Agent_1;orders came from the seed rule base (rules as-is);0;0;R7[0.07] R20[0.14] R26[0.14] G1[0.07] A1[0.53] G2[0.31];0.14;0.28;0.04;0.83;0.52;0.00;0.94;0.05;0.0560;0.1410;1
109;109;Agent_1;orders came from the seed rule base (rules as-is);0;0;R7[0.07] R20[0.15] R26[0.13] G1[0.07] A1[0.53] G2[0.33];0.13;0.28;0.04;0.85;0.53;0.00;0.93;0.05;0.1912;0.2386;1
109;109;Agent_1;orders came from the seed rule base (rules as-is);0;0;R7[0.07] R20[0.14] R26[0.13] G1[0.07] A1[0.53] G2[0.31];0.13;0.28;0.04;0.83;0.52;0.00;0.94;0.05;0.0576;0.1272;1
110;110;Agent_1;orders came from the seed rule base (rules as-is);0;0;R7[0.07] R20[0.15] R26[0.13] G1[0.07] A1[0.53] G2[0.33];0.13;0.28;0.04;0.85;0.53;0.00;0.93;0.05;0.1943;0.2516;1
110;110;Agent_1;orders came from the seed rule base (rules as-is);0;0;R7[0.07] R20[0.14] R26[0.13] G1[0.07] A1[0.53] G2[0.31];0.13;0.28;0.04;0.83;0.52;0.00;0.94;0.05;0.0600;0.1256;1
111;111;Agent_1;orders came from the seed rule base (rules as-is);0;0;R7[0.07] R20[0.15] R26[0.13] G1[0.07] A1[0.53] G2[0.33];0.13;0.28;0.04;0.85;0.54;0.00;0.93;0.05;0.1864;0.2421;1
111;111;Agent_1;orders came from the seed rule base (rules as-is);0;0;R7[0.07] R20[0.14] R26[0.13] G1[0.07] A1[0.53] G2[0.31];0.13;0.28;0.04;0.83;0.52;0.00;0.94;0.05;0.0608;0.1391;1
112;112;Agent_1;orders came from the seed rule base (rules as-is);0;0;R7[0.07] R20[0.15] R26[0.13] G1[0.07] A1[0.53] G2[0.33];0.13;0.28;0.04;0.85;0.54;0.00;0.93;0.05;0.1874;0.2400;1
112;112;Agent_1;orders came from the seed rule base (rules as-is);0;0;R7[0.07] R20[0.14] R26[0.13] G1[0.07] A1[0.53] G2[0.31];0.13;0.27;0.04;0.83;0.52;0.00;0.94;0.05;0.0609;0.1346;1
113;113;Agent_1;orders came from the seed rule base (rules as-is);0;0;R7[0.07] R20[0.15] R26[0.13] G1[0.07] A1[0.53] G2[0.33];0.13;0.28;0.04;0.85;0.54;0.00;0.93;0.05;0.1880;0.2439;1
113;113;Agent_1;orders came from the seed rule base (rules as-is);0;0;R7[0.07] R20[0.14] R26[0.13] G1[0.07] A1[0.53] G2[0.31];0.13;0.27;0.04;0.83;0.52;0.00;0.94;0.05;0.0640;0.1397;1
114;114;Agent_1;orders came from the seed rule base (rules as-is);0;0;R7[0.07] R20[0.15] R26[0.13] G1[0.07] A1[0.53] G2[0.33];0.13;0.28;0.04;0.85;0.54;0.00;0.93;0.05;0.1861;0.2564;1
114;114;Agent_1;orders came from the seed rule base (rules as-is);0;0;R7[0.07] R20[0.14] R26[0.13] G1[0.07] A1[0.53] G2[0.31];0.13;0.27;0.04;0.83;0.52;0.00;0.94;0.05;0.0663;0.1284;1
115;115;Agent_1;orders came from the seed rule base (rules as-is);0;0;R7[0.07] R20[0.15] R26[0.13] G1[0.07] A1[0.53] G2[0.33];0.13;0.28;0.04;0.85;0.54;0.00;0.93;0.05;0.1867;0.2445;1
115;115;Agent_1;orders came from the seed rule base (rules as-is);0;0;R7[0.07] R20[0.14] R26[0.13] G1[0.07] A1[0.53] G2[0.31];0.13;0.27;0.04;0.83;0.52;0.00;0.94;0.05;0.0671;0.1352;1
116;116;Agent_1;orders came from the seed rule base (rules as-is);0;0;R7[0.07] R20[0.14] R26[0.13] G1[0.07] A1[0.53] G2[0.33];0.13;0.28;0.04;0.85;0.54;0.00;0.93;0.05;0.1873;0.2407;1
116;116;Agent_1;orders came from the seed rule base (rules as-is);0;0;R7[0.07] R20[0.14] R26[0.13] G1[0.07] A1[0.53] G2[0.31];0.13;0.27;0.04;0.83;0.52;0.00;0.94;0.05;0.0687;0.1362;1
117;117;Agent_1;orders came from the seed rule base (rules as-is);0;0;R7[0.07] R20[0.14] R26[0.13] G1[0.07] A1[0.53] G2[0.34];0.13;0.27;0.04;0.85;0.54;0.00;0.93;0.05;0.1862;0.2440;1
117;117;Agent_1;orders came from the seed rule base (rules as-is);0;0;R7[0.07] R20[0.14] R26[0.13] G1[0.07] A1[0.53] G2[0.31];0.13;0.27;0.04;0.83;0.52;0.00;0.94;0.05;0.0695;0.1247;1
118;118;Agent_1;orders came from the seed rule base (rules as-is);0;0;R7[0.07] R20[0.14] R26[0.13] G1[0.07] A1[0.53] G2[0.34];0.13;0.27;0.04;0.85;0.54;0.00;0.93;0.05;0.1868;0.2379;1
118;118;Agent_1;orders came from the seed rule base (rules as-is);0;0;R7[0.07] R20[0.14] R26[0.13] G1[0.07] A1[0.53] G2[0.31];0.13;0.27;0.04;0.82;0.52;0.00;0.94;0.05;0.0703;0.1378;1
119;119;Agent_1;orders came from the seed rule base (rules as-is);0;0;R7[0.07] R20[0.14] R26[0.13] G1[0.07] A1[0.53] G2[0.34];0.13;0.27;0.04;0.85;0.54;0.00;0.93;0.05;0.1909;0.2539;1
119;119;Agent_1;orders came from the seed rule base (rules as-is);0;0;R7[0.07] R20[0.14] R26[0.13] G1[0.07] A1[0.53] G2[0.31];0.13;0.26;0.04;0.82;0.52;0.00;0.94;0.05;0.0492;0.1373;1
120;120;Agent_1;orders came from the seed rule base (rules as-is);0;0;R7[0.07] R20[0.14] R26[0.13] G1[0.07] A1[0.53] G2[0.34];0.13;0.27;0.04;0.85;0.54;0.00;0.93;0.05;0.1867;0.2417;1
120;120;Agent_1;orders came from the seed rule base (rules as-is);0;0;R7[0.07] R20[0.14] R26[0.13] G1[0.07] A1[0.53] G2[0.31];0.13;0.26;0.04;0.82;0.52;0.00;0.94;0.05;0.0493;0.1413;1
121;121;Agent_1;orders came from the seed rule base (rules as-is);0;0;R7[0.07] R20[0.14] R26[0.13] G1[0.07] A1[0.53] G2[0.34];0.13;0.27;0.04;0.85;0.54;0.00;0.93;0.05;0.1874;0.2377;1
121;121;Agent_1;orders came from the seed rule base (rules as-is);0;0;R7[0.07] R20[0.13] R26[0.13] G1[0.07] A1[0.53] G2[0.31];0.13;0.26;0.04;0.82;0.52;0.00;0.94;0.05;0.0501;0.1409;1
122;122;Agent_1;orders came from the seed rule base (rules as-is);0;0;R7[0.07] R20[0.14] R26[0.13] G1[0.07] A1[0.53] G2[0.34];0.13;0.27;0.04;0.85;0.55;0.00;0.93;0.05;0.1862;0.2433;1
122;122;Agent_1;orders came from the seed rule base (rules as-is);0;0;R7[0.07] R20[0.13] R26[0.13] G1[0.07] A1[0.53] G2[0.31];0.13;0.26;0.04;0.82;0.52;0.00;0.94;0.05;0.0502;0.1477;1
123;123;Agent_1;orders came from the seed rule base (rules as-is);0;0;R7[0.07] R20[0.14] R26[0.13] G1[0.07] A1[0.53] G2[0.35];0.13;0.27;0.04;0.85;0.55;0.00;0.93;0.05;0.1868;0.2406;1
123;123;Agent_1;orders came from the seed rule base (rules as-is);0;0;R7[0.07] R20[0.13] R26[0.13] G1[0.07] A1[0.53] G2[0.31];0.13;0.26;0.04;0.82;0.52;0.00;0.94;0.05;0.0503;0.1434;1
124;124;Agent_1;orders came from the seed rule base (rules as-is);0;0;R7[0.07] R20[0.14] R26[0.12] G1[0.07] A1[0.53] G2[0.35];0.12;0.27;0.04;0.85;0.55;0.00;0.93;0.05;0.1884;0.2575;1
124;124;Agent_1;orders came from the seed rule base (rules as-is);0;0;R7[0.07] R20[0.13] R26[0.12] G1[0.07] A1[0.53] G2[0.31];0.12;0.26;0.04;0.82;0.52;0.00;0.94;0.05;0.0511;0.1410;1
125;125;Agent_1;orders came from the seed rule base (rules as-is);0;0;R7[0.07] R20[0.14] R26[0.12] G1[0.07] A1[0.53] G2[0.35];0.12;0.27;0.04;0.85;0.55;0.00;0.93;0.05;0.1885;0.2513;1
125;125;Agent_1;orders came from the seed rule base (rules as-is);0;0;R7[0.07] R20[0.13] R26[0.12] G1[0.07] A1[0.53] G2[0.31];0.12;0.26;0.04;0.82;0.52;0.00;0.94;0.05;0.0512;0.1510;1
126;126;Agent_1;orders came from the seed rule base (rules as-is);0;0;R7[0.07] R20[0.14] R26[0.12] G1[0.07] A1[0.53] G2[0.35];0.12;0.27;0.04;0.85;0.55;0.00;0.93;0.05;0.1892;0.2386;1
126;126;Agent_1;orders came from the seed rule base (rules as-is);0;0;R7[0.07] R20[0.13] R26[0.12] G1[0.07] A1[0.53] G2[0.31];0.12;0.26;0.04;0.82;0.52;0.00;0.94;0.05;0.0512;0.1464;1
127;127;Agent_1;orders came from the seed rule base (rules as-is);0;0;R7[0.07] R20[0.14] R26[0.12] G1[0.07] A1[0.53] G2[0.35];0.12;0.26;0.04;0.85;0.55;0.00;0.93;0.05;0.1906;0.2446;1
127;127;Agent_1;orders came from the seed rule base (rules as-is);0;0;R7[0.07] R20[0.13] R26[0.12] G1[0.07] A1[0.53] G2[0.31];0.12;0.25;0.04;0.82;0.52;0.00;0.94;0.05;0.0512;0.1449;1
128;128;Agent_1;orders came from the seed rule base (rules as-is);0;0;R7[0.07] R20[0.14] R26[0.12] G1[0.07] A1[0.53] G2[0.35];0.12;0.26;0.04;0.85;0.55;0.00;0.93;0.05;0.1882;0.2482;1
128;128;Agent_1;orders came from the seed rule base (rules as-is);0;0;R7[0.07] R20[0.13] R26[0.12] G1[0.07] A1[0.53] G2[0.31];0.12;0.25;0.04;0.82;0.52;0.00;0.94;0.05;0.0513;0.1435;1
129;129;Agent_1;orders came from the seed rule base (rules as-is);0;0;R7[0.07] R20[0.14] R26[0.12] G1[0.07] A1[0.53] G2[0.35];0.12;0.26;0.04;0.85;0.55;0.00;0.93;0.05;0.1902;0.2417;1
129;129;Agent_1;orders came from the seed rule base (rules as-is);0;0;R7[0.07] R20[0.13] R26[0.12] G1[0.07] A1[0.53] G2[0.31];0.12;0.25;0.04;0.82;0.52;0.00;0.94;0.05;0.0513;0.1474;1
130;130;Agent_1;orders came from the seed rule base (rules as-is);0;0;R7[0.07] R20[0.14] R26[0.12] G1[0.07] A1[0.53] G2[0.35];0.12;0.26;0.04;0.85;0.55;0.00;0.93;0.05;0.1997;0.2423;1
130;130;Agent_1;orders came from the seed rule base (rules as-is);0;0;R7[0.07] R20[0.13] R26[0.12] G1[0.07] A1[0.53] G2[0.31];0.12;0.25;0.04;0.82;0.52;0.00;0.94;0.05;0.0521;0.1521;1
131;131;Agent_1;orders came from the seed rule base (rules as-is);0;0;R7[0.07] R20[0.14] R26[0.12] G1[0.07] A1[0.53] G2[0.35];0.12;0.26;0.04;0.85;0.55;0.00;0.93;0.05;0.2011;0.2404;1
131;131;Agent_1;orders came from the seed rule base (rules as-is);0;0;R7[0.07] R20[0.13] R26[0.12] G1[0.07] A1[0.53] G2[0.31];0.12;0.25;0.04;0.82;0.52;0.00;0.94;0.05;0.0522;0.1489;1
132;132;Agent_1;orders came from the seed rule base (rules as-is);0;0;R7[0.07] R20[0.14] R26[0.12] G1[0.07] A1[0.53] G2[0.35];0.12;0.26;0.04;0.85;0.55;0.00;0.93;0.05;0.2041;0.2384;1
132;132;Agent_1;orders came from the seed rule base (rules as-is);0;0;R7[0.07] R20[0.13] R26[0.12] G1[0.07] A1[0.53] G2[0.31];0.12;0.25;0.04;0.82;0.52;0.00;0.94;0.05;0.0522;0.1441;1
133;133;Agent_1;orders came from the seed rule base (rules as-is);0;0;R7[0.07] R20[0.14] R26[0.12] G1[0.07] A1[0.53] G2[0.35];0.12;0.26;0.04;0.85;0.55;0.00;0.93;0.04;0.2047;0.2379;1
133;133;Agent_1;orders came from the seed rule base (rules as-is);0;0;R7[0.07] R20[0.13] R26[0.12] G1[0.07] A1[0.53] G2[0.31];0.12;0.25;0.04;0.82;0.52;0.00;0.94;0.04;0.0522;0.1499;1
134;134;Agent_1;orders came from the seed rule base (rules as-is);0;0;R7[0.07] R20[0.14] R26[0.12] G1[0.06] A1[0.53] G2[0.35];0.12;0.26;0.04;0.85;0.55;0.00;0.93;0.04;0.2053;0.2423;1
134;134;Agent_1;orders came from the seed rule base (rules as-is);0;0;R7[0.07] R20[0.13] R26[0.12] G1[0.06] A1[0.53] G2[0.31];0.12;0.24;0.04;0.82;0.52;0.00;0.94;0.04;0.0531;0.1549;1
135;135;Agent_1;orders came from the seed rule base (rules as-is);0;0;R7[0.07] R20[0.14] R26[0.12] G1[0.06] A1[0.53] G2[0.35];0.12;0.26;0.04;0.85;0.55;0.00;0.93;0.04;0.1990;0.2503;1
135;135;Agent_1;orders came from the seed rule base (rules as-is);0;0;R7[0.07] R20[0.12] R26[0.12] G1[0.06] A1[0.53] G2[0.31];0.12;0.24;0.04;0.82;0.52;0.00;0.94;0.04;0.0531;0.1432;1
136;136;Agent_1;orders came from the seed rule base (rules as-is);0;0;R7[0.07] R20[0.14] R26[0.12] G1[0.06] A1[0.53] G2[0.36];0.12;0.25;0.04;0.85;0.55;0.00;0.93;0.04;0.2017;0.2587;1
136;136;Agent_1;orders came from the seed rule base (rules as-is);0;0;R7[0.07] R20[0.12] R26[0.12] G1[0.06] A1[0.53] G2[0.31];0.12;0.24;0.04;0.82;0.52;0.00;0.94;0.04;0.0540;0.1485;1
137;137;Agent_1;orders came from the seed rule base (rules as-is);0;0;R7[0.07] R20[0.14] R26[0.12] G1[0.06] A1[0.53] G2[0.36];0.12;0.25;0.04;0.85;0.55;0.00;0.93;0.04;0.2035;0.2417;1
137;137;Agent_1;orders came from the seed rule base (rules as-is);0;0;R7[0.07] R20[0.12] R26[0.12] G1[0.06] A1[0.53] G2[0.31];0.12;0.24;0.04;0.82;0.52;0.00;0.94;0.04;0.0540;0.1443;1
138;138;Agent_1;orders came from the seed rule base (rules as-is);0;0;R7[0.07] R20[0.14] R26[0.12] G1[0.06] A1[0.53] G2[0.36];0.12;0.25;0.04;0.85;0.55;0.00;0.93;0.04;0.1958;0.2457;1
138;138;Agent_1;orders came from the seed rule base (rules as-is);0;0;R7[0.07] R20[0.12] R26[0.12] G1[0.06] A1[0.53] G2[0.31];0.12;0.24;0.04;0.82;0.52;0.00;0.94;0.04;0.0556;0.1423;1
139;139;Agent_1;orders came from the seed rule base (rules as-is);0;0;R7[0.07] R20[0.14] R26[0.12] G1[0.06] A1[0.53] G2[0.36];0.12;0.25;0.04;0.85;0.55;0.00;0.93;0.04;0.1960;0.2487;1
139;139;Agent_1;orders came from the seed rule base (rules as-is);0;0;R7[0.07] R20[0.12] R26[0.12] G1[0.06] A1[0.53] G2[0.31];0.12;0.24;0.04;0.82;0.52;0.00;0.94;0.04;0.0581;0.1438;1
140;140;Agent_1;orders came from the seed rule base (rules as-is);0;0;R7[0.07] R20[0.13] R26[0.11] G1[0.06] A1[0.53] G2[0.36];0.11;0.25;0.04;0.85;0.56;0.00;0.93;0.04;0.1970;0.2403;1
140;140;Agent_1;orders came from the seed rule base (rules as-is);0;0;R7[0.07] R20[0.12] R26[0.11] G1[0.06] A1[0.53] G2[0.31];0.11;0.24;0.04;0.82;0.52;0.00;0.94;0.04;0.0581;0.1439;1
141;141;Agent_1;orders came from the seed rule base (rules as-is);0;0;R7[0.07] R20[0.13] R26[0.11] G1[0.06] A1[0.53] G2[0.36];0.11;0.25;0.04;0.85;0.56;0.00;0.93;0.04;0.1976;0.2473;1
141;141;Agent_1;orders came from the seed rule base (rules as-is);0;0;R7[0.07] R20[0.12] R26[0.11] G1[0.06] A1[0.53] G2[0.31];0.11;0.24;0.04;0.82;0.52;0.00;0.95;0.04;0.0597;0.1414;1
142;142;Agent_1;orders came from the seed rule base (rules as-is);0;0;R7[0.07] R20[0.13] R26[0.11] G1[0.06] A1[0.53] G2[0.36];0.11;0.25;0.04;0.85;0.56;0.00;0.93;0.04;0.2012;0.2435;1
142;142;Agent_1;orders came from the seed rule base (rules as-is);0;0;R7[0.07] R20[0.12] R26[0.11] G1[0.06] A1[0.53] G2[0.31];0.11;0.23;0.04;0.82;0.52;0.00;0.95;0.04;0.0644;0.1482;1
143;143;Agent_1;orders came from the seed rule base (rules as-is);0;0;R7[0.07] R20[0.13] R26[0.11] G1[0.06] A1[0.53] G2[0.36];0.11;0.25;0.04;0.85;0.56;0.00;0.93;0.04;0.2009;0.2455;1
143;143;Agent_1;orders came from the seed rule base (rules as-is);0;0;R7[0.07] R20[0.12] R26[0.11] G1[0.06] A1[0.53] G2[0.31];0.11;0.23;0.04;0.82;0.52;0.00;0.95;0.04;0.0652;0.1473;1
144;144;Agent_1;orders came from the seed rule base (rules as-is);0;0;R7[0.07] R20[0.13] R26[0.11] G1[0.06] A1[0.53] G2[0.36];0.11;0.25;0.04;0.85;0.56;0.00;0.93;0.04;0.1957;0.2596;1
144;144;Agent_1;orders came from the seed rule base (rules as-is);0;0;R7[0.07] R20[0.12] R26[0.11] G1[0.06] A1[0.53] G2[0.31];0.11;0.23;0.04;0.82;0.52;0.00;0.95;0.04;0.0675;0.1449;1
145;145;Agent_1;orders came from the seed rule base (rules as-is);0;0;R7[0.07] R20[0.13] R26[0.11] G1[0.06] A1[0.53] G2[0.36];0.11;0.24;0.04;0.85;0.56;0.00;0.93;0.04;0.1959;0.2461;1
145;145;Agent_1;orders came from the seed rule base (rules as-is);0;0;R7[0.07] R20[0.12] R26[0.11] G1[0.06] A1[0.53] G2[0.31];0.11;0.23;0.04;0.82;0.52;0.00;0.95;0.04;0.0683;0.1516;1
146;146;Agent_1;orders came from the seed rule base (rules as-is);0;0;R7[0.07] R20[0.13] R26[0.11] G1[0.06] A1[0.53] G2[0.37];0.11;0.24;0.04;0.85;0.56;0.00;0.93;0.04;0.1969;0.2458;1
146;146;Agent_1;orders came from the seed rule base (rules as-is);0;0;R7[0.07] R20[0.12] R26[0.11] G1[0.06] A1[0.53] G2[0.31];0.11;0.23;0.04;0.82;0.52;0.00;0.95;0.04;0.0691;0.1411;1
147;147;Agent_1;orders came from the seed rule base (rules as-is);0;0;R7[0.07] R20[0.13] R26[0.11] G1[0.06] A1[0.53] G2[0.37];0.11;0.24;0.04;0.85;0.56;0.00;0.93;0.04;0.1971;0.2733;1
147;147;Agent_1;orders came from the seed rule base (rules as-is);0;0;R7[0.07] R20[0.12] R26[0.11] G1[0.06] A1[0.53] G2[0.31];0.11;0.23;0.04;0.82;0.52;0.00;0.95;0.04;0.0707;0.1488;1
148;148;Agent_1;orders came from the seed rule base (rules as-is);0;0;R7[0.07] R20[0.13] R26[0.11] G1[0.06] A1[0.53] G2[0.37];0.11;0.24;0.04;0.85;0.56;0.00;0.93;0.04;0.1994;0.2566;1
148;148;Agent_1;orders came from the seed rule base (rules as-is);0;0;R7[0.07] R20[0.12] R26[0.11] G1[0.06] A1[0.53] G2[0.31];0.11;0.23;0.04;0.82;0.52;0.00;0.95;0.04;0.0722;0.1426;1
149;149;Agent_1;orders came from the seed rule base (rules as-is);0;0;R7[0.07] R20[0.13] R26[0.11] G1[0.06] A1[0.53] G2[0.37];0.11;0.24;0.04;0.85;0.56;0.00;0.93;0.04;0.1983;0.2475;1
149;149;Agent_1;orders came from the seed rule base (rules as-is);0;0;R7[0.07] R20[0.12] R26[0.11] G1[0.06] A1[0.53] G2[0.31];0.11;0.23;0.04;0.82;0.52;0.00;0.95;0.04;0.0722;0.1489;1
150;150;Agent_1;orders came from the seed rule base (rules as-is);0;0;R7[0.07] R20[0.13] R26[0.11] G1[0.06] A1[0.53] G2[0.37];0.11;0.24;0.04;0.85;0.56;0.00;0.93;0.04;0.1985;0.2438;1
150;150;Agent_1;orders came from the seed rule base (rules as-is);0;0;R7[0.07] R20[0.12] R26[0.11] G1[0.06] A1[0.53] G2[0.31];0.11;0.22;0.04;0.82;0.52;0.00;0.95;0.04;0.0738;0.1446;1
151;151;Agent_1;orders came from the seed rule base (rules as-is);0;0;R7[0.07] R20[0.13] R26[0.11] G1[0.06] A1[0.53] G2[0.37];0.11;0.24;0.04;0.85;0.56;0.00;0.93;0.04;0.1991;0.2444;1
151;151;Agent_1;orders came from the seed rule base (rules as-is);0;0;R7[0.07] R20[0.11] R26[0.11] G1[0.06] A1[0.53] G2[0.31];0.11;0.22;0.04;0.82;0.52;0.00;0.95;0.04;0.0738;0.1490;1
152;152;Agent_1;orders came from the seed rule base (rules as-is);0;0;R7[0.07] R20[0.13] R26[0.11] G1[0.06] A1[0.53] G2[0.37];0.11;0.24;0.04;0.85;0.56;0.00;0.93;0.04;0.1997;0.2467;1
152;152;Agent_1;orders came from the seed rule base (rules as-is);0;0;R7[0.07] R20[0.11] R26[0.11] G1[0.06] A1[0.53] G2[0.31];0.11;0.22;0.04;0.82;0.52;0.00;0.95;0.04;0.0746;0.1466;1
153;153;Agent_1;orders came from the seed rule base (rules as-is);0;0;R7[0.07] R20[0.13] R26[0.11] G1[0.06] A1[0.53] G2[0.37];0.11;0.24;0.04;0.85;0.56;0.00;0.93;0.04;0.2003;0.2471;1
153;153;Agent_1;orders came from the seed rule base (rules as-is);0;0;R7[0.07] R20[0.11] R26[0.11] G1[0.06] A1[0.53] G2[0.31];0.11;0.22;0.04;0.82;0.52;0.00;0.95;0.04;0.0753;0.1418;1
154;154;Agent_1;orders came from the seed rule base (rules as-is);0;0;R7[0.07] R20[0.13] R26[0.11] G1[0.06] A1[0.53] G2[0.37];0.11;0.23;0.04;0.85;0.56;0.00;0.93;0.04;0.1997;0.2635;1
154;154;Agent_1;orders came from the seed rule base (rules as-is);0;0;R7[0.07] R20[0.11] R26[0.11] G1[0.06] A1[0.53] G2[0.31];0.11;0.22;0.04;0.82;0.52;0.00;0.95;0.04;0.0769;0.1457;1
155;155;Agent_1;orders came from the seed rule base (rules as-is);0;0;R7[0.07] R20[0.13] R26[0.11] G1[0.06] A1[0.53] G2[0.37];0.11;0.23;0.04;0.85;0.56;0.00;0.93;0.04;0.1998;0.2474;1
155;155;Agent_1;orders came from the seed rule base (rules as-is);0;0;R7[0.07] R20[0.11] R26[0.11] G1[0.06] A1[0.53] G2[0.31];0.11;0.22;0.04;0.81;0.52;0.00;0.95;0.04;0.0784;0.1505;1
156;156;Agent_1;orders came from the seed rule base (rules as-is);0;0;R7[0.07] R20[0.13] R26[0.10] G1[0.06] A1[0.53] G2[0.37];0.10;0.23;0.04;0.85;0.56;0.00;0.93;0.04;0.2013;0.2524;1
156;156;Agent_1;orders came from the seed rule base (rules as-is);0;0;R7[0.07] R20[0.11] R26[0.10] G1[0.06] A1[0.53] G2[0.31];0.10;0.22;0.04;0.81;0.52;0.00;0.95;0.04;0.0799;0.1578;1
157;157;Agent_1;orders came from the seed rule base (rules as-is);0;0;R7[0.07] R20[0.13] R26[0.10] G1[0.06] A1[0.53] G2[0.37];0.10;0.23;0.04;0.85;0.56;0.00;0.93;0.04;0.2011;0.2455;1
157;157;Agent_1;orders came from the seed rule base (rules as-is);0;0;R7[0.07] R20[0.11] R26[0.10] G1[0.06] A1[0.53] G2[0.31];0.10;0.22;0.04;0.81;0.52;0.00;0.95;0.04;0.0799;0.1429;1
158;158;Agent_1;orders came from the seed rule base (rules as-is);0;0;R7[0.07] R20[0.12] R26[0.10] G1[0.06] A1[0.53] G2[0.37];0.10;0.23;0.04;0.85;0.56;0.00;0.94;0.04;0.2013;0.2515;1
158;158;Agent_1;orders came from the seed rule base (rules as-is);0;0;R7[0.07] R20[0.11] R26[0.10] G1[0.06] A1[0.53] G2[0.31];0.10;0.21;0.04;0.81;0.52;0.00;0.95;0.04;0.0807;0.1449;1
159;159;Agent_1;orders came from the seed rule base (rules as-is);0;0;R7[0.07] R20[0.11] R26[0.10] G1[0.06] A1[0.53] G2[0.31];0.10;0.21;0.04;0.81;0.52;0.00;0.95;0.04;0.0771;0.1458;1
160;160;Agent_1;orders came from the seed rule base (rules as-is);0;0;R7[0.07] R20[0.11] R26[0.10] G1[0.06] A1[0.53] G2[0.31];0.10;0.21;0.04;0.81;0.52;0.00;0.95;0.04;0.0793;0.1492;1
161;161;Agent_1;orders came from the seed rule base (rules as-is);0;0;R7[0.07] R20[0.11] R26[0.10] G1[0.06] A1[0.53] G2[0.31];0.10;0.21;0.04;0.81;0.52;0.00;0.95;0.04;0.0808;0.1597;1
162;162;Agent_1;orders came from the seed rule base (rules as-is);0;0;R7[0.07] R20[0.11] R26[0.10] G1[0.06] A1[0.53] G2[0.31];0.10;0.21;0.04;0.81;0.52;0.00;0.95;0.04;0.0816;0.1593;1
163;163;Agent_1;orders came from the seed rule base (rules as-is);0;0;R7[0.07] R20[0.11] R26[0.10] G1[0.06] A1[0.53] G2[0.31];0.10;0.21;0.04;0.81;0.52;0.00;0.95;0.04;0.0873;0.1498;1
164;164;Agent_1;orders came from the seed rule base (rules as-is);0;0;R7[0.07] R20[0.11] R26[0.10] G1[0.05] A1[0.53] G2[0.31];0.10;0.21;0.04;0.81;0.52;0.00;0.95;0.04;0.0838;0.1484;1
165;165;Agent_1;orders came from the seed rule base (rules as-is);0;0;R7[0.07] R20[0.11] R26[0.10] G1[0.05] A1[0.53] G2[0.31];0.10;0.21;0.04;0.81;0.52;0.00;0.95;0.04;0.0810;0.1498;1
166;166;Agent_1;orders came from the seed rule base (rules as-is);0;0;R7[0.07] R20[0.11] R26[0.10] G1[0.05] A1[0.53] G2[0.31];0.10;0.21;0.04;0.81;0.52;0.00;0.95;0.03;0.0810;0.1489;1
167;167;Agent_1;orders came from the seed rule base (rules as-is);0;0;R7[0.07] R20[0.10] R26[0.10] G1[0.05] A1[0.53] G2[0.31];0.10;0.20;0.04;0.81;0.52;0.00;0.95;0.03;0.0825;0.1513;1
168;168;Agent_1;orders came from the seed rule base (rules as-is);0;0;R7[0.07] R20[0.10] R26[0.10] G1[0.05] A1[0.53] G2[0.31];0.10;0.20;0.04;0.81;0.52;0.00;0.95;0.03;0.0804;0.1550;1
169;169;Agent_1;orders came from the seed rule base (rules as-is);0;0;R7[0.07] R20[0.10] R26[0.10] G1[0.05] A1[0.53] G2[0.31];0.10;0.20;0.04;0.81;0.52;0.00;0.95;0.03;0.0812;0.1604;1
170;170;Agent_1;orders came from the seed rule base (rules as-is);0;0;R7[0.07] R20[0.10] R26[0.10] G1[0.05] A1[0.53] G2[0.31];0.10;0.20;0.04;0.81;0.52;0.00;0.95;0.03;0.0798;0.2055;1
171;171;Agent_1;orders came from the seed rule base (rules as-is);0;0;R7[0.07] R20[0.10] R26[0.10] G1[0.05] A1[0.53] G2[0.31];0.10;0.20;0.04;0.81;0.52;0.00;0.95;0.03;0.0820;0.1523;1
172;172;Agent_1;orders came from the seed rule base (rules as-is);0;0;R7[0.07] R20[0.10] R26[0.10] G1[0.05] A1[0.53] G2[0.31];0.10;0.20;0.04;0.81;0.52;0.00;0.95;0.03;0.0820;0.1519;1
173;173;Agent_1;orders came from the seed rule base (rules as-is);0;0;R7[0.07] R20[0.10] R26[0.10] G1[0.05] A1[0.53] G2[0.31];0.10;0.20;0.04;0.81;0.52;0.00;0.95;0.03;0.0791;0.1538;1
174;174;Agent_1;orders came from the seed rule base (rules as-is);0;0;R7[0.07] R20[0.10] R26[0.09] G1[0.05] A1[0.53] G2[0.31];0.09;0.20;0.04;0.81;0.52;0.00;0.95;0.03;0.0799;0.1574;1
175;175;Agent_1;orders came from the seed rule base (rules as-is);0;0;R7[0.07] R20[0.10] R26[0.09] G1[0.05] A1[0.53] G2[0.31];0.09;0.19;0.04;0.81;0.52;0.00;0.95;0.03;0.0850;0.1538;1
176;176;Agent_1;orders came from the seed rule base (rules as-is);0;0;R7[0.07] R20[0.10] R26[0.09] G1[0.05] A1[0.53] G2[0.31];0.09;0.19;0.04;0.81;0.52;0.00;0.95;0.03;0.0814;0.1584;1
177;177;Agent_1;orders came from the seed rule base (rules as-is);0;0;R7[0.07] R20[0.10] R26[0.09] G1[0.05] A1[0.53] G2[0.31];0.09;0.19;0.04;0.81;0.52;0.00;0.95;0.03;0.0822;0.1553;1
178;178;Agent_1;orders came from the seed rule base (rules as-is);0;0;R7[0.07] R20[0.10] R26[0.09] G1[0.05] A1[0.53] G2[0.31];0.09;0.19;0.04;0.81;0.52;0.00;0.95;0.03;0.0830;0.1557;1
179;179;Agent_1;orders came from the seed rule base (rules as-is);0;0;R7[0.07] R20[0.10] R26[0.09] G1[0.05] A1[0.53] G2[0.31];0.09;0.19;0.04;0.81;0.52;0.00;0.95;0.03;0.0844;0.1558;1
180;180;Agent_1;orders came from the seed rule base (rules as-is);0;0;R7[0.07] R20[0.10] R26[0.09] G1[0.05] A1[0.53] G2[0.31];0.09;0.19;0.04;0.81;0.52;0.00;0.95;0.03;0.0838;0.1558;1
181;181;Agent_1;orders came from the seed rule base (rules as-is);0;0;R7[0.07] R20[0.10] R26[0.09] G1[0.05] A1[0.53] G2[0.31];0.09;0.19;0.04;0.81;0.52;0.00;0.95;0.03;0.0852;0.1563;1
182;182;Agent_1;orders came from the seed rule base (rules as-is);0;0;R7[0.07] R20[0.10] R26[0.09] G1[0.05] A1[0.53] G2[0.31];0.09;0.19;0.04;0.81;0.52;0.00;0.95;0.03;0.0867;0.1586;1
183;183;Agent_1;orders came from the seed rule base (rules as-is);0;0;R7[0.07] R20[0.10] R26[0.09] G1[0.05] A1[0.53] G2[0.31];0.09;0.19;0.04;0.81;0.52;0.00;0.95;0.03;0.0874;0.1599;1
184;184;Agent_1;orders came from the seed rule base (rules as-is);0;0;R7[0.07] R20[0.09] R26[0.09] G1[0.05] A1[0.53] G2[0.31];0.09;0.18;0.04;0.81;0.52;0.00;0.95;0.03;0.0804;0.1660;1
185;185;Agent_1;orders came from the seed rule base (rules as-is);0;0;R7[0.07] R20[0.09] R26[0.09] G1[0.05] A1[0.53] G2[0.31];0.09;0.18;0.04;0.81;0.52;0.00;0.95;0.03;0.0804;0.1630;1
186;186;Agent_1;orders came from the seed rule base (rules as-is);0;0;R7[0.07] R20[0.09] R26[0.09] G1[0.05] A1[0.53] G2[0.31];0.09;0.18;0.04;0.81;0.52;0.00;0.95;0.03;0.0819;0.1613;1
187;187;Agent_1;orders came from the seed rule base (rules as-is);0;0;R7[0.07] R20[0.09] R26[0.09] G1[0.05] A1[0.53] G2[0.31];0.09;0.18;0.04;0.81;0.52;0.00;0.95;0.03;0.0841;0.1635;1
188;188;Agent_1;orders came from the seed rule base (rules as-is);0;0;R7[0.07] R20[0.09] R26[0.09] G1[0.05] A1[0.53] G2[0.31];0.09;0.18;0.04;0.81;0.52;0.00;0.95;0.03;0.0848;0.1714;1
189;189;Agent_1;orders came from the seed rule base (rules as-is);0;0;R7[0.07] R20[0.09] R26[0.09] G1[0.05] A1[0.53] G2[0.31];0.09;0.18;0.04;0.81;0.52;0.00;0.95;0.03;0.0849;0.1657;1
190;190;Agent_1;orders came from the seed rule base (rules as-is);0;0;R7[0.07] R20[0.09] R26[0.09] G1[0.05] A1[0.53] G2[0.31];0.09;0.18;0.04;0.81;0.52;0.00;0.95;0.03;0.0828;0.1751;1
191;191;Agent_1;orders came from the seed rule base (rules as-is);0;0;R7[0.07] R20[0.09] R26[0.09] G1[0.05] A1[0.53] G2[0.31];0.09;0.18;0.04;0.81;0.52;0.00;0.95;0.03;0.0828;0.1759;1
192;192;Agent_1;orders came from the seed rule base (rules as-is);0;0;R7[0.07] R20[0.09] R26[0.09] G1[0.05] A1[0.53] G2[0.31];0.09;0.18;0.04;0.81;0.52;0.00;0.95;0.03;0.0829;0.1695;1
193;193;Agent_1;orders came from the seed rule base (rules as-is);0;0;R7[0.07] R20[0.09] R26[0.08] G1[0.05] A1[0.53] G2[0.31];0.08;0.18;0.04;0.81;0.52;0.00;0.95;0.03;0.0829;0.1767;1
194;194;Agent_1;orders came from the seed rule base (rules as-is);0;0;R7[0.07] R20[0.09] R26[0.08] G1[0.05] A1[0.53] G2[0.31];0.08;0.17;0.04;0.81;0.52;0.00;0.95;0.03;0.0829;0.1688;1
195;195;Agent_1;orders came from the seed rule base (rules as-is);0;0;R7[0.07] R20[0.09] R26[0.08] G1[0.05] A1[0.53] G2[0.31];0.08;0.17;0.04;0.81;0.52;0.00;0.95;0.03;0.0830;0.1671;1
196;196;Agent_1;orders came from the seed rule base (rules as-is);0;0;R7[0.07] R20[0.09] R26[0.08] G1[0.05] A1[0.53] G2[0.31];0.08;0.17;0.04;0.81;0.52;0.00;0.95;0.03;0.0816;0.1676;1
197;197;Agent_1;orders came from the seed rule base (rules as-is);0;0;R7[0.07] R20[0.09] R26[0.08] G1[0.05] A1[0.53] G2[0.31];0.08;0.17;0.04;0.80;0.52;0.00;0.95;0.03;0.0831;0.1701;1
198;198;Agent_1;orders came from the seed rule base (rules as-is);0;0;R7[0.07] R20[0.09] R26[0.08] G1[0.04] A1[0.53] G2[0.31];0.08;0.17;0.04;0.80;0.52;0.00;0.95;0.03;0.0846;0.1837;1
199;199;Agent_1;orders came from the seed rule base (rules as-is);0;0;R7[0.07] R20[0.09] R26[0.08] G1[0.04] A1[0.53] G2[0.31];0.08;0.17;0.04;0.80;0.52;0.00;0.95;0.03;0.0853;0.1757;1
200;200;Agent_1;orders came from the seed rule base (rules as-is);0;0;R7[0.07] R20[0.09] R26[0.08] G1[0.04] A1[0.53] G2[0.31];0.08;0.17;0.04;0.80;0.52;0.00;0.95;0.03;0.0861;0.1873;1
