step;t_min;region;story;stage_tried;stage_accepted;fired_rules;suppression;deployment;containment;protection;evacuation;warning;quality;gate_min;J_forecast;J_noaction;attended
0;0;Agent_1;RL selected stage 3 [GenAI] (deficit bucket: low) → ACCEPTED: G1: G1: IF asset exposure risk is VH AND intervention urgency is VL THEN asset protection 0.8, resource deployment 0.4 (adaptation-born: generative (template), gates G1-G4);3;3;R7[0.07] R20[0.19] G1[0.38];0.00;0.33;0.04;0.36;0.00;0.00;0.73;0.00;0.2898;0.2819;1
1;1;Agent_1;orders came from the seed rule base (rules as-is);0;0;R7[0.07] R20[0.17] G1[0.34];0.00;0.30;0.04;0.33;0.00;0.00;0.76;0.00;0.2941;0.2843;1
2;2;Agent_1;orders came from the seed rule base (rules as-is);0;0;R7[0.07] R20[0.16] G1[0.32];0.00;0.28;0.04;0.32;0.00;0.00;0.70;0.12;0.2958;0.2861;1
3;3;Agent_1;orders came from the seed rule base (rules as-is);0;0;R7[0.07] R20[0.17] R26[0.04] G1[0.25];0.04;0.30;0.04;0.26;0.00;0.00;0.62;0.12;0.3009;0.2878;1
4;4;Agent_1;orders came from the seed rule base (rules as-is);0;0;R7[0.07] R20[0.18] R26[0.08] G1[0.20];0.08;0.32;0.04;0.22;0.00;0.00;0.61;0.12;0.3027;0.2885;1
5;5;Agent_1;orders came from the seed rule base (rules as-is);0;0;R7[0.07] R20[0.19] R26[0.11] G1[0.16];0.11;0.34;0.04;0.19;0.00;0.00;0.60;0.12;0.3054;0.2902;1
6;6;Agent_1;orders came from the seed rule base (rules as-is);0;0;R7[0.07] R20[0.20] R26[0.13] G1[0.13];0.13;0.34;0.04;0.16;0.00;0.00;0.60;0.12;0.3059;0.2906;1
7;7;Agent_1;orders came from the seed rule base (rules as-is);0;0;R7[0.07] R20[0.20] R26[0.14] G1[0.10];0.14;0.35;0.04;0.14;0.00;0.00;0.59;0.12;0.3075;0.2914;1
8;8;Agent_1;orders came from the seed rule base (rules as-is);0;0;R7[0.07] R20[0.20] R26[0.16] G1[0.08];0.15;0.35;0.04;0.12;0.00;0.00;0.59;0.12;0.3082;0.2921;1
9;9;Agent_1;orders came from the seed rule base (rules as-is);0;0;R7[0.07] R20[0.21] R26[0.17] G1[0.06];0.16;0.36;0.04;0.11;0.00;0.00;0.59;0.12;0.3090;0.2926;1
10;10;Agent_1;RL selected stage 2 [resolution increase] (deficit bucket: mid) → ACCEPTED: A1: A1: IF asset exposure risk is VH AND suppression feasibility is VH THEN asset protection 0.9, evacuation 0.6 (adaptation-born: resolution increase (instantiated antecedent cell));2;2;R7[0.07] R20[0.21] R26[0.17] G1[0.05] A1[0.53];0.17;0.37;0.04;0.55;0.33;0.00;0.78;0.12;0.3060;0.2928;1
11;11;Agent_1;orders came from the seed rule base (rules as-is);0;0;R7[0.07] R20[0.21] R26[0.18] G1[0.04] A1[0.53];0.18;0.37;0.04;0.54;0.33;0.00;0.78;0.11;0.3066;0.2934;1
12;12;Agent_1;orders came from the seed rule base (rules as-is);0;0;R7[0.07] R20[0.21] R26[0.18] G1[0.03] A1[0.53];0.18;0.37;0.04;0.53;0.33;0.00;0.78;0.11;0.3073;0.2935;1
13;13;Agent_1;orders came from the seed rule base (rules as-is);0;0;R7[0.07] R20[0.21] R26[0.19] G1[0.03] A1[0.53];0.19;0.37;0.04;0.53;0.33;0.00;0.77;0.11;0.3082;0.2938;1
14;14;Agent_1;orders came from the seed rule base (rules as-is);0;0;R7[0.07] R20[0.21] R26[0.19] G1[0.02] A1[0.53];0.19;0.37;0.04;0.53;0.33;0.00;0.77;0.11;0.3081;0.2942;1
15;15;Agent_1;orders came from the seed rule base (rules as-is);0;0;R7[0.07] R20[0.21] R26[0.19] G1[0.02] A1[0.53];0.19;0.37;0.04;0.52;0.33;0.00;0.77;0.11;0.3086;0.2945;1
16;16;Agent_1;orders came from the seed rule base (rules as-is);0;0;R7[0.07] R20[0.21] R26[0.19] G1[0.01] A1[0.53];0.19;0.37;0.04;0.52;0.33;0.00;0.77;0.11;0.3091;0.2947;1
17;17;Agent_1;orders came from the seed rule base (rules as-is);0;0;R7[0.07] R20[0.21] R26[0.19] G1[0.01] A1[0.53];0.19;0.37;0.04;0.52;0.33;0.00;0.77;0.11;0.3093;0.2949;1
18;18;Agent_1;orders came from the seed rule base (rules as-is);0;0;R7[0.07] R20[0.21] R26[0.20] A1[0.53];0.20;0.37;0.04;0.52;0.33;0.00;0.76;0.11;0.3097;0.2950;1
19;19;Agent_1;orders came from the seed rule base (rules as-is);0;0;R7[0.07] R20[0.22] R26[0.20] A1[0.53];0.20;0.38;0.04;0.51;0.33;0.00;0.76;0.11;0.3099;0.2952;1
20;20;Agent_1;RL selected stage 2 [resolution increase] (deficit bucket: low) → rejected (cell already covered — an active rule sits on this antecedent cell; numeric tuning of an existing cell is stage ① evFIS's job | seed-base decision stands, its orders are applied);2;0;R7[0.07] R20[0.22] R26[0.20] A1[0.53];0.20;0.38;0.04;0.51;0.33;0.00;0.76;0.11;0.3100;0.2954;1
21;21;Agent_1;orders came from the seed rule base (rules as-is);0;0;R7[0.07] R20[0.23] R26[0.20] A1[0.53];0.20;0.39;0.04;0.51;0.33;0.00;0.76;0.11;0.3103;0.2956;1
22;22;Agent_1;orders came from the seed rule base (rules as-is);0;0;R7[0.07] R20[0.24] R26[0.20] A1[0.53];0.20;0.39;0.04;0.51;0.33;0.00;0.76;0.11;0.3102;0.2958;1
23;23;Agent_1;orders came from the seed rule base (rules as-is);0;0;R7[0.07] R20[0.25] R26[0.20] A1[0.53];0.20;0.40;0.04;0.51;0.33;0.00;0.75;0.10;0.3104;0.2960;1
24;24;Agent_1;orders came from the seed rule base (rules as-is);0;0;R7[0.07] R20[0.26] R26[0.19] A1[0.53];0.19;0.42;0.04;0.51;0.33;0.00;0.75;0.10;0.3106;0.2963;1
25;25;Agent_1;orders came from the seed rule base (rules as-is);0;0;R7[0.07] R20[0.27] R26[0.19] A1[0.53];0.19;0.43;0.04;0.51;0.33;0.00;0.75;0.10;0.3106;0.2966;1
26;26;Agent_1;orders came from the seed rule base (rules as-is);0;0;R7[0.07] R20[0.29] R26[0.19] A1[0.53];0.19;0.44;0.04;0.51;0.33;0.00;0.76;0.10;0.3108;0.2968;1
27;27;Agent_1;orders came from the seed rule base (rules as-is);0;0;R7[0.07] R20[0.30] R26[0.19] A1[0.53];0.19;0.45;0.04;0.51;0.33;0.00;0.76;0.10;0.3110;0.2971;1
28;28;Agent_1;orders came from the seed rule base (rules as-is);0;0;R7[0.07] R20[0.30] R26[0.19] A1[0.53];0.19;0.46;0.04;0.51;0.33;0.00;0.76;0.10;0.3114;0.2974;1
29;29;Agent_1;orders came from the seed rule base (rules as-is);0;0;R7[0.07] R20[0.31] R26[0.19] A1[0.53];0.19;0.46;0.04;0.51;0.33;0.00;0.76;0.10;0.3112;0.2977;1
30;30;Agent_1;RL selected stage 1 [evFIS] (deficit bucket: low) → ACCEPTED: A1 consequents -0.05;1;1;R7[0.07] R20[0.31] R26[0.19] A1[0.53];0.19;0.47;0.04;0.48;0.31;0.00;0.75;0.10;0.3113;0.2980;1
31;31;Agent_1;orders came from the seed rule base (rules as-is);0;0;R7[0.07] R20[0.32] R26[0.19] A1[0.53];0.19;0.47;0.04;0.48;0.31;0.00;0.75;0.10;0.3114;0.2983;1
32;32;Agent_1;orders came from the seed rule base (rules as-is);0;0;R7[0.07] R20[0.32] R26[0.19] A1[0.53];0.19;0.47;0.04;0.48;0.31;0.00;0.75;0.10;0.3114;0.2986;1
33;33;Agent_1;orders came from the seed rule base (rules as-is);0;0;R7[0.07] R20[0.32] R26[0.19] A1[0.53];0.19;0.47;0.04;0.48;0.31;0.00;0.75;0.10;0.3116;0.2989;1
34;34;Agent_1;orders came from the seed rule base (rules as-is);0;0;R7[0.07] R20[0.32] R26[0.19] A1[0.53];0.19;0.47;0.04;0.48;0.31;0.00;0.75;0.10;0.3117;0.2992;1
35;35;Agent_1;orders came from the seed rule base (rules as-is);0;0;R7[0.07] R20[0.32] R26[0.19] A1[0.53];0.19;0.47;0.04;0.48;0.31;0.00;0.75;0.10;0.3119;0.2995;1
36;36;Agent_1;orders came from the seed rule base (rules as-is);0;0;R7[0.07] R20[0.32] R26[0.19] A1[0.53];0.19;0.47;0.04;0.48;0.31;0.00;0.75;0.09;0.3121;0.2998;1
37;37;Agent_1;orders came from the seed rule base (rules as-is);0;0;R7[0.07] R20[0.32] R26[0.19] A1[0.53];0.19;0.47;0.04;0.48;0.31;0.00;0.74;0.09;0.3123;0.3001;1
38;38;Agent_1;orders came from the seed rule base (rules as-is);0;0;R7[0.07] R20[0.32] R26[0.19] A1[0.53];0.19;0.47;0.04;0.48;0.31;0.00;0.74;0.09;0.3042;0.2955;1
39;39;Agent_1;orders came from the seed rule base (rules as-is);0;0;R7[0.07] R20[0.29] R26[0.17] A1[0.53];0.17;0.42;0.04;0.48;0.31;0.00;0.79;0.00;0.3042;0.2957;1
40;40;Agent_1;RL selected stage 1 [evFIS] (deficit bucket: low) → rejected (no improving perturbation found | seed-base decision stands, its orders are applied);1;0;R7[0.07] R20[0.52] R26[0.30] A1[0.53];0.30;0.75;0.04;0.48;0.31;0.00;0.71;0.69;0.3022;0.2959;1
41;41;Agent_1;orders came from the seed rule base (rules as-is);0;0;R7[0.07] R20[0.58] R26[0.33] A1[0.53];0.33;0.85;0.04;0.48;0.31;0.00;0.70;0.69;0.3020;0.2960;1
42;42;Agent_1;orders came from the seed rule base (rules as-is);0;0;R7[0.07] R20[0.60] R26[0.34] A1[0.53];0.34;0.87;0.04;0.48;0.31;0.00;0.69;0.69;0.3018;0.2962;1
43;43;Agent_1;orders came from the seed rule base (rules as-is);0;0;R7[0.07] R20[0.60] R26[0.34] A1[0.53];0.34;0.88;0.04;0.48;0.31;0.00;0.69;0.69;0.3019;0.2964;1
44;44;Agent_1;orders came from the seed rule base (rules as-is);0;0;R7[0.07] R20[0.60] R26[0.34] A1[0.53];0.34;0.88;0.04;0.48;0.31;0.00;0.70;0.69;0.3021;0.2966;1
45;45;Agent_1;orders came from the seed rule base (rules as-is);0;0;R7[0.07] R20[0.61] R26[0.34] A1[0.53];0.34;0.88;0.04;0.48;0.31;0.00;0.70;0.69;0.3023;0.2967;1
0;0;Agent_1;RL selected stage 3 [GenAI] (deficit bucket: low) → ACCEPTED: G1: G1: IF asset exposure risk is VH AND intervention urgency is VL THEN asset protection 0.8, resource deployment 0.4 (adaptation-born: generative (template), gates G1-G4);3;3;R7[0.07] R20[0.19] G1[0.38];0.00;0.33;0.04;0.36;0.00;0.00;0.73;0.00;0.2898;0.2819;1
0;0;Agent_1;RL selected stage 1 [evFIS] (deficit bucket: low) → rejected (no improving perturbation found | seed-base decision stands, its orders are applied);1;0;R7[0.07] R20[0.19] G1[0.54] A1[0.53];0.00;0.39;0.04;0.81;0.31;0.00;0.87;0.00;0.1791;0.1718;1
1;1;Agent_1;orders came from the seed rule base (rules as-is);0;0;R7[0.07] R20[0.17] G1[0.34];0.00;0.30;0.04;0.33;0.00;0.00;0.76;0.00;0.2941;0.2843;1
1;1;Agent_1;orders came from the seed rule base (rules as-is);0;0;R7[0.07] R20[0.20] G1[0.58] A1[0.53];0.00;0.42;0.04;0.81;0.31;0.00;0.88;0.69;0.1848;0.1775;1
2;2;Agent_1;orders came from the seed rule base (rules as-is);0;0;R7[0.07] R20[0.16] G1[0.32];0.00;0.28;0.04;0.32;0.00;0.00;0.70;0.12;0.2958;0.2861;1
2;2;Agent_1;orders came from the seed rule base (rules as-is);0;0;R7[0.07] R20[0.32] R26[0.25] G1[0.30] A1[0.53];0.25;0.63;0.04;0.72;0.31;0.00;0.86;0.69;0.0870;0.1832;1
3;3;Agent_1;orders came from the seed rule base (rules as-is);0;0;R7[0.07] R20[0.17] R26[0.04] G1[0.25];0.04;0.30;0.04;0.26;0.00;0.00;0.62;0.12;0.3009;0.2878;1
3;3;Agent_1;orders came from the seed rule base (rules as-is);0;0;R7[0.07] R20[0.35] R26[0.32] G1[0.22] A1[0.53];0.32;0.69;0.04;0.66;0.31;0.00;0.84;0.69;0.0200;0.1847;1
4;4;Agent_1;orders came from the seed rule base (rules as-is);0;0;R7[0.07] R20[0.18] R26[0.08] G1[0.20];0.08;0.32;0.04;0.22;0.00;0.00;0.61;0.12;0.3027;0.2885;1
4;4;Agent_1;orders came from the seed rule base (rules as-is);0;0;R7[0.07] R20[0.36] R26[0.34] G1[0.20] A1[0.53];0.34;0.71;0.04;0.64;0.31;0.00;0.84;0.69;0.0200;0.1867;1
5;5;Agent_1;orders came from the seed rule base (rules as-is);0;0;R7[0.07] R20[0.19] R26[0.11] G1[0.16];0.11;0.34;0.04;0.19;0.00;0.00;0.60;0.12;0.3054;0.2902;1
5;5;Agent_1;orders came from the seed rule base (rules as-is);0;0;R7[0.07] R20[0.36] R26[0.34] G1[0.19] A1[0.53];0.34;0.71;0.04;0.64;0.31;0.00;0.83;0.69;0.0200;0.1927;1
6;6;Agent_1;orders came from the seed rule base (rules as-is);0;0;R7[0.07] R20[0.20] R26[0.13] G1[0.13];0.13;0.34;0.04;0.16;0.00;0.00;0.60;0.12;0.3059;0.2906;1
6;6;Agent_1;orders came from the seed rule base (rules as-is);0;0;R7[0.07] R20[0.37] R26[0.34] G1[0.19] A1[0.53];0.34;0.71;0.04;0.63;0.31;0.00;0.83;0.69;0.0200;0.1898;1
7;7;Agent_1;orders came from the seed rule base (rules as-is);0;0;R7[0.07] R20[0.20] R26[0.14] G1[0.10];0.14;0.35;0.04;0.14;0.00;0.00;0.59;0.12;0.3075;0.2914;1
7;7;Agent_1;orders came from the seed rule base (rules as-is);0;0;R7[0.07] R20[0.37] R26[0.34] G1[0.19] A1[0.53];0.34;0.71;0.04;0.63;0.31;0.00;0.83;0.69;0.0200;0.1908;1
8;8;Agent_1;orders came from the seed rule base (rules as-is);0;0;R7[0.07] R20[0.20] R26[0.16] G1[0.08];0.15;0.35;0.04;0.12;0.00;0.00;0.59;0.12;0.3082;0.2921;1
8;8;Agent_1;orders came from the seed rule base (rules as-is);0;0;R7[0.07] R20[0.37] R26[0.34] G1[0.19] A1[0.53];0.34;0.71;0.04;0.63;0.31;0.00;0.83;0.69;0.0200;0.1878;1
9;9;Agent_1;orders came from the seed rule base (rules as-is);0;0;R7[0.07] R20[0.21] R26[0.17] G1[0.06];0.16;0.36;0.04;0.11;0.00;0.00;0.59;0.12;0.3090;0.2926;1
9;9;Agent_1;orders came from the seed rule base (rules as-is);0;0;R7[0.07] R20[0.37] R26[0.34] G1[0.19] A1[0.53];0.34;0.71;0.04;0.63;0.31;0.00;0.83;0.69;0.0200;0.1885;1
10;10;Agent_1;RL selected stage 2 [resolution increase] (deficit bucket: mid) → ACCEPTED: A1: A1: IF asset exposure risk is VH AND suppression feasibility is VH THEN asset protection 0.9, evacuation 0.6 (adaptation-born: resolution increase (instantiated antecedent cell));2;2;R7[0.07] R20[0.21] R26[0.17] G1[0.05] A1[0.53];0.17;0.37;0.04;0.55;0.33;0.00;0.78;0.12;0.3060;0.2928;1
10;10;Agent_1;orders came from the seed rule base (rules as-is);0;0;R7[0.07] R20[0.37] R26[0.34] G1[0.19] A1[0.53];0.34;0.71;0.04;0.63;0.31;0.00;0.83;0.69;0.0200;0.1882;1
11;11;Agent_1;orders came from the seed rule base (rules as-is);0;0;R7[0.07] R20[0.21] R26[0.18] G1[0.04] A1[0.53];0.18;0.37;0.04;0.54;0.33;0.00;0.78;0.11;0.3066;0.2934;1
11;11;Agent_1;orders came from the seed rule base (rules as-is);0;0;R7[0.07] R20[0.37] R26[0.34] G1[0.19] A1[0.53];0.34;0.71;0.04;0.63;0.31;0.00;0.83;0.69;0.0201;0.1879;1
12;12;Agent_1;orders came from the seed rule base (rules as-is);0;0;R7[0.07] R20[0.21] R26[0.18] G1[0.03] A1[0.53];0.18;0.37;0.04;0.53;0.33;0.00;0.78;0.11;0.3073;0.2935;1
12;12;Agent_1;orders came from the seed rule base (rules as-is);0;0;R7[0.07] R20[0.37] R26[0.34] G1[0.19] A1[0.53];0.34;0.71;0.04;0.63;0.31;0.00;0.83;0.69;0.0201;0.1848;1
13;13;Agent_1;orders came from the seed rule base (rules as-is);0;0;R7[0.07] R20[0.21] R26[0.19] G1[0.03] A1[0.53];0.19;0.37;0.04;0.53;0.33;0.00;0.77;0.11;0.3082;0.2938;1
13;13;Agent_1;orders came from the seed rule base (rules as-is);0;0;R7[0.07] R20[0.37] R26[0.34] G1[0.19] A1[0.53];0.34;0.71;0.04;0.63;0.31;0.00;0.83;0.69;0.0201;0.1862;1
14;14;Agent_1;orders came from the seed rule base (rules as-is);0;0;R7[0.07] R20[0.21] R26[0.19] G1[0.02] A1[0.53];0.19;0.37;0.04;0.53;0.33;0.00;0.77;0.11;0.3081;0.2942;1
14;14;Agent_1;orders came from the seed rule base (rules as-is);0;0;R7[0.07] R20[0.37] R26[0.34] G1[0.19] A1[0.53];0.34;0.71;0.04;0.63;0.31;0.00;0.83;0.69;0.0201;0.1831;1
15;15;Agent_1;orders came from the seed rule base (rules as-is);0;0;R7[0.07] R20[0.21] R26[0.19] G1[0.02] A1[0.53];0.19;0.37;0.04;0.52;0.33;0.00;0.77;0.11;0.3086;0.2945;1
15;15;Agent_1;orders came from the seed rule base (rules as-is);0;0;R7[0.07] R20[0.37] R26[0.34] G1[0.19] A1[0.53];0.34;0.71;0.04;0.63;0.31;0.00;0.83;0.69;0.0201;0.1835;1
16;16;Agent_1;orders came from the seed rule base (rules as-is);0;0;R7[0.07] R20[0.21] R26[0.19] G1[0.01] A1[0.53];0.19;0.37;0.04;0.52;0.33;0.00;0.77;0.11;0.3091;0.2947;1
16;16;Agent_1;orders came from the seed rule base (rules as-is);0;0;R7[0.07] R20[0.37] R26[0.34] G1[0.19] A1[0.53];0.34;0.71;0.04;0.63;0.31;0.00;0.83;0.69;0.0202;0.1740;1
17;17;Agent_1;orders came from the seed rule base (rules as-is);0;0;R7[0.07] R20[0.21] R26[0.19] G1[0.01] A1[0.53];0.19;0.37;0.04;0.52;0.33;0.00;0.77;0.11;0.3093;0.2949;1
17;17;Agent_1;orders came from the seed rule base (rules as-is);0;0;R7[0.07] R20[0.37] R26[0.34] G1[0.19] A1[0.53];0.34;0.71;0.04;0.63;0.31;0.00;0.83;0.69;0.0202;0.1690;1
18;18;Agent_1;orders came from the seed rule base (rules as-is);0;0;R7[0.07] R20[0.21] R26[0.20] A1[0.53];0.20;0.37;0.04;0.52;0.33;0.00;0.76;0.11;0.3097;0.2950;1
18;18;Agent_1;orders came from the seed rule base (rules as-is);0;0;R7[0.07] R20[0.37] R26[0.34] G1[0.19] A1[0.53];0.34;0.71;0.04;0.63;0.31;0.00;0.83;0.69;0.0202;0.1662;1
19;19;Agent_1;orders came from the seed rule base (rules as-is);0;0;R7[0.07] R20[0.22] R26[0.20] A1[0.53];0.20;0.38;0.04;0.51;0.33;0.00;0.76;0.11;0.3099;0.2952;1
19;19;Agent_1;orders came from the seed rule base (rules as-is);0;0;R7[0.07] R20[0.37] R26[0.34] G1[0.19] A1[0.53];0.34;0.71;0.04;0.63;0.31;0.00;0.83;0.69;0.0202;0.1609;1
20;20;Agent_1;RL selected stage 2 [resolution increase] (deficit bucket: low) → rejected (cell already covered — an active rule sits on this antecedent cell; numeric tuning of an existing cell is stage ① evFIS's job | seed-base decision stands, its orders are applied);2;0;R7[0.07] R20[0.22] R26[0.20] A1[0.53];0.20;0.38;0.04;0.51;0.33;0.00;0.76;0.11;0.3100;0.2954;1
20;20;Agent_1;orders came from the seed rule base (rules as-is);0;0;R7[0.07] R20[0.37] R26[0.34] G1[0.19] A1[0.53];0.34;0.71;0.04;0.63;0.31;0.00;0.83;0.69;0.0202;0.1714;1
21;21;Agent_1;orders came from the seed rule base (rules as-is);0;0;R7[0.07] R20[0.23] R26[0.20] A1[0.53];0.20;0.39;0.04;0.51;0.33;0.00;0.76;0.11;0.3103;0.2956;1
21;21;Agent_1;orders came from the seed rule base (rules as-is);0;0;R7[0.07] R20[0.37] R26[0.34] G1[0.19] A1[0.53];0.34;0.71;0.04;0.63;0.31;0.00;0.83;0.69;0.0202;0.1646;1
22;22;Agent_1;orders came from the seed rule base (rules as-is);0;0;R7[0.07] R20[0.24] R26[0.20] A1[0.53];0.20;0.39;0.04;0.51;0.33;0.00;0.76;0.11;0.3102;0.2958;1
22;22;Agent_1;orders came from the seed rule base (rules as-is);0;0;R7[0.07] R20[0.37] R26[0.34] G1[0.19] A1[0.53];0.34;0.71;0.04;0.63;0.31;0.00;0.83;0.69;0.0203;0.1504;1
23;23;Agent_1;orders came from the seed rule base (rules as-is);0;0;R7[0.07] R20[0.25] R26[0.20] A1[0.53];0.20;0.40;0.04;0.51;0.33;0.00;0.75;0.10;0.3104;0.2960;1
23;23;Agent_1;orders came from the seed rule base (rules as-is);0;0;R7[0.07] R20[0.37] R26[0.34] G1[0.19] A1[0.53];0.34;0.71;0.04;0.63;0.31;0.00;0.83;0.69;0.0203;0.1477;1
24;24;Agent_1;orders came from the seed rule base (rules as-is);0;0;R7[0.07] R20[0.26] R26[0.19] A1[0.53];0.19;0.42;0.04;0.51;0.33;0.00;0.75;0.10;0.3106;0.2963;1
24;24;Agent_1;orders came from the seed rule base (rules as-is);0;0;R7[0.07] R20[0.37] R26[0.34] G1[0.19] A1[0.53];0.34;0.71;0.04;0.63;0.31;0.00;0.83;0.69;0.0203;0.1381;1
25;25;Agent_1;orders came from the seed rule base (rules as-is);0;0;R7[0.07] R20[0.27] R26[0.19] A1[0.53];0.19;0.43;0.04;0.51;0.33;0.00;0.75;0.10;0.3106;0.2966;1
25;25;Agent_1;orders came from the seed rule base (rules as-is);0;0;R7[0.07] R20[0.37] R26[0.34] G1[0.19] A1[0.53];0.34;0.71;0.04;0.63;0.31;0.00;0.83;0.69;0.0203;0.1351;1
26;26;Agent_1;orders came from the seed rule base (rules as-is);0;0;R7[0.07] R20[0.29] R26[0.19] A1[0.53];0.19;0.44;0.04;0.51;0.33;0.00;0.76;0.10;0.3108;0.2968;1
26;26;Agent_1;orders came from the seed rule base (rules as-is);0;0;R7[0.07] R20[0.37] R26[0.34] G1[0.19] A1[0.53];0.34;0.71;0.04;0.63;0.31;0.00;0.83;0.69;0.0203;0.1295;1
27;27;Agent_1;orders came from the seed rule base (rules as-is);0;0;R7[0.07] R20[0.30] R26[0.19] A1[0.53];0.19;0.45;0.04;0.51;0.33;0.00;0.76;0.10;0.3110;0.2971;1
27;27;Agent_1;orders came from the seed rule base (rules as-is);0;0;R7[0.07] R20[0.37] R26[0.34] G1[0.19] A1[0.53];0.34;0.71;0.04;0.63;0.31;0.00;0.83;0.69;0.0203;0.1253;1
28;28;Agent_1;orders came from the seed rule base (rules as-is);0;0;R7[0.07] R20[0.30] R26[0.19] A1[0.53];0.19;0.46;0.04;0.51;0.33;0.00;0.76;0.10;0.3114;0.2974;1
28;28;Agent_1;orders came from the seed rule base (rules as-is);0;0;R7[0.07] R20[0.37] R26[0.34] G1[0.19] A1[0.53];0.34;0.71;0.04;0.63;0.31;0.00;0.83;0.69;0.0204;0.1342;1
29;29;Agent_1;orders came from the seed rule base (rules as-is);0;0;R7[0.07] R20[0.31] R26[0.19] A1[0.53];0.19;0.46;0.04;0.51;0.33;0.00;0.76;0.10;0.3112;0.2977;1
29;29;Agent_1;orders came from the seed rule base (rules as-is);0;0;R7[0.07] R20[0.37] R26[0.34] G1[0.19] A1[0.53];0.34;0.71;0.04;0.63;0.31;0.00;0.83;0.69;0.0204;0.1166;1
30;30;Agent_1;RL selected stage 1 [evFIS] (deficit bucket: low) → ACCEPTED: A1 consequents -0.05;1;1;R7[0.07] R20[0.31] R26[0.19] A1[0.53];0.19;0.47;0.04;0.48;0.31;0.00;0.75;0.10;0.3113;0.2980;1
30;30;Agent_1;orders came from the seed rule base (rules as-is);0;0;R7[0.07] R20[0.37] R26[0.34] G1[0.19] A1[0.53];0.34;0.71;0.04;0.63;0.31;0.00;0.83;0.69;0.0204;0.1115;1
31;31;Agent_1;orders came from the seed rule base (rules as-is);0;0;R7[0.07] R20[0.32] R26[0.19] A1[0.53];0.19;0.47;0.04;0.48;0.31;0.00;0.75;0.10;0.3114;0.2983;1
31;31;Agent_1;orders came from the seed rule base (rules as-is);0;0;R7[0.07] R20[0.37] R26[0.34] G1[0.19] A1[0.53];0.34;0.71;0.04;0.63;0.31;0.00;0.83;0.69;0.0204;0.1086;1
32;32;Agent_1;orders came from the seed rule base (rules as-is);0;0;R7[0.07] R20[0.32] R26[0.19] A1[0.53];0.19;0.47;0.04;0.48;0.31;0.00;0.75;0.10;0.3114;0.2986;1
32;32;Agent_1;orders came from the seed rule base (rules as-is);0;0;R7[0.07] R20[0.37] R26[0.34] G1[0.19] A1[0.53];0.34;0.71;0.04;0.63;0.31;0.00;0.83;0.69;0.0204;0.1038;1
33;33;Agent_1;orders came from the seed rule base (rules as-is);0;0;R7[0.07] R20[0.32] R26[0.19] A1[0.53];0.19;0.47;0.04;0.48;0.31;0.00;0.75;0.10;0.3116;0.2989;1
33;33;Agent_1;orders came from the seed rule base (rules as-is);0;0;R7[0.07] R20[0.37] R26[0.34] G1[0.19] A1[0.53];0.34;0.71;0.04;0.63;0.31;0.00;0.83;0.69;0.0204;0.1020;1
34;34;Agent_1;orders came from the seed rule base (rules as-is);0;0;R7[0.07] R20[0.32] R26[0.19] A1[0.53];0.19;0.47;0.04;0.48;0.31;0.00;0.75;0.10;0.3117;0.2992;1
34;34;Agent_1;orders came from the seed rule base (rules as-is);0;0;R7[0.07] R20[0.37] R26[0.34] G1[0.19] A1[0.53];0.34;0.71;0.04;0.63;0.31;0.00;0.83;0.69;0.0205;0.0984;1
35;35;Agent_1;orders came from the seed rule base (rules as-is);0;0;R7[0.07] R20[0.32] R26[0.19] A1[0.53];0.19;0.47;0.04;0.48;0.31;0.00;0.75;0.10;0.3119;0.2995;1
35;35;Agent_1;orders came from the seed rule base (rules as-is);0;0;R7[0.07] R20[0.37] R26[0.34] G1[0.19] A1[0.53];0.34;0.71;0.04;0.63;0.31;0.00;0.83;0.69;0.0205;0.0971;1
36;36;Agent_1;orders came from the seed rule base (rules as-is);0;0;R7[0.07] R20[0.32] R26[0.19] A1[0.53];0.19;0.47;0.04;0.48;0.31;0.00;0.75;0.09;0.3121;0.2998;1
36;36;Agent_1;orders came from the seed rule base (rules as-is);0;0;R7[0.07] R20[0.37] R26[0.34] G1[0.19] A1[0.53];0.34;0.71;0.04;0.63;0.31;0.00;0.83;0.69;0.0205;0.0908;1
37;37;Agent_1;orders came from the seed rule base (rules as-is);0;0;R7[0.07] R20[0.32] R26[0.19] A1[0.53];0.19;0.47;0.04;0.48;0.31;0.00;0.74;0.09;0.3123;0.3001;1
37;37;Agent_1;orders came from the seed rule base (rules as-is);0;0;R7[0.07] R20[0.37] R26[0.34] G1[0.19] A1[0.53];0.34;0.71;0.04;0.63;0.31;0.00;0.83;0.69;0.0205;0.0836;1
38;38;Agent_1;orders came from the seed rule base (rules as-is);0;0;R7[0.07] R20[0.32] R26[0.19] A1[0.53];0.19;0.47;0.04;0.48;0.31;0.00;0.74;0.09;0.3042;0.2955;1
38;38;Agent_1;orders came from the seed rule base (rules as-is);0;0;R7[0.07] R20[0.37] R26[0.34] G1[0.19] A1[0.53];0.34;0.71;0.04;0.63;0.31;0.00;0.83;0.69;0.0205;0.0896;1
39;39;Agent_1;orders came from the seed rule base (rules as-is);0;0;R7[0.07] R20[0.29] R26[0.17] A1[0.53];0.17;0.42;0.04;0.48;0.31;0.00;0.79;0.00;0.3042;0.2957;1
39;39;Agent_1;orders came from the seed rule base (rules as-is);0;0;R7[0.07] R20[0.37] R26[0.34] G1[0.19] A1[0.53];0.34;0.71;0.04;0.63;0.31;0.00;0.83;0.69;0.0206;0.0776;1
40;40;Agent_1;RL selected stage 1 [evFIS] (deficit bucket: low) → rejected (no improving perturbation found | seed-base decision stands, its orders are applied);1;0;R7[0.07] R20[0.52] R26[0.30] A1[0.53];0.30;0.75;0.04;0.48;0.31;0.00;0.71;0.69;0.3022;0.2959;1
40;40;Agent_1;orders came from the seed rule base (rules as-is);0;0;R7[0.07] R20[0.37] R26[0.34] G1[0.19] A1[0.53];0.34;0.71;0.04;0.63;0.31;0.00;0.83;0.69;0.0206;0.0706;1
41;41;Agent_1;orders came from the seed rule base (rules as-is);0;0;R7[0.07] R20[0.58] R26[0.33] A1[0.53];0.33;0.85;0.04;0.48;0.31;0.00;0.70;0.69;0.3020;0.2960;1
41;41;Agent_1;orders came from the seed rule base (rules as-is);0;0;R7[0.07] R20[0.37] R26[0.34] G1[0.19] A1[0.53];0.34;0.71;0.04;0.63;0.31;0.00;0.83;0.69;0.0206;0.0613;1
42;42;Agent_1;orders came from the seed rule base (rules as-is);0;0;R7[0.07] R20[0.60] R26[0.34] A1[0.53];0.34;0.87;0.04;0.48;0.31;0.00;0.69;0.69;0.3018;0.2962;1
42;42;Agent_1;orders came from the seed rule base (rules as-is);0;0;R7[0.07] R20[0.37] R26[0.34] G1[0.19] A1[0.53];0.34;0.71;0.04;0.63;0.31;0.00;0.83;0.69;0.0206;0.0405;1
43;43;Agent_1;orders came from the seed rule base (rules as-is);0;0;R7[0.07] R20[0.60] R26[0.34] A1[0.53];0.34;0.88;0.04;0.48;0.31;0.00;0.69;0.69;0.3019;0.2964;1
43;43;Agent_1;orders came from the seed rule base (rules as-is);0;0;R7[0.07] R20[0.37] R26[0.34] G1[0.19] A1[0.53];0.34;0.71;0.04;0.63;0.31;0.00;0.83;0.69;0.0206;0.0365;1
44;44;Agent_1;orders came from the seed rule base (rules as-is);0;0;R7[0.07] R20[0.60] R26[0.34] A1[0.53];0.34;0.88;0.04;0.48;0.31;0.00;0.70;0.69;0.3021;0.2966;1
44;44;Agent_1;orders came from the seed rule base (rules as-is);0;0;R7[0.07] R20[0.37] R26[0.34] G1[0.19] A1[0.53];0.34;0.71;0.04;0.63;0.31;0.00;0.83;0.69;0.0206;0.0365;1
45;45;Agent_1;orders came from the seed rule base (rules as-is);0;0;R7[0.07] R20[0.61] R26[0.34] A1[0.53];0.34;0.88;0.04;0.48;0.31;0.00;0.70;0.69;0.3023;0.2967;1
45;45;Agent_1;orders came from the seed rule base (rules as-is);0;0;R7[0.07] R20[0.37] R26[0.34] G1[0.19] A1[0.53];0.34;0.71;0.04;0.63;0.31;0.00;0.83;0.69;0.0207;0.0365;1
46;46;Agent_1;orders came from the seed rule base (rules as-is);0;0;R7[0.07] R20[0.37] R26[0.34] G1[0.19] A1[0.53];0.34;0.71;0.04;0.63;0.31;0.00;0.83;0.69;0.0207;0.0349;1
47;47;Agent_1;orders came from the seed rule base (rules as-is);0;0;R7[0.07] R20[0.37] R26[0.34] G1[0.19] A1[0.53];0.34;0.71;0.04;0.63;0.31;0.00;0.83;0.69;0.0207;0.0523;1
48;48;Agent_1;orders came from the seed rule base (rules as-is);0;0;R7[0.07] R20[0.37] R26[0.34] G1[0.19] A1[0.53];0.34;0.71;0.04;0.63;0.31;0.00;0.83;0.69;0.0207;0.0757;1
49;49;Agent_1;orders came from the seed rule base (rules as-is);0;0;R7[0.07] R20[0.37] R26[0.34] G1[0.19] A1[0.53];0.34;0.71;0.04;0.63;0.31;0.00;0.83;0.69;0.0207;0.0341;1
50;50;Agent_1;orders came from the seed rule base (rules as-is);0;0;R7[0.07] R20[0.37] R26[0.34] G1[0.19] A1[0.53];0.34;0.71;0.04;0.63;0.31;0.00;0.83;0.69;0.0207;0.0349;1
51;51;Agent_1;orders came from the seed rule base (rules as-is);0;0;R7[0.07] R20[0.37] R26[0.34] G1[0.19] A1[0.53];0.34;0.71;0.04;0.63;0.31;0.00;0.83;0.69;0.0208;0.0757;1
52;52;Agent_1;orders came from the seed rule base (rules as-is);0;0;R7[0.07] R20[0.37] R26[0.34] G1[0.19] A1[0.53];0.34;0.71;0.04;0.63;0.31;0.00;0.83;0.69;0.0208;0.0342;1
53;53;Agent_1;orders came from the seed rule base (rules as-is);0;0;R7[0.07] R20[0.37] R26[0.34] G1[0.19] A1[0.53];0.34;0.71;0.04;0.63;0.31;0.00;0.83;0.69;0.0208;0.0737;1
54;54;Agent_1;orders came from the seed rule base (rules as-is);0;0;R7[0.07] R20[0.37] R26[0.34] G1[0.19] A1[0.53];0.34;0.71;0.04;0.63;0.31;0.00;0.83;0.69;0.0208;0.0350;1
55;55;Agent_1;orders came from the seed rule base (rules as-is);0;0;R7[0.07] R20[0.37] R26[0.34] G1[0.19] A1[0.53];0.34;0.71;0.04;0.63;0.31;0.00;0.83;0.69;0.0217;0.0608;1
56;56;Agent_1;orders came from the seed rule base (rules as-is);0;0;R7[0.07] R20[0.37] R26[0.34] G1[0.19] A1[0.53];0.34;0.71;0.04;0.63;0.31;0.00;0.83;0.69;0.0217;0.0806;1
57;57;Agent_1;orders came from the seed rule base (rules as-is);0;0;R7[0.07] R20[0.37] R26[0.34] G1[0.19] A1[0.53];0.34;0.71;0.04;0.63;0.31;0.00;0.83;0.69;0.0218;0.0674;1
58;58;Agent_1;orders came from the seed rule base (rules as-is);0;0;R7[0.07] R20[0.37] R26[0.34] G1[0.19] A1[0.53];0.34;0.71;0.04;0.63;0.31;0.00;0.83;0.69;0.0218;0.0645;1
59;59;Agent_1;orders came from the seed rule base (rules as-is);0;0;R7[0.07] R20[0.37] R26[0.34] G1[0.19] A1[0.53];0.34;0.71;0.04;0.63;0.31;0.00;0.83;0.69;0.0218;0.0351;1
60;60;Agent_1;orders came from the seed rule base (rules as-is);0;0;R7[0.07] R20[0.37] R26[0.34] G1[0.19] A1[0.53];0.34;0.71;0.04;0.63;0.31;0.00;0.83;0.69;0.0227;0.0660;1
61;61;Agent_1;orders came from the seed rule base (rules as-is);0;0;R7[0.07] R20[0.37] R26[0.34] G1[0.19] A1[0.53];0.34;0.71;0.04;0.63;0.31;0.00;0.83;0.69;0.0262;0.0586;1
62;62;Agent_1;orders came from the seed rule base (rules as-is);0;0;R7[0.07] R20[0.37] R26[0.34] G1[0.19] A1[0.53];0.34;0.71;0.04;0.63;0.31;0.00;0.83;0.69;0.0279;0.0368;1
63;63;Agent_1;orders came from the seed rule base (rules as-is);0;0;R7[0.07] R20[0.37] R26[0.34] G1[0.19] A1[0.53];0.34;0.71;0.04;0.63;0.31;0.00;0.83;0.69;0.0305;0.0343;1
64;64;Agent_1;orders came from the seed rule base (rules as-is);0;0;R7[0.07] R20[0.37] R26[0.34] G1[0.19] A1[0.53];0.34;0.71;0.04;0.63;0.31;0.00;0.83;0.69;0.0288;0.0384;1
65;65;Agent_1;orders came from the seed rule base (rules as-is);0;0;R7[0.07] R20[0.37] R26[0.34] G1[0.19] A1[0.53];0.00;0.00;0.00;0.00;0.31;0.00;0.83;0.69;0.0331;0.0385;1
66;66;Agent_1;RL selected stage 1 [evFIS] (deficit bucket: low) → rejected (no improving perturbation found | seed-base decision stands, its orders are applied | NO-HARM: no PHYSICAL improvement forecast (phys 0.0678 vs 0.0653), offensive orders withheld; life-safety orders stand);1;0;R7[0.07] R20[0.37] R26[0.34] G1[0.19] A1[0.53];0.00;0.00;0.00;0.00;0.31;0.00;0.83;0.69;0.0539;0.0385;1
67;67;Agent_1;orders came from the seed rule base (rules as-is);0;0;R7[0.07] R20[0.37] R26[0.34] G1[0.19] A1[0.53];0.00;0.00;0.00;0.00;0.31;0.00;0.83;0.69;0.0554;0.0401;1
68;68;Agent_1;orders came from the seed rule base (rules as-is);0;0;R7[0.07] R20[0.37] R26[0.34] G1[0.19] A1[0.53];0.00;0.00;0.00;0.00;0.31;0.00;0.83;0.69;0.0585;0.0409;1
69;69;Agent_1;orders came from the seed rule base (rules as-is);0;0;R7[0.07] R20[0.37] R26[0.34] G1[0.19] A1[0.53];0.00;0.00;0.00;0.00;0.31;0.00;0.83;0.69;0.0616;0.0441;1
70;70;Agent_1;orders came from the seed rule base (rules as-is);0;0;R7[0.07] R20[0.37] R26[0.34] G1[0.19] A1[0.53];0.00;0.00;0.00;0.00;0.31;0.00;0.83;0.69;0.0631;0.0449;1
71;71;Agent_1;orders came from the seed rule base (rules as-is);0;0;R7[0.07] R20[0.37] R26[0.34] G1[0.19] A1[0.53];0.00;0.00;0.00;0.00;0.31;0.00;0.83;0.69;0.0410;0.0457;1
72;72;Agent_1;orders came from the seed rule base (rules as-is);0;0;R7[0.07] R20[0.37] R26[0.34] G1[0.19] A1[0.53];0.00;0.00;0.00;0.00;0.31;0.00;0.83;0.69;0.0410;0.0488;1
73;73;Agent_1;orders came from the seed rule base (rules as-is);0;0;R7[0.07] R20[0.37] R26[0.34] G1[0.19] A1[0.53];0.00;0.00;0.00;0.00;0.31;0.00;0.83;0.69;0.0410;0.0488;1
74;74;Agent_1;orders came from the seed rule base (rules as-is);0;0;R7[0.07] R20[0.37] R26[0.34] G1[0.19] A1[0.53];0.00;0.00;0.00;0.00;0.31;0.00;0.83;0.69;0.0410;0.0496;1
75;75;Agent_1;orders came from the seed rule base (rules as-is);0;0;R7[0.07] R20[0.37] R26[0.34] G1[0.19] A1[0.53];0.00;0.00;0.00;0.00;0.31;0.00;0.83;0.69;0.0410;0.0511;1
76;76;Agent_1;orders came from the seed rule base (rules as-is);0;0;R7[0.07] R20[0.37] R26[0.34] G1[0.19] A1[0.53];0.34;0.71;0.04;0.63;0.31;0.00;0.83;0.69;0.0410;0.0527;1
77;77;Agent_1;RL selected stage 1 [evFIS] (deficit bucket: low) → rejected (no improving perturbation found | seed-base decision stands, its orders are applied);1;0;R7[0.07] R20[0.37] R26[0.34] G1[0.19] A1[0.53];0.34;0.71;0.04;0.63;0.31;0.00;0.83;0.69;0.0407;0.0344;1
78;78;Agent_1;orders came from the seed rule base (rules as-is);0;0;R7[0.07] R20[0.37] R26[0.34] G1[0.19] A1[0.53];0.34;0.71;0.04;0.63;0.31;0.00;0.83;0.69;0.0407;0.0344;1
79;79;Agent_1;orders came from the seed rule base (rules as-is);0;0;R7[0.07] R20[0.37] R26[0.34] G1[0.19] A1[0.53];0.34;0.71;0.04;0.63;0.31;0.00;0.83;0.69;0.0407;0.0417;1
80;80;Agent_1;orders came from the seed rule base (rules as-is);0;0;R7[0.07] R20[0.37] R26[0.34] G1[0.19] A1[0.53];0.34;0.71;0.04;0.63;0.31;0.00;0.83;0.69;0.0407;0.0345;1
81;81;Agent_1;orders came from the seed rule base (rules as-is);0;0;R7[0.07] R20[0.37] R26[0.34] G1[0.19] A1[0.53];0.34;0.71;0.04;0.63;0.31;0.00;0.83;0.69;0.0407;0.0345;1
82;82;Agent_1;orders came from the seed rule base (rules as-is);0;0;R7[0.07] R20[0.37] R26[0.34] G1[0.19] A1[0.53];0.34;0.71;0.04;0.63;0.31;0.00;0.83;0.69;0.0407;0.0402;1
83;83;Agent_1;orders came from the seed rule base (rules as-is);0;0;R7[0.07] R20[0.37] R26[0.34] G1[0.19] A1[0.53];0.34;0.71;0.04;0.63;0.31;0.00;0.83;0.69;0.0408;0.0426;1
84;84;Agent_1;orders came from the seed rule base (rules as-is);0;0;R7[0.07] R20[0.37] R26[0.34] G1[0.19] A1[0.53];0.34;0.71;0.04;0.63;0.31;0.00;0.83;0.69;0.0407;0.0345;1
85;85;Agent_1;orders came from the seed rule base (rules as-is);0;0;R7[0.07] R20[0.37] R26[0.34] G1[0.19] A1[0.53];0.34;0.71;0.04;0.63;0.31;0.00;0.83;0.69;0.0408;0.0345;1
86;86;Agent_1;orders came from the seed rule base (rules as-is);0;0;R7[0.07] R20[0.37] R26[0.34] G1[0.19] A1[0.53];0.34;0.71;0.04;0.63;0.31;0.00;0.83;0.69;0.0408;0.0346;1
87;87;Agent_1;orders came from the seed rule base (rules as-is);0;0;R7[0.07] R20[0.37] R26[0.34] G1[0.19] A1[0.53];0.34;0.71;0.04;0.63;0.31;0.00;0.83;0.69;0.0408;0.0498;1
88;88;Agent_1;RL selected stage 3 [GenAI] (deficit bucket: low) → ACCEPTED: G2: G2: IF asset exposure risk is VH AND intervention urgency is VH THEN asset protection 0.8, resource deployment 0.6 (adaptation-born: generative (template), gates G1-G4);3;3;R7[0.07] R20[0.37] R26[0.34] G1[0.19] A1[0.53] G2[0.37];0.34;0.74;0.04;0.82;0.31;0.00;0.83;0.69;0.0405;0.0346;1
89;89;Agent_1;orders came from the seed rule base (rules as-is);0;0;R7[0.07] R20[0.37] R26[0.34] G1[0.19] A1[0.53] G2[0.37];0.34;0.74;0.04;0.82;0.31;0.00;0.83;0.69;0.0405;0.0451;1
90;90;Agent_1;orders came from the seed rule base (rules as-is);0;0;R7[0.07] R20[0.37] R26[0.34] G1[0.19] A1[0.53] G2[0.37];0.34;0.74;0.04;0.82;0.31;0.00;0.83;0.69;0.0406;0.0346;1
91;91;Agent_1;orders came from the seed rule base (rules as-is);0;0;R7[0.07] R20[0.37] R26[0.34] G1[0.19] A1[0.53] G2[0.37];0.34;0.74;0.04;0.82;0.31;0.00;0.83;0.69;0.0406;0.0467;1
92;92;Agent_1;orders came from the seed rule base (rules as-is);0;0;R7[0.07] R20[0.37] R26[0.34] G1[0.19] A1[0.53] G2[0.37];0.34;0.74;0.04;0.82;0.31;0.00;0.83;0.69;0.0406;0.0347;1
93;93;Agent_1;orders came from the seed rule base (rules as-is);0;0;R7[0.07] R20[0.37] R26[0.34] G1[0.19] A1[0.53] G2[0.37];0.34;0.74;0.04;0.82;0.31;0.00;0.83;0.69;0.0406;0.0468;1
94;94;Agent_1;orders came from the seed rule base (rules as-is);0;0;R7[0.07] R20[0.37] R26[0.34] G1[0.19] A1[0.53] G2[0.37];0.34;0.74;0.04;0.82;0.31;0.00;0.83;0.69;0.0406;0.0483;1
95;95;Agent_1;orders came from the seed rule base (rules as-is);0;0;R7[0.07] R20[0.37] R26[0.34] G1[0.19] A1[0.53] G2[0.37];0.34;0.74;0.04;0.82;0.31;0.00;0.83;0.69;0.0406;0.0507;1
96;96;Agent_1;orders came from the seed rule base (rules as-is);0;0;R7[0.07] R20[0.37] R26[0.34] G1[0.19] A1[0.53] G2[0.37];0.34;0.74;0.04;0.82;0.31;0.00;0.83;0.69;0.0407;0.0515;1
97;97;Agent_1;orders came from the seed rule base (rules as-is);0;0;R7[0.07] R20[0.37] R26[0.34] G1[0.19] A1[0.53] G2[0.37];0.34;0.74;0.04;0.82;0.31;0.00;0.83;0.69;0.0407;0.0484;1
98;98;Agent_1;orders came from the seed rule base (rules as-is);0;0;R7[0.07] R20[0.37] R26[0.34] G1[0.19] A1[0.53] G2[0.37];0.34;0.74;0.04;0.82;0.31;0.00;0.83;0.69;0.0407;0.0500;1
99;99;Agent_1;orders came from the seed rule base (rules as-is);0;0;R7[0.07] R20[0.37] R26[0.34] G1[0.19] A1[0.53] G2[0.37];0.34;0.74;0.04;0.82;0.31;0.00;0.83;0.69;0.0407;0.0500;1
100;100;Agent_1;RL selected stage 1 [evFIS] (deficit bucket: low) → rejected (no improving perturbation found | seed-base decision stands, its orders are applied);1;0;R7[0.07] R20[0.37] R26[0.34] G1[0.19] A1[0.53] G2[0.37];0.34;0.74;0.04;0.82;0.31;0.00;0.83;0.69;0.0407;0.0348;1
101;101;Agent_1;orders came from the seed rule base (rules as-is);0;0;R7[0.07] R20[0.37] R26[0.34] G1[0.19] A1[0.53] G2[0.37];0.34;0.74;0.04;0.82;0.31;0.00;0.83;0.69;0.0408;0.0516;1
102;102;Agent_1;orders came from the seed rule base (rules as-is);0;0;R7[0.07] R20[0.37] R26[0.34] G1[0.19] A1[0.53] G2[0.37];0.34;0.74;0.04;0.82;0.31;0.00;0.83;0.69;0.0408;0.0516;1
103;103;Agent_1;orders came from the seed rule base (rules as-is);0;0;R7[0.07] R20[0.37] R26[0.34] G1[0.19] A1[0.53] G2[0.37];0.34;0.74;0.04;0.82;0.31;0.00;0.83;0.69;0.0408;0.0349;1
104;104;Agent_1;orders came from the seed rule base (rules as-is);0;0;R7[0.07] R20[0.37] R26[0.34] G1[0.19] A1[0.53] G2[0.37];0.34;0.74;0.04;0.82;0.31;0.00;0.83;0.69;0.0408;0.0524;1
105;105;Agent_1;orders came from the seed rule base (rules as-is);0;0;R7[0.07] R20[0.37] R26[0.34] G1[0.19] A1[0.53] G2[0.37];0.34;0.74;0.04;0.82;0.31;0.00;0.83;0.69;0.0408;0.0349;1
106;106;Agent_1;orders came from the seed rule base (rules as-is);0;0;R7[0.07] R20[0.37] R26[0.34] G1[0.19] A1[0.53] G2[0.37];0.34;0.74;0.04;0.82;0.31;0.00;0.83;0.69;0.0409;0.0350;1
107;107;Agent_1;orders came from the seed rule base (rules as-is);0;0;R7[0.07] R20[0.37] R26[0.34] G1[0.19] A1[0.53] G2[0.37];0.34;0.74;0.04;0.82;0.31;0.00;0.83;0.69;0.0409;0.0563;1
108;108;Agent_1;orders came from the seed rule base (rules as-is);0;0;R7[0.07] R20[0.37] R26[0.34] G1[0.19] A1[0.53] G2[0.37];0.34;0.74;0.04;0.82;0.31;0.00;0.83;0.69;0.0409;0.0350;1
109;109;Agent_1;orders came from the seed rule base (rules as-is);0;0;R7[0.07] R20[0.37] R26[0.34] G1[0.19] A1[0.53] G2[0.37];0.34;0.74;0.04;0.82;0.31;0.00;0.83;0.69;0.0409;0.0350;1
110;110;Agent_1;RL selected stage 1 [evFIS] (deficit bucket: low) → rejected (no improving perturbation found | seed-base decision stands, its orders are applied);1;0;R7[0.07] R20[0.37] R26[0.34] G1[0.19] A1[0.53] G2[0.37];0.34;0.74;0.04;0.82;0.31;0.00;0.83;0.69;0.0409;0.0350;1
111;111;Agent_1;orders came from the seed rule base (rules as-is);0;0;R7[0.07] R20[0.37] R26[0.34] G1[0.19] A1[0.53] G2[0.37];0.34;0.74;0.04;0.82;0.31;0.00;0.83;0.69;0.0410;0.0351;1
112;112;Agent_1;orders came from the seed rule base (rules as-is);0;0;R7[0.07] R20[0.37] R26[0.34] G1[0.19] A1[0.53] G2[0.37];0.34;0.74;0.04;0.82;0.31;0.00;0.83;0.69;0.0410;0.0533;1
113;113;Agent_1;orders came from the seed rule base (rules as-is);0;0;R7[0.07] R20[0.37] R26[0.34] G1[0.19] A1[0.53] G2[0.37];0.34;0.74;0.04;0.82;0.31;0.00;0.83;0.69;0.0410;0.0572;1
114;114;Agent_1;orders came from the seed rule base (rules as-is);0;0;R7[0.07] R20[0.37] R26[0.34] G1[0.19] A1[0.53] G2[0.37];0.34;0.74;0.04;0.82;0.31;0.00;0.83;0.69;0.0410;0.0351;1
115;115;Agent_1;orders came from the seed rule base (rules as-is);0;0;R7[0.07] R20[0.37] R26[0.34] G1[0.19] A1[0.53] G2[0.37];0.34;0.74;0.04;0.82;0.31;0.00;0.83;0.69;0.0410;0.0351;1
116;116;Agent_1;orders came from the seed rule base (rules as-is);0;0;R7[0.07] R20[0.37] R26[0.34] G1[0.19] A1[0.53] G2[0.37];0.34;0.74;0.04;0.82;0.31;0.00;0.83;0.69;0.0411;0.0352;1
117;117;Agent_1;orders came from the seed rule base (rules as-is);0;0;R7[0.07] R20[0.37] R26[0.34] G1[0.19] A1[0.53] G2[0.37];0.34;0.74;0.04;0.82;0.31;0.00;0.83;0.69;0.0411;0.0352;1
118;118;Agent_1;orders came from the seed rule base (rules as-is);0;0;R7[0.07] R20[0.37] R26[0.34] G1[0.19] A1[0.53] G2[0.37];0.34;0.74;0.04;0.82;0.31;0.00;0.83;0.69;0.0411;0.0535;1
0;0;Agent_1;RL selected stage 3 [GenAI] (deficit bucket: low) → ACCEPTED: G1: G1: IF asset exposure risk is VH AND intervention urgency is VL THEN asset protection 0.8, resource deployment 0.4 (adaptation-born: generative (template), gates G1-G4);3;3;R7[0.07] R20[0.19] G1[0.38];0.00;0.33;0.04;0.36;0.00;0.00;0.73;0.00;0.2898;0.2819;1
0;0;Agent_1;RL selected stage 1 [evFIS] (deficit bucket: low) → rejected (no improving perturbation found | seed-base decision stands, its orders are applied);1;0;R7[0.07] R20[0.19] G1[0.54] A1[0.53];0.00;0.39;0.04;0.81;0.31;0.00;0.87;0.00;0.1791;0.1718;1
0;0;Agent_1;orders came from the seed rule base (rules as-is);0;0;R7[0.07] R20[0.19] G1[0.54] A1[0.53] G2[0.19];0.00;0.51;0.04;0.81;0.31;0.00;0.84;0.00;0.1784;0.1718;1
1;1;Agent_1;orders came from the seed rule base (rules as-is);0;0;R7[0.07] R20[0.17] G1[0.34];0.00;0.30;0.04;0.33;0.00;0.00;0.76;0.00;0.2941;0.2843;1
1;1;Agent_1;orders came from the seed rule base (rules as-is);0;0;R7[0.07] R20[0.20] G1[0.58] A1[0.53];0.00;0.42;0.04;0.81;0.31;0.00;0.88;0.69;0.1848;0.1775;1
1;1;Agent_1;orders came from the seed rule base (rules as-is);0;0;R7[0.07] R20[0.20] G1[0.58] A1[0.53] G2[0.20];0.00;0.54;0.04;0.83;0.33;0.00;0.85;0.69;0.1849;0.1775;1
119;119;Agent_1;RL selected stage 1 [evFIS] (deficit bucket: low) → ACCEPTED: A1 consequents -0.05;1;1;R7[0.07] R20[0.32] R26[0.25] G1[0.29] A1[0.53] G2[0.32];0.25;0.70;0.04;0.80;0.28;0.00;0.82;0.69;0.0181;0.0352;1
120;120;Agent_1;orders came from the seed rule base (rules as-is);0;0;R7[0.07] R20[0.52] R26[0.32] G1[0.22] A1[0.53] G2[0.52];0.32;0.75;0.04;0.81;0.28;0.00;0.81;0.69;0.2925;0.2935;1
121;121;Agent_1;orders came from the seed rule base (rules as-is);0;0;R7[0.07] R20[0.58] R26[0.34] G1[0.20] A1[0.53] G2[0.58];0.34;0.75;0.04;0.81;0.28;0.00;0.82;0.69;0.2921;0.2934;1
122;122;Agent_1;orders came from the seed rule base (rules as-is);0;0;R7[0.07] R20[0.60] R26[0.34] G1[0.19] A1[0.53] G2[0.60];0.34;0.76;0.04;0.81;0.28;0.00;0.82;0.69;0.2928;0.2932;1
123;123;Agent_1;orders came from the seed rule base (rules as-is);0;0;R7[0.07] R20[0.60] R26[0.34] G1[0.19] A1[0.53] G2[0.60];0.34;0.76;0.04;0.81;0.28;0.00;0.82;0.69;0.2924;0.2930;1
124;124;Agent_1;orders came from the seed rule base (rules as-is);0;0;R7[0.07] R20[0.60] R26[0.34] G1[0.19] A1[0.53] G2[0.60];0.34;0.76;0.04;0.81;0.28;0.00;0.82;0.69;0.2925;0.2931;1
125;125;Agent_1;orders came from the seed rule base (rules as-is);0;0;R7[0.07] R20[0.60] R26[0.34] G1[0.19] A1[0.53] G2[0.60];0.34;0.76;0.04;0.81;0.28;0.00;0.82;0.69;0.2926;0.2932;1
126;126;Agent_1;orders came from the seed rule base (rules as-is);0;0;R7[0.07] R20[0.60] R26[0.34] G1[0.19] A1[0.53] G2[0.60];0.34;0.76;0.04;0.81;0.28;0.00;0.82;0.69;0.2938;0.2932;1
127;127;Agent_1;orders came from the seed rule base (rules as-is);0;0;R7[0.07] R20[0.60] R26[0.34] G1[0.19] A1[0.53] G2[0.60];0.34;0.76;0.04;0.81;0.28;0.00;0.82;0.69;0.2928;0.2935;1
128;128;Agent_1;orders came from the seed rule base (rules as-is);0;0;R7[0.07] R20[0.60] R26[0.34] G1[0.19] A1[0.53] G2[0.60];0.34;0.76;0.04;0.81;0.28;0.00;0.82;0.69;0.2936;0.2933;1
129;129;Agent_1;RL selected stage 1 [evFIS] (deficit bucket: low) → ACCEPTED: R20 consequents -0.05;1;1;R7[0.07] R20[0.60] R26[0.34] G1[0.19] A1[0.53] G2[0.60];0.34;0.74;0.04;0.81;0.28;0.00;0.83;0.69;0.2941;0.2937;1
130;130;Agent_1;orders came from the seed rule base (rules as-is);0;0;R7[0.07] R20[0.60] R26[0.34] G1[0.19] A1[0.53] G2[0.60];0.34;0.74;0.04;0.81;0.28;0.00;0.83;0.69;0.2934;0.2934;1
131;131;Agent_1;orders came from the seed rule base (rules as-is);0;0;R7[0.07] R20[0.60] R26[0.34] G1[0.19] A1[0.53] G2[0.60];0.34;0.74;0.04;0.81;0.28;0.00;0.83;0.69;0.2944;0.2933;1
132;132;Agent_1;orders came from the seed rule base (rules as-is);0;0;R7[0.07] R20[0.60] R26[0.34] G1[0.19] A1[0.53] G2[0.60];0.34;0.74;0.04;0.81;0.28;0.00;0.83;0.69;0.2944;0.2934;1
133;133;Agent_1;orders came from the seed rule base (rules as-is);0;0;R7[0.07] R20[0.60] R26[0.34] G1[0.19] A1[0.53] G2[0.60];0.34;0.74;0.04;0.81;0.28;0.00;0.83;0.69;0.2949;0.2933;1
134;134;Agent_1;orders came from the seed rule base (rules as-is);0;0;R7[0.07] R20[0.60] R26[0.34] G1[0.19] A1[0.53] G2[0.60];0.34;0.74;0.04;0.81;0.28;0.00;0.83;0.69;0.2949;0.2934;1
135;135;Agent_1;orders came from the seed rule base (rules as-is);0;0;R7[0.07] R20[0.60] R26[0.34] G1[0.19] A1[0.53] G2[0.60];0.34;0.74;0.04;0.81;0.28;0.00;0.83;0.69;0.2941;0.2931;1
136;136;Agent_1;orders came from the seed rule base (rules as-is);0;0;R7[0.07] R20[0.60] R26[0.34] G1[0.19] A1[0.53] G2[0.60];0.34;0.74;0.04;0.81;0.28;0.00;0.83;0.69;0.2943;0.2932;1
137;137;Agent_1;orders came from the seed rule base (rules as-is);0;0;R7[0.07] R20[0.60] R26[0.34] G1[0.19] A1[0.53] G2[0.60];0.34;0.74;0.04;0.81;0.28;0.00;0.83;0.69;0.2946;0.2932;1
138;138;Agent_1;orders came from the seed rule base (rules as-is);0;0;R7[0.07] R20[0.60] R26[0.34] G1[0.19] A1[0.53] G2[0.60];0.34;0.74;0.04;0.81;0.28;0.00;0.83;0.69;0.2946;0.2935;1
139;139;Agent_1;RL selected stage 1 [evFIS] (deficit bucket: low) → ACCEPTED: R20 consequents +0.05;1;1;R7[0.07] R20[0.60] R26[0.34] G1[0.19] A1[0.53] G2[0.60];0.34;0.76;0.04;0.81;0.28;0.00;0.82;0.69;0.2947;0.2935;1
139;139;Agent_1;RL selected stage 1 [evFIS] (deficit bucket: low) → ACCEPTED: R20 consequents +0.05;1;1;R7[0.07] R20[0.60] R26[0.34] G1[0.19] A1[0.53] G2[0.60];0.34;0.76;0.04;0.81;0.28;0.00;0.82;0.69;0.2947;0.2935;1
139;139;Agent_1;orders came from the seed rule base (rules as-is);0;0;R7[0.07] R20[0.60] R26[0.34] G1[0.19] A1[0.53] G2[0.60];0.34;0.76;0.04;0.81;0.28;0.00;0.82;0.69;0.2947;0.2935;1
140;140;Agent_1;orders came from the seed rule base (rules as-is);0;0;R7[0.07] R20[0.60] R26[0.34] G1[0.19] A1[0.53] G2[0.60];0.34;0.76;0.04;0.81;0.28;0.00;0.82;0.69;0.2953;0.2933;1
141;141;Agent_1;orders came from the seed rule base (rules as-is);0;0;R7[0.07] R20[0.60] R26[0.34] G1[0.19] A1[0.53] G2[0.60];0.34;0.76;0.04;0.81;0.28;0.00;0.82;0.69;0.2948;0.2932;1
142;142;Agent_1;orders came from the seed rule base (rules as-is);0;0;R7[0.07] R20[0.60] R26[0.34] G1[0.19] A1[0.53] G2[0.60];0.34;0.76;0.04;0.81;0.28;0.00;0.82;0.69;0.2950;0.2933;1
143;143;Agent_1;orders came from the seed rule base (rules as-is);0;0;R7[0.07] R20[0.60] R26[0.34] G1[0.19] A1[0.53] G2[0.60];0.34;0.76;0.04;0.81;0.28;0.00;0.82;0.69;0.2951;0.2936;1
144;144;Agent_1;orders came from the seed rule base (rules as-is);0;0;R7[0.07] R20[0.60] R26[0.34] G1[0.19] A1[0.53] G2[0.60];0.34;0.76;0.04;0.81;0.28;0.00;0.82;0.69;0.2958;0.2933;1
145;145;Agent_1;orders came from the seed rule base (rules as-is);0;0;R7[0.07] R20[0.60] R26[0.34] G1[0.19] A1[0.53] G2[0.60];0.34;0.76;0.04;0.81;0.28;0.00;0.82;0.69;0.2953;0.2934;1
146;146;Agent_1;orders came from the seed rule base (rules as-is);0;0;R7[0.07] R20[0.60] R26[0.34] G1[0.19] A1[0.53] G2[0.60];0.34;0.76;0.04;0.81;0.28;0.00;0.82;0.69;0.2954;0.2934;1
147;147;Agent_1;orders came from the seed rule base (rules as-is);0;0;R7[0.07] R20[0.60] R26[0.34] G1[0.19] A1[0.53] G2[0.60];0.34;0.76;0.04;0.81;0.28;0.00;0.82;0.69;0.2959;0.2936;1
0;0;Agent_1;RL selected stage 3 [GenAI] (deficit bucket: low) → ACCEPTED: G1: G1: IF asset exposure risk is VH AND intervention urgency is VL THEN asset protection 0.8, resource deployment 0.4 (adaptation-born: generative (template), gates G1-G4);3;3;R7[0.07] R20[0.19] G1[0.38];0.00;0.33;0.04;0.36;0.00;0.00;0.73;0.00;0.2898;0.2819;1
0;0;Agent_1;RL selected stage 1 [evFIS] (deficit bucket: low) → rejected (no improving perturbation found | seed-base decision stands, its orders are applied);1;0;R7[0.07] R20[0.19] G1[0.54] A1[0.53];0.00;0.39;0.04;0.81;0.31;0.00;0.87;0.00;0.1791;0.1718;1
0;0;Agent_1;orders came from the seed rule base (rules as-is);0;0;R7[0.07] R20[0.19] G1[0.54] A1[0.53] G2[0.19];0.00;0.51;0.04;0.81;0.31;0.00;0.84;0.00;0.1784;0.1718;1
0;0;Agent_1;RL selected stage 1 [evFIS] (deficit bucket: low) → rejected (no improving perturbation found | seed-base decision stands, its orders are applied);1;0;R7[0.07] R20[0.19] G1[0.54] A1[0.53] G2[0.19];0.00;0.51;0.04;0.79;0.28;0.00;0.84;0.00;0.1784;0.1718;1
1;1;Agent_1;orders came from the seed rule base (rules as-is);0;0;R7[0.07] R20[0.17] G1[0.34];0.00;0.30;0.04;0.33;0.00;0.00;0.76;0.00;0.2941;0.2843;1
1;1;Agent_1;orders came from the seed rule base (rules as-is);0;0;R7[0.07] R20[0.20] G1[0.58] A1[0.53];0.00;0.42;0.04;0.81;0.31;0.00;0.88;0.69;0.1848;0.1775;1
1;1;Agent_1;orders came from the seed rule base (rules as-is);0;0;R7[0.07] R20[0.20] G1[0.58] A1[0.53] G2[0.20];0.00;0.54;0.04;0.83;0.33;0.00;0.85;0.69;0.1849;0.1775;1
1;1;Agent_1;orders came from the seed rule base (rules as-is);0;0;R7[0.07] R20[0.20] G1[0.58] A1[0.53] G2[0.20];0.00;0.54;0.04;0.79;0.28;0.00;0.84;0.69;0.1849;0.1775;1
2;2;Agent_1;orders came from the seed rule base (rules as-is);0;0;R7[0.07] R20[0.16] G1[0.32];0.00;0.28;0.04;0.32;0.00;0.00;0.70;0.12;0.2958;0.2861;1
2;2;Agent_1;orders came from the seed rule base (rules as-is);0;0;R7[0.07] R20[0.32] R26[0.25] G1[0.30] A1[0.53];0.25;0.63;0.04;0.72;0.31;0.00;0.86;0.69;0.0870;0.1832;1
2;2;Agent_1;orders came from the seed rule base (rules as-is);0;0;R7[0.07] R20[0.32] R26[0.25] G1[0.30] A1[0.53] G2[0.32];0.25;0.70;0.04;0.80;0.28;0.00;0.83;0.69;0.0199;0.1836;1
3;3;Agent_1;orders came from the seed rule base (rules as-is);0;0;R7[0.07] R20[0.17] R26[0.04] G1[0.25];0.04;0.30;0.04;0.26;0.00;0.00;0.62;0.12;0.3009;0.2878;1
3;3;Agent_1;orders came from the seed rule base (rules as-is);0;0;R7[0.07] R20[0.35] R26[0.32] G1[0.22] A1[0.53];0.32;0.69;0.04;0.66;0.31;0.00;0.84;0.69;0.0200;0.1847;1
3;3;Agent_1;orders came from the seed rule base (rules as-is);0;0;R7[0.07] R20[0.35] R26[0.32] G1[0.22] A1[0.53] G2[0.35];0.32;0.73;0.04;0.80;0.28;0.00;0.83;0.69;0.0197;0.1847;1
4;4;Agent_1;orders came from the seed rule base (rules as-is);0;0;R7[0.07] R20[0.18] R26[0.08] G1[0.20];0.08;0.32;0.04;0.22;0.00;0.00;0.61;0.12;0.3027;0.2885;1
4;4;Agent_1;orders came from the seed rule base (rules as-is);0;0;R7[0.07] R20[0.36] R26[0.34] G1[0.20] A1[0.53];0.34;0.71;0.04;0.64;0.31;0.00;0.84;0.69;0.0200;0.1867;1
4;4;Agent_1;orders came from the seed rule base (rules as-is);0;0;R7[0.07] R20[0.36] R26[0.34] G1[0.20] A1[0.53] G2[0.36];0.34;0.74;0.04;0.80;0.28;0.00;0.84;0.69;0.0197;0.1867;1
5;5;Agent_1;orders came from the seed rule base (rules as-is);0;0;R7[0.07] R20[0.19] R26[0.11] G1[0.16];0.11;0.34;0.04;0.19;0.00;0.00;0.60;0.12;0.3054;0.2902;1
5;5;Agent_1;orders came from the seed rule base (rules as-is);0;0;R7[0.07] R20[0.36] R26[0.34] G1[0.19] A1[0.53];0.34;0.71;0.04;0.64;0.31;0.00;0.83;0.69;0.0200;0.1927;1
5;5;Agent_1;orders came from the seed rule base (rules as-is);0;0;R7[0.07] R20[0.36] R26[0.34] G1[0.19] A1[0.53] G2[0.36];0.34;0.74;0.04;0.80;0.28;0.00;0.84;0.69;0.0197;0.1933;1
6;6;Agent_1;orders came from the seed rule base (rules as-is);0;0;R7[0.07] R20[0.20] R26[0.13] G1[0.13];0.13;0.34;0.04;0.16;0.00;0.00;0.60;0.12;0.3059;0.2906;1
6;6;Agent_1;orders came from the seed rule base (rules as-is);0;0;R7[0.07] R20[0.37] R26[0.34] G1[0.19] A1[0.53];0.34;0.71;0.04;0.63;0.31;0.00;0.83;0.69;0.0200;0.1898;1
6;6;Agent_1;orders came from the seed rule base (rules as-is);0;0;R7[0.07] R20[0.37] R26[0.34] G1[0.19] A1[0.53] G2[0.37];0.34;0.74;0.04;0.80;0.28;0.00;0.84;0.69;0.0197;0.1888;1
7;7;Agent_1;orders came from the seed rule base (rules as-is);0;0;R7[0.07] R20[0.20] R26[0.14] G1[0.10];0.14;0.35;0.04;0.14;0.00;0.00;0.59;0.12;0.3075;0.2914;1
7;7;Agent_1;orders came from the seed rule base (rules as-is);0;0;R7[0.07] R20[0.37] R26[0.34] G1[0.19] A1[0.53];0.34;0.71;0.04;0.63;0.31;0.00;0.83;0.69;0.0200;0.1908;1
7;7;Agent_1;orders came from the seed rule base (rules as-is);0;0;R7[0.07] R20[0.37] R26[0.34] G1[0.19] A1[0.53] G2[0.37];0.34;0.74;0.04;0.80;0.28;0.00;0.84;0.69;0.0197;0.1908;1
8;8;Agent_1;orders came from the seed rule base (rules as-is);0;0;R7[0.07] R20[0.20] R26[0.16] G1[0.08];0.15;0.35;0.04;0.12;0.00;0.00;0.59;0.12;0.3082;0.2921;1
8;8;Agent_1;orders came from the seed rule base (rules as-is);0;0;R7[0.07] R20[0.37] R26[0.34] G1[0.19] A1[0.53];0.34;0.71;0.04;0.63;0.31;0.00;0.83;0.69;0.0200;0.1878;1
8;8;Agent_1;orders came from the seed rule base (rules as-is);0;0;R7[0.07] R20[0.37] R26[0.34] G1[0.19] A1[0.53] G2[0.37];0.34;0.74;0.04;0.80;0.28;0.00;0.84;0.69;0.0198;0.1855;1
9;9;Agent_1;orders came from the seed rule base (rules as-is);0;0;R7[0.07] R20[0.21] R26[0.17] G1[0.06];0.16;0.36;0.04;0.11;0.00;0.00;0.59;0.12;0.3090;0.2926;1
9;9;Agent_1;orders came from the seed rule base (rules as-is);0;0;R7[0.07] R20[0.37] R26[0.34] G1[0.19] A1[0.53];0.34;0.71;0.04;0.63;0.31;0.00;0.83;0.69;0.0200;0.1885;1
9;9;Agent_1;orders came from the seed rule base (rules as-is);0;0;R7[0.07] R20[0.37] R26[0.34] G1[0.19] A1[0.53] G2[0.37];0.34;0.74;0.04;0.80;0.28;0.00;0.84;0.69;0.0198;0.1875;1
10;10;Agent_1;RL selected stage 2 [resolution increase] (deficit bucket: mid) → ACCEPTED: A1: A1: IF asset exposure risk is VH AND suppression feasibility is VH THEN asset protection 0.9, evacuation 0.6 (adaptation-born: resolution increase (instantiated antecedent cell));2;2;R7[0.07] R20[0.21] R26[0.17] G1[0.05] A1[0.53];0.17;0.37;0.04;0.55;0.33;0.00;0.78;0.12;0.3060;0.2928;1
10;10;Agent_1;orders came from the seed rule base (rules as-is);0;0;R7[0.07] R20[0.37] R26[0.34] G1[0.19] A1[0.53];0.34;0.71;0.04;0.63;0.31;0.00;0.83;0.69;0.0200;0.1882;1
10;10;Agent_1;orders came from the seed rule base (rules as-is);0;0;R7[0.07] R20[0.37] R26[0.34] G1[0.19] A1[0.53] G2[0.37];0.34;0.74;0.04;0.80;0.28;0.00;0.84;0.69;0.0198;0.1858;1
11;11;Agent_1;orders came from the seed rule base (rules as-is);0;0;R7[0.07] R20[0.21] R26[0.18] G1[0.04] A1[0.53];0.18;0.37;0.04;0.54;0.33;0.00;0.78;0.11;0.3066;0.2934;1
11;11;Agent_1;orders came from the seed rule base (rules as-is);0;0;R7[0.07] R20[0.37] R26[0.34] G1[0.19] A1[0.53];0.34;0.71;0.04;0.63;0.31;0.00;0.83;0.69;0.0201;0.1879;1
11;11;Agent_1;orders came from the seed rule base (rules as-is);0;0;R7[0.07] R20[0.37] R26[0.34] G1[0.19] A1[0.53] G2[0.37];0.34;0.74;0.04;0.80;0.28;0.00;0.84;0.69;0.0198;0.1841;1
12;12;Agent_1;orders came from the seed rule base (rules as-is);0;0;R7[0.07] R20[0.21] R26[0.18] G1[0.03] A1[0.53];0.18;0.37;0.04;0.53;0.33;0.00;0.78;0.11;0.3073;0.2935;1
12;12;Agent_1;orders came from the seed rule base (rules as-is);0;0;R7[0.07] R20[0.37] R26[0.34] G1[0.19] A1[0.53];0.34;0.71;0.04;0.63;0.31;0.00;0.83;0.69;0.0201;0.1848;1
12;12;Agent_1;orders came from the seed rule base (rules as-is);0;0;R7[0.07] R20[0.37] R26[0.34] G1[0.19] A1[0.53] G2[0.37];0.34;0.74;0.04;0.80;0.28;0.00;0.84;0.69;0.0198;0.1828;1
13;13;Agent_1;orders came from the seed rule base (rules as-is);0;0;R7[0.07] R20[0.21] R26[0.19] G1[0.03] A1[0.53];0.19;0.37;0.04;0.53;0.33;0.00;0.77;0.11;0.3082;0.2938;1
13;13;Agent_1;orders came from the seed rule base (rules as-is);0;0;R7[0.07] R20[0.37] R26[0.34] G1[0.19] A1[0.53];0.34;0.71;0.04;0.63;0.31;0.00;0.83;0.69;0.0201;0.1862;1
13;13;Agent_1;orders came from the seed rule base (rules as-is);0;0;R7[0.07] R20[0.37] R26[0.34] G1[0.19] A1[0.53] G2[0.37];0.34;0.74;0.04;0.80;0.28;0.00;0.84;0.69;0.0199;0.1814;1
14;14;Agent_1;orders came from the seed rule base (rules as-is);0;0;R7[0.07] R20[0.21] R26[0.19] G1[0.02] A1[0.53];0.19;0.37;0.04;0.53;0.33;0.00;0.77;0.11;0.3081;0.2942;1
14;14;Agent_1;orders came from the seed rule base (rules as-is);0;0;R7[0.07] R20[0.37] R26[0.34] G1[0.19] A1[0.53];0.34;0.71;0.04;0.63;0.31;0.00;0.83;0.69;0.0201;0.1831;1
14;14;Agent_1;orders came from the seed rule base (rules as-is);0;0;R7[0.07] R20[0.37] R26[0.34] G1[0.19] A1[0.53] G2[0.37];0.34;0.74;0.04;0.80;0.28;0.00;0.84;0.69;0.0199;0.1821;1
15;15;Agent_1;orders came from the seed rule base (rules as-is);0;0;R7[0.07] R20[0.21] R26[0.19] G1[0.02] A1[0.53];0.19;0.37;0.04;0.52;0.33;0.00;0.77;0.11;0.3086;0.2945;1
15;15;Agent_1;orders came from the seed rule base (rules as-is);0;0;R7[0.07] R20[0.37] R26[0.34] G1[0.19] A1[0.53];0.34;0.71;0.04;0.63;0.31;0.00;0.83;0.69;0.0201;0.1835;1
15;15;Agent_1;orders came from the seed rule base (rules as-is);0;0;R7[0.07] R20[0.37] R26[0.34] G1[0.19] A1[0.53] G2[0.37];0.34;0.74;0.04;0.80;0.28;0.00;0.84;0.69;0.0199;0.1759;1
16;16;Agent_1;orders came from the seed rule base (rules as-is);0;0;R7[0.07] R20[0.21] R26[0.19] G1[0.01] A1[0.53];0.19;0.37;0.04;0.52;0.33;0.00;0.77;0.11;0.3091;0.2947;1
16;16;Agent_1;orders came from the seed rule base (rules as-is);0;0;R7[0.07] R20[0.37] R26[0.34] G1[0.19] A1[0.53];0.34;0.71;0.04;0.63;0.31;0.00;0.83;0.69;0.0202;0.1740;1
16;16;Agent_1;orders came from the seed rule base (rules as-is);0;0;R7[0.07] R20[0.37] R26[0.34] G1[0.19] A1[0.53] G2[0.37];0.34;0.74;0.04;0.80;0.28;0.00;0.84;0.69;0.0199;0.1729;1
17;17;Agent_1;orders came from the seed rule base (rules as-is);0;0;R7[0.07] R20[0.21] R26[0.19] G1[0.01] A1[0.53];0.19;0.37;0.04;0.52;0.33;0.00;0.77;0.11;0.3093;0.2949;1
17;17;Agent_1;orders came from the seed rule base (rules as-is);0;0;R7[0.07] R20[0.37] R26[0.34] G1[0.19] A1[0.53];0.34;0.71;0.04;0.63;0.31;0.00;0.83;0.69;0.0202;0.1690;1
17;17;Agent_1;orders came from the seed rule base (rules as-is);0;0;R7[0.07] R20[0.37] R26[0.34] G1[0.19] A1[0.53] G2[0.37];0.34;0.74;0.04;0.80;0.28;0.00;0.84;0.69;0.0200;0.1698;1
18;18;Agent_1;orders came from the seed rule base (rules as-is);0;0;R7[0.07] R20[0.21] R26[0.20] A1[0.53];0.20;0.37;0.04;0.52;0.33;0.00;0.76;0.11;0.3097;0.2950;1
18;18;Agent_1;orders came from the seed rule base (rules as-is);0;0;R7[0.07] R20[0.37] R26[0.34] G1[0.19] A1[0.53];0.34;0.71;0.04;0.63;0.31;0.00;0.83;0.69;0.0202;0.1662;1
18;18;Agent_1;orders came from the seed rule base (rules as-is);0;0;R7[0.07] R20[0.37] R26[0.34] G1[0.19] A1[0.53] G2[0.37];0.34;0.74;0.04;0.80;0.28;0.00;0.84;0.69;0.0200;0.1679;1
19;19;Agent_1;orders came from the seed rule base (rules as-is);0;0;R7[0.07] R20[0.22] R26[0.20] A1[0.53];0.20;0.38;0.04;0.51;0.33;0.00;0.76;0.11;0.3099;0.2952;1
19;19;Agent_1;orders came from the seed rule base (rules as-is);0;0;R7[0.07] R20[0.37] R26[0.34] G1[0.19] A1[0.53];0.34;0.71;0.04;0.63;0.31;0.00;0.83;0.69;0.0202;0.1609;1
19;19;Agent_1;orders came from the seed rule base (rules as-is);0;0;R7[0.07] R20[0.37] R26[0.34] G1[0.19] A1[0.53] G2[0.37];0.34;0.74;0.04;0.80;0.28;0.00;0.84;0.69;0.0200;0.1630;1
20;20;Agent_1;RL selected stage 2 [resolution increase] (deficit bucket: low) → rejected (cell already covered — an active rule sits on this antecedent cell; numeric tuning of an existing cell is stage ① evFIS's job | seed-base decision stands, its orders are applied);2;0;R7[0.07] R20[0.22] R26[0.20] A1[0.53];0.20;0.38;0.04;0.51;0.33;0.00;0.76;0.11;0.3100;0.2954;1
20;20;Agent_1;orders came from the seed rule base (rules as-is);0;0;R7[0.07] R20[0.37] R26[0.34] G1[0.19] A1[0.53];0.34;0.71;0.04;0.63;0.31;0.00;0.83;0.69;0.0202;0.1714;1
20;20;Agent_1;orders came from the seed rule base (rules as-is);0;0;R7[0.07] R20[0.37] R26[0.34] G1[0.19] A1[0.53] G2[0.37];0.34;0.74;0.04;0.80;0.28;0.00;0.84;0.69;0.0200;0.1651;1
21;21;Agent_1;orders came from the seed rule base (rules as-is);0;0;R7[0.07] R20[0.23] R26[0.20] A1[0.53];0.20;0.39;0.04;0.51;0.33;0.00;0.76;0.11;0.3103;0.2956;1
21;21;Agent_1;orders came from the seed rule base (rules as-is);0;0;R7[0.07] R20[0.37] R26[0.34] G1[0.19] A1[0.53];0.34;0.71;0.04;0.63;0.31;0.00;0.83;0.69;0.0202;0.1646;1
21;21;Agent_1;orders came from the seed rule base (rules as-is);0;0;R7[0.07] R20[0.37] R26[0.34] G1[0.19] A1[0.53] G2[0.37];0.34;0.74;0.04;0.80;0.28;0.00;0.84;0.69;0.0200;0.1504;1
22;22;Agent_1;orders came from the seed rule base (rules as-is);0;0;R7[0.07] R20[0.24] R26[0.20] A1[0.53];0.20;0.39;0.04;0.51;0.33;0.00;0.76;0.11;0.3102;0.2958;1
22;22;Agent_1;orders came from the seed rule base (rules as-is);0;0;R7[0.07] R20[0.37] R26[0.34] G1[0.19] A1[0.53];0.34;0.71;0.04;0.63;0.31;0.00;0.83;0.69;0.0203;0.1504;1
22;22;Agent_1;orders came from the seed rule base (rules as-is);0;0;R7[0.07] R20[0.37] R26[0.34] G1[0.19] A1[0.53] G2[0.37];0.34;0.74;0.04;0.80;0.28;0.00;0.84;0.69;0.0201;0.1482;1
23;23;Agent_1;orders came from the seed rule base (rules as-is);0;0;R7[0.07] R20[0.25] R26[0.20] A1[0.53];0.20;0.40;0.04;0.51;0.33;0.00;0.75;0.10;0.3104;0.2960;1
23;23;Agent_1;orders came from the seed rule base (rules as-is);0;0;R7[0.07] R20[0.37] R26[0.34] G1[0.19] A1[0.53];0.34;0.71;0.04;0.63;0.31;0.00;0.83;0.69;0.0203;0.1477;1
23;23;Agent_1;orders came from the seed rule base (rules as-is);0;0;R7[0.07] R20[0.37] R26[0.34] G1[0.19] A1[0.53] G2[0.37];0.34;0.74;0.04;0.80;0.28;0.00;0.84;0.69;0.0201;0.1421;1
24;24;Agent_1;orders came from the seed rule base (rules as-is);0;0;R7[0.07] R20[0.26] R26[0.19] A1[0.53];0.19;0.42;0.04;0.51;0.33;0.00;0.75;0.10;0.3106;0.2963;1
24;24;Agent_1;orders came from the seed rule base (rules as-is);0;0;R7[0.07] R20[0.37] R26[0.34] G1[0.19] A1[0.53];0.34;0.71;0.04;0.63;0.31;0.00;0.83;0.69;0.0203;0.1381;1
24;24;Agent_1;orders came from the seed rule base (rules as-is);0;0;R7[0.07] R20[0.37] R26[0.34] G1[0.19] A1[0.53] G2[0.37];0.34;0.74;0.04;0.80;0.28;0.00;0.84;0.69;0.0201;0.1382;1
25;25;Agent_1;orders came from the seed rule base (rules as-is);0;0;R7[0.07] R20[0.27] R26[0.19] A1[0.53];0.19;0.43;0.04;0.51;0.33;0.00;0.75;0.10;0.3106;0.2966;1
25;25;Agent_1;orders came from the seed rule base (rules as-is);0;0;R7[0.07] R20[0.37] R26[0.34] G1[0.19] A1[0.53];0.34;0.71;0.04;0.63;0.31;0.00;0.83;0.69;0.0203;0.1351;1
25;25;Agent_1;orders came from the seed rule base (rules as-is);0;0;R7[0.07] R20[0.37] R26[0.34] G1[0.19] A1[0.53] G2[0.37];0.34;0.74;0.04;0.80;0.28;0.00;0.84;0.69;0.0201;0.1296;1
26;26;Agent_1;orders came from the seed rule base (rules as-is);0;0;R7[0.07] R20[0.29] R26[0.19] A1[0.53];0.19;0.44;0.04;0.51;0.33;0.00;0.76;0.10;0.3108;0.2968;1
26;26;Agent_1;orders came from the seed rule base (rules as-is);0;0;R7[0.07] R20[0.37] R26[0.34] G1[0.19] A1[0.53];0.34;0.71;0.04;0.63;0.31;0.00;0.83;0.69;0.0203;0.1295;1
26;26;Agent_1;orders came from the seed rule base (rules as-is);0;0;R7[0.07] R20[0.37] R26[0.34] G1[0.19] A1[0.53] G2[0.37];0.34;0.74;0.04;0.80;0.28;0.00;0.84;0.69;0.0201;0.1332;1
27;27;Agent_1;orders came from the seed rule base (rules as-is);0;0;R7[0.07] R20[0.30] R26[0.19] A1[0.53];0.19;0.45;0.04;0.51;0.33;0.00;0.76;0.10;0.3110;0.2971;1
27;27;Agent_1;orders came from the seed rule base (rules as-is);0;0;R7[0.07] R20[0.37] R26[0.34] G1[0.19] A1[0.53];0.34;0.71;0.04;0.63;0.31;0.00;0.83;0.69;0.0203;0.1253;1
27;27;Agent_1;orders came from the seed rule base (rules as-is);0;0;R7[0.07] R20[0.37] R26[0.34] G1[0.19] A1[0.53] G2[0.37];0.34;0.74;0.04;0.80;0.28;0.00;0.84;0.69;0.0202;0.1205;1
28;28;Agent_1;orders came from the seed rule base (rules as-is);0;0;R7[0.07] R20[0.30] R26[0.19] A1[0.53];0.19;0.46;0.04;0.51;0.33;0.00;0.76;0.10;0.3114;0.2974;1
28;28;Agent_1;orders came from the seed rule base (rules as-is);0;0;R7[0.07] R20[0.37] R26[0.34] G1[0.19] A1[0.53];0.34;0.71;0.04;0.63;0.31;0.00;0.83;0.69;0.0204;0.1342;1
28;28;Agent_1;orders came from the seed rule base (rules as-is);0;0;R7[0.07] R20[0.37] R26[0.34] G1[0.19] A1[0.53] G2[0.37];0.34;0.74;0.04;0.80;0.28;0.00;0.84;0.69;0.0202;0.1132;1
29;29;Agent_1;orders came from the seed rule base (rules as-is);0;0;R7[0.07] R20[0.31] R26[0.19] A1[0.53];0.19;0.46;0.04;0.51;0.33;0.00;0.76;0.10;0.3112;0.2977;1
29;29;Agent_1;orders came from the seed rule base (rules as-is);0;0;R7[0.07] R20[0.37] R26[0.34] G1[0.19] A1[0.53];0.34;0.71;0.04;0.63;0.31;0.00;0.83;0.69;0.0204;0.1166;1
29;29;Agent_1;orders came from the seed rule base (rules as-is);0;0;R7[0.07] R20[0.37] R26[0.34] G1[0.19] A1[0.53] G2[0.37];0.34;0.74;0.04;0.80;0.28;0.00;0.84;0.69;0.0202;0.1098;1
30;30;Agent_1;RL selected stage 1 [evFIS] (deficit bucket: low) → ACCEPTED: A1 consequents -0.05;1;1;R7[0.07] R20[0.31] R26[0.19] A1[0.53];0.19;0.47;0.04;0.48;0.31;0.00;0.75;0.10;0.3113;0.2980;1
30;30;Agent_1;orders came from the seed rule base (rules as-is);0;0;R7[0.07] R20[0.37] R26[0.34] G1[0.19] A1[0.53];0.34;0.71;0.04;0.63;0.31;0.00;0.83;0.69;0.0204;0.1115;1
30;30;Agent_1;orders came from the seed rule base (rules as-is);0;0;R7[0.07] R20[0.37] R26[0.34] G1[0.19] A1[0.53] G2[0.37];0.34;0.74;0.04;0.80;0.28;0.00;0.84;0.69;0.0202;0.1069;1
31;31;Agent_1;orders came from the seed rule base (rules as-is);0;0;R7[0.07] R20[0.32] R26[0.19] A1[0.53];0.19;0.47;0.04;0.48;0.31;0.00;0.75;0.10;0.3114;0.2983;1
31;31;Agent_1;orders came from the seed rule base (rules as-is);0;0;R7[0.07] R20[0.37] R26[0.34] G1[0.19] A1[0.53];0.34;0.71;0.04;0.63;0.31;0.00;0.83;0.69;0.0204;0.1086;1
31;31;Agent_1;orders came from the seed rule base (rules as-is);0;0;R7[0.07] R20[0.37] R26[0.34] G1[0.19] A1[0.53] G2[0.37];0.34;0.74;0.04;0.80;0.28;0.00;0.84;0.69;0.0202;0.1051;1
32;32;Agent_1;orders came from the seed rule base (rules as-is);0;0;R7[0.07] R20[0.32] R26[0.19] A1[0.53];0.19;0.47;0.04;0.48;0.31;0.00;0.75;0.10;0.3114;0.2986;1
32;32;Agent_1;orders came from the seed rule base (rules as-is);0;0;R7[0.07] R20[0.37] R26[0.34] G1[0.19] A1[0.53];0.34;0.71;0.04;0.63;0.31;0.00;0.83;0.69;0.0204;0.1038;1
32;32;Agent_1;orders came from the seed rule base (rules as-is);0;0;R7[0.07] R20[0.37] R26[0.34] G1[0.19] A1[0.53] G2[0.37];0.34;0.74;0.04;0.80;0.28;0.00;0.84;0.69;0.0203;0.1009;1
33;33;Agent_1;orders came from the seed rule base (rules as-is);0;0;R7[0.07] R20[0.32] R26[0.19] A1[0.53];0.19;0.47;0.04;0.48;0.31;0.00;0.75;0.10;0.3116;0.2989;1
33;33;Agent_1;orders came from the seed rule base (rules as-is);0;0;R7[0.07] R20[0.37] R26[0.34] G1[0.19] A1[0.53];0.34;0.71;0.04;0.63;0.31;0.00;0.83;0.69;0.0204;0.1020;1
33;33;Agent_1;orders came from the seed rule base (rules as-is);0;0;R7[0.07] R20[0.37] R26[0.34] G1[0.19] A1[0.53] G2[0.37];0.34;0.74;0.04;0.80;0.28;0.00;0.84;0.69;0.0203;0.1039;1
34;34;Agent_1;orders came from the seed rule base (rules as-is);0;0;R7[0.07] R20[0.32] R26[0.19] A1[0.53];0.19;0.47;0.04;0.48;0.31;0.00;0.75;0.10;0.3117;0.2992;1
34;34;Agent_1;orders came from the seed rule base (rules as-is);0;0;R7[0.07] R20[0.37] R26[0.34] G1[0.19] A1[0.53];0.34;0.71;0.04;0.63;0.31;0.00;0.83;0.69;0.0205;0.0984;1
34;34;Agent_1;orders came from the seed rule base (rules as-is);0;0;R7[0.07] R20[0.37] R26[0.34] G1[0.19] A1[0.53] G2[0.37];0.34;0.74;0.04;0.80;0.28;0.00;0.84;0.69;0.0203;0.0985;1
35;35;Agent_1;orders came from the seed rule base (rules as-is);0;0;R7[0.07] R20[0.32] R26[0.19] A1[0.53];0.19;0.47;0.04;0.48;0.31;0.00;0.75;0.10;0.3119;0.2995;1
35;35;Agent_1;orders came from the seed rule base (rules as-is);0;0;R7[0.07] R20[0.37] R26[0.34] G1[0.19] A1[0.53];0.34;0.71;0.04;0.63;0.31;0.00;0.83;0.69;0.0205;0.0971;1
35;35;Agent_1;orders came from the seed rule base (rules as-is);0;0;R7[0.07] R20[0.37] R26[0.34] G1[0.19] A1[0.53] G2[0.37];0.34;0.74;0.04;0.80;0.28;0.00;0.84;0.69;0.0203;0.0909;1
36;36;Agent_1;orders came from the seed rule base (rules as-is);0;0;R7[0.07] R20[0.32] R26[0.19] A1[0.53];0.19;0.47;0.04;0.48;0.31;0.00;0.75;0.09;0.3121;0.2998;1
36;36;Agent_1;orders came from the seed rule base (rules as-is);0;0;R7[0.07] R20[0.37] R26[0.34] G1[0.19] A1[0.53];0.34;0.71;0.04;0.63;0.31;0.00;0.83;0.69;0.0205;0.0908;1
36;36;Agent_1;orders came from the seed rule base (rules as-is);0;0;R7[0.07] R20[0.37] R26[0.34] G1[0.19] A1[0.53] G2[0.37];0.34;0.74;0.04;0.80;0.28;0.00;0.84;0.69;0.0203;0.0837;1
37;37;Agent_1;orders came from the seed rule base (rules as-is);0;0;R7[0.07] R20[0.32] R26[0.19] A1[0.53];0.19;0.47;0.04;0.48;0.31;0.00;0.74;0.09;0.3123;0.3001;1
37;37;Agent_1;orders came from the seed rule base (rules as-is);0;0;R7[0.07] R20[0.37] R26[0.34] G1[0.19] A1[0.53];0.34;0.71;0.04;0.63;0.31;0.00;0.83;0.69;0.0205;0.0836;1
37;37;Agent_1;orders came from the seed rule base (rules as-is);0;0;R7[0.07] R20[0.37] R26[0.34] G1[0.19] A1[0.53] G2[0.37];0.34;0.74;0.04;0.80;0.28;0.00;0.84;0.69;0.0204;0.0763;1
38;38;Agent_1;orders came from the seed rule base (rules as-is);0;0;R7[0.07] R20[0.32] R26[0.19] A1[0.53];0.19;0.47;0.04;0.48;0.31;0.00;0.74;0.09;0.3042;0.2955;1
38;38;Agent_1;orders came from the seed rule base (rules as-is);0;0;R7[0.07] R20[0.37] R26[0.34] G1[0.19] A1[0.53];0.34;0.71;0.04;0.63;0.31;0.00;0.83;0.69;0.0205;0.0896;1
38;38;Agent_1;orders came from the seed rule base (rules as-is);0;0;R7[0.07] R20[0.37] R26[0.34] G1[0.19] A1[0.53] G2[0.37];0.34;0.74;0.04;0.80;0.28;0.00;0.84;0.69;0.0204;0.0679;1
39;39;Agent_1;orders came from the seed rule base (rules as-is);0;0;R7[0.07] R20[0.29] R26[0.17] A1[0.53];0.17;0.42;0.04;0.48;0.31;0.00;0.79;0.00;0.3042;0.2957;1
39;39;Agent_1;orders came from the seed rule base (rules as-is);0;0;R7[0.07] R20[0.37] R26[0.34] G1[0.19] A1[0.53];0.34;0.71;0.04;0.63;0.31;0.00;0.83;0.69;0.0206;0.0776;1
39;39;Agent_1;orders came from the seed rule base (rules as-is);0;0;R7[0.07] R20[0.37] R26[0.34] G1[0.19] A1[0.53] G2[0.37];0.34;0.74;0.04;0.80;0.28;0.00;0.84;0.69;0.0204;0.0591;1
40;40;Agent_1;RL selected stage 1 [evFIS] (deficit bucket: low) → rejected (no improving perturbation found | seed-base decision stands, its orders are applied);1;0;R7[0.07] R20[0.52] R26[0.30] A1[0.53];0.30;0.75;0.04;0.48;0.31;0.00;0.71;0.69;0.3022;0.2959;1
40;40;Agent_1;orders came from the seed rule base (rules as-is);0;0;R7[0.07] R20[0.37] R26[0.34] G1[0.19] A1[0.53];0.34;0.71;0.04;0.63;0.31;0.00;0.83;0.69;0.0206;0.0706;1
40;40;Agent_1;orders came from the seed rule base (rules as-is);0;0;R7[0.07] R20[0.37] R26[0.34] G1[0.19] A1[0.53] G2[0.37];0.34;0.74;0.04;0.80;0.28;0.00;0.84;0.69;0.0204;0.0477;1
41;41;Agent_1;orders came from the seed rule base (rules as-is);0;0;R7[0.07] R20[0.58] R26[0.33] A1[0.53];0.33;0.85;0.04;0.48;0.31;0.00;0.70;0.69;0.3020;0.2960;1
41;41;Agent_1;orders came from the seed rule base (rules as-is);0;0;R7[0.07] R20[0.37] R26[0.34] G1[0.19] A1[0.53];0.34;0.71;0.04;0.63;0.31;0.00;0.83;0.69;0.0206;0.0613;1
41;41;Agent_1;orders came from the seed rule base (rules as-is);0;0;R7[0.07] R20[0.37] R26[0.34] G1[0.19] A1[0.53] G2[0.37];0.34;0.74;0.04;0.80;0.28;0.00;0.84;0.69;0.0205;0.0382;1
42;42;Agent_1;orders came from the seed rule base (rules as-is);0;0;R7[0.07] R20[0.60] R26[0.34] A1[0.53];0.34;0.87;0.04;0.48;0.31;0.00;0.69;0.69;0.3018;0.2962;1
42;42;Agent_1;orders came from the seed rule base (rules as-is);0;0;R7[0.07] R20[0.37] R26[0.34] G1[0.19] A1[0.53];0.34;0.71;0.04;0.63;0.31;0.00;0.83;0.69;0.0206;0.0405;1
42;42;Agent_1;orders came from the seed rule base (rules as-is);0;0;R7[0.07] R20[0.37] R26[0.34] G1[0.19] A1[0.53] G2[0.37];0.34;0.74;0.04;0.80;0.28;0.00;0.84;0.69;0.0205;0.0532;1
43;43;Agent_1;orders came from the seed rule base (rules as-is);0;0;R7[0.07] R20[0.60] R26[0.34] A1[0.53];0.34;0.88;0.04;0.48;0.31;0.00;0.69;0.69;0.3019;0.2964;1
43;43;Agent_1;orders came from the seed rule base (rules as-is);0;0;R7[0.07] R20[0.37] R26[0.34] G1[0.19] A1[0.53];0.34;0.71;0.04;0.63;0.31;0.00;0.83;0.69;0.0206;0.0365;1
43;43;Agent_1;orders came from the seed rule base (rules as-is);0;0;R7[0.07] R20[0.37] R26[0.34] G1[0.19] A1[0.53] G2[0.37];0.34;0.74;0.04;0.80;0.28;0.00;0.84;0.69;0.0205;0.0358;1
44;44;Agent_1;orders came from the seed rule base (rules as-is);0;0;R7[0.07] R20[0.60] R26[0.34] A1[0.53];0.34;0.88;0.04;0.48;0.31;0.00;0.70;0.69;0.3021;0.2966;1
44;44;Agent_1;orders came from the seed rule base (rules as-is);0;0;R7[0.07] R20[0.37] R26[0.34] G1[0.19] A1[0.53];0.34;0.71;0.04;0.63;0.31;0.00;0.83;0.69;0.0206;0.0365;1
44;44;Agent_1;orders came from the seed rule base (rules as-is);0;0;R7[0.07] R20[0.37] R26[0.34] G1[0.19] A1[0.53] G2[0.37];0.34;0.74;0.04;0.80;0.28;0.00;0.84;0.69;0.0205;0.0358;1
45;45;Agent_1;orders came from the seed rule base (rules as-is);0;0;R7[0.07] R20[0.61] R26[0.34] A1[0.53];0.34;0.88;0.04;0.48;0.31;0.00;0.70;0.69;0.3023;0.2967;1
45;45;Agent_1;orders came from the seed rule base (rules as-is);0;0;R7[0.07] R20[0.37] R26[0.34] G1[0.19] A1[0.53];0.34;0.71;0.04;0.63;0.31;0.00;0.83;0.69;0.0207;0.0365;1
45;45;Agent_1;orders came from the seed rule base (rules as-is);0;0;R7[0.07] R20[0.37] R26[0.34] G1[0.19] A1[0.53] G2[0.37];0.34;0.74;0.04;0.80;0.28;0.00;0.84;0.69;0.0205;0.0342;1
46;46;Agent_1;orders came from the seed rule base (rules as-is);0;0;R7[0.07] R20[0.37] R26[0.34] G1[0.19] A1[0.53];0.34;0.71;0.04;0.63;0.31;0.00;0.83;0.69;0.0207;0.0349;1
46;46;Agent_1;orders came from the seed rule base (rules as-is);0;0;R7[0.07] R20[0.37] R26[0.34] G1[0.19] A1[0.53] G2[0.37];0.34;0.74;0.04;0.80;0.28;0.00;0.84;0.69;0.0206;0.0342;1
47;47;Agent_1;orders came from the seed rule base (rules as-is);0;0;R7[0.07] R20[0.37] R26[0.34] G1[0.19] A1[0.53];0.34;0.71;0.04;0.63;0.31;0.00;0.83;0.69;0.0207;0.0523;1
47;47;Agent_1;orders came from the seed rule base (rules as-is);0;0;R7[0.07] R20[0.37] R26[0.34] G1[0.19] A1[0.53] G2[0.37];0.34;0.74;0.04;0.80;0.28;0.00;0.84;0.69;0.0206;0.0517;1
48;48;Agent_1;orders came from the seed rule base (rules as-is);0;0;R7[0.07] R20[0.37] R26[0.34] G1[0.19] A1[0.53];0.34;0.71;0.04;0.63;0.31;0.00;0.83;0.69;0.0207;0.0757;1
48;48;Agent_1;orders came from the seed rule base (rules as-is);0;0;R7[0.07] R20[0.37] R26[0.34] G1[0.19] A1[0.53] G2[0.37];0.34;0.74;0.04;0.80;0.28;0.00;0.84;0.69;0.0206;0.0744;1
49;49;Agent_1;orders came from the seed rule base (rules as-is);0;0;R7[0.07] R20[0.37] R26[0.34] G1[0.19] A1[0.53];0.34;0.71;0.04;0.63;0.31;0.00;0.83;0.69;0.0207;0.0341;1
49;49;Agent_1;orders came from the seed rule base (rules as-is);0;0;R7[0.07] R20[0.37] R26[0.34] G1[0.19] A1[0.53] G2[0.37];0.34;0.74;0.04;0.80;0.28;0.00;0.84;0.69;0.0206;0.0343;1
50;50;Agent_1;orders came from the seed rule base (rules as-is);0;0;R7[0.07] R20[0.37] R26[0.34] G1[0.19] A1[0.53];0.34;0.71;0.04;0.63;0.31;0.00;0.83;0.69;0.0207;0.0349;1
50;50;Agent_1;orders came from the seed rule base (rules as-is);0;0;R7[0.07] R20[0.37] R26[0.34] G1[0.19] A1[0.53] G2[0.37];0.34;0.74;0.04;0.80;0.28;0.00;0.84;0.69;0.0206;0.0351;1
51;51;Agent_1;orders came from the seed rule base (rules as-is);0;0;R7[0.07] R20[0.37] R26[0.34] G1[0.19] A1[0.53];0.34;0.71;0.04;0.63;0.31;0.00;0.83;0.69;0.0208;0.0757;1
51;51;Agent_1;orders came from the seed rule base (rules as-is);0;0;R7[0.07] R20[0.37] R26[0.34] G1[0.19] A1[0.53] G2[0.37];0.34;0.74;0.04;0.80;0.28;0.00;0.84;0.69;0.0207;0.0752;1
52;52;Agent_1;orders came from the seed rule base (rules as-is);0;0;R7[0.07] R20[0.37] R26[0.34] G1[0.19] A1[0.53];0.34;0.71;0.04;0.63;0.31;0.00;0.83;0.69;0.0208;0.0342;1
52;52;Agent_1;orders came from the seed rule base (rules as-is);0;0;R7[0.07] R20[0.37] R26[0.34] G1[0.19] A1[0.53] G2[0.37];0.34;0.74;0.04;0.80;0.28;0.00;0.84;0.69;0.0207;0.0343;1
53;53;Agent_1;orders came from the seed rule base (rules as-is);0;0;R7[0.07] R20[0.37] R26[0.34] G1[0.19] A1[0.53];0.34;0.71;0.04;0.63;0.31;0.00;0.83;0.69;0.0208;0.0737;1
53;53;Agent_1;orders came from the seed rule base (rules as-is);0;0;R7[0.07] R20[0.37] R26[0.34] G1[0.19] A1[0.53] G2[0.37];0.34;0.74;0.04;0.80;0.28;0.00;0.84;0.69;0.0207;0.0738;1
54;54;Agent_1;orders came from the seed rule base (rules as-is);0;0;R7[0.07] R20[0.37] R26[0.34] G1[0.19] A1[0.53];0.34;0.71;0.04;0.63;0.31;0.00;0.83;0.69;0.0208;0.0350;1
54;54;Agent_1;orders came from the seed rule base (rules as-is);0;0;R7[0.07] R20[0.37] R26[0.34] G1[0.19] A1[0.53] G2[0.37];0.34;0.74;0.04;0.80;0.28;0.00;0.84;0.69;0.0207;0.0352;1
55;55;Agent_1;orders came from the seed rule base (rules as-is);0;0;R7[0.07] R20[0.37] R26[0.34] G1[0.19] A1[0.53];0.34;0.71;0.04;0.63;0.31;0.00;0.83;0.69;0.0217;0.0608;1
55;55;Agent_1;orders came from the seed rule base (rules as-is);0;0;R7[0.07] R20[0.37] R26[0.34] G1[0.19] A1[0.53] G2[0.37];0.34;0.74;0.04;0.80;0.28;0.00;0.84;0.69;0.0207;0.0609;1
56;56;Agent_1;orders came from the seed rule base (rules as-is);0;0;R7[0.07] R20[0.37] R26[0.34] G1[0.19] A1[0.53];0.34;0.71;0.04;0.63;0.31;0.00;0.83;0.69;0.0217;0.0806;1
56;56;Agent_1;orders came from the seed rule base (rules as-is);0;0;R7[0.07] R20[0.37] R26[0.34] G1[0.19] A1[0.53] G2[0.37];0.34;0.74;0.04;0.80;0.28;0.00;0.84;0.69;0.0216;0.0781;1
57;57;Agent_1;orders came from the seed rule base (rules as-is);0;0;R7[0.07] R20[0.37] R26[0.34] G1[0.19] A1[0.53];0.34;0.71;0.04;0.63;0.31;0.00;0.83;0.69;0.0218;0.0674;1
57;57;Agent_1;orders came from the seed rule base (rules as-is);0;0;R7[0.07] R20[0.37] R26[0.34] G1[0.19] A1[0.53] G2[0.37];0.34;0.74;0.04;0.80;0.28;0.00;0.84;0.69;0.0217;0.0675;1
58;58;Agent_1;orders came from the seed rule base (rules as-is);0;0;R7[0.07] R20[0.37] R26[0.34] G1[0.19] A1[0.53];0.34;0.71;0.04;0.63;0.31;0.00;0.83;0.69;0.0218;0.0645;1
58;58;Agent_1;orders came from the seed rule base (rules as-is);0;0;R7[0.07] R20[0.37] R26[0.34] G1[0.19] A1[0.53] G2[0.37];0.34;0.74;0.04;0.80;0.28;0.00;0.84;0.69;0.0217;0.0647;1
59;59;Agent_1;orders came from the seed rule base (rules as-is);0;0;R7[0.07] R20[0.37] R26[0.34] G1[0.19] A1[0.53];0.34;0.71;0.04;0.63;0.31;0.00;0.83;0.69;0.0218;0.0351;1
59;59;Agent_1;orders came from the seed rule base (rules as-is);0;0;R7[0.07] R20[0.37] R26[0.34] G1[0.19] A1[0.53] G2[0.37];0.34;0.74;0.04;0.80;0.28;0.00;0.84;0.69;0.0217;0.0595;1
60;60;Agent_1;orders came from the seed rule base (rules as-is);0;0;R7[0.07] R20[0.37] R26[0.34] G1[0.19] A1[0.53];0.34;0.71;0.04;0.63;0.31;0.00;0.83;0.69;0.0227;0.0660;1
60;60;Agent_1;orders came from the seed rule base (rules as-is);0;0;R7[0.07] R20[0.37] R26[0.34] G1[0.19] A1[0.53] G2[0.37];0.34;0.74;0.04;0.80;0.28;0.00;0.84;0.69;0.0217;0.0849;1
61;61;Agent_1;orders came from the seed rule base (rules as-is);0;0;R7[0.07] R20[0.37] R26[0.34] G1[0.19] A1[0.53];0.34;0.71;0.04;0.63;0.31;0.00;0.83;0.69;0.0262;0.0586;1
61;61;Agent_1;orders came from the seed rule base (rules as-is);0;0;R7[0.07] R20[0.37] R26[0.34] G1[0.19] A1[0.53] G2[0.37];0.34;0.74;0.04;0.80;0.28;0.00;0.84;0.69;0.0226;0.0362;1
62;62;Agent_1;orders came from the seed rule base (rules as-is);0;0;R7[0.07] R20[0.37] R26[0.34] G1[0.19] A1[0.53];0.34;0.71;0.04;0.63;0.31;0.00;0.83;0.69;0.0279;0.0368;1
62;62;Agent_1;orders came from the seed rule base (rules as-is);0;0;R7[0.07] R20[0.37] R26[0.34] G1[0.19] A1[0.53] G2[0.37];0.34;0.74;0.04;0.80;0.28;0.00;0.84;0.69;0.0253;0.0378;1
63;63;Agent_1;orders came from the seed rule base (rules as-is);0;0;R7[0.07] R20[0.37] R26[0.34] G1[0.19] A1[0.53];0.34;0.71;0.04;0.63;0.31;0.00;0.83;0.69;0.0305;0.0343;1
63;63;Agent_1;orders came from the seed rule base (rules as-is);0;0;R7[0.07] R20[0.37] R26[0.34] G1[0.19] A1[0.53] G2[0.37];0.34;0.74;0.04;0.80;0.28;0.00;0.84;0.69;0.0253;0.0626;1
64;64;Agent_1;orders came from the seed rule base (rules as-is);0;0;R7[0.07] R20[0.37] R26[0.34] G1[0.19] A1[0.53];0.34;0.71;0.04;0.63;0.31;0.00;0.83;0.69;0.0288;0.0384;1
64;64;Agent_1;orders came from the seed rule base (rules as-is);0;0;R7[0.07] R20[0.37] R26[0.34] G1[0.19] A1[0.53] G2[0.37];0.34;0.74;0.04;0.80;0.28;0.00;0.84;0.69;0.0296;0.0362;1
65;65;Agent_1;orders came from the seed rule base (rules as-is);0;0;R7[0.07] R20[0.37] R26[0.34] G1[0.19] A1[0.53];0.00;0.00;0.00;0.00;0.31;0.00;0.83;0.69;0.0331;0.0385;1
65;65;Agent_1;orders came from the seed rule base (rules as-is);0;0;R7[0.07] R20[0.37] R26[0.34] G1[0.19] A1[0.53] G2[0.37];0.34;0.74;0.04;0.80;0.28;0.00;0.84;0.69;0.0288;0.0346;1
66;66;Agent_1;RL selected stage 1 [evFIS] (deficit bucket: low) → rejected (no improving perturbation found | seed-base decision stands, its orders are applied | NO-HARM: no PHYSICAL improvement forecast (phys 0.0678 vs 0.0653), offensive orders withheld; life-safety orders stand);1;0;R7[0.07] R20[0.37] R26[0.34] G1[0.19] A1[0.53];0.00;0.00;0.00;0.00;0.31;0.00;0.83;0.69;0.0539;0.0385;1
66;66;Agent_1;orders came from the seed rule base (rules as-is);0;0;R7[0.07] R20[0.37] R26[0.34] G1[0.19] A1[0.53] G2[0.37];0.34;0.74;0.04;0.80;0.28;0.00;0.84;0.69;0.0331;0.0371;1
67;67;Agent_1;orders came from the seed rule base (rules as-is);0;0;R7[0.07] R20[0.37] R26[0.34] G1[0.19] A1[0.53];0.00;0.00;0.00;0.00;0.31;0.00;0.83;0.69;0.0554;0.0401;1
67;67;Agent_1;orders came from the seed rule base (rules as-is);0;0;R7[0.07] R20[0.37] R26[0.34] G1[0.19] A1[0.53] G2[0.37];0.34;0.74;0.04;0.80;0.28;0.00;0.84;0.69;0.0331;0.0363;1
68;68;Agent_1;orders came from the seed rule base (rules as-is);0;0;R7[0.07] R20[0.37] R26[0.34] G1[0.19] A1[0.53];0.00;0.00;0.00;0.00;0.31;0.00;0.83;0.69;0.0585;0.0409;1
68;68;Agent_1;RL selected stage 1 [evFIS] (deficit bucket: low) → rejected (no improving perturbation found | seed-base decision stands, its orders are applied);1;0;R7[0.07] R20[0.37] R26[0.34] G1[0.19] A1[0.53] G2[0.37];0.34;0.74;0.04;0.80;0.28;0.00;0.84;0.69;0.0357;0.0371;1
69;69;Agent_1;orders came from the seed rule base (rules as-is);0;0;R7[0.07] R20[0.37] R26[0.34] G1[0.19] A1[0.53];0.00;0.00;0.00;0.00;0.31;0.00;0.83;0.69;0.0616;0.0441;1
69;69;Agent_1;orders came from the seed rule base (rules as-is);0;0;R7[0.07] R20[0.37] R26[0.34] G1[0.19] A1[0.53] G2[0.37];0.34;0.74;0.04;0.80;0.28;0.00;0.84;0.69;0.0340;0.0363;1
70;70;Agent_1;orders came from the seed rule base (rules as-is);0;0;R7[0.07] R20[0.37] R26[0.34] G1[0.19] A1[0.53];0.00;0.00;0.00;0.00;0.31;0.00;0.83;0.69;0.0631;0.0449;1
70;70;Agent_1;orders came from the seed rule base (rules as-is);0;0;R7[0.07] R20[0.37] R26[0.34] G1[0.19] A1[0.53] G2[0.37];0.34;0.74;0.04;0.80;0.28;0.00;0.84;0.69;0.0374;0.0735;1
71;71;Agent_1;orders came from the seed rule base (rules as-is);0;0;R7[0.07] R20[0.37] R26[0.34] G1[0.19] A1[0.53];0.00;0.00;0.00;0.00;0.31;0.00;0.83;0.69;0.0410;0.0457;1
71;71;Agent_1;orders came from the seed rule base (rules as-is);0;0;R7[0.07] R20[0.37] R26[0.34] G1[0.19] A1[0.53] G2[0.37];0.34;0.74;0.04;0.80;0.28;0.00;0.84;0.69;0.0255;0.0620;1
72;72;Agent_1;orders came from the seed rule base (rules as-is);0;0;R7[0.07] R20[0.37] R26[0.34] G1[0.19] A1[0.53];0.00;0.00;0.00;0.00;0.31;0.00;0.83;0.69;0.0410;0.0488;1
72;72;Agent_1;orders came from the seed rule base (rules as-is);0;0;R7[0.07] R20[0.37] R26[0.34] G1[0.19] A1[0.53] G2[0.37];0.34;0.74;0.04;0.80;0.28;0.00;0.84;0.69;0.0416;0.1036;1
73;73;Agent_1;orders came from the seed rule base (rules as-is);0;0;R7[0.07] R20[0.37] R26[0.34] G1[0.19] A1[0.53];0.00;0.00;0.00;0.00;0.31;0.00;0.83;0.69;0.0410;0.0488;1
73;73;Agent_1;orders came from the seed rule base (rules as-is);0;0;R7[0.07] R20[0.37] R26[0.34] G1[0.19] A1[0.53] G2[0.37];0.34;0.74;0.04;0.80;0.28;0.00;0.84;0.69;0.0432;0.0621;1
73;73;Agent_1;orders came from the seed rule base (rules as-is);0;0;R7[0.07] R20[0.37] R26[0.34] G1[0.19] A1[0.53];0.00;0.00;0.00;0.00;0.31;0.00;0.83;0.69;0.0410;0.0488;1
73;73;Agent_1;orders came from the seed rule base (rules as-is);0;0;R7[0.07] R20[0.37] R26[0.34] G1[0.19] A1[0.53] G2[0.37];0.34;0.74;0.04;0.80;0.28;0.00;0.84;0.69;0.0432;0.0621;1
73;73;Agent_1;orders came from the seed rule base (rules as-is);0;0;R7[0.07] R20[0.37] R26[0.34] G1[0.19] A1[0.53] G2[0.37];0.34;0.74;0.04;0.80;0.28;0.00;0.84;0.69;0.0432;0.0621;1
74;74;Agent_1;orders came from the seed rule base (rules as-is);0;0;R7[0.07] R20[0.37] R26[0.34] G1[0.19] A1[0.53];0.00;0.00;0.00;0.00;0.31;0.00;0.83;0.69;0.0410;0.0496;1
74;74;Agent_1;orders came from the seed rule base (rules as-is);0;0;R7[0.07] R20[0.37] R26[0.34] G1[0.19] A1[0.53] G2[0.37];0.34;0.74;0.04;0.80;0.28;0.00;0.84;0.69;0.0432;0.0348;1
75;75;Agent_1;orders came from the seed rule base (rules as-is);0;0;R7[0.07] R20[0.37] R26[0.34] G1[0.19] A1[0.53];0.00;0.00;0.00;0.00;0.31;0.00;0.83;0.69;0.0410;0.0511;1
75;75;Agent_1;orders came from the seed rule base (rules as-is);0;0;R7[0.07] R20[0.37] R26[0.34] G1[0.19] A1[0.53] G2[0.37];0.34;0.74;0.04;0.80;0.28;0.00;0.84;0.69;0.0559;0.0348;1
76;76;Agent_1;orders came from the seed rule base (rules as-is);0;0;R7[0.07] R20[0.37] R26[0.34] G1[0.19] A1[0.53];0.34;0.71;0.04;0.63;0.31;0.00;0.83;0.69;0.0410;0.0527;1
76;76;Agent_1;orders came from the seed rule base (rules as-is);0;0;R7[0.07] R20[0.37] R26[0.34] G1[0.19] A1[0.53] G2[0.37];0.34;0.74;0.04;0.80;0.28;0.00;0.83;0.69;0.0481;0.0981;1
77;77;Agent_1;RL selected stage 1 [evFIS] (deficit bucket: low) → rejected (no improving perturbation found | seed-base decision stands, its orders are applied);1;0;R7[0.07] R20[0.37] R26[0.34] G1[0.19] A1[0.53];0.34;0.71;0.04;0.63;0.31;0.00;0.83;0.69;0.0407;0.0344;1
77;77;Agent_1;orders came from the seed rule base (rules as-is);0;0;R7[0.07] R20[0.37] R26[0.34] G1[0.19] A1[0.53] G2[0.37];0.34;0.74;0.04;0.80;0.28;0.00;0.83;0.69;0.0449;0.0365;1
78;78;Agent_1;orders came from the seed rule base (rules as-is);0;0;R7[0.07] R20[0.37] R26[0.34] G1[0.19] A1[0.53];0.34;0.71;0.04;0.63;0.31;0.00;0.83;0.69;0.0407;0.0344;1
78;78;Agent_1;orders came from the seed rule base (rules as-is);0;0;R7[0.07] R20[0.37] R26[0.34] G1[0.19] A1[0.53] G2[0.37];0.34;0.74;0.04;0.80;0.28;0.00;0.83;0.69;0.0457;0.0687;1
79;79;Agent_1;orders came from the seed rule base (rules as-is);0;0;R7[0.07] R20[0.37] R26[0.34] G1[0.19] A1[0.53];0.34;0.71;0.04;0.63;0.31;0.00;0.83;0.69;0.0407;0.0417;1
79;79;Agent_1;RL selected stage 1 [evFIS] (deficit bucket: low) → rejected (no improving perturbation found | seed-base decision stands, its orders are applied);1;0;R7[0.07] R20[0.37] R26[0.34] G1[0.19] A1[0.53] G2[0.37];0.34;0.74;0.04;0.80;0.28;0.00;0.83;0.69;0.0481;0.0349;1
80;80;Agent_1;orders came from the seed rule base (rules as-is);0;0;R7[0.07] R20[0.37] R26[0.34] G1[0.19] A1[0.53];0.34;0.71;0.04;0.63;0.31;0.00;0.83;0.69;0.0407;0.0345;1
80;80;Agent_1;orders came from the seed rule base (rules as-is);0;0;R7[0.07] R20[0.37] R26[0.34] G1[0.19] A1[0.53] G2[0.37];0.34;0.74;0.04;0.80;0.28;0.00;0.83;0.69;0.0732;0.0629;1
81;81;Agent_1;orders came from the seed rule base (rules as-is);0;0;R7[0.07] R20[0.37] R26[0.34] G1[0.19] A1[0.53];0.34;0.71;0.04;0.63;0.31;0.00;0.83;0.69;0.0407;0.0345;1
81;81;Agent_1;orders came from the seed rule base (rules as-is);0;0;R7[0.07] R20[0.37] R26[0.34] G1[0.19] A1[0.53] G2[0.37];0.34;0.74;0.04;0.80;0.28;0.00;0.83;0.69;0.0622;0.0341;1
82;82;Agent_1;orders came from the seed rule base (rules as-is);0;0;R7[0.07] R20[0.37] R26[0.34] G1[0.19] A1[0.53];0.34;0.71;0.04;0.63;0.31;0.00;0.83;0.69;0.0407;0.0402;1
82;82;Agent_1;orders came from the seed rule base (rules as-is);0;0;R7[0.07] R20[0.37] R26[0.34] G1[0.19] A1[0.53] G2[0.37];0.00;0.00;0.00;0.00;0.28;0.00;0.83;0.69;0.0592;0.0341;1
83;83;Agent_1;orders came from the seed rule base (rules as-is);0;0;R7[0.07] R20[0.37] R26[0.34] G1[0.19] A1[0.53];0.34;0.71;0.04;0.63;0.31;0.00;0.83;0.69;0.0408;0.0426;1
83;83;Agent_1;orders came from the seed rule base (rules as-is);0;0;R7[0.07] R20[0.37] R26[0.34] G1[0.19] A1[0.53] G2[0.37];0.34;0.74;0.04;0.80;0.28;0.00;0.84;0.69;0.0404;0.0341;1
84;84;Agent_1;orders came from the seed rule base (rules as-is);0;0;R7[0.07] R20[0.37] R26[0.34] G1[0.19] A1[0.53];0.34;0.71;0.04;0.63;0.31;0.00;0.83;0.69;0.0407;0.0345;1
84;84;Agent_1;orders came from the seed rule base (rules as-is);0;0;R7[0.07] R20[0.37] R26[0.34] G1[0.19] A1[0.53] G2[0.37];0.34;0.74;0.04;0.80;0.28;0.00;0.84;0.69;0.0401;0.0341;1
85;85;Agent_1;orders came from the seed rule base (rules as-is);0;0;R7[0.07] R20[0.37] R26[0.34] G1[0.19] A1[0.53];0.34;0.71;0.04;0.63;0.31;0.00;0.83;0.69;0.0408;0.0345;1
85;85;Agent_1;orders came from the seed rule base (rules as-is);0;0;R7[0.07] R20[0.37] R26[0.34] G1[0.19] A1[0.53] G2[0.37];0.34;0.74;0.04;0.80;0.28;0.00;0.83;0.69;0.0401;0.0342;1
86;86;Agent_1;orders came from the seed rule base (rules as-is);0;0;R7[0.07] R20[0.37] R26[0.34] G1[0.19] A1[0.53];0.34;0.71;0.04;0.63;0.31;0.00;0.83;0.69;0.0408;0.0346;1
86;86;Agent_1;orders came from the seed rule base (rules as-is);0;0;R7[0.07] R20[0.37] R26[0.34] G1[0.19] A1[0.53] G2[0.37];0.34;0.74;0.04;0.80;0.28;0.00;0.83;0.69;0.0401;0.0342;1
87;87;Agent_1;orders came from the seed rule base (rules as-is);0;0;R7[0.07] R20[0.37] R26[0.34] G1[0.19] A1[0.53];0.34;0.71;0.04;0.63;0.31;0.00;0.83;0.69;0.0408;0.0498;1
87;87;Agent_1;orders came from the seed rule base (rules as-is);0;0;R7[0.07] R20[0.37] R26[0.34] G1[0.19] A1[0.53] G2[0.37];0.34;0.74;0.04;0.80;0.28;0.00;0.83;0.69;0.0401;0.0342;1
88;88;Agent_1;RL selected stage 3 [GenAI] (deficit bucket: low) → ACCEPTED: G2: G2: IF asset exposure risk is VH AND intervention urgency is VH THEN asset protection 0.8, resource deployment 0.6 (adaptation-born: generative (template), gates G1-G4);3;3;R7[0.07] R20[0.37] R26[0.34] G1[0.19] A1[0.53] G2[0.37];0.34;0.74;0.04;0.82;0.31;0.00;0.83;0.69;0.0405;0.0346;1
88;88;Agent_1;orders came from the seed rule base (rules as-is);0;0;R7[0.07] R20[0.37] R26[0.34] G1[0.19] A1[0.53] G2[0.37];0.34;0.74;0.04;0.80;0.28;0.00;0.83;0.69;0.0401;0.0342;1
89;89;Agent_1;orders came from the seed rule base (rules as-is);0;0;R7[0.07] R20[0.37] R26[0.34] G1[0.19] A1[0.53] G2[0.37];0.34;0.74;0.04;0.82;0.31;0.00;0.83;0.69;0.0405;0.0451;1
89;89;Agent_1;RL selected stage 1 [evFIS] (deficit bucket: low) → rejected (no improving perturbation found | seed-base decision stands, its orders are applied);1;0;R7[0.07] R20[0.37] R26[0.34] G1[0.19] A1[0.53] G2[0.37];0.34;0.74;0.04;0.80;0.28;0.00;0.83;0.69;0.0402;0.0342;1
90;90;Agent_1;orders came from the seed rule base (rules as-is);0;0;R7[0.07] R20[0.37] R26[0.34] G1[0.19] A1[0.53] G2[0.37];0.34;0.74;0.04;0.82;0.31;0.00;0.83;0.69;0.0406;0.0346;1
90;90;Agent_1;orders came from the seed rule base (rules as-is);0;0;R7[0.07] R20[0.37] R26[0.34] G1[0.19] A1[0.53] G2[0.37];0.34;0.74;0.04;0.80;0.28;0.00;0.83;0.69;0.0402;0.0343;1
91;91;Agent_1;orders came from the seed rule base (rules as-is);0;0;R7[0.07] R20[0.37] R26[0.34] G1[0.19] A1[0.53] G2[0.37];0.34;0.74;0.04;0.82;0.31;0.00;0.83;0.69;0.0406;0.0467;1
91;91;Agent_1;orders came from the seed rule base (rules as-is);0;0;R7[0.07] R20[0.37] R26[0.34] G1[0.19] A1[0.53] G2[0.37];0.34;0.74;0.04;0.80;0.28;0.00;0.83;0.69;0.0402;0.0343;1
92;92;Agent_1;orders came from the seed rule base (rules as-is);0;0;R7[0.07] R20[0.37] R26[0.34] G1[0.19] A1[0.53] G2[0.37];0.34;0.74;0.04;0.82;0.31;0.00;0.83;0.69;0.0406;0.0347;1
92;92;Agent_1;orders came from the seed rule base (rules as-is);0;0;R7[0.07] R20[0.37] R26[0.34] G1[0.19] A1[0.53] G2[0.37];0.34;0.74;0.04;0.80;0.28;0.00;0.83;0.69;0.0402;0.0343;1
93;93;Agent_1;orders came from the seed rule base (rules as-is);0;0;R7[0.07] R20[0.37] R26[0.34] G1[0.19] A1[0.53] G2[0.37];0.34;0.74;0.04;0.82;0.31;0.00;0.83;0.69;0.0406;0.0468;1
93;93;Agent_1;orders came from the seed rule base (rules as-is);0;0;R7[0.07] R20[0.37] R26[0.34] G1[0.19] A1[0.53] G2[0.37];0.34;0.74;0.04;0.80;0.28;0.00;0.83;0.69;0.0402;0.0343;1
94;94;Agent_1;orders came from the seed rule base (rules as-is);0;0;R7[0.07] R20[0.37] R26[0.34] G1[0.19] A1[0.53] G2[0.37];0.34;0.74;0.04;0.82;0.31;0.00;0.83;0.69;0.0406;0.0483;1
94;94;Agent_1;orders came from the seed rule base (rules as-is);0;0;R7[0.07] R20[0.37] R26[0.34] G1[0.19] A1[0.53] G2[0.37];0.34;0.74;0.04;0.80;0.28;0.00;0.83;0.69;0.0403;0.0343;1
95;95;Agent_1;orders came from the seed rule base (rules as-is);0;0;R7[0.07] R20[0.37] R26[0.34] G1[0.19] A1[0.53] G2[0.37];0.34;0.74;0.04;0.82;0.31;0.00;0.83;0.69;0.0406;0.0507;1
95;95;Agent_1;orders came from the seed rule base (rules as-is);0;0;R7[0.07] R20[0.37] R26[0.34] G1[0.19] A1[0.53] G2[0.37];0.34;0.74;0.04;0.80;0.28;0.00;0.83;0.69;0.0403;0.0344;1
96;96;Agent_1;orders came from the seed rule base (rules as-is);0;0;R7[0.07] R20[0.37] R26[0.34] G1[0.19] A1[0.53] G2[0.37];0.34;0.74;0.04;0.82;0.31;0.00;0.83;0.69;0.0407;0.0515;1
96;96;Agent_1;orders came from the seed rule base (rules as-is);0;0;R7[0.07] R20[0.37] R26[0.34] G1[0.19] A1[0.53] G2[0.37];0.34;0.74;0.04;0.80;0.28;0.00;0.83;0.69;0.0403;0.0344;1
97;97;Agent_1;orders came from the seed rule base (rules as-is);0;0;R7[0.07] R20[0.37] R26[0.34] G1[0.19] A1[0.53] G2[0.37];0.34;0.74;0.04;0.82;0.31;0.00;0.83;0.69;0.0407;0.0484;1
97;97;Agent_1;orders came from the seed rule base (rules as-is);0;0;R7[0.07] R20[0.37] R26[0.34] G1[0.19] A1[0.53] G2[0.37];0.34;0.74;0.04;0.80;0.28;0.00;0.83;0.69;0.0403;0.0344;1
98;98;Agent_1;orders came from the seed rule base (rules as-is);0;0;R7[0.07] R20[0.37] R26[0.34] G1[0.19] A1[0.53] G2[0.37];0.34;0.74;0.04;0.82;0.31;0.00;0.83;0.69;0.0407;0.0500;1
98;98;Agent_1;orders came from the seed rule base (rules as-is);0;0;R7[0.07] R20[0.37] R26[0.34] G1[0.19] A1[0.53] G2[0.37];0.34;0.74;0.04;0.80;0.28;0.00;0.83;0.69;0.0403;0.0344;1
99;99;Agent_1;orders came from the seed rule base (rules as-is);0;0;R7[0.07] R20[0.37] R26[0.34] G1[0.19] A1[0.53] G2[0.37];0.34;0.74;0.04;0.82;0.31;0.00;0.83;0.69;0.0407;0.0500;1
99;99;Agent_1;RL selected stage 1 [evFIS] (deficit bucket: low) → rejected (no improving perturbation found | seed-base decision stands, its orders are applied);1;0;R7[0.07] R20[0.37] R26[0.34] G1[0.19] A1[0.53] G2[0.37];0.34;0.74;0.04;0.80;0.28;0.00;0.83;0.69;0.0403;0.0344;1
100;100;Agent_1;RL selected stage 1 [evFIS] (deficit bucket: low) → rejected (no improving perturbation found | seed-base decision stands, its orders are applied);1;0;R7[0.07] R20[0.37] R26[0.34] G1[0.19] A1[0.53] G2[0.37];0.34;0.74;0.04;0.82;0.31;0.00;0.83;0.69;0.0407;0.0348;1
100;100;Agent_1;orders came from the seed rule base (rules as-is);0;0;R7[0.07] R20[0.37] R26[0.34] G1[0.19] A1[0.53] G2[0.37];0.34;0.74;0.04;0.80;0.28;0.00;0.83;0.69;0.0404;0.0345;1
101;101;Agent_1;orders came from the seed rule base (rules as-is);0;0;R7[0.07] R20[0.37] R26[0.34] G1[0.19] A1[0.53] G2[0.37];0.34;0.74;0.04;0.82;0.31;0.00;0.83;0.69;0.0408;0.0516;1
101;101;Agent_1;orders came from the seed rule base (rules as-is);0;0;R7[0.07] R20[0.37] R26[0.34] G1[0.19] A1[0.53] G2[0.37];0.34;0.74;0.04;0.80;0.28;0.00;0.83;0.69;0.0404;0.0345;1
102;102;Agent_1;orders came from the seed rule base (rules as-is);0;0;R7[0.07] R20[0.37] R26[0.34] G1[0.19] A1[0.53] G2[0.37];0.34;0.74;0.04;0.82;0.31;0.00;0.83;0.69;0.0408;0.0516;1
102;102;Agent_1;orders came from the seed rule base (rules as-is);0;0;R7[0.07] R20[0.37] R26[0.34] G1[0.19] A1[0.53] G2[0.37];0.34;0.74;0.04;0.80;0.28;0.00;0.83;0.69;0.0404;0.0345;1
103;103;Agent_1;orders came from the seed rule base (rules as-is);0;0;R7[0.07] R20[0.37] R26[0.34] G1[0.19] A1[0.53] G2[0.37];0.34;0.74;0.04;0.82;0.31;0.00;0.83;0.69;0.0408;0.0349;1
103;103;Agent_1;orders came from the seed rule base (rules as-is);0;0;R7[0.07] R20[0.37] R26[0.34] G1[0.19] A1[0.53] G2[0.37];0.34;0.74;0.04;0.80;0.28;0.00;0.83;0.69;0.0404;0.0345;1
104;104;Agent_1;orders came from the seed rule base (rules as-is);0;0;R7[0.07] R20[0.37] R26[0.34] G1[0.19] A1[0.53] G2[0.37];0.34;0.74;0.04;0.82;0.31;0.00;0.83;0.69;0.0408;0.0524;1
104;104;Agent_1;orders came from the seed rule base (rules as-is);0;0;R7[0.07] R20[0.37] R26[0.34] G1[0.19] A1[0.53] G2[0.37];0.34;0.74;0.04;0.80;0.28;0.00;0.83;0.69;0.0404;0.0345;1
105;105;Agent_1;orders came from the seed rule base (rules as-is);0;0;R7[0.07] R20[0.37] R26[0.34] G1[0.19] A1[0.53] G2[0.37];0.34;0.74;0.04;0.82;0.31;0.00;0.83;0.69;0.0408;0.0349;1
105;105;Agent_1;orders came from the seed rule base (rules as-is);0;0;R7[0.07] R20[0.37] R26[0.34] G1[0.19] A1[0.53] G2[0.37];0.34;0.74;0.04;0.80;0.28;0.00;0.83;0.69;0.0405;0.0346;1
106;106;Agent_1;orders came from the seed rule base (rules as-is);0;0;R7[0.07] R20[0.37] R26[0.34] G1[0.19] A1[0.53] G2[0.37];0.34;0.74;0.04;0.82;0.31;0.00;0.83;0.69;0.0409;0.0350;1
106;106;Agent_1;orders came from the seed rule base (rules as-is);0;0;R7[0.07] R20[0.37] R26[0.34] G1[0.19] A1[0.53] G2[0.37];0.34;0.74;0.04;0.80;0.28;0.00;0.83;0.69;0.0405;0.0346;1
107;107;Agent_1;orders came from the seed rule base (rules as-is);0;0;R7[0.07] R20[0.37] R26[0.34] G1[0.19] A1[0.53] G2[0.37];0.34;0.74;0.04;0.82;0.31;0.00;0.83;0.69;0.0409;0.0563;1
107;107;Agent_1;orders came from the seed rule base (rules as-is);0;0;R7[0.07] R20[0.37] R26[0.34] G1[0.19] A1[0.53] G2[0.37];0.34;0.74;0.04;0.80;0.28;0.00;0.83;0.69;0.0405;0.0346;1
108;108;Agent_1;orders came from the seed rule base (rules as-is);0;0;R7[0.07] R20[0.37] R26[0.34] G1[0.19] A1[0.53] G2[0.37];0.34;0.74;0.04;0.82;0.31;0.00;0.83;0.69;0.0409;0.0350;1
108;108;Agent_1;orders came from the seed rule base (rules as-is);0;0;R7[0.07] R20[0.37] R26[0.34] G1[0.19] A1[0.53] G2[0.37];0.34;0.74;0.04;0.80;0.28;0.00;0.83;0.69;0.0405;0.0346;1
109;109;Agent_1;orders came from the seed rule base (rules as-is);0;0;R7[0.07] R20[0.37] R26[0.34] G1[0.19] A1[0.53] G2[0.37];0.34;0.74;0.04;0.82;0.31;0.00;0.83;0.69;0.0409;0.0350;1
109;109;Agent_1;RL selected stage 1 [evFIS] (deficit bucket: low) → rejected (no improving perturbation found | seed-base decision stands, its orders are applied);1;0;R7[0.07] R20[0.37] R26[0.34] G1[0.19] A1[0.53] G2[0.37];0.34;0.74;0.04;0.80;0.28;0.00;0.83;0.69;0.0405;0.0346;1
110;110;Agent_1;RL selected stage 1 [evFIS] (deficit bucket: low) → rejected (no improving perturbation found | seed-base decision stands, its orders are applied);1;0;R7[0.07] R20[0.37] R26[0.34] G1[0.19] A1[0.53] G2[0.37];0.34;0.74;0.04;0.82;0.31;0.00;0.83;0.69;0.0409;0.0350;1
110;110;Agent_1;orders came from the seed rule base (rules as-is);0;0;R7[0.07] R20[0.37] R26[0.34] G1[0.19] A1[0.53] G2[0.37];0.34;0.74;0.04;0.80;0.28;0.00;0.83;0.69;0.0406;0.0347;1
111;111;Agent_1;orders came from the seed rule base (rules as-is);0;0;R7[0.07] R20[0.37] R26[0.34] G1[0.19] A1[0.53] G2[0.37];0.34;0.74;0.04;0.82;0.31;0.00;0.83;0.69;0.0410;0.0351;1
111;111;Agent_1;orders came from the seed rule base (rules as-is);0;0;R7[0.07] R20[0.37] R26[0.34] G1[0.19] A1[0.53] G2[0.37];0.34;0.74;0.04;0.80;0.28;0.00;0.83;0.69;0.0406;0.0347;1
112;112;Agent_1;orders came from the seed rule base (rules as-is);0;0;R7[0.07] R20[0.37] R26[0.34] G1[0.19] A1[0.53] G2[0.37];0.34;0.74;0.04;0.82;0.31;0.00;0.83;0.69;0.0410;0.0533;1
112;112;Agent_1;orders came from the seed rule base (rules as-is);0;0;R7[0.07] R20[0.37] R26[0.34] G1[0.19] A1[0.53] G2[0.37];0.34;0.74;0.04;0.80;0.28;0.00;0.83;0.69;0.0406;0.0347;1
113;113;Agent_1;orders came from the seed rule base (rules as-is);0;0;R7[0.07] R20[0.37] R26[0.34] G1[0.19] A1[0.53] G2[0.37];0.34;0.74;0.04;0.82;0.31;0.00;0.83;0.69;0.0410;0.0572;1
113;113;Agent_1;orders came from the seed rule base (rules as-is);0;0;R7[0.07] R20[0.37] R26[0.34] G1[0.19] A1[0.53] G2[0.37];0.34;0.74;0.04;0.80;0.28;0.00;0.83;0.69;0.0406;0.0347;1
114;114;Agent_1;orders came from the seed rule base (rules as-is);0;0;R7[0.07] R20[0.37] R26[0.34] G1[0.19] A1[0.53] G2[0.37];0.34;0.74;0.04;0.82;0.31;0.00;0.83;0.69;0.0410;0.0351;1
114;114;Agent_1;orders came from the seed rule base (rules as-is);0;0;R7[0.07] R20[0.37] R26[0.34] G1[0.19] A1[0.53] G2[0.37];0.34;0.74;0.04;0.80;0.28;0.00;0.83;0.69;0.0406;0.0347;1
115;115;Agent_1;orders came from the seed rule base (rules as-is);0;0;R7[0.07] R20[0.37] R26[0.34] G1[0.19] A1[0.53] G2[0.37];0.34;0.74;0.04;0.82;0.31;0.00;0.83;0.69;0.0410;0.0351;1
115;115;Agent_1;orders came from the seed rule base (rules as-is);0;0;R7[0.07] R20[0.37] R26[0.34] G1[0.19] A1[0.53] G2[0.37];0.34;0.74;0.04;0.80;0.28;0.00;0.83;0.69;0.0407;0.0348;1
116;116;Agent_1;orders came from the seed rule base (rules as-is);0;0;R7[0.07] R20[0.37] R26[0.34] G1[0.19] A1[0.53] G2[0.37];0.34;0.74;0.04;0.82;0.31;0.00;0.83;0.69;0.0411;0.0352;1
116;116;Agent_1;orders came from the seed rule base (rules as-is);0;0;R7[0.07] R20[0.37] R26[0.34] G1[0.19] A1[0.53] G2[0.37];0.34;0.74;0.04;0.80;0.28;0.00;0.83;0.69;0.0406;0.0348;1
117;117;Agent_1;orders came from the seed rule base (rules as-is);0;0;R7[0.07] R20[0.37] R26[0.34] G1[0.19] A1[0.53] G2[0.37];0.34;0.74;0.04;0.82;0.31;0.00;0.83;0.69;0.0411;0.0352;1
117;117;Agent_1;orders came from the seed rule base (rules as-is);0;0;R7[0.07] R20[0.37] R26[0.34] G1[0.19] A1[0.53] G2[0.37];0.34;0.74;0.04;0.80;0.28;0.00;0.83;0.69;0.0407;0.0348;1
118;118;Agent_1;orders came from the seed rule base (rules as-is);0;0;R7[0.07] R20[0.37] R26[0.34] G1[0.19] A1[0.53] G2[0.37];0.34;0.74;0.04;0.82;0.31;0.00;0.83;0.69;0.0411;0.0535;1
118;118;Agent_1;orders came from the seed rule base (rules as-is);0;0;R7[0.07] R20[0.37] R26[0.34] G1[0.19] A1[0.53] G2[0.37];0.34;0.74;0.04;0.80;0.28;0.00;0.83;0.69;0.0406;0.0348;1
119;119;Agent_1;RL selected stage 1 [evFIS] (deficit bucket: low) → ACCEPTED: A1 consequents -0.05;1;1;R7[0.07] R20[0.32] R26[0.25] G1[0.29] A1[0.53] G2[0.32];0.25;0.70;0.04;0.80;0.28;0.00;0.82;0.69;0.0181;0.0352;1
119;119;Agent_1;RL selected stage 1 [evFIS] (deficit bucket: low) → rejected (no improving perturbation found | seed-base decision stands, its orders are applied);1;0;R7[0.07] R20[0.37] R26[0.34] G1[0.19] A1[0.53] G2[0.37];0.34;0.74;0.04;0.80;0.28;0.00;0.83;0.69;0.0407;0.0348;1
120;120;Agent_1;orders came from the seed rule base (rules as-is);0;0;R7[0.07] R20[0.52] R26[0.32] G1[0.22] A1[0.53] G2[0.52];0.32;0.75;0.04;0.81;0.28;0.00;0.81;0.69;0.2925;0.2935;1
120;120;Agent_1;orders came from the seed rule base (rules as-is);0;0;R7[0.07] R20[0.37] R26[0.34] G1[0.19] A1[0.53] G2[0.37];0.34;0.74;0.04;0.80;0.28;0.00;0.83;0.69;0.0405;0.0348;1
121;121;Agent_1;orders came from the seed rule base (rules as-is);0;0;R7[0.07] R20[0.58] R26[0.34] G1[0.20] A1[0.53] G2[0.58];0.34;0.75;0.04;0.81;0.28;0.00;0.82;0.69;0.2921;0.2934;1
121;121;Agent_1;orders came from the seed rule base (rules as-is);0;0;R7[0.07] R20[0.37] R26[0.34] G1[0.19] A1[0.53] G2[0.37];0.34;0.74;0.04;0.80;0.28;0.00;0.83;0.69;0.0406;0.0349;1
122;122;Agent_1;orders came from the seed rule base (rules as-is);0;0;R7[0.07] R20[0.60] R26[0.34] G1[0.19] A1[0.53] G2[0.60];0.34;0.76;0.04;0.81;0.28;0.00;0.82;0.69;0.2928;0.2932;1
122;122;Agent_1;orders came from the seed rule base (rules as-is);0;0;R7[0.07] R20[0.37] R26[0.34] G1[0.19] A1[0.53] G2[0.37];0.34;0.74;0.04;0.80;0.28;0.00;0.83;0.69;0.0405;0.0349;1
123;123;Agent_1;orders came from the seed rule base (rules as-is);0;0;R7[0.07] R20[0.60] R26[0.34] G1[0.19] A1[0.53] G2[0.60];0.34;0.76;0.04;0.81;0.28;0.00;0.82;0.69;0.2924;0.2930;1
123;123;Agent_1;orders came from the seed rule base (rules as-is);0;0;R7[0.07] R20[0.37] R26[0.34] G1[0.19] A1[0.53] G2[0.37];0.34;0.74;0.04;0.80;0.28;0.00;0.83;0.69;0.0402;0.0349;1
124;124;Agent_1;orders came from the seed rule base (rules as-is);0;0;R7[0.07] R20[0.60] R26[0.34] G1[0.19] A1[0.53] G2[0.60];0.34;0.76;0.04;0.81;0.28;0.00;0.82;0.69;0.2925;0.2931;1
124;124;Agent_1;orders came from the seed rule base (rules as-is);0;0;R7[0.07] R20[0.25] R26[0.10] G1[0.48] A1[0.53] G2[0.25];0.10;0.61;0.04;0.80;0.28;0.00;0.84;0.69;0.0416;0.0349;1
0;0;Agent_1;RL selected stage 3 [GenAI] (deficit bucket: low) → ACCEPTED: G1: G1: IF asset exposure risk is VH AND intervention urgency is VL THEN asset protection 0.8, resource deployment 0.4 (adaptation-born: generative (template), gates G1-G4);3;3;R7[0.07] R20[0.19] G1[0.38];0.00;0.33;0.04;0.36;0.00;0.00;0.73;0.00;0.2898;0.2819;1
0;0;Agent_1;RL selected stage 1 [evFIS] (deficit bucket: low) → rejected (no improving perturbation found | seed-base decision stands, its orders are applied);1;0;R7[0.07] R20[0.19] G1[0.54] A1[0.53];0.00;0.39;0.04;0.81;0.31;0.00;0.87;0.00;0.1791;0.1718;1
0;0;Agent_1;orders came from the seed rule base (rules as-is);0;0;R7[0.07] R20[0.19] G1[0.54] A1[0.53] G2[0.19];0.00;0.51;0.04;0.81;0.31;0.00;0.84;0.00;0.1784;0.1718;1
0;0;Agent_1;RL selected stage 1 [evFIS] (deficit bucket: low) → rejected (no improving perturbation found | seed-base decision stands, its orders are applied);1;0;R7[0.07] R20[0.19] G1[0.54] A1[0.53] G2[0.19];0.00;0.51;0.04;0.79;0.28;0.00;0.84;0.00;0.1784;0.1718;1
0;0;Agent_1;RL selected stage 1 [evFIS] (deficit bucket: low) → rejected (no improving perturbation found | seed-base decision stands, its orders are applied);1;0;R7[0.07] R20[0.19] G1[0.54] A1[0.53] G2[0.19];0.00;0.51;0.04;0.79;0.28;0.00;0.84;0.00;0.2260;0.2194;1
1;1;Agent_1;orders came from the seed rule base (rules as-is);0;0;R7[0.07] R20[0.17] G1[0.34];0.00;0.30;0.04;0.33;0.00;0.00;0.76;0.00;0.2941;0.2843;1
1;1;Agent_1;orders came from the seed rule base (rules as-is);0;0;R7[0.07] R20[0.20] G1[0.58] A1[0.53];0.00;0.42;0.04;0.81;0.31;0.00;0.88;0.69;0.1848;0.1775;1
1;1;Agent_1;orders came from the seed rule base (rules as-is);0;0;R7[0.07] R20[0.20] G1[0.58] A1[0.53] G2[0.20];0.00;0.54;0.04;0.83;0.33;0.00;0.85;0.69;0.1849;0.1775;1
1;1;Agent_1;orders came from the seed rule base (rules as-is);0;0;R7[0.07] R20[0.20] G1[0.58] A1[0.53] G2[0.20];0.00;0.54;0.04;0.79;0.28;0.00;0.84;0.69;0.1849;0.1775;1
1;1;Agent_1;orders came from the seed rule base (rules as-is);0;0;R7[0.07] R20[0.20] G1[0.58] A1[0.53] G2[0.20];0.00;0.54;0.04;0.79;0.28;0.00;0.84;0.69;0.2299;0.2242;1
2;2;Agent_1;orders came from the seed rule base (rules as-is);0;0;R7[0.07] R20[0.16] G1[0.32];0.00;0.28;0.04;0.32;0.00;0.00;0.70;0.12;0.2958;0.2861;1
2;2;Agent_1;orders came from the seed rule base (rules as-is);0;0;R7[0.07] R20[0.32] R26[0.25] G1[0.30] A1[0.53];0.25;0.63;0.04;0.72;0.31;0.00;0.86;0.69;0.0870;0.1832;1
2;2;Agent_1;orders came from the seed rule base (rules as-is);0;0;R7[0.07] R20[0.32] R26[0.25] G1[0.30] A1[0.53] G2[0.32];0.25;0.70;0.04;0.80;0.28;0.00;0.83;0.69;0.0199;0.1836;1
2;2;Agent_1;orders came from the seed rule base (rules as-is);0;0;R7[0.07] R20[0.32] R26[0.25] G1[0.30] A1[0.53] G2[0.32];0.25;0.70;0.04;0.80;0.28;0.00;0.83;0.69;0.0560;0.2297;1
3;3;Agent_1;orders came from the seed rule base (rules as-is);0;0;R7[0.07] R20[0.17] R26[0.04] G1[0.25];0.04;0.30;0.04;0.26;0.00;0.00;0.62;0.12;0.3009;0.2878;1
3;3;Agent_1;orders came from the seed rule base (rules as-is);0;0;R7[0.07] R20[0.35] R26[0.32] G1[0.22] A1[0.53];0.32;0.69;0.04;0.66;0.31;0.00;0.84;0.69;0.0200;0.1847;1
3;3;Agent_1;orders came from the seed rule base (rules as-is);0;0;R7[0.07] R20[0.35] R26[0.32] G1[0.22] A1[0.53] G2[0.35];0.32;0.73;0.04;0.80;0.28;0.00;0.83;0.69;0.0197;0.1847;1
3;3;Agent_1;orders came from the seed rule base (rules as-is);0;0;R7[0.07] R20[0.35] R26[0.32] G1[0.22] A1[0.53] G2[0.35];0.32;0.73;0.04;0.80;0.28;0.00;0.83;0.69;0.0566;0.2311;1
4;4;Agent_1;orders came from the seed rule base (rules as-is);0;0;R7[0.07] R20[0.18] R26[0.08] G1[0.20];0.08;0.32;0.04;0.22;0.00;0.00;0.61;0.12;0.3027;0.2885;1
4;4;Agent_1;orders came from the seed rule base (rules as-is);0;0;R7[0.07] R20[0.36] R26[0.34] G1[0.20] A1[0.53];0.34;0.71;0.04;0.64;0.31;0.00;0.84;0.69;0.0200;0.1867;1
4;4;Agent_1;orders came from the seed rule base (rules as-is);0;0;R7[0.07] R20[0.36] R26[0.34] G1[0.20] A1[0.53] G2[0.36];0.34;0.74;0.04;0.80;0.28;0.00;0.84;0.69;0.0197;0.1867;1
4;4;Agent_1;orders came from the seed rule base (rules as-is);0;0;R7[0.07] R20[0.36] R26[0.34] G1[0.20] A1[0.53] G2[0.36];0.34;0.74;0.04;0.80;0.28;0.00;0.83;0.69;0.0581;0.2323;1
5;5;Agent_1;orders came from the seed rule base (rules as-is);0;0;R7[0.07] R20[0.19] R26[0.11] G1[0.16];0.11;0.34;0.04;0.19;0.00;0.00;0.60;0.12;0.3054;0.2902;1
5;5;Agent_1;orders came from the seed rule base (rules as-is);0;0;R7[0.07] R20[0.36] R26[0.34] G1[0.19] A1[0.53];0.34;0.71;0.04;0.64;0.31;0.00;0.83;0.69;0.0200;0.1927;1
5;5;Agent_1;orders came from the seed rule base (rules as-is);0;0;R7[0.07] R20[0.36] R26[0.34] G1[0.19] A1[0.53] G2[0.36];0.34;0.74;0.04;0.80;0.28;0.00;0.84;0.69;0.0197;0.1933;1
5;5;Agent_1;orders came from the seed rule base (rules as-is);0;0;R7[0.07] R20[0.36] R26[0.34] G1[0.19] A1[0.53] G2[0.36];0.34;0.74;0.04;0.80;0.28;0.00;0.84;0.69;0.0597;0.2312;1
6;6;Agent_1;orders came from the seed rule base (rules as-is);0;0;R7[0.07] R20[0.20] R26[0.13] G1[0.13];0.13;0.34;0.04;0.16;0.00;0.00;0.60;0.12;0.3059;0.2906;1
6;6;Agent_1;orders came from the seed rule base (rules as-is);0;0;R7[0.07] R20[0.37] R26[0.34] G1[0.19] A1[0.53];0.34;0.71;0.04;0.63;0.31;0.00;0.83;0.69;0.0200;0.1898;1
6;6;Agent_1;orders came from the seed rule base (rules as-is);0;0;R7[0.07] R20[0.37] R26[0.34] G1[0.19] A1[0.53] G2[0.37];0.34;0.74;0.04;0.80;0.28;0.00;0.84;0.69;0.0197;0.1888;1
6;6;Agent_1;orders came from the seed rule base (rules as-is);0;0;R7[0.07] R20[0.37] R26[0.34] G1[0.19] A1[0.53] G2[0.37];0.34;0.74;0.04;0.80;0.28;0.00;0.84;0.69;0.0619;0.2347;1
7;7;Agent_1;orders came from the seed rule base (rules as-is);0;0;R7[0.07] R20[0.20] R26[0.14] G1[0.10];0.14;0.35;0.04;0.14;0.00;0.00;0.59;0.12;0.3075;0.2914;1
7;7;Agent_1;orders came from the seed rule base (rules as-is);0;0;R7[0.07] R20[0.37] R26[0.34] G1[0.19] A1[0.53];0.34;0.71;0.04;0.63;0.31;0.00;0.83;0.69;0.0200;0.1908;1
7;7;Agent_1;orders came from the seed rule base (rules as-is);0;0;R7[0.07] R20[0.37] R26[0.34] G1[0.19] A1[0.53] G2[0.37];0.34;0.74;0.04;0.80;0.28;0.00;0.84;0.69;0.0197;0.1908;1
7;7;Agent_1;orders came from the seed rule base (rules as-is);0;0;R7[0.07] R20[0.37] R26[0.34] G1[0.19] A1[0.53] G2[0.37];0.34;0.74;0.04;0.80;0.28;0.00;0.84;0.69;0.0605;0.2322;1
8;8;Agent_1;orders came from the seed rule base (rules as-is);0;0;R7[0.07] R20[0.20] R26[0.16] G1[0.08];0.15;0.35;0.04;0.12;0.00;0.00;0.59;0.12;0.3082;0.2921;1
8;8;Agent_1;orders came from the seed rule base (rules as-is);0;0;R7[0.07] R20[0.37] R26[0.34] G1[0.19] A1[0.53];0.34;0.71;0.04;0.63;0.31;0.00;0.83;0.69;0.0200;0.1878;1
8;8;Agent_1;orders came from the seed rule base (rules as-is);0;0;R7[0.07] R20[0.37] R26[0.34] G1[0.19] A1[0.53] G2[0.37];0.34;0.74;0.04;0.80;0.28;0.00;0.84;0.69;0.0198;0.1855;1
8;8;Agent_1;orders came from the seed rule base (rules as-is);0;0;R7[0.07] R20[0.37] R26[0.34] G1[0.19] A1[0.53] G2[0.37];0.34;0.74;0.04;0.80;0.28;0.00;0.84;0.69;0.0620;0.2332;1
9;9;Agent_1;orders came from the seed rule base (rules as-is);0;0;R7[0.07] R20[0.21] R26[0.17] G1[0.06];0.16;0.36;0.04;0.11;0.00;0.00;0.59;0.12;0.3090;0.2926;1
9;9;Agent_1;orders came from the seed rule base (rules as-is);0;0;R7[0.07] R20[0.37] R26[0.34] G1[0.19] A1[0.53];0.34;0.71;0.04;0.63;0.31;0.00;0.83;0.69;0.0200;0.1885;1
9;9;Agent_1;orders came from the seed rule base (rules as-is);0;0;R7[0.07] R20[0.37] R26[0.34] G1[0.19] A1[0.53] G2[0.37];0.34;0.74;0.04;0.80;0.28;0.00;0.84;0.69;0.0198;0.1875;1
9;9;Agent_1;orders came from the seed rule base (rules as-is);0;0;R7[0.07] R20[0.37] R26[0.34] G1[0.19] A1[0.53] G2[0.37];0.34;0.74;0.04;0.80;0.28;0.00;0.84;0.69;0.0613;0.2301;1
10;10;Agent_1;RL selected stage 2 [resolution increase] (deficit bucket: mid) → ACCEPTED: A1: A1: IF asset exposure risk is VH AND suppression feasibility is VH THEN asset protection 0.9, evacuation 0.6 (adaptation-born: resolution increase (instantiated antecedent cell));2;2;R7[0.07] R20[0.21] R26[0.17] G1[0.05] A1[0.53];0.17;0.37;0.04;0.55;0.33;0.00;0.78;0.12;0.3060;0.2928;1
10;10;Agent_1;orders came from the seed rule base (rules as-is);0;0;R7[0.07] R20[0.37] R26[0.34] G1[0.19] A1[0.53];0.34;0.71;0.04;0.63;0.31;0.00;0.83;0.69;0.0200;0.1882;1
10;10;Agent_1;orders came from the seed rule base (rules as-is);0;0;R7[0.07] R20[0.37] R26[0.34] G1[0.19] A1[0.53] G2[0.37];0.34;0.74;0.04;0.80;0.28;0.00;0.84;0.69;0.0198;0.1858;1
10;10;Agent_1;orders came from the seed rule base (rules as-is);0;0;R7[0.07] R20[0.37] R26[0.34] G1[0.19] A1[0.53] G2[0.37];0.34;0.74;0.04;0.80;0.28;0.00;0.84;0.69;0.0513;0.2342;1
11;11;Agent_1;orders came from the seed rule base (rules as-is);0;0;R7[0.07] R20[0.21] R26[0.18] G1[0.04] A1[0.53];0.18;0.37;0.04;0.54;0.33;0.00;0.78;0.11;0.3066;0.2934;1
11;11;Agent_1;orders came from the seed rule base (rules as-is);0;0;R7[0.07] R20[0.37] R26[0.34] G1[0.19] A1[0.53];0.34;0.71;0.04;0.63;0.31;0.00;0.83;0.69;0.0201;0.1879;1
11;11;Agent_1;orders came from the seed rule base (rules as-is);0;0;R7[0.07] R20[0.37] R26[0.34] G1[0.19] A1[0.53] G2[0.37];0.34;0.74;0.04;0.80;0.28;0.00;0.84;0.69;0.0198;0.1841;1
11;11;Agent_1;orders came from the seed rule base (rules as-is);0;0;R7[0.07] R20[0.37] R26[0.34] G1[0.19] A1[0.53] G2[0.37];0.34;0.74;0.04;0.80;0.28;0.00;0.84;0.69;0.0513;0.2304;1
12;12;Agent_1;orders came from the seed rule base (rules as-is);0;0;R7[0.07] R20[0.21] R26[0.18] G1[0.03] A1[0.53];0.18;0.37;0.04;0.53;0.33;0.00;0.78;0.11;0.3073;0.2935;1
12;12;Agent_1;orders came from the seed rule base (rules as-is);0;0;R7[0.07] R20[0.37] R26[0.34] G1[0.19] A1[0.53];0.34;0.71;0.04;0.63;0.31;0.00;0.83;0.69;0.0201;0.1848;1
12;12;Agent_1;orders came from the seed rule base (rules as-is);0;0;R7[0.07] R20[0.37] R26[0.34] G1[0.19] A1[0.53] G2[0.37];0.34;0.74;0.04;0.80;0.28;0.00;0.84;0.69;0.0198;0.1828;1
12;12;Agent_1;orders came from the seed rule base (rules as-is);0;0;R7[0.07] R20[0.37] R26[0.34] G1[0.19] A1[0.53] G2[0.37];0.34;0.74;0.04;0.80;0.28;0.00;0.84;0.69;0.0537;0.2314;1
13;13;Agent_1;orders came from the seed rule base (rules as-is);0;0;R7[0.07] R20[0.21] R26[0.19] G1[0.03] A1[0.53];0.19;0.37;0.04;0.53;0.33;0.00;0.77;0.11;0.3082;0.2938;1
13;13;Agent_1;orders came from the seed rule base (rules as-is);0;0;R7[0.07] R20[0.37] R26[0.34] G1[0.19] A1[0.53];0.34;0.71;0.04;0.63;0.31;0.00;0.83;0.69;0.0201;0.1862;1
13;13;Agent_1;orders came from the seed rule base (rules as-is);0;0;R7[0.07] R20[0.37] R26[0.34] G1[0.19] A1[0.53] G2[0.37];0.34;0.74;0.04;0.80;0.28;0.00;0.84;0.69;0.0199;0.1814;1
13;13;Agent_1;orders came from the seed rule base (rules as-is);0;0;R7[0.07] R20[0.37] R26[0.34] G1[0.19] A1[0.53] G2[0.37];0.34;0.74;0.04;0.80;0.28;0.00;0.84;0.69;0.0482;0.2304;1
14;14;Agent_1;orders came from the seed rule base (rules as-is);0;0;R7[0.07] R20[0.21] R26[0.19] G1[0.02] A1[0.53];0.19;0.37;0.04;0.53;0.33;0.00;0.77;0.11;0.3081;0.2942;1
14;14;Agent_1;orders came from the seed rule base (rules as-is);0;0;R7[0.07] R20[0.37] R26[0.34] G1[0.19] A1[0.53];0.34;0.71;0.04;0.63;0.31;0.00;0.83;0.69;0.0201;0.1831;1
14;14;Agent_1;orders came from the seed rule base (rules as-is);0;0;R7[0.07] R20[0.37] R26[0.34] G1[0.19] A1[0.53] G2[0.37];0.34;0.74;0.04;0.80;0.28;0.00;0.84;0.69;0.0199;0.1821;1
14;14;Agent_1;orders came from the seed rule base (rules as-is);0;0;R7[0.07] R20[0.37] R26[0.34] G1[0.19] A1[0.53] G2[0.37];0.34;0.74;0.04;0.80;0.28;0.00;0.84;0.69;0.0483;0.2312;1
15;15;Agent_1;orders came from the seed rule base (rules as-is);0;0;R7[0.07] R20[0.21] R26[0.19] G1[0.02] A1[0.53];0.19;0.37;0.04;0.52;0.33;0.00;0.77;0.11;0.3086;0.2945;1
15;15;Agent_1;orders came from the seed rule base (rules as-is);0;0;R7[0.07] R20[0.37] R26[0.34] G1[0.19] A1[0.53];0.34;0.71;0.04;0.63;0.31;0.00;0.83;0.69;0.0201;0.1835;1
15;15;Agent_1;orders came from the seed rule base (rules as-is);0;0;R7[0.07] R20[0.37] R26[0.34] G1[0.19] A1[0.53] G2[0.37];0.34;0.74;0.04;0.80;0.28;0.00;0.84;0.69;0.0199;0.1759;1
15;15;Agent_1;orders came from the seed rule base (rules as-is);0;0;R7[0.07] R20[0.37] R26[0.34] G1[0.19] A1[0.53] G2[0.37];0.34;0.74;0.04;0.80;0.28;0.00;0.84;0.69;0.0491;0.2237;1
16;16;Agent_1;orders came from the seed rule base (rules as-is);0;0;R7[0.07] R20[0.21] R26[0.19] G1[0.01] A1[0.53];0.19;0.37;0.04;0.52;0.33;0.00;0.77;0.11;0.3091;0.2947;1
16;16;Agent_1;orders came from the seed rule base (rules as-is);0;0;R7[0.07] R20[0.37] R26[0.34] G1[0.19] A1[0.53];0.34;0.71;0.04;0.63;0.31;0.00;0.83;0.69;0.0202;0.1740;1
16;16;Agent_1;orders came from the seed rule base (rules as-is);0;0;R7[0.07] R20[0.37] R26[0.34] G1[0.19] A1[0.53] G2[0.37];0.34;0.74;0.04;0.80;0.28;0.00;0.84;0.69;0.0199;0.1729;1
16;16;Agent_1;orders came from the seed rule base (rules as-is);0;0;R7[0.07] R20[0.37] R26[0.34] G1[0.19] A1[0.53] G2[0.37];0.34;0.74;0.04;0.80;0.28;0.00;0.84;0.69;0.0499;0.2221;1
17;17;Agent_1;orders came from the seed rule base (rules as-is);0;0;R7[0.07] R20[0.21] R26[0.19] G1[0.01] A1[0.53];0.19;0.37;0.04;0.52;0.33;0.00;0.77;0.11;0.3093;0.2949;1
17;17;Agent_1;orders came from the seed rule base (rules as-is);0;0;R7[0.07] R20[0.37] R26[0.34] G1[0.19] A1[0.53];0.34;0.71;0.04;0.63;0.31;0.00;0.83;0.69;0.0202;0.1690;1
17;17;Agent_1;orders came from the seed rule base (rules as-is);0;0;R7[0.07] R20[0.37] R26[0.34] G1[0.19] A1[0.53] G2[0.37];0.34;0.74;0.04;0.80;0.28;0.00;0.84;0.69;0.0200;0.1698;1
17;17;Agent_1;orders came from the seed rule base (rules as-is);0;0;R7[0.07] R20[0.37] R26[0.34] G1[0.19] A1[0.53] G2[0.37];0.34;0.74;0.04;0.80;0.28;0.00;0.84;0.69;0.0531;0.2208;1
18;18;Agent_1;orders came from the seed rule base (rules as-is);0;0;R7[0.07] R20[0.21] R26[0.20] A1[0.53];0.20;0.37;0.04;0.52;0.33;0.00;0.76;0.11;0.3097;0.2950;1
18;18;Agent_1;orders came from the seed rule base (rules as-is);0;0;R7[0.07] R20[0.37] R26[0.34] G1[0.19] A1[0.53];0.34;0.71;0.04;0.63;0.31;0.00;0.83;0.69;0.0202;0.1662;1
18;18;Agent_1;orders came from the seed rule base (rules as-is);0;0;R7[0.07] R20[0.37] R26[0.34] G1[0.19] A1[0.53] G2[0.37];0.34;0.74;0.04;0.80;0.28;0.00;0.84;0.69;0.0200;0.1679;1
18;18;Agent_1;orders came from the seed rule base (rules as-is);0;0;R7[0.07] R20[0.37] R26[0.34] G1[0.19] A1[0.53] G2[0.37];0.34;0.74;0.04;0.80;0.28;0.00;0.84;0.69;0.0531;0.2215;1
19;19;Agent_1;orders came from the seed rule base (rules as-is);0;0;R7[0.07] R20[0.22] R26[0.20] A1[0.53];0.20;0.38;0.04;0.51;0.33;0.00;0.76;0.11;0.3099;0.2952;1
19;19;Agent_1;orders came from the seed rule base (rules as-is);0;0;R7[0.07] R20[0.37] R26[0.34] G1[0.19] A1[0.53];0.34;0.71;0.04;0.63;0.31;0.00;0.83;0.69;0.0202;0.1609;1
19;19;Agent_1;orders came from the seed rule base (rules as-is);0;0;R7[0.07] R20[0.37] R26[0.34] G1[0.19] A1[0.53] G2[0.37];0.34;0.74;0.04;0.80;0.28;0.00;0.84;0.69;0.0200;0.1630;1
19;19;Agent_1;orders came from the seed rule base (rules as-is);0;0;R7[0.07] R20[0.37] R26[0.34] G1[0.19] A1[0.53] G2[0.37];0.34;0.74;0.04;0.80;0.28;0.00;0.84;0.69;0.0508;0.2150;1
20;20;Agent_1;RL selected stage 2 [resolution increase] (deficit bucket: low) → rejected (cell already covered — an active rule sits on this antecedent cell; numeric tuning of an existing cell is stage ① evFIS's job | seed-base decision stands, its orders are applied);2;0;R7[0.07] R20[0.22] R26[0.20] A1[0.53];0.20;0.38;0.04;0.51;0.33;0.00;0.76;0.11;0.3100;0.2954;1
20;20;Agent_1;orders came from the seed rule base (rules as-is);0;0;R7[0.07] R20[0.37] R26[0.34] G1[0.19] A1[0.53];0.34;0.71;0.04;0.63;0.31;0.00;0.83;0.69;0.0202;0.1714;1
20;20;Agent_1;orders came from the seed rule base (rules as-is);0;0;R7[0.07] R20[0.37] R26[0.34] G1[0.19] A1[0.53] G2[0.37];0.34;0.74;0.04;0.80;0.28;0.00;0.84;0.69;0.0200;0.1651;1
20;20;Agent_1;orders came from the seed rule base (rules as-is);0;0;R7[0.07] R20[0.37] R26[0.34] G1[0.19] A1[0.53] G2[0.37];0.34;0.74;0.04;0.80;0.28;0.00;0.84;0.69;0.0524;0.2211;1
21;21;Agent_1;orders came from the seed rule base (rules as-is);0;0;R7[0.07] R20[0.23] R26[0.20] A1[0.53];0.20;0.39;0.04;0.51;0.33;0.00;0.76;0.11;0.3103;0.2956;1
21;21;Agent_1;orders came from the seed rule base (rules as-is);0;0;R7[0.07] R20[0.37] R26[0.34] G1[0.19] A1[0.53];0.34;0.71;0.04;0.63;0.31;0.00;0.83;0.69;0.0202;0.1646;1
21;21;Agent_1;orders came from the seed rule base (rules as-is);0;0;R7[0.07] R20[0.37] R26[0.34] G1[0.19] A1[0.53] G2[0.37];0.34;0.74;0.04;0.80;0.28;0.00;0.84;0.69;0.0200;0.1504;1
21;21;Agent_1;orders came from the seed rule base (rules as-is);0;0;R7[0.07] R20[0.37] R26[0.34] G1[0.19] A1[0.53] G2[0.37];0.34;0.74;0.04;0.80;0.28;0.00;0.84;0.69;0.0532;0.2058;1
22;22;Agent_1;orders came from the seed rule base (rules as-is);0;0;R7[0.07] R20[0.24] R26[0.20] A1[0.53];0.20;0.39;0.04;0.51;0.33;0.00;0.76;0.11;0.3102;0.2958;1
22;22;Agent_1;orders came from the seed rule base (rules as-is);0;0;R7[0.07] R20[0.37] R26[0.34] G1[0.19] A1[0.53];0.34;0.71;0.04;0.63;0.31;0.00;0.83;0.69;0.0203;0.1504;1
22;22;Agent_1;orders came from the seed rule base (rules as-is);0;0;R7[0.07] R20[0.37] R26[0.34] G1[0.19] A1[0.53] G2[0.37];0.34;0.74;0.04;0.80;0.28;0.00;0.84;0.69;0.0201;0.1482;1
22;22;Agent_1;orders came from the seed rule base (rules as-is);0;0;R7[0.07] R20[0.37] R26[0.34] G1[0.19] A1[0.53] G2[0.37];0.34;0.74;0.04;0.80;0.28;0.00;0.84;0.69;0.0625;0.2123;1
23;23;Agent_1;orders came from the seed rule base (rules as-is);0;0;R7[0.07] R20[0.25] R26[0.20] A1[0.53];0.20;0.40;0.04;0.51;0.33;0.00;0.75;0.10;0.3104;0.2960;1
23;23;Agent_1;orders came from the seed rule base (rules as-is);0;0;R7[0.07] R20[0.37] R26[0.34] G1[0.19] A1[0.53];0.34;0.71;0.04;0.63;0.31;0.00;0.83;0.69;0.0203;0.1477;1
23;23;Agent_1;orders came from the seed rule base (rules as-is);0;0;R7[0.07] R20[0.37] R26[0.34] G1[0.19] A1[0.53] G2[0.37];0.34;0.74;0.04;0.80;0.28;0.00;0.84;0.69;0.0201;0.1421;1
23;23;Agent_1;orders came from the seed rule base (rules as-is);0;0;R7[0.07] R20[0.37] R26[0.34] G1[0.19] A1[0.53] G2[0.37];0.34;0.74;0.04;0.80;0.28;0.00;0.84;0.69;0.0572;0.2018;1
24;24;Agent_1;orders came from the seed rule base (rules as-is);0;0;R7[0.07] R20[0.26] R26[0.19] A1[0.53];0.19;0.42;0.04;0.51;0.33;0.00;0.75;0.10;0.3106;0.2963;1
24;24;Agent_1;orders came from the seed rule base (rules as-is);0;0;R7[0.07] R20[0.37] R26[0.34] G1[0.19] A1[0.53];0.34;0.71;0.04;0.63;0.31;0.00;0.83;0.69;0.0203;0.1381;1
24;24;Agent_1;orders came from the seed rule base (rules as-is);0;0;R7[0.07] R20[0.37] R26[0.34] G1[0.19] A1[0.53] G2[0.37];0.34;0.74;0.04;0.80;0.28;0.00;0.84;0.69;0.0201;0.1382;1
24;24;Agent_1;orders came from the seed rule base (rules as-is);0;0;R7[0.07] R20[0.37] R26[0.34] G1[0.19] A1[0.53] G2[0.37];0.34;0.74;0.04;0.80;0.28;0.00;0.84;0.69;0.0564;0.2084;1
25;25;Agent_1;orders came from the seed rule base (rules as-is);0;0;R7[0.07] R20[0.27] R26[0.19] A1[0.53];0.19;0.43;0.04;0.51;0.33;0.00;0.75;0.10;0.3106;0.2966;1
25;25;Agent_1;orders came from the seed rule base (rules as-is);0;0;R7[0.07] R20[0.37] R26[0.34] G1[0.19] A1[0.53];0.34;0.71;0.04;0.63;0.31;0.00;0.83;0.69;0.0203;0.1351;1
25;25;Agent_1;orders came from the seed rule base (rules as-is);0;0;R7[0.07] R20[0.37] R26[0.34] G1[0.19] A1[0.53] G2[0.37];0.34;0.74;0.04;0.80;0.28;0.00;0.84;0.69;0.0201;0.1296;1
25;25;Agent_1;orders came from the seed rule base (rules as-is);0;0;R7[0.07] R20[0.37] R26[0.34] G1[0.19] A1[0.53] G2[0.37];0.34;0.74;0.04;0.80;0.28;0.00;0.84;0.69;0.0580;0.1884;1
26;26;Agent_1;orders came from the seed rule base (rules as-is);0;0;R7[0.07] R20[0.29] R26[0.19] A1[0.53];0.19;0.44;0.04;0.51;0.33;0.00;0.76;0.10;0.3108;0.2968;1
26;26;Agent_1;orders came from the seed rule base (rules as-is);0;0;R7[0.07] R20[0.37] R26[0.34] G1[0.19] A1[0.53];0.34;0.71;0.04;0.63;0.31;0.00;0.83;0.69;0.0203;0.1295;1
26;26;Agent_1;orders came from the seed rule base (rules as-is);0;0;R7[0.07] R20[0.37] R26[0.34] G1[0.19] A1[0.53] G2[0.37];0.34;0.74;0.04;0.80;0.28;0.00;0.84;0.69;0.0201;0.1332;1
26;26;Agent_1;orders came from the seed rule base (rules as-is);0;0;R7[0.07] R20[0.37] R26[0.34] G1[0.19] A1[0.53] G2[0.37];0.34;0.74;0.04;0.80;0.28;0.00;0.84;0.69;0.0549;0.1904;1
27;27;Agent_1;orders came from the seed rule base (rules as-is);0;0;R7[0.07] R20[0.30] R26[0.19] A1[0.53];0.19;0.45;0.04;0.51;0.33;0.00;0.76;0.10;0.3110;0.2971;1
27;27;Agent_1;orders came from the seed rule base (rules as-is);0;0;R7[0.07] R20[0.37] R26[0.34] G1[0.19] A1[0.53];0.34;0.71;0.04;0.63;0.31;0.00;0.83;0.69;0.0203;0.1253;1
27;27;Agent_1;orders came from the seed rule base (rules as-is);0;0;R7[0.07] R20[0.37] R26[0.34] G1[0.19] A1[0.53] G2[0.37];0.34;0.74;0.04;0.80;0.28;0.00;0.84;0.69;0.0202;0.1205;1
27;27;Agent_1;orders came from the seed rule base (rules as-is);0;0;R7[0.07] R20[0.37] R26[0.34] G1[0.19] A1[0.53] G2[0.37];0.34;0.74;0.04;0.80;0.28;0.00;0.84;0.69;0.0619;0.1914;1
28;28;Agent_1;orders came from the seed rule base (rules as-is);0;0;R7[0.07] R20[0.30] R26[0.19] A1[0.53];0.19;0.46;0.04;0.51;0.33;0.00;0.76;0.10;0.3114;0.2974;1
28;28;Agent_1;orders came from the seed rule base (rules as-is);0;0;R7[0.07] R20[0.37] R26[0.34] G1[0.19] A1[0.53];0.34;0.71;0.04;0.63;0.31;0.00;0.83;0.69;0.0204;0.1342;1
28;28;Agent_1;orders came from the seed rule base (rules as-is);0;0;R7[0.07] R20[0.37] R26[0.34] G1[0.19] A1[0.53] G2[0.37];0.34;0.74;0.04;0.80;0.28;0.00;0.84;0.69;0.0202;0.1132;1
28;28;Agent_1;orders came from the seed rule base (rules as-is);0;0;R7[0.07] R20[0.37] R26[0.34] G1[0.19] A1[0.53] G2[0.37];0.34;0.74;0.04;0.80;0.28;0.00;0.84;0.69;0.0619;0.1734;1
29;29;Agent_1;orders came from the seed rule base (rules as-is);0;0;R7[0.07] R20[0.31] R26[0.19] A1[0.53];0.19;0.46;0.04;0.51;0.33;0.00;0.76;0.10;0.3112;0.2977;1
29;29;Agent_1;orders came from the seed rule base (rules as-is);0;0;R7[0.07] R20[0.37] R26[0.34] G1[0.19] A1[0.53];0.34;0.71;0.04;0.63;0.31;0.00;0.83;0.69;0.0204;0.1166;1
29;29;Agent_1;orders came from the seed rule base (rules as-is);0;0;R7[0.07] R20[0.37] R26[0.34] G1[0.19] A1[0.53] G2[0.37];0.34;0.74;0.04;0.80;0.28;0.00;0.84;0.69;0.0202;0.1098;1
29;29;Agent_1;orders came from the seed rule base (rules as-is);0;0;R7[0.07] R20[0.37] R26[0.34] G1[0.19] A1[0.53] G2[0.37];0.34;0.74;0.04;0.80;0.28;0.00;0.84;0.69;0.0574;0.1816;1
30;30;Agent_1;RL selected stage 1 [evFIS] (deficit bucket: low) → ACCEPTED: A1 consequents -0.05;1;1;R7[0.07] R20[0.31] R26[0.19] A1[0.53];0.19;0.47;0.04;0.48;0.31;0.00;0.75;0.10;0.3113;0.2980;1
30;30;Agent_1;orders came from the seed rule base (rules as-is);0;0;R7[0.07] R20[0.37] R26[0.34] G1[0.19] A1[0.53];0.34;0.71;0.04;0.63;0.31;0.00;0.83;0.69;0.0204;0.1115;1
30;30;Agent_1;orders came from the seed rule base (rules as-is);0;0;R7[0.07] R20[0.37] R26[0.34] G1[0.19] A1[0.53] G2[0.37];0.34;0.74;0.04;0.80;0.28;0.00;0.84;0.69;0.0202;0.1069;1
30;30;Agent_1;orders came from the seed rule base (rules as-is);0;0;R7[0.07] R20[0.37] R26[0.34] G1[0.19] A1[0.53] G2[0.37];0.34;0.74;0.04;0.80;0.28;0.00;0.84;0.69;0.0589;0.1618;1
31;31;Agent_1;orders came from the seed rule base (rules as-is);0;0;R7[0.07] R20[0.32] R26[0.19] A1[0.53];0.19;0.47;0.04;0.48;0.31;0.00;0.75;0.10;0.3114;0.2983;1
31;31;Agent_1;orders came from the seed rule base (rules as-is);0;0;R7[0.07] R20[0.37] R26[0.34] G1[0.19] A1[0.53];0.34;0.71;0.04;0.63;0.31;0.00;0.83;0.69;0.0204;0.1086;1
31;31;Agent_1;orders came from the seed rule base (rules as-is);0;0;R7[0.07] R20[0.37] R26[0.34] G1[0.19] A1[0.53] G2[0.37];0.34;0.74;0.04;0.80;0.28;0.00;0.84;0.69;0.0202;0.1051;1
31;31;Agent_1;orders came from the seed rule base (rules as-is);0;0;R7[0.07] R20[0.37] R26[0.34] G1[0.19] A1[0.53] G2[0.37];0.34;0.74;0.04;0.80;0.28;0.00;0.84;0.69;0.0605;0.1776;1
32;32;Agent_1;orders came from the seed rule base (rules as-is);0;0;R7[0.07] R20[0.32] R26[0.19] A1[0.53];0.19;0.47;0.04;0.48;0.31;0.00;0.75;0.10;0.3114;0.2986;1
32;32;Agent_1;orders came from the seed rule base (rules as-is);0;0;R7[0.07] R20[0.37] R26[0.34] G1[0.19] A1[0.53];0.34;0.71;0.04;0.63;0.31;0.00;0.83;0.69;0.0204;0.1038;1
32;32;Agent_1;orders came from the seed rule base (rules as-is);0;0;R7[0.07] R20[0.37] R26[0.34] G1[0.19] A1[0.53] G2[0.37];0.34;0.74;0.04;0.80;0.28;0.00;0.84;0.69;0.0203;0.1009;1
32;32;Agent_1;orders came from the seed rule base (rules as-is);0;0;R7[0.07] R20[0.37] R26[0.34] G1[0.19] A1[0.53] G2[0.37];0.34;0.74;0.04;0.80;0.28;0.00;0.84;0.69;0.0628;0.1545;1
33;33;Agent_1;orders came from the seed rule base (rules as-is);0;0;R7[0.07] R20[0.32] R26[0.19] A1[0.53];0.19;0.47;0.04;0.48;0.31;0.00;0.75;0.10;0.3116;0.2989;1
33;33;Agent_1;orders came from the seed rule base (rules as-is);0;0;R7[0.07] R20[0.37] R26[0.34] G1[0.19] A1[0.53];0.34;0.71;0.04;0.63;0.31;0.00;0.83;0.69;0.0204;0.1020;1
33;33;Agent_1;orders came from the seed rule base (rules as-is);0;0;R7[0.07] R20[0.37] R26[0.34] G1[0.19] A1[0.53] G2[0.37];0.34;0.74;0.04;0.80;0.28;0.00;0.84;0.69;0.0203;0.1039;1
33;33;Agent_1;orders came from the seed rule base (rules as-is);0;0;R7[0.07] R20[0.37] R26[0.34] G1[0.19] A1[0.53] G2[0.37];0.34;0.74;0.04;0.80;0.28;0.00;0.84;0.69;0.0621;0.1976;1
34;34;Agent_1;orders came from the seed rule base (rules as-is);0;0;R7[0.07] R20[0.32] R26[0.19] A1[0.53];0.19;0.47;0.04;0.48;0.31;0.00;0.75;0.10;0.3117;0.2992;1
34;34;Agent_1;orders came from the seed rule base (rules as-is);0;0;R7[0.07] R20[0.37] R26[0.34] G1[0.19] A1[0.53];0.34;0.71;0.04;0.63;0.31;0.00;0.83;0.69;0.0205;0.0984;1
34;34;Agent_1;orders came from the seed rule base (rules as-is);0;0;R7[0.07] R20[0.37] R26[0.34] G1[0.19] A1[0.53] G2[0.37];0.34;0.74;0.04;0.80;0.28;0.00;0.84;0.69;0.0203;0.0985;1
34;34;Agent_1;orders came from the seed rule base (rules as-is);0;0;R7[0.07] R20[0.37] R26[0.34] G1[0.19] A1[0.53] G2[0.37];0.34;0.74;0.04;0.80;0.28;0.00;0.84;0.69;0.0658;0.1665;1
35;35;Agent_1;orders came from the seed rule base (rules as-is);0;0;R7[0.07] R20[0.32] R26[0.19] A1[0.53];0.19;0.47;0.04;0.48;0.31;0.00;0.75;0.10;0.3119;0.2995;1
35;35;Agent_1;orders came from the seed rule base (rules as-is);0;0;R7[0.07] R20[0.37] R26[0.34] G1[0.19] A1[0.53];0.34;0.71;0.04;0.63;0.31;0.00;0.83;0.69;0.0205;0.0971;1
35;35;Agent_1;orders came from the seed rule base (rules as-is);0;0;R7[0.07] R20[0.37] R26[0.34] G1[0.19] A1[0.53] G2[0.37];0.34;0.74;0.04;0.80;0.28;0.00;0.84;0.69;0.0203;0.0909;1
35;35;Agent_1;orders came from the seed rule base (rules as-is);0;0;R7[0.07] R20[0.37] R26[0.34] G1[0.19] A1[0.53] G2[0.37];0.34;0.74;0.04;0.80;0.28;0.00;0.84;0.69;0.0710;0.1607;1
36;36;Agent_1;orders came from the seed rule base (rules as-is);0;0;R7[0.07] R20[0.32] R26[0.19] A1[0.53];0.19;0.47;0.04;0.48;0.31;0.00;0.75;0.09;0.3121;0.2998;1
36;36;Agent_1;orders came from the seed rule base (rules as-is);0;0;R7[0.07] R20[0.37] R26[0.34] G1[0.19] A1[0.53];0.34;0.71;0.04;0.63;0.31;0.00;0.83;0.69;0.0205;0.0908;1
36;36;Agent_1;orders came from the seed rule base (rules as-is);0;0;R7[0.07] R20[0.37] R26[0.34] G1[0.19] A1[0.53] G2[0.37];0.34;0.74;0.04;0.80;0.28;0.00;0.84;0.69;0.0203;0.0837;1
36;36;Agent_1;orders came from the seed rule base (rules as-is);0;0;R7[0.07] R20[0.37] R26[0.34] G1[0.19] A1[0.53] G2[0.37];0.34;0.74;0.04;0.80;0.28;0.00;0.84;0.69;0.0537;0.1628;1
37;37;Agent_1;orders came from the seed rule base (rules as-is);0;0;R7[0.07] R20[0.32] R26[0.19] A1[0.53];0.19;0.47;0.04;0.48;0.31;0.00;0.74;0.09;0.3123;0.3001;1
37;37;Agent_1;orders came from the seed rule base (rules as-is);0;0;R7[0.07] R20[0.37] R26[0.34] G1[0.19] A1[0.53];0.34;0.71;0.04;0.63;0.31;0.00;0.83;0.69;0.0205;0.0836;1
37;37;Agent_1;orders came from the seed rule base (rules as-is);0;0;R7[0.07] R20[0.37] R26[0.34] G1[0.19] A1[0.53] G2[0.37];0.34;0.74;0.04;0.80;0.28;0.00;0.84;0.69;0.0204;0.0763;1
37;37;Agent_1;orders came from the seed rule base (rules as-is);0;0;R7[0.07] R20[0.37] R26[0.34] G1[0.19] A1[0.53] G2[0.37];0.34;0.74;0.04;0.80;0.28;0.00;0.84;0.69;0.0417;0.1520;1
38;38;Agent_1;orders came from the seed rule base (rules as-is);0;0;R7[0.07] R20[0.32] R26[0.19] A1[0.53];0.19;0.47;0.04;0.48;0.31;0.00;0.74;0.09;0.3042;0.2955;1
38;38;Agent_1;orders came from the seed rule base (rules as-is);0;0;R7[0.07] R20[0.37] R26[0.34] G1[0.19] A1[0.53];0.34;0.71;0.04;0.63;0.31;0.00;0.83;0.69;0.0205;0.0896;1
38;38;Agent_1;orders came from the seed rule base (rules as-is);0;0;R7[0.07] R20[0.37] R26[0.34] G1[0.19] A1[0.53] G2[0.37];0.34;0.74;0.04;0.80;0.28;0.00;0.84;0.69;0.0204;0.0679;1
38;38;Agent_1;orders came from the seed rule base (rules as-is);0;0;R7[0.07] R20[0.37] R26[0.34] G1[0.19] A1[0.53] G2[0.37];0.34;0.74;0.04;0.80;0.28;0.00;0.84;0.69;0.0553;0.1534;1
39;39;Agent_1;orders came from the seed rule base (rules as-is);0;0;R7[0.07] R20[0.29] R26[0.17] A1[0.53];0.17;0.42;0.04;0.48;0.31;0.00;0.79;0.00;0.3042;0.2957;1
39;39;Agent_1;orders came from the seed rule base (rules as-is);0;0;R7[0.07] R20[0.37] R26[0.34] G1[0.19] A1[0.53];0.34;0.71;0.04;0.63;0.31;0.00;0.83;0.69;0.0206;0.0776;1
39;39;Agent_1;orders came from the seed rule base (rules as-is);0;0;R7[0.07] R20[0.37] R26[0.34] G1[0.19] A1[0.53] G2[0.37];0.34;0.74;0.04;0.80;0.28;0.00;0.84;0.69;0.0204;0.0591;1
39;39;Agent_1;orders came from the seed rule base (rules as-is);0;0;R7[0.07] R20[0.37] R26[0.34] G1[0.19] A1[0.53] G2[0.37];0.34;0.74;0.04;0.80;0.28;0.00;0.84;0.69;0.0426;0.1479;1
40;40;Agent_1;RL selected stage 1 [evFIS] (deficit bucket: low) → rejected (no improving perturbation found | seed-base decision stands, its orders are applied);1;0;R7[0.07] R20[0.52] R26[0.30] A1[0.53];0.30;0.75;0.04;0.48;0.31;0.00;0.71;0.69;0.3022;0.2959;1
40;40;Agent_1;orders came from the seed rule base (rules as-is);0;0;R7[0.07] R20[0.37] R26[0.34] G1[0.19] A1[0.53];0.34;0.71;0.04;0.63;0.31;0.00;0.83;0.69;0.0206;0.0706;1
40;40;Agent_1;orders came from the seed rule base (rules as-is);0;0;R7[0.07] R20[0.37] R26[0.34] G1[0.19] A1[0.53] G2[0.37];0.34;0.74;0.04;0.80;0.28;0.00;0.84;0.69;0.0204;0.0477;1
40;40;Agent_1;orders came from the seed rule base (rules as-is);0;0;R7[0.07] R20[0.37] R26[0.34] G1[0.19] A1[0.53] G2[0.37];0.34;0.74;0.04;0.80;0.28;0.00;0.84;0.69;0.0608;0.1302;1
41;41;Agent_1;orders came from the seed rule base (rules as-is);0;0;R7[0.07] R20[0.58] R26[0.33] A1[0.53];0.33;0.85;0.04;0.48;0.31;0.00;0.70;0.69;0.3020;0.2960;1
41;41;Agent_1;orders came from the seed rule base (rules as-is);0;0;R7[0.07] R20[0.37] R26[0.34] G1[0.19] A1[0.53];0.34;0.71;0.04;0.63;0.31;0.00;0.83;0.69;0.0206;0.0613;1
41;41;Agent_1;orders came from the seed rule base (rules as-is);0;0;R7[0.07] R20[0.37] R26[0.34] G1[0.19] A1[0.53] G2[0.37];0.34;0.74;0.04;0.80;0.28;0.00;0.84;0.69;0.0205;0.0382;1
41;41;Agent_1;orders came from the seed rule base (rules as-is);0;0;R7[0.07] R20[0.37] R26[0.34] G1[0.19] A1[0.53] G2[0.37];0.34;0.74;0.04;0.80;0.28;0.00;0.84;0.69;0.0616;0.1282;1
42;42;Agent_1;orders came from the seed rule base (rules as-is);0;0;R7[0.07] R20[0.60] R26[0.34] A1[0.53];0.34;0.87;0.04;0.48;0.31;0.00;0.69;0.69;0.3018;0.2962;1
42;42;Agent_1;orders came from the seed rule base (rules as-is);0;0;R7[0.07] R20[0.37] R26[0.34] G1[0.19] A1[0.53];0.34;0.71;0.04;0.63;0.31;0.00;0.83;0.69;0.0206;0.0405;1
42;42;Agent_1;orders came from the seed rule base (rules as-is);0;0;R7[0.07] R20[0.37] R26[0.34] G1[0.19] A1[0.53] G2[0.37];0.34;0.74;0.04;0.80;0.28;0.00;0.84;0.69;0.0205;0.0532;1
42;42;Agent_1;orders came from the seed rule base (rules as-is);0;0;R7[0.07] R20[0.37] R26[0.34] G1[0.19] A1[0.53] G2[0.37];0.34;0.74;0.04;0.80;0.28;0.00;0.84;0.69;0.0631;0.1173;1
43;43;Agent_1;orders came from the seed rule base (rules as-is);0;0;R7[0.07] R20[0.60] R26[0.34] A1[0.53];0.34;0.88;0.04;0.48;0.31;0.00;0.69;0.69;0.3019;0.2964;1
43;43;Agent_1;orders came from the seed rule base (rules as-is);0;0;R7[0.07] R20[0.37] R26[0.34] G1[0.19] A1[0.53];0.34;0.71;0.04;0.63;0.31;0.00;0.83;0.69;0.0206;0.0365;1
43;43;Agent_1;orders came from the seed rule base (rules as-is);0;0;R7[0.07] R20[0.37] R26[0.34] G1[0.19] A1[0.53] G2[0.37];0.34;0.74;0.04;0.80;0.28;0.00;0.84;0.69;0.0205;0.0358;1
43;43;Agent_1;orders came from the seed rule base (rules as-is);0;0;R7[0.07] R20[0.37] R26[0.34] G1[0.19] A1[0.53] G2[0.37];0.34;0.74;0.04;0.80;0.28;0.00;0.84;0.69;0.0639;0.1173;1
44;44;Agent_1;orders came from the seed rule base (rules as-is);0;0;R7[0.07] R20[0.60] R26[0.34] A1[0.53];0.34;0.88;0.04;0.48;0.31;0.00;0.70;0.69;0.3021;0.2966;1
44;44;Agent_1;orders came from the seed rule base (rules as-is);0;0;R7[0.07] R20[0.37] R26[0.34] G1[0.19] A1[0.53];0.34;0.71;0.04;0.63;0.31;0.00;0.83;0.69;0.0206;0.0365;1
44;44;Agent_1;orders came from the seed rule base (rules as-is);0;0;R7[0.07] R20[0.37] R26[0.34] G1[0.19] A1[0.53] G2[0.37];0.34;0.74;0.04;0.80;0.28;0.00;0.84;0.69;0.0205;0.0358;1
44;44;Agent_1;orders came from the seed rule base (rules as-is);0;0;R7[0.07] R20[0.37] R26[0.34] G1[0.19] A1[0.53] G2[0.37];0.34;0.74;0.04;0.80;0.28;0.00;0.84;0.69;0.0647;0.1314;1
45;45;Agent_1;orders came from the seed rule base (rules as-is);0;0;R7[0.07] R20[0.61] R26[0.34] A1[0.53];0.34;0.88;0.04;0.48;0.31;0.00;0.70;0.69;0.3023;0.2967;1
45;45;Agent_1;orders came from the seed rule base (rules as-is);0;0;R7[0.07] R20[0.37] R26[0.34] G1[0.19] A1[0.53];0.34;0.71;0.04;0.63;0.31;0.00;0.83;0.69;0.0207;0.0365;1
45;45;Agent_1;orders came from the seed rule base (rules as-is);0;0;R7[0.07] R20[0.37] R26[0.34] G1[0.19] A1[0.53] G2[0.37];0.34;0.74;0.04;0.80;0.28;0.00;0.84;0.69;0.0205;0.0342;1
45;45;Agent_1;orders came from the seed rule base (rules as-is);0;0;R7[0.07] R20[0.37] R26[0.34] G1[0.19] A1[0.53] G2[0.37];0.34;0.74;0.04;0.80;0.28;0.00;0.84;0.69;0.0662;0.1365;1
46;46;Agent_1;orders came from the seed rule base (rules as-is);0;0;R7[0.07] R20[0.37] R26[0.34] G1[0.19] A1[0.53];0.34;0.71;0.04;0.63;0.31;0.00;0.83;0.69;0.0207;0.0349;1
46;46;Agent_1;orders came from the seed rule base (rules as-is);0;0;R7[0.07] R20[0.37] R26[0.34] G1[0.19] A1[0.53] G2[0.37];0.34;0.74;0.04;0.80;0.28;0.00;0.84;0.69;0.0206;0.0342;1
46;46;Agent_1;orders came from the seed rule base (rules as-is);0;0;R7[0.07] R20[0.37] R26[0.34] G1[0.19] A1[0.53] G2[0.37];0.34;0.74;0.04;0.80;0.28;0.00;0.84;0.69;0.0677;0.1514;1
47;47;Agent_1;orders came from the seed rule base (rules as-is);0;0;R7[0.07] R20[0.37] R26[0.34] G1[0.19] A1[0.53];0.34;0.71;0.04;0.63;0.31;0.00;0.83;0.69;0.0207;0.0523;1
47;47;Agent_1;orders came from the seed rule base (rules as-is);0;0;R7[0.07] R20[0.37] R26[0.34] G1[0.19] A1[0.53] G2[0.37];0.34;0.74;0.04;0.80;0.28;0.00;0.84;0.69;0.0206;0.0517;1
47;47;Agent_1;orders came from the seed rule base (rules as-is);0;0;R7[0.07] R20[0.37] R26[0.34] G1[0.19] A1[0.53] G2[0.37];0.34;0.74;0.04;0.80;0.28;0.00;0.84;0.69;0.0685;0.1225;1
48;48;Agent_1;orders came from the seed rule base (rules as-is);0;0;R7[0.07] R20[0.37] R26[0.34] G1[0.19] A1[0.53];0.34;0.71;0.04;0.63;0.31;0.00;0.83;0.69;0.0207;0.0757;1
48;48;Agent_1;orders came from the seed rule base (rules as-is);0;0;R7[0.07] R20[0.37] R26[0.34] G1[0.19] A1[0.53] G2[0.37];0.34;0.74;0.04;0.80;0.28;0.00;0.84;0.69;0.0206;0.0744;1
48;48;Agent_1;orders came from the seed rule base (rules as-is);0;0;R7[0.07] R20[0.37] R26[0.34] G1[0.19] A1[0.53] G2[0.37];0.34;0.74;0.04;0.80;0.28;0.00;0.84;0.69;0.0707;0.1169;1
49;49;Agent_1;orders came from the seed rule base (rules as-is);0;0;R7[0.07] R20[0.37] R26[0.34] G1[0.19] A1[0.53];0.34;0.71;0.04;0.63;0.31;0.00;0.83;0.69;0.0207;0.0341;1
49;49;Agent_1;orders came from the seed rule base (rules as-is);0;0;R7[0.07] R20[0.37] R26[0.34] G1[0.19] A1[0.53] G2[0.37];0.34;0.74;0.04;0.80;0.28;0.00;0.84;0.69;0.0206;0.0343;1
49;49;Agent_1;orders came from the seed rule base (rules as-is);0;0;R7[0.07] R20[0.37] R26[0.34] G1[0.19] A1[0.53] G2[0.37];0.34;0.74;0.04;0.80;0.28;0.00;0.84;0.69;0.0737;0.1641;1
50;50;Agent_1;orders came from the seed rule base (rules as-is);0;0;R7[0.07] R20[0.37] R26[0.34] G1[0.19] A1[0.53];0.34;0.71;0.04;0.63;0.31;0.00;0.83;0.69;0.0207;0.0349;1
50;50;Agent_1;orders came from the seed rule base (rules as-is);0;0;R7[0.07] R20[0.37] R26[0.34] G1[0.19] A1[0.53] G2[0.37];0.34;0.74;0.04;0.80;0.28;0.00;0.84;0.69;0.0206;0.0351;1
50;50;Agent_1;orders came from the seed rule base (rules as-is);0;0;R7[0.07] R20[0.37] R26[0.34] G1[0.19] A1[0.53] G2[0.37];0.34;0.74;0.04;0.80;0.28;0.00;0.84;0.69;0.0744;0.1198;1
51;51;Agent_1;orders came from the seed rule base (rules as-is);0;0;R7[0.07] R20[0.37] R26[0.34] G1[0.19] A1[0.53];0.34;0.71;0.04;0.63;0.31;0.00;0.83;0.69;0.0208;0.0757;1
51;51;Agent_1;orders came from the seed rule base (rules as-is);0;0;R7[0.07] R20[0.37] R26[0.34] G1[0.19] A1[0.53] G2[0.37];0.34;0.74;0.04;0.80;0.28;0.00;0.84;0.69;0.0207;0.0752;1
51;51;Agent_1;orders came from the seed rule base (rules as-is);0;0;R7[0.07] R20[0.37] R26[0.34] G1[0.19] A1[0.53] G2[0.37];0.34;0.74;0.04;0.80;0.28;0.00;0.84;0.69;0.0766;0.1633;1
52;52;Agent_1;orders came from the seed rule base (rules as-is);0;0;R7[0.07] R20[0.37] R26[0.34] G1[0.19] A1[0.53];0.34;0.71;0.04;0.63;0.31;0.00;0.83;0.69;0.0208;0.0342;1
52;52;Agent_1;orders came from the seed rule base (rules as-is);0;0;R7[0.07] R20[0.37] R26[0.34] G1[0.19] A1[0.53] G2[0.37];0.34;0.74;0.04;0.80;0.28;0.00;0.84;0.69;0.0207;0.0343;1
52;52;Agent_1;orders came from the seed rule base (rules as-is);0;0;R7[0.07] R20[0.37] R26[0.34] G1[0.19] A1[0.53] G2[0.37];0.34;0.74;0.04;0.80;0.28;0.00;0.84;0.69;0.0802;0.1142;1
53;53;Agent_1;orders came from the seed rule base (rules as-is);0;0;R7[0.07] R20[0.37] R26[0.34] G1[0.19] A1[0.53];0.34;0.71;0.04;0.63;0.31;0.00;0.83;0.69;0.0208;0.0737;1
53;53;Agent_1;orders came from the seed rule base (rules as-is);0;0;R7[0.07] R20[0.37] R26[0.34] G1[0.19] A1[0.53] G2[0.37];0.34;0.74;0.04;0.80;0.28;0.00;0.84;0.69;0.0207;0.0738;1
53;53;Agent_1;orders came from the seed rule base (rules as-is);0;0;R7[0.07] R20[0.37] R26[0.34] G1[0.19] A1[0.53] G2[0.37];0.34;0.74;0.04;0.80;0.28;0.00;0.84;0.69;0.0830;0.1446;1
54;54;Agent_1;orders came from the seed rule base (rules as-is);0;0;R7[0.07] R20[0.37] R26[0.34] G1[0.19] A1[0.53];0.34;0.71;0.04;0.63;0.31;0.00;0.83;0.69;0.0208;0.0350;1
54;54;Agent_1;orders came from the seed rule base (rules as-is);0;0;R7[0.07] R20[0.37] R26[0.34] G1[0.19] A1[0.53] G2[0.37];0.34;0.74;0.04;0.80;0.28;0.00;0.84;0.69;0.0207;0.0352;1
54;54;Agent_1;orders came from the seed rule base (rules as-is);0;0;R7[0.07] R20[0.37] R26[0.34] G1[0.19] A1[0.53] G2[0.37];0.34;0.74;0.04;0.80;0.28;0.00;0.84;0.69;0.0487;0.1489;1
55;55;Agent_1;orders came from the seed rule base (rules as-is);0;0;R7[0.07] R20[0.37] R26[0.34] G1[0.19] A1[0.53];0.34;0.71;0.04;0.63;0.31;0.00;0.83;0.69;0.0217;0.0608;1
55;55;Agent_1;orders came from the seed rule base (rules as-is);0;0;R7[0.07] R20[0.37] R26[0.34] G1[0.19] A1[0.53] G2[0.37];0.34;0.74;0.04;0.80;0.28;0.00;0.84;0.69;0.0207;0.0609;1
55;55;Agent_1;orders came from the seed rule base (rules as-is);0;0;R7[0.07] R20[0.37] R26[0.34] G1[0.19] A1[0.53] G2[0.37];0.34;0.74;0.04;0.80;0.28;0.00;0.84;0.69;0.0489;0.1512;1
56;56;Agent_1;orders came from the seed rule base (rules as-is);0;0;R7[0.07] R20[0.37] R26[0.34] G1[0.19] A1[0.53];0.34;0.71;0.04;0.63;0.31;0.00;0.83;0.69;0.0217;0.0806;1
56;56;Agent_1;orders came from the seed rule base (rules as-is);0;0;R7[0.07] R20[0.37] R26[0.34] G1[0.19] A1[0.53] G2[0.37];0.34;0.74;0.04;0.80;0.28;0.00;0.84;0.69;0.0216;0.0781;1
56;56;Agent_1;orders came from the seed rule base (rules as-is);0;0;R7[0.07] R20[0.37] R26[0.34] G1[0.19] A1[0.53] G2[0.37];0.34;0.74;0.04;0.80;0.28;0.00;0.84;0.69;0.0503;0.1485;1
57;57;Agent_1;orders came from the seed rule base (rules as-is);0;0;R7[0.07] R20[0.37] R26[0.34] G1[0.19] A1[0.53];0.34;0.71;0.04;0.63;0.31;0.00;0.83;0.69;0.0218;0.0674;1
57;57;Agent_1;orders came from the seed rule base (rules as-is);0;0;R7[0.07] R20[0.37] R26[0.34] G1[0.19] A1[0.53] G2[0.37];0.34;0.74;0.04;0.80;0.28;0.00;0.84;0.69;0.0217;0.0675;1
57;57;Agent_1;orders came from the seed rule base (rules as-is);0;0;R7[0.07] R20[0.37] R26[0.34] G1[0.19] A1[0.53] G2[0.37];0.34;0.74;0.04;0.80;0.28;0.00;0.84;0.69;0.0505;0.1526;1
58;58;Agent_1;orders came from the seed rule base (rules as-is);0;0;R7[0.07] R20[0.37] R26[0.34] G1[0.19] A1[0.53];0.34;0.71;0.04;0.63;0.31;0.00;0.83;0.69;0.0218;0.0645;1
58;58;Agent_1;orders came from the seed rule base (rules as-is);0;0;R7[0.07] R20[0.37] R26[0.34] G1[0.19] A1[0.53] G2[0.37];0.34;0.74;0.04;0.80;0.28;0.00;0.84;0.69;0.0217;0.0647;1
58;58;Agent_1;orders came from the seed rule base (rules as-is);0;0;R7[0.07] R20[0.37] R26[0.34] G1[0.19] A1[0.53] G2[0.37];0.34;0.74;0.04;0.80;0.28;0.00;0.84;0.69;0.0504;0.1504;1
59;59;Agent_1;orders came from the seed rule base (rules as-is);0;0;R7[0.07] R20[0.37] R26[0.34] G1[0.19] A1[0.53];0.34;0.71;0.04;0.63;0.31;0.00;0.83;0.69;0.0218;0.0351;1
59;59;Agent_1;orders came from the seed rule base (rules as-is);0;0;R7[0.07] R20[0.37] R26[0.34] G1[0.19] A1[0.53] G2[0.37];0.34;0.74;0.04;0.80;0.28;0.00;0.84;0.69;0.0217;0.0595;1
59;59;Agent_1;orders came from the seed rule base (rules as-is);0;0;R7[0.07] R20[0.37] R26[0.34] G1[0.19] A1[0.53] G2[0.37];0.34;0.74;0.04;0.80;0.28;0.00;0.84;0.69;0.0504;0.1500;1
60;60;Agent_1;orders came from the seed rule base (rules as-is);0;0;R7[0.07] R20[0.37] R26[0.34] G1[0.19] A1[0.53];0.34;0.71;0.04;0.63;0.31;0.00;0.83;0.69;0.0227;0.0660;1
60;60;Agent_1;orders came from the seed rule base (rules as-is);0;0;R7[0.07] R20[0.37] R26[0.34] G1[0.19] A1[0.53] G2[0.37];0.34;0.74;0.04;0.80;0.28;0.00;0.84;0.69;0.0217;0.0849;1
60;60;Agent_1;orders came from the seed rule base (rules as-is);0;0;R7[0.07] R20[0.37] R26[0.34] G1[0.19] A1[0.53] G2[0.37];0.34;0.74;0.04;0.80;0.28;0.00;0.84;0.69;0.0505;0.1733;1
61;61;Agent_1;orders came from the seed rule base (rules as-is);0;0;R7[0.07] R20[0.37] R26[0.34] G1[0.19] A1[0.53];0.34;0.71;0.04;0.63;0.31;0.00;0.83;0.69;0.0262;0.0586;1
61;61;Agent_1;orders came from the seed rule base (rules as-is);0;0;R7[0.07] R20[0.37] R26[0.34] G1[0.19] A1[0.53] G2[0.37];0.34;0.74;0.04;0.80;0.28;0.00;0.84;0.69;0.0226;0.0362;1
61;61;Agent_1;orders came from the seed rule base (rules as-is);0;0;R7[0.07] R20[0.37] R26[0.34] G1[0.19] A1[0.53] G2[0.37];0.34;0.74;0.04;0.80;0.28;0.00;0.84;0.69;0.0505;0.1598;1
62;62;Agent_1;orders came from the seed rule base (rules as-is);0;0;R7[0.07] R20[0.37] R26[0.34] G1[0.19] A1[0.53];0.34;0.71;0.04;0.63;0.31;0.00;0.83;0.69;0.0279;0.0368;1
62;62;Agent_1;orders came from the seed rule base (rules as-is);0;0;R7[0.07] R20[0.37] R26[0.34] G1[0.19] A1[0.53] G2[0.37];0.34;0.74;0.04;0.80;0.28;0.00;0.84;0.69;0.0253;0.0378;1
62;62;Agent_1;orders came from the seed rule base (rules as-is);0;0;R7[0.07] R20[0.37] R26[0.34] G1[0.19] A1[0.53] G2[0.37];0.34;0.74;0.04;0.80;0.28;0.00;0.84;0.69;0.0505;0.1454;1
63;63;Agent_1;orders came from the seed rule base (rules as-is);0;0;R7[0.07] R20[0.37] R26[0.34] G1[0.19] A1[0.53];0.34;0.71;0.04;0.63;0.31;0.00;0.83;0.69;0.0305;0.0343;1
63;63;Agent_1;orders came from the seed rule base (rules as-is);0;0;R7[0.07] R20[0.37] R26[0.34] G1[0.19] A1[0.53] G2[0.37];0.34;0.74;0.04;0.80;0.28;0.00;0.84;0.69;0.0253;0.0626;1
63;63;Agent_1;orders came from the seed rule base (rules as-is);0;0;R7[0.07] R20[0.37] R26[0.34] G1[0.19] A1[0.53] G2[0.37];0.34;0.74;0.04;0.80;0.28;0.00;0.84;0.69;0.0505;0.1449;1
64;64;Agent_1;orders came from the seed rule base (rules as-is);0;0;R7[0.07] R20[0.37] R26[0.34] G1[0.19] A1[0.53];0.34;0.71;0.04;0.63;0.31;0.00;0.83;0.69;0.0288;0.0384;1
64;64;Agent_1;orders came from the seed rule base (rules as-is);0;0;R7[0.07] R20[0.37] R26[0.34] G1[0.19] A1[0.53] G2[0.37];0.34;0.74;0.04;0.80;0.28;0.00;0.84;0.69;0.0296;0.0362;1
64;64;Agent_1;orders came from the seed rule base (rules as-is);0;0;R7[0.07] R20[0.37] R26[0.34] G1[0.19] A1[0.53] G2[0.37];0.34;0.74;0.04;0.80;0.28;0.00;0.84;0.69;0.0514;0.1435;1
65;65;Agent_1;orders came from the seed rule base (rules as-is);0;0;R7[0.07] R20[0.37] R26[0.34] G1[0.19] A1[0.53];0.00;0.00;0.00;0.00;0.31;0.00;0.83;0.69;0.0331;0.0385;1
65;65;Agent_1;orders came from the seed rule base (rules as-is);0;0;R7[0.07] R20[0.37] R26[0.34] G1[0.19] A1[0.53] G2[0.37];0.34;0.74;0.04;0.80;0.28;0.00;0.84;0.69;0.0288;0.0346;1
65;65;Agent_1;orders came from the seed rule base (rules as-is);0;0;R7[0.07] R20[0.37] R26[0.34] G1[0.19] A1[0.53] G2[0.37];0.34;0.74;0.04;0.80;0.28;0.00;0.84;0.69;0.0514;0.1683;1
66;66;Agent_1;RL selected stage 1 [evFIS] (deficit bucket: low) → rejected (no improving perturbation found | seed-base decision stands, its orders are applied | NO-HARM: no PHYSICAL improvement forecast (phys 0.0678 vs 0.0653), offensive orders withheld; life-safety orders stand);1;0;R7[0.07] R20[0.37] R26[0.34] G1[0.19] A1[0.53];0.00;0.00;0.00;0.00;0.31;0.00;0.83;0.69;0.0539;0.0385;1
66;66;Agent_1;orders came from the seed rule base (rules as-is);0;0;R7[0.07] R20[0.37] R26[0.34] G1[0.19] A1[0.53] G2[0.37];0.34;0.74;0.04;0.80;0.28;0.00;0.84;0.69;0.0331;0.0371;1
66;66;Agent_1;orders came from the seed rule base (rules as-is);0;0;R7[0.07] R20[0.37] R26[0.34] G1[0.19] A1[0.53] G2[0.37];0.34;0.74;0.04;0.80;0.28;0.00;0.84;0.69;0.0514;0.1412;1
67;67;Agent_1;orders came from the seed rule base (rules as-is);0;0;R7[0.07] R20[0.37] R26[0.34] G1[0.19] A1[0.53];0.00;0.00;0.00;0.00;0.31;0.00;0.83;0.69;0.0554;0.0401;1
67;67;Agent_1;orders came from the seed rule base (rules as-is);0;0;R7[0.07] R20[0.37] R26[0.34] G1[0.19] A1[0.53] G2[0.37];0.34;0.74;0.04;0.80;0.28;0.00;0.84;0.69;0.0331;0.0363;1
67;67;Agent_1;orders came from the seed rule base (rules as-is);0;0;R7[0.07] R20[0.37] R26[0.34] G1[0.19] A1[0.53] G2[0.37];0.34;0.74;0.04;0.80;0.28;0.00;0.84;0.69;0.0515;0.1377;1
68;68;Agent_1;orders came from the seed rule base (rules as-is);0;0;R7[0.07] R20[0.37] R26[0.34] G1[0.19] A1[0.53];0.00;0.00;0.00;0.00;0.31;0.00;0.83;0.69;0.0585;0.0409;1
68;68;Agent_1;RL selected stage 1 [evFIS] (deficit bucket: low) → rejected (no improving perturbation found | seed-base decision stands, its orders are applied);1;0;R7[0.07] R20[0.37] R26[0.34] G1[0.19] A1[0.53] G2[0.37];0.34;0.74;0.04;0.80;0.28;0.00;0.84;0.69;0.0357;0.0371;1
68;68;Agent_1;orders came from the seed rule base (rules as-is);0;0;R7[0.07] R20[0.37] R26[0.34] G1[0.19] A1[0.53] G2[0.37];0.34;0.74;0.04;0.80;0.28;0.00;0.84;0.69;0.0523;0.1407;1
69;69;Agent_1;orders came from the seed rule base (rules as-is);0;0;R7[0.07] R20[0.37] R26[0.34] G1[0.19] A1[0.53];0.00;0.00;0.00;0.00;0.31;0.00;0.83;0.69;0.0616;0.0441;1
69;69;Agent_1;orders came from the seed rule base (rules as-is);0;0;R7[0.07] R20[0.37] R26[0.34] G1[0.19] A1[0.53] G2[0.37];0.34;0.74;0.04;0.80;0.28;0.00;0.84;0.69;0.0340;0.0363;1
69;69;Agent_1;orders came from the seed rule base (rules as-is);0;0;R7[0.07] R20[0.37] R26[0.34] G1[0.19] A1[0.53] G2[0.37];0.34;0.74;0.04;0.80;0.28;0.00;0.84;0.69;0.0523;0.1383;1
70;70;Agent_1;orders came from the seed rule base (rules as-is);0;0;R7[0.07] R20[0.37] R26[0.34] G1[0.19] A1[0.53];0.00;0.00;0.00;0.00;0.31;0.00;0.83;0.69;0.0631;0.0449;1
70;70;Agent_1;orders came from the seed rule base (rules as-is);0;0;R7[0.07] R20[0.37] R26[0.34] G1[0.19] A1[0.53] G2[0.37];0.34;0.74;0.04;0.80;0.28;0.00;0.84;0.69;0.0374;0.0735;1
70;70;Agent_1;orders came from the seed rule base (rules as-is);0;0;R7[0.07] R20[0.37] R26[0.34] G1[0.19] A1[0.53] G2[0.37];0.34;0.74;0.04;0.80;0.28;0.00;0.84;0.69;0.0531;0.1333;1
71;71;Agent_1;orders came from the seed rule base (rules as-is);0;0;R7[0.07] R20[0.37] R26[0.34] G1[0.19] A1[0.53];0.00;0.00;0.00;0.00;0.31;0.00;0.83;0.69;0.0410;0.0457;1
71;71;Agent_1;orders came from the seed rule base (rules as-is);0;0;R7[0.07] R20[0.37] R26[0.34] G1[0.19] A1[0.53] G2[0.37];0.34;0.74;0.04;0.80;0.28;0.00;0.84;0.69;0.0255;0.0620;1
71;71;Agent_1;orders came from the seed rule base (rules as-is);0;0;R7[0.07] R20[0.37] R26[0.34] G1[0.19] A1[0.53] G2[0.37];0.34;0.74;0.04;0.80;0.28;0.00;0.84;0.69;0.0547;0.1323;1
72;72;Agent_1;orders came from the seed rule base (rules as-is);0;0;R7[0.07] R20[0.37] R26[0.34] G1[0.19] A1[0.53];0.00;0.00;0.00;0.00;0.31;0.00;0.83;0.69;0.0410;0.0488;1
72;72;Agent_1;orders came from the seed rule base (rules as-is);0;0;R7[0.07] R20[0.37] R26[0.34] G1[0.19] A1[0.53] G2[0.37];0.34;0.74;0.04;0.80;0.28;0.00;0.84;0.69;0.0416;0.1036;1
72;72;Agent_1;orders came from the seed rule base (rules as-is);0;0;R7[0.07] R20[0.37] R26[0.34] G1[0.19] A1[0.53] G2[0.37];0.34;0.74;0.04;0.80;0.28;0.00;0.84;0.69;0.0548;0.1318;1
73;73;Agent_1;orders came from the seed rule base (rules as-is);0;0;R7[0.07] R20[0.37] R26[0.34] G1[0.19] A1[0.53];0.00;0.00;0.00;0.00;0.31;0.00;0.83;0.69;0.0410;0.0488;1
73;73;Agent_1;orders came from the seed rule base (rules as-is);0;0;R7[0.07] R20[0.37] R26[0.34] G1[0.19] A1[0.53] G2[0.37];0.34;0.74;0.04;0.80;0.28;0.00;0.84;0.69;0.0432;0.0621;1
73;73;Agent_1;orders came from the seed rule base (rules as-is);0;0;R7[0.07] R20[0.37] R26[0.34] G1[0.19] A1[0.53] G2[0.37];0.34;0.74;0.04;0.80;0.28;0.00;0.84;0.69;0.0432;0.0621;1
73;73;Agent_1;orders came from the seed rule base (rules as-is);0;0;R7[0.07] R20[0.37] R26[0.34] G1[0.19] A1[0.53] G2[0.37];0.34;0.74;0.04;0.80;0.28;0.00;0.84;0.69;0.0548;0.1344;1
74;74;Agent_1;orders came from the seed rule base (rules as-is);0;0;R7[0.07] R20[0.37] R26[0.34] G1[0.19] A1[0.53];0.00;0.00;0.00;0.00;0.31;0.00;0.83;0.69;0.0410;0.0496;1
74;74;Agent_1;orders came from the seed rule base (rules as-is);0;0;R7[0.07] R20[0.37] R26[0.34] G1[0.19] A1[0.53] G2[0.37];0.34;0.74;0.04;0.80;0.28;0.00;0.84;0.69;0.0432;0.0348;1
74;74;Agent_1;orders came from the seed rule base (rules as-is);0;0;R7[0.07] R20[0.37] R26[0.34] G1[0.19] A1[0.53] G2[0.37];0.34;0.74;0.04;0.80;0.28;0.00;0.84;0.69;0.0548;0.1287;1
75;75;Agent_1;orders came from the seed rule base (rules as-is);0;0;R7[0.07] R20[0.37] R26[0.34] G1[0.19] A1[0.53];0.00;0.00;0.00;0.00;0.31;0.00;0.83;0.69;0.0410;0.0511;1
75;75;Agent_1;orders came from the seed rule base (rules as-is);0;0;R7[0.07] R20[0.37] R26[0.34] G1[0.19] A1[0.53] G2[0.37];0.34;0.74;0.04;0.80;0.28;0.00;0.84;0.69;0.0559;0.0348;1
75;75;Agent_1;orders came from the seed rule base (rules as-is);0;0;R7[0.07] R20[0.37] R26[0.34] G1[0.19] A1[0.53] G2[0.37];0.34;0.74;0.04;0.80;0.28;0.00;0.84;0.69;0.0548;0.1266;1
76;76;Agent_1;orders came from the seed rule base (rules as-is);0;0;R7[0.07] R20[0.37] R26[0.34] G1[0.19] A1[0.53];0.34;0.71;0.04;0.63;0.31;0.00;0.83;0.69;0.0410;0.0527;1
76;76;Agent_1;orders came from the seed rule base (rules as-is);0;0;R7[0.07] R20[0.37] R26[0.34] G1[0.19] A1[0.53] G2[0.37];0.34;0.74;0.04;0.80;0.28;0.00;0.83;0.69;0.0481;0.0981;1
76;76;Agent_1;orders came from the seed rule base (rules as-is);0;0;R7[0.07] R20[0.37] R26[0.34] G1[0.19] A1[0.53] G2[0.37];0.34;0.74;0.04;0.80;0.28;0.00;0.84;0.69;0.0549;0.1303;1
77;77;Agent_1;RL selected stage 1 [evFIS] (deficit bucket: low) → rejected (no improving perturbation found | seed-base decision stands, its orders are applied);1;0;R7[0.07] R20[0.37] R26[0.34] G1[0.19] A1[0.53];0.34;0.71;0.04;0.63;0.31;0.00;0.83;0.69;0.0407;0.0344;1
77;77;Agent_1;orders came from the seed rule base (rules as-is);0;0;R7[0.07] R20[0.37] R26[0.34] G1[0.19] A1[0.53] G2[0.37];0.34;0.74;0.04;0.80;0.28;0.00;0.83;0.69;0.0449;0.0365;1
77;77;Agent_1;orders came from the seed rule base (rules as-is);0;0;R7[0.07] R20[0.37] R26[0.34] G1[0.19] A1[0.53] G2[0.37];0.34;0.74;0.04;0.80;0.28;0.00;0.84;0.69;0.0549;0.1234;1
78;78;Agent_1;orders came from the seed rule base (rules as-is);0;0;R7[0.07] R20[0.37] R26[0.34] G1[0.19] A1[0.53];0.34;0.71;0.04;0.63;0.31;0.00;0.83;0.69;0.0407;0.0344;1
78;78;Agent_1;orders came from the seed rule base (rules as-is);0;0;R7[0.07] R20[0.37] R26[0.34] G1[0.19] A1[0.53] G2[0.37];0.34;0.74;0.04;0.80;0.28;0.00;0.83;0.69;0.0457;0.0687;1
78;78;Agent_1;orders came from the seed rule base (rules as-is);0;0;R7[0.07] R20[0.37] R26[0.34] G1[0.19] A1[0.53] G2[0.37];0.34;0.74;0.04;0.80;0.28;0.00;0.84;0.69;0.0549;0.1256;1
79;79;Agent_1;orders came from the seed rule base (rules as-is);0;0;R7[0.07] R20[0.37] R26[0.34] G1[0.19] A1[0.53];0.34;0.71;0.04;0.63;0.31;0.00;0.83;0.69;0.0407;0.0417;1
79;79;Agent_1;RL selected stage 1 [evFIS] (deficit bucket: low) → rejected (no improving perturbation found | seed-base decision stands, its orders are applied);1;0;R7[0.07] R20[0.37] R26[0.34] G1[0.19] A1[0.53] G2[0.37];0.34;0.74;0.04;0.80;0.28;0.00;0.83;0.69;0.0481;0.0349;1
79;79;Agent_1;orders came from the seed rule base (rules as-is);0;0;R7[0.07] R20[0.37] R26[0.34] G1[0.19] A1[0.53] G2[0.37];0.34;0.74;0.04;0.80;0.28;0.00;0.84;0.69;0.0549;0.1145;1
80;80;Agent_1;orders came from the seed rule base (rules as-is);0;0;R7[0.07] R20[0.37] R26[0.34] G1[0.19] A1[0.53];0.34;0.71;0.04;0.63;0.31;0.00;0.83;0.69;0.0407;0.0345;1
80;80;Agent_1;orders came from the seed rule base (rules as-is);0;0;R7[0.07] R20[0.37] R26[0.34] G1[0.19] A1[0.53] G2[0.37];0.34;0.74;0.04;0.80;0.28;0.00;0.83;0.69;0.0732;0.0629;1
80;80;Agent_1;orders came from the seed rule base (rules as-is);0;0;R7[0.07] R20[0.37] R26[0.34] G1[0.19] A1[0.53] G2[0.37];0.34;0.74;0.04;0.80;0.28;0.00;0.84;0.69;0.0550;0.1116;1
81;81;Agent_1;orders came from the seed rule base (rules as-is);0;0;R7[0.07] R20[0.37] R26[0.34] G1[0.19] A1[0.53];0.34;0.71;0.04;0.63;0.31;0.00;0.83;0.69;0.0407;0.0345;1
81;81;Agent_1;orders came from the seed rule base (rules as-is);0;0;R7[0.07] R20[0.37] R26[0.34] G1[0.19] A1[0.53] G2[0.37];0.34;0.74;0.04;0.80;0.28;0.00;0.83;0.69;0.0622;0.0341;1
81;81;Agent_1;orders came from the seed rule base (rules as-is);0;0;R7[0.07] R20[0.37] R26[0.34] G1[0.19] A1[0.53] G2[0.37];0.34;0.74;0.04;0.80;0.28;0.00;0.84;0.69;0.0573;0.1081;1
82;82;Agent_1;orders came from the seed rule base (rules as-is);0;0;R7[0.07] R20[0.37] R26[0.34] G1[0.19] A1[0.53];0.34;0.71;0.04;0.63;0.31;0.00;0.83;0.69;0.0407;0.0402;1
82;82;Agent_1;orders came from the seed rule base (rules as-is);0;0;R7[0.07] R20[0.37] R26[0.34] G1[0.19] A1[0.53] G2[0.37];0.00;0.00;0.00;0.00;0.28;0.00;0.83;0.69;0.0592;0.0341;1
82;82;Agent_1;orders came from the seed rule base (rules as-is);0;0;R7[0.07] R20[0.37] R26[0.34] G1[0.19] A1[0.53] G2[0.37];0.34;0.74;0.04;0.80;0.28;0.00;0.84;0.69;0.0574;0.1152;1
83;83;Agent_1;orders came from the seed rule base (rules as-is);0;0;R7[0.07] R20[0.37] R26[0.34] G1[0.19] A1[0.53];0.34;0.71;0.04;0.63;0.31;0.00;0.83;0.69;0.0408;0.0426;1
83;83;Agent_1;orders came from the seed rule base (rules as-is);0;0;R7[0.07] R20[0.37] R26[0.34] G1[0.19] A1[0.53] G2[0.37];0.34;0.74;0.04;0.80;0.28;0.00;0.84;0.69;0.0404;0.0341;1
83;83;Agent_1;orders came from the seed rule base (rules as-is);0;0;R7[0.07] R20[0.37] R26[0.34] G1[0.19] A1[0.53] G2[0.37];0.34;0.74;0.04;0.80;0.28;0.00;0.84;0.69;0.0574;0.1175;1
84;84;Agent_1;orders came from the seed rule base (rules as-is);0;0;R7[0.07] R20[0.37] R26[0.34] G1[0.19] A1[0.53];0.34;0.71;0.04;0.63;0.31;0.00;0.83;0.69;0.0407;0.0345;1
84;84;Agent_1;orders came from the seed rule base (rules as-is);0;0;R7[0.07] R20[0.37] R26[0.34] G1[0.19] A1[0.53] G2[0.37];0.34;0.74;0.04;0.80;0.28;0.00;0.84;0.69;0.0401;0.0341;1
84;84;Agent_1;orders came from the seed rule base (rules as-is);0;0;R7[0.07] R20[0.37] R26[0.34] G1[0.19] A1[0.53] G2[0.37];0.34;0.74;0.04;0.80;0.28;0.00;0.84;0.69;0.0574;0.1076;1
85;85;Agent_1;orders came from the seed rule base (rules as-is);0;0;R7[0.07] R20[0.37] R26[0.34] G1[0.19] A1[0.53];0.34;0.71;0.04;0.63;0.31;0.00;0.83;0.69;0.0408;0.0345;1
85;85;Agent_1;orders came from the seed rule base (rules as-is);0;0;R7[0.07] R20[0.37] R26[0.34] G1[0.19] A1[0.53] G2[0.37];0.34;0.74;0.04;0.80;0.28;0.00;0.83;0.69;0.0401;0.0342;1
85;85;Agent_1;orders came from the seed rule base (rules as-is);0;0;R7[0.07] R20[0.37] R26[0.34] G1[0.19] A1[0.53] G2[0.37];0.34;0.74;0.04;0.80;0.28;0.00;0.84;0.69;0.0574;0.1046;1
86;86;Agent_1;orders came from the seed rule base (rules as-is);0;0;R7[0.07] R20[0.37] R26[0.34] G1[0.19] A1[0.53];0.34;0.71;0.04;0.63;0.31;0.00;0.83;0.69;0.0408;0.0346;1
86;86;Agent_1;orders came from the seed rule base (rules as-is);0;0;R7[0.07] R20[0.37] R26[0.34] G1[0.19] A1[0.53] G2[0.37];0.34;0.74;0.04;0.80;0.28;0.00;0.83;0.69;0.0401;0.0342;1
86;86;Agent_1;orders came from the seed rule base (rules as-is);0;0;R7[0.07] R20[0.37] R26[0.34] G1[0.19] A1[0.53] G2[0.37];0.34;0.74;0.04;0.80;0.28;0.00;0.84;0.69;0.0605;0.0973;1
87;87;Agent_1;orders came from the seed rule base (rules as-is);0;0;R7[0.07] R20[0.37] R26[0.34] G1[0.19] A1[0.53];0.34;0.71;0.04;0.63;0.31;0.00;0.83;0.69;0.0408;0.0498;1
87;87;Agent_1;orders came from the seed rule base (rules as-is);0;0;R7[0.07] R20[0.37] R26[0.34] G1[0.19] A1[0.53] G2[0.37];0.34;0.74;0.04;0.80;0.28;0.00;0.83;0.69;0.0401;0.0342;1
87;87;Agent_1;orders came from the seed rule base (rules as-is);0;0;R7[0.07] R20[0.37] R26[0.34] G1[0.19] A1[0.53] G2[0.37];0.34;0.74;0.04;0.80;0.28;0.00;0.84;0.69;0.0606;0.0973;1
88;88;Agent_1;RL selected stage 3 [GenAI] (deficit bucket: low) → ACCEPTED: G2: G2: IF asset exposure risk is VH AND intervention urgency is VH THEN asset protection 0.8, resource deployment 0.6 (adaptation-born: generative (template), gates G1-G4);3;3;R7[0.07] R20[0.37] R26[0.34] G1[0.19] A1[0.53] G2[0.37];0.34;0.74;0.04;0.82;0.31;0.00;0.83;0.69;0.0405;0.0346;1
88;88;Agent_1;orders came from the seed rule base (rules as-is);0;0;R7[0.07] R20[0.37] R26[0.34] G1[0.19] A1[0.53] G2[0.37];0.34;0.74;0.04;0.80;0.28;0.00;0.83;0.69;0.0401;0.0342;1
88;88;Agent_1;orders came from the seed rule base (rules as-is);0;0;R7[0.07] R20[0.37] R26[0.34] G1[0.19] A1[0.53] G2[0.37];0.34;0.74;0.04;0.80;0.28;0.00;0.84;0.69;0.0606;0.0896;1
89;89;Agent_1;orders came from the seed rule base (rules as-is);0;0;R7[0.07] R20[0.37] R26[0.34] G1[0.19] A1[0.53] G2[0.37];0.34;0.74;0.04;0.82;0.31;0.00;0.83;0.69;0.0405;0.0451;1
89;89;Agent_1;RL selected stage 1 [evFIS] (deficit bucket: low) → rejected (no improving perturbation found | seed-base decision stands, its orders are applied);1;0;R7[0.07] R20[0.37] R26[0.34] G1[0.19] A1[0.53] G2[0.37];0.34;0.74;0.04;0.80;0.28;0.00;0.83;0.69;0.0402;0.0342;1
89;89;Agent_1;orders came from the seed rule base (rules as-is);0;0;R7[0.07] R20[0.37] R26[0.34] G1[0.19] A1[0.53] G2[0.37];0.34;0.74;0.04;0.80;0.28;0.00;0.84;0.69;0.0606;0.0967;1
90;90;Agent_1;orders came from the seed rule base (rules as-is);0;0;R7[0.07] R20[0.37] R26[0.34] G1[0.19] A1[0.53] G2[0.37];0.34;0.74;0.04;0.82;0.31;0.00;0.83;0.69;0.0406;0.0346;1
90;90;Agent_1;orders came from the seed rule base (rules as-is);0;0;R7[0.07] R20[0.37] R26[0.34] G1[0.19] A1[0.53] G2[0.37];0.34;0.74;0.04;0.80;0.28;0.00;0.83;0.69;0.0402;0.0343;1
90;90;Agent_1;orders came from the seed rule base (rules as-is);0;0;R7[0.07] R20[0.37] R26[0.34] G1[0.19] A1[0.53] G2[0.37];0.34;0.74;0.04;0.80;0.28;0.00;0.84;0.69;0.0606;0.0890;1
91;91;Agent_1;orders came from the seed rule base (rules as-is);0;0;R7[0.07] R20[0.37] R26[0.34] G1[0.19] A1[0.53] G2[0.37];0.34;0.74;0.04;0.82;0.31;0.00;0.83;0.69;0.0406;0.0467;1
91;91;Agent_1;orders came from the seed rule base (rules as-is);0;0;R7[0.07] R20[0.37] R26[0.34] G1[0.19] A1[0.53] G2[0.37];0.34;0.74;0.04;0.80;0.28;0.00;0.83;0.69;0.0402;0.0343;1
91;91;Agent_1;orders came from the seed rule base (rules as-is);0;0;R7[0.07] R20[0.37] R26[0.34] G1[0.19] A1[0.53] G2[0.37];0.34;0.74;0.04;0.80;0.28;0.00;0.84;0.69;0.0637;0.1131;1
92;92;Agent_1;orders came from the seed rule base (rules as-is);0;0;R7[0.07] R20[0.37] R26[0.34] G1[0.19] A1[0.53] G2[0.37];0.34;0.74;0.04;0.82;0.31;0.00;0.83;0.69;0.0406;0.0347;1
92;92;Agent_1;orders came from the seed rule base (rules as-is);0;0;R7[0.07] R20[0.37] R26[0.34] G1[0.19] A1[0.53] G2[0.37];0.34;0.74;0.04;0.80;0.28;0.00;0.83;0.69;0.0402;0.0343;1
92;92;Agent_1;orders came from the seed rule base (rules as-is);0;0;R7[0.07] R20[0.37] R26[0.34] G1[0.19] A1[0.53] G2[0.37];0.34;0.74;0.04;0.80;0.28;0.00;0.84;0.69;0.0638;0.0891;1
93;93;Agent_1;orders came from the seed rule base (rules as-is);0;0;R7[0.07] R20[0.37] R26[0.34] G1[0.19] A1[0.53] G2[0.37];0.34;0.74;0.04;0.82;0.31;0.00;0.83;0.69;0.0406;0.0468;1
93;93;Agent_1;orders came from the seed rule base (rules as-is);0;0;R7[0.07] R20[0.37] R26[0.34] G1[0.19] A1[0.53] G2[0.37];0.34;0.74;0.04;0.80;0.28;0.00;0.83;0.69;0.0402;0.0343;1
93;93;Agent_1;orders came from the seed rule base (rules as-is);0;0;R7[0.07] R20[0.37] R26[0.34] G1[0.19] A1[0.53] G2[0.37];0.34;0.74;0.04;0.80;0.28;0.00;0.84;0.69;0.0696;0.0891;1
94;94;Agent_1;orders came from the seed rule base (rules as-is);0;0;R7[0.07] R20[0.37] R26[0.34] G1[0.19] A1[0.53] G2[0.37];0.34;0.74;0.04;0.82;0.31;0.00;0.83;0.69;0.0406;0.0483;1
94;94;Agent_1;orders came from the seed rule base (rules as-is);0;0;R7[0.07] R20[0.37] R26[0.34] G1[0.19] A1[0.53] G2[0.37];0.34;0.74;0.04;0.80;0.28;0.00;0.83;0.69;0.0403;0.0343;1
94;94;Agent_1;orders came from the seed rule base (rules as-is);0;0;R7[0.07] R20[0.37] R26[0.34] G1[0.19] A1[0.53] G2[0.37];0.34;0.74;0.04;0.80;0.28;0.00;0.84;0.69;0.0698;0.0969;1
95;95;Agent_1;orders came from the seed rule base (rules as-is);0;0;R7[0.07] R20[0.37] R26[0.34] G1[0.19] A1[0.53] G2[0.37];0.34;0.74;0.04;0.82;0.31;0.00;0.83;0.69;0.0406;0.0507;1
95;95;Agent_1;orders came from the seed rule base (rules as-is);0;0;R7[0.07] R20[0.37] R26[0.34] G1[0.19] A1[0.53] G2[0.37];0.34;0.74;0.04;0.80;0.28;0.00;0.83;0.69;0.0403;0.0344;1
95;95;Agent_1;orders came from the seed rule base (rules as-is);0;0;R7[0.07] R20[0.37] R26[0.34] G1[0.19] A1[0.53] G2[0.37];0.34;0.74;0.04;0.80;0.28;0.00;0.84;0.69;0.0697;0.1155;1
96;96;Agent_1;orders came from the seed rule base (rules as-is);0;0;R7[0.07] R20[0.37] R26[0.34] G1[0.19] A1[0.53] G2[0.37];0.34;0.74;0.04;0.82;0.31;0.00;0.83;0.69;0.0407;0.0515;1
96;96;Agent_1;orders came from the seed rule base (rules as-is);0;0;R7[0.07] R20[0.37] R26[0.34] G1[0.19] A1[0.53] G2[0.37];0.34;0.74;0.04;0.80;0.28;0.00;0.83;0.69;0.0403;0.0344;1
96;96;Agent_1;orders came from the seed rule base (rules as-is);0;0;R7[0.07] R20[0.37] R26[0.34] G1[0.19] A1[0.53] G2[0.37];0.34;0.74;0.04;0.80;0.28;0.00;0.84;0.69;0.0719;0.0892;1
97;97;Agent_1;orders came from the seed rule base (rules as-is);0;0;R7[0.07] R20[0.37] R26[0.34] G1[0.19] A1[0.53] G2[0.37];0.34;0.74;0.04;0.82;0.31;0.00;0.83;0.69;0.0407;0.0484;1
97;97;Agent_1;orders came from the seed rule base (rules as-is);0;0;R7[0.07] R20[0.37] R26[0.34] G1[0.19] A1[0.53] G2[0.37];0.34;0.74;0.04;0.80;0.28;0.00;0.83;0.69;0.0403;0.0344;1
97;97;Agent_1;orders came from the seed rule base (rules as-is);0;0;R7[0.07] R20[0.37] R26[0.34] G1[0.19] A1[0.53] G2[0.37];0.34;0.74;0.04;0.80;0.28;0.00;0.84;0.69;0.0720;0.0892;1
98;98;Agent_1;orders came from the seed rule base (rules as-is);0;0;R7[0.07] R20[0.37] R26[0.34] G1[0.19] A1[0.53] G2[0.37];0.34;0.74;0.04;0.82;0.31;0.00;0.83;0.69;0.0407;0.0500;1
98;98;Agent_1;orders came from the seed rule base (rules as-is);0;0;R7[0.07] R20[0.37] R26[0.34] G1[0.19] A1[0.53] G2[0.37];0.34;0.74;0.04;0.80;0.28;0.00;0.83;0.69;0.0403;0.0344;1
98;98;Agent_1;orders came from the seed rule base (rules as-is);0;0;R7[0.07] R20[0.37] R26[0.34] G1[0.19] A1[0.53] G2[0.37];0.34;0.74;0.04;0.80;0.28;0.00;0.84;0.69;0.0783;0.0951;1
99;99;Agent_1;orders came from the seed rule base (rules as-is);0;0;R7[0.07] R20[0.37] R26[0.34] G1[0.19] A1[0.53] G2[0.37];0.34;0.74;0.04;0.82;0.31;0.00;0.83;0.69;0.0407;0.0500;1
99;99;Agent_1;RL selected stage 1 [evFIS] (deficit bucket: low) → rejected (no improving perturbation found | seed-base decision stands, its orders are applied);1;0;R7[0.07] R20[0.37] R26[0.34] G1[0.19] A1[0.53] G2[0.37];0.34;0.74;0.04;0.80;0.28;0.00;0.83;0.69;0.0403;0.0344;1
99;99;Agent_1;orders came from the seed rule base (rules as-is);0;0;R7[0.07] R20[0.37] R26[0.34] G1[0.19] A1[0.53] G2[0.37];0.34;0.74;0.04;0.80;0.28;0.00;0.84;0.69;0.0785;0.0886;1
100;100;Agent_1;RL selected stage 1 [evFIS] (deficit bucket: low) → rejected (no improving perturbation found | seed-base decision stands, its orders are applied);1;0;R7[0.07] R20[0.37] R26[0.34] G1[0.19] A1[0.53] G2[0.37];0.34;0.74;0.04;0.82;0.31;0.00;0.83;0.69;0.0407;0.0348;1
100;100;Agent_1;orders came from the seed rule base (rules as-is);0;0;R7[0.07] R20[0.37] R26[0.34] G1[0.19] A1[0.53] G2[0.37];0.34;0.74;0.04;0.80;0.28;0.00;0.83;0.69;0.0404;0.0345;1
100;100;Agent_1;orders came from the seed rule base (rules as-is);0;0;R7[0.07] R20[0.37] R26[0.34] G1[0.19] A1[0.53] G2[0.37];0.34;0.74;0.04;0.80;0.28;0.00;0.84;0.69;0.0783;0.0945;1
101;101;Agent_1;orders came from the seed rule base (rules as-is);0;0;R7[0.07] R20[0.37] R26[0.34] G1[0.19] A1[0.53] G2[0.37];0.34;0.74;0.04;0.82;0.31;0.00;0.83;0.69;0.0408;0.0516;1
101;101;Agent_1;orders came from the seed rule base (rules as-is);0;0;R7[0.07] R20[0.37] R26[0.34] G1[0.19] A1[0.53] G2[0.37];0.34;0.74;0.04;0.80;0.28;0.00;0.83;0.69;0.0404;0.0345;1
101;101;Agent_1;orders came from the seed rule base (rules as-is);0;0;R7[0.07] R20[0.37] R26[0.34] G1[0.19] A1[0.53] G2[0.37];0.34;0.74;0.04;0.80;0.28;0.00;0.84;0.69;0.0783;0.0887;1
102;102;Agent_1;orders came from the seed rule base (rules as-is);0;0;R7[0.07] R20[0.37] R26[0.34] G1[0.19] A1[0.53] G2[0.37];0.34;0.74;0.04;0.82;0.31;0.00;0.83;0.69;0.0408;0.0516;1
102;102;Agent_1;orders came from the seed rule base (rules as-is);0;0;R7[0.07] R20[0.37] R26[0.34] G1[0.19] A1[0.53] G2[0.37];0.34;0.74;0.04;0.80;0.28;0.00;0.83;0.69;0.0404;0.0345;1
102;102;Agent_1;orders came from the seed rule base (rules as-is);0;0;R7[0.07] R20[0.37] R26[0.34] G1[0.19] A1[0.53] G2[0.37];0.34;0.74;0.04;0.80;0.28;0.00;0.84;0.69;0.0784;0.0887;1
103;103;Agent_1;orders came from the seed rule base (rules as-is);0;0;R7[0.07] R20[0.37] R26[0.34] G1[0.19] A1[0.53] G2[0.37];0.34;0.74;0.04;0.82;0.31;0.00;0.83;0.69;0.0408;0.0349;1
103;103;Agent_1;orders came from the seed rule base (rules as-is);0;0;R7[0.07] R20[0.37] R26[0.34] G1[0.19] A1[0.53] G2[0.37];0.34;0.74;0.04;0.80;0.28;0.00;0.83;0.69;0.0404;0.0345;1
103;103;Agent_1;orders came from the seed rule base (rules as-is);0;0;R7[0.07] R20[0.37] R26[0.34] G1[0.19] A1[0.53] G2[0.37];0.34;0.74;0.04;0.80;0.28;0.00;0.84;0.69;0.0784;0.0887;1
104;104;Agent_1;orders came from the seed rule base (rules as-is);0;0;R7[0.07] R20[0.37] R26[0.34] G1[0.19] A1[0.53] G2[0.37];0.34;0.74;0.04;0.82;0.31;0.00;0.83;0.69;0.0408;0.0524;1
104;104;Agent_1;orders came from the seed rule base (rules as-is);0;0;R7[0.07] R20[0.37] R26[0.34] G1[0.19] A1[0.53] G2[0.37];0.34;0.74;0.04;0.80;0.28;0.00;0.83;0.69;0.0404;0.0345;1
104;104;Agent_1;orders came from the seed rule base (rules as-is);0;0;R7[0.07] R20[0.37] R26[0.34] G1[0.19] A1[0.53] G2[0.37];0.34;0.74;0.04;0.80;0.28;0.00;0.84;0.69;0.0784;0.0887;1
105;105;Agent_1;orders came from the seed rule base (rules as-is);0;0;R7[0.07] R20[0.37] R26[0.34] G1[0.19] A1[0.53] G2[0.37];0.34;0.74;0.04;0.82;0.31;0.00;0.83;0.69;0.0408;0.0349;1
105;105;Agent_1;orders came from the seed rule base (rules as-is);0;0;R7[0.07] R20[0.37] R26[0.34] G1[0.19] A1[0.53] G2[0.37];0.34;0.74;0.04;0.80;0.28;0.00;0.83;0.69;0.0405;0.0346;1
105;105;Agent_1;orders came from the seed rule base (rules as-is);0;0;R7[0.07] R20[0.37] R26[0.34] G1[0.19] A1[0.53] G2[0.37];0.34;0.74;0.04;0.80;0.28;0.00;0.84;0.69;0.0784;0.0984;1
106;106;Agent_1;orders came from the seed rule base (rules as-is);0;0;R7[0.07] R20[0.37] R26[0.34] G1[0.19] A1[0.53] G2[0.37];0.34;0.74;0.04;0.82;0.31;0.00;0.83;0.69;0.0409;0.0350;1
106;106;Agent_1;orders came from the seed rule base (rules as-is);0;0;R7[0.07] R20[0.37] R26[0.34] G1[0.19] A1[0.53] G2[0.37];0.34;0.74;0.04;0.80;0.28;0.00;0.83;0.69;0.0405;0.0346;1
106;106;Agent_1;orders came from the seed rule base (rules as-is);0;0;R7[0.07] R20[0.37] R26[0.34] G1[0.19] A1[0.53] G2[0.37];0.34;0.74;0.04;0.80;0.28;0.00;0.84;0.69;0.0785;0.1015;1
107;107;Agent_1;orders came from the seed rule base (rules as-is);0;0;R7[0.07] R20[0.37] R26[0.34] G1[0.19] A1[0.53] G2[0.37];0.34;0.74;0.04;0.82;0.31;0.00;0.83;0.69;0.0409;0.0563;1
107;107;Agent_1;orders came from the seed rule base (rules as-is);0;0;R7[0.07] R20[0.37] R26[0.34] G1[0.19] A1[0.53] G2[0.37];0.34;0.74;0.04;0.80;0.28;0.00;0.83;0.69;0.0405;0.0346;1
107;107;Agent_1;orders came from the seed rule base (rules as-is);0;0;R7[0.07] R20[0.37] R26[0.34] G1[0.19] A1[0.53] G2[0.37];0.34;0.74;0.04;0.80;0.28;0.00;0.84;0.69;0.0785;0.0984;1
108;108;Agent_1;orders came from the seed rule base (rules as-is);0;0;R7[0.07] R20[0.37] R26[0.34] G1[0.19] A1[0.53] G2[0.37];0.34;0.74;0.04;0.82;0.31;0.00;0.83;0.69;0.0409;0.0350;1
108;108;Agent_1;orders came from the seed rule base (rules as-is);0;0;R7[0.07] R20[0.37] R26[0.34] G1[0.19] A1[0.53] G2[0.37];0.34;0.74;0.04;0.80;0.28;0.00;0.83;0.69;0.0405;0.0346;1
108;108;Agent_1;orders came from the seed rule base (rules as-is);0;0;R7[0.07] R20[0.37] R26[0.34] G1[0.19] A1[0.53] G2[0.37];0.34;0.74;0.04;0.80;0.28;0.00;0.84;0.69;0.0785;0.0888;1
109;109;Agent_1;orders came from the seed rule base (rules as-is);0;0;R7[0.07] R20[0.37] R26[0.34] G1[0.19] A1[0.53] G2[0.37];0.34;0.74;0.04;0.82;0.31;0.00;0.83;0.69;0.0409;0.0350;1
109;109;Agent_1;RL selected stage 1 [evFIS] (deficit bucket: low) → rejected (no improving perturbation found | seed-base decision stands, its orders are applied);1;0;R7[0.07] R20[0.37] R26[0.34] G1[0.19] A1[0.53] G2[0.37];0.34;0.74;0.04;0.80;0.28;0.00;0.83;0.69;0.0405;0.0346;1
109;109;Agent_1;orders came from the seed rule base (rules as-is);0;0;R7[0.07] R20[0.37] R26[0.34] G1[0.19] A1[0.53] G2[0.37];0.34;0.74;0.04;0.80;0.28;0.00;0.84;0.69;0.0785;0.0888;1
110;110;Agent_1;RL selected stage 1 [evFIS] (deficit bucket: low) → rejected (no improving perturbation found | seed-base decision stands, its orders are applied);1;0;R7[0.07] R20[0.37] R26[0.34] G1[0.19] A1[0.53] G2[0.37];0.34;0.74;0.04;0.82;0.31;0.00;0.83;0.69;0.0409;0.0350;1
110;110;Agent_1;orders came from the seed rule base (rules as-is);0;0;R7[0.07] R20[0.37] R26[0.34] G1[0.19] A1[0.53] G2[0.37];0.34;0.74;0.04;0.80;0.28;0.00;0.83;0.69;0.0406;0.0347;1
110;110;Agent_1;orders came from the seed rule base (rules as-is);0;0;R7[0.07] R20[0.37] R26[0.34] G1[0.19] A1[0.53] G2[0.37];0.34;0.74;0.04;0.80;0.28;0.00;0.84;0.69;0.0820;0.0889;1
111;111;Agent_1;orders came from the seed rule base (rules as-is);0;0;R7[0.07] R20[0.37] R26[0.34] G1[0.19] A1[0.53] G2[0.37];0.34;0.74;0.04;0.82;0.31;0.00;0.83;0.69;0.0410;0.0351;1
111;111;Agent_1;orders came from the seed rule base (rules as-is);0;0;R7[0.07] R20[0.37] R26[0.34] G1[0.19] A1[0.53] G2[0.37];0.34;0.74;0.04;0.80;0.28;0.00;0.83;0.69;0.0406;0.0347;1
111;111;Agent_1;orders came from the seed rule base (rules as-is);0;0;R7[0.07] R20[0.37] R26[0.34] G1[0.19] A1[0.53] G2[0.37];0.34;0.74;0.04;0.80;0.28;0.00;0.84;0.69;0.0822;0.0934;1
112;112;Agent_1;orders came from the seed rule base (rules as-is);0;0;R7[0.07] R20[0.37] R26[0.34] G1[0.19] A1[0.53] G2[0.37];0.34;0.74;0.04;0.82;0.31;0.00;0.83;0.69;0.0410;0.0533;1
112;112;Agent_1;orders came from the seed rule base (rules as-is);0;0;R7[0.07] R20[0.37] R26[0.34] G1[0.19] A1[0.53] G2[0.37];0.34;0.74;0.04;0.80;0.28;0.00;0.83;0.69;0.0406;0.0347;1
112;112;Agent_1;orders came from the seed rule base (rules as-is);0;0;R7[0.07] R20[0.37] R26[0.34] G1[0.19] A1[0.53] G2[0.37];0.34;0.74;0.04;0.80;0.28;0.00;0.84;0.69;0.0820;0.0889;1
113;113;Agent_1;orders came from the seed rule base (rules as-is);0;0;R7[0.07] R20[0.37] R26[0.34] G1[0.19] A1[0.53] G2[0.37];0.34;0.74;0.04;0.82;0.31;0.00;0.83;0.69;0.0410;0.0572;1
113;113;Agent_1;orders came from the seed rule base (rules as-is);0;0;R7[0.07] R20[0.37] R26[0.34] G1[0.19] A1[0.53] G2[0.37];0.34;0.74;0.04;0.80;0.28;0.00;0.83;0.69;0.0406;0.0347;1
113;113;Agent_1;orders came from the seed rule base (rules as-is);0;0;R7[0.07] R20[0.37] R26[0.34] G1[0.19] A1[0.53] G2[0.37];0.34;0.74;0.04;0.80;0.28;0.00;0.84;0.69;0.0827;0.0889;1
114;114;Agent_1;orders came from the seed rule base (rules as-is);0;0;R7[0.07] R20[0.37] R26[0.34] G1[0.19] A1[0.53] G2[0.37];0.34;0.74;0.04;0.82;0.31;0.00;0.83;0.69;0.0410;0.0351;1
114;114;Agent_1;orders came from the seed rule base (rules as-is);0;0;R7[0.07] R20[0.37] R26[0.34] G1[0.19] A1[0.53] G2[0.37];0.34;0.74;0.04;0.80;0.28;0.00;0.83;0.69;0.0406;0.0347;1
114;114;Agent_1;orders came from the seed rule base (rules as-is);0;0;R7[0.07] R20[0.37] R26[0.34] G1[0.19] A1[0.53] G2[0.37];0.34;0.74;0.04;0.80;0.28;0.00;0.84;0.69;0.0828;0.0889;1
115;115;Agent_1;orders came from the seed rule base (rules as-is);0;0;R7[0.07] R20[0.37] R26[0.34] G1[0.19] A1[0.53] G2[0.37];0.34;0.74;0.04;0.82;0.31;0.00;0.83;0.69;0.0410;0.0351;1
115;115;Agent_1;orders came from the seed rule base (rules as-is);0;0;R7[0.07] R20[0.37] R26[0.34] G1[0.19] A1[0.53] G2[0.37];0.34;0.74;0.04;0.80;0.28;0.00;0.83;0.69;0.0407;0.0348;1
115;115;Agent_1;orders came from the seed rule base (rules as-is);0;0;R7[0.07] R20[0.37] R26[0.34] G1[0.19] A1[0.53] G2[0.37];0.34;0.74;0.04;0.80;0.28;0.00;0.84;0.69;0.0827;0.0890;1
116;116;Agent_1;orders came from the seed rule base (rules as-is);0;0;R7[0.07] R20[0.37] R26[0.34] G1[0.19] A1[0.53] G2[0.37];0.34;0.74;0.04;0.82;0.31;0.00;0.83;0.69;0.0411;0.0352;1
116;116;Agent_1;orders came from the seed rule base (rules as-is);0;0;R7[0.07] R20[0.37] R26[0.34] G1[0.19] A1[0.53] G2[0.37];0.34;0.74;0.04;0.80;0.28;0.00;0.83;0.69;0.0406;0.0348;1
116;116;Agent_1;orders came from the seed rule base (rules as-is);0;0;R7[0.07] R20[0.37] R26[0.34] G1[0.19] A1[0.53] G2[0.37];0.34;0.74;0.04;0.80;0.28;0.00;0.84;0.69;0.0828;0.0890;1
117;117;Agent_1;orders came from the seed rule base (rules as-is);0;0;R7[0.07] R20[0.37] R26[0.34] G1[0.19] A1[0.53] G2[0.37];0.34;0.74;0.04;0.82;0.31;0.00;0.83;0.69;0.0411;0.0352;1
117;117;Agent_1;orders came from the seed rule base (rules as-is);0;0;R7[0.07] R20[0.37] R26[0.34] G1[0.19] A1[0.53] G2[0.37];0.34;0.74;0.04;0.80;0.28;0.00;0.83;0.69;0.0407;0.0348;1
117;117;Agent_1;orders came from the seed rule base (rules as-is);0;0;R7[0.07] R20[0.37] R26[0.34] G1[0.19] A1[0.53] G2[0.37];0.34;0.74;0.04;0.80;0.28;0.00;0.84;0.69;0.0861;0.0923;1
118;118;Agent_1;orders came from the seed rule base (rules as-is);0;0;R7[0.07] R20[0.37] R26[0.34] G1[0.19] A1[0.53] G2[0.37];0.34;0.74;0.04;0.82;0.31;0.00;0.83;0.69;0.0411;0.0535;1
118;118;Agent_1;orders came from the seed rule base (rules as-is);0;0;R7[0.07] R20[0.37] R26[0.34] G1[0.19] A1[0.53] G2[0.37];0.34;0.74;0.04;0.80;0.28;0.00;0.83;0.69;0.0406;0.0348;1
118;118;Agent_1;RL selected stage 1 [evFIS] (deficit bucket: low) → rejected (no improving perturbation found | seed-base decision stands, its orders are applied);1;0;R7[0.07] R20[0.37] R26[0.34] G1[0.19] A1[0.53] G2[0.37];0.34;0.74;0.04;0.80;0.28;0.00;0.84;0.69;0.0864;0.0890;1
119;119;Agent_1;RL selected stage 1 [evFIS] (deficit bucket: low) → ACCEPTED: A1 consequents -0.05;1;1;R7[0.07] R20[0.32] R26[0.25] G1[0.29] A1[0.53] G2[0.32];0.25;0.70;0.04;0.80;0.28;0.00;0.82;0.69;0.0181;0.0352;1
119;119;Agent_1;RL selected stage 1 [evFIS] (deficit bucket: low) → rejected (no improving perturbation found | seed-base decision stands, its orders are applied);1;0;R7[0.07] R20[0.37] R26[0.34] G1[0.19] A1[0.53] G2[0.37];0.34;0.74;0.04;0.80;0.28;0.00;0.83;0.69;0.0407;0.0348;1
119;119;Agent_1;orders came from the seed rule base (rules as-is);0;0;R7[0.07] R20[0.37] R26[0.34] G1[0.19] A1[0.53] G2[0.37];0.34;0.74;0.04;0.80;0.28;0.00;0.84;0.69;0.0868;0.0890;1
120;120;Agent_1;orders came from the seed rule base (rules as-is);0;0;R7[0.07] R20[0.52] R26[0.32] G1[0.22] A1[0.53] G2[0.52];0.32;0.75;0.04;0.81;0.28;0.00;0.81;0.69;0.2925;0.2935;1
120;120;Agent_1;orders came from the seed rule base (rules as-is);0;0;R7[0.07] R20[0.37] R26[0.34] G1[0.19] A1[0.53] G2[0.37];0.34;0.74;0.04;0.80;0.28;0.00;0.83;0.69;0.0405;0.0348;1
120;120;Agent_1;orders came from the seed rule base (rules as-is);0;0;R7[0.07] R20[0.37] R26[0.34] G1[0.19] A1[0.53] G2[0.37];0.34;0.74;0.04;0.80;0.28;0.00;0.84;0.69;0.0870;0.0891;1
121;121;Agent_1;orders came from the seed rule base (rules as-is);0;0;R7[0.07] R20[0.58] R26[0.34] G1[0.20] A1[0.53] G2[0.58];0.34;0.75;0.04;0.81;0.28;0.00;0.82;0.69;0.2921;0.2934;1
121;121;Agent_1;orders came from the seed rule base (rules as-is);0;0;R7[0.07] R20[0.37] R26[0.34] G1[0.19] A1[0.53] G2[0.37];0.34;0.74;0.04;0.80;0.28;0.00;0.83;0.69;0.0406;0.0349;1
121;121;Agent_1;orders came from the seed rule base (rules as-is);0;0;R7[0.07] R20[0.37] R26[0.34] G1[0.19] A1[0.53] G2[0.37];0.34;0.74;0.04;0.80;0.28;0.00;0.84;0.69;0.0868;0.0897;1
122;122;Agent_1;orders came from the seed rule base (rules as-is);0;0;R7[0.07] R20[0.60] R26[0.34] G1[0.19] A1[0.53] G2[0.60];0.34;0.76;0.04;0.81;0.28;0.00;0.82;0.69;0.2928;0.2932;1
122;122;Agent_1;orders came from the seed rule base (rules as-is);0;0;R7[0.07] R20[0.37] R26[0.34] G1[0.19] A1[0.53] G2[0.37];0.34;0.74;0.04;0.80;0.28;0.00;0.83;0.69;0.0405;0.0349;1
122;122;Agent_1;orders came from the seed rule base (rules as-is);0;0;R7[0.07] R20[0.37] R26[0.34] G1[0.19] A1[0.53] G2[0.37];0.34;0.74;0.04;0.80;0.28;0.00;0.84;0.69;0.0906;0.0891;1
123;123;Agent_1;orders came from the seed rule base (rules as-is);0;0;R7[0.07] R20[0.60] R26[0.34] G1[0.19] A1[0.53] G2[0.60];0.34;0.76;0.04;0.81;0.28;0.00;0.82;0.69;0.2924;0.2930;1
123;123;Agent_1;orders came from the seed rule base (rules as-is);0;0;R7[0.07] R20[0.37] R26[0.34] G1[0.19] A1[0.53] G2[0.37];0.34;0.74;0.04;0.80;0.28;0.00;0.83;0.69;0.0402;0.0349;1
123;123;Agent_1;orders came from the seed rule base (rules as-is);0;0;R7[0.07] R20[0.37] R26[0.34] G1[0.19] A1[0.53] G2[0.37];0.34;0.74;0.04;0.80;0.28;0.00;0.84;0.69;0.0912;0.0898;1
124;124;Agent_1;orders came from the seed rule base (rules as-is);0;0;R7[0.07] R20[0.60] R26[0.34] G1[0.19] A1[0.53] G2[0.60];0.34;0.76;0.04;0.81;0.28;0.00;0.82;0.69;0.2925;0.2931;1
124;124;Agent_1;orders came from the seed rule base (rules as-is);0;0;R7[0.07] R20[0.25] R26[0.10] G1[0.48] A1[0.53] G2[0.25];0.10;0.61;0.04;0.80;0.28;0.00;0.84;0.69;0.0416;0.0349;1
124;124;Agent_1;orders came from the seed rule base (rules as-is);0;0;R7[0.07] R20[0.37] R26[0.34] G1[0.19] A1[0.53] G2[0.37];0.34;0.74;0.04;0.80;0.28;0.00;0.84;0.69;0.0906;0.0891;1
125;125;Agent_1;orders came from the seed rule base (rules as-is);0;0;R7[0.07] R20[0.60] R26[0.34] G1[0.19] A1[0.53] G2[0.60];0.34;0.76;0.04;0.81;0.28;0.00;0.82;0.69;0.2926;0.2932;1
125;125;Agent_1;orders came from the seed rule base (rules as-is);0;0;R7[0.07] R20[0.37] R26[0.34] G1[0.19] A1[0.53] G2[0.37];0.34;0.74;0.04;0.80;0.28;0.00;0.84;0.69;0.0907;0.0892;1
126;126;Agent_1;orders came from the seed rule base (rules as-is);0;0;R7[0.07] R20[0.60] R26[0.34] G1[0.19] A1[0.53] G2[0.60];0.34;0.76;0.04;0.81;0.28;0.00;0.82;0.69;0.2938;0.2932;1
126;126;Agent_1;orders came from the seed rule base (rules as-is);0;0;R7[0.07] R20[0.37] R26[0.34] G1[0.19] A1[0.53] G2[0.37];0.34;0.74;0.04;0.80;0.28;0.00;0.84;0.69;0.0907;0.0892;1
127;127;Agent_1;orders came from the seed rule base (rules as-is);0;0;R7[0.07] R20[0.60] R26[0.34] G1[0.19] A1[0.53] G2[0.60];0.34;0.76;0.04;0.81;0.28;0.00;0.82;0.69;0.2928;0.2935;1
127;127;Agent_1;orders came from the seed rule base (rules as-is);0;0;R7[0.07] R20[0.37] R26[0.34] G1[0.19] A1[0.53] G2[0.37];0.34;0.74;0.04;0.80;0.28;0.00;0.84;0.69;0.0907;0.0892;1
128;128;Agent_1;orders came from the seed rule base (rules as-is);0;0;R7[0.07] R20[0.60] R26[0.34] G1[0.19] A1[0.53] G2[0.60];0.34;0.76;0.04;0.81;0.28;0.00;0.82;0.69;0.2936;0.2933;1
128;128;Agent_1;RL selected stage 1 [evFIS] (deficit bucket: low) → rejected (no improving perturbation found | seed-base decision stands, its orders are applied);1;0;R7[0.07] R20[0.37] R26[0.34] G1[0.19] A1[0.53] G2[0.37];0.34;0.74;0.04;0.80;0.28;0.00;0.84;0.69;0.0907;0.0892;1
129;129;Agent_1;RL selected stage 1 [evFIS] (deficit bucket: low) → ACCEPTED: R20 consequents -0.05;1;1;R7[0.07] R20[0.60] R26[0.34] G1[0.19] A1[0.53] G2[0.60];0.34;0.74;0.04;0.81;0.28;0.00;0.83;0.69;0.2941;0.2937;1
129;129;Agent_1;orders came from the seed rule base (rules as-is);0;0;R7[0.07] R20[0.37] R26[0.34] G1[0.19] A1[0.53] G2[0.37];0.34;0.74;0.04;0.80;0.28;0.00;0.84;0.69;0.0907;0.0892;1
130;130;Agent_1;orders came from the seed rule base (rules as-is);0;0;R7[0.07] R20[0.60] R26[0.34] G1[0.19] A1[0.53] G2[0.60];0.34;0.74;0.04;0.81;0.28;0.00;0.83;0.69;0.2934;0.2934;1
130;130;Agent_1;orders came from the seed rule base (rules as-is);0;0;R7[0.07] R20[0.37] R26[0.34] G1[0.19] A1[0.53] G2[0.37];0.34;0.74;0.04;0.80;0.28;0.00;0.84;0.69;0.0907;0.0893;1
131;131;Agent_1;orders came from the seed rule base (rules as-is);0;0;R7[0.07] R20[0.60] R26[0.34] G1[0.19] A1[0.53] G2[0.60];0.34;0.74;0.04;0.81;0.28;0.00;0.83;0.69;0.2944;0.2933;1
131;131;Agent_1;orders came from the seed rule base (rules as-is);0;0;R7[0.07] R20[0.37] R26[0.34] G1[0.19] A1[0.53] G2[0.37];0.34;0.74;0.04;0.80;0.28;0.00;0.84;0.69;0.0908;0.0893;1
132;132;Agent_1;orders came from the seed rule base (rules as-is);0;0;R7[0.07] R20[0.60] R26[0.34] G1[0.19] A1[0.53] G2[0.60];0.34;0.74;0.04;0.81;0.28;0.00;0.83;0.69;0.2944;0.2934;1
132;132;Agent_1;orders came from the seed rule base (rules as-is);0;0;R7[0.07] R20[0.37] R26[0.34] G1[0.19] A1[0.53] G2[0.37];0.34;0.74;0.04;0.80;0.28;0.00;0.84;0.69;0.0908;0.0893;1
133;133;Agent_1;orders came from the seed rule base (rules as-is);0;0;R7[0.07] R20[0.60] R26[0.34] G1[0.19] A1[0.53] G2[0.60];0.34;0.74;0.04;0.81;0.28;0.00;0.83;0.69;0.2949;0.2933;1
133;133;Agent_1;orders came from the seed rule base (rules as-is);0;0;R7[0.07] R20[0.37] R26[0.34] G1[0.19] A1[0.53] G2[0.37];0.34;0.74;0.04;0.80;0.28;0.00;0.84;0.69;0.0908;0.0893;1
134;134;Agent_1;orders came from the seed rule base (rules as-is);0;0;R7[0.07] R20[0.60] R26[0.34] G1[0.19] A1[0.53] G2[0.60];0.34;0.74;0.04;0.81;0.28;0.00;0.83;0.69;0.2949;0.2934;1
134;134;Agent_1;orders came from the seed rule base (rules as-is);0;0;R7[0.07] R20[0.37] R26[0.34] G1[0.19] A1[0.53] G2[0.37];0.34;0.74;0.04;0.80;0.28;0.00;0.84;0.69;0.0908;0.0893;1
135;135;Agent_1;orders came from the seed rule base (rules as-is);0;0;R7[0.07] R20[0.60] R26[0.34] G1[0.19] A1[0.53] G2[0.60];0.34;0.74;0.04;0.81;0.28;0.00;0.83;0.69;0.2941;0.2931;1
135;135;Agent_1;orders came from the seed rule base (rules as-is);0;0;R7[0.07] R20[0.37] R26[0.34] G1[0.19] A1[0.53] G2[0.37];0.34;0.74;0.04;0.80;0.28;0.00;0.84;0.69;0.0908;0.0893;1
136;136;Agent_1;orders came from the seed rule base (rules as-is);0;0;R7[0.07] R20[0.60] R26[0.34] G1[0.19] A1[0.53] G2[0.60];0.34;0.74;0.04;0.81;0.28;0.00;0.83;0.69;0.2943;0.2932;1
136;136;Agent_1;orders came from the seed rule base (rules as-is);0;0;R7[0.07] R20[0.37] R26[0.34] G1[0.19] A1[0.53] G2[0.37];0.34;0.74;0.04;0.80;0.28;0.00;0.84;0.69;0.0909;0.0894;1
137;137;Agent_1;orders came from the seed rule base (rules as-is);0;0;R7[0.07] R20[0.60] R26[0.34] G1[0.19] A1[0.53] G2[0.60];0.34;0.74;0.04;0.81;0.28;0.00;0.83;0.69;0.2946;0.2932;1
137;137;Agent_1;orders came from the seed rule base (rules as-is);0;0;R7[0.07] R20[0.37] R26[0.34] G1[0.19] A1[0.53] G2[0.37];0.34;0.74;0.04;0.80;0.28;0.00;0.84;0.69;0.0909;0.0894;1
138;138;Agent_1;orders came from the seed rule base (rules as-is);0;0;R7[0.07] R20[0.60] R26[0.34] G1[0.19] A1[0.53] G2[0.60];0.34;0.74;0.04;0.81;0.28;0.00;0.83;0.69;0.2946;0.2935;1
138;138;Agent_1;RL selected stage 1 [evFIS] (deficit bucket: low) → rejected (no improving perturbation found | seed-base decision stands, its orders are applied);1;0;R7[0.07] R20[0.37] R26[0.34] G1[0.19] A1[0.53] G2[0.37];0.34;0.74;0.04;0.80;0.28;0.00;0.84;0.69;0.0909;0.0894;1
139;139;Agent_1;RL selected stage 1 [evFIS] (deficit bucket: low) → ACCEPTED: R20 consequents +0.05;1;1;R7[0.07] R20[0.60] R26[0.34] G1[0.19] A1[0.53] G2[0.60];0.34;0.76;0.04;0.81;0.28;0.00;0.82;0.69;0.2947;0.2935;1
139;139;Agent_1;orders came from the seed rule base (rules as-is);0;0;R7[0.07] R20[0.60] R26[0.34] G1[0.19] A1[0.53] G2[0.60];0.34;0.76;0.04;0.81;0.28;0.00;0.82;0.69;0.2947;0.2935;1
139;139;Agent_1;orders came from the seed rule base (rules as-is);0;0;R7[0.07] R20[0.37] R26[0.34] G1[0.19] A1[0.53] G2[0.37];0.34;0.74;0.04;0.80;0.28;0.00;0.84;0.69;0.0909;0.0894;1
140;140;Agent_1;orders came from the seed rule base (rules as-is);0;0;R7[0.07] R20[0.60] R26[0.34] G1[0.19] A1[0.53] G2[0.60];0.34;0.76;0.04;0.81;0.28;0.00;0.82;0.69;0.2953;0.2933;1
140;140;Agent_1;orders came from the seed rule base (rules as-is);0;0;R7[0.07] R20[0.37] R26[0.34] G1[0.19] A1[0.53] G2[0.37];0.34;0.74;0.04;0.80;0.28;0.00;0.84;0.69;0.0909;0.0894;1
141;141;Agent_1;orders came from the seed rule base (rules as-is);0;0;R7[0.07] R20[0.60] R26[0.34] G1[0.19] A1[0.53] G2[0.60];0.34;0.76;0.04;0.81;0.28;0.00;0.82;0.69;0.2948;0.2932;1
141;141;Agent_1;orders came from the seed rule base (rules as-is);0;0;R7[0.07] R20[0.37] R26[0.34] G1[0.19] A1[0.53] G2[0.37];0.34;0.74;0.04;0.80;0.28;0.00;0.84;0.69;0.0909;0.0895;1
142;142;Agent_1;orders came from the seed rule base (rules as-is);0;0;R7[0.07] R20[0.60] R26[0.34] G1[0.19] A1[0.53] G2[0.60];0.34;0.76;0.04;0.81;0.28;0.00;0.82;0.69;0.2950;0.2933;1
142;142;Agent_1;orders came from the seed rule base (rules as-is);0;0;R7[0.07] R20[0.37] R26[0.34] G1[0.19] A1[0.53] G2[0.37];0.34;0.74;0.04;0.80;0.28;0.00;0.84;0.69;0.0910;0.0895;1
143;143;Agent_1;orders came from the seed rule base (rules as-is);0;0;R7[0.07] R20[0.60] R26[0.34] G1[0.19] A1[0.53] G2[0.60];0.34;0.76;0.04;0.81;0.28;0.00;0.82;0.69;0.2951;0.2936;1
143;143;Agent_1;orders came from the seed rule base (rules as-is);0;0;R7[0.07] R20[0.37] R26[0.34] G1[0.19] A1[0.53] G2[0.37];0.34;0.74;0.04;0.80;0.28;0.00;0.84;0.69;0.0910;0.0895;1
144;144;Agent_1;orders came from the seed rule base (rules as-is);0;0;R7[0.07] R20[0.60] R26[0.34] G1[0.19] A1[0.53] G2[0.60];0.34;0.76;0.04;0.81;0.28;0.00;0.82;0.69;0.2958;0.2933;1
144;144;Agent_1;orders came from the seed rule base (rules as-is);0;0;R7[0.07] R20[0.37] R26[0.34] G1[0.19] A1[0.53] G2[0.37];0.34;0.74;0.04;0.80;0.28;0.00;0.84;0.69;0.0910;0.0895;1
145;145;Agent_1;orders came from the seed rule base (rules as-is);0;0;R7[0.07] R20[0.60] R26[0.34] G1[0.19] A1[0.53] G2[0.60];0.34;0.76;0.04;0.81;0.28;0.00;0.82;0.69;0.2953;0.2934;1
145;145;Agent_1;orders came from the seed rule base (rules as-is);0;0;R7[0.07] R20[0.37] R26[0.34] G1[0.19] A1[0.53] G2[0.37];0.34;0.74;0.04;0.80;0.28;0.00;0.84;0.69;0.0910;0.0895;1
146;146;Agent_1;orders came from the seed rule base (rules as-is);0;0;R7[0.07] R20[0.60] R26[0.34] G1[0.19] A1[0.53] G2[0.60];0.34;0.76;0.04;0.81;0.28;0.00;0.82;0.69;0.2954;0.2934;1
146;146;Agent_1;orders came from the seed rule base (rules as-is);0;0;R7[0.07] R20[0.37] R26[0.34] G1[0.19] A1[0.53] G2[0.37];0.34;0.74;0.04;0.80;0.28;0.00;0.84;0.69;0.0910;0.0895;1
147;147;Agent_1;orders came from the seed rule base (rules as-is);0;0;R7[0.07] R20[0.60] R26[0.34] G1[0.19] A1[0.53] G2[0.60];0.34;0.76;0.04;0.81;0.28;0.00;0.82;0.69;0.2959;0.2936;1
147;147;Agent_1;orders came from the seed rule base (rules as-is);0;0;R7[0.07] R20[0.37] R26[0.34] G1[0.19] A1[0.53] G2[0.37];0.34;0.74;0.04;0.80;0.28;0.00;0.84;0.69;0.0911;0.0896;1
148;148;Agent_1;RL selected stage 2 [resolution increase] (deficit bucket: low) → rejected (cell already covered — an active rule sits on this antecedent cell; numeric tuning of an existing cell is stage ① evFIS's job | seed-base decision stands, its orders are applied);2;0;R7[0.07] R20[0.37] R26[0.34] G1[0.19] A1[0.53] G2[0.37];0.34;0.74;0.04;0.80;0.28;0.00;0.84;0.69;0.0911;0.0896;1
149;149;Agent_1;orders came from the seed rule base (rules as-is);0;0;R7[0.07] R20[0.37] R26[0.34] G1[0.19] A1[0.53] G2[0.37];0.34;0.74;0.04;0.80;0.28;0.00;0.84;0.69;0.0911;0.0896;1
150;150;Agent_1;orders came from the seed rule base (rules as-is);0;0;R7[0.07] R20[0.37] R26[0.34] G1[0.19] A1[0.53] G2[0.37];0.34;0.74;0.04;0.80;0.28;0.00;0.84;0.69;0.0911;0.0896;1
151;151;Agent_1;orders came from the seed rule base (rules as-is);0;0;R7[0.07] R20[0.37] R26[0.34] G1[0.19] A1[0.53] G2[0.37];0.34;0.74;0.04;0.80;0.28;0.00;0.84;0.69;0.0911;0.0896;1
152;152;Agent_1;orders came from the seed rule base (rules as-is);0;0;R7[0.07] R20[0.37] R26[0.34] G1[0.19] A1[0.53] G2[0.37];0.34;0.74;0.04;0.80;0.28;0.00;0.84;0.69;0.0911;0.0897;1
153;153;Agent_1;orders came from the seed rule base (rules as-is);0;0;R7[0.07] R20[0.37] R26[0.34] G1[0.19] A1[0.53] G2[0.37];0.34;0.74;0.04;0.80;0.28;0.00;0.84;0.69;0.0912;0.0897;1
154;154;Agent_1;orders came from the seed rule base (rules as-is);0;0;R7[0.07] R20[0.37] R26[0.34] G1[0.19] A1[0.53] G2[0.37];0.34;0.74;0.04;0.80;0.28;0.00;0.84;0.69;0.0912;0.0897;1
155;155;Agent_1;orders came from the seed rule base (rules as-is);0;0;R7[0.07] R20[0.37] R26[0.34] G1[0.19] A1[0.53] G2[0.37];0.34;0.74;0.04;0.80;0.28;0.00;0.84;0.69;0.0912;0.0897;1
156;156;Agent_1;orders came from the seed rule base (rules as-is);0;0;R7[0.07] R20[0.37] R26[0.34] G1[0.19] A1[0.53] G2[0.37];0.34;0.74;0.04;0.80;0.28;0.00;0.84;0.69;0.0912;0.0897;1
157;157;Agent_1;orders came from the seed rule base (rules as-is);0;0;R7[0.07] R20[0.37] R26[0.34] G1[0.19] A1[0.53] G2[0.37];0.34;0.74;0.04;0.80;0.28;0.00;0.84;0.69;0.0912;0.0897;1
158;158;Agent_1;RL selected stage 1 [evFIS] (deficit bucket: low) → rejected (no improving perturbation found | seed-base decision stands, its orders are applied);1;0;R7[0.07] R20[0.37] R26[0.34] G1[0.19] A1[0.53] G2[0.37];0.34;0.74;0.04;0.80;0.28;0.00;0.84;0.69;0.0912;0.0898;1
159;159;Agent_1;orders came from the seed rule base (rules as-is);0;0;R7[0.07] R20[0.37] R26[0.34] G1[0.19] A1[0.53] G2[0.37];0.34;0.74;0.04;0.80;0.28;0.00;0.84;0.69;0.0913;0.0898;1
160;160;Agent_1;orders came from the seed rule base (rules as-is);0;0;R7[0.07] R20[0.37] R26[0.34] G1[0.19] A1[0.53] G2[0.37];0.34;0.74;0.04;0.80;0.28;0.00;0.84;0.69;0.0913;0.0898;1
161;161;Agent_1;orders came from the seed rule base (rules as-is);0;0;R7[0.07] R20[0.37] R26[0.34] G1[0.19] A1[0.53] G2[0.37];0.34;0.74;0.04;0.80;0.28;0.00;0.84;0.69;0.0913;0.0898;1
162;162;Agent_1;orders came from the seed rule base (rules as-is);0;0;R7[0.07] R20[0.37] R26[0.34] G1[0.19] A1[0.53] G2[0.37];0.34;0.74;0.04;0.80;0.28;0.00;0.84;0.69;0.0913;0.0898;1
163;163;Agent_1;orders came from the seed rule base (rules as-is);0;0;R7[0.07] R20[0.37] R26[0.34] G1[0.19] A1[0.53] G2[0.37];0.34;0.74;0.04;0.80;0.28;0.00;0.84;0.69;0.0913;0.0898;1
164;164;Agent_1;orders came from the seed rule base (rules as-is);0;0;R7[0.07] R20[0.37] R26[0.34] G1[0.19] A1[0.53] G2[0.37];0.34;0.74;0.04;0.80;0.28;0.00;0.84;0.69;0.0914;0.0899;1
165;165;Agent_1;orders came from the seed rule base (rules as-is);0;0;R7[0.07] R20[0.37] R26[0.34] G1[0.19] A1[0.53] G2[0.37];0.34;0.74;0.04;0.80;0.28;0.00;0.84;0.69;0.0914;0.0899;1
166;166;Agent_1;orders came from the seed rule base (rules as-is);0;0;R7[0.07] R20[0.37] R26[0.34] G1[0.19] A1[0.53] G2[0.37];0.34;0.74;0.04;0.80;0.28;0.00;0.84;0.69;0.0914;0.0899;1
167;167;Agent_1;orders came from the seed rule base (rules as-is);0;0;R7[0.07] R20[0.37] R26[0.34] G1[0.19] A1[0.53] G2[0.37];0.34;0.74;0.04;0.80;0.28;0.00;0.84;0.69;0.0914;0.0899;1
168;168;Agent_1;RL selected stage 1 [evFIS] (deficit bucket: low) → rejected (no improving perturbation found | seed-base decision stands, its orders are applied);1;0;R7[0.07] R20[0.37] R26[0.34] G1[0.19] A1[0.53] G2[0.37];0.34;0.74;0.04;0.80;0.28;0.00;0.84;0.69;0.0914;0.0899;1
