step;t_min;region;story;stage_tried;stage_accepted;fired_rules;suppression;deployment;containment;protection;evacuation;warning;quality;gate_min;J_forecast;J_noaction;attended
10;10;Agent_1;orders came from the seed rule base (rules as-is);0;0;R3[0.46] R6[0.02] R9[0.03] R10[0.02] R13[0.05] R20[0.04];0.55;0.73;0.00;0.25;0.40;0.10;0.64;0.00;0.1621;0.2918;1
10;10;Agent_2;orders came from the seed rule base (rules as-is);0;0;R3[0.32] R6[0.19] R9[0.27] R10[0.18] R24[0.30] R25[0.27];0.64;0.72;0.00;0.51;0.42;0.38;0.76;0.00;0.1621;0.2918;1
10;10;Agent_3;orders came from the seed rule base (rules as-is);0;0;R3[0.50] R6[0.02] R9[0.03] R10[0.02] R11[0.23] R13[0.05];0.21;0.59;0.35;0.29;0.76;0.63;0.70;0.00;0.1621;0.2918;1
10;10;Agent_4;orders came from the seed rule base (rules as-is);0;0;R3[0.32] R6[0.21] R9[0.29] R10[0.19] R24[0.28] R25[0.29];0.64;0.73;0.00;0.51;0.43;0.39;0.76;0.00;0.1621;0.2918;1
11;11;Agent_1;orders came from the seed rule base (rules as-is);0;0;R3[0.41] R6[0.02] R9[0.02] R10[0.02] R13[0.04] R20[0.04];0.55;0.74;0.00;0.22;0.40;0.09;0.63;0.00;0.1679;0.2920;1
11;11;Agent_2;orders came from the seed rule base (rules as-is);0;0;R3[0.29] R6[0.18] R9[0.25] R10[0.16] R24[0.27] R25[0.25];0.64;0.73;0.00;0.51;0.42;0.34;0.72;0.00;0.1679;0.2920;1
11;11;Agent_3;orders came from the seed rule base (rules as-is);0;0;R3[0.45] R6[0.02] R9[0.02] R10[0.02] R11[0.20] R13[0.04];0.22;0.59;0.36;0.26;0.76;0.57;0.70;0.00;0.1679;0.2920;1
11;11;Agent_4;orders came from the seed rule base (rules as-is);0;0;R3[0.29] R6[0.19] R9[0.26] R10[0.17] R24[0.26] R25[0.26];0.64;0.74;0.00;0.51;0.42;0.35;0.72;0.00;0.1679;0.2920;1
12;12;Agent_1;orders came from the seed rule base (rules as-is);0;0;R3[0.37] R6[0.02] R9[0.02] R10[0.01] R13[0.04] R20[0.03];0.55;0.75;0.00;0.20;0.40;0.08;0.63;0.00;0.1665;0.2923;1
12;12;Agent_2;orders came from the seed rule base (rules as-is);0;0;R3[0.26] R6[0.16] R9[0.22] R10[0.14] R24[0.24] R25[0.22];0.64;0.75;0.00;0.51;0.42;0.30;0.69;0.00;0.1665;0.2923;1
12;12;Agent_3;orders came from the seed rule base (rules as-is);0;0;R3[0.40] R6[0.02] R9[0.02] R10[0.01] R11[0.18] R13[0.04];0.23;0.60;0.37;0.24;0.76;0.51;0.68;0.00;0.1665;0.2923;1
12;12;Agent_4;orders came from the seed rule base (rules as-is);0;0;R3[0.26] R6[0.17] R9[0.24] R10[0.15] R24[0.23] R25[0.24];0.64;0.75;0.00;0.51;0.42;0.31;0.69;0.00;0.1665;0.2923;1
13;13;Agent_1;orders came from the seed rule base (rules as-is);0;0;R3[0.34] R6[0.01] R9[0.02] R10[0.01] R13[0.03] R20[0.03];0.55;0.77;0.00;0.18;0.39;0.07;0.62;0.00;0.1679;0.2925;1
13;13;Agent_2;orders came from the seed rule base (rules as-is);0;0;R3[0.24] R6[0.14] R9[0.20] R10[0.13] R24[0.22] R25[0.20];0.63;0.76;0.00;0.51;0.42;0.27;0.66;0.00;0.1679;0.2925;1
13;13;Agent_3;orders came from the seed rule base (rules as-is);0;0;R3[0.36] R6[0.01] R9[0.02] R10[0.01] R11[0.16] R13[0.03];0.23;0.61;0.38;0.21;0.76;0.46;0.67;0.00;0.1679;0.2925;1
13;13;Agent_4;orders came from the seed rule base (rules as-is);0;0;R3[0.24] R6[0.15] R9[0.21] R10[0.14] R24[0.21] R25[0.21];0.64;0.76;0.00;0.51;0.42;0.28;0.66;0.00;0.1679;0.2925;1
14;14;Agent_1;orders came from the seed rule base (rules as-is);0;0;R3[0.30] R6[0.01] R9[0.02] R10[0.01] R13[0.03] R20[0.03];0.55;0.78;0.00;0.16;0.35;0.06;0.62;0.00;0.1681;0.2925;1
14;14;Agent_2;orders came from the seed rule base (rules as-is);0;0;R3[0.21] R6[0.13] R9[0.18] R10[0.12] R24[0.20] R25[0.18];0.63;0.77;0.00;0.50;0.42;0.25;0.64;0.00;0.1681;0.2925;1
14;14;Agent_3;orders came from the seed rule base (rules as-is);0;0;R3[0.33] R6[0.01] R9[0.02] R10[0.01] R11[0.15] R13[0.03];0.24;0.62;0.39;0.19;0.76;0.42;0.66;0.00;0.1681;0.2925;1
14;14;Agent_4;orders came from the seed rule base (rules as-is);0;0;R3[0.21] R6[0.14] R9[0.19] R10[0.12] R24[0.19] R25[0.19];0.64;0.77;0.00;0.51;0.42;0.25;0.64;0.00;0.1681;0.2925;1
15;15;Agent_1;orders came from the seed rule base (rules as-is);0;0;R3[0.27] R6[0.01] R9[0.02] R10[0.01] R13[0.03] R20[0.03];0.55;0.79;0.00;0.15;0.32;0.06;0.62;0.00;0.1691;0.2926;1
15;15;Agent_2;orders came from the seed rule base (rules as-is);0;0;R3[0.19] R6[0.11] R9[0.16] R10[0.11] R24[0.18] R25[0.16];0.63;0.78;0.00;0.50;0.42;0.22;0.61;0.00;0.1691;0.2926;1
15;15;Agent_3;orders came from the seed rule base (rules as-is);0;0;R3[0.29] R6[0.01] R9[0.02] R10[0.01] R11[0.13] R13[0.03];0.25;0.63;0.39;0.17;0.76;0.37;0.65;0.00;0.1691;0.2926;1
15;15;Agent_4;orders came from the seed rule base (rules as-is);0;0;R3[0.19] R6[0.12] R9[0.17] R10[0.11] R24[0.17] R25[0.17];0.63;0.78;0.00;0.51;0.42;0.23;0.61;0.00;0.1691;0.2926;1
0;0;Agent_1;RL selected stage 3 [GenAI] (deficit bucket: low) → ACCEPTED: G24: G24: IF asset exposure risk is M AND intervention urgency is VL THEN asset protection 0.6, resource deployment 0.3 (adaptation-born: generative (template), gates G1-G4);3;3;R3[0.46] R6[0.02] R9[0.03] R10[0.02] R13[0.05] R15[0.11];0.38;0.62;0.45;0.36;0.53;0.19;0.65;0.00;0.2851;0.2851;1
0;0;Agent_2;RL selected stage 3 [GenAI] (deficit bucket: low) → ACCEPTED: G24: G24: IF asset exposure risk is M AND intervention urgency is VL THEN asset protection 0.6, resource deployment 0.3 (adaptation-born: generative (template), gates G1-G4);3;3;R2[0.30] R3[0.32] R6[0.19] R8[0.19] R9[0.27] R10[0.18];0.55;0.61;0.47;0.56;0.42;0.38;0.80;0.00;0.2851;0.2851;1
0;0;Agent_3;RL selected stage 3 [GenAI] (deficit bucket: low) → ACCEPTED: G24: G24: IF asset exposure risk is M AND intervention urgency is VL THEN asset protection 0.6, resource deployment 0.3 (adaptation-born: generative (template), gates G1-G4);3;3;R3[0.50] R6[0.02] R9[0.03] R10[0.02] R11[0.23] R13[0.05];0.21;0.57;0.35;0.35;0.76;0.63;0.69;0.00;0.2851;0.2851;1
0;0;Agent_4;RL selected stage 3 [GenAI] (deficit bucket: low) → ACCEPTED: G24: G24: IF asset exposure risk is M AND intervention urgency is VL THEN asset protection 0.6, resource deployment 0.3 (adaptation-born: generative (template), gates G1-G4);3;3;R2[0.28] R3[0.32] R6[0.21] R8[0.21] R9[0.29] R10[0.19];0.55;0.60;0.25;0.55;0.43;0.39;0.80;0.00;0.2851;0.2851;1
1;1;Agent_1;orders came from the seed rule base (rules as-is);0;0;R3[0.41] R6[0.02] R9[0.02] R10[0.02] R13[0.04] R15[0.10];0.38;0.63;0.43;0.32;0.53;0.17;0.65;0.00;0.0545;0.2863;1
1;1;Agent_2;orders came from the seed rule base (rules as-is);0;0;R2[0.27] R3[0.29] R6[0.18] R8[0.18] R9[0.25] R10[0.16];0.55;0.62;0.45;0.55;0.42;0.34;0.77;0.00;0.0545;0.2863;1
1;1;Agent_3;orders came from the seed rule base (rules as-is);0;0;R3[0.45] R6[0.02] R9[0.02] R10[0.02] R11[0.20] R13[0.04];0.22;0.58;0.36;0.32;0.76;0.57;0.69;0.00;0.0545;0.2863;1
1;1;Agent_4;orders came from the seed rule base (rules as-is);0;0;R2[0.26] R3[0.29] R6[0.19] R8[0.19] R9[0.26] R10[0.17];0.55;0.61;0.23;0.55;0.43;0.35;0.77;0.00;0.0545;0.2863;1
2;2;Agent_1;orders came from the seed rule base (rules as-is);0;0;R3[0.37] R6[0.02] R9[0.02] R10[0.01] R13[0.04] R15[0.09];0.38;0.64;0.42;0.29;0.53;0.15;0.64;0.00;0.0447;0.2869;1
2;2;Agent_2;orders came from the seed rule base (rules as-is);0;0;R2[0.24] R3[0.26] R6[0.16] R8[0.16] R9[0.22] R10[0.14];0.54;0.62;0.43;0.55;0.42;0.30;0.74;0.00;0.0447;0.2869;1
2;2;Agent_3;orders came from the seed rule base (rules as-is);0;0;R3[0.40] R6[0.02] R9[0.02] R10[0.01] R11[0.18] R13[0.04];0.23;0.59;0.37;0.29;0.76;0.51;0.68;0.00;0.0447;0.2869;1
2;2;Agent_4;orders came from the seed rule base (rules as-is);0;0;R2[0.23] R3[0.26] R6[0.17] R8[0.17] R9[0.24] R10[0.15];0.55;0.62;0.22;0.55;0.42;0.31;0.74;0.00;0.0447;0.2869;1
3;3;Agent_1;orders came from the seed rule base (rules as-is);0;0;R3[0.34] R6[0.01] R9[0.02] R10[0.01] R13[0.03] R15[0.08];0.38;0.65;0.41;0.26;0.53;0.14;0.64;0.00;0.0449;0.2879;1
3;3;Agent_2;orders came from the seed rule base (rules as-is);0;0;R2[0.22] R3[0.24] R6[0.14] R8[0.14] R9[0.20] R10[0.13];0.54;0.63;0.41;0.55;0.42;0.27;0.71;0.00;0.0449;0.2879;1
3;3;Agent_3;orders came from the seed rule base (rules as-is);0;0;R3[0.36] R6[0.01] R9[0.02] R10[0.01] R11[0.16] R13[0.03];0.23;0.59;0.38;0.26;0.76;0.46;0.67;0.00;0.0449;0.2879;1
3;3;Agent_4;orders came from the seed rule base (rules as-is);0;0;R2[0.21] R3[0.24] R6[0.15] R8[0.15] R9[0.21] R10[0.14];0.55;0.62;0.20;0.55;0.42;0.28;0.71;0.00;0.0449;0.2879;1
4;4;Agent_1;orders came from the seed rule base (rules as-is);0;0;R3[0.30] R6[0.01] R9[0.02] R10[0.01] R13[0.03] R15[0.07];0.38;0.66;0.40;0.23;0.53;0.12;0.63;0.00;0.0466;0.2887;1
4;4;Agent_2;orders came from the seed rule base (rules as-is);0;0;R2[0.20] R3[0.21] R6[0.13] R8[0.13] R9[0.18] R10[0.12];0.54;0.64;0.39;0.55;0.42;0.25;0.68;0.00;0.0466;0.2887;1
4;4;Agent_3;orders came from the seed rule base (rules as-is);0;0;R3[0.33] R6[0.01] R9[0.02] R10[0.01] R11[0.15] R13[0.03];0.24;0.60;0.39;0.23;0.76;0.42;0.66;0.00;0.0466;0.2887;1
4;4;Agent_4;orders came from the seed rule base (rules as-is);0;0;R2[0.19] R3[0.21] R6[0.14] R8[0.14] R9[0.19] R10[0.12];0.54;0.63;0.19;0.54;0.42;0.25;0.68;0.00;0.0466;0.2887;1
5;5;Agent_1;orders came from the seed rule base (rules as-is);0;0;R3[0.27] R6[0.01] R9[0.02] R10[0.01] R13[0.03] R15[0.06];0.38;0.67;0.39;0.21;0.50;0.11;0.63;0.00;0.0468;0.2890;1
5;5;Agent_2;orders came from the seed rule base (rules as-is);0;0;R2[0.18] R3[0.19] R6[0.11] R8[0.11] R9[0.16] R10[0.11];0.54;0.65;0.37;0.55;0.42;0.22;0.66;0.00;0.0468;0.2890;1
5;5;Agent_3;orders came from the seed rule base (rules as-is);0;0;R3[0.29] R6[0.01] R9[0.02] R10[0.01] R11[0.13] R13[0.03];0.25;0.61;0.39;0.21;0.76;0.37;0.65;0.00;0.0468;0.2890;1
5;5;Agent_4;orders came from the seed rule base (rules as-is);0;0;R2[0.17] R3[0.19] R6[0.12] R8[0.12] R9[0.17] R10[0.11];0.54;0.64;0.18;0.54;0.42;0.23;0.66;0.00;0.0468;0.2890;1
6;6;Agent_1;orders came from the seed rule base (rules as-is);0;0;R3[0.24] R6[0.01] R9[0.01] R13[0.03] R15[0.06] R17[0.05];0.38;0.69;0.38;0.19;0.47;0.10;0.64;0.00;0.0470;0.2893;1
6;6;Agent_2;orders came from the seed rule base (rules as-is);0;0;R2[0.16] R3[0.17] R6[0.10] R8[0.10] R9[0.15] R10[0.09];0.54;0.66;0.35;0.55;0.42;0.20;0.64;0.00;0.0470;0.2893;1
6;6;Agent_3;orders came from the seed rule base (rules as-is);0;0;R3[0.27] R6[0.01] R9[0.01] R11[0.12] R13[0.03] R15[0.06];0.25;0.62;0.40;0.19;0.76;0.34;0.64;0.00;0.0470;0.2893;1
6;6;Agent_4;orders came from the seed rule base (rules as-is);0;0;R2[0.15] R3[0.17] R6[0.11] R8[0.11] R9[0.15] R10[0.10];0.54;0.65;0.17;0.54;0.42;0.20;0.64;0.00;0.0470;0.2893;1
7;7;Agent_1;orders came from the seed rule base (rules as-is);0;0;R3[0.22] R9[0.01] R13[0.02] R15[0.05] R17[0.04] R20[0.02];0.37;0.70;0.37;0.17;0.43;0.09;0.64;0.00;0.0483;0.2897;1
7;7;Agent_2;orders came from the seed rule base (rules as-is);0;0;R2[0.14] R3[0.15] R6[0.09] R8[0.09] R9[0.13] R10[0.09];0.54;0.67;0.32;0.54;0.39;0.18;0.62;0.00;0.0483;0.2897;1
7;7;Agent_3;orders came from the seed rule base (rules as-is);0;0;R3[0.24] R9[0.01] R11[0.11] R13[0.02] R15[0.05] R17[0.04];0.25;0.63;0.40;0.17;0.76;0.30;0.63;0.00;0.0483;0.2897;1
7;7;Agent_4;orders came from the seed rule base (rules as-is);0;0;R2[0.14] R3[0.15] R6[0.10] R8[0.10] R9[0.14] R10[0.09];0.54;0.66;0.16;0.54;0.40;0.18;0.62;0.00;0.0483;0.2897;1
8;8;Agent_1;orders came from the seed rule base (rules as-is);0;0;R3[0.20] R9[0.01] R13[0.02] R15[0.05] R17[0.04] R20[0.02];0.35;0.71;0.36;0.15;0.40;0.08;0.65;0.00;0.0502;0.2905;1
8;8;Agent_2;orders came from the seed rule base (rules as-is);0;0;R2[0.13] R3[0.14] R6[0.08] R8[0.08] R9[0.12] R10[0.08];0.54;0.68;0.29;0.54;0.35;0.16;0.62;0.00;0.0502;0.2905;1
8;8;Agent_3;orders came from the seed rule base (rules as-is);0;0;R3[0.21] R9[0.01] R11[0.10] R13[0.02] R15[0.05] R17[0.04];0.26;0.64;0.41;0.15;0.76;0.27;0.62;0.00;0.0502;0.2905;1
8;8;Agent_4;orders came from the seed rule base (rules as-is);0;0;R2[0.12] R3[0.14] R6[0.09] R8[0.09] R9[0.13] R10[0.08];0.54;0.68;0.15;0.54;0.36;0.16;0.62;0.00;0.0502;0.2905;1
9;9;Agent_1;orders came from the seed rule base (rules as-is);0;0;R3[0.18] R9[0.01] R13[0.02] R15[0.04] R17[0.04] R20[0.02];0.34;0.73;0.36;0.14;0.37;0.07;0.65;0.00;0.0507;0.2910;1
9;9;Agent_2;orders came from the seed rule base (rules as-is);0;0;R2[0.12] R3[0.13] R6[0.08] R8[0.08] R9[0.11] R10[0.07];0.54;0.69;0.27;0.54;0.32;0.14;0.61;0.00;0.0507;0.2910;1
9;9;Agent_3;orders came from the seed rule base (rules as-is);0;0;R3[0.19] R9[0.01] R11[0.09] R13[0.02] R15[0.04] R17[0.04];0.26;0.60;0.41;0.14;0.75;0.25;0.63;0.00;0.0507;0.2910;1
9;9;Agent_4;orders came from the seed rule base (rules as-is);0;0;R2[0.11] R3[0.13] R6[0.08] R8[0.08] R9[0.11] R10[0.07];0.54;0.69;0.14;0.54;0.32;0.15;0.61;0.00;0.0507;0.2910;1
10;10;Agent_1;orders came from the seed rule base (rules as-is);0;0;R3[0.46] R6[0.02] R9[0.03] R10[0.02] R13[0.05] R20[0.04];0.55;0.73;0.00;0.25;0.40;0.10;0.64;0.00;0.1621;0.2918;1
10;10;Agent_2;orders came from the seed rule base (rules as-is);0;0;R3[0.32] R6[0.19] R9[0.27] R10[0.18] R24[0.30] R25[0.27];0.64;0.72;0.00;0.51;0.42;0.38;0.76;0.00;0.1621;0.2918;1
10;10;Agent_3;orders came from the seed rule base (rules as-is);0;0;R3[0.50] R6[0.02] R9[0.03] R10[0.02] R11[0.23] R13[0.05];0.21;0.59;0.35;0.29;0.76;0.63;0.70;0.00;0.1621;0.2918;1
10;10;Agent_4;orders came from the seed rule base (rules as-is);0;0;R3[0.32] R6[0.21] R9[0.29] R10[0.19] R24[0.28] R25[0.29];0.64;0.73;0.00;0.51;0.43;0.39;0.76;0.00;0.1621;0.2918;1
10;10;Agent_1;orders came from the seed rule base (rules as-is);0;0;R3[0.16] R13[0.02] R15[0.04] R17[0.03] R20[0.02] R23[0.06];0.33;0.74;0.35;0.12;0.35;0.06;0.66;0.00;0.0516;0.2914;1
10;10;Agent_2;orders came from the seed rule base (rules as-is);0;0;R2[0.11] R3[0.11] R6[0.07] R8[0.07] R9[0.10] R10[0.06];0.53;0.70;0.25;0.54;0.28;0.13;0.60;0.00;0.0516;0.2914;1
10;10;Agent_3;orders came from the seed rule base (rules as-is);0;0;R3[0.17] R11[0.08] R13[0.02] R15[0.04] R17[0.03] R20[0.02];0.26;0.57;0.41;0.12;0.69;0.22;0.65;0.00;0.0516;0.2914;1
10;10;Agent_4;orders came from the seed rule base (rules as-is);0;0;R2[0.10] R3[0.11] R6[0.07] R8[0.07] R9[0.10] R10[0.07];0.54;0.70;0.14;0.54;0.29;0.13;0.60;0.00;0.0516;0.2914;1
11;11;Agent_1;orders came from the seed rule base (rules as-is);0;0;R3[0.41] R6[0.02] R9[0.02] R10[0.02] R13[0.04] R20[0.04];0.55;0.74;0.00;0.22;0.40;0.09;0.63;0.00;0.1679;0.2920;1
11;11;Agent_2;orders came from the seed rule base (rules as-is);0;0;R3[0.29] R6[0.18] R9[0.25] R10[0.16] R24[0.27] R25[0.25];0.64;0.73;0.00;0.51;0.42;0.34;0.72;0.00;0.1679;0.2920;1
11;11;Agent_3;orders came from the seed rule base (rules as-is);0;0;R3[0.45] R6[0.02] R9[0.02] R10[0.02] R11[0.20] R13[0.04];0.22;0.59;0.36;0.26;0.76;0.57;0.70;0.00;0.1679;0.2920;1
11;11;Agent_4;orders came from the seed rule base (rules as-is);0;0;R3[0.29] R6[0.19] R9[0.26] R10[0.17] R24[0.26] R25[0.26];0.64;0.74;0.00;0.51;0.42;0.35;0.72;0.00;0.1679;0.2920;1
11;11;Agent_1;orders came from the seed rule base (rules as-is);0;0;R3[0.14] R13[0.01] R15[0.03] R17[0.03] R20[0.01] R23[0.05];0.31;0.72;0.35;0.11;0.33;0.06;0.67;0.00;0.0517;0.2918;1
11;11;Agent_2;orders came from the seed rule base (rules as-is);0;0;R2[0.09] R3[0.10] R6[0.06] R8[0.06] R9[0.09] R10[0.06];0.53;0.71;0.23;0.51;0.26;0.12;0.60;0.00;0.0517;0.2918;1
11;11;Agent_3;orders came from the seed rule base (rules as-is);0;0;R3[0.16] R11[0.07] R13[0.01] R15[0.03] R17[0.03] R20[0.01];0.25;0.54;0.42;0.11;0.64;0.20;0.67;0.00;0.0517;0.2918;1
11;11;Agent_4;orders came from the seed rule base (rules as-is);0;0;R2[0.09] R3[0.10] R6[0.07] R8[0.07] R9[0.09] R10[0.06];0.54;0.71;0.13;0.51;0.26;0.12;0.60;0.00;0.0517;0.2918;1
12;12;Agent_1;orders came from the seed rule base (rules as-is);0;0;R3[0.37] R6[0.02] R9[0.02] R10[0.01] R13[0.04] R20[0.03];0.55;0.75;0.00;0.20;0.40;0.08;0.63;0.00;0.1665;0.2923;1
12;12;Agent_2;orders came from the seed rule base (rules as-is);0;0;R3[0.26] R6[0.16] R9[0.22] R10[0.14] R24[0.24] R25[0.22];0.64;0.75;0.00;0.51;0.42;0.30;0.69;0.00;0.1665;0.2923;1
12;12;Agent_3;orders came from the seed rule base (rules as-is);0;0;R3[0.40] R6[0.02] R9[0.02] R10[0.01] R11[0.18] R13[0.04];0.23;0.60;0.37;0.24;0.76;0.51;0.68;0.00;0.1665;0.2923;1
12;12;Agent_4;orders came from the seed rule base (rules as-is);0;0;R3[0.26] R6[0.17] R9[0.24] R10[0.15] R24[0.23] R25[0.24];0.64;0.75;0.00;0.51;0.42;0.31;0.69;0.00;0.1665;0.2923;1
12;12;Agent_1;orders came from the seed rule base (rules as-is);0;0;R3[0.13] R13[0.01] R15[0.03] R17[0.03] R20[0.01] R23[0.05];0.29;0.70;0.34;0.10;0.31;0.05;0.68;0.00;0.0532;0.2920;1
12;12;Agent_2;orders came from the seed rule base (rules as-is);0;0;R2[0.09] R3[0.09] R6[0.05] R8[0.05] R9[0.08] R10[0.05];0.49;0.72;0.22;0.46;0.23;0.10;0.62;0.00;0.0532;0.2920;1
12;12;Agent_3;orders came from the seed rule base (rules as-is);0;0;R3[0.14] R11[0.06] R13[0.01] R15[0.03] R17[0.03] R20[0.01];0.24;0.51;0.42;0.10;0.60;0.18;0.69;0.00;0.0532;0.2920;1
12;12;Agent_4;orders came from the seed rule base (rules as-is);0;0;R2[0.08] R3[0.09] R6[0.06] R8[0.06] R9[0.08] R10[0.05];0.50;0.72;0.13;0.46;0.23;0.11;0.62;0.00;0.0532;0.2920;1
13;13;Agent_1;orders came from the seed rule base (rules as-is);0;0;R3[0.34] R6[0.01] R9[0.02] R10[0.01] R13[0.03] R20[0.03];0.55;0.77;0.00;0.18;0.39;0.07;0.62;0.00;0.1679;0.2925;1
13;13;Agent_2;orders came from the seed rule base (rules as-is);0;0;R3[0.24] R6[0.14] R9[0.20] R10[0.13] R24[0.22] R25[0.20];0.63;0.76;0.00;0.51;0.42;0.27;0.66;0.00;0.1679;0.2925;1
13;13;Agent_3;orders came from the seed rule base (rules as-is);0;0;R3[0.36] R6[0.01] R9[0.02] R10[0.01] R11[0.16] R13[0.03];0.23;0.61;0.38;0.21;0.76;0.46;0.67;0.00;0.1679;0.2925;1
13;13;Agent_4;orders came from the seed rule base (rules as-is);0;0;R3[0.24] R6[0.15] R9[0.21] R10[0.14] R24[0.21] R25[0.21];0.64;0.76;0.00;0.51;0.42;0.28;0.66;0.00;0.1679;0.2925;1
13;13;Agent_1;orders came from the seed rule base (rules as-is);0;0;R3[0.12] R13[0.01] R15[0.03] R17[0.02] R20[0.01] R23[0.04];0.28;0.68;0.34;0.09;0.29;0.05;0.70;0.00;0.0542;0.2922;1
13;13;Agent_2;orders came from the seed rule base (rules as-is);0;0;R2[0.08] R3[0.08] R6[0.05] R8[0.05] R9[0.07] R10[0.05];0.46;0.74;0.20;0.42;0.21;0.09;0.63;0.00;0.0542;0.2922;1
13;13;Agent_3;orders came from the seed rule base (rules as-is);0;0;R3[0.13] R11[0.06] R13[0.01] R15[0.03] R17[0.02] R20[0.01];0.23;0.49;0.42;0.09;0.55;0.16;0.70;0.00;0.0542;0.2922;1
13;13;Agent_4;orders came from the seed rule base (rules as-is);0;0;R2[0.07] R3[0.08] R6[0.05] R8[0.05] R9[0.07] R10[0.05];0.46;0.74;0.12;0.42;0.21;0.10;0.63;0.00;0.0542;0.2922;1
14;14;Agent_1;orders came from the seed rule base (rules as-is);0;0;R3[0.30] R6[0.01] R9[0.02] R10[0.01] R13[0.03] R20[0.03];0.55;0.78;0.00;0.16;0.35;0.06;0.62;0.00;0.1681;0.2925;1
14;14;Agent_2;orders came from the seed rule base (rules as-is);0;0;R3[0.21] R6[0.13] R9[0.18] R10[0.12] R24[0.20] R25[0.18];0.63;0.77;0.00;0.50;0.42;0.25;0.64;0.00;0.1681;0.2925;1
14;14;Agent_3;orders came from the seed rule base (rules as-is);0;0;R3[0.33] R6[0.01] R9[0.02] R10[0.01] R11[0.15] R13[0.03];0.24;0.62;0.39;0.19;0.76;0.42;0.66;0.00;0.1681;0.2925;1
14;14;Agent_4;orders came from the seed rule base (rules as-is);0;0;R3[0.21] R6[0.14] R9[0.19] R10[0.12] R24[0.19] R25[0.19];0.64;0.77;0.00;0.51;0.42;0.25;0.64;0.00;0.1681;0.2925;1
14;14;Agent_1;orders came from the seed rule base (rules as-is);0;0;R3[0.11] R13[0.01] R15[0.02] R17[0.02] R23[0.04] R24[0.03];0.26;0.66;0.33;0.08;0.27;0.04;0.71;0.00;0.0547;0.2928;1
14;14;Agent_2;orders came from the seed rule base (rules as-is);0;0;R2[0.07] R3[0.07] R6[0.04] R8[0.04] R9[0.06] R10[0.04];0.42;0.75;0.19;0.37;0.19;0.08;0.64;0.00;0.0547;0.2928;1
14;14;Agent_3;orders came from the seed rule base (rules as-is);0;0;R3[0.11] R11[0.05] R13[0.01] R15[0.02] R17[0.02] R23[0.03];0.21;0.47;0.42;0.08;0.52;0.14;0.72;0.00;0.0547;0.2928;1
14;14;Agent_4;orders came from the seed rule base (rules as-is);0;0;R2[0.07] R3[0.07] R6[0.05] R8[0.05] R9[0.07] R10[0.04];0.43;0.75;0.12;0.38;0.19;0.09;0.64;0.00;0.0547;0.2928;1
15;15;Agent_1;orders came from the seed rule base (rules as-is);0;0;R3[0.27] R6[0.01] R9[0.02] R10[0.01] R13[0.03] R20[0.03];0.55;0.79;0.00;0.15;0.32;0.06;0.62;0.00;0.1691;0.2926;1
15;15;Agent_2;orders came from the seed rule base (rules as-is);0;0;R3[0.19] R6[0.11] R9[0.16] R10[0.11] R24[0.18] R25[0.16];0.63;0.78;0.00;0.50;0.42;0.22;0.61;0.00;0.1691;0.2926;1
15;15;Agent_3;orders came from the seed rule base (rules as-is);0;0;R3[0.29] R6[0.01] R9[0.02] R10[0.01] R11[0.13] R13[0.03];0.25;0.63;0.39;0.17;0.76;0.37;0.65;0.00;0.1691;0.2926;1
15;15;Agent_4;orders came from the seed rule base (rules as-is);0;0;R3[0.19] R6[0.12] R9[0.17] R10[0.11] R24[0.17] R25[0.17];0.63;0.78;0.00;0.51;0.42;0.23;0.61;0.00;0.1691;0.2926;1
15;15;Agent_1;orders came from the seed rule base (rules as-is);0;0;R3[0.09] R15[0.02] R17[0.02] R23[0.03] R24[0.03] R26[0.02];0.25;0.65;0.33;0.07;0.26;0.04;0.72;0.00;0.0552;0.2928;1
15;15;Agent_2;orders came from the seed rule base (rules as-is);0;0;R2[0.06] R3[0.07] R6[0.04] R8[0.04] R9[0.06] R10[0.04];0.39;0.76;0.18;0.34;0.17;0.08;0.65;0.00;0.0552;0.2928;1
15;15;Agent_3;orders came from the seed rule base (rules as-is);0;0;R3[0.10] R11[0.05] R15[0.02] R17[0.02] R23[0.03] R24[0.03];0.20;0.45;0.42;0.07;0.48;0.13;0.73;0.00;0.0552;0.2928;1
15;15;Agent_4;orders came from the seed rule base (rules as-is);0;0;R2[0.06] R3[0.07] R6[0.04] R8[0.04] R9[0.06] R10[0.04];0.40;0.76;0.11;0.34;0.17;0.08;0.65;0.00;0.0552;0.2928;1
16;16;Agent_1;orders came from the seed rule base (rules as-is);0;0;R3[0.09] R15[0.02] R17[0.02] R23[0.03] R24[0.03] R26[0.02];0.24;0.63;0.33;0.07;0.24;0.03;0.73;0.00;0.0563;0.2930;1
16;16;Agent_2;orders came from the seed rule base (rules as-is);0;0;R2[0.06] R3[0.06] R6[0.04] R8[0.04] R9[0.05] R10[0.03];0.37;0.74;0.17;0.30;0.15;0.07;0.67;0.00;0.0563;0.2930;1
16;16;Agent_3;orders came from the seed rule base (rules as-is);0;0;R3[0.09] R11[0.04] R15[0.02] R17[0.02] R23[0.02] R24[0.03];0.19;0.43;0.42;0.07;0.45;0.12;0.75;0.00;0.0563;0.2930;1
16;16;Agent_4;orders came from the seed rule base (rules as-is);0;0;R2[0.05] R3[0.06] R6[0.04] R8[0.04] R9[0.05] R10[0.04];0.37;0.74;0.11;0.31;0.15;0.07;0.67;0.00;0.0563;0.2930;1
17;17;Agent_1;orders came from the seed rule base (rules as-is);0;0;R3[0.08] R15[0.02] R17[0.02] R23[0.03] R24[0.02] R26[0.02];0.22;0.62;0.32;0.06;0.23;0.03;0.74;0.00;0.0579;0.2932;1
17;17;Agent_2;orders came from the seed rule base (rules as-is);0;0;R2[0.05] R3[0.05] R6[0.03] R8[0.03] R9[0.05] R10[0.03];0.34;0.72;0.16;0.27;0.14;0.06;0.69;0.00;0.0579;0.2932;1
17;17;Agent_3;orders came from the seed rule base (rules as-is);0;0;R3[0.08] R11[0.04] R15[0.02] R17[0.02] R23[0.02] R24[0.02];0.18;0.41;0.43;0.06;0.43;0.11;0.76;0.00;0.0579;0.2932;1
17;17;Agent_4;orders came from the seed rule base (rules as-is);0;0;R2[0.05] R3[0.05] R6[0.03] R8[0.03] R9[0.05] R10[0.03];0.34;0.72;0.10;0.28;0.14;0.06;0.69;0.00;0.0579;0.2932;1
18;18;Agent_1;orders came from the seed rule base (rules as-is);0;0;R3[0.07] R15[0.02] R17[0.01] R23[0.02] R24[0.02] R26[0.02];0.21;0.61;0.32;0.05;0.22;0.03;0.74;0.00;0.0586;0.2926;1
18;18;Agent_2;orders came from the seed rule base (rules as-is);0;0;R2[0.05] R3[0.05] R6[0.03] R8[0.03] R9[0.04] R10[0.03];0.32;0.70;0.15;0.24;0.12;0.06;0.70;0.00;0.0586;0.2926;1
18;18;Agent_3;orders came from the seed rule base (rules as-is);0;0;R3[0.07] R11[0.03] R15[0.02] R17[0.01] R23[0.02] R24[0.02];0.17;0.40;0.43;0.05;0.40;0.09;0.77;0.00;0.0586;0.2926;1
18;18;Agent_4;orders came from the seed rule base (rules as-is);0;0;R2[0.04] R3[0.05] R6[0.03] R8[0.03] R9[0.04] R10[0.03];0.32;0.70;0.10;0.25;0.12;0.06;0.70;0.00;0.0586;0.2926;1
19;19;Agent_1;orders came from the seed rule base (rules as-is);0;0;R3[0.06] R15[0.01] R17[0.01] R23[0.02] R24[0.02] R26[0.01];0.21;0.60;0.32;0.05;0.21;0.02;0.75;0.00;0.0592;0.2928;1
19;19;Agent_2;orders came from the seed rule base (rules as-is);0;0;R2[0.04] R3[0.04] R6[0.03] R8[0.03] R9[0.04] R10[0.02];0.30;0.68;0.14;0.22;0.11;0.05;0.72;0.00;0.0592;0.2928;1
19;19;Agent_3;orders came from the seed rule base (rules as-is);0;0;R3[0.07] R11[0.03] R15[0.01] R17[0.01] R23[0.02] R24[0.02];0.16;0.39;0.43;0.05;0.38;0.09;0.78;0.00;0.0592;0.2928;1
19;19;Agent_4;orders came from the seed rule base (rules as-is);0;0;R2[0.04] R3[0.04] R6[0.03] R8[0.03] R9[0.04] R10[0.03];0.30;0.68;0.09;0.22;0.11;0.05;0.72;0.00;0.0592;0.2928;1
20;20;Agent_1;orders came from the seed rule base (rules as-is);0;0;R3[0.06] R15[0.01] R17[0.01] R23[0.02] R24[0.02] R26[0.01];0.20;0.59;0.32;0.04;0.20;0.02;0.76;0.00;0.0598;0.2927;1
20;20;Agent_2;orders came from the seed rule base (rules as-is);0;0;R2[0.04] R3[0.04] R6[0.02] R8[0.02] R9[0.03] R10[0.02];0.28;0.66;0.14;0.20;0.10;0.04;0.73;0.00;0.0598;0.2927;1
20;20;Agent_3;orders came from the seed rule base (rules as-is);0;0;R3[0.06] R11[0.03] R15[0.01] R17[0.01] R23[0.02] R24[0.02];0.15;0.38;0.43;0.04;0.36;0.08;0.79;0.00;0.0598;0.2927;1
20;20;Agent_4;orders came from the seed rule base (rules as-is);0;0;R2[0.03] R3[0.04] R6[0.03] R8[0.03] R9[0.04] R10[0.02];0.28;0.66;0.08;0.20;0.10;0.05;0.73;0.00;0.0598;0.2927;1
21;21;Agent_1;RL selected stage 2 [resolution increase] (deficit bucket: mid+gap) → rejected (cell already covered — an active rule sits on this antecedent cell; numeric tuning of an existing cell is stage ① evFIS's job | seed-base decision stands, its orders are applied);2;0;R3[0.05] R15[0.01] R17[0.01] R23[0.02] R24[0.02] R26[0.01];0.19;0.58;0.32;0.04;0.20;0.02;0.76;0.00;0.0607;0.2921;1
21;21;Agent_2;RL selected stage 2 [resolution increase] (deficit bucket: mid+gap) → rejected (cell already covered — an active rule sits on this antecedent cell; numeric tuning of an existing cell is stage ① evFIS's job | seed-base decision stands, its orders are applied);2;0;R2[0.03] R3[0.04] R6[0.02] R8[0.02] R9[0.03] R10[0.02];0.27;0.64;0.13;0.18;0.09;0.04;0.74;0.00;0.0607;0.2921;1
21;21;Agent_3;RL selected stage 2 [resolution increase] (deficit bucket: mid+gap) → rejected (cell already covered — an active rule sits on this antecedent cell; numeric tuning of an existing cell is stage ① evFIS's job | seed-base decision stands, its orders are applied);2;0;R3[0.05] R11[0.02] R15[0.01] R17[0.01] R23[0.01] R24[0.02];0.14;0.37;0.43;0.04;0.34;0.07;0.80;0.00;0.0607;0.2921;1
21;21;Agent_4;RL selected stage 2 [resolution increase] (deficit bucket: mid+gap) → rejected (cell already covered — an active rule sits on this antecedent cell; numeric tuning of an existing cell is stage ① evFIS's job | seed-base decision stands, its orders are applied);2;0;R2[0.03] R3[0.04] R6[0.02] R8[0.02] R9[0.03] R10[0.02];0.27;0.65;0.08;0.18;0.09;0.04;0.74;0.00;0.0607;0.2921;1
22;22;Agent_1;orders came from the seed rule base (rules as-is);0;0;R3[0.05] R15[0.01] R23[0.02] R24[0.01] R26[0.01] R28[0.01];0.18;0.57;0.31;0.04;0.19;0.02;0.77;0.00;0.0612;0.2910;1
22;22;Agent_2;orders came from the seed rule base (rules as-is);0;0;R2[0.03] R3[0.03] R6[0.02] R8[0.02] R9[0.03] R10[0.02];0.25;0.63;0.12;0.16;0.08;0.04;0.75;0.00;0.0612;0.2910;1
22;22;Agent_3;orders came from the seed rule base (rules as-is);0;0;R3[0.05] R11[0.02] R15[0.01] R23[0.01] R24[0.01] R26[0.01];0.14;0.36;0.43;0.03;0.33;0.06;0.80;0.00;0.0612;0.2910;1
22;22;Agent_4;orders came from the seed rule base (rules as-is);0;0;R2[0.03] R3[0.03] R6[0.02] R8[0.02] R9[0.03] R10[0.02];0.25;0.63;0.07;0.16;0.08;0.04;0.75;0.00;0.0612;0.2910;1
23;23;Agent_1;orders came from the seed rule base (rules as-is);0;0;R3[0.04] R23[0.01] R24[0.01] R31[0.50] R34[0.50] G21[0.06];0.18;0.56;0.31;0.03;0.18;0.02;0.77;0.00;0.0546;0.2866;1
23;23;Agent_2;orders came from the seed rule base (rules as-is);0;0;R2[0.03] R3[0.03] R6[0.02] R8[0.02] R9[0.02] R10[0.02];0.24;0.62;0.12;0.14;0.07;0.03;0.76;0.00;0.0546;0.2866;1
23;23;Agent_3;orders came from the seed rule base (rules as-is);0;0;R3[0.04] R11[0.02] R23[0.01] R24[0.01] R31[0.72] R34[0.28];0.13;0.35;0.43;0.03;0.31;0.06;0.81;0.00;0.0546;0.2866;1
23;23;Agent_4;orders came from the seed rule base (rules as-is);0;0;R2[0.03] R3[0.03] R6[0.02] R8[0.02] R9[0.03] R10[0.02];0.24;0.62;0.07;0.15;0.07;0.03;0.76;0.00;0.0546;0.2866;1
24;24;Agent_1;orders came from the seed rule base (rules as-is);0;0;R3[0.04] R23[0.01] R24[0.01] R31[0.50] R34[0.50] G21[0.05];0.17;0.56;0.31;0.03;0.18;0.01;0.78;0.00;0.0551;0.2574;1
24;24;Agent_2;orders came from the seed rule base (rules as-is);0;0;R2[0.02] R3[0.03] R6[0.02] R8[0.02] R9[0.02] R10[0.01];0.23;0.60;0.12;0.13;0.06;0.03;0.77;0.00;0.0551;0.2574;1
24;24;Agent_3;orders came from the seed rule base (rules as-is);0;0;R3[0.04] R11[0.02] R23[0.01] R24[0.01] R31[0.72] R34[0.28];0.12;0.34;0.43;0.03;0.30;0.05;0.82;0.00;0.0551;0.2574;1
24;24;Agent_4;orders came from the seed rule base (rules as-is);0;0;R2[0.02] R3[0.03] R6[0.02] R8[0.02] R9[0.02] R10[0.02];0.23;0.61;0.06;0.13;0.07;0.03;0.77;0.00;0.0551;0.2574;1
25;25;Agent_1;orders came from the seed rule base (rules as-is);0;0;R3[0.03] R23[0.01] R24[0.01] R31[0.50] R34[0.50] G21[0.05];0.17;0.55;0.31;0.03;0.17;0.01;0.78;0.00;0.0555;0.2231;1
25;25;Agent_2;orders came from the seed rule base (rules as-is);0;0;R2[0.02] R3[0.02] R6[0.01] R8[0.01] R9[0.02] R10[0.01];0.22;0.59;0.11;0.12;0.06;0.03;0.78;0.00;0.0555;0.2231;1
25;25;Agent_3;orders came from the seed rule base (rules as-is);0;0;R3[0.04] R11[0.02] R24[0.01] R31[0.72] R34[0.28] R40[0.02];0.12;0.34;0.43;0.03;0.29;0.05;0.82;0.00;0.0555;0.2231;1
25;25;Agent_4;orders came from the seed rule base (rules as-is);0;0;R2[0.02] R3[0.02] R6[0.01] R8[0.01] R9[0.02] R10[0.01];0.22;0.60;0.06;0.12;0.06;0.03;0.78;0.00;0.0555;0.2231;1
26;26;Agent_1;orders came from the seed rule base (rules as-is);0;0;R3[0.03] R23[0.01] R31[0.50] R34[0.50] G21[0.04] G22[0.03];0.16;0.55;0.31;0.02;0.17;0.01;0.78;0.00;0.0967;0.1996;1
26;26;Agent_2;orders came from the seed rule base (rules as-is);0;0;R2[0.02] R3[0.02] R6[0.01] R8[0.01] R9[0.02] R10[0.01];0.21;0.58;0.11;0.10;0.05;0.02;0.78;0.00;0.0967;0.1996;1
26;26;Agent_3;orders came from the seed rule base (rules as-is);0;0;R3[0.03] R11[0.01] R31[0.72] R34[0.28] R40[0.01] G21[0.04];0.11;0.33;0.43;0.02;0.28;0.04;0.83;0.00;0.0967;0.1996;1
26;26;Agent_4;orders came from the seed rule base (rules as-is);0;0;R2[0.02] R3[0.02] R6[0.01] R8[0.01] R9[0.02] R10[0.01];0.21;0.59;0.05;0.11;0.05;0.02;0.78;0.00;0.0967;0.1996;1
27;27;Agent_1;orders came from the seed rule base (rules as-is);0;0;R3[0.03] R31[0.50] R34[0.50] G21[0.04] G22[0.03];0.16;0.54;0.31;0.02;0.16;0.01;0.79;0.00;0.1004;0.2169;1
27;27;Agent_2;orders came from the seed rule base (rules as-is);0;0;R2[0.02] R3[0.02] R6[0.01] R8[0.01] R9[0.02] R10[0.01];0.20;0.58;0.10;0.09;0.05;0.02;0.79;0.00;0.1004;0.2169;1
27;27;Agent_3;orders came from the seed rule base (rules as-is);0;0;R3[0.03] R11[0.01] R31[0.72] R34[0.28] R40[0.01] G21[0.03];0.11;0.32;0.43;0.02;0.27;0.04;0.83;0.00;0.1004;0.2169;1
27;27;Agent_4;orders came from the seed rule base (rules as-is);0;0;R2[0.02] R3[0.02] R6[0.01] R8[0.01] R9[0.02] R10[0.01];0.20;0.58;0.05;0.10;0.05;0.02;0.79;0.00;0.1004;0.2169;1
28;28;Agent_1;orders came from the seed rule base (rules as-is);0;0;R3[0.02] R31[0.50] R34[0.50] G21[0.03] G22[0.02];0.16;0.54;0.31;0.02;0.16;0.01;0.79;0.00;0.0906;0.1663;1
28;28;Agent_2;orders came from the seed rule base (rules as-is);0;0;R2[0.02] R3[0.02] R6[0.01] R8[0.01] R9[0.01] R14[0.01];0.19;0.57;0.10;0.08;0.04;0.02;0.80;0.00;0.0906;0.1663;1
28;28;Agent_3;orders came from the seed rule base (rules as-is);0;0;R3[0.03] R11[0.01] R31[0.72] R34[0.28] R40[0.01] G21[0.03];0.11;0.32;0.43;0.02;0.26;0.03;0.83;0.00;0.0906;0.1663;1
28;28;Agent_4;orders came from the seed rule base (rules as-is);0;0;R2[0.01] R3[0.02] R6[0.01] R8[0.01] R9[0.02] R14[0.02];0.19;0.57;0.05;0.09;0.04;0.02;0.79;0.00;0.0906;0.1663;1
29;29;Agent_1;orders came from the seed rule base (rules as-is);0;0;R3[0.02] R31[0.50] R34[0.50] G21[0.03] G22[0.02];0.15;0.53;0.31;0.02;0.16;0.01;0.79;0.00;0.0910;0.1587;1
29;29;Agent_2;orders came from the seed rule base (rules as-is);0;0;R2[0.01] R3[0.02] R9[0.01] R14[0.01] R24[0.01] R25[0.01];0.19;0.56;0.10;0.08;0.04;0.02;0.80;0.00;0.0910;0.1587;1
29;29;Agent_3;orders came from the seed rule base (rules as-is);0;0;R3[0.02] R11[0.01] R31[0.72] R34[0.28] R40[0.01] G21[0.03];0.10;0.31;0.43;0.02;0.25;0.03;0.84;0.00;0.0910;0.1587;1
29;29;Agent_4;orders came from the seed rule base (rules as-is);0;0;R2[0.01] R3[0.02] R9[0.01] R14[0.01] R24[0.01] R25[0.01];0.19;0.56;0.05;0.08;0.04;0.02;0.80;0.00;0.0910;0.1587;1
30;30;Agent_1;orders came from the seed rule base (rules as-is);0;0;R3[0.02] R31[0.50] R34[0.50] G21[0.03] G22[0.02];0.15;0.53;0.31;0.02;0.15;0.01;0.79;0.00;0.0918;0.1556;1
30;30;Agent_2;orders came from the seed rule base (rules as-is);0;0;R2[0.01] R3[0.01] R9[0.01] R14[0.01] R24[0.01] R25[0.01];0.18;0.56;0.10;0.07;0.03;0.02;0.80;0.00;0.0918;0.1556;1
30;30;Agent_3;orders came from the seed rule base (rules as-is);0;0;R3[0.02] R31[0.72] R34[0.28] G21[0.02] G22[0.02];0.10;0.31;0.43;0.01;0.24;0.03;0.84;0.00;0.0918;0.1556;1
30;30;Agent_4;orders came from the seed rule base (rules as-is);0;0;R2[0.01] R3[0.01] R9[0.01] R14[0.01] R24[0.01] R25[0.01];0.18;0.56;0.04;0.07;0.03;0.02;0.80;0.00;0.0918;0.1556;1
31;31;Agent_1;orders came from the seed rule base (rules as-is);0;0;R3[0.02] R31[0.50] R34[0.50] G21[0.02] G22[0.02];0.15;0.53;0.31;0.01;0.15;0.01;0.80;0.00;0.0922;0.1498;1
31;31;Agent_2;orders came from the seed rule base (rules as-is);0;0;R2[0.01] R3[0.01] R9[0.01] R14[0.01] R24[0.01] R25[0.01];0.17;0.55;0.09;0.06;0.03;0.01;0.81;0.00;0.0922;0.1498;1
31;31;Agent_3;orders came from the seed rule base (rules as-is);0;0;R3[0.02] R31[0.72] R34[0.28] G21[0.02] G22[0.02];0.10;0.31;0.43;0.01;0.24;0.02;0.84;0.00;0.0922;0.1498;1
31;31;Agent_4;orders came from the seed rule base (rules as-is);0;0;R2[0.01] R3[0.01] R9[0.01] R14[0.01] R24[0.01] R25[0.01];0.17;0.55;0.04;0.06;0.03;0.01;0.81;0.00;0.0922;0.1498;1
32;32;Agent_1;orders came from the seed rule base (rules as-is);0;0;R3[0.02] R31[0.50] R34[0.50] G21[0.02] G22[0.02];0.15;0.52;0.30;0.01;0.15;0.01;0.80;0.00;0.0930;0.1418;1
32;32;Agent_2;orders came from the seed rule base (rules as-is);0;0;R2[0.01] R3[0.01] R24[0.01] R28[0.02] R32[0.15] R34[0.50];0.17;0.54;0.09;0.06;0.03;0.01;0.81;0.00;0.0930;0.1418;1
32;32;Agent_3;orders came from the seed rule base (rules as-is);0;0;R3[0.02] R31[0.72] R34[0.28] G21[0.02] G22[0.02];0.09;0.30;0.43;0.01;0.23;0.02;0.85;0.00;0.0930;0.1418;1
32;32;Agent_4;orders came from the seed rule base (rules as-is);0;0;R3[0.01] R9[0.01] R14[0.01] R25[0.01] R28[0.02] R32[0.04];0.17;0.55;0.04;0.06;0.03;0.01;0.81;0.00;0.0930;0.1418;1
33;33;Agent_1;orders came from the seed rule base (rules as-is);0;0;R3[0.01] R31[0.50] R34[0.50] G21[0.02] G22[0.01];0.14;0.52;0.30;0.01;0.14;0.01;0.80;0.00;0.0933;0.1431;1
33;33;Agent_2;orders came from the seed rule base (rules as-is);0;0;R3[0.01] R28[0.02] R32[0.15] R34[0.50] R35[0.01] G21[0.01];0.16;0.54;0.09;0.05;0.02;0.01;0.82;0.00;0.0933;0.1431;1
33;33;Agent_3;orders came from the seed rule base (rules as-is);0;0;R3[0.02] R31[0.72] R34[0.28] G21[0.02] G22[0.02];0.09;0.30;0.43;0.01;0.23;0.02;0.85;0.00;0.0933;0.1431;1
33;33;Agent_4;orders came from the seed rule base (rules as-is);0;0;R3[0.01] R28[0.02] R32[0.04] R34[0.50] R35[0.01] G21[0.01];0.17;0.54;0.04;0.05;0.03;0.01;0.81;0.00;0.0933;0.1431;1
34;34;Agent_1;orders came from the seed rule base (rules as-is);0;0;R3[0.01] R31[0.50] R34[0.50] G21[0.02] G22[0.01];0.14;0.52;0.30;0.01;0.14;0.01;0.80;0.00;0.0937;0.1301;1
34;34;Agent_2;orders came from the seed rule base (rules as-is);0;0;R28[0.02] R32[0.15] R34[0.50] G21[0.01] A2[0.02] G24[0.01];0.16;0.54;0.09;0.05;0.02;0.01;0.82;0.00;0.0937;0.1301;1
34;34;Agent_3;orders came from the seed rule base (rules as-is);0;0;R3[0.01] R31[0.72] R34[0.28] G21[0.02] G22[0.01];0.09;0.30;0.43;0.01;0.22;0.02;0.85;0.00;0.0937;0.1301;1
34;34;Agent_4;orders came from the seed rule base (rules as-is);0;0;R28[0.02] R32[0.04] R34[0.50] G21[0.01] A2[0.02] G24[0.01];0.16;0.54;0.03;0.05;0.02;0.01;0.82;0.00;0.0937;0.1301;1
35;35;Agent_1;orders came from the seed rule base (rules as-is);0;0;R3[0.01] R31[0.50] R34[0.50] G21[0.02] G22[0.01];0.14;0.52;0.30;0.01;0.14;0.00;0.80;0.00;0.0940;0.1334;1
35;35;Agent_2;orders came from the seed rule base (rules as-is);0;0;R28[0.02] R32[0.15] R34[0.50] A2[0.02];0.16;0.53;0.09;0.04;0.02;0.01;0.82;0.00;0.0940;0.1334;1
35;35;Agent_3;orders came from the seed rule base (rules as-is);0;0;R3[0.01] R31[0.72] R34[0.28] G21[0.01] G22[0.01];0.09;0.30;0.43;0.01;0.22;0.02;0.85;0.00;0.0940;0.1334;1
35;35;Agent_4;orders came from the seed rule base (rules as-is);0;0;R28[0.02] R32[0.04] R34[0.50] A2[0.02];0.16;0.53;0.03;0.04;0.02;0.01;0.82;0.00;0.0940;0.1334;1
36;36;Agent_1;orders came from the seed rule base (rules as-is);0;0;R3[0.01] R31[0.50] R34[0.50] G21[0.01] G22[0.01];0.14;0.52;0.30;0.01;0.14;0.00;0.80;0.00;0.0948;0.1220;1
36;36;Agent_2;orders came from the seed rule base (rules as-is);0;0;R28[0.01] R32[0.15] R34[0.50] A2[0.01];0.15;0.53;0.09;0.04;0.02;0.01;0.82;0.00;0.0948;0.1220;1
36;36;Agent_3;orders came from the seed rule base (rules as-is);0;0;R3[0.01] R31[0.72] R34[0.28] G21[0.01] G22[0.01];0.08;0.29;0.43;0.01;0.21;0.01;0.85;0.00;0.0948;0.1220;1
36;36;Agent_4;orders came from the seed rule base (rules as-is);0;0;R28[0.01] R32[0.04] R34[0.50] A2[0.01];0.15;0.53;0.03;0.04;0.02;0.01;0.82;0.00;0.0948;0.1220;1
37;37;Agent_1;orders came from the seed rule base (rules as-is);0;0;R31[0.50] R34[0.50] G21[0.01];0.14;0.51;0.30;0.01;0.14;0.00;0.80;0.00;0.0952;0.1286;1
37;37;Agent_2;orders came from the seed rule base (rules as-is);0;0;R28[0.01] R32[0.15] R34[0.50] A2[0.01];0.15;0.53;0.09;0.03;0.02;0.01;0.83;0.00;0.0952;0.1286;1
37;37;Agent_3;orders came from the seed rule base (rules as-is);0;0;R3[0.01] R31[0.72] R34[0.28] G21[0.01] G22[0.01];0.08;0.29;0.43;0.01;0.21;0.01;0.86;0.00;0.0952;0.1286;1
37;37;Agent_4;orders came from the seed rule base (rules as-is);0;0;R28[0.01] R32[0.04] R34[0.50] A2[0.01];0.15;0.53;0.03;0.03;0.02;0.01;0.82;0.00;0.0952;0.1286;1
38;38;Agent_1;orders came from the seed rule base (rules as-is);0;0;R31[0.50] R34[0.50] G21[0.01];0.14;0.51;0.30;0.01;0.14;0.00;0.80;0.00;0.0964;0.1168;1
38;38;Agent_2;orders came from the seed rule base (rules as-is);0;0;R28[0.01] R32[0.15] R34[0.50] A2[0.01];0.15;0.52;0.08;0.03;0.01;0.01;0.83;0.00;0.0964;0.1168;1
38;38;Agent_3;orders came from the seed rule base (rules as-is);0;0;R31[0.72] R34[0.28] G21[0.01];0.08;0.29;0.43;0.01;0.21;0.01;0.86;0.00;0.0964;0.1168;1
38;38;Agent_4;orders came from the seed rule base (rules as-is);0;0;R28[0.01] R32[0.04] R34[0.50] A2[0.01];0.15;0.52;0.03;0.03;0.01;0.01;0.83;0.00;0.0964;0.1168;1
39;39;Agent_1;orders came from the seed rule base (rules as-is);0;0;R31[0.50] R34[0.50] G21[0.01];0.13;0.51;0.30;0.01;0.14;0.00;0.81;0.00;0.0967;0.1171;1
39;39;Agent_2;orders came from the seed rule base (rules as-is);0;0;R28[0.01] R32[0.15] R34[0.50] A2[0.01];0.15;0.52;0.08;0.03;0.01;0.01;0.83;0.00;0.0967;0.1171;1
39;39;Agent_3;orders came from the seed rule base (rules as-is);0;0;R31[0.72] R34[0.28];0.08;0.29;0.43;0.01;0.21;0.01;0.86;0.00;0.0967;0.1171;1
39;39;Agent_4;orders came from the seed rule base (rules as-is);0;0;R28[0.01] R32[0.04] R34[0.50] A2[0.01];0.15;0.52;0.03;0.03;0.01;0.01;0.83;0.00;0.0967;0.1171;1
40;40;Agent_1;orders came from the seed rule base (rules as-is);0;0;R31[0.50] R34[0.50];0.13;0.51;0.30;0.01;0.13;0.00;0.81;0.00;0.0975;0.1122;1
40;40;Agent_2;orders came from the seed rule base (rules as-is);0;0;R32[0.15] R34[0.50];0.14;0.52;0.08;0.02;0.01;0.01;0.83;0.00;0.0975;0.1122;1
40;40;Agent_3;orders came from the seed rule base (rules as-is);0;0;R31[0.72] R34[0.28];0.08;0.29;0.43;0.01;0.20;0.01;0.86;0.00;0.0975;0.1122;1
40;40;Agent_4;orders came from the seed rule base (rules as-is);0;0;R32[0.04] R34[0.50];0.14;0.52;0.03;0.02;0.01;0.01;0.83;0.00;0.0975;0.1122;1
41;41;Agent_1;orders came from the seed rule base (rules as-is);0;0;R31[0.50] R34[0.50];0.13;0.51;0.30;0.00;0.13;0.00;0.81;0.00;0.0978;0.1228;1
41;41;Agent_2;orders came from the seed rule base (rules as-is);0;0;R32[0.15] R34[0.50];0.14;0.52;0.08;0.02;0.01;0.00;0.83;0.00;0.0978;0.1228;1
41;41;Agent_3;orders came from the seed rule base (rules as-is);0;0;R31[0.72] R34[0.28];0.08;0.29;0.43;0.00;0.20;0.01;0.86;0.00;0.0978;0.1228;1
41;41;Agent_4;orders came from the seed rule base (rules as-is);0;0;R32[0.04] R34[0.50];0.14;0.52;0.03;0.02;0.01;0.00;0.83;0.00;0.0978;0.1228;1
42;42;Agent_1;orders came from the seed rule base (rules as-is);0;0;R31[0.50] R34[0.50];0.13;0.51;0.30;0.00;0.13;0.00;0.81;0.00;0.0991;0.1083;1
42;42;Agent_2;orders came from the seed rule base (rules as-is);0;0;R32[0.15] R34[0.50];0.14;0.52;0.08;0.02;0.01;0.00;0.83;0.00;0.0991;0.1083;1
42;42;Agent_3;orders came from the seed rule base (rules as-is);0;0;R31[0.72] R34[0.28];0.08;0.29;0.43;0.00;0.20;0.01;0.86;0.00;0.0991;0.1083;1
42;42;Agent_4;orders came from the seed rule base (rules as-is);0;0;R32[0.04] R34[0.50];0.14;0.52;0.03;0.02;0.01;0.00;0.83;0.00;0.0991;0.1083;1
43;43;Agent_1;orders came from the seed rule base (rules as-is);0;0;R31[0.50] R34[0.50];0.13;0.51;0.30;0.00;0.13;0.00;0.81;0.00;0.1003;0.1066;1
43;43;Agent_2;orders came from the seed rule base (rules as-is);0;0;R32[0.15] R34[0.50];0.14;0.51;0.08;0.02;0.01;0.00;0.83;0.00;0.1003;0.1066;1
43;43;Agent_3;orders came from the seed rule base (rules as-is);0;0;R31[0.72] R34[0.28];0.08;0.28;0.43;0.00;0.20;0.01;0.86;0.00;0.1003;0.1066;1
43;43;Agent_4;orders came from the seed rule base (rules as-is);0;0;R32[0.04] R34[0.50];0.14;0.51;0.03;0.02;0.01;0.00;0.83;0.00;0.1003;0.1066;1
44;44;Agent_1;RL selected stage 2 [resolution increase] (deficit bucket: low) → rejected (cell already covered — an active rule sits on this antecedent cell; numeric tuning of an existing cell is stage ① evFIS's job | seed-base decision stands, its orders are applied);2;0;R31[0.50] R34[0.50];0.13;0.51;0.30;0.00;0.13;0.00;0.81;0.00;0.1006;0.1054;1
44;44;Agent_2;RL selected stage 2 [resolution increase] (deficit bucket: low) → rejected (cell already covered — an active rule sits on this antecedent cell; numeric tuning of an existing cell is stage ① evFIS's job | seed-base decision stands, its orders are applied);2;0;R32[0.15] R34[0.50];0.14;0.51;0.08;0.02;0.01;0.00;0.83;0.00;0.1006;0.1054;1
44;44;Agent_3;RL selected stage 2 [resolution increase] (deficit bucket: low) → rejected (cell already covered — an active rule sits on this antecedent cell; numeric tuning of an existing cell is stage ① evFIS's job | seed-base decision stands, its orders are applied);2;0;R31[0.72] R34[0.28];0.08;0.28;0.43;0.00;0.20;0.01;0.86;0.00;0.1006;0.1054;1
44;44;Agent_4;RL selected stage 2 [resolution increase] (deficit bucket: low) → rejected (cell already covered — an active rule sits on this antecedent cell; numeric tuning of an existing cell is stage ① evFIS's job | seed-base decision stands, its orders are applied);2;0;R32[0.04] R34[0.50];0.14;0.51;0.03;0.02;0.01;0.00;0.83;0.00;0.1006;0.1054;1
45;45;Agent_1;orders came from the seed rule base (rules as-is);0;0;R31[0.50] R34[0.50];0.13;0.51;0.30;0.00;0.13;0.00;0.81;0.00;0.1009;0.1095;1
45;45;Agent_2;orders came from the seed rule base (rules as-is);0;0;R32[0.15] R34[0.50];0.14;0.51;0.08;0.01;0.01;0.00;0.84;0.00;0.1009;0.1095;1
45;45;Agent_3;orders came from the seed rule base (rules as-is);0;0;R31[0.72] R34[0.28];0.07;0.28;0.43;0.00;0.19;0.01;0.86;0.00;0.1009;0.1095;1
45;45;Agent_4;orders came from the seed rule base (rules as-is);0;0;R32[0.04] R34[0.50];0.14;0.51;0.02;0.01;0.01;0.00;0.84;0.00;0.1009;0.1095;1
46;46;Agent_1;orders came from the seed rule base (rules as-is);0;0;R31[0.50] R34[0.50];0.13;0.51;0.30;0.00;0.13;0.00;0.81;0.00;0.1017;0.1040;1
46;46;Agent_2;orders came from the seed rule base (rules as-is);0;0;R32[0.15] R34[0.50];0.14;0.51;0.08;0.01;0.01;0.00;0.84;0.00;0.1017;0.1040;1
46;46;Agent_3;orders came from the seed rule base (rules as-is);0;0;R31[0.72] R34[0.28];0.07;0.28;0.43;0.00;0.19;0.00;0.86;0.00;0.1017;0.1040;1
46;46;Agent_4;orders came from the seed rule base (rules as-is);0;0;R32[0.04] R34[0.50];0.14;0.51;0.02;0.01;0.01;0.00;0.84;0.00;0.1017;0.1040;1
47;47;Agent_1;orders came from the seed rule base (rules as-is);0;0;R31[0.50] R34[0.50];0.13;0.51;0.30;0.00;0.13;0.00;0.81;0.00;0.1033;0.1007;1
47;47;Agent_2;orders came from the seed rule base (rules as-is);0;0;R32[0.15] R34[0.50];0.13;0.51;0.08;0.01;0.01;0.00;0.84;0.00;0.1033;0.1007;1
47;47;Agent_3;orders came from the seed rule base (rules as-is);0;0;R31[0.72] R34[0.28];0.07;0.28;0.43;0.00;0.19;0.00;0.86;0.00;0.1033;0.1007;1
47;47;Agent_4;orders came from the seed rule base (rules as-is);0;0;R32[0.04] R34[0.50];0.13;0.51;0.02;0.01;0.01;0.00;0.84;0.00;0.1033;0.1007;1
48;48;Agent_1;orders came from the seed rule base (rules as-is);0;0;R31[0.50] R34[0.50];0.13;0.50;0.30;0.00;0.13;0.00;0.81;0.00;0.1036;0.1085;1
48;48;Agent_2;orders came from the seed rule base (rules as-is);0;0;R32[0.15] R34[0.50];0.13;0.51;0.08;0.01;0.01;0.00;0.84;0.00;0.1036;0.1085;1
48;48;Agent_3;orders came from the seed rule base (rules as-is);0;0;R31[0.72] R34[0.28];0.07;0.28;0.43;0.00;0.19;0.00;0.86;0.00;0.1036;0.1085;1
48;48;Agent_4;orders came from the seed rule base (rules as-is);0;0;R32[0.04] R34[0.50];0.13;0.51;0.02;0.01;0.01;0.00;0.84;0.00;0.1036;0.1085;1
49;49;Agent_1;orders came from the seed rule base (rules as-is);0;0;R31[0.50] R34[0.50];0.13;0.50;0.30;0.00;0.13;0.00;0.81;0.00;0.1039;0.1025;1
49;49;Agent_2;orders came from the seed rule base (rules as-is);0;0;R32[0.15] R34[0.50];0.13;0.51;0.08;0.01;0.00;0.00;0.84;0.00;0.1039;0.1025;1
49;49;Agent_3;orders came from the seed rule base (rules as-is);0;0;R31[0.72] R34[0.28];0.07;0.28;0.43;0.00;0.19;0.00;0.86;0.00;0.1039;0.1025;1
49;49;Agent_4;orders came from the seed rule base (rules as-is);0;0;R32[0.04] R34[0.50];0.13;0.51;0.02;0.01;0.00;0.00;0.84;0.00;0.1039;0.1025;1
50;50;Agent_1;orders came from the seed rule base (rules as-is);0;0;R31[0.50] R34[0.50];0.13;0.50;0.30;0.00;0.13;0.00;0.81;0.00;0.1047;0.1032;1
50;50;Agent_2;orders came from the seed rule base (rules as-is);0;0;R32[0.15] R34[0.50];0.13;0.51;0.08;0.01;0.00;0.00;0.84;0.00;0.1047;0.1032;1
50;50;Agent_3;orders came from the seed rule base (rules as-is);0;0;R31[0.72] R34[0.28];0.07;0.28;0.43;0.00;0.19;0.00;0.87;0.00;0.1047;0.1032;1
50;50;Agent_4;orders came from the seed rule base (rules as-is);0;0;R32[0.04] R34[0.50];0.13;0.51;0.02;0.01;0.00;0.00;0.84;0.00;0.1047;0.1032;1
51;51;Agent_1;orders came from the seed rule base (rules as-is);0;0;R31[0.50] R34[0.50];0.13;0.50;0.30;0.00;0.13;0.00;0.81;0.00;0.1068;0.1003;1
51;51;Agent_2;orders came from the seed rule base (rules as-is);0;0;R32[0.15] R34[0.50];0.13;0.51;0.08;0.01;0.00;0.00;0.84;0.00;0.1068;0.1003;1
51;51;Agent_3;orders came from the seed rule base (rules as-is);0;0;R31[0.72] R34[0.28];0.07;0.28;0.43;0.00;0.19;0.00;0.87;0.00;0.1068;0.1003;1
51;51;Agent_4;orders came from the seed rule base (rules as-is);0;0;R32[0.04] R34[0.50];0.13;0.51;0.02;0.01;0.00;0.00;0.84;0.00;0.1068;0.1003;1
52;52;Agent_1;orders came from the seed rule base (rules as-is);0;0;R31[0.50] R34[0.50];0.13;0.50;0.30;0.00;0.13;0.00;0.81;0.00;0.1075;0.1105;1
52;52;Agent_2;orders came from the seed rule base (rules as-is);0;0;R32[0.15] R34[0.50];0.13;0.51;0.08;0.01;0.00;0.00;0.84;0.00;0.1075;0.1105;1
52;52;Agent_3;orders came from the seed rule base (rules as-is);0;0;R31[0.72] R34[0.28];0.07;0.28;0.43;0.00;0.19;0.00;0.87;0.00;0.1075;0.1105;1
52;52;Agent_4;orders came from the seed rule base (rules as-is);0;0;R32[0.04] R34[0.50];0.13;0.51;0.02;0.01;0.00;0.00;0.84;0.00;0.1075;0.1105;1
53;53;Agent_1;orders came from the seed rule base (rules as-is);0;0;R31[0.50] R34[0.50];0.13;0.50;0.30;0.00;0.13;0.00;0.81;0.00;0.1083;0.1080;1
53;53;Agent_2;orders came from the seed rule base (rules as-is);0;0;R32[0.15] R34[0.50];0.13;0.50;0.08;0.01;0.00;0.00;0.84;0.00;0.1083;0.1080;1
53;53;Agent_3;orders came from the seed rule base (rules as-is);0;0;R31[0.72] R34[0.28];0.07;0.28;0.43;0.00;0.19;0.00;0.87;0.00;0.1083;0.1080;1
53;53;Agent_4;orders came from the seed rule base (rules as-is);0;0;R32[0.04] R34[0.50];0.13;0.51;0.02;0.01;0.00;0.00;0.84;0.00;0.1083;0.1080;1
54;54;Agent_1;RL selected stage 1 [evFIS] (deficit bucket: low) → ACCEPTED: R31 consequents -0.05;1;1;R31[0.50] R34[0.50];0.13;0.50;0.28;0.00;0.13;0.00;0.81;0.00;0.1092;0.1145;1
54;54;Agent_2;RL selected stage 1 [evFIS] (deficit bucket: low) → ACCEPTED: R31 consequents -0.05;1;1;R32[0.15] R34[0.50];0.13;0.50;0.08;0.01;0.00;0.00;0.84;0.00;0.1092;0.1145;1
54;54;Agent_3;RL selected stage 1 [evFIS] (deficit bucket: low) → ACCEPTED: R31 consequents -0.05;1;1;R31[0.72] R34[0.28];0.07;0.28;0.40;0.00;0.19;0.00;0.87;0.00;0.1092;0.1145;1
54;54;Agent_4;RL selected stage 1 [evFIS] (deficit bucket: low) → ACCEPTED: R31 consequents -0.05;1;1;R32[0.04] R34[0.50];0.13;0.50;0.02;0.01;0.00;0.00;0.84;0.00;0.1092;0.1145;1
55;55;Agent_1;orders came from the seed rule base (rules as-is);0;0;R31[0.50] R34[0.50];0.13;0.50;0.28;0.00;0.13;0.00;0.81;0.00;0.1103;0.1074;1
55;55;Agent_2;orders came from the seed rule base (rules as-is);0;0;R32[0.15] R34[0.50];0.13;0.50;0.08;0.00;0.00;0.00;0.84;0.00;0.1103;0.1074;1
55;55;Agent_3;orders came from the seed rule base (rules as-is);0;0;R31[0.72] R34[0.28];0.07;0.28;0.40;0.00;0.19;0.00;0.87;0.00;0.1103;0.1074;1
55;55;Agent_4;orders came from the seed rule base (rules as-is);0;0;R32[0.04] R34[0.50];0.13;0.50;0.02;0.01;0.00;0.00;0.84;0.00;0.1103;0.1074;1
56;56;Agent_1;orders came from the seed rule base (rules as-is);0;0;R31[0.50] R34[0.50];0.13;0.50;0.28;0.00;0.13;0.00;0.81;0.00;0.1111;0.1113;1
56;56;Agent_2;orders came from the seed rule base (rules as-is);0;0;R32[0.15] R34[0.50];0.13;0.50;0.08;0.00;0.00;0.00;0.84;0.00;0.1111;0.1113;1
56;56;Agent_3;orders came from the seed rule base (rules as-is);0;0;R31[0.72] R34[0.28];0.07;0.28;0.40;0.00;0.19;0.00;0.87;0.00;0.1111;0.1113;1
56;56;Agent_4;orders came from the seed rule base (rules as-is);0;0;R32[0.04] R34[0.50];0.13;0.50;0.02;0.00;0.00;0.00;0.84;0.00;0.1111;0.1113;1
57;57;Agent_1;orders came from the seed rule base (rules as-is);0;0;R31[0.50] R34[0.50];0.13;0.50;0.28;0.00;0.13;0.00;0.81;0.00;0.1131;0.1012;1
57;57;Agent_2;orders came from the seed rule base (rules as-is);0;0;R32[0.15] R34[0.50];0.13;0.50;0.08;0.00;0.00;0.00;0.84;0.00;0.1131;0.1012;1
57;57;Agent_3;orders came from the seed rule base (rules as-is);0;0;R31[0.72] R34[0.28];0.07;0.28;0.40;0.00;0.18;0.00;0.87;0.00;0.1131;0.1012;1
57;57;Agent_4;orders came from the seed rule base (rules as-is);0;0;R32[0.04] R34[0.50];0.13;0.50;0.02;0.00;0.00;0.00;0.84;0.00;0.1131;0.1012;1
58;58;Agent_1;orders came from the seed rule base (rules as-is);0;0;R31[0.50] R34[0.50];0.13;0.50;0.28;0.00;0.13;0.00;0.81;0.00;0.1139;0.1023;1
58;58;Agent_2;orders came from the seed rule base (rules as-is);0;0;R32[0.15] R34[0.50];0.13;0.50;0.08;0.00;0.00;0.00;0.84;0.00;0.1139;0.1023;1
58;58;Agent_3;orders came from the seed rule base (rules as-is);0;0;R31[0.72] R34[0.28];0.07;0.28;0.40;0.00;0.18;0.00;0.87;0.00;0.1139;0.1023;1
58;58;Agent_4;orders came from the seed rule base (rules as-is);0;0;R32[0.04] R34[0.50];0.13;0.50;0.02;0.00;0.00;0.00;0.84;0.00;0.1139;0.1023;1
59;59;Agent_1;orders came from the seed rule base (rules as-is);0;0;R31[0.50] R34[0.50];0.13;0.50;0.28;0.00;0.13;0.00;0.81;0.00;0.1155;0.1256;1
59;59;Agent_2;orders came from the seed rule base (rules as-is);0;0;R32[0.15] R34[0.50];0.13;0.50;0.08;0.00;0.00;0.00;0.84;0.00;0.1155;0.1256;1
59;59;Agent_3;orders came from the seed rule base (rules as-is);0;0;R31[0.72] R34[0.28];0.07;0.28;0.40;0.00;0.18;0.00;0.87;0.00;0.1155;0.1256;1
59;59;Agent_4;orders came from the seed rule base (rules as-is);0;0;R32[0.04] R34[0.50];0.13;0.50;0.02;0.00;0.00;0.00;0.84;0.00;0.1155;0.1256;1
60;60;Agent_1;orders came from the seed rule base (rules as-is);0;0;R31[0.50] R34[0.50];0.13;0.50;0.28;0.00;0.13;0.00;0.81;0.00;0.1166;0.1319;1
60;60;Agent_2;orders came from the seed rule base (rules as-is);0;0;R32[0.15] R34[0.50];0.13;0.50;0.08;0.00;0.00;0.00;0.84;0.00;0.1166;0.1319;1
60;60;Agent_3;orders came from the seed rule base (rules as-is);0;0;R31[0.72] R34[0.28];0.07;0.28;0.40;0.00;0.18;0.00;0.87;0.00;0.1166;0.1319;1
60;60;Agent_4;orders came from the seed rule base (rules as-is);0;0;R32[0.04] R34[0.50];0.13;0.50;0.02;0.00;0.00;0.00;0.84;0.00;0.1166;0.1319;1
61;61;Agent_1;orders came from the seed rule base (rules as-is);0;0;R31[0.50] R34[0.50];0.13;0.50;0.28;0.00;0.13;0.00;0.81;0.00;0.1178;0.1028;1
61;61;Agent_2;orders came from the seed rule base (rules as-is);0;0;R32[0.15] R34[0.50];0.13;0.50;0.08;0.00;0.00;0.00;0.84;0.00;0.1178;0.1028;1
61;61;Agent_3;orders came from the seed rule base (rules as-is);0;0;R31[0.72] R34[0.28];0.07;0.28;0.40;0.00;0.18;0.00;0.87;0.00;0.1178;0.1028;1
61;61;Agent_4;orders came from the seed rule base (rules as-is);0;0;R32[0.04] R34[0.50];0.13;0.50;0.02;0.00;0.00;0.00;0.84;0.00;0.1178;0.1028;1
62;62;Agent_1;orders came from the seed rule base (rules as-is);0;0;R31[0.50] R34[0.50];0.13;0.50;0.28;0.00;0.13;0.00;0.81;0.00;0.1194;0.1138;1
62;62;Agent_2;orders came from the seed rule base (rules as-is);0;0;R32[0.15] R34[0.50];0.13;0.50;0.08;0.00;0.00;0.00;0.84;0.00;0.1194;0.1138;1
62;62;Agent_3;orders came from the seed rule base (rules as-is);0;0;R31[0.72] R34[0.28];0.07;0.28;0.40;0.00;0.18;0.00;0.87;0.00;0.1194;0.1138;1
62;62;Agent_4;orders came from the seed rule base (rules as-is);0;0;R32[0.04] R34[0.50];0.13;0.50;0.02;0.00;0.00;0.00;0.84;0.00;0.1194;0.1138;1
63;63;Agent_1;orders came from the seed rule base (rules as-is);0;0;R31[0.50] R34[0.50];0.13;0.50;0.28;0.00;0.13;0.00;0.81;0.00;0.1201;0.1094;1
63;63;Agent_2;orders came from the seed rule base (rules as-is);0;0;R32[0.15] R34[0.50];0.13;0.50;0.08;0.00;0.00;0.00;0.84;0.00;0.1201;0.1094;1
63;63;Agent_3;orders came from the seed rule base (rules as-is);0;0;R31[0.72] R34[0.28];0.07;0.28;0.40;0.00;0.18;0.00;0.87;0.00;0.1201;0.1094;1
63;63;Agent_4;orders came from the seed rule base (rules as-is);0;0;R32[0.04] R34[0.50];0.13;0.50;0.02;0.00;0.00;0.00;0.84;0.00;0.1201;0.1094;1
64;64;Agent_1;RL selected stage 1 [evFIS] (deficit bucket: low) → ACCEPTED: R31 consequents -0.05;1;1;R31[0.50] R34[0.50];0.13;0.50;0.25;0.00;0.13;0.00;0.81;0.00;0.1202;0.1144;1
64;64;Agent_2;RL selected stage 1 [evFIS] (deficit bucket: low) → ACCEPTED: R31 consequents -0.05;1;1;R32[0.15] R34[0.50];0.13;0.50;0.08;0.00;0.00;0.00;0.84;0.00;0.1202;0.1144;1
64;64;Agent_3;RL selected stage 1 [evFIS] (deficit bucket: low) → ACCEPTED: R31 consequents -0.05;1;1;R31[0.72] R34[0.28];0.07;0.28;0.36;0.00;0.18;0.00;0.87;0.00;0.1202;0.1144;1
64;64;Agent_4;RL selected stage 1 [evFIS] (deficit bucket: low) → ACCEPTED: R31 consequents -0.05;1;1;R32[0.04] R34[0.50];0.13;0.50;0.02;0.00;0.00;0.00;0.84;0.00;0.1202;0.1144;1
65;65;Agent_1;orders came from the seed rule base (rules as-is);0;0;R31[0.50] R34[0.50];0.13;0.50;0.25;0.00;0.13;0.00;0.81;0.00;0.1209;0.1277;1
65;65;Agent_2;orders came from the seed rule base (rules as-is);0;0;R32[0.15] R34[0.50];0.13;0.50;0.08;0.00;0.00;0.00;0.84;0.00;0.1209;0.1277;1
65;65;Agent_3;orders came from the seed rule base (rules as-is);0;0;R31[0.72] R34[0.28];0.07;0.28;0.36;0.00;0.18;0.00;0.87;0.00;0.1209;0.1277;1
65;65;Agent_4;orders came from the seed rule base (rules as-is);0;0;R32[0.04] R34[0.50];0.13;0.50;0.02;0.00;0.00;0.00;0.84;0.00;0.1209;0.1277;1
66;66;Agent_1;orders came from the seed rule base (rules as-is);0;0;R31[0.50] R34[0.50];0.13;0.50;0.25;0.00;0.13;0.00;0.81;0.00;0.1032;0.1266;1
66;66;Agent_2;orders came from the seed rule base (rules as-is);0;0;R32[0.15] R34[0.50];0.13;0.50;0.08;0.00;0.00;0.00;0.84;0.00;0.1032;0.1266;1
66;66;Agent_3;orders came from the seed rule base (rules as-is);0;0;R31[0.72] R34[0.28];0.07;0.28;0.36;0.00;0.18;0.00;0.87;0.00;0.1032;0.1266;1
66;66;Agent_4;orders came from the seed rule base (rules as-is);0;0;R32[0.04] R34[0.50];0.13;0.50;0.02;0.00;0.00;0.00;0.84;0.00;0.1032;0.1266;1
67;67;Agent_1;orders came from the seed rule base (rules as-is);0;0;R31[0.50] R34[0.50];0.13;0.50;0.25;0.00;0.13;0.00;0.81;0.00;0.1035;0.1258;1
67;67;Agent_2;orders came from the seed rule base (rules as-is);0;0;R32[0.15] R34[0.50];0.13;0.50;0.08;0.00;0.00;0.00;0.84;0.00;0.1035;0.1258;1
67;67;Agent_3;orders came from the seed rule base (rules as-is);0;0;R31[0.72] R34[0.28];0.07;0.28;0.36;0.00;0.18;0.00;0.87;0.00;0.1035;0.1258;1
67;67;Agent_4;orders came from the seed rule base (rules as-is);0;0;R32[0.04] R34[0.50];0.13;0.50;0.02;0.00;0.00;0.00;0.84;0.00;0.1035;0.1258;1
68;68;Agent_1;orders came from the seed rule base (rules as-is);0;0;R31[0.50] R34[0.50];0.13;0.50;0.25;0.00;0.13;0.00;0.81;0.00;0.1038;0.1257;1
68;68;Agent_2;orders came from the seed rule base (rules as-is);0;0;R32[0.15] R34[0.50];0.13;0.50;0.08;0.00;0.00;0.00;0.84;0.00;0.1038;0.1257;1
68;68;Agent_3;orders came from the seed rule base (rules as-is);0;0;R31[0.72] R34[0.28];0.07;0.28;0.36;0.00;0.18;0.00;0.87;0.00;0.1038;0.1257;1
68;68;Agent_4;orders came from the seed rule base (rules as-is);0;0;R32[0.04] R34[0.50];0.13;0.50;0.02;0.00;0.00;0.00;0.84;0.00;0.1038;0.1257;1
69;69;Agent_1;orders came from the seed rule base (rules as-is);0;0;R31[0.50] R34[0.50];0.13;0.50;0.25;0.00;0.13;0.00;0.81;0.00;0.1041;0.1223;1
69;69;Agent_2;orders came from the seed rule base (rules as-is);0;0;R32[0.15] R34[0.50];0.13;0.50;0.08;0.00;0.00;0.00;0.84;0.00;0.1041;0.1223;1
69;69;Agent_3;orders came from the seed rule base (rules as-is);0;0;R31[0.72] R34[0.28];0.07;0.28;0.36;0.00;0.18;0.00;0.87;0.00;0.1041;0.1223;1
69;69;Agent_4;orders came from the seed rule base (rules as-is);0;0;R32[0.04] R34[0.50];0.13;0.50;0.02;0.00;0.00;0.00;0.84;0.00;0.1041;0.1223;1
70;70;Agent_1;orders came from the seed rule base (rules as-is);0;0;R31[0.50] R34[0.50];0.13;0.50;0.25;0.00;0.13;0.00;0.81;0.00;0.1044;0.1266;1
70;70;Agent_2;orders came from the seed rule base (rules as-is);0;0;R32[0.15] R34[0.50];0.13;0.50;0.08;0.00;0.00;0.00;0.84;0.00;0.1044;0.1266;1
70;70;Agent_3;orders came from the seed rule base (rules as-is);0;0;R31[0.72] R34[0.28];0.07;0.28;0.36;0.00;0.18;0.00;0.87;0.00;0.1044;0.1266;1
70;70;Agent_4;orders came from the seed rule base (rules as-is);0;0;R32[0.04] R34[0.50];0.13;0.50;0.02;0.00;0.00;0.00;0.84;0.00;0.1044;0.1266;1
71;71;Agent_1;orders came from the seed rule base (rules as-is);0;0;R31[0.50] R34[0.50];0.13;0.50;0.25;0.00;0.13;0.00;0.81;0.00;0.1047;0.1258;1
71;71;Agent_2;orders came from the seed rule base (rules as-is);0;0;R32[0.15] R34[0.50];0.13;0.50;0.08;0.00;0.00;0.00;0.84;0.00;0.1047;0.1258;1
71;71;Agent_3;orders came from the seed rule base (rules as-is);0;0;R31[0.72] R34[0.28];0.07;0.28;0.36;0.00;0.18;0.00;0.87;0.00;0.1047;0.1258;1
71;71;Agent_4;orders came from the seed rule base (rules as-is);0;0;R32[0.04] R34[0.50];0.13;0.50;0.02;0.00;0.00;0.00;0.84;0.00;0.1047;0.1258;1
72;72;Agent_1;orders came from the seed rule base (rules as-is);0;0;R31[0.50] R34[0.50];0.13;0.50;0.25;0.00;0.13;0.00;0.81;0.00;0.1050;0.1236;1
72;72;Agent_2;orders came from the seed rule base (rules as-is);0;0;R32[0.15] R34[0.50];0.13;0.50;0.08;0.00;0.00;0.00;0.84;0.00;0.1050;0.1236;1
72;72;Agent_3;orders came from the seed rule base (rules as-is);0;0;R31[0.72] R34[0.28];0.07;0.28;0.36;0.00;0.18;0.00;0.87;0.00;0.1050;0.1236;1
72;72;Agent_4;orders came from the seed rule base (rules as-is);0;0;R32[0.04] R34[0.50];0.13;0.50;0.02;0.00;0.00;0.00;0.84;0.00;0.1050;0.1236;1
73;73;Agent_1;orders came from the seed rule base (rules as-is);0;0;R31[0.50] R34[0.50];0.13;0.50;0.25;0.00;0.13;0.00;0.81;0.00;0.1163;0.1308;1
73;73;Agent_2;orders came from the seed rule base (rules as-is);0;0;R32[0.15] R34[0.50];0.13;0.50;0.08;0.00;0.00;0.00;0.84;0.00;0.1163;0.1308;1
73;73;Agent_3;orders came from the seed rule base (rules as-is);0;0;R31[0.72] R34[0.28];0.07;0.28;0.36;0.00;0.18;0.00;0.87;0.00;0.1163;0.1308;1
73;73;Agent_4;orders came from the seed rule base (rules as-is);0;0;R32[0.04] R34[0.50];0.13;0.50;0.02;0.00;0.00;0.00;0.84;0.00;0.1163;0.1308;1
74;74;Agent_1;RL selected stage 3 [GenAI] (deficit bucket: high+gap) → ACCEPTED: G25: G25: IF asset exposure risk is M AND evacuation pressure is VL THEN asset protection 0.1, evacuation 0.0 (adaptation-born: generative (template), gates G1-G4);3;3;R31[0.50] R34[0.50];0.13;0.50;0.25;0.00;0.13;0.00;0.81;0.00;0.1197;0.2347;1
74;74;Agent_2;RL selected stage 3 [GenAI] (deficit bucket: high+gap) → ACCEPTED: G25: G25: IF asset exposure risk is M AND evacuation pressure is VL THEN asset protection 0.1, evacuation 0.0 (adaptation-born: generative (template), gates G1-G4);3;3;R32[0.15] R34[0.50];0.13;0.50;0.08;0.00;0.00;0.00;0.84;0.00;0.1197;0.2347;1
74;74;Agent_3;RL selected stage 3 [GenAI] (deficit bucket: high+gap) → ACCEPTED: G25: G25: IF asset exposure risk is M AND evacuation pressure is VL THEN asset protection 0.1, evacuation 0.0 (adaptation-born: generative (template), gates G1-G4);3;3;R31[0.72] R34[0.28];0.07;0.28;0.36;0.00;0.18;0.00;0.87;0.00;0.1197;0.2347;1
74;74;Agent_4;RL selected stage 3 [GenAI] (deficit bucket: high+gap) → ACCEPTED: G25: G25: IF asset exposure risk is M AND evacuation pressure is VL THEN asset protection 0.1, evacuation 0.0 (adaptation-born: generative (template), gates G1-G4);3;3;R32[0.04] R34[0.50];0.13;0.50;0.02;0.00;0.00;0.00;0.84;0.00;0.1197;0.2347;1
75;75;Agent_1;orders came from the seed rule base (rules as-is);0;0;R31[0.50] R34[0.50];0.13;0.50;0.25;0.00;0.13;0.00;0.81;0.00;0.1148;0.2367;1
75;75;Agent_2;orders came from the seed rule base (rules as-is);0;0;R32[0.15] R34[0.50];0.13;0.50;0.08;0.00;0.00;0.00;0.84;0.00;0.1148;0.2367;1
75;75;Agent_3;orders came from the seed rule base (rules as-is);0;0;R31[0.72] R34[0.28];0.07;0.28;0.36;0.00;0.18;0.00;0.87;0.00;0.1148;0.2367;1
75;75;Agent_4;orders came from the seed rule base (rules as-is);0;0;R32[0.04] R34[0.50];0.13;0.50;0.02;0.00;0.00;0.00;0.84;0.00;0.1148;0.2367;1
76;76;Agent_1;orders came from the seed rule base (rules as-is);0;0;R31[0.50] R34[0.50];0.13;0.50;0.25;0.00;0.13;0.00;0.81;0.00;0.1151;0.2406;1
76;76;Agent_2;orders came from the seed rule base (rules as-is);0;0;R32[0.15] R34[0.50];0.13;0.50;0.08;0.00;0.00;0.00;0.84;0.00;0.1151;0.2406;1
76;76;Agent_3;orders came from the seed rule base (rules as-is);0;0;R31[0.72] R34[0.28];0.07;0.28;0.36;0.00;0.18;0.00;0.87;0.00;0.1151;0.2406;1
76;76;Agent_4;orders came from the seed rule base (rules as-is);0;0;R32[0.04] R34[0.50];0.13;0.50;0.02;0.00;0.00;0.00;0.84;0.00;0.1151;0.2406;1
77;77;Agent_1;orders came from the seed rule base (rules as-is);0;0;R31[0.50] R34[0.50];0.13;0.50;0.25;0.00;0.13;0.00;0.81;0.00;0.1154;0.2402;1
77;77;Agent_2;orders came from the seed rule base (rules as-is);0;0;R32[0.15] R34[0.50];0.13;0.50;0.08;0.00;0.00;0.00;0.84;0.00;0.1154;0.2402;1
77;77;Agent_3;orders came from the seed rule base (rules as-is);0;0;R31[0.72] R34[0.28];0.07;0.28;0.36;0.00;0.18;0.00;0.87;0.00;0.1154;0.2402;1
77;77;Agent_4;orders came from the seed rule base (rules as-is);0;0;R32[0.04] R34[0.50];0.13;0.50;0.02;0.00;0.00;0.00;0.84;0.00;0.1154;0.2402;1
78;78;Agent_1;orders came from the seed rule base (rules as-is);0;0;R31[0.50] R34[0.50];0.13;0.50;0.25;0.00;0.13;0.00;0.81;0.00;0.1157;0.2424;1
78;78;Agent_2;orders came from the seed rule base (rules as-is);0;0;R32[0.15] R34[0.50];0.13;0.50;0.08;0.00;0.00;0.00;0.84;0.00;0.1157;0.2424;1
78;78;Agent_3;orders came from the seed rule base (rules as-is);0;0;R31[0.72] R34[0.28];0.07;0.28;0.36;0.00;0.18;0.00;0.87;0.00;0.1157;0.2424;1
78;78;Agent_4;orders came from the seed rule base (rules as-is);0;0;R32[0.04] R34[0.50];0.13;0.50;0.02;0.00;0.00;0.00;0.84;0.00;0.1157;0.2424;1
79;79;Agent_1;orders came from the seed rule base (rules as-is);0;0;R31[0.50] R34[0.50];0.13;0.50;0.25;0.00;0.13;0.00;0.81;0.00;0.1159;0.2469;1
79;79;Agent_2;orders came from the seed rule base (rules as-is);0;0;R32[0.15] R34[0.50];0.13;0.50;0.08;0.00;0.00;0.00;0.84;0.00;0.1159;0.2469;1
79;79;Agent_3;orders came from the seed rule base (rules as-is);0;0;R31[0.72] R34[0.28];0.07;0.28;0.36;0.00;0.18;0.00;0.87;0.00;0.1159;0.2469;1
79;79;Agent_4;orders came from the seed rule base (rules as-is);0;0;R32[0.04] R34[0.50];0.13;0.50;0.02;0.00;0.00;0.00;0.84;0.00;0.1159;0.2469;1
80;80;Agent_1;orders came from the seed rule base (rules as-is);0;0;R31[0.50] R34[0.50];0.13;0.50;0.25;0.00;0.13;0.00;0.81;0.00;0.1162;0.2465;1
80;80;Agent_2;orders came from the seed rule base (rules as-is);0;0;R32[0.15] R34[0.50];0.13;0.50;0.08;0.00;0.00;0.00;0.84;0.00;0.1162;0.2465;1
80;80;Agent_3;orders came from the seed rule base (rules as-is);0;0;R31[0.72] R34[0.28];0.07;0.28;0.36;0.00;0.18;0.00;0.87;0.00;0.1162;0.2465;1
80;80;Agent_4;orders came from the seed rule base (rules as-is);0;0;R32[0.04] R34[0.50];0.13;0.50;0.02;0.00;0.00;0.00;0.84;0.00;0.1162;0.2465;1
81;81;Agent_1;orders came from the seed rule base (rules as-is);0;0;R31[0.50] R34[0.50];0.13;0.50;0.25;0.00;0.13;0.00;0.81;0.00;0.1165;0.2487;1
81;81;Agent_2;orders came from the seed rule base (rules as-is);0;0;R32[0.15] R34[0.50];0.13;0.50;0.08;0.00;0.00;0.00;0.84;0.00;0.1165;0.2487;1
81;81;Agent_3;orders came from the seed rule base (rules as-is);0;0;R31[0.72] R34[0.28];0.07;0.28;0.36;0.00;0.18;0.00;0.87;0.00;0.1165;0.2487;1
81;81;Agent_4;orders came from the seed rule base (rules as-is);0;0;R32[0.04] R34[0.50];0.13;0.50;0.02;0.00;0.00;0.00;0.84;0.00;0.1165;0.2487;1
82;82;Agent_1;orders came from the seed rule base (rules as-is);0;0;R31[0.50] R34[0.50];0.13;0.50;0.25;0.00;0.13;0.00;0.81;0.00;0.1168;0.2456;1
82;82;Agent_2;orders came from the seed rule base (rules as-is);0;0;R32[0.15] R34[0.50];0.13;0.50;0.08;0.00;0.00;0.00;0.84;0.00;0.1168;0.2456;1
82;82;Agent_3;orders came from the seed rule base (rules as-is);0;0;R31[0.72] R34[0.28];0.07;0.28;0.36;0.00;0.18;0.00;0.87;0.00;0.1168;0.2456;1
82;82;Agent_4;orders came from the seed rule base (rules as-is);0;0;R32[0.04] R34[0.50];0.13;0.50;0.02;0.00;0.00;0.00;0.84;0.00;0.1168;0.2456;1
83;83;Agent_1;orders came from the seed rule base (rules as-is);0;0;R31[0.50] R34[0.50];0.13;0.50;0.25;0.00;0.13;0.00;0.81;0.00;0.1171;0.2437;1
83;83;Agent_2;orders came from the seed rule base (rules as-is);0;0;R32[0.15] R34[0.50];0.13;0.50;0.08;0.00;0.00;0.00;0.84;0.00;0.1171;0.2437;1
83;83;Agent_3;orders came from the seed rule base (rules as-is);0;0;R31[0.72] R34[0.28];0.07;0.28;0.36;0.00;0.18;0.00;0.87;0.00;0.1171;0.2437;1
83;83;Agent_4;orders came from the seed rule base (rules as-is);0;0;R32[0.04] R34[0.50];0.13;0.50;0.02;0.00;0.00;0.00;0.84;0.00;0.1171;0.2437;1
84;84;Agent_1;orders came from the seed rule base (rules as-is);0;0;R31[0.50] R34[0.50];0.13;0.50;0.25;0.00;0.13;0.00;0.81;0.00;0.1174;0.2450;1
84;84;Agent_2;orders came from the seed rule base (rules as-is);0;0;R32[0.15] R34[0.50];0.13;0.50;0.08;0.00;0.00;0.00;0.84;0.00;0.1174;0.2450;1
84;84;Agent_3;orders came from the seed rule base (rules as-is);0;0;R31[0.72] R34[0.28];0.07;0.28;0.36;0.00;0.18;0.00;0.87;0.00;0.1174;0.2450;1
84;84;Agent_4;orders came from the seed rule base (rules as-is);0;0;R32[0.04] R34[0.50];0.13;0.50;0.02;0.00;0.00;0.00;0.84;0.00;0.1174;0.2450;1
85;85;Agent_1;orders came from the seed rule base (rules as-is);0;0;R31[0.50] R34[0.50];0.13;0.50;0.25;0.00;0.13;0.00;0.81;0.00;0.1177;0.2429;1
85;85;Agent_2;orders came from the seed rule base (rules as-is);0;0;R32[0.15] R34[0.50];0.13;0.50;0.08;0.00;0.00;0.00;0.84;0.00;0.1177;0.2429;1
85;85;Agent_3;orders came from the seed rule base (rules as-is);0;0;R31[0.72] R34[0.28];0.07;0.28;0.36;0.00;0.18;0.00;0.87;0.00;0.1177;0.2429;1
85;85;Agent_4;orders came from the seed rule base (rules as-is);0;0;R32[0.04] R34[0.50];0.13;0.50;0.02;0.00;0.00;0.00;0.84;0.00;0.1177;0.2429;1
86;86;Agent_1;orders came from the seed rule base (rules as-is);0;0;R31[0.50] R34[0.50];0.13;0.50;0.25;0.00;0.13;0.00;0.81;0.00;0.1180;0.2433;1
86;86;Agent_2;orders came from the seed rule base (rules as-is);0;0;R32[0.15] R34[0.50];0.13;0.50;0.08;0.00;0.00;0.00;0.84;0.00;0.1180;0.2433;1
86;86;Agent_3;orders came from the seed rule base (rules as-is);0;0;R31[0.72] R34[0.28];0.07;0.28;0.36;0.00;0.18;0.00;0.87;0.00;0.1180;0.2433;1
86;86;Agent_4;orders came from the seed rule base (rules as-is);0;0;R32[0.04] R34[0.50];0.13;0.50;0.02;0.00;0.00;0.00;0.84;0.00;0.1180;0.2433;1
87;87;Agent_1;orders came from the seed rule base (rules as-is);0;0;R31[0.50] R34[0.50];0.13;0.50;0.25;0.00;0.13;0.00;0.81;0.00;0.1183;0.2370;1
87;87;Agent_2;orders came from the seed rule base (rules as-is);0;0;R32[0.15] R34[0.50];0.13;0.50;0.08;0.00;0.00;0.00;0.84;0.00;0.1183;0.2370;1
87;87;Agent_3;orders came from the seed rule base (rules as-is);0;0;R31[0.72] R34[0.28];0.07;0.28;0.36;0.00;0.18;0.00;0.87;0.00;0.1183;0.2370;1
87;87;Agent_4;orders came from the seed rule base (rules as-is);0;0;R32[0.04] R34[0.50];0.13;0.50;0.02;0.00;0.00;0.00;0.84;0.00;0.1183;0.2370;1
88;88;Agent_1;orders came from the seed rule base (rules as-is);0;0;R31[0.50] R34[0.50];0.13;0.50;0.25;0.00;0.13;0.00;0.81;0.00;0.1186;0.2373;1
88;88;Agent_2;orders came from the seed rule base (rules as-is);0;0;R32[0.15] R34[0.50];0.13;0.50;0.08;0.00;0.00;0.00;0.84;0.00;0.1186;0.2373;1
88;88;Agent_3;orders came from the seed rule base (rules as-is);0;0;R31[0.72] R34[0.28];0.07;0.28;0.36;0.00;0.18;0.00;0.87;0.00;0.1186;0.2373;1
88;88;Agent_4;orders came from the seed rule base (rules as-is);0;0;R32[0.04] R34[0.50];0.13;0.50;0.02;0.00;0.00;0.00;0.84;0.00;0.1186;0.2373;1
89;89;Agent_1;orders came from the seed rule base (rules as-is);0;0;R31[0.50] R34[0.50];0.13;0.50;0.25;0.00;0.13;0.00;0.81;0.00;0.1189;0.2325;1
89;89;Agent_2;orders came from the seed rule base (rules as-is);0;0;R32[0.15] R34[0.50];0.13;0.50;0.08;0.00;0.00;0.00;0.84;0.00;0.1189;0.2325;1
89;89;Agent_3;orders came from the seed rule base (rules as-is);0;0;R31[0.72] R34[0.28];0.07;0.28;0.36;0.00;0.18;0.00;0.87;0.00;0.1189;0.2325;1
89;89;Agent_4;orders came from the seed rule base (rules as-is);0;0;R32[0.04] R34[0.50];0.13;0.50;0.02;0.00;0.00;0.00;0.84;0.00;0.1189;0.2325;1
90;90;Agent_1;orders came from the seed rule base (rules as-is);0;0;R31[0.50] R34[0.50];0.13;0.50;0.25;0.00;0.13;0.00;0.81;0.00;0.1192;0.2307;1
90;90;Agent_2;orders came from the seed rule base (rules as-is);0;0;R32[0.15] R34[0.50];0.13;0.50;0.08;0.00;0.00;0.00;0.84;0.00;0.1192;0.2307;1
90;90;Agent_3;orders came from the seed rule base (rules as-is);0;0;R31[0.72] R34[0.28];0.07;0.28;0.36;0.00;0.18;0.00;0.87;0.00;0.1192;0.2307;1
90;90;Agent_4;orders came from the seed rule base (rules as-is);0;0;R32[0.04] R34[0.50];0.13;0.50;0.02;0.00;0.00;0.00;0.84;0.00;0.1192;0.2307;1
91;91;Agent_1;orders came from the seed rule base (rules as-is);0;0;R31[0.50] R34[0.50];0.13;0.50;0.25;0.00;0.13;0.00;0.81;0.00;0.1195;0.2322;1
91;91;Agent_2;orders came from the seed rule base (rules as-is);0;0;R32[0.15] R34[0.50];0.13;0.50;0.08;0.00;0.00;0.00;0.84;0.00;0.1195;0.2322;1
91;91;Agent_3;orders came from the seed rule base (rules as-is);0;0;R31[0.72] R34[0.28];0.07;0.28;0.36;0.00;0.18;0.00;0.87;0.00;0.1195;0.2322;1
91;91;Agent_4;orders came from the seed rule base (rules as-is);0;0;R32[0.04] R34[0.50];0.13;0.50;0.02;0.00;0.00;0.00;0.84;0.00;0.1195;0.2322;1
92;92;Agent_1;orders came from the seed rule base (rules as-is);0;0;R31[0.50] R34[0.50];0.13;0.50;0.25;0.00;0.13;0.00;0.81;0.00;0.1198;0.2229;1
92;92;Agent_2;orders came from the seed rule base (rules as-is);0;0;R32[0.15] R34[0.50];0.13;0.50;0.08;0.00;0.00;0.00;0.84;0.00;0.1198;0.2229;1
92;92;Agent_3;orders came from the seed rule base (rules as-is);0;0;R31[0.72] R34[0.28];0.07;0.28;0.36;0.00;0.18;0.00;0.87;0.00;0.1198;0.2229;1
92;92;Agent_4;orders came from the seed rule base (rules as-is);0;0;R32[0.04] R34[0.50];0.13;0.50;0.02;0.00;0.00;0.00;0.84;0.00;0.1198;0.2229;1
93;93;Agent_1;orders came from the seed rule base (rules as-is);0;0;R31[0.50] R34[0.50];0.13;0.50;0.25;0.00;0.13;0.00;0.81;0.00;0.1201;0.2234;1
93;93;Agent_2;orders came from the seed rule base (rules as-is);0;0;R32[0.15] R34[0.50];0.13;0.50;0.08;0.00;0.00;0.00;0.84;0.00;0.1201;0.2234;1
93;93;Agent_3;orders came from the seed rule base (rules as-is);0;0;R31[0.72] R34[0.28];0.07;0.28;0.36;0.00;0.18;0.00;0.87;0.00;0.1201;0.2234;1
93;93;Agent_4;orders came from the seed rule base (rules as-is);0;0;R32[0.04] R34[0.50];0.13;0.50;0.02;0.00;0.00;0.00;0.84;0.00;0.1201;0.2234;1
94;94;Agent_1;orders came from the seed rule base (rules as-is);0;0;R31[0.50] R34[0.50];0.13;0.50;0.25;0.00;0.13;0.00;0.81;0.00;0.1204;0.2204;1
94;94;Agent_2;orders came from the seed rule base (rules as-is);0;0;R32[0.15] R34[0.50];0.13;0.50;0.08;0.00;0.00;0.00;0.84;0.00;0.1204;0.2204;1
94;94;Agent_3;orders came from the seed rule base (rules as-is);0;0;R31[0.72] R34[0.28];0.07;0.28;0.36;0.00;0.18;0.00;0.87;0.00;0.1204;0.2204;1
94;94;Agent_4;orders came from the seed rule base (rules as-is);0;0;R32[0.04] R34[0.50];0.13;0.50;0.02;0.00;0.00;0.00;0.84;0.00;0.1204;0.2204;1
95;95;Agent_1;orders came from the seed rule base (rules as-is);0;0;R31[0.50] R34[0.50];0.13;0.50;0.25;0.00;0.13;0.00;0.81;0.00;0.1207;0.2177;1
95;95;Agent_2;orders came from the seed rule base (rules as-is);0;0;R32[0.15] R34[0.50];0.13;0.50;0.08;0.00;0.00;0.00;0.84;0.00;0.1207;0.2177;1
95;95;Agent_3;orders came from the seed rule base (rules as-is);0;0;R31[0.72] R34[0.28];0.07;0.28;0.36;0.00;0.18;0.00;0.87;0.00;0.1207;0.2177;1
95;95;Agent_4;orders came from the seed rule base (rules as-is);0;0;R32[0.04] R34[0.50];0.13;0.50;0.02;0.00;0.00;0.00;0.84;0.00;0.1207;0.2177;1
96;96;Agent_1;orders came from the seed rule base (rules as-is);0;0;R31[0.50] R34[0.50];0.13;0.50;0.25;0.00;0.13;0.00;0.81;0.00;0.1210;0.2137;1
96;96;Agent_2;orders came from the seed rule base (rules as-is);0;0;R32[0.15] R34[0.50];0.13;0.50;0.08;0.00;0.00;0.00;0.84;0.00;0.1210;0.2137;1
96;96;Agent_3;orders came from the seed rule base (rules as-is);0;0;R31[0.72] R34[0.28];0.07;0.28;0.36;0.00;0.18;0.00;0.87;0.00;0.1210;0.2137;1
96;96;Agent_4;orders came from the seed rule base (rules as-is);0;0;R32[0.04] R34[0.50];0.13;0.50;0.02;0.00;0.00;0.00;0.84;0.00;0.1210;0.2137;1
97;97;Agent_1;orders came from the seed rule base (rules as-is);0;0;R31[0.50] R34[0.50];0.13;0.50;0.25;0.00;0.13;0.00;0.81;0.00;0.1213;0.2134;1
97;97;Agent_2;orders came from the seed rule base (rules as-is);0;0;R32[0.15] R34[0.50];0.13;0.50;0.08;0.00;0.00;0.00;0.84;0.00;0.1213;0.2134;1
97;97;Agent_3;orders came from the seed rule base (rules as-is);0;0;R31[0.72] R34[0.28];0.07;0.28;0.36;0.00;0.18;0.00;0.87;0.00;0.1213;0.2134;1
97;97;Agent_4;orders came from the seed rule base (rules as-is);0;0;R32[0.04] R34[0.50];0.13;0.50;0.02;0.00;0.00;0.00;0.84;0.00;0.1213;0.2134;1
98;98;Agent_1;orders came from the seed rule base (rules as-is);0;0;R31[0.50] R34[0.50];0.13;0.50;0.25;0.00;0.13;0.00;0.81;0.00;0.1216;0.2060;1
98;98;Agent_2;orders came from the seed rule base (rules as-is);0;0;R32[0.15] R34[0.50];0.13;0.50;0.08;0.00;0.00;0.00;0.84;0.00;0.1216;0.2060;1
98;98;Agent_3;orders came from the seed rule base (rules as-is);0;0;R31[0.72] R34[0.28];0.07;0.28;0.36;0.00;0.18;0.00;0.87;0.00;0.1216;0.2060;1
98;98;Agent_4;orders came from the seed rule base (rules as-is);0;0;R32[0.04] R34[0.50];0.13;0.50;0.02;0.00;0.00;0.00;0.84;0.00;0.1216;0.2060;1
99;99;Agent_1;orders came from the seed rule base (rules as-is);0;0;R31[0.50] R34[0.50];0.13;0.50;0.25;0.00;0.13;0.00;0.81;0.00;0.1218;0.1934;1
99;99;Agent_2;orders came from the seed rule base (rules as-is);0;0;R32[0.15] R34[0.50];0.13;0.50;0.08;0.00;0.00;0.00;0.84;0.00;0.1218;0.1934;1
99;99;Agent_3;orders came from the seed rule base (rules as-is);0;0;R31[0.72] R34[0.28];0.07;0.28;0.36;0.00;0.18;0.00;0.87;0.00;0.1218;0.1934;1
99;99;Agent_4;orders came from the seed rule base (rules as-is);0;0;R32[0.04] R34[0.50];0.13;0.50;0.02;0.00;0.00;0.00;0.84;0.00;0.1218;0.1934;1
100;100;Agent_1;orders came from the seed rule base (rules as-is);0;0;R31[0.50] R34[0.50];0.13;0.50;0.25;0.00;0.13;0.00;0.81;0.00;0.1221;0.1878;1
100;100;Agent_2;orders came from the seed rule base (rules as-is);0;0;R32[0.15] R34[0.50];0.13;0.50;0.08;0.00;0.00;0.00;0.84;0.00;0.1221;0.1878;1
100;100;Agent_3;orders came from the seed rule base (rules as-is);0;0;R31[0.72] R34[0.28];0.07;0.28;0.36;0.00;0.18;0.00;0.87;0.00;0.1221;0.1878;1
100;100;Agent_4;orders came from the seed rule base (rules as-is);0;0;R32[0.04] R34[0.50];0.13;0.50;0.02;0.00;0.00;0.00;0.84;0.00;0.1221;0.1878;1
101;101;Agent_1;orders came from the seed rule base (rules as-is);0;0;R31[0.50] R34[0.50];0.13;0.50;0.25;0.00;0.13;0.00;0.81;0.00;0.1224;0.1824;1
101;101;Agent_2;orders came from the seed rule base (rules as-is);0;0;R32[0.15] R34[0.50];0.13;0.50;0.08;0.00;0.00;0.00;0.84;0.00;0.1224;0.1824;1
101;101;Agent_3;orders came from the seed rule base (rules as-is);0;0;R31[0.72] R34[0.28];0.07;0.28;0.36;0.00;0.18;0.00;0.87;0.00;0.1224;0.1824;1
101;101;Agent_4;orders came from the seed rule base (rules as-is);0;0;R32[0.04] R34[0.50];0.13;0.50;0.02;0.00;0.00;0.00;0.84;0.00;0.1224;0.1824;1
102;102;Agent_1;orders came from the seed rule base (rules as-is);0;0;R31[0.50] R34[0.50];0.13;0.50;0.25;0.00;0.13;0.00;0.81;0.00;0.1227;0.1824;1
102;102;Agent_2;orders came from the seed rule base (rules as-is);0;0;R32[0.15] R34[0.50];0.13;0.50;0.08;0.00;0.00;0.00;0.84;0.00;0.1227;0.1824;1
102;102;Agent_3;orders came from the seed rule base (rules as-is);0;0;R31[0.72] R34[0.28];0.07;0.28;0.36;0.00;0.18;0.00;0.87;0.00;0.1227;0.1824;1
102;102;Agent_4;orders came from the seed rule base (rules as-is);0;0;R32[0.04] R34[0.50];0.13;0.50;0.02;0.00;0.00;0.00;0.84;0.00;0.1227;0.1824;1
103;103;Agent_1;orders came from the seed rule base (rules as-is);0;0;R31[0.50] R34[0.50];0.13;0.50;0.25;0.00;0.13;0.00;0.81;0.00;0.1230;0.1854;1
103;103;Agent_2;orders came from the seed rule base (rules as-is);0;0;R32[0.15] R34[0.50];0.13;0.50;0.08;0.00;0.00;0.00;0.84;0.00;0.1230;0.1854;1
103;103;Agent_3;orders came from the seed rule base (rules as-is);0;0;R31[0.72] R34[0.28];0.07;0.28;0.36;0.00;0.18;0.00;0.87;0.00;0.1230;0.1854;1
103;103;Agent_4;orders came from the seed rule base (rules as-is);0;0;R32[0.04] R34[0.50];0.13;0.50;0.02;0.00;0.00;0.00;0.84;0.00;0.1230;0.1854;1
104;104;Agent_1;orders came from the seed rule base (rules as-is);0;0;R31[0.50] R34[0.50];0.13;0.50;0.25;0.00;0.13;0.00;0.81;0.00;0.1233;0.1550;1
104;104;Agent_2;orders came from the seed rule base (rules as-is);0;0;R32[0.15] R34[0.50];0.13;0.50;0.08;0.00;0.00;0.00;0.84;0.00;0.1233;0.1550;1
104;104;Agent_3;orders came from the seed rule base (rules as-is);0;0;R31[0.72] R34[0.28];0.07;0.28;0.36;0.00;0.18;0.00;0.87;0.00;0.1233;0.1550;1
104;104;Agent_4;orders came from the seed rule base (rules as-is);0;0;R32[0.04] R34[0.50];0.13;0.50;0.02;0.00;0.00;0.00;0.84;0.00;0.1233;0.1550;1
105;105;Agent_1;orders came from the seed rule base (rules as-is);0;0;R31[0.50] R34[0.50];0.13;0.50;0.25;0.00;0.13;0.00;0.81;0.00;0.1236;0.1683;1
105;105;Agent_2;orders came from the seed rule base (rules as-is);0;0;R32[0.15] R34[0.50];0.13;0.50;0.08;0.00;0.00;0.00;0.84;0.00;0.1236;0.1683;1
105;105;Agent_3;orders came from the seed rule base (rules as-is);0;0;R31[0.72] R34[0.28];0.07;0.28;0.36;0.00;0.18;0.00;0.87;0.00;0.1236;0.1683;1
105;105;Agent_4;orders came from the seed rule base (rules as-is);0;0;R32[0.04] R34[0.50];0.13;0.50;0.02;0.00;0.00;0.00;0.84;0.00;0.1236;0.1683;1
106;106;Agent_1;orders came from the seed rule base (rules as-is);0;0;R31[0.50] R34[0.50];0.13;0.50;0.25;0.00;0.13;0.00;0.81;0.00;0.1239;0.1820;1
106;106;Agent_2;orders came from the seed rule base (rules as-is);0;0;R32[0.15] R34[0.50];0.13;0.50;0.08;0.00;0.00;0.00;0.84;0.00;0.1239;0.1820;1
106;106;Agent_3;orders came from the seed rule base (rules as-is);0;0;R31[0.72] R34[0.28];0.07;0.28;0.36;0.00;0.18;0.00;0.87;0.00;0.1239;0.1820;1
106;106;Agent_4;orders came from the seed rule base (rules as-is);0;0;R32[0.04] R34[0.50];0.13;0.50;0.02;0.00;0.00;0.00;0.84;0.00;0.1239;0.1820;1
107;107;Agent_1;orders came from the seed rule base (rules as-is);0;0;R31[0.50] R34[0.50];0.13;0.50;0.25;0.00;0.13;0.00;0.81;0.00;0.1242;0.1811;1
107;107;Agent_2;orders came from the seed rule base (rules as-is);0;0;R32[0.15] R34[0.50];0.13;0.50;0.08;0.00;0.00;0.00;0.84;0.00;0.1242;0.1811;1
107;107;Agent_3;orders came from the seed rule base (rules as-is);0;0;R31[0.72] R34[0.28];0.07;0.28;0.36;0.00;0.18;0.00;0.87;0.00;0.1242;0.1811;1
107;107;Agent_4;orders came from the seed rule base (rules as-is);0;0;R32[0.04] R34[0.50];0.13;0.50;0.02;0.00;0.00;0.00;0.84;0.00;0.1242;0.1811;1
108;108;Agent_1;orders came from the seed rule base (rules as-is);0;0;R31[0.50] R34[0.50];0.13;0.50;0.25;0.00;0.13;0.00;0.81;0.00;0.1245;0.1639;1
108;108;Agent_2;orders came from the seed rule base (rules as-is);0;0;R32[0.15] R34[0.50];0.13;0.50;0.08;0.00;0.00;0.00;0.84;0.00;0.1245;0.1639;1
108;108;Agent_3;orders came from the seed rule base (rules as-is);0;0;R31[0.72] R34[0.28];0.07;0.28;0.36;0.00;0.18;0.00;0.87;0.00;0.1245;0.1639;1
108;108;Agent_4;orders came from the seed rule base (rules as-is);0;0;R32[0.04] R34[0.50];0.13;0.50;0.02;0.00;0.00;0.00;0.84;0.00;0.1245;0.1639;1
109;109;Agent_1;orders came from the seed rule base (rules as-is);0;0;R31[0.50] R34[0.50];0.13;0.50;0.25;0.00;0.13;0.00;0.81;0.00;0.1252;0.1746;1
109;109;Agent_2;orders came from the seed rule base (rules as-is);0;0;R32[0.15] R34[0.50];0.13;0.50;0.08;0.00;0.00;0.00;0.84;0.00;0.1252;0.1746;1
109;109;Agent_3;orders came from the seed rule base (rules as-is);0;0;R31[0.72] R34[0.28];0.07;0.28;0.36;0.00;0.18;0.00;0.87;0.00;0.1252;0.1746;1
109;109;Agent_4;orders came from the seed rule base (rules as-is);0;0;R32[0.04] R34[0.50];0.13;0.50;0.02;0.00;0.00;0.00;0.84;0.00;0.1252;0.1746;1
110;110;Agent_1;orders came from the seed rule base (rules as-is);0;0;R31[0.50] R34[0.50];0.13;0.50;0.25;0.00;0.13;0.00;0.81;0.00;0.1255;0.1704;1
110;110;Agent_2;orders came from the seed rule base (rules as-is);0;0;R32[0.15] R34[0.50];0.13;0.50;0.08;0.00;0.00;0.00;0.84;0.00;0.1255;0.1704;1
110;110;Agent_3;orders came from the seed rule base (rules as-is);0;0;R31[0.72] R34[0.28];0.07;0.28;0.36;0.00;0.18;0.00;0.87;0.00;0.1255;0.1704;1
110;110;Agent_4;orders came from the seed rule base (rules as-is);0;0;R32[0.04] R34[0.50];0.13;0.50;0.02;0.00;0.00;0.00;0.84;0.00;0.1255;0.1704;1
111;111;Agent_1;orders came from the seed rule base (rules as-is);0;0;R31[0.50] R34[0.50];0.13;0.50;0.25;0.00;0.13;0.00;0.81;0.00;0.1258;0.1518;1
111;111;Agent_2;orders came from the seed rule base (rules as-is);0;0;R32[0.15] R34[0.50];0.13;0.50;0.08;0.00;0.00;0.00;0.84;0.00;0.1258;0.1518;1
111;111;Agent_3;orders came from the seed rule base (rules as-is);0;0;R31[0.72] R34[0.28];0.07;0.28;0.36;0.00;0.18;0.00;0.87;0.00;0.1258;0.1518;1
111;111;Agent_4;orders came from the seed rule base (rules as-is);0;0;R32[0.04] R34[0.50];0.13;0.50;0.02;0.00;0.00;0.00;0.84;0.00;0.1258;0.1518;1
112;112;Agent_1;orders came from the seed rule base (rules as-is);0;0;R31[0.50] R34[0.50];0.13;0.50;0.25;0.00;0.13;0.00;0.81;0.00;0.1261;0.1654;1
112;112;Agent_2;orders came from the seed rule base (rules as-is);0;0;R32[0.15] R34[0.50];0.13;0.50;0.08;0.00;0.00;0.00;0.84;0.00;0.1261;0.1654;1
112;112;Agent_3;orders came from the seed rule base (rules as-is);0;0;R31[0.72] R34[0.28];0.07;0.28;0.36;0.00;0.18;0.00;0.87;0.00;0.1261;0.1654;1
112;112;Agent_4;orders came from the seed rule base (rules as-is);0;0;R32[0.04] R34[0.50];0.13;0.50;0.02;0.00;0.00;0.00;0.84;0.00;0.1261;0.1654;1
113;113;Agent_1;orders came from the seed rule base (rules as-is);0;0;R31[0.50] R34[0.50];0.13;0.50;0.25;0.00;0.13;0.00;0.81;0.00;0.1264;0.1489;1
113;113;Agent_2;orders came from the seed rule base (rules as-is);0;0;R32[0.15] R34[0.50];0.13;0.50;0.08;0.00;0.00;0.00;0.84;0.00;0.1264;0.1489;1
113;113;Agent_3;orders came from the seed rule base (rules as-is);0;0;R31[0.72] R34[0.28];0.07;0.28;0.36;0.00;0.18;0.00;0.87;0.00;0.1264;0.1489;1
113;113;Agent_4;orders came from the seed rule base (rules as-is);0;0;R32[0.04] R34[0.50];0.13;0.50;0.02;0.00;0.00;0.00;0.84;0.00;0.1264;0.1489;1
114;114;Agent_1;orders came from the seed rule base (rules as-is);0;0;R31[0.50] R34[0.50];0.13;0.50;0.25;0.00;0.13;0.00;0.81;0.00;0.1267;0.1657;1
114;114;Agent_2;orders came from the seed rule base (rules as-is);0;0;R32[0.15] R34[0.50];0.13;0.50;0.08;0.00;0.00;0.00;0.84;0.00;0.1267;0.1657;1
114;114;Agent_3;orders came from the seed rule base (rules as-is);0;0;R31[0.72] R34[0.28];0.07;0.28;0.36;0.00;0.18;0.00;0.87;0.00;0.1267;0.1657;1
114;114;Agent_4;orders came from the seed rule base (rules as-is);0;0;R32[0.04] R34[0.50];0.13;0.50;0.02;0.00;0.00;0.00;0.84;0.00;0.1267;0.1657;1
115;115;Agent_1;orders came from the seed rule base (rules as-is);0;0;R31[0.50] R34[0.50];0.13;0.50;0.25;0.00;0.13;0.00;0.81;0.00;0.1270;0.1566;1
115;115;Agent_2;orders came from the seed rule base (rules as-is);0;0;R32[0.15] R34[0.50];0.13;0.50;0.08;0.00;0.00;0.00;0.84;0.00;0.1270;0.1566;1
115;115;Agent_3;orders came from the seed rule base (rules as-is);0;0;R31[0.72] R34[0.28];0.07;0.28;0.36;0.00;0.18;0.00;0.87;0.00;0.1270;0.1566;1
115;115;Agent_4;orders came from the seed rule base (rules as-is);0;0;R32[0.04] R34[0.50];0.13;0.50;0.02;0.00;0.00;0.00;0.84;0.00;0.1270;0.1566;1
116;116;Agent_1;orders came from the seed rule base (rules as-is);0;0;R31[0.50] R34[0.50];0.13;0.50;0.25;0.00;0.13;0.00;0.81;0.00;0.1273;0.1789;1
116;116;Agent_2;orders came from the seed rule base (rules as-is);0;0;R32[0.15] R34[0.50];0.13;0.50;0.08;0.00;0.00;0.00;0.84;0.00;0.1273;0.1789;1
116;116;Agent_3;orders came from the seed rule base (rules as-is);0;0;R31[0.72] R34[0.28];0.07;0.28;0.36;0.00;0.18;0.00;0.87;0.00;0.1273;0.1789;1
116;116;Agent_4;orders came from the seed rule base (rules as-is);0;0;R32[0.04] R34[0.50];0.13;0.50;0.02;0.00;0.00;0.00;0.84;0.00;0.1273;0.1789;1
117;117;Agent_1;orders came from the seed rule base (rules as-is);0;0;R31[0.50] R34[0.50];0.13;0.50;0.25;0.00;0.13;0.00;0.81;0.00;0.1276;0.1715;1
117;117;Agent_2;orders came from the seed rule base (rules as-is);0;0;R32[0.15] R34[0.50];0.13;0.50;0.08;0.00;0.00;0.00;0.84;0.00;0.1276;0.1715;1
117;117;Agent_3;orders came from the seed rule base (rules as-is);0;0;R31[0.72] R34[0.28];0.07;0.28;0.36;0.00;0.18;0.00;0.87;0.00;0.1276;0.1715;1
117;117;Agent_4;orders came from the seed rule base (rules as-is);0;0;R32[0.04] R34[0.50];0.13;0.50;0.02;0.00;0.00;0.00;0.84;0.00;0.1276;0.1715;1
118;118;Agent_1;orders came from the seed rule base (rules as-is);0;0;R31[0.50] R34[0.50];0.13;0.50;0.25;0.00;0.13;0.00;0.81;0.00;0.1283;0.2615;1
118;118;Agent_2;orders came from the seed rule base (rules as-is);0;0;R32[0.15] R34[0.50];0.13;0.50;0.08;0.00;0.00;0.00;0.84;0.00;0.1283;0.2615;1
118;118;Agent_3;orders came from the seed rule base (rules as-is);0;0;R31[0.72] R34[0.28];0.07;0.28;0.36;0.00;0.18;0.00;0.87;0.00;0.1283;0.2615;1
118;118;Agent_4;orders came from the seed rule base (rules as-is);0;0;R32[0.04] R34[0.50];0.13;0.50;0.02;0.00;0.00;0.00;0.84;0.00;0.1283;0.2615;1
119;119;Agent_1;orders came from the seed rule base (rules as-is);0;0;R31[0.50] R34[0.50];0.13;0.50;0.25;0.00;0.13;0.00;0.81;0.00;0.1286;0.2638;1
119;119;Agent_2;orders came from the seed rule base (rules as-is);0;0;R32[0.15] R34[0.50];0.13;0.50;0.08;0.00;0.00;0.00;0.84;0.00;0.1286;0.2638;1
119;119;Agent_3;orders came from the seed rule base (rules as-is);0;0;R31[0.72] R34[0.28];0.07;0.28;0.36;0.00;0.18;0.00;0.87;0.00;0.1286;0.2638;1
119;119;Agent_4;orders came from the seed rule base (rules as-is);0;0;R32[0.04] R34[0.50];0.13;0.50;0.02;0.00;0.00;0.00;0.84;0.00;0.1286;0.2638;1
120;120;Agent_1;orders came from the seed rule base (rules as-is);0;0;R31[0.50] R34[0.50];0.13;0.50;0.25;0.00;0.13;0.00;0.81;0.00;0.1289;0.2633;1
120;120;Agent_2;orders came from the seed rule base (rules as-is);0;0;R32[0.15] R34[0.50];0.13;0.50;0.08;0.00;0.00;0.00;0.84;0.00;0.1289;0.2633;1
120;120;Agent_3;orders came from the seed rule base (rules as-is);0;0;R31[0.72] R34[0.28];0.07;0.28;0.36;0.00;0.18;0.00;0.87;0.00;0.1289;0.2633;1
120;120;Agent_4;orders came from the seed rule base (rules as-is);0;0;R32[0.04] R34[0.50];0.13;0.50;0.02;0.00;0.00;0.00;0.84;0.00;0.1289;0.2633;1
121;121;Agent_1;orders came from the seed rule base (rules as-is);0;0;R31[0.50] R34[0.50];0.13;0.50;0.25;0.00;0.13;0.00;0.81;0.00;0.1292;0.2626;1
121;121;Agent_2;orders came from the seed rule base (rules as-is);0;0;R32[0.15] R34[0.50];0.13;0.50;0.08;0.00;0.00;0.00;0.84;0.00;0.1292;0.2626;1
121;121;Agent_3;orders came from the seed rule base (rules as-is);0;0;R31[0.72] R34[0.28];0.07;0.28;0.36;0.00;0.18;0.00;0.87;0.00;0.1292;0.2626;1
121;121;Agent_4;orders came from the seed rule base (rules as-is);0;0;R32[0.04] R34[0.50];0.13;0.50;0.02;0.00;0.00;0.00;0.84;0.00;0.1292;0.2626;1
122;122;Agent_1;orders came from the seed rule base (rules as-is);0;0;R31[0.50] R34[0.50];0.13;0.50;0.25;0.00;0.13;0.00;0.81;0.00;0.1295;0.2621;1
122;122;Agent_2;orders came from the seed rule base (rules as-is);0;0;R32[0.15] R34[0.50];0.13;0.50;0.08;0.00;0.00;0.00;0.84;0.00;0.1295;0.2621;1
122;122;Agent_3;orders came from the seed rule base (rules as-is);0;0;R31[0.72] R34[0.28];0.07;0.28;0.36;0.00;0.18;0.00;0.87;0.00;0.1295;0.2621;1
122;122;Agent_4;orders came from the seed rule base (rules as-is);0;0;R32[0.04] R34[0.50];0.13;0.50;0.02;0.00;0.00;0.00;0.84;0.00;0.1295;0.2621;1
123;123;Agent_1;orders came from the seed rule base (rules as-is);0;0;R31[0.50] R34[0.50];0.13;0.50;0.25;0.00;0.13;0.00;0.81;0.00;0.1298;0.2579;1
123;123;Agent_2;orders came from the seed rule base (rules as-is);0;0;R32[0.15] R34[0.50];0.13;0.50;0.08;0.00;0.00;0.00;0.84;0.00;0.1298;0.2579;1
123;123;Agent_3;orders came from the seed rule base (rules as-is);0;0;R31[0.72] R34[0.28];0.07;0.28;0.36;0.00;0.18;0.00;0.87;0.00;0.1298;0.2579;1
123;123;Agent_4;orders came from the seed rule base (rules as-is);0;0;R32[0.04] R34[0.50];0.13;0.50;0.02;0.00;0.00;0.00;0.84;0.00;0.1298;0.2579;1
124;124;Agent_1;orders came from the seed rule base (rules as-is);0;0;R31[0.50] R34[0.50];0.13;0.50;0.25;0.00;0.13;0.00;0.81;0.00;0.1310;0.2560;1
124;124;Agent_2;orders came from the seed rule base (rules as-is);0;0;R32[0.15] R34[0.50];0.13;0.50;0.08;0.00;0.00;0.00;0.84;0.00;0.1310;0.2560;1
124;124;Agent_3;orders came from the seed rule base (rules as-is);0;0;R31[0.72] R34[0.28];0.07;0.28;0.36;0.00;0.18;0.00;0.87;0.00;0.1310;0.2560;1
124;124;Agent_4;orders came from the seed rule base (rules as-is);0;0;R32[0.04] R34[0.50];0.13;0.50;0.02;0.00;0.00;0.00;0.84;0.00;0.1310;0.2560;1
125;125;Agent_1;orders came from the seed rule base (rules as-is);0;0;R31[0.50] R34[0.50];0.13;0.50;0.25;0.00;0.13;0.00;0.81;0.00;0.1313;0.2567;1
125;125;Agent_2;orders came from the seed rule base (rules as-is);0;0;R32[0.15] R34[0.50];0.13;0.50;0.08;0.00;0.00;0.00;0.84;0.00;0.1313;0.2567;1
125;125;Agent_3;orders came from the seed rule base (rules as-is);0;0;R31[0.72] R34[0.28];0.07;0.28;0.36;0.00;0.18;0.00;0.87;0.00;0.1313;0.2567;1
125;125;Agent_4;orders came from the seed rule base (rules as-is);0;0;R32[0.04] R34[0.50];0.13;0.50;0.02;0.00;0.00;0.00;0.84;0.00;0.1313;0.2567;1
126;126;Agent_1;orders came from the seed rule base (rules as-is);0;0;R31[0.50] R34[0.50];0.13;0.50;0.25;0.00;0.13;0.00;0.81;0.00;0.1320;0.2515;1
126;126;Agent_2;orders came from the seed rule base (rules as-is);0;0;R32[0.15] R34[0.50];0.13;0.50;0.08;0.00;0.00;0.00;0.84;0.00;0.1320;0.2515;1
126;126;Agent_3;orders came from the seed rule base (rules as-is);0;0;R31[0.72] R34[0.28];0.07;0.28;0.36;0.00;0.18;0.00;0.87;0.00;0.1320;0.2515;1
126;126;Agent_4;orders came from the seed rule base (rules as-is);0;0;R32[0.04] R34[0.50];0.13;0.50;0.02;0.00;0.00;0.00;0.84;0.00;0.1320;0.2515;1
127;127;Agent_1;orders came from the seed rule base (rules as-is);0;0;R31[0.50] R34[0.50];0.13;0.50;0.25;0.00;0.13;0.00;0.81;0.00;0.1323;0.2462;1
127;127;Agent_2;orders came from the seed rule base (rules as-is);0;0;R32[0.15] R34[0.50];0.13;0.50;0.08;0.00;0.00;0.00;0.84;0.00;0.1323;0.2462;1
127;127;Agent_3;orders came from the seed rule base (rules as-is);0;0;R31[0.72] R34[0.28];0.07;0.28;0.36;0.00;0.18;0.00;0.87;0.00;0.1323;0.2462;1
127;127;Agent_4;orders came from the seed rule base (rules as-is);0;0;R32[0.04] R34[0.50];0.13;0.50;0.02;0.00;0.00;0.00;0.84;0.00;0.1323;0.2462;1
128;128;Agent_1;orders came from the seed rule base (rules as-is);0;0;R31[0.50] R34[0.50];0.13;0.50;0.25;0.00;0.13;0.00;0.81;0.00;0.1335;0.2492;1
128;128;Agent_2;orders came from the seed rule base (rules as-is);0;0;R32[0.15] R34[0.50];0.13;0.50;0.08;0.00;0.00;0.00;0.84;0.00;0.1335;0.2492;1
128;128;Agent_3;orders came from the seed rule base (rules as-is);0;0;R31[0.72] R34[0.28];0.07;0.28;0.36;0.00;0.18;0.00;0.87;0.00;0.1335;0.2492;1
128;128;Agent_4;orders came from the seed rule base (rules as-is);0;0;R32[0.04] R34[0.50];0.13;0.50;0.02;0.00;0.00;0.00;0.84;0.00;0.1335;0.2492;1
129;129;Agent_1;orders came from the seed rule base (rules as-is);0;0;R31[0.50] R34[0.50];0.13;0.50;0.25;0.00;0.13;0.00;0.81;0.00;0.1346;0.2408;1
129;129;Agent_2;orders came from the seed rule base (rules as-is);0;0;R32[0.15] R34[0.50];0.13;0.50;0.08;0.00;0.00;0.00;0.84;0.00;0.1346;0.2408;1
129;129;Agent_3;orders came from the seed rule base (rules as-is);0;0;R31[0.72] R34[0.28];0.07;0.28;0.36;0.00;0.18;0.00;0.87;0.00;0.1346;0.2408;1
129;129;Agent_4;orders came from the seed rule base (rules as-is);0;0;R32[0.04] R34[0.50];0.13;0.50;0.02;0.00;0.00;0.00;0.84;0.00;0.1346;0.2408;1
130;130;Agent_1;orders came from the seed rule base (rules as-is);0;0;R31[0.50] R34[0.50];0.13;0.50;0.25;0.00;0.13;0.00;0.81;0.00;0.1349;0.2413;1
130;130;Agent_2;orders came from the seed rule base (rules as-is);0;0;R32[0.15] R34[0.50];0.13;0.50;0.08;0.00;0.00;0.00;0.84;0.00;0.1349;0.2413;1
130;130;Agent_3;orders came from the seed rule base (rules as-is);0;0;R31[0.72] R34[0.28];0.07;0.28;0.36;0.00;0.18;0.00;0.87;0.00;0.1349;0.2413;1
130;130;Agent_4;orders came from the seed rule base (rules as-is);0;0;R32[0.04] R34[0.50];0.13;0.50;0.02;0.00;0.00;0.00;0.84;0.00;0.1349;0.2413;1
131;131;Agent_1;orders came from the seed rule base (rules as-is);0;0;R31[0.50] R34[0.50];0.13;0.50;0.25;0.00;0.13;0.00;0.81;0.00;0.1352;0.2319;1
131;131;Agent_2;orders came from the seed rule base (rules as-is);0;0;R32[0.15] R34[0.50];0.13;0.50;0.08;0.00;0.00;0.00;0.84;0.00;0.1352;0.2319;1
131;131;Agent_3;orders came from the seed rule base (rules as-is);0;0;R31[0.72] R34[0.28];0.07;0.28;0.36;0.00;0.18;0.00;0.87;0.00;0.1352;0.2319;1
131;131;Agent_4;orders came from the seed rule base (rules as-is);0;0;R32[0.04] R34[0.50];0.13;0.50;0.02;0.00;0.00;0.00;0.84;0.00;0.1352;0.2319;1
132;132;Agent_1;orders came from the seed rule base (rules as-is);0;0;R31[0.50] R34[0.50];0.13;0.50;0.25;0.00;0.13;0.00;0.81;0.00;0.1364;0.2338;1
132;132;Agent_2;orders came from the seed rule base (rules as-is);0;0;R32[0.15] R34[0.50];0.13;0.50;0.08;0.00;0.00;0.00;0.84;0.00;0.1364;0.2338;1
132;132;Agent_3;orders came from the seed rule base (rules as-is);0;0;R31[0.72] R34[0.28];0.07;0.28;0.36;0.00;0.18;0.00;0.87;0.00;0.1364;0.2338;1
132;132;Agent_4;orders came from the seed rule base (rules as-is);0;0;R32[0.04] R34[0.50];0.13;0.50;0.02;0.00;0.00;0.00;0.84;0.00;0.1364;0.2338;1
133;133;Agent_1;orders came from the seed rule base (rules as-is);0;0;R31[0.50] R34[0.50];0.13;0.50;0.25;0.00;0.13;0.00;0.81;0.00;0.1376;0.2279;1
133;133;Agent_2;orders came from the seed rule base (rules as-is);0;0;R32[0.15] R34[0.50];0.13;0.50;0.08;0.00;0.00;0.00;0.84;0.00;0.1376;0.2279;1
133;133;Agent_3;orders came from the seed rule base (rules as-is);0;0;R31[0.72] R34[0.28];0.07;0.28;0.36;0.00;0.18;0.00;0.87;0.00;0.1376;0.2279;1
133;133;Agent_4;orders came from the seed rule base (rules as-is);0;0;R32[0.04] R34[0.50];0.13;0.50;0.02;0.00;0.00;0.00;0.84;0.00;0.1376;0.2279;1
134;134;Agent_1;orders came from the seed rule base (rules as-is);0;0;R31[0.50] R34[0.50];0.13;0.50;0.25;0.00;0.13;0.00;0.81;0.00;0.1379;0.2182;1
134;134;Agent_2;orders came from the seed rule base (rules as-is);0;0;R32[0.15] R34[0.50];0.13;0.50;0.08;0.00;0.00;0.00;0.84;0.00;0.1379;0.2182;1
134;134;Agent_3;orders came from the seed rule base (rules as-is);0;0;R31[0.72] R34[0.28];0.07;0.28;0.36;0.00;0.18;0.00;0.87;0.00;0.1379;0.2182;1
134;134;Agent_4;orders came from the seed rule base (rules as-is);0;0;R32[0.04] R34[0.50];0.13;0.50;0.02;0.00;0.00;0.00;0.84;0.00;0.1379;0.2182;1
135;135;Agent_1;orders came from the seed rule base (rules as-is);0;0;R31[0.50] R34[0.50];0.13;0.50;0.25;0.00;0.13;0.00;0.81;0.00;0.1386;0.2127;1
135;135;Agent_2;orders came from the seed rule base (rules as-is);0;0;R32[0.15] R34[0.50];0.13;0.50;0.08;0.00;0.00;0.00;0.84;0.00;0.1386;0.2127;1
135;135;Agent_3;orders came from the seed rule base (rules as-is);0;0;R31[0.72] R34[0.28];0.07;0.28;0.36;0.00;0.18;0.00;0.87;0.00;0.1386;0.2127;1
135;135;Agent_4;orders came from the seed rule base (rules as-is);0;0;R32[0.04] R34[0.50];0.13;0.50;0.02;0.00;0.00;0.00;0.84;0.00;0.1386;0.2127;1
136;136;Agent_1;orders came from the seed rule base (rules as-is);0;0;R31[0.50] R34[0.50];0.13;0.50;0.25;0.00;0.13;0.00;0.81;0.00;0.1389;0.2185;1
136;136;Agent_2;orders came from the seed rule base (rules as-is);0;0;R32[0.15] R34[0.50];0.13;0.50;0.08;0.00;0.00;0.00;0.84;0.00;0.1389;0.2185;1
136;136;Agent_3;orders came from the seed rule base (rules as-is);0;0;R31[0.72] R34[0.28];0.07;0.28;0.36;0.00;0.18;0.00;0.87;0.00;0.1389;0.2185;1
136;136;Agent_4;orders came from the seed rule base (rules as-is);0;0;R32[0.04] R34[0.50];0.13;0.50;0.02;0.00;0.00;0.00;0.84;0.00;0.1389;0.2185;1
137;137;Agent_1;orders came from the seed rule base (rules as-is);0;0;R31[0.50] R34[0.50];0.13;0.50;0.25;0.00;0.13;0.00;0.81;0.00;0.1413;0.2058;1
137;137;Agent_2;orders came from the seed rule base (rules as-is);0;0;R32[0.15] R34[0.50];0.13;0.50;0.08;0.00;0.00;0.00;0.84;0.00;0.1413;0.2058;1
137;137;Agent_3;orders came from the seed rule base (rules as-is);0;0;R31[0.72] R34[0.28];0.07;0.28;0.36;0.00;0.18;0.00;0.87;0.00;0.1413;0.2058;1
137;137;Agent_4;orders came from the seed rule base (rules as-is);0;0;R32[0.04] R34[0.50];0.13;0.50;0.02;0.00;0.00;0.00;0.84;0.00;0.1413;0.2058;1
138;138;Agent_1;orders came from the seed rule base (rules as-is);0;0;R31[0.50] R34[0.50];0.13;0.50;0.25;0.00;0.13;0.00;0.81;0.00;0.1420;0.2003;1
138;138;Agent_2;orders came from the seed rule base (rules as-is);0;0;R32[0.15] R34[0.50];0.13;0.50;0.08;0.00;0.00;0.00;0.84;0.00;0.1420;0.2003;1
138;138;Agent_3;orders came from the seed rule base (rules as-is);0;0;R31[0.72] R34[0.28];0.07;0.28;0.36;0.00;0.18;0.00;0.87;0.00;0.1420;0.2003;1
138;138;Agent_4;orders came from the seed rule base (rules as-is);0;0;R32[0.04] R34[0.50];0.13;0.50;0.02;0.00;0.00;0.00;0.84;0.00;0.1420;0.2003;1
139;139;Agent_1;RL selected stage 3 [GenAI] (deficit bucket: mid+gap) → ACCEPTED: G26: G26: IF fire threat level is VL AND intervention urgency is VL THEN suppression effort 0.1, resource deployment 0.0 (adaptation-born: generative (template), gates G1-G4);3;3;R31[0.50] R34[0.50];0.13;0.50;0.25;0.00;0.13;0.00;0.81;0.00;0.1347;0.1914;1
139;139;Agent_2;RL selected stage 3 [GenAI] (deficit bucket: mid+gap) → ACCEPTED: G26: G26: IF fire threat level is VL AND intervention urgency is VL THEN suppression effort 0.1, resource deployment 0.0 (adaptation-born: generative (template), gates G1-G4);3;3;R32[0.15] R34[0.50];0.13;0.50;0.08;0.00;0.00;0.00;0.84;0.00;0.1347;0.1914;1
139;139;Agent_3;RL selected stage 3 [GenAI] (deficit bucket: mid+gap) → ACCEPTED: G26: G26: IF fire threat level is VL AND intervention urgency is VL THEN suppression effort 0.1, resource deployment 0.0 (adaptation-born: generative (template), gates G1-G4);3;3;R31[0.72] R34[0.28];0.07;0.28;0.36;0.00;0.18;0.00;0.87;0.00;0.1347;0.1914;1
139;139;Agent_4;RL selected stage 3 [GenAI] (deficit bucket: mid+gap) → ACCEPTED: G26: G26: IF fire threat level is VL AND intervention urgency is VL THEN suppression effort 0.1, resource deployment 0.0 (adaptation-born: generative (template), gates G1-G4);3;3;R32[0.04] R34[0.50];0.13;0.50;0.02;0.00;0.00;0.00;0.84;0.00;0.1347;0.1914;1
140;140;Agent_1;orders came from the seed rule base (rules as-is);0;0;R31[0.50] R34[0.50];0.13;0.50;0.25;0.00;0.13;0.00;0.81;0.00;0.1355;0.1889;1
140;140;Agent_2;orders came from the seed rule base (rules as-is);0;0;R32[0.15] R34[0.50];0.13;0.50;0.08;0.00;0.00;0.00;0.84;0.00;0.1355;0.1889;1
140;140;Agent_3;orders came from the seed rule base (rules as-is);0;0;R31[0.72] R34[0.28];0.07;0.28;0.36;0.00;0.18;0.00;0.87;0.00;0.1355;0.1889;1
140;140;Agent_4;orders came from the seed rule base (rules as-is);0;0;R32[0.04] R34[0.50];0.13;0.50;0.02;0.00;0.00;0.00;0.84;0.00;0.1355;0.1889;1
141;141;Agent_1;orders came from the seed rule base (rules as-is);0;0;R31[0.50] R34[0.50];0.13;0.50;0.25;0.00;0.13;0.00;0.81;0.00;0.1358;0.1917;1
141;141;Agent_2;orders came from the seed rule base (rules as-is);0;0;R32[0.15] R34[0.50];0.13;0.50;0.08;0.00;0.00;0.00;0.84;0.00;0.1358;0.1917;1
141;141;Agent_3;orders came from the seed rule base (rules as-is);0;0;R31[0.72] R34[0.28];0.07;0.28;0.36;0.00;0.18;0.00;0.87;0.00;0.1358;0.1917;1
141;141;Agent_4;orders came from the seed rule base (rules as-is);0;0;R32[0.04] R34[0.50];0.13;0.50;0.02;0.00;0.00;0.00;0.84;0.00;0.1358;0.1917;1
142;142;Agent_1;orders came from the seed rule base (rules as-is);0;0;R31[0.50] R34[0.50];0.13;0.50;0.25;0.00;0.13;0.00;0.81;0.00;0.1361;0.1926;1
142;142;Agent_2;orders came from the seed rule base (rules as-is);0;0;R32[0.15] R34[0.50];0.13;0.50;0.08;0.00;0.00;0.00;0.84;0.00;0.1361;0.1926;1
142;142;Agent_3;orders came from the seed rule base (rules as-is);0;0;R31[0.72] R34[0.28];0.07;0.28;0.36;0.00;0.18;0.00;0.87;0.00;0.1361;0.1926;1
142;142;Agent_4;orders came from the seed rule base (rules as-is);0;0;R32[0.04] R34[0.50];0.13;0.50;0.02;0.00;0.00;0.00;0.84;0.00;0.1361;0.1926;1
143;143;Agent_1;orders came from the seed rule base (rules as-is);0;0;R31[0.50] R34[0.50];0.13;0.50;0.25;0.00;0.13;0.00;0.81;0.00;0.1364;0.1801;1
143;143;Agent_2;orders came from the seed rule base (rules as-is);0;0;R32[0.15] R34[0.50];0.13;0.50;0.08;0.00;0.00;0.00;0.84;0.00;0.1364;0.1801;1
143;143;Agent_3;orders came from the seed rule base (rules as-is);0;0;R31[0.72] R34[0.28];0.07;0.28;0.36;0.00;0.18;0.00;0.87;0.00;0.1364;0.1801;1
143;143;Agent_4;orders came from the seed rule base (rules as-is);0;0;R32[0.04] R34[0.50];0.13;0.50;0.02;0.00;0.00;0.00;0.84;0.00;0.1364;0.1801;1
144;144;Agent_1;orders came from the seed rule base (rules as-is);0;0;R31[0.50] R34[0.50];0.13;0.50;0.25;0.00;0.13;0.00;0.81;0.00;0.1366;0.1929;1
144;144;Agent_2;orders came from the seed rule base (rules as-is);0;0;R32[0.15] R34[0.50];0.13;0.50;0.08;0.00;0.00;0.00;0.84;0.00;0.1366;0.1929;1
144;144;Agent_3;orders came from the seed rule base (rules as-is);0;0;R31[0.72] R34[0.28];0.07;0.28;0.36;0.00;0.18;0.00;0.87;0.00;0.1366;0.1929;1
144;144;Agent_4;orders came from the seed rule base (rules as-is);0;0;R32[0.04] R34[0.50];0.13;0.50;0.02;0.00;0.00;0.00;0.84;0.00;0.1366;0.1929;1
145;145;Agent_1;orders came from the seed rule base (rules as-is);0;0;R31[0.50] R34[0.50];0.13;0.50;0.25;0.00;0.13;0.00;0.81;0.00;0.1374;0.1786;1
145;145;Agent_2;orders came from the seed rule base (rules as-is);0;0;R32[0.15] R34[0.50];0.13;0.50;0.08;0.00;0.00;0.00;0.84;0.00;0.1374;0.1786;1
145;145;Agent_3;orders came from the seed rule base (rules as-is);0;0;R31[0.72] R34[0.28];0.07;0.28;0.36;0.00;0.18;0.00;0.87;0.00;0.1374;0.1786;1
145;145;Agent_4;orders came from the seed rule base (rules as-is);0;0;R32[0.04] R34[0.50];0.13;0.50;0.02;0.00;0.00;0.00;0.84;0.00;0.1374;0.1786;1
146;146;Agent_1;orders came from the seed rule base (rules as-is);0;0;R31[0.50] R34[0.50];0.13;0.50;0.25;0.00;0.13;0.00;0.81;0.00;0.1377;0.1834;1
146;146;Agent_2;orders came from the seed rule base (rules as-is);0;0;R32[0.15] R34[0.50];0.13;0.50;0.08;0.00;0.00;0.00;0.84;0.00;0.1377;0.1834;1
146;146;Agent_3;orders came from the seed rule base (rules as-is);0;0;R31[0.72] R34[0.28];0.07;0.28;0.36;0.00;0.18;0.00;0.87;0.00;0.1377;0.1834;1
146;146;Agent_4;orders came from the seed rule base (rules as-is);0;0;R32[0.04] R34[0.50];0.13;0.50;0.02;0.00;0.00;0.00;0.84;0.00;0.1377;0.1834;1
147;147;Agent_1;orders came from the seed rule base (rules as-is);0;0;R31[0.50] R34[0.50];0.13;0.50;0.25;0.00;0.13;0.00;0.81;0.00;0.1380;0.1700;1
147;147;Agent_2;orders came from the seed rule base (rules as-is);0;0;R32[0.15] R34[0.50];0.13;0.50;0.08;0.00;0.00;0.00;0.84;0.00;0.1380;0.1700;1
147;147;Agent_3;orders came from the seed rule base (rules as-is);0;0;R31[0.72] R34[0.28];0.07;0.28;0.36;0.00;0.18;0.00;0.87;0.00;0.1380;0.1700;1
147;147;Agent_4;orders came from the seed rule base (rules as-is);0;0;R32[0.04] R34[0.50];0.13;0.50;0.02;0.00;0.00;0.00;0.84;0.00;0.1380;0.1700;1
148;148;Agent_1;orders came from the seed rule base (rules as-is);0;0;R31[0.50] R34[0.50];0.13;0.50;0.25;0.00;0.13;0.00;0.81;0.00;0.1383;0.1683;1
148;148;Agent_2;orders came from the seed rule base (rules as-is);0;0;R32[0.15] R34[0.50];0.13;0.50;0.08;0.00;0.00;0.00;0.84;0.00;0.1383;0.1683;1
148;148;Agent_3;orders came from the seed rule base (rules as-is);0;0;R31[0.72] R34[0.28];0.07;0.28;0.36;0.00;0.18;0.00;0.87;0.00;0.1383;0.1683;1
148;148;Agent_4;orders came from the seed rule base (rules as-is);0;0;R32[0.04] R34[0.50];0.13;0.50;0.02;0.00;0.00;0.00;0.84;0.00;0.1383;0.1683;1
149;149;Agent_1;orders came from the seed rule base (rules as-is);0;0;R31[0.50] R34[0.50];0.13;0.50;0.25;0.00;0.13;0.00;0.81;0.00;0.1390;0.1794;1
149;149;Agent_2;orders came from the seed rule base (rules as-is);0;0;R32[0.15] R34[0.50];0.13;0.50;0.08;0.00;0.00;0.00;0.84;0.00;0.1390;0.1794;1
149;149;Agent_3;orders came from the seed rule base (rules as-is);0;0;R31[0.72] R34[0.28];0.07;0.28;0.36;0.00;0.18;0.00;0.87;0.00;0.1390;0.1794;1
149;149;Agent_4;orders came from the seed rule base (rules as-is);0;0;R32[0.04] R34[0.50];0.13;0.50;0.02;0.00;0.00;0.00;0.84;0.00;0.1390;0.1794;1
150;150;Agent_1;orders came from the seed rule base (rules as-is);0;0;R31[0.50] R34[0.50];0.13;0.50;0.25;0.00;0.13;0.00;0.81;0.00;0.1393;0.1738;1
150;150;Agent_2;orders came from the seed rule base (rules as-is);0;0;R32[0.15] R34[0.50];0.13;0.50;0.08;0.00;0.00;0.00;0.84;0.00;0.1393;0.1738;1
150;150;Agent_3;orders came from the seed rule base (rules as-is);0;0;R31[0.72] R34[0.28];0.07;0.28;0.36;0.00;0.18;0.00;0.87;0.00;0.1393;0.1738;1
150;150;Agent_4;orders came from the seed rule base (rules as-is);0;0;R32[0.04] R34[0.50];0.13;0.50;0.02;0.00;0.00;0.00;0.84;0.00;0.1393;0.1738;1
