step;t_min;region;story;stage_tried;stage_accepted;fired_rules;suppression;deployment;containment;protection;evacuation;warning;quality;gate_min;J_forecast;J_noaction;attended
127;127;Agent_1;orders came from the seed rule base (rules as-is);0;0;R7[0.02] R20[0.35] R26[0.33] A1[0.68] G2[0.31] G1[0.18];0.44;0.69;0.01;0.87;0.58;0.00;0.93;0.05;0.1578;0.2119;1
127;127;Agent_2;orders came from the seed rule base (rules as-is);0;0;R7[0.06] R11[0.23] R15[0.08] R20[0.05] R26[0.08] A1[0.06];0.10;0.32;0.08;0.43;0.38;0.29;0.86;0.05;0.1578;0.2119;1
127;127;Agent_3;orders came from the seed rule base (rules as-is);0;0;R7[0.04] R20[0.24] R26[0.33] A1[0.08] G2[0.08] G1[0.08];0.39;0.57;0.02;0.52;0.14;0.00;0.86;0.05;0.1578;0.2119;1
128;128;Agent_1;orders came from the seed rule base (rules as-is);0;0;R7[0.02] R20[0.31] R26[0.30] A1[0.68] G2[0.31] G1[0.16];0.40;0.69;0.01;0.87;0.58;0.00;0.91;0.05;0.1970;0.2146;1
128;128;Agent_2;orders came from the seed rule base (rules as-is);0;0;R7[0.06] R11[0.23] R15[0.07] R20[0.05] R26[0.07] A1[0.06];0.09;0.31;0.08;0.43;0.38;0.28;0.86;0.05;0.1970;0.2146;1
128;128;Agent_3;orders came from the seed rule base (rules as-is);0;0;R7[0.04] R20[0.21] R26[0.30] A1[0.08] G2[0.08] G1[0.08];0.36;0.52;0.02;0.52;0.14;0.00;0.86;0.05;0.1970;0.2146;1
129;129;Agent_1;RL selected stage 1 [evFIS] (deficit bucket: high) → rejected (no improving perturbation found | seed-base decision stands, its orders are applied);1;0;R7[0.02] R20[0.29] R26[0.27] A1[0.68] G2[0.31] G1[0.15];0.36;0.69;0.01;0.87;0.58;0.00;0.90;0.05;0.1941;0.2045;1
129;129;Agent_2;RL selected stage 1 [evFIS] (deficit bucket: high) → rejected (no improving perturbation found | seed-base decision stands, its orders are applied);1;0;R7[0.06] R11[0.23] R15[0.06] R20[0.04] R26[0.06] A1[0.06];0.09;0.30;0.07;0.42;0.37;0.28;0.86;0.05;0.1941;0.2045;1
129;129;Agent_3;RL selected stage 1 [evFIS] (deficit bucket: high) → rejected (no improving perturbation found | seed-base decision stands, its orders are applied);1;0;R7[0.04] R20[0.20] R26[0.28] A1[0.08] G2[0.08] G1[0.08];0.34;0.48;0.02;0.52;0.14;0.00;0.87;0.05;0.1941;0.2045;1
130;130;Agent_1;orders came from the seed rule base (rules as-is);0;0;R7[0.02] R20[0.26] R26[0.25] A1[0.68] G2[0.31] G1[0.14];0.34;0.63;0.01;0.87;0.58;0.00;0.90;0.05;0.1930;0.2040;1
130;130;Agent_2;orders came from the seed rule base (rules as-is);0;0;R11[0.23] R15[0.06] R20[0.04] R26[0.06];0.05;0.24;0.04;0.01;0.26;0.27;0.90;0.05;0.1930;0.2040;1
130;130;Agent_3;orders came from the seed rule base (rules as-is);0;0;R7[0.04] R20[0.18] R26[0.25] A1[0.08] G2[0.04] G1[0.08];0.32;0.45;0.02;0.48;0.11;0.00;0.88;0.05;0.1930;0.2040;1
131;131;Agent_1;orders came from the seed rule base (rules as-is);0;0;R7[0.02] R20[0.24] R26[0.23] A1[0.68] G2[0.31] G1[0.13];0.31;0.59;0.01;0.87;0.58;0.00;0.91;0.05;0.1942;0.2048;1
131;131;Agent_2;orders came from the seed rule base (rules as-is);0;0;R7[0.06] R11[0.23] R15[0.05] R20[0.03] R26[0.05] A1[0.06];0.08;0.27;0.07;0.41;0.36;0.27;0.86;0.05;0.1942;0.2048;1
131;131;Agent_3;orders came from the seed rule base (rules as-is);0;0;R7[0.04] R20[0.16] R26[0.23] A1[0.08] G2[0.04] G1[0.08];0.29;0.41;0.02;0.48;0.11;0.00;0.87;0.05;0.1942;0.2048;1
132;132;Agent_1;orders came from the seed rule base (rules as-is);0;0;R7[0.02] R20[0.23] R26[0.21] A1[0.68] G2[0.31] G1[0.12];0.29;0.55;0.01;0.87;0.58;0.00;0.91;0.05;0.1971;0.2084;1
132;132;Agent_2;orders came from the seed rule base (rules as-is);0;0;R7[0.04] R11[0.23] R15[0.05] R20[0.03] R26[0.05] A1[0.04];0.06;0.26;0.05;0.28;0.33;0.26;0.89;0.05;0.1971;0.2084;1
132;132;Agent_3;orders came from the seed rule base (rules as-is);0;0;R7[0.04] R20[0.15] R26[0.22] A1[0.08] G2[0.04] G1[0.08];0.28;0.39;0.02;0.47;0.10;0.00;0.87;0.05;0.1971;0.2084;1
133;133;Agent_1;orders came from the seed rule base (rules as-is);0;0;R7[0.02] R20[0.21] R26[0.20] A1[0.68] G2[0.31] G1[0.11];0.27;0.51;0.01;0.87;0.58;0.00;0.91;0.04;0.1995;0.2115;1
133;133;Agent_2;orders came from the seed rule base (rules as-is);0;0;R7[0.04] R11[0.23] R15[0.05] R20[0.03] R26[0.05] A1[0.04];0.06;0.25;0.05;0.28;0.32;0.26;0.89;0.04;0.1995;0.2115;1
133;133;Agent_3;orders came from the seed rule base (rules as-is);0;0;R7[0.04] R20[0.13] R26[0.20] A1[0.08] G2[0.04] G1[0.08];0.26;0.36;0.02;0.47;0.10;0.00;0.87;0.04;0.1995;0.2115;1
134;134;Agent_1;orders came from the seed rule base (rules as-is);0;0;R7[0.02] R20[0.20] R26[0.19] A1[0.68] G2[0.31] G1[0.10];0.25;0.48;0.01;0.87;0.58;0.00;0.91;0.04;0.1998;0.2060;1
134;134;Agent_2;orders came from the seed rule base (rules as-is);0;0;R7[0.04] R11[0.23] R15[0.04] R20[0.03] R26[0.04] A1[0.04];0.06;0.25;0.05;0.27;0.32;0.26;0.89;0.04;0.1998;0.2060;1
134;134;Agent_3;orders came from the seed rule base (rules as-is);0;0;R7[0.04] R20[0.12] R26[0.19] A1[0.08] G2[0.04] G1[0.08];0.25;0.34;0.02;0.46;0.10;0.00;0.87;0.04;0.1998;0.2060;1
135;135;Agent_1;orders came from the seed rule base (rules as-is);0;0;R7[0.02] R20[0.19] R26[0.18] A1[0.68] G2[0.31] G1[0.10];0.24;0.45;0.01;0.87;0.58;0.00;0.91;0.04;0.2005;0.2102;1
135;135;Agent_2;orders came from the seed rule base (rules as-is);0;0;R7[0.04] R11[0.23] R15[0.04] R20[0.03] R26[0.04] A1[0.04];0.06;0.24;0.05;0.27;0.32;0.26;0.89;0.04;0.2005;0.2102;1
135;135;Agent_3;orders came from the seed rule base (rules as-is);0;0;R7[0.04] R20[0.11] R26[0.18] A1[0.08] G2[0.04] G1[0.08];0.23;0.32;0.02;0.46;0.10;0.00;0.87;0.04;0.2005;0.2102;1
135;135;Agent_1;orders came from the seed rule base (rules as-is);0;0;R7[0.02] R20[0.19] R26[0.18] A1[0.68] G2[0.31] G1[0.10];0.24;0.45;0.01;0.87;0.58;0.00;0.91;0.04;0.2005;0.2102;1
135;135;Agent_2;orders came from the seed rule base (rules as-is);0;0;R7[0.04] R11[0.23] R15[0.04] R20[0.03] R26[0.04] A1[0.04];0.06;0.24;0.05;0.27;0.32;0.26;0.89;0.04;0.2005;0.2102;1
135;135;Agent_3;orders came from the seed rule base (rules as-is);0;0;R7[0.04] R20[0.11] R26[0.18] A1[0.08] G2[0.04] G1[0.08];0.23;0.32;0.02;0.46;0.10;0.00;0.87;0.04;0.2005;0.2102;1
135;135;Agent_1;orders came from the seed rule base (rules as-is);0;0;R7[0.02] R20[0.19] R26[0.18] A1[0.68] G2[0.31] G1[0.10];0.24;0.45;0.01;0.87;0.58;0.00;0.91;0.04;0.2005;0.2102;1
135;135;Agent_2;orders came from the seed rule base (rules as-is);0;0;R7[0.04] R11[0.23] R15[0.04] R20[0.03] R26[0.04] A1[0.04];0.06;0.24;0.05;0.27;0.32;0.26;0.89;0.04;0.2005;0.2102;1
135;135;Agent_3;orders came from the seed rule base (rules as-is);0;0;R7[0.04] R20[0.11] R26[0.18] A1[0.08] G2[0.04] G1[0.08];0.23;0.32;0.02;0.46;0.10;0.00;0.87;0.04;0.2005;0.2102;1
136;136;Agent_1;orders came from the seed rule base (rules as-is);0;0;R7[0.02] R20[0.18] R26[0.17] A1[0.68] G2[0.31] G1[0.09];0.23;0.43;0.01;0.87;0.58;0.00;0.92;0.04;0.2020;0.2063;1
136;136;Agent_2;orders came from the seed rule base (rules as-is);0;0;R7[0.04] R11[0.23] R15[0.04] R20[0.02] R26[0.04] A1[0.04];0.05;0.24;0.04;0.27;0.32;0.25;0.89;0.04;0.2020;0.2063;1
136;136;Agent_3;orders came from the seed rule base (rules as-is);0;0;R7[0.04] R20[0.10] R26[0.17] A1[0.08] G2[0.04] G1[0.08];0.22;0.31;0.02;0.46;0.10;0.00;0.87;0.04;0.2020;0.2063;1
137;137;Agent_1;orders came from the seed rule base (rules as-is);0;0;R7[0.02] R20[0.17] R26[0.16] A1[0.68] G2[0.31] G1[0.09];0.22;0.41;0.01;0.87;0.58;0.00;0.92;0.04;0.2046;0.2068;1
137;137;Agent_2;orders came from the seed rule base (rules as-is);0;0;R7[0.04] R11[0.23] R15[0.03] R20[0.02] R26[0.03] A1[0.04];0.05;0.23;0.04;0.27;0.32;0.25;0.89;0.04;0.2046;0.2068;1
137;137;Agent_3;orders came from the seed rule base (rules as-is);0;0;R7[0.04] R20[0.10] R26[0.16] A1[0.08] G2[0.04] G1[0.08];0.21;0.29;0.02;0.46;0.11;0.00;0.87;0.04;0.2046;0.2068;1
138;138;Agent_1;orders came from the seed rule base (rules as-is);0;0;R7[0.02] R20[0.16] R26[0.15] A1[0.68] G2[0.31] G1[0.08];0.21;0.39;0.01;0.87;0.58;0.00;0.92;0.04;0.2057;0.2126;1
138;138;Agent_2;orders came from the seed rule base (rules as-is);0;0;R7[0.04] R11[0.23] R15[0.03] R20[0.02] R26[0.03] A1[0.04];0.05;0.23;0.04;0.27;0.31;0.25;0.89;0.04;0.2057;0.2126;1
138;138;Agent_3;orders came from the seed rule base (rules as-is);0;0;R7[0.04] R20[0.09] R26[0.16] A1[0.08] G2[0.04] G1[0.08];0.20;0.28;0.02;0.45;0.11;0.00;0.87;0.04;0.2057;0.2126;1
139;139;Agent_1;RL selected stage 1 [evFIS] (deficit bucket: low) → rejected (no improving perturbation found | seed-base decision stands, its orders are applied);1;0;R7[0.02] R20[0.16] R26[0.15] A1[0.68] G2[0.31] G1[0.08];0.20;0.38;0.01;0.87;0.58;0.00;0.92;0.04;0.2086;0.2064;1
139;139;Agent_2;RL selected stage 1 [evFIS] (deficit bucket: low) → rejected (no improving perturbation found | seed-base decision stands, its orders are applied);1;0;R7[0.04] R11[0.23] R15[0.03] R20[0.02] R26[0.03] A1[0.04];0.05;0.23;0.04;0.27;0.31;0.25;0.89;0.04;0.2086;0.2064;1
139;139;Agent_3;RL selected stage 1 [evFIS] (deficit bucket: low) → rejected (no improving perturbation found | seed-base decision stands, its orders are applied);1;0;R7[0.04] R20[0.09] R26[0.15] A1[0.08] G2[0.04] G1[0.08];0.20;0.27;0.02;0.46;0.11;0.00;0.87;0.04;0.2086;0.2064;1
140;140;Agent_1;orders came from the seed rule base (rules as-is);0;0;R7[0.02] R20[0.15] R26[0.14] A1[0.68] G2[0.31] G1[0.08];0.19;0.36;0.01;0.87;0.58;0.00;0.92;0.04;0.2069;0.2065;1
140;140;Agent_2;orders came from the seed rule base (rules as-is);0;0;R7[0.04] R11[0.23] R15[0.03] R20[0.02] R26[0.03] A1[0.04];0.05;0.22;0.04;0.27;0.31;0.25;0.89;0.04;0.2069;0.2065;1
140;140;Agent_3;orders came from the seed rule base (rules as-is);0;0;R7[0.04] R20[0.08] R26[0.15] A1[0.08] G2[0.05] G1[0.08];0.19;0.26;0.02;0.46;0.11;0.00;0.87;0.04;0.2069;0.2065;1
141;141;Agent_1;orders came from the seed rule base (rules as-is);0;0;R7[0.02] R20[0.15] R26[0.14] A1[0.68] G2[0.31] G1[0.08];0.19;0.35;0.01;0.87;0.58;0.00;0.92;0.04;0.2071;0.2241;1
141;141;Agent_2;orders came from the seed rule base (rules as-is);0;0;R7[0.04] R11[0.23] R15[0.03] R20[0.02] R26[0.03] A1[0.04];0.05;0.22;0.04;0.26;0.31;0.25;0.89;0.04;0.2071;0.2241;1
141;141;Agent_3;orders came from the seed rule base (rules as-is);0;0;R7[0.04] R20[0.08] R26[0.14] A1[0.08] G2[0.05] G1[0.08];0.19;0.26;0.02;0.46;0.11;0.00;0.87;0.04;0.2071;0.2241;1
142;142;Agent_1;orders came from the seed rule base (rules as-is);0;0;R7[0.02] R20[0.14] R26[0.13] A1[0.68] G2[0.31] G1[0.07];0.18;0.34;0.01;0.87;0.58;0.00;0.92;0.04;0.2181;0.2148;1
142;142;Agent_2;orders came from the seed rule base (rules as-is);0;0;R7[0.04] R11[0.23] R15[0.03] R20[0.02] R26[0.03] A1[0.04];0.05;0.22;0.04;0.26;0.31;0.25;0.89;0.04;0.2181;0.2148;1
142;142;Agent_3;orders came from the seed rule base (rules as-is);0;0;R7[0.04] R20[0.08] R26[0.14] A1[0.08] G2[0.05] G1[0.07];0.18;0.25;0.02;0.45;0.12;0.00;0.87;0.04;0.2181;0.2148;1
143;143;Agent_1;orders came from the seed rule base (rules as-is);0;0;R7[0.02] R20[0.14] R26[0.13] A1[0.68] G2[0.31] G1[0.07];0.18;0.33;0.01;0.87;0.58;0.00;0.92;0.04;0.2121;0.2086;1
143;143;Agent_2;orders came from the seed rule base (rules as-is);0;0;R7[0.04] R11[0.23] R15[0.03] R20[0.02] R26[0.03] A1[0.04];0.05;0.22;0.04;0.26;0.31;0.25;0.90;0.04;0.2121;0.2086;1
143;143;Agent_3;orders came from the seed rule base (rules as-is);0;0;R7[0.04] R20[0.07] R26[0.13] A1[0.08] G2[0.06] G1[0.07];0.18;0.24;0.02;0.45;0.12;0.00;0.87;0.04;0.2121;0.2086;1
144;144;Agent_1;orders came from the seed rule base (rules as-is);0;0;R7[0.02] R20[0.14] R26[0.13] A1[0.68] G2[0.31] G1[0.07];0.17;0.33;0.01;0.87;0.58;0.00;0.92;0.04;0.2134;0.2185;1
144;144;Agent_2;orders came from the seed rule base (rules as-is);0;0;R7[0.04] R11[0.23] R15[0.03] R20[0.02] R26[0.03] A1[0.04];0.04;0.22;0.04;0.26;0.31;0.25;0.90;0.04;0.2134;0.2185;1
144;144;Agent_3;orders came from the seed rule base (rules as-is);0;0;R7[0.04] R20[0.07] R26[0.13] A1[0.08] G2[0.06] G1[0.07];0.17;0.23;0.02;0.45;0.12;0.00;0.87;0.04;0.2134;0.2185;1
145;145;Agent_1;orders came from the seed rule base (rules as-is);0;0;R7[0.02] R20[0.13] R26[0.13] A1[0.68] G2[0.31] G1[0.07];0.17;0.32;0.01;0.87;0.58;0.00;0.93;0.04;0.2132;0.2119;1
145;145;Agent_2;orders came from the seed rule base (rules as-is);0;0;R7[0.04] R11[0.23] R15[0.03] R20[0.02] R26[0.03] A1[0.04];0.04;0.22;0.04;0.26;0.31;0.25;0.90;0.04;0.2132;0.2119;1
145;145;Agent_3;orders came from the seed rule base (rules as-is);0;0;R7[0.04] R20[0.07] R26[0.13] A1[0.08] G2[0.06] G1[0.07];0.17;0.23;0.02;0.45;0.13;0.00;0.87;0.04;0.2132;0.2119;1
146;146;Agent_1;orders came from the seed rule base (rules as-is);0;0;R7[0.02] R20[0.13] R26[0.12] A1[0.68] G2[0.31] G1[0.07];0.17;0.31;0.01;0.87;0.58;0.00;0.93;0.04;0.2119;0.2131;1
146;146;Agent_2;orders came from the seed rule base (rules as-is);0;0;R7[0.04] R11[0.23] R15[0.02] R20[0.02] R26[0.02] A1[0.04];0.04;0.21;0.04;0.26;0.31;0.24;0.90;0.04;0.2119;0.2131;1
146;146;Agent_3;orders came from the seed rule base (rules as-is);0;0;R7[0.04] R20[0.07] R26[0.12] A1[0.08] G2[0.07] G1[0.07];0.17;0.22;0.02;0.45;0.13;0.00;0.87;0.04;0.2119;0.2131;1
147;147;Agent_1;orders came from the seed rule base (rules as-is);0;0;R7[0.02] R20[0.13] R26[0.12] A1[0.68] G2[0.31] G1[0.07];0.16;0.31;0.01;0.87;0.58;0.00;0.93;0.04;0.2129;0.2180;1
147;147;Agent_2;orders came from the seed rule base (rules as-is);0;0;R7[0.04] R11[0.23] R15[0.02] R20[0.01] R26[0.02] A1[0.04];0.04;0.21;0.04;0.26;0.31;0.24;0.90;0.04;0.2129;0.2180;1
147;147;Agent_3;orders came from the seed rule base (rules as-is);0;0;R7[0.04] R20[0.07] R26[0.12] A1[0.08] G2[0.07] G1[0.07];0.16;0.22;0.02;0.45;0.13;0.00;0.88;0.04;0.2129;0.2180;1
148;148;Agent_1;orders came from the seed rule base (rules as-is);0;0;R7[0.02] R20[0.13] R26[0.12] A1[0.68] G2[0.31] G1[0.06];0.16;0.30;0.01;0.87;0.58;0.00;0.93;0.04;0.2127;0.2146;1
148;148;Agent_2;orders came from the seed rule base (rules as-is);0;0;R7[0.04] R11[0.23] R15[0.02] R20[0.01] R26[0.02] A1[0.04];0.04;0.21;0.04;0.26;0.31;0.24;0.90;0.04;0.2127;0.2146;1
148;148;Agent_3;orders came from the seed rule base (rules as-is);0;0;R7[0.04] R20[0.07] R26[0.12] A1[0.08] G2[0.08] G1[0.06];0.16;0.22;0.02;0.46;0.13;0.00;0.88;0.04;0.2127;0.2146;1
149;149;Agent_1;RL selected stage 1 [evFIS] (deficit bucket: low) → rejected (no improving perturbation found | seed-base decision stands, its orders are applied);1;0;R7[0.02] R20[0.12] R26[0.12] A1[0.68] G2[0.31] G1[0.06];0.16;0.30;0.01;0.87;0.58;0.00;0.93;0.04;0.2136;0.2157;1
149;149;Agent_2;RL selected stage 1 [evFIS] (deficit bucket: low) → rejected (no improving perturbation found | seed-base decision stands, its orders are applied);1;0;R7[0.04] R11[0.23] R15[0.02] R20[0.01] R26[0.02] A1[0.04];0.04;0.21;0.04;0.26;0.31;0.24;0.90;0.04;0.2136;0.2157;1
149;149;Agent_3;RL selected stage 1 [evFIS] (deficit bucket: low) → rejected (no improving perturbation found | seed-base decision stands, its orders are applied);1;0;R7[0.04] R20[0.07] R26[0.12] A1[0.08] G2[0.08] G1[0.06];0.16;0.21;0.02;0.45;0.13;0.00;0.88;0.04;0.2136;0.2157;1
150;150;Agent_1;orders came from the seed rule base (rules as-is);0;0;R7[0.02] R20[0.12] R26[0.12] A1[0.68] G2[0.31] G1[0.06];0.15;0.29;0.01;0.87;0.58;0.00;0.93;0.04;0.2141;0.2165;1
150;150;Agent_2;orders came from the seed rule base (rules as-is);0;0;R7[0.04] R11[0.23] R15[0.02] R20[0.01] R26[0.02] A1[0.04];0.04;0.21;0.03;0.26;0.31;0.24;0.90;0.04;0.2141;0.2165;1
150;150;Agent_3;orders came from the seed rule base (rules as-is);0;0;R7[0.04] R20[0.06] R26[0.12] A1[0.08] G2[0.08] G1[0.06];0.16;0.21;0.02;0.45;0.14;0.00;0.88;0.04;0.2141;0.2165;1
151;151;Agent_1;orders came from the seed rule base (rules as-is);0;0;R7[0.02] R20[0.12] R26[0.11] A1[0.68] G2[0.31] G1[0.06];0.15;0.29;0.01;0.87;0.58;0.00;0.93;0.04;0.2139;0.2167;1
151;151;Agent_2;orders came from the seed rule base (rules as-is);0;0;R7[0.04] R11[0.23] R15[0.02] R20[0.01] R26[0.02] A1[0.04];0.04;0.21;0.03;0.26;0.31;0.24;0.90;0.04;0.2139;0.2167;1
151;151;Agent_3;orders came from the seed rule base (rules as-is);0;0;R7[0.04] R20[0.06] R26[0.12] A1[0.08] G2[0.08] G1[0.06];0.16;0.21;0.02;0.45;0.14;0.00;0.88;0.04;0.2139;0.2167;1
152;152;Agent_1;orders came from the seed rule base (rules as-is);0;0;R7[0.02] R20[0.12] R26[0.11] A1[0.68] G2[0.31] G1[0.06];0.15;0.29;0.01;0.87;0.58;0.00;0.93;0.04;0.2148;0.2181;1
152;152;Agent_2;orders came from the seed rule base (rules as-is);0;0;R7[0.04] R11[0.23] R15[0.02] R20[0.01] R26[0.02] A1[0.04];0.04;0.21;0.03;0.26;0.31;0.24;0.90;0.04;0.2148;0.2181;1
152;152;Agent_3;orders came from the seed rule base (rules as-is);0;0;R7[0.04] R20[0.06] R26[0.11] A1[0.08] G2[0.08] G1[0.06];0.16;0.21;0.02;0.45;0.14;0.00;0.88;0.04;0.2148;0.2181;1
153;153;Agent_1;orders came from the seed rule base (rules as-is);0;0;R7[0.02] R20[0.12] R26[0.11] A1[0.68] G2[0.31] G1[0.06];0.15;0.28;0.01;0.87;0.58;0.00;0.93;0.04;0.2146;0.2188;1
153;153;Agent_2;orders came from the seed rule base (rules as-is);0;0;R7[0.04] R11[0.23] R15[0.02] R20[0.01] R26[0.02] A1[0.04];0.04;0.21;0.03;0.26;0.31;0.24;0.90;0.04;0.2146;0.2188;1
153;153;Agent_3;orders came from the seed rule base (rules as-is);0;0;R7[0.04] R20[0.06] R26[0.11] A1[0.08] G2[0.08] G1[0.06];0.15;0.21;0.02;0.45;0.14;0.00;0.88;0.04;0.2146;0.2188;1
154;154;Agent_1;orders came from the seed rule base (rules as-is);0;0;R7[0.02] R20[0.12] R26[0.11] A1[0.68] G2[0.31] G1[0.06];0.15;0.28;0.01;0.87;0.58;0.00;0.93;0.04;0.2152;0.2199;1
154;154;Agent_2;orders came from the seed rule base (rules as-is);0;0;R7[0.04] R11[0.23] R15[0.02] R20[0.01] R26[0.02] A1[0.04];0.04;0.21;0.03;0.26;0.31;0.24;0.90;0.04;0.2152;0.2199;1
154;154;Agent_3;orders came from the seed rule base (rules as-is);0;0;R7[0.04] R20[0.06] R26[0.11] A1[0.08] G2[0.08] G1[0.06];0.15;0.20;0.02;0.45;0.14;0.00;0.88;0.04;0.2152;0.2199;1
155;155;Agent_1;orders came from the seed rule base (rules as-is);0;0;R7[0.02] R20[0.12] R26[0.11] A1[0.68] G2[0.31] G1[0.06];0.15;0.28;0.01;0.87;0.58;0.00;0.93;0.04;0.2135;0.2210;1
155;155;Agent_2;orders came from the seed rule base (rules as-is);0;0;R7[0.04] R11[0.23] R15[0.02] R20[0.01] R26[0.02] A1[0.04];0.04;0.21;0.03;0.26;0.31;0.24;0.90;0.04;0.2135;0.2210;1
155;155;Agent_3;orders came from the seed rule base (rules as-is);0;0;R7[0.04] R20[0.06] R26[0.11] A1[0.08] G2[0.08] G1[0.06];0.15;0.20;0.02;0.45;0.14;0.00;0.88;0.04;0.2135;0.2210;1
156;156;Agent_1;orders came from the seed rule base (rules as-is);0;0;R7[0.02] R20[0.11] R26[0.11] A1[0.68] G2[0.31] G1[0.06];0.14;0.27;0.01;0.87;0.58;0.00;0.93;0.04;0.2140;0.2250;1
156;156;Agent_2;orders came from the seed rule base (rules as-is);0;0;R7[0.04] R11[0.23] R15[0.02] R20[0.01] R26[0.02] A1[0.04];0.04;0.21;0.03;0.26;0.31;0.24;0.90;0.04;0.2140;0.2250;1
156;156;Agent_3;orders came from the seed rule base (rules as-is);0;0;R7[0.04] R20[0.06] R26[0.11] A1[0.08] G2[0.08] G1[0.06];0.15;0.20;0.02;0.45;0.14;0.00;0.88;0.04;0.2140;0.2250;1
157;157;Agent_1;orders came from the seed rule base (rules as-is);0;0;R7[0.02] R20[0.11] R26[0.11] A1[0.68] G2[0.31] G1[0.06];0.14;0.27;0.01;0.87;0.58;0.00;0.93;0.04;0.2142;0.2297;1
157;157;Agent_2;orders came from the seed rule base (rules as-is);0;0;R7[0.04] R11[0.23] R15[0.02] R20[0.01] R26[0.02] A1[0.04];0.04;0.21;0.03;0.26;0.31;0.24;0.90;0.04;0.2142;0.2297;1
157;157;Agent_3;orders came from the seed rule base (rules as-is);0;0;R7[0.04] R20[0.06] R26[0.11] A1[0.08] G2[0.08] G1[0.06];0.15;0.20;0.02;0.45;0.14;0.00;0.87;0.04;0.2142;0.2297;1
158;158;Agent_1;orders came from the seed rule base (rules as-is);0;0;R7[0.02] R20[0.11] R26[0.11] A1[0.68] G2[0.31] G1[0.06];0.14;0.27;0.01;0.87;0.58;0.00;0.93;0.04;0.2133;0.2259;1
158;158;Agent_2;orders came from the seed rule base (rules as-is);0;0;R7[0.04] R11[0.23] R15[0.02] R20[0.01] R26[0.02] A1[0.04];0.04;0.21;0.03;0.26;0.31;0.24;0.90;0.04;0.2133;0.2259;1
158;158;Agent_3;orders came from the seed rule base (rules as-is);0;0;R7[0.04] R20[0.06] R26[0.11] A1[0.08] G2[0.08] G1[0.06];0.15;0.20;0.02;0.45;0.14;0.00;0.87;0.04;0.2133;0.2259;1
159;159;Agent_1;orders came from the seed rule base (rules as-is);0;0;R7[0.02] R20[0.11] R26[0.10] A1[0.68] G2[0.31] G1[0.06];0.14;0.27;0.01;0.87;0.58;0.00;0.93;0.04;0.2138;0.2263;1
159;159;Agent_2;orders came from the seed rule base (rules as-is);0;0;R7[0.04] R11[0.23] R15[0.02] R20[0.01] R26[0.02] A1[0.04];0.04;0.21;0.03;0.26;0.31;0.24;0.90;0.04;0.2138;0.2263;1
159;159;Agent_3;orders came from the seed rule base (rules as-is);0;0;R7[0.04] R20[0.06] R26[0.11] A1[0.08] G2[0.08] G1[0.06];0.15;0.20;0.02;0.45;0.14;0.00;0.87;0.04;0.2138;0.2263;1
160;160;Agent_1;RL selected stage 1 [evFIS] (deficit bucket: mid) → rejected (no improving perturbation found | seed-base decision stands, its orders are applied);1;0;R7[0.02] R20[0.11] R26[0.10] A1[0.68] G2[0.31] G1[0.06];0.14;0.27;0.01;0.87;0.58;0.00;0.93;0.04;0.2158;0.2267;1
160;160;Agent_2;RL selected stage 1 [evFIS] (deficit bucket: mid) → rejected (no improving perturbation found | seed-base decision stands, its orders are applied);1;0;R7[0.04] R11[0.23] R15[0.02] R20[0.01] R26[0.02] A1[0.04];0.04;0.21;0.03;0.26;0.31;0.24;0.90;0.04;0.2158;0.2267;1
160;160;Agent_3;RL selected stage 1 [evFIS] (deficit bucket: mid) → rejected (no improving perturbation found | seed-base decision stands, its orders are applied);1;0;R7[0.04] R20[0.06] R26[0.11] A1[0.08] G2[0.08] G1[0.06];0.15;0.20;0.02;0.45;0.14;0.00;0.87;0.04;0.2158;0.2267;1
161;161;Agent_1;orders came from the seed rule base (rules as-is);0;0;R7[0.02] R20[0.11] R26[0.10] A1[0.68] G2[0.31] G1[0.06];0.14;0.26;0.01;0.87;0.58;0.00;0.93;0.04;0.2160;0.2275;1
161;161;Agent_2;orders came from the seed rule base (rules as-is);0;0;R7[0.04] R11[0.23] R15[0.02] R20[0.01] R26[0.02] A1[0.04];0.04;0.21;0.03;0.26;0.31;0.24;0.90;0.04;0.2160;0.2275;1
161;161;Agent_3;orders came from the seed rule base (rules as-is);0;0;R7[0.04] R20[0.06] R26[0.11] A1[0.08] G2[0.08] G1[0.06];0.14;0.20;0.02;0.45;0.14;0.00;0.87;0.04;0.2160;0.2275;1
162;162;Agent_1;orders came from the seed rule base (rules as-is);0;0;R7[0.02] R20[0.11] R26[0.10] A1[0.68] G2[0.31] G1[0.06];0.14;0.26;0.01;0.87;0.58;0.00;0.93;0.04;0.2162;0.2313;1
162;162;Agent_2;orders came from the seed rule base (rules as-is);0;0;R7[0.04] R11[0.23] R15[0.02] R20[0.01] R26[0.02] A1[0.04];0.04;0.21;0.03;0.26;0.31;0.24;0.90;0.04;0.2162;0.2313;1
162;162;Agent_3;orders came from the seed rule base (rules as-is);0;0;R7[0.04] R20[0.06] R26[0.10] A1[0.08] G2[0.08] G1[0.06];0.14;0.20;0.02;0.45;0.14;0.00;0.87;0.04;0.2162;0.2313;1
163;163;Agent_1;orders came from the seed rule base (rules as-is);0;0;R7[0.02] R20[0.11] R26[0.10] A1[0.68] G2[0.31] G1[0.06];0.14;0.26;0.01;0.87;0.58;0.00;0.93;0.04;0.2171;0.2306;1
163;163;Agent_2;orders came from the seed rule base (rules as-is);0;0;R7[0.04] R11[0.23] R15[0.02] R20[0.01] R26[0.02] A1[0.04];0.04;0.21;0.03;0.26;0.31;0.24;0.90;0.04;0.2171;0.2306;1
163;163;Agent_3;orders came from the seed rule base (rules as-is);0;0;R7[0.04] R20[0.06] R26[0.10] A1[0.08] G2[0.08] G1[0.06];0.14;0.20;0.02;0.45;0.14;0.00;0.87;0.04;0.2171;0.2306;1
164;164;Agent_1;orders came from the seed rule base (rules as-is);0;0;R7[0.02] R20[0.11] R26[0.10] A1[0.68] G2[0.31] G1[0.06];0.14;0.26;0.01;0.87;0.58;0.00;0.93;0.04;0.2172;0.2293;1
164;164;Agent_2;orders came from the seed rule base (rules as-is);0;0;R7[0.04] R11[0.23] R15[0.02] R20[0.01] R26[0.02] A1[0.04];0.04;0.21;0.03;0.26;0.31;0.24;0.90;0.04;0.2172;0.2293;1
164;164;Agent_3;orders came from the seed rule base (rules as-is);0;0;R7[0.04] R20[0.06] R26[0.10] A1[0.08] G2[0.08] G1[0.06];0.14;0.20;0.02;0.44;0.14;0.00;0.87;0.04;0.2172;0.2293;1
165;165;Agent_1;orders came from the seed rule base (rules as-is);0;0;R7[0.02] R20[0.11] R26[0.10] A1[0.68] G2[0.31] G1[0.05];0.14;0.26;0.01;0.87;0.58;0.00;0.93;0.04;0.2203;0.2347;1
165;165;Agent_2;orders came from the seed rule base (rules as-is);0;0;R7[0.04] R11[0.23] R15[0.02] R20[0.01] R26[0.02] A1[0.04];0.04;0.21;0.03;0.26;0.31;0.24;0.90;0.04;0.2203;0.2347;1
165;165;Agent_3;orders came from the seed rule base (rules as-is);0;0;R7[0.04] R20[0.06] R26[0.10] A1[0.08] G2[0.08] G1[0.05];0.14;0.19;0.02;0.44;0.14;0.00;0.87;0.04;0.2203;0.2347;1
166;166;Agent_1;orders came from the seed rule base (rules as-is);0;0;R7[0.02] R20[0.11] R26[0.10] A1[0.68] G2[0.31] G1[0.05];0.13;0.25;0.01;0.87;0.58;0.00;0.93;0.03;0.2212;0.2327;1
166;166;Agent_2;orders came from the seed rule base (rules as-is);0;0;R7[0.04] R11[0.23] R15[0.02] R20[0.01] R26[0.02] A1[0.04];0.04;0.21;0.03;0.26;0.31;0.24;0.90;0.03;0.2212;0.2327;1
166;166;Agent_3;orders came from the seed rule base (rules as-is);0;0;R7[0.04] R20[0.06] R26[0.10] A1[0.08] G2[0.08] G1[0.05];0.14;0.19;0.02;0.44;0.14;0.00;0.87;0.03;0.2212;0.2327;1
167;167;Agent_1;orders came from the seed rule base (rules as-is);0;0;R7[0.02] R20[0.11] R26[0.10] A1[0.68] G2[0.31] G1[0.05];0.13;0.25;0.01;0.87;0.58;0.00;0.93;0.03;0.2177;0.2323;1
167;167;Agent_2;orders came from the seed rule base (rules as-is);0;0;R7[0.04] R11[0.23] R15[0.02] R20[0.01] R26[0.02] A1[0.04];0.04;0.21;0.03;0.26;0.31;0.24;0.90;0.03;0.2177;0.2323;1
167;167;Agent_3;orders came from the seed rule base (rules as-is);0;0;R7[0.04] R20[0.06] R26[0.10] A1[0.08] G2[0.08] G1[0.05];0.14;0.19;0.02;0.44;0.14;0.00;0.87;0.03;0.2177;0.2323;1
168;168;Agent_1;orders came from the seed rule base (rules as-is);0;0;R7[0.02] R20[0.10] R26[0.10] A1[0.68] G2[0.31] G1[0.05];0.13;0.25;0.01;0.87;0.58;0.00;0.93;0.03;0.2182;0.2349;1
168;168;Agent_2;orders came from the seed rule base (rules as-is);0;0;R7[0.04] R11[0.23] R15[0.02] R20[0.01] R26[0.02] A1[0.04];0.04;0.20;0.03;0.26;0.31;0.24;0.90;0.03;0.2182;0.2349;1
168;168;Agent_3;orders came from the seed rule base (rules as-is);0;0;R7[0.04] R20[0.06] R26[0.10] A1[0.08] G2[0.08] G1[0.05];0.14;0.19;0.02;0.44;0.14;0.00;0.87;0.03;0.2182;0.2349;1
169;169;Agent_1;orders came from the seed rule base (rules as-is);0;0;R7[0.02] R20[0.10] R26[0.10] A1[0.68] G2[0.31] G1[0.05];0.13;0.25;0.01;0.87;0.58;0.00;0.93;0.03;0.2191;0.2345;1
169;169;Agent_2;orders came from the seed rule base (rules as-is);0;0;R7[0.04] R11[0.23] R15[0.02] R20[0.01] R26[0.02] A1[0.04];0.04;0.20;0.03;0.26;0.31;0.24;0.90;0.03;0.2191;0.2345;1
169;169;Agent_3;orders came from the seed rule base (rules as-is);0;0;R7[0.04] R20[0.06] R26[0.10] A1[0.08] G2[0.08] G1[0.05];0.14;0.19;0.02;0.44;0.14;0.00;0.87;0.03;0.2191;0.2345;1
170;170;Agent_1;orders came from the seed rule base (rules as-is);0;0;R7[0.02] R20[0.10] R26[0.10] A1[0.68] G2[0.31] G1[0.05];0.13;0.25;0.01;0.87;0.58;0.00;0.93;0.03;0.2204;0.2398;1
170;170;Agent_2;orders came from the seed rule base (rules as-is);0;0;R7[0.04] R11[0.23] R15[0.02] R20[0.01] R26[0.02] A1[0.04];0.04;0.20;0.03;0.26;0.31;0.24;0.90;0.03;0.2204;0.2398;1
170;170;Agent_3;orders came from the seed rule base (rules as-is);0;0;R7[0.04] R20[0.06] R26[0.10] A1[0.08] G2[0.08] G1[0.05];0.14;0.19;0.02;0.44;0.14;0.00;0.87;0.03;0.2204;0.2398;1
171;171;Agent_1;orders came from the seed rule base (rules as-is);0;0;R7[0.02] R20[0.10] R26[0.10] A1[0.68] G2[0.31] G1[0.05];0.13;0.25;0.01;0.87;0.58;0.00;0.93;0.03;0.2213;0.2384;1
171;171;Agent_2;orders came from the seed rule base (rules as-is);0;0;R7[0.04] R11[0.23] R15[0.02] R20[0.01] R26[0.02] A1[0.04];0.04;0.20;0.03;0.26;0.31;0.24;0.90;0.03;0.2213;0.2384;1
171;171;Agent_3;orders came from the seed rule base (rules as-is);0;0;R7[0.04] R20[0.06] R26[0.10] A1[0.08] G2[0.08] G1[0.05];0.14;0.19;0.02;0.44;0.14;0.00;0.87;0.03;0.2213;0.2384;1
172;172;Agent_1;orders came from the seed rule base (rules as-is);0;0;R7[0.02] R20[0.10] R26[0.10] A1[0.68] G2[0.31] G1[0.05];0.13;0.24;0.01;0.87;0.58;0.00;0.93;0.03;0.2228;0.2386;1
172;172;Agent_2;orders came from the seed rule base (rules as-is);0;0;R7[0.04] R11[0.23] R15[0.02] R20[0.01] R26[0.02] A1[0.04];0.04;0.20;0.03;0.26;0.31;0.24;0.90;0.03;0.2228;0.2386;1
172;172;Agent_3;orders came from the seed rule base (rules as-is);0;0;R7[0.04] R20[0.06] R26[0.10] A1[0.08] G2[0.08] G1[0.05];0.14;0.19;0.02;0.44;0.14;0.00;0.87;0.03;0.2228;0.2386;1
173;173;Agent_1;RL selected stage 1 [evFIS] (deficit bucket: mid) → rejected (no improving perturbation found | seed-base decision stands, its orders are applied);1;0;R7[0.02] R20[0.10] R26[0.10] A1[0.68] G2[0.31] G1[0.05];0.13;0.24;0.01;0.87;0.58;0.00;0.93;0.03;0.2231;0.2415;1
173;173;Agent_2;RL selected stage 1 [evFIS] (deficit bucket: mid) → rejected (no improving perturbation found | seed-base decision stands, its orders are applied);1;0;R7[0.04] R11[0.23] R15[0.02] R20[0.01] R26[0.02] A1[0.04];0.04;0.20;0.03;0.26;0.31;0.24;0.90;0.03;0.2231;0.2415;1
173;173;Agent_3;RL selected stage 1 [evFIS] (deficit bucket: mid) → rejected (no improving perturbation found | seed-base decision stands, its orders are applied);1;0;R7[0.04] R20[0.06] R26[0.10] A1[0.08] G2[0.08] G1[0.05];0.14;0.19;0.02;0.44;0.14;0.00;0.87;0.03;0.2231;0.2415;1
174;174;Agent_1;orders came from the seed rule base (rules as-is);0;0;R7[0.02] R20[0.10] R26[0.09] A1[0.68] G2[0.31] G1[0.05];0.13;0.24;0.01;0.87;0.58;0.00;0.93;0.03;0.2239;0.2376;1
174;174;Agent_2;orders came from the seed rule base (rules as-is);0;0;R7[0.04] R11[0.23] R15[0.02] R20[0.01] R26[0.02] A1[0.04];0.04;0.20;0.03;0.26;0.31;0.24;0.90;0.03;0.2239;0.2376;1
174;174;Agent_3;orders came from the seed rule base (rules as-is);0;0;R7[0.04] R20[0.06] R26[0.10] A1[0.08] G2[0.08] G1[0.05];0.13;0.19;0.02;0.44;0.14;0.00;0.87;0.03;0.2239;0.2376;1
175;175;Agent_1;orders came from the seed rule base (rules as-is);0;0;R7[0.02] R20[0.10] R26[0.09] A1[0.68] G2[0.31] G1[0.05];0.13;0.24;0.01;0.87;0.58;0.00;0.93;0.03;0.2258;0.2380;1
175;175;Agent_2;orders came from the seed rule base (rules as-is);0;0;R7[0.04] R11[0.23] R15[0.02] R20[0.01] R26[0.02] A1[0.04];0.04;0.20;0.03;0.26;0.31;0.24;0.90;0.03;0.2258;0.2380;1
175;175;Agent_3;orders came from the seed rule base (rules as-is);0;0;R7[0.04] R20[0.06] R26[0.10] A1[0.08] G2[0.08] G1[0.05];0.13;0.19;0.02;0.44;0.14;0.00;0.87;0.03;0.2258;0.2380;1
176;176;Agent_1;orders came from the seed rule base (rules as-is);0;0;R7[0.02] R20[0.10] R26[0.09] A1[0.68] G2[0.31] G1[0.05];0.13;0.24;0.01;0.87;0.58;0.00;0.93;0.03;0.2263;0.2399;1
176;176;Agent_2;orders came from the seed rule base (rules as-is);0;0;R7[0.04] R11[0.23] R15[0.02] R20[0.01] R26[0.02] A1[0.04];0.04;0.20;0.03;0.26;0.31;0.24;0.90;0.03;0.2263;0.2399;1
176;176;Agent_3;orders came from the seed rule base (rules as-is);0;0;R7[0.04] R20[0.06] R26[0.10] A1[0.08] G2[0.08] G1[0.05];0.13;0.19;0.02;0.44;0.14;0.00;0.87;0.03;0.2263;0.2399;1
177;177;Agent_1;orders came from the seed rule base (rules as-is);0;0;R7[0.02] R20[0.10] R26[0.09] A1[0.68] G2[0.31] G1[0.05];0.13;0.24;0.01;0.87;0.58;0.00;0.93;0.03;0.2272;0.2423;1
177;177;Agent_2;orders came from the seed rule base (rules as-is);0;0;R7[0.04] R11[0.23] R15[0.02] R20[0.01] R26[0.02] A1[0.04];0.04;0.20;0.03;0.26;0.31;0.24;0.90;0.03;0.2272;0.2423;1
177;177;Agent_3;orders came from the seed rule base (rules as-is);0;0;R7[0.04] R20[0.06] R26[0.09] A1[0.08] G2[0.08] G1[0.05];0.13;0.19;0.02;0.44;0.14;0.00;0.87;0.03;0.2272;0.2423;1
178;178;Agent_1;orders came from the seed rule base (rules as-is);0;0;R7[0.02] R20[0.10] R26[0.09] A1[0.68] G2[0.31] G1[0.05];0.12;0.24;0.01;0.87;0.58;0.00;0.93;0.03;0.2277;0.2466;1
178;178;Agent_2;orders came from the seed rule base (rules as-is);0;0;R7[0.04] R11[0.23] R15[0.02] R20[0.01] R26[0.02] A1[0.04];0.04;0.20;0.03;0.26;0.31;0.24;0.90;0.03;0.2277;0.2466;1
178;178;Agent_3;orders came from the seed rule base (rules as-is);0;0;R7[0.04] R20[0.06] R26[0.09] A1[0.08] G2[0.08] G1[0.05];0.13;0.19;0.02;0.44;0.14;0.00;0.87;0.03;0.2277;0.2466;1
179;179;Agent_1;orders came from the seed rule base (rules as-is);0;0;R7[0.02] R20[0.10] R26[0.09] A1[0.68] G2[0.31] G1[0.05];0.12;0.23;0.01;0.87;0.58;0.00;0.93;0.03;0.2292;0.2416;1
179;179;Agent_2;orders came from the seed rule base (rules as-is);0;0;R7[0.04] R11[0.23] R15[0.02] R20[0.01] R26[0.02] A1[0.04];0.04;0.20;0.03;0.26;0.31;0.24;0.90;0.03;0.2292;0.2416;1
179;179;Agent_3;orders came from the seed rule base (rules as-is);0;0;R7[0.04] R20[0.06] R26[0.09] A1[0.08] G2[0.08] G1[0.05];0.13;0.19;0.02;0.44;0.14;0.00;0.87;0.03;0.2292;0.2416;1
180;180;Agent_1;orders came from the seed rule base (rules as-is);0;0;R7[0.02] R20[0.10] R26[0.09] A1[0.68] G2[0.31] G1[0.05];0.12;0.23;0.01;0.87;0.58;0.00;0.93;0.03;0.2307;0.2410;1
180;180;Agent_2;orders came from the seed rule base (rules as-is);0;0;R7[0.04] R11[0.23] R15[0.02] R20[0.01] R26[0.02] A1[0.04];0.04;0.20;0.03;0.26;0.31;0.24;0.90;0.03;0.2307;0.2410;1
180;180;Agent_3;orders came from the seed rule base (rules as-is);0;0;R7[0.04] R20[0.06] R26[0.09] A1[0.08] G2[0.08] G1[0.05];0.13;0.19;0.02;0.44;0.14;0.00;0.87;0.03;0.2307;0.2410;1
181;181;Agent_1;orders came from the seed rule base (rules as-is);0;0;R7[0.02] R20[0.10] R26[0.09] A1[0.68] G2[0.31] G1[0.05];0.12;0.23;0.01;0.87;0.58;0.00;0.93;0.03;0.2199;0.2480;1
181;181;Agent_2;orders came from the seed rule base (rules as-is);0;0;R7[0.04] R11[0.23] R15[0.02] R20[0.01] R26[0.02] A1[0.04];0.04;0.20;0.03;0.26;0.31;0.24;0.90;0.03;0.2199;0.2480;1
181;181;Agent_3;orders came from the seed rule base (rules as-is);0;0;R7[0.04] R20[0.06] R26[0.09] A1[0.08] G2[0.08] G1[0.05];0.13;0.19;0.02;0.44;0.14;0.00;0.87;0.03;0.2199;0.2480;1
182;182;Agent_1;orders came from the seed rule base (rules as-is);0;0;R7[0.02] R20[0.10] R26[0.09] A1[0.68] G2[0.31] G1[0.05];0.12;0.23;0.01;0.87;0.58;0.00;0.93;0.03;0.2204;0.2606;1
182;182;Agent_2;orders came from the seed rule base (rules as-is);0;0;R7[0.04] R11[0.23] R15[0.02] R20[0.01] R26[0.02] A1[0.04];0.04;0.20;0.03;0.26;0.31;0.24;0.90;0.03;0.2204;0.2606;1
182;182;Agent_3;orders came from the seed rule base (rules as-is);0;0;R7[0.04] R20[0.06] R26[0.09] A1[0.08] G2[0.08] G1[0.05];0.13;0.18;0.02;0.44;0.14;0.00;0.87;0.03;0.2204;0.2606;1
183;183;Agent_1;orders came from the seed rule base (rules as-is);0;0;R7[0.02] R20[0.10] R26[0.09] A1[0.68] G2[0.31] G1[0.05];0.12;0.23;0.01;0.87;0.58;0.00;0.94;0.03;0.2210;0.2414;1
183;183;Agent_2;orders came from the seed rule base (rules as-is);0;0;R7[0.04] R11[0.23] R15[0.02] R20[0.01] R26[0.02] A1[0.04];0.04;0.20;0.03;0.26;0.31;0.24;0.90;0.03;0.2210;0.2414;1
183;183;Agent_3;orders came from the seed rule base (rules as-is);0;0;R7[0.04] R20[0.06] R26[0.09] A1[0.08] G2[0.08] G1[0.05];0.13;0.18;0.02;0.44;0.14;0.00;0.87;0.03;0.2210;0.2414;1
184;184;Agent_1;orders came from the seed rule base (rules as-is);0;0;R7[0.02] R20[0.09] R26[0.09] A1[0.68] G2[0.31] G1[0.05];0.12;0.23;0.01;0.87;0.58;0.00;0.94;0.03;0.2215;0.2426;1
184;184;Agent_2;orders came from the seed rule base (rules as-is);0;0;R7[0.04] R11[0.23] R15[0.02] R20[0.01] R26[0.02] A1[0.04];0.04;0.20;0.03;0.26;0.31;0.24;0.90;0.03;0.2215;0.2426;1
184;184;Agent_3;orders came from the seed rule base (rules as-is);0;0;R7[0.04] R20[0.06] R26[0.09] A1[0.08] G2[0.08] G1[0.05];0.13;0.18;0.02;0.44;0.14;0.00;0.87;0.03;0.2215;0.2426;1
185;185;Agent_1;orders came from the seed rule base (rules as-is);0;0;R7[0.02] R20[0.09] R26[0.09] A1[0.68] G2[0.31] G1[0.05];0.12;0.23;0.01;0.87;0.58;0.00;0.94;0.03;0.2224;0.2457;1
185;185;Agent_2;orders came from the seed rule base (rules as-is);0;0;R7[0.04] R11[0.23] R15[0.02] R20[0.01] R26[0.02] A1[0.04];0.04;0.20;0.03;0.26;0.31;0.24;0.90;0.03;0.2224;0.2457;1
185;185;Agent_3;orders came from the seed rule base (rules as-is);0;0;R7[0.04] R20[0.06] R26[0.09] A1[0.08] G2[0.08] G1[0.05];0.13;0.18;0.02;0.44;0.14;0.00;0.87;0.03;0.2224;0.2457;1
186;186;Agent_1;orders came from the seed rule base (rules as-is);0;0;R7[0.02] R20[0.09] R26[0.09] A1[0.68] G2[0.31] G1[0.05];0.12;0.22;0.01;0.87;0.58;0.00;0.94;0.03;0.2229;0.2485;1
186;186;Agent_2;orders came from the seed rule base (rules as-is);0;0;R7[0.04] R11[0.23] R15[0.02] R20[0.01] R26[0.02] A1[0.04];0.04;0.20;0.03;0.26;0.31;0.24;0.90;0.03;0.2229;0.2485;1
186;186;Agent_3;orders came from the seed rule base (rules as-is);0;0;R7[0.04] R20[0.06] R26[0.09] A1[0.08] G2[0.08] G1[0.05];0.13;0.18;0.02;0.43;0.14;0.00;0.87;0.03;0.2229;0.2485;1
187;187;Agent_1;RL selected stage 1 [evFIS] (deficit bucket: mid) → rejected (no improving perturbation found | seed-base decision stands, its orders are applied);1;0;R7[0.02] R20[0.09] R26[0.09] A1[0.68] G2[0.31] G1[0.05];0.12;0.22;0.01;0.87;0.58;0.00;0.94;0.03;0.2205;0.2491;1
187;187;Agent_2;RL selected stage 1 [evFIS] (deficit bucket: mid) → rejected (no improving perturbation found | seed-base decision stands, its orders are applied);1;0;R7[0.04] R11[0.23] R15[0.02] R20[0.01] R26[0.02] A1[0.04];0.04;0.20;0.03;0.26;0.31;0.24;0.90;0.03;0.2205;0.2491;1
187;187;Agent_3;RL selected stage 1 [evFIS] (deficit bucket: mid) → rejected (no improving perturbation found | seed-base decision stands, its orders are applied);1;0;R7[0.04] R20[0.06] R26[0.09] A1[0.08] G2[0.08] G1[0.05];0.13;0.18;0.02;0.43;0.14;0.00;0.87;0.03;0.2205;0.2491;1
188;188;Agent_1;orders came from the seed rule base (rules as-is);0;0;R7[0.02] R20[0.09] R26[0.09] A1[0.68] G2[0.31] G1[0.05];0.12;0.22;0.01;0.87;0.58;0.00;0.94;0.03;0.2206;0.2494;1
188;188;Agent_2;orders came from the seed rule base (rules as-is);0;0;R7[0.04] R11[0.23] R15[0.02] R20[0.01] R26[0.02] A1[0.04];0.04;0.20;0.03;0.26;0.31;0.24;0.90;0.03;0.2206;0.2494;1
188;188;Agent_3;orders came from the seed rule base (rules as-is);0;0;R7[0.04] R20[0.06] R26[0.09] A1[0.08] G2[0.08] G1[0.05];0.13;0.18;0.02;0.43;0.14;0.00;0.87;0.03;0.2206;0.2494;1
189;189;Agent_1;orders came from the seed rule base (rules as-is);0;0;R7[0.02] R20[0.09] R26[0.09] A1[0.68] G2[0.31] G1[0.05];0.12;0.22;0.01;0.87;0.58;0.00;0.94;0.03;0.2204;0.2465;1
189;189;Agent_2;orders came from the seed rule base (rules as-is);0;0;R7[0.04] R11[0.23] R15[0.02] R20[0.01] R26[0.02] A1[0.04];0.04;0.20;0.03;0.26;0.31;0.24;0.90;0.03;0.2204;0.2465;1
189;189;Agent_3;orders came from the seed rule base (rules as-is);0;0;R7[0.04] R20[0.06] R26[0.09] A1[0.08] G2[0.08] G1[0.05];0.12;0.18;0.02;0.43;0.14;0.00;0.87;0.03;0.2204;0.2465;1
190;190;Agent_1;orders came from the seed rule base (rules as-is);0;0;R7[0.02] R20[0.09] R26[0.09] A1[0.68] G2[0.31] G1[0.05];0.12;0.22;0.01;0.87;0.58;0.00;0.94;0.03;0.2206;0.2490;1
190;190;Agent_2;orders came from the seed rule base (rules as-is);0;0;R7[0.04] R11[0.23] R15[0.02] R20[0.01] R26[0.02] A1[0.04];0.04;0.20;0.03;0.26;0.31;0.24;0.90;0.03;0.2206;0.2490;1
190;190;Agent_3;orders came from the seed rule base (rules as-is);0;0;R7[0.04] R20[0.06] R26[0.09] A1[0.08] G2[0.08] G1[0.05];0.12;0.18;0.02;0.43;0.14;0.00;0.87;0.03;0.2206;0.2490;1
191;191;Agent_1;orders came from the seed rule base (rules as-is);0;0;R7[0.02] R20[0.09] R26[0.09] A1[0.68] G2[0.31] G1[0.05];0.12;0.22;0.01;0.87;0.58;0.00;0.94;0.03;0.2208;0.2586;1
191;191;Agent_2;orders came from the seed rule base (rules as-is);0;0;R7[0.04] R11[0.23] R15[0.02] R20[0.01] R26[0.02] A1[0.04];0.04;0.20;0.03;0.26;0.31;0.24;0.90;0.03;0.2208;0.2586;1
191;191;Agent_3;orders came from the seed rule base (rules as-is);0;0;R7[0.04] R20[0.06] R26[0.09] A1[0.08] G2[0.08] G1[0.05];0.12;0.18;0.02;0.43;0.14;0.00;0.87;0.03;0.2208;0.2586;1
192;192;Agent_1;orders came from the seed rule base (rules as-is);0;0;R7[0.02] R20[0.09] R26[0.09] A1[0.68] G2[0.31] G1[0.05];0.11;0.22;0.01;0.87;0.58;0.00;0.94;0.03;0.2213;0.2481;1
192;192;Agent_2;orders came from the seed rule base (rules as-is);0;0;R7[0.04] R11[0.23] R15[0.02] R26[0.02] A1[0.04] G2[0.04];0.04;0.20;0.03;0.26;0.31;0.24;0.90;0.03;0.2213;0.2481;1
192;192;Agent_3;orders came from the seed rule base (rules as-is);0;0;R7[0.04] R20[0.06] R26[0.09] A1[0.08] G2[0.08] G1[0.05];0.12;0.17;0.02;0.43;0.14;0.00;0.87;0.03;0.2213;0.2481;1
193;193;Agent_1;orders came from the seed rule base (rules as-is);0;0;R7[0.02] R20[0.09] R26[0.08] A1[0.68] G2[0.31] G1[0.05];0.11;0.22;0.01;0.87;0.58;0.00;0.94;0.03;0.2214;0.2492;1
193;193;Agent_2;orders came from the seed rule base (rules as-is);0;0;R7[0.04] R11[0.23] R15[0.02] R26[0.02] A1[0.04] G2[0.04];0.04;0.20;0.03;0.26;0.30;0.24;0.90;0.03;0.2214;0.2492;1
193;193;Agent_3;orders came from the seed rule base (rules as-is);0;0;R7[0.04] R20[0.06] R26[0.09] A1[0.08] G2[0.08] G1[0.05];0.12;0.17;0.02;0.43;0.14;0.00;0.87;0.03;0.2214;0.2492;1
194;194;Agent_1;orders came from the seed rule base (rules as-is);0;0;R7[0.02] R20[0.09] R26[0.08] A1[0.68] G2[0.31] G1[0.05];0.11;0.21;0.01;0.87;0.58;0.00;0.94;0.03;0.2216;0.2672;1
194;194;Agent_2;orders came from the seed rule base (rules as-is);0;0;R7[0.04] R11[0.23] R15[0.02] R26[0.02] A1[0.04] G2[0.04];0.04;0.20;0.03;0.26;0.30;0.24;0.90;0.03;0.2216;0.2672;1
194;194;Agent_3;orders came from the seed rule base (rules as-is);0;0;R7[0.04] R20[0.06] R26[0.09] A1[0.08] G2[0.08] G1[0.05];0.12;0.17;0.02;0.43;0.14;0.00;0.87;0.03;0.2216;0.2672;1
195;195;Agent_1;orders came from the seed rule base (rules as-is);0;0;R7[0.02] R20[0.09] R26[0.08] A1[0.68] G2[0.31] G1[0.05];0.11;0.21;0.01;0.87;0.58;0.00;0.94;0.03;0.2213;0.2607;1
195;195;Agent_2;orders came from the seed rule base (rules as-is);0;0;R7[0.04] R11[0.23] R15[0.02] R26[0.02] A1[0.04] G2[0.04];0.04;0.20;0.03;0.26;0.30;0.24;0.90;0.03;0.2213;0.2607;1
195;195;Agent_3;orders came from the seed rule base (rules as-is);0;0;R7[0.04] R20[0.06] R26[0.09] A1[0.08] G2[0.08] G1[0.05];0.12;0.17;0.02;0.43;0.14;0.00;0.87;0.03;0.2213;0.2607;1
196;196;Agent_1;orders came from the seed rule base (rules as-is);0;0;R7[0.02] R20[0.09] R26[0.08] A1[0.68] G2[0.31] G1[0.05];0.11;0.21;0.01;0.87;0.58;0.00;0.94;0.03;0.2215;0.2542;1
196;196;Agent_2;orders came from the seed rule base (rules as-is);0;0;R7[0.04] R11[0.23] R15[0.02] R26[0.02] A1[0.04] G2[0.04];0.04;0.20;0.03;0.26;0.30;0.24;0.90;0.03;0.2215;0.2542;1
196;196;Agent_3;orders came from the seed rule base (rules as-is);0;0;R7[0.04] R20[0.06] R26[0.08] A1[0.08] G2[0.08] G1[0.05];0.12;0.17;0.02;0.43;0.14;0.00;0.87;0.03;0.2215;0.2542;1
197;197;Agent_1;orders came from the seed rule base (rules as-is);0;0;R7[0.02] R20[0.09] R26[0.08] A1[0.68] G2[0.31] G1[0.05];0.11;0.21;0.01;0.87;0.58;0.00;0.94;0.03;0.2227;0.2578;1
197;197;Agent_2;orders came from the seed rule base (rules as-is);0;0;R7[0.04] R11[0.23] R15[0.02] R26[0.02] A1[0.04] G2[0.04];0.04;0.20;0.03;0.26;0.30;0.24;0.90;0.03;0.2227;0.2578;1
197;197;Agent_3;orders came from the seed rule base (rules as-is);0;0;R7[0.04] R20[0.06] R26[0.08] A1[0.08] G2[0.08] G1[0.05];0.12;0.17;0.02;0.42;0.14;0.00;0.87;0.03;0.2227;0.2578;1
198;198;Agent_1;RL selected stage 1 [evFIS] (deficit bucket: mid) → rejected (no improving perturbation found | seed-base decision stands, its orders are applied);1;0;R7[0.02] R20[0.09] R26[0.08] A1[0.68] G2[0.31] G1[0.04];0.11;0.21;0.01;0.87;0.58;0.00;0.94;0.03;0.2229;0.2520;1
198;198;Agent_2;RL selected stage 1 [evFIS] (deficit bucket: mid) → rejected (no improving perturbation found | seed-base decision stands, its orders are applied);1;0;R7[0.04] R11[0.23] R15[0.02] R26[0.02] A1[0.04] G2[0.04];0.04;0.20;0.03;0.26;0.30;0.24;0.90;0.03;0.2229;0.2520;1
198;198;Agent_3;RL selected stage 1 [evFIS] (deficit bucket: mid) → rejected (no improving perturbation found | seed-base decision stands, its orders are applied);1;0;R7[0.04] R20[0.06] R26[0.08] A1[0.08] G2[0.08] G1[0.04];0.12;0.17;0.02;0.42;0.14;0.00;0.87;0.03;0.2229;0.2520;1
199;199;Agent_1;orders came from the seed rule base (rules as-is);0;0;R7[0.02] R20[0.09] R26[0.08] A1[0.68] G2[0.31] G1[0.04];0.11;0.21;0.01;0.87;0.58;0.00;0.94;0.03;0.2226;0.2528;1
199;199;Agent_2;orders came from the seed rule base (rules as-is);0;0;R7[0.04] R11[0.23] R15[0.02] R26[0.02] A1[0.04] G2[0.04];0.04;0.20;0.03;0.26;0.30;0.24;0.90;0.03;0.2226;0.2528;1
199;199;Agent_3;orders came from the seed rule base (rules as-is);0;0;R7[0.04] R20[0.06] R26[0.08] A1[0.08] G2[0.08] G1[0.04];0.12;0.17;0.02;0.42;0.14;0.00;0.87;0.03;0.2226;0.2528;1
200;200;Agent_1;orders came from the seed rule base (rules as-is);0;0;R7[0.02] R20[0.09] R26[0.08] A1[0.68] G2[0.31] G1[0.04];0.11;0.21;0.01;0.87;0.58;0.00;0.94;0.03;0.2228;0.2545;1
200;200;Agent_2;orders came from the seed rule base (rules as-is);0;0;R7[0.04] R11[0.23] R15[0.02] R26[0.02] A1[0.04] G2[0.04];0.04;0.20;0.03;0.25;0.30;0.24;0.90;0.03;0.2228;0.2545;1
200;200;Agent_3;orders came from the seed rule base (rules as-is);0;0;R7[0.04] R20[0.06] R26[0.08] A1[0.08] G2[0.08] G1[0.04];0.12;0.17;0.02;0.42;0.14;0.00;0.87;0.03;0.2228;0.2545;1
201;201;Agent_1;orders came from the seed rule base (rules as-is);0;0;R7[0.02] R20[0.09] R26[0.08] A1[0.68] G2[0.31] G1[0.04];0.11;0.21;0.01;0.87;0.58;0.00;0.94;0.03;0.2229;0.2536;1
201;201;Agent_2;orders came from the seed rule base (rules as-is);0;0;R7[0.04] R11[0.23] R15[0.02] R26[0.02] A1[0.04] G2[0.04];0.04;0.20;0.03;0.25;0.30;0.24;0.90;0.03;0.2229;0.2536;1
201;201;Agent_3;orders came from the seed rule base (rules as-is);0;0;R7[0.04] R20[0.06] R26[0.08] A1[0.08] G2[0.08] G1[0.04];0.12;0.17;0.02;0.42;0.14;0.00;0.86;0.03;0.2229;0.2536;1
202;202;Agent_1;orders came from the seed rule base (rules as-is);0;0;R7[0.02] R20[0.09] R26[0.08] A1[0.68] G2[0.31] G1[0.04];0.11;0.20;0.01;0.87;0.58;0.00;0.94;0.03;0.2231;0.2535;1
202;202;Agent_2;orders came from the seed rule base (rules as-is);0;0;R7[0.04] R11[0.23] R15[0.02] R26[0.02] A1[0.04] G2[0.04];0.04;0.20;0.03;0.25;0.30;0.24;0.90;0.03;0.2231;0.2535;1
202;202;Agent_3;orders came from the seed rule base (rules as-is);0;0;R7[0.04] R20[0.06] R26[0.08] A1[0.08] G2[0.08] G1[0.04];0.12;0.17;0.02;0.42;0.14;0.00;0.86;0.03;0.2231;0.2535;1
203;203;Agent_1;orders came from the seed rule base (rules as-is);0;0;R7[0.02] R20[0.08] R26[0.08] A1[0.68] G2[0.31] G1[0.04];0.11;0.20;0.01;0.87;0.58;0.00;0.94;0.03;0.2232;0.2534;1
203;203;Agent_2;orders came from the seed rule base (rules as-is);0;0;R7[0.04] R11[0.23] R15[0.02] R26[0.02] A1[0.04] G2[0.04];0.04;0.20;0.03;0.25;0.30;0.24;0.90;0.03;0.2232;0.2534;1
203;203;Agent_3;orders came from the seed rule base (rules as-is);0;0;R7[0.04] R20[0.06] R26[0.08] A1[0.08] G2[0.08] G1[0.04];0.12;0.16;0.02;0.42;0.14;0.00;0.86;0.03;0.2232;0.2534;1
204;204;Agent_1;orders came from the seed rule base (rules as-is);0;0;R7[0.02] R20[0.08] R26[0.08] A1[0.68] G2[0.31] G1[0.04];0.11;0.20;0.01;0.87;0.58;0.00;0.94;0.03;0.2234;0.2545;1
204;204;Agent_2;orders came from the seed rule base (rules as-is);0;0;R7[0.04] R11[0.23] R15[0.02] R26[0.02] A1[0.04] G2[0.04];0.04;0.20;0.03;0.25;0.30;0.24;0.90;0.03;0.2234;0.2545;1
204;204;Agent_3;orders came from the seed rule base (rules as-is);0;0;R7[0.04] R20[0.06] R26[0.08] A1[0.08] G2[0.08] G1[0.04];0.11;0.16;0.02;0.42;0.14;0.00;0.86;0.03;0.2234;0.2545;1
205;205;Agent_1;orders came from the seed rule base (rules as-is);0;0;R7[0.02] R20[0.08] R26[0.08] A1[0.68] G2[0.31] G1[0.04];0.11;0.20;0.01;0.87;0.58;0.00;0.94;0.03;0.2235;0.2553;1
205;205;Agent_2;orders came from the seed rule base (rules as-is);0;0;R7[0.04] R11[0.23] R15[0.02] R26[0.02] A1[0.04] G2[0.04];0.04;0.20;0.03;0.25;0.30;0.24;0.90;0.03;0.2235;0.2553;1
205;205;Agent_3;orders came from the seed rule base (rules as-is);0;0;R7[0.04] R20[0.06] R26[0.08] A1[0.08] G2[0.08] G1[0.04];0.11;0.16;0.02;0.42;0.14;0.00;0.86;0.03;0.2235;0.2553;1
206;206;Agent_1;orders came from the seed rule base (rules as-is);0;0;R7[0.02] R20[0.08] R26[0.08] A1[0.68] G2[0.31] G1[0.04];0.11;0.20;0.01;0.87;0.58;0.00;0.94;0.03;0.2237;0.2536;1
206;206;Agent_2;orders came from the seed rule base (rules as-is);0;0;R7[0.04] R11[0.23] R15[0.02] R26[0.02] A1[0.04] G2[0.04];0.04;0.20;0.03;0.25;0.30;0.24;0.90;0.03;0.2237;0.2536;1
206;206;Agent_3;orders came from the seed rule base (rules as-is);0;0;R7[0.04] R20[0.06] R26[0.08] A1[0.08] G2[0.08] G1[0.04];0.11;0.16;0.02;0.42;0.14;0.00;0.86;0.03;0.2237;0.2536;1
207;207;Agent_1;orders came from the seed rule base (rules as-is);0;0;R7[0.02] R20[0.08] R26[0.08] A1[0.68] G2[0.31] G1[0.04];0.10;0.20;0.01;0.87;0.58;0.00;0.94;0.03;0.2238;0.2542;1
207;207;Agent_2;orders came from the seed rule base (rules as-is);0;0;R7[0.04] R11[0.23] R15[0.01] R26[0.01] A1[0.04] G2[0.04];0.04;0.20;0.03;0.25;0.30;0.24;0.90;0.03;0.2238;0.2542;1
207;207;Agent_3;orders came from the seed rule base (rules as-is);0;0;R7[0.04] R20[0.06] R26[0.08] A1[0.08] G2[0.08] G1[0.04];0.11;0.16;0.02;0.41;0.14;0.00;0.86;0.03;0.2238;0.2542;1
208;208;Agent_1;orders came from the seed rule base (rules as-is);0;0;R7[0.02] R20[0.08] R26[0.08] A1[0.68] G2[0.31] G1[0.04];0.10;0.20;0.01;0.87;0.58;0.00;0.94;0.03;0.2240;0.2577;1
208;208;Agent_2;orders came from the seed rule base (rules as-is);0;0;R7[0.04] R11[0.23] R15[0.01] R26[0.01] A1[0.04] G2[0.04];0.03;0.20;0.03;0.25;0.30;0.24;0.90;0.03;0.2240;0.2577;1
208;208;Agent_3;orders came from the seed rule base (rules as-is);0;0;R7[0.04] R20[0.06] R26[0.08] A1[0.08] G2[0.08] G1[0.04];0.11;0.16;0.02;0.41;0.14;0.00;0.86;0.03;0.2240;0.2577;1
209;209;Agent_1;orders came from the seed rule base (rules as-is);0;0;R7[0.02] R20[0.08] R26[0.08] A1[0.68] G2[0.31] G1[0.04];0.10;0.20;0.01;0.87;0.58;0.00;0.94;0.02;0.2241;0.2543;1
209;209;Agent_2;orders came from the seed rule base (rules as-is);0;0;R7[0.04] R11[0.23] R15[0.01] R26[0.01] A1[0.04] G2[0.04];0.03;0.20;0.03;0.25;0.30;0.24;0.90;0.02;0.2241;0.2543;1
209;209;Agent_3;orders came from the seed rule base (rules as-is);0;0;R7[0.04] R20[0.06] R26[0.08] A1[0.08] G2[0.08] G1[0.04];0.11;0.16;0.02;0.41;0.14;0.00;0.86;0.02;0.2241;0.2543;1
210;210;Agent_1;orders came from the seed rule base (rules as-is);0;0;R7[0.02] R20[0.08] R26[0.08] A1[0.68] G2[0.31] G1[0.04];0.10;0.19;0.01;0.87;0.58;0.00;0.94;0.02;0.2265;0.2547;1
210;210;Agent_2;orders came from the seed rule base (rules as-is);0;0;R7[0.04] R11[0.23] R15[0.01] R26[0.01] A1[0.04] G2[0.04];0.03;0.20;0.03;0.25;0.30;0.24;0.90;0.02;0.2265;0.2547;1
210;210;Agent_3;orders came from the seed rule base (rules as-is);0;0;R7[0.04] R20[0.06] R26[0.08] A1[0.08] G2[0.08] G1[0.04];0.11;0.16;0.02;0.41;0.14;0.00;0.86;0.02;0.2265;0.2547;1
211;211;Agent_1;RL selected stage 2 [resolution increase] (deficit bucket: mid) → rejected (cell already covered — an active rule sits on this antecedent cell; numeric tuning of an existing cell is stage ① evFIS's job | seed-base decision stands, its orders are applied);2;0;R7[0.02] R20[0.08] R26[0.08] A1[0.68] G2[0.31] G1[0.04];0.10;0.19;0.01;0.87;0.58;0.00;0.94;0.02;0.2270;0.2572;1
211;211;Agent_2;RL selected stage 2 [resolution increase] (deficit bucket: mid) → rejected (cell already covered — an active rule sits on this antecedent cell; numeric tuning of an existing cell is stage ① evFIS's job | seed-base decision stands, its orders are applied);2;0;R7[0.04] R11[0.23] R15[0.01] R26[0.01] A1[0.04] G2[0.04];0.03;0.20;0.03;0.25;0.30;0.24;0.90;0.02;0.2270;0.2572;1
211;211;Agent_3;RL selected stage 2 [resolution increase] (deficit bucket: mid) → rejected (cell already covered — an active rule sits on this antecedent cell; numeric tuning of an existing cell is stage ① evFIS's job | seed-base decision stands, its orders are applied);2;0;R7[0.04] R20[0.06] R26[0.08] A1[0.08] G2[0.08] G1[0.04];0.11;0.16;0.02;0.41;0.14;0.00;0.86;0.02;0.2270;0.2572;1
212;212;Agent_1;orders came from the seed rule base (rules as-is);0;0;R7[0.02] R20[0.08] R26[0.08] A1[0.68] G2[0.31] G1[0.04];0.10;0.19;0.01;0.87;0.58;0.00;0.94;0.02;0.2257;0.2587;1
212;212;Agent_2;orders came from the seed rule base (rules as-is);0;0;R7[0.04] R11[0.23] R15[0.01] R26[0.01] A1[0.04] G2[0.04];0.03;0.20;0.03;0.25;0.30;0.24;0.90;0.02;0.2257;0.2587;1
212;212;Agent_3;orders came from the seed rule base (rules as-is);0;0;R7[0.04] R20[0.05] R26[0.08] A1[0.08] G2[0.08] G1[0.04];0.11;0.16;0.02;0.41;0.14;0.00;0.86;0.02;0.2257;0.2587;1
213;213;Agent_1;orders came from the seed rule base (rules as-is);0;0;R7[0.02] R20[0.08] R26[0.07] A1[0.68] G2[0.31] G1[0.04];0.10;0.19;0.01;0.87;0.58;0.00;0.94;0.02;0.2259;0.2569;1
213;213;Agent_2;orders came from the seed rule base (rules as-is);0;0;R7[0.04] R11[0.23] R15[0.01] R26[0.01] A1[0.04] G2[0.04];0.03;0.20;0.03;0.25;0.30;0.24;0.90;0.02;0.2259;0.2569;1
213;213;Agent_3;orders came from the seed rule base (rules as-is);0;0;R7[0.04] R20[0.05] R26[0.08] A1[0.08] G2[0.08] G1[0.04];0.11;0.16;0.02;0.41;0.14;0.00;0.86;0.02;0.2259;0.2569;1
214;214;Agent_1;orders came from the seed rule base (rules as-is);0;0;R7[0.02] R20[0.08] R26[0.07] A1[0.68] G2[0.31] G1[0.04];0.10;0.19;0.01;0.87;0.58;0.00;0.94;0.02;0.2260;0.2594;1
214;214;Agent_2;orders came from the seed rule base (rules as-is);0;0;R7[0.05] R11[0.23] R15[0.01] R26[0.01] A1[0.05] G2[0.05];0.04;0.20;0.03;0.28;0.31;0.24;0.89;0.02;0.2260;0.2594;1
214;214;Agent_3;orders came from the seed rule base (rules as-is);0;0;R7[0.04] R20[0.05] R26[0.08] A1[0.08] G2[0.08] G1[0.04];0.11;0.15;0.02;0.41;0.14;0.00;0.86;0.02;0.2260;0.2594;1
215;215;Agent_1;orders came from the seed rule base (rules as-is);0;0;R7[0.02] R20[0.08] R26[0.07] A1[0.68] G2[0.31] G1[0.04];0.10;0.19;0.01;0.87;0.58;0.00;0.94;0.02;0.2262;0.2587;1
215;215;Agent_2;orders came from the seed rule base (rules as-is);0;0;R7[0.05] R11[0.23] R15[0.01] R26[0.01] A1[0.05] G2[0.05];0.03;0.20;0.03;0.28;0.31;0.24;0.89;0.02;0.2262;0.2587;1
215;215;Agent_3;orders came from the seed rule base (rules as-is);0;0;R7[0.04] R20[0.05] R26[0.08] A1[0.08] G2[0.08] G1[0.04];0.11;0.15;0.02;0.41;0.14;0.00;0.86;0.02;0.2262;0.2587;1
216;216;Agent_1;orders came from the seed rule base (rules as-is);0;0;R7[0.02] R20[0.08] R26[0.07] A1[0.68] G2[0.31] G1[0.04];0.10;0.19;0.01;0.87;0.58;0.00;0.94;0.02;0.2267;0.2652;1
216;216;Agent_2;orders came from the seed rule base (rules as-is);0;0;R7[0.05] R11[0.23] R15[0.01] R26[0.01] A1[0.05] G2[0.05];0.03;0.20;0.03;0.28;0.31;0.24;0.89;0.02;0.2267;0.2652;1
216;216;Agent_3;orders came from the seed rule base (rules as-is);0;0;R7[0.04] R20[0.05] R26[0.07] A1[0.08] G2[0.08] G1[0.04];0.11;0.15;0.02;0.41;0.14;0.00;0.86;0.02;0.2267;0.2652;1
217;217;Agent_1;orders came from the seed rule base (rules as-is);0;0;R7[0.02] R20[0.08] R26[0.07] A1[0.68] G2[0.31] G1[0.04];0.10;0.19;0.01;0.87;0.58;0.00;0.94;0.02;0.2268;0.2577;1
217;217;Agent_2;orders came from the seed rule base (rules as-is);0;0;R7[0.05] R11[0.23] R15[0.01] R26[0.01] A1[0.05] G2[0.05];0.03;0.20;0.03;0.28;0.31;0.24;0.89;0.02;0.2268;0.2577;1
217;217;Agent_3;orders came from the seed rule base (rules as-is);0;0;R7[0.04] R20[0.05] R26[0.07] A1[0.08] G2[0.08] G1[0.04];0.11;0.15;0.02;0.40;0.14;0.00;0.86;0.02;0.2268;0.2577;1
218;218;Agent_1;orders came from the seed rule base (rules as-is);0;0;R7[0.02] R20[0.08] R26[0.07] A1[0.68] G2[0.31] G1[0.04];0.10;0.19;0.01;0.87;0.58;0.00;0.94;0.02;0.2274;0.2583;1
218;218;Agent_2;orders came from the seed rule base (rules as-is);0;0;R7[0.05] R11[0.23] R15[0.01] R26[0.01] A1[0.05] G2[0.05];0.03;0.20;0.03;0.28;0.31;0.24;0.89;0.02;0.2274;0.2583;1
218;218;Agent_3;orders came from the seed rule base (rules as-is);0;0;R7[0.04] R20[0.05] R26[0.07] A1[0.08] G2[0.08] G1[0.04];0.10;0.15;0.02;0.40;0.14;0.00;0.86;0.02;0.2274;0.2583;1
219;219;Agent_1;orders came from the seed rule base (rules as-is);0;0;R7[0.02] R20[0.08] R26[0.07] A1[0.68] G2[0.31] G1[0.04];0.10;0.18;0.01;0.87;0.58;0.00;0.94;0.02;0.2275;0.2593;1
219;219;Agent_2;orders came from the seed rule base (rules as-is);0;0;R7[0.05] R11[0.23] R15[0.01] R26[0.01] A1[0.05] G2[0.05];0.03;0.20;0.03;0.28;0.31;0.24;0.89;0.02;0.2275;0.2593;1
219;219;Agent_3;orders came from the seed rule base (rules as-is);0;0;R7[0.04] R20[0.05] R26[0.07] A1[0.08] G2[0.08] G1[0.04];0.10;0.15;0.02;0.40;0.14;0.00;0.86;0.02;0.2275;0.2593;1
220;220;Agent_1;orders came from the seed rule base (rules as-is);0;0;R7[0.02] R20[0.08] R26[0.07] A1[0.68] G2[0.31] G1[0.04];0.10;0.18;0.01;0.87;0.58;0.00;0.94;0.02;0.2277;0.2691;1
220;220;Agent_2;orders came from the seed rule base (rules as-is);0;0;R7[0.05] R11[0.23] R15[0.01] R26[0.01] A1[0.05] G2[0.05];0.03;0.20;0.03;0.28;0.31;0.24;0.89;0.02;0.2277;0.2691;1
220;220;Agent_3;orders came from the seed rule base (rules as-is);0;0;R7[0.04] R20[0.05] R26[0.07] A1[0.08] G2[0.08] G1[0.04];0.10;0.15;0.02;0.40;0.14;0.00;0.86;0.02;0.2277;0.2691;1
221;221;Agent_1;orders came from the seed rule base (rules as-is);0;0;R7[0.02] R20[0.08] R26[0.07] A1[0.68] G2[0.31] G1[0.04];0.10;0.18;0.01;0.87;0.58;0.00;0.94;0.02;0.2278;0.2578;1
221;221;Agent_2;orders came from the seed rule base (rules as-is);0;0;R7[0.05] R11[0.23] R15[0.01] R26[0.01] A1[0.05] G2[0.05];0.03;0.20;0.03;0.27;0.31;0.24;0.89;0.02;0.2278;0.2578;1
221;221;Agent_3;orders came from the seed rule base (rules as-is);0;0;R7[0.04] R20[0.05] R26[0.07] A1[0.08] G2[0.08] G1[0.04];0.10;0.15;0.02;0.40;0.14;0.00;0.86;0.02;0.2278;0.2578;1
222;222;Agent_1;orders came from the seed rule base (rules as-is);0;0;R7[0.02] R20[0.08] R26[0.07] A1[0.68] G2[0.31] G1[0.04];0.10;0.18;0.01;0.87;0.58;0.00;0.94;0.02;0.2280;0.2656;1
222;222;Agent_2;orders came from the seed rule base (rules as-is);0;0;R7[0.05] R11[0.23] R15[0.01] R26[0.01] A1[0.05] G2[0.05];0.03;0.20;0.03;0.27;0.31;0.24;0.89;0.02;0.2280;0.2656;1
222;222;Agent_3;orders came from the seed rule base (rules as-is);0;0;R7[0.04] R20[0.05] R26[0.07] A1[0.08] G2[0.08] G1[0.04];0.10;0.15;0.02;0.40;0.14;0.00;0.86;0.02;0.2280;0.2656;1
223;223;Agent_1;orders came from the seed rule base (rules as-is);0;0;R7[0.02] R20[0.07] R26[0.07] A1[0.68] G2[0.31] G1[0.04];0.09;0.18;0.01;0.87;0.58;0.00;0.94;0.02;0.2281;0.2577;1
223;223;Agent_2;orders came from the seed rule base (rules as-is);0;0;R7[0.05] R11[0.23] R15[0.01] R26[0.01] A1[0.05] G2[0.05];0.03;0.20;0.03;0.27;0.31;0.24;0.89;0.02;0.2281;0.2577;1
223;223;Agent_3;orders came from the seed rule base (rules as-is);0;0;R7[0.04] R20[0.05] R26[0.07] A1[0.08] G2[0.08] G1[0.04];0.10;0.15;0.02;0.40;0.14;0.00;0.86;0.02;0.2281;0.2577;1
224;224;Agent_1;orders came from the seed rule base (rules as-is);0;0;R7[0.02] R20[0.07] R26[0.07] A1[0.68] G2[0.31] G1[0.04];0.09;0.18;0.01;0.87;0.58;0.00;0.94;0.02;0.2283;0.2574;1
224;224;Agent_2;orders came from the seed rule base (rules as-is);0;0;R7[0.05] R11[0.23] R15[0.01] R26[0.01] A1[0.05] G2[0.05];0.03;0.20;0.03;0.27;0.31;0.24;0.89;0.02;0.2283;0.2574;1
224;224;Agent_3;orders came from the seed rule base (rules as-is);0;0;R7[0.04] R20[0.05] R26[0.07] A1[0.08] G2[0.08] G1[0.04];0.10;0.15;0.02;0.40;0.14;0.00;0.86;0.02;0.2283;0.2574;1
225;225;Agent_1;orders came from the seed rule base (rules as-is);0;0;R7[0.02] R20[0.07] R26[0.07] A1[0.68] G2[0.31] G1[0.04];0.09;0.18;0.01;0.87;0.58;0.00;0.94;0.02;0.2284;0.2582;1
225;225;Agent_2;orders came from the seed rule base (rules as-is);0;0;R7[0.05] R11[0.23] R15[0.01] R26[0.01] A1[0.05] G2[0.05];0.03;0.20;0.03;0.27;0.31;0.24;0.89;0.02;0.2284;0.2582;1
225;225;Agent_3;orders came from the seed rule base (rules as-is);0;0;R7[0.04] R20[0.05] R26[0.07] A1[0.08] G2[0.08] G1[0.04];0.10;0.15;0.02;0.40;0.14;0.00;0.86;0.02;0.2284;0.2582;1
226;226;Agent_1;orders came from the seed rule base (rules as-is);0;0;R7[0.02] R20[0.07] R26[0.07] A1[0.68] G2[0.31] G1[0.04];0.09;0.18;0.01;0.87;0.58;0.00;0.94;0.02;0.2332;0.2579;1
226;226;Agent_2;orders came from the seed rule base (rules as-is);0;0;R7[0.05] R11[0.23] R15[0.01] R26[0.01] A1[0.05] G2[0.05];0.03;0.20;0.03;0.27;0.31;0.24;0.89;0.02;0.2332;0.2579;1
226;226;Agent_3;orders came from the seed rule base (rules as-is);0;0;R7[0.04] R20[0.05] R26[0.07] A1[0.08] G2[0.08] G1[0.04];0.10;0.14;0.02;0.40;0.14;0.00;0.86;0.02;0.2332;0.2579;1
227;227;Agent_1;orders came from the seed rule base (rules as-is);0;0;R7[0.02] R20[0.07] R26[0.07] A1[0.68] G2[0.31] G1[0.04];0.09;0.17;0.01;0.87;0.58;0.00;0.94;0.02;0.2341;0.2604;1
227;227;Agent_2;orders came from the seed rule base (rules as-is);0;0;R7[0.05] R11[0.23] R15[0.01] R26[0.01] A1[0.05] G2[0.05];0.03;0.20;0.03;0.27;0.31;0.24;0.89;0.02;0.2341;0.2604;1
227;227;Agent_3;orders came from the seed rule base (rules as-is);0;0;R7[0.04] R20[0.05] R26[0.07] A1[0.08] G2[0.08] G1[0.04];0.10;0.14;0.02;0.40;0.14;0.00;0.86;0.02;0.2341;0.2604;1
228;228;Agent_1;orders came from the seed rule base (rules as-is);0;0;R7[0.02] R20[0.07] R26[0.07] A1[0.68] G2[0.31] G1[0.04];0.09;0.17;0.01;0.87;0.58;0.00;0.94;0.02;0.2349;0.2571;1
228;228;Agent_2;orders came from the seed rule base (rules as-is);0;0;R7[0.05] R11[0.23] R15[0.01] R26[0.01] A1[0.05] G2[0.05];0.03;0.20;0.03;0.27;0.31;0.24;0.89;0.02;0.2349;0.2571;1
228;228;Agent_3;orders came from the seed rule base (rules as-is);0;0;R7[0.04] R20[0.05] R26[0.07] A1[0.08] G2[0.08] G1[0.04];0.10;0.14;0.02;0.39;0.14;0.00;0.86;0.02;0.2349;0.2571;1
229;229;Agent_1;orders came from the seed rule base (rules as-is);0;0;R7[0.02] R20[0.07] R26[0.07] A1[0.68] G2[0.31] G1[0.04];0.09;0.17;0.01;0.87;0.58;0.00;0.94;0.02;0.2354;0.2603;1
229;229;Agent_2;orders came from the seed rule base (rules as-is);0;0;R7[0.05] R11[0.23] R15[0.01] R26[0.01] A1[0.05] G2[0.05];0.03;0.20;0.03;0.27;0.31;0.24;0.89;0.02;0.2354;0.2603;1
229;229;Agent_3;orders came from the seed rule base (rules as-is);0;0;R7[0.04] R20[0.05] R26[0.07] A1[0.08] G2[0.08] G1[0.04];0.10;0.14;0.02;0.39;0.14;0.00;0.86;0.02;0.2354;0.2603;1
230;230;Agent_1;orders came from the seed rule base (rules as-is);0;0;R7[0.02] R20[0.07] R26[0.07] A1[0.68] G2[0.31] G1[0.04];0.09;0.17;0.01;0.87;0.58;0.00;0.94;0.02;0.2355;0.2611;1
230;230;Agent_2;orders came from the seed rule base (rules as-is);0;0;R7[0.05] R11[0.23] R15[0.01] R26[0.01] A1[0.05] G2[0.05];0.03;0.20;0.03;0.27;0.31;0.24;0.89;0.02;0.2355;0.2611;1
230;230;Agent_3;orders came from the seed rule base (rules as-is);0;0;R7[0.04] R20[0.05] R26[0.07] A1[0.08] G2[0.08] G1[0.04];0.10;0.14;0.02;0.39;0.14;0.00;0.86;0.02;0.2355;0.2611;1
231;231;Agent_1;RL selected stage 1 [evFIS] (deficit bucket: mid) → rejected (no improving perturbation found | seed-base decision stands, its orders are applied);1;0;R7[0.02] R20[0.07] R26[0.07] A1[0.68] G2[0.31] G1[0.04];0.09;0.17;0.01;0.87;0.58;0.00;0.94;0.02;0.2354;0.2582;1
231;231;Agent_2;RL selected stage 1 [evFIS] (deficit bucket: mid) → rejected (no improving perturbation found | seed-base decision stands, its orders are applied);1;0;R7[0.05] R11[0.23] R15[0.01] R26[0.01] A1[0.05] G2[0.05];0.03;0.20;0.03;0.27;0.31;0.24;0.89;0.02;0.2354;0.2582;1
231;231;Agent_3;RL selected stage 1 [evFIS] (deficit bucket: mid) → rejected (no improving perturbation found | seed-base decision stands, its orders are applied);1;0;R7[0.04] R20[0.05] R26[0.07] A1[0.08] G2[0.08] G1[0.04];0.10;0.14;0.02;0.39;0.14;0.00;0.86;0.02;0.2354;0.2582;1
232;232;Agent_1;orders came from the seed rule base (rules as-is);0;0;R7[0.02] R20[0.07] R26[0.07] A1[0.68] G2[0.31] G1[0.04];0.09;0.17;0.01;0.87;0.58;0.00;0.94;0.02;0.2291;0.2581;1
232;232;Agent_2;orders came from the seed rule base (rules as-is);0;0;R7[0.05] R11[0.23] R15[0.01] R26[0.01] A1[0.05] G2[0.05];0.03;0.20;0.03;0.27;0.31;0.24;0.89;0.02;0.2291;0.2581;1
232;232;Agent_3;orders came from the seed rule base (rules as-is);0;0;R7[0.04] R20[0.05] R26[0.07] A1[0.08] G2[0.08] G1[0.04];0.10;0.14;0.02;0.39;0.14;0.00;0.86;0.02;0.2291;0.2581;1
233;233;Agent_1;orders came from the seed rule base (rules as-is);0;0;R7[0.02] R20[0.07] R26[0.07] A1[0.68] G2[0.31] G1[0.04];0.09;0.17;0.01;0.87;0.58;0.00;0.94;0.02;0.2300;0.2596;1
233;233;Agent_2;orders came from the seed rule base (rules as-is);0;0;R7[0.05] R11[0.23] R15[0.01] R26[0.01] A1[0.05] G2[0.05];0.03;0.20;0.03;0.27;0.31;0.24;0.89;0.02;0.2300;0.2596;1
233;233;Agent_3;orders came from the seed rule base (rules as-is);0;0;R7[0.04] R20[0.05] R26[0.07] A1[0.08] G2[0.08] G1[0.04];0.10;0.14;0.02;0.39;0.14;0.00;0.86;0.02;0.2300;0.2596;1
234;234;Agent_1;orders came from the seed rule base (rules as-is);0;0;R7[0.02] R20[0.07] R26[0.07] A1[0.68] G2[0.31] G1[0.04];0.09;0.17;0.01;0.87;0.58;0.00;0.94;0.02;0.2302;0.2666;1
234;234;Agent_2;orders came from the seed rule base (rules as-is);0;0;R7[0.05] R11[0.23] R15[0.01] R26[0.01] A1[0.05] G2[0.05];0.03;0.20;0.03;0.27;0.31;0.24;0.89;0.02;0.2302;0.2666;1
234;234;Agent_3;orders came from the seed rule base (rules as-is);0;0;R7[0.04] R20[0.05] R26[0.07] A1[0.08] G2[0.08] G1[0.04];0.09;0.14;0.02;0.39;0.14;0.00;0.86;0.02;0.2302;0.2666;1
235;235;Agent_1;orders came from the seed rule base (rules as-is);0;0;R7[0.02] R20[0.07] R26[0.07] A1[0.68] G2[0.31] G1[0.04];0.09;0.17;0.01;0.87;0.58;0.00;0.94;0.02;0.2303;0.2594;1
235;235;Agent_2;orders came from the seed rule base (rules as-is);0;0;R7[0.05] R11[0.23] R15[0.01] R26[0.01] A1[0.05] G2[0.05];0.03;0.20;0.03;0.27;0.31;0.24;0.89;0.02;0.2303;0.2594;1
235;235;Agent_3;orders came from the seed rule base (rules as-is);0;0;R7[0.04] R20[0.05] R26[0.07] A1[0.08] G2[0.08] G1[0.04];0.09;0.14;0.02;0.39;0.14;0.00;0.86;0.02;0.2303;0.2594;1
236;236;Agent_1;orders came from the seed rule base (rules as-is);0;0;R7[0.02] R20[0.07] R26[0.06] A1[0.68] G2[0.31] G1[0.04];0.09;0.17;0.01;0.87;0.58;0.00;0.94;0.02;0.2305;0.2587;1
236;236;Agent_2;orders came from the seed rule base (rules as-is);0;0;R7[0.05] R11[0.23] R15[0.01] R26[0.01] A1[0.05] G2[0.05];0.03;0.20;0.03;0.27;0.31;0.24;0.89;0.02;0.2305;0.2587;1
236;236;Agent_3;orders came from the seed rule base (rules as-is);0;0;R7[0.04] R20[0.05] R26[0.07] A1[0.08] G2[0.08] G1[0.04];0.09;0.14;0.02;0.39;0.14;0.00;0.86;0.02;0.2305;0.2587;1
237;237;Agent_1;orders came from the seed rule base (rules as-is);0;0;R7[0.02] R20[0.07] R26[0.06] A1[0.68] G2[0.31] G1[0.04];0.09;0.16;0.01;0.87;0.58;0.00;0.94;0.02;0.2306;0.2577;1
237;237;Agent_2;orders came from the seed rule base (rules as-is);0;0;R7[0.05] R11[0.23] R15[0.01] R26[0.01] A1[0.05] G2[0.05];0.03;0.20;0.03;0.27;0.31;0.24;0.89;0.02;0.2306;0.2577;1
237;237;Agent_3;orders came from the seed rule base (rules as-is);0;0;R7[0.04] R20[0.05] R26[0.07] A1[0.08] G2[0.08] G1[0.04];0.09;0.13;0.02;0.39;0.14;0.00;0.86;0.02;0.2306;0.2577;1
238;238;Agent_1;orders came from the seed rule base (rules as-is);0;0;R7[0.02] R20[0.07] R26[0.06] A1[0.68] G2[0.31] G1[0.04];0.09;0.16;0.01;0.87;0.58;0.00;0.94;0.02;0.2315;0.2569;1
238;238;Agent_2;orders came from the seed rule base (rules as-is);0;0;R7[0.05] R11[0.23] R15[0.01] R26[0.01] A1[0.05] G2[0.05];0.03;0.20;0.03;0.27;0.31;0.24;0.89;0.02;0.2315;0.2569;1
238;238;Agent_3;orders came from the seed rule base (rules as-is);0;0;R7[0.04] R20[0.05] R26[0.07] A1[0.08] G2[0.08] G1[0.04];0.09;0.13;0.02;0.39;0.14;0.00;0.86;0.02;0.2315;0.2569;1
239;239;Agent_1;orders came from the seed rule base (rules as-is);0;0;R7[0.02] R20[0.07] R26[0.06] A1[0.68] G2[0.31] G1[0.03];0.09;0.16;0.01;0.87;0.58;0.00;0.94;0.02;0.2317;0.2595;1
239;239;Agent_2;orders came from the seed rule base (rules as-is);0;0;R7[0.05] R11[0.23] R15[0.01] R26[0.01] A1[0.05] G2[0.05];0.03;0.20;0.03;0.27;0.31;0.24;0.89;0.02;0.2317;0.2595;1
239;239;Agent_3;orders came from the seed rule base (rules as-is);0;0;R7[0.04] R20[0.05] R26[0.06] A1[0.08] G2[0.08] G1[0.03];0.09;0.13;0.02;0.38;0.14;0.00;0.86;0.02;0.2317;0.2595;1
240;240;Agent_1;orders came from the seed rule base (rules as-is);0;0;R7[0.02] R20[0.07] R26[0.06] A1[0.68] G2[0.31] G1[0.03];0.09;0.16;0.01;0.87;0.58;0.00;0.94;0.02;0.2318;0.2595;1
240;240;Agent_2;orders came from the seed rule base (rules as-is);0;0;R7[0.05] R11[0.23] R15[0.01] R26[0.01] A1[0.05] G2[0.05];0.03;0.20;0.03;0.27;0.31;0.24;0.89;0.02;0.2318;0.2595;1
240;240;Agent_3;orders came from the seed rule base (rules as-is);0;0;R7[0.04] R20[0.05] R26[0.06] A1[0.08] G2[0.08] G1[0.03];0.09;0.13;0.02;0.38;0.14;0.00;0.86;0.02;0.2318;0.2595;1
241;241;Agent_1;orders came from the seed rule base (rules as-is);0;0;R7[0.02] R20[0.07] R26[0.06] A1[0.68] G2[0.31] G1[0.03];0.08;0.16;0.01;0.87;0.58;0.00;0.94;0.02;0.2334;0.2625;1
241;241;Agent_2;orders came from the seed rule base (rules as-is);0;0;R7[0.05] R11[0.23] R15[0.01] R26[0.01] A1[0.05] G2[0.05];0.03;0.20;0.03;0.27;0.31;0.24;0.89;0.02;0.2334;0.2625;1
241;241;Agent_3;orders came from the seed rule base (rules as-is);0;0;R7[0.04] R20[0.05] R26[0.06] A1[0.08] G2[0.08] G1[0.03];0.09;0.13;0.02;0.38;0.14;0.00;0.86;0.02;0.2334;0.2625;1
242;242;Agent_1;RL selected stage 1 [evFIS] (deficit bucket: mid) → rejected (no improving perturbation found | seed-base decision stands, its orders are applied);1;0;R7[0.02] R20[0.07] R26[0.06] A1[0.68] G2[0.31] G1[0.03];0.08;0.16;0.01;0.87;0.58;0.00;0.94;0.02;0.2339;0.2568;1
242;242;Agent_2;RL selected stage 1 [evFIS] (deficit bucket: mid) → rejected (no improving perturbation found | seed-base decision stands, its orders are applied);1;0;R7[0.05] R11[0.23] R15[0.01] R26[0.01] A1[0.05] G2[0.05];0.03;0.20;0.03;0.27;0.31;0.24;0.89;0.02;0.2339;0.2568;1
242;242;Agent_3;RL selected stage 1 [evFIS] (deficit bucket: mid) → rejected (no improving perturbation found | seed-base decision stands, its orders are applied);1;0;R7[0.04] R20[0.05] R26[0.06] A1[0.08] G2[0.08] G1[0.03];0.09;0.13;0.02;0.38;0.14;0.00;0.86;0.02;0.2339;0.2568;1
243;243;Agent_1;orders came from the seed rule base (rules as-is);0;0;R7[0.02] R20[0.07] R26[0.06] A1[0.68] G2[0.31] G1[0.03];0.08;0.16;0.01;0.87;0.58;0.00;0.95;0.02;0.2341;0.2579;1
243;243;Agent_2;orders came from the seed rule base (rules as-is);0;0;R7[0.05] R11[0.23] R15[0.01] R26[0.01] A1[0.05] G2[0.05];0.03;0.20;0.03;0.27;0.31;0.24;0.89;0.02;0.2341;0.2579;1
243;243;Agent_3;orders came from the seed rule base (rules as-is);0;0;R7[0.04] R20[0.05] R26[0.06] A1[0.08] G2[0.08] G1[0.03];0.09;0.13;0.02;0.38;0.14;0.00;0.86;0.02;0.2341;0.2579;1
244;244;Agent_1;orders came from the seed rule base (rules as-is);0;0;R7[0.02] R20[0.07] R26[0.06] A1[0.68] G2[0.31] G1[0.03];0.08;0.16;0.01;0.87;0.58;0.00;0.95;0.02;0.2342;0.2564;1
244;244;Agent_2;orders came from the seed rule base (rules as-is);0;0;R7[0.05] R11[0.23] R15[0.01] R26[0.01] A1[0.05] G2[0.05];0.03;0.20;0.03;0.27;0.31;0.23;0.90;0.02;0.2342;0.2564;1
244;244;Agent_3;orders came from the seed rule base (rules as-is);0;0;R7[0.04] R20[0.05] R26[0.06] A1[0.08] G2[0.08] G1[0.03];0.09;0.13;0.02;0.38;0.14;0.00;0.86;0.02;0.2342;0.2564;1
245;245;Agent_1;orders came from the seed rule base (rules as-is);0;0;R7[0.02] R20[0.06] R26[0.06] A1[0.68] G2[0.31] G1[0.03];0.08;0.16;0.01;0.87;0.58;0.00;0.95;0.02;0.2351;0.2624;1
245;245;Agent_2;orders came from the seed rule base (rules as-is);0;0;R7[0.05] R11[0.23] R15[0.01] R26[0.01] A1[0.05] G2[0.05];0.03;0.20;0.03;0.27;0.31;0.23;0.90;0.02;0.2351;0.2624;1
245;245;Agent_3;orders came from the seed rule base (rules as-is);0;0;R7[0.04] R20[0.05] R26[0.06] A1[0.08] G2[0.08] G1[0.03];0.09;0.13;0.02;0.38;0.14;0.00;0.85;0.02;0.2351;0.2624;1
246;246;Agent_1;orders came from the seed rule base (rules as-is);0;0;R7[0.02] R20[0.06] R26[0.06] A1[0.68] G2[0.31] G1[0.03];0.08;0.15;0.01;0.87;0.58;0.00;0.95;0.02;0.2356;0.2552;1
246;246;Agent_2;orders came from the seed rule base (rules as-is);0;0;R7[0.05] R11[0.23] R15[0.01] R26[0.01] A1[0.05] G2[0.05];0.03;0.20;0.03;0.27;0.31;0.23;0.90;0.02;0.2356;0.2552;1
246;246;Agent_3;orders came from the seed rule base (rules as-is);0;0;R7[0.04] R20[0.05] R26[0.06] A1[0.08] G2[0.08] G1[0.03];0.09;0.13;0.02;0.38;0.14;0.00;0.85;0.02;0.2356;0.2552;1
247;247;Agent_1;orders came from the seed rule base (rules as-is);0;0;R7[0.02] R20[0.06] R26[0.06] A1[0.68] G2[0.31] G1[0.03];0.08;0.15;0.01;0.87;0.58;0.00;0.95;0.02;0.2357;0.2584;1
247;247;Agent_2;orders came from the seed rule base (rules as-is);0;0;R7[0.05] R11[0.23] R15[0.01] R26[0.01] A1[0.05] G2[0.05];0.03;0.20;0.03;0.27;0.31;0.23;0.90;0.02;0.2357;0.2584;1
247;247;Agent_3;orders came from the seed rule base (rules as-is);0;0;R7[0.04] R20[0.05] R26[0.06] A1[0.08] G2[0.08] G1[0.03];0.09;0.13;0.02;0.38;0.14;0.00;0.85;0.02;0.2357;0.2584;1
248;248;Agent_1;orders came from the seed rule base (rules as-is);0;0;R7[0.02] R20[0.06] R26[0.06] A1[0.68] G2[0.31] G1[0.03];0.08;0.15;0.01;0.87;0.58;0.00;0.95;0.02;0.2362;0.2563;1
248;248;Agent_2;orders came from the seed rule base (rules as-is);0;0;R7[0.05] R11[0.23] R15[0.01] R26[0.01] A1[0.05] G2[0.05];0.03;0.20;0.03;0.27;0.31;0.23;0.90;0.02;0.2362;0.2563;1
248;248;Agent_3;orders came from the seed rule base (rules as-is);0;0;R7[0.04] R20[0.04] R26[0.06] A1[0.08] G2[0.08] G1[0.03];0.09;0.13;0.02;0.38;0.14;0.00;0.85;0.02;0.2362;0.2563;1
249;249;Agent_1;orders came from the seed rule base (rules as-is);0;0;R7[0.02] R20[0.06] R26[0.06] A1[0.68] G2[0.31] G1[0.03];0.08;0.15;0.01;0.87;0.58;0.00;0.95;0.02;0.2367;0.2547;1
249;249;Agent_2;orders came from the seed rule base (rules as-is);0;0;R7[0.05] R11[0.23] R15[0.01] R26[0.01] A1[0.05] G2[0.05];0.03;0.20;0.03;0.27;0.31;0.23;0.90;0.02;0.2367;0.2547;1
249;249;Agent_3;orders came from the seed rule base (rules as-is);0;0;R7[0.04] R20[0.04] R26[0.06] A1[0.08] G2[0.08] G1[0.03];0.09;0.13;0.02;0.38;0.14;0.00;0.85;0.02;0.2367;0.2547;1
250;250;Agent_1;orders came from the seed rule base (rules as-is);0;0;R7[0.02] R20[0.06] R26[0.06] A1[0.68] G2[0.31] G1[0.03];0.08;0.15;0.01;0.87;0.58;0.00;0.95;0.02;0.2376;0.2565;1
250;250;Agent_2;orders came from the seed rule base (rules as-is);0;0;R7[0.05] R11[0.23] R15[0.01] R26[0.01] A1[0.05] G2[0.05];0.03;0.20;0.03;0.27;0.31;0.23;0.90;0.02;0.2376;0.2565;1
250;250;Agent_3;orders came from the seed rule base (rules as-is);0;0;R7[0.04] R20[0.04] R26[0.06] A1[0.08] G2[0.08] G1[0.03];0.09;0.12;0.02;0.37;0.14;0.00;0.85;0.02;0.2376;0.2565;1
251;251;Agent_1;orders came from the seed rule base (rules as-is);0;0;R7[0.02] R20[0.06] R26[0.06] A1[0.68] G2[0.31] G1[0.03];0.08;0.15;0.01;0.87;0.58;0.00;0.95;0.02;0.2381;0.2545;1
251;251;Agent_2;orders came from the seed rule base (rules as-is);0;0;R7[0.05] R11[0.23] R15[0.01] R26[0.01] A1[0.05] G2[0.05];0.03;0.20;0.03;0.27;0.31;0.23;0.90;0.02;0.2381;0.2545;1
251;251;Agent_3;orders came from the seed rule base (rules as-is);0;0;R7[0.04] R20[0.04] R26[0.06] A1[0.08] G2[0.08] G1[0.03];0.09;0.12;0.02;0.37;0.14;0.00;0.85;0.02;0.2381;0.2545;1
252;252;Agent_1;orders came from the seed rule base (rules as-is);0;0;R7[0.02] R20[0.06] R26[0.06] A1[0.68] G2[0.31] G1[0.03];0.08;0.15;0.01;0.87;0.58;0.00;0.95;0.02;0.2392;0.2547;1
252;252;Agent_2;orders came from the seed rule base (rules as-is);0;0;R7[0.05] R11[0.23] R15[0.01] R26[0.01] A1[0.05] G2[0.05];0.03;0.20;0.03;0.27;0.31;0.23;0.90;0.02;0.2392;0.2547;1
252;252;Agent_3;orders came from the seed rule base (rules as-is);0;0;R7[0.04] R20[0.04] R26[0.06] A1[0.08] G2[0.08] G1[0.03];0.08;0.12;0.02;0.37;0.14;0.00;0.85;0.02;0.2392;0.2547;1
253;253;Agent_1;orders came from the seed rule base (rules as-is);0;0;R7[0.02] R20[0.06] R26[0.06] A1[0.68] G2[0.31] G1[0.03];0.08;0.15;0.01;0.87;0.58;0.00;0.95;0.02;0.2397;0.2548;1
253;253;Agent_2;orders came from the seed rule base (rules as-is);0;0;R7[0.05] R11[0.23] R15[0.01] R26[0.01] A1[0.05] G2[0.05];0.03;0.19;0.03;0.27;0.31;0.23;0.90;0.02;0.2397;0.2548;1
253;253;Agent_3;orders came from the seed rule base (rules as-is);0;0;R7[0.04] R20[0.04] R26[0.06] A1[0.08] G2[0.08] G1[0.03];0.08;0.12;0.02;0.37;0.14;0.00;0.85;0.02;0.2397;0.2548;1
254;254;Agent_1;orders came from the seed rule base (rules as-is);0;0;R7[0.02] R20[0.06] R26[0.06] A1[0.68] G2[0.31] G1[0.03];0.08;0.15;0.01;0.87;0.58;0.00;0.95;0.02;0.2412;0.2542;1
254;254;Agent_2;orders came from the seed rule base (rules as-is);0;0;R7[0.05] R11[0.23] R15[0.01] R26[0.01] A1[0.05] G2[0.05];0.03;0.19;0.03;0.27;0.31;0.23;0.90;0.02;0.2412;0.2542;1
254;254;Agent_3;orders came from the seed rule base (rules as-is);0;0;R7[0.04] R20[0.04] R26[0.06] A1[0.08] G2[0.08] G1[0.03];0.08;0.12;0.02;0.37;0.14;0.00;0.85;0.02;0.2412;0.2542;1
255;255;Agent_1;RL selected stage 1 [evFIS] (deficit bucket: low) → rejected (no improving perturbation found | seed-base decision stands, its orders are applied);1;0;R7[0.02] R20[0.06] R26[0.06] A1[0.68] G2[0.31] G1[0.03];0.08;0.15;0.01;0.87;0.58;0.00;0.95;0.02;0.2427;0.2534;1
255;255;Agent_2;RL selected stage 1 [evFIS] (deficit bucket: low) → rejected (no improving perturbation found | seed-base decision stands, its orders are applied);1;0;R7[0.05] R11[0.23] R15[0.01] R26[0.01] A1[0.05] G2[0.05];0.03;0.19;0.03;0.27;0.31;0.23;0.90;0.02;0.2427;0.2534;1
255;255;Agent_3;RL selected stage 1 [evFIS] (deficit bucket: low) → rejected (no improving perturbation found | seed-base decision stands, its orders are applied);1;0;R7[0.04] R20[0.04] R26[0.06] A1[0.08] G2[0.08] G1[0.03];0.08;0.12;0.02;0.37;0.14;0.00;0.85;0.02;0.2427;0.2534;1
256;256;Agent_1;orders came from the seed rule base (rules as-is);0;0;R7[0.02] R20[0.06] R26[0.06] A1[0.68] G2[0.31] G1[0.03];0.08;0.15;0.01;0.87;0.58;0.00;0.95;0.02;0.2374;0.2535;1
256;256;Agent_2;orders came from the seed rule base (rules as-is);0;0;R7[0.05] R11[0.23] R15[0.01] R26[0.01] A1[0.05] G2[0.05];0.03;0.19;0.03;0.27;0.31;0.23;0.90;0.02;0.2374;0.2535;1
256;256;Agent_3;orders came from the seed rule base (rules as-is);0;0;R7[0.04] R20[0.04] R26[0.06] A1[0.08] G2[0.08] G1[0.03];0.08;0.12;0.02;0.37;0.14;0.00;0.85;0.02;0.2374;0.2535;1
257;257;Agent_1;orders came from the seed rule base (rules as-is);0;0;R7[0.02] R20[0.06] R26[0.06] A1[0.68] G2[0.31] G1[0.03];0.08;0.14;0.01;0.87;0.58;0.00;0.95;0.02;0.2376;0.2549;1
257;257;Agent_2;orders came from the seed rule base (rules as-is);0;0;R7[0.05] R11[0.23] R15[0.01] R26[0.01] A1[0.05] G2[0.05];0.03;0.19;0.03;0.27;0.31;0.23;0.90;0.02;0.2376;0.2549;1
257;257;Agent_3;orders came from the seed rule base (rules as-is);0;0;R7[0.04] R20[0.04] R26[0.06] A1[0.08] G2[0.08] G1[0.03];0.08;0.12;0.02;0.37;0.14;0.00;0.85;0.02;0.2376;0.2549;1
258;258;Agent_1;orders came from the seed rule base (rules as-is);0;0;R7[0.02] R20[0.06] R26[0.06] A1[0.68] G2[0.31] G1[0.03];0.08;0.14;0.01;0.87;0.58;0.00;0.95;0.02;0.2377;0.2598;1
258;258;Agent_2;orders came from the seed rule base (rules as-is);0;0;R7[0.05] R11[0.23] R15[0.01] R26[0.01] A1[0.05] G2[0.05];0.03;0.19;0.03;0.27;0.31;0.23;0.90;0.02;0.2377;0.2598;1
258;258;Agent_3;orders came from the seed rule base (rules as-is);0;0;R7[0.04] R20[0.04] R26[0.06] A1[0.08] G2[0.08] G1[0.03];0.08;0.12;0.02;0.37;0.14;0.00;0.85;0.02;0.2377;0.2598;1
259;259;Agent_1;orders came from the seed rule base (rules as-is);0;0;R7[0.02] R20[0.06] R26[0.06] A1[0.68] G2[0.31] G1[0.03];0.08;0.14;0.01;0.87;0.58;0.00;0.95;0.02;0.2382;0.2597;1
259;259;Agent_2;orders came from the seed rule base (rules as-is);0;0;R7[0.05] R11[0.23] R15[0.01] R26[0.01] A1[0.05] G2[0.05];0.03;0.19;0.03;0.27;0.31;0.23;0.90;0.02;0.2382;0.2597;1
259;259;Agent_3;orders came from the seed rule base (rules as-is);0;0;R7[0.04] R20[0.04] R26[0.06] A1[0.08] G2[0.08] G1[0.03];0.08;0.12;0.02;0.37;0.14;0.00;0.85;0.02;0.2382;0.2597;1
260;260;Agent_1;orders came from the seed rule base (rules as-is);0;0;R7[0.02] R20[0.06] R26[0.06] A1[0.68] G2[0.31] G1[0.03];0.07;0.14;0.01;0.87;0.58;0.00;0.95;0.02;0.2384;0.2548;1
260;260;Agent_2;orders came from the seed rule base (rules as-is);0;0;R7[0.05] R11[0.23] R15[0.01] R26[0.01] A1[0.05] G2[0.05];0.03;0.19;0.03;0.27;0.31;0.23;0.90;0.02;0.2384;0.2548;1
260;260;Agent_3;orders came from the seed rule base (rules as-is);0;0;R7[0.04] R20[0.04] R26[0.06] A1[0.08] G2[0.08] G1[0.03];0.08;0.12;0.02;0.37;0.14;0.00;0.85;0.02;0.2384;0.2548;1
261;261;Agent_1;orders came from the seed rule base (rules as-is);0;0;R7[0.02] R20[0.06] R26[0.06] A1[0.68] G2[0.31] G1[0.03];0.07;0.14;0.01;0.87;0.58;0.00;0.95;0.02;0.2389;0.2542;1
261;261;Agent_2;orders came from the seed rule base (rules as-is);0;0;R7[0.05] R11[0.23] R15[0.01] R26[0.01] A1[0.05] G2[0.05];0.03;0.19;0.03;0.27;0.31;0.23;0.90;0.02;0.2389;0.2542;1
261;261;Agent_3;orders came from the seed rule base (rules as-is);0;0;R7[0.04] R20[0.04] R26[0.06] A1[0.08] G2[0.08] G1[0.03];0.08;0.12;0.02;0.37;0.14;0.00;0.85;0.02;0.2389;0.2542;1
262;262;Agent_1;orders came from the seed rule base (rules as-is);0;0;R7[0.02] R20[0.06] R26[0.05] A1[0.68] G2[0.31] G1[0.03];0.07;0.14;0.01;0.87;0.58;0.00;0.95;0.02;0.2394;0.2613;1
262;262;Agent_2;orders came from the seed rule base (rules as-is);0;0;R7[0.05] R11[0.23] R15[0.01] R26[0.01] A1[0.05] G2[0.05];0.03;0.19;0.03;0.27;0.31;0.23;0.90;0.02;0.2394;0.2613;1
262;262;Agent_3;orders came from the seed rule base (rules as-is);0;0;R7[0.04] R20[0.04] R26[0.06] A1[0.08] G2[0.08] G1[0.03];0.08;0.12;0.02;0.36;0.14;0.00;0.85;0.02;0.2394;0.2613;1
263;263;Agent_1;orders came from the seed rule base (rules as-is);0;0;R7[0.02] R20[0.06] R26[0.05] A1[0.68] G2[0.31] G1[0.03];0.07;0.14;0.01;0.87;0.58;0.00;0.95;0.02;0.2395;0.2545;1
263;263;Agent_2;orders came from the seed rule base (rules as-is);0;0;R7[0.05] R11[0.23] R15[0.01] R26[0.01] A1[0.05] G2[0.05];0.03;0.19;0.03;0.27;0.31;0.23;0.90;0.02;0.2395;0.2545;1
263;263;Agent_3;orders came from the seed rule base (rules as-is);0;0;R7[0.04] R20[0.04] R26[0.06] A1[0.08] G2[0.08] G1[0.03];0.08;0.11;0.02;0.36;0.14;0.00;0.85;0.02;0.2395;0.2545;1
264;264;Agent_1;orders came from the seed rule base (rules as-is);0;0;R7[0.02] R20[0.06] R26[0.05] A1[0.68] G2[0.31] G1[0.03];0.07;0.14;0.01;0.87;0.58;0.00;0.95;0.02;0.2397;0.2549;1
264;264;Agent_2;orders came from the seed rule base (rules as-is);0;0;R7[0.05] R11[0.23] R15[0.01] R26[0.01] A1[0.05] G2[0.05];0.03;0.19;0.03;0.27;0.31;0.23;0.90;0.02;0.2397;0.2549;1
264;264;Agent_3;orders came from the seed rule base (rules as-is);0;0;R7[0.04] R20[0.04] R26[0.05] A1[0.08] G2[0.08] G1[0.03];0.08;0.11;0.02;0.36;0.14;0.00;0.85;0.02;0.2397;0.2549;1
265;265;Agent_1;orders came from the seed rule base (rules as-is);0;0;R7[0.02] R20[0.06] R26[0.05] A1[0.68] G2[0.31] G1[0.03];0.07;0.14;0.01;0.87;0.58;0.00;0.95;0.02;0.2398;0.2540;1
265;265;Agent_2;orders came from the seed rule base (rules as-is);0;0;R7[0.05] R11[0.23] R15[0.01] R26[0.01] A1[0.05] G2[0.05];0.03;0.19;0.03;0.27;0.31;0.23;0.90;0.02;0.2398;0.2540;1
265;265;Agent_3;orders came from the seed rule base (rules as-is);0;0;R7[0.04] R20[0.04] R26[0.05] A1[0.08] G2[0.08] G1[0.03];0.08;0.11;0.02;0.36;0.14;0.00;0.85;0.02;0.2398;0.2540;1
266;266;Agent_1;orders came from the seed rule base (rules as-is);0;0;R7[0.02] R20[0.06] R26[0.05] A1[0.68] G2[0.31] G1[0.03];0.07;0.14;0.01;0.87;0.58;0.00;0.95;0.02;0.2399;0.2547;1
266;266;Agent_2;orders came from the seed rule base (rules as-is);0;0;R7[0.05] R11[0.23] R15[0.01] R26[0.01] A1[0.05] G2[0.05];0.03;0.19;0.03;0.27;0.31;0.23;0.90;0.02;0.2399;0.2547;1
266;266;Agent_3;orders came from the seed rule base (rules as-is);0;0;R7[0.04] R20[0.04] R26[0.05] A1[0.08] G2[0.08] G1[0.03];0.08;0.11;0.02;0.36;0.14;0.00;0.85;0.02;0.2399;0.2547;1
267;267;Agent_1;orders came from the seed rule base (rules as-is);0;0;R7[0.02] R20[0.06] R26[0.05] A1[0.68] G2[0.31] G1[0.03];0.07;0.14;0.01;0.87;0.58;0.00;0.95;0.02;0.2404;0.2553;1
267;267;Agent_2;orders came from the seed rule base (rules as-is);0;0;R7[0.05] R11[0.23] R15[0.01] R26[0.01] A1[0.05] G2[0.05];0.03;0.19;0.03;0.27;0.31;0.23;0.90;0.02;0.2404;0.2553;1
267;267;Agent_3;orders came from the seed rule base (rules as-is);0;0;R7[0.04] R20[0.04] R26[0.05] A1[0.08] G2[0.08] G1[0.03];0.08;0.11;0.02;0.36;0.14;0.00;0.85;0.02;0.2404;0.2553;1
268;268;Agent_1;orders came from the seed rule base (rules as-is);0;0;R7[0.02] R20[0.06] R26[0.05] A1[0.68] G2[0.31] G1[0.03];0.07;0.13;0.01;0.87;0.58;0.00;0.95;0.02;0.2406;0.2547;1
268;268;Agent_2;orders came from the seed rule base (rules as-is);0;0;R7[0.05] R11[0.23] R15[0.01] R26[0.01] A1[0.05] G2[0.05];0.03;0.19;0.03;0.26;0.31;0.23;0.90;0.02;0.2406;0.2547;1
268;268;Agent_3;orders came from the seed rule base (rules as-is);0;0;R7[0.04] R20[0.04] R26[0.05] A1[0.08] G2[0.08] G1[0.03];0.08;0.11;0.02;0.36;0.14;0.00;0.85;0.02;0.2406;0.2547;1
269;269;Agent_1;RL selected stage 1 [evFIS] (deficit bucket: mid) → rejected (no improving perturbation found | seed-base decision stands, its orders are applied);1;0;R7[0.02] R20[0.06] R26[0.05] A1[0.68] G2[0.31] G1[0.03];0.07;0.13;0.01;0.87;0.58;0.00;0.95;0.02;0.2407;0.2551;1
269;269;Agent_2;RL selected stage 1 [evFIS] (deficit bucket: mid) → rejected (no improving perturbation found | seed-base decision stands, its orders are applied);1;0;R7[0.05] R11[0.23] R15[0.01] R26[0.01] A1[0.05] G2[0.05];0.03;0.19;0.03;0.26;0.31;0.23;0.90;0.02;0.2407;0.2551;1
269;269;Agent_3;RL selected stage 1 [evFIS] (deficit bucket: mid) → rejected (no improving perturbation found | seed-base decision stands, its orders are applied);1;0;R7[0.04] R20[0.04] R26[0.05] A1[0.08] G2[0.08] G1[0.03];0.08;0.11;0.02;0.36;0.14;0.00;0.85;0.02;0.2407;0.2551;1
270;270;Agent_1;orders came from the seed rule base (rules as-is);0;0;R7[0.02] R20[0.06] R26[0.05] A1[0.68] G2[0.31] G1[0.03];0.07;0.13;0.01;0.87;0.58;0.00;0.95;0.02;0.2419;0.2548;1
270;270;Agent_2;orders came from the seed rule base (rules as-is);0;0;R7[0.05] R11[0.23] R15[0.01] R26[0.01] A1[0.05] G2[0.05];0.03;0.19;0.03;0.26;0.31;0.23;0.90;0.02;0.2419;0.2548;1
270;270;Agent_3;orders came from the seed rule base (rules as-is);0;0;R7[0.04] R20[0.04] R26[0.05] A1[0.08] G2[0.08] G1[0.03];0.08;0.11;0.02;0.36;0.14;0.00;0.85;0.02;0.2419;0.2548;1
271;271;Agent_1;orders came from the seed rule base (rules as-is);0;0;R7[0.02] R20[0.05] R26[0.05] A1[0.68] G2[0.31] G1[0.03];0.07;0.13;0.01;0.86;0.58;0.00;0.95;0.02;0.2420;0.2559;1
271;271;Agent_2;orders came from the seed rule base (rules as-is);0;0;R7[0.05] R11[0.23] R15[0.01] R26[0.01] A1[0.05] G2[0.05];0.03;0.19;0.03;0.26;0.31;0.23;0.90;0.02;0.2420;0.2559;1
271;271;Agent_3;orders came from the seed rule base (rules as-is);0;0;R7[0.04] R20[0.04] R26[0.05] A1[0.08] G2[0.08] G1[0.03];0.07;0.11;0.02;0.36;0.14;0.00;0.85;0.02;0.2420;0.2559;1
272;272;Agent_1;orders came from the seed rule base (rules as-is);0;0;R7[0.02] R20[0.05] R26[0.05] A1[0.68] G2[0.31] G1[0.03];0.07;0.13;0.01;0.86;0.58;0.00;0.95;0.02;0.2422;0.2553;1
272;272;Agent_2;orders came from the seed rule base (rules as-is);0;0;R7[0.05] R11[0.23] R15[0.01] R26[0.01] A1[0.05] G2[0.05];0.03;0.19;0.03;0.26;0.31;0.23;0.90;0.02;0.2422;0.2553;1
272;272;Agent_3;orders came from the seed rule base (rules as-is);0;0;R7[0.04] R20[0.04] R26[0.05] A1[0.08] G2[0.08] G1[0.03];0.07;0.11;0.02;0.36;0.14;0.00;0.85;0.02;0.2422;0.2553;1
273;273;Agent_1;orders came from the seed rule base (rules as-is);0;0;R7[0.02] R20[0.05] R26[0.05] A1[0.68] G2[0.31] G1[0.03];0.07;0.13;0.01;0.86;0.58;0.00;0.95;0.02;0.2437;0.2547;1
273;273;Agent_2;orders came from the seed rule base (rules as-is);0;0;R7[0.05] R11[0.23] R15[0.01] R26[0.01] A1[0.05] G2[0.05];0.03;0.19;0.03;0.26;0.31;0.23;0.90;0.02;0.2437;0.2547;1
273;273;Agent_3;orders came from the seed rule base (rules as-is);0;0;R7[0.04] R20[0.04] R26[0.05] A1[0.08] G2[0.08] G1[0.03];0.07;0.11;0.02;0.36;0.14;0.00;0.85;0.02;0.2437;0.2547;1
274;274;Agent_1;orders came from the seed rule base (rules as-is);0;0;R7[0.02] R20[0.05] R26[0.05] A1[0.68] G2[0.31] G1[0.03];0.07;0.13;0.01;0.86;0.58;0.00;0.95;0.02;0.2442;0.2556;1
274;274;Agent_2;orders came from the seed rule base (rules as-is);0;0;R7[0.05] R11[0.23] R15[0.01] R26[0.01] A1[0.05] G2[0.05];0.03;0.19;0.03;0.26;0.31;0.23;0.90;0.02;0.2442;0.2556;1
274;274;Agent_3;orders came from the seed rule base (rules as-is);0;0;R7[0.04] R20[0.04] R26[0.05] A1[0.08] G2[0.08] G1[0.03];0.07;0.10;0.02;0.35;0.14;0.00;0.85;0.02;0.2442;0.2556;1
275;275;Agent_1;orders came from the seed rule base (rules as-is);0;0;R7[0.02] R20[0.05] R26[0.05] A1[0.68] G2[0.31] G1[0.03];0.07;0.13;0.01;0.86;0.58;0.00;0.95;0.02;0.2443;0.2560;1
275;275;Agent_2;orders came from the seed rule base (rules as-is);0;0;R7[0.05] R11[0.23] R15[0.01] R26[0.01] A1[0.05] G2[0.05];0.03;0.19;0.03;0.26;0.31;0.23;0.90;0.02;0.2443;0.2560;1
275;275;Agent_3;orders came from the seed rule base (rules as-is);0;0;R7[0.04] R20[0.04] R26[0.05] A1[0.08] G2[0.08] G1[0.03];0.07;0.10;0.02;0.35;0.14;0.00;0.85;0.02;0.2443;0.2560;1
276;276;Agent_1;orders came from the seed rule base (rules as-is);0;0;R7[0.02] R20[0.05] R26[0.05] A1[0.68] G2[0.31] G1[0.03];0.07;0.13;0.01;0.86;0.58;0.00;0.95;0.01;0.2445;0.2564;1
276;276;Agent_2;orders came from the seed rule base (rules as-is);0;0;R7[0.05] R11[0.23] R15[0.01] R26[0.01] A1[0.05] G2[0.05];0.03;0.19;0.03;0.26;0.31;0.23;0.90;0.01;0.2445;0.2564;1
276;276;Agent_3;orders came from the seed rule base (rules as-is);0;0;R7[0.04] R20[0.04] R26[0.05] A1[0.08] G2[0.08] G1[0.03];0.07;0.10;0.02;0.35;0.14;0.00;0.85;0.01;0.2445;0.2564;1
277;277;Agent_1;orders came from the seed rule base (rules as-is);0;0;R7[0.02] R20[0.05] R26[0.05] A1[0.68] G2[0.31] G1[0.03];0.07;0.13;0.01;0.86;0.58;0.00;0.95;0.01;0.2453;0.2565;1
277;277;Agent_2;orders came from the seed rule base (rules as-is);0;0;R7[0.05] R11[0.23] R15[0.01] R26[0.01] A1[0.05] G2[0.05];0.03;0.19;0.03;0.26;0.31;0.23;0.90;0.01;0.2453;0.2565;1
277;277;Agent_3;orders came from the seed rule base (rules as-is);0;0;R7[0.04] R20[0.04] R26[0.05] A1[0.08] G2[0.08] G1[0.03];0.07;0.10;0.02;0.35;0.14;0.00;0.85;0.01;0.2453;0.2565;1
278;278;Agent_1;orders came from the seed rule base (rules as-is);0;0;R7[0.02] R20[0.05] R26[0.05] A1[0.68] G2[0.31] G1[0.03];0.07;0.13;0.01;0.86;0.58;0.00;0.95;0.01;0.2461;0.2591;1
278;278;Agent_2;orders came from the seed rule base (rules as-is);0;0;R7[0.05] R11[0.23] A1[0.05] G2[0.05] G1[0.05] G3[0.02];0.03;0.19;0.03;0.26;0.31;0.23;0.90;0.01;0.2461;0.2591;1
278;278;Agent_3;orders came from the seed rule base (rules as-is);0;0;R7[0.04] R20[0.04] R26[0.05] A1[0.08] G2[0.08] G1[0.03];0.07;0.10;0.02;0.35;0.14;0.00;0.85;0.01;0.2461;0.2591;1
279;279;Agent_1;RL selected stage 1 [evFIS] (deficit bucket: low) → rejected (no improving perturbation found | seed-base decision stands, its orders are applied);1;0;R7[0.02] R20[0.05] R26[0.05] A1[0.68] G2[0.31] G1[0.03];0.07;0.12;0.01;0.86;0.58;0.00;0.95;0.01;0.2463;0.2573;1
279;279;Agent_2;RL selected stage 1 [evFIS] (deficit bucket: low) → rejected (no improving perturbation found | seed-base decision stands, its orders are applied);1;0;R7[0.05] R11[0.23] A1[0.05] G2[0.05] G1[0.05] G3[0.02];0.03;0.19;0.03;0.26;0.31;0.23;0.90;0.01;0.2463;0.2573;1
279;279;Agent_3;RL selected stage 1 [evFIS] (deficit bucket: low) → rejected (no improving perturbation found | seed-base decision stands, its orders are applied);1;0;R7[0.04] R20[0.03] R26[0.05] A1[0.08] G2[0.08] G1[0.03];0.07;0.10;0.02;0.35;0.14;0.00;0.85;0.01;0.2463;0.2573;1
280;280;Agent_1;orders came from the seed rule base (rules as-is);0;0;R7[0.02] R20[0.05] R26[0.05] A1[0.68] G2[0.31] G1[0.03];0.07;0.12;0.01;0.86;0.58;0.00;0.95;0.01;0.2474;0.2574;1
280;280;Agent_2;orders came from the seed rule base (rules as-is);0;0;R7[0.05] R11[0.23] A1[0.05] G2[0.05] G1[0.05] G3[0.02];0.03;0.19;0.03;0.26;0.31;0.23;0.90;0.01;0.2474;0.2574;1
280;280;Agent_3;orders came from the seed rule base (rules as-is);0;0;R7[0.04] R20[0.03] R26[0.05] A1[0.08] G2[0.08] G1[0.03];0.07;0.10;0.02;0.35;0.14;0.00;0.85;0.01;0.2474;0.2574;1
281;281;Agent_1;orders came from the seed rule base (rules as-is);0;0;R7[0.02] R20[0.05] R26[0.05] A1[0.68] G2[0.31] G1[0.03];0.07;0.12;0.01;0.86;0.58;0.00;0.95;0.01;0.2485;0.2598;1
281;281;Agent_2;orders came from the seed rule base (rules as-is);0;0;R7[0.05] R11[0.23] A1[0.05] G2[0.05] G1[0.05] G3[0.02];0.03;0.19;0.03;0.26;0.31;0.23;0.90;0.01;0.2485;0.2598;1
281;281;Agent_3;orders came from the seed rule base (rules as-is);0;0;R7[0.04] R20[0.03] R26[0.05] A1[0.08] G2[0.08] G1[0.03];0.07;0.10;0.02;0.35;0.14;0.00;0.85;0.01;0.2485;0.2598;1
282;282;Agent_1;orders came from the seed rule base (rules as-is);0;0;R7[0.02] R20[0.05] R26[0.05] A1[0.68] G2[0.31] G1[0.03];0.06;0.12;0.01;0.86;0.58;0.00;0.95;0.01;0.2493;0.2587;1
282;282;Agent_2;orders came from the seed rule base (rules as-is);0;0;R7[0.05] R11[0.23] A1[0.05] G2[0.05] G1[0.05] G3[0.02];0.03;0.19;0.03;0.26;0.31;0.23;0.90;0.01;0.2493;0.2587;1
282;282;Agent_3;orders came from the seed rule base (rules as-is);0;0;R7[0.04] R20[0.03] R26[0.05] A1[0.08] G2[0.08] G1[0.03];0.07;0.10;0.02;0.35;0.14;0.00;0.85;0.01;0.2493;0.2587;1
283;283;Agent_1;orders came from the seed rule base (rules as-is);0;0;R7[0.02] R20[0.05] R26[0.05] A1[0.68] G2[0.31] G1[0.03];0.06;0.12;0.01;0.86;0.58;0.00;0.95;0.01;0.2498;0.2600;1
283;283;Agent_2;orders came from the seed rule base (rules as-is);0;0;R7[0.05] R11[0.23] A1[0.05] G2[0.05] G1[0.05] G3[0.02];0.03;0.19;0.03;0.26;0.31;0.23;0.90;0.01;0.2498;0.2600;1
283;283;Agent_3;orders came from the seed rule base (rules as-is);0;0;R7[0.04] R20[0.03] R26[0.05] A1[0.08] G2[0.08] G1[0.03];0.07;0.10;0.02;0.35;0.14;0.00;0.85;0.01;0.2498;0.2600;1
284;284;Agent_1;orders came from the seed rule base (rules as-is);0;0;R7[0.02] R20[0.05] R26[0.05] A1[0.68] G2[0.31] G1[0.03];0.06;0.12;0.01;0.86;0.58;0.00;0.95;0.01;0.2509;0.2607;1
284;284;Agent_2;orders came from the seed rule base (rules as-is);0;0;R7[0.05] R11[0.23] A1[0.05] G2[0.05] G1[0.05] G3[0.02];0.03;0.19;0.03;0.26;0.31;0.23;0.90;0.01;0.2509;0.2607;1
284;284;Agent_3;orders came from the seed rule base (rules as-is);0;0;R7[0.04] R20[0.03] R26[0.05] A1[0.08] G2[0.08] G1[0.03];0.07;0.10;0.02;0.35;0.14;0.00;0.85;0.01;0.2509;0.2607;1
285;285;Agent_1;orders came from the seed rule base (rules as-is);0;0;R7[0.02] R20[0.05] R26[0.05] A1[0.68] G2[0.31] G1[0.03];0.06;0.12;0.01;0.86;0.58;0.00;0.95;0.01;0.2517;0.2666;1
285;285;Agent_2;orders came from the seed rule base (rules as-is);0;0;R7[0.05] R11[0.23] A1[0.05] G2[0.05] G1[0.05] G3[0.02];0.03;0.19;0.03;0.26;0.31;0.23;0.90;0.01;0.2517;0.2666;1
285;285;Agent_3;orders came from the seed rule base (rules as-is);0;0;R7[0.04] R20[0.03] R26[0.05] A1[0.08] G2[0.08] G1[0.03];0.07;0.10;0.02;0.35;0.14;0.00;0.85;0.01;0.2517;0.2666;1
286;286;Agent_1;orders came from the seed rule base (rules as-is);0;0;R7[0.02] R20[0.05] R26[0.05] A1[0.68] G2[0.31] G1[0.03];0.06;0.12;0.01;0.86;0.58;0.00;0.95;0.01;0.2515;0.2631;1
286;286;Agent_2;orders came from the seed rule base (rules as-is);0;0;R7[0.05] R11[0.23] A1[0.05] G2[0.05] G1[0.05] G3[0.02];0.03;0.19;0.03;0.26;0.31;0.23;0.90;0.01;0.2515;0.2631;1
286;286;Agent_3;orders came from the seed rule base (rules as-is);0;0;R7[0.04] R20[0.03] R26[0.05] A1[0.08] G2[0.08] G1[0.03];0.07;0.09;0.02;0.34;0.14;0.00;0.85;0.01;0.2515;0.2631;1
287;287;Agent_1;orders came from the seed rule base (rules as-is);0;0;R7[0.02] R20[0.05] R26[0.05] A1[0.68] G2[0.31] G1[0.03];0.06;0.12;0.01;0.86;0.58;0.00;0.95;0.01;0.2517;0.2639;1
287;287;Agent_2;orders came from the seed rule base (rules as-is);0;0;R7[0.05] R11[0.23] A1[0.05] G2[0.05] G1[0.05] G3[0.02];0.03;0.19;0.03;0.26;0.31;0.23;0.90;0.01;0.2517;0.2639;1
287;287;Agent_3;orders came from the seed rule base (rules as-is);0;0;R7[0.04] R20[0.03] R26[0.05] A1[0.08] G2[0.08] G1[0.03];0.07;0.09;0.02;0.34;0.14;0.00;0.85;0.01;0.2517;0.2639;1
288;288;Agent_1;orders came from the seed rule base (rules as-is);0;0;R7[0.02] R20[0.05] R26[0.05] A1[0.68] G2[0.31] G1[0.03];0.06;0.12;0.01;0.86;0.58;0.00;0.95;0.01;0.2531;0.2672;1
288;288;Agent_2;orders came from the seed rule base (rules as-is);0;0;R7[0.05] R11[0.23] A1[0.05] G2[0.05] G1[0.05] G3[0.02];0.03;0.19;0.03;0.28;0.32;0.23;0.89;0.01;0.2531;0.2672;1
288;288;Agent_3;orders came from the seed rule base (rules as-is);0;0;R7[0.04] R20[0.03] R26[0.05] A1[0.08] G2[0.08] G1[0.03];0.07;0.09;0.02;0.34;0.14;0.00;0.85;0.01;0.2531;0.2672;1
289;289;Agent_1;RL selected stage 1 [evFIS] (deficit bucket: low) → rejected (no improving perturbation found | seed-base decision stands, its orders are applied);1;0;R7[0.02] R20[0.05] R26[0.05] A1[0.68] G2[0.31] G1[0.03];0.06;0.12;0.01;0.86;0.58;0.00;0.95;0.01;0.2536;0.2651;1
289;289;Agent_2;RL selected stage 1 [evFIS] (deficit bucket: low) → rejected (no improving perturbation found | seed-base decision stands, its orders are applied);1;0;R7[0.05] R11[0.23] A1[0.05] G2[0.05] G1[0.05] G3[0.02];0.03;0.19;0.03;0.28;0.32;0.23;0.89;0.01;0.2536;0.2651;1
289;289;Agent_3;RL selected stage 1 [evFIS] (deficit bucket: low) → rejected (no improving perturbation found | seed-base decision stands, its orders are applied);1;0;R7[0.04] R20[0.03] R26[0.05] A1[0.08] G2[0.08] G1[0.03];0.07;0.09;0.02;0.34;0.14;0.00;0.85;0.01;0.2536;0.2651;1
290;290;Agent_1;orders came from the seed rule base (rules as-is);0;0;R7[0.02] R20[0.05] R26[0.05] A1[0.68] G2[0.31] G1[0.02];0.06;0.12;0.01;0.86;0.58;0.00;0.95;0.01;0.2537;0.2662;1
290;290;Agent_2;orders came from the seed rule base (rules as-is);0;0;R7[0.05] R11[0.23] A1[0.05] G2[0.05] G1[0.05] G3[0.02];0.03;0.19;0.03;0.28;0.32;0.23;0.89;0.01;0.2537;0.2662;1
290;290;Agent_3;orders came from the seed rule base (rules as-is);0;0;R7[0.04] R20[0.03] R26[0.05] A1[0.08] G2[0.08] G1[0.02];0.07;0.09;0.02;0.34;0.14;0.00;0.85;0.01;0.2537;0.2662;1
291;291;Agent_1;orders came from the seed rule base (rules as-is);0;0;R7[0.02] R20[0.05] R26[0.05] A1[0.68] G2[0.31] G1[0.02];0.06;0.12;0.01;0.86;0.58;0.00;0.95;0.01;0.2551;0.2663;1
291;291;Agent_2;orders came from the seed rule base (rules as-is);0;0;R7[0.05] R11[0.23] A1[0.05] G2[0.05] G1[0.05] G3[0.02];0.03;0.19;0.03;0.28;0.32;0.23;0.89;0.01;0.2551;0.2663;1
291;291;Agent_3;orders came from the seed rule base (rules as-is);0;0;R7[0.04] R20[0.03] R26[0.05] A1[0.08] G2[0.08] G1[0.02];0.07;0.09;0.02;0.34;0.14;0.00;0.85;0.01;0.2551;0.2663;1
292;292;Agent_1;orders came from the seed rule base (rules as-is);0;0;R7[0.02] R20[0.05] R26[0.04] A1[0.68] G2[0.31] G1[0.02];0.06;0.11;0.01;0.86;0.58;0.00;0.95;0.01;0.2565;0.2716;1
292;292;Agent_2;orders came from the seed rule base (rules as-is);0;0;R7[0.05] R11[0.23] A1[0.05] G2[0.05] G1[0.05] G3[0.02];0.03;0.19;0.03;0.28;0.32;0.23;0.89;0.01;0.2565;0.2716;1
292;292;Agent_3;orders came from the seed rule base (rules as-is);0;0;R7[0.04] R20[0.03] R26[0.05] A1[0.08] G2[0.08] G1[0.02];0.06;0.09;0.02;0.34;0.14;0.00;0.85;0.01;0.2565;0.2716;1
293;293;Agent_1;orders came from the seed rule base (rules as-is);0;0;R7[0.02] R20[0.05] R26[0.04] A1[0.68] G2[0.31] G1[0.02];0.06;0.11;0.01;0.86;0.58;0.00;0.95;0.01;0.2576;0.2694;1
293;293;Agent_2;orders came from the seed rule base (rules as-is);0;0;R7[0.05] R11[0.23] A1[0.05] G2[0.05] G1[0.05] G3[0.02];0.03;0.19;0.03;0.28;0.32;0.23;0.89;0.01;0.2576;0.2694;1
293;293;Agent_3;orders came from the seed rule base (rules as-is);0;0;R7[0.04] R20[0.03] R26[0.05] A1[0.08] G2[0.08] G1[0.02];0.06;0.09;0.02;0.34;0.14;0.00;0.85;0.01;0.2576;0.2694;1
294;294;Agent_1;orders came from the seed rule base (rules as-is);0;0;R7[0.02] R20[0.05] R26[0.04] A1[0.68] G2[0.31] G1[0.02];0.06;0.11;0.01;0.86;0.58;0.00;0.95;0.01;0.2595;0.2707;1
294;294;Agent_2;orders came from the seed rule base (rules as-is);0;0;R7[0.05] R11[0.23] A1[0.05] G2[0.05] G1[0.05] G3[0.02];0.03;0.19;0.03;0.28;0.32;0.23;0.89;0.01;0.2595;0.2707;1
294;294;Agent_3;orders came from the seed rule base (rules as-is);0;0;R7[0.04] R20[0.03] R26[0.04] A1[0.08] G2[0.08] G1[0.02];0.06;0.09;0.02;0.34;0.14;0.00;0.85;0.01;0.2595;0.2707;1
295;295;Agent_1;orders came from the seed rule base (rules as-is);0;0;R7[0.02] R20[0.05] R26[0.04] A1[0.68] G2[0.31] G1[0.02];0.06;0.11;0.01;0.86;0.58;0.00;0.95;0.01;0.2603;0.2712;1
295;295;Agent_2;orders came from the seed rule base (rules as-is);0;0;R7[0.05] R11[0.23] A1[0.05] G2[0.05] G1[0.05] G3[0.02];0.03;0.19;0.03;0.28;0.32;0.23;0.89;0.01;0.2603;0.2712;1
295;295;Agent_3;orders came from the seed rule base (rules as-is);0;0;R7[0.04] R20[0.03] R26[0.04] A1[0.08] G2[0.08] G1[0.02];0.06;0.09;0.02;0.34;0.14;0.00;0.85;0.01;0.2603;0.2712;1
296;296;Agent_1;orders came from the seed rule base (rules as-is);0;0;R7[0.02] R20[0.05] R26[0.04] A1[0.68] G2[0.31] G1[0.02];0.06;0.11;0.01;0.86;0.58;0.00;0.95;0.01;0.2610;0.2784;1
296;296;Agent_2;orders came from the seed rule base (rules as-is);0;0;R7[0.05] R11[0.23] A1[0.05] G2[0.05] G1[0.05] G3[0.02];0.03;0.19;0.03;0.28;0.32;0.23;0.89;0.01;0.2610;0.2784;1
296;296;Agent_3;orders came from the seed rule base (rules as-is);0;0;R7[0.04] R20[0.03] R26[0.04] A1[0.08] G2[0.08] G1[0.02];0.06;0.09;0.02;0.34;0.14;0.00;0.85;0.01;0.2610;0.2784;1
297;297;Agent_1;orders came from the seed rule base (rules as-is);0;0;R7[0.02] R20[0.05] R26[0.04] A1[0.68] G2[0.31] G1[0.02];0.06;0.11;0.01;0.86;0.58;0.00;0.95;0.01;0.2626;0.2773;1
297;297;Agent_2;orders came from the seed rule base (rules as-is);0;0;R7[0.05] R11[0.23] A1[0.05] G2[0.05] G1[0.05] G3[0.02];0.03;0.19;0.03;0.28;0.32;0.23;0.89;0.01;0.2626;0.2773;1
297;297;Agent_3;orders came from the seed rule base (rules as-is);0;0;R7[0.04] R20[0.03] R26[0.04] A1[0.08] G2[0.08] G1[0.02];0.06;0.09;0.02;0.34;0.14;0.00;0.85;0.01;0.2626;0.2773;1
298;298;Agent_1;orders came from the seed rule base (rules as-is);0;0;R7[0.02] R20[0.05] R26[0.04] A1[0.68] G2[0.31] G1[0.02];0.06;0.11;0.01;0.86;0.58;0.00;0.95;0.01;0.2639;0.2741;1
298;298;Agent_2;orders came from the seed rule base (rules as-is);0;0;R7[0.05] R11[0.23] A1[0.05] G2[0.05] G1[0.05] G3[0.02];0.03;0.19;0.03;0.28;0.32;0.23;0.89;0.01;0.2639;0.2741;1
298;298;Agent_3;orders came from the seed rule base (rules as-is);0;0;R7[0.04] R20[0.03] R26[0.04] A1[0.08] G2[0.08] G1[0.02];0.06;0.09;0.02;0.34;0.14;0.00;0.85;0.01;0.2639;0.2741;1
299;299;Agent_1;RL selected stage 1 [evFIS] (deficit bucket: low) → rejected (no improving perturbation found | seed-base decision stands, its orders are applied);1;0;R7[0.02] R20[0.05] R26[0.04] A1[0.68] G2[0.31] G1[0.02];0.06;0.11;0.01;0.86;0.58;0.00;0.95;0.01;0.2652;0.2769;1
299;299;Agent_2;RL selected stage 1 [evFIS] (deficit bucket: low) → rejected (no improving perturbation found | seed-base decision stands, its orders are applied);1;0;R7[0.05] R11[0.23] A1[0.05] G2[0.05] G1[0.05] G3[0.02];0.03;0.19;0.03;0.28;0.32;0.23;0.89;0.01;0.2652;0.2769;1
299;299;Agent_3;RL selected stage 1 [evFIS] (deficit bucket: low) → rejected (no improving perturbation found | seed-base decision stands, its orders are applied);1;0;R7[0.04] R20[0.03] R26[0.04] A1[0.08] G2[0.08] G1[0.02];0.06;0.09;0.02;0.34;0.14;0.00;0.85;0.01;0.2652;0.2769;1
300;300;Agent_1;orders came from the seed rule base (rules as-is);0;0;R7[0.02] R20[0.05] R26[0.04] A1[0.68] G2[0.31] G1[0.02];0.06;0.11;0.01;0.86;0.58;0.00;0.95;0.01;0.2676;0.2766;1
300;300;Agent_2;orders came from the seed rule base (rules as-is);0;0;R7[0.05] R11[0.23] A1[0.05] G2[0.05] G1[0.05] G3[0.02];0.03;0.19;0.03;0.28;0.32;0.23;0.89;0.01;0.2676;0.2766;1
300;300;Agent_3;orders came from the seed rule base (rules as-is);0;0;R7[0.04] R20[0.03] R26[0.04] A1[0.08] G2[0.08] G1[0.02];0.06;0.09;0.02;0.33;0.14;0.00;0.85;0.01;0.2676;0.2766;1
301;301;Agent_1;orders came from the seed rule base (rules as-is);0;0;R7[0.02] R20[0.04] R26[0.04] A1[0.68] G2[0.31] G1[0.02];0.06;0.11;0.01;0.86;0.58;0.00;0.95;0.01;0.2686;0.2773;1
301;301;Agent_2;orders came from the seed rule base (rules as-is);0;0;R7[0.05] R11[0.23] A1[0.05] G2[0.05] G1[0.05] G3[0.02];0.03;0.19;0.03;0.28;0.32;0.23;0.89;0.01;0.2686;0.2773;1
301;301;Agent_3;orders came from the seed rule base (rules as-is);0;0;R7[0.04] R20[0.03] R26[0.04] A1[0.08] G2[0.08] G1[0.02];0.06;0.08;0.02;0.33;0.14;0.00;0.85;0.01;0.2686;0.2773;1
302;302;Agent_1;orders came from the seed rule base (rules as-is);0;0;R7[0.02] R20[0.04] R26[0.04] A1[0.68] G2[0.31] G1[0.02];0.06;0.11;0.01;0.86;0.58;0.00;0.95;0.01;0.2706;0.2809;1
302;302;Agent_2;orders came from the seed rule base (rules as-is);0;0;R7[0.05] R11[0.23] A1[0.05] G2[0.05] G1[0.05] G3[0.02];0.03;0.19;0.03;0.28;0.32;0.23;0.89;0.01;0.2706;0.2809;1
302;302;Agent_3;orders came from the seed rule base (rules as-is);0;0;R7[0.04] R20[0.03] R26[0.04] A1[0.08] G2[0.08] G1[0.02];0.06;0.08;0.02;0.33;0.14;0.00;0.85;0.01;0.2706;0.2809;1
303;303;Agent_1;orders came from the seed rule base (rules as-is);0;0;R7[0.02] R20[0.04] R26[0.04] A1[0.68] G2[0.31] G1[0.02];0.06;0.11;0.01;0.86;0.58;0.00;0.95;0.01;0.2718;0.2887;1
303;303;Agent_2;orders came from the seed rule base (rules as-is);0;0;R7[0.05] R11[0.23] A1[0.05] G2[0.05] G1[0.05] G3[0.02];0.03;0.19;0.03;0.28;0.32;0.23;0.89;0.01;0.2718;0.2887;1
303;303;Agent_3;orders came from the seed rule base (rules as-is);0;0;R7[0.04] R20[0.03] R26[0.04] A1[0.08] G2[0.08] G1[0.02];0.06;0.08;0.02;0.33;0.14;0.00;0.85;0.01;0.2718;0.2887;1
304;304;Agent_1;orders came from the seed rule base (rules as-is);0;0;R7[0.02] R20[0.04] R26[0.04] A1[0.68] G2[0.31] G1[0.02];0.06;0.11;0.01;0.86;0.58;0.00;0.95;0.01;0.2730;0.2802;1
304;304;Agent_2;orders came from the seed rule base (rules as-is);0;0;R7[0.05] R11[0.23] A1[0.05] G2[0.05] G1[0.05] G3[0.02];0.03;0.19;0.03;0.28;0.32;0.23;0.89;0.01;0.2730;0.2802;1
304;304;Agent_3;orders came from the seed rule base (rules as-is);0;0;R7[0.04] R20[0.03] R26[0.04] A1[0.08] G2[0.08] G1[0.02];0.06;0.08;0.02;0.33;0.14;0.00;0.85;0.01;0.2730;0.2802;1
305;305;Agent_1;orders came from the seed rule base (rules as-is);0;0;R7[0.02] R20[0.04] R26[0.04] A1[0.68] G2[0.31] G1[0.02];0.06;0.10;0.01;0.86;0.58;0.00;0.95;0.01;0.2742;0.2811;1
305;305;Agent_2;orders came from the seed rule base (rules as-is);0;0;R7[0.05] R11[0.23] A1[0.05] G2[0.05] G1[0.05] G3[0.02];0.03;0.19;0.03;0.28;0.32;0.23;0.89;0.01;0.2742;0.2811;1
305;305;Agent_3;orders came from the seed rule base (rules as-is);0;0;R7[0.04] R20[0.03] R26[0.04] A1[0.08] G2[0.08] G1[0.02];0.06;0.08;0.02;0.33;0.14;0.00;0.85;0.01;0.2742;0.2811;1
306;306;Agent_1;orders came from the seed rule base (rules as-is);0;0;R7[0.02] R20[0.04] R26[0.04] A1[0.68] G2[0.31] G1[0.02];0.05;0.10;0.01;0.86;0.58;0.00;0.95;0.01;0.2769;0.2827;1
306;306;Agent_2;orders came from the seed rule base (rules as-is);0;0;R7[0.05] R11[0.23] A1[0.05] G2[0.05] G1[0.05] G3[0.02];0.02;0.19;0.03;0.28;0.32;0.23;0.89;0.01;0.2769;0.2827;1
306;306;Agent_3;orders came from the seed rule base (rules as-is);0;0;R7[0.04] R20[0.03] R26[0.04] A1[0.08] G2[0.08] G1[0.02];0.06;0.08;0.02;0.33;0.14;0.00;0.85;0.01;0.2769;0.2827;1
307;307;Agent_1;orders came from the seed rule base (rules as-is);0;0;R7[0.02] R20[0.04] R26[0.04] A1[0.68] G2[0.31] G1[0.02];0.05;0.10;0.01;0.86;0.58;0.00;0.95;0.01;0.2780;0.2832;1
307;307;Agent_2;orders came from the seed rule base (rules as-is);0;0;R7[0.05] R11[0.23] A1[0.05] G2[0.05] G1[0.05] G3[0.02];0.02;0.19;0.03;0.28;0.32;0.23;0.89;0.01;0.2780;0.2832;1
307;307;Agent_3;orders came from the seed rule base (rules as-is);0;0;R7[0.04] R20[0.03] R26[0.04] A1[0.08] G2[0.08] G1[0.02];0.06;0.08;0.02;0.33;0.14;0.00;0.85;0.01;0.2780;0.2832;1
308;308;Agent_1;orders came from the seed rule base (rules as-is);0;0;R7[0.02] R20[0.04] R26[0.04] A1[0.68] G2[0.31] G1[0.02];0.05;0.10;0.01;0.86;0.58;0.00;0.95;0.01;0.2799;0.2841;1
308;308;Agent_2;orders came from the seed rule base (rules as-is);0;0;R7[0.05] R11[0.23] A1[0.05] G2[0.05] G1[0.05] G3[0.02];0.02;0.19;0.03;0.28;0.32;0.23;0.89;0.01;0.2799;0.2841;1
308;308;Agent_3;orders came from the seed rule base (rules as-is);0;0;R7[0.04] R20[0.03] R26[0.04] A1[0.08] G2[0.08] G1[0.02];0.06;0.08;0.02;0.33;0.14;0.00;0.85;0.01;0.2799;0.2841;1
309;309;Agent_1;RL selected stage 1 [evFIS] (deficit bucket: mid) → rejected (no improving perturbation found | seed-base decision stands, its orders are applied);1;0;R7[0.02] R20[0.04] R26[0.04] A1[0.68] G2[0.31] G1[0.02];0.05;0.10;0.01;0.86;0.58;0.00;0.95;0.01;0.2819;0.2852;1
309;309;Agent_2;RL selected stage 1 [evFIS] (deficit bucket: mid) → rejected (no improving perturbation found | seed-base decision stands, its orders are applied);1;0;R7[0.05] R11[0.23] A1[0.05] G2[0.05] G1[0.05] G3[0.02];0.02;0.19;0.03;0.28;0.32;0.23;0.89;0.01;0.2819;0.2852;1
309;309;Agent_3;RL selected stage 1 [evFIS] (deficit bucket: mid) → rejected (no improving perturbation found | seed-base decision stands, its orders are applied);1;0;R7[0.04] R20[0.03] R26[0.04] A1[0.08] G2[0.08] G1[0.02];0.06;0.08;0.02;0.33;0.14;0.00;0.85;0.01;0.2819;0.2852;1
310;310;Agent_1;orders came from the seed rule base (rules as-is);0;0;R7[0.02] R20[0.04] R26[0.04] A1[0.68] G2[0.31] G1[0.02];0.05;0.10;0.01;0.86;0.58;0.00;0.96;0.01;0.2833;0.2879;1
310;310;Agent_2;orders came from the seed rule base (rules as-is);0;0;R7[0.05] R11[0.23] A1[0.05] G2[0.05] G1[0.05] G3[0.02];0.02;0.19;0.03;0.28;0.32;0.23;0.89;0.01;0.2833;0.2879;1
310;310;Agent_3;orders came from the seed rule base (rules as-is);0;0;R7[0.04] R20[0.03] R26[0.04] A1[0.08] G2[0.08] G1[0.02];0.06;0.08;0.02;0.33;0.14;0.00;0.85;0.01;0.2833;0.2879;1
311;311;Agent_1;orders came from the seed rule base (rules as-is);0;0;R7[0.02] R20[0.04] R26[0.04] A1[0.68] G2[0.31] G1[0.02];0.05;0.10;0.01;0.86;0.58;0.00;0.96;0.01;0.2821;0.2872;1
311;311;Agent_2;orders came from the seed rule base (rules as-is);0;0;R7[0.05] R11[0.23] A1[0.05] G2[0.05] G1[0.05] G3[0.02];0.02;0.19;0.03;0.28;0.32;0.23;0.89;0.01;0.2821;0.2872;1
311;311;Agent_3;orders came from the seed rule base (rules as-is);0;0;R7[0.04] R20[0.03] R26[0.04] A1[0.08] G2[0.08] G1[0.02];0.06;0.08;0.02;0.33;0.14;0.00;0.85;0.01;0.2821;0.2872;1
312;312;Agent_1;orders came from the seed rule base (rules as-is);0;0;R7[0.02] R20[0.04] R26[0.04] A1[0.68] G2[0.31] G1[0.02];0.05;0.10;0.01;0.86;0.58;0.00;0.96;0.01;0.2841;0.2882;1
312;312;Agent_2;orders came from the seed rule base (rules as-is);0;0;R7[0.05] R11[0.23] A1[0.05] G2[0.05] G1[0.05] G3[0.02];0.02;0.19;0.03;0.28;0.32;0.23;0.89;0.01;0.2841;0.2882;1
312;312;Agent_3;orders came from the seed rule base (rules as-is);0;0;R7[0.04] R20[0.03] R26[0.04] A1[0.08] G2[0.08] G1[0.02];0.06;0.08;0.02;0.33;0.14;0.00;0.85;0.01;0.2841;0.2882;1
313;313;Agent_1;orders came from the seed rule base (rules as-is);0;0;R7[0.02] R20[0.04] R26[0.04] A1[0.68] G2[0.31] G1[0.02];0.05;0.10;0.01;0.86;0.58;0.00;0.96;0.01;0.2884;0.2887;1
313;313;Agent_2;orders came from the seed rule base (rules as-is);0;0;R7[0.06] R11[0.23] A1[0.06] G2[0.06] G1[0.06] G3[0.02];0.03;0.19;0.03;0.32;0.33;0.23;0.89;0.01;0.2884;0.2887;1
313;313;Agent_3;orders came from the seed rule base (rules as-is);0;0;R7[0.04] R20[0.03] R26[0.04] A1[0.08] G2[0.08] G1[0.02];0.06;0.08;0.02;0.33;0.14;0.00;0.85;0.01;0.2884;0.2887;1
314;314;Agent_1;orders came from the seed rule base (rules as-is);0;0;R7[0.02] R20[0.04] R26[0.04] A1[0.68] G2[0.32] G1[0.02];0.05;0.10;0.01;0.87;0.59;0.00;0.96;0.01;0.2903;0.2901;1
314;314;Agent_2;orders came from the seed rule base (rules as-is);0;0;R7[0.06] R11[0.23] A1[0.06] G2[0.06] G1[0.06] G3[0.02];0.03;0.19;0.03;0.32;0.33;0.23;0.89;0.01;0.2903;0.2901;1
314;314;Agent_3;orders came from the seed rule base (rules as-is);0;0;R7[0.04] R20[0.03] R26[0.04] A1[0.08] G2[0.08] G1[0.02];0.06;0.08;0.02;0.33;0.14;0.00;0.85;0.01;0.2903;0.2901;1
315;315;Agent_1;orders came from the seed rule base (rules as-is);0;0;R7[0.02] R20[0.04] R26[0.04] A1[0.68] G2[0.32] G1[0.02];0.05;0.10;0.01;0.87;0.59;0.00;0.96;0.01;0.2879;0.2904;1
315;315;Agent_2;orders came from the seed rule base (rules as-is);0;0;R7[0.06] R11[0.23] A1[0.06] G2[0.06] G1[0.06] G3[0.02];0.03;0.19;0.03;0.32;0.33;0.23;0.89;0.01;0.2879;0.2904;1
315;315;Agent_3;orders came from the seed rule base (rules as-is);0;0;R7[0.04] R20[0.03] R26[0.04] A1[0.08] G2[0.08] G1[0.02];0.06;0.08;0.02;0.33;0.14;0.00;0.85;0.01;0.2879;0.2904;1
316;316;Agent_1;orders came from the seed rule base (rules as-is);0;0;R7[0.02] R20[0.04] R26[0.04] A1[0.68] G2[0.32] G1[0.02];0.05;0.10;0.01;0.87;0.59;0.00;0.96;0.01;0.2894;0.2918;1
316;316;Agent_2;orders came from the seed rule base (rules as-is);0;0;R7[0.06] R11[0.23] A1[0.06] G2[0.06] G1[0.06] G3[0.02];0.03;0.19;0.03;0.32;0.33;0.23;0.89;0.01;0.2894;0.2918;1
316;316;Agent_3;orders came from the seed rule base (rules as-is);0;0;R7[0.04] R20[0.03] R26[0.04] A1[0.08] G2[0.08] G1[0.02];0.05;0.08;0.02;0.32;0.14;0.00;0.85;0.01;0.2894;0.2918;1
317;317;Agent_1;orders came from the seed rule base (rules as-is);0;0;R7[0.02] R20[0.04] R26[0.04] A1[0.68] G2[0.32] G1[0.02];0.05;0.10;0.01;0.87;0.59;0.00;0.96;0.01;0.2921;0.2929;1
317;317;Agent_2;orders came from the seed rule base (rules as-is);0;0;R7[0.06] R11[0.23] A1[0.06] G2[0.06] G1[0.06] G3[0.02];0.03;0.19;0.03;0.32;0.33;0.23;0.89;0.01;0.2921;0.2929;1
317;317;Agent_3;orders came from the seed rule base (rules as-is);0;0;R7[0.04] R20[0.02] R26[0.04] A1[0.08] G2[0.08] G1[0.02];0.05;0.07;0.02;0.32;0.14;0.00;0.85;0.01;0.2921;0.2929;1
318;318;Agent_1;orders came from the seed rule base (rules as-is);0;0;R7[0.02] R20[0.04] R26[0.04] A1[0.68] G2[0.33] G1[0.02];0.05;0.10;0.01;0.87;0.59;0.00;0.96;0.01;0.2931;0.2944;1
318;318;Agent_2;orders came from the seed rule base (rules as-is);0;0;R7[0.06] R11[0.23] A1[0.06] G2[0.06] G1[0.05] G3[0.02];0.03;0.19;0.03;0.32;0.33;0.23;0.89;0.01;0.2931;0.2944;1
318;318;Agent_3;orders came from the seed rule base (rules as-is);0;0;R7[0.04] R20[0.02] R26[0.04] A1[0.08] G2[0.08] G1[0.02];0.05;0.07;0.02;0.32;0.14;0.00;0.85;0.01;0.2931;0.2944;1
319;319;Agent_1;RL selected stage 1 [evFIS] (deficit bucket: mid) → rejected (no improving perturbation found | seed-base decision stands, its orders are applied);1;0;R7[0.02] R20[0.04] R26[0.04] A1[0.68] G2[0.34] G1[0.02];0.05;0.10;0.01;0.87;0.59;0.00;0.96;0.01;0.2941;0.2950;1
319;319;Agent_2;RL selected stage 1 [evFIS] (deficit bucket: mid) → rejected (no improving perturbation found | seed-base decision stands, its orders are applied);1;0;R7[0.06] R11[0.23] A1[0.06] G2[0.06] G1[0.05] G3[0.02];0.03;0.19;0.03;0.32;0.33;0.23;0.89;0.01;0.2941;0.2950;1
319;319;Agent_3;RL selected stage 1 [evFIS] (deficit bucket: mid) → rejected (no improving perturbation found | seed-base decision stands, its orders are applied);1;0;R7[0.04] R20[0.02] R26[0.04] A1[0.08] G2[0.08] G1[0.02];0.05;0.07;0.02;0.32;0.14;0.00;0.85;0.01;0.2941;0.2950;1
320;320;Agent_1;orders came from the seed rule base (rules as-is);0;0;R7[0.02] R20[0.04] R26[0.04] A1[0.68] G2[0.34] G1[0.02];0.05;0.10;0.01;0.87;0.59;0.00;0.96;0.01;0.3070;0.2963;1
320;320;Agent_2;orders came from the seed rule base (rules as-is);0;0;R7[0.06] R11[0.23] A1[0.06] G2[0.06] G1[0.05] G3[0.02];0.03;0.19;0.03;0.32;0.33;0.23;0.89;0.01;0.3070;0.2963;1
320;320;Agent_3;orders came from the seed rule base (rules as-is);0;0;R7[0.04] R20[0.02] R26[0.04] A1[0.08] G2[0.08] G1[0.02];0.05;0.07;0.02;0.32;0.14;0.00;0.85;0.01;0.3070;0.2963;1
321;321;Agent_1;orders came from the seed rule base (rules as-is);0;0;R7[0.02] R20[0.04] R26[0.04] A1[0.68] G2[0.35] G1[0.02];0.05;0.10;0.01;0.87;0.59;0.00;0.96;0.01;0.3087;0.2988;1
321;321;Agent_2;orders came from the seed rule base (rules as-is);0;0;R7[0.06] R11[0.23] A1[0.06] G2[0.06] G1[0.05] G3[0.02];0.03;0.19;0.03;0.31;0.33;0.23;0.89;0.01;0.3087;0.2988;1
321;321;Agent_3;orders came from the seed rule base (rules as-is);0;0;R7[0.04] R20[0.02] R26[0.04] A1[0.08] G2[0.08] G1[0.02];0.05;0.07;0.02;0.32;0.14;0.00;0.85;0.01;0.3087;0.2988;1
322;322;Agent_1;orders came from the seed rule base (rules as-is);0;0;R7[0.02] R20[0.04] R26[0.04] A1[0.68] G2[0.36] G1[0.02];0.05;0.10;0.01;0.87;0.59;0.00;0.96;0.01;0.3084;0.2968;1
322;322;Agent_2;orders came from the seed rule base (rules as-is);0;0;R7[0.06] R11[0.23] A1[0.06] G2[0.06] G1[0.05] G3[0.02];0.03;0.19;0.03;0.31;0.33;0.23;0.89;0.01;0.3084;0.2968;1
322;322;Agent_3;orders came from the seed rule base (rules as-is);0;0;R7[0.04] R20[0.02] R26[0.04] A1[0.08] G2[0.08] G1[0.02];0.05;0.07;0.02;0.32;0.14;0.00;0.85;0.01;0.3084;0.2968;1
323;323;Agent_1;orders came from the seed rule base (rules as-is);0;0;R7[0.02] R20[0.04] R26[0.04] A1[0.68] G2[0.52] G1[0.02];0.05;0.10;0.01;0.88;0.60;0.00;0.95;0.01;0.3093;0.3017;1
323;323;Agent_2;orders came from the seed rule base (rules as-is);0;0;R7[0.06] R11[0.23] A1[0.06] G2[0.06] G1[0.05] G3[0.02];0.03;0.19;0.03;0.31;0.33;0.23;0.89;0.01;0.3093;0.3017;1
323;323;Agent_3;orders came from the seed rule base (rules as-is);0;0;R7[0.04] R20[0.02] R26[0.04] A1[0.08] G2[0.08] G1[0.02];0.05;0.07;0.02;0.32;0.14;0.00;0.85;0.01;0.3093;0.3017;1
324;324;Agent_1;orders came from the seed rule base (rules as-is);0;0;R7[0.02] R20[0.04] R26[0.04] A1[0.68] G2[0.54] G1[0.02];0.05;0.10;0.01;0.88;0.60;0.00;0.95;0.01;0.3112;0.3004;1
324;324;Agent_2;orders came from the seed rule base (rules as-is);0;0;R7[0.06] R11[0.23] A1[0.06] G2[0.06] G1[0.05] G3[0.02];0.03;0.19;0.03;0.31;0.33;0.23;0.89;0.01;0.3112;0.3004;1
324;324;Agent_3;orders came from the seed rule base (rules as-is);0;0;R7[0.04] R20[0.02] R26[0.04] A1[0.08] G2[0.08] G1[0.02];0.05;0.07;0.02;0.32;0.14;0.00;0.85;0.01;0.3112;0.3004;1
325;325;Agent_1;orders came from the seed rule base (rules as-is);0;0;R7[0.02] R20[0.04] R26[0.04] A1[0.68] G2[0.54] G1[0.02];0.05;0.10;0.01;0.88;0.61;0.00;0.95;0.01;0.3123;0.3006;1
325;325;Agent_2;orders came from the seed rule base (rules as-is);0;0;R7[0.06] R11[0.23] A1[0.06] G2[0.06] G1[0.05] G3[0.02];0.03;0.19;0.03;0.31;0.33;0.23;0.89;0.01;0.3123;0.3006;1
325;325;Agent_3;orders came from the seed rule base (rules as-is);0;0;R7[0.04] R20[0.02] R26[0.04] A1[0.08] G2[0.08] G1[0.02];0.05;0.07;0.02;0.32;0.14;0.00;0.85;0.01;0.3123;0.3006;1
326;326;Agent_1;orders came from the seed rule base (rules as-is);0;0;R7[0.02] R20[0.05] R26[0.04] A1[0.68] G2[0.57] G1[0.02];0.05;0.10;0.01;0.88;0.61;0.00;0.95;0.01;0.3153;0.3020;1
326;326;Agent_2;orders came from the seed rule base (rules as-is);0;0;R7[0.06] R11[0.23] A1[0.06] G2[0.06] G1[0.05] G3[0.02];0.02;0.19;0.03;0.31;0.33;0.23;0.89;0.01;0.3153;0.3020;1
326;326;Agent_3;orders came from the seed rule base (rules as-is);0;0;R7[0.04] R20[0.02] R26[0.04] A1[0.08] G2[0.08] G1[0.02];0.05;0.07;0.02;0.32;0.14;0.00;0.85;0.01;0.3153;0.3020;1
327;327;Agent_1;orders came from the seed rule base (rules as-is);0;0;R7[0.02] R20[0.05] R26[0.04] A1[0.68] G2[0.57] G1[0.02];0.05;0.10;0.01;0.88;0.61;0.00;0.95;0.01;0.3160;0.3058;1
327;327;Agent_2;orders came from the seed rule base (rules as-is);0;0;R7[0.06] R11[0.23] A1[0.06] G2[0.06] G1[0.05] G3[0.02];0.02;0.19;0.03;0.31;0.33;0.23;0.89;0.01;0.3160;0.3058;1
327;327;Agent_3;orders came from the seed rule base (rules as-is);0;0;R7[0.04] R20[0.02] R26[0.04] A1[0.08] G2[0.08] G1[0.02];0.05;0.07;0.02;0.32;0.14;0.00;0.85;0.01;0.3160;0.3058;1
328;328;Agent_1;orders came from the seed rule base (rules as-is);0;0;R7[0.02] R20[0.05] R26[0.04] A1[0.68] G2[0.59] G1[0.02];0.05;0.10;0.01;0.88;0.61;0.00;0.95;0.01;0.3218;0.3056;1
328;328;Agent_2;orders came from the seed rule base (rules as-is);0;0;R7[0.06] R11[0.23] A1[0.06] G2[0.06] G1[0.05] G3[0.02];0.02;0.19;0.03;0.31;0.33;0.23;0.89;0.01;0.3218;0.3056;1
328;328;Agent_3;orders came from the seed rule base (rules as-is);0;0;R7[0.04] R20[0.02] R26[0.04] A1[0.08] G2[0.08] G1[0.02];0.05;0.07;0.02;0.32;0.14;0.00;0.85;0.01;0.3218;0.3056;1
329;329;Agent_1;RL selected stage 1 [evFIS] (deficit bucket: mid) → rejected (no improving perturbation found | seed-base decision stands, its orders are applied);1;0;R7[0.02] R20[0.05] R26[0.03] A1[0.68] G2[0.60] G1[0.02];0.05;0.11;0.01;0.88;0.61;0.00;0.95;0.01;0.3175;0.3060;1
329;329;Agent_2;RL selected stage 1 [evFIS] (deficit bucket: mid) → rejected (no improving perturbation found | seed-base decision stands, its orders are applied);1;0;R7[0.06] R11[0.23] A1[0.06] G2[0.06] G1[0.05] G3[0.02];0.02;0.19;0.03;0.31;0.33;0.23;0.89;0.01;0.3175;0.3060;1
329;329;Agent_3;RL selected stage 1 [evFIS] (deficit bucket: mid) → rejected (no improving perturbation found | seed-base decision stands, its orders are applied);1;0;R7[0.04] R20[0.02] R26[0.04] A1[0.08] G2[0.08] G1[0.02];0.05;0.07;0.02;0.32;0.14;0.00;0.85;0.01;0.3175;0.3060;1
330;330;Agent_1;orders came from the seed rule base (rules as-is);0;0;R7[0.02] R20[0.05] R26[0.03] A1[0.68] G2[0.60] G1[0.02];0.05;0.11;0.01;0.88;0.61;0.00;0.95;0.01;0.3199;0.3132;1
330;330;Agent_2;orders came from the seed rule base (rules as-is);0;0;R7[0.06] R11[0.23] A1[0.06] G2[0.06] G1[0.05] G3[0.02];0.02;0.19;0.03;0.31;0.33;0.23;0.89;0.01;0.3199;0.3132;1
330;330;Agent_3;orders came from the seed rule base (rules as-is);0;0;R7[0.04] R20[0.02] R26[0.04] A1[0.08] G2[0.08] G1[0.02];0.05;0.07;0.02;0.32;0.14;0.00;0.85;0.01;0.3199;0.3132;1
331;331;Agent_1;orders came from the seed rule base (rules as-is);0;0;R7[0.02] R20[0.05] R26[0.03] A1[0.68] G2[0.60] G1[0.02];0.05;0.11;0.01;0.88;0.61;0.00;0.95;0.01;0.3214;0.3105;1
331;331;Agent_2;orders came from the seed rule base (rules as-is);0;0;R7[0.06] R11[0.23] A1[0.06] G2[0.06] G1[0.05] G3[0.02];0.02;0.19;0.03;0.31;0.33;0.23;0.89;0.01;0.3214;0.3105;1
331;331;Agent_3;orders came from the seed rule base (rules as-is);0;0;R7[0.04] R20[0.02] R26[0.03] A1[0.08] G2[0.08] G1[0.02];0.05;0.07;0.02;0.32;0.14;0.00;0.85;0.01;0.3214;0.3105;1
332;332;Agent_1;orders came from the seed rule base (rules as-is);0;0;R7[0.02] R20[0.05] R26[0.03] A1[0.68] G2[0.60] G1[0.02];0.05;0.11;0.01;0.88;0.61;0.00;0.95;0.01;0.3223;0.3147;1
332;332;Agent_2;orders came from the seed rule base (rules as-is);0;0;R7[0.06] R11[0.23] A1[0.06] G2[0.06] G1[0.05] G3[0.02];0.02;0.19;0.03;0.31;0.33;0.23;0.89;0.01;0.3223;0.3147;1
332;332;Agent_3;orders came from the seed rule base (rules as-is);0;0;R7[0.04] R20[0.02] R26[0.03] A1[0.08] G2[0.08] G1[0.02];0.05;0.07;0.02;0.32;0.14;0.00;0.85;0.01;0.3223;0.3147;1
333;333;Agent_1;orders came from the seed rule base (rules as-is);0;0;R7[0.02] R20[0.05] R26[0.03] A1[0.68] G2[0.60] G1[0.02];0.05;0.11;0.01;0.88;0.61;0.00;0.95;0.01;0.3233;0.3117;1
333;333;Agent_2;orders came from the seed rule base (rules as-is);0;0;R7[0.06] R11[0.23] A1[0.06] G2[0.06] G1[0.05] G3[0.02];0.02;0.19;0.03;0.31;0.33;0.23;0.89;0.01;0.3233;0.3117;1
333;333;Agent_3;orders came from the seed rule base (rules as-is);0;0;R7[0.04] R20[0.02] R26[0.03] A1[0.08] G2[0.08] G1[0.02];0.05;0.07;0.02;0.32;0.14;0.00;0.84;0.01;0.3233;0.3117;1
334;334;Agent_1;orders came from the seed rule base (rules as-is);0;0;R7[0.02] R20[0.05] R26[0.03] A1[0.68] G2[0.60] G1[0.02];0.05;0.11;0.01;0.88;0.61;0.00;0.95;0.01;0.3239;0.3116;1
334;334;Agent_2;orders came from the seed rule base (rules as-is);0;0;R7[0.06] R11[0.23] A1[0.06] G2[0.06] G1[0.05] G3[0.02];0.02;0.19;0.03;0.31;0.33;0.23;0.89;0.01;0.3239;0.3116;1
334;334;Agent_3;orders came from the seed rule base (rules as-is);0;0;R7[0.04] R20[0.02] R26[0.03] A1[0.08] G2[0.08] G1[0.02];0.05;0.07;0.02;0.31;0.14;0.00;0.84;0.01;0.3239;0.3116;1
335;335;Agent_1;orders came from the seed rule base (rules as-is);0;0;R7[0.02] R20[0.05] R26[0.03] A1[0.68] G2[0.60] G1[0.02];0.04;0.11;0.01;0.88;0.61;0.00;0.95;0.01;0.3247;0.3127;1
335;335;Agent_2;orders came from the seed rule base (rules as-is);0;0;R7[0.06] R11[0.23] A1[0.06] G2[0.06] G1[0.05] G3[0.02];0.02;0.19;0.03;0.31;0.33;0.23;0.89;0.01;0.3247;0.3127;1
335;335;Agent_3;orders came from the seed rule base (rules as-is);0;0;R7[0.04] R20[0.02] R26[0.03] A1[0.08] G2[0.08] G1[0.02];0.05;0.07;0.02;0.31;0.14;0.00;0.84;0.01;0.3247;0.3127;1
336;336;Agent_1;orders came from the seed rule base (rules as-is);0;0;R7[0.02] R20[0.05] R26[0.03] A1[0.68] G2[0.60] G1[0.02];0.04;0.11;0.01;0.88;0.61;0.00;0.95;0.01;0.3257;0.3137;1
336;336;Agent_2;orders came from the seed rule base (rules as-is);0;0;R7[0.06] R11[0.23] A1[0.06] G2[0.06] G1[0.05] G3[0.01];0.02;0.19;0.03;0.31;0.33;0.23;0.89;0.01;0.3257;0.3137;1
336;336;Agent_3;orders came from the seed rule base (rules as-is);0;0;R7[0.04] R20[0.02] R26[0.03] A1[0.08] G2[0.08] G1[0.02];0.05;0.07;0.02;0.31;0.14;0.00;0.84;0.01;0.3257;0.3137;1
337;337;Agent_1;orders came from the seed rule base (rules as-is);0;0;R7[0.02] R20[0.05] R26[0.03] A1[0.68] G2[0.60] G1[0.02];0.04;0.11;0.01;0.88;0.61;0.00;0.95;0.01;0.3265;0.3143;1
337;337;Agent_2;orders came from the seed rule base (rules as-is);0;0;R7[0.06] R11[0.23] A1[0.06] G2[0.06] G1[0.05] G3[0.01];0.02;0.19;0.03;0.31;0.33;0.23;0.89;0.01;0.3265;0.3143;1
337;337;Agent_3;orders came from the seed rule base (rules as-is);0;0;R7[0.04] R20[0.02] R26[0.03] A1[0.08] G2[0.08] G1[0.02];0.05;0.07;0.02;0.31;0.14;0.00;0.84;0.01;0.3265;0.3143;1
338;338;Agent_1;orders came from the seed rule base (rules as-is);0;0;R7[0.02] R20[0.05] R26[0.03] A1[0.68] G2[0.60] G1[0.02];0.04;0.11;0.01;0.88;0.61;0.00;0.95;0.01;0.3270;0.3146;1
338;338;Agent_2;orders came from the seed rule base (rules as-is);0;0;R7[0.06] R11[0.23] A1[0.06] G2[0.06] G1[0.05] G3[0.01];0.02;0.19;0.03;0.31;0.33;0.23;0.89;0.01;0.3270;0.3146;1
338;338;Agent_3;orders came from the seed rule base (rules as-is);0;0;R7[0.04] R20[0.02] R26[0.03] A1[0.08] G2[0.08] G1[0.02];0.05;0.07;0.02;0.31;0.14;0.00;0.84;0.01;0.3270;0.3146;1
339;339;Agent_1;RL selected stage 1 [evFIS] (deficit bucket: high) → rejected (no improving perturbation found | seed-base decision stands, its orders are applied);1;0;R7[0.02] R20[0.05] R26[0.03] A1[0.68] G2[0.60] G1[0.02];0.04;0.11;0.01;0.88;0.61;0.00;0.95;0.01;0.3279;0.3158;1
339;339;Agent_2;RL selected stage 1 [evFIS] (deficit bucket: high) → rejected (no improving perturbation found | seed-base decision stands, its orders are applied);1;0;R7[0.06] R11[0.23] A1[0.06] G2[0.06] G1[0.05] G3[0.01];0.02;0.19;0.03;0.31;0.33;0.23;0.89;0.01;0.3279;0.3158;1
339;339;Agent_3;RL selected stage 1 [evFIS] (deficit bucket: high) → rejected (no improving perturbation found | seed-base decision stands, its orders are applied);1;0;R7[0.04] R20[0.02] R26[0.03] A1[0.08] G2[0.08] G1[0.02];0.05;0.07;0.02;0.31;0.14;0.00;0.84;0.01;0.3279;0.3158;1
340;340;Agent_1;orders came from the seed rule base (rules as-is);0;0;R7[0.02] R20[0.05] R26[0.03] A1[0.68] G2[0.60] G1[0.02];0.04;0.11;0.01;0.88;0.61;0.00;0.95;0.01;0.3289;0.3168;1
340;340;Agent_2;orders came from the seed rule base (rules as-is);0;0;R7[0.06] R11[0.23] A1[0.06] G2[0.06] G1[0.05] G3[0.01];0.02;0.19;0.03;0.31;0.33;0.23;0.89;0.01;0.3289;0.3168;1
340;340;Agent_3;orders came from the seed rule base (rules as-is);0;0;R7[0.04] R20[0.02] R26[0.03] A1[0.08] G2[0.08] G1[0.02];0.05;0.07;0.02;0.31;0.14;0.00;0.84;0.01;0.3289;0.3168;1
341;341;Agent_1;orders came from the seed rule base (rules as-is);0;0;R7[0.02] R20[0.05] R26[0.03] A1[0.68] G2[0.60] G1[0.02];0.04;0.11;0.01;0.88;0.61;0.00;0.95;0.01;0.3299;0.3175;1
341;341;Agent_2;orders came from the seed rule base (rules as-is);0;0;R7[0.06] R11[0.23] A1[0.06] G2[0.06] G1[0.05] G3[0.01];0.02;0.19;0.03;0.31;0.33;0.23;0.89;0.01;0.3299;0.3175;1
341;341;Agent_3;orders came from the seed rule base (rules as-is);0;0;R7[0.04] R20[0.02] R26[0.03] A1[0.08] G2[0.08] G1[0.02];0.05;0.07;0.02;0.31;0.14;0.00;0.84;0.01;0.3299;0.3175;1
342;342;Agent_1;orders came from the seed rule base (rules as-is);0;0;R7[0.02] R20[0.05] R26[0.03] A1[0.68] G2[0.60] G1[0.02];0.04;0.11;0.01;0.88;0.61;0.00;0.95;0.01;0.3308;0.3191;1
342;342;Agent_2;orders came from the seed rule base (rules as-is);0;0;R7[0.06] R11[0.23] A1[0.06] G2[0.06] G1[0.05] G3[0.01];0.02;0.19;0.03;0.30;0.33;0.23;0.89;0.01;0.3308;0.3191;1
342;342;Agent_3;orders came from the seed rule base (rules as-is);0;0;R7[0.04] R20[0.02] R26[0.03] A1[0.08] G2[0.08] G1[0.02];0.05;0.07;0.02;0.31;0.14;0.00;0.84;0.01;0.3308;0.3191;1
343;343;Agent_1;orders came from the seed rule base (rules as-is);0;0;R7[0.02] R20[0.05] R26[0.03] A1[0.68] G2[0.60] G1[0.02];0.04;0.11;0.01;0.88;0.61;0.00;0.95;0.01;0.3316;0.3197;1
343;343;Agent_2;orders came from the seed rule base (rules as-is);0;0;R7[0.06] R11[0.23] A1[0.06] G2[0.06] G1[0.05] G3[0.01];0.02;0.19;0.03;0.30;0.33;0.23;0.89;0.01;0.3316;0.3197;1
343;343;Agent_3;orders came from the seed rule base (rules as-is);0;0;R7[0.04] R20[0.02] R26[0.03] A1[0.08] G2[0.08] G1[0.02];0.05;0.07;0.02;0.31;0.14;0.00;0.84;0.01;0.3316;0.3197;1
344;344;Agent_1;orders came from the seed rule base (rules as-is);0;0;R7[0.02] R20[0.05] R26[0.03] A1[0.68] G2[0.60] G1[0.02];0.04;0.11;0.01;0.88;0.61;0.00;0.95;0.01;0.3324;0.3207;1
344;344;Agent_2;orders came from the seed rule base (rules as-is);0;0;R7[0.06] R11[0.23] A1[0.06] G2[0.06] G1[0.05] G3[0.01];0.02;0.19;0.03;0.30;0.33;0.23;0.89;0.01;0.3324;0.3207;1
344;344;Agent_3;orders came from the seed rule base (rules as-is);0;0;R7[0.04] R20[0.02] R26[0.03] A1[0.08] G2[0.08] G1[0.02];0.05;0.07;0.02;0.31;0.14;0.00;0.84;0.01;0.3324;0.3207;1
345;345;Agent_1;orders came from the seed rule base (rules as-is);0;0;R7[0.02] R20[0.05] R26[0.03] A1[0.68] G2[0.60] G1[0.02];0.04;0.11;0.01;0.88;0.61;0.00;0.95;0.01;0.3330;0.3211;1
345;345;Agent_2;orders came from the seed rule base (rules as-is);0;0;R7[0.06] R11[0.23] A1[0.06] G2[0.06] G1[0.05] G3[0.01];0.02;0.19;0.03;0.30;0.33;0.23;0.89;0.01;0.3330;0.3211;1
345;345;Agent_3;orders came from the seed rule base (rules as-is);0;0;R7[0.04] R20[0.02] R26[0.03] A1[0.08] G2[0.08] G1[0.02];0.04;0.06;0.02;0.31;0.14;0.00;0.84;0.01;0.3330;0.3211;1
346;346;Agent_1;orders came from the seed rule base (rules as-is);0;0;R7[0.02] R20[0.05] R26[0.03] A1[0.68] G2[0.60] G1[0.02];0.04;0.11;0.01;0.88;0.61;0.00;0.95;0.01;0.3335;0.3217;1
346;346;Agent_2;orders came from the seed rule base (rules as-is);0;0;R7[0.06] R11[0.23] A1[0.06] G2[0.06] G1[0.05] G3[0.01];0.02;0.19;0.03;0.30;0.33;0.23;0.89;0.01;0.3335;0.3217;1
346;346;Agent_3;orders came from the seed rule base (rules as-is);0;0;R7[0.04] R20[0.02] R26[0.03] A1[0.08] G2[0.08] G1[0.02];0.04;0.06;0.02;0.31;0.14;0.00;0.84;0.01;0.3335;0.3217;1
347;347;Agent_1;orders came from the seed rule base (rules as-is);0;0;R7[0.02] R20[0.05] R26[0.03] A1[0.68] G2[0.60] G1[0.02];0.04;0.11;0.01;0.88;0.61;0.00;0.95;0.01;0.3338;0.3224;1
347;347;Agent_2;orders came from the seed rule base (rules as-is);0;0;R7[0.06] R11[0.23] A1[0.06] G2[0.06] G1[0.04] G3[0.01];0.02;0.19;0.03;0.30;0.33;0.23;0.89;0.01;0.3338;0.3224;1
347;347;Agent_3;orders came from the seed rule base (rules as-is);0;0;R7[0.04] R20[0.02] R26[0.03] A1[0.08] G2[0.08] G1[0.02];0.04;0.06;0.02;0.31;0.14;0.00;0.84;0.01;0.3338;0.3224;1
348;348;Agent_1;orders came from the seed rule base (rules as-is);0;0;R7[0.02] R20[0.05] R26[0.03] A1[0.68] G2[0.60] G1[0.02];0.04;0.11;0.01;0.88;0.61;0.00;0.95;0.01;0.3345;0.3230;1
348;348;Agent_2;orders came from the seed rule base (rules as-is);0;0;R7[0.06] R11[0.23] A1[0.06] G2[0.06] G1[0.04] G3[0.01];0.02;0.19;0.03;0.30;0.33;0.23;0.89;0.01;0.3345;0.3230;1
348;348;Agent_3;orders came from the seed rule base (rules as-is);0;0;R7[0.04] R20[0.02] R26[0.03] A1[0.08] G2[0.08] G1[0.02];0.04;0.06;0.02;0.31;0.14;0.00;0.84;0.01;0.3345;0.3230;1
349;349;Agent_1;RL selected stage 1 [evFIS] (deficit bucket: high) → rejected (no improving perturbation found | seed-base decision stands, its orders are applied);1;0;R7[0.02] R20[0.05] R26[0.03] A1[0.68] G2[0.60] G1[0.02];0.04;0.11;0.01;0.88;0.61;0.00;0.95;0.01;0.3349;0.3234;1
349;349;Agent_2;RL selected stage 1 [evFIS] (deficit bucket: high) → rejected (no improving perturbation found | seed-base decision stands, its orders are applied);1;0;R7[0.06] R11[0.23] A1[0.06] G2[0.06] G1[0.04] G3[0.01];0.02;0.19;0.03;0.30;0.33;0.23;0.89;0.01;0.3349;0.3234;1
349;349;Agent_3;RL selected stage 1 [evFIS] (deficit bucket: high) → rejected (no improving perturbation found | seed-base decision stands, its orders are applied);1;0;R7[0.04] R20[0.02] R26[0.03] A1[0.08] G2[0.08] G1[0.02];0.04;0.06;0.02;0.31;0.14;0.00;0.84;0.01;0.3349;0.3234;1
350;350;Agent_1;orders came from the seed rule base (rules as-is);0;0;R7[0.02] R20[0.05] R26[0.03] A1[0.68] G2[0.60] G1[0.02];0.04;0.11;0.01;0.88;0.61;0.00;0.95;0.01;0.3355;0.3240;1
350;350;Agent_2;orders came from the seed rule base (rules as-is);0;0;R7[0.06] R11[0.23] A1[0.06] G2[0.06] G1[0.04] G3[0.01];0.02;0.19;0.03;0.32;0.34;0.23;0.89;0.01;0.3355;0.3240;1
350;350;Agent_3;orders came from the seed rule base (rules as-is);0;0;R7[0.04] R20[0.02] R26[0.03] A1[0.08] G2[0.08] G1[0.02];0.04;0.06;0.02;0.31;0.14;0.00;0.84;0.01;0.3355;0.3240;1
351;351;Agent_1;orders came from the seed rule base (rules as-is);0;0;R7[0.02] R20[0.05] R26[0.03] A1[0.68] G2[0.60] G1[0.02];0.04;0.10;0.01;0.88;0.61;0.00;0.95;0.01;0.3357;0.3243;1
351;351;Agent_2;orders came from the seed rule base (rules as-is);0;0;R7[0.06] R11[0.23] A1[0.06] G2[0.06] G1[0.04] G3[0.01];0.02;0.19;0.03;0.32;0.34;0.23;0.89;0.01;0.3357;0.3243;1
351;351;Agent_3;orders came from the seed rule base (rules as-is);0;0;R7[0.04] R20[0.02] R26[0.03] A1[0.08] G2[0.08] G1[0.02];0.04;0.06;0.02;0.31;0.14;0.00;0.84;0.01;0.3357;0.3243;1
352;352;Agent_1;orders came from the seed rule base (rules as-is);0;0;R7[0.02] R20[0.05] R26[0.03] A1[0.68] G2[0.60] G1[0.02];0.04;0.10;0.01;0.88;0.61;0.00;0.95;0.01;0.3361;0.3242;1
352;352;Agent_2;orders came from the seed rule base (rules as-is);0;0;R7[0.06] R11[0.23] A1[0.06] G2[0.06] G1[0.04] G3[0.01];0.02;0.19;0.03;0.32;0.34;0.23;0.89;0.01;0.3361;0.3242;1
352;352;Agent_3;orders came from the seed rule base (rules as-is);0;0;R7[0.04] R20[0.02] R26[0.03] A1[0.08] G2[0.08] G1[0.02];0.04;0.06;0.02;0.31;0.14;0.00;0.84;0.01;0.3361;0.3242;1
353;353;Agent_1;orders came from the seed rule base (rules as-is);0;0;R7[0.02] R20[0.05] R26[0.03] A1[0.68] G2[0.60] G1[0.02];0.04;0.10;0.01;0.88;0.61;0.00;0.95;0.01;0.3366;0.3245;1
353;353;Agent_2;orders came from the seed rule base (rules as-is);0;0;R7[0.06] R11[0.23] A1[0.06] G2[0.06] G1[0.04] G3[0.01];0.02;0.19;0.03;0.32;0.34;0.23;0.89;0.01;0.3366;0.3245;1
353;353;Agent_3;orders came from the seed rule base (rules as-is);0;0;R7[0.04] R20[0.02] R26[0.03] A1[0.08] G2[0.08] G1[0.02];0.04;0.06;0.02;0.31;0.14;0.00;0.84;0.01;0.3366;0.3245;1
354;354;Agent_1;orders came from the seed rule base (rules as-is);0;0;R7[0.02] R20[0.05] R26[0.03] A1[0.68] G2[0.60] G1[0.02];0.04;0.10;0.01;0.88;0.61;0.00;0.95;0.01;0.3370;0.3250;1
354;354;Agent_2;orders came from the seed rule base (rules as-is);0;0;R7[0.06] R11[0.23] A1[0.06] G2[0.06] G1[0.04] G3[0.01];0.02;0.19;0.03;0.32;0.34;0.23;0.89;0.01;0.3370;0.3250;1
354;354;Agent_3;orders came from the seed rule base (rules as-is);0;0;R7[0.04] R20[0.02] R26[0.03] A1[0.08] G2[0.08] G1[0.02];0.04;0.06;0.02;0.31;0.14;0.00;0.84;0.01;0.3370;0.3250;1
355;355;Agent_1;orders came from the seed rule base (rules as-is);0;0;R7[0.02] R20[0.05] R26[0.03] A1[0.68] G2[0.60] G1[0.02];0.04;0.10;0.01;0.88;0.61;0.00;0.95;0.01;0.3375;0.3256;1
355;355;Agent_2;orders came from the seed rule base (rules as-is);0;0;R7[0.06] R11[0.23] A1[0.06] G2[0.06] G1[0.04] G3[0.01];0.02;0.19;0.03;0.32;0.34;0.23;0.89;0.01;0.3375;0.3256;1
355;355;Agent_3;orders came from the seed rule base (rules as-is);0;0;R7[0.04] R20[0.02] R26[0.03] A1[0.08] G2[0.08] G1[0.02];0.04;0.06;0.02;0.31;0.14;0.00;0.84;0.01;0.3375;0.3256;1
356;356;Agent_1;orders came from the seed rule base (rules as-is);0;0;R7[0.02] R20[0.05] R26[0.03] A1[0.68] G2[0.60] G1[0.02];0.00;0.00;0.00;0.00;0.61;0.00;0.95;0.01;0.3389;0.3260;1
356;356;Agent_2;orders came from the seed rule base (rules as-is);0;0;R7[0.06] R11[0.23] A1[0.06] G2[0.06] G1[0.04] G3[0.01];0.00;0.00;0.00;0.00;0.34;0.23;0.89;0.01;0.3389;0.3260;1
356;356;Agent_3;orders came from the seed rule base (rules as-is);0;0;R7[0.04] R20[0.02] R26[0.03] A1[0.08] G2[0.08] G1[0.02];0.00;0.00;0.00;0.00;0.14;0.00;0.84;0.01;0.3389;0.3260;1
357;357;Agent_1;orders came from the seed rule base (rules as-is);0;0;R7[0.02] R20[0.05] R26[0.03] A1[0.68] G2[0.60] G1[0.02];0.00;0.00;0.00;0.00;0.61;0.00;0.95;0.01;0.3395;0.3263;1
357;357;Agent_2;orders came from the seed rule base (rules as-is);0;0;R7[0.07] R11[0.23] A1[0.07] G2[0.07] G1[0.04] G3[0.01];0.00;0.00;0.00;0.00;0.35;0.23;0.88;0.01;0.3395;0.3263;1
357;357;Agent_3;orders came from the seed rule base (rules as-is);0;0;R7[0.04] R20[0.02] R26[0.03] A1[0.08] G2[0.08] G1[0.02];0.00;0.00;0.00;0.00;0.14;0.00;0.84;0.01;0.3395;0.3263;1
358;358;Agent_1;orders came from the seed rule base (rules as-is);0;0;R7[0.02] R20[0.05] R26[0.03] A1[0.68] G2[0.60] G1[0.02];0.00;0.00;0.00;0.00;0.61;0.00;0.95;0.01;0.3400;0.3266;1
358;358;Agent_2;orders came from the seed rule base (rules as-is);0;0;R7[0.07] R11[0.23] A1[0.07] G2[0.07] G1[0.04] G3[0.01];0.00;0.00;0.00;0.00;0.35;0.23;0.88;0.01;0.3400;0.3266;1
358;358;Agent_3;orders came from the seed rule base (rules as-is);0;0;R7[0.04] R20[0.02] R26[0.03] A1[0.08] G2[0.08] G1[0.02];0.00;0.00;0.00;0.00;0.14;0.00;0.84;0.01;0.3400;0.3266;1
359;359;Agent_1;RL selected stage 1 [evFIS] (deficit bucket: mid) → rejected (no improving perturbation found | seed-base decision stands, its orders are applied | NO-HARM: no PHYSICAL improvement forecast (phys 0.3209 vs 0.3187), offensive orders withheld; life-safety orders stand);1;0;R7[0.02] R20[0.05] R26[0.03] A1[0.68] G2[0.60] G1[0.02];0.00;0.00;0.00;0.00;0.61;0.00;0.95;0.01;0.3394;0.3270;1
359;359;Agent_2;RL selected stage 1 [evFIS] (deficit bucket: mid) → rejected (no improving perturbation found | seed-base decision stands, its orders are applied | NO-HARM: no PHYSICAL improvement forecast (phys 0.3209 vs 0.3187), offensive orders withheld; life-safety orders stand);1;0;R7[0.07] R11[0.23] A1[0.07] G2[0.07] G1[0.04] G3[0.01];0.00;0.00;0.00;0.00;0.35;0.23;0.88;0.01;0.3394;0.3270;1
359;359;Agent_3;RL selected stage 1 [evFIS] (deficit bucket: mid) → rejected (no improving perturbation found | seed-base decision stands, its orders are applied | NO-HARM: no PHYSICAL improvement forecast (phys 0.3209 vs 0.3187), offensive orders withheld; life-safety orders stand);1;0;R7[0.04] R20[0.02] R26[0.03] A1[0.08] G2[0.08] G1[0.02];0.00;0.00;0.00;0.00;0.14;0.00;0.84;0.01;0.3394;0.3270;1
360;360;Agent_1;orders came from the seed rule base (rules as-is);0;0;R7[0.02] R20[0.05] R26[0.03] A1[0.68] G2[0.60] G1[0.02];0.00;0.00;0.00;0.00;0.61;0.00;0.95;0.01;0.3396;0.3275;1
360;360;Agent_2;orders came from the seed rule base (rules as-is);0;0;R7[0.07] R11[0.23] A1[0.07] G2[0.07] G1[0.04] G3[0.01];0.00;0.00;0.00;0.00;0.35;0.23;0.89;0.01;0.3396;0.3275;1
360;360;Agent_3;orders came from the seed rule base (rules as-is);0;0;R7[0.04] R20[0.02] R26[0.03] A1[0.08] G2[0.08] G1[0.02];0.00;0.00;0.00;0.00;0.14;0.00;0.84;0.01;0.3396;0.3275;1
361;361;Agent_1;orders came from the seed rule base (rules as-is);0;0;R7[0.02] R20[0.05] R26[0.03] A1[0.68] G2[0.60] G1[0.02];0.00;0.00;0.00;0.00;0.61;0.00;0.95;0.01;0.3401;0.3278;1
361;361;Agent_2;orders came from the seed rule base (rules as-is);0;0;R7[0.07] R11[0.23] A1[0.07] G2[0.07] G1[0.04] G3[0.01];0.00;0.00;0.00;0.00;0.35;0.23;0.89;0.01;0.3401;0.3278;1
361;361;Agent_3;orders came from the seed rule base (rules as-is);0;0;R7[0.04] R20[0.02] R26[0.03] A1[0.08] G2[0.08] G1[0.02];0.00;0.00;0.00;0.00;0.14;0.00;0.84;0.01;0.3401;0.3278;1
362;362;Agent_1;orders came from the seed rule base (rules as-is);0;0;R7[0.02] R20[0.05] R26[0.03] A1[0.68] G2[0.60] G1[0.02];0.00;0.00;0.00;0.00;0.61;0.00;0.95;0.01;0.3404;0.3282;1
362;362;Agent_2;orders came from the seed rule base (rules as-is);0;0;R7[0.08] R11[0.23] A1[0.08] G2[0.08] G1[0.04] G3[0.01];0.00;0.00;0.00;0.00;0.37;0.23;0.88;0.01;0.3404;0.3282;1
362;362;Agent_3;orders came from the seed rule base (rules as-is);0;0;R7[0.04] R20[0.02] R26[0.03] A1[0.08] G2[0.08] G1[0.02];0.00;0.00;0.00;0.00;0.14;0.00;0.84;0.01;0.3404;0.3282;1
363;363;Agent_1;orders came from the seed rule base (rules as-is);0;0;R7[0.02] R20[0.05] R26[0.03] A1[0.68] G2[0.60] G1[0.01];0.00;0.00;0.00;0.00;0.61;0.00;0.95;0.01;0.3415;0.3285;1
363;363;Agent_2;orders came from the seed rule base (rules as-is);0;0;R7[0.08] R11[0.23] A1[0.08] G2[0.08] G1[0.04] G3[0.01];0.00;0.00;0.00;0.00;0.37;0.23;0.88;0.01;0.3415;0.3285;1
363;363;Agent_3;orders came from the seed rule base (rules as-is);0;0;R7[0.04] R20[0.02] R26[0.03] A1[0.08] G2[0.08] G1[0.01];0.00;0.00;0.00;0.00;0.14;0.00;0.84;0.01;0.3415;0.3285;1
364;364;Agent_1;orders came from the seed rule base (rules as-is);0;0;R7[0.02] R20[0.05] R26[0.03] A1[0.68] G2[0.60] G1[0.01];0.00;0.00;0.00;0.00;0.61;0.00;0.95;0.01;0.3418;0.3290;1
364;364;Agent_2;orders came from the seed rule base (rules as-is);0;0;R7[0.08] R11[0.23] A1[0.08] G2[0.08] G1[0.04] G3[0.01];0.00;0.00;0.00;0.00;0.37;0.23;0.88;0.01;0.3418;0.3290;1
364;364;Agent_3;orders came from the seed rule base (rules as-is);0;0;R7[0.04] R20[0.02] R26[0.03] A1[0.08] G2[0.08] G1[0.01];0.00;0.00;0.00;0.00;0.14;0.00;0.84;0.01;0.3418;0.3290;1
365;365;Agent_1;orders came from the seed rule base (rules as-is);0;0;R7[0.02] R20[0.05] R26[0.03] A1[0.68] G2[0.60] G1[0.01];0.00;0.00;0.00;0.00;0.61;0.00;0.95;0.01;0.3421;0.3292;1
365;365;Agent_2;orders came from the seed rule base (rules as-is);0;0;R7[0.08] R11[0.23] A1[0.08] G2[0.08] G1[0.04] G3[0.01];0.00;0.00;0.00;0.00;0.37;0.23;0.88;0.01;0.3421;0.3292;1
365;365;Agent_3;orders came from the seed rule base (rules as-is);0;0;R7[0.04] R20[0.02] R26[0.03] A1[0.08] G2[0.08] G1[0.01];0.00;0.00;0.00;0.00;0.14;0.00;0.84;0.01;0.3421;0.3292;1
366;366;Agent_1;orders came from the seed rule base (rules as-is);0;0;R7[0.02] R20[0.05] R26[0.03] A1[0.68] G2[0.60] G1[0.01];0.00;0.00;0.00;0.00;0.61;0.00;0.95;0.01;0.3425;0.3298;1
366;366;Agent_2;orders came from the seed rule base (rules as-is);0;0;R7[0.08] R11[0.23] A1[0.08] G2[0.08] G1[0.04] G3[0.01];0.00;0.00;0.00;0.00;0.37;0.23;0.88;0.01;0.3425;0.3298;1
366;366;Agent_3;orders came from the seed rule base (rules as-is);0;0;R7[0.04] R20[0.02] R26[0.03] A1[0.08] G2[0.08] G1[0.01];0.00;0.00;0.00;0.00;0.14;0.00;0.84;0.01;0.3425;0.3298;1
367;367;Agent_1;orders came from the seed rule base (rules as-is);0;0;R7[0.02] R20[0.05] R26[0.03] A1[0.68] G2[0.60] G1[0.01];0.00;0.00;0.00;0.00;0.61;0.00;0.95;0.01;0.3433;0.3301;1
367;367;Agent_2;orders came from the seed rule base (rules as-is);0;0;R7[0.08] R11[0.23] A1[0.08] G2[0.08] G1[0.04] G3[0.01];0.00;0.00;0.00;0.00;0.37;0.23;0.88;0.01;0.3433;0.3301;1
367;367;Agent_3;orders came from the seed rule base (rules as-is);0;0;R7[0.04] R20[0.02] R26[0.03] A1[0.08] G2[0.08] G1[0.01];0.00;0.00;0.00;0.00;0.14;0.00;0.84;0.01;0.3433;0.3301;1
368;368;Agent_1;orders came from the seed rule base (rules as-is);0;0;R7[0.02] R20[0.05] R26[0.03] A1[0.68] G2[0.60] G1[0.01];0.00;0.00;0.00;0.00;0.61;0.00;0.95;0.01;0.3439;0.3304;1
368;368;Agent_2;orders came from the seed rule base (rules as-is);0;0;R7[0.08] R11[0.23] A1[0.08] G2[0.08] G1[0.04] G3[0.01];0.00;0.00;0.00;0.00;0.37;0.23;0.88;0.01;0.3439;0.3304;1
368;368;Agent_3;orders came from the seed rule base (rules as-is);0;0;R7[0.04] R20[0.02] R26[0.03] A1[0.08] G2[0.08] G1[0.01];0.00;0.00;0.00;0.00;0.14;0.00;0.84;0.01;0.3439;0.3304;1
369;369;Agent_1;RL selected stage 1 [evFIS] (deficit bucket: mid) → rejected (no improving perturbation found | seed-base decision stands, its orders are applied | NO-HARM: no PHYSICAL improvement forecast (phys 0.3239 vs 0.3224), offensive orders withheld; life-safety orders stand);1;0;R7[0.02] R20[0.05] R26[0.03] A1[0.68] G2[0.60] G1[0.01];0.00;0.00;0.00;0.00;0.61;0.00;0.95;0.01;0.3442;0.3308;1
369;369;Agent_2;RL selected stage 1 [evFIS] (deficit bucket: mid) → rejected (no improving perturbation found | seed-base decision stands, its orders are applied | NO-HARM: no PHYSICAL improvement forecast (phys 0.3239 vs 0.3224), offensive orders withheld; life-safety orders stand);1;0;R7[0.08] R11[0.23] A1[0.08] G2[0.08] G1[0.04] G3[0.01];0.00;0.00;0.00;0.00;0.37;0.23;0.88;0.01;0.3442;0.3308;1
369;369;Agent_3;RL selected stage 1 [evFIS] (deficit bucket: mid) → rejected (no improving perturbation found | seed-base decision stands, its orders are applied | NO-HARM: no PHYSICAL improvement forecast (phys 0.3239 vs 0.3224), offensive orders withheld; life-safety orders stand);1;0;R7[0.04] R20[0.02] R26[0.03] A1[0.08] G2[0.08] G1[0.01];0.00;0.00;0.00;0.00;0.14;0.00;0.84;0.01;0.3442;0.3308;1
370;370;Agent_1;orders came from the seed rule base (rules as-is);0;0;R7[0.02] R20[0.05] R26[0.03] A1[0.68] G2[0.60] G1[0.01];0.00;0.00;0.00;0.00;0.61;0.00;0.95;0.01;0.3441;0.3313;1
370;370;Agent_2;orders came from the seed rule base (rules as-is);0;0;R7[0.08] R11[0.23] A1[0.08] G2[0.08] G1[0.04] G3[0.01];0.00;0.00;0.00;0.00;0.37;0.23;0.88;0.01;0.3441;0.3313;1
370;370;Agent_3;orders came from the seed rule base (rules as-is);0;0;R7[0.04] R20[0.02] R26[0.03] A1[0.08] G2[0.08] G1[0.01];0.00;0.00;0.00;0.00;0.14;0.00;0.84;0.01;0.3441;0.3313;1
371;371;Agent_1;orders came from the seed rule base (rules as-is);0;0;R7[0.02] R20[0.05] R26[0.03] A1[0.68] G2[0.60] G1[0.01];0.00;0.00;0.00;0.00;0.61;0.00;0.95;0.01;0.3438;0.3315;1
371;371;Agent_2;orders came from the seed rule base (rules as-is);0;0;R7[0.08] R11[0.23] A1[0.08] G2[0.08] G1[0.04] G3[0.01];0.00;0.00;0.00;0.00;0.37;0.23;0.88;0.01;0.3438;0.3315;1
371;371;Agent_3;orders came from the seed rule base (rules as-is);0;0;R7[0.04] R20[0.02] R26[0.03] A1[0.08] G2[0.08] G1[0.01];0.00;0.00;0.00;0.00;0.14;0.00;0.84;0.01;0.3438;0.3315;1
372;372;Agent_1;orders came from the seed rule base (rules as-is);0;0;R7[0.02] R20[0.04] R26[0.03] A1[0.68] G2[0.60] G1[0.01];0.00;0.00;0.00;0.00;0.61;0.00;0.95;0.01;0.3442;0.3318;1
372;372;Agent_2;orders came from the seed rule base (rules as-is);0;0;R7[0.08] R11[0.23] A1[0.08] G2[0.08] G1[0.04] G4[0.08];0.00;0.00;0.00;0.00;0.37;0.23;0.88;0.01;0.3442;0.3318;1
372;372;Agent_3;orders came from the seed rule base (rules as-is);0;0;R7[0.04] R20[0.02] R26[0.03] A1[0.08] G2[0.08] G1[0.01];0.00;0.00;0.00;0.00;0.14;0.00;0.84;0.01;0.3442;0.3318;1
373;373;Agent_1;orders came from the seed rule base (rules as-is);0;0;R7[0.02] R20[0.04] R26[0.03] A1[0.68] G2[0.60] G1[0.01];0.00;0.00;0.00;0.00;0.61;0.00;0.95;0.01;0.3444;0.3321;1
373;373;Agent_2;orders came from the seed rule base (rules as-is);0;0;R7[0.08] R11[0.23] A1[0.08] G2[0.08] G1[0.04] G4[0.08];0.00;0.00;0.00;0.00;0.37;0.23;0.88;0.01;0.3444;0.3321;1
373;373;Agent_3;orders came from the seed rule base (rules as-is);0;0;R7[0.04] R20[0.02] R26[0.03] A1[0.08] G2[0.08] G1[0.01];0.00;0.00;0.00;0.00;0.14;0.00;0.84;0.01;0.3444;0.3321;1
374;374;Agent_1;orders came from the seed rule base (rules as-is);0;0;R7[0.02] R20[0.04] R26[0.03] A1[0.68] G2[0.60] G1[0.01];0.00;0.00;0.00;0.00;0.61;0.00;0.95;0.01;0.3446;0.3323;1
374;374;Agent_2;orders came from the seed rule base (rules as-is);0;0;R7[0.08] R11[0.23] A1[0.08] G2[0.08] G1[0.04] G4[0.08];0.00;0.00;0.00;0.00;0.37;0.23;0.88;0.01;0.3446;0.3323;1
374;374;Agent_3;orders came from the seed rule base (rules as-is);0;0;R7[0.04] R20[0.02] R26[0.03] A1[0.08] G2[0.08] G1[0.01];0.00;0.00;0.00;0.00;0.14;0.00;0.84;0.01;0.3446;0.3323;1
375;375;Agent_1;orders came from the seed rule base (rules as-is);0;0;R7[0.02] R20[0.04] R26[0.03] A1[0.68] G2[0.60] G1[0.01];0.00;0.00;0.00;0.00;0.61;0.00;0.95;0.01;0.3450;0.3326;1
375;375;Agent_2;orders came from the seed rule base (rules as-is);0;0;R7[0.08] R11[0.23] A1[0.08] G2[0.08] G1[0.04] G4[0.08];0.00;0.00;0.00;0.00;0.37;0.23;0.88;0.01;0.3450;0.3326;1
375;375;Agent_3;orders came from the seed rule base (rules as-is);0;0;R7[0.04] R20[0.02] R26[0.03] A1[0.08] G2[0.08] G1[0.01];0.00;0.00;0.00;0.00;0.14;0.00;0.84;0.01;0.3450;0.3326;1
376;376;Agent_1;orders came from the seed rule base (rules as-is);0;0;R7[0.02] R20[0.04] R26[0.02] A1[0.68] G2[0.60] G1[0.01];0.03;0.09;0.01;0.88;0.61;0.00;0.95;0.01;0.3453;0.3329;1
376;376;Agent_2;orders came from the seed rule base (rules as-is);0;0;R7[0.08] R11[0.23] A1[0.08] G2[0.08] G1[0.04] G4[0.08];0.02;0.18;0.04;0.36;0.37;0.23;0.88;0.01;0.3453;0.3329;1
376;376;Agent_3;orders came from the seed rule base (rules as-is);0;0;R7[0.04] R20[0.02] R26[0.03] A1[0.08] G2[0.08] G1[0.01];0.04;0.05;0.02;0.30;0.14;0.00;0.84;0.01;0.3453;0.3329;1
377;377;Agent_1;orders came from the seed rule base (rules as-is);0;0;R7[0.02] R20[0.04] R26[0.02] A1[0.68] G2[0.60] G1[0.01];0.03;0.09;0.01;0.88;0.61;0.00;0.95;0.01;0.3456;0.3333;1
377;377;Agent_2;orders came from the seed rule base (rules as-is);0;0;R7[0.08] R11[0.23] A1[0.08] G2[0.08] G1[0.04] G4[0.08];0.02;0.18;0.04;0.36;0.37;0.23;0.88;0.01;0.3456;0.3333;1
377;377;Agent_3;orders came from the seed rule base (rules as-is);0;0;R7[0.04] R20[0.02] R26[0.03] A1[0.08] G2[0.08] G1[0.01];0.04;0.05;0.02;0.30;0.14;0.00;0.84;0.01;0.3456;0.3333;1
378;378;Agent_1;orders came from the seed rule base (rules as-is);0;0;R7[0.02] R20[0.04] R26[0.02] A1[0.68] G2[0.60] G1[0.01];0.03;0.09;0.01;0.88;0.61;0.00;0.95;0.01;0.3461;0.3338;1
378;378;Agent_2;orders came from the seed rule base (rules as-is);0;0;R7[0.08] R11[0.23] A1[0.08] G2[0.08] G1[0.04] G4[0.08];0.02;0.18;0.04;0.36;0.37;0.23;0.88;0.01;0.3461;0.3338;1
378;378;Agent_3;orders came from the seed rule base (rules as-is);0;0;R7[0.04] R20[0.02] R26[0.02] A1[0.08] G2[0.08] G1[0.01];0.04;0.05;0.02;0.30;0.14;0.00;0.84;0.01;0.3461;0.3338;1
379;379;Agent_1;RL selected stage 1 [evFIS] (deficit bucket: mid) → rejected (no improving perturbation found | seed-base decision stands, its orders are applied);1;0;R7[0.02] R20[0.04] R26[0.02] A1[0.68] G2[0.60] G1[0.01];0.03;0.09;0.01;0.88;0.61;0.00;0.95;0.01;0.3466;0.3345;1
379;379;Agent_2;RL selected stage 1 [evFIS] (deficit bucket: mid) → rejected (no improving perturbation found | seed-base decision stands, its orders are applied);1;0;R7[0.08] R11[0.23] A1[0.08] G2[0.08] G1[0.04] G4[0.08];0.02;0.18;0.04;0.36;0.37;0.23;0.88;0.01;0.3466;0.3345;1
379;379;Agent_3;RL selected stage 1 [evFIS] (deficit bucket: mid) → rejected (no improving perturbation found | seed-base decision stands, its orders are applied);1;0;R7[0.04] R20[0.02] R26[0.02] A1[0.08] G2[0.08] G1[0.01];0.04;0.05;0.02;0.30;0.14;0.00;0.84;0.01;0.3466;0.3345;1
380;380;Agent_1;orders came from the seed rule base (rules as-is);0;0;R7[0.02] R20[0.04] R26[0.02] A1[0.68] G2[0.60] G1[0.01];0.03;0.09;0.01;0.88;0.61;0.00;0.95;0.01;0.3471;0.3349;1
380;380;Agent_2;orders came from the seed rule base (rules as-is);0;0;R7[0.08] R11[0.23] A1[0.08] G2[0.08] G1[0.04] G4[0.08];0.02;0.18;0.04;0.36;0.37;0.23;0.88;0.01;0.3471;0.3349;1
380;380;Agent_3;orders came from the seed rule base (rules as-is);0;0;R7[0.04] R20[0.02] R26[0.02] A1[0.08] G2[0.08] G1[0.01];0.03;0.05;0.02;0.30;0.14;0.00;0.83;0.01;0.3471;0.3349;1
381;381;Agent_1;orders came from the seed rule base (rules as-is);0;0;R7[0.02] R20[0.04] R26[0.02] A1[0.68] G2[0.60] G1[0.01];0.03;0.09;0.01;0.88;0.61;0.00;0.95;0.01;0.3475;0.3353;1
381;381;Agent_2;orders came from the seed rule base (rules as-is);0;0;R7[0.08] R11[0.23] A1[0.08] G2[0.08] G1[0.04] G4[0.08];0.02;0.18;0.04;0.36;0.37;0.23;0.88;0.01;0.3475;0.3353;1
381;381;Agent_3;orders came from the seed rule base (rules as-is);0;0;R7[0.04] R20[0.02] R26[0.02] A1[0.08] G2[0.08] G1[0.01];0.03;0.05;0.02;0.30;0.14;0.00;0.83;0.01;0.3475;0.3353;1
382;382;Agent_1;orders came from the seed rule base (rules as-is);0;0;R7[0.02] R20[0.04] R26[0.02] A1[0.68] G2[0.60] G1[0.01];0.03;0.08;0.01;0.88;0.61;0.00;0.95;0.01;0.3480;0.3357;1
382;382;Agent_2;orders came from the seed rule base (rules as-is);0;0;R7[0.08] R11[0.23] A1[0.08] G2[0.08] G1[0.03] G4[0.08];0.02;0.18;0.04;0.35;0.37;0.23;0.88;0.01;0.3480;0.3357;1
382;382;Agent_3;orders came from the seed rule base (rules as-is);0;0;R7[0.04] R20[0.02] R26[0.02] A1[0.08] G2[0.08] G1[0.01];0.03;0.05;0.02;0.30;0.14;0.00;0.83;0.01;0.3480;0.3357;1
383;383;Agent_1;orders came from the seed rule base (rules as-is);0;0;R7[0.02] R20[0.04] R26[0.02] A1[0.68] G2[0.60] G1[0.01];0.03;0.08;0.01;0.88;0.61;0.00;0.95;0.01;0.3485;0.3361;1
383;383;Agent_2;orders came from the seed rule base (rules as-is);0;0;R7[0.08] R11[0.23] A1[0.08] G2[0.08] G1[0.03] G4[0.08];0.02;0.18;0.04;0.35;0.37;0.23;0.88;0.01;0.3485;0.3361;1
383;383;Agent_3;orders came from the seed rule base (rules as-is);0;0;R7[0.04] R20[0.02] R26[0.02] A1[0.08] G2[0.08] G1[0.01];0.03;0.05;0.02;0.30;0.14;0.00;0.83;0.01;0.3485;0.3361;1
384;384;Agent_1;orders came from the seed rule base (rules as-is);0;0;R7[0.02] R20[0.04] R26[0.02] A1[0.68] G2[0.60] G1[0.01];0.03;0.08;0.01;0.88;0.61;0.00;0.95;0.01;0.3487;0.3364;1
384;384;Agent_2;orders came from the seed rule base (rules as-is);0;0;R7[0.08] R11[0.23] A1[0.08] G2[0.08] G1[0.03] G4[0.08];0.02;0.18;0.04;0.35;0.37;0.23;0.88;0.01;0.3487;0.3364;1
384;384;Agent_3;orders came from the seed rule base (rules as-is);0;0;R7[0.04] R20[0.02] R26[0.02] A1[0.08] G2[0.08] G1[0.01];0.03;0.05;0.02;0.30;0.14;0.00;0.83;0.01;0.3487;0.3364;1
385;385;Agent_1;orders came from the seed rule base (rules as-is);0;0;R7[0.02] R20[0.04] R26[0.02] A1[0.68] G2[0.60] G1[0.01];0.03;0.08;0.01;0.88;0.61;0.00;0.95;0.01;0.3490;0.3367;1
385;385;Agent_2;orders came from the seed rule base (rules as-is);0;0;R7[0.08] R11[0.23] A1[0.08] G2[0.08] G1[0.03] G4[0.08];0.02;0.18;0.04;0.35;0.37;0.23;0.88;0.01;0.3490;0.3367;1
385;385;Agent_3;orders came from the seed rule base (rules as-is);0;0;R7[0.04] R20[0.02] R26[0.02] A1[0.08] G2[0.08] G1[0.01];0.03;0.05;0.02;0.30;0.14;0.00;0.83;0.01;0.3490;0.3367;1
386;386;Agent_1;orders came from the seed rule base (rules as-is);0;0;R7[0.02] R20[0.04] R26[0.02] A1[0.68] G2[0.60] G1[0.01];0.03;0.08;0.01;0.88;0.61;0.00;0.95;0.01;0.3493;0.3370;1
386;386;Agent_2;orders came from the seed rule base (rules as-is);0;0;R7[0.08] R11[0.23] A1[0.08] G2[0.08] G1[0.03] G4[0.08];0.02;0.18;0.04;0.35;0.37;0.23;0.88;0.01;0.3493;0.3370;1
386;386;Agent_3;orders came from the seed rule base (rules as-is);0;0;R7[0.04] R20[0.02] R26[0.02] A1[0.08] G2[0.08] G1[0.01];0.03;0.05;0.02;0.30;0.14;0.00;0.83;0.01;0.3493;0.3370;1
387;387;Agent_1;orders came from the seed rule base (rules as-is);0;0;R7[0.02] R20[0.04] R26[0.02] A1[0.68] G2[0.60] G1[0.01];0.03;0.08;0.01;0.88;0.61;0.00;0.95;0.01;0.3498;0.3374;1
387;387;Agent_2;orders came from the seed rule base (rules as-is);0;0;R7[0.08] R11[0.23] A1[0.08] G2[0.08] G1[0.03] G4[0.08];0.02;0.18;0.04;0.35;0.37;0.23;0.88;0.01;0.3498;0.3374;1
387;387;Agent_3;orders came from the seed rule base (rules as-is);0;0;R7[0.04] R20[0.02] R26[0.02] A1[0.08] G2[0.08] G1[0.01];0.03;0.05;0.02;0.30;0.14;0.00;0.83;0.01;0.3498;0.3374;1
388;388;Agent_1;orders came from the seed rule base (rules as-is);0;0;R7[0.02] R20[0.04] R26[0.02] A1[0.68] G2[0.60] G1[0.01];0.03;0.08;0.01;0.88;0.61;0.00;0.95;0.01;0.3501;0.3376;1
388;388;Agent_2;orders came from the seed rule base (rules as-is);0;0;R7[0.08] R11[0.23] A1[0.08] G2[0.08] G1[0.03] G4[0.08];0.02;0.18;0.04;0.35;0.37;0.23;0.88;0.01;0.3501;0.3376;1
388;388;Agent_3;orders came from the seed rule base (rules as-is);0;0;R7[0.04] R20[0.02] R26[0.02] A1[0.08] G2[0.08] G1[0.01];0.03;0.05;0.02;0.30;0.14;0.00;0.83;0.01;0.3501;0.3376;1
389;389;Agent_1;RL selected stage 3 [GenAI] (deficit bucket: mid) → ACCEPTED: G7: G7: IF asset exposure risk is VH AND fire threat level is VH THEN asset protection 0.8, suppression effort 0.0 (adaptation-born: generative (template), gates G1-G4);3;3;R7[0.02] R20[0.04] R26[0.02] A1[0.68] G2[0.60] G1[0.01];0.03;0.08;0.01;0.88;0.61;0.00;0.95;0.01;0.3505;0.3385;1
389;389;Agent_2;RL selected stage 3 [GenAI] (deficit bucket: mid) → ACCEPTED: G7: G7: IF asset exposure risk is VH AND fire threat level is VH THEN asset protection 0.8, suppression effort 0.0 (adaptation-born: generative (template), gates G1-G4);3;3;R7[0.08] R11[0.23] A1[0.08] G2[0.08] G1[0.03] G4[0.08];0.02;0.18;0.04;0.36;0.37;0.23;0.88;0.01;0.3505;0.3385;1
389;389;Agent_3;RL selected stage 3 [GenAI] (deficit bucket: mid) → ACCEPTED: G7: G7: IF asset exposure risk is VH AND fire threat level is VH THEN asset protection 0.8, suppression effort 0.0 (adaptation-born: generative (template), gates G1-G4);3;3;R7[0.04] R20[0.02] R26[0.02] A1[0.08] G2[0.08] G1[0.01];0.03;0.05;0.02;0.31;0.14;0.00;0.84;0.01;0.3505;0.3385;1
390;390;Agent_1;orders came from the seed rule base (rules as-is);0;0;R7[0.02] R20[0.04] R26[0.02] A1[0.68] G2[0.60] G1[0.01];0.03;0.08;0.01;0.88;0.61;0.00;0.95;0.01;0.3509;0.3388;1
390;390;Agent_2;orders came from the seed rule base (rules as-is);0;0;R7[0.08] R11[0.23] A1[0.08] G2[0.08] G1[0.03] G4[0.08];0.02;0.18;0.04;0.36;0.37;0.23;0.88;0.01;0.3509;0.3388;1
390;390;Agent_3;orders came from the seed rule base (rules as-is);0;0;R7[0.04] R20[0.02] R26[0.02] A1[0.08] G2[0.08] G1[0.01];0.03;0.05;0.02;0.31;0.14;0.00;0.84;0.01;0.3509;0.3388;1
391;391;Agent_1;orders came from the seed rule base (rules as-is);0;0;R7[0.02] R20[0.04] R26[0.02] A1[0.68] G2[0.60] G1[0.01];0.03;0.08;0.01;0.88;0.61;0.00;0.95;0.01;0.3511;0.3392;1
391;391;Agent_2;orders came from the seed rule base (rules as-is);0;0;R7[0.08] R11[0.23] A1[0.08] G2[0.08] G1[0.03] G4[0.08];0.02;0.18;0.04;0.36;0.37;0.23;0.88;0.01;0.3511;0.3392;1
391;391;Agent_3;orders came from the seed rule base (rules as-is);0;0;R7[0.04] R20[0.02] R26[0.02] A1[0.08] G2[0.08] G1[0.01];0.03;0.05;0.02;0.31;0.14;0.00;0.84;0.01;0.3511;0.3392;1
392;392;Agent_1;orders came from the seed rule base (rules as-is);0;0;R7[0.02] R20[0.04] R26[0.02] A1[0.68] G2[0.60] G1[0.01];0.03;0.08;0.01;0.88;0.61;0.00;0.95;0.01;0.3516;0.3397;1
392;392;Agent_2;orders came from the seed rule base (rules as-is);0;0;R7[0.08] R11[0.23] A1[0.08] G2[0.08] G1[0.03] G4[0.08];0.02;0.18;0.04;0.35;0.37;0.23;0.88;0.01;0.3516;0.3397;1
392;392;Agent_3;orders came from the seed rule base (rules as-is);0;0;R7[0.04] R20[0.02] R26[0.02] A1[0.08] G2[0.08] G1[0.01];0.03;0.05;0.02;0.31;0.14;0.00;0.84;0.01;0.3516;0.3397;1
393;393;Agent_1;orders came from the seed rule base (rules as-is);0;0;R7[0.02] R20[0.04] R26[0.02] A1[0.68] G2[0.60] G1[0.01];0.03;0.08;0.01;0.88;0.61;0.00;0.95;0.01;0.3519;0.3395;1
393;393;Agent_2;orders came from the seed rule base (rules as-is);0;0;R7[0.08] R11[0.23] A1[0.08] G2[0.08] G1[0.03] G4[0.08];0.02;0.18;0.04;0.35;0.37;0.23;0.88;0.01;0.3519;0.3395;1
393;393;Agent_3;orders came from the seed rule base (rules as-is);0;0;R7[0.04] R20[0.02] R26[0.02] A1[0.08] G2[0.08] G1[0.01];0.03;0.05;0.02;0.31;0.14;0.00;0.84;0.01;0.3519;0.3395;1
394;394;Agent_1;orders came from the seed rule base (rules as-is);0;0;R7[0.02] R20[0.04] R26[0.02] A1[0.68] G2[0.60] G1[0.01];0.03;0.08;0.01;0.88;0.61;0.00;0.95;0.01;0.3522;0.3398;1
394;394;Agent_2;orders came from the seed rule base (rules as-is);0;0;R7[0.08] R11[0.23] A1[0.08] G2[0.08] G1[0.03] G4[0.08];0.02;0.18;0.04;0.35;0.37;0.23;0.88;0.01;0.3522;0.3398;1
394;394;Agent_3;orders came from the seed rule base (rules as-is);0;0;R7[0.04] R20[0.02] R26[0.02] A1[0.08] G2[0.08] G1[0.01];0.03;0.05;0.02;0.31;0.14;0.00;0.84;0.01;0.3522;0.3398;1
395;395;Agent_1;orders came from the seed rule base (rules as-is);0;0;R7[0.02] R20[0.04] R26[0.02] A1[0.68] G2[0.60] G1[0.01];0.03;0.08;0.01;0.88;0.61;0.00;0.95;0.01;0.3525;0.3401;1
395;395;Agent_2;orders came from the seed rule base (rules as-is);0;0;R7[0.08] R11[0.23] A1[0.08] G2[0.08] G1[0.03] G4[0.08];0.02;0.18;0.04;0.35;0.37;0.23;0.88;0.01;0.3525;0.3401;1
395;395;Agent_3;orders came from the seed rule base (rules as-is);0;0;R7[0.04] R20[0.02] R26[0.02] A1[0.08] G2[0.08] G1[0.01];0.03;0.05;0.02;0.31;0.14;0.00;0.84;0.01;0.3525;0.3401;1
396;396;Agent_1;orders came from the seed rule base (rules as-is);0;0;R7[0.02] R20[0.04] R26[0.02] A1[0.68] G2[0.60] G1[0.01];0.03;0.08;0.01;0.88;0.61;0.00;0.95;0.01;0.3529;0.3406;1
396;396;Agent_2;orders came from the seed rule base (rules as-is);0;0;R7[0.08] R11[0.23] R15[0.01] R26[0.01] A1[0.08] G2[0.08];0.02;0.19;0.04;0.35;0.37;0.23;0.88;0.01;0.3529;0.3406;1
396;396;Agent_3;orders came from the seed rule base (rules as-is);0;0;R7[0.04] R20[0.02] R26[0.02] A1[0.08] G2[0.08] G1[0.01];0.03;0.05;0.02;0.31;0.14;0.00;0.84;0.01;0.3529;0.3406;1
397;397;Agent_1;orders came from the seed rule base (rules as-is);0;0;R7[0.02] R20[0.04] R26[0.02] A1[0.68] G2[0.60] G1[0.01];0.03;0.08;0.01;0.88;0.61;0.00;0.95;0.01;0.3533;0.3408;1
397;397;Agent_2;orders came from the seed rule base (rules as-is);0;0;R7[0.08] R11[0.23] R15[0.01] R26[0.01] A1[0.08] G2[0.08];0.02;0.19;0.05;0.35;0.37;0.23;0.88;0.01;0.3533;0.3408;1
397;397;Agent_3;orders came from the seed rule base (rules as-is);0;0;R7[0.04] R20[0.02] R26[0.02] A1[0.08] G2[0.08] G1[0.01];0.03;0.05;0.02;0.31;0.14;0.00;0.83;0.01;0.3533;0.3408;1
398;398;Agent_1;orders came from the seed rule base (rules as-is);0;0;R7[0.02] R20[0.04] R26[0.02] A1[0.68] G2[0.60] G1[0.01];0.03;0.08;0.01;0.88;0.61;0.00;0.95;0.01;0.3535;0.3411;1
398;398;Agent_2;orders came from the seed rule base (rules as-is);0;0;R7[0.08] R11[0.23] R15[0.01] R26[0.01] A1[0.08] G2[0.08];0.02;0.19;0.05;0.35;0.37;0.24;0.88;0.01;0.3535;0.3411;1
398;398;Agent_3;orders came from the seed rule base (rules as-is);0;0;R7[0.04] R20[0.02] R26[0.02] A1[0.08] G2[0.08] G1[0.01];0.03;0.05;0.02;0.31;0.14;0.00;0.83;0.01;0.3535;0.3411;1
399;399;Agent_1;RL selected stage 1 [evFIS] (deficit bucket: high) → rejected (no improving perturbation found | seed-base decision stands, its orders are applied);1;0;R7[0.02] R20[0.04] R26[0.02] A1[0.68] G2[0.60] G1[0.01];0.03;0.07;0.01;0.88;0.61;0.00;0.95;0.01;0.3538;0.3414;1
399;399;Agent_2;RL selected stage 1 [evFIS] (deficit bucket: high) → rejected (no improving perturbation found | seed-base decision stands, its orders are applied);1;0;R7[0.08] R11[0.23] R15[0.01] R26[0.01] A1[0.08] G2[0.08];0.02;0.19;0.05;0.35;0.37;0.24;0.88;0.01;0.3538;0.3414;1
399;399;Agent_3;RL selected stage 1 [evFIS] (deficit bucket: high) → rejected (no improving perturbation found | seed-base decision stands, its orders are applied);1;0;R7[0.04] R20[0.02] R26[0.02] A1[0.08] G2[0.08] G1[0.01];0.03;0.05;0.02;0.31;0.14;0.00;0.83;0.01;0.3538;0.3414;1
400;400;Agent_1;orders came from the seed rule base (rules as-is);0;0;R7[0.02] R20[0.04] R26[0.02] A1[0.68] G2[0.60] G1[0.01];0.03;0.07;0.01;0.88;0.61;0.00;0.95;0.01;0.3539;0.3416;1
400;400;Agent_2;orders came from the seed rule base (rules as-is);0;0;R7[0.08] R11[0.23] R15[0.01] R26[0.01] A1[0.08] G2[0.08];0.02;0.19;0.05;0.35;0.37;0.24;0.88;0.01;0.3539;0.3416;1
400;400;Agent_3;orders came from the seed rule base (rules as-is);0;0;R7[0.04] R20[0.02] R26[0.02] A1[0.08] G2[0.08] G1[0.01];0.03;0.05;0.02;0.31;0.14;0.00;0.83;0.01;0.3539;0.3416;1
401;401;Agent_1;orders came from the seed rule base (rules as-is);0;0;R7[0.02] R20[0.04] R26[0.02] A1[0.68] G2[0.60] G1[0.01];0.03;0.07;0.01;0.88;0.61;0.00;0.95;0.01;0.3543;0.3419;1
401;401;Agent_2;orders came from the seed rule base (rules as-is);0;0;R7[0.08] R11[0.23] R15[0.02] R26[0.02] A1[0.08] G2[0.08];0.02;0.19;0.05;0.35;0.37;0.24;0.88;0.01;0.3543;0.3419;1
401;401;Agent_3;orders came from the seed rule base (rules as-is);0;0;R7[0.04] R20[0.02] R26[0.02] A1[0.08] G2[0.08] G1[0.01];0.03;0.05;0.02;0.31;0.14;0.00;0.83;0.01;0.3543;0.3419;1
402;402;Agent_1;orders came from the seed rule base (rules as-is);0;0;R7[0.02] R20[0.04] R26[0.02] A1[0.68] G2[0.60] G1[0.01];0.03;0.07;0.01;0.88;0.61;0.00;0.95;0.01;0.3546;0.3421;1
402;402;Agent_2;orders came from the seed rule base (rules as-is);0;0;R7[0.08] R11[0.23] R15[0.02] R26[0.02] A1[0.08] G2[0.08];0.02;0.19;0.05;0.35;0.37;0.24;0.88;0.01;0.3546;0.3421;1
402;402;Agent_3;orders came from the seed rule base (rules as-is);0;0;R7[0.04] R20[0.02] R26[0.02] A1[0.08] G2[0.08] G1[0.01];0.03;0.05;0.02;0.31;0.14;0.00;0.83;0.01;0.3546;0.3421;1
403;403;Agent_1;orders came from the seed rule base (rules as-is);0;0;R7[0.02] R20[0.04] R26[0.02] A1[0.68] G2[0.60] G1[0.01];0.03;0.07;0.01;0.88;0.61;0.00;0.95;0.01;0.3549;0.3424;1
403;403;Agent_2;orders came from the seed rule base (rules as-is);0;0;R7[0.08] R11[0.23] R15[0.02] R26[0.02] A1[0.08] G2[0.08];0.02;0.19;0.05;0.35;0.37;0.24;0.88;0.01;0.3549;0.3424;1
403;403;Agent_3;orders came from the seed rule base (rules as-is);0;0;R7[0.04] R20[0.02] R26[0.02] A1[0.08] G2[0.08] G1[0.01];0.03;0.05;0.02;0.31;0.14;0.00;0.83;0.01;0.3549;0.3424;1
404;404;Agent_1;orders came from the seed rule base (rules as-is);0;0;R7[0.02] R20[0.04] R26[0.02] A1[0.68] G2[0.60] G1[0.01];0.03;0.07;0.01;0.88;0.61;0.00;0.95;0.01;0.3551;0.3426;1
404;404;Agent_2;orders came from the seed rule base (rules as-is);0;0;R7[0.08] R11[0.23] R15[0.02] R26[0.02] A1[0.08] G2[0.08];0.02;0.19;0.05;0.35;0.37;0.24;0.88;0.01;0.3551;0.3426;1
404;404;Agent_3;orders came from the seed rule base (rules as-is);0;0;R7[0.04] R20[0.02] R26[0.02] A1[0.08] G2[0.08] G1[0.01];0.03;0.05;0.02;0.31;0.14;0.00;0.83;0.01;0.3551;0.3426;1
405;405;Agent_1;orders came from the seed rule base (rules as-is);0;0;R7[0.02] R20[0.04] R26[0.02] A1[0.68] G2[0.60] G1[0.01];0.03;0.07;0.01;0.88;0.61;0.00;0.95;0.01;0.3553;0.3429;1
405;405;Agent_2;orders came from the seed rule base (rules as-is);0;0;R7[0.08] R11[0.23] R15[0.02] R26[0.02] A1[0.08] G2[0.08];0.02;0.19;0.05;0.35;0.37;0.24;0.87;0.01;0.3553;0.3429;1
405;405;Agent_3;orders came from the seed rule base (rules as-is);0;0;R7[0.04] R20[0.02] R26[0.02] A1[0.08] G2[0.08] G1[0.01];0.03;0.05;0.02;0.31;0.14;0.00;0.83;0.01;0.3553;0.3429;1
406;406;Agent_1;orders came from the seed rule base (rules as-is);0;0;R7[0.02] R20[0.04] R26[0.02] A1[0.68] G2[0.60] G1[0.01];0.03;0.07;0.01;0.88;0.61;0.00;0.95;0.01;0.3556;0.3431;1
406;406;Agent_2;orders came from the seed rule base (rules as-is);0;0;R7[0.08] R11[0.23] R15[0.02] R26[0.02] A1[0.08] G2[0.08];0.02;0.19;0.05;0.35;0.37;0.24;0.88;0.01;0.3556;0.3431;1
406;406;Agent_3;orders came from the seed rule base (rules as-is);0;0;R7[0.04] R20[0.02] R26[0.02] A1[0.08] G2[0.08] G1[0.01];0.03;0.05;0.02;0.31;0.14;0.00;0.83;0.01;0.3556;0.3431;1
407;407;Agent_1;orders came from the seed rule base (rules as-is);0;0;R7[0.02] R20[0.03] R26[0.02] A1[0.68] G2[0.60] G1[0.01];0.03;0.07;0.01;0.88;0.61;0.00;0.95;0.01;0.3557;0.3433;1
407;407;Agent_2;orders came from the seed rule base (rules as-is);0;0;R7[0.08] R11[0.23] R15[0.02] R26[0.02] A1[0.08] G2[0.08];0.02;0.19;0.05;0.35;0.37;0.24;0.87;0.01;0.3557;0.3433;1
407;407;Agent_3;orders came from the seed rule base (rules as-is);0;0;R7[0.04] R20[0.02] R26[0.02] A1[0.08] G2[0.08] G1[0.01];0.03;0.05;0.02;0.31;0.14;0.00;0.83;0.01;0.3557;0.3433;1
408;408;Agent_1;orders came from the seed rule base (rules as-is);0;0;R7[0.02] R20[0.03] R26[0.02] A1[0.68] G2[0.60] G1[0.01];0.03;0.07;0.01;0.88;0.61;0.00;0.95;0.01;0.3560;0.3434;1
408;408;Agent_2;orders came from the seed rule base (rules as-is);0;0;R7[0.08] R11[0.23] R15[0.02] R26[0.02] A1[0.08] G2[0.08];0.02;0.19;0.05;0.35;0.37;0.24;0.87;0.01;0.3560;0.3434;1
408;408;Agent_3;orders came from the seed rule base (rules as-is);0;0;R7[0.04] R20[0.02] R26[0.02] A1[0.08] G2[0.08] G1[0.01];0.03;0.05;0.02;0.31;0.14;0.00;0.83;0.01;0.3560;0.3434;1
409;409;Agent_1;RL selected stage 1 [evFIS] (deficit bucket: high) → rejected (no improving perturbation found | seed-base decision stands, its orders are applied);1;0;R7[0.02] R20[0.03] R26[0.02] A1[0.68] G2[0.60] G1[0.01];0.03;0.07;0.01;0.88;0.61;0.00;0.95;0.01;0.3562;0.3435;1
409;409;Agent_2;RL selected stage 1 [evFIS] (deficit bucket: high) → rejected (no improving perturbation found | seed-base decision stands, its orders are applied);1;0;R7[0.08] R11[0.23] R15[0.02] R26[0.02] A1[0.08] G2[0.08];0.02;0.19;0.05;0.35;0.37;0.24;0.87;0.01;0.3562;0.3435;1
409;409;Agent_3;RL selected stage 1 [evFIS] (deficit bucket: high) → rejected (no improving perturbation found | seed-base decision stands, its orders are applied);1;0;R7[0.04] R20[0.02] R26[0.02] A1[0.08] G2[0.08] G1[0.01];0.03;0.05;0.02;0.31;0.14;0.00;0.83;0.01;0.3562;0.3435;1
410;410;Agent_1;orders came from the seed rule base (rules as-is);0;0;R7[0.02] R20[0.03] R26[0.02] A1[0.68] G2[0.60] G1[0.01];0.03;0.07;0.01;0.88;0.61;0.00;0.95;0.01;0.3563;0.3438;1
410;410;Agent_2;orders came from the seed rule base (rules as-is);0;0;R7[0.08] R11[0.23] R15[0.02] R26[0.02] A1[0.08] G2[0.08];0.02;0.19;0.05;0.35;0.37;0.24;0.87;0.01;0.3563;0.3438;1
410;410;Agent_3;orders came from the seed rule base (rules as-is);0;0;R7[0.04] R20[0.02] R26[0.02] A1[0.08] G2[0.08] G1[0.01];0.03;0.05;0.02;0.31;0.14;0.00;0.83;0.01;0.3563;0.3438;1
411;411;Agent_1;orders came from the seed rule base (rules as-is);0;0;R7[0.02] R20[0.03] R26[0.02] A1[0.68] G2[0.60] G1[0.01];0.03;0.07;0.01;0.88;0.61;0.00;0.95;0.01;0.3565;0.3439;1
411;411;Agent_2;orders came from the seed rule base (rules as-is);0;0;R7[0.08] R11[0.23] R15[0.02] R26[0.02] A1[0.08] G2[0.08];0.02;0.19;0.05;0.35;0.37;0.24;0.87;0.01;0.3565;0.3439;1
411;411;Agent_3;orders came from the seed rule base (rules as-is);0;0;R7[0.04] R20[0.02] R26[0.02] A1[0.08] G2[0.08] G1[0.01];0.03;0.05;0.02;0.31;0.14;0.00;0.83;0.01;0.3565;0.3439;1
412;412;Agent_1;orders came from the seed rule base (rules as-is);0;0;R7[0.02] R20[0.03] R26[0.02] A1[0.68] G2[0.60] G1[0.01];0.03;0.07;0.01;0.88;0.61;0.00;0.95;0.01;0.3567;0.3441;1
412;412;Agent_2;orders came from the seed rule base (rules as-is);0;0;R7[0.08] R11[0.23] R15[0.02] R26[0.02] A1[0.08] G2[0.08];0.02;0.19;0.05;0.35;0.37;0.24;0.87;0.01;0.3567;0.3441;1
412;412;Agent_3;orders came from the seed rule base (rules as-is);0;0;R7[0.04] R20[0.02] R26[0.02] A1[0.08] G2[0.08] G1[0.01];0.03;0.05;0.02;0.31;0.14;0.00;0.83;0.01;0.3567;0.3441;1
413;413;Agent_1;orders came from the seed rule base (rules as-is);0;0;R7[0.02] R20[0.03] R26[0.02] A1[0.68] G2[0.60] G1[0.01];0.03;0.07;0.01;0.88;0.61;0.00;0.95;0.01;0.3568;0.3443;1
413;413;Agent_2;orders came from the seed rule base (rules as-is);0;0;R7[0.08] R11[0.23] R15[0.02] R26[0.02] A1[0.08] G2[0.08];0.02;0.19;0.05;0.34;0.37;0.24;0.87;0.01;0.3568;0.3443;1
413;413;Agent_3;orders came from the seed rule base (rules as-is);0;0;R7[0.04] R20[0.02] R26[0.02] A1[0.08] G2[0.08] G1[0.01];0.03;0.05;0.02;0.31;0.14;0.00;0.83;0.01;0.3568;0.3443;1
414;414;Agent_1;orders came from the seed rule base (rules as-is);0;0;R7[0.02] R20[0.03] R26[0.02] A1[0.68] G2[0.60] G1[0.01];0.03;0.07;0.01;0.88;0.61;0.00;0.95;0.01;0.3570;0.3444;1
414;414;Agent_2;orders came from the seed rule base (rules as-is);0;0;R7[0.08] R11[0.23] R15[0.02] R26[0.02] A1[0.08] G2[0.08];0.02;0.19;0.05;0.34;0.37;0.24;0.87;0.01;0.3570;0.3444;1
414;414;Agent_3;orders came from the seed rule base (rules as-is);0;0;R7[0.04] R20[0.02] R26[0.02] A1[0.08] G2[0.08] G1[0.01];0.03;0.05;0.02;0.31;0.14;0.00;0.83;0.01;0.3570;0.3444;1
415;415;Agent_1;orders came from the seed rule base (rules as-is);0;0;R7[0.02] R20[0.03] R26[0.02] A1[0.68] G2[0.60] G1[0.01];0.03;0.07;0.01;0.88;0.61;0.00;0.95;0.01;0.3572;0.3446;1
415;415;Agent_2;orders came from the seed rule base (rules as-is);0;0;R7[0.08] R11[0.23] R15[0.02] R26[0.02] A1[0.08] G2[0.08];0.02;0.19;0.05;0.34;0.37;0.24;0.87;0.01;0.3572;0.3446;1
415;415;Agent_3;orders came from the seed rule base (rules as-is);0;0;R7[0.04] R20[0.02] R26[0.02] A1[0.08] G2[0.08] G1[0.01];0.03;0.05;0.02;0.31;0.14;0.00;0.83;0.01;0.3572;0.3446;1
416;416;Agent_1;orders came from the seed rule base (rules as-is);0;0;R7[0.02] R20[0.03] R26[0.02] A1[0.68] G2[0.60] G1[0.01];0.03;0.07;0.01;0.88;0.61;0.00;0.95;0.01;0.3574;0.3448;1
416;416;Agent_2;orders came from the seed rule base (rules as-is);0;0;R7[0.08] R11[0.23] R15[0.02] R26[0.02] A1[0.08] G2[0.08];0.02;0.19;0.05;0.34;0.37;0.24;0.87;0.01;0.3574;0.3448;1
416;416;Agent_3;orders came from the seed rule base (rules as-is);0;0;R7[0.04] R20[0.02] R26[0.02] A1[0.08] G2[0.08] G1[0.01];0.03;0.05;0.02;0.31;0.14;0.00;0.83;0.01;0.3574;0.3448;1
417;417;Agent_1;orders came from the seed rule base (rules as-is);0;0;R7[0.02] R20[0.03] R26[0.02] A1[0.68] G2[0.60] G1[0.01];0.03;0.07;0.01;0.88;0.61;0.00;0.95;0.01;0.3575;0.3449;1
417;417;Agent_2;orders came from the seed rule base (rules as-is);0;0;R7[0.08] R11[0.23] R15[0.02] R26[0.02] A1[0.08] G2[0.08];0.02;0.19;0.05;0.34;0.37;0.24;0.87;0.01;0.3575;0.3449;1
417;417;Agent_3;orders came from the seed rule base (rules as-is);0;0;R7[0.04] R20[0.02] R26[0.02] A1[0.08] G2[0.08] G1[0.01];0.03;0.05;0.02;0.31;0.14;0.00;0.83;0.01;0.3575;0.3449;1
418;418;Agent_1;orders came from the seed rule base (rules as-is);0;0;R7[0.02] R20[0.03] R26[0.02] A1[0.68] G2[0.60] G1[0.01];0.03;0.07;0.01;0.88;0.61;0.00;0.95;0.00;0.3577;0.3450;1
418;418;Agent_2;orders came from the seed rule base (rules as-is);0;0;R7[0.08] R11[0.23] R15[0.02] R26[0.02] A1[0.08] G2[0.08];0.02;0.19;0.05;0.34;0.37;0.24;0.87;0.00;0.3577;0.3450;1
418;418;Agent_3;orders came from the seed rule base (rules as-is);0;0;R7[0.04] R20[0.02] R26[0.02] A1[0.08] G2[0.08] G1[0.01];0.03;0.05;0.02;0.31;0.14;0.00;0.83;0.00;0.3577;0.3450;1
419;419;Agent_1;RL selected stage 1 [evFIS] (deficit bucket: high) → rejected (no improving perturbation found | seed-base decision stands, its orders are applied);1;0;R7[0.02] R20[0.03] R26[0.02] A1[0.68] G2[0.60] G4[0.33];0.03;0.06;0.01;0.88;0.61;0.00;0.95;0.00;0.3579;0.3452;1
419;419;Agent_2;RL selected stage 1 [evFIS] (deficit bucket: high) → rejected (no improving perturbation found | seed-base decision stands, its orders are applied);1;0;R7[0.08] R11[0.23] R15[0.02] R26[0.02] A1[0.08] G2[0.08];0.02;0.19;0.05;0.34;0.37;0.24;0.87;0.00;0.3579;0.3452;1
419;419;Agent_3;RL selected stage 1 [evFIS] (deficit bucket: high) → rejected (no improving perturbation found | seed-base decision stands, its orders are applied);1;0;R7[0.04] R20[0.02] R26[0.02] A1[0.08] G2[0.08] G4[0.08];0.03;0.05;0.02;0.31;0.14;0.00;0.83;0.00;0.3579;0.3452;1
420;420;Agent_1;orders came from the seed rule base (rules as-is);0;0;R7[0.02] R20[0.03] R26[0.02] A1[0.68] G2[0.60] G4[0.33];0.02;0.06;0.01;0.88;0.61;0.00;0.95;0.00;0.3580;0.3453;1
420;420;Agent_2;orders came from the seed rule base (rules as-is);0;0;R7[0.08] R11[0.23] R15[0.02] R26[0.02] A1[0.08] G2[0.08];0.02;0.19;0.05;0.34;0.37;0.24;0.87;0.00;0.3580;0.3453;1
420;420;Agent_3;orders came from the seed rule base (rules as-is);0;0;R7[0.04] R20[0.02] R26[0.02] A1[0.08] G2[0.08] G4[0.08];0.03;0.05;0.02;0.31;0.14;0.00;0.83;0.00;0.3580;0.3453;1
421;421;Agent_1;orders came from the seed rule base (rules as-is);0;0;R7[0.02] R20[0.03] R26[0.02] A1[0.68] G2[0.60] G4[0.33];0.02;0.06;0.01;0.88;0.61;0.00;0.95;0.00;0.3582;0.3455;1
421;421;Agent_2;orders came from the seed rule base (rules as-is);0;0;R7[0.08] R11[0.23] R15[0.02] R26[0.02] A1[0.08] G2[0.08];0.02;0.19;0.05;0.34;0.37;0.24;0.87;0.00;0.3582;0.3455;1
421;421;Agent_3;orders came from the seed rule base (rules as-is);0;0;R7[0.04] R20[0.02] R26[0.02] A1[0.08] G2[0.08] G4[0.08];0.03;0.05;0.02;0.31;0.14;0.00;0.83;0.00;0.3582;0.3455;1
422;422;Agent_1;orders came from the seed rule base (rules as-is);0;0;R7[0.02] R20[0.03] R26[0.02] A1[0.68] G2[0.60] G4[0.33];0.02;0.06;0.01;0.88;0.61;0.00;0.95;0.00;0.3583;0.3456;1
422;422;Agent_2;orders came from the seed rule base (rules as-is);0;0;R7[0.08] R11[0.23] R15[0.02] R26[0.02] A1[0.08] G2[0.08];0.02;0.19;0.05;0.34;0.37;0.24;0.87;0.00;0.3583;0.3456;1
422;422;Agent_3;orders came from the seed rule base (rules as-is);0;0;R7[0.04] R20[0.02] R26[0.02] A1[0.08] G2[0.08] G4[0.08];0.03;0.05;0.02;0.30;0.14;0.00;0.83;0.00;0.3583;0.3456;1
423;423;Agent_1;orders came from the seed rule base (rules as-is);0;0;R7[0.02] R20[0.03] R26[0.02] A1[0.68] G2[0.60] G4[0.33];0.02;0.06;0.01;0.88;0.61;0.00;0.95;0.00;0.3584;0.3457;1
423;423;Agent_2;orders came from the seed rule base (rules as-is);0;0;R7[0.08] R11[0.23] R15[0.02] R26[0.02] A1[0.08] G2[0.08];0.02;0.19;0.05;0.34;0.37;0.24;0.87;0.00;0.3584;0.3457;1
423;423;Agent_3;orders came from the seed rule base (rules as-is);0;0;R7[0.04] R20[0.02] R26[0.02] A1[0.08] G2[0.08] G4[0.08];0.03;0.05;0.02;0.30;0.14;0.00;0.83;0.00;0.3584;0.3457;1
424;424;Agent_1;orders came from the seed rule base (rules as-is);0;0;R7[0.02] R20[0.03] R26[0.02] A1[0.68] G2[0.60] G4[0.33];0.02;0.06;0.01;0.88;0.61;0.00;0.95;0.00;0.3586;0.3458;1
424;424;Agent_2;orders came from the seed rule base (rules as-is);0;0;R7[0.08] R11[0.23] R15[0.02] R26[0.02] A1[0.08] G2[0.08];0.02;0.19;0.05;0.34;0.37;0.24;0.87;0.00;0.3586;0.3458;1
424;424;Agent_3;orders came from the seed rule base (rules as-is);0;0;R7[0.04] R20[0.02] R26[0.02] A1[0.08] G2[0.08] G4[0.08];0.03;0.05;0.02;0.30;0.14;0.00;0.83;0.00;0.3586;0.3458;1
425;425;Agent_1;orders came from the seed rule base (rules as-is);0;0;R7[0.02] R20[0.03] R26[0.02] A1[0.68] G2[0.60] G4[0.33];0.02;0.06;0.01;0.88;0.61;0.00;0.95;0.00;0.3587;0.3460;1
425;425;Agent_2;orders came from the seed rule base (rules as-is);0;0;R7[0.08] R11[0.23] R15[0.02] R26[0.02] A1[0.08] G2[0.08];0.02;0.19;0.05;0.34;0.37;0.24;0.87;0.00;0.3587;0.3460;1
425;425;Agent_3;orders came from the seed rule base (rules as-is);0;0;R7[0.04] R20[0.02] R26[0.02] A1[0.08] G2[0.08] G4[0.08];0.03;0.05;0.02;0.30;0.14;0.00;0.83;0.00;0.3587;0.3460;1
426;426;Agent_1;orders came from the seed rule base (rules as-is);0;0;R7[0.02] R20[0.03] R26[0.02] A1[0.68] G2[0.60] G4[0.33];0.02;0.06;0.01;0.88;0.61;0.00;0.95;0.00;0.3589;0.3461;1
426;426;Agent_2;orders came from the seed rule base (rules as-is);0;0;R7[0.08] R11[0.23] R15[0.02] R26[0.02] A1[0.08] G2[0.08];0.02;0.19;0.05;0.34;0.37;0.24;0.87;0.00;0.3589;0.3461;1
426;426;Agent_3;orders came from the seed rule base (rules as-is);0;0;R7[0.04] R20[0.02] R26[0.02] A1[0.08] G2[0.08] G4[0.08];0.03;0.05;0.02;0.30;0.14;0.00;0.83;0.00;0.3589;0.3461;1
427;427;Agent_1;orders came from the seed rule base (rules as-is);0;0;R7[0.02] R20[0.03] R26[0.02] A1[0.68] G2[0.60] G4[0.33];0.02;0.06;0.01;0.88;0.61;0.00;0.95;0.00;0.3590;0.3462;1
427;427;Agent_2;orders came from the seed rule base (rules as-is);0;0;R7[0.08] R11[0.23] R15[0.02] R26[0.02] A1[0.08] G2[0.08];0.02;0.19;0.05;0.34;0.37;0.24;0.88;0.00;0.3590;0.3462;1
427;427;Agent_3;orders came from the seed rule base (rules as-is);0;0;R7[0.04] R20[0.02] R26[0.02] A1[0.08] G2[0.08] G4[0.08];0.03;0.05;0.02;0.30;0.14;0.00;0.83;0.00;0.3590;0.3462;1
428;428;Agent_1;orders came from the seed rule base (rules as-is);0;0;R7[0.02] R20[0.03] R26[0.02] A1[0.68] G2[0.60] G4[0.33];0.02;0.06;0.01;0.88;0.61;0.00;0.95;0.00;0.3591;0.3464;1
428;428;Agent_2;orders came from the seed rule base (rules as-is);0;0;R7[0.08] R11[0.23] R15[0.02] R26[0.02] A1[0.08] G2[0.08];0.02;0.19;0.05;0.34;0.37;0.24;0.88;0.00;0.3591;0.3464;1
428;428;Agent_3;orders came from the seed rule base (rules as-is);0;0;R7[0.04] R20[0.02] R26[0.02] A1[0.08] G2[0.08] G4[0.08];0.03;0.05;0.02;0.30;0.14;0.00;0.83;0.00;0.3591;0.3464;1
429;429;Agent_1;RL selected stage 3 [GenAI] (deficit bucket: high) → ACCEPTED: G8: G8: IF evacuation pressure is VH AND intervention urgency is VH THEN evacuation 0.7, resource deployment 0.0 (adaptation-born: generative (template), gates G1-G4);3;3;R7[0.02] R20[0.03] R26[0.02] A1[0.68] G2[0.60] G4[0.33];0.02;0.06;0.01;0.88;0.61;0.00;0.95;0.00;0.3593;0.3465;1
429;429;Agent_2;RL selected stage 3 [GenAI] (deficit bucket: high) → ACCEPTED: G8: G8: IF evacuation pressure is VH AND intervention urgency is VH THEN evacuation 0.7, resource deployment 0.0 (adaptation-born: generative (template), gates G1-G4);3;3;R7[0.08] R11[0.23] R15[0.02] R26[0.02] A1[0.08] G2[0.08];0.02;0.19;0.05;0.34;0.38;0.24;0.88;0.00;0.3593;0.3465;1
429;429;Agent_3;RL selected stage 3 [GenAI] (deficit bucket: high) → ACCEPTED: G8: G8: IF evacuation pressure is VH AND intervention urgency is VH THEN evacuation 0.7, resource deployment 0.0 (adaptation-born: generative (template), gates G1-G4);3;3;R7[0.04] R20[0.02] R26[0.02] A1[0.08] G2[0.08] G4[0.08];0.02;0.05;0.02;0.30;0.15;0.00;0.83;0.00;0.3593;0.3465;1
430;430;Agent_1;orders came from the seed rule base (rules as-is);0;0;R7[0.02] R20[0.03] R26[0.02] A1[0.68] G2[0.60] G4[0.33];0.02;0.06;0.01;0.88;0.61;0.00;0.95;0.00;0.3594;0.3466;1
430;430;Agent_2;orders came from the seed rule base (rules as-is);0;0;R7[0.08] R11[0.23] R15[0.02] R26[0.02] A1[0.08] G2[0.08];0.02;0.19;0.05;0.34;0.38;0.24;0.88;0.00;0.3594;0.3466;1
430;430;Agent_3;orders came from the seed rule base (rules as-is);0;0;R7[0.04] R20[0.02] R26[0.02] A1[0.08] G2[0.08] G4[0.08];0.02;0.05;0.02;0.30;0.15;0.00;0.83;0.00;0.3594;0.3466;1
431;431;Agent_1;orders came from the seed rule base (rules as-is);0;0;R7[0.02] R20[0.03] R26[0.02] A1[0.68] G2[0.60] G4[0.33];0.02;0.06;0.01;0.88;0.61;0.00;0.95;0.00;0.3595;0.3467;1
431;431;Agent_2;orders came from the seed rule base (rules as-is);0;0;R7[0.08] R11[0.23] R15[0.02] R26[0.02] A1[0.08] G2[0.08];0.02;0.19;0.05;0.34;0.38;0.24;0.88;0.00;0.3595;0.3467;1
431;431;Agent_3;orders came from the seed rule base (rules as-is);0;0;R7[0.04] R20[0.02] R26[0.02] A1[0.08] G2[0.08] G4[0.08];0.02;0.05;0.02;0.30;0.15;0.00;0.83;0.00;0.3595;0.3467;1
432;432;Agent_1;orders came from the seed rule base (rules as-is);0;0;R7[0.02] R20[0.03] R26[0.02] A1[0.68] G2[0.60] G4[0.33];0.02;0.06;0.01;0.88;0.61;0.00;0.95;0.00;0.3596;0.3468;1
432;432;Agent_2;orders came from the seed rule base (rules as-is);0;0;R7[0.08] R11[0.23] R15[0.02] R26[0.02] A1[0.08] G2[0.08];0.02;0.19;0.05;0.34;0.38;0.24;0.88;0.00;0.3596;0.3468;1
432;432;Agent_3;orders came from the seed rule base (rules as-is);0;0;R7[0.04] R20[0.02] R26[0.02] A1[0.08] G2[0.08] G4[0.08];0.02;0.05;0.02;0.30;0.15;0.00;0.83;0.00;0.3596;0.3468;1
433;433;Agent_1;orders came from the seed rule base (rules as-is);0;0;R7[0.02] R20[0.03] R26[0.02] A1[0.68] G2[0.60] G4[0.33];0.02;0.06;0.01;0.88;0.61;0.00;0.95;0.00;0.3598;0.3470;1
433;433;Agent_2;orders came from the seed rule base (rules as-is);0;0;R7[0.08] R11[0.23] R15[0.02] R26[0.02] A1[0.08] G2[0.08];0.02;0.19;0.05;0.34;0.38;0.24;0.88;0.00;0.3598;0.3470;1
433;433;Agent_3;orders came from the seed rule base (rules as-is);0;0;R7[0.04] R20[0.02] R26[0.02] A1[0.08] G2[0.08] G4[0.08];0.02;0.05;0.02;0.30;0.15;0.00;0.83;0.00;0.3598;0.3470;1
434;434;Agent_1;orders came from the seed rule base (rules as-is);0;0;R7[0.02] R20[0.03] R26[0.02] A1[0.68] G2[0.60] G4[0.33];0.02;0.06;0.01;0.88;0.61;0.00;0.95;0.00;0.3599;0.3471;1
434;434;Agent_2;orders came from the seed rule base (rules as-is);0;0;R7[0.08] R11[0.23] R15[0.02] R26[0.02] A1[0.08] G2[0.08];0.02;0.19;0.05;0.34;0.38;0.24;0.88;0.00;0.3599;0.3471;1
434;434;Agent_3;orders came from the seed rule base (rules as-is);0;0;R7[0.04] R20[0.02] R26[0.02] A1[0.08] G2[0.08] G4[0.08];0.02;0.04;0.02;0.30;0.15;0.00;0.83;0.00;0.3599;0.3471;1
435;435;Agent_1;orders came from the seed rule base (rules as-is);0;0;R7[0.02] R20[0.03] R26[0.02] A1[0.68] G2[0.60] G4[0.33];0.02;0.06;0.01;0.88;0.61;0.00;0.95;0.00;0.3600;0.3472;1
435;435;Agent_2;orders came from the seed rule base (rules as-is);0;0;R7[0.08] R11[0.23] R15[0.02] R26[0.02] A1[0.08] G2[0.08];0.02;0.19;0.05;0.34;0.38;0.24;0.88;0.00;0.3600;0.3472;1
435;435;Agent_3;orders came from the seed rule base (rules as-is);0;0;R7[0.04] R20[0.02] R26[0.02] A1[0.08] G2[0.08] G4[0.08];0.02;0.04;0.02;0.30;0.15;0.00;0.83;0.00;0.3600;0.3472;1
436;436;Agent_1;orders came from the seed rule base (rules as-is);0;0;R7[0.02] R20[0.03] R26[0.02] A1[0.68] G2[0.60] G4[0.33];0.02;0.06;0.01;0.88;0.61;0.00;0.95;0.00;0.3601;0.3473;1
436;436;Agent_2;orders came from the seed rule base (rules as-is);0;0;R7[0.08] R11[0.23] R15[0.02] R26[0.02] A1[0.08] G2[0.08];0.02;0.19;0.05;0.33;0.38;0.24;0.88;0.00;0.3601;0.3473;1
436;436;Agent_3;orders came from the seed rule base (rules as-is);0;0;R7[0.04] R20[0.02] R26[0.02] A1[0.08] G2[0.08] G4[0.08];0.02;0.04;0.02;0.30;0.15;0.00;0.83;0.00;0.3601;0.3473;1
437;437;Agent_1;orders came from the seed rule base (rules as-is);0;0;R7[0.02] R20[0.03] R26[0.02] A1[0.68] G2[0.60] G4[0.33];0.02;0.06;0.01;0.88;0.61;0.00;0.95;0.00;0.3602;0.3474;1
437;437;Agent_2;orders came from the seed rule base (rules as-is);0;0;R7[0.08] R11[0.23] R15[0.02] R26[0.02] A1[0.08] G2[0.08];0.02;0.19;0.05;0.33;0.38;0.24;0.88;0.00;0.3602;0.3474;1
437;437;Agent_3;orders came from the seed rule base (rules as-is);0;0;R7[0.04] R20[0.02] R26[0.02] A1[0.08] G2[0.08] G4[0.08];0.02;0.04;0.02;0.30;0.15;0.00;0.83;0.00;0.3602;0.3474;1
438;438;Agent_1;orders came from the seed rule base (rules as-is);0;0;R7[0.02] R20[0.03] R26[0.02] A1[0.68] G2[0.60] G4[0.33];0.02;0.06;0.01;0.88;0.61;0.00;0.95;0.00;0.3603;0.3475;1
438;438;Agent_2;orders came from the seed rule base (rules as-is);0;0;R7[0.08] R11[0.23] R15[0.02] R26[0.02] A1[0.08] G2[0.08];0.02;0.19;0.05;0.33;0.38;0.24;0.87;0.00;0.3603;0.3475;1
438;438;Agent_3;orders came from the seed rule base (rules as-is);0;0;R7[0.04] R20[0.02] R26[0.02] A1[0.08] G2[0.08] G4[0.08];0.02;0.04;0.02;0.30;0.15;0.00;0.83;0.00;0.3603;0.3475;1
439;439;Agent_1;RL selected stage 1 [evFIS] (deficit bucket: high) → rejected (no improving perturbation found | seed-base decision stands, its orders are applied);1;0;R7[0.02] R20[0.03] R26[0.02] A1[0.68] G2[0.60] G4[0.33];0.02;0.06;0.01;0.88;0.61;0.00;0.95;0.00;0.3604;0.3476;1
439;439;Agent_2;RL selected stage 1 [evFIS] (deficit bucket: high) → rejected (no improving perturbation found | seed-base decision stands, its orders are applied);1;0;R7[0.08] R11[0.23] R15[0.02] R26[0.02] A1[0.08] G2[0.08];0.02;0.19;0.05;0.33;0.38;0.24;0.87;0.00;0.3604;0.3476;1
439;439;Agent_3;RL selected stage 1 [evFIS] (deficit bucket: high) → rejected (no improving perturbation found | seed-base decision stands, its orders are applied);1;0;R7[0.04] R20[0.02] R26[0.02] A1[0.08] G2[0.08] G4[0.08];0.02;0.04;0.02;0.30;0.15;0.00;0.83;0.00;0.3604;0.3476;1
440;440;Agent_1;orders came from the seed rule base (rules as-is);0;0;R7[0.02] R20[0.03] R26[0.02] A1[0.68] G2[0.60] G4[0.33];0.02;0.06;0.01;0.88;0.61;0.00;0.95;0.00;0.3605;0.3477;1
440;440;Agent_2;orders came from the seed rule base (rules as-is);0;0;R7[0.08] R11[0.23] R15[0.02] R26[0.02] A1[0.08] G2[0.08];0.02;0.19;0.05;0.33;0.38;0.24;0.87;0.00;0.3605;0.3477;1
440;440;Agent_3;orders came from the seed rule base (rules as-is);0;0;R7[0.04] R20[0.02] R26[0.02] A1[0.08] G2[0.08] G4[0.08];0.02;0.04;0.02;0.30;0.15;0.00;0.83;0.00;0.3605;0.3477;1
441;441;Agent_1;orders came from the seed rule base (rules as-is);0;0;R7[0.02] R20[0.03] R26[0.02] A1[0.68] G2[0.60] G4[0.33];0.02;0.06;0.01;0.88;0.61;0.00;0.95;0.00;0.3606;0.3478;1
441;441;Agent_2;orders came from the seed rule base (rules as-is);0;0;R7[0.08] R11[0.23] R15[0.02] R26[0.02] A1[0.08] G2[0.08];0.02;0.19;0.05;0.33;0.38;0.24;0.88;0.00;0.3606;0.3478;1
441;441;Agent_3;orders came from the seed rule base (rules as-is);0;0;R7[0.04] R20[0.02] R26[0.02] A1[0.08] G2[0.08] G4[0.08];0.02;0.04;0.02;0.30;0.15;0.00;0.83;0.00;0.3606;0.3478;1
442;442;Agent_1;orders came from the seed rule base (rules as-is);0;0;R7[0.02] R20[0.03] R26[0.02] A1[0.68] G2[0.60] G4[0.33];0.02;0.06;0.01;0.88;0.61;0.00;0.95;0.00;0.3607;0.3479;1
442;442;Agent_2;orders came from the seed rule base (rules as-is);0;0;R7[0.08] R11[0.23] R15[0.02] R26[0.02] A1[0.08] G2[0.08];0.02;0.19;0.05;0.33;0.38;0.24;0.88;0.00;0.3607;0.3479;1
442;442;Agent_3;orders came from the seed rule base (rules as-is);0;0;R7[0.04] R20[0.02] R26[0.02] A1[0.08] G2[0.08] G4[0.08];0.02;0.04;0.02;0.30;0.15;0.00;0.83;0.00;0.3607;0.3479;1
443;443;Agent_1;orders came from the seed rule base (rules as-is);0;0;R7[0.02] R20[0.03] R26[0.02] A1[0.68] G2[0.60] G4[0.33];0.02;0.06;0.01;0.88;0.61;0.00;0.95;0.00;0.3608;0.3480;1
443;443;Agent_2;orders came from the seed rule base (rules as-is);0;0;R7[0.08] R11[0.23] R15[0.02] R26[0.02] A1[0.08] G2[0.08];0.02;0.19;0.05;0.33;0.38;0.24;0.87;0.00;0.3608;0.3480;1
443;443;Agent_3;orders came from the seed rule base (rules as-is);0;0;R7[0.04] R20[0.02] R26[0.02] A1[0.08] G2[0.08] G4[0.08];0.02;0.04;0.02;0.30;0.15;0.00;0.83;0.00;0.3608;0.3480;1
444;444;Agent_1;orders came from the seed rule base (rules as-is);0;0;R7[0.02] R20[0.03] R26[0.02] A1[0.68] G2[0.60] G4[0.33];0.02;0.05;0.01;0.88;0.61;0.00;0.95;0.00;0.3609;0.3482;1
444;444;Agent_2;orders came from the seed rule base (rules as-is);0;0;R7[0.08] R11[0.23] R15[0.02] R26[0.02] A1[0.08] G2[0.08];0.02;0.19;0.05;0.33;0.38;0.24;0.88;0.00;0.3609;0.3482;1
444;444;Agent_3;orders came from the seed rule base (rules as-is);0;0;R7[0.04] R20[0.02] R26[0.02] A1[0.08] G2[0.08] G4[0.08];0.02;0.04;0.02;0.30;0.15;0.00;0.83;0.00;0.3609;0.3482;1
445;445;Agent_1;orders came from the seed rule base (rules as-is);0;0;R7[0.02] R20[0.03] R26[0.02] A1[0.68] G2[0.60] G4[0.33];0.02;0.05;0.01;0.88;0.61;0.00;0.95;0.00;0.3610;0.3482;1
445;445;Agent_2;orders came from the seed rule base (rules as-is);0;0;R7[0.08] R11[0.23] R15[0.02] R26[0.02] A1[0.08] G2[0.08];0.02;0.19;0.05;0.33;0.38;0.24;0.88;0.00;0.3610;0.3482;1
445;445;Agent_3;orders came from the seed rule base (rules as-is);0;0;R7[0.04] R20[0.02] R26[0.02] A1[0.08] G2[0.08] G4[0.08];0.02;0.04;0.02;0.30;0.15;0.00;0.83;0.00;0.3610;0.3482;1
446;446;Agent_1;orders came from the seed rule base (rules as-is);0;0;R7[0.02] R20[0.03] R26[0.01] A1[0.68] G2[0.60] G4[0.33];0.02;0.05;0.01;0.88;0.61;0.00;0.95;0.00;0.3611;0.3484;1
446;446;Agent_2;orders came from the seed rule base (rules as-is);0;0;R7[0.08] R11[0.23] R15[0.02] R26[0.02] A1[0.08] G2[0.08];0.02;0.19;0.05;0.33;0.38;0.24;0.88;0.00;0.3611;0.3484;1
446;446;Agent_3;orders came from the seed rule base (rules as-is);0;0;R7[0.04] R20[0.02] R26[0.02] A1[0.08] G2[0.08] G4[0.08];0.02;0.04;0.02;0.30;0.15;0.00;0.83;0.00;0.3611;0.3484;1
447;447;Agent_1;orders came from the seed rule base (rules as-is);0;0;R7[0.02] R20[0.03] R26[0.01] A1[0.68] G2[0.60] G4[0.33];0.02;0.05;0.01;0.88;0.61;0.00;0.95;0.00;0.3612;0.3485;1
447;447;Agent_2;orders came from the seed rule base (rules as-is);0;0;R7[0.08] R11[0.23] R15[0.02] R26[0.02] A1[0.08] G2[0.08];0.02;0.19;0.05;0.33;0.38;0.24;0.88;0.00;0.3612;0.3485;1
447;447;Agent_3;orders came from the seed rule base (rules as-is);0;0;R7[0.04] R20[0.02] R26[0.02] A1[0.08] G2[0.08] G4[0.08];0.02;0.04;0.02;0.29;0.15;0.00;0.83;0.00;0.3612;0.3485;1
448;448;Agent_1;orders came from the seed rule base (rules as-is);0;0;R7[0.02] R20[0.03] R26[0.01] A1[0.68] G2[0.60] G4[0.33];0.02;0.05;0.01;0.88;0.61;0.00;0.95;0.00;0.3613;0.3486;1
448;448;Agent_2;orders came from the seed rule base (rules as-is);0;0;R7[0.08] R11[0.23] R15[0.02] R26[0.02] A1[0.08] G2[0.08];0.02;0.19;0.05;0.33;0.38;0.24;0.88;0.00;0.3613;0.3486;1
448;448;Agent_3;orders came from the seed rule base (rules as-is);0;0;R7[0.04] R20[0.02] R26[0.01] A1[0.08] G2[0.08] G4[0.08];0.02;0.04;0.02;0.29;0.15;0.00;0.83;0.00;0.3613;0.3486;1
449;449;Agent_1;RL selected stage 3 [GenAI] (deficit bucket: high) → ACCEPTED: G9: G9: IF evacuation pressure is VH AND fire threat level is VH THEN evacuation 0.7, suppression effort 0.0 (adaptation-born: generative (template), gates G1-G4);3;3;R7[0.02] R20[0.03] R26[0.01] A1[0.68] G2[0.60] G4[0.33];0.02;0.05;0.01;0.88;0.61;0.00;0.96;0.00;0.3614;0.3486;1
449;449;Agent_2;RL selected stage 3 [GenAI] (deficit bucket: high) → ACCEPTED: G9: G9: IF evacuation pressure is VH AND fire threat level is VH THEN evacuation 0.7, suppression effort 0.0 (adaptation-born: generative (template), gates G1-G4);3;3;R7[0.08] R11[0.23] R15[0.02] R26[0.02] A1[0.08] G2[0.08];0.02;0.19;0.05;0.33;0.39;0.24;0.88;0.00;0.3614;0.3486;1
449;449;Agent_3;RL selected stage 3 [GenAI] (deficit bucket: high) → ACCEPTED: G9: G9: IF evacuation pressure is VH AND fire threat level is VH THEN evacuation 0.7, suppression effort 0.0 (adaptation-born: generative (template), gates G1-G4);3;3;R7[0.04] R20[0.02] R26[0.01] A1[0.08] G2[0.08] G4[0.08];0.02;0.04;0.02;0.29;0.16;0.00;0.83;0.00;0.3614;0.3486;1
450;450;Agent_1;orders came from the seed rule base (rules as-is);0;0;R7[0.02] R20[0.03] R26[0.01] A1[0.68] G2[0.60] G4[0.33];0.02;0.05;0.01;0.88;0.61;0.00;0.96;0.00;0.3615;0.3487;1
450;450;Agent_2;orders came from the seed rule base (rules as-is);0;0;R7[0.08] R11[0.23] R15[0.02] R26[0.02] A1[0.08] G2[0.08];0.02;0.19;0.05;0.33;0.39;0.24;0.88;0.00;0.3615;0.3487;1
450;450;Agent_3;orders came from the seed rule base (rules as-is);0;0;R7[0.04] R20[0.02] R26[0.01] A1[0.08] G2[0.08] G4[0.08];0.02;0.04;0.02;0.29;0.16;0.00;0.83;0.00;0.3615;0.3487;1
451;451;Agent_1;orders came from the seed rule base (rules as-is);0;0;R7[0.02] R20[0.03] R26[0.01] A1[0.68] G2[0.60] G4[0.33];0.02;0.05;0.01;0.88;0.61;0.00;0.96;0.00;0.3616;0.3488;1
451;451;Agent_2;orders came from the seed rule base (rules as-is);0;0;R7[0.08] R11[0.23] R15[0.02] R26[0.02] A1[0.08] G2[0.08];0.02;0.19;0.05;0.33;0.39;0.24;0.88;0.00;0.3616;0.3488;1
451;451;Agent_3;orders came from the seed rule base (rules as-is);0;0;R7[0.04] R20[0.02] R26[0.01] A1[0.08] G2[0.08] G4[0.08];0.02;0.04;0.02;0.29;0.16;0.00;0.83;0.00;0.3616;0.3488;1
452;452;Agent_1;orders came from the seed rule base (rules as-is);0;0;R7[0.02] R20[0.03] R26[0.01] A1[0.68] G2[0.60] G4[0.33];0.02;0.05;0.01;0.88;0.61;0.00;0.96;0.00;0.3617;0.3489;1
452;452;Agent_2;orders came from the seed rule base (rules as-is);0;0;R7[0.08] R11[0.23] R15[0.02] R26[0.02] A1[0.08] G2[0.08];0.02;0.19;0.05;0.33;0.39;0.24;0.88;0.00;0.3617;0.3489;1
452;452;Agent_3;orders came from the seed rule base (rules as-is);0;0;R7[0.04] R20[0.02] R26[0.01] A1[0.08] G2[0.08] G4[0.08];0.02;0.04;0.02;0.29;0.16;0.00;0.83;0.00;0.3617;0.3489;1
453;453;Agent_1;orders came from the seed rule base (rules as-is);0;0;R7[0.02] R20[0.02] R26[0.01] A1[0.68] G2[0.60] G4[0.33];0.02;0.05;0.01;0.88;0.61;0.00;0.96;0.00;0.3617;0.3490;1
453;453;Agent_2;orders came from the seed rule base (rules as-is);0;0;R7[0.08] R11[0.23] R15[0.02] R26[0.02] A1[0.08] G2[0.08];0.02;0.19;0.05;0.33;0.39;0.24;0.88;0.00;0.3617;0.3490;1
453;453;Agent_3;orders came from the seed rule base (rules as-is);0;0;R7[0.04] R20[0.02] R26[0.01] A1[0.08] G2[0.08] G4[0.08];0.02;0.04;0.02;0.29;0.16;0.00;0.83;0.00;0.3617;0.3490;1
454;454;Agent_1;orders came from the seed rule base (rules as-is);0;0;R7[0.02] R20[0.02] R26[0.01] A1[0.68] G2[0.60] G4[0.33];0.02;0.05;0.01;0.88;0.61;0.00;0.96;0.00;0.3618;0.3491;1
454;454;Agent_2;orders came from the seed rule base (rules as-is);0;0;R7[0.08] R11[0.23] R15[0.02] R26[0.02] A1[0.08] G2[0.08];0.02;0.19;0.05;0.33;0.39;0.24;0.88;0.00;0.3618;0.3491;1
454;454;Agent_3;orders came from the seed rule base (rules as-is);0;0;R7[0.04] R20[0.02] R26[0.01] A1[0.08] G2[0.08] G4[0.08];0.02;0.04;0.02;0.29;0.16;0.00;0.83;0.00;0.3618;0.3491;1
455;455;Agent_1;orders came from the seed rule base (rules as-is);0;0;R7[0.02] R20[0.02] R26[0.01] A1[0.68] G2[0.60] G4[0.33];0.02;0.05;0.01;0.88;0.61;0.00;0.96;0.00;0.3619;0.3492;1
455;455;Agent_2;orders came from the seed rule base (rules as-is);0;0;R7[0.08] R11[0.23] R15[0.02] R26[0.02] A1[0.08] G2[0.08];0.02;0.19;0.05;0.33;0.39;0.24;0.88;0.00;0.3619;0.3492;1
455;455;Agent_3;orders came from the seed rule base (rules as-is);0;0;R7[0.04] R20[0.02] R26[0.01] A1[0.08] G2[0.08] G4[0.08];0.02;0.04;0.02;0.29;0.16;0.00;0.83;0.00;0.3619;0.3492;1
456;456;Agent_1;orders came from the seed rule base (rules as-is);0;0;R7[0.02] R20[0.02] R26[0.01] A1[0.68] G2[0.60] G4[0.33];0.02;0.05;0.01;0.88;0.61;0.00;0.96;0.00;0.3620;0.3493;1
456;456;Agent_2;orders came from the seed rule base (rules as-is);0;0;R7[0.08] R11[0.23] R15[0.02] R26[0.02] A1[0.08] G2[0.08];0.02;0.19;0.05;0.33;0.39;0.24;0.88;0.00;0.3620;0.3493;1
456;456;Agent_3;orders came from the seed rule base (rules as-is);0;0;R7[0.04] R20[0.02] R26[0.01] A1[0.08] G2[0.08] G4[0.08];0.02;0.04;0.02;0.29;0.16;0.00;0.83;0.00;0.3620;0.3493;1
457;457;Agent_1;orders came from the seed rule base (rules as-is);0;0;R7[0.02] R20[0.02] R26[0.01] A1[0.68] G2[0.60] G4[0.33];0.02;0.05;0.01;0.88;0.61;0.00;0.96;0.00;0.3621;0.3494;1
457;457;Agent_2;orders came from the seed rule base (rules as-is);0;0;R7[0.08] R11[0.23] R15[0.02] R26[0.02] A1[0.08] G2[0.08];0.02;0.19;0.05;0.33;0.39;0.24;0.88;0.00;0.3621;0.3494;1
457;457;Agent_3;orders came from the seed rule base (rules as-is);0;0;R7[0.04] R20[0.02] R26[0.01] A1[0.08] G2[0.08] G4[0.08];0.02;0.04;0.02;0.29;0.16;0.00;0.83;0.00;0.3621;0.3494;1
458;458;Agent_1;orders came from the seed rule base (rules as-is);0;0;R7[0.02] R20[0.02] R26[0.01] A1[0.68] G2[0.60] G4[0.33];0.02;0.05;0.01;0.88;0.61;0.00;0.96;0.00;0.3622;0.3495;1
458;458;Agent_2;orders came from the seed rule base (rules as-is);0;0;R7[0.08] R11[0.23] R15[0.02] R26[0.02] A1[0.08] G2[0.08];0.02;0.19;0.05;0.33;0.39;0.24;0.88;0.00;0.3622;0.3495;1
458;458;Agent_3;orders came from the seed rule base (rules as-is);0;0;R7[0.04] R20[0.02] R26[0.01] A1[0.08] G2[0.08] G4[0.08];0.02;0.04;0.02;0.29;0.16;0.00;0.83;0.00;0.3622;0.3495;1
459;459;Agent_1;RL selected stage 3 [GenAI] (deficit bucket: high) → ACCEPTED: G10: G10: IF intervention urgency is VH AND fire threat level is VH THEN resource deployment 0.1, suppression effort 0.0 (adaptation-born: generative (template), gates G1-G4);3;3;R7[0.02] R20[0.02] R26[0.01] A1[0.68] G2[0.60] G4[0.33];0.02;0.05;0.01;0.88;0.61;0.00;0.96;0.00;0.3623;0.3495;1
459;459;Agent_2;RL selected stage 3 [GenAI] (deficit bucket: high) → ACCEPTED: G10: G10: IF intervention urgency is VH AND fire threat level is VH THEN resource deployment 0.1, suppression effort 0.0 (adaptation-born: generative (template), gates G1-G4);3;3;R7[0.08] R11[0.23] R15[0.02] R26[0.02] A1[0.08] G2[0.08];0.02;0.19;0.05;0.33;0.39;0.24;0.88;0.00;0.3623;0.3495;1
459;459;Agent_3;RL selected stage 3 [GenAI] (deficit bucket: high) → ACCEPTED: G10: G10: IF intervention urgency is VH AND fire threat level is VH THEN resource deployment 0.1, suppression effort 0.0 (adaptation-born: generative (template), gates G1-G4);3;3;R7[0.04] R20[0.02] R26[0.01] A1[0.08] G2[0.08] G4[0.08];0.02;0.04;0.02;0.29;0.16;0.00;0.83;0.00;0.3623;0.3495;1
460;460;Agent_1;orders came from the seed rule base (rules as-is);0;0;R7[0.02] R20[0.02] R26[0.01] A1[0.68] G2[0.60] G4[0.33];0.02;0.05;0.01;0.88;0.61;0.00;0.96;0.00;0.3624;0.3496;1
460;460;Agent_2;orders came from the seed rule base (rules as-is);0;0;R7[0.08] R11[0.23] R15[0.01] R26[0.01] A1[0.08] G2[0.08];0.02;0.19;0.05;0.33;0.39;0.24;0.88;0.00;0.3624;0.3496;1
460;460;Agent_3;orders came from the seed rule base (rules as-is);0;0;R7[0.04] R20[0.02] R26[0.01] A1[0.08] G2[0.08] G4[0.08];0.02;0.04;0.02;0.29;0.16;0.00;0.83;0.00;0.3624;0.3496;1
461;461;Agent_1;orders came from the seed rule base (rules as-is);0;0;R7[0.02] R20[0.02] R26[0.01] A1[0.68] G2[0.60] G4[0.33];0.02;0.05;0.01;0.88;0.61;0.00;0.96;0.00;0.3625;0.3497;1
461;461;Agent_2;orders came from the seed rule base (rules as-is);0;0;R7[0.08] R11[0.23] R15[0.01] R26[0.01] A1[0.08] G2[0.08];0.02;0.19;0.05;0.33;0.39;0.24;0.88;0.00;0.3625;0.3497;1
461;461;Agent_3;orders came from the seed rule base (rules as-is);0;0;R7[0.04] R20[0.02] R26[0.01] A1[0.08] G2[0.08] G4[0.08];0.02;0.04;0.02;0.29;0.16;0.00;0.83;0.00;0.3625;0.3497;1
462;462;Agent_1;orders came from the seed rule base (rules as-is);0;0;R7[0.02] R20[0.02] R26[0.01] A1[0.68] G2[0.60] G4[0.33];0.02;0.05;0.01;0.88;0.61;0.00;0.96;0.00;0.3626;0.3498;1
462;462;Agent_2;orders came from the seed rule base (rules as-is);0;0;R7[0.08] R11[0.23] R15[0.01] R26[0.01] A1[0.08] G2[0.08];0.02;0.19;0.05;0.33;0.39;0.24;0.88;0.00;0.3626;0.3498;1
462;462;Agent_3;orders came from the seed rule base (rules as-is);0;0;R7[0.04] R20[0.02] R26[0.01] A1[0.08] G2[0.08] G4[0.08];0.02;0.04;0.02;0.29;0.16;0.00;0.83;0.00;0.3626;0.3498;1
463;463;Agent_1;orders came from the seed rule base (rules as-is);0;0;R7[0.02] R20[0.02] R26[0.01] A1[0.68] G2[0.60] G4[0.33];0.02;0.05;0.01;0.88;0.61;0.00;0.96;0.00;0.3627;0.3499;1
463;463;Agent_2;orders came from the seed rule base (rules as-is);0;0;R7[0.08] R11[0.23] R15[0.01] R26[0.01] A1[0.08] G2[0.08];0.02;0.19;0.05;0.32;0.39;0.24;0.88;0.00;0.3627;0.3499;1
463;463;Agent_3;orders came from the seed rule base (rules as-is);0;0;R7[0.04] R20[0.02] R26[0.01] A1[0.08] G2[0.08] G4[0.08];0.02;0.04;0.02;0.29;0.16;0.00;0.83;0.00;0.3627;0.3499;1
464;464;Agent_1;orders came from the seed rule base (rules as-is);0;0;R7[0.02] R20[0.02] R26[0.01] A1[0.68] G2[0.60] G4[0.33];0.02;0.05;0.01;0.88;0.61;0.00;0.96;0.00;0.3627;0.3500;1
464;464;Agent_2;orders came from the seed rule base (rules as-is);0;0;R7[0.08] R11[0.23] R15[0.01] R26[0.01] A1[0.08] G2[0.08];0.02;0.19;0.05;0.32;0.39;0.24;0.88;0.00;0.3627;0.3500;1
464;464;Agent_3;orders came from the seed rule base (rules as-is);0;0;R7[0.04] R20[0.02] R26[0.01] A1[0.08] G2[0.08] G4[0.08];0.02;0.04;0.02;0.29;0.16;0.00;0.83;0.00;0.3627;0.3500;1
465;465;Agent_1;orders came from the seed rule base (rules as-is);0;0;R7[0.02] R20[0.02] R26[0.01] A1[0.68] G2[0.60] G4[0.33];0.02;0.05;0.01;0.88;0.61;0.00;0.96;0.00;0.3628;0.3501;1
465;465;Agent_2;orders came from the seed rule base (rules as-is);0;0;R7[0.08] R11[0.23] R15[0.01] R26[0.01] A1[0.08] G2[0.08];0.02;0.19;0.05;0.32;0.39;0.24;0.88;0.00;0.3628;0.3501;1
465;465;Agent_3;orders came from the seed rule base (rules as-is);0;0;R7[0.04] R20[0.02] R26[0.01] A1[0.08] G2[0.08] G4[0.08];0.02;0.04;0.02;0.29;0.16;0.00;0.83;0.00;0.3628;0.3501;1
466;466;Agent_1;orders came from the seed rule base (rules as-is);0;0;R7[0.02] R20[0.02] R26[0.01] A1[0.68] G2[0.60] G4[0.33];0.02;0.05;0.01;0.88;0.61;0.00;0.96;0.00;0.3629;0.3502;1
466;466;Agent_2;orders came from the seed rule base (rules as-is);0;0;R7[0.08] R11[0.23] R15[0.01] R26[0.01] A1[0.08] G2[0.08];0.02;0.19;0.05;0.32;0.39;0.24;0.88;0.00;0.3629;0.3502;1
466;466;Agent_3;orders came from the seed rule base (rules as-is);0;0;R7[0.04] R20[0.02] R26[0.01] A1[0.08] G2[0.08] G4[0.08];0.02;0.04;0.02;0.29;0.16;0.00;0.83;0.00;0.3629;0.3502;1
467;467;Agent_1;orders came from the seed rule base (rules as-is);0;0;R7[0.02] R20[0.02] R26[0.01] A1[0.68] G2[0.60] G4[0.33];0.02;0.05;0.01;0.88;0.61;0.00;0.96;0.00;0.3630;0.3503;1
467;467;Agent_2;orders came from the seed rule base (rules as-is);0;0;R7[0.08] R11[0.23] R15[0.01] R26[0.01] A1[0.08] G2[0.08];0.02;0.19;0.05;0.32;0.39;0.24;0.88;0.00;0.3630;0.3503;1
467;467;Agent_3;orders came from the seed rule base (rules as-is);0;0;R7[0.04] R20[0.02] R26[0.01] A1[0.08] G2[0.08] G4[0.08];0.02;0.04;0.02;0.29;0.16;0.00;0.83;0.00;0.3630;0.3503;1
0;0;Agent_1;RL selected stage 2 [resolution increase] (deficit bucket: low) → rejected (cell already covered — an active rule sits on this antecedent cell; numeric tuning of an existing cell is stage ① evFIS's job | seed-base decision stands, its orders are applied);2;0;R7[0.02] R20[0.19] A1[0.54] G2[0.24] G1[0.54] G3[0.06];0.18;0.44;0.01;0.85;0.56;0.00;0.82;0.00;0.2131;0.2063;1
0;0;Agent_2;RL selected stage 2 [resolution increase] (deficit bucket: low) → rejected (cell already covered — an active rule sits on this antecedent cell; numeric tuning of an existing cell is stage ① evFIS's job | seed-base decision stands, its orders are applied);2;0;R11[0.23] R15[0.03] R20[0.01] R26[0.03] G8[0.01] G9[0.03];0.03;0.20;0.02;0.00;0.28;0.25;0.91;0.00;0.2131;0.2063;1
0;0;Agent_3;RL selected stage 2 [resolution increase] (deficit bucket: low) → rejected (cell already covered — an active rule sits on this antecedent cell; numeric tuning of an existing cell is stage ① evFIS's job | seed-base decision stands, its orders are applied);2;0;;0.00;0.00;0.00;0.00;0.00;0.00;0.75;0.00;0.2131;0.2063;1
1;1;Agent_1;orders came from the seed rule base (rules as-is);0;0;R7[0.02] R20[0.17] A1[0.49] G2[0.22] G1[0.49] G3[0.05];0.16;0.44;0.01;0.85;0.56;0.00;0.79;0.00;0.1779;0.2117;1
1;1;Agent_2;orders came from the seed rule base (rules as-is);0;0;R11[0.20] R15[0.03] R20[0.01] R26[0.03] G8[0.01] G9[0.03];0.03;0.18;0.02;0.00;0.25;0.23;0.92;0.00;0.1779;0.2117;1
1;1;Agent_3;orders came from the seed rule base (rules as-is);0;0;;0.00;0.00;0.00;0.00;0.00;0.00;0.78;0.00;0.1779;0.2117;1
2;2;Agent_1;orders came from the seed rule base (rules as-is);0;0;R7[0.02] R20[0.16] A1[0.60] G2[0.27] G1[0.46] G3[0.05];0.16;0.41;0.01;0.85;0.56;0.00;0.84;0.12;0.1905;0.2168;1
2;2;Agent_2;orders came from the seed rule base (rules as-is);0;0;R11[0.23] R15[0.03] R20[0.01] R26[0.03] G8[0.01] G9[0.03];0.02;0.19;0.02;0.00;0.27;0.25;0.92;0.12;0.1905;0.2168;1
2;2;Agent_3;orders came from the seed rule base (rules as-is);0;0;;0.00;0.00;0.00;0.00;0.00;0.00;0.75;0.12;0.1905;0.2168;1
3;3;Agent_1;orders came from the seed rule base (rules as-is);0;0;R7[0.02] R20[0.17] R26[0.04] A1[0.68] G2[0.30] G1[0.38];0.19;0.44;0.01;0.86;0.61;0.00;0.90;0.12;0.1741;0.2198;1
3;3;Agent_2;orders came from the seed rule base (rules as-is);0;0;R11[0.23] R15[0.03] R20[0.01] R26[0.03] G8[0.01] G9[0.03];0.02;0.19;0.02;0.00;0.27;0.25;0.88;0.12;0.1741;0.2198;1
3;3;Agent_3;orders came from the seed rule base (rules as-is);0;0;R7[0.04] R20[0.02] R26[0.05] A1[0.08] G2[0.03] G1[0.08];0.11;0.10;0.02;0.46;0.14;0.00;0.86;0.12;0.1741;0.2198;1
4;4;Agent_1;orders came from the seed rule base (rules as-is);0;0;R7[0.02] R20[0.18] R26[0.08] A1[0.68] G2[0.31] G1[0.32];0.21;0.45;0.01;0.86;0.61;0.00;0.91;0.12;0.1827;0.2251;1
4;4;Agent_2;orders came from the seed rule base (rules as-is);0;0;R11[0.23] R15[0.03] R20[0.01] R26[0.03] G8[0.01] G9[0.03];0.02;0.19;0.02;0.00;0.27;0.25;0.88;0.12;0.1827;0.2251;1
4;4;Agent_3;orders came from the seed rule base (rules as-is);0;0;R7[0.04] R20[0.04] R26[0.08] A1[0.08] G2[0.04] G1[0.08];0.15;0.16;0.02;0.51;0.16;0.00;0.89;0.12;0.1827;0.2251;1
5;5;Agent_1;orders came from the seed rule base (rules as-is);0;0;R7[0.02] R20[0.19] R26[0.11] A1[0.68] G2[0.31] G1[0.28];0.23;0.46;0.01;0.86;0.61;0.00;0.91;0.12;0.1578;0.2277;1
5;5;Agent_2;orders came from the seed rule base (rules as-is);0;0;R11[0.23] R15[0.03] R20[0.01] R26[0.03] G8[0.01] G9[0.03];0.01;0.13;0.02;0.00;0.27;0.25;0.88;0.12;0.1578;0.2277;0
5;5;Agent_3;orders came from the seed rule base (rules as-is);0;0;R7[0.04] R20[0.05] R26[0.11] A1[0.08] G2[0.04] G1[0.08];0.18;0.20;0.02;0.52;0.16;0.00;0.89;0.12;0.1578;0.2277;1
6;6;Agent_1;orders came from the seed rule base (rules as-is);0;0;R7[0.02] R20[0.20] R26[0.13] A1[0.68] G2[0.31] G1[0.24];0.24;0.46;0.01;0.86;0.62;0.00;0.91;0.12;0.1575;0.2305;1
6;6;Agent_2;orders came from the seed rule base (rules as-is);0;0;R11[0.23] R15[0.02] R26[0.02] G9[0.02];0.01;0.13;0.02;0.00;0.27;0.24;0.88;0.12;0.1575;0.2305;0
6;6;Agent_3;orders came from the seed rule base (rules as-is);0;0;R7[0.04] R20[0.06] R26[0.13] A1[0.08] G2[0.04] G1[0.08];0.20;0.23;0.02;0.53;0.16;0.00;0.89;0.12;0.1575;0.2305;1
7;7;Agent_1;orders came from the seed rule base (rules as-is);0;0;R7[0.02] R20[0.20] R26[0.14] A1[0.68] G2[0.31] G1[0.21];0.25;0.46;0.01;0.86;0.62;0.00;0.91;0.12;0.1613;0.2398;1
7;7;Agent_2;orders came from the seed rule base (rules as-is);0;0;R11[0.23] R15[0.02] R26[0.02] G9[0.02];0.01;0.13;0.02;0.00;0.26;0.24;0.88;0.12;0.1613;0.2398;0
7;7;Agent_3;orders came from the seed rule base (rules as-is);0;0;R7[0.04] R20[0.07] R26[0.15] A1[0.08] G2[0.04] G1[0.08];0.21;0.26;0.02;0.53;0.16;0.00;0.90;0.12;0.1613;0.2398;1
8;8;Agent_1;orders came from the seed rule base (rules as-is);0;0;R7[0.02] R20[0.20] R26[0.16] A1[0.68] G2[0.31] G1[0.19];0.26;0.47;0.01;0.86;0.62;0.00;0.91;0.12;0.1643;0.2367;1
8;8;Agent_2;orders came from the seed rule base (rules as-is);0;0;R11[0.23] R15[0.02] R26[0.02] G9[0.02];0.01;0.12;0.02;0.00;0.26;0.24;0.88;0.12;0.1643;0.2367;0
8;8;Agent_3;orders came from the seed rule base (rules as-is);0;0;R7[0.04] R20[0.08] R26[0.16] A1[0.08] G2[0.04] G1[0.08];0.22;0.28;0.02;0.54;0.16;0.00;0.90;0.12;0.1643;0.2367;1
9;9;Agent_1;orders came from the seed rule base (rules as-is);0;0;R7[0.02] R20[0.21] R26[0.17] A1[0.68] G2[0.31] G1[0.17];0.26;0.47;0.01;0.86;0.62;0.00;0.91;0.12;0.1654;0.2351;1
9;9;Agent_2;orders came from the seed rule base (rules as-is);0;0;R11[0.23] R15[0.02] R26[0.02] G9[0.02];0.01;0.12;0.02;0.00;0.26;0.24;0.88;0.12;0.1654;0.2351;0
9;9;Agent_3;orders came from the seed rule base (rules as-is);0;0;R7[0.04] R20[0.08] R26[0.17] A1[0.08] G2[0.04] G1[0.08];0.23;0.29;0.02;0.54;0.16;0.00;0.90;0.12;0.1654;0.2351;1
10;10;Agent_1;orders came from the seed rule base (rules as-is);0;0;R7[0.02] R20[0.21] R26[0.17] A1[0.68] G2[0.31] G1[0.16];0.27;0.47;0.01;0.87;0.62;0.00;0.92;0.12;0.1650;0.2389;1
10;10;Agent_2;orders came from the seed rule base (rules as-is);0;0;R11[0.23] R15[0.02] R26[0.02] G9[0.02];0.01;0.12;0.02;0.00;0.26;0.24;0.88;0.12;0.1650;0.2389;0
10;10;Agent_3;orders came from the seed rule base (rules as-is);0;0;R7[0.04] R20[0.08] R26[0.18] A1[0.08] G2[0.04] G1[0.08];0.24;0.30;0.02;0.54;0.16;0.00;0.90;0.12;0.1650;0.2389;1
11;11;Agent_1;RL selected stage 1 [evFIS] (deficit bucket: mid) → rejected (no improving perturbation found | seed-base decision stands, its orders are applied);1;0;R7[0.02] R20[0.21] R26[0.18] A1[0.68] G2[0.31] G1[0.15];0.27;0.47;0.01;0.87;0.62;0.00;0.92;0.11;0.1648;0.2414;1
11;11;Agent_2;RL selected stage 1 [evFIS] (deficit bucket: mid) → rejected (no improving perturbation found | seed-base decision stands, its orders are applied);1;0;R11[0.23] R15[0.02] R26[0.02] G9[0.02];0.01;0.12;0.02;0.00;0.26;0.24;0.88;0.11;0.1648;0.2414;0
11;11;Agent_3;RL selected stage 1 [evFIS] (deficit bucket: mid) → rejected (no improving perturbation found | seed-base decision stands, its orders are applied);1;0;R7[0.04] R20[0.09] R26[0.18] A1[0.08] G2[0.04] G1[0.08];0.25;0.31;0.02;0.54;0.16;0.00;0.90;0.11;0.1648;0.2414;1
12;12;Agent_1;orders came from the seed rule base (rules as-is);0;0;R7[0.02] R20[0.21] R26[0.18] A1[0.68] G2[0.31] G1[0.14];0.27;0.47;0.01;0.87;0.62;0.00;0.92;0.11;0.1667;0.2384;1
12;12;Agent_2;orders came from the seed rule base (rules as-is);0;0;R11[0.23] R15[0.02] R26[0.02] G9[0.02];0.01;0.12;0.02;0.00;0.26;0.24;0.88;0.11;0.1667;0.2384;0
12;12;Agent_3;orders came from the seed rule base (rules as-is);0;0;R7[0.04] R20[0.09] R26[0.19] A1[0.08] G2[0.04] G1[0.08];0.25;0.32;0.02;0.54;0.16;0.00;0.90;0.11;0.1667;0.2384;1
13;13;Agent_1;orders came from the seed rule base (rules as-is);0;0;R7[0.02] R20[0.21] R26[0.19] A1[0.68] G2[0.31] G1[0.13];0.28;0.47;0.01;0.87;0.62;0.00;0.92;0.11;0.1660;0.2406;1
13;13;Agent_2;orders came from the seed rule base (rules as-is);0;0;R11[0.23] R15[0.02] R26[0.02] G9[0.02];0.01;0.12;0.02;0.00;0.26;0.24;0.88;0.11;0.1660;0.2406;0
13;13;Agent_3;orders came from the seed rule base (rules as-is);0;0;R7[0.04] R20[0.09] R26[0.19] A1[0.08] G2[0.04] G1[0.08];0.25;0.32;0.02;0.54;0.16;0.00;0.89;0.11;0.1660;0.2406;1
14;14;Agent_1;orders came from the seed rule base (rules as-is);0;0;R7[0.02] R20[0.21] R26[0.19] A1[0.68] G2[0.31] G1[0.12];0.28;0.47;0.01;0.87;0.62;0.00;0.92;0.11;0.1662;0.2398;1
14;14;Agent_2;orders came from the seed rule base (rules as-is);0;0;R11[0.23] R15[0.02] R26[0.02] G9[0.02];0.01;0.12;0.02;0.00;0.26;0.24;0.88;0.11;0.1662;0.2398;0
14;14;Agent_3;orders came from the seed rule base (rules as-is);0;0;R7[0.04] R20[0.09] R26[0.19] A1[0.08] G2[0.04] G1[0.08];0.26;0.33;0.02;0.54;0.16;0.00;0.89;0.11;0.1662;0.2398;1
15;15;Agent_1;orders came from the seed rule base (rules as-is);0;0;R7[0.02] R20[0.21] R26[0.19] A1[0.68] G2[0.31] G1[0.12];0.28;0.47;0.01;0.87;0.62;0.00;0.92;0.11;0.1642;0.2468;1
15;15;Agent_2;orders came from the seed rule base (rules as-is);0;0;R11[0.23] R15[0.02] R26[0.02] G9[0.02];0.01;0.12;0.02;0.00;0.26;0.24;0.88;0.11;0.1642;0.2468;0
15;15;Agent_3;orders came from the seed rule base (rules as-is);0;0;R7[0.04] R20[0.09] R26[0.20] A1[0.08] G2[0.04] G1[0.08];0.26;0.33;0.02;0.54;0.16;0.00;0.89;0.11;0.1642;0.2468;1
16;16;Agent_1;orders came from the seed rule base (rules as-is);0;0;R7[0.02] R20[0.21] R26[0.19] A1[0.68] G2[0.31] G1[0.12];0.28;0.47;0.01;0.87;0.62;0.00;0.92;0.11;0.1684;0.2451;1
16;16;Agent_2;orders came from the seed rule base (rules as-is);0;0;R11[0.23] R15[0.02] R26[0.02] G9[0.02];0.01;0.12;0.02;0.00;0.26;0.24;0.88;0.11;0.1684;0.2451;0
16;16;Agent_3;orders came from the seed rule base (rules as-is);0;0;R7[0.04] R20[0.09] R26[0.20] A1[0.08] G2[0.04] G1[0.08];0.26;0.33;0.02;0.54;0.16;0.00;0.89;0.11;0.1684;0.2451;1
17;17;Agent_1;orders came from the seed rule base (rules as-is);0;0;R7[0.02] R20[0.21] R26[0.19] A1[0.68] G2[0.31] G1[0.11];0.28;0.47;0.01;0.87;0.62;0.00;0.92;0.11;0.1632;0.2486;1
17;17;Agent_2;orders came from the seed rule base (rules as-is);0;0;R11[0.23] R15[0.02] R26[0.02] G9[0.02];0.01;0.12;0.02;0.00;0.26;0.24;0.88;0.11;0.1632;0.2486;0
17;17;Agent_3;orders came from the seed rule base (rules as-is);0;0;R7[0.04] R20[0.09] R26[0.20] A1[0.08] G2[0.04] G1[0.08];0.26;0.33;0.02;0.54;0.16;0.00;0.89;0.11;0.1632;0.2486;1
18;18;Agent_1;orders came from the seed rule base (rules as-is);0;0;R7[0.02] R20[0.21] R26[0.20] A1[0.68] G2[0.31] G1[0.11];0.28;0.47;0.01;0.87;0.62;0.00;0.92;0.11;0.1606;0.2477;1
18;18;Agent_2;orders came from the seed rule base (rules as-is);0;0;R11[0.23] R15[0.02] R26[0.02] G9[0.02];0.01;0.12;0.02;0.00;0.26;0.24;0.88;0.11;0.1606;0.2477;0
18;18;Agent_3;orders came from the seed rule base (rules as-is);0;0;R7[0.04] R20[0.09] R26[0.20] A1[0.08] G2[0.04] G1[0.08];0.26;0.33;0.02;0.54;0.16;0.00;0.89;0.11;0.1606;0.2477;1
19;19;Agent_1;orders came from the seed rule base (rules as-is);0;0;R7[0.02] R20[0.21] R26[0.20] A1[0.68] G2[0.31] G1[0.11];0.28;0.47;0.01;0.87;0.62;0.00;0.92;0.11;0.1626;0.2455;1
19;19;Agent_2;orders came from the seed rule base (rules as-is);0;0;R11[0.23] R15[0.02] R26[0.02] G9[0.02];0.01;0.12;0.02;0.00;0.26;0.24;0.88;0.11;0.1626;0.2455;0
19;19;Agent_3;orders came from the seed rule base (rules as-is);0;0;R7[0.04] R20[0.09] R26[0.20] A1[0.08] G2[0.04] G1[0.08];0.26;0.33;0.02;0.54;0.16;0.00;0.89;0.11;0.1626;0.2455;1
20;20;Agent_1;orders came from the seed rule base (rules as-is);0;0;R7[0.02] R20[0.21] R26[0.20] A1[0.68] G2[0.31] G1[0.11];0.28;0.47;0.01;0.87;0.62;0.00;0.92;0.11;0.1752;0.2433;1
20;20;Agent_2;orders came from the seed rule base (rules as-is);0;0;R11[0.23] R15[0.02] R26[0.02] G9[0.02];0.01;0.12;0.02;0.01;0.26;0.24;0.89;0.11;0.1752;0.2433;0
20;20;Agent_3;orders came from the seed rule base (rules as-is);0;0;R7[0.04] R20[0.09] R26[0.20] A1[0.08] G2[0.04] G1[0.08];0.26;0.33;0.02;0.53;0.16;0.00;0.89;0.11;0.1752;0.2433;1
21;21;Agent_1;RL selected stage 1 [evFIS] (deficit bucket: mid) → rejected (no improving perturbation found | seed-base decision stands, its orders are applied);1;0;R7[0.02] R20[0.21] R26[0.20] A1[0.68] G2[0.31] G1[0.11];0.28;0.47;0.01;0.87;0.62;0.00;0.92;0.11;0.1724;0.2424;1
21;21;Agent_2;RL selected stage 1 [evFIS] (deficit bucket: mid) → rejected (no improving perturbation found | seed-base decision stands, its orders are applied);1;0;R11[0.23] R15[0.02] R26[0.02] G9[0.02];0.01;0.12;0.02;0.01;0.26;0.24;0.89;0.11;0.1724;0.2424;0
21;21;Agent_3;RL selected stage 1 [evFIS] (deficit bucket: mid) → rejected (no improving perturbation found | seed-base decision stands, its orders are applied);1;0;R7[0.04] R20[0.09] R26[0.20] A1[0.08] G2[0.04] G1[0.08];0.26;0.33;0.02;0.53;0.16;0.00;0.89;0.11;0.1724;0.2424;1
22;22;Agent_1;orders came from the seed rule base (rules as-is);0;0;R7[0.02] R20[0.21] R26[0.20] A1[0.68] G2[0.31] G1[0.10];0.28;0.47;0.01;0.87;0.62;0.00;0.92;0.11;0.1857;0.2444;1
22;22;Agent_2;orders came from the seed rule base (rules as-is);0;0;R11[0.23] R15[0.02] R26[0.02] G9[0.02];0.01;0.12;0.02;0.01;0.26;0.24;0.89;0.11;0.1857;0.2444;0
22;22;Agent_3;orders came from the seed rule base (rules as-is);0;0;R7[0.04] R20[0.09] R26[0.20] A1[0.08] G2[0.04] G1[0.08];0.26;0.33;0.02;0.53;0.16;0.00;0.89;0.11;0.1857;0.2444;1
23;23;Agent_1;orders came from the seed rule base (rules as-is);0;0;R7[0.02] R20[0.21] R26[0.20] A1[0.68] G2[0.31] G1[0.10];0.27;0.47;0.01;0.87;0.62;0.00;0.92;0.10;0.1667;0.2440;1
23;23;Agent_2;orders came from the seed rule base (rules as-is);0;0;R11[0.23] R15[0.02] R26[0.02] G9[0.02];0.01;0.12;0.02;0.01;0.26;0.24;0.89;0.10;0.1667;0.2440;0
23;23;Agent_3;orders came from the seed rule base (rules as-is);0;0;R7[0.04] R20[0.09] R26[0.20] A1[0.08] G2[0.04] G1[0.08];0.26;0.33;0.02;0.53;0.16;0.00;0.89;0.10;0.1667;0.2440;1
24;24;Agent_1;orders came from the seed rule base (rules as-is);0;0;R7[0.02] R20[0.21] R26[0.19] A1[0.68] G2[0.31] G1[0.10];0.27;0.47;0.01;0.87;0.62;0.00;0.92;0.10;0.1669;0.2519;1
24;24;Agent_2;orders came from the seed rule base (rules as-is);0;0;R7[0.01] R11[0.23] R15[0.02] R26[0.02] A1[0.01] G2[0.01];0.02;0.13;0.02;0.08;0.28;0.24;0.90;0.10;0.1669;0.2519;0
24;24;Agent_3;orders came from the seed rule base (rules as-is);0;0;R7[0.04] R20[0.09] R26[0.20] A1[0.08] G2[0.04] G1[0.08];0.26;0.33;0.02;0.53;0.16;0.00;0.89;0.10;0.1669;0.2519;1
25;25;Agent_1;orders came from the seed rule base (rules as-is);0;0;R7[0.02] R20[0.21] R26[0.20] A1[0.69] G2[0.31] G1[0.08];0.28;0.47;0.01;0.87;0.63;0.00;0.95;0.10;0.3074;0.2960;1
25;25;Agent_2;orders came from the seed rule base (rules as-is);0;0;R7[0.17] R11[0.23] R15[0.06] R20[0.03] R26[0.06] A1[0.18];0.13;0.32;0.12;0.86;0.64;0.27;0.78;0.10;0.3074;0.2960;1
25;25;Agent_3;orders came from the seed rule base (rules as-is);0;0;R7[0.04] R20[0.09] R26[0.20] A1[0.08] G2[0.04] G1[0.08];0.26;0.33;0.02;0.47;0.13;0.00;0.85;0.10;0.3074;0.2960;1
26;26;Agent_1;orders came from the seed rule base (rules as-is);0;0;R7[0.02] R20[0.21] R26[0.20] A1[0.69] G2[0.31] G1[0.07];0.29;0.48;0.01;0.87;0.63;0.00;0.95;0.10;0.3081;0.2963;1
26;26;Agent_2;orders came from the seed rule base (rules as-is);0;0;R7[0.17] R11[0.23] R15[0.08] R20[0.05] R26[0.08] A1[0.19];0.16;0.37;0.14;0.86;0.69;0.29;0.76;0.10;0.3081;0.2963;1
26;26;Agent_3;orders came from the seed rule base (rules as-is);0;0;R7[0.04] R20[0.09] R26[0.20] A1[0.08] G2[0.04] G1[0.07];0.26;0.33;0.02;0.46;0.13;0.00;0.85;0.10;0.3081;0.2963;1
27;27;Agent_1;orders came from the seed rule base (rules as-is);0;0;R7[0.02] R20[0.19] R26[0.18] A1[0.62] G2[0.28] G1[0.06];0.26;0.47;0.01;0.87;0.63;0.00;0.92;0.00;0.3087;0.2965;1
27;27;Agent_2;orders came from the seed rule base (rules as-is);0;0;R7[0.17] R11[0.23] R15[0.08] R20[0.04] R26[0.08] A1[0.17];0.14;0.35;0.13;0.86;0.65;0.29;0.76;0.00;0.3087;0.2965;1
27;27;Agent_3;orders came from the seed rule base (rules as-is);0;0;R7[0.04] R20[0.08] R26[0.18] A1[0.07] G2[0.03] G1[0.06];0.23;0.30;0.02;0.42;0.12;0.00;0.87;0.00;0.3087;0.2965;1
28;28;Agent_1;orders came from the seed rule base (rules as-is);0;0;R7[0.02] R20[0.32] R26[0.31] A1[0.69] G2[0.31] G1[0.02];0.31;0.49;0.01;0.88;0.65;0.00;0.86;0.70;0.3016;0.2944;1
28;28;Agent_2;orders came from the seed rule base (rules as-is);0;0;R7[0.17] R11[0.23] R15[0.23] R20[0.17] R26[0.29] A1[0.20];0.26;0.53;0.24;0.87;0.69;0.41;0.73;0.68;0.3016;0.2944;1
28;28;Agent_3;orders came from the seed rule base (rules as-is);0;0;R7[0.04] R20[0.16] R26[0.30] A1[0.08] G2[0.07] G1[0.02];0.36;0.47;0.02;0.42;0.19;0.00;0.80;0.70;0.3016;0.2944;1
29;29;Agent_1;orders came from the seed rule base (rules as-is);0;0;R7[0.02] R20[0.36] R26[0.35] A1[0.69] G2[0.31] G3[0.36];0.32;0.50;0.01;0.88;0.65;0.00;0.83;0.70;0.3013;0.2945;1
29;29;Agent_2;orders came from the seed rule base (rules as-is);0;0;R7[0.17] R11[0.23] R15[0.23] R20[0.21] R26[0.36] A1[0.22];0.27;0.53;0.24;0.87;0.69;0.41;0.74;0.68;0.3013;0.2945;1
29;29;Agent_3;orders came from the seed rule base (rules as-is);0;0;R7[0.04] R20[0.20] R26[0.33] A1[0.08] G2[0.08] G3[0.08];0.39;0.53;0.02;0.40;0.25;0.00;0.79;0.70;0.3013;0.2945;1
30;30;Agent_1;orders came from the seed rule base (rules as-is);0;0;R7[0.02] R20[0.37] R26[0.36] A1[0.69] G2[0.31] G3[0.37];0.32;0.50;0.01;0.88;0.65;0.00;0.82;0.70;0.3013;0.2947;1
30;30;Agent_2;orders came from the seed rule base (rules as-is);0;0;R7[0.17] R11[0.23] R15[0.23] R20[0.23] R26[0.39] A1[0.24];0.27;0.52;0.24;0.87;0.69;0.41;0.75;0.68;0.3013;0.2947;1
30;30;Agent_3;orders came from the seed rule base (rules as-is);0;0;R7[0.04] R20[0.22] R26[0.34] A1[0.08] G2[0.08] G3[0.08];0.39;0.56;0.02;0.40;0.27;0.00;0.79;0.70;0.3013;0.2947;1
31;31;Agent_1;RL selected stage 3 [GenAI] (deficit bucket: high) → ACCEPTED: G11: G11: IF asset exposure risk is VH AND intervention urgency is H THEN asset protection 1.0, resource deployment 0.8 (adaptation-born: generative (template), gates G1-G4);3;3;R7[0.02] R20[0.37] R26[0.36] A1[0.69] G2[0.31] G3[0.38];0.32;0.55;0.01;0.90;0.65;0.00;0.82;0.70;0.3002;0.2947;1
31;31;Agent_2;RL selected stage 3 [GenAI] (deficit bucket: high) → ACCEPTED: G11: G11: IF asset exposure risk is VH AND intervention urgency is H THEN asset protection 1.0, resource deployment 0.8 (adaptation-born: generative (template), gates G1-G4);3;3;R7[0.17] R11[0.23] R15[0.23] R20[0.24] R26[0.40] A1[0.25];0.27;0.54;0.24;0.88;0.68;0.41;0.74;0.68;0.3002;0.2947;1
31;31;Agent_3;RL selected stage 3 [GenAI] (deficit bucket: high) → ACCEPTED: G11: G11: IF asset exposure risk is VH AND intervention urgency is H THEN asset protection 1.0, resource deployment 0.8 (adaptation-born: generative (template), gates G1-G4);3;3;R7[0.04] R20[0.23] R26[0.35] A1[0.08] G2[0.08] G3[0.08];0.40;0.59;0.02;0.47;0.29;0.00;0.81;0.70;0.3002;0.2947;1
0;0;Agent_1;RL selected stage 2 [resolution increase] (deficit bucket: low) → rejected (cell already covered — an active rule sits on this antecedent cell; numeric tuning of an existing cell is stage ① evFIS's job | seed-base decision stands, its orders are applied);2;0;R7[0.02] R20[0.19] A1[0.54] G2[0.24] G1[0.54] G3[0.06];0.18;0.44;0.01;0.85;0.56;0.00;0.82;0.00;0.2131;0.2063;1
0;0;Agent_2;RL selected stage 2 [resolution increase] (deficit bucket: low) → rejected (cell already covered — an active rule sits on this antecedent cell; numeric tuning of an existing cell is stage ① evFIS's job | seed-base decision stands, its orders are applied);2;0;R11[0.23] R15[0.03] R20[0.01] R26[0.03] G8[0.01] G9[0.03];0.03;0.20;0.02;0.00;0.28;0.25;0.91;0.00;0.2131;0.2063;1
0;0;Agent_3;RL selected stage 2 [resolution increase] (deficit bucket: low) → rejected (cell already covered — an active rule sits on this antecedent cell; numeric tuning of an existing cell is stage ① evFIS's job | seed-base decision stands, its orders are applied);2;0;;0.00;0.00;0.00;0.00;0.00;0.00;0.75;0.00;0.2131;0.2063;1
0;0;Agent_1;RL selected stage 1 [evFIS] (deficit bucket: low) → rejected (no improving perturbation found | seed-base decision stands, its orders are applied);1;0;R7[0.02] R20[0.20] R26[0.02] A1[0.55] G2[0.25] G1[0.38];0.29;0.50;0.01;0.86;0.57;0.00;0.86;0.00;0.2955;0.2892;1
0;0;Agent_2;RL selected stage 1 [evFIS] (deficit bucket: low) → rejected (no improving perturbation found | seed-base decision stands, its orders are applied);1;0;R7[0.16] R11[0.23] R15[0.23] R20[0.19] R26[0.33] A1[0.16];0.28;0.55;0.23;0.88;0.70;0.41;0.63;0.00;0.2955;0.2892;1
0;0;Agent_3;RL selected stage 1 [evFIS] (deficit bucket: low) → rejected (no improving perturbation found | seed-base decision stands, its orders are applied);1;0;;0.00;0.00;0.00;0.00;0.00;0.00;0.68;0.00;0.2955;0.2892;1
1;1;Agent_1;orders came from the seed rule base (rules as-is);0;0;R7[0.02] R20[0.17] A1[0.49] G2[0.22] G1[0.49] G3[0.05];0.16;0.44;0.01;0.85;0.56;0.00;0.79;0.00;0.1779;0.2117;1
1;1;Agent_2;orders came from the seed rule base (rules as-is);0;0;R11[0.20] R15[0.03] R20[0.01] R26[0.03] G8[0.01] G9[0.03];0.03;0.18;0.02;0.00;0.25;0.23;0.92;0.00;0.1779;0.2117;1
1;1;Agent_3;orders came from the seed rule base (rules as-is);0;0;;0.00;0.00;0.00;0.00;0.00;0.00;0.78;0.00;0.1779;0.2117;1
1;1;Agent_1;orders came from the seed rule base (rules as-is);0;0;R7[0.02] R20[0.21] R26[0.02] A1[0.61] G2[0.27] G1[0.40];0.30;0.50;0.01;0.86;0.57;0.00;0.89;0.70;0.2917;0.2906;1
1;1;Agent_2;orders came from the seed rule base (rules as-is);0;0;R7[0.17] R11[0.23] R15[0.23] R20[0.20] R26[0.35] A1[0.18];0.28;0.55;0.24;0.88;0.70;0.41;0.64;0.68;0.2917;0.2906;1
1;1;Agent_3;orders came from the seed rule base (rules as-is);0;0;;0.00;0.00;0.00;0.00;0.00;0.00;0.66;0.70;0.2917;0.2906;1
2;2;Agent_1;orders came from the seed rule base (rules as-is);0;0;R7[0.02] R20[0.16] A1[0.60] G2[0.27] G1[0.46] G3[0.05];0.16;0.41;0.01;0.85;0.56;0.00;0.84;0.12;0.1905;0.2168;1
2;2;Agent_2;orders came from the seed rule base (rules as-is);0;0;R11[0.23] R15[0.03] R20[0.01] R26[0.03] G8[0.01] G9[0.03];0.02;0.19;0.02;0.00;0.27;0.25;0.92;0.12;0.1905;0.2168;1
2;2;Agent_3;orders came from the seed rule base (rules as-is);0;0;;0.00;0.00;0.00;0.00;0.00;0.00;0.75;0.12;0.1905;0.2168;1
2;2;Agent_1;orders came from the seed rule base (rules as-is);0;0;R7[0.02] R20[0.33] R26[0.27] A1[0.68] G2[0.31] G1[0.11];0.33;0.53;0.01;0.89;0.64;0.00;0.86;0.70;0.2652;0.2909;1
2;2;Agent_2;orders came from the seed rule base (rules as-is);0;0;R7[0.17] R11[0.23] R15[0.23] R20[0.20] R26[0.35] A1[0.18];0.28;0.55;0.24;0.88;0.70;0.41;0.69;0.68;0.2652;0.2909;1
2;2;Agent_3;orders came from the seed rule base (rules as-is);0;0;R7[0.04] R20[0.12] R26[0.26] A1[0.08] G2[0.03] G1[0.08];0.32;0.47;0.02;0.55;0.13;0.00;0.83;0.70;0.2652;0.2909;1
3;3;Agent_1;orders came from the seed rule base (rules as-is);0;0;R7[0.02] R20[0.17] R26[0.04] A1[0.68] G2[0.30] G1[0.38];0.19;0.44;0.01;0.86;0.61;0.00;0.90;0.12;0.1741;0.2198;1
3;3;Agent_2;orders came from the seed rule base (rules as-is);0;0;R11[0.23] R15[0.03] R20[0.01] R26[0.03] G8[0.01] G9[0.03];0.02;0.19;0.02;0.00;0.27;0.25;0.88;0.12;0.1741;0.2198;1
3;3;Agent_3;orders came from the seed rule base (rules as-is);0;0;R7[0.04] R20[0.02] R26[0.05] A1[0.08] G2[0.03] G1[0.08];0.11;0.10;0.02;0.46;0.14;0.00;0.86;0.12;0.1741;0.2198;1
3;3;Agent_1;orders came from the seed rule base (rules as-is);0;0;R7[0.02] R20[0.36] R26[0.34] A1[0.69] G2[0.31] G1[0.03];0.32;0.54;0.01;0.89;0.65;0.00;0.83;0.70;0.1745;0.2914;1
3;3;Agent_2;orders came from the seed rule base (rules as-is);0;0;R7[0.17] R11[0.23] R15[0.23] R20[0.20] R26[0.35] A1[0.18];0.28;0.55;0.24;0.88;0.70;0.41;0.70;0.68;0.1745;0.2914;1
3;3;Agent_3;orders came from the seed rule base (rules as-is);0;0;R7[0.04] R20[0.15] R26[0.32] A1[0.08] G2[0.04] G1[0.03];0.38;0.54;0.02;0.48;0.13;0.00;0.81;0.70;0.1745;0.2914;1
4;4;Agent_1;orders came from the seed rule base (rules as-is);0;0;R7[0.02] R20[0.18] R26[0.08] A1[0.68] G2[0.31] G1[0.32];0.21;0.45;0.01;0.86;0.61;0.00;0.91;0.12;0.1827;0.2251;1
4;4;Agent_2;orders came from the seed rule base (rules as-is);0;0;R11[0.23] R15[0.03] R20[0.01] R26[0.03] G8[0.01] G9[0.03];0.02;0.19;0.02;0.00;0.27;0.25;0.88;0.12;0.1827;0.2251;1
4;4;Agent_3;orders came from the seed rule base (rules as-is);0;0;R7[0.04] R20[0.04] R26[0.08] A1[0.08] G2[0.04] G1[0.08];0.15;0.16;0.02;0.51;0.16;0.00;0.89;0.12;0.1827;0.2251;1
4;4;Agent_1;orders came from the seed rule base (rules as-is);0;0;R7[0.02] R20[0.37] R26[0.35] A1[0.69] G2[0.31] G3[0.38];0.32;0.54;0.01;0.89;0.65;0.00;0.82;0.70;0.1785;0.2917;1
4;4;Agent_2;orders came from the seed rule base (rules as-is);0;0;R7[0.17] R11[0.23] R15[0.23] R20[0.20] R26[0.35] A1[0.18];0.28;0.55;0.24;0.88;0.70;0.41;0.70;0.68;0.1785;0.2917;1
4;4;Agent_3;orders came from the seed rule base (rules as-is);0;0;R7[0.04] R20[0.16] R26[0.34] A1[0.08] G2[0.04] G3[0.08];0.39;0.56;0.02;0.44;0.13;0.00;0.80;0.70;0.1785;0.2917;1
5;5;Agent_1;orders came from the seed rule base (rules as-is);0;0;R7[0.02] R20[0.19] R26[0.11] A1[0.68] G2[0.31] G1[0.28];0.23;0.46;0.01;0.86;0.61;0.00;0.91;0.12;0.1578;0.2277;1
5;5;Agent_2;orders came from the seed rule base (rules as-is);0;0;R11[0.23] R15[0.03] R20[0.01] R26[0.03] G8[0.01] G9[0.03];0.01;0.13;0.02;0.00;0.27;0.25;0.88;0.12;0.1578;0.2277;0
5;5;Agent_3;orders came from the seed rule base (rules as-is);0;0;R7[0.04] R20[0.05] R26[0.11] A1[0.08] G2[0.04] G1[0.08];0.18;0.20;0.02;0.52;0.16;0.00;0.89;0.12;0.1578;0.2277;1
5;5;Agent_1;orders came from the seed rule base (rules as-is);0;0;R7[0.02] R20[0.37] R26[0.36] A1[0.69] G2[0.31] G3[0.38];0.32;0.54;0.01;0.89;0.65;0.00;0.82;0.70;0.1883;0.2920;1
5;5;Agent_2;orders came from the seed rule base (rules as-is);0;0;R7[0.17] R11[0.23] R15[0.23] R20[0.20] R26[0.35] A1[0.18];0.28;0.55;0.24;0.88;0.70;0.41;0.70;0.68;0.1883;0.2920;1
5;5;Agent_3;orders came from the seed rule base (rules as-is);0;0;R7[0.04] R20[0.17] R26[0.35] A1[0.08] G2[0.04] G3[0.08];0.40;0.57;0.02;0.43;0.13;0.00;0.80;0.70;0.1883;0.2920;1
6;6;Agent_1;orders came from the seed rule base (rules as-is);0;0;R7[0.02] R20[0.20] R26[0.13] A1[0.68] G2[0.31] G1[0.24];0.24;0.46;0.01;0.86;0.62;0.00;0.91;0.12;0.1575;0.2305;1
6;6;Agent_2;orders came from the seed rule base (rules as-is);0;0;R11[0.23] R15[0.02] R26[0.02] G9[0.02];0.01;0.13;0.02;0.00;0.27;0.24;0.88;0.12;0.1575;0.2305;0
6;6;Agent_3;orders came from the seed rule base (rules as-is);0;0;R7[0.04] R20[0.06] R26[0.13] A1[0.08] G2[0.04] G1[0.08];0.20;0.23;0.02;0.53;0.16;0.00;0.89;0.12;0.1575;0.2305;1
6;6;Agent_1;orders came from the seed rule base (rules as-is);0;0;R7[0.02] R20[0.38] R26[0.36] A1[0.69] G2[0.31] G3[0.38];0.32;0.54;0.01;0.89;0.65;0.00;0.82;0.70;0.1970;0.2923;1
6;6;Agent_2;orders came from the seed rule base (rules as-is);0;0;R7[0.17] R11[0.23] R15[0.23] R20[0.20] R26[0.35] A1[0.18];0.28;0.55;0.24;0.88;0.70;0.41;0.70;0.68;0.1970;0.2923;1
6;6;Agent_3;orders came from the seed rule base (rules as-is);0;0;R7[0.04] R20[0.17] R26[0.35] A1[0.08] G2[0.04] G3[0.08];0.40;0.57;0.02;0.43;0.13;0.00;0.80;0.70;0.1970;0.2923;1
7;7;Agent_1;orders came from the seed rule base (rules as-is);0;0;R7[0.02] R20[0.20] R26[0.14] A1[0.68] G2[0.31] G1[0.21];0.25;0.46;0.01;0.86;0.62;0.00;0.91;0.12;0.1613;0.2398;1
7;7;Agent_2;orders came from the seed rule base (rules as-is);0;0;R11[0.23] R15[0.02] R26[0.02] G9[0.02];0.01;0.13;0.02;0.00;0.26;0.24;0.88;0.12;0.1613;0.2398;0
7;7;Agent_3;orders came from the seed rule base (rules as-is);0;0;R7[0.04] R20[0.07] R26[0.15] A1[0.08] G2[0.04] G1[0.08];0.21;0.26;0.02;0.53;0.16;0.00;0.90;0.12;0.1613;0.2398;1
7;7;Agent_1;orders came from the seed rule base (rules as-is);0;0;R7[0.02] R20[0.38] R26[0.36] A1[0.69] G2[0.31] G3[0.38];0.32;0.54;0.01;0.89;0.65;0.00;0.82;0.70;0.2066;0.2922;1
7;7;Agent_2;orders came from the seed rule base (rules as-is);0;0;R7[0.17] R11[0.23] R15[0.23] R20[0.20] R26[0.35] A1[0.18];0.28;0.55;0.24;0.88;0.70;0.41;0.70;0.68;0.2066;0.2922;1
7;7;Agent_3;orders came from the seed rule base (rules as-is);0;0;R7[0.04] R20[0.17] R26[0.35] A1[0.08] G2[0.04] G3[0.08];0.40;0.57;0.02;0.43;0.13;0.00;0.79;0.70;0.2066;0.2922;1
8;8;Agent_1;orders came from the seed rule base (rules as-is);0;0;R7[0.02] R20[0.20] R26[0.16] A1[0.68] G2[0.31] G1[0.19];0.26;0.47;0.01;0.86;0.62;0.00;0.91;0.12;0.1643;0.2367;1
8;8;Agent_2;orders came from the seed rule base (rules as-is);0;0;R11[0.23] R15[0.02] R26[0.02] G9[0.02];0.01;0.12;0.02;0.00;0.26;0.24;0.88;0.12;0.1643;0.2367;0
8;8;Agent_3;orders came from the seed rule base (rules as-is);0;0;R7[0.04] R20[0.08] R26[0.16] A1[0.08] G2[0.04] G1[0.08];0.22;0.28;0.02;0.54;0.16;0.00;0.90;0.12;0.1643;0.2367;1
8;8;Agent_1;orders came from the seed rule base (rules as-is);0;0;R7[0.02] R20[0.38] R26[0.36] A1[0.69] G2[0.31] G3[0.38];0.32;0.54;0.01;0.89;0.65;0.00;0.82;0.70;0.1735;0.2926;1
8;8;Agent_2;orders came from the seed rule base (rules as-is);0;0;R7[0.17] R11[0.23] R15[0.23] R20[0.20] R26[0.35] A1[0.18];0.28;0.55;0.24;0.88;0.70;0.41;0.70;0.68;0.1735;0.2926;1
8;8;Agent_3;orders came from the seed rule base (rules as-is);0;0;R7[0.04] R20[0.17] R26[0.35] A1[0.08] G2[0.04] G3[0.08];0.40;0.57;0.02;0.43;0.13;0.00;0.79;0.70;0.1735;0.2926;1
9;9;Agent_1;orders came from the seed rule base (rules as-is);0;0;R7[0.02] R20[0.21] R26[0.17] A1[0.68] G2[0.31] G1[0.17];0.26;0.47;0.01;0.86;0.62;0.00;0.91;0.12;0.1654;0.2351;1
9;9;Agent_2;orders came from the seed rule base (rules as-is);0;0;R11[0.23] R15[0.02] R26[0.02] G9[0.02];0.01;0.12;0.02;0.00;0.26;0.24;0.88;0.12;0.1654;0.2351;0
9;9;Agent_3;orders came from the seed rule base (rules as-is);0;0;R7[0.04] R20[0.08] R26[0.17] A1[0.08] G2[0.04] G1[0.08];0.23;0.29;0.02;0.54;0.16;0.00;0.90;0.12;0.1654;0.2351;1
9;9;Agent_1;orders came from the seed rule base (rules as-is);0;0;R7[0.02] R20[0.38] R26[0.36] A1[0.69] G2[0.31] G3[0.38];0.32;0.54;0.01;0.89;0.65;0.00;0.82;0.70;0.1811;0.2925;1
9;9;Agent_2;orders came from the seed rule base (rules as-is);0;0;R7[0.17] R11[0.23] R15[0.23] R20[0.20] R26[0.35] A1[0.18];0.28;0.55;0.24;0.88;0.70;0.41;0.70;0.68;0.1811;0.2925;1
9;9;Agent_3;orders came from the seed rule base (rules as-is);0;0;R7[0.04] R20[0.17] R26[0.35] A1[0.08] G2[0.04] G3[0.08];0.40;0.57;0.02;0.43;0.13;0.00;0.79;0.70;0.1811;0.2925;1
10;10;Agent_1;orders came from the seed rule base (rules as-is);0;0;R7[0.02] R20[0.21] R26[0.17] A1[0.68] G2[0.31] G1[0.16];0.27;0.47;0.01;0.87;0.62;0.00;0.92;0.12;0.1650;0.2389;1
10;10;Agent_2;orders came from the seed rule base (rules as-is);0;0;R11[0.23] R15[0.02] R26[0.02] G9[0.02];0.01;0.12;0.02;0.00;0.26;0.24;0.88;0.12;0.1650;0.2389;0
10;10;Agent_3;orders came from the seed rule base (rules as-is);0;0;R7[0.04] R20[0.08] R26[0.18] A1[0.08] G2[0.04] G1[0.08];0.24;0.30;0.02;0.54;0.16;0.00;0.90;0.12;0.1650;0.2389;1
10;10;Agent_1;orders came from the seed rule base (rules as-is);0;0;R7[0.02] R20[0.38] R26[0.36] A1[0.69] G2[0.31] G3[0.38];0.32;0.54;0.01;0.89;0.65;0.00;0.82;0.70;0.1852;0.2923;1
10;10;Agent_2;orders came from the seed rule base (rules as-is);0;0;R7[0.17] R11[0.23] R15[0.23] R20[0.20] R26[0.35] A1[0.18];0.28;0.55;0.24;0.88;0.70;0.41;0.70;0.68;0.1852;0.2923;1
10;10;Agent_3;orders came from the seed rule base (rules as-is);0;0;R7[0.04] R20[0.17] R26[0.35] A1[0.08] G2[0.04] G3[0.08];0.40;0.57;0.02;0.43;0.13;0.00;0.79;0.70;0.1852;0.2923;1
11;11;Agent_1;RL selected stage 1 [evFIS] (deficit bucket: mid) → rejected (no improving perturbation found | seed-base decision stands, its orders are applied);1;0;R7[0.02] R20[0.21] R26[0.18] A1[0.68] G2[0.31] G1[0.15];0.27;0.47;0.01;0.87;0.62;0.00;0.92;0.11;0.1648;0.2414;1
11;11;Agent_2;RL selected stage 1 [evFIS] (deficit bucket: mid) → rejected (no improving perturbation found | seed-base decision stands, its orders are applied);1;0;R11[0.23] R15[0.02] R26[0.02] G9[0.02];0.01;0.12;0.02;0.00;0.26;0.24;0.88;0.11;0.1648;0.2414;0
11;11;Agent_3;RL selected stage 1 [evFIS] (deficit bucket: mid) → rejected (no improving perturbation found | seed-base decision stands, its orders are applied);1;0;R7[0.04] R20[0.09] R26[0.18] A1[0.08] G2[0.04] G1[0.08];0.25;0.31;0.02;0.54;0.16;0.00;0.90;0.11;0.1648;0.2414;1
11;11;Agent_1;RL selected stage 2 [resolution increase] (deficit bucket: mid) → rejected (cell already covered — an active rule sits on this antecedent cell; numeric tuning of an existing cell is stage ① evFIS's job | seed-base decision stands, its orders are applied);2;0;R7[0.02] R20[0.37] R26[0.36] A1[0.69] G2[0.31] G3[0.38];0.32;0.54;0.01;0.89;0.65;0.00;0.82;0.70;0.0939;0.2926;1
11;11;Agent_2;RL selected stage 2 [resolution increase] (deficit bucket: mid) → rejected (cell already covered — an active rule sits on this antecedent cell; numeric tuning of an existing cell is stage ① evFIS's job | seed-base decision stands, its orders are applied);2;0;R7[0.17] R11[0.23] R15[0.23] R20[0.20] R26[0.35] A1[0.18];0.28;0.55;0.24;0.88;0.70;0.41;0.70;0.68;0.0939;0.2926;1
11;11;Agent_3;RL selected stage 2 [resolution increase] (deficit bucket: mid) → rejected (cell already covered — an active rule sits on this antecedent cell; numeric tuning of an existing cell is stage ① evFIS's job | seed-base decision stands, its orders are applied);2;0;R7[0.04] R20[0.17] R26[0.35] A1[0.08] G2[0.04] G3[0.08];0.40;0.57;0.02;0.43;0.13;0.00;0.79;0.70;0.0939;0.2926;1
12;12;Agent_1;orders came from the seed rule base (rules as-is);0;0;R7[0.02] R20[0.21] R26[0.18] A1[0.68] G2[0.31] G1[0.14];0.27;0.47;0.01;0.87;0.62;0.00;0.92;0.11;0.1667;0.2384;1
12;12;Agent_2;orders came from the seed rule base (rules as-is);0;0;R11[0.23] R15[0.02] R26[0.02] G9[0.02];0.01;0.12;0.02;0.00;0.26;0.24;0.88;0.11;0.1667;0.2384;0
12;12;Agent_3;orders came from the seed rule base (rules as-is);0;0;R7[0.04] R20[0.09] R26[0.19] A1[0.08] G2[0.04] G1[0.08];0.25;0.32;0.02;0.54;0.16;0.00;0.90;0.11;0.1667;0.2384;1
12;12;Agent_1;orders came from the seed rule base (rules as-is);0;0;R7[0.02] R20[0.37] R26[0.36] A1[0.69] G2[0.31] G3[0.38];0.32;0.54;0.01;0.89;0.65;0.00;0.82;0.70;0.0992;0.2927;1
12;12;Agent_2;orders came from the seed rule base (rules as-is);0;0;R7[0.17] R11[0.23] R15[0.23] R20[0.20] R26[0.35] A1[0.18];0.28;0.55;0.24;0.88;0.70;0.41;0.70;0.68;0.0992;0.2927;1
12;12;Agent_3;orders came from the seed rule base (rules as-is);0;0;R7[0.04] R20[0.17] R26[0.35] A1[0.08] G2[0.04] G3[0.08];0.40;0.57;0.02;0.43;0.13;0.00;0.79;0.70;0.0992;0.2927;1
13;13;Agent_1;orders came from the seed rule base (rules as-is);0;0;R7[0.02] R20[0.21] R26[0.19] A1[0.68] G2[0.31] G1[0.13];0.28;0.47;0.01;0.87;0.62;0.00;0.92;0.11;0.1660;0.2406;1
13;13;Agent_2;orders came from the seed rule base (rules as-is);0;0;R11[0.23] R15[0.02] R26[0.02] G9[0.02];0.01;0.12;0.02;0.00;0.26;0.24;0.88;0.11;0.1660;0.2406;0
13;13;Agent_3;orders came from the seed rule base (rules as-is);0;0;R7[0.04] R20[0.09] R26[0.19] A1[0.08] G2[0.04] G1[0.08];0.25;0.32;0.02;0.54;0.16;0.00;0.89;0.11;0.1660;0.2406;1
13;13;Agent_1;orders came from the seed rule base (rules as-is);0;0;R7[0.02] R20[0.37] R26[0.36] A1[0.69] G2[0.31] G3[0.38];0.32;0.54;0.01;0.89;0.65;0.00;0.82;0.70;0.0953;0.2928;1
13;13;Agent_2;orders came from the seed rule base (rules as-is);0;0;R7[0.17] R11[0.23] R15[0.23] R20[0.20] R26[0.35] A1[0.18];0.28;0.55;0.24;0.88;0.70;0.41;0.70;0.68;0.0953;0.2928;1
13;13;Agent_3;orders came from the seed rule base (rules as-is);0;0;R7[0.04] R20[0.17] R26[0.35] A1[0.08] G2[0.04] G3[0.08];0.40;0.57;0.02;0.43;0.13;0.00;0.79;0.70;0.0953;0.2928;1
14;14;Agent_1;orders came from the seed rule base (rules as-is);0;0;R7[0.02] R20[0.21] R26[0.19] A1[0.68] G2[0.31] G1[0.12];0.28;0.47;0.01;0.87;0.62;0.00;0.92;0.11;0.1662;0.2398;1
14;14;Agent_2;orders came from the seed rule base (rules as-is);0;0;R11[0.23] R15[0.02] R26[0.02] G9[0.02];0.01;0.12;0.02;0.00;0.26;0.24;0.88;0.11;0.1662;0.2398;0
14;14;Agent_3;orders came from the seed rule base (rules as-is);0;0;R7[0.04] R20[0.09] R26[0.19] A1[0.08] G2[0.04] G1[0.08];0.26;0.33;0.02;0.54;0.16;0.00;0.89;0.11;0.1662;0.2398;1
14;14;Agent_1;orders came from the seed rule base (rules as-is);0;0;R7[0.02] R20[0.37] R26[0.36] A1[0.68] G2[0.31] G3[0.38];0.32;0.54;0.01;0.89;0.65;0.00;0.82;0.70;0.0901;0.2926;1
14;14;Agent_2;orders came from the seed rule base (rules as-is);0;0;R7[0.17] R11[0.23] R15[0.23] R20[0.20] R26[0.35] A1[0.18];0.28;0.55;0.24;0.88;0.70;0.41;0.70;0.68;0.0901;0.2926;1
14;14;Agent_3;orders came from the seed rule base (rules as-is);0;0;R7[0.04] R20[0.17] R26[0.35] A1[0.08] G2[0.04] G3[0.08];0.40;0.57;0.02;0.43;0.13;0.00;0.79;0.70;0.0901;0.2926;1
15;15;Agent_1;orders came from the seed rule base (rules as-is);0;0;R7[0.02] R20[0.21] R26[0.19] A1[0.68] G2[0.31] G1[0.12];0.28;0.47;0.01;0.87;0.62;0.00;0.92;0.11;0.1642;0.2468;1
15;15;Agent_2;orders came from the seed rule base (rules as-is);0;0;R11[0.23] R15[0.02] R26[0.02] G9[0.02];0.01;0.12;0.02;0.00;0.26;0.24;0.88;0.11;0.1642;0.2468;0
15;15;Agent_3;orders came from the seed rule base (rules as-is);0;0;R7[0.04] R20[0.09] R26[0.20] A1[0.08] G2[0.04] G1[0.08];0.26;0.33;0.02;0.54;0.16;0.00;0.89;0.11;0.1642;0.2468;1
15;15;Agent_1;orders came from the seed rule base (rules as-is);0;0;R7[0.02] R20[0.37] R26[0.36] A1[0.68] G2[0.31] G3[0.38];0.32;0.55;0.01;0.89;0.65;0.00;0.82;0.70;0.0948;0.2927;1
15;15;Agent_2;orders came from the seed rule base (rules as-is);0;0;R7[0.17] R11[0.23] R15[0.23] R20[0.20] R26[0.35] A1[0.18];0.28;0.55;0.24;0.88;0.70;0.41;0.70;0.68;0.0948;0.2927;1
15;15;Agent_3;orders came from the seed rule base (rules as-is);0;0;R7[0.04] R20[0.17] R26[0.35] A1[0.08] G2[0.04] G3[0.08];0.40;0.57;0.02;0.43;0.13;0.00;0.79;0.70;0.0948;0.2927;1
16;16;Agent_1;orders came from the seed rule base (rules as-is);0;0;R7[0.02] R20[0.21] R26[0.19] A1[0.68] G2[0.31] G1[0.12];0.28;0.47;0.01;0.87;0.62;0.00;0.92;0.11;0.1684;0.2451;1
16;16;Agent_2;orders came from the seed rule base (rules as-is);0;0;R11[0.23] R15[0.02] R26[0.02] G9[0.02];0.01;0.12;0.02;0.00;0.26;0.24;0.88;0.11;0.1684;0.2451;0
16;16;Agent_3;orders came from the seed rule base (rules as-is);0;0;R7[0.04] R20[0.09] R26[0.20] A1[0.08] G2[0.04] G1[0.08];0.26;0.33;0.02;0.54;0.16;0.00;0.89;0.11;0.1684;0.2451;1
16;16;Agent_1;orders came from the seed rule base (rules as-is);0;0;R7[0.02] R20[0.37] R26[0.36] A1[0.68] G2[0.31] G3[0.38];0.32;0.55;0.01;0.89;0.65;0.00;0.82;0.70;0.0954;0.2927;1
16;16;Agent_2;orders came from the seed rule base (rules as-is);0;0;R7[0.17] R11[0.23] R15[0.23] R20[0.20] R26[0.35] A1[0.18];0.28;0.55;0.24;0.88;0.70;0.41;0.70;0.68;0.0954;0.2927;1
16;16;Agent_3;orders came from the seed rule base (rules as-is);0;0;R7[0.04] R20[0.17] R26[0.35] A1[0.08] G2[0.04] G3[0.08];0.40;0.57;0.02;0.43;0.13;0.00;0.79;0.70;0.0954;0.2927;1
17;17;Agent_1;orders came from the seed rule base (rules as-is);0;0;R7[0.02] R20[0.21] R26[0.19] A1[0.68] G2[0.31] G1[0.11];0.28;0.47;0.01;0.87;0.62;0.00;0.92;0.11;0.1632;0.2486;1
17;17;Agent_2;orders came from the seed rule base (rules as-is);0;0;R11[0.23] R15[0.02] R26[0.02] G9[0.02];0.01;0.12;0.02;0.00;0.26;0.24;0.88;0.11;0.1632;0.2486;0
17;17;Agent_3;orders came from the seed rule base (rules as-is);0;0;R7[0.04] R20[0.09] R26[0.20] A1[0.08] G2[0.04] G1[0.08];0.26;0.33;0.02;0.54;0.16;0.00;0.89;0.11;0.1632;0.2486;1
17;17;Agent_1;orders came from the seed rule base (rules as-is);0;0;R7[0.02] R20[0.37] R26[0.35] A1[0.68] G2[0.31] G3[0.38];0.32;0.55;0.01;0.89;0.65;0.00;0.82;0.70;0.0909;0.2927;1
17;17;Agent_2;orders came from the seed rule base (rules as-is);0;0;R7[0.17] R11[0.23] R15[0.23] R20[0.20] R26[0.35] A1[0.18];0.28;0.55;0.24;0.88;0.70;0.41;0.70;0.68;0.0909;0.2927;1
17;17;Agent_3;orders came from the seed rule base (rules as-is);0;0;R7[0.04] R20[0.17] R26[0.35] A1[0.08] G2[0.04] G3[0.08];0.40;0.57;0.02;0.43;0.13;0.00;0.79;0.70;0.0909;0.2927;1
18;18;Agent_1;orders came from the seed rule base (rules as-is);0;0;R7[0.02] R20[0.21] R26[0.20] A1[0.68] G2[0.31] G1[0.11];0.28;0.47;0.01;0.87;0.62;0.00;0.92;0.11;0.1606;0.2477;1
18;18;Agent_2;orders came from the seed rule base (rules as-is);0;0;R11[0.23] R15[0.02] R26[0.02] G9[0.02];0.01;0.12;0.02;0.00;0.26;0.24;0.88;0.11;0.1606;0.2477;0
18;18;Agent_3;orders came from the seed rule base (rules as-is);0;0;R7[0.04] R20[0.09] R26[0.20] A1[0.08] G2[0.04] G1[0.08];0.26;0.33;0.02;0.54;0.16;0.00;0.89;0.11;0.1606;0.2477;1
18;18;Agent_1;orders came from the seed rule base (rules as-is);0;0;R7[0.02] R20[0.37] R26[0.35] A1[0.68] G2[0.31] G3[0.38];0.32;0.55;0.01;0.89;0.65;0.00;0.82;0.70;0.0889;0.2926;1
18;18;Agent_2;orders came from the seed rule base (rules as-is);0;0;R7[0.17] R11[0.23] R15[0.23] R20[0.20] R26[0.35] A1[0.18];0.28;0.55;0.24;0.88;0.70;0.41;0.70;0.68;0.0889;0.2926;1
18;18;Agent_3;orders came from the seed rule base (rules as-is);0;0;R7[0.04] R20[0.17] R26[0.35] A1[0.08] G2[0.04] G3[0.08];0.40;0.57;0.02;0.43;0.13;0.00;0.79;0.70;0.0889;0.2926;1
19;19;Agent_1;orders came from the seed rule base (rules as-is);0;0;R7[0.02] R20[0.21] R26[0.20] A1[0.68] G2[0.31] G1[0.11];0.28;0.47;0.01;0.87;0.62;0.00;0.92;0.11;0.1626;0.2455;1
19;19;Agent_2;orders came from the seed rule base (rules as-is);0;0;R11[0.23] R15[0.02] R26[0.02] G9[0.02];0.01;0.12;0.02;0.00;0.26;0.24;0.88;0.11;0.1626;0.2455;0
19;19;Agent_3;orders came from the seed rule base (rules as-is);0;0;R7[0.04] R20[0.09] R26[0.20] A1[0.08] G2[0.04] G1[0.08];0.26;0.33;0.02;0.54;0.16;0.00;0.89;0.11;0.1626;0.2455;1
19;19;Agent_1;orders came from the seed rule base (rules as-is);0;0;R7[0.02] R20[0.37] R26[0.35] A1[0.68] G2[0.31] G3[0.38];0.32;0.55;0.01;0.89;0.65;0.00;0.82;0.70;0.0956;0.2929;1
19;19;Agent_2;orders came from the seed rule base (rules as-is);0;0;R7[0.17] R11[0.23] R15[0.23] R20[0.20] R26[0.35] A1[0.18];0.28;0.55;0.24;0.88;0.70;0.41;0.70;0.68;0.0956;0.2929;1
19;19;Agent_3;orders came from the seed rule base (rules as-is);0;0;R7[0.04] R20[0.17] R26[0.35] A1[0.08] G2[0.04] G3[0.08];0.40;0.57;0.02;0.43;0.13;0.00;0.79;0.69;0.0956;0.2929;1
20;20;Agent_1;orders came from the seed rule base (rules as-is);0;0;R7[0.02] R20[0.21] R26[0.20] A1[0.68] G2[0.31] G1[0.11];0.28;0.47;0.01;0.87;0.62;0.00;0.92;0.11;0.1752;0.2433;1
20;20;Agent_2;orders came from the seed rule base (rules as-is);0;0;R11[0.23] R15[0.02] R26[0.02] G9[0.02];0.01;0.12;0.02;0.01;0.26;0.24;0.89;0.11;0.1752;0.2433;0
20;20;Agent_3;orders came from the seed rule base (rules as-is);0;0;R7[0.04] R20[0.09] R26[0.20] A1[0.08] G2[0.04] G1[0.08];0.26;0.33;0.02;0.53;0.16;0.00;0.89;0.11;0.1752;0.2433;1
20;20;Agent_1;orders came from the seed rule base (rules as-is);0;0;R7[0.02] R20[0.37] R26[0.35] A1[0.68] G2[0.31] G3[0.38];0.32;0.55;0.01;0.89;0.65;0.00;0.83;0.70;0.0917;0.2926;1
20;20;Agent_2;orders came from the seed rule base (rules as-is);0;0;R7[0.17] R11[0.23] R15[0.23] R20[0.20] R26[0.35] A1[0.18];0.28;0.55;0.24;0.88;0.70;0.41;0.70;0.68;0.0917;0.2926;1
20;20;Agent_3;orders came from the seed rule base (rules as-is);0;0;R7[0.04] R20[0.17] R26[0.35] A1[0.08] G2[0.04] G3[0.08];0.40;0.57;0.02;0.43;0.13;0.00;0.79;0.69;0.0917;0.2926;1
21;21;Agent_1;RL selected stage 1 [evFIS] (deficit bucket: mid) → rejected (no improving perturbation found | seed-base decision stands, its orders are applied);1;0;R7[0.02] R20[0.21] R26[0.20] A1[0.68] G2[0.31] G1[0.11];0.28;0.47;0.01;0.87;0.62;0.00;0.92;0.11;0.1724;0.2424;1
21;21;Agent_2;RL selected stage 1 [evFIS] (deficit bucket: mid) → rejected (no improving perturbation found | seed-base decision stands, its orders are applied);1;0;R11[0.23] R15[0.02] R26[0.02] G9[0.02];0.01;0.12;0.02;0.01;0.26;0.24;0.89;0.11;0.1724;0.2424;0
21;21;Agent_3;RL selected stage 1 [evFIS] (deficit bucket: mid) → rejected (no improving perturbation found | seed-base decision stands, its orders are applied);1;0;R7[0.04] R20[0.09] R26[0.20] A1[0.08] G2[0.04] G1[0.08];0.26;0.33;0.02;0.53;0.16;0.00;0.89;0.11;0.1724;0.2424;1
21;21;Agent_1;orders came from the seed rule base (rules as-is);0;0;R7[0.02] R20[0.37] R26[0.35] A1[0.68] G2[0.31] G3[0.38];0.32;0.55;0.01;0.89;0.65;0.00;0.83;0.70;0.1021;0.2926;1
21;21;Agent_2;orders came from the seed rule base (rules as-is);0;0;R7[0.17] R11[0.23] R15[0.23] R20[0.20] R26[0.35] A1[0.18];0.28;0.55;0.24;0.88;0.70;0.41;0.70;0.68;0.1021;0.2926;1
21;21;Agent_3;orders came from the seed rule base (rules as-is);0;0;R7[0.04] R20[0.17] R26[0.35] A1[0.08] G2[0.04] G3[0.08];0.40;0.57;0.02;0.43;0.13;0.00;0.79;0.69;0.1021;0.2926;1
22;22;Agent_1;orders came from the seed rule base (rules as-is);0;0;R7[0.02] R20[0.21] R26[0.20] A1[0.68] G2[0.31] G1[0.10];0.28;0.47;0.01;0.87;0.62;0.00;0.92;0.11;0.1857;0.2444;1
22;22;Agent_2;orders came from the seed rule base (rules as-is);0;0;R11[0.23] R15[0.02] R26[0.02] G9[0.02];0.01;0.12;0.02;0.01;0.26;0.24;0.89;0.11;0.1857;0.2444;0
22;22;Agent_3;orders came from the seed rule base (rules as-is);0;0;R7[0.04] R20[0.09] R26[0.20] A1[0.08] G2[0.04] G1[0.08];0.26;0.33;0.02;0.53;0.16;0.00;0.89;0.11;0.1857;0.2444;1
22;22;Agent_1;RL selected stage 1 [evFIS] (deficit bucket: mid) → rejected (no improving perturbation found | seed-base decision stands, its orders are applied);1;0;R7[0.02] R20[0.37] R26[0.35] A1[0.68] G2[0.31] G3[0.38];0.32;0.55;0.01;0.89;0.65;0.00;0.83;0.70;0.0983;0.2925;1
22;22;Agent_2;RL selected stage 1 [evFIS] (deficit bucket: mid) → rejected (no improving perturbation found | seed-base decision stands, its orders are applied);1;0;R7[0.17] R11[0.23] R15[0.23] R20[0.20] R26[0.35] A1[0.18];0.28;0.55;0.24;0.88;0.70;0.41;0.70;0.68;0.0983;0.2925;1
22;22;Agent_3;RL selected stage 1 [evFIS] (deficit bucket: mid) → rejected (no improving perturbation found | seed-base decision stands, its orders are applied);1;0;R7[0.04] R20[0.17] R26[0.35] A1[0.08] G2[0.04] G3[0.08];0.40;0.57;0.02;0.43;0.13;0.00;0.79;0.69;0.0983;0.2925;1
23;23;Agent_1;orders came from the seed rule base (rules as-is);0;0;R7[0.02] R20[0.21] R26[0.20] A1[0.68] G2[0.31] G1[0.10];0.27;0.47;0.01;0.87;0.62;0.00;0.92;0.10;0.1667;0.2440;1
23;23;Agent_2;orders came from the seed rule base (rules as-is);0;0;R11[0.23] R15[0.02] R26[0.02] G9[0.02];0.01;0.12;0.02;0.01;0.26;0.24;0.89;0.10;0.1667;0.2440;0
23;23;Agent_3;orders came from the seed rule base (rules as-is);0;0;R7[0.04] R20[0.09] R26[0.20] A1[0.08] G2[0.04] G1[0.08];0.26;0.33;0.02;0.53;0.16;0.00;0.89;0.10;0.1667;0.2440;1
23;23;Agent_1;orders came from the seed rule base (rules as-is);0;0;R7[0.02] R20[0.37] R26[0.35] A1[0.68] G2[0.31] G3[0.38];0.32;0.55;0.01;0.89;0.65;0.00;0.83;0.70;0.0918;0.2926;1
23;23;Agent_2;orders came from the seed rule base (rules as-is);0;0;R7[0.17] R11[0.23] R15[0.23] R20[0.20] R26[0.35] A1[0.18];0.28;0.55;0.24;0.88;0.70;0.41;0.70;0.68;0.0918;0.2926;1
23;23;Agent_3;orders came from the seed rule base (rules as-is);0;0;R7[0.04] R20[0.17] R26[0.35] A1[0.08] G2[0.04] G3[0.08];0.40;0.57;0.02;0.43;0.13;0.00;0.79;0.69;0.0918;0.2926;1
24;24;Agent_1;orders came from the seed rule base (rules as-is);0;0;R7[0.02] R20[0.21] R26[0.19] A1[0.68] G2[0.31] G1[0.10];0.27;0.47;0.01;0.87;0.62;0.00;0.92;0.10;0.1669;0.2519;1
24;24;Agent_2;orders came from the seed rule base (rules as-is);0;0;R7[0.01] R11[0.23] R15[0.02] R26[0.02] A1[0.01] G2[0.01];0.02;0.13;0.02;0.08;0.28;0.24;0.90;0.10;0.1669;0.2519;0
24;24;Agent_3;orders came from the seed rule base (rules as-is);0;0;R7[0.04] R20[0.09] R26[0.20] A1[0.08] G2[0.04] G1[0.08];0.26;0.33;0.02;0.53;0.16;0.00;0.89;0.10;0.1669;0.2519;1
24;24;Agent_1;orders came from the seed rule base (rules as-is);0;0;R7[0.02] R20[0.37] R26[0.35] A1[0.68] G2[0.31] G3[0.38];0.32;0.55;0.01;0.89;0.65;0.00;0.83;0.70;0.0938;0.2935;1
24;24;Agent_2;orders came from the seed rule base (rules as-is);0;0;R7[0.17] R11[0.23] R15[0.23] R20[0.20] R26[0.35] A1[0.18];0.28;0.55;0.24;0.88;0.70;0.41;0.70;0.68;0.0938;0.2935;1
24;24;Agent_3;orders came from the seed rule base (rules as-is);0;0;R7[0.04] R20[0.17] R26[0.35] A1[0.08] G2[0.04] G3[0.08];0.40;0.57;0.02;0.43;0.13;0.00;0.79;0.69;0.0938;0.2935;1
25;25;Agent_1;orders came from the seed rule base (rules as-is);0;0;R7[0.02] R20[0.21] R26[0.20] A1[0.69] G2[0.31] G1[0.08];0.28;0.47;0.01;0.87;0.63;0.00;0.95;0.10;0.3074;0.2960;1
25;25;Agent_2;orders came from the seed rule base (rules as-is);0;0;R7[0.17] R11[0.23] R15[0.06] R20[0.03] R26[0.06] A1[0.18];0.13;0.32;0.12;0.86;0.64;0.27;0.78;0.10;0.3074;0.2960;1
25;25;Agent_3;orders came from the seed rule base (rules as-is);0;0;R7[0.04] R20[0.09] R26[0.20] A1[0.08] G2[0.04] G1[0.08];0.26;0.33;0.02;0.47;0.13;0.00;0.85;0.10;0.3074;0.2960;1
25;25;Agent_1;orders came from the seed rule base (rules as-is);0;0;R7[0.02] R20[0.37] R26[0.35] A1[0.68] G2[0.31] G3[0.38];0.32;0.55;0.01;0.89;0.65;0.00;0.83;0.70;0.1023;0.2928;1
25;25;Agent_2;orders came from the seed rule base (rules as-is);0;0;R7[0.17] R11[0.23] R15[0.23] R20[0.20] R26[0.35] A1[0.18];0.28;0.55;0.24;0.88;0.70;0.41;0.70;0.68;0.1023;0.2928;1
25;25;Agent_3;orders came from the seed rule base (rules as-is);0;0;R7[0.04] R20[0.17] R26[0.35] A1[0.08] G2[0.04] G3[0.08];0.40;0.57;0.02;0.43;0.13;0.00;0.79;0.69;0.1023;0.2928;1
26;26;Agent_1;orders came from the seed rule base (rules as-is);0;0;R7[0.02] R20[0.21] R26[0.20] A1[0.69] G2[0.31] G1[0.07];0.29;0.48;0.01;0.87;0.63;0.00;0.95;0.10;0.3081;0.2963;1
26;26;Agent_2;orders came from the seed rule base (rules as-is);0;0;R7[0.17] R11[0.23] R15[0.08] R20[0.05] R26[0.08] A1[0.19];0.16;0.37;0.14;0.86;0.69;0.29;0.76;0.10;0.3081;0.2963;1
26;26;Agent_3;orders came from the seed rule base (rules as-is);0;0;R7[0.04] R20[0.09] R26[0.20] A1[0.08] G2[0.04] G1[0.07];0.26;0.33;0.02;0.46;0.13;0.00;0.85;0.10;0.3081;0.2963;1
26;26;Agent_1;orders came from the seed rule base (rules as-is);0;0;R7[0.02] R20[0.37] R26[0.35] A1[0.68] G2[0.31] G3[0.38];0.32;0.55;0.01;0.89;0.65;0.00;0.83;0.70;0.1234;0.2930;1
26;26;Agent_2;orders came from the seed rule base (rules as-is);0;0;R7[0.17] R11[0.23] R15[0.23] R20[0.20] R26[0.35] A1[0.18];0.28;0.55;0.24;0.88;0.70;0.41;0.70;0.68;0.1234;0.2930;1
26;26;Agent_3;orders came from the seed rule base (rules as-is);0;0;R7[0.04] R20[0.17] R26[0.35] A1[0.08] G2[0.04] G3[0.08];0.40;0.57;0.02;0.43;0.13;0.00;0.79;0.69;0.1234;0.2930;1
27;27;Agent_1;orders came from the seed rule base (rules as-is);0;0;R7[0.02] R20[0.19] R26[0.18] A1[0.62] G2[0.28] G1[0.06];0.26;0.47;0.01;0.87;0.63;0.00;0.92;0.00;0.3087;0.2965;1
27;27;Agent_2;orders came from the seed rule base (rules as-is);0;0;R7[0.17] R11[0.23] R15[0.08] R20[0.04] R26[0.08] A1[0.17];0.14;0.35;0.13;0.86;0.65;0.29;0.76;0.00;0.3087;0.2965;1
27;27;Agent_3;orders came from the seed rule base (rules as-is);0;0;R7[0.04] R20[0.08] R26[0.18] A1[0.07] G2[0.03] G1[0.06];0.23;0.30;0.02;0.42;0.12;0.00;0.87;0.00;0.3087;0.2965;1
27;27;Agent_1;orders came from the seed rule base (rules as-is);0;0;R7[0.02] R20[0.37] R26[0.35] A1[0.68] G2[0.31] G3[0.38];0.32;0.55;0.01;0.89;0.65;0.00;0.83;0.70;0.2591;0.2929;1
27;27;Agent_2;orders came from the seed rule base (rules as-is);0;0;R7[0.17] R11[0.23] R15[0.23] R20[0.20] R26[0.35] A1[0.18];0.28;0.55;0.24;0.88;0.70;0.41;0.70;0.68;0.2591;0.2929;1
27;27;Agent_3;orders came from the seed rule base (rules as-is);0;0;R7[0.04] R20[0.17] R26[0.35] A1[0.08] G2[0.04] G3[0.08];0.40;0.57;0.02;0.43;0.13;0.00;0.79;0.69;0.2591;0.2929;1
28;28;Agent_1;orders came from the seed rule base (rules as-is);0;0;R7[0.02] R20[0.32] R26[0.31] A1[0.69] G2[0.31] G1[0.02];0.31;0.49;0.01;0.88;0.65;0.00;0.86;0.70;0.3016;0.2944;1
28;28;Agent_2;orders came from the seed rule base (rules as-is);0;0;R7[0.17] R11[0.23] R15[0.23] R20[0.17] R26[0.29] A1[0.20];0.26;0.53;0.24;0.87;0.69;0.41;0.73;0.68;0.3016;0.2944;1
28;28;Agent_3;orders came from the seed rule base (rules as-is);0;0;R7[0.04] R20[0.16] R26[0.30] A1[0.08] G2[0.07] G1[0.02];0.36;0.47;0.02;0.42;0.19;0.00;0.80;0.70;0.3016;0.2944;1
28;28;Agent_1;orders came from the seed rule base (rules as-is);0;0;R7[0.02] R20[0.37] R26[0.35] A1[0.68] G2[0.31] G3[0.38];0.32;0.55;0.01;0.90;0.65;0.00;0.83;0.70;0.2455;0.2932;1
28;28;Agent_2;orders came from the seed rule base (rules as-is);0;0;R7[0.17] R11[0.23] R15[0.23] R20[0.20] R26[0.35] A1[0.18];0.28;0.55;0.24;0.88;0.70;0.41;0.70;0.68;0.2455;0.2932;1
28;28;Agent_3;orders came from the seed rule base (rules as-is);0;0;R7[0.04] R20[0.17] R26[0.35] A1[0.08] G2[0.04] G3[0.08];0.40;0.57;0.02;0.43;0.13;0.00;0.79;0.69;0.2455;0.2932;1
29;29;Agent_1;orders came from the seed rule base (rules as-is);0;0;R7[0.02] R20[0.36] R26[0.35] A1[0.69] G2[0.31] G3[0.36];0.32;0.50;0.01;0.88;0.65;0.00;0.83;0.70;0.3013;0.2945;1
29;29;Agent_2;orders came from the seed rule base (rules as-is);0;0;R7[0.17] R11[0.23] R15[0.23] R20[0.21] R26[0.36] A1[0.22];0.27;0.53;0.24;0.87;0.69;0.41;0.74;0.68;0.3013;0.2945;1
29;29;Agent_3;orders came from the seed rule base (rules as-is);0;0;R7[0.04] R20[0.20] R26[0.33] A1[0.08] G2[0.08] G3[0.08];0.39;0.53;0.02;0.40;0.25;0.00;0.79;0.70;0.3013;0.2945;1
29;29;Agent_1;orders came from the seed rule base (rules as-is);0;0;R7[0.02] R20[0.37] R26[0.35] A1[0.68] G2[0.31] G3[0.38];0.32;0.55;0.01;0.90;0.65;0.00;0.83;0.70;0.2716;0.2928;1
29;29;Agent_2;orders came from the seed rule base (rules as-is);0;0;R7[0.17] R11[0.23] R15[0.23] R20[0.20] R26[0.35] A1[0.18];0.28;0.55;0.24;0.88;0.70;0.41;0.70;0.68;0.2716;0.2928;1
29;29;Agent_3;orders came from the seed rule base (rules as-is);0;0;R7[0.04] R20[0.17] R26[0.35] A1[0.08] G2[0.04] G3[0.08];0.39;0.57;0.02;0.43;0.13;0.00;0.79;0.69;0.2716;0.2928;1
30;30;Agent_1;orders came from the seed rule base (rules as-is);0;0;R7[0.02] R20[0.37] R26[0.36] A1[0.69] G2[0.31] G3[0.37];0.32;0.50;0.01;0.88;0.65;0.00;0.82;0.70;0.3013;0.2947;1
30;30;Agent_2;orders came from the seed rule base (rules as-is);0;0;R7[0.17] R11[0.23] R15[0.23] R20[0.23] R26[0.39] A1[0.24];0.27;0.52;0.24;0.87;0.69;0.41;0.75;0.68;0.3013;0.2947;1
30;30;Agent_3;orders came from the seed rule base (rules as-is);0;0;R7[0.04] R20[0.22] R26[0.34] A1[0.08] G2[0.08] G3[0.08];0.39;0.56;0.02;0.40;0.27;0.00;0.79;0.70;0.3013;0.2947;1
30;30;Agent_1;orders came from the seed rule base (rules as-is);0;0;R7[0.02] R20[0.37] R26[0.35] A1[0.68] G2[0.31] G3[0.38];0.32;0.55;0.01;0.90;0.65;0.00;0.83;0.70;0.1037;0.2931;1
30;30;Agent_2;orders came from the seed rule base (rules as-is);0;0;R7[0.17] R11[0.23] R15[0.23] R20[0.20] R26[0.35] A1[0.18];0.28;0.55;0.24;0.88;0.70;0.41;0.70;0.68;0.1037;0.2931;1
30;30;Agent_3;orders came from the seed rule base (rules as-is);0;0;R7[0.04] R20[0.17] R26[0.35] A1[0.08] G2[0.04] G3[0.08];0.39;0.57;0.02;0.43;0.13;0.00;0.79;0.69;0.1037;0.2931;1
31;31;Agent_1;RL selected stage 3 [GenAI] (deficit bucket: high) → ACCEPTED: G11: G11: IF asset exposure risk is VH AND intervention urgency is H THEN asset protection 1.0, resource deployment 0.8 (adaptation-born: generative (template), gates G1-G4);3;3;R7[0.02] R20[0.37] R26[0.36] A1[0.69] G2[0.31] G3[0.38];0.32;0.55;0.01;0.90;0.65;0.00;0.82;0.70;0.3002;0.2947;1
31;31;Agent_2;RL selected stage 3 [GenAI] (deficit bucket: high) → ACCEPTED: G11: G11: IF asset exposure risk is VH AND intervention urgency is H THEN asset protection 1.0, resource deployment 0.8 (adaptation-born: generative (template), gates G1-G4);3;3;R7[0.17] R11[0.23] R15[0.23] R20[0.24] R26[0.40] A1[0.25];0.27;0.54;0.24;0.88;0.68;0.41;0.74;0.68;0.3002;0.2947;1
31;31;Agent_3;RL selected stage 3 [GenAI] (deficit bucket: high) → ACCEPTED: G11: G11: IF asset exposure risk is VH AND intervention urgency is H THEN asset protection 1.0, resource deployment 0.8 (adaptation-born: generative (template), gates G1-G4);3;3;R7[0.04] R20[0.23] R26[0.35] A1[0.08] G2[0.08] G3[0.08];0.40;0.59;0.02;0.47;0.29;0.00;0.81;0.70;0.3002;0.2947;1
31;31;Agent_1;orders came from the seed rule base (rules as-is);0;0;R7[0.02] R20[0.37] R26[0.34] A1[0.68] G2[0.31] G3[0.38];0.32;0.55;0.01;0.90;0.65;0.00;0.83;0.70;0.1057;0.2928;1
31;31;Agent_2;orders came from the seed rule base (rules as-is);0;0;R7[0.17] R11[0.23] R15[0.23] R20[0.20] R26[0.35] A1[0.18];0.28;0.55;0.24;0.88;0.70;0.41;0.70;0.68;0.1057;0.2928;1
31;31;Agent_3;orders came from the seed rule base (rules as-is);0;0;R7[0.04] R20[0.17] R26[0.35] A1[0.08] G2[0.04] G3[0.08];0.39;0.56;0.02;0.43;0.13;0.00;0.79;0.69;0.1057;0.2928;1
32;32;Agent_1;orders came from the seed rule base (rules as-is);0;0;R7[0.02] R20[0.37] R26[0.34] A1[0.68] G2[0.31] G3[0.38];0.32;0.55;0.01;0.90;0.65;0.00;0.83;0.70;0.2779;0.2931;1
32;32;Agent_2;orders came from the seed rule base (rules as-is);0;0;R7[0.17] R11[0.23] R15[0.23] R20[0.20] R26[0.35] A1[0.18];0.28;0.55;0.24;0.88;0.70;0.41;0.70;0.68;0.2779;0.2931;1
32;32;Agent_3;orders came from the seed rule base (rules as-is);0;0;R7[0.04] R20[0.17] R26[0.35] A1[0.08] G2[0.04] G3[0.08];0.39;0.56;0.02;0.43;0.13;0.00;0.79;0.69;0.2779;0.2931;1
33;33;Agent_1;RL selected stage 1 [evFIS] (deficit bucket: mid) → rejected (no improving perturbation found | seed-base decision stands, its orders are applied);1;0;R7[0.02] R20[0.37] R26[0.34] A1[0.68] G2[0.31] G3[0.37];0.32;0.55;0.01;0.90;0.65;0.00;0.83;0.70;0.1131;0.2926;1
33;33;Agent_2;RL selected stage 1 [evFIS] (deficit bucket: mid) → rejected (no improving perturbation found | seed-base decision stands, its orders are applied);1;0;R7[0.17] R11[0.23] R15[0.23] R20[0.20] R26[0.35] A1[0.18];0.28;0.55;0.24;0.88;0.70;0.41;0.70;0.68;0.1131;0.2926;1
33;33;Agent_3;RL selected stage 1 [evFIS] (deficit bucket: mid) → rejected (no improving perturbation found | seed-base decision stands, its orders are applied);1;0;R7[0.04] R20[0.17] R26[0.35] A1[0.08] G2[0.04] G3[0.08];0.39;0.56;0.02;0.43;0.13;0.00;0.79;0.69;0.1131;0.2926;1
34;34;Agent_1;orders came from the seed rule base (rules as-is);0;0;R7[0.02] R20[0.37] R26[0.34] A1[0.68] G2[0.31] G3[0.37];0.32;0.55;0.01;0.90;0.65;0.00;0.83;0.70;0.2891;0.2929;1
34;34;Agent_2;orders came from the seed rule base (rules as-is);0;0;R7[0.17] R11[0.23] R15[0.23] R20[0.20] R26[0.35] A1[0.18];0.28;0.55;0.24;0.88;0.70;0.41;0.70;0.68;0.2891;0.2929;1
34;34;Agent_3;orders came from the seed rule base (rules as-is);0;0;R7[0.04] R20[0.17] R26[0.35] A1[0.08] G2[0.04] G3[0.08];0.39;0.56;0.02;0.43;0.13;0.00;0.79;0.69;0.2891;0.2929;1
35;35;Agent_1;orders came from the seed rule base (rules as-is);0;0;R7[0.02] R20[0.37] R26[0.34] A1[0.68] G2[0.31] G3[0.37];0.32;0.55;0.01;0.90;0.65;0.00;0.83;0.70;0.1120;0.2926;1
35;35;Agent_2;orders came from the seed rule base (rules as-is);0;0;R7[0.17] R11[0.23] R15[0.23] R20[0.20] R26[0.35] A1[0.18];0.28;0.55;0.24;0.88;0.70;0.41;0.70;0.68;0.1120;0.2926;1
35;35;Agent_3;orders came from the seed rule base (rules as-is);0;0;R7[0.04] R20[0.17] R26[0.35] A1[0.08] G2[0.04] G3[0.08];0.39;0.56;0.02;0.43;0.13;0.00;0.79;0.69;0.1120;0.2926;1
36;36;Agent_1;orders came from the seed rule base (rules as-is);0;0;R7[0.02] R20[0.37] R26[0.34] A1[0.68] G2[0.31] G3[0.37];0.32;0.55;0.01;0.90;0.65;0.00;0.83;0.69;0.1150;0.2926;1
36;36;Agent_2;orders came from the seed rule base (rules as-is);0;0;R7[0.17] R11[0.23] R15[0.23] R20[0.20] R26[0.35] A1[0.18];0.28;0.55;0.24;0.88;0.70;0.41;0.70;0.68;0.1150;0.2926;1
36;36;Agent_3;orders came from the seed rule base (rules as-is);0;0;R7[0.04] R20[0.17] R26[0.35] A1[0.08] G2[0.04] G3[0.08];0.39;0.56;0.02;0.43;0.13;0.00;0.79;0.69;0.1150;0.2926;1
37;37;Agent_1;orders came from the seed rule base (rules as-is);0;0;R7[0.02] R20[0.37] R26[0.34] A1[0.68] G2[0.31] G3[0.37];0.32;0.55;0.01;0.90;0.65;0.00;0.83;0.69;0.1210;0.2924;1
37;37;Agent_2;orders came from the seed rule base (rules as-is);0;0;R7[0.17] R11[0.23] R15[0.23] R20[0.20] R26[0.35] A1[0.18];0.28;0.55;0.24;0.88;0.70;0.41;0.70;0.68;0.1210;0.2924;1
37;37;Agent_3;orders came from the seed rule base (rules as-is);0;0;R7[0.04] R20[0.17] R26[0.35] A1[0.08] G2[0.04] G3[0.08];0.39;0.56;0.02;0.43;0.13;0.00;0.79;0.69;0.1210;0.2924;1
38;38;Agent_1;orders came from the seed rule base (rules as-is);0;0;R7[0.02] R20[0.37] R26[0.34] A1[0.68] G2[0.31] G3[0.37];0.32;0.55;0.01;0.90;0.65;0.00;0.83;0.69;0.1204;0.2925;1
38;38;Agent_2;orders came from the seed rule base (rules as-is);0;0;R7[0.17] R11[0.23] R15[0.23] R20[0.20] R26[0.35] A1[0.18];0.28;0.55;0.24;0.88;0.70;0.41;0.70;0.68;0.1204;0.2925;1
38;38;Agent_3;orders came from the seed rule base (rules as-is);0;0;R7[0.04] R20[0.17] R26[0.35] A1[0.08] G2[0.04] G3[0.08];0.39;0.56;0.02;0.43;0.13;0.00;0.79;0.69;0.1204;0.2925;1
39;39;Agent_1;orders came from the seed rule base (rules as-is);0;0;R7[0.02] R20[0.37] R26[0.34] A1[0.68] G2[0.31] G3[0.37];0.32;0.55;0.01;0.90;0.65;0.00;0.83;0.69;0.1239;0.2923;1
39;39;Agent_2;orders came from the seed rule base (rules as-is);0;0;R7[0.17] R11[0.23] R15[0.23] R20[0.20] R26[0.35] A1[0.18];0.28;0.55;0.24;0.88;0.70;0.41;0.70;0.68;0.1239;0.2923;1
39;39;Agent_3;orders came from the seed rule base (rules as-is);0;0;R7[0.04] R20[0.17] R26[0.35] A1[0.08] G2[0.04] G3[0.08];0.39;0.56;0.02;0.43;0.13;0.00;0.79;0.69;0.1239;0.2923;1
40;40;Agent_1;orders came from the seed rule base (rules as-is);0;0;R7[0.02] R20[0.37] R26[0.34] A1[0.68] G2[0.31] G3[0.37];0.32;0.55;0.01;0.90;0.65;0.00;0.83;0.69;0.1551;0.2920;1
40;40;Agent_2;orders came from the seed rule base (rules as-is);0;0;R7[0.17] R11[0.23] R15[0.23] R20[0.20] R26[0.35] A1[0.18];0.28;0.55;0.24;0.88;0.70;0.41;0.70;0.68;0.1551;0.2920;1
40;40;Agent_3;orders came from the seed rule base (rules as-is);0;0;R7[0.04] R20[0.17] R26[0.35] A1[0.08] G2[0.04] G3[0.08];0.39;0.56;0.02;0.43;0.13;0.00;0.79;0.69;0.1551;0.2920;1
41;41;Agent_1;orders came from the seed rule base (rules as-is);0;0;R7[0.02] R20[0.37] R26[0.34] A1[0.68] G2[0.31] G3[0.37];0.32;0.55;0.01;0.90;0.65;0.00;0.83;0.69;0.1252;0.2921;1
41;41;Agent_2;orders came from the seed rule base (rules as-is);0;0;R7[0.17] R11[0.23] R15[0.23] R20[0.20] R26[0.35] A1[0.18];0.28;0.55;0.24;0.88;0.70;0.41;0.70;0.68;0.1252;0.2921;1
41;41;Agent_3;orders came from the seed rule base (rules as-is);0;0;R7[0.04] R20[0.17] R26[0.35] A1[0.08] G2[0.04] G3[0.08];0.39;0.56;0.02;0.43;0.13;0.00;0.79;0.69;0.1252;0.2921;1
42;42;Agent_1;orders came from the seed rule base (rules as-is);0;0;R7[0.02] R20[0.37] R26[0.34] A1[0.68] G2[0.31] G3[0.37];0.32;0.55;0.01;0.90;0.65;0.00;0.83;0.69;0.1429;0.2923;1
42;42;Agent_2;orders came from the seed rule base (rules as-is);0;0;R7[0.17] R11[0.23] R15[0.23] R20[0.20] R26[0.35] A1[0.18];0.28;0.55;0.24;0.88;0.70;0.41;0.70;0.68;0.1429;0.2923;1
42;42;Agent_3;orders came from the seed rule base (rules as-is);0;0;R7[0.04] R20[0.17] R26[0.35] A1[0.08] G2[0.04] G3[0.08];0.39;0.56;0.02;0.43;0.13;0.00;0.79;0.69;0.1429;0.2923;1
43;43;Agent_1;RL selected stage 1 [evFIS] (deficit bucket: mid) → rejected (no improving perturbation found | seed-base decision stands, its orders are applied);1;0;R7[0.02] R20[0.37] R26[0.34] A1[0.68] G2[0.31] G3[0.37];0.32;0.55;0.01;0.90;0.65;0.00;0.83;0.69;0.1409;0.2915;1
43;43;Agent_2;RL selected stage 1 [evFIS] (deficit bucket: mid) → rejected (no improving perturbation found | seed-base decision stands, its orders are applied);1;0;R7[0.17] R11[0.23] R15[0.23] R20[0.20] R26[0.35] A1[0.18];0.28;0.55;0.24;0.88;0.70;0.41;0.70;0.68;0.1409;0.2915;1
43;43;Agent_3;RL selected stage 1 [evFIS] (deficit bucket: mid) → rejected (no improving perturbation found | seed-base decision stands, its orders are applied);1;0;R7[0.04] R20[0.17] R26[0.35] A1[0.08] G2[0.04] G3[0.08];0.39;0.56;0.02;0.43;0.13;0.00;0.79;0.69;0.1409;0.2915;1
44;44;Agent_1;orders came from the seed rule base (rules as-is);0;0;R7[0.02] R20[0.37] R26[0.34] A1[0.68] G2[0.31] G3[0.37];0.32;0.55;0.01;0.90;0.65;0.00;0.83;0.69;0.1292;0.2914;1
44;44;Agent_2;orders came from the seed rule base (rules as-is);0;0;R7[0.17] R11[0.23] R15[0.23] R20[0.20] R26[0.35] A1[0.18];0.28;0.55;0.24;0.88;0.70;0.41;0.70;0.68;0.1292;0.2914;1
44;44;Agent_3;orders came from the seed rule base (rules as-is);0;0;R7[0.04] R20[0.17] R26[0.35] A1[0.08] G2[0.04] G3[0.08];0.39;0.56;0.02;0.43;0.13;0.00;0.79;0.69;0.1292;0.2914;1
45;45;Agent_1;orders came from the seed rule base (rules as-is);0;0;R7[0.02] R20[0.37] R26[0.34] A1[0.68] G2[0.31] G3[0.37];0.32;0.55;0.01;0.90;0.65;0.00;0.83;0.69;0.1357;0.2921;1
45;45;Agent_2;orders came from the seed rule base (rules as-is);0;0;R7[0.17] R11[0.23] R15[0.23] R20[0.20] R26[0.35] A1[0.18];0.28;0.55;0.24;0.88;0.70;0.41;0.70;0.68;0.1357;0.2921;1
45;45;Agent_3;orders came from the seed rule base (rules as-is);0;0;R7[0.04] R20[0.17] R26[0.35] A1[0.08] G2[0.04] G3[0.08];0.39;0.56;0.02;0.43;0.13;0.00;0.79;0.69;0.1357;0.2921;1
46;46;Agent_1;orders came from the seed rule base (rules as-is);0;0;R7[0.02] R20[0.37] R26[0.34] A1[0.68] G2[0.31] G3[0.36];0.32;0.55;0.01;0.90;0.65;0.00;0.83;0.69;0.1505;0.2919;1
46;46;Agent_2;orders came from the seed rule base (rules as-is);0;0;R7[0.17] R11[0.23] R15[0.23] R20[0.20] R26[0.35] A1[0.18];0.28;0.55;0.24;0.88;0.70;0.41;0.70;0.68;0.1505;0.2919;1
46;46;Agent_3;orders came from the seed rule base (rules as-is);0;0;R7[0.04] R20[0.17] R26[0.35] A1[0.08] G2[0.04] G3[0.08];0.39;0.56;0.02;0.43;0.13;0.00;0.79;0.69;0.1505;0.2919;1
47;47;Agent_1;orders came from the seed rule base (rules as-is);0;0;R7[0.02] R20[0.37] R26[0.34] A1[0.68] G2[0.31] G3[0.36];0.32;0.55;0.01;0.90;0.65;0.00;0.83;0.69;0.1472;0.2913;1
47;47;Agent_2;orders came from the seed rule base (rules as-is);0;0;R7[0.17] R11[0.23] R15[0.23] R20[0.20] R26[0.35] A1[0.18];0.28;0.55;0.24;0.88;0.70;0.41;0.70;0.68;0.1472;0.2913;1
47;47;Agent_3;orders came from the seed rule base (rules as-is);0;0;R7[0.04] R20[0.17] R26[0.35] A1[0.08] G2[0.04] G3[0.08];0.39;0.56;0.02;0.43;0.13;0.00;0.79;0.69;0.1472;0.2913;1
48;48;Agent_1;orders came from the seed rule base (rules as-is);0;0;R7[0.02] R20[0.37] R26[0.34] A1[0.68] G2[0.31] G3[0.36];0.32;0.55;0.01;0.90;0.65;0.00;0.83;0.69;0.1209;0.2901;1
48;48;Agent_2;orders came from the seed rule base (rules as-is);0;0;R7[0.17] R11[0.23] R15[0.23] R20[0.20] R26[0.35] A1[0.18];0.28;0.55;0.24;0.88;0.70;0.41;0.70;0.68;0.1209;0.2901;1
48;48;Agent_3;orders came from the seed rule base (rules as-is);0;0;R7[0.04] R20[0.17] R26[0.35] A1[0.08] G2[0.04] G3[0.08];0.39;0.56;0.02;0.43;0.13;0.00;0.79;0.69;0.1209;0.2901;1
49;49;Agent_1;orders came from the seed rule base (rules as-is);0;0;R7[0.02] R20[0.37] R26[0.34] A1[0.68] G2[0.31] G3[0.36];0.32;0.55;0.01;0.90;0.65;0.00;0.83;0.69;0.1536;0.2919;1
49;49;Agent_2;orders came from the seed rule base (rules as-is);0;0;R7[0.17] R11[0.23] R15[0.23] R20[0.20] R26[0.35] A1[0.18];0.28;0.55;0.24;0.88;0.70;0.41;0.70;0.68;0.1536;0.2919;1
49;49;Agent_3;orders came from the seed rule base (rules as-is);0;0;R7[0.04] R20[0.17] R26[0.35] A1[0.08] G2[0.04] G3[0.08];0.39;0.56;0.02;0.43;0.13;0.00;0.79;0.69;0.1536;0.2919;1
50;50;Agent_1;orders came from the seed rule base (rules as-is);0;0;R7[0.02] R20[0.37] R26[0.34] A1[0.68] G2[0.31] G3[0.36];0.32;0.55;0.01;0.90;0.65;0.00;0.83;0.69;0.1121;0.2916;1
50;50;Agent_2;orders came from the seed rule base (rules as-is);0;0;R7[0.17] R11[0.23] R15[0.23] R20[0.20] R26[0.35] A1[0.18];0.28;0.55;0.24;0.88;0.70;0.41;0.70;0.68;0.1121;0.2916;1
50;50;Agent_3;orders came from the seed rule base (rules as-is);0;0;R7[0.04] R20[0.17] R26[0.35] A1[0.08] G2[0.04] G3[0.08];0.39;0.56;0.02;0.43;0.13;0.00;0.79;0.69;0.1121;0.2916;1
51;51;Agent_1;orders came from the seed rule base (rules as-is);0;0;R7[0.02] R20[0.37] R26[0.34] A1[0.68] G2[0.31] G3[0.36];0.32;0.55;0.01;0.90;0.65;0.00;0.83;0.69;0.1328;0.2919;1
51;51;Agent_2;orders came from the seed rule base (rules as-is);0;0;R7[0.17] R11[0.23] R15[0.23] R20[0.20] R26[0.35] A1[0.18];0.28;0.55;0.24;0.88;0.70;0.41;0.70;0.68;0.1328;0.2919;1
51;51;Agent_3;orders came from the seed rule base (rules as-is);0;0;R7[0.04] R20[0.17] R26[0.35] A1[0.08] G2[0.04] G3[0.08];0.39;0.56;0.02;0.43;0.13;0.00;0.79;0.69;0.1328;0.2919;1
52;52;Agent_1;orders came from the seed rule base (rules as-is);0;0;R7[0.02] R20[0.37] R26[0.34] A1[0.68] G2[0.31] G3[0.36];0.32;0.55;0.01;0.90;0.65;0.00;0.83;0.69;0.1175;0.2879;1
52;52;Agent_2;orders came from the seed rule base (rules as-is);0;0;R7[0.17] R11[0.23] R15[0.23] R20[0.20] R26[0.35] A1[0.18];0.28;0.55;0.24;0.88;0.70;0.41;0.70;0.68;0.1175;0.2879;1
52;52;Agent_3;orders came from the seed rule base (rules as-is);0;0;R7[0.04] R20[0.17] R26[0.35] A1[0.08] G2[0.04] G3[0.08];0.39;0.56;0.02;0.43;0.13;0.00;0.79;0.69;0.1175;0.2879;1
53;53;Agent_1;RL selected stage 1 [evFIS] (deficit bucket: mid) → rejected (no improving perturbation found | seed-base decision stands, its orders are applied);1;0;R7[0.02] R20[0.37] R26[0.34] A1[0.68] G2[0.31] G3[0.36];0.32;0.55;0.01;0.90;0.65;0.00;0.83;0.69;0.2517;0.2887;1
53;53;Agent_2;RL selected stage 1 [evFIS] (deficit bucket: mid) → rejected (no improving perturbation found | seed-base decision stands, its orders are applied);1;0;R7[0.17] R11[0.23] R15[0.23] R20[0.20] R26[0.35] A1[0.18];0.28;0.55;0.24;0.88;0.70;0.41;0.70;0.68;0.2517;0.2887;1
53;53;Agent_3;RL selected stage 1 [evFIS] (deficit bucket: mid) → rejected (no improving perturbation found | seed-base decision stands, its orders are applied);1;0;R7[0.04] R20[0.17] R26[0.35] A1[0.08] G2[0.04] G3[0.08];0.39;0.56;0.02;0.43;0.13;0.00;0.79;0.69;0.2517;0.2887;1
54;54;Agent_1;orders came from the seed rule base (rules as-is);0;0;R7[0.02] R20[0.37] R26[0.34] A1[0.68] G2[0.31] G3[0.36];0.32;0.55;0.01;0.90;0.65;0.00;0.83;0.69;0.1543;0.2834;1
54;54;Agent_2;orders came from the seed rule base (rules as-is);0;0;R7[0.17] R11[0.23] R15[0.23] R20[0.20] R26[0.35] A1[0.18];0.28;0.55;0.24;0.88;0.70;0.41;0.70;0.68;0.1543;0.2834;1
54;54;Agent_3;orders came from the seed rule base (rules as-is);0;0;R7[0.04] R20[0.17] R26[0.35] A1[0.08] G2[0.04] G3[0.08];0.39;0.56;0.02;0.43;0.13;0.00;0.79;0.69;0.1543;0.2834;1
55;55;Agent_1;orders came from the seed rule base (rules as-is);0;0;R7[0.02] R20[0.37] R26[0.34] A1[0.68] G2[0.31] G3[0.36];0.32;0.55;0.01;0.90;0.65;0.00;0.83;0.69;0.2713;0.2830;1
55;55;Agent_2;orders came from the seed rule base (rules as-is);0;0;R7[0.17] R11[0.23] R15[0.23] R20[0.20] R26[0.35] A1[0.18];0.28;0.55;0.24;0.88;0.70;0.41;0.70;0.68;0.2713;0.2830;1
55;55;Agent_3;orders came from the seed rule base (rules as-is);0;0;R7[0.04] R20[0.17] R26[0.35] A1[0.08] G2[0.04] G3[0.08];0.39;0.56;0.02;0.43;0.13;0.00;0.79;0.69;0.2713;0.2830;1
56;56;Agent_1;orders came from the seed rule base (rules as-is);0;0;R7[0.02] R20[0.37] R26[0.34] A1[0.68] G2[0.31] G3[0.36];0.32;0.55;0.01;0.90;0.65;0.00;0.83;0.69;0.1352;0.2812;1
56;56;Agent_2;orders came from the seed rule base (rules as-is);0;0;R7[0.17] R11[0.23] R15[0.23] R20[0.20] R26[0.35] A1[0.18];0.28;0.55;0.24;0.88;0.70;0.41;0.70;0.68;0.1352;0.2812;1
56;56;Agent_3;orders came from the seed rule base (rules as-is);0;0;R7[0.04] R20[0.17] R26[0.35] A1[0.08] G2[0.04] G3[0.08];0.39;0.56;0.02;0.43;0.13;0.00;0.79;0.69;0.1352;0.2812;1
57;57;Agent_1;orders came from the seed rule base (rules as-is);0;0;R7[0.02] R20[0.37] R26[0.34] A1[0.68] G2[0.31] G3[0.36];0.32;0.55;0.01;0.90;0.65;0.00;0.83;0.69;0.1347;0.2785;1
57;57;Agent_2;orders came from the seed rule base (rules as-is);0;0;R7[0.17] R11[0.23] R15[0.23] R20[0.20] R26[0.35] A1[0.18];0.28;0.55;0.24;0.88;0.70;0.41;0.70;0.68;0.1347;0.2785;1
57;57;Agent_3;orders came from the seed rule base (rules as-is);0;0;R7[0.04] R20[0.17] R26[0.35] A1[0.08] G2[0.04] G3[0.08];0.39;0.56;0.02;0.43;0.13;0.00;0.79;0.69;0.1347;0.2785;1
58;58;Agent_1;orders came from the seed rule base (rules as-is);0;0;R7[0.02] R20[0.37] R26[0.34] A1[0.68] G2[0.31] G3[0.36];0.32;0.55;0.01;0.90;0.65;0.00;0.83;0.69;0.1720;0.2773;1
58;58;Agent_2;orders came from the seed rule base (rules as-is);0;0;R7[0.17] R11[0.23] R15[0.23] R20[0.20] R26[0.35] A1[0.18];0.28;0.55;0.24;0.88;0.70;0.41;0.70;0.68;0.1720;0.2773;1
58;58;Agent_3;orders came from the seed rule base (rules as-is);0;0;R7[0.04] R20[0.17] R26[0.35] A1[0.08] G2[0.04] G3[0.08];0.39;0.56;0.02;0.43;0.13;0.00;0.79;0.69;0.1720;0.2773;1
59;59;Agent_1;orders came from the seed rule base (rules as-is);0;0;R7[0.02] R20[0.37] R26[0.34] A1[0.68] G2[0.31] G3[0.36];0.32;0.55;0.01;0.90;0.65;0.00;0.83;0.69;0.1699;0.2764;1
59;59;Agent_2;orders came from the seed rule base (rules as-is);0;0;R7[0.17] R11[0.23] R15[0.23] R20[0.20] R26[0.35] A1[0.18];0.28;0.55;0.24;0.88;0.70;0.41;0.70;0.68;0.1699;0.2764;1
59;59;Agent_3;orders came from the seed rule base (rules as-is);0;0;R7[0.04] R20[0.17] R26[0.35] A1[0.08] G2[0.04] G3[0.08];0.39;0.56;0.02;0.43;0.13;0.00;0.79;0.69;0.1699;0.2764;1
60;60;Agent_1;orders came from the seed rule base (rules as-is);0;0;R7[0.02] R20[0.37] R26[0.34] A1[0.68] G2[0.31] G3[0.36];0.32;0.55;0.01;0.90;0.65;0.00;0.83;0.69;0.1443;0.2841;1
60;60;Agent_2;orders came from the seed rule base (rules as-is);0;0;R7[0.17] R11[0.23] R15[0.23] R20[0.20] R26[0.35] A1[0.18];0.28;0.55;0.24;0.88;0.70;0.41;0.70;0.68;0.1443;0.2841;1
60;60;Agent_3;orders came from the seed rule base (rules as-is);0;0;R7[0.04] R20[0.17] R26[0.35] A1[0.08] G2[0.04] G3[0.08];0.39;0.56;0.02;0.43;0.13;0.00;0.79;0.69;0.1443;0.2841;1
61;61;Agent_1;orders came from the seed rule base (rules as-is);0;0;R7[0.02] R20[0.37] R26[0.34] A1[0.68] G2[0.31] G3[0.35];0.32;0.55;0.01;0.90;0.65;0.00;0.83;0.69;0.1574;0.2765;1
61;61;Agent_2;orders came from the seed rule base (rules as-is);0;0;R7[0.17] R11[0.23] R15[0.23] R20[0.20] R26[0.35] A1[0.18];0.28;0.55;0.24;0.88;0.70;0.41;0.70;0.68;0.1574;0.2765;1
61;61;Agent_3;orders came from the seed rule base (rules as-is);0;0;R7[0.04] R20[0.17] R26[0.35] A1[0.08] G2[0.04] G3[0.08];0.39;0.56;0.02;0.43;0.13;0.00;0.79;0.69;0.1574;0.2765;1
62;62;Agent_1;orders came from the seed rule base (rules as-is);0;0;R7[0.02] R20[0.37] R26[0.34] A1[0.68] G2[0.31] G3[0.35];0.32;0.55;0.01;0.90;0.65;0.00;0.83;0.69;0.1464;0.2893;1
62;62;Agent_2;orders came from the seed rule base (rules as-is);0;0;R7[0.17] R11[0.23] R15[0.23] R20[0.20] R26[0.35] A1[0.18];0.28;0.55;0.24;0.88;0.70;0.41;0.70;0.68;0.1464;0.2893;1
62;62;Agent_3;orders came from the seed rule base (rules as-is);0;0;R7[0.04] R20[0.16] R26[0.35] A1[0.08] G2[0.04] G3[0.08];0.39;0.56;0.02;0.43;0.13;0.00;0.79;0.69;0.1464;0.2893;1
63;63;Agent_1;orders came from the seed rule base (rules as-is);0;0;R7[0.02] R20[0.37] R26[0.34] A1[0.68] G2[0.31] G3[0.35];0.32;0.55;0.01;0.90;0.65;0.00;0.83;0.69;0.1494;0.2800;1
63;63;Agent_2;orders came from the seed rule base (rules as-is);0;0;R7[0.17] R11[0.23] R15[0.23] R20[0.20] R26[0.35] A1[0.18];0.28;0.55;0.24;0.88;0.70;0.41;0.70;0.68;0.1494;0.2800;1
63;63;Agent_3;orders came from the seed rule base (rules as-is);0;0;R7[0.04] R20[0.16] R26[0.35] A1[0.08] G2[0.04] G3[0.08];0.39;0.56;0.02;0.43;0.13;0.00;0.79;0.69;0.1494;0.2800;1
64;64;Agent_1;orders came from the seed rule base (rules as-is);0;0;R7[0.02] R20[0.37] R26[0.34] A1[0.68] G2[0.31] G3[0.35];0.32;0.55;0.01;0.90;0.65;0.00;0.83;0.69;0.1387;0.2695;1
64;64;Agent_2;orders came from the seed rule base (rules as-is);0;0;R7[0.17] R11[0.23] R15[0.23] R20[0.20] R26[0.35] A1[0.18];0.28;0.55;0.24;0.88;0.70;0.41;0.70;0.68;0.1387;0.2695;1
64;64;Agent_3;orders came from the seed rule base (rules as-is);0;0;R7[0.04] R20[0.16] R26[0.35] A1[0.08] G2[0.04] G3[0.08];0.39;0.56;0.02;0.43;0.13;0.00;0.79;0.69;0.1387;0.2695;1
65;65;Agent_1;RL selected stage 1 [evFIS] (deficit bucket: mid) → rejected (no improving perturbation found | seed-base decision stands, its orders are applied);1;0;R7[0.02] R20[0.37] R26[0.34] A1[0.68] G2[0.31] G3[0.35];0.32;0.55;0.01;0.90;0.65;0.00;0.83;0.69;0.1329;0.2932;1
65;65;Agent_2;RL selected stage 1 [evFIS] (deficit bucket: mid) → rejected (no improving perturbation found | seed-base decision stands, its orders are applied);1;0;R7[0.17] R11[0.23] R15[0.23] R20[0.20] R26[0.35] A1[0.18];0.28;0.55;0.24;0.88;0.70;0.41;0.70;0.68;0.1329;0.2932;1
65;65;Agent_3;RL selected stage 1 [evFIS] (deficit bucket: mid) → rejected (no improving perturbation found | seed-base decision stands, its orders are applied);1;0;R7[0.04] R20[0.16] R26[0.34] A1[0.08] G2[0.04] G3[0.08];0.39;0.56;0.02;0.43;0.13;0.00;0.79;0.69;0.1329;0.2932;1
66;66;Agent_1;orders came from the seed rule base (rules as-is);0;0;R7[0.02] R20[0.37] R26[0.34] A1[0.68] G2[0.31] G3[0.35];0.32;0.55;0.01;0.90;0.65;0.00;0.83;0.69;0.1505;0.2890;1
66;66;Agent_2;orders came from the seed rule base (rules as-is);0;0;R7[0.17] R11[0.23] R15[0.23] R20[0.20] R26[0.35] A1[0.18];0.28;0.55;0.24;0.88;0.70;0.41;0.70;0.68;0.1505;0.2890;1
66;66;Agent_3;orders came from the seed rule base (rules as-is);0;0;R7[0.04] R20[0.16] R26[0.34] A1[0.08] G2[0.04] G3[0.08];0.39;0.56;0.02;0.43;0.13;0.00;0.79;0.69;0.1505;0.2890;1
67;67;Agent_1;orders came from the seed rule base (rules as-is);0;0;R7[0.02] R20[0.37] R26[0.34] A1[0.68] G2[0.31] G3[0.35];0.32;0.55;0.01;0.90;0.65;0.00;0.83;0.69;0.2744;0.2720;1
67;67;Agent_2;orders came from the seed rule base (rules as-is);0;0;R7[0.17] R11[0.23] R15[0.23] R20[0.20] R26[0.35] A1[0.18];0.28;0.55;0.24;0.88;0.70;0.41;0.70;0.68;0.2744;0.2720;1
67;67;Agent_3;orders came from the seed rule base (rules as-is);0;0;R7[0.04] R20[0.16] R26[0.34] A1[0.08] G2[0.04] G3[0.08];0.39;0.56;0.02;0.43;0.13;0.00;0.79;0.69;0.2744;0.2720;1
68;68;Agent_1;orders came from the seed rule base (rules as-is);0;0;R7[0.02] R20[0.37] R26[0.34] A1[0.68] G2[0.31] G3[0.35];0.32;0.55;0.01;0.90;0.65;0.00;0.83;0.69;0.1681;0.2711;1
68;68;Agent_2;orders came from the seed rule base (rules as-is);0;0;R7[0.17] R11[0.23] R15[0.23] R20[0.20] R26[0.35] A1[0.18];0.28;0.55;0.24;0.88;0.70;0.41;0.70;0.68;0.1681;0.2711;1
68;68;Agent_3;orders came from the seed rule base (rules as-is);0;0;R7[0.04] R20[0.16] R26[0.34] A1[0.08] G2[0.04] G3[0.08];0.39;0.56;0.02;0.43;0.13;0.00;0.79;0.69;0.1681;0.2711;1
69;69;Agent_1;orders came from the seed rule base (rules as-is);0;0;R7[0.02] R20[0.37] R26[0.34] A1[0.68] G2[0.31] G3[0.35];0.32;0.55;0.01;0.90;0.65;0.00;0.83;0.69;0.1341;0.2792;1
69;69;Agent_2;orders came from the seed rule base (rules as-is);0;0;R7[0.17] R11[0.23] R15[0.23] R20[0.20] R26[0.35] A1[0.18];0.28;0.55;0.24;0.88;0.70;0.41;0.70;0.68;0.1341;0.2792;1
69;69;Agent_3;orders came from the seed rule base (rules as-is);0;0;R7[0.04] R20[0.16] R26[0.34] A1[0.08] G2[0.04] G3[0.08];0.39;0.56;0.02;0.43;0.13;0.00;0.78;0.69;0.1341;0.2792;1
70;70;Agent_1;orders came from the seed rule base (rules as-is);0;0;R7[0.02] R20[0.37] R26[0.34] A1[0.68] G2[0.31] G3[0.35];0.32;0.55;0.01;0.90;0.65;0.00;0.83;0.69;0.2721;0.2902;1
70;70;Agent_2;orders came from the seed rule base (rules as-is);0;0;R7[0.17] R11[0.23] R15[0.23] R20[0.20] R26[0.35] A1[0.18];0.28;0.55;0.24;0.88;0.70;0.41;0.70;0.68;0.2721;0.2902;1
70;70;Agent_3;orders came from the seed rule base (rules as-is);0;0;R7[0.04] R20[0.16] R26[0.34] A1[0.08] G2[0.04] G3[0.08];0.39;0.56;0.02;0.43;0.13;0.00;0.78;0.69;0.2721;0.2902;1
71;71;Agent_1;orders came from the seed rule base (rules as-is);0;0;R7[0.02] R20[0.37] R26[0.34] A1[0.68] G2[0.31] G3[0.35];0.32;0.55;0.01;0.90;0.65;0.00;0.83;0.69;0.1304;0.2709;1
71;71;Agent_2;orders came from the seed rule base (rules as-is);0;0;R7[0.17] R11[0.23] R15[0.23] R20[0.20] R26[0.35] A1[0.18];0.28;0.55;0.24;0.88;0.70;0.41;0.70;0.68;0.1304;0.2709;1
71;71;Agent_3;orders came from the seed rule base (rules as-is);0;0;R7[0.04] R20[0.16] R26[0.34] A1[0.08] G2[0.04] G3[0.08];0.39;0.56;0.02;0.43;0.13;0.00;0.78;0.69;0.1304;0.2709;1
72;72;Agent_1;orders came from the seed rule base (rules as-is);0;0;R7[0.02] R20[0.37] R26[0.34] A1[0.68] G2[0.31] G3[0.35];0.32;0.55;0.01;0.90;0.65;0.00;0.83;0.69;0.1447;0.2934;1
72;72;Agent_2;orders came from the seed rule base (rules as-is);0;0;R7[0.17] R11[0.23] R15[0.23] R20[0.20] R26[0.35] A1[0.18];0.28;0.55;0.24;0.88;0.70;0.41;0.70;0.68;0.1447;0.2934;1
72;72;Agent_3;orders came from the seed rule base (rules as-is);0;0;R7[0.04] R20[0.16] R26[0.34] A1[0.08] G2[0.04] G3[0.08];0.39;0.56;0.02;0.43;0.13;0.00;0.78;0.69;0.1447;0.2934;1
73;73;Agent_1;orders came from the seed rule base (rules as-is);0;0;R7[0.02] R20[0.37] R26[0.34] A1[0.68] G2[0.31] G3[0.35];0.32;0.55;0.01;0.90;0.65;0.00;0.83;0.69;0.2346;0.2812;1
73;73;Agent_2;orders came from the seed rule base (rules as-is);0;0;R7[0.17] R11[0.23] R15[0.23] R20[0.20] R26[0.35] A1[0.18];0.28;0.55;0.24;0.88;0.70;0.41;0.70;0.68;0.2346;0.2812;1
73;73;Agent_3;orders came from the seed rule base (rules as-is);0;0;R7[0.04] R20[0.16] R26[0.34] A1[0.08] G2[0.04] G3[0.08];0.39;0.56;0.02;0.43;0.13;0.00;0.78;0.69;0.2346;0.2812;1
74;74;Agent_1;orders came from the seed rule base (rules as-is);0;0;R7[0.02] R20[0.37] R26[0.34] A1[0.68] G2[0.31] G3[0.35];0.32;0.55;0.01;0.90;0.65;0.00;0.83;0.69;0.1463;0.2904;1
74;74;Agent_2;orders came from the seed rule base (rules as-is);0;0;R7[0.17] R11[0.23] R15[0.23] R20[0.20] R26[0.35] A1[0.18];0.28;0.55;0.24;0.88;0.70;0.41;0.70;0.68;0.1463;0.2904;1
74;74;Agent_3;orders came from the seed rule base (rules as-is);0;0;R7[0.04] R20[0.16] R26[0.34] A1[0.08] G2[0.04] G3[0.08];0.39;0.56;0.02;0.43;0.13;0.00;0.78;0.69;0.1463;0.2904;1
75;75;Agent_1;RL selected stage 1 [evFIS] (deficit bucket: mid) → rejected (no improving perturbation found | seed-base decision stands, its orders are applied);1;0;R7[0.02] R20[0.37] R26[0.34] A1[0.68] G2[0.31] G3[0.35];0.32;0.55;0.01;0.90;0.65;0.00;0.83;0.69;0.1666;0.2933;1
75;75;Agent_2;RL selected stage 1 [evFIS] (deficit bucket: mid) → rejected (no improving perturbation found | seed-base decision stands, its orders are applied);1;0;R7[0.17] R11[0.23] R15[0.23] R20[0.20] R26[0.35] A1[0.18];0.28;0.55;0.24;0.88;0.70;0.41;0.70;0.68;0.1666;0.2933;1
75;75;Agent_3;RL selected stage 1 [evFIS] (deficit bucket: mid) → rejected (no improving perturbation found | seed-base decision stands, its orders are applied);1;0;R7[0.04] R20[0.16] R26[0.34] A1[0.08] G2[0.04] G3[0.08];0.39;0.56;0.02;0.43;0.13;0.00;0.78;0.69;0.1666;0.2933;1
76;76;Agent_1;orders came from the seed rule base (rules as-is);0;0;R7[0.02] R20[0.37] R26[0.34] A1[0.68] G2[0.31] G3[0.35];0.32;0.55;0.01;0.90;0.65;0.00;0.83;0.69;0.2676;0.2781;1
76;76;Agent_2;orders came from the seed rule base (rules as-is);0;0;R7[0.17] R11[0.23] R15[0.23] R20[0.20] R26[0.35] A1[0.18];0.28;0.55;0.24;0.88;0.70;0.41;0.70;0.68;0.2676;0.2781;1
76;76;Agent_3;orders came from the seed rule base (rules as-is);0;0;R7[0.04] R20[0.16] R26[0.34] A1[0.08] G2[0.04] G3[0.08];0.39;0.56;0.02;0.43;0.13;0.00;0.78;0.69;0.2676;0.2781;1
77;77;Agent_1;orders came from the seed rule base (rules as-is);0;0;R7[0.02] R20[0.37] R26[0.34] A1[0.68] G2[0.31] G3[0.35];0.32;0.55;0.01;0.90;0.65;0.00;0.83;0.69;0.1764;0.2872;1
77;77;Agent_2;orders came from the seed rule base (rules as-is);0;0;R7[0.17] R11[0.23] R15[0.23] R20[0.20] R26[0.35] A1[0.18];0.28;0.55;0.24;0.88;0.70;0.41;0.70;0.68;0.1764;0.2872;1
77;77;Agent_3;orders came from the seed rule base (rules as-is);0;0;R7[0.04] R20[0.17] R26[0.34] A1[0.08] G2[0.04] G3[0.08];0.39;0.56;0.02;0.43;0.14;0.00;0.78;0.69;0.1764;0.2872;1
78;78;Agent_1;orders came from the seed rule base (rules as-is);0;0;R7[0.02] R20[0.37] R26[0.34] A1[0.68] G2[0.31] G3[0.35];0.32;0.55;0.01;0.90;0.65;0.00;0.83;0.69;0.1444;0.2936;1
78;78;Agent_2;orders came from the seed rule base (rules as-is);0;0;R7[0.17] R11[0.23] R15[0.23] R20[0.20] R26[0.35] A1[0.18];0.28;0.55;0.24;0.88;0.70;0.41;0.70;0.68;0.1444;0.2936;1
78;78;Agent_3;orders came from the seed rule base (rules as-is);0;0;R7[0.04] R20[0.17] R26[0.34] A1[0.08] G2[0.04] G3[0.08];0.39;0.56;0.02;0.43;0.14;0.00;0.79;0.69;0.1444;0.2936;1
79;79;Agent_1;orders came from the seed rule base (rules as-is);0;0;R7[0.02] R20[0.37] R26[0.34] A1[0.68] G2[0.31] G3[0.35];0.32;0.55;0.01;0.90;0.65;0.00;0.83;0.69;0.2947;0.2725;1
79;79;Agent_2;orders came from the seed rule base (rules as-is);0;0;R7[0.17] R11[0.23] R15[0.23] R20[0.20] R26[0.35] A1[0.18];0.28;0.55;0.24;0.88;0.70;0.41;0.70;0.68;0.2947;0.2725;1
79;79;Agent_3;orders came from the seed rule base (rules as-is);0;0;R7[0.04] R20[0.17] R26[0.34] A1[0.08] G2[0.04] G3[0.08];0.39;0.56;0.02;0.44;0.14;0.00;0.79;0.69;0.2947;0.2725;1
80;80;Agent_1;orders came from the seed rule base (rules as-is);0;0;R7[0.02] R20[0.37] R26[0.34] A1[0.68] G2[0.31] G3[0.34];0.32;0.55;0.01;0.90;0.65;0.00;0.83;0.69;0.1440;0.2765;1
80;80;Agent_2;orders came from the seed rule base (rules as-is);0;0;R7[0.17] R11[0.23] R15[0.23] R20[0.20] R26[0.35] A1[0.18];0.28;0.55;0.24;0.88;0.70;0.41;0.70;0.68;0.1440;0.2765;1
80;80;Agent_3;orders came from the seed rule base (rules as-is);0;0;R7[0.04] R20[0.17] R26[0.34] A1[0.08] G2[0.04] G3[0.08];0.39;0.57;0.02;0.44;0.14;0.00;0.79;0.69;0.1440;0.2765;1
81;81;Agent_1;orders came from the seed rule base (rules as-is);0;0;R7[0.02] R20[0.37] R26[0.34] A1[0.68] G2[0.31] G3[0.34];0.32;0.55;0.01;0.90;0.65;0.00;0.83;0.69;0.2931;0.2955;1
81;81;Agent_2;orders came from the seed rule base (rules as-is);0;0;R7[0.17] R11[0.23] R15[0.23] R20[0.20] R26[0.35] A1[0.18];0.28;0.55;0.24;0.88;0.70;0.41;0.70;0.68;0.2931;0.2955;1
81;81;Agent_3;orders came from the seed rule base (rules as-is);0;0;R7[0.04] R20[0.17] R26[0.34] A1[0.08] G2[0.05] G3[0.08];0.39;0.57;0.02;0.44;0.15;0.00;0.79;0.69;0.2931;0.2955;1
82;82;Agent_1;orders came from the seed rule base (rules as-is);0;0;R7[0.02] R20[0.37] R26[0.34] A1[0.68] G2[0.31] G3[0.34];0.32;0.55;0.01;0.90;0.65;0.00;0.83;0.69;0.2755;0.2941;1
82;82;Agent_2;orders came from the seed rule base (rules as-is);0;0;R7[0.17] R11[0.23] R15[0.23] R20[0.20] R26[0.35] A1[0.18];0.28;0.55;0.24;0.88;0.70;0.41;0.70;0.68;0.2755;0.2941;1
82;82;Agent_3;orders came from the seed rule base (rules as-is);0;0;R7[0.04] R20[0.18] R26[0.34] A1[0.08] G2[0.05] G3[0.08];0.39;0.57;0.02;0.44;0.16;0.00;0.79;0.69;0.2755;0.2941;1
83;83;Agent_1;orders came from the seed rule base (rules as-is);0;0;R7[0.02] R20[0.37] R26[0.34] A1[0.68] G2[0.31] G3[0.34];0.32;0.55;0.01;0.90;0.65;0.00;0.83;0.69;0.2775;0.2940;1
83;83;Agent_2;orders came from the seed rule base (rules as-is);0;0;R7[0.17] R11[0.23] R15[0.23] R20[0.20] R26[0.35] A1[0.18];0.28;0.56;0.24;0.88;0.70;0.41;0.70;0.68;0.2775;0.2940;1
83;83;Agent_3;orders came from the seed rule base (rules as-is);0;0;R7[0.04] R20[0.18] R26[0.34] A1[0.08] G2[0.05] G3[0.08];0.39;0.58;0.02;0.45;0.17;0.00;0.80;0.69;0.2775;0.2940;1
84;84;Agent_1;orders came from the seed rule base (rules as-is);0;0;R7[0.02] R20[0.37] R26[0.34] A1[0.68] G2[0.31] G3[0.34];0.32;0.55;0.01;0.90;0.65;0.00;0.83;0.69;0.2874;0.2951;1
84;84;Agent_2;orders came from the seed rule base (rules as-is);0;0;R7[0.17] R11[0.23] R15[0.23] R20[0.20] R26[0.35] A1[0.18];0.28;0.56;0.24;0.88;0.70;0.41;0.70;0.68;0.2874;0.2951;1
84;84;Agent_3;orders came from the seed rule base (rules as-is);0;0;R7[0.04] R20[0.18] R26[0.34] A1[0.08] G2[0.05] G3[0.08];0.39;0.58;0.02;0.45;0.17;0.00;0.80;0.69;0.2874;0.2951;1
85;85;Agent_1;RL selected stage 1 [evFIS] (deficit bucket: mid) → rejected (no improving perturbation found | seed-base decision stands, its orders are applied);1;0;R7[0.02] R20[0.37] R26[0.34] A1[0.68] G2[0.31] G3[0.34];0.32;0.55;0.01;0.90;0.65;0.00;0.83;0.69;0.2861;0.2952;1
85;85;Agent_2;RL selected stage 1 [evFIS] (deficit bucket: mid) → rejected (no improving perturbation found | seed-base decision stands, its orders are applied);1;0;R7[0.17] R11[0.23] R15[0.23] R20[0.20] R26[0.35] A1[0.18];0.28;0.56;0.24;0.88;0.70;0.41;0.70;0.68;0.2861;0.2952;1
85;85;Agent_3;RL selected stage 1 [evFIS] (deficit bucket: mid) → rejected (no improving perturbation found | seed-base decision stands, its orders are applied);1;0;R7[0.04] R20[0.18] R26[0.34] A1[0.08] G2[0.06] G3[0.08];0.39;0.58;0.02;0.45;0.17;0.00;0.80;0.69;0.2861;0.2952;1
86;86;Agent_1;orders came from the seed rule base (rules as-is);0;0;R7[0.02] R20[0.37] R26[0.34] A1[0.68] G2[0.31] G3[0.34];0.32;0.55;0.01;0.90;0.65;0.00;0.83;0.69;0.1846;0.2960;1
86;86;Agent_2;orders came from the seed rule base (rules as-is);0;0;R7[0.17] R11[0.23] R15[0.23] R20[0.20] R26[0.35] A1[0.18];0.28;0.56;0.24;0.88;0.70;0.41;0.70;0.68;0.1846;0.2960;1
86;86;Agent_3;orders came from the seed rule base (rules as-is);0;0;R7[0.04] R20[0.18] R26[0.34] A1[0.08] G2[0.06] G3[0.08];0.39;0.58;0.02;0.45;0.18;0.00;0.80;0.69;0.1846;0.2960;1
87;87;Agent_1;orders came from the seed rule base (rules as-is);0;0;R7[0.02] R20[0.37] R26[0.34] A1[0.68] G2[0.31] G3[0.34];0.32;0.55;0.01;0.90;0.65;0.00;0.83;0.69;0.2793;0.2951;1
87;87;Agent_2;orders came from the seed rule base (rules as-is);0;0;R7[0.17] R11[0.23] R15[0.23] R20[0.20] R26[0.35] A1[0.18];0.28;0.56;0.24;0.88;0.70;0.41;0.71;0.68;0.2793;0.2951;1
87;87;Agent_3;orders came from the seed rule base (rules as-is);0;0;R7[0.04] R20[0.19] R26[0.34] A1[0.08] G2[0.06] G3[0.08];0.39;0.59;0.02;0.46;0.19;0.00;0.80;0.69;0.2793;0.2951;1
88;88;Agent_1;orders came from the seed rule base (rules as-is);0;0;R7[0.02] R20[0.37] R26[0.34] A1[0.68] G2[0.31] G3[0.34];0.32;0.55;0.01;0.90;0.65;0.00;0.83;0.69;0.2964;0.2954;1
88;88;Agent_2;orders came from the seed rule base (rules as-is);0;0;R7[0.17] R11[0.23] R15[0.23] R20[0.20] R26[0.35] A1[0.18];0.28;0.56;0.24;0.88;0.70;0.41;0.71;0.68;0.2964;0.2954;1
88;88;Agent_3;orders came from the seed rule base (rules as-is);0;0;R7[0.04] R20[0.19] R26[0.34] A1[0.08] G2[0.06] G3[0.08];0.39;0.59;0.02;0.46;0.19;0.00;0.80;0.69;0.2964;0.2954;1
89;89;Agent_1;orders came from the seed rule base (rules as-is);0;0;R7[0.02] R20[0.37] R26[0.34] A1[0.68] G2[0.31] G3[0.34];0.32;0.55;0.01;0.90;0.65;0.00;0.83;0.69;0.1874;0.2962;1
89;89;Agent_2;orders came from the seed rule base (rules as-is);0;0;R7[0.17] R11[0.23] R15[0.23] R20[0.20] R26[0.35] A1[0.18];0.28;0.56;0.24;0.88;0.70;0.41;0.71;0.68;0.1874;0.2962;1
89;89;Agent_3;orders came from the seed rule base (rules as-is);0;0;R7[0.04] R20[0.19] R26[0.34] A1[0.08] G2[0.07] G3[0.08];0.39;0.59;0.02;0.46;0.20;0.00;0.81;0.69;0.1874;0.2962;1
90;90;Agent_1;orders came from the seed rule base (rules as-is);0;0;R7[0.02] R20[0.37] R26[0.34] A1[0.68] G2[0.31] G3[0.34];0.32;0.55;0.01;0.90;0.65;0.00;0.83;0.69;0.2416;0.2962;1
90;90;Agent_2;orders came from the seed rule base (rules as-is);0;0;R7[0.17] R11[0.23] R15[0.23] R20[0.20] R26[0.35] A1[0.18];0.28;0.56;0.24;0.88;0.70;0.41;0.71;0.68;0.2416;0.2962;1
90;90;Agent_3;orders came from the seed rule base (rules as-is);0;0;R7[0.04] R20[0.19] R26[0.34] A1[0.08] G2[0.07] G3[0.08];0.39;0.59;0.02;0.46;0.21;0.00;0.81;0.69;0.2416;0.2962;1
91;91;Agent_1;orders came from the seed rule base (rules as-is);0;0;R7[0.02] R20[0.37] R26[0.34] A1[0.68] G2[0.31] G3[0.34];0.32;0.55;0.01;0.90;0.65;0.00;0.83;0.69;0.3032;0.2963;1
91;91;Agent_2;orders came from the seed rule base (rules as-is);0;0;R7[0.17] R11[0.23] R15[0.23] R20[0.20] R26[0.35] A1[0.18];0.28;0.56;0.24;0.88;0.70;0.41;0.71;0.68;0.3032;0.2963;1
91;91;Agent_3;orders came from the seed rule base (rules as-is);0;0;R7[0.04] R20[0.19] R26[0.34] A1[0.08] G2[0.07] G3[0.08];0.39;0.59;0.02;0.47;0.21;0.00;0.81;0.69;0.3032;0.2963;1
92;92;Agent_1;orders came from the seed rule base (rules as-is);0;0;R7[0.02] R20[0.37] R26[0.34] A1[0.68] G2[0.31] G3[0.34];0.32;0.55;0.01;0.90;0.65;0.00;0.83;0.69;0.3002;0.2963;1
92;92;Agent_2;orders came from the seed rule base (rules as-is);0;0;R7[0.17] R11[0.23] R15[0.23] R20[0.20] R26[0.35] A1[0.18];0.28;0.56;0.24;0.88;0.70;0.41;0.71;0.68;0.3002;0.2963;1
92;92;Agent_3;orders came from the seed rule base (rules as-is);0;0;R7[0.04] R20[0.20] R26[0.34] A1[0.08] G2[0.08] G3[0.08];0.39;0.60;0.02;0.47;0.22;0.00;0.81;0.69;0.3002;0.2963;1
93;93;Agent_1;orders came from the seed rule base (rules as-is);0;0;R7[0.02] R20[0.37] R26[0.34] A1[0.68] G2[0.31] G3[0.34];0.32;0.55;0.01;0.90;0.65;0.00;0.83;0.69;0.3005;0.2963;1
93;93;Agent_2;orders came from the seed rule base (rules as-is);0;0;R7[0.17] R11[0.23] R15[0.23] R20[0.22] R26[0.37] A1[0.21];0.27;0.55;0.24;0.88;0.69;0.41;0.73;0.68;0.3005;0.2963;1
93;93;Agent_3;orders came from the seed rule base (rules as-is);0;0;R7[0.04] R20[0.20] R26[0.34] A1[0.08] G2[0.08] G3[0.08];0.39;0.60;0.02;0.47;0.22;0.00;0.81;0.69;0.3005;0.2963;1
94;94;Agent_1;orders came from the seed rule base (rules as-is);0;0;R7[0.02] R20[0.37] R26[0.34] A1[0.68] G2[0.31] G3[0.34];0.32;0.55;0.01;0.90;0.65;0.00;0.83;0.69;0.3023;0.2965;1
94;94;Agent_2;orders came from the seed rule base (rules as-is);0;0;R7[0.17] R11[0.23] R15[0.23] R20[0.22] R26[0.38] A1[0.21];0.27;0.55;0.24;0.88;0.69;0.41;0.73;0.68;0.3023;0.2965;1
94;94;Agent_3;orders came from the seed rule base (rules as-is);0;0;R7[0.04] R20[0.20] R26[0.34] A1[0.08] G2[0.08] G3[0.08];0.39;0.60;0.02;0.47;0.23;0.00;0.82;0.69;0.3023;0.2965;1
95;95;Agent_1;RL selected stage 3 [GenAI] (deficit bucket: mid) → ACCEPTED: G12: G12: IF asset exposure risk is VH AND evacuation pressure is H THEN asset protection 1.0, evacuation 0.6 (adaptation-born: generative (template), gates G1-G4);3;3;R7[0.02] R20[0.37] R26[0.34] A1[0.68] G2[0.31] G3[0.34];0.32;0.55;0.01;0.91;0.64;0.00;0.83;0.69;0.3023;0.2967;1
95;95;Agent_2;RL selected stage 3 [GenAI] (deficit bucket: mid) → ACCEPTED: G12: G12: IF asset exposure risk is VH AND evacuation pressure is H THEN asset protection 1.0, evacuation 0.6 (adaptation-born: generative (template), gates G1-G4);3;3;R7[0.17] R11[0.23] R15[0.23] R20[0.22] R26[0.38] A1[0.21];0.27;0.55;0.24;0.88;0.69;0.41;0.73;0.68;0.3023;0.2967;1
95;95;Agent_3;RL selected stage 3 [GenAI] (deficit bucket: mid) → ACCEPTED: G12: G12: IF asset exposure risk is VH AND evacuation pressure is H THEN asset protection 1.0, evacuation 0.6 (adaptation-born: generative (template), gates G1-G4);3;3;R7[0.04] R20[0.20] R26[0.34] A1[0.08] G2[0.08] G3[0.08];0.39;0.60;0.02;0.55;0.28;0.00;0.85;0.69;0.3023;0.2967;1
96;96;Agent_1;orders came from the seed rule base (rules as-is);0;0;R7[0.02] R20[0.37] R26[0.34] A1[0.68] G2[0.31] G3[0.34];0.32;0.55;0.01;0.91;0.64;0.00;0.83;0.69;0.3029;0.2967;1
96;96;Agent_2;orders came from the seed rule base (rules as-is);0;0;R7[0.17] R11[0.23] R15[0.23] R20[0.22] R26[0.38] A1[0.21];0.27;0.55;0.24;0.88;0.69;0.41;0.73;0.68;0.3029;0.2967;1
96;96;Agent_3;orders came from the seed rule base (rules as-is);0;0;R7[0.04] R20[0.20] R26[0.34] A1[0.08] G2[0.08] G3[0.08];0.39;0.61;0.02;0.55;0.29;0.00;0.85;0.69;0.3029;0.2967;1
97;97;Agent_1;orders came from the seed rule base (rules as-is);0;0;R7[0.02] R20[0.37] R26[0.34] A1[0.68] G2[0.31] G3[0.34];0.32;0.55;0.01;0.91;0.64;0.00;0.83;0.69;0.3010;0.2967;1
97;97;Agent_2;orders came from the seed rule base (rules as-is);0;0;R7[0.17] R11[0.23] R15[0.23] R20[0.22] R26[0.38] A1[0.21];0.27;0.55;0.24;0.88;0.69;0.41;0.73;0.68;0.3010;0.2967;1
97;97;Agent_3;orders came from the seed rule base (rules as-is);0;0;R7[0.04] R20[0.21] R26[0.34] A1[0.08] G2[0.08] G3[0.08];0.39;0.61;0.02;0.55;0.29;0.00;0.85;0.69;0.3010;0.2967;1
98;98;Agent_1;orders came from the seed rule base (rules as-is);0;0;R7[0.02] R20[0.37] R26[0.34] A1[0.68] G2[0.31] G3[0.34];0.32;0.55;0.01;0.90;0.64;0.00;0.83;0.69;0.3006;0.2966;1
98;98;Agent_2;orders came from the seed rule base (rules as-is);0;0;R7[0.17] R11[0.23] R15[0.23] R20[0.22] R26[0.38] A1[0.21];0.27;0.55;0.24;0.88;0.69;0.41;0.73;0.68;0.3006;0.2966;1
98;98;Agent_3;orders came from the seed rule base (rules as-is);0;0;R7[0.04] R20[0.21] R26[0.34] A1[0.08] G2[0.08] G3[0.08];0.39;0.61;0.02;0.55;0.29;0.00;0.85;0.69;0.3006;0.2966;1
99;99;Agent_1;orders came from the seed rule base (rules as-is);0;0;R7[0.02] R20[0.37] R26[0.34] A1[0.68] G2[0.31] G3[0.34];0.32;0.55;0.01;0.90;0.64;0.00;0.83;0.69;0.3028;0.2970;1
99;99;Agent_2;orders came from the seed rule base (rules as-is);0;0;R7[0.17] R11[0.23] R15[0.23] R20[0.22] R26[0.38] A1[0.21];0.27;0.55;0.24;0.88;0.69;0.41;0.73;0.68;0.3028;0.2970;1
99;99;Agent_3;orders came from the seed rule base (rules as-is);0;0;R7[0.04] R20[0.21] R26[0.34] A1[0.08] G2[0.08] G3[0.08];0.39;0.60;0.02;0.55;0.29;0.00;0.85;0.69;0.3028;0.2970;1
100;100;Agent_1;orders came from the seed rule base (rules as-is);0;0;R7[0.02] R20[0.37] R26[0.34] A1[0.68] G2[0.31] G3[0.33];0.32;0.55;0.01;0.90;0.64;0.00;0.83;0.69;0.3032;0.2969;1
100;100;Agent_2;orders came from the seed rule base (rules as-is);0;0;R7[0.17] R11[0.23] R15[0.23] R20[0.22] R26[0.38] A1[0.21];0.27;0.55;0.24;0.88;0.69;0.41;0.73;0.68;0.3032;0.2969;1
100;100;Agent_3;orders came from the seed rule base (rules as-is);0;0;R7[0.04] R20[0.21] R26[0.34] A1[0.08] G2[0.08] G3[0.08];0.39;0.60;0.02;0.55;0.29;0.00;0.85;0.69;0.3032;0.2969;1
101;101;Agent_1;orders came from the seed rule base (rules as-is);0;0;R7[0.02] R20[0.37] R26[0.34] A1[0.68] G2[0.31] G3[0.33];0.32;0.55;0.01;0.90;0.64;0.00;0.83;0.69;0.2475;0.2970;1
101;101;Agent_2;orders came from the seed rule base (rules as-is);0;0;R7[0.17] R11[0.23] R15[0.23] R20[0.22] R26[0.38] A1[0.21];0.27;0.55;0.24;0.88;0.69;0.41;0.73;0.68;0.2475;0.2970;1
101;101;Agent_3;orders came from the seed rule base (rules as-is);0;0;R7[0.04] R20[0.21] R26[0.34] A1[0.08] G2[0.08] G3[0.08];0.39;0.60;0.02;0.55;0.30;0.00;0.85;0.69;0.2475;0.2970;1
102;102;Agent_1;orders came from the seed rule base (rules as-is);0;0;R7[0.02] R20[0.37] R26[0.34] A1[0.68] G2[0.31] G3[0.33];0.32;0.55;0.01;0.91;0.64;0.00;0.83;0.69;0.2609;0.2972;1
102;102;Agent_2;orders came from the seed rule base (rules as-is);0;0;R7[0.17] R11[0.23] R15[0.23] R20[0.22] R26[0.38] A1[0.21];0.27;0.55;0.24;0.88;0.69;0.41;0.73;0.68;0.2609;0.2972;1
102;102;Agent_3;orders came from the seed rule base (rules as-is);0;0;R7[0.04] R20[0.21] R26[0.34] A1[0.08] G2[0.08] G3[0.08];0.39;0.60;0.02;0.55;0.30;0.00;0.85;0.69;0.2609;0.2972;1
103;103;Agent_1;orders came from the seed rule base (rules as-is);0;0;R7[0.02] R20[0.37] R26[0.34] A1[0.68] G2[0.31] G3[0.33];0.32;0.55;0.01;0.91;0.64;0.00;0.83;0.69;0.2423;0.2972;1
103;103;Agent_2;orders came from the seed rule base (rules as-is);0;0;R7[0.17] R11[0.23] R15[0.23] R20[0.22] R26[0.38] A1[0.21];0.27;0.55;0.24;0.88;0.69;0.41;0.73;0.68;0.2423;0.2972;1
103;103;Agent_3;orders came from the seed rule base (rules as-is);0;0;R7[0.04] R20[0.21] R26[0.34] A1[0.08] G2[0.08] G3[0.08];0.39;0.60;0.02;0.55;0.30;0.00;0.85;0.69;0.2423;0.2972;1
104;104;Agent_1;orders came from the seed rule base (rules as-is);0;0;R7[0.02] R20[0.37] R26[0.34] A1[0.68] G2[0.31] G3[0.33];0.32;0.55;0.01;0.91;0.64;0.00;0.83;0.69;0.2465;0.2972;1
104;104;Agent_2;orders came from the seed rule base (rules as-is);0;0;R7[0.17] R11[0.23] R15[0.23] R20[0.22] R26[0.38] A1[0.21];0.27;0.55;0.24;0.88;0.69;0.41;0.73;0.68;0.2465;0.2972;1
104;104;Agent_3;orders came from the seed rule base (rules as-is);0;0;R7[0.04] R20[0.22] R26[0.34] A1[0.08] G2[0.08] G3[0.08];0.39;0.60;0.02;0.55;0.31;0.00;0.85;0.69;0.2465;0.2972;1
105;105;Agent_1;RL selected stage 1 [evFIS] (deficit bucket: mid) → rejected (no improving perturbation found | seed-base decision stands, its orders are applied);1;0;R7[0.02] R20[0.37] R26[0.34] A1[0.68] G2[0.31] G3[0.33];0.32;0.55;0.01;0.91;0.64;0.00;0.83;0.69;0.2831;0.2973;1
105;105;Agent_2;RL selected stage 1 [evFIS] (deficit bucket: mid) → rejected (no improving perturbation found | seed-base decision stands, its orders are applied);1;0;R7[0.17] R11[0.23] R15[0.23] R20[0.22] R26[0.38] A1[0.21];0.27;0.55;0.24;0.88;0.69;0.41;0.73;0.68;0.2831;0.2973;1
105;105;Agent_3;RL selected stage 1 [evFIS] (deficit bucket: mid) → rejected (no improving perturbation found | seed-base decision stands, its orders are applied);1;0;R7[0.04] R20[0.22] R26[0.34] A1[0.08] G2[0.08] G3[0.08];0.39;0.60;0.02;0.55;0.31;0.00;0.85;0.69;0.2831;0.2973;1
106;106;Agent_1;orders came from the seed rule base (rules as-is);0;0;R7[0.02] R20[0.37] R26[0.34] A1[0.68] G2[0.31] G3[0.33];0.32;0.55;0.01;0.91;0.64;0.00;0.83;0.69;0.2491;0.2973;1
106;106;Agent_2;orders came from the seed rule base (rules as-is);0;0;R7[0.17] R11[0.23] R15[0.23] R20[0.22] R26[0.38] A1[0.21];0.27;0.55;0.24;0.88;0.69;0.41;0.73;0.68;0.2491;0.2973;1
106;106;Agent_3;orders came from the seed rule base (rules as-is);0;0;R7[0.04] R20[0.22] R26[0.34] A1[0.08] G2[0.08] G3[0.08];0.39;0.60;0.02;0.55;0.31;0.00;0.85;0.69;0.2491;0.2973;1
107;107;Agent_1;orders came from the seed rule base (rules as-is);0;0;R7[0.02] R20[0.37] R26[0.34] A1[0.68] G2[0.31] G3[0.33];0.32;0.55;0.01;0.91;0.64;0.00;0.83;0.69;0.2615;0.2974;1
107;107;Agent_2;orders came from the seed rule base (rules as-is);0;0;R7[0.17] R11[0.23] R15[0.23] R20[0.22] R26[0.38] A1[0.21];0.27;0.55;0.24;0.88;0.69;0.41;0.73;0.68;0.2615;0.2974;1
107;107;Agent_3;orders came from the seed rule base (rules as-is);0;0;R7[0.04] R20[0.22] R26[0.34] A1[0.08] G2[0.08] G3[0.08];0.39;0.60;0.02;0.55;0.31;0.00;0.85;0.69;0.2615;0.2974;1
108;108;Agent_1;orders came from the seed rule base (rules as-is);0;0;R7[0.02] R20[0.37] R26[0.34] A1[0.68] G2[0.31] G3[0.33];0.32;0.55;0.01;0.91;0.64;0.00;0.83;0.69;0.2776;0.2975;1
108;108;Agent_2;orders came from the seed rule base (rules as-is);0;0;R7[0.17] R11[0.23] R15[0.23] R20[0.22] R26[0.38] A1[0.21];0.27;0.55;0.24;0.88;0.69;0.41;0.73;0.68;0.2776;0.2975;1
108;108;Agent_3;orders came from the seed rule base (rules as-is);0;0;R7[0.04] R20[0.22] R26[0.34] A1[0.08] G2[0.08] G3[0.08];0.39;0.60;0.02;0.55;0.31;0.00;0.85;0.69;0.2776;0.2975;1
109;109;Agent_1;orders came from the seed rule base (rules as-is);0;0;R7[0.02] R20[0.37] R26[0.34] A1[0.68] G2[0.31] G3[0.33];0.32;0.55;0.01;0.91;0.64;0.00;0.83;0.69;0.2813;0.2973;1
109;109;Agent_2;orders came from the seed rule base (rules as-is);0;0;R7[0.17] R11[0.23] R15[0.23] R20[0.22] R26[0.38] A1[0.21];0.27;0.55;0.24;0.88;0.69;0.41;0.73;0.68;0.2813;0.2973;1
109;109;Agent_3;orders came from the seed rule base (rules as-is);0;0;R7[0.04] R20[0.22] R26[0.34] A1[0.08] G2[0.08] G3[0.08];0.39;0.60;0.02;0.55;0.31;0.00;0.85;0.69;0.2813;0.2973;1
110;110;Agent_1;orders came from the seed rule base (rules as-is);0;0;R7[0.02] R20[0.37] R26[0.34] A1[0.68] G2[0.31] G3[0.33];0.32;0.55;0.01;0.91;0.64;0.00;0.83;0.69;0.2927;0.2972;1
110;110;Agent_2;orders came from the seed rule base (rules as-is);0;0;R7[0.17] R11[0.23] R15[0.23] R20[0.22] R26[0.38] A1[0.21];0.27;0.55;0.24;0.88;0.69;0.41;0.73;0.68;0.2927;0.2972;1
110;110;Agent_3;orders came from the seed rule base (rules as-is);0;0;R7[0.04] R20[0.22] R26[0.34] A1[0.08] G2[0.08] G3[0.08];0.39;0.60;0.02;0.55;0.31;0.00;0.85;0.69;0.2927;0.2972;1
111;111;Agent_1;orders came from the seed rule base (rules as-is);0;0;R7[0.02] R20[0.37] R26[0.34] A1[0.68] G2[0.31] G3[0.33];0.32;0.55;0.01;0.91;0.64;0.00;0.83;0.69;0.2843;0.2969;1
111;111;Agent_2;orders came from the seed rule base (rules as-is);0;0;R7[0.17] R11[0.23] R15[0.23] R20[0.22] R26[0.38] A1[0.21];0.27;0.55;0.24;0.88;0.69;0.41;0.73;0.68;0.2843;0.2969;1
111;111;Agent_3;orders came from the seed rule base (rules as-is);0;0;R7[0.04] R20[0.22] R26[0.34] A1[0.08] G2[0.08] G3[0.08];0.39;0.60;0.02;0.55;0.31;0.00;0.85;0.69;0.2843;0.2969;1
112;112;Agent_1;orders came from the seed rule base (rules as-is);0;0;R7[0.02] R20[0.37] R26[0.34] A1[0.68] G2[0.31] G3[0.32];0.32;0.55;0.01;0.91;0.64;0.00;0.83;0.69;0.2895;0.2957;1
112;112;Agent_2;orders came from the seed rule base (rules as-is);0;0;R7[0.17] R11[0.23] R15[0.23] R20[0.22] R26[0.38] A1[0.21];0.27;0.55;0.24;0.88;0.69;0.41;0.73;0.68;0.2895;0.2957;1
112;112;Agent_3;orders came from the seed rule base (rules as-is);0;0;R7[0.04] R20[0.22] R26[0.34] A1[0.08] G2[0.08] G3[0.08];0.39;0.59;0.02;0.55;0.32;0.00;0.85;0.69;0.2895;0.2957;1
113;113;Agent_1;orders came from the seed rule base (rules as-is);0;0;R7[0.02] R20[0.37] R26[0.34] A1[0.68] G2[0.31] G3[0.32];0.32;0.55;0.01;0.91;0.64;0.00;0.83;0.69;0.2916;0.2944;1
113;113;Agent_2;orders came from the seed rule base (rules as-is);0;0;R7[0.17] R11[0.23] R15[0.23] R20[0.22] R26[0.38] A1[0.21];0.27;0.55;0.24;0.88;0.69;0.41;0.73;0.68;0.2916;0.2944;1
113;113;Agent_3;orders came from the seed rule base (rules as-is);0;0;R7[0.04] R20[0.22] R26[0.34] A1[0.08] G2[0.08] G3[0.08];0.39;0.59;0.02;0.55;0.32;0.00;0.85;0.69;0.2916;0.2944;1
114;114;Agent_1;orders came from the seed rule base (rules as-is);0;0;R7[0.02] R20[0.37] R26[0.34] A1[0.68] G2[0.31] G3[0.32];0.32;0.55;0.01;0.91;0.64;0.00;0.83;0.69;0.3054;0.2981;1
114;114;Agent_2;orders came from the seed rule base (rules as-is);0;0;R7[0.17] R11[0.23] R15[0.23] R20[0.22] R26[0.38] A1[0.21];0.27;0.55;0.24;0.88;0.69;0.41;0.73;0.68;0.3054;0.2981;1
114;114;Agent_3;orders came from the seed rule base (rules as-is);0;0;R7[0.04] R20[0.23] R26[0.34] A1[0.08] G2[0.08] G3[0.08];0.39;0.59;0.02;0.55;0.32;0.00;0.85;0.69;0.3054;0.2981;1
115;115;Agent_1;RL selected stage 1 [evFIS] (deficit bucket: mid) → rejected (no improving perturbation found | seed-base decision stands, its orders are applied);1;0;R7[0.02] R20[0.37] R26[0.36] A1[0.69] G2[0.31] G3[0.35];0.32;0.55;0.01;0.91;0.64;0.00;0.83;0.69;0.3059;0.2982;1
115;115;Agent_2;RL selected stage 1 [evFIS] (deficit bucket: mid) → rejected (no improving perturbation found | seed-base decision stands, its orders are applied);1;0;R7[0.17] R11[0.23] R15[0.23] R20[0.22] R26[0.38] A1[0.21];0.27;0.55;0.24;0.88;0.69;0.41;0.73;0.68;0.3059;0.2982;1
115;115;Agent_3;RL selected stage 1 [evFIS] (deficit bucket: mid) → rejected (no improving perturbation found | seed-base decision stands, its orders are applied);1;0;R7[0.04] R20[0.23] R26[0.34] A1[0.08] G2[0.08] G3[0.08];0.39;0.59;0.02;0.55;0.33;0.00;0.85;0.69;0.3059;0.2982;1
116;116;Agent_1;orders came from the seed rule base (rules as-is);0;0;R7[0.02] R20[0.37] R26[0.36] A1[0.69] G2[0.31] G3[0.36];0.32;0.55;0.01;0.91;0.64;0.00;0.83;0.69;0.3063;0.2983;1
116;116;Agent_2;orders came from the seed rule base (rules as-is);0;0;R7[0.17] R11[0.23] R15[0.23] R20[0.23] R26[0.39] A1[0.23];0.27;0.54;0.24;0.88;0.69;0.41;0.74;0.68;0.3063;0.2983;1
116;116;Agent_3;orders came from the seed rule base (rules as-is);0;0;R7[0.04] R20[0.23] R26[0.34] A1[0.08] G2[0.08] G3[0.08];0.39;0.58;0.02;0.55;0.34;0.00;0.85;0.69;0.3063;0.2983;1
117;117;Agent_1;orders came from the seed rule base (rules as-is);0;0;R7[0.02] R20[0.37] R26[0.36] A1[0.68] G2[0.31] G3[0.37];0.32;0.55;0.01;0.91;0.64;0.00;0.83;0.69;0.3066;0.2984;1
117;117;Agent_2;orders came from the seed rule base (rules as-is);0;0;R7[0.17] R11[0.23] R15[0.23] R20[0.24] R26[0.39] A1[0.24];0.27;0.54;0.24;0.88;0.68;0.41;0.74;0.68;0.3066;0.2984;1
117;117;Agent_3;orders came from the seed rule base (rules as-is);0;0;R7[0.04] R20[0.24] R26[0.34] A1[0.08] G2[0.08] G3[0.08];0.39;0.58;0.02;0.55;0.36;0.00;0.85;0.69;0.3066;0.2984;1
118;118;Agent_1;orders came from the seed rule base (rules as-is);0;0;R7[0.02] R20[0.37] R26[0.35] A1[0.68] G2[0.31] G3[0.37];0.32;0.55;0.01;0.91;0.64;0.00;0.83;0.69;0.3065;0.2984;1
118;118;Agent_2;orders came from the seed rule base (rules as-is);0;0;R7[0.17] R11[0.23] R15[0.23] R20[0.24] R26[0.40] A1[0.25];0.27;0.54;0.24;0.88;0.68;0.41;0.74;0.68;0.3065;0.2984;1
118;118;Agent_3;orders came from the seed rule base (rules as-is);0;0;R7[0.04] R20[0.26] R26[0.34] A1[0.08] G2[0.08] G3[0.08];0.40;0.57;0.02;0.55;0.39;0.00;0.85;0.69;0.3065;0.2984;1
119;119;Agent_1;orders came from the seed rule base (rules as-is);0;0;R7[0.02] R20[0.37] R26[0.35] A1[0.68] G2[0.31] G3[0.37];0.32;0.55;0.01;0.91;0.64;0.00;0.83;0.69;0.3067;0.2985;1
119;119;Agent_2;orders came from the seed rule base (rules as-is);0;0;R7[0.17] R11[0.23] R15[0.23] R20[0.25] R26[0.41] A1[0.26];0.27;0.54;0.24;0.88;0.68;0.41;0.74;0.68;0.3067;0.2985;1
119;119;Agent_3;orders came from the seed rule base (rules as-is);0;0;R7[0.04] R20[0.27] R26[0.34] A1[0.08] G2[0.08] G3[0.08];0.40;0.56;0.02;0.55;0.41;0.00;0.85;0.69;0.3067;0.2985;1
120;120;Agent_1;orders came from the seed rule base (rules as-is);0;0;R7[0.02] R20[0.37] R26[0.35] A1[0.68] G2[0.31] G3[0.37];0.32;0.55;0.01;0.91;0.64;0.00;0.83;0.69;0.3067;0.2986;1
120;120;Agent_2;orders came from the seed rule base (rules as-is);0;0;R7[0.17] R11[0.23] R15[0.23] R20[0.25] R26[0.41] A1[0.26];0.27;0.54;0.24;0.88;0.68;0.41;0.75;0.68;0.3067;0.2986;1
120;120;Agent_3;orders came from the seed rule base (rules as-is);0;0;R7[0.04] R20[0.28] R26[0.34] A1[0.08] G2[0.08] G3[0.08];0.40;0.56;0.02;0.55;0.42;0.00;0.86;0.69;0.3067;0.2986;1
121;121;Agent_1;orders came from the seed rule base (rules as-is);0;0;R7[0.02] R20[0.38] R26[0.35] A1[0.68] G2[0.32] G3[0.36];0.32;0.55;0.01;0.91;0.64;0.00;0.83;0.69;0.3070;0.2986;1
121;121;Agent_2;orders came from the seed rule base (rules as-is);0;0;R7[0.17] R11[0.23] R15[0.23] R20[0.25] R26[0.41] A1[0.26];0.27;0.54;0.24;0.88;0.68;0.41;0.75;0.68;0.3070;0.2986;1
121;121;Agent_3;orders came from the seed rule base (rules as-is);0;0;R7[0.04] R20[0.29] R26[0.34] A1[0.08] G2[0.08] G3[0.08];0.40;0.55;0.02;0.55;0.44;0.00;0.86;0.69;0.3070;0.2986;1
122;122;Agent_1;orders came from the seed rule base (rules as-is);0;0;R7[0.02] R20[0.40] R26[0.34] A1[0.68] G2[0.36] G3[0.35];0.32;0.55;0.01;0.91;0.65;0.00;0.82;0.69;0.3072;0.2987;1
122;122;Agent_2;orders came from the seed rule base (rules as-is);0;0;R7[0.17] R11[0.23] R15[0.23] R20[0.25] R26[0.41] A1[0.26];0.27;0.54;0.24;0.88;0.68;0.41;0.75;0.68;0.3072;0.2987;1
122;122;Agent_3;orders came from the seed rule base (rules as-is);0;0;R7[0.04] R20[0.30] R26[0.34] A1[0.08] G2[0.08] G3[0.08];0.39;0.55;0.02;0.55;0.46;0.00;0.86;0.69;0.3072;0.2987;1
123;123;Agent_1;orders came from the seed rule base (rules as-is);0;0;R7[0.02] R20[0.42] R26[0.34] A1[0.68] G2[0.39] G3[0.35];0.31;0.54;0.01;0.91;0.65;0.00;0.82;0.69;0.3072;0.2988;1
123;123;Agent_2;orders came from the seed rule base (rules as-is);0;0;R7[0.17] R11[0.23] R15[0.23] R20[0.25] R26[0.41] A1[0.25];0.27;0.54;0.24;0.88;0.68;0.41;0.75;0.68;0.3072;0.2988;1
123;123;Agent_3;orders came from the seed rule base (rules as-is);0;0;R7[0.04] R20[0.30] R26[0.34] A1[0.08] G2[0.08] G3[0.08];0.39;0.55;0.02;0.55;0.47;0.00;0.86;0.69;0.3072;0.2988;1
124;124;Agent_1;orders came from the seed rule base (rules as-is);0;0;R7[0.02] R20[0.46] R26[0.34] A1[0.68] G2[0.43] G3[0.34];0.31;0.54;0.01;0.91;0.65;0.00;0.81;0.69;0.3070;0.2988;1
124;124;Agent_2;orders came from the seed rule base (rules as-is);0;0;R7[0.17] R11[0.23] R15[0.23] R20[0.25] R26[0.40] A1[0.25];0.27;0.54;0.24;0.88;0.68;0.41;0.75;0.68;0.3070;0.2988;1
124;124;Agent_3;orders came from the seed rule base (rules as-is);0;0;R7[0.04] R20[0.31] R26[0.34] A1[0.08] G2[0.08] G3[0.08];0.39;0.54;0.02;0.55;0.48;0.00;0.86;0.69;0.3070;0.2988;1
125;125;Agent_1;RL selected stage 3 [GenAI] (deficit bucket: high) → rejected (rejected at G2 duplicate cell (template) — an active rule already sits on this antecedent cell; re-issuing it with different numbers is stage ① evFIS's job, not a new rule | seed-base decision stands, its orders are applied);3;0;R7[0.02] R20[0.49] R26[0.34] A1[0.68] G2[0.47] G3[0.33];0.31;0.53;0.01;0.91;0.65;0.00;0.81;0.69;0.3070;0.2989;1
125;125;Agent_2;RL selected stage 3 [GenAI] (deficit bucket: high) → rejected (rejected at G2 duplicate cell (template) — an active rule already sits on this antecedent cell; re-issuing it with different numbers is stage ① evFIS's job, not a new rule | seed-base decision stands, its orders are applied);3;0;R7[0.17] R11[0.23] R15[0.23] R20[0.25] R26[0.40] A1[0.25];0.27;0.54;0.24;0.88;0.68;0.41;0.75;0.68;0.3070;0.2989;1
125;125;Agent_3;RL selected stage 3 [GenAI] (deficit bucket: high) → rejected (rejected at G2 duplicate cell (template) — an active rule already sits on this antecedent cell; re-issuing it with different numbers is stage ① evFIS's job, not a new rule | seed-base decision stands, its orders are applied);3;0;R7[0.04] R20[0.31] R26[0.34] A1[0.08] G2[0.08] G3[0.08];0.38;0.54;0.02;0.55;0.49;0.00;0.86;0.69;0.3070;0.2989;1
126;126;Agent_1;orders came from the seed rule base (rules as-is);0;0;R7[0.02] R20[0.53] R26[0.34] A1[0.68] G2[0.52] G3[0.32];0.31;0.52;0.01;0.91;0.66;0.00;0.80;0.69;0.3072;0.2990;1
126;126;Agent_2;orders came from the seed rule base (rules as-is);0;0;R7[0.17] R11[0.23] R15[0.23] R20[0.32] R26[0.60] A1[0.25];0.32;0.55;0.24;0.89;0.68;0.41;0.71;0.68;0.3072;0.2990;1
126;126;Agent_3;orders came from the seed rule base (rules as-is);0;0;R7[0.04] R20[0.32] R26[0.34] A1[0.08] G2[0.08] G3[0.08];0.38;0.54;0.02;0.55;0.50;0.00;0.86;0.69;0.3072;0.2990;1
127;127;Agent_1;orders came from the seed rule base (rules as-is);0;0;R7[0.02] R20[0.56] R26[0.34] A1[0.68] G2[0.56] G3[0.31];0.31;0.52;0.01;0.91;0.66;0.00;0.80;0.69;0.3071;0.2991;1
127;127;Agent_2;orders came from the seed rule base (rules as-is);0;0;R7[0.17] R11[0.23] R15[0.23] R20[0.35] R26[0.66] A1[0.25];0.33;0.56;0.24;0.89;0.68;0.41;0.70;0.68;0.3071;0.2991;1
127;127;Agent_3;orders came from the seed rule base (rules as-is);0;0;R7[0.04] R20[0.32] R26[0.34] A1[0.08] G2[0.08] G3[0.08];0.38;0.54;0.02;0.55;0.50;0.00;0.86;0.69;0.3071;0.2991;1
128;128;Agent_1;orders came from the seed rule base (rules as-is);0;0;R7[0.02] R20[0.59] R26[0.34] A1[0.68] G2[0.60] G3[0.30];0.31;0.51;0.01;0.91;0.66;0.00;0.79;0.69;0.3061;0.2991;1
128;128;Agent_2;orders came from the seed rule base (rules as-is);0;0;R7[0.17] R11[0.23] R15[0.23] R20[0.35] R26[0.67] A1[0.24];0.34;0.56;0.24;0.89;0.68;0.41;0.69;0.68;0.3061;0.2991;1
128;128;Agent_3;orders came from the seed rule base (rules as-is);0;0;R7[0.04] R20[0.32] R26[0.34] A1[0.08] G2[0.08] G3[0.08];0.37;0.54;0.02;0.55;0.51;0.00;0.87;0.69;0.3061;0.2991;1
129;129;Agent_1;orders came from the seed rule base (rules as-is);0;0;R7[0.02] R20[0.60] R26[0.34] A1[0.68] G2[0.60] G3[0.29];0.31;0.51;0.01;0.90;0.66;0.00;0.79;0.69;0.3064;0.2992;1
129;129;Agent_2;orders came from the seed rule base (rules as-is);0;0;R7[0.17] R11[0.23] R15[0.23] R20[0.35] R26[0.67] A1[0.24];0.34;0.56;0.24;0.90;0.68;0.41;0.69;0.68;0.3064;0.2992;1
129;129;Agent_3;orders came from the seed rule base (rules as-is);0;0;R7[0.04] R20[0.33] R26[0.34] A1[0.08] G2[0.08] G3[0.08];0.37;0.54;0.02;0.55;0.51;0.00;0.87;0.69;0.3064;0.2992;1
130;130;Agent_1;orders came from the seed rule base (rules as-is);0;0;R7[0.02] R20[0.60] R26[0.34] A1[0.68] G2[0.60] G3[0.28];0.31;0.50;0.01;0.90;0.67;0.00;0.80;0.69;0.3068;0.2993;1
130;130;Agent_2;orders came from the seed rule base (rules as-is);0;0;R7[0.17] R11[0.23] R15[0.23] R20[0.34] R26[0.66] A1[0.23];0.34;0.56;0.24;0.90;0.68;0.41;0.69;0.68;0.3068;0.2993;1
130;130;Agent_3;orders came from the seed rule base (rules as-is);0;0;R7[0.04] R20[0.33] R26[0.34] A1[0.08] G2[0.08] G3[0.08];0.37;0.54;0.02;0.55;0.51;0.00;0.87;0.69;0.3068;0.2993;1
131;131;Agent_1;orders came from the seed rule base (rules as-is);0;0;R7[0.02] R20[0.60] R26[0.34] A1[0.68] G2[0.60] G3[0.27];0.31;0.50;0.01;0.90;0.67;0.00;0.80;0.69;0.3059;0.2994;1
131;131;Agent_2;orders came from the seed rule base (rules as-is);0;0;R7[0.17] R11[0.23] R15[0.23] R20[0.36] R26[0.65] A1[0.23];0.33;0.55;0.24;0.90;0.68;0.41;0.69;0.68;0.3059;0.2994;1
131;131;Agent_3;orders came from the seed rule base (rules as-is);0;0;R7[0.04] R20[0.33] R26[0.34] A1[0.08] G2[0.08] G3[0.08];0.37;0.54;0.02;0.55;0.51;0.00;0.87;0.69;0.3059;0.2994;1
132;132;Agent_1;orders came from the seed rule base (rules as-is);0;0;R7[0.02] R20[0.60] R26[0.34] A1[0.68] G2[0.60] G3[0.26];0.30;0.50;0.01;0.90;0.67;0.00;0.80;0.69;0.3052;0.2995;1
132;132;Agent_2;orders came from the seed rule base (rules as-is);0;0;R7[0.17] R11[0.23] R15[0.23] R20[0.40] R26[0.63] A1[0.22];0.31;0.55;0.24;0.90;0.69;0.41;0.69;0.68;0.3052;0.2995;1
132;132;Agent_3;orders came from the seed rule base (rules as-is);0;0;R7[0.04] R20[0.33] R26[0.34] A1[0.08] G2[0.08] G3[0.08];0.37;0.54;0.02;0.55;0.51;0.00;0.87;0.69;0.3052;0.2995;1
133;133;Agent_1;orders came from the seed rule base (rules as-is);0;0;R7[0.02] R20[0.60] R26[0.34] A1[0.68] G2[0.60] G3[0.25];0.30;0.50;0.01;0.90;0.67;0.00;0.80;0.69;0.3050;0.2996;1
133;133;Agent_2;orders came from the seed rule base (rules as-is);0;0;R7[0.17] R11[0.23] R15[0.23] R20[0.45] R26[0.62] A1[0.22];0.29;0.54;0.24;0.90;0.69;0.41;0.68;0.68;0.3050;0.2996;1
133;133;Agent_3;orders came from the seed rule base (rules as-is);0;0;R7[0.04] R20[0.33] R26[0.34] A1[0.08] G2[0.08] G3[0.08];0.37;0.53;0.02;0.55;0.52;0.00;0.87;0.69;0.3050;0.2996;1
134;134;Agent_1;orders came from the seed rule base (rules as-is);0;0;R7[0.02] R20[0.60] R26[0.34] A1[0.68] G2[0.60] G3[0.24];0.30;0.50;0.01;0.90;0.67;0.00;0.81;0.69;0.3062;0.2997;1
134;134;Agent_2;orders came from the seed rule base (rules as-is);0;0;R7[0.17] R11[0.23] R15[0.23] R20[0.50] R26[0.61] A1[0.21];0.27;0.53;0.24;0.89;0.70;0.41;0.67;0.68;0.3062;0.2997;1
134;134;Agent_3;orders came from the seed rule base (rules as-is);0;0;R7[0.04] R20[0.33] R26[0.34] A1[0.08] G2[0.08] G3[0.08];0.37;0.53;0.02;0.55;0.52;0.00;0.87;0.69;0.3062;0.2997;1
135;135;Agent_1;RL selected stage 3 [GenAI] (deficit bucket: high) → ACCEPTED: G13: G13: IF asset exposure risk is VH AND fire threat level is M THEN asset protection 1.0, suppression effort 0.7 (adaptation-born: generative (template), gates G1-G4);3;3;R7[0.02] R20[0.60] R26[0.34] A1[0.68] G2[0.60] G3[0.22];0.38;0.50;0.01;0.91;0.67;0.00;0.82;0.69;0.3057;0.2998;1
135;135;Agent_2;RL selected stage 3 [GenAI] (deficit bucket: high) → ACCEPTED: G13: G13: IF asset exposure risk is VH AND fire threat level is M THEN asset protection 1.0, suppression effort 0.7 (adaptation-born: generative (template), gates G1-G4);3;3;R7[0.17] R11[0.23] R15[0.23] R20[0.53] R26[0.59] A1[0.20];0.29;0.52;0.24;0.90;0.70;0.41;0.67;0.68;0.3057;0.2998;1
135;135;Agent_3;RL selected stage 3 [GenAI] (deficit bucket: high) → ACCEPTED: G13: G13: IF asset exposure risk is VH AND fire threat level is M THEN asset protection 1.0, suppression effort 0.7 (adaptation-born: generative (template), gates G1-G4);3;3;R7[0.04] R20[0.34] R26[0.34] A1[0.08] G2[0.08] G3[0.08];0.39;0.53;0.02;0.63;0.53;0.00;0.87;0.69;0.3057;0.2998;1
136;136;Agent_1;orders came from the seed rule base (rules as-is);0;0;R7[0.02] R20[0.60] R26[0.34] A1[0.68] G2[0.60] G3[0.21];0.38;0.50;0.01;0.91;0.67;0.00;0.83;0.69;0.3036;0.2999;1
136;136;Agent_2;orders came from the seed rule base (rules as-is);0;0;R7[0.17] R11[0.23] R15[0.23] R20[0.53] R26[0.57] A1[0.19];0.28;0.52;0.24;0.90;0.70;0.41;0.67;0.68;0.3036;0.2999;1
136;136;Agent_3;orders came from the seed rule base (rules as-is);0;0;R7[0.04] R20[0.34] R26[0.34] A1[0.08] G2[0.08] G3[0.08];0.39;0.53;0.02;0.63;0.53;0.00;0.87;0.69;0.3036;0.2999;1
137;137;Agent_1;orders came from the seed rule base (rules as-is);0;0;R7[0.02] R20[0.60] R26[0.34] A1[0.68] G2[0.60] G3[0.19];0.38;0.50;0.01;0.91;0.67;0.00;0.83;0.69;0.3031;0.3000;1
137;137;Agent_2;orders came from the seed rule base (rules as-is);0;0;R7[0.17] R11[0.23] R15[0.23] R20[0.52] R26[0.55] A1[0.18];0.28;0.52;0.24;0.90;0.71;0.41;0.67;0.68;0.3031;0.3000;1
137;137;Agent_3;orders came from the seed rule base (rules as-is);0;0;R7[0.04] R20[0.34] R26[0.34] A1[0.08] G2[0.08] G3[0.08];0.39;0.53;0.02;0.63;0.53;0.00;0.87;0.69;0.3031;0.3000;1
138;138;Agent_1;orders came from the seed rule base (rules as-is);0;0;R7[0.02] R20[0.60] R26[0.34] A1[0.68] G2[0.60] G3[0.18];0.38;0.50;0.01;0.91;0.67;0.00;0.83;0.69;0.3030;0.3001;1
138;138;Agent_2;orders came from the seed rule base (rules as-is);0;0;R7[0.17] R11[0.23] R15[0.23] R20[0.51] R26[0.53] A1[0.17];0.28;0.52;0.23;0.90;0.71;0.41;0.67;0.68;0.3030;0.3001;1
138;138;Agent_3;orders came from the seed rule base (rules as-is);0;0;R7[0.04] R20[0.34] R26[0.34] A1[0.08] G2[0.08] G3[0.08];0.38;0.53;0.02;0.63;0.54;0.00;0.87;0.69;0.3030;0.3001;1
139;139;Agent_1;orders came from the seed rule base (rules as-is);0;0;R7[0.02] R20[0.60] R26[0.34] A1[0.68] G2[0.60] G3[0.16];0.39;0.50;0.01;0.91;0.67;0.00;0.83;0.69;0.3036;0.3003;1
139;139;Agent_2;orders came from the seed rule base (rules as-is);0;0;R7[0.16] R11[0.23] R15[0.23] R20[0.49] R26[0.51] A1[0.16];0.28;0.52;0.23;0.90;0.71;0.41;0.67;0.68;0.3036;0.3003;1
139;139;Agent_3;orders came from the seed rule base (rules as-is);0;0;R7[0.04] R20[0.34] R26[0.34] A1[0.08] G2[0.08] G3[0.08];0.38;0.53;0.02;0.63;0.54;0.00;0.87;0.69;0.3036;0.3003;1
140;140;Agent_1;orders came from the seed rule base (rules as-is);0;0;R7[0.02] R20[0.60] R26[0.34] A1[0.68] G2[0.60] G3[0.15];0.39;0.49;0.01;0.91;0.67;0.00;0.83;0.69;0.3018;0.3004;1
140;140;Agent_2;orders came from the seed rule base (rules as-is);0;0;R7[0.14] R11[0.23] R15[0.23] R20[0.48] R26[0.48] A1[0.14];0.28;0.52;0.22;0.90;0.71;0.41;0.67;0.68;0.3018;0.3004;1
140;140;Agent_3;orders came from the seed rule base (rules as-is);0;0;R7[0.04] R20[0.34] R26[0.34] A1[0.08] G2[0.08] G3[0.08];0.38;0.53;0.02;0.63;0.54;0.00;0.87;0.69;0.3018;0.3004;1
141;141;Agent_1;orders came from the seed rule base (rules as-is);0;0;R7[0.02] R20[0.60] R26[0.34] A1[0.68] G2[0.60] G3[0.13];0.39;0.49;0.01;0.91;0.67;0.00;0.83;0.69;0.3022;0.3005;1
141;141;Agent_2;orders came from the seed rule base (rules as-is);0;0;R7[0.13] R11[0.23] R15[0.23] R20[0.47] R26[0.46] A1[0.13];0.28;0.52;0.22;0.90;0.71;0.41;0.67;0.68;0.3022;0.3005;1
141;141;Agent_3;orders came from the seed rule base (rules as-is);0;0;R7[0.04] R20[0.34] R26[0.34] A1[0.08] G2[0.08] G3[0.08];0.38;0.53;0.02;0.63;0.54;0.00;0.87;0.69;0.3022;0.3005;1
142;142;Agent_1;orders came from the seed rule base (rules as-is);0;0;R7[0.02] R20[0.60] R26[0.34] A1[0.68] G2[0.60] G3[0.12];0.39;0.49;0.01;0.91;0.67;0.00;0.83;0.69;0.3035;0.3006;1
142;142;Agent_2;orders came from the seed rule base (rules as-is);0;0;R7[0.12] R11[0.23] R15[0.23] R20[0.45] R26[0.43] A1[0.12];0.28;0.52;0.21;0.90;0.72;0.41;0.67;0.68;0.3035;0.3006;1
142;142;Agent_3;orders came from the seed rule base (rules as-is);0;0;R7[0.04] R20[0.34] R26[0.34] A1[0.08] G2[0.08] G3[0.08];0.38;0.53;0.02;0.63;0.54;0.00;0.87;0.69;0.3035;0.3006;1
143;143;Agent_1;orders came from the seed rule base (rules as-is);0;0;R7[0.02] R20[0.60] R26[0.34] A1[0.68] G2[0.60] G3[0.11];0.39;0.49;0.01;0.91;0.67;0.00;0.83;0.69;0.3053;0.3007;1
143;143;Agent_2;orders came from the seed rule base (rules as-is);0;0;R7[0.10] R11[0.23] R15[0.23] R20[0.44] R26[0.40] A1[0.10];0.28;0.52;0.20;0.90;0.72;0.41;0.67;0.68;0.3053;0.3007;1
143;143;Agent_3;orders came from the seed rule base (rules as-is);0;0;R7[0.04] R20[0.34] R26[0.34] A1[0.08] G2[0.08] G3[0.08];0.38;0.53;0.02;0.63;0.54;0.00;0.87;0.69;0.3053;0.3007;1
144;144;Agent_1;orders came from the seed rule base (rules as-is);0;0;R7[0.02] R20[0.60] R26[0.34] A1[0.68] G2[0.60] G3[0.10];0.39;0.49;0.01;0.91;0.67;0.00;0.84;0.69;0.3014;0.3009;1
144;144;Agent_2;orders came from the seed rule base (rules as-is);0;0;R7[0.09] R11[0.23] R15[0.23] R20[0.42] R26[0.38] A1[0.09];0.28;0.52;0.20;0.88;0.72;0.41;0.68;0.68;0.3014;0.3009;1
144;144;Agent_3;orders came from the seed rule base (rules as-is);0;0;R7[0.04] R20[0.34] R26[0.34] A1[0.08] G2[0.08] G3[0.08];0.38;0.53;0.02;0.63;0.54;0.00;0.87;0.69;0.3014;0.3009;1
145;145;Agent_1;orders came from the seed rule base (rules as-is);0;0;R7[0.02] R20[0.61] R26[0.36] A1[0.69] G2[0.61] G3[0.27];0.37;0.50;0.01;0.91;0.67;0.00;0.82;0.69;0.3029;0.3010;1
145;145;Agent_2;orders came from the seed rule base (rules as-is);0;0;R7[0.17] R11[0.23] R15[0.23] R20[0.54] R26[0.58] A1[0.25];0.28;0.51;0.24;0.89;0.70;0.41;0.67;0.68;0.3029;0.3010;1
145;145;Agent_3;orders came from the seed rule base (rules as-is);0;0;R7[0.04] R20[0.34] R26[0.34] A1[0.08] G2[0.08] G3[0.08];0.38;0.53;0.02;0.63;0.54;0.00;0.86;0.69;0.3029;0.3010;1
146;146;Agent_1;orders came from the seed rule base (rules as-is);0;0;R7[0.02] R20[0.61] R26[0.36] A1[0.69] G2[0.61] G3[0.31];0.37;0.51;0.01;0.90;0.65;0.00;0.81;0.69;0.3028;0.3011;1
146;146;Agent_2;orders came from the seed rule base (rules as-is);0;0;R7[0.17] R11[0.23] R15[0.23] R20[0.57] R26[0.64] A1[0.26];0.28;0.51;0.24;0.88;0.69;0.41;0.67;0.68;0.3028;0.3011;1
146;146;Agent_3;orders came from the seed rule base (rules as-is);0;0;R7[0.04] R20[0.34] R26[0.34] A1[0.08] G2[0.08] G3[0.08];0.38;0.53;0.02;0.62;0.53;0.00;0.86;0.69;0.3028;0.3011;1
147;147;Agent_1;orders came from the seed rule base (rules as-is);0;0;R7[0.02] R20[0.61] R26[0.36] A1[0.69] G2[0.61] G3[0.32];0.37;0.51;0.01;0.90;0.65;0.00;0.81;0.69;0.3032;0.3013;1
147;147;Agent_2;orders came from the seed rule base (rules as-is);0;0;R7[0.17] R11[0.23] R15[0.23] R20[0.58] R26[0.65] A1[0.26];0.28;0.51;0.24;0.88;0.69;0.41;0.67;0.68;0.3032;0.3013;1
147;147;Agent_3;orders came from the seed rule base (rules as-is);0;0;R7[0.04] R20[0.35] R26[0.34] A1[0.08] G2[0.08] G3[0.08];0.38;0.53;0.02;0.62;0.55;0.00;0.86;0.69;0.3032;0.3013;1
148;148;Agent_1;orders came from the seed rule base (rules as-is);0;0;R7[0.02] R20[0.61] R26[0.36] A1[0.69] G2[0.61] G3[0.33];0.37;0.51;0.01;0.90;0.65;0.00;0.81;0.69;0.3028;0.3014;1
148;148;Agent_2;orders came from the seed rule base (rules as-is);0;0;R7[0.17] R11[0.23] R15[0.23] R20[0.59] R26[0.66] A1[0.26];0.28;0.51;0.24;0.88;0.69;0.41;0.67;0.68;0.3028;0.3014;1
148;148;Agent_3;orders came from the seed rule base (rules as-is);0;0;R7[0.04] R20[0.35] R26[0.34] A1[0.08] G2[0.08] G3[0.08];0.38;0.53;0.02;0.62;0.54;0.00;0.86;0.69;0.3028;0.3014;1
149;149;Agent_1;orders came from the seed rule base (rules as-is);0;0;R7[0.02] R20[0.61] R26[0.36] A1[0.69] G2[0.61] G3[0.33];0.37;0.51;0.01;0.90;0.65;0.00;0.81;0.69;0.3049;0.3016;1
149;149;Agent_2;orders came from the seed rule base (rules as-is);0;0;R7[0.17] R11[0.23] R15[0.23] R20[0.59] R26[0.66] A1[0.26];0.28;0.51;0.24;0.88;0.69;0.41;0.67;0.68;0.3049;0.3016;1
149;149;Agent_3;orders came from the seed rule base (rules as-is);0;0;R7[0.04] R20[0.35] R26[0.34] A1[0.08] G2[0.08] G3[0.08];0.38;0.53;0.02;0.62;0.55;0.00;0.86;0.69;0.3049;0.3016;1
150;150;Agent_1;orders came from the seed rule base (rules as-is);0;0;R7[0.02] R20[0.61] R26[0.36] A1[0.69] G2[0.61] G3[0.32];0.37;0.51;0.01;0.90;0.65;0.00;0.81;0.69;0.3035;0.3017;1
150;150;Agent_2;orders came from the seed rule base (rules as-is);0;0;R7[0.17] R11[0.23] R15[0.23] R20[0.59] R26[0.66] A1[0.26];0.28;0.51;0.24;0.88;0.69;0.41;0.67;0.68;0.3035;0.3017;1
150;150;Agent_3;orders came from the seed rule base (rules as-is);0;0;R7[0.04] R20[0.35] R26[0.34] A1[0.08] G2[0.08] G3[0.08];0.38;0.53;0.02;0.62;0.54;0.00;0.86;0.69;0.3035;0.3017;1
151;151;Agent_1;orders came from the seed rule base (rules as-is);0;0;R7[0.02] R20[0.61] R26[0.36] A1[0.69] G2[0.61] G3[0.32];0.37;0.51;0.01;0.90;0.65;0.00;0.81;0.69;0.3052;0.3013;1
151;151;Agent_2;orders came from the seed rule base (rules as-is);0;0;R7[0.17] R11[0.23] R15[0.23] R20[0.59] R26[0.66] A1[0.26];0.28;0.51;0.24;0.88;0.69;0.41;0.67;0.68;0.3052;0.3013;1
151;151;Agent_3;orders came from the seed rule base (rules as-is);0;0;R7[0.04] R20[0.35] R26[0.34] A1[0.08] G2[0.08] G3[0.08];0.38;0.53;0.02;0.62;0.55;0.00;0.86;0.69;0.3052;0.3013;1
152;152;Agent_1;orders came from the seed rule base (rules as-is);0;0;R7[0.02] R20[0.61] R26[0.36] A1[0.69] G2[0.61] G3[0.32];0.37;0.51;0.01;0.90;0.65;0.00;0.81;0.69;0.3061;0.3014;1
152;152;Agent_2;orders came from the seed rule base (rules as-is);0;0;R7[0.17] R11[0.23] R15[0.23] R20[0.59] R26[0.66] A1[0.26];0.28;0.51;0.24;0.88;0.69;0.41;0.67;0.68;0.3061;0.3014;1
152;152;Agent_3;orders came from the seed rule base (rules as-is);0;0;R7[0.04] R20[0.35] R26[0.34] A1[0.08] G2[0.08] G3[0.08];0.38;0.53;0.02;0.62;0.55;0.00;0.86;0.69;0.3061;0.3014;1
153;153;Agent_1;orders came from the seed rule base (rules as-is);0;0;R7[0.02] R20[0.61] R26[0.36] A1[0.69] G2[0.61] G3[0.32];0.37;0.51;0.01;0.90;0.65;0.00;0.81;0.69;0.3067;0.3015;1
153;153;Agent_2;orders came from the seed rule base (rules as-is);0;0;R7[0.17] R11[0.23] R15[0.23] R20[0.59] R26[0.66] A1[0.26];0.28;0.51;0.24;0.88;0.69;0.41;0.67;0.68;0.3067;0.3015;1
153;153;Agent_3;orders came from the seed rule base (rules as-is);0;0;R7[0.04] R20[0.36] R26[0.34] A1[0.08] G2[0.08] G3[0.08];0.37;0.53;0.02;0.62;0.58;0.00;0.87;0.69;0.3067;0.3015;1
154;154;Agent_1;orders came from the seed rule base (rules as-is);0;0;R7[0.02] R20[0.61] R26[0.36] A1[0.69] G2[0.61] G3[0.32];0.37;0.51;0.01;0.90;0.65;0.00;0.81;0.69;0.3070;0.3017;1
154;154;Agent_2;orders came from the seed rule base (rules as-is);0;0;R7[0.17] R11[0.23] R15[0.23] R20[0.59] R26[0.66] A1[0.26];0.28;0.51;0.24;0.88;0.69;0.41;0.67;0.68;0.3070;0.3017;1
154;154;Agent_3;orders came from the seed rule base (rules as-is);0;0;R7[0.04] R20[0.37] R26[0.34] A1[0.08] G2[0.08] G3[0.08];0.37;0.53;0.02;0.62;0.58;0.00;0.87;0.69;0.3070;0.3017;1
155;155;Agent_1;RL selected stage 2 [resolution increase] (deficit bucket: high) → rejected (cell already covered — an active rule sits on this antecedent cell; numeric tuning of an existing cell is stage ① evFIS's job | seed-base decision stands, its orders are applied);2;0;R7[0.02] R20[0.61] R26[0.36] A1[0.69] G2[0.61] G3[0.32];0.37;0.51;0.01;0.90;0.65;0.00;0.81;0.69;0.3082;0.3018;1
155;155;Agent_2;RL selected stage 2 [resolution increase] (deficit bucket: high) → rejected (cell already covered — an active rule sits on this antecedent cell; numeric tuning of an existing cell is stage ① evFIS's job | seed-base decision stands, its orders are applied);2;0;R7[0.17] R11[0.23] R15[0.23] R20[0.59] R26[0.66] A1[0.26];0.28;0.51;0.24;0.88;0.69;0.41;0.67;0.68;0.3082;0.3018;1
155;155;Agent_3;RL selected stage 2 [resolution increase] (deficit bucket: high) → rejected (cell already covered — an active rule sits on this antecedent cell; numeric tuning of an existing cell is stage ① evFIS's job | seed-base decision stands, its orders are applied);2;0;R7[0.04] R20[0.37] R26[0.34] A1[0.08] G2[0.08] G3[0.08];0.37;0.53;0.02;0.62;0.59;0.00;0.87;0.69;0.3082;0.3018;1
156;156;Agent_1;orders came from the seed rule base (rules as-is);0;0;R7[0.02] R20[0.61] R26[0.36] A1[0.69] G2[0.61] G3[0.32];0.37;0.51;0.01;0.90;0.65;0.00;0.81;0.69;0.3075;0.3020;1
156;156;Agent_2;orders came from the seed rule base (rules as-is);0;0;R7[0.17] R11[0.23] R15[0.23] R20[0.59] R26[0.66] A1[0.26];0.28;0.51;0.24;0.88;0.69;0.41;0.67;0.68;0.3075;0.3020;1
156;156;Agent_3;orders came from the seed rule base (rules as-is);0;0;R7[0.04] R20[0.37] R26[0.34] A1[0.08] G2[0.08] G3[0.08];0.37;0.53;0.02;0.62;0.58;0.00;0.87;0.69;0.3075;0.3020;1
157;157;Agent_1;orders came from the seed rule base (rules as-is);0;0;R7[0.02] R20[0.61] R26[0.36] A1[0.69] G2[0.61] G3[0.32];0.37;0.51;0.01;0.90;0.65;0.00;0.81;0.69;0.3083;0.3021;1
157;157;Agent_2;orders came from the seed rule base (rules as-is);0;0;R7[0.17] R11[0.23] R15[0.23] R20[0.59] R26[0.66] A1[0.26];0.28;0.51;0.24;0.88;0.69;0.41;0.67;0.68;0.3083;0.3021;1
157;157;Agent_3;orders came from the seed rule base (rules as-is);0;0;R7[0.04] R20[0.37] R26[0.34] A1[0.08] G2[0.08] G3[0.08];0.38;0.53;0.02;0.62;0.58;0.00;0.87;0.69;0.3083;0.3021;1
158;158;Agent_1;orders came from the seed rule base (rules as-is);0;0;R7[0.02] R20[0.61] R26[0.36] A1[0.69] G2[0.61] G3[0.32];0.37;0.51;0.01;0.90;0.65;0.00;0.81;0.69;0.3078;0.3022;1
158;158;Agent_2;orders came from the seed rule base (rules as-is);0;0;R7[0.17] R11[0.23] R15[0.23] R20[0.59] R26[0.66] A1[0.26];0.28;0.51;0.24;0.88;0.69;0.41;0.67;0.68;0.3078;0.3022;1
158;158;Agent_3;orders came from the seed rule base (rules as-is);0;0;R7[0.04] R20[0.36] R26[0.34] A1[0.08] G2[0.08] G3[0.08];0.38;0.53;0.02;0.62;0.57;0.00;0.87;0.69;0.3078;0.3022;1
159;159;Agent_1;orders came from the seed rule base (rules as-is);0;0;R7[0.02] R20[0.61] R26[0.36] A1[0.69] G2[0.61] G3[0.32];0.37;0.51;0.01;0.90;0.65;0.00;0.81;0.69;0.3084;0.3024;1
159;159;Agent_2;orders came from the seed rule base (rules as-is);0;0;R7[0.17] R11[0.23] R15[0.23] R20[0.59] R26[0.66] A1[0.26];0.28;0.51;0.24;0.88;0.69;0.41;0.67;0.68;0.3084;0.3024;1
159;159;Agent_3;orders came from the seed rule base (rules as-is);0;0;R7[0.04] R20[0.36] R26[0.34] A1[0.08] G2[0.08] G3[0.08];0.38;0.53;0.02;0.62;0.57;0.00;0.87;0.69;0.3084;0.3024;1
160;160;Agent_1;orders came from the seed rule base (rules as-is);0;0;R7[0.02] R20[0.61] R26[0.36] A1[0.69] G2[0.61] G3[0.32];0.37;0.51;0.01;0.90;0.65;0.00;0.81;0.69;0.3089;0.3025;1
160;160;Agent_2;orders came from the seed rule base (rules as-is);0;0;R7[0.17] R11[0.23] R15[0.23] R20[0.59] R26[0.66] A1[0.26];0.28;0.51;0.24;0.88;0.69;0.41;0.67;0.68;0.3089;0.3025;1
160;160;Agent_3;orders came from the seed rule base (rules as-is);0;0;R7[0.04] R20[0.36] R26[0.34] A1[0.08] G2[0.08] G3[0.08];0.38;0.53;0.02;0.62;0.57;0.00;0.87;0.69;0.3089;0.3025;1
0;0;Agent_1;orders came from the seed rule base (rules as-is);0;0;R7[0.02] R20[0.20] R26[0.02] A1[0.55] G2[0.25] G1[0.38];0.44;0.50;0.01;0.87;0.55;0.00;0.88;0.00;0.2955;0.2892;1
0;0;Agent_2;orders came from the seed rule base (rules as-is);0;0;R7[0.16] R11[0.23] R15[0.23] R20[0.19] R26[0.33] A1[0.16];0.31;0.55;0.23;0.88;0.69;0.41;0.64;0.00;0.2955;0.2892;1
0;0;Agent_3;orders came from the seed rule base (rules as-is);0;0;;0.00;0.00;0.00;0.00;0.00;0.00;0.68;0.00;0.2955;0.2892;1
1;1;Agent_1;orders came from the seed rule base (rules as-is);0;0;R7[0.02] R20[0.21] R26[0.02] A1[0.61] G2[0.27] G1[0.40];0.46;0.50;0.01;0.87;0.57;0.00;0.90;0.70;0.2917;0.2906;1
1;1;Agent_2;orders came from the seed rule base (rules as-is);0;0;R7[0.17] R11[0.23] R15[0.23] R20[0.20] R26[0.35] A1[0.18];0.31;0.55;0.24;0.89;0.70;0.41;0.65;0.68;0.2917;0.2906;1
1;1;Agent_3;orders came from the seed rule base (rules as-is);0;0;;0.00;0.00;0.00;0.00;0.00;0.00;0.66;0.70;0.2917;0.2906;1
161;161;Agent_1;RL selected stage 1 [evFIS] (deficit bucket: low) → ACCEPTED: A1 consequents -0.05;1;1;R7[0.02] R20[0.50] R26[0.26] A1[0.68] G2[0.60] G1[0.11];0.38;0.50;0.01;0.88;0.63;0.00;0.86;0.69;0.2718;0.2892;1
161;161;Agent_2;RL selected stage 1 [evFIS] (deficit bucket: low) → ACCEPTED: A1 consequents -0.05;1;1;R7[0.17] R11[0.23] R15[0.23] R20[0.47] R26[0.56] A1[0.25];0.28;0.51;0.24;0.87;0.68;0.41;0.72;0.68;0.2718;0.2892;1
161;161;Agent_3;RL selected stage 1 [evFIS] (deficit bucket: low) → ACCEPTED: A1 consequents -0.05;1;1;R7[0.04] R20[0.26] R26[0.25] A1[0.08] G2[0.08] G1[0.08];0.36;0.50;0.02;0.74;0.53;0.00;0.86;0.69;0.2718;0.2892;1
2;2;Agent_1;orders came from the seed rule base (rules as-is);0;0;R7[0.02] R20[0.33] R26[0.27] A1[0.68] G2[0.31] G1[0.11];0.38;0.53;0.01;0.88;0.61;0.00;0.89;0.70;0.2649;0.2909;1
2;2;Agent_2;orders came from the seed rule base (rules as-is);0;0;R7[0.17] R11[0.23] R15[0.23] R20[0.20] R26[0.35] A1[0.18];0.31;0.55;0.24;0.88;0.68;0.41;0.70;0.68;0.2649;0.2909;1
2;2;Agent_3;orders came from the seed rule base (rules as-is);0;0;R7[0.04] R20[0.12] R26[0.26] A1[0.08] G2[0.03] G1[0.08];0.38;0.47;0.02;0.70;0.17;0.00;0.83;0.70;0.2649;0.2909;1
3;3;Agent_1;orders came from the seed rule base (rules as-is);0;0;R7[0.02] R20[0.39] R26[0.35] A1[0.69] G2[0.31] G3[0.38];0.37;0.54;0.01;0.88;0.61;0.00;0.85;0.70;0.1734;0.2914;1
3;3;Agent_2;orders came from the seed rule base (rules as-is);0;0;R7[0.17] R11[0.23] R15[0.23] R20[0.22] R26[0.37] A1[0.18];0.31;0.55;0.24;0.88;0.68;0.41;0.71;0.68;0.1734;0.2914;1
3;3;Agent_3;orders came from the seed rule base (rules as-is);0;0;R7[0.04] R20[0.17] R26[0.34] A1[0.08] G2[0.04] G3[0.08];0.45;0.57;0.02;0.59;0.17;0.00;0.86;0.70;0.1734;0.2914;1
4;4;Agent_1;orders came from the seed rule base (rules as-is);0;0;R7[0.02] R20[0.38] R26[0.36] A1[0.69] G2[0.31] G3[0.38];0.37;0.54;0.01;0.88;0.61;0.00;0.84;0.70;0.1782;0.2917;1
4;4;Agent_2;orders came from the seed rule base (rules as-is);0;0;R7[0.17] R11[0.23] R15[0.23] R20[0.21] R26[0.36] A1[0.18];0.31;0.55;0.24;0.88;0.68;0.41;0.71;0.68;0.1782;0.2917;1
4;4;Agent_3;orders came from the seed rule base (rules as-is);0;0;R7[0.04] R20[0.17] R26[0.35] A1[0.08] G2[0.04] G3[0.08];0.45;0.57;0.02;0.58;0.17;0.00;0.86;0.70;0.1782;0.2917;1
5;5;Agent_1;orders came from the seed rule base (rules as-is);0;0;R7[0.02] R20[0.38] R26[0.36] A1[0.69] G2[0.31] G3[0.38];0.37;0.54;0.01;0.88;0.61;0.00;0.84;0.70;0.1881;0.2920;1
5;5;Agent_2;orders came from the seed rule base (rules as-is);0;0;R7[0.17] R11[0.23] R15[0.23] R20[0.20] R26[0.35] A1[0.18];0.31;0.55;0.24;0.88;0.68;0.41;0.71;0.68;0.1881;0.2920;1
5;5;Agent_3;orders came from the seed rule base (rules as-is);0;0;R7[0.04] R20[0.17] R26[0.35] A1[0.08] G2[0.04] G3[0.08];0.45;0.57;0.02;0.58;0.17;0.00;0.86;0.70;0.1881;0.2920;1
6;6;Agent_1;orders came from the seed rule base (rules as-is);0;0;R7[0.02] R20[0.38] R26[0.36] A1[0.69] G2[0.31] G3[0.38];0.37;0.54;0.01;0.88;0.61;0.00;0.84;0.70;0.1968;0.2923;1
6;6;Agent_2;orders came from the seed rule base (rules as-is);0;0;R7[0.17] R11[0.23] R15[0.23] R20[0.20] R26[0.35] A1[0.18];0.31;0.55;0.24;0.88;0.68;0.41;0.71;0.68;0.1968;0.2923;1
6;6;Agent_3;orders came from the seed rule base (rules as-is);0;0;R7[0.04] R20[0.17] R26[0.35] A1[0.08] G2[0.04] G3[0.08];0.45;0.57;0.02;0.58;0.17;0.00;0.86;0.70;0.1968;0.2923;1
7;7;Agent_1;orders came from the seed rule base (rules as-is);0;0;R7[0.02] R20[0.38] R26[0.36] A1[0.69] G2[0.31] G3[0.38];0.37;0.54;0.01;0.88;0.61;0.00;0.84;0.70;0.2055;0.2921;1
7;7;Agent_2;orders came from the seed rule base (rules as-is);0;0;R7[0.17] R11[0.23] R15[0.23] R20[0.20] R26[0.35] A1[0.18];0.31;0.55;0.24;0.88;0.68;0.41;0.71;0.68;0.2055;0.2921;1
7;7;Agent_3;orders came from the seed rule base (rules as-is);0;0;R7[0.04] R20[0.17] R26[0.35] A1[0.08] G2[0.04] G3[0.08];0.45;0.57;0.02;0.58;0.17;0.00;0.86;0.70;0.2055;0.2921;1
8;8;Agent_1;orders came from the seed rule base (rules as-is);0;0;R7[0.02] R20[0.37] R26[0.36] A1[0.69] G2[0.31] G3[0.38];0.37;0.54;0.01;0.88;0.61;0.00;0.84;0.70;0.1842;0.2923;1
8;8;Agent_2;orders came from the seed rule base (rules as-is);0;0;R7[0.17] R11[0.23] R15[0.23] R20[0.20] R26[0.35] A1[0.18];0.31;0.55;0.24;0.88;0.68;0.41;0.71;0.68;0.1842;0.2923;1
8;8;Agent_3;orders came from the seed rule base (rules as-is);0;0;R7[0.04] R20[0.17] R26[0.35] A1[0.08] G2[0.04] G3[0.08];0.45;0.57;0.02;0.58;0.17;0.00;0.86;0.70;0.1842;0.2923;1
9;9;Agent_1;orders came from the seed rule base (rules as-is);0;0;R7[0.02] R20[0.37] R26[0.36] A1[0.69] G2[0.31] G3[0.38];0.37;0.54;0.01;0.88;0.61;0.00;0.84;0.70;0.1749;0.2921;1
9;9;Agent_2;orders came from the seed rule base (rules as-is);0;0;R7[0.17] R11[0.23] R15[0.23] R20[0.20] R26[0.35] A1[0.18];0.31;0.55;0.24;0.88;0.68;0.41;0.71;0.68;0.1749;0.2921;1
9;9;Agent_3;orders came from the seed rule base (rules as-is);0;0;R7[0.04] R20[0.17] R26[0.35] A1[0.08] G2[0.04] G3[0.08];0.45;0.57;0.02;0.58;0.17;0.00;0.86;0.70;0.1749;0.2921;1
10;10;Agent_1;orders came from the seed rule base (rules as-is);0;0;R7[0.02] R20[0.37] R26[0.36] A1[0.69] G2[0.31] G3[0.38];0.37;0.54;0.01;0.88;0.61;0.00;0.84;0.70;0.1843;0.2926;1
10;10;Agent_2;orders came from the seed rule base (rules as-is);0;0;R7[0.17] R11[0.23] R15[0.23] R20[0.20] R26[0.35] A1[0.18];0.31;0.55;0.24;0.88;0.68;0.41;0.71;0.68;0.1843;0.2926;1
10;10;Agent_3;orders came from the seed rule base (rules as-is);0;0;R7[0.04] R20[0.17] R26[0.35] A1[0.08] G2[0.04] G3[0.08];0.45;0.57;0.02;0.58;0.17;0.00;0.86;0.70;0.1843;0.2926;1
11;11;Agent_1;orders came from the seed rule base (rules as-is);0;0;R7[0.02] R20[0.37] R26[0.36] A1[0.68] G2[0.31] G3[0.38];0.37;0.54;0.01;0.88;0.61;0.00;0.85;0.70;0.0877;0.2923;1
11;11;Agent_2;orders came from the seed rule base (rules as-is);0;0;R7[0.17] R11[0.23] R15[0.23] R20[0.20] R26[0.35] A1[0.18];0.31;0.55;0.24;0.88;0.68;0.41;0.71;0.68;0.0877;0.2923;1
11;11;Agent_3;orders came from the seed rule base (rules as-is);0;0;R7[0.04] R20[0.17] R26[0.35] A1[0.08] G2[0.04] G3[0.08];0.45;0.57;0.02;0.58;0.17;0.00;0.86;0.70;0.0877;0.2923;1
12;12;Agent_1;orders came from the seed rule base (rules as-is);0;0;R7[0.02] R20[0.37] R26[0.36] A1[0.68] G2[0.31] G3[0.38];0.37;0.54;0.01;0.88;0.61;0.00;0.85;0.70;0.0917;0.2922;1
12;12;Agent_2;orders came from the seed rule base (rules as-is);0;0;R7[0.17] R11[0.23] R15[0.23] R20[0.20] R26[0.35] A1[0.18];0.31;0.55;0.24;0.88;0.68;0.41;0.71;0.68;0.0917;0.2922;1
12;12;Agent_3;orders came from the seed rule base (rules as-is);0;0;R7[0.04] R20[0.17] R26[0.35] A1[0.08] G2[0.04] G3[0.08];0.45;0.57;0.02;0.58;0.17;0.00;0.86;0.70;0.0917;0.2922;1
13;13;Agent_1;orders came from the seed rule base (rules as-is);0;0;R7[0.02] R20[0.37] R26[0.36] A1[0.68] G2[0.31] G3[0.38];0.37;0.54;0.01;0.89;0.61;0.00;0.85;0.70;0.0957;0.2922;1
13;13;Agent_2;orders came from the seed rule base (rules as-is);0;0;R7[0.17] R11[0.23] R15[0.23] R20[0.20] R26[0.35] A1[0.18];0.31;0.55;0.24;0.88;0.68;0.41;0.71;0.68;0.0957;0.2922;1
13;13;Agent_3;orders came from the seed rule base (rules as-is);0;0;R7[0.04] R20[0.17] R26[0.35] A1[0.08] G2[0.04] G3[0.08];0.45;0.57;0.02;0.58;0.17;0.00;0.85;0.70;0.0957;0.2922;1
14;14;Agent_1;orders came from the seed rule base (rules as-is);0;0;R7[0.02] R20[0.37] R26[0.36] A1[0.68] G2[0.31] G3[0.38];0.37;0.54;0.01;0.89;0.61;0.00;0.85;0.70;0.0912;0.2928;1
14;14;Agent_2;orders came from the seed rule base (rules as-is);0;0;R7[0.17] R11[0.23] R15[0.23] R20[0.20] R26[0.35] A1[0.18];0.31;0.55;0.24;0.88;0.68;0.41;0.71;0.68;0.0912;0.2928;1
14;14;Agent_3;orders came from the seed rule base (rules as-is);0;0;R7[0.04] R20[0.17] R26[0.35] A1[0.08] G2[0.04] G3[0.08];0.45;0.57;0.02;0.58;0.17;0.00;0.85;0.70;0.0912;0.2928;1
15;15;Agent_1;orders came from the seed rule base (rules as-is);0;0;R7[0.02] R20[0.37] R26[0.35] A1[0.68] G2[0.31] G3[0.38];0.37;0.55;0.01;0.89;0.61;0.00;0.85;0.70;0.0971;0.2925;1
15;15;Agent_2;orders came from the seed rule base (rules as-is);0;0;R7[0.17] R11[0.23] R15[0.23] R20[0.20] R26[0.35] A1[0.18];0.31;0.55;0.24;0.88;0.68;0.41;0.71;0.68;0.0971;0.2925;1
15;15;Agent_3;orders came from the seed rule base (rules as-is);0;0;R7[0.04] R20[0.17] R26[0.35] A1[0.08] G2[0.04] G3[0.08];0.45;0.57;0.02;0.58;0.17;0.00;0.85;0.70;0.0971;0.2925;1
16;16;Agent_1;orders came from the seed rule base (rules as-is);0;0;R7[0.02] R20[0.37] R26[0.35] A1[0.68] G2[0.31] G3[0.38];0.37;0.55;0.01;0.89;0.61;0.00;0.85;0.70;0.0972;0.2924;1
16;16;Agent_2;orders came from the seed rule base (rules as-is);0;0;R7[0.17] R11[0.23] R15[0.23] R20[0.20] R26[0.35] A1[0.18];0.31;0.55;0.24;0.88;0.68;0.41;0.71;0.68;0.0972;0.2924;1
16;16;Agent_3;orders came from the seed rule base (rules as-is);0;0;R7[0.04] R20[0.17] R26[0.35] A1[0.08] G2[0.04] G3[0.08];0.45;0.57;0.02;0.58;0.17;0.00;0.85;0.70;0.0972;0.2924;1
17;17;Agent_1;orders came from the seed rule base (rules as-is);0;0;R7[0.02] R20[0.37] R26[0.35] A1[0.68] G2[0.31] G3[0.38];0.37;0.55;0.01;0.89;0.61;0.00;0.85;0.70;0.0906;0.2923;1
17;17;Agent_2;orders came from the seed rule base (rules as-is);0;0;R7[0.17] R11[0.23] R15[0.23] R20[0.20] R26[0.35] A1[0.18];0.31;0.55;0.24;0.88;0.68;0.41;0.71;0.68;0.0906;0.2923;1
17;17;Agent_3;orders came from the seed rule base (rules as-is);0;0;R7[0.04] R20[0.17] R26[0.35] A1[0.08] G2[0.04] G3[0.08];0.45;0.57;0.02;0.58;0.17;0.00;0.85;0.70;0.0906;0.2923;1
18;18;Agent_1;orders came from the seed rule base (rules as-is);0;0;R7[0.02] R20[0.37] R26[0.35] A1[0.68] G2[0.31] G3[0.38];0.37;0.55;0.01;0.89;0.61;0.00;0.85;0.70;0.1240;0.2927;1
18;18;Agent_2;orders came from the seed rule base (rules as-is);0;0;R7[0.17] R11[0.23] R15[0.23] R20[0.20] R26[0.35] A1[0.18];0.31;0.55;0.24;0.88;0.68;0.41;0.71;0.68;0.1240;0.2927;1
18;18;Agent_3;orders came from the seed rule base (rules as-is);0;0;R7[0.04] R20[0.17] R26[0.35] A1[0.08] G2[0.04] G3[0.08];0.45;0.57;0.02;0.58;0.17;0.00;0.85;0.70;0.1240;0.2927;1
19;19;Agent_1;orders came from the seed rule base (rules as-is);0;0;R7[0.02] R20[0.37] R26[0.35] A1[0.68] G2[0.31] G3[0.38];0.37;0.55;0.01;0.89;0.61;0.00;0.85;0.70;0.0920;0.2928;1
19;19;Agent_2;orders came from the seed rule base (rules as-is);0;0;R7[0.17] R11[0.23] R15[0.23] R20[0.20] R26[0.35] A1[0.18];0.31;0.55;0.24;0.88;0.68;0.41;0.71;0.68;0.0920;0.2928;1
19;19;Agent_3;orders came from the seed rule base (rules as-is);0;0;R7[0.04] R20[0.17] R26[0.35] A1[0.08] G2[0.04] G3[0.08];0.45;0.57;0.02;0.58;0.17;0.00;0.85;0.69;0.0920;0.2928;1
20;20;Agent_1;orders came from the seed rule base (rules as-is);0;0;R7[0.02] R20[0.37] R26[0.35] A1[0.68] G2[0.31] G3[0.38];0.37;0.55;0.01;0.89;0.61;0.00;0.85;0.70;0.0934;0.2927;1
20;20;Agent_2;orders came from the seed rule base (rules as-is);0;0;R7[0.17] R11[0.23] R15[0.23] R20[0.20] R26[0.35] A1[0.18];0.31;0.55;0.24;0.88;0.68;0.41;0.71;0.68;0.0934;0.2927;1
20;20;Agent_3;orders came from the seed rule base (rules as-is);0;0;R7[0.04] R20[0.17] R26[0.35] A1[0.08] G2[0.04] G3[0.08];0.45;0.57;0.02;0.58;0.17;0.00;0.85;0.69;0.0934;0.2927;1
21;21;Agent_1;orders came from the seed rule base (rules as-is);0;0;R7[0.02] R20[0.37] R26[0.35] A1[0.68] G2[0.31] G3[0.38];0.37;0.55;0.01;0.89;0.61;0.00;0.85;0.70;0.1025;0.2928;1
21;21;Agent_2;orders came from the seed rule base (rules as-is);0;0;R7[0.17] R11[0.23] R15[0.23] R20[0.20] R26[0.35] A1[0.18];0.31;0.55;0.24;0.88;0.68;0.41;0.71;0.68;0.1025;0.2928;1
21;21;Agent_3;orders came from the seed rule base (rules as-is);0;0;R7[0.04] R20[0.17] R26[0.35] A1[0.08] G2[0.04] G3[0.08];0.45;0.57;0.02;0.58;0.17;0.00;0.85;0.69;0.1025;0.2928;1
22;22;Agent_1;orders came from the seed rule base (rules as-is);0;0;R7[0.02] R20[0.37] R26[0.35] A1[0.68] G2[0.31] G3[0.38];0.37;0.55;0.01;0.89;0.61;0.00;0.85;0.70;0.0922;0.2927;1
22;22;Agent_2;orders came from the seed rule base (rules as-is);0;0;R7[0.17] R11[0.23] R15[0.23] R20[0.20] R26[0.35] A1[0.18];0.31;0.55;0.24;0.88;0.68;0.41;0.71;0.68;0.0922;0.2927;1
22;22;Agent_3;orders came from the seed rule base (rules as-is);0;0;R7[0.04] R20[0.17] R26[0.35] A1[0.08] G2[0.04] G3[0.08];0.45;0.57;0.02;0.58;0.17;0.00;0.85;0.69;0.0922;0.2927;1
23;23;Agent_1;orders came from the seed rule base (rules as-is);0;0;R7[0.02] R20[0.37] R26[0.35] A1[0.68] G2[0.31] G3[0.38];0.37;0.55;0.01;0.89;0.61;0.00;0.85;0.70;0.0916;0.2924;1
23;23;Agent_2;orders came from the seed rule base (rules as-is);0;0;R7[0.17] R11[0.23] R15[0.23] R20[0.20] R26[0.35] A1[0.18];0.31;0.55;0.24;0.88;0.68;0.41;0.71;0.68;0.0916;0.2924;1
23;23;Agent_3;orders came from the seed rule base (rules as-is);0;0;R7[0.04] R20[0.17] R26[0.35] A1[0.08] G2[0.04] G3[0.08];0.45;0.57;0.02;0.58;0.17;0.00;0.85;0.69;0.0916;0.2924;1
24;24;Agent_1;orders came from the seed rule base (rules as-is);0;0;R7[0.02] R20[0.37] R26[0.35] A1[0.68] G2[0.31] G3[0.38];0.37;0.55;0.01;0.89;0.61;0.00;0.85;0.70;0.1125;0.2924;1
24;24;Agent_2;orders came from the seed rule base (rules as-is);0;0;R7[0.17] R11[0.23] R15[0.23] R20[0.20] R26[0.35] A1[0.18];0.31;0.55;0.24;0.88;0.68;0.41;0.71;0.68;0.1125;0.2924;1
24;24;Agent_3;orders came from the seed rule base (rules as-is);0;0;R7[0.04] R20[0.17] R26[0.35] A1[0.08] G2[0.04] G3[0.08];0.45;0.57;0.02;0.58;0.17;0.00;0.85;0.69;0.1125;0.2924;1
25;25;Agent_1;orders came from the seed rule base (rules as-is);0;0;R7[0.02] R20[0.37] R26[0.35] A1[0.68] G2[0.31] G3[0.38];0.37;0.55;0.01;0.89;0.61;0.00;0.85;0.70;0.1138;0.2923;1
25;25;Agent_2;orders came from the seed rule base (rules as-is);0;0;R7[0.17] R11[0.23] R15[0.23] R20[0.20] R26[0.35] A1[0.18];0.31;0.55;0.24;0.88;0.68;0.41;0.71;0.68;0.1138;0.2923;1
25;25;Agent_3;orders came from the seed rule base (rules as-is);0;0;R7[0.04] R20[0.17] R26[0.35] A1[0.08] G2[0.04] G3[0.08];0.45;0.57;0.02;0.58;0.17;0.00;0.85;0.69;0.1138;0.2923;1
26;26;Agent_1;orders came from the seed rule base (rules as-is);0;0;R7[0.02] R20[0.37] R26[0.35] A1[0.68] G2[0.31] G3[0.38];0.37;0.55;0.01;0.89;0.61;0.00;0.85;0.70;0.1052;0.2926;1
26;26;Agent_2;orders came from the seed rule base (rules as-is);0;0;R7[0.17] R11[0.23] R15[0.23] R20[0.20] R26[0.35] A1[0.18];0.31;0.55;0.24;0.88;0.68;0.41;0.71;0.68;0.1052;0.2926;1
26;26;Agent_3;orders came from the seed rule base (rules as-is);0;0;R7[0.04] R20[0.17] R26[0.35] A1[0.08] G2[0.04] G3[0.08];0.45;0.57;0.02;0.58;0.17;0.00;0.85;0.69;0.1052;0.2926;1
27;27;Agent_1;orders came from the seed rule base (rules as-is);0;0;R7[0.02] R20[0.37] R26[0.35] A1[0.68] G2[0.31] G3[0.38];0.37;0.55;0.01;0.89;0.61;0.00;0.85;0.70;0.2045;0.2929;1
27;27;Agent_2;orders came from the seed rule base (rules as-is);0;0;R7[0.17] R11[0.23] R15[0.23] R20[0.20] R26[0.35] A1[0.18];0.31;0.55;0.24;0.88;0.68;0.41;0.71;0.68;0.2045;0.2929;1
27;27;Agent_3;orders came from the seed rule base (rules as-is);0;0;R7[0.04] R20[0.17] R26[0.35] A1[0.08] G2[0.04] G3[0.08];0.45;0.57;0.02;0.58;0.17;0.00;0.85;0.69;0.2045;0.2929;1
28;28;Agent_1;orders came from the seed rule base (rules as-is);0;0;R7[0.02] R20[0.37] R26[0.34] A1[0.68] G2[0.31] G3[0.38];0.37;0.55;0.01;0.89;0.61;0.00;0.85;0.70;0.1072;0.2925;1
28;28;Agent_2;orders came from the seed rule base (rules as-is);0;0;R7[0.17] R11[0.23] R15[0.23] R20[0.20] R26[0.35] A1[0.18];0.31;0.55;0.24;0.88;0.68;0.41;0.71;0.68;0.1072;0.2925;1
28;28;Agent_3;orders came from the seed rule base (rules as-is);0;0;R7[0.04] R20[0.17] R26[0.35] A1[0.08] G2[0.04] G3[0.08];0.45;0.57;0.02;0.58;0.17;0.00;0.85;0.69;0.1072;0.2925;1
29;29;Agent_1;orders came from the seed rule base (rules as-is);0;0;R7[0.02] R20[0.37] R26[0.34] A1[0.68] G2[0.31] G3[0.38];0.37;0.55;0.01;0.89;0.61;0.00;0.85;0.70;0.1054;0.2932;1
29;29;Agent_2;orders came from the seed rule base (rules as-is);0;0;R7[0.17] R11[0.23] R15[0.23] R20[0.20] R26[0.35] A1[0.18];0.31;0.55;0.24;0.88;0.68;0.41;0.71;0.68;0.1054;0.2932;1
29;29;Agent_3;orders came from the seed rule base (rules as-is);0;0;R7[0.04] R20[0.17] R26[0.35] A1[0.08] G2[0.04] G3[0.08];0.45;0.57;0.02;0.58;0.17;0.00;0.85;0.69;0.1054;0.2932;1
30;30;Agent_1;orders came from the seed rule base (rules as-is);0;0;R7[0.02] R20[0.37] R26[0.34] A1[0.68] G2[0.31] G3[0.38];0.37;0.55;0.01;0.89;0.61;0.00;0.85;0.70;0.1073;0.2927;1
30;30;Agent_2;orders came from the seed rule base (rules as-is);0;0;R7[0.17] R11[0.23] R15[0.23] R20[0.20] R26[0.35] A1[0.18];0.31;0.55;0.24;0.88;0.68;0.41;0.71;0.68;0.1073;0.2927;1
30;30;Agent_3;orders came from the seed rule base (rules as-is);0;0;R7[0.04] R20[0.17] R26[0.35] A1[0.08] G2[0.04] G3[0.08];0.45;0.56;0.02;0.58;0.17;0.00;0.85;0.69;0.1073;0.2927;1
31;31;Agent_1;orders came from the seed rule base (rules as-is);0;0;R7[0.02] R20[0.37] R26[0.34] A1[0.68] G2[0.31] G3[0.37];0.37;0.55;0.01;0.89;0.61;0.00;0.85;0.70;0.1067;0.2921;1
31;31;Agent_2;orders came from the seed rule base (rules as-is);0;0;R7[0.17] R11[0.23] R15[0.23] R20[0.20] R26[0.35] A1[0.18];0.31;0.55;0.24;0.88;0.68;0.41;0.71;0.68;0.1067;0.2921;1
31;31;Agent_3;orders came from the seed rule base (rules as-is);0;0;R7[0.04] R20[0.17] R26[0.35] A1[0.08] G2[0.04] G3[0.08];0.45;0.56;0.02;0.58;0.17;0.00;0.85;0.69;0.1067;0.2921;1
32;32;Agent_1;orders came from the seed rule base (rules as-is);0;0;R7[0.02] R20[0.37] R26[0.34] A1[0.68] G2[0.31] G3[0.37];0.37;0.55;0.01;0.89;0.61;0.00;0.85;0.70;0.1092;0.2926;1
32;32;Agent_2;orders came from the seed rule base (rules as-is);0;0;R7[0.17] R11[0.23] R15[0.23] R20[0.20] R26[0.35] A1[0.18];0.31;0.55;0.24;0.88;0.68;0.41;0.71;0.68;0.1092;0.2926;1
32;32;Agent_3;orders came from the seed rule base (rules as-is);0;0;R7[0.04] R20[0.17] R26[0.35] A1[0.08] G2[0.04] G3[0.08];0.45;0.56;0.02;0.58;0.17;0.00;0.85;0.69;0.1092;0.2926;1
33;33;Agent_1;orders came from the seed rule base (rules as-is);0;0;R7[0.02] R20[0.37] R26[0.34] A1[0.68] G2[0.31] G3[0.37];0.37;0.55;0.01;0.89;0.61;0.00;0.85;0.70;0.1290;0.2921;1
33;33;Agent_2;orders came from the seed rule base (rules as-is);0;0;R7[0.17] R11[0.23] R15[0.23] R20[0.20] R26[0.35] A1[0.18];0.31;0.55;0.24;0.88;0.68;0.41;0.71;0.68;0.1290;0.2921;1
33;33;Agent_3;orders came from the seed rule base (rules as-is);0;0;R7[0.04] R20[0.17] R26[0.35] A1[0.08] G2[0.04] G3[0.08];0.45;0.56;0.02;0.58;0.17;0.00;0.85;0.69;0.1290;0.2921;1
34;34;Agent_1;orders came from the seed rule base (rules as-is);0;0;R7[0.02] R20[0.37] R26[0.34] A1[0.68] G2[0.31] G3[0.37];0.37;0.55;0.01;0.89;0.61;0.00;0.85;0.70;0.1772;0.2927;1
34;34;Agent_2;orders came from the seed rule base (rules as-is);0;0;R7[0.17] R11[0.23] R15[0.23] R20[0.20] R26[0.35] A1[0.18];0.31;0.55;0.24;0.88;0.68;0.41;0.71;0.68;0.1772;0.2927;1
34;34;Agent_3;orders came from the seed rule base (rules as-is);0;0;R7[0.04] R20[0.17] R26[0.35] A1[0.08] G2[0.04] G3[0.08];0.45;0.56;0.02;0.58;0.17;0.00;0.85;0.69;0.1772;0.2927;1
35;35;Agent_1;orders came from the seed rule base (rules as-is);0;0;R7[0.02] R20[0.37] R26[0.34] A1[0.68] G2[0.31] G3[0.37];0.37;0.55;0.01;0.89;0.61;0.00;0.85;0.70;0.1819;0.2921;1
35;35;Agent_2;orders came from the seed rule base (rules as-is);0;0;R7[0.17] R11[0.23] R15[0.23] R20[0.20] R26[0.35] A1[0.18];0.31;0.55;0.24;0.88;0.68;0.41;0.71;0.68;0.1819;0.2921;1
35;35;Agent_3;orders came from the seed rule base (rules as-is);0;0;R7[0.04] R20[0.17] R26[0.35] A1[0.08] G2[0.04] G3[0.08];0.45;0.56;0.02;0.58;0.17;0.00;0.85;0.69;0.1819;0.2921;1
36;36;Agent_1;orders came from the seed rule base (rules as-is);0;0;R7[0.02] R20[0.37] R26[0.34] A1[0.68] G2[0.31] G3[0.37];0.37;0.55;0.01;0.89;0.61;0.00;0.85;0.69;0.1148;0.2920;1
36;36;Agent_2;orders came from the seed rule base (rules as-is);0;0;R7[0.17] R11[0.23] R15[0.23] R20[0.20] R26[0.35] A1[0.18];0.31;0.55;0.24;0.88;0.68;0.41;0.71;0.68;0.1148;0.2920;1
36;36;Agent_3;orders came from the seed rule base (rules as-is);0;0;R7[0.04] R20[0.17] R26[0.35] A1[0.08] G2[0.04] G3[0.08];0.45;0.56;0.02;0.58;0.17;0.00;0.85;0.69;0.1148;0.2920;1
37;37;Agent_1;orders came from the seed rule base (rules as-is);0;0;R7[0.02] R20[0.37] R26[0.34] A1[0.68] G2[0.31] G3[0.37];0.37;0.55;0.01;0.89;0.61;0.00;0.85;0.69;0.1178;0.2920;1
37;37;Agent_2;orders came from the seed rule base (rules as-is);0;0;R7[0.17] R11[0.23] R15[0.23] R20[0.20] R26[0.35] A1[0.18];0.31;0.55;0.24;0.88;0.68;0.41;0.71;0.68;0.1178;0.2920;1
37;37;Agent_3;orders came from the seed rule base (rules as-is);0;0;R7[0.04] R20[0.17] R26[0.35] A1[0.08] G2[0.04] G3[0.08];0.45;0.56;0.02;0.58;0.17;0.00;0.85;0.69;0.1178;0.2920;1
38;38;Agent_1;orders came from the seed rule base (rules as-is);0;0;R7[0.02] R20[0.37] R26[0.34] A1[0.68] G2[0.31] G3[0.37];0.37;0.55;0.01;0.89;0.61;0.00;0.85;0.69;0.1242;0.2916;1
38;38;Agent_2;orders came from the seed rule base (rules as-is);0;0;R7[0.17] R11[0.23] R15[0.23] R20[0.20] R26[0.35] A1[0.18];0.31;0.55;0.24;0.88;0.68;0.41;0.71;0.68;0.1242;0.2916;1
38;38;Agent_3;orders came from the seed rule base (rules as-is);0;0;R7[0.04] R20[0.17] R26[0.35] A1[0.08] G2[0.04] G3[0.08];0.45;0.56;0.02;0.58;0.17;0.00;0.85;0.69;0.1242;0.2916;1
39;39;Agent_1;orders came from the seed rule base (rules as-is);0;0;R7[0.02] R20[0.37] R26[0.34] A1[0.68] G2[0.31] G3[0.37];0.37;0.55;0.01;0.89;0.61;0.00;0.85;0.69;0.1342;0.2917;1
39;39;Agent_2;orders came from the seed rule base (rules as-is);0;0;R7[0.17] R11[0.23] R15[0.23] R20[0.20] R26[0.35] A1[0.18];0.31;0.55;0.24;0.88;0.68;0.41;0.71;0.68;0.1342;0.2917;1
39;39;Agent_3;orders came from the seed rule base (rules as-is);0;0;R7[0.04] R20[0.17] R26[0.35] A1[0.08] G2[0.04] G3[0.08];0.45;0.56;0.02;0.58;0.17;0.00;0.85;0.69;0.1342;0.2917;1
40;40;Agent_1;orders came from the seed rule base (rules as-is);0;0;R7[0.02] R20[0.37] R26[0.34] A1[0.68] G2[0.31] G3[0.37];0.37;0.55;0.01;0.89;0.61;0.00;0.85;0.69;0.1288;0.2921;1
40;40;Agent_2;orders came from the seed rule base (rules as-is);0;0;R7[0.17] R11[0.23] R15[0.23] R20[0.20] R26[0.35] A1[0.18];0.31;0.55;0.24;0.88;0.68;0.41;0.71;0.68;0.1288;0.2921;1
40;40;Agent_3;orders came from the seed rule base (rules as-is);0;0;R7[0.04] R20[0.17] R26[0.35] A1[0.08] G2[0.04] G3[0.08];0.45;0.56;0.02;0.58;0.17;0.00;0.85;0.69;0.1288;0.2921;1
41;41;Agent_1;orders came from the seed rule base (rules as-is);0;0;R7[0.02] R20[0.37] R26[0.34] A1[0.68] G2[0.31] G3[0.37];0.37;0.55;0.01;0.89;0.61;0.00;0.85;0.69;0.1316;0.2907;1
41;41;Agent_2;orders came from the seed rule base (rules as-is);0;0;R7[0.17] R11[0.23] R15[0.23] R20[0.20] R26[0.35] A1[0.18];0.31;0.55;0.24;0.88;0.68;0.41;0.71;0.68;0.1316;0.2907;1
41;41;Agent_3;orders came from the seed rule base (rules as-is);0;0;R7[0.04] R20[0.17] R26[0.35] A1[0.08] G2[0.04] G3[0.08];0.45;0.56;0.02;0.58;0.17;0.00;0.85;0.69;0.1316;0.2907;1
42;42;Agent_1;orders came from the seed rule base (rules as-is);0;0;R7[0.02] R20[0.37] R26[0.34] A1[0.68] G2[0.31] G3[0.37];0.37;0.55;0.01;0.89;0.61;0.00;0.85;0.69;0.1305;0.2909;1
42;42;Agent_2;orders came from the seed rule base (rules as-is);0;0;R7[0.17] R11[0.23] R15[0.23] R20[0.20] R26[0.35] A1[0.18];0.31;0.55;0.24;0.88;0.68;0.41;0.71;0.68;0.1305;0.2909;1
42;42;Agent_3;orders came from the seed rule base (rules as-is);0;0;R7[0.04] R20[0.17] R26[0.35] A1[0.08] G2[0.04] G3[0.08];0.45;0.56;0.02;0.58;0.17;0.00;0.85;0.69;0.1305;0.2909;1
43;43;Agent_1;orders came from the seed rule base (rules as-is);0;0;R7[0.02] R20[0.37] R26[0.34] A1[0.68] G2[0.31] G3[0.37];0.37;0.55;0.01;0.89;0.61;0.00;0.85;0.69;0.1278;0.2902;1
43;43;Agent_2;orders came from the seed rule base (rules as-is);0;0;R7[0.17] R11[0.23] R15[0.23] R20[0.20] R26[0.35] A1[0.18];0.31;0.55;0.24;0.88;0.68;0.41;0.71;0.68;0.1278;0.2902;1
43;43;Agent_3;orders came from the seed rule base (rules as-is);0;0;R7[0.04] R20[0.17] R26[0.35] A1[0.08] G2[0.04] G3[0.08];0.45;0.56;0.02;0.58;0.17;0.00;0.85;0.69;0.1278;0.2902;1
44;44;Agent_1;orders came from the seed rule base (rules as-is);0;0;R7[0.02] R20[0.37] R26[0.34] A1[0.68] G2[0.31] G3[0.37];0.37;0.55;0.01;0.89;0.61;0.00;0.85;0.69;0.1488;0.2918;1
44;44;Agent_2;orders came from the seed rule base (rules as-is);0;0;R7[0.17] R11[0.23] R15[0.23] R20[0.20] R26[0.35] A1[0.18];0.31;0.55;0.24;0.88;0.68;0.41;0.71;0.68;0.1488;0.2918;1
44;44;Agent_3;orders came from the seed rule base (rules as-is);0;0;R7[0.04] R20[0.17] R26[0.35] A1[0.08] G2[0.04] G3[0.08];0.45;0.56;0.02;0.58;0.17;0.00;0.85;0.69;0.1488;0.2918;1
45;45;Agent_1;orders came from the seed rule base (rules as-is);0;0;R7[0.02] R20[0.37] R26[0.34] A1[0.68] G2[0.31] G3[0.36];0.37;0.55;0.01;0.89;0.61;0.00;0.85;0.69;0.2122;0.2892;1
45;45;Agent_2;orders came from the seed rule base (rules as-is);0;0;R7[0.17] R11[0.23] R15[0.23] R20[0.20] R26[0.35] A1[0.18];0.31;0.55;0.24;0.88;0.68;0.41;0.71;0.68;0.2122;0.2892;1
45;45;Agent_3;orders came from the seed rule base (rules as-is);0;0;R7[0.04] R20[0.17] R26[0.35] A1[0.08] G2[0.04] G3[0.08];0.45;0.56;0.02;0.58;0.17;0.00;0.85;0.69;0.2122;0.2892;1
46;46;Agent_1;orders came from the seed rule base (rules as-is);0;0;R7[0.02] R20[0.37] R26[0.34] A1[0.68] G2[0.31] G3[0.36];0.37;0.55;0.01;0.89;0.61;0.00;0.85;0.69;0.1433;0.2877;1
46;46;Agent_2;orders came from the seed rule base (rules as-is);0;0;R7[0.17] R11[0.23] R15[0.23] R20[0.20] R26[0.35] A1[0.18];0.31;0.55;0.24;0.88;0.68;0.41;0.71;0.68;0.1433;0.2877;1
46;46;Agent_3;orders came from the seed rule base (rules as-is);0;0;R7[0.04] R20[0.17] R26[0.35] A1[0.08] G2[0.04] G3[0.08];0.45;0.56;0.02;0.58;0.17;0.00;0.85;0.69;0.1433;0.2877;1
47;47;Agent_1;orders came from the seed rule base (rules as-is);0;0;R7[0.02] R20[0.37] R26[0.34] A1[0.68] G2[0.31] G3[0.36];0.37;0.55;0.01;0.89;0.61;0.00;0.85;0.69;0.1494;0.2905;1
47;47;Agent_2;orders came from the seed rule base (rules as-is);0;0;R7[0.17] R11[0.23] R15[0.23] R20[0.20] R26[0.35] A1[0.18];0.31;0.55;0.24;0.88;0.68;0.41;0.71;0.68;0.1494;0.2905;1
47;47;Agent_3;orders came from the seed rule base (rules as-is);0;0;R7[0.04] R20[0.17] R26[0.35] A1[0.08] G2[0.04] G3[0.08];0.45;0.56;0.02;0.58;0.17;0.00;0.85;0.69;0.1494;0.2905;1
48;48;Agent_1;orders came from the seed rule base (rules as-is);0;0;R7[0.02] R20[0.37] R26[0.34] A1[0.68] G2[0.31] G3[0.36];0.37;0.55;0.01;0.89;0.61;0.00;0.85;0.69;0.1206;0.2895;1
48;48;Agent_2;orders came from the seed rule base (rules as-is);0;0;R7[0.17] R11[0.23] R15[0.23] R20[0.20] R26[0.35] A1[0.18];0.31;0.55;0.24;0.88;0.68;0.41;0.71;0.68;0.1206;0.2895;1
48;48;Agent_3;orders came from the seed rule base (rules as-is);0;0;R7[0.04] R20[0.17] R26[0.35] A1[0.08] G2[0.04] G3[0.08];0.45;0.56;0.02;0.58;0.17;0.00;0.85;0.69;0.1206;0.2895;1
49;49;Agent_1;orders came from the seed rule base (rules as-is);0;0;R7[0.02] R20[0.37] R26[0.34] A1[0.68] G2[0.31] G3[0.36];0.37;0.55;0.01;0.89;0.61;0.00;0.85;0.69;0.1207;0.2885;1
49;49;Agent_2;orders came from the seed rule base (rules as-is);0;0;R7[0.17] R11[0.23] R15[0.23] R20[0.20] R26[0.35] A1[0.18];0.31;0.55;0.24;0.88;0.68;0.41;0.71;0.68;0.1207;0.2885;1
49;49;Agent_3;orders came from the seed rule base (rules as-is);0;0;R7[0.04] R20[0.17] R26[0.35] A1[0.08] G2[0.04] G3[0.08];0.45;0.56;0.02;0.58;0.17;0.00;0.85;0.69;0.1207;0.2885;1
50;50;Agent_1;orders came from the seed rule base (rules as-is);0;0;R7[0.02] R20[0.37] R26[0.34] A1[0.68] G2[0.31] G3[0.36];0.37;0.55;0.01;0.89;0.61;0.00;0.85;0.69;0.1534;0.2862;1
50;50;Agent_2;orders came from the seed rule base (rules as-is);0;0;R7[0.17] R11[0.23] R15[0.23] R20[0.20] R26[0.35] A1[0.18];0.31;0.55;0.24;0.88;0.68;0.41;0.71;0.68;0.1534;0.2862;1
50;50;Agent_3;orders came from the seed rule base (rules as-is);0;0;R7[0.04] R20[0.17] R26[0.35] A1[0.08] G2[0.04] G3[0.08];0.45;0.56;0.02;0.58;0.17;0.00;0.85;0.69;0.1534;0.2862;1
51;51;Agent_1;orders came from the seed rule base (rules as-is);0;0;R7[0.02] R20[0.37] R26[0.34] A1[0.68] G2[0.31] G3[0.36];0.37;0.55;0.01;0.89;0.61;0.00;0.85;0.69;0.1202;0.2936;1
51;51;Agent_2;orders came from the seed rule base (rules as-is);0;0;R7[0.17] R11[0.23] R15[0.23] R20[0.20] R26[0.35] A1[0.18];0.31;0.55;0.24;0.88;0.68;0.41;0.71;0.68;0.1202;0.2936;1
51;51;Agent_3;orders came from the seed rule base (rules as-is);0;0;R7[0.04] R20[0.17] R26[0.35] A1[0.08] G2[0.04] G3[0.08];0.45;0.56;0.02;0.58;0.17;0.00;0.85;0.69;0.1202;0.2936;1
52;52;Agent_1;orders came from the seed rule base (rules as-is);0;0;R7[0.02] R20[0.37] R26[0.34] A1[0.68] G2[0.31] G3[0.36];0.37;0.55;0.01;0.89;0.61;0.00;0.85;0.69;0.1684;0.2871;1
52;52;Agent_2;orders came from the seed rule base (rules as-is);0;0;R7[0.17] R11[0.23] R15[0.23] R20[0.20] R26[0.35] A1[0.18];0.31;0.55;0.24;0.88;0.68;0.41;0.71;0.68;0.1684;0.2871;1
52;52;Agent_3;orders came from the seed rule base (rules as-is);0;0;R7[0.04] R20[0.17] R26[0.35] A1[0.08] G2[0.04] G3[0.08];0.45;0.56;0.02;0.58;0.17;0.00;0.85;0.69;0.1684;0.2871;1
53;53;Agent_1;orders came from the seed rule base (rules as-is);0;0;R7[0.02] R20[0.37] R26[0.34] A1[0.68] G2[0.31] G3[0.36];0.37;0.55;0.01;0.89;0.61;0.00;0.85;0.69;0.1266;0.2852;1
53;53;Agent_2;orders came from the seed rule base (rules as-is);0;0;R7[0.17] R11[0.23] R15[0.23] R20[0.20] R26[0.35] A1[0.18];0.31;0.55;0.24;0.88;0.68;0.41;0.71;0.68;0.1266;0.2852;1
53;53;Agent_3;orders came from the seed rule base (rules as-is);0;0;R7[0.04] R20[0.17] R26[0.35] A1[0.08] G2[0.04] G3[0.08];0.45;0.56;0.02;0.58;0.17;0.00;0.85;0.69;0.1266;0.2852;1
54;54;Agent_1;orders came from the seed rule base (rules as-is);0;0;R7[0.02] R20[0.37] R26[0.34] A1[0.68] G2[0.31] G3[0.36];0.37;0.55;0.01;0.89;0.61;0.00;0.85;0.69;0.1452;0.2811;1
54;54;Agent_2;orders came from the seed rule base (rules as-is);0;0;R7[0.17] R11[0.23] R15[0.23] R20[0.20] R26[0.35] A1[0.18];0.31;0.55;0.24;0.88;0.68;0.41;0.71;0.68;0.1452;0.2811;1
54;54;Agent_3;orders came from the seed rule base (rules as-is);0;0;R7[0.04] R20[0.17] R26[0.35] A1[0.08] G2[0.04] G3[0.08];0.45;0.56;0.02;0.58;0.17;0.00;0.85;0.69;0.1452;0.2811;1
55;55;Agent_1;orders came from the seed rule base (rules as-is);0;0;R7[0.02] R20[0.37] R26[0.34] A1[0.68] G2[0.31] G3[0.36];0.37;0.55;0.01;0.89;0.61;0.00;0.85;0.69;0.2508;0.2856;1
55;55;Agent_2;orders came from the seed rule base (rules as-is);0;0;R7[0.17] R11[0.23] R15[0.23] R20[0.20] R26[0.35] A1[0.18];0.31;0.55;0.24;0.88;0.68;0.41;0.71;0.68;0.2508;0.2856;1
55;55;Agent_3;orders came from the seed rule base (rules as-is);0;0;R7[0.04] R20[0.17] R26[0.35] A1[0.08] G2[0.04] G3[0.08];0.45;0.56;0.02;0.58;0.17;0.00;0.85;0.69;0.2508;0.2856;1
56;56;Agent_1;orders came from the seed rule base (rules as-is);0;0;R7[0.02] R20[0.37] R26[0.34] A1[0.68] G2[0.31] G3[0.36];0.37;0.55;0.01;0.89;0.61;0.00;0.85;0.69;0.1468;0.2733;1
56;56;Agent_2;orders came from the seed rule base (rules as-is);0;0;R7[0.17] R11[0.23] R15[0.23] R20[0.20] R26[0.35] A1[0.18];0.31;0.55;0.24;0.88;0.68;0.41;0.71;0.68;0.1468;0.2733;1
56;56;Agent_3;orders came from the seed rule base (rules as-is);0;0;R7[0.04] R20[0.17] R26[0.35] A1[0.08] G2[0.04] G3[0.08];0.45;0.56;0.02;0.58;0.17;0.00;0.85;0.69;0.1468;0.2733;1
57;57;Agent_1;orders came from the seed rule base (rules as-is);0;0;R7[0.02] R20[0.37] R26[0.34] A1[0.68] G2[0.31] G3[0.36];0.37;0.55;0.01;0.89;0.61;0.00;0.85;0.69;0.1198;0.2926;1
57;57;Agent_2;orders came from the seed rule base (rules as-is);0;0;R7[0.17] R11[0.23] R15[0.23] R20[0.20] R26[0.35] A1[0.18];0.31;0.55;0.24;0.88;0.68;0.41;0.71;0.68;0.1198;0.2926;1
57;57;Agent_3;orders came from the seed rule base (rules as-is);0;0;R7[0.04] R20[0.17] R26[0.35] A1[0.08] G2[0.04] G3[0.08];0.45;0.56;0.02;0.58;0.17;0.00;0.85;0.69;0.1198;0.2926;1
58;58;Agent_1;orders came from the seed rule base (rules as-is);0;0;R7[0.02] R20[0.37] R26[0.34] A1[0.68] G2[0.31] G3[0.36];0.37;0.55;0.01;0.89;0.61;0.00;0.85;0.69;0.1222;0.2751;1
58;58;Agent_2;orders came from the seed rule base (rules as-is);0;0;R7[0.17] R11[0.23] R15[0.23] R20[0.20] R26[0.35] A1[0.18];0.31;0.55;0.24;0.88;0.68;0.41;0.71;0.68;0.1222;0.2751;1
58;58;Agent_3;orders came from the seed rule base (rules as-is);0;0;R7[0.04] R20[0.17] R26[0.35] A1[0.08] G2[0.04] G3[0.08];0.45;0.56;0.02;0.58;0.17;0.00;0.85;0.69;0.1222;0.2751;1
59;59;Agent_1;orders came from the seed rule base (rules as-is);0;0;R7[0.02] R20[0.37] R26[0.34] A1[0.68] G2[0.31] G3[0.36];0.37;0.55;0.01;0.89;0.61;0.00;0.85;0.69;0.1721;0.2730;1
59;59;Agent_2;orders came from the seed rule base (rules as-is);0;0;R7[0.17] R11[0.23] R15[0.23] R20[0.20] R26[0.35] A1[0.18];0.31;0.55;0.24;0.88;0.68;0.41;0.71;0.68;0.1721;0.2730;1
59;59;Agent_3;orders came from the seed rule base (rules as-is);0;0;R7[0.04] R20[0.17] R26[0.35] A1[0.08] G2[0.04] G3[0.08];0.45;0.56;0.02;0.58;0.17;0.00;0.85;0.69;0.1721;0.2730;1
60;60;Agent_1;orders came from the seed rule base (rules as-is);0;0;R7[0.02] R20[0.37] R26[0.34] A1[0.68] G2[0.31] G3[0.36];0.37;0.55;0.01;0.89;0.61;0.00;0.85;0.69;0.1845;0.2938;1
60;60;Agent_2;orders came from the seed rule base (rules as-is);0;0;R7[0.17] R11[0.23] R15[0.23] R20[0.20] R26[0.35] A1[0.18];0.31;0.55;0.24;0.88;0.68;0.41;0.71;0.68;0.1845;0.2938;1
60;60;Agent_3;orders came from the seed rule base (rules as-is);0;0;R7[0.04] R20[0.17] R26[0.35] A1[0.08] G2[0.04] G3[0.08];0.45;0.56;0.02;0.58;0.17;0.00;0.85;0.69;0.1845;0.2938;1
61;61;Agent_1;orders came from the seed rule base (rules as-is);0;0;R7[0.02] R20[0.37] R26[0.34] A1[0.68] G2[0.31] G3[0.35];0.37;0.55;0.01;0.89;0.61;0.00;0.85;0.69;0.1683;0.2928;1
61;61;Agent_2;orders came from the seed rule base (rules as-is);0;0;R7[0.17] R11[0.23] R15[0.23] R20[0.20] R26[0.35] A1[0.18];0.31;0.55;0.24;0.88;0.68;0.41;0.71;0.68;0.1683;0.2928;1
61;61;Agent_3;orders came from the seed rule base (rules as-is);0;0;R7[0.04] R20[0.16] R26[0.35] A1[0.08] G2[0.04] G3[0.08];0.45;0.56;0.02;0.58;0.17;0.00;0.85;0.69;0.1683;0.2928;1
62;62;Agent_1;orders came from the seed rule base (rules as-is);0;0;R7[0.02] R20[0.37] R26[0.34] A1[0.68] G2[0.31] G3[0.35];0.37;0.55;0.01;0.89;0.61;0.00;0.85;0.69;0.1495;0.2943;1
62;62;Agent_2;orders came from the seed rule base (rules as-is);0;0;R7[0.17] R11[0.23] R15[0.23] R20[0.20] R26[0.35] A1[0.18];0.31;0.55;0.24;0.88;0.68;0.41;0.71;0.68;0.1495;0.2943;1
62;62;Agent_3;orders came from the seed rule base (rules as-is);0;0;R7[0.04] R20[0.16] R26[0.35] A1[0.08] G2[0.04] G3[0.08];0.45;0.56;0.02;0.58;0.17;0.00;0.85;0.69;0.1495;0.2943;1
63;63;Agent_1;orders came from the seed rule base (rules as-is);0;0;R7[0.02] R20[0.37] R26[0.34] A1[0.68] G2[0.31] G3[0.35];0.37;0.55;0.01;0.89;0.61;0.00;0.85;0.69;0.1613;0.2944;1
63;63;Agent_2;orders came from the seed rule base (rules as-is);0;0;R7[0.17] R11[0.23] R15[0.23] R20[0.20] R26[0.35] A1[0.18];0.31;0.55;0.24;0.88;0.68;0.41;0.71;0.68;0.1613;0.2944;1
63;63;Agent_3;orders came from the seed rule base (rules as-is);0;0;R7[0.04] R20[0.16] R26[0.35] A1[0.08] G2[0.04] G3[0.08];0.45;0.56;0.02;0.58;0.17;0.00;0.85;0.69;0.1613;0.2944;1
64;64;Agent_1;orders came from the seed rule base (rules as-is);0;0;R7[0.02] R20[0.37] R26[0.34] A1[0.68] G2[0.31] G3[0.35];0.37;0.55;0.01;0.89;0.61;0.00;0.85;0.69;0.1159;0.2913;1
64;64;Agent_2;orders came from the seed rule base (rules as-is);0;0;R7[0.17] R11[0.23] R15[0.23] R20[0.20] R26[0.35] A1[0.18];0.31;0.55;0.24;0.88;0.68;0.41;0.71;0.68;0.1159;0.2913;1
64;64;Agent_3;orders came from the seed rule base (rules as-is);0;0;R7[0.04] R20[0.16] R26[0.35] A1[0.08] G2[0.04] G3[0.08];0.45;0.56;0.02;0.58;0.17;0.00;0.85;0.69;0.1159;0.2913;1
65;65;Agent_1;orders came from the seed rule base (rules as-is);0;0;R7[0.02] R20[0.37] R26[0.34] A1[0.68] G2[0.31] G3[0.35];0.37;0.55;0.01;0.89;0.61;0.00;0.85;0.69;0.2554;0.2884;1
65;65;Agent_2;orders came from the seed rule base (rules as-is);0;0;R7[0.17] R11[0.23] R15[0.23] R20[0.20] R26[0.35] A1[0.18];0.31;0.55;0.24;0.88;0.68;0.41;0.71;0.68;0.2554;0.2884;1
65;65;Agent_3;orders came from the seed rule base (rules as-is);0;0;R7[0.04] R20[0.16] R26[0.34] A1[0.08] G2[0.04] G3[0.08];0.45;0.56;0.02;0.58;0.17;0.00;0.85;0.69;0.2554;0.2884;1
66;66;Agent_1;orders came from the seed rule base (rules as-is);0;0;R7[0.02] R20[0.37] R26[0.34] A1[0.68] G2[0.31] G3[0.35];0.37;0.55;0.01;0.89;0.61;0.00;0.85;0.69;0.1075;0.2751;1
66;66;Agent_2;orders came from the seed rule base (rules as-is);0;0;R7[0.17] R11[0.23] R15[0.23] R20[0.20] R26[0.35] A1[0.18];0.31;0.55;0.24;0.88;0.68;0.41;0.71;0.68;0.1075;0.2751;1
66;66;Agent_3;orders came from the seed rule base (rules as-is);0;0;R7[0.04] R20[0.16] R26[0.34] A1[0.08] G2[0.04] G3[0.08];0.45;0.56;0.02;0.58;0.17;0.00;0.85;0.69;0.1075;0.2751;1
67;67;Agent_1;orders came from the seed rule base (rules as-is);0;0;R7[0.02] R20[0.37] R26[0.34] A1[0.68] G2[0.31] G3[0.35];0.37;0.55;0.01;0.89;0.61;0.00;0.85;0.69;0.1299;0.2873;1
67;67;Agent_2;orders came from the seed rule base (rules as-is);0;0;R7[0.17] R11[0.23] R15[0.23] R20[0.20] R26[0.35] A1[0.18];0.31;0.55;0.24;0.88;0.68;0.41;0.71;0.68;0.1299;0.2873;1
67;67;Agent_3;orders came from the seed rule base (rules as-is);0;0;R7[0.04] R20[0.16] R26[0.34] A1[0.08] G2[0.04] G3[0.08];0.45;0.56;0.02;0.58;0.17;0.00;0.85;0.69;0.1299;0.2873;1
68;68;Agent_1;orders came from the seed rule base (rules as-is);0;0;R7[0.02] R20[0.37] R26[0.34] A1[0.68] G2[0.31] G3[0.35];0.37;0.55;0.01;0.89;0.61;0.00;0.85;0.69;0.1149;0.2750;1
68;68;Agent_2;orders came from the seed rule base (rules as-is);0;0;R7[0.17] R11[0.23] R15[0.23] R20[0.20] R26[0.35] A1[0.18];0.31;0.55;0.24;0.88;0.68;0.41;0.71;0.68;0.1149;0.2750;1
68;68;Agent_3;orders came from the seed rule base (rules as-is);0;0;R7[0.04] R20[0.16] R26[0.34] A1[0.08] G2[0.04] G3[0.08];0.45;0.56;0.02;0.58;0.17;0.00;0.85;0.69;0.1149;0.2750;1
69;69;Agent_1;orders came from the seed rule base (rules as-is);0;0;R7[0.02] R20[0.37] R26[0.34] A1[0.68] G2[0.31] G3[0.35];0.37;0.55;0.01;0.89;0.61;0.00;0.85;0.69;0.1038;0.2834;1
69;69;Agent_2;orders came from the seed rule base (rules as-is);0;0;R7[0.17] R11[0.23] R15[0.23] R20[0.20] R26[0.35] A1[0.18];0.31;0.55;0.24;0.88;0.68;0.41;0.71;0.68;0.1038;0.2834;1
69;69;Agent_3;orders came from the seed rule base (rules as-is);0;0;R7[0.04] R20[0.16] R26[0.34] A1[0.08] G2[0.04] G3[0.08];0.45;0.56;0.02;0.58;0.17;0.00;0.85;0.69;0.1038;0.2834;1
70;70;Agent_1;orders came from the seed rule base (rules as-is);0;0;R7[0.02] R20[0.37] R26[0.34] A1[0.68] G2[0.31] G3[0.35];0.37;0.55;0.01;0.89;0.61;0.00;0.85;0.69;0.1185;0.2752;1
70;70;Agent_2;orders came from the seed rule base (rules as-is);0;0;R7[0.17] R11[0.23] R15[0.23] R20[0.20] R26[0.35] A1[0.18];0.31;0.55;0.24;0.88;0.68;0.41;0.71;0.68;0.1185;0.2752;1
70;70;Agent_3;orders came from the seed rule base (rules as-is);0;0;R7[0.04] R20[0.16] R26[0.34] A1[0.08] G2[0.04] G3[0.08];0.45;0.56;0.02;0.58;0.17;0.00;0.85;0.69;0.1185;0.2752;1
71;71;Agent_1;orders came from the seed rule base (rules as-is);0;0;R7[0.02] R20[0.37] R26[0.34] A1[0.68] G2[0.31] G3[0.35];0.37;0.55;0.01;0.89;0.61;0.00;0.85;0.69;0.1102;0.2806;1
71;71;Agent_2;orders came from the seed rule base (rules as-is);0;0;R7[0.17] R11[0.23] R15[0.23] R20[0.20] R26[0.35] A1[0.18];0.31;0.55;0.24;0.88;0.68;0.41;0.71;0.68;0.1102;0.2806;1
71;71;Agent_3;orders came from the seed rule base (rules as-is);0;0;R7[0.04] R20[0.16] R26[0.34] A1[0.08] G2[0.04] G3[0.08];0.45;0.56;0.02;0.58;0.17;0.00;0.85;0.69;0.1102;0.2806;1
72;72;Agent_1;orders came from the seed rule base (rules as-is);0;0;R7[0.02] R20[0.37] R26[0.34] A1[0.68] G2[0.31] G3[0.35];0.37;0.55;0.01;0.89;0.61;0.00;0.85;0.69;0.1687;0.2838;1
72;72;Agent_2;orders came from the seed rule base (rules as-is);0;0;R7[0.17] R11[0.23] R15[0.23] R20[0.20] R26[0.35] A1[0.18];0.31;0.55;0.24;0.88;0.68;0.41;0.71;0.68;0.1687;0.2838;1
72;72;Agent_3;orders came from the seed rule base (rules as-is);0;0;R7[0.04] R20[0.16] R26[0.34] A1[0.08] G2[0.04] G3[0.08];0.45;0.56;0.02;0.58;0.17;0.00;0.85;0.69;0.1687;0.2838;1
73;73;Agent_1;orders came from the seed rule base (rules as-is);0;0;R7[0.02] R20[0.37] R26[0.34] A1[0.68] G2[0.31] G3[0.35];0.37;0.55;0.01;0.89;0.61;0.00;0.85;0.69;0.1831;0.2924;1
73;73;Agent_2;orders came from the seed rule base (rules as-is);0;0;R7[0.17] R11[0.23] R15[0.23] R20[0.20] R26[0.35] A1[0.18];0.31;0.55;0.24;0.88;0.68;0.41;0.71;0.68;0.1831;0.2924;1
73;73;Agent_3;orders came from the seed rule base (rules as-is);0;0;R7[0.04] R20[0.16] R26[0.34] A1[0.08] G2[0.04] G3[0.08];0.45;0.56;0.02;0.58;0.17;0.00;0.85;0.69;0.1831;0.2924;1
74;74;Agent_1;orders came from the seed rule base (rules as-is);0;0;R7[0.02] R20[0.37] R26[0.34] A1[0.68] G2[0.31] G3[0.35];0.37;0.55;0.01;0.89;0.61;0.00;0.85;0.69;0.1827;0.2921;1
74;74;Agent_2;orders came from the seed rule base (rules as-is);0;0;R7[0.17] R11[0.23] R15[0.23] R20[0.20] R26[0.35] A1[0.18];0.31;0.55;0.24;0.88;0.68;0.41;0.71;0.68;0.1827;0.2921;1
74;74;Agent_3;orders came from the seed rule base (rules as-is);0;0;R7[0.04] R20[0.16] R26[0.34] A1[0.08] G2[0.04] G3[0.08];0.45;0.56;0.02;0.58;0.17;0.00;0.85;0.69;0.1827;0.2921;1
75;75;Agent_1;orders came from the seed rule base (rules as-is);0;0;R7[0.02] R20[0.37] R26[0.34] A1[0.68] G2[0.31] G3[0.35];0.37;0.55;0.01;0.89;0.61;0.00;0.85;0.69;0.1956;0.2872;1
75;75;Agent_2;orders came from the seed rule base (rules as-is);0;0;R7[0.17] R11[0.23] R15[0.23] R20[0.20] R26[0.35] A1[0.18];0.31;0.55;0.24;0.88;0.68;0.41;0.71;0.68;0.1956;0.2872;1
75;75;Agent_3;orders came from the seed rule base (rules as-is);0;0;R7[0.04] R20[0.16] R26[0.34] A1[0.08] G2[0.04] G3[0.08];0.45;0.56;0.02;0.58;0.17;0.00;0.85;0.69;0.1956;0.2872;1
76;76;Agent_1;orders came from the seed rule base (rules as-is);0;0;R7[0.02] R20[0.37] R26[0.34] A1[0.68] G2[0.31] G3[0.35];0.37;0.55;0.01;0.89;0.61;0.00;0.85;0.69;0.1892;0.2943;1
76;76;Agent_2;orders came from the seed rule base (rules as-is);0;0;R7[0.17] R11[0.23] R15[0.23] R20[0.20] R26[0.35] A1[0.18];0.31;0.55;0.24;0.88;0.68;0.41;0.71;0.68;0.1892;0.2943;1
76;76;Agent_3;orders came from the seed rule base (rules as-is);0;0;R7[0.04] R20[0.16] R26[0.34] A1[0.08] G2[0.04] G3[0.08];0.45;0.56;0.02;0.58;0.17;0.00;0.85;0.69;0.1892;0.2943;1
77;77;Agent_1;orders came from the seed rule base (rules as-is);0;0;R7[0.02] R20[0.37] R26[0.34] A1[0.68] G2[0.31] G3[0.34];0.37;0.55;0.01;0.89;0.61;0.00;0.85;0.69;0.2033;0.2811;1
77;77;Agent_2;orders came from the seed rule base (rules as-is);0;0;R7[0.17] R11[0.23] R15[0.23] R20[0.20] R26[0.35] A1[0.18];0.31;0.55;0.24;0.88;0.68;0.41;0.71;0.68;0.2033;0.2811;1
77;77;Agent_3;orders came from the seed rule base (rules as-is);0;0;R7[0.04] R20[0.16] R26[0.34] A1[0.08] G2[0.04] G3[0.08];0.45;0.56;0.02;0.58;0.17;0.00;0.85;0.69;0.2033;0.2811;1
78;78;Agent_1;orders came from the seed rule base (rules as-is);0;0;R7[0.02] R20[0.37] R26[0.34] A1[0.68] G2[0.31] G3[0.34];0.37;0.55;0.01;0.89;0.61;0.00;0.85;0.69;0.1885;0.2888;1
78;78;Agent_2;orders came from the seed rule base (rules as-is);0;0;R7[0.17] R11[0.23] R15[0.23] R20[0.20] R26[0.35] A1[0.18];0.31;0.55;0.24;0.88;0.68;0.41;0.71;0.68;0.1885;0.2888;1
78;78;Agent_3;orders came from the seed rule base (rules as-is);0;0;R7[0.04] R20[0.16] R26[0.34] A1[0.08] G2[0.04] G3[0.08];0.45;0.56;0.02;0.58;0.17;0.00;0.85;0.69;0.1885;0.2888;1
79;79;Agent_1;orders came from the seed rule base (rules as-is);0;0;R7[0.02] R20[0.37] R26[0.34] A1[0.68] G2[0.31] G3[0.34];0.37;0.55;0.01;0.89;0.61;0.00;0.85;0.69;0.1358;0.2931;1
79;79;Agent_2;orders came from the seed rule base (rules as-is);0;0;R7[0.17] R11[0.23] R15[0.23] R20[0.20] R26[0.35] A1[0.18];0.31;0.55;0.24;0.88;0.68;0.41;0.71;0.68;0.1358;0.2931;1
79;79;Agent_3;orders came from the seed rule base (rules as-is);0;0;R7[0.04] R20[0.16] R26[0.34] A1[0.08] G2[0.04] G3[0.08];0.45;0.56;0.02;0.58;0.17;0.00;0.85;0.69;0.1358;0.2931;1
80;80;Agent_1;orders came from the seed rule base (rules as-is);0;0;R7[0.02] R20[0.37] R26[0.34] A1[0.68] G2[0.31] G3[0.34];0.37;0.55;0.01;0.89;0.61;0.00;0.85;0.69;0.1462;0.2939;1
80;80;Agent_2;orders came from the seed rule base (rules as-is);0;0;R7[0.17] R11[0.23] R15[0.23] R20[0.20] R26[0.35] A1[0.18];0.31;0.55;0.24;0.88;0.68;0.41;0.71;0.68;0.1462;0.2939;1
80;80;Agent_3;orders came from the seed rule base (rules as-is);0;0;R7[0.04] R20[0.16] R26[0.34] A1[0.08] G2[0.04] G3[0.08];0.45;0.56;0.02;0.58;0.17;0.00;0.85;0.69;0.1462;0.2939;1
81;81;Agent_1;orders came from the seed rule base (rules as-is);0;0;R7[0.02] R20[0.37] R26[0.34] A1[0.68] G2[0.31] G3[0.34];0.37;0.55;0.01;0.89;0.61;0.00;0.85;0.69;0.1565;0.2882;1
81;81;Agent_2;orders came from the seed rule base (rules as-is);0;0;R7[0.17] R11[0.23] R15[0.23] R20[0.20] R26[0.35] A1[0.18];0.31;0.55;0.24;0.88;0.68;0.41;0.71;0.68;0.1565;0.2882;1
81;81;Agent_3;orders came from the seed rule base (rules as-is);0;0;R7[0.04] R20[0.16] R26[0.34] A1[0.08] G2[0.04] G3[0.08];0.45;0.56;0.02;0.58;0.17;0.00;0.85;0.69;0.1565;0.2882;1
82;82;Agent_1;orders came from the seed rule base (rules as-is);0;0;R7[0.02] R20[0.37] R26[0.34] A1[0.68] G2[0.31] G3[0.34];0.37;0.55;0.01;0.89;0.61;0.00;0.85;0.69;0.2974;0.2940;1
82;82;Agent_2;orders came from the seed rule base (rules as-is);0;0;R7[0.17] R11[0.23] R15[0.23] R20[0.20] R26[0.35] A1[0.18];0.31;0.55;0.24;0.88;0.68;0.41;0.71;0.68;0.2974;0.2940;1
82;82;Agent_3;orders came from the seed rule base (rules as-is);0;0;R7[0.04] R20[0.16] R26[0.34] A1[0.08] G2[0.04] G3[0.08];0.45;0.56;0.02;0.58;0.17;0.00;0.85;0.69;0.2974;0.2940;1
83;83;Agent_1;orders came from the seed rule base (rules as-is);0;0;R7[0.02] R20[0.37] R26[0.34] A1[0.68] G2[0.31] G3[0.34];0.37;0.55;0.01;0.89;0.61;0.00;0.85;0.69;0.3003;0.2960;1
83;83;Agent_2;orders came from the seed rule base (rules as-is);0;0;R7[0.17] R11[0.23] R15[0.23] R20[0.20] R26[0.35] A1[0.18];0.31;0.55;0.24;0.88;0.68;0.41;0.71;0.68;0.3003;0.2960;1
83;83;Agent_3;orders came from the seed rule base (rules as-is);0;0;R7[0.04] R20[0.16] R26[0.34] A1[0.08] G2[0.04] G3[0.08];0.45;0.56;0.02;0.58;0.17;0.00;0.85;0.69;0.3003;0.2960;1
84;84;Agent_1;orders came from the seed rule base (rules as-is);0;0;R7[0.02] R20[0.37] R26[0.34] A1[0.68] G2[0.31] G3[0.34];0.37;0.55;0.01;0.89;0.61;0.00;0.85;0.69;0.3003;0.2961;1
84;84;Agent_2;orders came from the seed rule base (rules as-is);0;0;R7[0.17] R11[0.23] R15[0.23] R20[0.20] R26[0.35] A1[0.18];0.31;0.55;0.24;0.88;0.68;0.41;0.71;0.68;0.3003;0.2961;1
84;84;Agent_3;orders came from the seed rule base (rules as-is);0;0;R7[0.04] R20[0.16] R26[0.34] A1[0.08] G2[0.04] G3[0.08];0.45;0.56;0.02;0.58;0.17;0.00;0.85;0.69;0.3003;0.2961;1
85;85;Agent_1;orders came from the seed rule base (rules as-is);0;0;R7[0.02] R20[0.37] R26[0.34] A1[0.68] G2[0.31] G3[0.34];0.37;0.55;0.01;0.89;0.61;0.00;0.85;0.69;0.3020;0.2964;1
85;85;Agent_2;orders came from the seed rule base (rules as-is);0;0;R7[0.17] R11[0.23] R15[0.23] R20[0.20] R26[0.35] A1[0.18];0.31;0.56;0.24;0.88;0.68;0.41;0.72;0.68;0.3020;0.2964;1
85;85;Agent_3;orders came from the seed rule base (rules as-is);0;0;R7[0.04] R20[0.16] R26[0.34] A1[0.08] G2[0.04] G3[0.08];0.45;0.56;0.02;0.58;0.17;0.00;0.85;0.69;0.3020;0.2964;1
86;86;Agent_1;orders came from the seed rule base (rules as-is);0;0;R7[0.02] R20[0.37] R26[0.34] A1[0.68] G2[0.31] G3[0.34];0.38;0.55;0.01;0.89;0.61;0.00;0.85;0.69;0.3022;0.2964;1
86;86;Agent_2;orders came from the seed rule base (rules as-is);0;0;R7[0.17] R11[0.23] R15[0.23] R20[0.20] R26[0.35] A1[0.18];0.31;0.56;0.24;0.88;0.68;0.41;0.72;0.68;0.3022;0.2964;1
86;86;Agent_3;orders came from the seed rule base (rules as-is);0;0;R7[0.04] R20[0.16] R26[0.34] A1[0.08] G2[0.04] G3[0.08];0.45;0.56;0.02;0.58;0.17;0.00;0.85;0.69;0.3022;0.2964;1
87;87;Agent_1;orders came from the seed rule base (rules as-is);0;0;R7[0.02] R20[0.37] R26[0.34] A1[0.68] G2[0.31] G3[0.34];0.38;0.55;0.01;0.89;0.61;0.00;0.85;0.69;0.3032;0.2966;1
87;87;Agent_2;orders came from the seed rule base (rules as-is);0;0;R7[0.17] R11[0.23] R15[0.23] R20[0.21] R26[0.36] A1[0.19];0.31;0.55;0.24;0.88;0.68;0.41;0.73;0.68;0.3032;0.2966;1
87;87;Agent_3;orders came from the seed rule base (rules as-is);0;0;R7[0.04] R20[0.16] R26[0.34] A1[0.08] G2[0.04] G3[0.08];0.45;0.56;0.02;0.58;0.17;0.00;0.84;0.69;0.3032;0.2966;1
87;87;Agent_1;orders came from the seed rule base (rules as-is);0;0;R7[0.02] R20[0.37] R26[0.34] A1[0.68] G2[0.31] G3[0.34];0.38;0.55;0.01;0.89;0.61;0.00;0.85;0.69;0.3032;0.2966;1
87;87;Agent_2;orders came from the seed rule base (rules as-is);0;0;R7[0.17] R11[0.23] R15[0.23] R20[0.21] R26[0.36] A1[0.19];0.31;0.55;0.24;0.88;0.68;0.41;0.73;0.68;0.3032;0.2966;1
87;87;Agent_3;orders came from the seed rule base (rules as-is);0;0;R7[0.04] R20[0.16] R26[0.34] A1[0.08] G2[0.04] G3[0.08];0.45;0.56;0.02;0.58;0.17;0.00;0.84;0.69;0.3032;0.2966;1
87;87;Agent_1;orders came from the seed rule base (rules as-is);0;0;R7[0.02] R20[0.37] R26[0.36] A1[0.69] G2[0.31] G3[0.36];0.37;0.55;0.01;0.89;0.61;0.00;0.85;0.69;0.3029;0.2966;1
87;87;Agent_2;orders came from the seed rule base (rules as-is);0;0;R7[0.17] R11[0.23] R15[0.23] R20[0.21] R26[0.36] A1[0.19];0.31;0.55;0.24;0.88;0.68;0.41;0.73;0.68;0.3029;0.2966;1
87;87;Agent_3;orders came from the seed rule base (rules as-is);0;0;R7[0.04] R20[0.16] R26[0.34] A1[0.08] G2[0.04] G3[0.08];0.45;0.56;0.02;0.58;0.17;0.00;0.84;0.69;0.3029;0.2966;1
88;88;Agent_1;orders came from the seed rule base (rules as-is);0;0;R7[0.02] R20[0.37] R26[0.36] A1[0.69] G2[0.31] G3[0.36];0.37;0.55;0.01;0.89;0.61;0.00;0.85;0.69;0.3031;0.2967;1
88;88;Agent_2;orders came from the seed rule base (rules as-is);0;0;R7[0.17] R11[0.23] R15[0.23] R20[0.21] R26[0.36] A1[0.20];0.30;0.55;0.24;0.88;0.68;0.41;0.73;0.68;0.3031;0.2967;1
88;88;Agent_3;orders came from the seed rule base (rules as-is);0;0;R7[0.04] R20[0.16] R26[0.34] A1[0.08] G2[0.04] G3[0.08];0.45;0.56;0.02;0.58;0.17;0.00;0.84;0.69;0.3031;0.2967;1
89;89;Agent_1;orders came from the seed rule base (rules as-is);0;0;R7[0.02] R20[0.37] R26[0.36] A1[0.69] G2[0.31] G3[0.37];0.37;0.55;0.01;0.89;0.61;0.00;0.84;0.69;0.3037;0.2968;1
89;89;Agent_2;orders came from the seed rule base (rules as-is);0;0;R7[0.17] R11[0.23] R15[0.23] R20[0.22] R26[0.37] A1[0.21];0.30;0.55;0.24;0.88;0.68;0.41;0.74;0.68;0.3037;0.2968;1
89;89;Agent_3;orders came from the seed rule base (rules as-is);0;0;R7[0.04] R20[0.17] R26[0.34] A1[0.08] G2[0.04] G3[0.08];0.45;0.56;0.02;0.58;0.18;0.00;0.84;0.69;0.3037;0.2968;1
90;90;Agent_1;orders came from the seed rule base (rules as-is);0;0;R7[0.02] R20[0.38] R26[0.36] A1[0.69] G2[0.31] G3[0.37];0.37;0.55;0.01;0.89;0.61;0.00;0.84;0.69;0.3041;0.2968;1
90;90;Agent_2;orders came from the seed rule base (rules as-is);0;0;R7[0.17] R11[0.23] R15[0.23] R20[0.23] R26[0.39] A1[0.23];0.30;0.54;0.24;0.88;0.67;0.41;0.75;0.68;0.3041;0.2968;1
90;90;Agent_3;orders came from the seed rule base (rules as-is);0;0;R7[0.04] R20[0.17] R26[0.34] A1[0.08] G2[0.05] G3[0.08];0.45;0.57;0.02;0.59;0.20;0.00;0.84;0.69;0.3041;0.2968;1
91;91;Agent_1;orders came from the seed rule base (rules as-is);0;0;R7[0.02] R20[0.37] R26[0.36] A1[0.69] G2[0.31] G3[0.37];0.37;0.55;0.01;0.89;0.61;0.00;0.84;0.69;0.3043;0.2969;1
91;91;Agent_2;orders came from the seed rule base (rules as-is);0;0;R7[0.17] R11[0.23] R15[0.23] R20[0.24] R26[0.39] A1[0.24];0.30;0.54;0.24;0.88;0.67;0.41;0.75;0.68;0.3043;0.2969;1
91;91;Agent_3;orders came from the seed rule base (rules as-is);0;0;R7[0.04] R20[0.18] R26[0.34] A1[0.08] G2[0.06] G3[0.08];0.45;0.58;0.02;0.60;0.22;0.00;0.85;0.69;0.3043;0.2969;1
92;92;Agent_1;orders came from the seed rule base (rules as-is);0;0;R7[0.02] R20[0.37] R26[0.36] A1[0.68] G2[0.31] G3[0.37];0.37;0.55;0.01;0.89;0.61;0.00;0.84;0.69;0.3044;0.2970;1
92;92;Agent_2;orders came from the seed rule base (rules as-is);0;0;R7[0.17] R11[0.23] R15[0.23] R20[0.24] R26[0.40] A1[0.25];0.30;0.54;0.24;0.87;0.67;0.41;0.76;0.68;0.3044;0.2970;1
92;92;Agent_3;orders came from the seed rule base (rules as-is);0;0;R7[0.04] R20[0.19] R26[0.34] A1[0.08] G2[0.07] G3[0.08];0.45;0.59;0.02;0.61;0.24;0.00;0.85;0.69;0.3044;0.2970;1
93;93;Agent_1;orders came from the seed rule base (rules as-is);0;0;R7[0.02] R20[0.37] R26[0.35] A1[0.68] G2[0.31] G3[0.37];0.37;0.55;0.01;0.89;0.61;0.00;0.84;0.69;0.3034;0.2970;1
93;93;Agent_2;orders came from the seed rule base (rules as-is);0;0;R7[0.17] R11[0.23] R15[0.23] R20[0.25] R26[0.41] A1[0.26];0.30;0.54;0.24;0.87;0.67;0.41;0.76;0.68;0.3034;0.2970;1
93;93;Agent_3;orders came from the seed rule base (rules as-is);0;0;R7[0.04] R20[0.20] R26[0.34] A1[0.08] G2[0.08] G3[0.08];0.45;0.60;0.02;0.62;0.28;0.00;0.85;0.69;0.3034;0.2970;1
94;94;Agent_1;orders came from the seed rule base (rules as-is);0;0;R7[0.02] R20[0.37] R26[0.35] A1[0.68] G2[0.32] G3[0.37];0.37;0.55;0.01;0.89;0.61;0.00;0.84;0.69;0.3045;0.2971;1
94;94;Agent_2;orders came from the seed rule base (rules as-is);0;0;R7[0.17] R11[0.23] R15[0.23] R20[0.25] R26[0.41] A1[0.26];0.30;0.54;0.24;0.87;0.67;0.41;0.75;0.68;0.3045;0.2971;1
94;94;Agent_3;orders came from the seed rule base (rules as-is);0;0;R7[0.04] R20[0.21] R26[0.34] A1[0.08] G2[0.08] G3[0.08];0.45;0.60;0.02;0.62;0.30;0.00;0.85;0.69;0.3045;0.2971;1
95;95;Agent_1;orders came from the seed rule base (rules as-is);0;0;R7[0.02] R20[0.38] R26[0.35] A1[0.68] G2[0.33] G3[0.37];0.37;0.55;0.01;0.89;0.61;0.00;0.84;0.69;0.3042;0.2971;1
95;95;Agent_2;orders came from the seed rule base (rules as-is);0;0;R7[0.17] R11[0.23] R15[0.23] R20[0.25] R26[0.41] A1[0.26];0.30;0.54;0.24;0.87;0.67;0.41;0.75;0.68;0.3042;0.2971;1
95;95;Agent_3;orders came from the seed rule base (rules as-is);0;0;R7[0.04] R20[0.23] R26[0.34] A1[0.08] G2[0.08] G3[0.08];0.45;0.59;0.02;0.62;0.32;0.00;0.86;0.69;0.3042;0.2971;1
96;96;Agent_1;orders came from the seed rule base (rules as-is);0;0;R7[0.02] R20[0.41] R26[0.35] A1[0.68] G2[0.37] G3[0.36];0.37;0.55;0.01;0.89;0.62;0.00;0.83;0.69;0.3049;0.2972;1
96;96;Agent_2;orders came from the seed rule base (rules as-is);0;0;R7[0.17] R11[0.23] R15[0.23] R20[0.25] R26[0.41] A1[0.26];0.30;0.54;0.24;0.87;0.67;0.41;0.75;0.68;0.3049;0.2972;1
96;96;Agent_3;orders came from the seed rule base (rules as-is);0;0;R7[0.04] R20[0.23] R26[0.34] A1[0.08] G2[0.08] G3[0.08];0.45;0.58;0.02;0.62;0.33;0.00;0.86;0.69;0.3049;0.2972;1
97;97;Agent_1;orders came from the seed rule base (rules as-is);0;0;R7[0.02] R20[0.43] R26[0.34] A1[0.68] G2[0.39] G3[0.35];0.37;0.54;0.01;0.89;0.62;0.00;0.83;0.69;0.3048;0.2972;1
97;97;Agent_2;orders came from the seed rule base (rules as-is);0;0;R7[0.17] R11[0.23] R15[0.23] R20[0.25] R26[0.41] A1[0.26];0.30;0.54;0.24;0.87;0.67;0.41;0.75;0.68;0.3048;0.2972;1
97;97;Agent_3;orders came from the seed rule base (rules as-is);0;0;R7[0.04] R20[0.24] R26[0.34] A1[0.08] G2[0.08] G3[0.08];0.45;0.58;0.02;0.62;0.35;0.00;0.86;0.69;0.3048;0.2972;1
98;98;Agent_1;orders came from the seed rule base (rules as-is);0;0;R7[0.02] R20[0.45] R26[0.34] A1[0.68] G2[0.42] G3[0.35];0.37;0.54;0.01;0.89;0.62;0.00;0.82;0.69;0.3045;0.2973;1
98;98;Agent_2;orders came from the seed rule base (rules as-is);0;0;R7[0.17] R11[0.23] R15[0.23] R20[0.25] R26[0.41] A1[0.25];0.30;0.54;0.24;0.88;0.67;0.41;0.76;0.68;0.3045;0.2973;1
98;98;Agent_3;orders came from the seed rule base (rules as-is);0;0;R7[0.04] R20[0.25] R26[0.34] A1[0.08] G2[0.08] G3[0.08];0.45;0.58;0.02;0.62;0.36;0.00;0.86;0.69;0.3045;0.2973;1
99;99;Agent_1;orders came from the seed rule base (rules as-is);0;0;R7[0.02] R20[0.48] R26[0.34] A1[0.68] G2[0.46] G3[0.34];0.37;0.53;0.01;0.89;0.63;0.00;0.82;0.69;0.3048;0.2974;1
99;99;Agent_2;orders came from the seed rule base (rules as-is);0;0;R7[0.17] R11[0.23] R15[0.23] R20[0.25] R26[0.40] A1[0.25];0.30;0.54;0.24;0.88;0.67;0.41;0.76;0.68;0.3048;0.2974;1
99;99;Agent_3;orders came from the seed rule base (rules as-is);0;0;R7[0.04] R20[0.25] R26[0.34] A1[0.08] G2[0.08] G3[0.08];0.45;0.57;0.02;0.62;0.37;0.00;0.86;0.69;0.3048;0.2974;1
100;100;Agent_1;orders came from the seed rule base (rules as-is);0;0;R7[0.02] R20[0.51] R26[0.34] A1[0.68] G2[0.50] G3[0.33];0.37;0.53;0.01;0.89;0.63;0.00;0.82;0.69;0.3042;0.2974;1
100;100;Agent_2;orders came from the seed rule base (rules as-is);0;0;R7[0.17] R11[0.23] R15[0.23] R20[0.24] R26[0.40] A1[0.25];0.30;0.54;0.24;0.88;0.67;0.41;0.76;0.68;0.3042;0.2974;1
100;100;Agent_3;orders came from the seed rule base (rules as-is);0;0;R7[0.04] R20[0.25] R26[0.34] A1[0.08] G2[0.08] G3[0.08];0.45;0.57;0.02;0.62;0.37;0.00;0.86;0.69;0.3042;0.2974;1
101;101;Agent_1;orders came from the seed rule base (rules as-is);0;0;R7[0.02] R20[0.53] R26[0.34] A1[0.68] G2[0.53] G3[0.32];0.37;0.52;0.01;0.89;0.63;0.00;0.81;0.69;0.3048;0.2975;1
101;101;Agent_2;orders came from the seed rule base (rules as-is);0;0;R7[0.17] R11[0.23] R15[0.23] R20[0.32] R26[0.60] A1[0.25];0.34;0.55;0.24;0.89;0.67;0.41;0.72;0.68;0.3048;0.2975;1
101;101;Agent_3;orders came from the seed rule base (rules as-is);0;0;R7[0.04] R20[0.26] R26[0.34] A1[0.08] G2[0.08] G3[0.08];0.45;0.57;0.02;0.62;0.37;0.00;0.86;0.69;0.3048;0.2975;1
102;102;Agent_1;orders came from the seed rule base (rules as-is);0;0;R7[0.02] R20[0.56] R26[0.34] A1[0.68] G2[0.55] G3[0.31];0.37;0.52;0.01;0.89;0.63;0.00;0.81;0.69;0.3043;0.2976;1
102;102;Agent_2;orders came from the seed rule base (rules as-is);0;0;R7[0.17] R11[0.23] R15[0.23] R20[0.34] R26[0.65] A1[0.24];0.35;0.56;0.24;0.89;0.67;0.41;0.71;0.68;0.3043;0.2976;1
102;102;Agent_3;orders came from the seed rule base (rules as-is);0;0;R7[0.04] R20[0.26] R26[0.34] A1[0.08] G2[0.08] G3[0.08];0.45;0.57;0.02;0.62;0.38;0.00;0.86;0.69;0.3043;0.2976;1
103;103;Agent_1;orders came from the seed rule base (rules as-is);0;0;R7[0.02] R20[0.58] R26[0.34] A1[0.68] G2[0.58] G3[0.30];0.37;0.51;0.01;0.89;0.64;0.00;0.81;0.69;0.3049;0.2977;1
103;103;Agent_2;orders came from the seed rule base (rules as-is);0;0;R7[0.17] R11[0.23] R15[0.23] R20[0.34] R26[0.66] A1[0.24];0.35;0.56;0.24;0.89;0.67;0.41;0.70;0.68;0.3049;0.2977;1
103;103;Agent_3;orders came from the seed rule base (rules as-is);0;0;R7[0.04] R20[0.26] R26[0.34] A1[0.08] G2[0.08] G3[0.08];0.45;0.57;0.02;0.62;0.39;0.00;0.86;0.69;0.3049;0.2977;1
104;104;Agent_1;orders came from the seed rule base (rules as-is);0;0;R7[0.02] R20[0.60] R26[0.34] A1[0.68] G2[0.60] G3[0.29];0.37;0.51;0.01;0.89;0.64;0.00;0.81;0.69;0.3037;0.2977;1
104;104;Agent_2;orders came from the seed rule base (rules as-is);0;0;R7[0.17] R11[0.23] R15[0.23] R20[0.35] R26[0.65] A1[0.23];0.35;0.56;0.24;0.89;0.67;0.41;0.70;0.68;0.3037;0.2977;1
104;104;Agent_3;orders came from the seed rule base (rules as-is);0;0;R7[0.04] R20[0.27] R26[0.34] A1[0.08] G2[0.08] G3[0.08];0.44;0.56;0.02;0.62;0.41;0.00;0.86;0.69;0.3037;0.2977;1
105;105;Agent_1;orders came from the seed rule base (rules as-is);0;0;R7[0.02] R20[0.60] R26[0.34] A1[0.68] G2[0.60] G3[0.28];0.37;0.51;0.01;0.89;0.64;0.00;0.81;0.69;0.3051;0.2978;1
105;105;Agent_2;orders came from the seed rule base (rules as-is);0;0;R7[0.17] R11[0.23] R15[0.23] R20[0.39] R26[0.64] A1[0.23];0.33;0.55;0.24;0.89;0.68;0.41;0.70;0.68;0.3051;0.2978;1
105;105;Agent_3;orders came from the seed rule base (rules as-is);0;0;R7[0.04] R20[0.27] R26[0.34] A1[0.08] G2[0.08] G3[0.08];0.44;0.56;0.02;0.62;0.41;0.00;0.86;0.69;0.3051;0.2978;1
106;106;Agent_1;orders came from the seed rule base (rules as-is);0;0;R7[0.02] R20[0.60] R26[0.34] A1[0.68] G2[0.60] G3[0.26];0.38;0.50;0.01;0.89;0.64;0.00;0.82;0.69;0.3045;0.2979;1
106;106;Agent_2;orders came from the seed rule base (rules as-is);0;0;R7[0.17] R11[0.23] R15[0.23] R20[0.43] R26[0.63] A1[0.22];0.32;0.54;0.24;0.89;0.68;0.41;0.69;0.68;0.3045;0.2979;1
106;106;Agent_3;orders came from the seed rule base (rules as-is);0;0;R7[0.04] R20[0.28] R26[0.34] A1[0.08] G2[0.08] G3[0.08];0.44;0.56;0.02;0.62;0.41;0.00;0.86;0.69;0.3045;0.2979;1
107;107;Agent_1;orders came from the seed rule base (rules as-is);0;0;R7[0.02] R20[0.60] R26[0.34] A1[0.68] G2[0.60] G3[0.25];0.38;0.50;0.01;0.89;0.64;0.00;0.82;0.69;0.3045;0.2980;1
107;107;Agent_2;orders came from the seed rule base (rules as-is);0;0;R7[0.17] R11[0.23] R15[0.23] R20[0.48] R26[0.62] A1[0.21];0.30;0.53;0.24;0.89;0.68;0.41;0.68;0.68;0.3045;0.2980;1
107;107;Agent_3;orders came from the seed rule base (rules as-is);0;0;R7[0.04] R20[0.28] R26[0.34] A1[0.08] G2[0.08] G3[0.08];0.43;0.56;0.02;0.62;0.42;0.00;0.86;0.69;0.3045;0.2980;1
108;108;Agent_1;orders came from the seed rule base (rules as-is);0;0;R7[0.02] R20[0.60] R26[0.34] A1[0.68] G2[0.60] G3[0.24];0.38;0.50;0.01;0.89;0.64;0.00;0.82;0.69;0.3036;0.2981;1
108;108;Agent_2;orders came from the seed rule base (rules as-is);0;0;R7[0.17] R11[0.23] R15[0.23] R20[0.53] R26[0.60] A1[0.20];0.29;0.52;0.24;0.89;0.69;0.41;0.68;0.68;0.3036;0.2981;1
108;108;Agent_3;orders came from the seed rule base (rules as-is);0;0;R7[0.04] R20[0.28] R26[0.34] A1[0.08] G2[0.08] G3[0.08];0.43;0.56;0.02;0.62;0.42;0.00;0.86;0.69;0.3036;0.2981;1
109;109;Agent_1;orders came from the seed rule base (rules as-is);0;0;R7[0.02] R20[0.61] R26[0.34] A1[0.68] G2[0.60] G3[0.22];0.38;0.50;0.01;0.89;0.64;0.00;0.82;0.69;0.3043;0.2982;1
109;109;Agent_2;orders came from the seed rule base (rules as-is);0;0;R7[0.17] R11[0.23] R15[0.23] R20[0.53] R26[0.58] A1[0.19];0.28;0.52;0.24;0.89;0.69;0.41;0.68;0.68;0.3043;0.2982;1
109;109;Agent_3;orders came from the seed rule base (rules as-is);0;0;R7[0.04] R20[0.28] R26[0.34] A1[0.08] G2[0.08] G3[0.08];0.43;0.56;0.02;0.62;0.43;0.00;0.86;0.69;0.3043;0.2982;1
110;110;Agent_1;orders came from the seed rule base (rules as-is);0;0;R7[0.02] R20[0.61] R26[0.34] A1[0.68] G2[0.60] G3[0.21];0.38;0.50;0.01;0.89;0.64;0.00;0.82;0.69;0.3040;0.2983;1
110;110;Agent_2;orders came from the seed rule base (rules as-is);0;0;R7[0.17] R11[0.23] R15[0.23] R20[0.52] R26[0.56] A1[0.18];0.28;0.52;0.24;0.89;0.70;0.41;0.68;0.68;0.3040;0.2983;1
110;110;Agent_3;orders came from the seed rule base (rules as-is);0;0;R7[0.04] R20[0.29] R26[0.34] A1[0.08] G2[0.08] G3[0.08];0.43;0.55;0.02;0.62;0.43;0.00;0.86;0.69;0.3040;0.2983;1
111;111;Agent_1;orders came from the seed rule base (rules as-is);0;0;R7[0.02] R20[0.61] R26[0.34] A1[0.68] G2[0.60] G3[0.19];0.38;0.50;0.01;0.89;0.64;0.00;0.83;0.69;0.3042;0.2984;1
111;111;Agent_2;orders came from the seed rule base (rules as-is);0;0;R7[0.17] R11[0.23] R15[0.23] R20[0.51] R26[0.54] A1[0.17];0.28;0.52;0.24;0.89;0.70;0.41;0.68;0.68;0.3042;0.2984;1
111;111;Agent_3;orders came from the seed rule base (rules as-is);0;0;R7[0.04] R20[0.29] R26[0.34] A1[0.08] G2[0.08] G3[0.08];0.42;0.55;0.02;0.62;0.44;0.00;0.86;0.69;0.3042;0.2984;1
112;112;Agent_1;orders came from the seed rule base (rules as-is);0;0;R7[0.02] R20[0.61] R26[0.34] A1[0.68] G2[0.60] G3[0.18];0.38;0.50;0.01;0.89;0.64;0.00;0.83;0.69;0.3045;0.2985;1
112;112;Agent_2;orders came from the seed rule base (rules as-is);0;0;R7[0.16] R11[0.23] R15[0.23] R20[0.50] R26[0.51] A1[0.16];0.28;0.52;0.23;0.89;0.70;0.41;0.68;0.68;0.3045;0.2985;1
112;112;Agent_3;orders came from the seed rule base (rules as-is);0;0;R7[0.04] R20[0.29] R26[0.34] A1[0.08] G2[0.08] G3[0.08];0.42;0.55;0.02;0.62;0.44;0.00;0.86;0.69;0.3045;0.2985;1
113;113;Agent_1;orders came from the seed rule base (rules as-is);0;0;R7[0.02] R20[0.60] R26[0.34] A1[0.68] G2[0.60] G3[0.16];0.39;0.50;0.01;0.89;0.64;0.00;0.83;0.69;0.3048;0.2986;1
113;113;Agent_2;orders came from the seed rule base (rules as-is);0;0;R7[0.15] R11[0.23] R15[0.23] R20[0.48] R26[0.49] A1[0.15];0.28;0.52;0.22;0.89;0.70;0.41;0.68;0.68;0.3048;0.2986;1
113;113;Agent_3;orders came from the seed rule base (rules as-is);0;0;R7[0.04] R20[0.30] R26[0.34] A1[0.08] G2[0.08] G3[0.08];0.42;0.55;0.02;0.62;0.45;0.00;0.86;0.69;0.3048;0.2986;1
114;114;Agent_1;orders came from the seed rule base (rules as-is);0;0;R7[0.02] R20[0.60] R26[0.34] A1[0.68] G2[0.60] G3[0.15];0.39;0.49;0.01;0.89;0.64;0.00;0.83;0.69;0.3049;0.2987;1
114;114;Agent_2;orders came from the seed rule base (rules as-is);0;0;R7[0.13] R11[0.23] R15[0.23] R20[0.47] R26[0.46] A1[0.13];0.28;0.52;0.22;0.89;0.71;0.41;0.68;0.68;0.3049;0.2987;1
114;114;Agent_3;orders came from the seed rule base (rules as-is);0;0;R7[0.04] R20[0.30] R26[0.34] A1[0.08] G2[0.08] G3[0.08];0.41;0.55;0.02;0.62;0.46;0.00;0.87;0.69;0.3049;0.2987;1
115;115;Agent_1;orders came from the seed rule base (rules as-is);0;0;R7[0.02] R20[0.60] R26[0.34] A1[0.68] G2[0.60] G3[0.14];0.39;0.49;0.01;0.89;0.64;0.00;0.83;0.69;0.3055;0.2988;1
115;115;Agent_2;orders came from the seed rule base (rules as-is);0;0;R7[0.12] R11[0.23] R15[0.23] R20[0.45] R26[0.43] A1[0.12];0.28;0.52;0.21;0.89;0.71;0.41;0.67;0.68;0.3055;0.2988;1
115;115;Agent_3;orders came from the seed rule base (rules as-is);0;0;R7[0.04] R20[0.30] R26[0.34] A1[0.08] G2[0.08] G3[0.08];0.41;0.55;0.02;0.62;0.46;0.00;0.87;0.69;0.3055;0.2988;1
116;116;Agent_1;orders came from the seed rule base (rules as-is);0;0;R7[0.02] R20[0.60] R26[0.34] A1[0.68] G2[0.60] G3[0.12];0.39;0.49;0.01;0.89;0.64;0.00;0.83;0.69;0.3056;0.2989;1
116;116;Agent_2;orders came from the seed rule base (rules as-is);0;0;R7[0.10] R11[0.23] R15[0.23] R20[0.43] R26[0.40] A1[0.10];0.28;0.52;0.20;0.89;0.71;0.41;0.68;0.68;0.3056;0.2989;1
116;116;Agent_3;orders came from the seed rule base (rules as-is);0;0;R7[0.04] R20[0.31] R26[0.34] A1[0.08] G2[0.08] G3[0.08];0.41;0.54;0.02;0.62;0.47;0.00;0.87;0.69;0.3056;0.2989;1
117;117;Agent_1;orders came from the seed rule base (rules as-is);0;0;R7[0.02] R20[0.60] R26[0.34] A1[0.68] G2[0.60] G3[0.11];0.39;0.49;0.01;0.89;0.64;0.00;0.83;0.69;0.3055;0.2990;1
117;117;Agent_2;orders came from the seed rule base (rules as-is);0;0;R7[0.09] R11[0.23] R15[0.23] R20[0.42] R26[0.37] A1[0.09];0.28;0.52;0.20;0.85;0.72;0.41;0.69;0.68;0.3055;0.2990;1
117;117;Agent_3;orders came from the seed rule base (rules as-is);0;0;R7[0.04] R20[0.31] R26[0.34] A1[0.08] G2[0.08] G3[0.08];0.41;0.54;0.02;0.62;0.47;0.00;0.87;0.69;0.3055;0.2990;1
118;118;Agent_1;orders came from the seed rule base (rules as-is);0;0;R7[0.02] R20[0.60] R26[0.34] A1[0.68] G2[0.60] G3[0.10];0.39;0.49;0.01;0.89;0.64;0.00;0.83;0.69;0.3057;0.2992;1
118;118;Agent_2;orders came from the seed rule base (rules as-is);0;0;R7[0.08] R11[0.23] R15[0.23] R20[0.41] R26[0.35] A1[0.08];0.28;0.52;0.19;0.78;0.72;0.41;0.71;0.68;0.3057;0.2992;1
118;118;Agent_3;orders came from the seed rule base (rules as-is);0;0;R7[0.04] R20[0.31] R26[0.34] A1[0.08] G2[0.08] G3[0.08];0.41;0.54;0.02;0.62;0.47;0.00;0.87;0.69;0.3057;0.2992;1
119;119;Agent_1;orders came from the seed rule base (rules as-is);0;0;R7[0.02] R20[0.60] R26[0.34] A1[0.68] G2[0.60] G3[0.09];0.39;0.49;0.01;0.89;0.64;0.00;0.84;0.69;0.3060;0.2993;1
119;119;Agent_2;orders came from the seed rule base (rules as-is);0;0;R7[0.08] R11[0.23] R15[0.23] R20[0.40] R26[0.35] A1[0.08];0.28;0.52;0.19;0.78;0.72;0.41;0.72;0.68;0.3060;0.2993;1
119;119;Agent_3;orders came from the seed rule base (rules as-is);0;0;R7[0.04] R20[0.31] R26[0.34] A1[0.08] G2[0.08] G3[0.08];0.41;0.54;0.02;0.62;0.48;0.00;0.87;0.69;0.3060;0.2993;1
120;120;Agent_1;orders came from the seed rule base (rules as-is);0;0;R7[0.02] R20[0.60] R26[0.34] A1[0.68] G2[0.60] G3[0.08];0.40;0.49;0.01;0.89;0.64;0.00;0.84;0.69;0.3058;0.2994;1
120;120;Agent_2;orders came from the seed rule base (rules as-is);0;0;R7[0.08] R11[0.23] R15[0.23] R20[0.40] R26[0.34] A1[0.08];0.28;0.52;0.19;0.77;0.72;0.41;0.72;0.68;0.3058;0.2994;1
120;120;Agent_3;orders came from the seed rule base (rules as-is);0;0;R7[0.04] R20[0.31] R26[0.34] A1[0.08] G2[0.08] G3[0.08];0.41;0.54;0.02;0.62;0.48;0.00;0.87;0.69;0.3058;0.2994;1
121;121;Agent_1;orders came from the seed rule base (rules as-is);0;0;R7[0.02] R20[0.60] R26[0.34] A1[0.68] G2[0.60] G3[0.06];0.40;0.49;0.01;0.89;0.64;0.00;0.84;0.69;0.3059;0.2995;1
121;121;Agent_2;orders came from the seed rule base (rules as-is);0;0;R7[0.08] R11[0.23] R15[0.23] R20[0.40] R26[0.34] A1[0.08];0.28;0.52;0.19;0.76;0.72;0.41;0.72;0.68;0.3059;0.2995;1
121;121;Agent_3;orders came from the seed rule base (rules as-is);0;0;R7[0.04] R20[0.31] R26[0.34] A1[0.08] G2[0.08] G3[0.08];0.40;0.54;0.02;0.62;0.48;0.00;0.87;0.69;0.3059;0.2995;1
122;122;Agent_1;orders came from the seed rule base (rules as-is);0;0;R7[0.02] R20[0.60] R26[0.34] A1[0.68] G2[0.60] G3[0.05];0.40;0.49;0.01;0.89;0.64;0.00;0.84;0.69;0.3073;0.2996;1
122;122;Agent_2;orders came from the seed rule base (rules as-is);0;0;R7[0.08] R11[0.23] R15[0.23] R20[0.40] R26[0.34] A1[0.08];0.28;0.52;0.19;0.76;0.72;0.41;0.73;0.68;0.3073;0.2996;1
122;122;Agent_3;orders came from the seed rule base (rules as-is);0;0;R7[0.04] R20[0.31] R26[0.34] A1[0.08] G2[0.08] G3[0.08];0.40;0.54;0.02;0.62;0.48;0.00;0.87;0.69;0.3073;0.2996;1
123;123;Agent_1;orders came from the seed rule base (rules as-is);0;0;R7[0.02] R20[0.60] R26[0.34] A1[0.68] G2[0.60] G3[0.04];0.40;0.49;0.01;0.89;0.64;0.00;0.84;0.69;0.3055;0.2998;1
123;123;Agent_2;orders came from the seed rule base (rules as-is);0;0;R7[0.08] R11[0.23] R15[0.23] R20[0.40] R26[0.34] A1[0.08];0.28;0.52;0.19;0.75;0.72;0.41;0.73;0.68;0.3055;0.2998;1
123;123;Agent_3;orders came from the seed rule base (rules as-is);0;0;R7[0.04] R20[0.32] R26[0.34] A1[0.08] G2[0.08] G3[0.08];0.40;0.54;0.02;0.62;0.48;0.00;0.87;0.69;0.3055;0.2998;1
124;124;Agent_1;orders came from the seed rule base (rules as-is);0;0;R7[0.02] R20[0.60] R26[0.34] A1[0.68] G2[0.60] G3[0.03];0.40;0.49;0.01;0.89;0.64;0.00;0.84;0.69;0.3065;0.2999;1
124;124;Agent_2;orders came from the seed rule base (rules as-is);0;0;R7[0.08] R11[0.23] R15[0.23] R20[0.40] R26[0.34] A1[0.08];0.28;0.52;0.19;0.75;0.72;0.41;0.73;0.68;0.3065;0.2999;1
124;124;Agent_3;orders came from the seed rule base (rules as-is);0;0;R7[0.04] R20[0.32] R26[0.34] A1[0.08] G2[0.08] G3[0.08];0.40;0.54;0.02;0.62;0.49;0.00;0.87;0.69;0.3065;0.2999;1
125;125;Agent_1;orders came from the seed rule base (rules as-is);0;0;R7[0.02] R20[0.60] R26[0.34] A1[0.68] G2[0.60] G3[0.02];0.40;0.49;0.01;0.89;0.64;0.00;0.84;0.69;0.3063;0.3000;1
125;125;Agent_2;orders came from the seed rule base (rules as-is);0;0;R7[0.08] R11[0.23] R15[0.23] R20[0.40] R26[0.34] A1[0.08];0.28;0.52;0.19;0.74;0.72;0.41;0.74;0.68;0.3063;0.3000;1
125;125;Agent_3;orders came from the seed rule base (rules as-is);0;0;R7[0.04] R20[0.32] R26[0.34] A1[0.08] G2[0.08] G3[0.08];0.40;0.54;0.02;0.62;0.49;0.00;0.87;0.69;0.3063;0.3000;1
126;126;Agent_1;orders came from the seed rule base (rules as-is);0;0;R7[0.02] R20[0.60] R26[0.34] A1[0.68] G2[0.60] G4[0.25];0.40;0.49;0.01;0.89;0.64;0.00;0.84;0.69;0.3062;0.3002;1
126;126;Agent_2;orders came from the seed rule base (rules as-is);0;0;R7[0.08] R11[0.23] R15[0.23] R20[0.40] R26[0.34] A1[0.08];0.28;0.52;0.19;0.73;0.72;0.41;0.74;0.68;0.3062;0.3002;1
126;126;Agent_3;orders came from the seed rule base (rules as-is);0;0;R7[0.04] R20[0.32] R26[0.34] A1[0.08] G2[0.08] G3[0.08];0.40;0.54;0.02;0.62;0.49;0.00;0.87;0.69;0.3062;0.3002;1
127;127;Agent_1;orders came from the seed rule base (rules as-is);0;0;R7[0.02] R20[0.60] R26[0.34] A1[0.68] G2[0.60] G4[0.25];0.40;0.49;0.01;0.89;0.64;0.00;0.84;0.69;0.3067;0.3003;1
127;127;Agent_2;orders came from the seed rule base (rules as-is);0;0;R7[0.08] R11[0.23] R15[0.23] R20[0.40] R26[0.34] A1[0.08];0.28;0.52;0.19;0.73;0.72;0.41;0.74;0.68;0.3067;0.3003;1
127;127;Agent_3;orders came from the seed rule base (rules as-is);0;0;R7[0.04] R20[0.32] R26[0.34] A1[0.08] G2[0.08] G3[0.08];0.40;0.54;0.02;0.62;0.49;0.00;0.87;0.69;0.3067;0.3003;1
128;128;Agent_1;orders came from the seed rule base (rules as-is);0;0;R7[0.02] R20[0.60] R26[0.34] A1[0.68] G2[0.60] G4[0.25];0.40;0.49;0.01;0.89;0.64;0.00;0.84;0.69;0.3070;0.3004;1
128;128;Agent_2;orders came from the seed rule base (rules as-is);0;0;R7[0.08] R11[0.23] R15[0.23] R20[0.40] R26[0.34] A1[0.08];0.28;0.52;0.19;0.72;0.72;0.41;0.75;0.68;0.3070;0.3004;1
128;128;Agent_3;orders came from the seed rule base (rules as-is);0;0;R7[0.04] R20[0.32] R26[0.34] A1[0.08] G2[0.08] G3[0.08];0.40;0.54;0.02;0.62;0.50;0.00;0.87;0.69;0.3070;0.3004;1
129;129;Agent_1;orders came from the seed rule base (rules as-is);0;0;R7[0.02] R20[0.60] R26[0.34] A1[0.68] G2[0.60] G4[0.25];0.40;0.49;0.01;0.89;0.64;0.00;0.84;0.69;0.3071;0.3006;1
129;129;Agent_2;orders came from the seed rule base (rules as-is);0;0;R7[0.08] R11[0.23] R15[0.23] R20[0.40] R26[0.34] A1[0.08];0.28;0.52;0.19;0.69;0.72;0.41;0.75;0.68;0.3071;0.3006;1
129;129;Agent_3;orders came from the seed rule base (rules as-is);0;0;R7[0.04] R20[0.32] R26[0.34] A1[0.08] G2[0.08] G3[0.08];0.40;0.54;0.02;0.62;0.50;0.00;0.87;0.69;0.3071;0.3006;1
130;130;Agent_1;orders came from the seed rule base (rules as-is);0;0;R7[0.02] R20[0.60] R26[0.34] A1[0.68] G2[0.60] G4[0.25];0.40;0.49;0.01;0.89;0.64;0.00;0.84;0.69;0.3076;0.3007;1
130;130;Agent_2;orders came from the seed rule base (rules as-is);0;0;R7[0.08] R11[0.23] R15[0.23] R20[0.40] R26[0.34] A1[0.08];0.28;0.52;0.19;0.67;0.72;0.41;0.76;0.68;0.3076;0.3007;1
130;130;Agent_3;orders came from the seed rule base (rules as-is);0;0;R7[0.04] R20[0.33] R26[0.34] A1[0.08] G2[0.08] G3[0.08];0.40;0.54;0.02;0.62;0.50;0.00;0.87;0.69;0.3076;0.3007;1
131;131;Agent_1;orders came from the seed rule base (rules as-is);0;0;R7[0.02] R20[0.60] R26[0.34] A1[0.68] G2[0.60] G4[0.25];0.40;0.49;0.01;0.89;0.64;0.00;0.84;0.69;0.3077;0.3008;1
131;131;Agent_2;orders came from the seed rule base (rules as-is);0;0;R7[0.08] R11[0.23] R15[0.23] R20[0.40] R26[0.34] A1[0.08];0.28;0.52;0.19;0.66;0.72;0.41;0.76;0.68;0.3077;0.3008;1
131;131;Agent_3;orders came from the seed rule base (rules as-is);0;0;R7[0.04] R20[0.33] R26[0.34] A1[0.08] G2[0.08] G3[0.08];0.40;0.54;0.02;0.62;0.50;0.00;0.87;0.69;0.3077;0.3008;1
132;132;Agent_1;orders came from the seed rule base (rules as-is);0;0;R7[0.02] R20[0.60] R26[0.34] A1[0.68] G2[0.60] G4[0.25];0.40;0.49;0.01;0.89;0.64;0.00;0.84;0.69;0.3077;0.3010;1
132;132;Agent_2;orders came from the seed rule base (rules as-is);0;0;R7[0.08] R11[0.23] R15[0.23] R20[0.40] R26[0.34] A1[0.08];0.28;0.51;0.19;0.66;0.72;0.41;0.76;0.68;0.3077;0.3010;1
132;132;Agent_3;orders came from the seed rule base (rules as-is);0;0;R7[0.04] R20[0.33] R26[0.34] A1[0.08] G2[0.08] G3[0.08];0.39;0.54;0.02;0.62;0.51;0.00;0.87;0.69;0.3077;0.3010;1
133;133;Agent_1;orders came from the seed rule base (rules as-is);0;0;R7[0.02] R20[0.60] R26[0.34] A1[0.68] G2[0.60] G4[0.25];0.40;0.49;0.01;0.89;0.64;0.00;0.84;0.69;0.3085;0.3011;1
133;133;Agent_2;orders came from the seed rule base (rules as-is);0;0;R7[0.08] R11[0.23] R15[0.23] R20[0.40] R26[0.34] A1[0.08];0.28;0.51;0.19;0.65;0.72;0.41;0.77;0.68;0.3085;0.3011;1
133;133;Agent_3;orders came from the seed rule base (rules as-is);0;0;R7[0.04] R20[0.33] R26[0.34] A1[0.08] G2[0.08] G3[0.08];0.39;0.54;0.02;0.62;0.50;0.00;0.87;0.69;0.3085;0.3011;1
134;134;Agent_1;orders came from the seed rule base (rules as-is);0;0;R7[0.02] R20[0.60] R26[0.34] A1[0.68] G2[0.60] G4[0.25];0.40;0.49;0.01;0.89;0.64;0.00;0.84;0.69;0.3081;0.3013;1
134;134;Agent_2;orders came from the seed rule base (rules as-is);0;0;R7[0.08] R11[0.23] R15[0.23] R20[0.40] R26[0.34] A1[0.08];0.28;0.51;0.19;0.64;0.72;0.41;0.77;0.68;0.3081;0.3013;1
134;134;Agent_3;orders came from the seed rule base (rules as-is);0;0;R7[0.04] R20[0.33] R26[0.34] A1[0.08] G2[0.08] G3[0.08];0.39;0.54;0.02;0.62;0.51;0.00;0.87;0.69;0.3081;0.3013;1
135;135;Agent_1;orders came from the seed rule base (rules as-is);0;0;R7[0.02] R20[0.60] R26[0.34] A1[0.68] G2[0.60] G4[0.25];0.40;0.49;0.01;0.89;0.64;0.00;0.84;0.69;0.3082;0.3014;1
135;135;Agent_2;orders came from the seed rule base (rules as-is);0;0;R7[0.08] R11[0.23] R15[0.23] R20[0.40] R26[0.34] A1[0.08];0.28;0.51;0.19;0.64;0.72;0.41;0.77;0.68;0.3082;0.3014;1
135;135;Agent_3;orders came from the seed rule base (rules as-is);0;0;R7[0.04] R20[0.33] R26[0.34] A1[0.08] G2[0.08] G3[0.08];0.39;0.54;0.02;0.62;0.51;0.00;0.87;0.69;0.3082;0.3014;1
136;136;Agent_1;orders came from the seed rule base (rules as-is);0;0;R7[0.02] R20[0.60] R26[0.34] A1[0.68] G2[0.60] G4[0.25];0.40;0.49;0.01;0.89;0.64;0.00;0.84;0.69;0.3082;0.3016;1
136;136;Agent_2;orders came from the seed rule base (rules as-is);0;0;R7[0.08] R11[0.23] R15[0.23] R20[0.40] R26[0.34] A1[0.08];0.28;0.51;0.19;0.63;0.72;0.41;0.77;0.68;0.3082;0.3016;1
136;136;Agent_3;orders came from the seed rule base (rules as-is);0;0;R7[0.04] R20[0.33] R26[0.34] A1[0.08] G2[0.08] G3[0.08];0.39;0.54;0.02;0.62;0.51;0.00;0.87;0.69;0.3082;0.3016;1
137;137;Agent_1;orders came from the seed rule base (rules as-is);0;0;R7[0.02] R20[0.60] R26[0.34] A1[0.68] G2[0.60] G4[0.25];0.40;0.49;0.01;0.89;0.64;0.00;0.84;0.69;0.3083;0.3017;1
137;137;Agent_2;orders came from the seed rule base (rules as-is);0;0;R7[0.08] R11[0.23] R15[0.23] R20[0.40] R26[0.34] A1[0.08];0.28;0.51;0.19;0.63;0.72;0.41;0.77;0.68;0.3083;0.3017;1
137;137;Agent_3;orders came from the seed rule base (rules as-is);0;0;R7[0.04] R20[0.33] R26[0.34] A1[0.08] G2[0.08] G3[0.08];0.39;0.53;0.02;0.62;0.52;0.00;0.87;0.69;0.3083;0.3017;1
138;138;Agent_1;orders came from the seed rule base (rules as-is);0;0;R7[0.02] R20[0.60] R26[0.34] A1[0.68] G2[0.60] G4[0.25];0.40;0.49;0.01;0.89;0.64;0.00;0.84;0.69;0.3084;0.3019;1
138;138;Agent_2;orders came from the seed rule base (rules as-is);0;0;R7[0.08] R11[0.23] R15[0.23] R20[0.40] R26[0.34] A1[0.08];0.28;0.51;0.19;0.62;0.72;0.41;0.78;0.68;0.3084;0.3019;1
138;138;Agent_3;orders came from the seed rule base (rules as-is);0;0;R7[0.04] R20[0.33] R26[0.34] A1[0.08] G2[0.08] G3[0.08];0.39;0.53;0.02;0.62;0.51;0.00;0.87;0.69;0.3084;0.3019;1
139;139;Agent_1;orders came from the seed rule base (rules as-is);0;0;R7[0.02] R20[0.60] R26[0.34] A1[0.68] G2[0.60] G4[0.25];0.40;0.49;0.01;0.89;0.64;0.00;0.84;0.69;0.3083;0.3020;1
139;139;Agent_2;orders came from the seed rule base (rules as-is);0;0;R7[0.08] R11[0.23] R15[0.23] R20[0.40] R26[0.34] A1[0.08];0.28;0.51;0.19;0.62;0.72;0.41;0.78;0.68;0.3083;0.3020;1
139;139;Agent_3;orders came from the seed rule base (rules as-is);0;0;R7[0.04] R20[0.34] R26[0.34] A1[0.08] G2[0.08] G3[0.08];0.39;0.53;0.02;0.62;0.52;0.00;0.87;0.69;0.3083;0.3020;1
140;140;Agent_1;orders came from the seed rule base (rules as-is);0;0;R7[0.02] R20[0.60] R26[0.34] A1[0.68] G2[0.60] G4[0.25];0.40;0.49;0.01;0.89;0.64;0.00;0.84;0.69;0.3082;0.3022;1
140;140;Agent_2;orders came from the seed rule base (rules as-is);0;0;R7[0.08] R11[0.23] R15[0.23] R20[0.40] R26[0.34] A1[0.08];0.28;0.51;0.19;0.61;0.72;0.41;0.78;0.68;0.3082;0.3022;1
140;140;Agent_3;orders came from the seed rule base (rules as-is);0;0;R7[0.04] R20[0.34] R26[0.34] A1[0.08] G2[0.08] G3[0.08];0.39;0.53;0.02;0.62;0.52;0.00;0.87;0.69;0.3082;0.3022;1
141;141;Agent_1;orders came from the seed rule base (rules as-is);0;0;R7[0.02] R20[0.60] R26[0.34] A1[0.68] G2[0.60] G4[0.25];0.40;0.49;0.01;0.88;0.64;0.00;0.85;0.69;0.3072;0.3024;1
141;141;Agent_2;orders came from the seed rule base (rules as-is);0;0;R7[0.08] R11[0.23] R15[0.23] R20[0.40] R26[0.34] A1[0.08];0.27;0.51;0.19;0.61;0.72;0.41;0.78;0.68;0.3072;0.3024;1
141;141;Agent_3;orders came from the seed rule base (rules as-is);0;0;R7[0.04] R20[0.34] R26[0.34] A1[0.08] G2[0.08] G3[0.08];0.39;0.53;0.02;0.62;0.52;0.00;0.87;0.69;0.3072;0.3024;1
142;142;Agent_1;orders came from the seed rule base (rules as-is);0;0;R7[0.02] R20[0.60] R26[0.34] A1[0.68] G2[0.60] G4[0.25];0.40;0.49;0.01;0.88;0.64;0.00;0.85;0.69;0.3075;0.3025;1
142;142;Agent_2;orders came from the seed rule base (rules as-is);0;0;R7[0.08] R11[0.23] R15[0.23] R20[0.40] R26[0.34] A1[0.08];0.27;0.51;0.19;0.61;0.72;0.41;0.79;0.68;0.3075;0.3025;1
142;142;Agent_3;orders came from the seed rule base (rules as-is);0;0;R7[0.04] R20[0.34] R26[0.34] A1[0.08] G2[0.08] G3[0.08];0.39;0.53;0.02;0.62;0.52;0.00;0.87;0.69;0.3075;0.3025;1
143;143;Agent_1;orders came from the seed rule base (rules as-is);0;0;R7[0.02] R20[0.60] R26[0.34] A1[0.68] G2[0.60] G4[0.25];0.39;0.49;0.01;0.88;0.64;0.00;0.85;0.69;0.3077;0.3027;1
143;143;Agent_2;orders came from the seed rule base (rules as-is);0;0;R7[0.08] R11[0.23] R15[0.23] R20[0.40] R26[0.34] A1[0.08];0.27;0.51;0.19;0.60;0.72;0.41;0.79;0.68;0.3077;0.3027;1
143;143;Agent_3;orders came from the seed rule base (rules as-is);0;0;R7[0.04] R20[0.34] R26[0.34] A1[0.08] G2[0.08] G3[0.08];0.39;0.53;0.02;0.62;0.52;0.00;0.87;0.69;0.3077;0.3027;1
144;144;Agent_1;orders came from the seed rule base (rules as-is);0;0;R7[0.02] R20[0.60] R26[0.34] A1[0.68] G2[0.60] G4[0.25];0.39;0.49;0.01;0.88;0.64;0.00;0.85;0.69;0.3077;0.3028;1
144;144;Agent_2;orders came from the seed rule base (rules as-is);0;0;R7[0.08] R11[0.23] R15[0.23] R20[0.40] R26[0.34] A1[0.08];0.27;0.51;0.19;0.60;0.72;0.41;0.79;0.68;0.3077;0.3028;1
144;144;Agent_3;orders came from the seed rule base (rules as-is);0;0;R7[0.04] R20[0.34] R26[0.34] A1[0.08] G2[0.08] G3[0.08];0.39;0.53;0.02;0.62;0.52;0.00;0.87;0.69;0.3077;0.3028;1
145;145;Agent_1;orders came from the seed rule base (rules as-is);0;0;R7[0.02] R20[0.60] R26[0.34] A1[0.68] G2[0.60] G4[0.25];0.39;0.49;0.01;0.88;0.64;0.00;0.85;0.69;0.3082;0.3030;1
145;145;Agent_2;orders came from the seed rule base (rules as-is);0;0;R7[0.08] R11[0.23] R15[0.23] R20[0.40] R26[0.34] A1[0.08];0.27;0.51;0.19;0.59;0.72;0.41;0.79;0.68;0.3082;0.3030;1
145;145;Agent_3;orders came from the seed rule base (rules as-is);0;0;R7[0.04] R20[0.34] R26[0.34] A1[0.08] G2[0.08] G3[0.08];0.39;0.53;0.02;0.62;0.53;0.00;0.87;0.69;0.3082;0.3030;1
146;146;Agent_1;orders came from the seed rule base (rules as-is);0;0;R7[0.02] R20[0.60] R26[0.34] A1[0.68] G2[0.60] G4[0.25];0.39;0.49;0.01;0.88;0.64;0.00;0.85;0.69;0.3082;0.3032;1
146;146;Agent_2;orders came from the seed rule base (rules as-is);0;0;R7[0.08] R11[0.23] R15[0.23] R20[0.40] R26[0.34] A1[0.08];0.27;0.51;0.19;0.59;0.72;0.41;0.79;0.68;0.3082;0.3032;1
146;146;Agent_3;orders came from the seed rule base (rules as-is);0;0;R7[0.04] R20[0.34] R26[0.34] A1[0.08] G2[0.08] G3[0.08];0.39;0.53;0.02;0.62;0.52;0.00;0.87;0.69;0.3082;0.3032;1
147;147;Agent_1;orders came from the seed rule base (rules as-is);0;0;R7[0.02] R20[0.60] R26[0.34] A1[0.68] G2[0.60] G4[0.25];0.38;0.49;0.01;0.88;0.64;0.00;0.85;0.69;0.3083;0.3033;1
147;147;Agent_2;orders came from the seed rule base (rules as-is);0;0;R7[0.08] R11[0.23] R15[0.23] R20[0.40] R26[0.34] A1[0.08];0.27;0.51;0.19;0.59;0.72;0.41;0.80;0.68;0.3083;0.3033;1
147;147;Agent_3;orders came from the seed rule base (rules as-is);0;0;R7[0.04] R20[0.34] R26[0.34] A1[0.08] G2[0.08] G3[0.08];0.39;0.53;0.02;0.62;0.52;0.00;0.87;0.69;0.3083;0.3033;1
148;148;Agent_1;orders came from the seed rule base (rules as-is);0;0;R7[0.02] R20[0.60] R26[0.34] A1[0.68] G2[0.60] G4[0.25];0.38;0.49;0.01;0.88;0.64;0.00;0.85;0.69;0.3083;0.3035;1
148;148;Agent_2;orders came from the seed rule base (rules as-is);0;0;R7[0.08] R11[0.23] R15[0.23] R20[0.40] R26[0.34] A1[0.08];0.27;0.51;0.19;0.58;0.72;0.41;0.80;0.68;0.3083;0.3035;1
148;148;Agent_3;orders came from the seed rule base (rules as-is);0;0;R7[0.04] R20[0.34] R26[0.34] A1[0.08] G2[0.08] G3[0.08];0.39;0.53;0.02;0.62;0.52;0.00;0.87;0.69;0.3083;0.3035;1
149;149;Agent_1;orders came from the seed rule base (rules as-is);0;0;R7[0.02] R20[0.60] R26[0.34] A1[0.68] G2[0.60] G4[0.25];0.38;0.49;0.01;0.88;0.64;0.00;0.85;0.69;0.3087;0.3037;1
149;149;Agent_2;orders came from the seed rule base (rules as-is);0;0;R7[0.08] R11[0.23] R15[0.23] R20[0.40] R26[0.34] A1[0.08];0.27;0.51;0.19;0.58;0.72;0.41;0.80;0.68;0.3087;0.3037;1
149;149;Agent_3;orders came from the seed rule base (rules as-is);0;0;R7[0.04] R20[0.33] R26[0.34] A1[0.08] G2[0.08] G3[0.08];0.40;0.54;0.02;0.62;0.50;0.00;0.87;0.69;0.3087;0.3037;1
150;150;Agent_1;orders came from the seed rule base (rules as-is);0;0;R7[0.02] R20[0.60] R26[0.34] A1[0.68] G2[0.60] G4[0.25];0.37;0.49;0.01;0.88;0.64;0.00;0.85;0.69;0.3076;0.3038;1
150;150;Agent_2;orders came from the seed rule base (rules as-is);0;0;R7[0.08] R11[0.23] R15[0.23] R20[0.40] R26[0.34] A1[0.08];0.27;0.51;0.19;0.58;0.72;0.41;0.80;0.68;0.3076;0.3038;1
150;150;Agent_3;orders came from the seed rule base (rules as-is);0;0;R7[0.04] R20[0.32] R26[0.34] A1[0.08] G2[0.08] G3[0.08];0.40;0.54;0.02;0.62;0.48;0.00;0.87;0.69;0.3076;0.3038;1
151;151;Agent_1;orders came from the seed rule base (rules as-is);0;0;R7[0.02] R20[0.60] R26[0.34] A1[0.68] G2[0.60] G4[0.25];0.37;0.49;0.01;0.88;0.64;0.00;0.85;0.69;0.3078;0.3040;1
151;151;Agent_2;orders came from the seed rule base (rules as-is);0;0;R7[0.08] R11[0.23] R15[0.23] R20[0.40] R26[0.34] A1[0.08];0.27;0.51;0.19;0.58;0.72;0.41;0.80;0.68;0.3078;0.3040;1
151;151;Agent_3;orders came from the seed rule base (rules as-is);0;0;R7[0.04] R20[0.31] R26[0.34] A1[0.08] G2[0.08] G3[0.08];0.41;0.54;0.02;0.62;0.47;0.00;0.87;0.69;0.3078;0.3040;1
152;152;Agent_1;orders came from the seed rule base (rules as-is);0;0;R7[0.02] R20[0.60] R26[0.34] A1[0.68] G2[0.60] G4[0.25];0.36;0.49;0.01;0.88;0.64;0.00;0.85;0.69;0.3077;0.3042;1
152;152;Agent_2;orders came from the seed rule base (rules as-is);0;0;R7[0.08] R11[0.23] R15[0.23] R20[0.40] R26[0.34] A1[0.08];0.27;0.51;0.19;0.57;0.72;0.41;0.80;0.68;0.3077;0.3042;1
152;152;Agent_3;orders came from the seed rule base (rules as-is);0;0;R7[0.04] R20[0.31] R26[0.34] A1[0.08] G2[0.08] G3[0.08];0.41;0.54;0.02;0.62;0.47;0.00;0.87;0.69;0.3077;0.3042;1
153;153;Agent_1;orders came from the seed rule base (rules as-is);0;0;R7[0.02] R20[0.60] R26[0.34] A1[0.68] G2[0.60] G4[0.25];0.36;0.49;0.01;0.88;0.64;0.00;0.85;0.69;0.3077;0.3044;1
153;153;Agent_2;orders came from the seed rule base (rules as-is);0;0;R7[0.08] R11[0.23] R15[0.23] R20[0.40] R26[0.34] A1[0.08];0.27;0.51;0.19;0.57;0.72;0.41;0.80;0.68;0.3077;0.3044;1
153;153;Agent_3;orders came from the seed rule base (rules as-is);0;0;R7[0.04] R20[0.30] R26[0.34] A1[0.08] G2[0.08] G3[0.08];0.42;0.55;0.02;0.62;0.44;0.00;0.87;0.69;0.3077;0.3044;1
154;154;Agent_1;orders came from the seed rule base (rules as-is);0;0;R7[0.02] R20[0.60] R26[0.34] A1[0.68] G2[0.60] G4[0.25];0.36;0.49;0.01;0.88;0.64;0.00;0.85;0.69;0.3071;0.3045;1
154;154;Agent_2;orders came from the seed rule base (rules as-is);0;0;R7[0.08] R11[0.23] R15[0.23] R20[0.40] R26[0.34] A1[0.08];0.27;0.51;0.19;0.57;0.72;0.41;0.80;0.68;0.3071;0.3045;1
154;154;Agent_3;orders came from the seed rule base (rules as-is);0;0;R7[0.04] R20[0.29] R26[0.34] A1[0.08] G2[0.08] G3[0.08];0.43;0.55;0.02;0.62;0.43;0.00;0.87;0.69;0.3071;0.3045;1
155;155;Agent_1;orders came from the seed rule base (rules as-is);0;0;R7[0.02] R20[0.60] R26[0.34] A1[0.68] G2[0.60] G4[0.25];0.35;0.49;0.01;0.88;0.64;0.00;0.86;0.69;0.3072;0.3047;1
155;155;Agent_2;orders came from the seed rule base (rules as-is);0;0;R7[0.08] R11[0.23] R15[0.23] R20[0.40] R26[0.34] A1[0.08];0.27;0.51;0.19;0.57;0.72;0.41;0.80;0.68;0.3072;0.3047;1
155;155;Agent_3;orders came from the seed rule base (rules as-is);0;0;R7[0.04] R20[0.29] R26[0.34] A1[0.08] G2[0.08] G3[0.08];0.43;0.56;0.02;0.62;0.43;0.00;0.87;0.69;0.3072;0.3047;1
156;156;Agent_1;orders came from the seed rule base (rules as-is);0;0;R7[0.02] R20[0.60] R26[0.34] A1[0.68] G2[0.60] G4[0.25];0.35;0.49;0.01;0.88;0.64;0.00;0.86;0.69;0.3076;0.3049;1
156;156;Agent_2;orders came from the seed rule base (rules as-is);0;0;R7[0.08] R11[0.23] R15[0.23] R20[0.40] R26[0.34] A1[0.08];0.27;0.51;0.19;0.58;0.72;0.41;0.80;0.68;0.3076;0.3049;1
156;156;Agent_3;orders came from the seed rule base (rules as-is);0;0;R7[0.04] R20[0.28] R26[0.34] A1[0.08] G2[0.08] G3[0.08];0.43;0.56;0.02;0.62;0.41;0.00;0.87;0.69;0.3076;0.3049;1
157;157;Agent_1;orders came from the seed rule base (rules as-is);0;0;R7[0.02] R20[0.60] R26[0.34] A1[0.68] G2[0.60] G4[0.25];0.34;0.49;0.01;0.88;0.64;0.00;0.86;0.69;0.3081;0.3051;1
157;157;Agent_2;orders came from the seed rule base (rules as-is);0;0;R7[0.08] R11[0.23] R15[0.23] R20[0.40] R26[0.34] A1[0.08];0.27;0.51;0.19;0.59;0.72;0.41;0.80;0.68;0.3081;0.3051;1
157;157;Agent_3;orders came from the seed rule base (rules as-is);0;0;R7[0.04] R20[0.28] R26[0.34] A1[0.08] G2[0.08] G3[0.08];0.44;0.56;0.02;0.62;0.40;0.00;0.87;0.69;0.3081;0.3051;1
158;158;Agent_1;orders came from the seed rule base (rules as-is);0;0;R7[0.02] R20[0.60] R26[0.34] A1[0.68] G2[0.60] G4[0.25];0.34;0.49;0.01;0.88;0.64;0.00;0.86;0.69;0.3087;0.3052;1
158;158;Agent_2;orders came from the seed rule base (rules as-is);0;0;R7[0.08] R11[0.23] R15[0.23] R20[0.40] R26[0.34] A1[0.08];0.27;0.51;0.19;0.60;0.72;0.41;0.80;0.68;0.3087;0.3052;1
158;158;Agent_3;orders came from the seed rule base (rules as-is);0;0;R7[0.04] R20[0.27] R26[0.34] A1[0.08] G2[0.08] G3[0.08];0.44;0.56;0.02;0.62;0.41;0.00;0.87;0.69;0.3087;0.3052;1
159;159;Agent_1;orders came from the seed rule base (rules as-is);0;0;R7[0.02] R20[0.60] R26[0.34] A1[0.68] G2[0.60] G4[0.25];0.34;0.49;0.01;0.88;0.64;0.00;0.86;0.69;0.3090;0.3054;1
159;159;Agent_2;orders came from the seed rule base (rules as-is);0;0;R7[0.08] R11[0.23] R15[0.23] R20[0.40] R26[0.34] A1[0.08];0.27;0.51;0.19;0.62;0.72;0.41;0.79;0.68;0.3090;0.3054;1
159;159;Agent_3;orders came from the seed rule base (rules as-is);0;0;R7[0.04] R20[0.27] R26[0.34] A1[0.08] G2[0.08] G3[0.08];0.44;0.56;0.02;0.62;0.40;0.00;0.87;0.69;0.3090;0.3054;1
160;160;Agent_1;orders came from the seed rule base (rules as-is);0;0;R7[0.02] R20[0.60] R26[0.34] A1[0.68] G2[0.60] G4[0.25];0.34;0.49;0.01;0.88;0.64;0.00;0.86;0.69;0.3094;0.3056;1
160;160;Agent_2;orders came from the seed rule base (rules as-is);0;0;R7[0.08] R11[0.23] R15[0.23] R20[0.40] R26[0.34] A1[0.08];0.27;0.51;0.19;0.63;0.72;0.41;0.79;0.68;0.3094;0.3056;1
160;160;Agent_3;orders came from the seed rule base (rules as-is);0;0;R7[0.04] R20[0.27] R26[0.34] A1[0.08] G2[0.08] G3[0.08];0.44;0.56;0.02;0.62;0.40;0.00;0.87;0.69;0.3094;0.3056;1
161;161;Agent_1;orders came from the seed rule base (rules as-is);0;0;R7[0.02] R20[0.60] R26[0.34] A1[0.68] G2[0.60] G4[0.25];0.34;0.49;0.01;0.88;0.64;0.00;0.86;0.69;0.3088;0.3057;1
161;161;Agent_2;orders came from the seed rule base (rules as-is);0;0;R7[0.08] R11[0.23] R15[0.23] R20[0.40] R26[0.34] A1[0.08];0.27;0.51;0.19;0.63;0.72;0.41;0.79;0.68;0.3088;0.3057;1
161;161;Agent_3;orders came from the seed rule base (rules as-is);0;0;R7[0.04] R20[0.27] R26[0.34] A1[0.08] G2[0.08] G3[0.08];0.44;0.56;0.02;0.62;0.39;0.00;0.87;0.69;0.3088;0.3057;1
162;162;Agent_1;orders came from the seed rule base (rules as-is);0;0;R7[0.02] R20[0.60] R26[0.34] A1[0.68] G2[0.60] G4[0.25];0.34;0.49;0.01;0.88;0.64;0.00;0.86;0.69;0.3103;0.3059;1
162;162;Agent_2;orders came from the seed rule base (rules as-is);0;0;R7[0.08] R11[0.23] R15[0.23] R20[0.40] R26[0.34] A1[0.08];0.27;0.51;0.19;0.63;0.72;0.41;0.79;0.68;0.3103;0.3059;1
162;162;Agent_3;orders came from the seed rule base (rules as-is);0;0;R7[0.04] R20[0.27] R26[0.34] A1[0.08] G2[0.08] G3[0.08];0.45;0.57;0.02;0.62;0.39;0.00;0.87;0.69;0.3103;0.3059;1
163;163;Agent_1;orders came from the seed rule base (rules as-is);0;0;R7[0.02] R20[0.61] R26[0.36] A1[0.69] G2[0.61] G3[0.23];0.36;0.50;0.01;0.88;0.64;0.00;0.82;0.69;0.3134;0.3062;1
163;163;Agent_2;orders came from the seed rule base (rules as-is);0;0;R7[0.17] R11[0.23] R15[0.23] R20[0.53] R26[0.57] A1[0.25];0.28;0.50;0.24;0.87;0.68;0.41;0.70;0.68;0.3134;0.3062;1
163;163;Agent_3;orders came from the seed rule base (rules as-is);0;0;R7[0.04] R20[0.27] R26[0.34] A1[0.08] G2[0.08] G3[0.08];0.45;0.57;0.02;0.62;0.39;0.00;0.86;0.69;0.3134;0.3062;1
164;164;Agent_1;orders came from the seed rule base (rules as-is);0;0;R7[0.02] R20[0.61] R26[0.36] A1[0.69] G2[0.61] G3[0.30];0.36;0.50;0.01;0.89;0.64;0.00;0.81;0.69;0.3115;0.3063;1
164;164;Agent_2;orders came from the seed rule base (rules as-is);0;0;R7[0.17] R11[0.23] R15[0.23] R20[0.57] R26[0.63] A1[0.26];0.28;0.51;0.24;0.88;0.69;0.41;0.69;0.68;0.3115;0.3063;1
164;164;Agent_3;orders came from the seed rule base (rules as-is);0;0;R7[0.04] R20[0.27] R26[0.34] A1[0.08] G2[0.08] G3[0.08];0.44;0.56;0.02;0.62;0.40;0.00;0.86;0.69;0.3115;0.3063;1
165;165;Agent_1;orders came from the seed rule base (rules as-is);0;0;R7[0.02] R20[0.61] R26[0.36] A1[0.69] G2[0.61] G3[0.31];0.36;0.51;0.01;0.89;0.64;0.00;0.81;0.69;0.3125;0.3065;1
165;165;Agent_2;orders came from the seed rule base (rules as-is);0;0;R7[0.17] R11[0.23] R15[0.23] R20[0.58] R26[0.65] A1[0.26];0.28;0.51;0.24;0.88;0.69;0.41;0.68;0.68;0.3125;0.3065;1
165;165;Agent_3;orders came from the seed rule base (rules as-is);0;0;R7[0.04] R20[0.27] R26[0.34] A1[0.08] G2[0.08] G3[0.08];0.44;0.56;0.02;0.62;0.40;0.00;0.86;0.69;0.3125;0.3065;1
166;166;Agent_1;orders came from the seed rule base (rules as-is);0;0;R7[0.02] R20[0.61] R26[0.36] A1[0.69] G2[0.61] G3[0.32];0.36;0.51;0.01;0.89;0.64;0.00;0.81;0.69;0.3104;0.3067;1
166;166;Agent_2;orders came from the seed rule base (rules as-is);0;0;R7[0.17] R11[0.23] R15[0.23] R20[0.59] R26[0.66] A1[0.26];0.28;0.51;0.24;0.88;0.69;0.41;0.68;0.68;0.3104;0.3067;1
166;166;Agent_3;orders came from the seed rule base (rules as-is);0;0;R7[0.04] R20[0.27] R26[0.34] A1[0.08] G2[0.08] G3[0.08];0.44;0.56;0.02;0.62;0.40;0.00;0.86;0.69;0.3104;0.3067;1
167;167;Agent_1;orders came from the seed rule base (rules as-is);0;0;R7[0.02] R20[0.61] R26[0.36] A1[0.69] G2[0.61] G3[0.32];0.36;0.51;0.01;0.89;0.64;0.00;0.81;0.69;0.3107;0.3069;1
167;167;Agent_2;orders came from the seed rule base (rules as-is);0;0;R7[0.17] R11[0.23] R15[0.23] R20[0.59] R26[0.66] A1[0.26];0.28;0.51;0.24;0.88;0.69;0.41;0.68;0.68;0.3107;0.3069;1
167;167;Agent_3;orders came from the seed rule base (rules as-is);0;0;R7[0.04] R20[0.27] R26[0.34] A1[0.08] G2[0.08] G3[0.08];0.44;0.56;0.02;0.62;0.40;0.00;0.86;0.69;0.3107;0.3069;1
168;168;Agent_1;orders came from the seed rule base (rules as-is);0;0;R7[0.02] R20[0.61] R26[0.36] A1[0.69] G2[0.61] G3[0.32];0.36;0.51;0.01;0.89;0.64;0.00;0.81;0.69;0.3109;0.3071;1
168;168;Agent_2;orders came from the seed rule base (rules as-is);0;0;R7[0.17] R11[0.23] R15[0.23] R20[0.59] R26[0.66] A1[0.26];0.28;0.51;0.24;0.88;0.69;0.41;0.68;0.68;0.3109;0.3071;1
168;168;Agent_3;orders came from the seed rule base (rules as-is);0;0;R7[0.04] R20[0.27] R26[0.34] A1[0.08] G2[0.08] G3[0.08];0.44;0.56;0.02;0.62;0.39;0.00;0.86;0.69;0.3109;0.3071;1
169;169;Agent_1;orders came from the seed rule base (rules as-is);0;0;R7[0.02] R20[0.61] R26[0.36] A1[0.69] G2[0.61] G3[0.32];0.36;0.51;0.01;0.89;0.64;0.00;0.81;0.69;0.3122;0.3072;1
169;169;Agent_2;orders came from the seed rule base (rules as-is);0;0;R7[0.17] R11[0.23] R15[0.23] R20[0.59] R26[0.66] A1[0.26];0.28;0.51;0.24;0.88;0.69;0.41;0.68;0.68;0.3122;0.3072;1
169;169;Agent_3;orders came from the seed rule base (rules as-is);0;0;R7[0.04] R20[0.27] R26[0.34] A1[0.08] G2[0.08] G3[0.08];0.44;0.57;0.02;0.62;0.39;0.00;0.86;0.69;0.3122;0.3072;1
170;170;Agent_1;orders came from the seed rule base (rules as-is);0;0;R7[0.02] R20[0.61] R26[0.36] A1[0.69] G2[0.61] G3[0.32];0.36;0.51;0.01;0.89;0.64;0.00;0.81;0.69;0.3124;0.3074;1
170;170;Agent_2;orders came from the seed rule base (rules as-is);0;0;R7[0.17] R11[0.23] R15[0.23] R20[0.59] R26[0.66] A1[0.26];0.28;0.51;0.24;0.88;0.69;0.41;0.68;0.68;0.3124;0.3074;1
170;170;Agent_3;orders came from the seed rule base (rules as-is);0;0;R7[0.04] R20[0.27] R26[0.34] A1[0.08] G2[0.08] G3[0.08];0.45;0.57;0.02;0.62;0.39;0.00;0.86;0.69;0.3124;0.3074;1
171;171;Agent_1;RL selected stage 1 [evFIS] (deficit bucket: mid) → rejected (no improving perturbation found | seed-base decision stands, its orders are applied);1;0;R7[0.02] R20[0.61] R26[0.36] A1[0.69] G2[0.61] G3[0.32];0.36;0.51;0.01;0.89;0.64;0.00;0.81;0.69;0.3115;0.3076;1
171;171;Agent_2;RL selected stage 1 [evFIS] (deficit bucket: mid) → rejected (no improving perturbation found | seed-base decision stands, its orders are applied);1;0;R7[0.17] R11[0.23] R15[0.23] R20[0.59] R26[0.66] A1[0.26];0.28;0.51;0.24;0.88;0.69;0.41;0.68;0.68;0.3115;0.3076;1
171;171;Agent_3;RL selected stage 1 [evFIS] (deficit bucket: mid) → rejected (no improving perturbation found | seed-base decision stands, its orders are applied);1;0;R7[0.04] R20[0.26] R26[0.34] A1[0.08] G2[0.08] G3[0.08];0.45;0.57;0.02;0.62;0.39;0.00;0.86;0.69;0.3115;0.3076;1
172;172;Agent_1;orders came from the seed rule base (rules as-is);0;0;R7[0.02] R20[0.61] R26[0.36] A1[0.69] G2[0.61] G3[0.32];0.36;0.51;0.01;0.89;0.64;0.00;0.81;0.69;0.3109;0.3078;1
172;172;Agent_2;orders came from the seed rule base (rules as-is);0;0;R7[0.17] R11[0.23] R15[0.23] R20[0.59] R26[0.66] A1[0.26];0.28;0.51;0.24;0.88;0.69;0.41;0.68;0.68;0.3109;0.3078;1
172;172;Agent_3;orders came from the seed rule base (rules as-is);0;0;R7[0.04] R20[0.27] R26[0.34] A1[0.08] G2[0.08] G3[0.08];0.45;0.57;0.02;0.62;0.39;0.00;0.86;0.69;0.3109;0.3078;1
173;173;Agent_1;orders came from the seed rule base (rules as-is);0;0;R7[0.02] R20[0.61] R26[0.36] A1[0.69] G2[0.61] G3[0.32];0.36;0.51;0.01;0.89;0.64;0.00;0.81;0.69;0.3114;0.3080;1
173;173;Agent_2;orders came from the seed rule base (rules as-is);0;0;R7[0.17] R11[0.23] R15[0.23] R20[0.59] R26[0.66] A1[0.26];0.28;0.51;0.24;0.88;0.69;0.41;0.68;0.68;0.3114;0.3080;1
173;173;Agent_3;orders came from the seed rule base (rules as-is);0;0;R7[0.04] R20[0.27] R26[0.34] A1[0.08] G2[0.08] G3[0.08];0.45;0.57;0.02;0.62;0.39;0.00;0.86;0.69;0.3114;0.3080;1
174;174;Agent_1;orders came from the seed rule base (rules as-is);0;0;R7[0.02] R20[0.61] R26[0.36] A1[0.69] G2[0.61] G3[0.32];0.36;0.51;0.01;0.89;0.64;0.00;0.81;0.69;0.3115;0.3081;1
174;174;Agent_2;orders came from the seed rule base (rules as-is);0;0;R7[0.17] R11[0.23] R15[0.23] R20[0.59] R26[0.66] A1[0.26];0.28;0.51;0.24;0.88;0.69;0.41;0.68;0.68;0.3115;0.3081;1
174;174;Agent_3;orders came from the seed rule base (rules as-is);0;0;R7[0.04] R20[0.26] R26[0.34] A1[0.08] G2[0.08] G3[0.08];0.45;0.57;0.02;0.62;0.39;0.00;0.86;0.69;0.3115;0.3081;1
175;175;Agent_1;orders came from the seed rule base (rules as-is);0;0;R7[0.02] R20[0.61] R26[0.36] A1[0.69] G2[0.61] G3[0.32];0.36;0.51;0.01;0.89;0.64;0.00;0.81;0.69;0.3117;0.3083;1
175;175;Agent_2;orders came from the seed rule base (rules as-is);0;0;R7[0.17] R11[0.23] R15[0.23] R20[0.59] R26[0.66] A1[0.26];0.28;0.51;0.24;0.88;0.69;0.41;0.68;0.68;0.3117;0.3083;1
175;175;Agent_3;orders came from the seed rule base (rules as-is);0;0;R7[0.04] R20[0.26] R26[0.34] A1[0.08] G2[0.08] G3[0.08];0.45;0.57;0.02;0.62;0.39;0.00;0.86;0.69;0.3117;0.3083;1
176;176;Agent_1;orders came from the seed rule base (rules as-is);0;0;R7[0.02] R20[0.61] R26[0.36] A1[0.69] G2[0.61] G3[0.32];0.36;0.51;0.01;0.89;0.64;0.00;0.81;0.69;0.3157;0.3085;1
176;176;Agent_2;orders came from the seed rule base (rules as-is);0;0;R7[0.17] R11[0.23] R15[0.23] R20[0.59] R26[0.66] A1[0.26];0.28;0.51;0.24;0.88;0.69;0.41;0.68;0.68;0.3157;0.3085;1
176;176;Agent_3;orders came from the seed rule base (rules as-is);0;0;R7[0.04] R20[0.26] R26[0.34] A1[0.08] G2[0.08] G3[0.08];0.45;0.57;0.02;0.62;0.39;0.00;0.86;0.69;0.3157;0.3085;1
177;177;Agent_1;orders came from the seed rule base (rules as-is);0;0;R7[0.02] R20[0.61] R26[0.36] A1[0.69] G2[0.61] G3[0.32];0.36;0.51;0.01;0.89;0.64;0.00;0.81;0.69;0.3128;0.3087;1
177;177;Agent_2;orders came from the seed rule base (rules as-is);0;0;R7[0.17] R11[0.23] R15[0.23] R20[0.59] R26[0.66] A1[0.26];0.28;0.51;0.24;0.88;0.69;0.41;0.68;0.68;0.3128;0.3087;1
177;177;Agent_3;orders came from the seed rule base (rules as-is);0;0;R7[0.04] R20[0.26] R26[0.34] A1[0.08] G2[0.08] G3[0.08];0.45;0.57;0.02;0.62;0.38;0.00;0.86;0.69;0.3128;0.3087;1
178;178;Agent_1;orders came from the seed rule base (rules as-is);0;0;R7[0.02] R20[0.61] R26[0.36] A1[0.69] G2[0.61] G3[0.32];0.36;0.51;0.01;0.88;0.64;0.00;0.81;0.69;0.3135;0.3088;1
178;178;Agent_2;orders came from the seed rule base (rules as-is);0;0;R7[0.17] R11[0.23] R15[0.23] R20[0.59] R26[0.66] A1[0.26];0.28;0.51;0.24;0.88;0.69;0.41;0.68;0.68;0.3135;0.3088;1
178;178;Agent_3;orders came from the seed rule base (rules as-is);0;0;R7[0.04] R20[0.26] R26[0.34] A1[0.08] G2[0.08] G3[0.08];0.45;0.57;0.02;0.62;0.38;0.00;0.86;0.69;0.3135;0.3088;1
179;179;Agent_1;orders came from the seed rule base (rules as-is);0;0;R7[0.02] R20[0.61] R26[0.36] A1[0.69] G2[0.61] G3[0.32];0.36;0.51;0.01;0.88;0.64;0.00;0.81;0.69;0.3124;0.3090;1
179;179;Agent_2;orders came from the seed rule base (rules as-is);0;0;R7[0.17] R11[0.23] R15[0.23] R20[0.59] R26[0.66] A1[0.26];0.28;0.51;0.24;0.88;0.69;0.41;0.68;0.68;0.3124;0.3090;1
179;179;Agent_3;orders came from the seed rule base (rules as-is);0;0;R7[0.04] R20[0.26] R26[0.34] A1[0.08] G2[0.08] G3[0.08];0.45;0.57;0.02;0.62;0.38;0.00;0.86;0.69;0.3124;0.3090;1
180;180;Agent_1;orders came from the seed rule base (rules as-is);0;0;R7[0.02] R20[0.61] R26[0.36] A1[0.69] G2[0.61] G3[0.32];0.36;0.51;0.01;0.88;0.64;0.00;0.81;0.69;0.3146;0.3092;1
180;180;Agent_2;orders came from the seed rule base (rules as-is);0;0;R7[0.17] R11[0.23] R15[0.23] R20[0.59] R26[0.66] A1[0.26];0.28;0.51;0.24;0.88;0.69;0.41;0.68;0.68;0.3146;0.3092;1
180;180;Agent_3;orders came from the seed rule base (rules as-is);0;0;R7[0.04] R20[0.26] R26[0.34] A1[0.08] G2[0.08] G3[0.08];0.45;0.57;0.02;0.62;0.38;0.00;0.86;0.69;0.3146;0.3092;1
181;181;Agent_1;RL selected stage 1 [evFIS] (deficit bucket: mid) → rejected (no improving perturbation found | seed-base decision stands, its orders are applied);1;0;R7[0.02] R20[0.61] R26[0.36] A1[0.69] G2[0.61] G3[0.32];0.36;0.51;0.01;0.88;0.64;0.00;0.81;0.69;0.3128;0.3093;1
181;181;Agent_2;RL selected stage 1 [evFIS] (deficit bucket: mid) → rejected (no improving perturbation found | seed-base decision stands, its orders are applied);1;0;R7[0.17] R11[0.23] R15[0.23] R20[0.59] R26[0.66] A1[0.26];0.28;0.51;0.24;0.88;0.69;0.41;0.68;0.68;0.3128;0.3093;1
181;181;Agent_3;RL selected stage 1 [evFIS] (deficit bucket: mid) → rejected (no improving perturbation found | seed-base decision stands, its orders are applied);1;0;R7[0.04] R20[0.26] R26[0.34] A1[0.08] G2[0.08] G3[0.08];0.45;0.57;0.02;0.62;0.38;0.00;0.86;0.69;0.3128;0.3093;1
182;182;Agent_1;orders came from the seed rule base (rules as-is);0;0;R7[0.02] R20[0.61] R26[0.36] A1[0.69] G2[0.61] G3[0.32];0.36;0.51;0.01;0.88;0.64;0.00;0.81;0.69;0.3129;0.3095;1
182;182;Agent_2;orders came from the seed rule base (rules as-is);0;0;R7[0.17] R11[0.23] R15[0.23] R20[0.59] R26[0.66] A1[0.26];0.28;0.51;0.24;0.88;0.69;0.41;0.68;0.68;0.3129;0.3095;1
182;182;Agent_3;orders came from the seed rule base (rules as-is);0;0;R7[0.04] R20[0.26] R26[0.34] A1[0.08] G2[0.08] G3[0.08];0.45;0.57;0.02;0.62;0.38;0.00;0.86;0.69;0.3129;0.3095;1
183;183;Agent_1;orders came from the seed rule base (rules as-is);0;0;R7[0.02] R20[0.61] R26[0.36] A1[0.69] G2[0.61] G3[0.32];0.36;0.51;0.01;0.88;0.64;0.00;0.81;0.69;0.3134;0.3097;1
183;183;Agent_2;orders came from the seed rule base (rules as-is);0;0;R7[0.17] R11[0.23] R15[0.23] R20[0.59] R26[0.66] A1[0.26];0.28;0.51;0.24;0.88;0.69;0.41;0.68;0.68;0.3134;0.3097;1
183;183;Agent_3;orders came from the seed rule base (rules as-is);0;0;R7[0.04] R20[0.26] R26[0.34] A1[0.08] G2[0.08] G3[0.08];0.45;0.57;0.02;0.62;0.38;0.00;0.86;0.69;0.3134;0.3097;1
184;184;Agent_1;orders came from the seed rule base (rules as-is);0;0;R7[0.02] R20[0.61] R26[0.36] A1[0.69] G2[0.61] G3[0.32];0.36;0.51;0.01;0.88;0.64;0.00;0.81;0.69;0.3143;0.3098;1
184;184;Agent_2;orders came from the seed rule base (rules as-is);0;0;R7[0.17] R11[0.23] R15[0.23] R20[0.59] R26[0.66] A1[0.26];0.28;0.51;0.24;0.88;0.69;0.41;0.68;0.68;0.3143;0.3098;1
184;184;Agent_3;orders came from the seed rule base (rules as-is);0;0;R7[0.04] R20[0.26] R26[0.34] A1[0.08] G2[0.08] G3[0.08];0.45;0.57;0.02;0.62;0.38;0.00;0.86;0.69;0.3143;0.3098;1
185;185;Agent_1;orders came from the seed rule base (rules as-is);0;0;R7[0.02] R20[0.61] R26[0.36] A1[0.69] G2[0.61] G3[0.32];0.36;0.51;0.01;0.88;0.64;0.00;0.81;0.69;0.3139;0.3100;1
185;185;Agent_2;orders came from the seed rule base (rules as-is);0;0;R7[0.17] R11[0.23] R15[0.23] R20[0.59] R26[0.66] A1[0.26];0.28;0.51;0.24;0.88;0.69;0.41;0.68;0.68;0.3139;0.3100;1
185;185;Agent_3;orders came from the seed rule base (rules as-is);0;0;R7[0.04] R20[0.26] R26[0.34] A1[0.08] G2[0.08] G3[0.08];0.45;0.57;0.02;0.62;0.38;0.00;0.86;0.69;0.3139;0.3100;1
186;186;Agent_1;orders came from the seed rule base (rules as-is);0;0;R7[0.02] R20[0.61] R26[0.36] A1[0.69] G2[0.61] G3[0.32];0.36;0.51;0.01;0.88;0.64;0.00;0.81;0.69;0.3144;0.3102;1
186;186;Agent_2;orders came from the seed rule base (rules as-is);0;0;R7[0.17] R11[0.23] R15[0.23] R20[0.59] R26[0.66] A1[0.26];0.28;0.51;0.24;0.88;0.69;0.41;0.68;0.68;0.3144;0.3102;1
186;186;Agent_3;orders came from the seed rule base (rules as-is);0;0;R7[0.04] R20[0.26] R26[0.34] A1[0.08] G2[0.08] G3[0.08];0.45;0.57;0.02;0.62;0.37;0.00;0.86;0.69;0.3144;0.3102;1
0;0;Agent_1;orders came from the seed rule base (rules as-is);0;0;R7[0.02] R20[0.20] R26[0.02] A1[0.55] G2[0.25] G1[0.38];0.44;0.50;0.01;0.86;0.54;0.00;0.88;0.00;0.2955;0.2892;1
0;0;Agent_2;orders came from the seed rule base (rules as-is);0;0;R7[0.16] R11[0.23] R15[0.23] R20[0.19] R26[0.33] A1[0.16];0.31;0.55;0.23;0.88;0.69;0.41;0.64;0.00;0.2955;0.2892;1
0;0;Agent_3;orders came from the seed rule base (rules as-is);0;0;;0.00;0.00;0.00;0.00;0.00;0.00;0.68;0.00;0.2955;0.2892;1
187;187;Agent_1;RL selected stage 1 [evFIS] (deficit bucket: low) → rejected (no improving perturbation found | seed-base decision stands, its orders are applied);1;0;R7[0.02] R20[0.61] R26[0.36] A1[0.69] G2[0.61] G3[0.32];0.36;0.51;0.01;0.88;0.64;0.00;0.81;0.69;0.3165;0.3103;1
187;187;Agent_2;RL selected stage 1 [evFIS] (deficit bucket: low) → rejected (no improving perturbation found | seed-base decision stands, its orders are applied);1;0;R7[0.17] R11[0.23] R15[0.23] R20[0.59] R26[0.66] A1[0.26];0.28;0.51;0.24;0.88;0.69;0.41;0.68;0.68;0.3165;0.3103;1
187;187;Agent_3;RL selected stage 1 [evFIS] (deficit bucket: low) → rejected (no improving perturbation found | seed-base decision stands, its orders are applied);1;0;R7[0.04] R20[0.26] R26[0.34] A1[0.08] G2[0.08] G3[0.08];0.45;0.57;0.02;0.62;0.37;0.00;0.86;0.69;0.3165;0.3103;1
0;0;Agent_1;orders came from the seed rule base (rules as-is);0;0;R7[0.02] R20[0.20] R26[0.02] A1[0.55] G2[0.25] G1[0.38];0.44;0.50;0.01;0.86;0.54;0.00;0.88;0.00;0.2955;0.2892;1
0;0;Agent_2;orders came from the seed rule base (rules as-is);0;0;R7[0.16] R11[0.23] R15[0.23] R20[0.19] R26[0.33] A1[0.16];0.31;0.55;0.23;0.88;0.69;0.41;0.64;0.00;0.2955;0.2892;1
0;0;Agent_3;orders came from the seed rule base (rules as-is);0;0;;0.00;0.00;0.00;0.00;0.00;0.00;0.68;0.00;0.2955;0.2892;1
0;0;Agent_1;RL selected stage 1 [evFIS] (deficit bucket: low) → rejected (no improving perturbation found | seed-base decision stands, its orders are applied);1;0;R7[0.02] R20[0.20] R26[0.02] A1[0.55] G2[0.25] G1[0.38];0.44;0.50;0.01;0.86;0.54;0.00;0.88;0.00;0.2955;0.2892;1
0;0;Agent_2;RL selected stage 1 [evFIS] (deficit bucket: low) → rejected (no improving perturbation found | seed-base decision stands, its orders are applied);1;0;R7[0.16] R11[0.23] R15[0.23] R20[0.19] R26[0.33] A1[0.16];0.31;0.55;0.23;0.88;0.69;0.41;0.64;0.00;0.2955;0.2892;1
0;0;Agent_3;RL selected stage 1 [evFIS] (deficit bucket: low) → rejected (no improving perturbation found | seed-base decision stands, its orders are applied);1;0;;0.00;0.00;0.00;0.00;0.00;0.00;0.68;0.00;0.2955;0.2892;1
1;1;Agent_1;orders came from the seed rule base (rules as-is);0;0;R7[0.02] R20[0.21] R26[0.02] A1[0.61] G2[0.27] G1[0.40];0.46;0.50;0.01;0.86;0.53;0.00;0.92;0.70;0.2918;0.2906;1
1;1;Agent_2;orders came from the seed rule base (rules as-is);0;0;R7[0.17] R11[0.23] R15[0.23] R20[0.20] R26[0.35] A1[0.18];0.31;0.55;0.24;0.88;0.69;0.41;0.66;0.68;0.2918;0.2906;1
1;1;Agent_3;orders came from the seed rule base (rules as-is);0;0;;0.00;0.00;0.00;0.00;0.00;0.00;0.66;0.70;0.2918;0.2906;1
2;2;Agent_1;orders came from the seed rule base (rules as-is);0;0;R7[0.02] R20[0.33] R26[0.27] A1[0.68] G2[0.31] G1[0.11];0.38;0.53;0.01;0.88;0.61;0.00;0.89;0.70;0.2654;0.2907;1
2;2;Agent_2;orders came from the seed rule base (rules as-is);0;0;R7[0.17] R11[0.23] R15[0.23] R20[0.20] R26[0.35] A1[0.18];0.31;0.55;0.24;0.88;0.68;0.41;0.70;0.68;0.2654;0.2907;1
2;2;Agent_3;orders came from the seed rule base (rules as-is);0;0;R7[0.04] R20[0.12] R26[0.26] A1[0.08] G2[0.03] G1[0.08];0.38;0.47;0.02;0.70;0.17;0.00;0.83;0.70;0.2654;0.2907;1
3;3;Agent_1;orders came from the seed rule base (rules as-is);0;0;R7[0.02] R20[0.36] R26[0.33] A1[0.69] G2[0.31] G1[0.03];0.37;0.54;0.01;0.88;0.61;0.00;0.85;0.70;0.1749;0.2911;1
3;3;Agent_2;orders came from the seed rule base (rules as-is);0;0;R7[0.17] R11[0.23] R15[0.23] R20[0.20] R26[0.35] A1[0.18];0.31;0.55;0.24;0.88;0.68;0.41;0.71;0.68;0.1749;0.2911;1
3;3;Agent_3;orders came from the seed rule base (rules as-is);0;0;R7[0.04] R20[0.15] R26[0.32] A1[0.08] G2[0.04] G1[0.03];0.43;0.54;0.02;0.62;0.17;0.00;0.85;0.70;0.1749;0.2911;1
4;4;Agent_1;orders came from the seed rule base (rules as-is);0;0;R7[0.02] R20[0.37] R26[0.35] A1[0.69] G2[0.31] G3[0.38];0.37;0.54;0.01;0.88;0.61;0.00;0.85;0.70;0.1777;0.2914;1
4;4;Agent_2;orders came from the seed rule base (rules as-is);0;0;R7[0.17] R11[0.23] R15[0.23] R20[0.20] R26[0.35] A1[0.18];0.31;0.55;0.24;0.88;0.68;0.41;0.71;0.68;0.1777;0.2914;1
4;4;Agent_3;orders came from the seed rule base (rules as-is);0;0;R7[0.04] R20[0.16] R26[0.34] A1[0.08] G2[0.04] G3[0.08];0.45;0.56;0.02;0.59;0.17;0.00;0.86;0.70;0.1777;0.2914;1
5;5;Agent_1;orders came from the seed rule base (rules as-is);0;0;R7[0.02] R20[0.37] R26[0.36] A1[0.69] G2[0.31] G3[0.38];0.37;0.54;0.01;0.88;0.61;0.00;0.85;0.70;0.1820;0.2918;1
5;5;Agent_2;orders came from the seed rule base (rules as-is);0;0;R7[0.17] R11[0.23] R15[0.23] R20[0.20] R26[0.35] A1[0.18];0.31;0.55;0.24;0.88;0.68;0.41;0.71;0.68;0.1820;0.2918;1
5;5;Agent_3;orders came from the seed rule base (rules as-is);0;0;R7[0.04] R20[0.17] R26[0.35] A1[0.08] G2[0.04] G3[0.08];0.45;0.57;0.02;0.58;0.17;0.00;0.86;0.70;0.1820;0.2918;1
6;6;Agent_1;orders came from the seed rule base (rules as-is);0;0;R7[0.02] R20[0.37] R26[0.36] A1[0.68] G2[0.31] G3[0.38];0.37;0.54;0.01;0.88;0.61;0.00;0.85;0.70;0.1926;0.2920;1
6;6;Agent_2;orders came from the seed rule base (rules as-is);0;0;R7[0.17] R11[0.23] R15[0.23] R20[0.20] R26[0.35] A1[0.18];0.31;0.55;0.24;0.88;0.68;0.41;0.71;0.68;0.1926;0.2920;1
6;6;Agent_3;orders came from the seed rule base (rules as-is);0;0;R7[0.04] R20[0.17] R26[0.35] A1[0.08] G2[0.04] G3[0.08];0.45;0.57;0.02;0.58;0.17;0.00;0.86;0.70;0.1926;0.2920;1
7;7;Agent_1;orders came from the seed rule base (rules as-is);0;0;R7[0.02] R20[0.37] R26[0.36] A1[0.68] G2[0.31] G3[0.38];0.37;0.54;0.01;0.88;0.61;0.00;0.85;0.70;0.2010;0.2923;1
7;7;Agent_2;orders came from the seed rule base (rules as-is);0;0;R7[0.17] R11[0.23] R15[0.23] R20[0.20] R26[0.35] A1[0.18];0.31;0.55;0.24;0.88;0.68;0.41;0.71;0.68;0.2010;0.2923;1
7;7;Agent_3;orders came from the seed rule base (rules as-is);0;0;R7[0.04] R20[0.17] R26[0.35] A1[0.08] G2[0.04] G3[0.08];0.45;0.57;0.02;0.58;0.17;0.00;0.86;0.70;0.2010;0.2923;1
8;8;Agent_1;orders came from the seed rule base (rules as-is);0;0;R7[0.02] R20[0.37] R26[0.36] A1[0.68] G2[0.31] G3[0.38];0.37;0.54;0.01;0.88;0.61;0.00;0.85;0.70;0.1637;0.2919;1
8;8;Agent_2;orders came from the seed rule base (rules as-is);0;0;R7[0.17] R11[0.23] R15[0.23] R20[0.20] R26[0.35] A1[0.18];0.31;0.55;0.24;0.88;0.68;0.41;0.71;0.68;0.1637;0.2919;1
8;8;Agent_3;orders came from the seed rule base (rules as-is);0;0;R7[0.04] R20[0.17] R26[0.35] A1[0.08] G2[0.04] G3[0.08];0.45;0.57;0.02;0.58;0.17;0.00;0.86;0.70;0.1637;0.2919;1
9;9;Agent_1;orders came from the seed rule base (rules as-is);0;0;R7[0.02] R20[0.37] R26[0.36] A1[0.68] G2[0.31] G3[0.38];0.37;0.54;0.01;0.88;0.61;0.00;0.85;0.70;0.1710;0.2919;1
9;9;Agent_2;orders came from the seed rule base (rules as-is);0;0;R7[0.17] R11[0.23] R15[0.23] R20[0.20] R26[0.35] A1[0.18];0.31;0.55;0.24;0.88;0.68;0.41;0.71;0.68;0.1710;0.2919;1
9;9;Agent_3;orders came from the seed rule base (rules as-is);0;0;R7[0.04] R20[0.17] R26[0.35] A1[0.08] G2[0.04] G3[0.08];0.45;0.57;0.02;0.58;0.17;0.00;0.86;0.70;0.1710;0.2919;1
10;10;Agent_1;RL selected stage 1 [evFIS] (deficit bucket: mid) → rejected (no improving perturbation found | seed-base decision stands, its orders are applied);1;0;R7[0.02] R20[0.37] R26[0.35] A1[0.68] G2[0.31] G3[0.38];0.37;0.54;0.01;0.88;0.61;0.00;0.85;0.70;0.1760;0.2920;1
10;10;Agent_2;RL selected stage 1 [evFIS] (deficit bucket: mid) → rejected (no improving perturbation found | seed-base decision stands, its orders are applied);1;0;R7[0.17] R11[0.23] R15[0.23] R20[0.20] R26[0.35] A1[0.18];0.31;0.55;0.24;0.88;0.68;0.41;0.71;0.68;0.1760;0.2920;1
10;10;Agent_3;RL selected stage 1 [evFIS] (deficit bucket: mid) → rejected (no improving perturbation found | seed-base decision stands, its orders are applied);1;0;R7[0.04] R20[0.17] R26[0.35] A1[0.08] G2[0.04] G3[0.08];0.45;0.57;0.02;0.58;0.17;0.00;0.86;0.70;0.1760;0.2920;1
11;11;Agent_1;orders came from the seed rule base (rules as-is);0;0;R7[0.02] R20[0.37] R26[0.35] A1[0.68] G2[0.31] G3[0.38];0.37;0.54;0.01;0.88;0.61;0.00;0.85;0.70;0.0879;0.2922;1
11;11;Agent_2;orders came from the seed rule base (rules as-is);0;0;R7[0.17] R11[0.23] R15[0.23] R20[0.20] R26[0.35] A1[0.18];0.31;0.55;0.24;0.88;0.68;0.41;0.71;0.68;0.0879;0.2922;1
11;11;Agent_3;orders came from the seed rule base (rules as-is);0;0;R7[0.04] R20[0.17] R26[0.35] A1[0.08] G2[0.04] G3[0.08];0.45;0.57;0.02;0.58;0.17;0.00;0.86;0.70;0.0879;0.2922;1
12;12;Agent_1;orders came from the seed rule base (rules as-is);0;0;R7[0.02] R20[0.37] R26[0.35] A1[0.68] G2[0.31] G3[0.38];0.37;0.54;0.01;0.88;0.61;0.00;0.85;0.70;0.0886;0.2921;1
12;12;Agent_2;orders came from the seed rule base (rules as-is);0;0;R7[0.17] R11[0.23] R15[0.23] R20[0.20] R26[0.35] A1[0.18];0.31;0.55;0.24;0.88;0.68;0.41;0.71;0.68;0.0886;0.2921;1
12;12;Agent_3;orders came from the seed rule base (rules as-is);0;0;R7[0.04] R20[0.17] R26[0.35] A1[0.08] G2[0.04] G3[0.08];0.45;0.57;0.02;0.58;0.17;0.00;0.86;0.70;0.0886;0.2921;1
13;13;Agent_1;orders came from the seed rule base (rules as-is);0;0;R7[0.02] R20[0.37] R26[0.35] A1[0.68] G2[0.31] G3[0.38];0.37;0.54;0.01;0.88;0.61;0.00;0.85;0.70;0.0933;0.2925;1
13;13;Agent_2;orders came from the seed rule base (rules as-is);0;0;R7[0.17] R11[0.23] R15[0.23] R20[0.20] R26[0.35] A1[0.18];0.31;0.55;0.24;0.88;0.68;0.41;0.71;0.68;0.0933;0.2925;1
13;13;Agent_3;orders came from the seed rule base (rules as-is);0;0;R7[0.04] R20[0.17] R26[0.35] A1[0.08] G2[0.04] G3[0.08];0.45;0.57;0.02;0.58;0.17;0.00;0.86;0.70;0.0933;0.2925;1
14;14;Agent_1;orders came from the seed rule base (rules as-is);0;0;R7[0.02] R20[0.37] R26[0.35] A1[0.68] G2[0.31] G3[0.38];0.37;0.55;0.01;0.89;0.61;0.00;0.85;0.70;0.0894;0.2924;1
14;14;Agent_2;orders came from the seed rule base (rules as-is);0;0;R7[0.17] R11[0.23] R15[0.23] R20[0.20] R26[0.35] A1[0.18];0.31;0.55;0.24;0.88;0.68;0.41;0.71;0.68;0.0894;0.2924;1
14;14;Agent_3;orders came from the seed rule base (rules as-is);0;0;R7[0.04] R20[0.17] R26[0.35] A1[0.08] G2[0.04] G3[0.08];0.45;0.57;0.02;0.58;0.17;0.00;0.85;0.70;0.0894;0.2924;1
15;15;Agent_1;orders came from the seed rule base (rules as-is);0;0;R7[0.02] R20[0.37] R26[0.35] A1[0.68] G2[0.31] G3[0.38];0.37;0.55;0.01;0.89;0.61;0.00;0.85;0.70;0.0921;0.2925;1
15;15;Agent_2;orders came from the seed rule base (rules as-is);0;0;R7[0.17] R11[0.23] R15[0.23] R20[0.20] R26[0.35] A1[0.18];0.31;0.55;0.24;0.88;0.68;0.41;0.71;0.68;0.0921;0.2925;1
15;15;Agent_3;orders came from the seed rule base (rules as-is);0;0;R7[0.04] R20[0.17] R26[0.35] A1[0.08] G2[0.04] G3[0.08];0.45;0.57;0.02;0.58;0.17;0.00;0.85;0.70;0.0921;0.2925;1
16;16;Agent_1;orders came from the seed rule base (rules as-is);0;0;R7[0.02] R20[0.37] R26[0.35] A1[0.68] G2[0.31] G3[0.38];0.37;0.55;0.01;0.89;0.61;0.00;0.85;0.70;0.0941;0.2922;1
16;16;Agent_2;orders came from the seed rule base (rules as-is);0;0;R7[0.17] R11[0.23] R15[0.23] R20[0.20] R26[0.35] A1[0.18];0.31;0.55;0.24;0.88;0.68;0.41;0.71;0.68;0.0941;0.2922;1
16;16;Agent_3;orders came from the seed rule base (rules as-is);0;0;R7[0.04] R20[0.17] R26[0.35] A1[0.08] G2[0.04] G3[0.08];0.45;0.57;0.02;0.58;0.17;0.00;0.85;0.70;0.0941;0.2922;1
17;17;Agent_1;orders came from the seed rule base (rules as-is);0;0;R7[0.02] R20[0.37] R26[0.35] A1[0.68] G2[0.31] G3[0.38];0.37;0.55;0.01;0.89;0.61;0.00;0.85;0.70;0.0981;0.2926;1
17;17;Agent_2;orders came from the seed rule base (rules as-is);0;0;R7[0.17] R11[0.23] R15[0.23] R20[0.20] R26[0.35] A1[0.18];0.31;0.55;0.24;0.88;0.68;0.41;0.71;0.68;0.0981;0.2926;1
17;17;Agent_3;orders came from the seed rule base (rules as-is);0;0;R7[0.04] R20[0.17] R26[0.35] A1[0.08] G2[0.04] G3[0.08];0.45;0.57;0.02;0.58;0.17;0.00;0.85;0.70;0.0981;0.2926;1
18;18;Agent_1;orders came from the seed rule base (rules as-is);0;0;R7[0.02] R20[0.37] R26[0.35] A1[0.68] G2[0.31] G3[0.38];0.37;0.55;0.01;0.89;0.61;0.00;0.85;0.70;0.0922;0.2923;1
18;18;Agent_2;orders came from the seed rule base (rules as-is);0;0;R7[0.17] R11[0.23] R15[0.23] R20[0.20] R26[0.35] A1[0.18];0.31;0.55;0.24;0.88;0.68;0.41;0.71;0.68;0.0922;0.2923;1
18;18;Agent_3;orders came from the seed rule base (rules as-is);0;0;R7[0.04] R20[0.17] R26[0.35] A1[0.08] G2[0.04] G3[0.08];0.45;0.57;0.02;0.58;0.17;0.00;0.85;0.70;0.0922;0.2923;1
19;19;Agent_1;orders came from the seed rule base (rules as-is);0;0;R7[0.02] R20[0.37] R26[0.35] A1[0.68] G2[0.31] G3[0.38];0.37;0.55;0.01;0.89;0.61;0.00;0.85;0.70;0.0909;0.2928;1
19;19;Agent_2;orders came from the seed rule base (rules as-is);0;0;R7[0.17] R11[0.23] R15[0.23] R20[0.20] R26[0.35] A1[0.18];0.31;0.55;0.24;0.88;0.68;0.41;0.71;0.68;0.0909;0.2928;1
19;19;Agent_3;orders came from the seed rule base (rules as-is);0;0;R7[0.04] R20[0.17] R26[0.35] A1[0.08] G2[0.04] G3[0.08];0.45;0.57;0.02;0.58;0.17;0.00;0.85;0.69;0.0909;0.2928;1
20;20;Agent_1;RL selected stage 1 [evFIS] (deficit bucket: mid) → rejected (no improving perturbation found | seed-base decision stands, its orders are applied);1;0;R7[0.02] R20[0.37] R26[0.35] A1[0.68] G2[0.31] G3[0.38];0.37;0.55;0.01;0.89;0.61;0.00;0.85;0.70;0.0962;0.2927;1
20;20;Agent_2;RL selected stage 1 [evFIS] (deficit bucket: mid) → rejected (no improving perturbation found | seed-base decision stands, its orders are applied);1;0;R7[0.17] R11[0.23] R15[0.23] R20[0.20] R26[0.35] A1[0.18];0.31;0.55;0.24;0.88;0.68;0.41;0.71;0.68;0.0962;0.2927;1
20;20;Agent_3;RL selected stage 1 [evFIS] (deficit bucket: mid) → rejected (no improving perturbation found | seed-base decision stands, its orders are applied);1;0;R7[0.04] R20[0.17] R26[0.35] A1[0.08] G2[0.04] G3[0.08];0.45;0.57;0.02;0.58;0.17;0.00;0.85;0.69;0.0962;0.2927;1
21;21;Agent_1;orders came from the seed rule base (rules as-is);0;0;R7[0.02] R20[0.37] R26[0.35] A1[0.68] G2[0.31] G3[0.38];0.37;0.55;0.01;0.89;0.61;0.00;0.85;0.70;0.0910;0.2927;1
21;21;Agent_2;orders came from the seed rule base (rules as-is);0;0;R7[0.17] R11[0.23] R15[0.23] R20[0.20] R26[0.35] A1[0.18];0.31;0.55;0.24;0.88;0.68;0.41;0.71;0.68;0.0910;0.2927;1
21;21;Agent_3;orders came from the seed rule base (rules as-is);0;0;R7[0.04] R20[0.17] R26[0.35] A1[0.08] G2[0.04] G3[0.08];0.45;0.57;0.02;0.58;0.17;0.00;0.85;0.69;0.0910;0.2927;1
22;22;Agent_1;orders came from the seed rule base (rules as-is);0;0;R7[0.02] R20[0.37] R26[0.35] A1[0.68] G2[0.31] G3[0.38];0.37;0.55;0.01;0.89;0.61;0.00;0.85;0.70;0.1015;0.2927;1
22;22;Agent_2;orders came from the seed rule base (rules as-is);0;0;R7[0.17] R11[0.23] R15[0.23] R20[0.20] R26[0.35] A1[0.18];0.31;0.55;0.24;0.88;0.68;0.41;0.71;0.68;0.1015;0.2927;1
22;22;Agent_3;orders came from the seed rule base (rules as-is);0;0;R7[0.04] R20[0.17] R26[0.35] A1[0.08] G2[0.04] G3[0.08];0.45;0.57;0.02;0.58;0.17;0.00;0.85;0.69;0.1015;0.2927;1
23;23;Agent_1;orders came from the seed rule base (rules as-is);0;0;R7[0.02] R20[0.37] R26[0.35] A1[0.68] G2[0.31] G3[0.38];0.37;0.55;0.01;0.89;0.61;0.00;0.85;0.70;0.1933;0.2920;1
23;23;Agent_2;orders came from the seed rule base (rules as-is);0;0;R7[0.17] R11[0.23] R15[0.23] R20[0.20] R26[0.35] A1[0.18];0.31;0.55;0.24;0.88;0.68;0.41;0.71;0.68;0.1933;0.2920;1
23;23;Agent_3;orders came from the seed rule base (rules as-is);0;0;R7[0.04] R20[0.17] R26[0.35] A1[0.08] G2[0.04] G3[0.08];0.45;0.57;0.02;0.58;0.17;0.00;0.85;0.69;0.1933;0.2920;1
24;24;Agent_1;orders came from the seed rule base (rules as-is);0;0;R7[0.02] R20[0.37] R26[0.35] A1[0.68] G2[0.31] G3[0.38];0.37;0.55;0.01;0.89;0.61;0.00;0.85;0.70;0.1558;0.2929;1
24;24;Agent_2;orders came from the seed rule base (rules as-is);0;0;R7[0.17] R11[0.23] R15[0.23] R20[0.20] R26[0.35] A1[0.18];0.31;0.55;0.24;0.88;0.68;0.41;0.71;0.68;0.1558;0.2929;1
24;24;Agent_3;orders came from the seed rule base (rules as-is);0;0;R7[0.04] R20[0.17] R26[0.35] A1[0.08] G2[0.04] G3[0.08];0.45;0.57;0.02;0.58;0.17;0.00;0.85;0.69;0.1558;0.2929;1
25;25;Agent_1;orders came from the seed rule base (rules as-is);0;0;R7[0.02] R20[0.37] R26[0.34] A1[0.68] G2[0.31] G3[0.38];0.37;0.55;0.01;0.89;0.61;0.00;0.85;0.70;0.0945;0.2927;1
25;25;Agent_2;orders came from the seed rule base (rules as-is);0;0;R7[0.17] R11[0.23] R15[0.23] R20[0.20] R26[0.35] A1[0.18];0.31;0.55;0.24;0.88;0.68;0.41;0.71;0.68;0.0945;0.2927;1
25;25;Agent_3;orders came from the seed rule base (rules as-is);0;0;R7[0.04] R20[0.17] R26[0.35] A1[0.08] G2[0.04] G3[0.08];0.45;0.57;0.02;0.58;0.17;0.00;0.85;0.69;0.0945;0.2927;1
26;26;Agent_1;orders came from the seed rule base (rules as-is);0;0;R7[0.02] R20[0.37] R26[0.34] A1[0.68] G2[0.31] G3[0.38];0.37;0.55;0.01;0.89;0.61;0.00;0.85;0.70;0.1176;0.2926;1
26;26;Agent_2;orders came from the seed rule base (rules as-is);0;0;R7[0.17] R11[0.23] R15[0.23] R20[0.20] R26[0.35] A1[0.18];0.31;0.55;0.24;0.88;0.68;0.41;0.71;0.68;0.1176;0.2926;1
26;26;Agent_3;orders came from the seed rule base (rules as-is);0;0;R7[0.04] R20[0.17] R26[0.35] A1[0.08] G2[0.04] G3[0.08];0.45;0.57;0.02;0.58;0.17;0.00;0.85;0.69;0.1176;0.2926;1
27;27;Agent_1;orders came from the seed rule base (rules as-is);0;0;R7[0.02] R20[0.37] R26[0.34] A1[0.68] G2[0.31] G3[0.38];0.37;0.55;0.01;0.89;0.61;0.00;0.85;0.70;0.1176;0.2926;1
27;27;Agent_2;orders came from the seed rule base (rules as-is);0;0;R7[0.17] R11[0.23] R15[0.23] R20[0.20] R26[0.35] A1[0.18];0.31;0.55;0.24;0.88;0.68;0.41;0.71;0.68;0.1176;0.2926;1
27;27;Agent_3;orders came from the seed rule base (rules as-is);0;0;R7[0.04] R20[0.17] R26[0.35] A1[0.08] G2[0.04] G3[0.08];0.45;0.57;0.02;0.58;0.17;0.00;0.85;0.69;0.1176;0.2926;1
28;28;Agent_1;orders came from the seed rule base (rules as-is);0;0;R7[0.02] R20[0.37] R26[0.34] A1[0.68] G2[0.31] G3[0.37];0.37;0.55;0.01;0.89;0.61;0.00;0.85;0.70;0.2660;0.2921;1
28;28;Agent_2;orders came from the seed rule base (rules as-is);0;0;R7[0.17] R11[0.23] R15[0.23] R20[0.20] R26[0.35] A1[0.18];0.31;0.55;0.24;0.88;0.68;0.41;0.71;0.68;0.2660;0.2921;1
28;28;Agent_3;orders came from the seed rule base (rules as-is);0;0;R7[0.04] R20[0.17] R26[0.35] A1[0.08] G2[0.04] G3[0.08];0.45;0.57;0.02;0.58;0.17;0.00;0.85;0.69;0.2660;0.2921;1
28;28;Agent_1;orders came from the seed rule base (rules as-is);0;0;R7[0.02] R20[0.37] R26[0.34] A1[0.68] G2[0.31] G3[0.37];0.37;0.55;0.01;0.89;0.61;0.00;0.85;0.70;0.2660;0.2921;1
28;28;Agent_2;orders came from the seed rule base (rules as-is);0;0;R7[0.17] R11[0.23] R15[0.23] R20[0.20] R26[0.35] A1[0.18];0.31;0.55;0.24;0.88;0.68;0.41;0.71;0.68;0.2660;0.2921;1
28;28;Agent_3;orders came from the seed rule base (rules as-is);0;0;R7[0.04] R20[0.17] R26[0.35] A1[0.08] G2[0.04] G3[0.08];0.45;0.57;0.02;0.58;0.17;0.00;0.85;0.69;0.2660;0.2921;1
28;28;Agent_1;orders came from the seed rule base (rules as-is);0;0;R7[0.02] R20[0.37] R26[0.34] A1[0.68] G2[0.31] G3[0.37];0.37;0.55;0.01;0.89;0.61;0.00;0.85;0.70;0.2660;0.2921;1
28;28;Agent_2;orders came from the seed rule base (rules as-is);0;0;R7[0.17] R11[0.23] R15[0.23] R20[0.20] R26[0.35] A1[0.18];0.31;0.55;0.24;0.88;0.68;0.41;0.71;0.68;0.2660;0.2921;1
28;28;Agent_3;orders came from the seed rule base (rules as-is);0;0;R7[0.04] R20[0.17] R26[0.35] A1[0.08] G2[0.04] G3[0.08];0.45;0.57;0.02;0.58;0.17;0.00;0.85;0.69;0.2660;0.2921;1
29;29;Agent_1;orders came from the seed rule base (rules as-is);0;0;R7[0.02] R20[0.37] R26[0.34] A1[0.68] G2[0.31] G3[0.37];0.37;0.55;0.01;0.89;0.61;0.00;0.85;0.70;0.2273;0.2920;1
29;29;Agent_2;orders came from the seed rule base (rules as-is);0;0;R7[0.17] R11[0.23] R15[0.23] R20[0.20] R26[0.35] A1[0.18];0.31;0.55;0.24;0.88;0.68;0.41;0.71;0.68;0.2273;0.2920;1
29;29;Agent_3;orders came from the seed rule base (rules as-is);0;0;R7[0.04] R20[0.17] R26[0.35] A1[0.08] G2[0.04] G3[0.08];0.45;0.57;0.02;0.58;0.17;0.00;0.85;0.69;0.2273;0.2920;1
30;30;Agent_1;RL selected stage 1 [evFIS] (deficit bucket: mid) → rejected (no improving perturbation found | seed-base decision stands, its orders are applied);1;0;R7[0.02] R20[0.37] R26[0.34] A1[0.68] G2[0.31] G3[0.37];0.37;0.55;0.01;0.89;0.61;0.00;0.85;0.70;0.2748;0.2929;1
30;30;Agent_2;RL selected stage 1 [evFIS] (deficit bucket: mid) → rejected (no improving perturbation found | seed-base decision stands, its orders are applied);1;0;R7[0.17] R11[0.23] R15[0.23] R20[0.20] R26[0.35] A1[0.18];0.31;0.55;0.24;0.88;0.68;0.41;0.71;0.68;0.2748;0.2929;1
30;30;Agent_3;RL selected stage 1 [evFIS] (deficit bucket: mid) → rejected (no improving perturbation found | seed-base decision stands, its orders are applied);1;0;R7[0.04] R20[0.17] R26[0.35] A1[0.08] G2[0.04] G3[0.08];0.45;0.57;0.02;0.58;0.17;0.00;0.85;0.69;0.2748;0.2929;1
31;31;Agent_1;orders came from the seed rule base (rules as-is);0;0;R7[0.02] R20[0.37] R26[0.34] A1[0.68] G2[0.31] G3[0.37];0.37;0.55;0.01;0.89;0.61;0.00;0.85;0.70;0.2791;0.2915;1
31;31;Agent_2;orders came from the seed rule base (rules as-is);0;0;R7[0.17] R11[0.23] R15[0.23] R20[0.20] R26[0.35] A1[0.18];0.31;0.55;0.24;0.88;0.68;0.41;0.71;0.68;0.2791;0.2915;1
31;31;Agent_3;orders came from the seed rule base (rules as-is);0;0;R7[0.04] R20[0.17] R26[0.35] A1[0.08] G2[0.04] G3[0.08];0.45;0.56;0.02;0.58;0.17;0.00;0.85;0.69;0.2791;0.2915;1
32;32;Agent_1;orders came from the seed rule base (rules as-is);0;0;R7[0.02] R20[0.37] R26[0.34] A1[0.68] G2[0.31] G3[0.37];0.37;0.55;0.01;0.89;0.61;0.00;0.85;0.70;0.1082;0.2920;1
32;32;Agent_2;orders came from the seed rule base (rules as-is);0;0;R7[0.17] R11[0.23] R15[0.23] R20[0.20] R26[0.35] A1[0.18];0.31;0.55;0.24;0.88;0.68;0.41;0.71;0.68;0.1082;0.2920;1
32;32;Agent_3;orders came from the seed rule base (rules as-is);0;0;R7[0.04] R20[0.17] R26[0.35] A1[0.08] G2[0.04] G3[0.08];0.45;0.56;0.02;0.58;0.17;0.00;0.85;0.69;0.1082;0.2920;1
33;33;Agent_1;orders came from the seed rule base (rules as-is);0;0;R7[0.02] R20[0.37] R26[0.34] A1[0.68] G2[0.31] G3[0.37];0.37;0.55;0.01;0.89;0.61;0.00;0.85;0.70;0.2811;0.2915;1
33;33;Agent_2;orders came from the seed rule base (rules as-is);0;0;R7[0.17] R11[0.23] R15[0.23] R20[0.20] R26[0.35] A1[0.18];0.31;0.55;0.24;0.88;0.68;0.41;0.71;0.68;0.2811;0.2915;1
33;33;Agent_3;orders came from the seed rule base (rules as-is);0;0;R7[0.04] R20[0.17] R26[0.35] A1[0.08] G2[0.04] G3[0.08];0.45;0.56;0.02;0.58;0.17;0.00;0.85;0.69;0.2811;0.2915;1
34;34;Agent_1;orders came from the seed rule base (rules as-is);0;0;R7[0.02] R20[0.37] R26[0.34] A1[0.68] G2[0.31] G3[0.37];0.37;0.55;0.01;0.89;0.61;0.00;0.85;0.70;0.1155;0.2917;1
34;34;Agent_2;orders came from the seed rule base (rules as-is);0;0;R7[0.17] R11[0.23] R15[0.23] R20[0.20] R26[0.35] A1[0.18];0.31;0.55;0.24;0.88;0.68;0.41;0.71;0.68;0.1155;0.2917;1
34;34;Agent_3;orders came from the seed rule base (rules as-is);0;0;R7[0.04] R20[0.17] R26[0.35] A1[0.08] G2[0.04] G3[0.08];0.45;0.56;0.02;0.58;0.17;0.00;0.85;0.69;0.1155;0.2917;1
35;35;Agent_1;orders came from the seed rule base (rules as-is);0;0;R7[0.02] R20[0.37] R26[0.34] A1[0.68] G2[0.31] G3[0.37];0.37;0.55;0.01;0.89;0.61;0.00;0.85;0.70;0.1185;0.2911;1
35;35;Agent_2;orders came from the seed rule base (rules as-is);0;0;R7[0.17] R11[0.23] R15[0.23] R20[0.20] R26[0.35] A1[0.18];0.31;0.55;0.24;0.88;0.68;0.41;0.71;0.68;0.1185;0.2911;1
35;35;Agent_3;orders came from the seed rule base (rules as-is);0;0;R7[0.04] R20[0.17] R26[0.35] A1[0.08] G2[0.04] G3[0.08];0.45;0.56;0.02;0.58;0.17;0.00;0.85;0.69;0.1185;0.2911;1
36;36;Agent_1;orders came from the seed rule base (rules as-is);0;0;R7[0.02] R20[0.37] R26[0.34] A1[0.68] G2[0.31] G3[0.37];0.37;0.55;0.01;0.89;0.61;0.00;0.85;0.69;0.1120;0.2908;1
36;36;Agent_2;orders came from the seed rule base (rules as-is);0;0;R7[0.17] R11[0.23] R15[0.23] R20[0.20] R26[0.35] A1[0.18];0.31;0.55;0.24;0.88;0.68;0.41;0.71;0.68;0.1120;0.2908;1
36;36;Agent_3;orders came from the seed rule base (rules as-is);0;0;R7[0.04] R20[0.17] R26[0.35] A1[0.08] G2[0.04] G3[0.08];0.45;0.56;0.02;0.58;0.17;0.00;0.85;0.69;0.1120;0.2908;1
37;37;Agent_1;orders came from the seed rule base (rules as-is);0;0;R7[0.02] R20[0.37] R26[0.34] A1[0.68] G2[0.31] G3[0.37];0.37;0.55;0.01;0.89;0.61;0.00;0.85;0.69;0.1156;0.2905;1
37;37;Agent_2;orders came from the seed rule base (rules as-is);0;0;R7[0.17] R11[0.23] R15[0.23] R20[0.20] R26[0.35] A1[0.18];0.31;0.55;0.24;0.88;0.68;0.41;0.71;0.68;0.1156;0.2905;1
37;37;Agent_3;orders came from the seed rule base (rules as-is);0;0;R7[0.04] R20[0.17] R26[0.35] A1[0.08] G2[0.04] G3[0.08];0.45;0.56;0.02;0.58;0.17;0.00;0.85;0.69;0.1156;0.2905;1
38;38;Agent_1;orders came from the seed rule base (rules as-is);0;0;R7[0.02] R20[0.37] R26[0.34] A1[0.68] G2[0.31] G3[0.37];0.37;0.55;0.01;0.89;0.61;0.00;0.85;0.69;0.1198;0.2904;1
38;38;Agent_2;orders came from the seed rule base (rules as-is);0;0;R7[0.17] R11[0.23] R15[0.23] R20[0.20] R26[0.35] A1[0.18];0.31;0.55;0.24;0.88;0.68;0.41;0.71;0.68;0.1198;0.2904;1
38;38;Agent_3;orders came from the seed rule base (rules as-is);0;0;R7[0.04] R20[0.17] R26[0.35] A1[0.08] G2[0.04] G3[0.08];0.45;0.56;0.02;0.58;0.17;0.00;0.85;0.69;0.1198;0.2904;1
39;39;Agent_1;orders came from the seed rule base (rules as-is);0;0;R7[0.02] R20[0.37] R26[0.34] A1[0.68] G2[0.31] G3[0.37];0.37;0.55;0.01;0.89;0.61;0.00;0.85;0.69;0.1210;0.2907;1
39;39;Agent_2;orders came from the seed rule base (rules as-is);0;0;R7[0.17] R11[0.23] R15[0.23] R20[0.20] R26[0.35] A1[0.18];0.31;0.55;0.24;0.88;0.68;0.41;0.71;0.68;0.1210;0.2907;1
39;39;Agent_3;orders came from the seed rule base (rules as-is);0;0;R7[0.04] R20[0.17] R26[0.35] A1[0.08] G2[0.04] G3[0.08];0.45;0.56;0.02;0.58;0.17;0.00;0.85;0.69;0.1210;0.2907;1
40;40;Agent_1;orders came from the seed rule base (rules as-is);0;0;R7[0.02] R20[0.37] R26[0.34] A1[0.68] G2[0.31] G3[0.37];0.37;0.55;0.01;0.89;0.61;0.00;0.85;0.69;0.1284;0.2903;1
40;40;Agent_2;orders came from the seed rule base (rules as-is);0;0;R7[0.17] R11[0.23] R15[0.23] R20[0.20] R26[0.35] A1[0.18];0.31;0.55;0.24;0.88;0.68;0.41;0.71;0.68;0.1284;0.2903;1
40;40;Agent_3;orders came from the seed rule base (rules as-is);0;0;R7[0.04] R20[0.17] R26[0.35] A1[0.08] G2[0.04] G3[0.08];0.45;0.56;0.02;0.58;0.17;0.00;0.85;0.69;0.1284;0.2903;1
41;41;Agent_1;RL selected stage 1 [evFIS] (deficit bucket: mid) → rejected (no improving perturbation found | seed-base decision stands, its orders are applied);1;0;R7[0.02] R20[0.37] R26[0.34] A1[0.68] G2[0.31] G3[0.37];0.37;0.55;0.01;0.89;0.61;0.00;0.85;0.69;0.1937;0.2898;1
41;41;Agent_2;RL selected stage 1 [evFIS] (deficit bucket: mid) → rejected (no improving perturbation found | seed-base decision stands, its orders are applied);1;0;R7[0.17] R11[0.23] R15[0.23] R20[0.20] R26[0.35] A1[0.18];0.31;0.55;0.24;0.88;0.68;0.41;0.71;0.68;0.1937;0.2898;1
41;41;Agent_3;RL selected stage 1 [evFIS] (deficit bucket: mid) → rejected (no improving perturbation found | seed-base decision stands, its orders are applied);1;0;R7[0.04] R20[0.17] R26[0.35] A1[0.08] G2[0.04] G3[0.08];0.45;0.56;0.02;0.58;0.17;0.00;0.85;0.69;0.1937;0.2898;1
42;42;Agent_1;orders came from the seed rule base (rules as-is);0;0;R7[0.02] R20[0.37] R26[0.34] A1[0.68] G2[0.31] G3[0.37];0.37;0.55;0.01;0.89;0.61;0.00;0.85;0.69;0.1334;0.2889;1
42;42;Agent_2;orders came from the seed rule base (rules as-is);0;0;R7[0.17] R11[0.23] R15[0.23] R20[0.20] R26[0.35] A1[0.18];0.31;0.55;0.24;0.88;0.68;0.41;0.71;0.68;0.1334;0.2889;1
42;42;Agent_3;orders came from the seed rule base (rules as-is);0;0;R7[0.04] R20[0.17] R26[0.35] A1[0.08] G2[0.04] G3[0.08];0.45;0.56;0.02;0.58;0.17;0.00;0.85;0.69;0.1334;0.2889;1
43;43;Agent_1;orders came from the seed rule base (rules as-is);0;0;R7[0.02] R20[0.37] R26[0.34] A1[0.68] G2[0.31] G3[0.36];0.37;0.55;0.01;0.89;0.61;0.00;0.85;0.69;0.1584;0.2869;1
43;43;Agent_2;orders came from the seed rule base (rules as-is);0;0;R7[0.17] R11[0.23] R15[0.23] R20[0.20] R26[0.35] A1[0.18];0.31;0.55;0.24;0.88;0.68;0.41;0.71;0.68;0.1584;0.2869;1
43;43;Agent_3;orders came from the seed rule base (rules as-is);0;0;R7[0.04] R20[0.17] R26[0.35] A1[0.08] G2[0.04] G3[0.08];0.45;0.56;0.02;0.58;0.17;0.00;0.85;0.69;0.1584;0.2869;1
44;44;Agent_1;orders came from the seed rule base (rules as-is);0;0;R7[0.02] R20[0.37] R26[0.34] A1[0.68] G2[0.31] G3[0.36];0.37;0.55;0.01;0.89;0.61;0.00;0.85;0.69;0.1270;0.2883;1
44;44;Agent_2;orders came from the seed rule base (rules as-is);0;0;R7[0.17] R11[0.23] R15[0.23] R20[0.20] R26[0.35] A1[0.18];0.31;0.55;0.24;0.88;0.68;0.41;0.71;0.68;0.1270;0.2883;1
44;44;Agent_3;orders came from the seed rule base (rules as-is);0;0;R7[0.04] R20[0.17] R26[0.35] A1[0.08] G2[0.04] G3[0.08];0.45;0.56;0.02;0.58;0.17;0.00;0.85;0.69;0.1270;0.2883;1
45;45;Agent_1;orders came from the seed rule base (rules as-is);0;0;R7[0.02] R20[0.37] R26[0.34] A1[0.68] G2[0.31] G3[0.36];0.37;0.55;0.01;0.89;0.61;0.00;0.85;0.69;0.1977;0.2875;1
45;45;Agent_2;orders came from the seed rule base (rules as-is);0;0;R7[0.17] R11[0.23] R15[0.23] R20[0.20] R26[0.35] A1[0.18];0.31;0.55;0.24;0.88;0.68;0.41;0.71;0.68;0.1977;0.2875;1
45;45;Agent_3;orders came from the seed rule base (rules as-is);0;0;R7[0.04] R20[0.17] R26[0.35] A1[0.08] G2[0.04] G3[0.08];0.45;0.56;0.02;0.58;0.17;0.00;0.85;0.69;0.1977;0.2875;1
46;46;Agent_1;orders came from the seed rule base (rules as-is);0;0;R7[0.02] R20[0.37] R26[0.34] A1[0.68] G2[0.31] G3[0.36];0.37;0.55;0.01;0.89;0.61;0.00;0.85;0.69;0.1581;0.2839;1
46;46;Agent_2;orders came from the seed rule base (rules as-is);0;0;R7[0.17] R11[0.23] R15[0.23] R20[0.20] R26[0.35] A1[0.18];0.31;0.55;0.24;0.88;0.68;0.41;0.71;0.68;0.1581;0.2839;1
46;46;Agent_3;orders came from the seed rule base (rules as-is);0;0;R7[0.04] R20[0.17] R26[0.35] A1[0.08] G2[0.04] G3[0.08];0.45;0.56;0.02;0.58;0.17;0.00;0.85;0.69;0.1581;0.2839;1
47;47;Agent_1;orders came from the seed rule base (rules as-is);0;0;R7[0.02] R20[0.37] R26[0.34] A1[0.68] G2[0.31] G3[0.36];0.37;0.55;0.01;0.89;0.61;0.00;0.85;0.69;0.1613;0.2817;1
47;47;Agent_2;orders came from the seed rule base (rules as-is);0;0;R7[0.17] R11[0.23] R15[0.23] R20[0.20] R26[0.35] A1[0.18];0.31;0.55;0.24;0.88;0.68;0.41;0.71;0.68;0.1613;0.2817;1
47;47;Agent_3;orders came from the seed rule base (rules as-is);0;0;R7[0.04] R20[0.17] R26[0.35] A1[0.08] G2[0.04] G3[0.08];0.45;0.56;0.02;0.58;0.17;0.00;0.85;0.69;0.1613;0.2817;1
48;48;Agent_1;orders came from the seed rule base (rules as-is);0;0;R7[0.02] R20[0.37] R26[0.34] A1[0.68] G2[0.31] G3[0.36];0.37;0.55;0.01;0.89;0.61;0.00;0.85;0.69;0.1641;0.2924;1
48;48;Agent_2;orders came from the seed rule base (rules as-is);0;0;R7[0.17] R11[0.23] R15[0.23] R20[0.20] R26[0.35] A1[0.18];0.31;0.55;0.24;0.88;0.68;0.41;0.71;0.68;0.1641;0.2924;1
48;48;Agent_3;orders came from the seed rule base (rules as-is);0;0;R7[0.04] R20[0.17] R26[0.35] A1[0.08] G2[0.04] G3[0.08];0.45;0.56;0.02;0.58;0.17;0.00;0.85;0.69;0.1641;0.2924;1
49;49;Agent_1;orders came from the seed rule base (rules as-is);0;0;R7[0.02] R20[0.37] R26[0.34] A1[0.68] G2[0.31] G3[0.36];0.37;0.55;0.01;0.89;0.61;0.00;0.85;0.69;0.1255;0.2850;1
49;49;Agent_2;orders came from the seed rule base (rules as-is);0;0;R7[0.17] R11[0.23] R15[0.23] R20[0.20] R26[0.35] A1[0.18];0.31;0.55;0.24;0.88;0.68;0.41;0.71;0.68;0.1255;0.2850;1
49;49;Agent_3;orders came from the seed rule base (rules as-is);0;0;R7[0.04] R20[0.17] R26[0.35] A1[0.08] G2[0.04] G3[0.08];0.45;0.56;0.02;0.58;0.17;0.00;0.85;0.69;0.1255;0.2850;1
50;50;Agent_1;orders came from the seed rule base (rules as-is);0;0;R7[0.02] R20[0.37] R26[0.34] A1[0.68] G2[0.31] G3[0.36];0.37;0.55;0.01;0.89;0.61;0.00;0.85;0.69;0.1180;0.2790;1
50;50;Agent_2;orders came from the seed rule base (rules as-is);0;0;R7[0.17] R11[0.23] R15[0.23] R20[0.20] R26[0.35] A1[0.18];0.31;0.55;0.24;0.88;0.68;0.41;0.71;0.68;0.1180;0.2790;1
50;50;Agent_3;orders came from the seed rule base (rules as-is);0;0;R7[0.04] R20[0.17] R26[0.35] A1[0.08] G2[0.04] G3[0.08];0.45;0.56;0.02;0.58;0.17;0.00;0.85;0.69;0.1180;0.2790;1
51;51;Agent_1;orders came from the seed rule base (rules as-is);0;0;R7[0.02] R20[0.37] R26[0.34] A1[0.68] G2[0.31] G3[0.36];0.37;0.55;0.01;0.89;0.61;0.00;0.85;0.69;0.1365;0.2745;1
51;51;Agent_2;orders came from the seed rule base (rules as-is);0;0;R7[0.17] R11[0.23] R15[0.23] R20[0.20] R26[0.35] A1[0.18];0.31;0.55;0.24;0.88;0.68;0.41;0.71;0.68;0.1365;0.2745;1
51;51;Agent_3;orders came from the seed rule base (rules as-is);0;0;R7[0.04] R20[0.17] R26[0.35] A1[0.08] G2[0.04] G3[0.08];0.45;0.56;0.02;0.58;0.17;0.00;0.85;0.69;0.1365;0.2745;1
52;52;Agent_1;orders came from the seed rule base (rules as-is);0;0;R7[0.02] R20[0.37] R26[0.34] A1[0.68] G2[0.31] G3[0.36];0.37;0.55;0.01;0.89;0.61;0.00;0.85;0.69;0.1479;0.2750;1
52;52;Agent_2;orders came from the seed rule base (rules as-is);0;0;R7[0.17] R11[0.23] R15[0.23] R20[0.20] R26[0.35] A1[0.18];0.31;0.55;0.24;0.88;0.68;0.41;0.71;0.68;0.1479;0.2750;1
52;52;Agent_3;orders came from the seed rule base (rules as-is);0;0;R7[0.04] R20[0.17] R26[0.35] A1[0.08] G2[0.04] G3[0.08];0.45;0.56;0.02;0.58;0.17;0.00;0.85;0.69;0.1479;0.2750;1
53;53;Agent_1;RL selected stage 1 [evFIS] (deficit bucket: mid) → rejected (no improving perturbation found | seed-base decision stands, its orders are applied);1;0;R7[0.02] R20[0.37] R26[0.34] A1[0.68] G2[0.31] G3[0.36];0.37;0.55;0.01;0.89;0.61;0.00;0.85;0.69;0.1603;0.2934;1
53;53;Agent_2;RL selected stage 1 [evFIS] (deficit bucket: mid) → rejected (no improving perturbation found | seed-base decision stands, its orders are applied);1;0;R7[0.17] R11[0.23] R15[0.23] R20[0.20] R26[0.35] A1[0.18];0.31;0.55;0.24;0.88;0.68;0.41;0.71;0.68;0.1603;0.2934;1
53;53;Agent_3;RL selected stage 1 [evFIS] (deficit bucket: mid) → rejected (no improving perturbation found | seed-base decision stands, its orders are applied);1;0;R7[0.04] R20[0.17] R26[0.35] A1[0.08] G2[0.04] G3[0.08];0.45;0.56;0.02;0.58;0.17;0.00;0.85;0.69;0.1603;0.2934;1
54;54;Agent_1;orders came from the seed rule base (rules as-is);0;0;R7[0.02] R20[0.37] R26[0.34] A1[0.68] G2[0.31] G3[0.36];0.37;0.55;0.01;0.89;0.61;0.00;0.85;0.69;0.1409;0.2852;1
54;54;Agent_2;orders came from the seed rule base (rules as-is);0;0;R7[0.17] R11[0.23] R15[0.23] R20[0.20] R26[0.35] A1[0.18];0.31;0.55;0.24;0.88;0.68;0.41;0.71;0.68;0.1409;0.2852;1
54;54;Agent_3;orders came from the seed rule base (rules as-is);0;0;R7[0.04] R20[0.17] R26[0.35] A1[0.08] G2[0.04] G3[0.08];0.45;0.56;0.02;0.58;0.17;0.00;0.85;0.69;0.1409;0.2852;1
55;55;Agent_1;orders came from the seed rule base (rules as-is);0;0;R7[0.02] R20[0.37] R26[0.34] A1[0.68] G2[0.31] G3[0.36];0.37;0.55;0.01;0.89;0.61;0.00;0.85;0.69;0.1455;0.2831;1
55;55;Agent_2;orders came from the seed rule base (rules as-is);0;0;R7[0.17] R11[0.23] R15[0.23] R20[0.20] R26[0.35] A1[0.18];0.31;0.55;0.24;0.88;0.68;0.41;0.71;0.68;0.1455;0.2831;1
55;55;Agent_3;orders came from the seed rule base (rules as-is);0;0;R7[0.04] R20[0.17] R26[0.35] A1[0.08] G2[0.04] G3[0.08];0.45;0.56;0.02;0.58;0.17;0.00;0.85;0.69;0.1455;0.2831;1
56;56;Agent_1;orders came from the seed rule base (rules as-is);0;0;R7[0.02] R20[0.37] R26[0.34] A1[0.68] G2[0.31] G3[0.36];0.37;0.55;0.01;0.89;0.61;0.00;0.85;0.69;0.1189;0.2750;1
56;56;Agent_2;orders came from the seed rule base (rules as-is);0;0;R7[0.17] R11[0.23] R15[0.23] R20[0.20] R26[0.35] A1[0.18];0.31;0.55;0.24;0.88;0.68;0.41;0.71;0.68;0.1189;0.2750;1
56;56;Agent_3;orders came from the seed rule base (rules as-is);0;0;R7[0.04] R20[0.17] R26[0.35] A1[0.08] G2[0.04] G3[0.08];0.45;0.56;0.02;0.58;0.17;0.00;0.85;0.69;0.1189;0.2750;1
57;57;Agent_1;orders came from the seed rule base (rules as-is);0;0;R7[0.02] R20[0.37] R26[0.34] A1[0.68] G2[0.31] G3[0.36];0.37;0.55;0.01;0.89;0.61;0.00;0.85;0.69;0.1373;0.2759;1
57;57;Agent_2;orders came from the seed rule base (rules as-is);0;0;R7[0.17] R11[0.23] R15[0.23] R20[0.20] R26[0.35] A1[0.18];0.31;0.55;0.24;0.88;0.68;0.41;0.71;0.68;0.1373;0.2759;1
57;57;Agent_3;orders came from the seed rule base (rules as-is);0;0;R7[0.04] R20[0.17] R26[0.35] A1[0.08] G2[0.04] G3[0.08];0.45;0.56;0.02;0.58;0.17;0.00;0.85;0.69;0.1373;0.2759;1
58;58;Agent_1;orders came from the seed rule base (rules as-is);0;0;R7[0.02] R20[0.37] R26[0.34] A1[0.68] G2[0.31] G3[0.36];0.37;0.55;0.01;0.89;0.61;0.00;0.85;0.69;0.1421;0.2911;1
58;58;Agent_2;orders came from the seed rule base (rules as-is);0;0;R7[0.17] R11[0.23] R15[0.23] R20[0.20] R26[0.35] A1[0.18];0.31;0.55;0.24;0.88;0.68;0.41;0.71;0.68;0.1421;0.2911;1
58;58;Agent_3;orders came from the seed rule base (rules as-is);0;0;R7[0.04] R20[0.17] R26[0.35] A1[0.08] G2[0.04] G3[0.08];0.45;0.56;0.02;0.58;0.17;0.00;0.85;0.69;0.1421;0.2911;1
59;59;Agent_1;orders came from the seed rule base (rules as-is);0;0;R7[0.02] R20[0.37] R26[0.34] A1[0.68] G2[0.31] G3[0.36];0.37;0.55;0.01;0.89;0.61;0.00;0.85;0.69;0.1446;0.2923;1
59;59;Agent_2;orders came from the seed rule base (rules as-is);0;0;R7[0.17] R11[0.23] R15[0.23] R20[0.20] R26[0.35] A1[0.18];0.31;0.55;0.24;0.88;0.68;0.41;0.71;0.68;0.1446;0.2923;1
59;59;Agent_3;orders came from the seed rule base (rules as-is);0;0;R7[0.04] R20[0.17] R26[0.35] A1[0.08] G2[0.04] G3[0.08];0.45;0.56;0.02;0.58;0.17;0.00;0.85;0.69;0.1446;0.2923;1
60;60;Agent_1;orders came from the seed rule base (rules as-is);0;0;R7[0.02] R20[0.37] R26[0.34] A1[0.68] G2[0.31] G3[0.35];0.37;0.55;0.01;0.89;0.61;0.00;0.85;0.69;0.1615;0.2756;1
60;60;Agent_2;orders came from the seed rule base (rules as-is);0;0;R7[0.17] R11[0.23] R15[0.23] R20[0.20] R26[0.35] A1[0.18];0.31;0.55;0.24;0.88;0.68;0.41;0.71;0.68;0.1615;0.2756;1
60;60;Agent_3;orders came from the seed rule base (rules as-is);0;0;R7[0.04] R20[0.17] R26[0.35] A1[0.08] G2[0.04] G3[0.08];0.45;0.56;0.02;0.58;0.17;0.00;0.85;0.69;0.1615;0.2756;1
61;61;Agent_1;orders came from the seed rule base (rules as-is);0;0;R7[0.02] R20[0.37] R26[0.34] A1[0.68] G2[0.31] G3[0.35];0.37;0.55;0.01;0.89;0.61;0.00;0.85;0.69;0.1592;0.2941;1
61;61;Agent_2;orders came from the seed rule base (rules as-is);0;0;R7[0.17] R11[0.23] R15[0.23] R20[0.20] R26[0.35] A1[0.18];0.31;0.55;0.24;0.88;0.68;0.41;0.71;0.68;0.1592;0.2941;1
61;61;Agent_3;orders came from the seed rule base (rules as-is);0;0;R7[0.04] R20[0.17] R26[0.35] A1[0.08] G2[0.04] G3[0.08];0.45;0.56;0.02;0.58;0.17;0.00;0.85;0.69;0.1592;0.2941;1
62;62;Agent_1;orders came from the seed rule base (rules as-is);0;0;R7[0.02] R20[0.37] R26[0.34] A1[0.68] G2[0.31] G3[0.35];0.37;0.55;0.01;0.89;0.61;0.00;0.85;0.69;0.1620;0.2749;1
62;62;Agent_2;orders came from the seed rule base (rules as-is);0;0;R7[0.17] R11[0.23] R15[0.23] R20[0.20] R26[0.35] A1[0.18];0.31;0.55;0.24;0.88;0.68;0.41;0.71;0.68;0.1620;0.2749;1
62;62;Agent_3;orders came from the seed rule base (rules as-is);0;0;R7[0.04] R20[0.16] R26[0.35] A1[0.08] G2[0.04] G3[0.08];0.45;0.56;0.02;0.58;0.17;0.00;0.85;0.69;0.1620;0.2749;1
63;63;Agent_1;RL selected stage 1 [evFIS] (deficit bucket: mid) → rejected (no improving perturbation found | seed-base decision stands, its orders are applied);1;0;R7[0.02] R20[0.37] R26[0.34] A1[0.68] G2[0.31] G3[0.35];0.37;0.55;0.01;0.89;0.61;0.00;0.85;0.69;0.1283;0.2799;1
63;63;Agent_2;RL selected stage 1 [evFIS] (deficit bucket: mid) → rejected (no improving perturbation found | seed-base decision stands, its orders are applied);1;0;R7[0.17] R11[0.23] R15[0.23] R20[0.20] R26[0.35] A1[0.18];0.31;0.55;0.24;0.88;0.68;0.41;0.71;0.68;0.1283;0.2799;1
63;63;Agent_3;RL selected stage 1 [evFIS] (deficit bucket: mid) → rejected (no improving perturbation found | seed-base decision stands, its orders are applied);1;0;R7[0.04] R20[0.16] R26[0.35] A1[0.08] G2[0.04] G3[0.08];0.45;0.56;0.02;0.58;0.17;0.00;0.85;0.69;0.1283;0.2799;1
64;64;Agent_1;orders came from the seed rule base (rules as-is);0;0;R7[0.02] R20[0.37] R26[0.34] A1[0.68] G2[0.31] G3[0.35];0.37;0.55;0.01;0.89;0.61;0.00;0.85;0.69;0.2889;0.2779;1
64;64;Agent_2;orders came from the seed rule base (rules as-is);0;0;R7[0.17] R11[0.23] R15[0.23] R20[0.20] R26[0.35] A1[0.18];0.31;0.55;0.24;0.88;0.68;0.41;0.71;0.68;0.2889;0.2779;1
64;64;Agent_3;orders came from the seed rule base (rules as-is);0;0;R7[0.04] R20[0.16] R26[0.35] A1[0.08] G2[0.04] G3[0.08];0.45;0.56;0.02;0.58;0.17;0.00;0.85;0.69;0.2889;0.2779;1
65;65;Agent_1;orders came from the seed rule base (rules as-is);0;0;R7[0.02] R20[0.37] R26[0.34] A1[0.68] G2[0.31] G3[0.35];0.37;0.55;0.01;0.89;0.61;0.00;0.85;0.69;0.2950;0.2912;1
65;65;Agent_2;orders came from the seed rule base (rules as-is);0;0;R7[0.17] R11[0.23] R15[0.23] R20[0.20] R26[0.35] A1[0.18];0.31;0.55;0.24;0.88;0.68;0.41;0.71;0.68;0.2950;0.2912;1
65;65;Agent_3;orders came from the seed rule base (rules as-is);0;0;R7[0.04] R20[0.16] R26[0.34] A1[0.08] G2[0.04] G3[0.08];0.45;0.56;0.02;0.58;0.17;0.00;0.85;0.69;0.2950;0.2912;1
66;66;Agent_1;orders came from the seed rule base (rules as-is);0;0;R7[0.02] R20[0.37] R26[0.34] A1[0.68] G2[0.31] G3[0.35];0.37;0.55;0.01;0.89;0.61;0.00;0.85;0.69;0.2989;0.2949;1
66;66;Agent_2;orders came from the seed rule base (rules as-is);0;0;R7[0.17] R11[0.23] R15[0.23] R20[0.20] R26[0.35] A1[0.18];0.31;0.55;0.24;0.88;0.68;0.41;0.71;0.68;0.2989;0.2949;1
66;66;Agent_3;orders came from the seed rule base (rules as-is);0;0;R7[0.04] R20[0.16] R26[0.34] A1[0.08] G2[0.04] G3[0.08];0.45;0.56;0.02;0.58;0.17;0.00;0.85;0.69;0.2989;0.2949;1
67;67;Agent_1;orders came from the seed rule base (rules as-is);0;0;R7[0.02] R20[0.37] R26[0.34] A1[0.68] G2[0.31] G3[0.35];0.37;0.55;0.01;0.89;0.61;0.00;0.85;0.69;0.2991;0.2950;1
67;67;Agent_2;orders came from the seed rule base (rules as-is);0;0;R7[0.17] R11[0.23] R15[0.23] R20[0.20] R26[0.35] A1[0.18];0.31;0.55;0.24;0.88;0.68;0.41;0.71;0.68;0.2991;0.2950;1
67;67;Agent_3;orders came from the seed rule base (rules as-is);0;0;R7[0.04] R20[0.16] R26[0.34] A1[0.08] G2[0.04] G3[0.08];0.45;0.56;0.02;0.58;0.17;0.00;0.85;0.69;0.2991;0.2950;1
68;68;Agent_1;orders came from the seed rule base (rules as-is);0;0;R7[0.02] R20[0.37] R26[0.34] A1[0.68] G2[0.31] G3[0.35];0.37;0.55;0.01;0.89;0.61;0.00;0.85;0.69;0.2998;0.2953;1
68;68;Agent_2;orders came from the seed rule base (rules as-is);0;0;R7[0.17] R11[0.23] R15[0.23] R20[0.20] R26[0.35] A1[0.18];0.31;0.56;0.24;0.88;0.68;0.41;0.72;0.68;0.2998;0.2953;1
68;68;Agent_3;orders came from the seed rule base (rules as-is);0;0;R7[0.04] R20[0.16] R26[0.34] A1[0.08] G2[0.04] G3[0.08];0.45;0.56;0.02;0.58;0.17;0.00;0.85;0.69;0.2998;0.2953;1
69;69;Agent_1;orders came from the seed rule base (rules as-is);0;0;R7[0.02] R20[0.37] R26[0.34] A1[0.68] G2[0.31] G3[0.35];0.37;0.55;0.01;0.89;0.61;0.00;0.85;0.69;0.3007;0.2955;1
69;69;Agent_2;orders came from the seed rule base (rules as-is);0;0;R7[0.17] R11[0.23] R15[0.23] R20[0.20] R26[0.35] A1[0.18];0.31;0.56;0.24;0.88;0.68;0.41;0.72;0.68;0.3007;0.2955;1
69;69;Agent_3;orders came from the seed rule base (rules as-is);0;0;R7[0.04] R20[0.16] R26[0.34] A1[0.08] G2[0.04] G3[0.08];0.45;0.56;0.02;0.58;0.17;0.00;0.85;0.69;0.3007;0.2955;1
70;70;Agent_1;orders came from the seed rule base (rules as-is);0;0;R7[0.02] R20[0.37] R26[0.34] A1[0.68] G2[0.31] G3[0.35];0.37;0.55;0.01;0.89;0.61;0.00;0.85;0.69;0.3010;0.2956;1
70;70;Agent_2;orders came from the seed rule base (rules as-is);0;0;R7[0.17] R11[0.23] R15[0.23] R20[0.21] R26[0.36] A1[0.19];0.31;0.55;0.24;0.88;0.68;0.41;0.73;0.68;0.3010;0.2956;1
70;70;Agent_3;orders came from the seed rule base (rules as-is);0;0;R7[0.04] R20[0.16] R26[0.34] A1[0.08] G2[0.04] G3[0.08];0.45;0.56;0.02;0.58;0.17;0.00;0.85;0.69;0.3010;0.2956;1
71;71;Agent_1;orders came from the seed rule base (rules as-is);0;0;R7[0.02] R20[0.37] R26[0.34] A1[0.68] G2[0.31] G3[0.35];0.37;0.55;0.01;0.89;0.61;0.00;0.85;0.69;0.3022;0.2957;1
71;71;Agent_2;orders came from the seed rule base (rules as-is);0;0;R7[0.17] R11[0.23] R15[0.23] R20[0.21] R26[0.36] A1[0.20];0.30;0.55;0.24;0.88;0.68;0.41;0.73;0.68;0.3022;0.2957;1
71;71;Agent_3;orders came from the seed rule base (rules as-is);0;0;R7[0.04] R20[0.16] R26[0.34] A1[0.08] G2[0.04] G3[0.08];0.45;0.56;0.02;0.58;0.17;0.00;0.85;0.69;0.3022;0.2957;1
72;72;Agent_1;orders came from the seed rule base (rules as-is);0;0;R7[0.02] R20[0.37] R26[0.34] A1[0.68] G2[0.31] G3[0.35];0.37;0.55;0.01;0.89;0.61;0.00;0.85;0.69;0.3029;0.2960;1
72;72;Agent_2;orders came from the seed rule base (rules as-is);0;0;R7[0.17] R11[0.23] R15[0.23] R20[0.22] R26[0.37] A1[0.21];0.30;0.55;0.24;0.88;0.68;0.41;0.74;0.68;0.3029;0.2960;1
72;72;Agent_3;orders came from the seed rule base (rules as-is);0;0;R7[0.04] R20[0.16] R26[0.34] A1[0.08] G2[0.04] G3[0.08];0.45;0.56;0.02;0.58;0.17;0.00;0.84;0.69;0.3029;0.2960;1
73;73;Agent_1;RL selected stage 1 [evFIS] (deficit bucket: mid) → rejected (no improving perturbation found | seed-base decision stands, its orders are applied);1;0;R7[0.02] R20[0.37] R26[0.34] A1[0.68] G2[0.31] G3[0.35];0.37;0.55;0.01;0.89;0.61;0.00;0.85;0.69;0.3025;0.2960;1
73;73;Agent_2;RL selected stage 1 [evFIS] (deficit bucket: mid) → rejected (no improving perturbation found | seed-base decision stands, its orders are applied);1;0;R7[0.17] R11[0.23] R15[0.23] R20[0.23] R26[0.38] A1[0.22];0.30;0.55;0.24;0.88;0.67;0.41;0.74;0.68;0.3025;0.2960;1
73;73;Agent_3;RL selected stage 1 [evFIS] (deficit bucket: mid) → rejected (no improving perturbation found | seed-base decision stands, its orders are applied);1;0;R7[0.04] R20[0.16] R26[0.34] A1[0.08] G2[0.04] G3[0.08];0.45;0.56;0.02;0.58;0.17;0.00;0.84;0.69;0.3025;0.2960;1
74;74;Agent_1;orders came from the seed rule base (rules as-is);0;0;R7[0.02] R20[0.37] R26[0.34] A1[0.68] G2[0.31] G3[0.34];0.37;0.55;0.01;0.89;0.61;0.00;0.85;0.69;0.3027;0.2961;1
74;74;Agent_2;orders came from the seed rule base (rules as-is);0;0;R7[0.17] R11[0.23] R15[0.23] R20[0.23] R26[0.39] A1[0.23];0.30;0.54;0.24;0.88;0.67;0.41;0.75;0.68;0.3027;0.2961;1
74;74;Agent_3;orders came from the seed rule base (rules as-is);0;0;R7[0.04] R20[0.16] R26[0.34] A1[0.08] G2[0.04] G3[0.08];0.45;0.56;0.02;0.58;0.17;0.00;0.84;0.69;0.3027;0.2961;1
75;75;Agent_1;orders came from the seed rule base (rules as-is);0;0;R7[0.02] R20[0.37] R26[0.34] A1[0.68] G2[0.31] G3[0.34];0.37;0.55;0.01;0.89;0.61;0.00;0.85;0.69;0.3029;0.2962;1
75;75;Agent_2;orders came from the seed rule base (rules as-is);0;0;R7[0.17] R11[0.23] R15[0.23] R20[0.24] R26[0.40] A1[0.25];0.30;0.54;0.24;0.87;0.67;0.41;0.75;0.68;0.3029;0.2962;1
75;75;Agent_3;orders came from the seed rule base (rules as-is);0;0;R7[0.04] R20[0.17] R26[0.34] A1[0.08] G2[0.04] G3[0.08];0.45;0.56;0.02;0.58;0.18;0.00;0.84;0.69;0.3029;0.2962;1
76;76;Agent_1;orders came from the seed rule base (rules as-is);0;0;R7[0.02] R20[0.37] R26[0.34] A1[0.68] G2[0.31] G3[0.34];0.37;0.55;0.01;0.89;0.61;0.00;0.85;0.69;0.3018;0.2963;1
76;76;Agent_2;orders came from the seed rule base (rules as-is);0;0;R7[0.17] R11[0.23] R15[0.23] R20[0.25] R26[0.41] A1[0.26];0.30;0.54;0.24;0.87;0.67;0.41;0.76;0.68;0.3018;0.2963;1
76;76;Agent_3;orders came from the seed rule base (rules as-is);0;0;R7[0.04] R20[0.18] R26[0.34] A1[0.08] G2[0.06] G3[0.08];0.45;0.58;0.02;0.60;0.22;0.00;0.85;0.69;0.3018;0.2963;1
77;77;Agent_1;orders came from the seed rule base (rules as-is);0;0;R7[0.02] R20[0.37] R26[0.34] A1[0.68] G2[0.31] G3[0.34];0.38;0.55;0.01;0.89;0.61;0.00;0.85;0.69;0.3009;0.2964;1
77;77;Agent_2;orders came from the seed rule base (rules as-is);0;0;R7[0.17] R11[0.23] R15[0.23] R20[0.25] R26[0.41] A1[0.26];0.30;0.54;0.24;0.87;0.67;0.41;0.76;0.68;0.3009;0.2964;1
77;77;Agent_3;orders came from the seed rule base (rules as-is);0;0;R7[0.04] R20[0.19] R26[0.34] A1[0.08] G2[0.07] G3[0.08];0.45;0.59;0.02;0.61;0.25;0.00;0.85;0.69;0.3009;0.2964;1
78;78;Agent_1;orders came from the seed rule base (rules as-is);0;0;R7[0.02] R20[0.37] R26[0.34] A1[0.68] G2[0.31] G3[0.33];0.38;0.55;0.01;0.89;0.61;0.00;0.85;0.69;0.3024;0.2965;1
78;78;Agent_2;orders came from the seed rule base (rules as-is);0;0;R7[0.17] R11[0.23] R15[0.23] R20[0.25] R26[0.41] A1[0.26];0.30;0.54;0.24;0.87;0.67;0.41;0.75;0.68;0.3024;0.2965;1
78;78;Agent_3;orders came from the seed rule base (rules as-is);0;0;R7[0.04] R20[0.20] R26[0.34] A1[0.08] G2[0.08] G3[0.08];0.45;0.60;0.02;0.62;0.27;0.00;0.85;0.69;0.3024;0.2965;1
79;79;Agent_1;orders came from the seed rule base (rules as-is);0;0;R7[0.02] R20[0.37] R26[0.34] A1[0.68] G2[0.31] G3[0.33];0.38;0.55;0.01;0.89;0.61;0.00;0.85;0.69;0.3030;0.2966;1
79;79;Agent_2;orders came from the seed rule base (rules as-is);0;0;R7[0.17] R11[0.23] R15[0.23] R20[0.25] R26[0.41] A1[0.26];0.30;0.54;0.24;0.87;0.67;0.41;0.75;0.68;0.3030;0.2966;1
79;79;Agent_3;orders came from the seed rule base (rules as-is);0;0;R7[0.04] R20[0.20] R26[0.34] A1[0.08] G2[0.08] G3[0.08];0.45;0.61;0.02;0.62;0.28;0.00;0.86;0.69;0.3030;0.2966;1
80;80;Agent_1;orders came from the seed rule base (rules as-is);0;0;R7[0.02] R20[0.37] R26[0.34] A1[0.68] G2[0.32] G3[0.33];0.37;0.55;0.01;0.89;0.61;0.00;0.85;0.69;0.3031;0.2966;1
80;80;Agent_2;orders came from the seed rule base (rules as-is);0;0;R7[0.17] R11[0.23] R15[0.23] R20[0.25] R26[0.41] A1[0.26];0.30;0.54;0.24;0.87;0.67;0.41;0.75;0.68;0.3031;0.2966;1
80;80;Agent_3;orders came from the seed rule base (rules as-is);0;0;R7[0.04] R20[0.21] R26[0.34] A1[0.08] G2[0.08] G3[0.08];0.45;0.60;0.02;0.62;0.29;0.00;0.86;0.69;0.3031;0.2966;1
81;81;Agent_1;orders came from the seed rule base (rules as-is);0;0;R7[0.02] R20[0.39] R26[0.34] A1[0.68] G2[0.34] G3[0.32];0.37;0.55;0.01;0.89;0.61;0.00;0.84;0.69;0.3025;0.2967;1
81;81;Agent_2;orders came from the seed rule base (rules as-is);0;0;R7[0.17] R11[0.23] R15[0.23] R20[0.25] R26[0.41] A1[0.26];0.30;0.54;0.24;0.87;0.67;0.41;0.76;0.68;0.3025;0.2967;1
81;81;Agent_3;orders came from the seed rule base (rules as-is);0;0;R7[0.04] R20[0.21] R26[0.34] A1[0.08] G2[0.08] G3[0.08];0.45;0.60;0.02;0.62;0.30;0.00;0.86;0.69;0.3025;0.2967;1
82;82;Agent_1;orders came from the seed rule base (rules as-is);0;0;R7[0.02] R20[0.40] R26[0.34] A1[0.68] G2[0.36] G3[0.31];0.37;0.54;0.01;0.89;0.62;0.00;0.84;0.69;0.3025;0.2968;1
82;82;Agent_2;orders came from the seed rule base (rules as-is);0;0;R7[0.17] R11[0.23] R15[0.23] R20[0.25] R26[0.41] A1[0.25];0.30;0.54;0.24;0.87;0.67;0.41;0.76;0.68;0.3025;0.2968;1
82;82;Agent_3;orders came from the seed rule base (rules as-is);0;0;R7[0.04] R20[0.22] R26[0.34] A1[0.08] G2[0.08] G3[0.08];0.45;0.60;0.02;0.62;0.30;0.00;0.86;0.69;0.3025;0.2968;1
83;83;Agent_1;RL selected stage 1 [evFIS] (deficit bucket: high) → rejected (no improving perturbation found | seed-base decision stands, its orders are applied);1;0;R7[0.02] R20[0.42] R26[0.34] A1[0.68] G2[0.38] G3[0.31];0.37;0.54;0.01;0.89;0.62;0.00;0.83;0.69;0.3036;0.2968;1
83;83;Agent_2;RL selected stage 1 [evFIS] (deficit bucket: high) → rejected (no improving perturbation found | seed-base decision stands, its orders are applied);1;0;R7[0.17] R11[0.23] R15[0.23] R20[0.25] R26[0.40] A1[0.25];0.30;0.54;0.24;0.88;0.67;0.41;0.76;0.68;0.3036;0.2968;1
83;83;Agent_3;RL selected stage 1 [evFIS] (deficit bucket: high) → rejected (no improving perturbation found | seed-base decision stands, its orders are applied);1;0;R7[0.04] R20[0.22] R26[0.34] A1[0.08] G2[0.08] G3[0.08];0.45;0.60;0.02;0.62;0.30;0.00;0.86;0.69;0.3036;0.2968;1
84;84;Agent_1;orders came from the seed rule base (rules as-is);0;0;R7[0.02] R20[0.45] R26[0.34] A1[0.68] G2[0.41] G3[0.30];0.37;0.54;0.01;0.89;0.62;0.00;0.83;0.69;0.3023;0.2969;1
84;84;Agent_2;orders came from the seed rule base (rules as-is);0;0;R7[0.17] R11[0.23] R15[0.23] R20[0.25] R26[0.40] A1[0.25];0.30;0.54;0.24;0.88;0.67;0.41;0.76;0.68;0.3023;0.2969;1
84;84;Agent_3;orders came from the seed rule base (rules as-is);0;0;R7[0.04] R20[0.22] R26[0.34] A1[0.08] G2[0.08] G3[0.08];0.45;0.59;0.02;0.62;0.31;0.00;0.86;0.69;0.3023;0.2969;1
85;85;Agent_1;orders came from the seed rule base (rules as-is);0;0;R7[0.02] R20[0.47] R26[0.34] A1[0.68] G2[0.45] G3[0.29];0.37;0.53;0.01;0.89;0.63;0.00;0.83;0.69;0.3034;0.2970;1
85;85;Agent_2;orders came from the seed rule base (rules as-is);0;0;R7[0.17] R11[0.23] R15[0.23] R20[0.24] R26[0.40] A1[0.25];0.30;0.54;0.24;0.88;0.67;0.41;0.76;0.68;0.3034;0.2970;1
85;85;Agent_3;orders came from the seed rule base (rules as-is);0;0;R7[0.04] R20[0.23] R26[0.34] A1[0.08] G2[0.08] G3[0.08];0.45;0.59;0.02;0.62;0.32;0.00;0.86;0.69;0.3034;0.2970;1
86;86;Agent_1;orders came from the seed rule base (rules as-is);0;0;R7[0.02] R20[0.50] R26[0.34] A1[0.68] G2[0.48] G3[0.28];0.37;0.53;0.01;0.89;0.63;0.00;0.82;0.69;0.3028;0.2971;1
86;86;Agent_2;orders came from the seed rule base (rules as-is);0;0;R7[0.17] R11[0.23] R15[0.23] R20[0.32] R26[0.60] A1[0.25];0.34;0.55;0.24;0.88;0.67;0.41;0.72;0.68;0.3028;0.2971;1
86;86;Agent_3;orders came from the seed rule base (rules as-is);0;0;R7[0.04] R20[0.23] R26[0.34] A1[0.08] G2[0.08] G3[0.08];0.45;0.59;0.02;0.62;0.32;0.00;0.86;0.69;0.3028;0.2971;1
87;87;Agent_1;orders came from the seed rule base (rules as-is);0;0;R7[0.02] R20[0.51] R26[0.34] A1[0.68] G2[0.50] G3[0.28];0.37;0.52;0.01;0.89;0.63;0.00;0.82;0.69;0.3030;0.2971;1
87;87;Agent_2;orders came from the seed rule base (rules as-is);0;0;R7[0.17] R11[0.23] R15[0.23] R20[0.34] R26[0.65] A1[0.24];0.35;0.56;0.24;0.89;0.67;0.41;0.71;0.68;0.3030;0.2971;1
87;87;Agent_3;orders came from the seed rule base (rules as-is);0;0;R7[0.04] R20[0.23] R26[0.34] A1[0.08] G2[0.08] G3[0.08];0.45;0.59;0.02;0.62;0.32;0.00;0.86;0.69;0.3030;0.2971;1
88;88;Agent_1;orders came from the seed rule base (rules as-is);0;0;R7[0.02] R20[0.53] R26[0.34] A1[0.68] G2[0.52] G3[0.27];0.38;0.52;0.01;0.89;0.63;0.00;0.82;0.69;0.3034;0.2972;1
88;88;Agent_2;orders came from the seed rule base (rules as-is);0;0;R7[0.17] R11[0.23] R15[0.23] R20[0.34] R26[0.66] A1[0.24];0.35;0.56;0.24;0.89;0.67;0.41;0.70;0.68;0.3034;0.2972;1
88;88;Agent_3;orders came from the seed rule base (rules as-is);0;0;R7[0.04] R20[0.23] R26[0.34] A1[0.08] G2[0.08] G3[0.08];0.45;0.59;0.02;0.62;0.32;0.00;0.86;0.69;0.3034;0.2972;1
89;89;Agent_1;orders came from the seed rule base (rules as-is);0;0;R7[0.02] R20[0.55] R26[0.34] A1[0.68] G2[0.55] G3[0.26];0.38;0.52;0.01;0.89;0.63;0.00;0.82;0.69;0.3021;0.2973;1
89;89;Agent_2;orders came from the seed rule base (rules as-is);0;0;R7[0.17] R11[0.23] R15[0.23] R20[0.35] R26[0.65] A1[0.23];0.35;0.56;0.24;0.89;0.67;0.41;0.70;0.68;0.3021;0.2973;1
89;89;Agent_3;orders came from the seed rule base (rules as-is);0;0;R7[0.04] R20[0.23] R26[0.34] A1[0.08] G2[0.08] G3[0.08];0.45;0.59;0.02;0.62;0.33;0.00;0.86;0.69;0.3021;0.2973;1
90;90;Agent_1;orders came from the seed rule base (rules as-is);0;0;R7[0.02] R20[0.58] R26[0.34] A1[0.68] G2[0.59] G3[0.25];0.38;0.51;0.01;0.89;0.64;0.00;0.81;0.69;0.2999;0.2974;1
90;90;Agent_2;orders came from the seed rule base (rules as-is);0;0;R7[0.17] R11[0.23] R15[0.23] R20[0.38] R26[0.64] A1[0.23];0.34;0.55;0.24;0.89;0.67;0.41;0.70;0.68;0.2999;0.2974;1
90;90;Agent_3;orders came from the seed rule base (rules as-is);0;0;R7[0.04] R20[0.23] R26[0.34] A1[0.08] G2[0.08] G3[0.08];0.45;0.59;0.02;0.62;0.33;0.00;0.86;0.69;0.2999;0.2974;1
91;91;Agent_1;orders came from the seed rule base (rules as-is);0;0;R7[0.02] R20[0.60] R26[0.34] A1[0.68] G2[0.60] G3[0.24];0.38;0.51;0.01;0.89;0.64;0.00;0.81;0.69;0.3004;0.2975;1
91;91;Agent_2;orders came from the seed rule base (rules as-is);0;0;R7[0.17] R11[0.23] R15[0.23] R20[0.42] R26[0.63] A1[0.22];0.32;0.54;0.24;0.89;0.68;0.41;0.69;0.68;0.3004;0.2975;1
91;91;Agent_3;orders came from the seed rule base (rules as-is);0;0;R7[0.04] R20[0.24] R26[0.34] A1[0.08] G2[0.08] G3[0.08];0.45;0.58;0.02;0.62;0.33;0.00;0.86;0.69;0.3004;0.2975;1
92;92;Agent_1;orders came from the seed rule base (rules as-is);0;0;R7[0.02] R20[0.60] R26[0.34] A1[0.68] G2[0.60] G3[0.23];0.38;0.50;0.01;0.89;0.64;0.00;0.82;0.69;0.3002;0.2976;1
92;92;Agent_2;orders came from the seed rule base (rules as-is);0;0;R7[0.17] R11[0.23] R15[0.23] R20[0.47] R26[0.62] A1[0.21];0.30;0.53;0.24;0.89;0.68;0.41;0.68;0.68;0.3002;0.2976;1
92;92;Agent_3;orders came from the seed rule base (rules as-is);0;0;R7[0.04] R20[0.24] R26[0.34] A1[0.08] G2[0.08] G3[0.08];0.45;0.58;0.02;0.62;0.33;0.00;0.86;0.69;0.3002;0.2976;1
93;93;Agent_1;RL selected stage 2 [resolution increase] (deficit bucket: high) → rejected (cell already covered — an active rule sits on this antecedent cell; numeric tuning of an existing cell is stage ① evFIS's job | seed-base decision stands, its orders are applied);2;0;R7[0.02] R20[0.60] R26[0.34] A1[0.68] G2[0.60] G3[0.21];0.38;0.50;0.01;0.89;0.64;0.00;0.82;0.69;0.3015;0.2977;1
93;93;Agent_2;RL selected stage 2 [resolution increase] (deficit bucket: high) → rejected (cell already covered — an active rule sits on this antecedent cell; numeric tuning of an existing cell is stage ① evFIS's job | seed-base decision stands, its orders are applied);2;0;R7[0.17] R11[0.23] R15[0.23] R20[0.52] R26[0.60] A1[0.20];0.29;0.52;0.24;0.89;0.69;0.41;0.67;0.68;0.3015;0.2977;1
93;93;Agent_3;RL selected stage 2 [resolution increase] (deficit bucket: high) → rejected (cell already covered — an active rule sits on this antecedent cell; numeric tuning of an existing cell is stage ① evFIS's job | seed-base decision stands, its orders are applied);2;0;R7[0.04] R20[0.24] R26[0.34] A1[0.08] G2[0.08] G3[0.08];0.45;0.58;0.02;0.62;0.34;0.00;0.86;0.69;0.3015;0.2977;1
94;94;Agent_1;orders came from the seed rule base (rules as-is);0;0;R7[0.02] R20[0.60] R26[0.34] A1[0.68] G2[0.60] G3[0.20];0.38;0.50;0.01;0.89;0.64;0.00;0.82;0.69;0.2968;0.2978;1
94;94;Agent_2;orders came from the seed rule base (rules as-is);0;0;R7[0.17] R11[0.23] R15[0.23] R20[0.53] R26[0.58] A1[0.19];0.28;0.52;0.24;0.89;0.69;0.41;0.68;0.68;0.2968;0.2978;1
94;94;Agent_3;orders came from the seed rule base (rules as-is);0;0;R7[0.04] R20[0.24] R26[0.34] A1[0.08] G2[0.08] G3[0.08];0.45;0.58;0.02;0.62;0.34;0.00;0.86;0.69;0.2968;0.2978;1
95;95;Agent_1;orders came from the seed rule base (rules as-is);0;0;R7[0.02] R20[0.61] R26[0.34] A1[0.68] G2[0.60] G3[0.19];0.38;0.50;0.01;0.89;0.64;0.00;0.83;0.69;0.2962;0.2979;1
95;95;Agent_2;orders came from the seed rule base (rules as-is);0;0;R7[0.17] R11[0.23] R15[0.23] R20[0.52] R26[0.56] A1[0.18];0.28;0.52;0.24;0.89;0.70;0.41;0.68;0.68;0.2962;0.2979;1
95;95;Agent_3;orders came from the seed rule base (rules as-is);0;0;R7[0.04] R20[0.24] R26[0.34] A1[0.08] G2[0.08] G3[0.08];0.45;0.58;0.02;0.62;0.34;0.00;0.86;0.69;0.2962;0.2979;1
96;96;Agent_1;orders came from the seed rule base (rules as-is);0;0;R7[0.02] R20[0.61] R26[0.34] A1[0.68] G2[0.60] G3[0.17];0.39;0.50;0.01;0.89;0.64;0.00;0.83;0.69;0.3014;0.2979;1
96;96;Agent_2;orders came from the seed rule base (rules as-is);0;0;R7[0.17] R11[0.23] R15[0.23] R20[0.51] R26[0.54] A1[0.17];0.28;0.52;0.24;0.89;0.70;0.41;0.68;0.68;0.3014;0.2979;1
96;96;Agent_3;orders came from the seed rule base (rules as-is);0;0;R7[0.04] R20[0.24] R26[0.34] A1[0.08] G2[0.08] G3[0.08];0.45;0.58;0.02;0.62;0.34;0.00;0.86;0.69;0.3014;0.2979;1
97;97;Agent_1;orders came from the seed rule base (rules as-is);0;0;R7[0.02] R20[0.61] R26[0.34] A1[0.68] G2[0.60] G3[0.16];0.39;0.50;0.01;0.89;0.64;0.00;0.83;0.69;0.3001;0.2981;1
97;97;Agent_2;orders came from the seed rule base (rules as-is);0;0;R7[0.16] R11[0.23] R15[0.23] R20[0.50] R26[0.52] A1[0.16];0.28;0.52;0.23;0.89;0.70;0.41;0.68;0.68;0.3001;0.2981;1
97;97;Agent_3;orders came from the seed rule base (rules as-is);0;0;R7[0.04] R20[0.24] R26[0.34] A1[0.08] G2[0.08] G3[0.08];0.45;0.58;0.02;0.62;0.35;0.00;0.86;0.69;0.3001;0.2981;1
98;98;Agent_1;orders came from the seed rule base (rules as-is);0;0;R7[0.02] R20[0.61] R26[0.34] A1[0.68] G2[0.60] G3[0.15];0.39;0.49;0.01;0.89;0.64;0.00;0.83;0.69;0.2970;0.2982;1
98;98;Agent_2;orders came from the seed rule base (rules as-is);0;0;R7[0.15] R11[0.23] R15[0.23] R20[0.49] R26[0.49] A1[0.15];0.28;0.52;0.23;0.89;0.70;0.41;0.68;0.68;0.2970;0.2982;1
98;98;Agent_3;orders came from the seed rule base (rules as-is);0;0;R7[0.04] R20[0.25] R26[0.34] A1[0.08] G2[0.08] G3[0.08];0.45;0.58;0.02;0.62;0.35;0.00;0.86;0.69;0.2970;0.2982;1
99;99;Agent_1;orders came from the seed rule base (rules as-is);0;0;R7[0.02] R20[0.61] R26[0.34] A1[0.68] G2[0.60] G3[0.13];0.39;0.49;0.01;0.89;0.64;0.00;0.83;0.69;0.2976;0.2983;1
99;99;Agent_2;orders came from the seed rule base (rules as-is);0;0;R7[0.14] R11[0.23] R15[0.23] R20[0.47] R26[0.47] A1[0.14];0.28;0.52;0.22;0.89;0.70;0.41;0.68;0.68;0.2976;0.2983;1
99;99;Agent_3;orders came from the seed rule base (rules as-is);0;0;R7[0.04] R20[0.25] R26[0.34] A1[0.08] G2[0.08] G3[0.08];0.45;0.58;0.02;0.62;0.35;0.00;0.87;0.69;0.2976;0.2983;1
100;100;Agent_1;orders came from the seed rule base (rules as-is);0;0;R7[0.02] R20[0.61] R26[0.34] A1[0.68] G2[0.60] G3[0.12];0.39;0.49;0.01;0.89;0.64;0.00;0.83;0.69;0.2969;0.2984;1
100;100;Agent_2;orders came from the seed rule base (rules as-is);0;0;R7[0.12] R11[0.23] R15[0.23] R20[0.46] R26[0.44] A1[0.12];0.28;0.52;0.21;0.89;0.71;0.41;0.67;0.68;0.2969;0.2984;1
100;100;Agent_3;orders came from the seed rule base (rules as-is);0;0;R7[0.04] R20[0.25] R26[0.34] A1[0.08] G2[0.08] G3[0.08];0.45;0.58;0.02;0.62;0.36;0.00;0.87;0.69;0.2969;0.2984;1
101;101;Agent_1;orders came from the seed rule base (rules as-is);0;0;R7[0.02] R20[0.61] R26[0.34] A1[0.68] G2[0.60] G3[0.11];0.39;0.49;0.01;0.89;0.64;0.00;0.83;0.69;0.2963;0.2985;1
101;101;Agent_2;orders came from the seed rule base (rules as-is);0;0;R7[0.11] R11[0.23] R15[0.23] R20[0.44] R26[0.41] A1[0.11];0.28;0.52;0.21;0.89;0.71;0.41;0.67;0.68;0.2963;0.2985;1
101;101;Agent_3;orders came from the seed rule base (rules as-is);0;0;R7[0.04] R20[0.24] R26[0.34] A1[0.08] G2[0.08] G3[0.08];0.45;0.58;0.02;0.62;0.35;0.00;0.87;0.69;0.2963;0.2985;1
102;102;Agent_1;orders came from the seed rule base (rules as-is);0;0;R7[0.02] R20[0.61] R26[0.34] A1[0.68] G2[0.60] G3[0.10];0.39;0.49;0.01;0.89;0.64;0.00;0.83;0.69;0.2967;0.2986;1
102;102;Agent_2;orders came from the seed rule base (rules as-is);0;0;R7[0.09] R11[0.23] R15[0.23] R20[0.43] R26[0.39] A1[0.09];0.28;0.52;0.20;0.89;0.71;0.41;0.68;0.68;0.2967;0.2986;1
102;102;Agent_3;orders came from the seed rule base (rules as-is);0;0;R7[0.04] R20[0.25] R26[0.34] A1[0.08] G2[0.08] G3[0.08];0.45;0.58;0.02;0.62;0.35;0.00;0.87;0.69;0.2967;0.2986;1
103;103;Agent_1;RL selected stage 1 [evFIS] (deficit bucket: high) → rejected (no improving perturbation found | seed-base decision stands, its orders are applied);1;0;R7[0.02] R20[0.61] R26[0.34] A1[0.68] G2[0.60] G3[0.09];0.39;0.49;0.01;0.89;0.64;0.00;0.84;0.69;0.2982;0.2987;1
103;103;Agent_2;RL selected stage 1 [evFIS] (deficit bucket: high) → rejected (no improving perturbation found | seed-base decision stands, its orders are applied);1;0;R7[0.08] R11[0.23] R15[0.23] R20[0.41] R26[0.36] A1[0.08];0.28;0.52;0.19;0.79;0.72;0.41;0.71;0.68;0.2982;0.2987;1
103;103;Agent_3;RL selected stage 1 [evFIS] (deficit bucket: high) → rejected (no improving perturbation found | seed-base decision stands, its orders are applied);1;0;R7[0.04] R20[0.25] R26[0.34] A1[0.08] G2[0.08] G3[0.08];0.45;0.57;0.02;0.62;0.36;0.00;0.87;0.69;0.2982;0.2987;1
104;104;Agent_1;orders came from the seed rule base (rules as-is);0;0;R7[0.02] R20[0.61] R26[0.34] A1[0.68] G2[0.60] G3[0.08];0.40;0.49;0.01;0.89;0.64;0.00;0.84;0.69;0.2985;0.2988;1
104;104;Agent_2;orders came from the seed rule base (rules as-is);0;0;R7[0.08] R11[0.23] R15[0.23] R20[0.41] R26[0.35] A1[0.08];0.28;0.52;0.19;0.78;0.72;0.41;0.72;0.68;0.2985;0.2988;1
104;104;Agent_3;orders came from the seed rule base (rules as-is);0;0;R7[0.04] R20[0.25] R26[0.34] A1[0.08] G2[0.08] G3[0.08];0.45;0.57;0.02;0.62;0.37;0.00;0.87;0.69;0.2985;0.2988;1
105;105;Agent_1;orders came from the seed rule base (rules as-is);0;0;R7[0.02] R20[0.61] R26[0.34] A1[0.68] G2[0.60] G3[0.06];0.40;0.49;0.01;0.89;0.64;0.00;0.84;0.69;0.3004;0.2989;1
105;105;Agent_2;orders came from the seed rule base (rules as-is);0;0;R7[0.08] R11[0.23] R15[0.23] R20[0.40] R26[0.34] A1[0.08];0.28;0.52;0.19;0.77;0.72;0.41;0.72;0.68;0.3004;0.2989;1
105;105;Agent_3;orders came from the seed rule base (rules as-is);0;0;R7[0.04] R20[0.25] R26[0.34] A1[0.08] G2[0.08] G3[0.08];0.45;0.57;0.02;0.62;0.36;0.00;0.87;0.69;0.3004;0.2989;1
106;106;Agent_1;orders came from the seed rule base (rules as-is);0;0;R7[0.02] R20[0.61] R26[0.34] A1[0.68] G2[0.60] G3[0.05];0.40;0.49;0.01;0.89;0.64;0.00;0.84;0.69;0.2987;0.2991;1
106;106;Agent_2;orders came from the seed rule base (rules as-is);0;0;R7[0.08] R11[0.23] R15[0.23] R20[0.40] R26[0.34] A1[0.08];0.28;0.52;0.19;0.77;0.72;0.41;0.72;0.68;0.2987;0.2991;1
106;106;Agent_3;orders came from the seed rule base (rules as-is);0;0;R7[0.04] R20[0.25] R26[0.34] A1[0.08] G2[0.08] G3[0.08];0.45;0.57;0.02;0.62;0.37;0.00;0.87;0.69;0.2987;0.2991;1
107;107;Agent_1;orders came from the seed rule base (rules as-is);0;0;R7[0.02] R20[0.61] R26[0.34] A1[0.68] G2[0.60] G3[0.04];0.40;0.49;0.01;0.89;0.64;0.00;0.84;0.69;0.2981;0.2991;1
107;107;Agent_2;orders came from the seed rule base (rules as-is);0;0;R7[0.08] R11[0.23] R15[0.23] R20[0.40] R26[0.34] A1[0.08];0.28;0.52;0.19;0.76;0.72;0.41;0.72;0.68;0.2981;0.2991;1
107;107;Agent_3;orders came from the seed rule base (rules as-is);0;0;R7[0.04] R20[0.25] R26[0.34] A1[0.08] G2[0.08] G3[0.08];0.45;0.57;0.02;0.62;0.37;0.00;0.87;0.69;0.2981;0.2991;1
108;108;Agent_1;orders came from the seed rule base (rules as-is);0;0;R7[0.02] R20[0.61] R26[0.34] A1[0.68] G2[0.60] G3[0.04];0.40;0.49;0.01;0.89;0.64;0.00;0.84;0.69;0.3031;0.2993;1
108;108;Agent_2;orders came from the seed rule base (rules as-is);0;0;R7[0.08] R11[0.23] R15[0.23] R20[0.40] R26[0.34] A1[0.08];0.28;0.52;0.19;0.76;0.72;0.41;0.73;0.68;0.3031;0.2993;1
108;108;Agent_3;orders came from the seed rule base (rules as-is);0;0;R7[0.04] R20[0.26] R26[0.34] A1[0.08] G2[0.08] G3[0.08];0.45;0.57;0.02;0.62;0.37;0.00;0.87;0.69;0.3031;0.2993;1
109;109;Agent_1;orders came from the seed rule base (rules as-is);0;0;R7[0.02] R20[0.61] R26[0.34] A1[0.68] G2[0.60] G3[0.03];0.40;0.49;0.01;0.89;0.64;0.00;0.84;0.69;0.2986;0.2994;1
109;109;Agent_2;orders came from the seed rule base (rules as-is);0;0;R7[0.08] R11[0.23] R15[0.23] R20[0.40] R26[0.34] A1[0.08];0.28;0.52;0.19;0.75;0.72;0.41;0.73;0.68;0.2986;0.2994;1
109;109;Agent_3;orders came from the seed rule base (rules as-is);0;0;R7[0.04] R20[0.26] R26[0.34] A1[0.08] G2[0.08] G3[0.08];0.45;0.57;0.02;0.62;0.37;0.00;0.87;0.69;0.2986;0.2994;1
110;110;Agent_1;orders came from the seed rule base (rules as-is);0;0;R7[0.02] R20[0.61] R26[0.34] A1[0.68] G2[0.60] G3[0.02];0.40;0.49;0.01;0.89;0.64;0.00;0.84;0.69;0.2988;0.2995;1
110;110;Agent_2;orders came from the seed rule base (rules as-is);0;0;R7[0.08] R11[0.23] R15[0.23] R20[0.40] R26[0.34] A1[0.08];0.28;0.52;0.19;0.74;0.72;0.41;0.73;0.68;0.2988;0.2995;1
110;110;Agent_3;orders came from the seed rule base (rules as-is);0;0;R7[0.04] R20[0.26] R26[0.34] A1[0.08] G2[0.08] G3[0.08];0.45;0.57;0.02;0.62;0.37;0.00;0.87;0.69;0.2988;0.2995;1
111;111;Agent_1;orders came from the seed rule base (rules as-is);0;0;R7[0.02] R20[0.61] R26[0.34] A1[0.68] G2[0.60] G3[0.01];0.40;0.49;0.01;0.89;0.64;0.00;0.84;0.69;0.2999;0.2996;1
111;111;Agent_2;orders came from the seed rule base (rules as-is);0;0;R7[0.08] R11[0.23] R15[0.23] R20[0.40] R26[0.34] A1[0.08];0.28;0.52;0.19;0.74;0.72;0.41;0.74;0.68;0.2999;0.2996;1
111;111;Agent_3;orders came from the seed rule base (rules as-is);0;0;R7[0.04] R20[0.26] R26[0.34] A1[0.08] G2[0.08] G3[0.08];0.45;0.57;0.02;0.62;0.38;0.00;0.87;0.69;0.2999;0.2996;1
112;112;Agent_1;orders came from the seed rule base (rules as-is);0;0;R7[0.02] R20[0.61] R26[0.34] A1[0.68] G2[0.60] G4[0.25];0.40;0.49;0.01;0.89;0.64;0.00;0.84;0.69;0.2997;0.2997;1
112;112;Agent_2;orders came from the seed rule base (rules as-is);0;0;R7[0.08] R11[0.23] R15[0.23] R20[0.40] R26[0.34] A1[0.08];0.28;0.52;0.19;0.73;0.72;0.41;0.74;0.68;0.2997;0.2997;1
112;112;Agent_3;orders came from the seed rule base (rules as-is);0;0;R7[0.04] R20[0.26] R26[0.34] A1[0.08] G2[0.08] G3[0.08];0.45;0.57;0.02;0.62;0.37;0.00;0.87;0.69;0.2997;0.2997;1
113;113;Agent_1;RL selected stage 1 [evFIS] (deficit bucket: high) → rejected (no improving perturbation found | seed-base decision stands, its orders are applied);1;0;R7[0.02] R20[0.60] R26[0.34] A1[0.68] G2[0.60] G4[0.25];0.40;0.49;0.01;0.89;0.64;0.00;0.84;0.69;0.3030;0.2998;1
113;113;Agent_2;RL selected stage 1 [evFIS] (deficit bucket: high) → rejected (no improving perturbation found | seed-base decision stands, its orders are applied);1;0;R7[0.08] R11[0.23] R15[0.23] R20[0.40] R26[0.34] A1[0.08];0.28;0.52;0.19;0.73;0.72;0.41;0.74;0.68;0.3030;0.2998;1
113;113;Agent_3;RL selected stage 1 [evFIS] (deficit bucket: high) → rejected (no improving perturbation found | seed-base decision stands, its orders are applied);1;0;R7[0.04] R20[0.26] R26[0.34] A1[0.08] G2[0.08] G3[0.08];0.45;0.57;0.02;0.62;0.38;0.00;0.87;0.69;0.3030;0.2998;1
114;114;Agent_1;orders came from the seed rule base (rules as-is);0;0;R7[0.02] R20[0.60] R26[0.34] A1[0.68] G2[0.60] G4[0.25];0.40;0.49;0.01;0.89;0.64;0.00;0.84;0.69;0.3057;0.3000;1
114;114;Agent_2;orders came from the seed rule base (rules as-is);0;0;R7[0.08] R11[0.23] R15[0.23] R20[0.40] R26[0.34] A1[0.08];0.28;0.52;0.19;0.71;0.72;0.41;0.75;0.68;0.3057;0.3000;1
114;114;Agent_3;orders came from the seed rule base (rules as-is);0;0;R7[0.04] R20[0.26] R26[0.34] A1[0.08] G2[0.08] G3[0.08];0.45;0.57;0.02;0.62;0.38;0.00;0.87;0.69;0.3057;0.3000;1
115;115;Agent_1;orders came from the seed rule base (rules as-is);0;0;R7[0.02] R20[0.60] R26[0.34] A1[0.68] G2[0.60] G4[0.25];0.40;0.49;0.01;0.89;0.64;0.00;0.84;0.69;0.2999;0.3001;1
115;115;Agent_2;orders came from the seed rule base (rules as-is);0;0;R7[0.08] R11[0.23] R15[0.23] R20[0.40] R26[0.34] A1[0.08];0.28;0.52;0.19;0.69;0.72;0.41;0.75;0.68;0.2999;0.3001;1
115;115;Agent_3;orders came from the seed rule base (rules as-is);0;0;R7[0.04] R20[0.26] R26[0.34] A1[0.08] G2[0.08] G3[0.08];0.45;0.57;0.02;0.62;0.38;0.00;0.87;0.69;0.2999;0.3001;1
116;116;Agent_1;orders came from the seed rule base (rules as-is);0;0;R7[0.02] R20[0.60] R26[0.34] A1[0.68] G2[0.60] G4[0.25];0.40;0.49;0.01;0.89;0.64;0.00;0.84;0.69;0.3002;0.3003;1
116;116;Agent_2;orders came from the seed rule base (rules as-is);0;0;R7[0.08] R11[0.23] R15[0.23] R20[0.40] R26[0.34] A1[0.08];0.28;0.52;0.19;0.67;0.72;0.41;0.76;0.68;0.3002;0.3003;1
116;116;Agent_3;orders came from the seed rule base (rules as-is);0;0;R7[0.04] R20[0.26] R26[0.34] A1[0.08] G2[0.08] G3[0.08];0.45;0.57;0.02;0.62;0.38;0.00;0.87;0.69;0.3002;0.3003;1
117;117;Agent_1;orders came from the seed rule base (rules as-is);0;0;R7[0.02] R20[0.60] R26[0.34] A1[0.68] G2[0.60] G4[0.25];0.40;0.49;0.01;0.89;0.64;0.00;0.84;0.69;0.3000;0.3003;1
117;117;Agent_2;orders came from the seed rule base (rules as-is);0;0;R7[0.08] R11[0.23] R15[0.23] R20[0.40] R26[0.34] A1[0.08];0.28;0.52;0.19;0.66;0.72;0.41;0.76;0.68;0.3000;0.3003;1
117;117;Agent_3;orders came from the seed rule base (rules as-is);0;0;R7[0.04] R20[0.26] R26[0.34] A1[0.08] G2[0.08] G3[0.08];0.45;0.57;0.02;0.62;0.39;0.00;0.87;0.69;0.3000;0.3003;1
118;118;Agent_1;orders came from the seed rule base (rules as-is);0;0;R7[0.02] R20[0.60] R26[0.34] A1[0.68] G2[0.60] G4[0.25];0.40;0.49;0.01;0.89;0.64;0.00;0.84;0.69;0.3000;0.3004;1
118;118;Agent_2;orders came from the seed rule base (rules as-is);0;0;R7[0.08] R11[0.23] R15[0.23] R20[0.40] R26[0.34] A1[0.08];0.28;0.51;0.19;0.66;0.72;0.41;0.76;0.68;0.3000;0.3004;1
118;118;Agent_3;orders came from the seed rule base (rules as-is);0;0;R7[0.04] R20[0.26] R26[0.34] A1[0.08] G2[0.08] G3[0.08];0.45;0.57;0.02;0.62;0.37;0.00;0.87;0.69;0.3000;0.3004;1
119;119;Agent_1;orders came from the seed rule base (rules as-is);0;0;R7[0.02] R20[0.60] R26[0.34] A1[0.68] G2[0.60] G4[0.25];0.40;0.49;0.01;0.89;0.64;0.00;0.84;0.69;0.3005;0.3007;1
119;119;Agent_2;orders came from the seed rule base (rules as-is);0;0;R7[0.08] R11[0.23] R15[0.23] R20[0.40] R26[0.34] A1[0.08];0.28;0.51;0.19;0.65;0.72;0.41;0.77;0.68;0.3005;0.3007;1
119;119;Agent_3;orders came from the seed rule base (rules as-is);0;0;R7[0.04] R20[0.26] R26[0.34] A1[0.08] G2[0.08] G3[0.08];0.45;0.57;0.02;0.62;0.37;0.00;0.87;0.69;0.3005;0.3007;1
120;120;Agent_1;orders came from the seed rule base (rules as-is);0;0;R7[0.02] R20[0.60] R26[0.34] A1[0.68] G2[0.60] G4[0.25];0.40;0.49;0.01;0.89;0.64;0.00;0.84;0.69;0.3025;0.3008;1
120;120;Agent_2;orders came from the seed rule base (rules as-is);0;0;R7[0.08] R11[0.23] R15[0.23] R20[0.40] R26[0.34] A1[0.08];0.28;0.51;0.19;0.64;0.72;0.41;0.77;0.68;0.3025;0.3008;1
120;120;Agent_3;orders came from the seed rule base (rules as-is);0;0;R7[0.04] R20[0.26] R26[0.34] A1[0.08] G2[0.08] G3[0.08];0.45;0.57;0.02;0.62;0.37;0.00;0.87;0.69;0.3025;0.3008;1
121;121;Agent_1;orders came from the seed rule base (rules as-is);0;0;R7[0.02] R20[0.60] R26[0.34] A1[0.68] G2[0.60] G4[0.25];0.40;0.49;0.01;0.89;0.64;0.00;0.84;0.69;0.3012;0.3010;1
121;121;Agent_2;orders came from the seed rule base (rules as-is);0;0;R7[0.08] R11[0.23] R15[0.23] R20[0.40] R26[0.34] A1[0.08];0.28;0.51;0.19;0.64;0.72;0.41;0.77;0.68;0.3012;0.3010;1
121;121;Agent_3;orders came from the seed rule base (rules as-is);0;0;R7[0.04] R20[0.26] R26[0.34] A1[0.08] G2[0.08] G3[0.08];0.45;0.57;0.02;0.62;0.37;0.00;0.87;0.69;0.3012;0.3010;1
122;122;Agent_1;orders came from the seed rule base (rules as-is);0;0;R7[0.02] R20[0.60] R26[0.34] A1[0.68] G2[0.60] G4[0.25];0.40;0.49;0.01;0.89;0.64;0.00;0.84;0.69;0.3007;0.3009;1
122;122;Agent_2;orders came from the seed rule base (rules as-is);0;0;R7[0.08] R11[0.23] R15[0.23] R20[0.40] R26[0.34] A1[0.08];0.28;0.51;0.19;0.63;0.72;0.41;0.77;0.68;0.3007;0.3009;1
122;122;Agent_3;orders came from the seed rule base (rules as-is);0;0;R7[0.04] R20[0.25] R26[0.34] A1[0.08] G2[0.08] G3[0.08];0.45;0.57;0.02;0.62;0.36;0.00;0.87;0.69;0.3007;0.3009;1
123;123;Agent_1;RL selected stage 1 [evFIS] (deficit bucket: mid) → rejected (no improving perturbation found | seed-base decision stands, its orders are applied);1;0;R7[0.02] R20[0.60] R26[0.34] A1[0.68] G2[0.60] G4[0.25];0.40;0.49;0.01;0.89;0.64;0.00;0.84;0.69;0.3016;0.3011;1
123;123;Agent_2;RL selected stage 1 [evFIS] (deficit bucket: mid) → rejected (no improving perturbation found | seed-base decision stands, its orders are applied);1;0;R7[0.08] R11[0.23] R15[0.23] R20[0.40] R26[0.34] A1[0.08];0.28;0.51;0.19;0.63;0.72;0.41;0.77;0.68;0.3016;0.3011;1
123;123;Agent_3;RL selected stage 1 [evFIS] (deficit bucket: mid) → rejected (no improving perturbation found | seed-base decision stands, its orders are applied);1;0;R7[0.04] R20[0.25] R26[0.34] A1[0.08] G2[0.08] G3[0.08];0.45;0.57;0.02;0.62;0.37;0.00;0.87;0.69;0.3016;0.3011;1
124;124;Agent_1;orders came from the seed rule base (rules as-is);0;0;R7[0.02] R20[0.60] R26[0.34] A1[0.68] G2[0.60] G4[0.25];0.40;0.49;0.01;0.89;0.64;0.00;0.84;0.69;0.2998;0.3014;1
124;124;Agent_2;orders came from the seed rule base (rules as-is);0;0;R7[0.08] R11[0.23] R15[0.23] R20[0.40] R26[0.34] A1[0.08];0.28;0.51;0.19;0.62;0.72;0.41;0.78;0.68;0.2998;0.3014;1
124;124;Agent_3;orders came from the seed rule base (rules as-is);0;0;R7[0.04] R20[0.26] R26[0.34] A1[0.08] G2[0.08] G3[0.08];0.45;0.57;0.02;0.62;0.37;0.00;0.87;0.69;0.2998;0.3014;1
125;125;Agent_1;orders came from the seed rule base (rules as-is);0;0;R7[0.02] R20[0.60] R26[0.34] A1[0.68] G2[0.60] G4[0.25];0.40;0.49;0.01;0.89;0.64;0.00;0.84;0.69;0.2997;0.3014;1
125;125;Agent_2;orders came from the seed rule base (rules as-is);0;0;R7[0.08] R11[0.23] R15[0.23] R20[0.40] R26[0.34] A1[0.08];0.28;0.51;0.19;0.62;0.72;0.41;0.78;0.68;0.2997;0.3014;1
125;125;Agent_3;orders came from the seed rule base (rules as-is);0;0;R7[0.04] R20[0.25] R26[0.34] A1[0.08] G2[0.08] G3[0.08];0.45;0.57;0.02;0.62;0.36;0.00;0.87;0.69;0.2997;0.3014;1
126;126;Agent_1;orders came from the seed rule base (rules as-is);0;0;R7[0.02] R20[0.60] R26[0.34] A1[0.68] G2[0.60] G4[0.25];0.40;0.49;0.01;0.89;0.64;0.00;0.84;0.69;0.2983;0.3015;1
126;126;Agent_2;orders came from the seed rule base (rules as-is);0;0;R7[0.08] R11[0.23] R15[0.23] R20[0.40] R26[0.34] A1[0.08];0.28;0.51;0.19;0.61;0.72;0.41;0.78;0.68;0.2983;0.3015;1
126;126;Agent_3;orders came from the seed rule base (rules as-is);0;0;R7[0.04] R20[0.25] R26[0.34] A1[0.08] G2[0.08] G3[0.08];0.45;0.58;0.02;0.62;0.36;0.00;0.87;0.69;0.2983;0.3015;1
127;127;Agent_1;orders came from the seed rule base (rules as-is);0;0;R7[0.02] R20[0.60] R26[0.34] A1[0.68] G2[0.60] G4[0.25];0.40;0.49;0.01;0.89;0.64;0.00;0.84;0.69;0.3057;0.3017;1
127;127;Agent_2;orders came from the seed rule base (rules as-is);0;0;R7[0.08] R11[0.23] R15[0.23] R20[0.40] R26[0.34] A1[0.08];0.27;0.51;0.19;0.61;0.72;0.41;0.78;0.68;0.3057;0.3017;1
127;127;Agent_3;orders came from the seed rule base (rules as-is);0;0;R7[0.04] R20[0.25] R26[0.34] A1[0.08] G2[0.08] G3[0.08];0.45;0.58;0.02;0.62;0.36;0.00;0.87;0.69;0.3057;0.3017;1
128;128;Agent_1;orders came from the seed rule base (rules as-is);0;0;R7[0.02] R20[0.60] R26[0.34] A1[0.68] G2[0.60] G4[0.25];0.40;0.49;0.01;0.89;0.64;0.00;0.84;0.69;0.2943;0.3019;1
128;128;Agent_2;orders came from the seed rule base (rules as-is);0;0;R7[0.08] R11[0.23] R15[0.23] R20[0.40] R26[0.34] A1[0.08];0.27;0.51;0.19;0.61;0.72;0.41;0.79;0.68;0.2943;0.3019;1
128;128;Agent_3;orders came from the seed rule base (rules as-is);0;0;R7[0.04] R20[0.24] R26[0.34] A1[0.08] G2[0.08] G3[0.08];0.45;0.58;0.02;0.62;0.34;0.00;0.87;0.69;0.2943;0.3019;1
129;129;Agent_1;orders came from the seed rule base (rules as-is);0;0;R7[0.02] R20[0.60] R26[0.34] A1[0.68] G2[0.60] G4[0.25];0.40;0.49;0.01;0.89;0.64;0.00;0.84;0.69;0.2948;0.3022;1
129;129;Agent_2;orders came from the seed rule base (rules as-is);0;0;R7[0.08] R11[0.23] R15[0.23] R20[0.40] R26[0.34] A1[0.08];0.27;0.51;0.19;0.60;0.72;0.41;0.79;0.68;0.2948;0.3022;1
129;129;Agent_3;orders came from the seed rule base (rules as-is);0;0;R7[0.04] R20[0.25] R26[0.34] A1[0.08] G2[0.08] G3[0.08];0.45;0.58;0.02;0.62;0.35;0.00;0.87;0.69;0.2948;0.3022;1
130;130;Agent_1;orders came from the seed rule base (rules as-is);0;0;R7[0.02] R20[0.60] R26[0.34] A1[0.68] G2[0.60] G4[0.25];0.40;0.49;0.01;0.89;0.64;0.00;0.84;0.69;0.2962;0.3022;1
130;130;Agent_2;orders came from the seed rule base (rules as-is);0;0;R7[0.08] R11[0.23] R15[0.23] R20[0.40] R26[0.34] A1[0.08];0.27;0.51;0.19;0.60;0.72;0.41;0.79;0.68;0.2962;0.3022;1
130;130;Agent_3;orders came from the seed rule base (rules as-is);0;0;R7[0.04] R20[0.24] R26[0.34] A1[0.08] G2[0.08] G3[0.08];0.45;0.58;0.02;0.62;0.35;0.00;0.87;0.69;0.2962;0.3022;1
131;131;Agent_1;orders came from the seed rule base (rules as-is);0;0;R7[0.02] R20[0.60] R26[0.34] A1[0.68] G2[0.60] G4[0.25];0.40;0.49;0.01;0.88;0.64;0.00;0.85;0.69;0.3026;0.3022;1
131;131;Agent_2;orders came from the seed rule base (rules as-is);0;0;R7[0.08] R11[0.23] R15[0.23] R20[0.40] R26[0.34] A1[0.08];0.27;0.51;0.19;0.59;0.72;0.41;0.79;0.68;0.3026;0.3022;1
131;131;Agent_3;orders came from the seed rule base (rules as-is);0;0;R7[0.04] R20[0.24] R26[0.34] A1[0.08] G2[0.08] G3[0.08];0.45;0.58;0.02;0.62;0.34;0.00;0.87;0.69;0.3026;0.3022;1
132;132;Agent_1;orders came from the seed rule base (rules as-is);0;0;R7[0.02] R20[0.60] R26[0.34] A1[0.68] G2[0.60] G4[0.25];0.40;0.49;0.01;0.88;0.64;0.00;0.85;0.69;0.2955;0.3023;1
132;132;Agent_2;orders came from the seed rule base (rules as-is);0;0;R7[0.08] R11[0.23] R15[0.23] R20[0.40] R26[0.34] A1[0.08];0.27;0.51;0.19;0.59;0.72;0.41;0.79;0.68;0.2955;0.3023;1
132;132;Agent_3;orders came from the seed rule base (rules as-is);0;0;R7[0.04] R20[0.24] R26[0.34] A1[0.08] G2[0.08] G3[0.08];0.45;0.58;0.02;0.62;0.34;0.00;0.87;0.69;0.2955;0.3023;1
133;133;Agent_1;RL selected stage 1 [evFIS] (deficit bucket: high) → rejected (no improving perturbation found | seed-base decision stands, its orders are applied);1;0;R7[0.02] R20[0.60] R26[0.34] A1[0.68] G2[0.60] G4[0.25];0.39;0.49;0.01;0.88;0.64;0.00;0.85;0.69;0.2979;0.3025;1
133;133;Agent_2;RL selected stage 1 [evFIS] (deficit bucket: high) → rejected (no improving perturbation found | seed-base decision stands, its orders are applied);1;0;R7[0.08] R11[0.23] R15[0.23] R20[0.40] R26[0.34] A1[0.08];0.27;0.51;0.19;0.59;0.72;0.41;0.80;0.68;0.2979;0.3025;1
133;133;Agent_3;RL selected stage 1 [evFIS] (deficit bucket: high) → rejected (no improving perturbation found | seed-base decision stands, its orders are applied);1;0;R7[0.04] R20[0.24] R26[0.34] A1[0.08] G2[0.08] G3[0.08];0.45;0.58;0.02;0.62;0.34;0.00;0.87;0.69;0.2979;0.3025;1
134;134;Agent_1;orders came from the seed rule base (rules as-is);0;0;R7[0.02] R20[0.60] R26[0.34] A1[0.68] G2[0.60] G4[0.25];0.39;0.49;0.01;0.88;0.64;0.00;0.85;0.69;0.2965;0.3026;1
134;134;Agent_2;orders came from the seed rule base (rules as-is);0;0;R7[0.08] R11[0.23] R15[0.23] R20[0.40] R26[0.34] A1[0.08];0.27;0.51;0.19;0.58;0.72;0.41;0.80;0.68;0.2965;0.3026;1
134;134;Agent_3;orders came from the seed rule base (rules as-is);0;0;R7[0.04] R20[0.25] R26[0.34] A1[0.08] G2[0.08] G3[0.08];0.45;0.58;0.02;0.62;0.36;0.00;0.87;0.69;0.2965;0.3026;1
135;135;Agent_1;orders came from the seed rule base (rules as-is);0;0;R7[0.02] R20[0.60] R26[0.34] A1[0.68] G2[0.60] G4[0.25];0.39;0.49;0.01;0.88;0.64;0.00;0.85;0.69;0.2971;0.3028;1
135;135;Agent_2;orders came from the seed rule base (rules as-is);0;0;R7[0.08] R11[0.23] R15[0.23] R20[0.40] R26[0.34] A1[0.08];0.27;0.51;0.19;0.58;0.72;0.41;0.80;0.68;0.2971;0.3028;1
135;135;Agent_3;orders came from the seed rule base (rules as-is);0;0;R7[0.04] R20[0.24] R26[0.34] A1[0.08] G2[0.08] G3[0.08];0.45;0.58;0.02;0.62;0.34;0.00;0.87;0.69;0.2971;0.3028;1
136;136;Agent_1;orders came from the seed rule base (rules as-is);0;0;R7[0.02] R20[0.60] R26[0.34] A1[0.68] G2[0.60] G4[0.25];0.39;0.49;0.01;0.88;0.64;0.00;0.85;0.69;0.2982;0.3031;1
136;136;Agent_2;orders came from the seed rule base (rules as-is);0;0;R7[0.08] R11[0.23] R15[0.23] R20[0.40] R26[0.34] A1[0.08];0.27;0.51;0.19;0.58;0.72;0.41;0.80;0.68;0.2982;0.3031;1
136;136;Agent_3;orders came from the seed rule base (rules as-is);0;0;R7[0.04] R20[0.24] R26[0.34] A1[0.08] G2[0.08] G3[0.08];0.45;0.58;0.02;0.62;0.33;0.00;0.87;0.69;0.2982;0.3031;1
137;137;Agent_1;orders came from the seed rule base (rules as-is);0;0;R7[0.02] R20[0.60] R26[0.34] A1[0.68] G2[0.60] G4[0.25];0.39;0.49;0.01;0.88;0.64;0.00;0.85;0.69;0.2981;0.3031;1
137;137;Agent_2;orders came from the seed rule base (rules as-is);0;0;R7[0.08] R11[0.23] R15[0.23] R20[0.40] R26[0.34] A1[0.08];0.27;0.51;0.19;0.58;0.72;0.41;0.80;0.68;0.2981;0.3031;1
137;137;Agent_3;orders came from the seed rule base (rules as-is);0;0;R7[0.04] R20[0.23] R26[0.34] A1[0.08] G2[0.08] G3[0.08];0.45;0.59;0.02;0.62;0.32;0.00;0.87;0.69;0.2981;0.3031;1
138;138;Agent_1;orders came from the seed rule base (rules as-is);0;0;R7[0.02] R20[0.60] R26[0.34] A1[0.68] G2[0.60] G4[0.25];0.39;0.49;0.01;0.88;0.64;0.00;0.85;0.69;0.2977;0.3035;1
138;138;Agent_2;orders came from the seed rule base (rules as-is);0;0;R7[0.08] R11[0.23] R15[0.23] R20[0.40] R26[0.34] A1[0.08];0.27;0.51;0.19;0.57;0.72;0.41;0.80;0.68;0.2977;0.3035;1
138;138;Agent_3;orders came from the seed rule base (rules as-is);0;0;R7[0.04] R20[0.24] R26[0.34] A1[0.08] G2[0.08] G3[0.08];0.45;0.58;0.02;0.62;0.33;0.00;0.87;0.69;0.2977;0.3035;1
139;139;Agent_1;orders came from the seed rule base (rules as-is);0;0;R7[0.02] R20[0.60] R26[0.34] A1[0.68] G2[0.60] G4[0.25];0.39;0.49;0.01;0.88;0.64;0.00;0.85;0.69;0.2981;0.3037;1
139;139;Agent_2;orders came from the seed rule base (rules as-is);0;0;R7[0.08] R11[0.23] R15[0.23] R20[0.40] R26[0.34] A1[0.08];0.27;0.51;0.19;0.57;0.72;0.41;0.80;0.68;0.2981;0.3037;1
139;139;Agent_3;orders came from the seed rule base (rules as-is);0;0;R7[0.04] R20[0.23] R26[0.34] A1[0.08] G2[0.08] G3[0.08];0.45;0.59;0.02;0.62;0.33;0.00;0.87;0.69;0.2981;0.3037;1
140;140;Agent_1;orders came from the seed rule base (rules as-is);0;0;R7[0.02] R20[0.60] R26[0.34] A1[0.68] G2[0.60] G4[0.25];0.39;0.49;0.01;0.88;0.64;0.00;0.85;0.69;0.3028;0.3037;1
140;140;Agent_2;orders came from the seed rule base (rules as-is);0;0;R7[0.08] R11[0.23] R15[0.23] R20[0.40] R26[0.34] A1[0.08];0.27;0.51;0.19;0.57;0.72;0.41;0.80;0.68;0.3028;0.3037;1
140;140;Agent_3;orders came from the seed rule base (rules as-is);0;0;R7[0.04] R20[0.23] R26[0.34] A1[0.08] G2[0.08] G3[0.08];0.45;0.59;0.02;0.62;0.33;0.00;0.87;0.69;0.3028;0.3037;1
141;141;Agent_1;orders came from the seed rule base (rules as-is);0;0;R7[0.02] R20[0.60] R26[0.34] A1[0.68] G2[0.60] G4[0.25];0.39;0.49;0.01;0.88;0.64;0.00;0.85;0.69;0.2990;0.3037;1
141;141;Agent_2;orders came from the seed rule base (rules as-is);0;0;R7[0.08] R11[0.23] R15[0.23] R20[0.40] R26[0.34] A1[0.08];0.27;0.51;0.19;0.57;0.72;0.41;0.80;0.68;0.2990;0.3037;1
141;141;Agent_3;orders came from the seed rule base (rules as-is);0;0;R7[0.04] R20[0.23] R26[0.34] A1[0.08] G2[0.08] G3[0.08];0.45;0.59;0.02;0.62;0.33;0.00;0.87;0.69;0.2990;0.3037;1
142;142;Agent_1;orders came from the seed rule base (rules as-is);0;0;R7[0.02] R20[0.60] R26[0.34] A1[0.68] G2[0.60] G4[0.25];0.39;0.49;0.01;0.88;0.64;0.00;0.85;0.69;0.3018;0.3040;1
142;142;Agent_2;orders came from the seed rule base (rules as-is);0;0;R7[0.08] R11[0.23] R15[0.23] R20[0.40] R26[0.34] A1[0.08];0.27;0.51;0.19;0.58;0.72;0.41;0.80;0.68;0.3018;0.3040;1
142;142;Agent_3;orders came from the seed rule base (rules as-is);0;0;R7[0.04] R20[0.23] R26[0.34] A1[0.08] G2[0.08] G3[0.08];0.45;0.59;0.02;0.62;0.32;0.00;0.87;0.69;0.3018;0.3040;1
143;143;Agent_1;RL selected stage 1 [evFIS] (deficit bucket: mid) → rejected (no improving perturbation found | seed-base decision stands, its orders are applied);1;0;R7[0.02] R20[0.60] R26[0.34] A1[0.68] G2[0.60] G4[0.25];0.38;0.49;0.01;0.88;0.64;0.00;0.85;0.69;0.3063;0.3037;1
143;143;Agent_2;RL selected stage 1 [evFIS] (deficit bucket: mid) → rejected (no improving perturbation found | seed-base decision stands, its orders are applied);1;0;R7[0.08] R11[0.23] R15[0.23] R20[0.40] R26[0.34] A1[0.08];0.27;0.51;0.19;0.59;0.72;0.41;0.80;0.68;0.3063;0.3037;1
143;143;Agent_3;RL selected stage 1 [evFIS] (deficit bucket: mid) → rejected (no improving perturbation found | seed-base decision stands, its orders are applied);1;0;R7[0.04] R20[0.23] R26[0.34] A1[0.08] G2[0.08] G3[0.08];0.45;0.59;0.02;0.62;0.33;0.00;0.87;0.69;0.3063;0.3037;1
144;144;Agent_1;orders came from the seed rule base (rules as-is);0;0;R7[0.02] R20[0.60] R26[0.34] A1[0.68] G2[0.60] G4[0.25];0.38;0.49;0.01;0.88;0.64;0.00;0.85;0.69;0.3006;0.3039;1
144;144;Agent_2;orders came from the seed rule base (rules as-is);0;0;R7[0.08] R11[0.23] R15[0.23] R20[0.40] R26[0.34] A1[0.08];0.27;0.51;0.19;0.60;0.72;0.41;0.80;0.68;0.3006;0.3039;1
144;144;Agent_3;orders came from the seed rule base (rules as-is);0;0;R7[0.04] R20[0.23] R26[0.34] A1[0.08] G2[0.08] G3[0.08];0.45;0.59;0.02;0.62;0.32;0.00;0.87;0.69;0.3006;0.3039;1
145;145;Agent_1;orders came from the seed rule base (rules as-is);0;0;R7[0.02] R20[0.60] R26[0.34] A1[0.68] G2[0.60] G4[0.25];0.38;0.49;0.01;0.88;0.64;0.00;0.85;0.69;0.3016;0.3042;1
145;145;Agent_2;orders came from the seed rule base (rules as-is);0;0;R7[0.08] R11[0.23] R15[0.23] R20[0.40] R26[0.34] A1[0.08];0.27;0.51;0.19;0.61;0.72;0.41;0.80;0.68;0.3016;0.3042;1
145;145;Agent_3;orders came from the seed rule base (rules as-is);0;0;R7[0.04] R20[0.23] R26[0.34] A1[0.08] G2[0.08] G3[0.08];0.45;0.59;0.02;0.62;0.33;0.00;0.87;0.69;0.3016;0.3042;1
146;146;Agent_1;orders came from the seed rule base (rules as-is);0;0;R7[0.02] R20[0.60] R26[0.34] A1[0.68] G2[0.60] G4[0.25];0.38;0.49;0.01;0.89;0.64;0.00;0.84;0.69;0.3014;0.3046;1
146;146;Agent_2;orders came from the seed rule base (rules as-is);0;0;R7[0.08] R11[0.23] R15[0.23] R20[0.40] R26[0.34] A1[0.08];0.27;0.51;0.19;0.62;0.72;0.41;0.79;0.68;0.3014;0.3046;1
146;146;Agent_3;orders came from the seed rule base (rules as-is);0;0;R7[0.04] R20[0.23] R26[0.34] A1[0.08] G2[0.08] G3[0.08];0.45;0.59;0.02;0.62;0.32;0.00;0.87;0.69;0.3014;0.3046;1
147;147;Agent_1;orders came from the seed rule base (rules as-is);0;0;R7[0.02] R20[0.60] R26[0.34] A1[0.68] G2[0.60] G4[0.25];0.38;0.49;0.01;0.89;0.64;0.00;0.84;0.69;0.3025;0.3045;1
147;147;Agent_2;orders came from the seed rule base (rules as-is);0;0;R7[0.08] R11[0.23] R15[0.23] R20[0.40] R26[0.34] A1[0.08];0.27;0.51;0.19;0.63;0.72;0.41;0.79;0.68;0.3025;0.3045;1
147;147;Agent_3;orders came from the seed rule base (rules as-is);0;0;R7[0.04] R20[0.22] R26[0.34] A1[0.08] G2[0.08] G3[0.08];0.45;0.59;0.02;0.62;0.31;0.00;0.87;0.69;0.3025;0.3045;1
148;148;Agent_1;orders came from the seed rule base (rules as-is);0;0;R7[0.02] R20[0.60] R26[0.34] A1[0.68] G2[0.59] G4[0.25];0.38;0.50;0.01;0.89;0.64;0.00;0.84;0.69;0.3024;0.3042;1
148;148;Agent_2;orders came from the seed rule base (rules as-is);0;0;R7[0.08] R11[0.23] R15[0.23] R20[0.40] R26[0.34] A1[0.08];0.27;0.51;0.19;0.63;0.72;0.41;0.79;0.68;0.3024;0.3042;1
148;148;Agent_3;orders came from the seed rule base (rules as-is);0;0;R7[0.04] R20[0.23] R26[0.34] A1[0.08] G2[0.08] G3[0.08];0.45;0.59;0.02;0.62;0.32;0.00;0.87;0.69;0.3024;0.3042;1
149;149;Agent_1;orders came from the seed rule base (rules as-is);0;0;R7[0.02] R20[0.60] R26[0.34] A1[0.68] G2[0.60] G4[0.25];0.38;0.49;0.01;0.89;0.64;0.00;0.84;0.69;0.3023;0.3048;1
149;149;Agent_2;orders came from the seed rule base (rules as-is);0;0;R7[0.08] R11[0.23] R15[0.23] R20[0.40] R26[0.34] A1[0.08];0.27;0.51;0.19;0.63;0.72;0.41;0.79;0.68;0.3023;0.3048;1
149;149;Agent_3;orders came from the seed rule base (rules as-is);0;0;R7[0.04] R20[0.22] R26[0.34] A1[0.08] G2[0.08] G3[0.08];0.45;0.60;0.02;0.62;0.29;0.00;0.87;0.69;0.3023;0.3048;1
150;150;Agent_1;orders came from the seed rule base (rules as-is);0;0;R7[0.02] R20[0.58] R26[0.34] A1[0.68] G2[0.57] G4[0.25];0.38;0.50;0.01;0.89;0.64;0.00;0.84;0.69;0.3027;0.3048;1
150;150;Agent_2;orders came from the seed rule base (rules as-is);0;0;R7[0.08] R11[0.23] R15[0.23] R20[0.40] R26[0.34] A1[0.08];0.27;0.51;0.19;0.63;0.72;0.41;0.79;0.68;0.3027;0.3048;1
150;150;Agent_3;orders came from the seed rule base (rules as-is);0;0;R7[0.04] R20[0.21] R26[0.34] A1[0.08] G2[0.08] G3[0.08];0.45;0.60;0.02;0.62;0.28;0.00;0.87;0.69;0.3027;0.3048;1
151;151;Agent_1;orders came from the seed rule base (rules as-is);0;0;R7[0.02] R20[0.57] R26[0.34] A1[0.68] G2[0.56] G4[0.25];0.38;0.50;0.01;0.89;0.64;0.00;0.85;0.69;0.3026;0.3048;1
151;151;Agent_2;orders came from the seed rule base (rules as-is);0;0;R7[0.08] R11[0.23] R15[0.23] R20[0.40] R26[0.34] A1[0.08];0.27;0.51;0.19;0.63;0.72;0.41;0.79;0.68;0.3026;0.3048;1
151;151;Agent_3;orders came from the seed rule base (rules as-is);0;0;R7[0.04] R20[0.21] R26[0.34] A1[0.08] G2[0.08] G3[0.08];0.45;0.60;0.02;0.62;0.29;0.00;0.87;0.69;0.3026;0.3048;1
152;152;Agent_1;orders came from the seed rule base (rules as-is);0;0;R7[0.02] R20[0.56] R26[0.34] A1[0.68] G2[0.54] G4[0.25];0.38;0.50;0.01;0.89;0.63;0.00;0.85;0.69;0.3068;0.3050;1
152;152;Agent_2;orders came from the seed rule base (rules as-is);0;0;R7[0.08] R11[0.23] R15[0.23] R20[0.40] R26[0.34] A1[0.08];0.27;0.51;0.19;0.63;0.72;0.41;0.79;0.68;0.3068;0.3050;1
152;152;Agent_3;orders came from the seed rule base (rules as-is);0;0;R7[0.04] R20[0.21] R26[0.34] A1[0.08] G2[0.08] G3[0.08];0.45;0.61;0.02;0.62;0.28;0.00;0.87;0.69;0.3068;0.3050;1
153;153;Agent_1;RL selected stage 1 [evFIS] (deficit bucket: mid) → rejected (no improving perturbation found | seed-base decision stands, its orders are applied);1;0;R7[0.02] R20[0.54] R26[0.34] A1[0.68] G2[0.51] G4[0.25];0.38;0.51;0.01;0.89;0.63;0.00;0.85;0.69;0.3040;0.3049;1
153;153;Agent_2;RL selected stage 1 [evFIS] (deficit bucket: mid) → rejected (no improving perturbation found | seed-base decision stands, its orders are applied);1;0;R7[0.08] R11[0.23] R15[0.23] R20[0.40] R26[0.34] A1[0.08];0.27;0.51;0.19;0.63;0.72;0.41;0.79;0.68;0.3040;0.3049;1
153;153;Agent_3;RL selected stage 1 [evFIS] (deficit bucket: mid) → rejected (no improving perturbation found | seed-base decision stands, its orders are applied);1;0;R7[0.04] R20[0.20] R26[0.34] A1[0.08] G2[0.08] G3[0.08];0.45;0.61;0.02;0.62;0.27;0.00;0.87;0.69;0.3040;0.3049;1
154;154;Agent_1;orders came from the seed rule base (rules as-is);0;0;R7[0.02] R20[0.52] R26[0.34] A1[0.68] G2[0.49] G4[0.25];0.38;0.51;0.01;0.89;0.63;0.00;0.85;0.69;0.3032;0.3050;1
154;154;Agent_2;orders came from the seed rule base (rules as-is);0;0;R7[0.08] R11[0.23] R15[0.23] R20[0.40] R26[0.34] A1[0.08];0.27;0.51;0.19;0.63;0.72;0.41;0.79;0.68;0.3032;0.3050;1
154;154;Agent_3;orders came from the seed rule base (rules as-is);0;0;R7[0.04] R20[0.21] R26[0.34] A1[0.08] G2[0.08] G3[0.08];0.45;0.61;0.02;0.62;0.28;0.00;0.87;0.69;0.3032;0.3050;1
155;155;Agent_1;orders came from the seed rule base (rules as-is);0;0;R7[0.02] R20[0.49] R26[0.34] A1[0.68] G2[0.45] G4[0.25];0.38;0.52;0.01;0.89;0.63;0.00;0.86;0.69;0.3036;0.3051;1
155;155;Agent_2;orders came from the seed rule base (rules as-is);0;0;R7[0.08] R11[0.23] R15[0.23] R20[0.40] R26[0.34] A1[0.08];0.27;0.51;0.19;0.63;0.72;0.41;0.79;0.68;0.3036;0.3051;1
155;155;Agent_3;orders came from the seed rule base (rules as-is);0;0;R7[0.04] R20[0.20] R26[0.34] A1[0.08] G2[0.08] G3[0.08];0.45;0.60;0.02;0.62;0.27;0.00;0.87;0.69;0.3036;0.3051;1
156;156;Agent_1;orders came from the seed rule base (rules as-is);0;0;R7[0.02] R20[0.47] R26[0.34] A1[0.68] G2[0.42] G4[0.25];0.38;0.52;0.01;0.89;0.62;0.00;0.86;0.69;0.3043;0.3056;1
156;156;Agent_2;orders came from the seed rule base (rules as-is);0;0;R7[0.08] R11[0.23] R15[0.23] R20[0.40] R26[0.34] A1[0.08];0.27;0.51;0.19;0.63;0.72;0.41;0.79;0.68;0.3043;0.3056;1
156;156;Agent_3;orders came from the seed rule base (rules as-is);0;0;R7[0.04] R20[0.20] R26[0.34] A1[0.08] G2[0.08] G3[0.08];0.45;0.60;0.02;0.62;0.26;0.00;0.87;0.69;0.3043;0.3056;1
157;157;Agent_1;orders came from the seed rule base (rules as-is);0;0;R7[0.02] R20[0.46] R26[0.34] A1[0.68] G2[0.42] G4[0.25];0.37;0.52;0.01;0.89;0.62;0.00;0.86;0.69;0.3044;0.3055;1
157;157;Agent_2;orders came from the seed rule base (rules as-is);0;0;R7[0.08] R11[0.23] R15[0.23] R20[0.40] R26[0.34] A1[0.08];0.27;0.51;0.19;0.63;0.72;0.41;0.79;0.68;0.3044;0.3055;1
157;157;Agent_3;orders came from the seed rule base (rules as-is);0;0;R7[0.04] R20[0.20] R26[0.34] A1[0.08] G2[0.08] G3[0.08];0.45;0.60;0.02;0.62;0.26;0.00;0.87;0.69;0.3044;0.3055;1
158;158;Agent_1;orders came from the seed rule base (rules as-is);0;0;R7[0.02] R20[0.45] R26[0.34] A1[0.68] G2[0.40] G4[0.25];0.37;0.52;0.01;0.89;0.62;0.00;0.86;0.69;0.3056;0.3053;1
158;158;Agent_2;orders came from the seed rule base (rules as-is);0;0;R7[0.08] R11[0.23] R15[0.23] R20[0.40] R26[0.34] A1[0.08];0.27;0.51;0.19;0.63;0.72;0.41;0.79;0.68;0.3056;0.3053;1
158;158;Agent_3;orders came from the seed rule base (rules as-is);0;0;R7[0.04] R20[0.20] R26[0.34] A1[0.08] G2[0.08] G3[0.08];0.45;0.60;0.02;0.62;0.27;0.00;0.87;0.69;0.3056;0.3053;1
159;159;Agent_1;orders came from the seed rule base (rules as-is);0;0;R7[0.02] R20[0.44] R26[0.34] A1[0.68] G2[0.40] G4[0.25];0.37;0.52;0.01;0.89;0.62;0.00;0.86;0.69;0.3049;0.3055;1
159;159;Agent_2;orders came from the seed rule base (rules as-is);0;0;R7[0.08] R11[0.23] R15[0.23] R20[0.40] R26[0.34] A1[0.08];0.27;0.51;0.19;0.63;0.72;0.41;0.79;0.68;0.3049;0.3055;1
159;159;Agent_3;orders came from the seed rule base (rules as-is);0;0;R7[0.04] R20[0.20] R26[0.34] A1[0.08] G2[0.08] G3[0.08];0.45;0.60;0.02;0.62;0.27;0.00;0.87;0.69;0.3049;0.3055;1
160;160;Agent_1;orders came from the seed rule base (rules as-is);0;0;R7[0.02] R20[0.42] R26[0.34] A1[0.68] G2[0.37] G4[0.25];0.37;0.53;0.01;0.89;0.62;0.00;0.87;0.69;0.3054;0.3058;1
160;160;Agent_2;orders came from the seed rule base (rules as-is);0;0;R7[0.08] R11[0.23] R15[0.23] R20[0.40] R26[0.34] A1[0.08];0.27;0.51;0.19;0.63;0.72;0.41;0.79;0.68;0.3054;0.3058;1
160;160;Agent_3;orders came from the seed rule base (rules as-is);0;0;R7[0.04] R20[0.20] R26[0.34] A1[0.08] G2[0.08] G3[0.08];0.45;0.61;0.02;0.62;0.27;0.00;0.87;0.69;0.3054;0.3058;1
161;161;Agent_1;orders came from the seed rule base (rules as-is);0;0;R7[0.02] R20[0.42] R26[0.34] A1[0.68] G2[0.37] G4[0.25];0.37;0.53;0.01;0.89;0.62;0.00;0.87;0.69;0.3063;0.3060;1
161;161;Agent_2;orders came from the seed rule base (rules as-is);0;0;R7[0.08] R11[0.23] R15[0.23] R20[0.40] R26[0.34] A1[0.08];0.27;0.51;0.19;0.63;0.72;0.41;0.79;0.68;0.3063;0.3060;1
161;161;Agent_3;orders came from the seed rule base (rules as-is);0;0;R7[0.04] R20[0.20] R26[0.34] A1[0.08] G2[0.08] G3[0.08];0.45;0.61;0.02;0.62;0.27;0.00;0.87;0.69;0.3063;0.3060;1
162;162;Agent_1;orders came from the seed rule base (rules as-is);0;0;R7[0.02] R20[0.42] R26[0.34] A1[0.68] G2[0.37] G4[0.25];0.37;0.53;0.01;0.89;0.62;0.00;0.87;0.69;0.3059;0.3063;1
162;162;Agent_2;orders came from the seed rule base (rules as-is);0;0;R7[0.08] R11[0.23] R15[0.23] R20[0.40] R26[0.34] A1[0.08];0.27;0.51;0.19;0.63;0.72;0.41;0.79;0.68;0.3059;0.3063;1
162;162;Agent_3;orders came from the seed rule base (rules as-is);0;0;R7[0.04] R20[0.21] R26[0.34] A1[0.08] G2[0.08] G3[0.08];0.45;0.61;0.02;0.62;0.28;0.00;0.87;0.69;0.3059;0.3063;1
163;163;Agent_1;RL selected stage 1 [evFIS] (deficit bucket: mid) → rejected (no improving perturbation found | seed-base decision stands, its orders are applied);1;0;R7[0.02] R20[0.42] R26[0.34] A1[0.68] G2[0.38] G4[0.25];0.37;0.52;0.01;0.89;0.62;0.00;0.87;0.69;0.3062;0.3065;1
163;163;Agent_2;RL selected stage 1 [evFIS] (deficit bucket: mid) → rejected (no improving perturbation found | seed-base decision stands, its orders are applied);1;0;R7[0.08] R11[0.23] R15[0.23] R20[0.40] R26[0.34] A1[0.08];0.27;0.51;0.19;0.63;0.72;0.41;0.79;0.68;0.3062;0.3065;1
163;163;Agent_3;RL selected stage 1 [evFIS] (deficit bucket: mid) → rejected (no improving perturbation found | seed-base decision stands, its orders are applied);1;0;R7[0.04] R20[0.20] R26[0.34] A1[0.08] G2[0.08] G3[0.08];0.45;0.60;0.02;0.62;0.27;0.00;0.87;0.69;0.3062;0.3065;1
164;164;Agent_1;orders came from the seed rule base (rules as-is);0;0;R7[0.02] R20[0.43] R26[0.34] A1[0.68] G2[0.38] G4[0.25];0.37;0.52;0.01;0.89;0.62;0.00;0.87;0.69;0.3056;0.3059;1
164;164;Agent_2;orders came from the seed rule base (rules as-is);0;0;R7[0.08] R11[0.23] R15[0.23] R20[0.40] R26[0.34] A1[0.08];0.27;0.51;0.19;0.63;0.72;0.41;0.79;0.68;0.3056;0.3059;1
164;164;Agent_3;orders came from the seed rule base (rules as-is);0;0;R7[0.04] R20[0.20] R26[0.34] A1[0.08] G2[0.08] G3[0.08];0.45;0.61;0.02;0.62;0.27;0.00;0.87;0.69;0.3056;0.3059;1
165;165;Agent_1;orders came from the seed rule base (rules as-is);0;0;R7[0.02] R20[0.43] R26[0.34] A1[0.68] G2[0.39] G4[0.25];0.37;0.52;0.01;0.89;0.62;0.00;0.87;0.69;0.3108;0.3060;1
165;165;Agent_2;orders came from the seed rule base (rules as-is);0;0;R7[0.08] R11[0.23] R15[0.23] R20[0.40] R26[0.34] A1[0.08];0.27;0.51;0.19;0.63;0.72;0.41;0.79;0.68;0.3108;0.3060;1
165;165;Agent_3;orders came from the seed rule base (rules as-is);0;0;R7[0.04] R20[0.20] R26[0.34] A1[0.08] G2[0.08] G3[0.08];0.45;0.60;0.02;0.62;0.27;0.00;0.87;0.69;0.3108;0.3060;1
166;166;Agent_1;orders came from the seed rule base (rules as-is);0;0;R7[0.02] R20[0.44] R26[0.34] A1[0.68] G2[0.40] G4[0.25];0.37;0.52;0.01;0.89;0.62;0.00;0.87;0.69;0.3088;0.3062;1
166;166;Agent_2;orders came from the seed rule base (rules as-is);0;0;R7[0.08] R11[0.23] R15[0.23] R20[0.40] R26[0.34] A1[0.08];0.27;0.51;0.19;0.63;0.72;0.41;0.79;0.68;0.3088;0.3062;1
166;166;Agent_3;orders came from the seed rule base (rules as-is);0;0;R7[0.04] R20[0.20] R26[0.34] A1[0.08] G2[0.08] G3[0.08];0.45;0.60;0.02;0.62;0.27;0.00;0.87;0.69;0.3088;0.3062;1
167;167;Agent_1;orders came from the seed rule base (rules as-is);0;0;R7[0.02] R20[0.44] R26[0.34] A1[0.68] G2[0.40] G4[0.25];0.37;0.52;0.01;0.89;0.62;0.00;0.87;0.69;0.3077;0.3060;1
167;167;Agent_2;orders came from the seed rule base (rules as-is);0;0;R7[0.08] R11[0.23] R15[0.23] R20[0.40] R26[0.34] A1[0.08];0.27;0.51;0.19;0.63;0.72;0.41;0.79;0.68;0.3077;0.3060;1
167;167;Agent_3;orders came from the seed rule base (rules as-is);0;0;R7[0.04] R20[0.20] R26[0.34] A1[0.08] G2[0.08] G3[0.08];0.45;0.60;0.02;0.62;0.26;0.00;0.87;0.69;0.3077;0.3060;1
168;168;Agent_1;orders came from the seed rule base (rules as-is);0;0;R7[0.02] R20[0.44] R26[0.34] A1[0.68] G2[0.40] G4[0.25];0.37;0.52;0.01;0.89;0.62;0.00;0.87;0.69;0.3074;0.3061;1
168;168;Agent_2;orders came from the seed rule base (rules as-is);0;0;R7[0.08] R11[0.23] R15[0.23] R20[0.40] R26[0.34] A1[0.08];0.27;0.51;0.19;0.63;0.72;0.41;0.79;0.68;0.3074;0.3061;1
168;168;Agent_3;orders came from the seed rule base (rules as-is);0;0;R7[0.04] R20[0.20] R26[0.34] A1[0.08] G2[0.08] G3[0.08];0.45;0.60;0.02;0.62;0.27;0.00;0.87;0.69;0.3074;0.3061;1
169;169;Agent_1;orders came from the seed rule base (rules as-is);0;0;R7[0.02] R20[0.44] R26[0.34] A1[0.68] G2[0.40] G4[0.25];0.37;0.52;0.01;0.89;0.62;0.00;0.87;0.69;0.3065;0.3062;1
169;169;Agent_2;orders came from the seed rule base (rules as-is);0;0;R7[0.08] R11[0.23] R15[0.23] R20[0.40] R26[0.34] A1[0.08];0.27;0.51;0.19;0.63;0.72;0.41;0.79;0.68;0.3065;0.3062;1
169;169;Agent_3;orders came from the seed rule base (rules as-is);0;0;R7[0.04] R20[0.20] R26[0.34] A1[0.08] G2[0.08] G3[0.08];0.45;0.60;0.02;0.61;0.26;0.00;0.87;0.69;0.3065;0.3062;1
170;170;Agent_1;orders came from the seed rule base (rules as-is);0;0;R7[0.02] R20[0.44] R26[0.34] A1[0.68] G2[0.40] G4[0.25];0.37;0.52;0.01;0.89;0.62;0.00;0.87;0.69;0.3070;0.3063;1
170;170;Agent_2;orders came from the seed rule base (rules as-is);0;0;R7[0.08] R11[0.23] R15[0.23] R20[0.40] R26[0.34] A1[0.08];0.27;0.51;0.19;0.63;0.72;0.41;0.79;0.68;0.3070;0.3063;1
170;170;Agent_3;orders came from the seed rule base (rules as-is);0;0;R7[0.04] R20[0.20] R26[0.34] A1[0.08] G2[0.07] G3[0.08];0.45;0.60;0.02;0.61;0.25;0.00;0.86;0.69;0.3070;0.3063;1
171;171;Agent_1;orders came from the seed rule base (rules as-is);0;0;R7[0.02] R20[0.44] R26[0.34] A1[0.68] G2[0.40] G4[0.25];0.37;0.52;0.01;0.89;0.62;0.00;0.86;0.69;0.3099;0.3073;1
171;171;Agent_2;orders came from the seed rule base (rules as-is);0;0;R7[0.08] R11[0.23] R15[0.23] R20[0.40] R26[0.34] A1[0.08];0.27;0.51;0.19;0.63;0.72;0.41;0.79;0.68;0.3099;0.3073;1
171;171;Agent_3;orders came from the seed rule base (rules as-is);0;0;R7[0.04] R20[0.19] R26[0.34] A1[0.08] G2[0.07] G3[0.08];0.45;0.60;0.02;0.61;0.25;0.00;0.86;0.69;0.3099;0.3073;1
172;172;Agent_1;orders came from the seed rule base (rules as-is);0;0;R7[0.02] R20[0.44] R26[0.34] A1[0.68] G2[0.40] G4[0.25];0.37;0.52;0.01;0.89;0.62;0.00;0.86;0.69;0.3073;0.3064;1
172;172;Agent_2;orders came from the seed rule base (rules as-is);0;0;R7[0.08] R11[0.23] R15[0.23] R20[0.40] R26[0.34] A1[0.08];0.27;0.51;0.19;0.63;0.72;0.41;0.79;0.68;0.3073;0.3064;1
172;172;Agent_3;orders came from the seed rule base (rules as-is);0;0;R7[0.04] R20[0.19] R26[0.34] A1[0.08] G2[0.07] G3[0.08];0.45;0.59;0.02;0.61;0.24;0.00;0.86;0.69;0.3073;0.3064;1
173;173;Agent_1;RL selected stage 1 [evFIS] (deficit bucket: mid) → rejected (no improving perturbation found | seed-base decision stands, its orders are applied);1;0;R7[0.02] R20[0.44] R26[0.34] A1[0.68] G2[0.40] G4[0.25];0.37;0.52;0.01;0.89;0.62;0.00;0.86;0.69;0.3075;0.3063;1
173;173;Agent_2;RL selected stage 1 [evFIS] (deficit bucket: mid) → rejected (no improving perturbation found | seed-base decision stands, its orders are applied);1;0;R7[0.08] R11[0.23] R15[0.23] R20[0.40] R26[0.34] A1[0.08];0.27;0.51;0.19;0.63;0.72;0.41;0.79;0.68;0.3075;0.3063;1
173;173;Agent_3;RL selected stage 1 [evFIS] (deficit bucket: mid) → rejected (no improving perturbation found | seed-base decision stands, its orders are applied);1;0;R7[0.04] R20[0.19] R26[0.34] A1[0.08] G2[0.07] G3[0.08];0.45;0.59;0.02;0.61;0.24;0.00;0.86;0.69;0.3075;0.3063;1
174;174;Agent_1;orders came from the seed rule base (rules as-is);0;0;R7[0.02] R20[0.44] R26[0.34] A1[0.68] G2[0.40] G4[0.25];0.37;0.52;0.01;0.89;0.62;0.00;0.86;0.69;0.3077;0.3064;1
174;174;Agent_2;orders came from the seed rule base (rules as-is);0;0;R7[0.08] R11[0.23] R15[0.23] R20[0.40] R26[0.34] A1[0.08];0.27;0.51;0.19;0.63;0.72;0.41;0.79;0.68;0.3077;0.3064;1
174;174;Agent_3;orders came from the seed rule base (rules as-is);0;0;R7[0.04] R20[0.19] R26[0.34] A1[0.08] G2[0.07] G3[0.08];0.45;0.59;0.02;0.61;0.24;0.00;0.86;0.69;0.3077;0.3064;1
175;175;Agent_1;orders came from the seed rule base (rules as-is);0;0;R7[0.02] R20[0.45] R26[0.34] A1[0.68] G2[0.41] G4[0.25];0.37;0.52;0.01;0.89;0.62;0.00;0.86;0.69;0.3109;0.3065;1
175;175;Agent_2;orders came from the seed rule base (rules as-is);0;0;R7[0.08] R11[0.23] R15[0.23] R20[0.40] R26[0.34] A1[0.08];0.27;0.51;0.19;0.69;0.72;0.41;0.78;0.68;0.3109;0.3065;1
175;175;Agent_3;orders came from the seed rule base (rules as-is);0;0;R7[0.04] R20[0.19] R26[0.34] A1[0.08] G2[0.07] G3[0.08];0.45;0.59;0.02;0.61;0.24;0.00;0.86;0.69;0.3109;0.3065;1
176;176;Agent_1;orders came from the seed rule base (rules as-is);0;0;R7[0.02] R20[0.45] R26[0.34] A1[0.68] G2[0.41] G4[0.25];0.37;0.52;0.01;0.89;0.62;0.00;0.86;0.69;0.3090;0.3076;1
176;176;Agent_2;orders came from the seed rule base (rules as-is);0;0;R7[0.08] R11[0.23] R15[0.23] R20[0.40] R26[0.34] A1[0.08];0.27;0.52;0.19;0.74;0.72;0.41;0.77;0.68;0.3090;0.3076;1
176;176;Agent_3;orders came from the seed rule base (rules as-is);0;0;R7[0.04] R20[0.19] R26[0.34] A1[0.08] G2[0.06] G3[0.08];0.45;0.59;0.02;0.60;0.23;0.00;0.86;0.69;0.3090;0.3076;1
177;177;Agent_1;orders came from the seed rule base (rules as-is);0;0;R7[0.02] R20[0.45] R26[0.34] A1[0.68] G2[0.41] G4[0.25];0.37;0.52;0.01;0.89;0.62;0.00;0.86;0.69;0.3082;0.3075;1
177;177;Agent_2;orders came from the seed rule base (rules as-is);0;0;R7[0.08] R11[0.23] R15[0.23] R20[0.39] R26[0.34] A1[0.08];0.27;0.52;0.19;0.78;0.72;0.41;0.76;0.68;0.3082;0.3075;1
177;177;Agent_3;orders came from the seed rule base (rules as-is);0;0;R7[0.04] R20[0.18] R26[0.34] A1[0.08] G2[0.06] G3[0.08];0.45;0.58;0.02;0.60;0.22;0.00;0.86;0.69;0.3082;0.3075;1
178;178;Agent_1;orders came from the seed rule base (rules as-is);0;0;R7[0.02] R20[0.45] R26[0.34] A1[0.68] G2[0.41] G4[0.25];0.37;0.52;0.01;0.89;0.62;0.00;0.86;0.69;0.3087;0.3066;1
178;178;Agent_2;orders came from the seed rule base (rules as-is);0;0;R7[0.08] R11[0.23] R15[0.23] R20[0.34] R26[0.34] A1[0.08];0.27;0.52;0.19;0.78;0.72;0.41;0.76;0.68;0.3087;0.3066;1
178;178;Agent_3;orders came from the seed rule base (rules as-is);0;0;R7[0.04] R20[0.18] R26[0.34] A1[0.08] G2[0.06] G3[0.08];0.45;0.58;0.02;0.60;0.22;0.00;0.86;0.69;0.3087;0.3066;1
179;179;Agent_1;orders came from the seed rule base (rules as-is);0;0;R7[0.02] R20[0.45] R26[0.34] A1[0.68] G2[0.41] G4[0.25];0.37;0.52;0.01;0.89;0.62;0.00;0.86;0.69;0.3087;0.3073;1
179;179;Agent_2;orders came from the seed rule base (rules as-is);0;0;R7[0.08] R11[0.23] R15[0.23] R20[0.28] R26[0.34] A1[0.08];0.28;0.54;0.19;0.78;0.72;0.41;0.75;0.68;0.3087;0.3073;1
179;179;Agent_3;orders came from the seed rule base (rules as-is);0;0;R7[0.04] R20[0.18] R26[0.34] A1[0.08] G2[0.06] G3[0.08];0.45;0.58;0.02;0.60;0.21;0.00;0.86;0.69;0.3087;0.3073;1
180;180;Agent_1;orders came from the seed rule base (rules as-is);0;0;R7[0.02] R20[0.45] R26[0.34] A1[0.68] G2[0.41] G4[0.25];0.37;0.52;0.01;0.89;0.62;0.00;0.86;0.69;0.3096;0.3070;1
180;180;Agent_2;orders came from the seed rule base (rules as-is);0;0;R7[0.08] R11[0.23] R15[0.23] R20[0.25] R26[0.34] A1[0.08];0.29;0.55;0.19;0.78;0.72;0.41;0.74;0.68;0.3096;0.3070;1
180;180;Agent_3;orders came from the seed rule base (rules as-is);0;0;R7[0.04] R20[0.18] R26[0.34] A1[0.08] G2[0.06] G3[0.08];0.45;0.58;0.02;0.60;0.21;0.00;0.86;0.69;0.3096;0.3070;1
181;181;Agent_1;orders came from the seed rule base (rules as-is);0;0;R7[0.02] R20[0.45] R26[0.34] A1[0.68] G2[0.41] G4[0.25];0.37;0.52;0.01;0.89;0.62;0.00;0.86;0.69;0.3095;0.3070;1
181;181;Agent_2;orders came from the seed rule base (rules as-is);0;0;R7[0.08] R11[0.23] R15[0.23] R20[0.19] R26[0.34] A1[0.08];0.32;0.57;0.19;0.78;0.71;0.41;0.73;0.68;0.3095;0.3070;1
181;181;Agent_3;orders came from the seed rule base (rules as-is);0;0;R7[0.04] R20[0.18] R26[0.34] A1[0.08] G2[0.05] G3[0.08];0.45;0.58;0.02;0.59;0.21;0.00;0.86;0.69;0.3095;0.3070;1
182;182;Agent_1;orders came from the seed rule base (rules as-is);0;0;R7[0.02] R20[0.45] R26[0.34] A1[0.68] G2[0.41] G4[0.25];0.37;0.52;0.01;0.89;0.62;0.00;0.86;0.69;0.3091;0.3081;1
182;182;Agent_2;orders came from the seed rule base (rules as-is);0;0;R7[0.08] R11[0.23] R15[0.23] R20[0.18] R26[0.34] A1[0.08];0.32;0.57;0.19;0.78;0.71;0.41;0.72;0.68;0.3091;0.3081;1
182;182;Agent_3;orders came from the seed rule base (rules as-is);0;0;R7[0.04] R20[0.17] R26[0.34] A1[0.08] G2[0.04] G3[0.08];0.45;0.57;0.02;0.58;0.19;0.00;0.86;0.69;0.3091;0.3081;1
183;183;Agent_1;RL selected stage 1 [evFIS] (deficit bucket: mid) → rejected (no improving perturbation found | seed-base decision stands, its orders are applied);1;0;R7[0.02] R20[0.45] R26[0.34] A1[0.68] G2[0.41] G4[0.25];0.37;0.52;0.01;0.89;0.62;0.00;0.86;0.69;0.3095;0.3070;1
183;183;Agent_2;RL selected stage 1 [evFIS] (deficit bucket: mid) → rejected (no improving perturbation found | seed-base decision stands, its orders are applied);1;0;R7[0.08] R11[0.23] R15[0.23] R20[0.17] R26[0.34] A1[0.08];0.32;0.58;0.19;0.78;0.71;0.41;0.71;0.68;0.3095;0.3070;1
183;183;Agent_3;RL selected stage 1 [evFIS] (deficit bucket: mid) → rejected (no improving perturbation found | seed-base decision stands, its orders are applied);1;0;R7[0.04] R20[0.17] R26[0.34] A1[0.08] G2[0.04] G3[0.08];0.45;0.57;0.02;0.58;0.18;0.00;0.86;0.69;0.3095;0.3070;1
184;184;Agent_1;orders came from the seed rule base (rules as-is);0;0;R7[0.02] R20[0.45] R26[0.34] A1[0.68] G2[0.41] G4[0.25];0.37;0.52;0.01;0.89;0.62;0.00;0.86;0.69;0.3131;0.3066;1
184;184;Agent_2;orders came from the seed rule base (rules as-is);0;0;R7[0.08] R11[0.23] R15[0.23] R20[0.17] R26[0.34] A1[0.08];0.33;0.58;0.19;0.78;0.71;0.41;0.71;0.68;0.3131;0.3066;1
184;184;Agent_3;orders came from the seed rule base (rules as-is);0;0;R7[0.04] R20[0.17] R26[0.34] A1[0.08] G2[0.04] G3[0.08];0.45;0.56;0.02;0.58;0.17;0.00;0.86;0.69;0.3131;0.3066;1
185;185;Agent_1;orders came from the seed rule base (rules as-is);0;0;R7[0.02] R20[0.45] R26[0.34] A1[0.68] G2[0.41] G4[0.25];0.37;0.52;0.01;0.89;0.62;0.00;0.86;0.69;0.3096;0.3064;1
185;185;Agent_2;orders came from the seed rule base (rules as-is);0;0;R7[0.08] R11[0.23] R15[0.23] R20[0.16] R26[0.34] A1[0.08];0.33;0.58;0.19;0.78;0.71;0.41;0.71;0.68;0.3096;0.3064;1
185;185;Agent_3;orders came from the seed rule base (rules as-is);0;0;R7[0.04] R20[0.17] R26[0.34] A1[0.08] G2[0.04] G3[0.08];0.45;0.56;0.02;0.58;0.17;0.00;0.86;0.69;0.3096;0.3064;1
186;186;Agent_1;orders came from the seed rule base (rules as-is);0;0;R7[0.02] R20[0.45] R26[0.34] A1[0.68] G2[0.41] G4[0.25];0.37;0.52;0.01;0.89;0.62;0.00;0.86;0.69;0.3097;0.3069;1
186;186;Agent_2;orders came from the seed rule base (rules as-is);0;0;R7[0.08] R11[0.23] R15[0.23] R20[0.16] R26[0.34] A1[0.08];0.33;0.58;0.19;0.78;0.71;0.41;0.71;0.68;0.3097;0.3069;1
186;186;Agent_3;orders came from the seed rule base (rules as-is);0;0;R7[0.04] R20[0.16] R26[0.34] A1[0.08] G2[0.04] G3[0.08];0.45;0.56;0.02;0.58;0.17;0.00;0.86;0.69;0.3097;0.3069;1
187;187;Agent_1;orders came from the seed rule base (rules as-is);0;0;R7[0.02] R20[0.45] R26[0.34] A1[0.68] G2[0.41] G4[0.25];0.37;0.52;0.01;0.89;0.62;0.00;0.86;0.69;0.3100;0.3068;1
187;187;Agent_2;orders came from the seed rule base (rules as-is);0;0;R7[0.08] R11[0.23] R15[0.23] R20[0.16] R26[0.34] A1[0.08];0.33;0.58;0.19;0.78;0.71;0.41;0.71;0.68;0.3100;0.3068;1
187;187;Agent_3;orders came from the seed rule base (rules as-is);0;0;R7[0.04] R20[0.16] R26[0.34] A1[0.08] G2[0.04] G3[0.08];0.45;0.56;0.02;0.58;0.17;0.00;0.86;0.69;0.3100;0.3068;1
188;188;Agent_1;orders came from the seed rule base (rules as-is);0;0;R7[0.02] R20[0.44] R26[0.34] A1[0.68] G2[0.40] G4[0.25];0.37;0.52;0.01;0.89;0.62;0.00;0.87;0.69;0.3101;0.3073;1
188;188;Agent_2;orders came from the seed rule base (rules as-is);0;0;R7[0.08] R11[0.23] R15[0.23] R20[0.16] R26[0.34] A1[0.08];0.33;0.58;0.19;0.78;0.71;0.41;0.71;0.68;0.3101;0.3073;1
188;188;Agent_3;orders came from the seed rule base (rules as-is);0;0;R7[0.04] R20[0.16] R26[0.34] A1[0.08] G2[0.04] G3[0.08];0.45;0.56;0.02;0.58;0.17;0.00;0.86;0.69;0.3101;0.3073;1
189;189;Agent_1;orders came from the seed rule base (rules as-is);0;0;R7[0.02] R20[0.44] R26[0.34] A1[0.68] G2[0.40] G4[0.25];0.37;0.52;0.01;0.89;0.62;0.00;0.87;0.69;0.3105;0.3072;1
189;189;Agent_2;orders came from the seed rule base (rules as-is);0;0;R7[0.08] R11[0.23] R15[0.23] R20[0.16] R26[0.34] A1[0.08];0.33;0.58;0.19;0.78;0.71;0.41;0.71;0.68;0.3105;0.3072;1
189;189;Agent_3;orders came from the seed rule base (rules as-is);0;0;R7[0.04] R20[0.16] R26[0.34] A1[0.08] G2[0.04] G3[0.08];0.45;0.56;0.02;0.58;0.17;0.00;0.86;0.69;0.3105;0.3072;1
190;190;Agent_1;orders came from the seed rule base (rules as-is);0;0;R7[0.02] R20[0.44] R26[0.34] A1[0.68] G2[0.40] G4[0.25];0.37;0.52;0.01;0.89;0.62;0.00;0.87;0.69;0.3106;0.3069;1
190;190;Agent_2;orders came from the seed rule base (rules as-is);0;0;R7[0.08] R11[0.23] R15[0.23] R20[0.16] R26[0.34] A1[0.08];0.33;0.58;0.19;0.78;0.71;0.41;0.70;0.68;0.3106;0.3069;1
190;190;Agent_3;orders came from the seed rule base (rules as-is);0;0;R7[0.04] R20[0.16] R26[0.34] A1[0.08] G2[0.04] G3[0.08];0.45;0.56;0.02;0.58;0.17;0.00;0.86;0.69;0.3106;0.3069;1
191;191;Agent_1;orders came from the seed rule base (rules as-is);0;0;R7[0.02] R20[0.44] R26[0.34] A1[0.68] G2[0.40] G4[0.25];0.37;0.52;0.01;0.89;0.62;0.00;0.87;0.69;0.3110;0.3071;1
191;191;Agent_2;orders came from the seed rule base (rules as-is);0;0;R7[0.08] R11[0.23] R15[0.23] R20[0.16] R26[0.34] A1[0.08];0.33;0.58;0.19;0.78;0.71;0.41;0.70;0.67;0.3110;0.3071;1
191;191;Agent_3;orders came from the seed rule base (rules as-is);0;0;R7[0.04] R20[0.16] R26[0.34] A1[0.08] G2[0.04] G3[0.08];0.45;0.56;0.02;0.58;0.17;0.00;0.86;0.69;0.3110;0.3071;1
192;192;Agent_1;orders came from the seed rule base (rules as-is);0;0;R7[0.02] R20[0.44] R26[0.34] A1[0.68] G2[0.40] G4[0.25];0.37;0.52;0.01;0.89;0.62;0.00;0.87;0.69;0.3107;0.3081;1
192;192;Agent_2;orders came from the seed rule base (rules as-is);0;0;R7[0.08] R11[0.23] R15[0.23] R20[0.16] R26[0.34] A1[0.08];0.33;0.58;0.19;0.78;0.71;0.41;0.70;0.67;0.3107;0.3081;1
192;192;Agent_3;orders came from the seed rule base (rules as-is);0;0;R7[0.04] R20[0.16] R26[0.34] A1[0.08] G2[0.04] G3[0.08];0.45;0.56;0.02;0.58;0.17;0.00;0.86;0.69;0.3107;0.3081;1
193;193;Agent_1;RL selected stage 1 [evFIS] (deficit bucket: low) → rejected (no improving perturbation found | seed-base decision stands, its orders are applied);1;0;R7[0.02] R20[0.44] R26[0.34] A1[0.68] G2[0.40] G4[0.25];0.37;0.52;0.01;0.89;0.62;0.00;0.87;0.69;0.3117;0.3077;1
193;193;Agent_2;RL selected stage 1 [evFIS] (deficit bucket: low) → rejected (no improving perturbation found | seed-base decision stands, its orders are applied);1;0;R7[0.08] R11[0.23] R15[0.23] R20[0.16] R26[0.34] A1[0.08];0.33;0.58;0.19;0.78;0.71;0.41;0.70;0.67;0.3117;0.3077;1
193;193;Agent_3;RL selected stage 1 [evFIS] (deficit bucket: low) → rejected (no improving perturbation found | seed-base decision stands, its orders are applied);1;0;R7[0.04] R20[0.16] R26[0.34] A1[0.08] G2[0.04] G3[0.08];0.45;0.56;0.02;0.58;0.17;0.00;0.86;0.69;0.3117;0.3077;1
194;194;Agent_1;orders came from the seed rule base (rules as-is);0;0;R7[0.02] R20[0.44] R26[0.34] A1[0.68] G2[0.40] G4[0.25];0.37;0.52;0.01;0.89;0.62;0.00;0.87;0.69;0.3114;0.3073;1
194;194;Agent_2;orders came from the seed rule base (rules as-is);0;0;R7[0.08] R11[0.23] R15[0.23] R20[0.16] R26[0.34] A1[0.08];0.33;0.58;0.19;0.78;0.71;0.41;0.70;0.67;0.3114;0.3073;1
194;194;Agent_3;orders came from the seed rule base (rules as-is);0;0;R7[0.04] R20[0.16] R26[0.34] A1[0.08] G2[0.04] G3[0.08];0.45;0.56;0.02;0.58;0.17;0.00;0.86;0.69;0.3114;0.3073;1
195;195;Agent_1;orders came from the seed rule base (rules as-is);0;0;R7[0.02] R20[0.44] R26[0.34] A1[0.68] G2[0.40] G4[0.25];0.37;0.52;0.01;0.89;0.62;0.00;0.87;0.69;0.3110;0.3070;1
195;195;Agent_2;orders came from the seed rule base (rules as-is);0;0;R7[0.08] R11[0.23] R15[0.23] R20[0.16] R26[0.34] A1[0.08];0.33;0.58;0.19;0.78;0.71;0.41;0.70;0.67;0.3110;0.3070;1
195;195;Agent_3;orders came from the seed rule base (rules as-is);0;0;R7[0.04] R20[0.16] R26[0.34] A1[0.08] G2[0.04] G3[0.08];0.45;0.56;0.02;0.58;0.17;0.00;0.86;0.69;0.3110;0.3070;1
196;196;Agent_1;orders came from the seed rule base (rules as-is);0;0;R7[0.02] R20[0.44] R26[0.34] A1[0.68] G2[0.40] G4[0.25];0.37;0.52;0.01;0.89;0.62;0.00;0.87;0.69;0.3125;0.3087;1
196;196;Agent_2;orders came from the seed rule base (rules as-is);0;0;R7[0.08] R11[0.23] R15[0.23] R20[0.16] R26[0.34] A1[0.08];0.33;0.58;0.19;0.78;0.71;0.41;0.70;0.67;0.3125;0.3087;1
196;196;Agent_3;orders came from the seed rule base (rules as-is);0;0;R7[0.04] R20[0.16] R26[0.34] A1[0.08] G2[0.04] G3[0.08];0.45;0.56;0.02;0.58;0.17;0.00;0.86;0.69;0.3125;0.3087;1
197;197;Agent_1;orders came from the seed rule base (rules as-is);0;0;R7[0.02] R20[0.44] R26[0.34] A1[0.68] G2[0.40] G4[0.25];0.37;0.52;0.01;0.89;0.62;0.00;0.87;0.69;0.3111;0.3094;1
197;197;Agent_2;orders came from the seed rule base (rules as-is);0;0;R7[0.08] R11[0.23] R15[0.23] R20[0.16] R26[0.34] A1[0.08];0.33;0.58;0.19;0.78;0.71;0.41;0.70;0.67;0.3111;0.3094;1
197;197;Agent_3;orders came from the seed rule base (rules as-is);0;0;R7[0.04] R20[0.16] R26[0.34] A1[0.08] G2[0.04] G3[0.08];0.45;0.56;0.02;0.58;0.17;0.00;0.86;0.69;0.3111;0.3094;1
198;198;Agent_1;orders came from the seed rule base (rules as-is);0;0;R7[0.02] R20[0.45] R26[0.34] A1[0.68] G2[0.41] G4[0.25];0.37;0.52;0.01;0.89;0.62;0.00;0.86;0.69;0.3160;0.3073;1
198;198;Agent_2;orders came from the seed rule base (rules as-is);0;0;R7[0.08] R11[0.23] R15[0.23] R20[0.16] R26[0.34] A1[0.08];0.33;0.58;0.19;0.78;0.71;0.41;0.70;0.67;0.3160;0.3073;1
198;198;Agent_3;orders came from the seed rule base (rules as-is);0;0;R7[0.04] R20[0.16] R26[0.34] A1[0.08] G2[0.04] G3[0.08];0.45;0.56;0.02;0.58;0.17;0.00;0.86;0.69;0.3160;0.3073;1
199;199;Agent_1;orders came from the seed rule base (rules as-is);0;0;R7[0.02] R20[0.45] R26[0.34] A1[0.68] G2[0.41] G4[0.25];0.37;0.52;0.01;0.89;0.62;0.00;0.86;0.69;0.3113;0.3077;1
199;199;Agent_2;orders came from the seed rule base (rules as-is);0;0;R7[0.08] R11[0.23] R15[0.23] R20[0.16] R26[0.34] A1[0.08];0.33;0.58;0.19;0.78;0.71;0.41;0.70;0.67;0.3113;0.3077;1
199;199;Agent_3;orders came from the seed rule base (rules as-is);0;0;R7[0.04] R20[0.16] R26[0.34] A1[0.08] G2[0.04] G3[0.08];0.45;0.56;0.02;0.58;0.17;0.00;0.86;0.69;0.3113;0.3077;1
200;200;Agent_1;orders came from the seed rule base (rules as-is);0;0;R7[0.02] R20[0.45] R26[0.34] A1[0.68] G2[0.41] G4[0.25];0.37;0.52;0.01;0.89;0.62;0.00;0.86;0.69;0.3114;0.3070;1
200;200;Agent_2;orders came from the seed rule base (rules as-is);0;0;R7[0.08] R11[0.23] R15[0.23] R20[0.16] R26[0.34] A1[0.08];0.33;0.58;0.19;0.78;0.71;0.41;0.70;0.67;0.3114;0.3070;1
200;200;Agent_3;orders came from the seed rule base (rules as-is);0;0;R7[0.04] R20[0.16] R26[0.34] A1[0.08] G2[0.04] G3[0.08];0.45;0.56;0.02;0.58;0.17;0.00;0.86;0.69;0.3114;0.3070;1
201;201;Agent_1;orders came from the seed rule base (rules as-is);0;0;R7[0.02] R20[0.45] R26[0.34] A1[0.68] G2[0.41] G4[0.25];0.37;0.52;0.01;0.89;0.62;0.00;0.86;0.69;0.3115;0.3072;1
201;201;Agent_2;orders came from the seed rule base (rules as-is);0;0;R7[0.08] R11[0.23] R15[0.23] R20[0.16] R26[0.34] A1[0.08];0.33;0.58;0.19;0.78;0.71;0.41;0.70;0.67;0.3115;0.3072;1
201;201;Agent_3;orders came from the seed rule base (rules as-is);0;0;R7[0.04] R20[0.16] R26[0.34] A1[0.08] G2[0.04] G3[0.08];0.45;0.56;0.02;0.58;0.17;0.00;0.86;0.69;0.3115;0.3072;1
202;202;Agent_1;orders came from the seed rule base (rules as-is);0;0;R7[0.02] R20[0.45] R26[0.34] A1[0.68] G2[0.41] G4[0.25];0.37;0.52;0.01;0.89;0.62;0.00;0.86;0.69;0.3128;0.3084;1
202;202;Agent_2;orders came from the seed rule base (rules as-is);0;0;R7[0.08] R11[0.23] R15[0.23] R20[0.16] R26[0.34] A1[0.08];0.33;0.58;0.19;0.78;0.71;0.41;0.70;0.67;0.3128;0.3084;1
202;202;Agent_3;orders came from the seed rule base (rules as-is);0;0;R7[0.04] R20[0.16] R26[0.34] A1[0.08] G2[0.04] G3[0.08];0.45;0.56;0.02;0.58;0.17;0.00;0.86;0.69;0.3128;0.3084;1
203;203;Agent_1;RL selected stage 1 [evFIS] (deficit bucket: low) → rejected (no improving perturbation found | seed-base decision stands, its orders are applied);1;0;R7[0.02] R20[0.45] R26[0.34] A1[0.68] G2[0.41] G4[0.25];0.37;0.52;0.01;0.89;0.62;0.00;0.86;0.69;0.3131;0.3072;1
203;203;Agent_2;RL selected stage 1 [evFIS] (deficit bucket: low) → rejected (no improving perturbation found | seed-base decision stands, its orders are applied);1;0;R7[0.08] R11[0.23] R15[0.23] R20[0.16] R26[0.34] A1[0.08];0.33;0.58;0.19;0.78;0.71;0.41;0.70;0.67;0.3131;0.3072;1
203;203;Agent_3;RL selected stage 1 [evFIS] (deficit bucket: low) → rejected (no improving perturbation found | seed-base decision stands, its orders are applied);1;0;R7[0.04] R20[0.16] R26[0.34] A1[0.08] G2[0.04] G3[0.08];0.45;0.56;0.02;0.58;0.17;0.00;0.86;0.69;0.3131;0.3072;1
204;204;Agent_1;orders came from the seed rule base (rules as-is);0;0;R7[0.02] R20[0.45] R26[0.34] A1[0.68] G2[0.41] G4[0.25];0.37;0.52;0.01;0.89;0.62;0.00;0.86;0.69;0.3118;0.3078;1
204;204;Agent_2;orders came from the seed rule base (rules as-is);0;0;R7[0.08] R11[0.23] R15[0.23] R20[0.16] R26[0.34] A1[0.08];0.33;0.58;0.19;0.78;0.71;0.41;0.70;0.67;0.3118;0.3078;1
204;204;Agent_3;orders came from the seed rule base (rules as-is);0;0;R7[0.04] R20[0.16] R26[0.34] A1[0.08] G2[0.04] G3[0.08];0.45;0.56;0.02;0.58;0.17;0.00;0.86;0.69;0.3118;0.3078;1
205;205;Agent_1;orders came from the seed rule base (rules as-is);0;0;R7[0.02] R20[0.45] R26[0.34] A1[0.68] G2[0.41] G4[0.25];0.37;0.52;0.01;0.89;0.62;0.00;0.86;0.69;0.3119;0.3080;1
205;205;Agent_2;orders came from the seed rule base (rules as-is);0;0;R7[0.08] R11[0.23] R15[0.23] R20[0.16] R26[0.34] A1[0.08];0.33;0.58;0.19;0.78;0.71;0.41;0.70;0.67;0.3119;0.3080;1
205;205;Agent_3;orders came from the seed rule base (rules as-is);0;0;R7[0.04] R20[0.16] R26[0.34] A1[0.08] G2[0.04] G3[0.08];0.45;0.56;0.02;0.58;0.17;0.00;0.86;0.69;0.3119;0.3080;1
206;206;Agent_1;orders came from the seed rule base (rules as-is);0;0;R7[0.02] R20[0.45] R26[0.34] A1[0.68] G2[0.41] G4[0.25];0.37;0.52;0.01;0.89;0.62;0.00;0.86;0.69;0.3121;0.3073;1
206;206;Agent_2;orders came from the seed rule base (rules as-is);0;0;R7[0.08] R11[0.23] R15[0.23] R20[0.16] R26[0.34] A1[0.08];0.33;0.58;0.19;0.78;0.71;0.41;0.70;0.67;0.3121;0.3073;1
206;206;Agent_3;orders came from the seed rule base (rules as-is);0;0;R7[0.04] R20[0.16] R26[0.34] A1[0.08] G2[0.04] G3[0.08];0.45;0.56;0.02;0.58;0.17;0.00;0.86;0.69;0.3121;0.3073;1
207;207;Agent_1;orders came from the seed rule base (rules as-is);0;0;R7[0.02] R20[0.45] R26[0.34] A1[0.68] G2[0.41] G4[0.25];0.37;0.52;0.01;0.89;0.62;0.00;0.86;0.69;0.3120;0.3075;1
207;207;Agent_2;orders came from the seed rule base (rules as-is);0;0;R7[0.08] R11[0.23] R15[0.23] R20[0.16] R26[0.34] A1[0.08];0.33;0.58;0.19;0.78;0.71;0.41;0.70;0.67;0.3120;0.3075;1
207;207;Agent_3;orders came from the seed rule base (rules as-is);0;0;R7[0.04] R20[0.16] R26[0.34] A1[0.08] G2[0.04] G3[0.08];0.45;0.56;0.02;0.58;0.17;0.00;0.86;0.69;0.3120;0.3075;1
208;208;Agent_1;orders came from the seed rule base (rules as-is);0;0;R7[0.02] R20[0.45] R26[0.34] A1[0.68] G2[0.41] G4[0.25];0.37;0.52;0.01;0.89;0.62;0.00;0.86;0.69;0.3130;0.3074;1
208;208;Agent_2;orders came from the seed rule base (rules as-is);0;0;R7[0.08] R11[0.23] R15[0.23] R20[0.16] R26[0.34] A1[0.08];0.33;0.58;0.19;0.78;0.71;0.41;0.70;0.67;0.3130;0.3074;1
208;208;Agent_3;orders came from the seed rule base (rules as-is);0;0;R7[0.04] R20[0.16] R26[0.34] A1[0.08] G2[0.04] G3[0.08];0.45;0.56;0.02;0.58;0.17;0.00;0.86;0.69;0.3130;0.3074;1
209;209;Agent_1;orders came from the seed rule base (rules as-is);0;0;R7[0.02] R20[0.45] R26[0.34] A1[0.68] G2[0.41] G4[0.25];0.37;0.52;0.01;0.89;0.62;0.00;0.86;0.69;0.3122;0.3078;1
209;209;Agent_2;orders came from the seed rule base (rules as-is);0;0;R7[0.08] R11[0.23] R15[0.23] R20[0.16] R26[0.34] A1[0.08];0.33;0.58;0.19;0.78;0.71;0.41;0.70;0.67;0.3122;0.3078;1
209;209;Agent_3;orders came from the seed rule base (rules as-is);0;0;R7[0.04] R20[0.16] R26[0.34] A1[0.08] G2[0.04] G3[0.08];0.45;0.56;0.02;0.58;0.17;0.00;0.86;0.69;0.3122;0.3078;1
210;210;Agent_1;orders came from the seed rule base (rules as-is);0;0;R7[0.02] R20[0.44] R26[0.34] A1[0.68] G2[0.40] G4[0.25];0.37;0.52;0.01;0.89;0.62;0.00;0.87;0.69;0.3124;0.3084;1
210;210;Agent_2;orders came from the seed rule base (rules as-is);0;0;R7[0.08] R11[0.23] R15[0.23] R20[0.16] R26[0.34] A1[0.08];0.33;0.58;0.19;0.78;0.71;0.41;0.70;0.67;0.3124;0.3084;1
210;210;Agent_3;orders came from the seed rule base (rules as-is);0;0;R7[0.04] R20[0.16] R26[0.34] A1[0.08] G2[0.04] G3[0.08];0.45;0.56;0.02;0.58;0.17;0.00;0.86;0.69;0.3124;0.3084;1
211;211;Agent_1;orders came from the seed rule base (rules as-is);0;0;R7[0.02] R20[0.45] R26[0.34] A1[0.68] G2[0.41] G4[0.25];0.37;0.52;0.01;0.89;0.62;0.00;0.86;0.69;0.3126;0.3076;1
211;211;Agent_2;orders came from the seed rule base (rules as-is);0;0;R7[0.08] R11[0.23] R15[0.23] R20[0.16] R26[0.34] A1[0.08];0.33;0.58;0.19;0.78;0.71;0.41;0.70;0.67;0.3126;0.3076;1
211;211;Agent_3;orders came from the seed rule base (rules as-is);0;0;R7[0.04] R20[0.16] R26[0.34] A1[0.08] G2[0.04] G3[0.08];0.45;0.56;0.02;0.58;0.17;0.00;0.86;0.69;0.3126;0.3076;1
212;212;Agent_1;orders came from the seed rule base (rules as-is);0;0;R7[0.02] R20[0.45] R26[0.34] A1[0.68] G2[0.41] G4[0.25];0.37;0.52;0.01;0.89;0.62;0.00;0.86;0.69;0.3125;0.3087;1
212;212;Agent_2;orders came from the seed rule base (rules as-is);0;0;R7[0.08] R11[0.23] R15[0.23] R20[0.16] R26[0.34] A1[0.08];0.33;0.58;0.19;0.78;0.71;0.41;0.70;0.67;0.3125;0.3087;1
212;212;Agent_3;orders came from the seed rule base (rules as-is);0;0;R7[0.04] R20[0.16] R26[0.34] A1[0.08] G2[0.04] G3[0.08];0.45;0.56;0.02;0.58;0.17;0.00;0.86;0.69;0.3125;0.3087;1
213;213;Agent_1;RL selected stage 1 [evFIS] (deficit bucket: low) → rejected (no improving perturbation found | seed-base decision stands, its orders are applied);1;0;R7[0.02] R20[0.45] R26[0.34] A1[0.68] G2[0.41] G4[0.25];0.37;0.52;0.01;0.89;0.62;0.00;0.86;0.69;0.3126;0.3082;1
213;213;Agent_2;RL selected stage 1 [evFIS] (deficit bucket: low) → rejected (no improving perturbation found | seed-base decision stands, its orders are applied);1;0;R7[0.08] R11[0.23] R15[0.23] R20[0.16] R26[0.34] A1[0.08];0.33;0.58;0.19;0.78;0.71;0.41;0.70;0.67;0.3126;0.3082;1
213;213;Agent_3;RL selected stage 1 [evFIS] (deficit bucket: low) → rejected (no improving perturbation found | seed-base decision stands, its orders are applied);1;0;R7[0.04] R20[0.16] R26[0.34] A1[0.08] G2[0.04] G3[0.08];0.45;0.56;0.02;0.58;0.17;0.00;0.86;0.69;0.3126;0.3082;1
214;214;Agent_1;orders came from the seed rule base (rules as-is);0;0;R7[0.02] R20[0.45] R26[0.34] A1[0.68] G2[0.41] G4[0.25];0.37;0.52;0.01;0.89;0.62;0.00;0.86;0.69;0.3126;0.3080;1
214;214;Agent_2;orders came from the seed rule base (rules as-is);0;0;R7[0.08] R11[0.23] R15[0.23] R20[0.16] R26[0.34] A1[0.08];0.33;0.58;0.19;0.78;0.71;0.41;0.70;0.67;0.3126;0.3080;1
214;214;Agent_3;orders came from the seed rule base (rules as-is);0;0;R7[0.04] R20[0.16] R26[0.34] A1[0.08] G2[0.04] G3[0.08];0.45;0.56;0.02;0.58;0.17;0.00;0.86;0.69;0.3126;0.3080;1
215;215;Agent_1;orders came from the seed rule base (rules as-is);0;0;R7[0.02] R20[0.45] R26[0.34] A1[0.68] G2[0.41] G4[0.25];0.37;0.52;0.01;0.89;0.62;0.00;0.86;0.69;0.3128;0.3081;1
215;215;Agent_2;orders came from the seed rule base (rules as-is);0;0;R7[0.08] R11[0.23] R15[0.23] R20[0.16] R26[0.34] A1[0.08];0.33;0.58;0.19;0.78;0.71;0.41;0.70;0.67;0.3128;0.3081;1
215;215;Agent_3;orders came from the seed rule base (rules as-is);0;0;R7[0.04] R20[0.16] R26[0.34] A1[0.08] G2[0.04] G3[0.08];0.45;0.56;0.02;0.58;0.17;0.00;0.86;0.69;0.3128;0.3081;1
216;216;Agent_1;orders came from the seed rule base (rules as-is);0;0;R7[0.02] R20[0.45] R26[0.34] A1[0.68] G2[0.41] G4[0.25];0.37;0.52;0.01;0.89;0.62;0.00;0.86;0.69;0.3128;0.3084;1
216;216;Agent_2;orders came from the seed rule base (rules as-is);0;0;R7[0.08] R11[0.23] R15[0.23] R20[0.16] R26[0.34] A1[0.08];0.33;0.58;0.19;0.78;0.71;0.41;0.70;0.67;0.3128;0.3084;1
216;216;Agent_3;orders came from the seed rule base (rules as-is);0;0;R7[0.04] R20[0.16] R26[0.34] A1[0.08] G2[0.04] G3[0.08];0.45;0.56;0.02;0.58;0.17;0.00;0.86;0.69;0.3128;0.3084;1
217;217;Agent_1;orders came from the seed rule base (rules as-is);0;0;R7[0.02] R20[0.44] R26[0.34] A1[0.68] G2[0.40] G4[0.25];0.37;0.52;0.01;0.89;0.62;0.00;0.87;0.69;0.3156;0.3081;1
217;217;Agent_2;orders came from the seed rule base (rules as-is);0;0;R7[0.08] R11[0.23] R15[0.23] R20[0.16] R26[0.34] A1[0.08];0.33;0.58;0.19;0.78;0.71;0.41;0.70;0.67;0.3156;0.3081;1
217;217;Agent_3;orders came from the seed rule base (rules as-is);0;0;R7[0.04] R20[0.16] R26[0.34] A1[0.08] G2[0.04] G3[0.08];0.45;0.56;0.02;0.58;0.17;0.00;0.86;0.69;0.3156;0.3081;1
218;218;Agent_1;orders came from the seed rule base (rules as-is);0;0;R7[0.02] R20[0.44] R26[0.34] A1[0.68] G2[0.40] G4[0.25];0.37;0.52;0.01;0.89;0.62;0.00;0.87;0.69;0.3130;0.3086;1
218;218;Agent_2;orders came from the seed rule base (rules as-is);0;0;R7[0.08] R11[0.23] R15[0.23] R20[0.16] R26[0.34] A1[0.08];0.33;0.58;0.19;0.78;0.71;0.41;0.70;0.67;0.3130;0.3086;1
218;218;Agent_3;orders came from the seed rule base (rules as-is);0;0;R7[0.04] R20[0.16] R26[0.34] A1[0.08] G2[0.04] G3[0.08];0.45;0.56;0.02;0.58;0.17;0.00;0.86;0.69;0.3130;0.3086;1
219;219;Agent_1;orders came from the seed rule base (rules as-is);0;0;R7[0.02] R20[0.44] R26[0.34] A1[0.68] G2[0.40] G4[0.25];0.37;0.52;0.01;0.89;0.62;0.00;0.87;0.69;0.3138;0.3083;1
219;219;Agent_2;orders came from the seed rule base (rules as-is);0;0;R7[0.08] R11[0.23] R15[0.23] R20[0.16] R26[0.34] A1[0.08];0.33;0.58;0.19;0.78;0.71;0.41;0.70;0.67;0.3138;0.3083;1
219;219;Agent_3;orders came from the seed rule base (rules as-is);0;0;R7[0.04] R20[0.16] R26[0.34] A1[0.08] G2[0.04] G3[0.08];0.45;0.56;0.02;0.58;0.17;0.00;0.86;0.69;0.3138;0.3083;1
220;220;Agent_1;orders came from the seed rule base (rules as-is);0;0;R7[0.02] R20[0.44] R26[0.34] A1[0.68] G2[0.40] G4[0.25];0.37;0.52;0.01;0.89;0.62;0.00;0.87;0.69;0.3136;0.3089;1
220;220;Agent_2;orders came from the seed rule base (rules as-is);0;0;R7[0.08] R11[0.23] R15[0.23] R20[0.16] R26[0.34] A1[0.08];0.33;0.58;0.19;0.78;0.71;0.41;0.70;0.67;0.3136;0.3089;1
220;220;Agent_3;orders came from the seed rule base (rules as-is);0;0;R7[0.04] R20[0.16] R26[0.34] A1[0.08] G2[0.04] G3[0.08];0.45;0.56;0.02;0.58;0.17;0.00;0.86;0.69;0.3136;0.3089;1
221;221;Agent_1;orders came from the seed rule base (rules as-is);0;0;R7[0.02] R20[0.44] R26[0.34] A1[0.68] G2[0.40] G4[0.25];0.37;0.52;0.01;0.89;0.62;0.00;0.87;0.69;0.3135;0.3089;1
221;221;Agent_2;orders came from the seed rule base (rules as-is);0;0;R7[0.08] R11[0.23] R15[0.23] R20[0.16] R26[0.34] A1[0.08];0.33;0.58;0.19;0.78;0.71;0.41;0.70;0.67;0.3135;0.3089;1
221;221;Agent_3;orders came from the seed rule base (rules as-is);0;0;R7[0.04] R20[0.16] R26[0.34] A1[0.08] G2[0.04] G3[0.08];0.45;0.56;0.02;0.58;0.17;0.00;0.86;0.69;0.3135;0.3089;1
222;222;Agent_1;orders came from the seed rule base (rules as-is);0;0;R7[0.02] R20[0.44] R26[0.34] A1[0.68] G2[0.40] G4[0.25];0.37;0.52;0.01;0.89;0.62;0.00;0.87;0.69;0.3133;0.3101;1
222;222;Agent_2;orders came from the seed rule base (rules as-is);0;0;R7[0.08] R11[0.23] R15[0.23] R20[0.16] R26[0.34] A1[0.08];0.33;0.58;0.19;0.78;0.71;0.41;0.70;0.67;0.3133;0.3101;1
222;222;Agent_3;orders came from the seed rule base (rules as-is);0;0;R7[0.04] R20[0.16] R26[0.34] A1[0.08] G2[0.04] G3[0.08];0.45;0.56;0.02;0.58;0.17;0.00;0.86;0.69;0.3133;0.3101;1
223;223;Agent_1;RL selected stage 1 [evFIS] (deficit bucket: mid) → rejected (no improving perturbation found | seed-base decision stands, its orders are applied);1;0;R7[0.02] R20[0.44] R26[0.34] A1[0.68] G2[0.40] G4[0.25];0.37;0.52;0.01;0.89;0.62;0.00;0.87;0.69;0.3134;0.3087;1
223;223;Agent_2;RL selected stage 1 [evFIS] (deficit bucket: mid) → rejected (no improving perturbation found | seed-base decision stands, its orders are applied);1;0;R7[0.08] R11[0.23] R15[0.23] R20[0.16] R26[0.34] A1[0.08];0.33;0.58;0.19;0.78;0.71;0.41;0.70;0.67;0.3134;0.3087;1
223;223;Agent_3;RL selected stage 1 [evFIS] (deficit bucket: mid) → rejected (no improving perturbation found | seed-base decision stands, its orders are applied);1;0;R7[0.04] R20[0.16] R26[0.34] A1[0.08] G2[0.04] G3[0.08];0.45;0.56;0.02;0.58;0.17;0.00;0.86;0.69;0.3134;0.3087;1
224;224;Agent_1;orders came from the seed rule base (rules as-is);0;0;R7[0.02] R20[0.44] R26[0.34] A1[0.68] G2[0.40] G4[0.25];0.37;0.52;0.01;0.89;0.62;0.00;0.87;0.69;0.3134;0.3085;1
224;224;Agent_2;orders came from the seed rule base (rules as-is);0;0;R7[0.08] R11[0.23] R15[0.23] R20[0.16] R26[0.34] A1[0.08];0.33;0.58;0.19;0.78;0.71;0.41;0.70;0.67;0.3134;0.3085;1
224;224;Agent_3;orders came from the seed rule base (rules as-is);0;0;R7[0.04] R20[0.16] R26[0.34] A1[0.08] G2[0.04] G3[0.08];0.45;0.56;0.02;0.58;0.17;0.00;0.86;0.69;0.3134;0.3085;1
225;225;Agent_1;orders came from the seed rule base (rules as-is);0;0;R7[0.02] R20[0.44] R26[0.34] A1[0.68] G2[0.40] G4[0.25];0.37;0.52;0.01;0.89;0.62;0.00;0.87;0.69;0.3162;0.3104;1
225;225;Agent_2;orders came from the seed rule base (rules as-is);0;0;R7[0.08] R11[0.23] R15[0.23] R20[0.16] R26[0.34] A1[0.08];0.33;0.58;0.19;0.78;0.71;0.41;0.70;0.67;0.3162;0.3104;1
225;225;Agent_3;orders came from the seed rule base (rules as-is);0;0;R7[0.04] R20[0.16] R26[0.34] A1[0.08] G2[0.04] G3[0.08];0.45;0.56;0.02;0.58;0.17;0.00;0.87;0.69;0.3162;0.3104;1
226;226;Agent_1;orders came from the seed rule base (rules as-is);0;0;R7[0.02] R20[0.44] R26[0.34] A1[0.68] G2[0.40] G4[0.25];0.37;0.52;0.01;0.89;0.62;0.00;0.87;0.69;0.3136;0.3088;1
226;226;Agent_2;orders came from the seed rule base (rules as-is);0;0;R7[0.08] R11[0.23] R15[0.23] R20[0.16] R26[0.34] A1[0.08];0.33;0.58;0.19;0.78;0.71;0.41;0.70;0.67;0.3136;0.3088;1
226;226;Agent_3;orders came from the seed rule base (rules as-is);0;0;R7[0.04] R20[0.16] R26[0.34] A1[0.08] G2[0.04] G3[0.08];0.45;0.56;0.02;0.58;0.17;0.00;0.87;0.69;0.3136;0.3088;1
227;227;Agent_1;orders came from the seed rule base (rules as-is);0;0;R7[0.02] R20[0.44] R26[0.34] A1[0.68] G2[0.40] G4[0.25];0.37;0.52;0.01;0.89;0.62;0.00;0.87;0.69;0.3137;0.3091;1
227;227;Agent_2;orders came from the seed rule base (rules as-is);0;0;R7[0.08] R11[0.23] R15[0.23] R20[0.16] R26[0.34] A1[0.08];0.33;0.58;0.19;0.78;0.71;0.41;0.70;0.67;0.3137;0.3091;1
227;227;Agent_3;orders came from the seed rule base (rules as-is);0;0;R7[0.04] R20[0.16] R26[0.34] A1[0.08] G2[0.04] G3[0.08];0.45;0.56;0.02;0.58;0.17;0.00;0.87;0.69;0.3137;0.3091;1
228;228;Agent_1;orders came from the seed rule base (rules as-is);0;0;R7[0.02] R20[0.44] R26[0.34] A1[0.68] G2[0.40] G4[0.25];0.37;0.52;0.01;0.89;0.62;0.00;0.87;0.69;0.3152;0.3087;1
228;228;Agent_2;orders came from the seed rule base (rules as-is);0;0;R7[0.08] R11[0.23] R15[0.23] R20[0.16] R26[0.34] A1[0.08];0.33;0.58;0.19;0.78;0.71;0.41;0.70;0.67;0.3152;0.3087;1
228;228;Agent_3;orders came from the seed rule base (rules as-is);0;0;R7[0.04] R20[0.16] R26[0.34] A1[0.08] G2[0.04] G3[0.08];0.45;0.56;0.02;0.58;0.17;0.00;0.87;0.69;0.3152;0.3087;1
229;229;Agent_1;orders came from the seed rule base (rules as-is);0;0;R7[0.02] R20[0.44] R26[0.34] A1[0.68] G2[0.39] G4[0.25];0.37;0.52;0.01;0.89;0.62;0.00;0.87;0.69;0.3183;0.3113;1
229;229;Agent_2;orders came from the seed rule base (rules as-is);0;0;R7[0.08] R11[0.23] R15[0.23] R20[0.16] R26[0.34] A1[0.08];0.33;0.58;0.19;0.78;0.71;0.41;0.70;0.67;0.3183;0.3113;1
229;229;Agent_3;orders came from the seed rule base (rules as-is);0;0;R7[0.04] R20[0.16] R26[0.34] A1[0.08] G2[0.04] G3[0.08];0.45;0.56;0.02;0.58;0.17;0.00;0.87;0.69;0.3183;0.3113;1
230;230;Agent_1;orders came from the seed rule base (rules as-is);0;0;R7[0.02] R20[0.43] R26[0.34] A1[0.68] G2[0.39] G4[0.25];0.37;0.52;0.01;0.89;0.62;0.00;0.87;0.69;0.3141;0.3096;1
230;230;Agent_2;orders came from the seed rule base (rules as-is);0;0;R7[0.08] R11[0.23] R15[0.23] R20[0.16] R26[0.34] A1[0.08];0.33;0.58;0.19;0.78;0.71;0.41;0.70;0.67;0.3141;0.3096;1
230;230;Agent_3;orders came from the seed rule base (rules as-is);0;0;R7[0.04] R20[0.16] R26[0.34] A1[0.08] G2[0.04] G3[0.08];0.45;0.56;0.02;0.58;0.17;0.00;0.87;0.69;0.3141;0.3096;1
231;231;Agent_1;orders came from the seed rule base (rules as-is);0;0;R7[0.02] R20[0.43] R26[0.34] A1[0.68] G2[0.39] G4[0.25];0.37;0.52;0.01;0.89;0.62;0.00;0.87;0.69;0.3179;0.3094;1
231;231;Agent_2;orders came from the seed rule base (rules as-is);0;0;R7[0.08] R11[0.23] R15[0.23] R20[0.16] R26[0.34] A1[0.08];0.33;0.58;0.19;0.78;0.71;0.41;0.70;0.67;0.3179;0.3094;1
231;231;Agent_3;orders came from the seed rule base (rules as-is);0;0;R7[0.04] R20[0.16] R26[0.34] A1[0.08] G2[0.04] G3[0.08];0.45;0.56;0.02;0.58;0.17;0.00;0.87;0.69;0.3179;0.3094;1
232;232;Agent_1;orders came from the seed rule base (rules as-is);0;0;R7[0.02] R20[0.43] R26[0.34] A1[0.68] G2[0.39] G4[0.25];0.37;0.52;0.01;0.89;0.62;0.00;0.87;0.69;0.3144;0.3089;1
232;232;Agent_2;orders came from the seed rule base (rules as-is);0;0;R7[0.08] R11[0.23] R15[0.23] R20[0.16] R26[0.34] A1[0.08];0.33;0.58;0.19;0.78;0.71;0.41;0.70;0.67;0.3144;0.3089;1
232;232;Agent_3;orders came from the seed rule base (rules as-is);0;0;R7[0.04] R20[0.16] R26[0.34] A1[0.08] G2[0.04] G3[0.08];0.45;0.56;0.02;0.58;0.17;0.00;0.87;0.69;0.3144;0.3089;1
233;233;Agent_1;RL selected stage 1 [evFIS] (deficit bucket: low) → rejected (no improving perturbation found | seed-base decision stands, its orders are applied);1;0;R7[0.02] R20[0.43] R26[0.34] A1[0.68] G2[0.39] G4[0.25];0.37;0.52;0.01;0.89;0.62;0.00;0.87;0.69;0.3145;0.3105;1
233;233;Agent_2;RL selected stage 1 [evFIS] (deficit bucket: low) → rejected (no improving perturbation found | seed-base decision stands, its orders are applied);1;0;R7[0.08] R11[0.23] R15[0.23] R20[0.16] R26[0.34] A1[0.08];0.33;0.58;0.19;0.78;0.71;0.41;0.70;0.67;0.3145;0.3105;1
233;233;Agent_3;RL selected stage 1 [evFIS] (deficit bucket: low) → rejected (no improving perturbation found | seed-base decision stands, its orders are applied);1;0;R7[0.04] R20[0.16] R26[0.34] A1[0.08] G2[0.04] G3[0.08];0.45;0.56;0.02;0.58;0.17;0.00;0.87;0.69;0.3145;0.3105;1
234;234;Agent_1;orders came from the seed rule base (rules as-is);0;0;R7[0.02] R20[0.43] R26[0.34] A1[0.68] G2[0.39] G4[0.25];0.37;0.52;0.01;0.89;0.62;0.00;0.87;0.69;0.3149;0.3090;1
234;234;Agent_2;orders came from the seed rule base (rules as-is);0;0;R7[0.08] R11[0.23] R15[0.23] R20[0.16] R26[0.34] A1[0.08];0.33;0.58;0.19;0.78;0.71;0.41;0.70;0.67;0.3149;0.3090;1
234;234;Agent_3;orders came from the seed rule base (rules as-is);0;0;R7[0.04] R20[0.16] R26[0.34] A1[0.08] G2[0.04] G3[0.08];0.45;0.56;0.02;0.58;0.17;0.00;0.87;0.69;0.3149;0.3090;1
235;235;Agent_1;orders came from the seed rule base (rules as-is);0;0;R7[0.02] R20[0.43] R26[0.34] A1[0.68] G2[0.39] G4[0.25];0.37;0.52;0.01;0.89;0.62;0.00;0.87;0.69;0.3153;0.3093;1
235;235;Agent_2;orders came from the seed rule base (rules as-is);0;0;R7[0.08] R11[0.23] R15[0.23] R20[0.16] R26[0.34] A1[0.08];0.33;0.58;0.19;0.78;0.71;0.41;0.70;0.67;0.3153;0.3093;1
235;235;Agent_3;orders came from the seed rule base (rules as-is);0;0;R7[0.04] R20[0.16] R26[0.34] A1[0.08] G2[0.04] G3[0.08];0.45;0.56;0.02;0.58;0.17;0.00;0.87;0.69;0.3153;0.3093;1
235;235;Agent_1;orders came from the seed rule base (rules as-is);0;0;R7[0.02] R20[0.43] R26[0.34] A1[0.68] G2[0.39] G4[0.25];0.37;0.52;0.01;0.89;0.62;0.00;0.87;0.69;0.3153;0.3093;1
235;235;Agent_2;orders came from the seed rule base (rules as-is);0;0;R7[0.08] R11[0.23] R15[0.23] R20[0.16] R26[0.34] A1[0.08];0.33;0.58;0.19;0.78;0.71;0.41;0.70;0.67;0.3153;0.3093;1
235;235;Agent_3;orders came from the seed rule base (rules as-is);0;0;R7[0.04] R20[0.16] R26[0.34] A1[0.08] G2[0.04] G3[0.08];0.45;0.56;0.02;0.58;0.17;0.00;0.87;0.69;0.3153;0.3093;1
235;235;Agent_1;orders came from the seed rule base (rules as-is);0;0;R7[0.02] R20[0.43] R26[0.34] A1[0.68] G2[0.39] G4[0.25];0.37;0.52;0.01;0.89;0.62;0.00;0.87;0.69;0.3153;0.3093;1
235;235;Agent_2;orders came from the seed rule base (rules as-is);0;0;R7[0.08] R11[0.23] R15[0.23] R20[0.16] R26[0.34] A1[0.08];0.33;0.58;0.19;0.78;0.71;0.41;0.70;0.67;0.3153;0.3093;1
235;235;Agent_3;orders came from the seed rule base (rules as-is);0;0;R7[0.04] R20[0.16] R26[0.34] A1[0.08] G2[0.04] G3[0.08];0.45;0.56;0.02;0.58;0.17;0.00;0.87;0.69;0.3153;0.3093;1
236;236;Agent_1;orders came from the seed rule base (rules as-is);0;0;R7[0.02] R20[0.43] R26[0.34] A1[0.68] G2[0.39] G4[0.25];0.37;0.52;0.01;0.89;0.62;0.00;0.87;0.69;0.3151;0.3091;1
236;236;Agent_2;orders came from the seed rule base (rules as-is);0;0;R7[0.08] R11[0.23] R15[0.23] R20[0.16] R26[0.34] A1[0.08];0.33;0.58;0.19;0.78;0.71;0.41;0.71;0.67;0.3151;0.3091;1
236;236;Agent_3;orders came from the seed rule base (rules as-is);0;0;R7[0.04] R20[0.16] R26[0.34] A1[0.08] G2[0.04] G3[0.08];0.45;0.56;0.02;0.58;0.17;0.00;0.87;0.69;0.3151;0.3091;1
237;237;Agent_1;orders came from the seed rule base (rules as-is);0;0;R7[0.02] R20[0.43] R26[0.34] A1[0.68] G2[0.39] G4[0.25];0.37;0.52;0.01;0.89;0.62;0.00;0.87;0.69;0.3151;0.3094;1
237;237;Agent_2;orders came from the seed rule base (rules as-is);0;0;R7[0.08] R11[0.23] R15[0.23] R20[0.16] R26[0.34] A1[0.08];0.33;0.58;0.19;0.78;0.71;0.41;0.70;0.67;0.3151;0.3094;1
237;237;Agent_3;orders came from the seed rule base (rules as-is);0;0;R7[0.04] R20[0.16] R26[0.34] A1[0.08] G2[0.04] G3[0.08];0.45;0.56;0.02;0.58;0.17;0.00;0.87;0.69;0.3151;0.3094;1
238;238;Agent_1;orders came from the seed rule base (rules as-is);0;0;R7[0.02] R20[0.43] R26[0.34] A1[0.68] G2[0.39] G4[0.25];0.37;0.52;0.01;0.89;0.62;0.00;0.87;0.69;0.3154;0.3097;1
238;238;Agent_2;orders came from the seed rule base (rules as-is);0;0;R7[0.08] R11[0.23] R15[0.23] R20[0.16] R26[0.34] A1[0.08];0.33;0.58;0.19;0.78;0.71;0.41;0.70;0.67;0.3154;0.3097;1
238;238;Agent_3;orders came from the seed rule base (rules as-is);0;0;R7[0.04] R20[0.16] R26[0.34] A1[0.08] G2[0.04] G3[0.08];0.45;0.56;0.02;0.58;0.17;0.00;0.87;0.69;0.3154;0.3097;1
239;239;Agent_1;orders came from the seed rule base (rules as-is);0;0;R7[0.02] R20[0.43] R26[0.34] A1[0.68] G2[0.38] G4[0.25];0.37;0.52;0.01;0.89;0.62;0.00;0.87;0.69;0.3166;0.3093;1
239;239;Agent_2;orders came from the seed rule base (rules as-is);0;0;R7[0.08] R11[0.23] R15[0.23] R20[0.16] R26[0.34] A1[0.08];0.33;0.58;0.19;0.78;0.71;0.41;0.70;0.67;0.3166;0.3093;1
239;239;Agent_3;orders came from the seed rule base (rules as-is);0;0;R7[0.04] R20[0.16] R26[0.34] A1[0.08] G2[0.04] G3[0.08];0.45;0.56;0.02;0.58;0.17;0.00;0.87;0.69;0.3166;0.3093;1
240;240;Agent_1;orders came from the seed rule base (rules as-is);0;0;R7[0.02] R20[0.43] R26[0.34] A1[0.68] G2[0.38] G4[0.25];0.37;0.52;0.01;0.89;0.62;0.00;0.87;0.69;0.3167;0.3113;1
240;240;Agent_2;orders came from the seed rule base (rules as-is);0;0;R7[0.08] R11[0.23] R15[0.23] R20[0.16] R26[0.34] A1[0.08];0.33;0.58;0.19;0.78;0.71;0.41;0.70;0.67;0.3167;0.3113;1
240;240;Agent_3;orders came from the seed rule base (rules as-is);0;0;R7[0.04] R20[0.16] R26[0.34] A1[0.08] G2[0.04] G3[0.08];0.45;0.56;0.02;0.58;0.17;0.00;0.87;0.69;0.3167;0.3113;1
241;241;Agent_1;orders came from the seed rule base (rules as-is);0;0;R7[0.02] R20[0.43] R26[0.34] A1[0.68] G2[0.38] G4[0.25];0.37;0.52;0.01;0.89;0.62;0.00;0.87;0.69;0.3171;0.3095;1
241;241;Agent_2;orders came from the seed rule base (rules as-is);0;0;R7[0.08] R11[0.23] R15[0.23] R20[0.16] R26[0.34] A1[0.08];0.33;0.58;0.19;0.78;0.71;0.41;0.70;0.67;0.3171;0.3095;1
241;241;Agent_3;orders came from the seed rule base (rules as-is);0;0;R7[0.04] R20[0.16] R26[0.34] A1[0.08] G2[0.04] G3[0.08];0.45;0.56;0.02;0.58;0.17;0.00;0.87;0.69;0.3171;0.3095;1
241;241;Agent_1;orders came from the seed rule base (rules as-is);0;0;R7[0.02] R20[0.43] R26[0.34] A1[0.68] G2[0.38] G4[0.25];0.37;0.52;0.01;0.89;0.62;0.00;0.87;0.69;0.3171;0.3095;1
241;241;Agent_2;orders came from the seed rule base (rules as-is);0;0;R7[0.08] R11[0.23] R15[0.23] R20[0.16] R26[0.34] A1[0.08];0.33;0.58;0.19;0.78;0.71;0.41;0.70;0.67;0.3171;0.3095;1
241;241;Agent_3;orders came from the seed rule base (rules as-is);0;0;R7[0.04] R20[0.16] R26[0.34] A1[0.08] G2[0.04] G3[0.08];0.45;0.56;0.02;0.58;0.17;0.00;0.87;0.69;0.3171;0.3095;1
241;241;Agent_1;orders came from the seed rule base (rules as-is);0;0;R7[0.02] R20[0.43] R26[0.34] A1[0.68] G2[0.38] G4[0.25];0.37;0.52;0.01;0.89;0.62;0.00;0.87;0.69;0.3171;0.3095;1
241;241;Agent_2;orders came from the seed rule base (rules as-is);0;0;R7[0.08] R11[0.23] R15[0.23] R20[0.16] R26[0.34] A1[0.08];0.33;0.58;0.19;0.78;0.71;0.41;0.70;0.67;0.3171;0.3095;1
241;241;Agent_3;orders came from the seed rule base (rules as-is);0;0;R7[0.04] R20[0.16] R26[0.34] A1[0.08] G2[0.04] G3[0.08];0.45;0.56;0.02;0.58;0.17;0.00;0.87;0.69;0.3171;0.3095;1
242;242;Agent_1;orders came from the seed rule base (rules as-is);0;0;R7[0.02] R20[0.43] R26[0.34] A1[0.68] G2[0.38] G4[0.25];0.37;0.52;0.01;0.89;0.62;0.00;0.87;0.69;0.3174;0.3094;1
242;242;Agent_2;orders came from the seed rule base (rules as-is);0;0;R7[0.08] R11[0.23] R15[0.23] R20[0.16] R26[0.34] A1[0.08];0.33;0.58;0.19;0.78;0.71;0.41;0.70;0.67;0.3174;0.3094;1
242;242;Agent_3;orders came from the seed rule base (rules as-is);0;0;R7[0.04] R20[0.16] R26[0.34] A1[0.08] G2[0.04] G3[0.08];0.45;0.56;0.02;0.58;0.17;0.00;0.87;0.69;0.3174;0.3094;1
243;243;Agent_1;RL selected stage 1 [evFIS] (deficit bucket: mid) → rejected (no improving perturbation found | seed-base decision stands, its orders are applied);1;0;R7[0.02] R20[0.43] R26[0.34] A1[0.68] G2[0.38] G4[0.25];0.37;0.52;0.01;0.89;0.62;0.00;0.87;0.69;0.3155;0.3109;1
243;243;Agent_2;RL selected stage 1 [evFIS] (deficit bucket: mid) → rejected (no improving perturbation found | seed-base decision stands, its orders are applied);1;0;R7[0.08] R11[0.23] R15[0.23] R20[0.16] R26[0.34] A1[0.08];0.33;0.58;0.19;0.78;0.71;0.41;0.70;0.67;0.3155;0.3109;1
243;243;Agent_3;RL selected stage 1 [evFIS] (deficit bucket: mid) → rejected (no improving perturbation found | seed-base decision stands, its orders are applied);1;0;R7[0.04] R20[0.16] R26[0.34] A1[0.08] G2[0.04] G3[0.08];0.45;0.56;0.02;0.58;0.17;0.00;0.87;0.69;0.3155;0.3109;1
244;244;Agent_1;orders came from the seed rule base (rules as-is);0;0;R7[0.02] R20[0.43] R26[0.34] A1[0.68] G2[0.38] G4[0.25];0.37;0.52;0.01;0.89;0.62;0.00;0.87;0.69;0.3157;0.3114;1
244;244;Agent_2;orders came from the seed rule base (rules as-is);0;0;R7[0.08] R11[0.23] R15[0.23] R20[0.16] R26[0.34] A1[0.08];0.33;0.58;0.19;0.78;0.71;0.41;0.70;0.67;0.3157;0.3114;1
244;244;Agent_3;orders came from the seed rule base (rules as-is);0;0;R7[0.04] R20[0.16] R26[0.34] A1[0.08] G2[0.04] G3[0.08];0.45;0.56;0.02;0.58;0.17;0.00;0.87;0.69;0.3157;0.3114;1
245;245;Agent_1;orders came from the seed rule base (rules as-is);0;0;R7[0.02] R20[0.43] R26[0.34] A1[0.68] G2[0.38] G4[0.25];0.37;0.52;0.01;0.89;0.62;0.00;0.87;0.69;0.3158;0.3098;1
245;245;Agent_2;orders came from the seed rule base (rules as-is);0;0;R7[0.08] R11[0.23] R15[0.23] R20[0.16] R26[0.34] A1[0.08];0.33;0.58;0.19;0.78;0.71;0.41;0.70;0.67;0.3158;0.3098;1
245;245;Agent_3;orders came from the seed rule base (rules as-is);0;0;R7[0.04] R20[0.16] R26[0.34] A1[0.08] G2[0.04] G3[0.08];0.45;0.56;0.02;0.58;0.17;0.00;0.87;0.69;0.3158;0.3098;1
246;246;Agent_1;orders came from the seed rule base (rules as-is);0;0;R7[0.02] R20[0.44] R26[0.34] A1[0.68] G2[0.40] G4[0.25];0.37;0.52;0.01;0.89;0.62;0.00;0.87;0.69;0.3158;0.3097;1
246;246;Agent_2;orders came from the seed rule base (rules as-is);0;0;R7[0.08] R11[0.23] R15[0.23] R20[0.16] R26[0.34] A1[0.08];0.33;0.58;0.19;0.78;0.71;0.41;0.70;0.67;0.3158;0.3097;1
246;246;Agent_3;orders came from the seed rule base (rules as-is);0;0;R7[0.04] R20[0.16] R26[0.34] A1[0.08] G2[0.04] G3[0.08];0.45;0.56;0.02;0.58;0.17;0.00;0.87;0.69;0.3158;0.3097;1
247;247;Agent_1;orders came from the seed rule base (rules as-is);0;0;R7[0.02] R20[0.43] R26[0.34] A1[0.68] G2[0.38] G4[0.25];0.37;0.53;0.01;0.89;0.62;0.00;0.87;0.69;0.3161;0.3101;1
247;247;Agent_2;orders came from the seed rule base (rules as-is);0;0;R7[0.08] R11[0.23] R15[0.23] R20[0.16] R26[0.34] A1[0.08];0.33;0.58;0.19;0.78;0.71;0.41;0.70;0.67;0.3161;0.3101;1
247;247;Agent_3;orders came from the seed rule base (rules as-is);0;0;R7[0.04] R20[0.16] R26[0.34] A1[0.08] G2[0.04] G3[0.08];0.45;0.56;0.02;0.58;0.17;0.00;0.87;0.69;0.3161;0.3101;1
248;248;Agent_1;orders came from the seed rule base (rules as-is);0;0;R7[0.02] R20[0.43] R26[0.34] A1[0.68] G2[0.38] G4[0.25];0.37;0.52;0.01;0.89;0.62;0.00;0.87;0.69;0.3159;0.3102;1
248;248;Agent_2;orders came from the seed rule base (rules as-is);0;0;R7[0.08] R11[0.23] R15[0.23] R20[0.16] R26[0.34] A1[0.08];0.33;0.58;0.19;0.78;0.71;0.41;0.70;0.67;0.3159;0.3102;1
248;248;Agent_3;orders came from the seed rule base (rules as-is);0;0;R7[0.04] R20[0.16] R26[0.34] A1[0.08] G2[0.04] G3[0.08];0.45;0.56;0.02;0.58;0.17;0.00;0.87;0.69;0.3159;0.3102;1
249;249;Agent_1;orders came from the seed rule base (rules as-is);0;0;R7[0.02] R20[0.42] R26[0.34] A1[0.68] G2[0.38] G4[0.25];0.37;0.52;0.01;0.89;0.62;0.00;0.87;0.69;0.3162;0.3104;1
249;249;Agent_2;orders came from the seed rule base (rules as-is);0;0;R7[0.08] R11[0.23] R15[0.23] R20[0.16] R26[0.34] A1[0.08];0.33;0.58;0.19;0.78;0.71;0.41;0.70;0.67;0.3162;0.3104;1
249;249;Agent_3;orders came from the seed rule base (rules as-is);0;0;R7[0.04] R20[0.16] R26[0.34] A1[0.08] G2[0.04] G3[0.08];0.45;0.56;0.02;0.58;0.17;0.00;0.87;0.69;0.3162;0.3104;1
250;250;Agent_1;orders came from the seed rule base (rules as-is);0;0;R7[0.02] R20[0.42] R26[0.34] A1[0.68] G2[0.38] G4[0.25];0.37;0.52;0.01;0.89;0.62;0.00;0.87;0.69;0.3163;0.3106;1
250;250;Agent_2;orders came from the seed rule base (rules as-is);0;0;R7[0.08] R11[0.23] R15[0.23] R20[0.16] R26[0.34] A1[0.08];0.33;0.58;0.19;0.78;0.71;0.41;0.70;0.67;0.3163;0.3106;1
250;250;Agent_3;orders came from the seed rule base (rules as-is);0;0;R7[0.04] R20[0.16] R26[0.34] A1[0.08] G2[0.04] G3[0.08];0.45;0.56;0.02;0.58;0.17;0.00;0.87;0.69;0.3163;0.3106;1
251;251;Agent_1;orders came from the seed rule base (rules as-is);0;0;R7[0.02] R20[0.42] R26[0.34] A1[0.68] G2[0.38] G4[0.25];0.37;0.52;0.01;0.89;0.62;0.00;0.87;0.69;0.3163;0.3102;1
251;251;Agent_2;orders came from the seed rule base (rules as-is);0;0;R7[0.08] R11[0.23] R15[0.23] R20[0.16] R26[0.34] A1[0.08];0.33;0.58;0.19;0.78;0.71;0.41;0.70;0.67;0.3163;0.3102;1
251;251;Agent_3;orders came from the seed rule base (rules as-is);0;0;R7[0.04] R20[0.16] R26[0.34] A1[0.08] G2[0.04] G3[0.08];0.45;0.56;0.02;0.58;0.17;0.00;0.87;0.69;0.3163;0.3102;1
252;252;Agent_1;orders came from the seed rule base (rules as-is);0;0;R7[0.02] R20[0.42] R26[0.34] A1[0.68] G2[0.38] G4[0.25];0.37;0.52;0.01;0.89;0.62;0.00;0.87;0.69;0.3163;0.3105;1
252;252;Agent_2;orders came from the seed rule base (rules as-is);0;0;R7[0.08] R11[0.23] R15[0.23] R20[0.16] R26[0.34] A1[0.08];0.33;0.58;0.19;0.78;0.71;0.41;0.70;0.67;0.3163;0.3105;1
252;252;Agent_3;orders came from the seed rule base (rules as-is);0;0;R7[0.04] R20[0.16] R26[0.34] A1[0.08] G2[0.04] G3[0.08];0.45;0.56;0.02;0.58;0.17;0.00;0.87;0.69;0.3163;0.3105;1
253;253;Agent_1;RL selected stage 1 [evFIS] (deficit bucket: low) → rejected (no improving perturbation found | seed-base decision stands, its orders are applied);1;0;R7[0.02] R20[0.42] R26[0.34] A1[0.68] G2[0.37] G4[0.25];0.37;0.53;0.01;0.89;0.62;0.00;0.87;0.69;0.3165;0.3102;1
253;253;Agent_2;RL selected stage 1 [evFIS] (deficit bucket: low) → rejected (no improving perturbation found | seed-base decision stands, its orders are applied);1;0;R7[0.08] R11[0.23] R15[0.23] R20[0.16] R26[0.34] A1[0.08];0.33;0.58;0.19;0.78;0.71;0.41;0.70;0.67;0.3165;0.3102;1
253;253;Agent_3;RL selected stage 1 [evFIS] (deficit bucket: low) → rejected (no improving perturbation found | seed-base decision stands, its orders are applied);1;0;R7[0.04] R20[0.16] R26[0.34] A1[0.08] G2[0.04] G3[0.08];0.45;0.56;0.02;0.58;0.17;0.00;0.87;0.69;0.3165;0.3102;1
254;254;Agent_1;orders came from the seed rule base (rules as-is);0;0;R7[0.02] R20[0.42] R26[0.34] A1[0.68] G2[0.37] G4[0.25];0.37;0.53;0.01;0.89;0.62;0.00;0.87;0.69;0.3164;0.3101;1
254;254;Agent_2;orders came from the seed rule base (rules as-is);0;0;R7[0.08] R11[0.23] R15[0.23] R20[0.16] R26[0.34] A1[0.08];0.33;0.58;0.19;0.78;0.71;0.41;0.70;0.67;0.3164;0.3101;1
254;254;Agent_3;orders came from the seed rule base (rules as-is);0;0;R7[0.04] R20[0.16] R26[0.34] A1[0.08] G2[0.04] G3[0.08];0.45;0.56;0.02;0.58;0.17;0.00;0.87;0.69;0.3164;0.3101;1
255;255;Agent_1;orders came from the seed rule base (rules as-is);0;0;R7[0.02] R20[0.42] R26[0.34] A1[0.68] G2[0.37] G4[0.25];0.37;0.53;0.01;0.89;0.62;0.00;0.87;0.69;0.3165;0.3102;1
255;255;Agent_2;orders came from the seed rule base (rules as-is);0;0;R7[0.08] R11[0.23] R15[0.23] R20[0.16] R26[0.34] A1[0.08];0.33;0.58;0.19;0.78;0.71;0.41;0.70;0.67;0.3165;0.3102;1
255;255;Agent_3;orders came from the seed rule base (rules as-is);0;0;R7[0.04] R20[0.16] R26[0.34] A1[0.08] G2[0.04] G3[0.08];0.45;0.56;0.02;0.58;0.17;0.00;0.87;0.69;0.3165;0.3102;1
256;256;Agent_1;orders came from the seed rule base (rules as-is);0;0;R7[0.02] R20[0.42] R26[0.34] A1[0.68] G2[0.37] G4[0.25];0.00;0.00;0.00;0.00;0.62;0.00;0.87;0.69;0.3200;0.3101;1
256;256;Agent_2;orders came from the seed rule base (rules as-is);0;0;R7[0.08] R11[0.23] R15[0.23] R20[0.16] R26[0.34] A1[0.08];0.00;0.00;0.00;0.00;0.71;0.41;0.70;0.67;0.3200;0.3101;1
256;256;Agent_3;orders came from the seed rule base (rules as-is);0;0;R7[0.04] R20[0.16] R26[0.34] A1[0.08] G2[0.04] G3[0.08];0.00;0.00;0.00;0.00;0.17;0.00;0.87;0.69;0.3200;0.3101;1
257;257;Agent_1;orders came from the seed rule base (rules as-is);0;0;R7[0.02] R20[0.42] R26[0.34] A1[0.68] G2[0.37] G4[0.25];0.37;0.53;0.01;0.89;0.62;0.00;0.87;0.69;0.3193;0.3102;1
257;257;Agent_2;orders came from the seed rule base (rules as-is);0;0;R7[0.08] R11[0.23] R15[0.23] R20[0.16] R26[0.34] A1[0.08];0.33;0.58;0.19;0.78;0.71;0.41;0.70;0.67;0.3193;0.3102;1
257;257;Agent_3;orders came from the seed rule base (rules as-is);0;0;R7[0.04] R20[0.16] R26[0.34] A1[0.08] G2[0.04] G3[0.08];0.45;0.56;0.02;0.58;0.17;0.00;0.87;0.69;0.3193;0.3102;1
258;258;Agent_1;orders came from the seed rule base (rules as-is);0;0;R7[0.02] R20[0.55] R26[0.34] A1[0.68] G2[0.60] G4[0.25];0.00;0.00;0.00;0.00;0.64;0.00;0.85;0.69;0.3200;0.3102;1
258;258;Agent_2;orders came from the seed rule base (rules as-is);0;0;R7[0.08] R11[0.23] R15[0.23] R20[0.16] R26[0.34] A1[0.08];0.00;0.00;0.00;0.00;0.71;0.41;0.71;0.67;0.3200;0.3102;1
258;258;Agent_3;orders came from the seed rule base (rules as-is);0;0;R7[0.04] R20[0.16] R26[0.34] A1[0.08] G2[0.04] G3[0.08];0.00;0.00;0.00;0.00;0.17;0.00;0.87;0.69;0.3200;0.3102;1
259;259;Agent_1;orders came from the seed rule base (rules as-is);0;0;R7[0.02] R20[0.59] R26[0.34] A1[0.68] G2[0.60] G4[0.25];0.00;0.00;0.00;0.00;0.64;0.00;0.85;0.69;0.3215;0.3108;1
259;259;Agent_2;orders came from the seed rule base (rules as-is);0;0;R7[0.08] R11[0.23] R15[0.23] R20[0.16] R26[0.34] A1[0.08];0.00;0.00;0.00;0.00;0.71;0.41;0.70;0.67;0.3215;0.3108;1
259;259;Agent_3;orders came from the seed rule base (rules as-is);0;0;R7[0.04] R20[0.16] R26[0.34] A1[0.08] G2[0.04] G3[0.08];0.00;0.00;0.00;0.00;0.17;0.00;0.87;0.69;0.3215;0.3108;1
260;260;Agent_1;orders came from the seed rule base (rules as-is);0;0;R7[0.02] R20[0.60] R26[0.34] A1[0.68] G2[0.60] G4[0.25];0.00;0.00;0.00;0.00;0.64;0.00;0.85;0.69;0.3194;0.3130;1
260;260;Agent_2;orders came from the seed rule base (rules as-is);0;0;R7[0.08] R11[0.23] R15[0.23] R20[0.16] R26[0.34] A1[0.08];0.00;0.00;0.00;0.00;0.71;0.41;0.70;0.67;0.3194;0.3130;1
260;260;Agent_3;orders came from the seed rule base (rules as-is);0;0;R7[0.04] R20[0.16] R26[0.34] A1[0.08] G2[0.04] G3[0.08];0.00;0.00;0.00;0.00;0.17;0.00;0.87;0.69;0.3194;0.3130;1
261;261;Agent_1;orders came from the seed rule base (rules as-is);0;0;R7[0.02] R20[0.60] R26[0.34] A1[0.68] G2[0.60] G4[0.25];0.00;0.00;0.00;0.00;0.64;0.00;0.85;0.69;0.3201;0.3104;1
261;261;Agent_2;orders came from the seed rule base (rules as-is);0;0;R7[0.08] R11[0.23] R15[0.23] R20[0.16] R26[0.34] A1[0.08];0.00;0.00;0.00;0.00;0.71;0.41;0.70;0.67;0.3201;0.3104;1
261;261;Agent_3;orders came from the seed rule base (rules as-is);0;0;R7[0.04] R20[0.16] R26[0.34] A1[0.08] G2[0.04] G3[0.08];0.00;0.00;0.00;0.00;0.17;0.00;0.87;0.69;0.3201;0.3104;1
262;262;Agent_1;orders came from the seed rule base (rules as-is);0;0;R7[0.02] R20[0.60] R26[0.34] A1[0.68] G2[0.60] G4[0.25];0.00;0.00;0.00;0.00;0.64;0.00;0.85;0.69;0.3203;0.3103;1
262;262;Agent_2;orders came from the seed rule base (rules as-is);0;0;R7[0.08] R11[0.23] R15[0.23] R20[0.16] R26[0.34] A1[0.08];0.00;0.00;0.00;0.00;0.71;0.41;0.70;0.67;0.3203;0.3103;1
262;262;Agent_3;orders came from the seed rule base (rules as-is);0;0;R7[0.04] R20[0.16] R26[0.34] A1[0.08] G2[0.04] G3[0.08];0.00;0.00;0.00;0.00;0.17;0.00;0.87;0.69;0.3203;0.3103;1
263;263;Agent_1;RL selected stage 1 [evFIS] (deficit bucket: low) → rejected (no improving perturbation found | seed-base decision stands, its orders are applied | NO-HARM: no PHYSICAL improvement forecast (phys 0.3318 vs 0.3292), offensive orders withheld; life-safety orders stand);1;0;R7[0.02] R20[0.60] R26[0.34] A1[0.68] G2[0.60] G4[0.25];0.00;0.00;0.00;0.00;0.64;0.00;0.85;0.69;0.3208;0.3103;1
263;263;Agent_2;RL selected stage 1 [evFIS] (deficit bucket: low) → rejected (no improving perturbation found | seed-base decision stands, its orders are applied | NO-HARM: no PHYSICAL improvement forecast (phys 0.3318 vs 0.3292), offensive orders withheld; life-safety orders stand);1;0;R7[0.08] R11[0.23] R15[0.23] R20[0.16] R26[0.34] A1[0.08];0.00;0.00;0.00;0.00;0.71;0.41;0.70;0.67;0.3208;0.3103;1
263;263;Agent_3;RL selected stage 1 [evFIS] (deficit bucket: low) → rejected (no improving perturbation found | seed-base decision stands, its orders are applied | NO-HARM: no PHYSICAL improvement forecast (phys 0.3318 vs 0.3292), offensive orders withheld; life-safety orders stand);1;0;R7[0.04] R20[0.16] R26[0.34] A1[0.08] G2[0.04] G3[0.08];0.00;0.00;0.00;0.00;0.17;0.00;0.87;0.69;0.3208;0.3103;1
264;264;Agent_1;orders came from the seed rule base (rules as-is);0;0;R7[0.02] R20[0.60] R26[0.34] A1[0.68] G2[0.60] G4[0.25];0.00;0.00;0.00;0.00;0.64;0.00;0.85;0.69;0.3198;0.3103;1
264;264;Agent_2;orders came from the seed rule base (rules as-is);0;0;R7[0.08] R11[0.23] R15[0.23] R20[0.16] R26[0.34] A1[0.08];0.00;0.00;0.00;0.00;0.71;0.41;0.70;0.67;0.3198;0.3103;1
264;264;Agent_3;orders came from the seed rule base (rules as-is);0;0;R7[0.04] R20[0.16] R26[0.34] A1[0.08] G2[0.04] G3[0.08];0.00;0.00;0.00;0.00;0.17;0.00;0.87;0.69;0.3198;0.3103;1
265;265;Agent_1;orders came from the seed rule base (rules as-is);0;0;R7[0.02] R20[0.60] R26[0.34] A1[0.68] G2[0.60] G4[0.25];0.00;0.00;0.00;0.00;0.64;0.00;0.85;0.69;0.3198;0.3108;1
265;265;Agent_2;orders came from the seed rule base (rules as-is);0;0;R7[0.08] R11[0.23] R15[0.23] R20[0.16] R26[0.34] A1[0.08];0.00;0.00;0.00;0.00;0.71;0.41;0.70;0.67;0.3198;0.3108;1
265;265;Agent_3;orders came from the seed rule base (rules as-is);0;0;R7[0.04] R20[0.16] R26[0.34] A1[0.08] G2[0.04] G3[0.08];0.00;0.00;0.00;0.00;0.17;0.00;0.87;0.69;0.3198;0.3108;1
266;266;Agent_1;orders came from the seed rule base (rules as-is);0;0;R7[0.02] R20[0.60] R26[0.34] A1[0.68] G2[0.60] G4[0.25];0.00;0.00;0.00;0.00;0.64;0.00;0.85;0.69;0.3195;0.3103;1
266;266;Agent_2;orders came from the seed rule base (rules as-is);0;0;R7[0.08] R11[0.23] R15[0.23] R20[0.16] R26[0.34] A1[0.08];0.00;0.00;0.00;0.00;0.71;0.41;0.70;0.67;0.3195;0.3103;1
266;266;Agent_3;orders came from the seed rule base (rules as-is);0;0;R7[0.04] R20[0.16] R26[0.34] A1[0.08] G2[0.04] G3[0.08];0.00;0.00;0.00;0.00;0.17;0.00;0.87;0.69;0.3195;0.3103;1
267;267;Agent_1;orders came from the seed rule base (rules as-is);0;0;R7[0.02] R20[0.60] R26[0.34] A1[0.68] G2[0.60] G4[0.25];0.00;0.00;0.00;0.00;0.64;0.00;0.85;0.69;0.3195;0.3103;1
267;267;Agent_2;orders came from the seed rule base (rules as-is);0;0;R7[0.08] R11[0.23] R15[0.23] R20[0.16] R26[0.34] A1[0.08];0.00;0.00;0.00;0.00;0.71;0.41;0.70;0.67;0.3195;0.3103;1
267;267;Agent_3;orders came from the seed rule base (rules as-is);0;0;R7[0.04] R20[0.16] R26[0.34] A1[0.08] G2[0.04] G3[0.08];0.00;0.00;0.00;0.00;0.17;0.00;0.87;0.69;0.3195;0.3103;1
268;268;Agent_1;orders came from the seed rule base (rules as-is);0;0;R7[0.02] R20[0.60] R26[0.34] A1[0.68] G2[0.60] G4[0.25];0.00;0.00;0.00;0.00;0.64;0.00;0.85;0.69;0.3203;0.3109;1
268;268;Agent_2;orders came from the seed rule base (rules as-is);0;0;R7[0.08] R11[0.23] R15[0.23] R20[0.16] R26[0.34] A1[0.08];0.00;0.00;0.00;0.00;0.71;0.41;0.70;0.67;0.3203;0.3109;1
268;268;Agent_3;orders came from the seed rule base (rules as-is);0;0;R7[0.04] R20[0.16] R26[0.34] A1[0.08] G2[0.04] G3[0.08];0.00;0.00;0.00;0.00;0.17;0.00;0.87;0.69;0.3203;0.3109;1
269;269;Agent_1;orders came from the seed rule base (rules as-is);0;0;R7[0.02] R20[0.60] R26[0.34] A1[0.68] G2[0.60] G4[0.25];0.00;0.00;0.00;0.00;0.64;0.00;0.85;0.69;0.3195;0.3103;1
269;269;Agent_2;orders came from the seed rule base (rules as-is);0;0;R7[0.08] R11[0.23] R15[0.23] R20[0.16] R26[0.34] A1[0.08];0.00;0.00;0.00;0.00;0.71;0.41;0.70;0.67;0.3195;0.3103;1
269;269;Agent_3;orders came from the seed rule base (rules as-is);0;0;R7[0.04] R20[0.16] R26[0.34] A1[0.08] G2[0.04] G3[0.08];0.00;0.00;0.00;0.00;0.17;0.00;0.87;0.69;0.3195;0.3103;1
270;270;Agent_1;orders came from the seed rule base (rules as-is);0;0;R7[0.02] R20[0.60] R26[0.34] A1[0.68] G2[0.60] G4[0.25];0.00;0.00;0.00;0.00;0.64;0.00;0.85;0.69;0.3196;0.3103;1
270;270;Agent_2;orders came from the seed rule base (rules as-is);0;0;R7[0.08] R11[0.23] R15[0.23] R20[0.16] R26[0.34] A1[0.08];0.00;0.00;0.00;0.00;0.71;0.41;0.70;0.67;0.3196;0.3103;1
270;270;Agent_3;orders came from the seed rule base (rules as-is);0;0;R7[0.04] R20[0.16] R26[0.34] A1[0.08] G2[0.04] G3[0.08];0.00;0.00;0.00;0.00;0.17;0.00;0.87;0.69;0.3196;0.3103;1
271;271;Agent_1;orders came from the seed rule base (rules as-is);0;0;R7[0.02] R20[0.60] R26[0.34] A1[0.68] G2[0.60] G4[0.25];0.00;0.00;0.00;0.00;0.64;0.00;0.85;0.69;0.3196;0.3103;1
271;271;Agent_2;orders came from the seed rule base (rules as-is);0;0;R7[0.08] R11[0.23] R15[0.23] R20[0.16] R26[0.34] A1[0.08];0.00;0.00;0.00;0.00;0.71;0.41;0.70;0.67;0.3196;0.3103;1
271;271;Agent_3;orders came from the seed rule base (rules as-is);0;0;R7[0.04] R20[0.16] R26[0.34] A1[0.08] G2[0.04] G3[0.08];0.00;0.00;0.00;0.00;0.17;0.00;0.87;0.69;0.3196;0.3103;1
272;272;Agent_1;orders came from the seed rule base (rules as-is);0;0;R7[0.02] R20[0.60] R26[0.34] A1[0.68] G2[0.60] G4[0.25];0.00;0.00;0.00;0.00;0.64;0.00;0.85;0.69;0.3196;0.3103;1
272;272;Agent_2;orders came from the seed rule base (rules as-is);0;0;R7[0.08] R11[0.23] R15[0.23] R20[0.16] R26[0.34] A1[0.08];0.00;0.00;0.00;0.00;0.71;0.41;0.70;0.67;0.3196;0.3103;1
272;272;Agent_3;orders came from the seed rule base (rules as-is);0;0;R7[0.04] R20[0.16] R26[0.34] A1[0.08] G2[0.04] G3[0.08];0.00;0.00;0.00;0.00;0.17;0.00;0.87;0.69;0.3196;0.3103;1
273;273;Agent_1;RL selected stage 1 [evFIS] (deficit bucket: low) → rejected (no improving perturbation found | seed-base decision stands, its orders are applied | NO-HARM: no PHYSICAL improvement forecast (phys 0.3321 vs 0.3307), offensive orders withheld; life-safety orders stand);1;0;R7[0.02] R20[0.60] R26[0.34] A1[0.68] G2[0.60] G4[0.25];0.00;0.00;0.00;0.00;0.64;0.00;0.85;0.69;0.3196;0.3103;1
273;273;Agent_2;RL selected stage 1 [evFIS] (deficit bucket: low) → rejected (no improving perturbation found | seed-base decision stands, its orders are applied | NO-HARM: no PHYSICAL improvement forecast (phys 0.3321 vs 0.3307), offensive orders withheld; life-safety orders stand);1;0;R7[0.08] R11[0.23] R15[0.23] R20[0.16] R26[0.34] A1[0.08];0.00;0.00;0.00;0.00;0.71;0.41;0.70;0.67;0.3196;0.3103;1
273;273;Agent_3;RL selected stage 1 [evFIS] (deficit bucket: low) → rejected (no improving perturbation found | seed-base decision stands, its orders are applied | NO-HARM: no PHYSICAL improvement forecast (phys 0.3321 vs 0.3307), offensive orders withheld; life-safety orders stand);1;0;R7[0.04] R20[0.16] R26[0.34] A1[0.08] G2[0.04] G3[0.08];0.00;0.00;0.00;0.00;0.17;0.00;0.87;0.69;0.3196;0.3103;1
274;274;Agent_1;orders came from the seed rule base (rules as-is);0;0;R7[0.02] R20[0.60] R26[0.34] A1[0.68] G2[0.60] G4[0.25];0.00;0.00;0.00;0.00;0.64;0.00;0.85;0.69;0.3196;0.3103;1
274;274;Agent_2;orders came from the seed rule base (rules as-is);0;0;R7[0.08] R11[0.23] R15[0.23] R20[0.16] R26[0.34] A1[0.08];0.00;0.00;0.00;0.00;0.71;0.41;0.70;0.67;0.3196;0.3103;1
274;274;Agent_3;orders came from the seed rule base (rules as-is);0;0;R7[0.04] R20[0.16] R26[0.34] A1[0.08] G2[0.04] G3[0.08];0.00;0.00;0.00;0.00;0.17;0.00;0.87;0.69;0.3196;0.3103;1
275;275;Agent_1;orders came from the seed rule base (rules as-is);0;0;R7[0.02] R20[0.60] R26[0.34] A1[0.68] G2[0.60] G4[0.25];0.00;0.00;0.00;0.00;0.64;0.00;0.85;0.69;0.3197;0.3103;1
275;275;Agent_2;orders came from the seed rule base (rules as-is);0;0;R7[0.08] R11[0.23] R15[0.23] R20[0.16] R26[0.34] A1[0.08];0.00;0.00;0.00;0.00;0.71;0.41;0.70;0.67;0.3197;0.3103;1
275;275;Agent_3;orders came from the seed rule base (rules as-is);0;0;R7[0.04] R20[0.16] R26[0.34] A1[0.08] G2[0.04] G3[0.08];0.00;0.00;0.00;0.00;0.17;0.00;0.87;0.69;0.3197;0.3103;1
276;276;Agent_1;orders came from the seed rule base (rules as-is);0;0;R7[0.02] R20[0.60] R26[0.34] A1[0.68] G2[0.60] G4[0.25];0.00;0.00;0.00;0.00;0.64;0.00;0.85;0.69;0.3197;0.3104;1
276;276;Agent_2;orders came from the seed rule base (rules as-is);0;0;R7[0.08] R11[0.23] R15[0.23] R20[0.16] R26[0.34] A1[0.08];0.00;0.00;0.00;0.00;0.71;0.41;0.70;0.67;0.3197;0.3104;1
276;276;Agent_3;orders came from the seed rule base (rules as-is);0;0;R7[0.04] R20[0.16] R26[0.34] A1[0.08] G2[0.04] G3[0.08];0.00;0.00;0.00;0.00;0.17;0.00;0.87;0.69;0.3197;0.3104;1
277;277;Agent_1;orders came from the seed rule base (rules as-is);0;0;R7[0.02] R20[0.60] R26[0.34] A1[0.68] G2[0.60] G4[0.25];0.00;0.00;0.00;0.00;0.64;0.00;0.85;0.69;0.3197;0.3103;1
277;277;Agent_2;orders came from the seed rule base (rules as-is);0;0;R7[0.08] R11[0.23] R15[0.23] R20[0.16] R26[0.34] A1[0.08];0.00;0.00;0.00;0.00;0.71;0.41;0.70;0.67;0.3197;0.3103;1
277;277;Agent_3;orders came from the seed rule base (rules as-is);0;0;R7[0.04] R20[0.16] R26[0.34] A1[0.08] G2[0.04] G3[0.08];0.00;0.00;0.00;0.00;0.17;0.00;0.87;0.69;0.3197;0.3103;1
278;278;Agent_1;orders came from the seed rule base (rules as-is);0;0;R7[0.02] R20[0.60] R26[0.34] A1[0.68] G2[0.60] G4[0.25];0.37;0.49;0.01;0.88;0.64;0.00;0.85;0.69;0.3197;0.3104;1
278;278;Agent_2;orders came from the seed rule base (rules as-is);0;0;R7[0.08] R11[0.23] R15[0.23] R20[0.16] R26[0.34] A1[0.08];0.33;0.58;0.19;0.78;0.71;0.41;0.70;0.67;0.3197;0.3104;1
278;278;Agent_3;orders came from the seed rule base (rules as-is);0;0;R7[0.04] R20[0.16] R26[0.34] A1[0.08] G2[0.04] G3[0.08];0.45;0.56;0.02;0.58;0.17;0.00;0.87;0.69;0.3197;0.3104;1
279;279;Agent_1;orders came from the seed rule base (rules as-is);0;0;R7[0.02] R20[0.60] R26[0.34] A1[0.68] G2[0.60] G4[0.25];0.37;0.49;0.01;0.88;0.64;0.00;0.85;0.69;0.3198;0.3104;1
279;279;Agent_2;orders came from the seed rule base (rules as-is);0;0;R7[0.08] R11[0.23] R15[0.23] R20[0.16] R26[0.34] A1[0.08];0.33;0.58;0.19;0.78;0.71;0.41;0.70;0.67;0.3198;0.3104;1
279;279;Agent_3;orders came from the seed rule base (rules as-is);0;0;R7[0.04] R20[0.16] R26[0.34] A1[0.08] G2[0.04] G3[0.08];0.45;0.56;0.02;0.58;0.17;0.00;0.87;0.69;0.3198;0.3104;1
280;280;Agent_1;orders came from the seed rule base (rules as-is);0;0;R7[0.02] R20[0.60] R26[0.34] A1[0.68] G2[0.60] G4[0.25];0.37;0.49;0.01;0.88;0.64;0.00;0.85;0.69;0.3198;0.3105;1
280;280;Agent_2;orders came from the seed rule base (rules as-is);0;0;R7[0.08] R11[0.23] R15[0.23] R20[0.16] R26[0.34] A1[0.08];0.33;0.58;0.19;0.78;0.71;0.41;0.70;0.67;0.3198;0.3105;1
280;280;Agent_3;orders came from the seed rule base (rules as-is);0;0;R7[0.04] R20[0.16] R26[0.34] A1[0.08] G2[0.04] G3[0.08];0.45;0.56;0.02;0.58;0.17;0.00;0.87;0.69;0.3198;0.3105;1
281;281;Agent_1;orders came from the seed rule base (rules as-is);0;0;R7[0.02] R20[0.60] R26[0.34] A1[0.68] G2[0.60] G4[0.25];0.37;0.49;0.01;0.88;0.64;0.00;0.85;0.69;0.3199;0.3105;1
281;281;Agent_2;orders came from the seed rule base (rules as-is);0;0;R7[0.08] R11[0.23] R15[0.23] R20[0.16] R26[0.34] A1[0.08];0.33;0.58;0.19;0.78;0.71;0.41;0.70;0.67;0.3199;0.3105;1
281;281;Agent_3;orders came from the seed rule base (rules as-is);0;0;R7[0.04] R20[0.16] R26[0.34] A1[0.08] G2[0.04] G3[0.08];0.45;0.56;0.02;0.58;0.17;0.00;0.87;0.69;0.3199;0.3105;1
282;282;Agent_1;orders came from the seed rule base (rules as-is);0;0;R7[0.02] R20[0.60] R26[0.34] A1[0.68] G2[0.60] G4[0.25];0.37;0.49;0.01;0.88;0.64;0.00;0.85;0.69;0.3199;0.3106;1
282;282;Agent_2;orders came from the seed rule base (rules as-is);0;0;R7[0.08] R11[0.23] R15[0.23] R20[0.16] R26[0.34] A1[0.08];0.33;0.58;0.19;0.78;0.71;0.41;0.70;0.67;0.3199;0.3106;1
282;282;Agent_3;orders came from the seed rule base (rules as-is);0;0;R7[0.04] R20[0.16] R26[0.34] A1[0.08] G2[0.04] G3[0.08];0.45;0.56;0.02;0.58;0.17;0.00;0.87;0.69;0.3199;0.3106;1
283;283;Agent_1;RL selected stage 1 [evFIS] (deficit bucket: low) → rejected (no improving perturbation found | seed-base decision stands, its orders are applied);1;0;R7[0.02] R20[0.60] R26[0.34] A1[0.68] G2[0.60] G4[0.25];0.37;0.49;0.01;0.88;0.64;0.00;0.85;0.69;0.3201;0.3109;1
283;283;Agent_2;RL selected stage 1 [evFIS] (deficit bucket: low) → rejected (no improving perturbation found | seed-base decision stands, its orders are applied);1;0;R7[0.08] R11[0.23] R15[0.23] R20[0.16] R26[0.34] A1[0.08];0.33;0.58;0.19;0.78;0.71;0.41;0.70;0.67;0.3201;0.3109;1
283;283;Agent_3;RL selected stage 1 [evFIS] (deficit bucket: low) → rejected (no improving perturbation found | seed-base decision stands, its orders are applied);1;0;R7[0.04] R20[0.16] R26[0.34] A1[0.08] G2[0.04] G3[0.08];0.45;0.56;0.02;0.58;0.17;0.00;0.87;0.69;0.3201;0.3109;1
284;284;Agent_1;orders came from the seed rule base (rules as-is);0;0;R7[0.02] R20[0.60] R26[0.34] A1[0.68] G2[0.60] G4[0.25];0.37;0.49;0.01;0.88;0.64;0.00;0.85;0.69;0.3200;0.3107;1
284;284;Agent_2;orders came from the seed rule base (rules as-is);0;0;R7[0.08] R11[0.23] R15[0.23] R20[0.16] R26[0.34] A1[0.08];0.33;0.58;0.19;0.78;0.71;0.41;0.70;0.67;0.3200;0.3107;1
284;284;Agent_3;orders came from the seed rule base (rules as-is);0;0;R7[0.04] R20[0.16] R26[0.34] A1[0.08] G2[0.04] G3[0.08];0.45;0.56;0.02;0.58;0.17;0.00;0.87;0.69;0.3200;0.3107;1
285;285;Agent_1;orders came from the seed rule base (rules as-is);0;0;R7[0.02] R20[0.60] R26[0.34] A1[0.68] G2[0.60] G4[0.25];0.37;0.49;0.01;0.88;0.64;0.00;0.85;0.69;0.3202;0.3108;1
285;285;Agent_2;orders came from the seed rule base (rules as-is);0;0;R7[0.08] R11[0.23] R15[0.23] R20[0.16] R26[0.34] A1[0.08];0.33;0.58;0.19;0.78;0.71;0.41;0.70;0.67;0.3202;0.3108;1
285;285;Agent_3;orders came from the seed rule base (rules as-is);0;0;R7[0.04] R20[0.16] R26[0.34] A1[0.08] G2[0.04] G3[0.08];0.45;0.56;0.02;0.58;0.17;0.00;0.87;0.69;0.3202;0.3108;1
0;0;Agent_1;RL selected stage 1 [evFIS] (deficit bucket: mid) → rejected (no improving perturbation found | seed-base decision stands, its orders are applied);1;0;R7[0.02] R20[0.19] A1[0.54] G2[0.24] G1[0.54] G3[0.06];0.33;0.44;0.01;0.84;0.53;0.00;0.79;0.00;0.0211;0.0145;1
0;0;Agent_2;RL selected stage 1 [evFIS] (deficit bucket: mid) → rejected (no improving perturbation found | seed-base decision stands, its orders are applied);1;0;R11[0.23] R15[0.03] R20[0.01] R26[0.03] G8[0.01] G9[0.03];0.03;0.20;0.02;0.00;0.28;0.25;0.91;0.00;0.0211;0.0145;1
0;0;Agent_3;RL selected stage 1 [evFIS] (deficit bucket: mid) → rejected (no improving perturbation found | seed-base decision stands, its orders are applied);1;0;;0.00;0.00;0.00;0.00;0.00;0.00;0.75;0.00;0.0211;0.0145;1
1;1;Agent_1;orders came from the seed rule base (rules as-is);0;0;R7[0.02] R20[0.20] A1[0.60] G2[0.27] G1[0.57] G3[0.06];0.36;0.44;0.01;0.84;0.53;0.00;0.82;0.70;0.0220;0.0154;1
1;1;Agent_2;orders came from the seed rule base (rules as-is);0;0;R11[0.23] R15[0.04] R20[0.01] R26[0.04] G8[0.01] G9[0.04];0.03;0.20;0.03;0.00;0.28;0.25;0.91;0.68;0.0220;0.0154;1
1;1;Agent_3;orders came from the seed rule base (rules as-is);0;0;;0.00;0.00;0.00;0.00;0.00;0.00;0.73;0.70;0.0220;0.0154;1
2;2;Agent_1;orders came from the seed rule base (rules as-is);0;0;R7[0.02] R20[0.24] R26[0.04] A1[0.68] G2[0.30] G1[0.36];0.39;0.46;0.01;0.85;0.57;0.00;0.90;0.70;0.0156;0.0163;1
2;2;Agent_2;orders came from the seed rule base (rules as-is);0;0;R11[0.23] R15[0.04] R20[0.01] R26[0.04] G8[0.01] G9[0.04];0.03;0.20;0.03;0.00;0.28;0.25;0.90;0.68;0.0156;0.0163;1
2;2;Agent_3;orders came from the seed rule base (rules as-is);0;0;R7[0.04] R20[0.12] R26[0.26] A1[0.08] G2[0.03] G1[0.08];0.38;0.47;0.02;0.75;0.19;0.00;0.85;0.70;0.0156;0.0163;1
3;3;Agent_1;orders came from the seed rule base (rules as-is);0;0;R7[0.02] R20[0.25] R26[0.05] A1[0.68] G2[0.31] G1[0.31];0.38;0.47;0.01;0.85;0.57;0.00;0.92;0.70;0.0153;0.0163;1
3;3;Agent_2;orders came from the seed rule base (rules as-is);0;0;R11[0.23] R15[0.04] R20[0.01] R26[0.04] G8[0.01] G9[0.04];0.02;0.14;0.03;0.00;0.28;0.25;0.90;0.68;0.0153;0.0163;0
3;3;Agent_3;orders came from the seed rule base (rules as-is);0;0;R7[0.04] R20[0.15] R26[0.32] A1[0.08] G2[0.04] G1[0.08];0.45;0.56;0.02;0.77;0.20;0.00;0.84;0.70;0.0153;0.0163;1
4;4;Agent_1;orders came from the seed rule base (rules as-is);0;0;R7[0.02] R20[0.25] R26[0.06] A1[0.68] G2[0.31] G1[0.29];0.38;0.47;0.01;0.85;0.57;0.00;0.92;0.70;0.0144;0.0163;1
4;4;Agent_2;orders came from the seed rule base (rules as-is);0;0;R11[0.23] R15[0.04] R20[0.01] R26[0.04] G8[0.01] G9[0.04];0.02;0.13;0.03;0.00;0.28;0.25;0.90;0.68;0.0144;0.0163;0
4;4;Agent_3;orders came from the seed rule base (rules as-is);0;0;R7[0.04] R20[0.16] R26[0.34] A1[0.08] G2[0.04] G1[0.08];0.47;0.59;0.02;0.77;0.20;0.00;0.84;0.70;0.0144;0.0163;1
5;5;Agent_1;orders came from the seed rule base (rules as-is);0;0;R7[0.02] R20[0.25] R26[0.06] A1[0.68] G2[0.31] G1[0.29];0.38;0.47;0.01;0.85;0.57;0.00;0.92;0.70;0.0144;0.0163;1
5;5;Agent_2;orders came from the seed rule base (rules as-is);0;0;R11[0.23] R15[0.04] R20[0.01] R26[0.04] G8[0.01] G9[0.04];0.02;0.13;0.03;0.00;0.28;0.25;0.90;0.68;0.0144;0.0163;0
5;5;Agent_3;orders came from the seed rule base (rules as-is);0;0;R7[0.04] R20[0.17] R26[0.35] A1[0.08] G2[0.04] G1[0.08];0.47;0.60;0.02;0.77;0.20;0.00;0.84;0.70;0.0144;0.0163;1
6;6;Agent_1;orders came from the seed rule base (rules as-is);0;0;R7[0.02] R20[0.25] R26[0.06] A1[0.68] G2[0.31] G1[0.29];0.38;0.47;0.01;0.85;0.57;0.00;0.92;0.70;0.0144;0.0163;1
6;6;Agent_2;orders came from the seed rule base (rules as-is);0;0;R11[0.23] R15[0.04] R20[0.01] R26[0.04] G8[0.01] G9[0.04];0.02;0.13;0.03;0.00;0.28;0.25;0.90;0.68;0.0144;0.0163;0
6;6;Agent_3;orders came from the seed rule base (rules as-is);0;0;R7[0.04] R20[0.17] R26[0.35] A1[0.08] G2[0.04] G1[0.08];0.48;0.60;0.02;0.77;0.20;0.00;0.84;0.70;0.0144;0.0163;1
7;7;Agent_1;orders came from the seed rule base (rules as-is);0;0;R7[0.02] R20[0.25] R26[0.06] A1[0.68] G2[0.31] G1[0.29];0.38;0.47;0.01;0.85;0.57;0.00;0.92;0.70;0.0144;0.0164;1
7;7;Agent_2;orders came from the seed rule base (rules as-is);0;0;R11[0.23] R15[0.04] R20[0.01] R26[0.04] G8[0.01] G9[0.04];0.02;0.13;0.03;0.00;0.28;0.25;0.90;0.68;0.0144;0.0164;0
7;7;Agent_3;orders came from the seed rule base (rules as-is);0;0;R7[0.04] R20[0.17] R26[0.35] A1[0.08] G2[0.04] G1[0.08];0.48;0.60;0.02;0.77;0.20;0.00;0.84;0.70;0.0144;0.0164;1
8;8;Agent_1;orders came from the seed rule base (rules as-is);0;0;R7[0.02] R20[0.25] R26[0.06] A1[0.68] G2[0.31] G1[0.29];0.38;0.47;0.01;0.85;0.57;0.00;0.92;0.70;0.0144;0.0164;1
8;8;Agent_2;orders came from the seed rule base (rules as-is);0;0;R11[0.23] R15[0.04] R20[0.01] R26[0.04] G8[0.01] G9[0.04];0.02;0.13;0.03;0.00;0.28;0.25;0.90;0.68;0.0144;0.0164;0
8;8;Agent_3;orders came from the seed rule base (rules as-is);0;0;R7[0.04] R20[0.17] R26[0.35] A1[0.08] G2[0.04] G1[0.08];0.48;0.60;0.02;0.77;0.20;0.00;0.84;0.70;0.0144;0.0164;1
9;9;Agent_1;orders came from the seed rule base (rules as-is);0;0;R7[0.02] R20[0.25] R26[0.06] A1[0.68] G2[0.31] G1[0.29];0.38;0.47;0.01;0.85;0.57;0.00;0.92;0.70;0.0144;0.0164;1
9;9;Agent_2;orders came from the seed rule base (rules as-is);0;0;R11[0.23] R15[0.04] R20[0.01] R26[0.04] G8[0.01] G9[0.04];0.02;0.13;0.03;0.00;0.28;0.25;0.90;0.68;0.0144;0.0164;0
9;9;Agent_3;orders came from the seed rule base (rules as-is);0;0;R7[0.04] R20[0.17] R26[0.35] A1[0.08] G2[0.04] G1[0.08];0.48;0.60;0.02;0.77;0.20;0.00;0.84;0.70;0.0144;0.0164;1
10;10;Agent_1;orders came from the seed rule base (rules as-is);0;0;R7[0.02] R20[0.25] R26[0.06] A1[0.68] G2[0.31] G1[0.29];0.38;0.47;0.01;0.85;0.57;0.00;0.92;0.70;0.0145;0.0164;1
10;10;Agent_2;orders came from the seed rule base (rules as-is);0;0;R11[0.23] R15[0.04] R20[0.01] R26[0.04] G8[0.01] G9[0.04];0.02;0.13;0.03;0.00;0.28;0.25;0.90;0.68;0.0145;0.0164;0
10;10;Agent_3;orders came from the seed rule base (rules as-is);0;0;R7[0.04] R20[0.17] R26[0.35] A1[0.08] G2[0.04] G1[0.08];0.48;0.60;0.02;0.77;0.20;0.00;0.84;0.70;0.0145;0.0164;1
11;11;Agent_1;orders came from the seed rule base (rules as-is);0;0;R7[0.02] R20[0.25] R26[0.06] A1[0.68] G2[0.31] G1[0.29];0.38;0.47;0.01;0.85;0.57;0.00;0.92;0.70;0.0145;0.0156;1
11;11;Agent_2;orders came from the seed rule base (rules as-is);0;0;R11[0.23] R15[0.04] R20[0.01] R26[0.04] G8[0.01] G9[0.04];0.02;0.13;0.03;0.00;0.28;0.25;0.90;0.68;0.0145;0.0156;0
11;11;Agent_3;orders came from the seed rule base (rules as-is);0;0;R7[0.04] R20[0.17] R26[0.35] A1[0.08] G2[0.04] G1[0.08];0.48;0.60;0.02;0.77;0.20;0.00;0.84;0.70;0.0145;0.0156;1
12;12;Agent_1;RL selected stage 1 [evFIS] (deficit bucket: low) → rejected (no improving perturbation found | seed-base decision stands, its orders are applied);1;0;R7[0.02] R20[0.25] R26[0.06] A1[0.68] G2[0.31] G1[0.29];0.38;0.47;0.01;0.85;0.57;0.00;0.92;0.70;0.0154;0.0156;1
12;12;Agent_2;RL selected stage 1 [evFIS] (deficit bucket: low) → rejected (no improving perturbation found | seed-base decision stands, its orders are applied);1;0;R11[0.23] R15[0.04] R20[0.01] R26[0.04] G8[0.01] G9[0.04];0.02;0.13;0.03;0.00;0.28;0.25;0.90;0.68;0.0154;0.0156;0
12;12;Agent_3;RL selected stage 1 [evFIS] (deficit bucket: low) → rejected (no improving perturbation found | seed-base decision stands, its orders are applied);1;0;R7[0.04] R20[0.17] R26[0.35] A1[0.08] G2[0.04] G1[0.08];0.48;0.60;0.02;0.77;0.20;0.00;0.84;0.70;0.0154;0.0156;1
13;13;Agent_1;orders came from the seed rule base (rules as-is);0;0;R7[0.02] R20[0.25] R26[0.06] A1[0.68] G2[0.31] G1[0.29];0.38;0.47;0.01;0.85;0.57;0.00;0.92;0.70;0.0154;0.0165;1
13;13;Agent_2;orders came from the seed rule base (rules as-is);0;0;R11[0.23] R15[0.04] R20[0.01] R26[0.04] G8[0.01] G9[0.04];0.02;0.13;0.03;0.00;0.28;0.25;0.90;0.68;0.0154;0.0165;0
13;13;Agent_3;orders came from the seed rule base (rules as-is);0;0;R7[0.04] R20[0.17] R26[0.35] A1[0.08] G2[0.04] G1[0.08];0.48;0.60;0.02;0.77;0.20;0.00;0.84;0.70;0.0154;0.0165;1
14;14;Agent_1;orders came from the seed rule base (rules as-is);0;0;R7[0.02] R20[0.25] R26[0.06] A1[0.68] G2[0.31] G1[0.29];0.38;0.47;0.01;0.85;0.57;0.00;0.92;0.70;0.0155;0.0174;1
14;14;Agent_2;orders came from the seed rule base (rules as-is);0;0;R11[0.23] R15[0.04] R20[0.01] R26[0.04] G8[0.01] G9[0.04];0.02;0.13;0.03;0.00;0.28;0.25;0.90;0.68;0.0155;0.0174;0
14;14;Agent_3;orders came from the seed rule base (rules as-is);0;0;R7[0.04] R20[0.17] R26[0.35] A1[0.08] G2[0.04] G1[0.08];0.48;0.60;0.02;0.77;0.20;0.00;0.84;0.70;0.0155;0.0174;1
15;15;Agent_1;orders came from the seed rule base (rules as-is);0;0;R7[0.02] R20[0.25] R26[0.06] A1[0.68] G2[0.31] G1[0.29];0.38;0.47;0.01;0.85;0.57;0.00;0.92;0.70;0.0155;0.0174;1
15;15;Agent_2;orders came from the seed rule base (rules as-is);0;0;R11[0.23] R15[0.04] R20[0.01] R26[0.04] G8[0.01] G9[0.04];0.02;0.13;0.03;0.00;0.28;0.25;0.90;0.68;0.0155;0.0174;0
15;15;Agent_3;orders came from the seed rule base (rules as-is);0;0;R7[0.04] R20[0.17] R26[0.35] A1[0.08] G2[0.04] G1[0.08];0.48;0.60;0.02;0.77;0.20;0.00;0.84;0.70;0.0155;0.0174;1
16;16;Agent_1;orders came from the seed rule base (rules as-is);0;0;R7[0.02] R20[0.25] R26[0.06] A1[0.68] G2[0.31] G1[0.29];0.38;0.47;0.01;0.85;0.57;0.00;0.92;0.70;0.0155;0.0174;1
16;16;Agent_2;orders came from the seed rule base (rules as-is);0;0;R11[0.23] R15[0.04] R20[0.01] R26[0.04] G8[0.01] G9[0.04];0.02;0.13;0.03;0.00;0.28;0.25;0.90;0.68;0.0155;0.0174;0
16;16;Agent_3;orders came from the seed rule base (rules as-is);0;0;R7[0.04] R20[0.17] R26[0.35] A1[0.08] G2[0.04] G1[0.08];0.48;0.60;0.02;0.77;0.20;0.00;0.84;0.70;0.0155;0.0174;1
17;17;Agent_1;orders came from the seed rule base (rules as-is);0;0;R7[0.02] R20[0.25] R26[0.06] A1[0.68] G2[0.31] G1[0.29];0.38;0.47;0.01;0.85;0.57;0.00;0.92;0.70;0.0156;0.0174;1
17;17;Agent_2;orders came from the seed rule base (rules as-is);0;0;R11[0.23] R15[0.04] R20[0.01] R26[0.04] G8[0.01] G9[0.04];0.02;0.13;0.03;0.00;0.28;0.25;0.90;0.68;0.0156;0.0174;0
17;17;Agent_3;orders came from the seed rule base (rules as-is);0;0;R7[0.04] R20[0.17] R26[0.35] A1[0.08] G2[0.04] G1[0.08];0.48;0.60;0.02;0.77;0.20;0.00;0.84;0.70;0.0156;0.0174;1
18;18;Agent_1;orders came from the seed rule base (rules as-is);0;0;R7[0.02] R20[0.25] R26[0.06] A1[0.68] G2[0.31] G1[0.29];0.38;0.47;0.01;0.85;0.57;0.00;0.92;0.70;0.0156;0.0183;1
18;18;Agent_2;orders came from the seed rule base (rules as-is);0;0;R11[0.23] R15[0.04] R20[0.01] R26[0.04] G8[0.01] G9[0.04];0.02;0.13;0.03;0.00;0.28;0.25;0.90;0.68;0.0156;0.0183;0
18;18;Agent_3;orders came from the seed rule base (rules as-is);0;0;R7[0.04] R20[0.17] R26[0.35] A1[0.08] G2[0.04] G1[0.08];0.48;0.60;0.02;0.77;0.20;0.00;0.84;0.70;0.0156;0.0183;1
19;19;Agent_1;orders came from the seed rule base (rules as-is);0;0;R7[0.02] R20[0.25] R26[0.06] A1[0.68] G2[0.31] G1[0.29];0.38;0.47;0.01;0.85;0.57;0.00;0.92;0.70;0.0165;0.0184;1
19;19;Agent_2;orders came from the seed rule base (rules as-is);0;0;R11[0.23] R15[0.04] R20[0.01] R26[0.04] G8[0.01] G9[0.04];0.02;0.13;0.03;0.00;0.28;0.25;0.90;0.68;0.0165;0.0184;0
19;19;Agent_3;orders came from the seed rule base (rules as-is);0;0;R7[0.04] R20[0.17] R26[0.35] A1[0.08] G2[0.04] G1[0.08];0.48;0.60;0.02;0.77;0.20;0.00;0.84;0.69;0.0165;0.0184;1
20;20;Agent_1;orders came from the seed rule base (rules as-is);0;0;R7[0.02] R20[0.25] R26[0.06] A1[0.68] G2[0.31] G1[0.29];0.38;0.47;0.01;0.85;0.57;0.00;0.92;0.70;0.0165;0.0184;1
20;20;Agent_2;orders came from the seed rule base (rules as-is);0;0;R11[0.23] R15[0.04] R20[0.01] R26[0.04] G8[0.01] G9[0.04];0.02;0.13;0.03;0.00;0.28;0.25;0.90;0.68;0.0165;0.0184;0
20;20;Agent_3;orders came from the seed rule base (rules as-is);0;0;R7[0.04] R20[0.17] R26[0.35] A1[0.08] G2[0.04] G1[0.08];0.48;0.60;0.02;0.77;0.20;0.00;0.84;0.69;0.0165;0.0184;1
21;21;Agent_1;orders came from the seed rule base (rules as-is);0;0;R7[0.02] R20[0.25] R26[0.06] A1[0.68] G2[0.31] G1[0.29];0.38;0.47;0.01;0.85;0.57;0.00;0.92;0.70;0.0165;0.0184;1
21;21;Agent_2;orders came from the seed rule base (rules as-is);0;0;R11[0.23] R15[0.04] R20[0.01] R26[0.04] G8[0.01] G9[0.04];0.02;0.13;0.03;0.00;0.28;0.25;0.90;0.68;0.0165;0.0184;0
21;21;Agent_3;orders came from the seed rule base (rules as-is);0;0;R7[0.04] R20[0.17] R26[0.35] A1[0.08] G2[0.04] G1[0.08];0.48;0.60;0.02;0.77;0.20;0.00;0.84;0.69;0.0165;0.0184;1
22;22;Agent_1;orders came from the seed rule base (rules as-is);0;0;R7[0.02] R20[0.25] R26[0.06] A1[0.68] G2[0.31] G1[0.29];0.38;0.47;0.01;0.85;0.57;0.00;0.92;0.70;0.0166;0.0184;1
22;22;Agent_2;orders came from the seed rule base (rules as-is);0;0;R11[0.23] R15[0.04] R20[0.01] R26[0.04] G8[0.01] G9[0.04];0.02;0.13;0.03;0.00;0.28;0.25;0.90;0.68;0.0166;0.0184;0
22;22;Agent_3;orders came from the seed rule base (rules as-is);0;0;R7[0.04] R20[0.17] R26[0.35] A1[0.08] G2[0.04] G1[0.08];0.48;0.60;0.02;0.77;0.20;0.00;0.84;0.69;0.0166;0.0184;1
23;23;Agent_1;orders came from the seed rule base (rules as-is);0;0;R7[0.02] R20[0.25] R26[0.06] A1[0.68] G2[0.31] G1[0.29];0.38;0.47;0.01;0.85;0.57;0.00;0.92;0.70;0.0166;0.0184;1
23;23;Agent_2;orders came from the seed rule base (rules as-is);0;0;R11[0.23] R15[0.04] R20[0.01] R26[0.04] G8[0.01] G9[0.04];0.02;0.13;0.03;0.00;0.28;0.25;0.90;0.68;0.0166;0.0184;0
23;23;Agent_3;orders came from the seed rule base (rules as-is);0;0;R7[0.04] R20[0.17] R26[0.35] A1[0.08] G2[0.04] G1[0.08];0.48;0.60;0.02;0.77;0.20;0.00;0.84;0.69;0.0166;0.0184;1
24;24;Agent_1;RL selected stage 1 [evFIS] (deficit bucket: mid) → rejected (no improving perturbation found | seed-base decision stands, its orders are applied);1;0;R7[0.02] R20[0.25] R26[0.06] A1[0.68] G2[0.31] G1[0.29];0.38;0.47;0.01;0.85;0.57;0.00;0.92;0.70;0.0166;0.0193;1
24;24;Agent_2;RL selected stage 1 [evFIS] (deficit bucket: mid) → rejected (no improving perturbation found | seed-base decision stands, its orders are applied);1;0;R11[0.23] R15[0.04] R20[0.01] R26[0.04] G8[0.01] G9[0.04];0.02;0.13;0.03;0.00;0.28;0.25;0.90;0.68;0.0166;0.0193;0
24;24;Agent_3;RL selected stage 1 [evFIS] (deficit bucket: mid) → rejected (no improving perturbation found | seed-base decision stands, its orders are applied);1;0;R7[0.04] R20[0.17] R26[0.35] A1[0.08] G2[0.04] G1[0.08];0.48;0.60;0.02;0.77;0.20;0.00;0.84;0.69;0.0166;0.0193;1
25;25;Agent_1;orders came from the seed rule base (rules as-is);0;0;R7[0.02] R20[0.25] R26[0.06] A1[0.68] G2[0.31] G1[0.29];0.38;0.47;0.01;0.85;0.57;0.00;0.92;0.70;0.0167;0.0202;1
25;25;Agent_2;orders came from the seed rule base (rules as-is);0;0;R11[0.23] R15[0.04] R20[0.01] R26[0.04] G8[0.01] G9[0.04];0.02;0.13;0.03;0.00;0.28;0.25;0.90;0.68;0.0167;0.0202;0
25;25;Agent_3;orders came from the seed rule base (rules as-is);0;0;R7[0.04] R20[0.17] R26[0.35] A1[0.08] G2[0.04] G1[0.08];0.48;0.60;0.02;0.77;0.20;0.00;0.84;0.69;0.0167;0.0202;1
26;26;Agent_1;orders came from the seed rule base (rules as-is);0;0;R7[0.02] R20[0.25] R26[0.06] A1[0.68] G2[0.31] G1[0.29];0.38;0.47;0.01;0.85;0.57;0.00;0.92;0.70;0.0167;0.0194;1
26;26;Agent_2;orders came from the seed rule base (rules as-is);0;0;R11[0.23] R15[0.04] R20[0.01] R26[0.04] G8[0.01] G9[0.04];0.02;0.13;0.03;0.00;0.28;0.25;0.90;0.68;0.0167;0.0194;0
26;26;Agent_3;orders came from the seed rule base (rules as-is);0;0;R7[0.04] R20[0.17] R26[0.35] A1[0.08] G2[0.04] G1[0.08];0.48;0.60;0.02;0.77;0.20;0.00;0.84;0.69;0.0167;0.0194;1
27;27;Agent_1;orders came from the seed rule base (rules as-is);0;0;R7[0.02] R20[0.25] R26[0.06] A1[0.68] G2[0.31] G1[0.29];0.38;0.47;0.01;0.85;0.57;0.00;0.92;0.70;0.0167;0.0203;1
27;27;Agent_2;orders came from the seed rule base (rules as-is);0;0;R11[0.23] R15[0.04] R20[0.01] R26[0.04] G8[0.01] G9[0.04];0.02;0.13;0.03;0.00;0.28;0.25;0.90;0.68;0.0167;0.0203;0
27;27;Agent_3;orders came from the seed rule base (rules as-is);0;0;R7[0.04] R20[0.17] R26[0.35] A1[0.08] G2[0.04] G1[0.08];0.48;0.60;0.02;0.77;0.20;0.00;0.84;0.69;0.0167;0.0203;1
28;28;Agent_1;orders came from the seed rule base (rules as-is);0;0;R7[0.02] R20[0.25] R26[0.06] A1[0.68] G2[0.31] G1[0.29];0.38;0.47;0.01;0.85;0.57;0.00;0.92;0.70;0.0167;0.0211;1
28;28;Agent_2;orders came from the seed rule base (rules as-is);0;0;R11[0.23] R15[0.04] R20[0.01] R26[0.04] G8[0.01] G9[0.04];0.02;0.13;0.03;0.00;0.28;0.25;0.90;0.68;0.0167;0.0211;0
28;28;Agent_3;orders came from the seed rule base (rules as-is);0;0;R7[0.04] R20[0.17] R26[0.35] A1[0.08] G2[0.04] G1[0.08];0.48;0.60;0.02;0.77;0.20;0.00;0.84;0.69;0.0167;0.0211;1
29;29;Agent_1;orders came from the seed rule base (rules as-is);0;0;R7[0.02] R20[0.25] R26[0.06] A1[0.68] G2[0.31] G1[0.29];0.38;0.47;0.01;0.85;0.57;0.00;0.92;0.70;0.0167;0.0212;1
29;29;Agent_2;orders came from the seed rule base (rules as-is);0;0;R11[0.23] R15[0.04] R20[0.01] R26[0.04] G8[0.01] G9[0.04];0.02;0.13;0.03;0.00;0.28;0.25;0.90;0.68;0.0167;0.0212;0
29;29;Agent_3;orders came from the seed rule base (rules as-is);0;0;R7[0.04] R20[0.17] R26[0.35] A1[0.08] G2[0.04] G1[0.08];0.48;0.60;0.02;0.77;0.20;0.00;0.84;0.69;0.0167;0.0212;1
30;30;Agent_1;orders came from the seed rule base (rules as-is);0;0;R7[0.02] R20[0.25] R26[0.06] A1[0.68] G2[0.31] G1[0.29];0.38;0.47;0.01;0.85;0.57;0.00;0.92;0.70;0.0168;0.0212;1
30;30;Agent_2;orders came from the seed rule base (rules as-is);0;0;R11[0.23] R15[0.04] R20[0.01] R26[0.04] G8[0.01] G9[0.04];0.02;0.13;0.03;0.00;0.28;0.25;0.90;0.68;0.0168;0.0212;0
30;30;Agent_3;orders came from the seed rule base (rules as-is);0;0;R7[0.04] R20[0.17] R26[0.35] A1[0.08] G2[0.04] G1[0.08];0.48;0.60;0.02;0.77;0.20;0.00;0.84;0.69;0.0168;0.0212;1
31;31;Agent_1;orders came from the seed rule base (rules as-is);0;0;R7[0.02] R20[0.25] R26[0.06] A1[0.68] G2[0.31] G1[0.29];0.38;0.47;0.01;0.85;0.57;0.00;0.92;0.70;0.0168;0.0212;1
31;31;Agent_2;orders came from the seed rule base (rules as-is);0;0;R11[0.23] R15[0.04] R20[0.01] R26[0.04] G8[0.01] G9[0.04];0.02;0.13;0.03;0.00;0.28;0.25;0.90;0.68;0.0168;0.0212;0
31;31;Agent_3;orders came from the seed rule base (rules as-is);0;0;R7[0.04] R20[0.17] R26[0.35] A1[0.08] G2[0.04] G1[0.08];0.47;0.60;0.02;0.77;0.20;0.00;0.84;0.69;0.0168;0.0212;1
32;32;Agent_1;orders came from the seed rule base (rules as-is);0;0;R7[0.02] R20[0.25] R26[0.06] A1[0.68] G2[0.31] G1[0.29];0.38;0.47;0.01;0.85;0.57;0.00;0.92;0.70;0.0168;0.0212;1
32;32;Agent_2;orders came from the seed rule base (rules as-is);0;0;R11[0.23] R15[0.04] R20[0.01] R26[0.04] G8[0.01] G9[0.04];0.02;0.13;0.03;0.00;0.28;0.25;0.90;0.68;0.0168;0.0212;0
32;32;Agent_3;orders came from the seed rule base (rules as-is);0;0;R7[0.04] R20[0.17] R26[0.35] A1[0.08] G2[0.04] G1[0.08];0.47;0.60;0.02;0.77;0.20;0.00;0.84;0.69;0.0168;0.0212;1
33;33;Agent_1;orders came from the seed rule base (rules as-is);0;0;R7[0.02] R20[0.25] R26[0.06] A1[0.68] G2[0.31] G1[0.29];0.38;0.47;0.01;0.85;0.57;0.00;0.92;0.70;0.0169;0.0212;1
33;33;Agent_2;orders came from the seed rule base (rules as-is);0;0;R11[0.23] R15[0.04] R20[0.01] R26[0.04] G8[0.01] G9[0.04];0.02;0.13;0.03;0.00;0.28;0.25;0.90;0.68;0.0169;0.0212;0
33;33;Agent_3;orders came from the seed rule base (rules as-is);0;0;R7[0.04] R20[0.17] R26[0.35] A1[0.08] G2[0.04] G1[0.08];0.47;0.60;0.02;0.77;0.20;0.00;0.84;0.69;0.0169;0.0212;1
34;34;Agent_1;orders came from the seed rule base (rules as-is);0;0;R7[0.02] R20[0.25] R26[0.06] A1[0.68] G2[0.31] G1[0.29];0.38;0.47;0.01;0.85;0.57;0.00;0.92;0.70;0.0169;0.0213;1
34;34;Agent_2;orders came from the seed rule base (rules as-is);0;0;R11[0.23] R15[0.04] R20[0.01] R26[0.04] G8[0.01] G9[0.04];0.02;0.13;0.03;0.00;0.28;0.25;0.90;0.68;0.0169;0.0213;0
34;34;Agent_3;orders came from the seed rule base (rules as-is);0;0;R7[0.04] R20[0.17] R26[0.35] A1[0.08] G2[0.04] G1[0.08];0.47;0.60;0.02;0.77;0.20;0.00;0.84;0.69;0.0169;0.0213;1
35;35;Agent_1;orders came from the seed rule base (rules as-is);0;0;R7[0.02] R20[0.25] R26[0.06] A1[0.68] G2[0.31] G1[0.29];0.38;0.47;0.01;0.85;0.57;0.00;0.92;0.70;0.0169;0.0213;1
35;35;Agent_2;orders came from the seed rule base (rules as-is);0;0;R11[0.23] R15[0.04] R20[0.01] R26[0.04] G8[0.01] G9[0.04];0.02;0.13;0.03;0.00;0.28;0.25;0.90;0.68;0.0169;0.0213;0
35;35;Agent_3;orders came from the seed rule base (rules as-is);0;0;R7[0.04] R20[0.17] R26[0.35] A1[0.08] G2[0.04] G1[0.08];0.47;0.60;0.02;0.77;0.20;0.00;0.84;0.69;0.0169;0.0213;1
36;36;Agent_1;orders came from the seed rule base (rules as-is);0;0;R7[0.02] R20[0.25] R26[0.06] A1[0.68] G2[0.31] G1[0.29];0.38;0.47;0.01;0.85;0.57;0.00;0.92;0.69;0.0178;0.0213;1
36;36;Agent_2;orders came from the seed rule base (rules as-is);0;0;R11[0.23] R15[0.04] R20[0.01] R26[0.04] G8[0.01] G9[0.04];0.02;0.13;0.03;0.00;0.28;0.25;0.90;0.68;0.0178;0.0213;0
36;36;Agent_3;orders came from the seed rule base (rules as-is);0;0;R7[0.04] R20[0.17] R26[0.35] A1[0.08] G2[0.04] G1[0.08];0.47;0.60;0.02;0.77;0.20;0.00;0.84;0.69;0.0178;0.0213;1
37;37;Agent_1;orders came from the seed rule base (rules as-is);0;0;R7[0.02] R20[0.25] R26[0.06] A1[0.68] G2[0.31] G1[0.29];0.38;0.47;0.01;0.85;0.57;0.00;0.92;0.69;0.0178;0.0213;1
37;37;Agent_2;orders came from the seed rule base (rules as-is);0;0;R11[0.23] R15[0.04] R20[0.01] R26[0.04] G8[0.01] G9[0.04];0.02;0.13;0.03;0.00;0.28;0.25;0.90;0.68;0.0178;0.0213;0
37;37;Agent_3;orders came from the seed rule base (rules as-is);0;0;R7[0.04] R20[0.17] R26[0.35] A1[0.08] G2[0.04] G1[0.08];0.47;0.60;0.02;0.77;0.20;0.00;0.84;0.69;0.0178;0.0213;1
38;38;Agent_1;orders came from the seed rule base (rules as-is);0;0;R7[0.02] R20[0.25] R26[0.06] A1[0.68] G2[0.31] G1[0.29];0.38;0.47;0.01;0.85;0.57;0.00;0.92;0.69;0.0178;0.0213;1
38;38;Agent_2;orders came from the seed rule base (rules as-is);0;0;R11[0.23] R15[0.04] R20[0.01] R26[0.04] G8[0.01] G9[0.04];0.02;0.13;0.03;0.00;0.28;0.25;0.90;0.68;0.0178;0.0213;0
38;38;Agent_3;orders came from the seed rule base (rules as-is);0;0;R7[0.04] R20[0.17] R26[0.35] A1[0.08] G2[0.04] G1[0.08];0.47;0.60;0.02;0.77;0.20;0.00;0.84;0.69;0.0178;0.0213;1
39;39;Agent_1;orders came from the seed rule base (rules as-is);0;0;R7[0.02] R20[0.25] R26[0.06] A1[0.68] G2[0.31] G1[0.29];0.38;0.47;0.01;0.85;0.57;0.00;0.92;0.69;0.0187;0.0205;1
39;39;Agent_2;orders came from the seed rule base (rules as-is);0;0;R11[0.23] R15[0.04] R20[0.01] R26[0.04] G8[0.01] G9[0.04];0.02;0.13;0.03;0.00;0.28;0.25;0.90;0.68;0.0187;0.0205;0
39;39;Agent_3;orders came from the seed rule base (rules as-is);0;0;R7[0.04] R20[0.17] R26[0.35] A1[0.08] G2[0.04] G1[0.08];0.47;0.60;0.02;0.77;0.20;0.00;0.84;0.69;0.0187;0.0205;1
40;40;Agent_1;RL selected stage 3 [GenAI] (deficit bucket: low) → ACCEPTED: G14: G14: IF fire threat level is VH AND intervention urgency is M THEN suppression effort 0.6, resource deployment 0.5 (adaptation-born: generative (template), gates G1-G4);3;3;R7[0.02] R20[0.25] R26[0.06] A1[0.68] G2[0.31] G1[0.29];0.39;0.47;0.01;0.85;0.57;0.00;0.91;0.69;0.0188;0.0196;1
40;40;Agent_2;RL selected stage 3 [GenAI] (deficit bucket: low) → ACCEPTED: G14: G14: IF fire threat level is VH AND intervention urgency is M THEN suppression effort 0.6, resource deployment 0.5 (adaptation-born: generative (template), gates G1-G4);3;3;R11[0.23] R15[0.04] R20[0.01] R26[0.04] G8[0.01] G9[0.04];0.03;0.15;0.03;0.00;0.28;0.25;0.90;0.68;0.0188;0.0196;0
40;40;Agent_3;RL selected stage 3 [GenAI] (deficit bucket: low) → ACCEPTED: G14: G14: IF fire threat level is VH AND intervention urgency is M THEN suppression effort 0.6, resource deployment 0.5 (adaptation-born: generative (template), gates G1-G4);3;3;R7[0.04] R20[0.17] R26[0.35] A1[0.08] G2[0.04] G1[0.08];0.57;0.60;0.02;0.77;0.20;0.00;0.84;0.69;0.0188;0.0196;1
41;41;Agent_1;orders came from the seed rule base (rules as-is);0;0;R7[0.02] R20[0.25] R26[0.06] A1[0.68] G2[0.31] G1[0.29];0.39;0.47;0.01;0.85;0.57;0.00;0.91;0.69;0.0188;0.0197;1
41;41;Agent_2;orders came from the seed rule base (rules as-is);0;0;R11[0.23] R15[0.04] R20[0.01] R26[0.04] G8[0.01] G9[0.04];0.03;0.15;0.03;0.00;0.28;0.25;0.90;0.68;0.0188;0.0197;0
41;41;Agent_3;orders came from the seed rule base (rules as-is);0;0;R7[0.04] R20[0.17] R26[0.35] A1[0.08] G2[0.04] G1[0.08];0.57;0.60;0.02;0.77;0.20;0.00;0.84;0.69;0.0188;0.0197;1
42;42;Agent_1;orders came from the seed rule base (rules as-is);0;0;R7[0.02] R20[0.25] R26[0.06] A1[0.68] G2[0.31] G1[0.29];0.39;0.47;0.01;0.85;0.57;0.00;0.91;0.69;0.0188;0.0197;1
42;42;Agent_2;orders came from the seed rule base (rules as-is);0;0;R11[0.23] R15[0.04] R20[0.01] R26[0.04] G8[0.01] G9[0.04];0.03;0.15;0.03;0.00;0.28;0.25;0.90;0.68;0.0188;0.0197;0
42;42;Agent_3;orders came from the seed rule base (rules as-is);0;0;R7[0.04] R20[0.17] R26[0.35] A1[0.08] G2[0.04] G1[0.08];0.57;0.60;0.02;0.77;0.20;0.00;0.84;0.69;0.0188;0.0197;1
43;43;Agent_1;orders came from the seed rule base (rules as-is);0;0;R7[0.02] R20[0.25] R26[0.06] A1[0.68] G2[0.31] G1[0.29];0.39;0.47;0.01;0.85;0.57;0.00;0.91;0.69;0.0189;0.0197;1
43;43;Agent_2;orders came from the seed rule base (rules as-is);0;0;R11[0.23] R15[0.04] R20[0.01] R26[0.04] G8[0.01] G9[0.04];0.03;0.15;0.03;0.00;0.28;0.25;0.90;0.68;0.0189;0.0197;0
43;43;Agent_3;orders came from the seed rule base (rules as-is);0;0;R7[0.04] R20[0.17] R26[0.35] A1[0.08] G2[0.04] G1[0.08];0.57;0.60;0.02;0.77;0.20;0.00;0.84;0.69;0.0189;0.0197;1
44;44;Agent_1;orders came from the seed rule base (rules as-is);0;0;R7[0.02] R20[0.25] R26[0.06] A1[0.68] G2[0.31] G1[0.29];0.39;0.47;0.01;0.85;0.57;0.00;0.91;0.69;0.0189;0.0197;1
44;44;Agent_2;orders came from the seed rule base (rules as-is);0;0;R11[0.23] R15[0.04] R20[0.01] R26[0.04] G8[0.01] G9[0.04];0.03;0.15;0.03;0.00;0.28;0.25;0.90;0.68;0.0189;0.0197;0
44;44;Agent_3;orders came from the seed rule base (rules as-is);0;0;R7[0.04] R20[0.17] R26[0.35] A1[0.08] G2[0.04] G1[0.08];0.57;0.60;0.02;0.77;0.20;0.00;0.84;0.69;0.0189;0.0197;1
45;45;Agent_1;orders came from the seed rule base (rules as-is);0;0;R7[0.02] R20[0.25] R26[0.06] A1[0.68] G2[0.31] G1[0.29];0.39;0.47;0.01;0.85;0.57;0.00;0.91;0.69;0.0189;0.0197;1
45;45;Agent_2;orders came from the seed rule base (rules as-is);0;0;R11[0.23] R15[0.04] R20[0.01] R26[0.04] G8[0.01] G9[0.04];0.03;0.15;0.03;0.00;0.28;0.25;0.90;0.68;0.0189;0.0197;0
45;45;Agent_3;orders came from the seed rule base (rules as-is);0;0;R7[0.04] R20[0.17] R26[0.35] A1[0.08] G2[0.04] G1[0.08];0.57;0.60;0.02;0.77;0.20;0.00;0.84;0.69;0.0189;0.0197;1
46;46;Agent_1;orders came from the seed rule base (rules as-is);0;0;R7[0.02] R20[0.25] R26[0.06] A1[0.68] G2[0.31] G1[0.29];0.39;0.47;0.01;0.85;0.57;0.00;0.91;0.69;0.0189;0.0198;1
46;46;Agent_2;orders came from the seed rule base (rules as-is);0;0;R11[0.23] R15[0.04] R20[0.01] R26[0.04] G8[0.01] G9[0.04];0.03;0.15;0.03;0.00;0.28;0.25;0.90;0.68;0.0189;0.0198;0
46;46;Agent_3;orders came from the seed rule base (rules as-is);0;0;R7[0.04] R20[0.17] R26[0.35] A1[0.08] G2[0.04] G1[0.08];0.57;0.60;0.02;0.77;0.20;0.00;0.84;0.69;0.0189;0.0198;1
47;47;Agent_1;orders came from the seed rule base (rules as-is);0;0;R7[0.02] R20[0.25] R26[0.06] A1[0.68] G2[0.31] G1[0.29];0.39;0.47;0.01;0.85;0.57;0.00;0.91;0.69;0.0189;0.0198;1
47;47;Agent_2;orders came from the seed rule base (rules as-is);0;0;R11[0.23] R15[0.04] R20[0.01] R26[0.04] G8[0.01] G9[0.04];0.03;0.15;0.03;0.00;0.28;0.25;0.90;0.68;0.0189;0.0198;0
47;47;Agent_3;orders came from the seed rule base (rules as-is);0;0;R7[0.04] R20[0.17] R26[0.35] A1[0.08] G2[0.04] G1[0.08];0.57;0.60;0.02;0.77;0.20;0.00;0.84;0.69;0.0189;0.0198;1
48;48;Agent_1;orders came from the seed rule base (rules as-is);0;0;R7[0.02] R20[0.25] R26[0.06] A1[0.68] G2[0.31] G1[0.29];0.39;0.47;0.01;0.85;0.57;0.00;0.91;0.69;0.0190;0.0198;1
48;48;Agent_2;orders came from the seed rule base (rules as-is);0;0;R11[0.23] R15[0.04] R20[0.01] R26[0.04] G8[0.01] G9[0.04];0.03;0.15;0.03;0.00;0.28;0.25;0.90;0.68;0.0190;0.0198;0
48;48;Agent_3;orders came from the seed rule base (rules as-is);0;0;R7[0.04] R20[0.17] R26[0.35] A1[0.08] G2[0.04] G1[0.08];0.57;0.60;0.02;0.77;0.20;0.00;0.84;0.69;0.0190;0.0198;1
49;49;Agent_1;orders came from the seed rule base (rules as-is);0;0;R7[0.02] R20[0.25] R26[0.06] A1[0.68] G2[0.31] G1[0.29];0.39;0.47;0.01;0.85;0.57;0.00;0.91;0.69;0.0190;0.0207;1
49;49;Agent_2;orders came from the seed rule base (rules as-is);0;0;R11[0.23] R15[0.04] R20[0.01] R26[0.04] G8[0.01] G9[0.04];0.03;0.15;0.03;0.00;0.28;0.25;0.90;0.68;0.0190;0.0207;0
49;49;Agent_3;orders came from the seed rule base (rules as-is);0;0;R7[0.04] R20[0.17] R26[0.35] A1[0.08] G2[0.04] G1[0.08];0.57;0.60;0.02;0.77;0.20;0.00;0.84;0.69;0.0190;0.0207;1
50;50;Agent_1;orders came from the seed rule base (rules as-is);0;0;R7[0.02] R20[0.25] R26[0.06] A1[0.68] G2[0.31] G1[0.29];0.39;0.47;0.01;0.85;0.57;0.00;0.91;0.69;0.0190;0.0207;1
50;50;Agent_2;orders came from the seed rule base (rules as-is);0;0;R11[0.23] R15[0.04] R20[0.01] R26[0.04] G8[0.01] G9[0.04];0.03;0.15;0.03;0.00;0.28;0.25;0.90;0.68;0.0190;0.0207;0
50;50;Agent_3;orders came from the seed rule base (rules as-is);0;0;R7[0.04] R20[0.17] R26[0.35] A1[0.08] G2[0.04] G1[0.08];0.57;0.60;0.02;0.77;0.20;0.00;0.84;0.69;0.0190;0.0207;1
51;51;Agent_1;orders came from the seed rule base (rules as-is);0;0;R7[0.02] R20[0.25] R26[0.06] A1[0.68] G2[0.31] G1[0.29];0.39;0.47;0.01;0.85;0.57;0.00;0.91;0.69;0.0190;0.0207;1
51;51;Agent_2;orders came from the seed rule base (rules as-is);0;0;R11[0.23] R15[0.04] R20[0.01] R26[0.04] G8[0.01] G9[0.04];0.03;0.15;0.03;0.00;0.28;0.25;0.90;0.68;0.0190;0.0207;0
51;51;Agent_3;orders came from the seed rule base (rules as-is);0;0;R7[0.04] R20[0.17] R26[0.35] A1[0.08] G2[0.04] G1[0.08];0.57;0.60;0.02;0.77;0.20;0.00;0.84;0.69;0.0190;0.0207;1
52;52;Agent_1;RL selected stage 1 [evFIS] (deficit bucket: mid) → rejected (no improving perturbation found | seed-base decision stands, its orders are applied);1;0;R7[0.02] R20[0.25] R26[0.06] A1[0.68] G2[0.31] G1[0.29];0.39;0.47;0.01;0.85;0.57;0.00;0.91;0.69;0.0191;0.0208;1
52;52;Agent_2;RL selected stage 1 [evFIS] (deficit bucket: mid) → rejected (no improving perturbation found | seed-base decision stands, its orders are applied);1;0;R11[0.23] R15[0.04] R20[0.01] R26[0.04] G8[0.01] G9[0.04];0.03;0.15;0.03;0.00;0.28;0.25;0.90;0.68;0.0191;0.0208;0
52;52;Agent_3;RL selected stage 1 [evFIS] (deficit bucket: mid) → rejected (no improving perturbation found | seed-base decision stands, its orders are applied);1;0;R7[0.04] R20[0.17] R26[0.35] A1[0.08] G2[0.04] G1[0.08];0.57;0.60;0.02;0.77;0.20;0.00;0.84;0.69;0.0191;0.0208;1
53;53;Agent_1;orders came from the seed rule base (rules as-is);0;0;R7[0.02] R20[0.25] R26[0.06] A1[0.68] G2[0.31] G1[0.29];0.39;0.47;0.01;0.85;0.57;0.00;0.91;0.69;0.0191;0.0216;1
53;53;Agent_2;orders came from the seed rule base (rules as-is);0;0;R11[0.23] R15[0.04] R20[0.01] R26[0.04] G8[0.01] G9[0.04];0.03;0.15;0.03;0.00;0.28;0.25;0.90;0.68;0.0191;0.0216;0
53;53;Agent_3;orders came from the seed rule base (rules as-is);0;0;R7[0.04] R20[0.17] R26[0.35] A1[0.08] G2[0.04] G1[0.08];0.57;0.60;0.02;0.77;0.20;0.00;0.84;0.69;0.0191;0.0216;1
54;54;Agent_1;orders came from the seed rule base (rules as-is);0;0;R7[0.02] R20[0.25] R26[0.06] A1[0.68] G2[0.31] G1[0.29];0.39;0.47;0.01;0.85;0.57;0.00;0.91;0.69;0.0191;0.0217;1
54;54;Agent_2;orders came from the seed rule base (rules as-is);0;0;R11[0.23] R15[0.04] R20[0.01] R26[0.04] G8[0.01] G9[0.04];0.03;0.15;0.03;0.00;0.28;0.25;0.90;0.68;0.0191;0.0217;0
54;54;Agent_3;orders came from the seed rule base (rules as-is);0;0;R7[0.04] R20[0.17] R26[0.35] A1[0.08] G2[0.04] G1[0.08];0.57;0.60;0.02;0.77;0.20;0.00;0.84;0.69;0.0191;0.0217;1
55;55;Agent_1;orders came from the seed rule base (rules as-is);0;0;R7[0.02] R20[0.25] R26[0.06] A1[0.68] G2[0.31] G1[0.29];0.39;0.47;0.01;0.85;0.57;0.00;0.91;0.69;0.0200;0.0217;1
55;55;Agent_2;orders came from the seed rule base (rules as-is);0;0;R11[0.23] R15[0.04] R20[0.01] R26[0.04] G8[0.01] G9[0.04];0.03;0.15;0.03;0.00;0.28;0.25;0.90;0.68;0.0200;0.0217;0
55;55;Agent_3;orders came from the seed rule base (rules as-is);0;0;R7[0.04] R20[0.17] R26[0.35] A1[0.08] G2[0.04] G1[0.08];0.57;0.60;0.02;0.77;0.20;0.00;0.84;0.69;0.0200;0.0217;1
56;56;Agent_1;orders came from the seed rule base (rules as-is);0;0;R7[0.02] R20[0.25] R26[0.06] A1[0.68] G2[0.31] G1[0.29];0.39;0.47;0.01;0.85;0.57;0.00;0.91;0.69;0.0200;0.0217;1
56;56;Agent_2;orders came from the seed rule base (rules as-is);0;0;R11[0.23] R15[0.04] R20[0.01] R26[0.04] G8[0.01] G9[0.04];0.03;0.15;0.03;0.00;0.28;0.25;0.90;0.68;0.0200;0.0217;0
56;56;Agent_3;orders came from the seed rule base (rules as-is);0;0;R7[0.04] R20[0.17] R26[0.35] A1[0.08] G2[0.04] G1[0.08];0.57;0.60;0.02;0.77;0.20;0.00;0.84;0.69;0.0200;0.0217;1
57;57;Agent_1;orders came from the seed rule base (rules as-is);0;0;R7[0.02] R20[0.25] R26[0.06] A1[0.68] G2[0.31] G1[0.29];0.39;0.47;0.01;0.85;0.57;0.00;0.91;0.69;0.0201;0.0217;1
57;57;Agent_2;orders came from the seed rule base (rules as-is);0;0;R11[0.23] R15[0.04] R20[0.01] R26[0.04] G8[0.01] G9[0.04];0.03;0.15;0.03;0.00;0.28;0.25;0.90;0.68;0.0201;0.0217;0
57;57;Agent_3;orders came from the seed rule base (rules as-is);0;0;R7[0.04] R20[0.17] R26[0.35] A1[0.08] G2[0.04] G1[0.08];0.57;0.60;0.02;0.77;0.20;0.00;0.84;0.69;0.0201;0.0217;1
58;58;Agent_1;orders came from the seed rule base (rules as-is);0;0;R7[0.02] R20[0.25] R26[0.06] A1[0.68] G2[0.31] G1[0.29];0.39;0.47;0.01;0.85;0.57;0.00;0.91;0.69;0.0201;0.0217;1
58;58;Agent_2;orders came from the seed rule base (rules as-is);0;0;R11[0.23] R15[0.04] R20[0.01] R26[0.04] G8[0.01] G9[0.04];0.03;0.15;0.03;0.00;0.28;0.25;0.90;0.68;0.0201;0.0217;0
58;58;Agent_3;orders came from the seed rule base (rules as-is);0;0;R7[0.04] R20[0.17] R26[0.35] A1[0.08] G2[0.04] G1[0.08];0.57;0.60;0.02;0.77;0.20;0.00;0.84;0.69;0.0201;0.0217;1
59;59;Agent_1;orders came from the seed rule base (rules as-is);0;0;R7[0.02] R20[0.25] R26[0.06] A1[0.68] G2[0.31] G1[0.29];0.39;0.47;0.01;0.85;0.57;0.00;0.91;0.69;0.0201;0.0218;1
59;59;Agent_2;orders came from the seed rule base (rules as-is);0;0;R11[0.23] R15[0.04] R20[0.01] R26[0.04] G8[0.01] G9[0.04];0.03;0.15;0.03;0.00;0.28;0.25;0.90;0.68;0.0201;0.0218;0
59;59;Agent_3;orders came from the seed rule base (rules as-is);0;0;R7[0.04] R20[0.17] R26[0.35] A1[0.08] G2[0.04] G1[0.08];0.57;0.60;0.02;0.77;0.20;0.00;0.84;0.69;0.0201;0.0218;1
60;60;Agent_1;orders came from the seed rule base (rules as-is);0;0;R7[0.02] R20[0.25] R26[0.06] A1[0.68] G2[0.31] G1[0.29];0.39;0.47;0.01;0.85;0.57;0.00;0.91;0.69;0.0201;0.0218;1
60;60;Agent_2;orders came from the seed rule base (rules as-is);0;0;R11[0.23] R15[0.04] R20[0.01] R26[0.04] G8[0.01] G9[0.04];0.03;0.15;0.03;0.00;0.28;0.25;0.90;0.68;0.0201;0.0218;0
60;60;Agent_3;orders came from the seed rule base (rules as-is);0;0;R7[0.04] R20[0.17] R26[0.35] A1[0.08] G2[0.04] G1[0.08];0.57;0.60;0.02;0.77;0.20;0.00;0.84;0.69;0.0201;0.0218;1
61;61;Agent_1;orders came from the seed rule base (rules as-is);0;0;R7[0.02] R20[0.25] R26[0.06] A1[0.68] G2[0.31] G1[0.29];0.39;0.47;0.01;0.85;0.57;0.00;0.91;0.69;0.0201;0.0218;1
61;61;Agent_2;orders came from the seed rule base (rules as-is);0;0;R11[0.23] R15[0.04] R20[0.01] R26[0.04] G8[0.01] G9[0.04];0.03;0.15;0.03;0.00;0.28;0.25;0.90;0.68;0.0201;0.0218;0
61;61;Agent_3;orders came from the seed rule base (rules as-is);0;0;R7[0.04] R20[0.17] R26[0.35] A1[0.08] G2[0.04] G1[0.08];0.57;0.60;0.02;0.77;0.20;0.00;0.84;0.69;0.0201;0.0218;1
62;62;Agent_1;orders came from the seed rule base (rules as-is);0;0;R7[0.02] R20[0.25] R26[0.06] A1[0.68] G2[0.31] G1[0.29];0.39;0.47;0.01;0.85;0.57;0.00;0.91;0.69;0.0210;0.0227;1
62;62;Agent_2;orders came from the seed rule base (rules as-is);0;0;R11[0.23] R15[0.04] R20[0.01] R26[0.04] G8[0.01] G9[0.04];0.03;0.15;0.03;0.00;0.28;0.25;0.90;0.68;0.0210;0.0227;0
62;62;Agent_3;orders came from the seed rule base (rules as-is);0;0;R7[0.04] R20[0.17] R26[0.35] A1[0.08] G2[0.04] G1[0.08];0.57;0.60;0.02;0.77;0.20;0.00;0.84;0.69;0.0210;0.0227;1
63;63;Agent_1;RL selected stage 1 [evFIS] (deficit bucket: mid) → rejected (no improving perturbation found | seed-base decision stands, its orders are applied);1;0;R7[0.02] R20[0.25] R26[0.06] A1[0.68] G2[0.31] G1[0.29];0.39;0.47;0.01;0.85;0.57;0.00;0.91;0.69;0.0212;0.0227;1
63;63;Agent_2;RL selected stage 1 [evFIS] (deficit bucket: mid) → rejected (no improving perturbation found | seed-base decision stands, its orders are applied);1;0;R11[0.23] R15[0.04] R20[0.01] R26[0.04] G8[0.01] G9[0.04];0.03;0.15;0.03;0.00;0.28;0.25;0.90;0.68;0.0212;0.0227;0
63;63;Agent_3;RL selected stage 1 [evFIS] (deficit bucket: mid) → rejected (no improving perturbation found | seed-base decision stands, its orders are applied);1;0;R7[0.04] R20[0.17] R26[0.35] A1[0.08] G2[0.04] G1[0.08];0.57;0.60;0.02;0.77;0.20;0.00;0.84;0.69;0.0212;0.0227;1
64;64;Agent_1;orders came from the seed rule base (rules as-is);0;0;R7[0.02] R20[0.25] R26[0.06] A1[0.68] G2[0.31] G1[0.29];0.39;0.47;0.01;0.85;0.57;0.00;0.91;0.69;0.0210;0.0227;1
64;64;Agent_2;orders came from the seed rule base (rules as-is);0;0;R11[0.23] R15[0.04] R20[0.01] R26[0.04] G8[0.01] G9[0.04];0.03;0.15;0.03;0.00;0.28;0.25;0.90;0.68;0.0210;0.0227;0
64;64;Agent_3;orders came from the seed rule base (rules as-is);0;0;R7[0.04] R20[0.17] R26[0.35] A1[0.08] G2[0.04] G1[0.08];0.57;0.60;0.02;0.77;0.20;0.00;0.84;0.69;0.0210;0.0227;1
65;65;Agent_1;orders came from the seed rule base (rules as-is);0;0;R7[0.02] R20[0.25] R26[0.06] A1[0.68] G2[0.31] G1[0.29];0.39;0.47;0.01;0.85;0.57;0.00;0.91;0.69;0.0211;0.0227;1
65;65;Agent_2;orders came from the seed rule base (rules as-is);0;0;R11[0.23] R15[0.04] R20[0.01] R26[0.04] G8[0.01] G9[0.04];0.03;0.15;0.03;0.00;0.28;0.25;0.90;0.68;0.0211;0.0227;0
65;65;Agent_3;orders came from the seed rule base (rules as-is);0;0;R7[0.04] R20[0.17] R26[0.35] A1[0.08] G2[0.04] G1[0.08];0.57;0.60;0.02;0.77;0.20;0.00;0.84;0.69;0.0211;0.0227;1
66;66;Agent_1;orders came from the seed rule base (rules as-is);0;0;R7[0.02] R20[0.25] R26[0.06] A1[0.68] G2[0.31] G1[0.29];0.39;0.47;0.01;0.85;0.57;0.00;0.91;0.69;0.0211;0.0219;1
66;66;Agent_2;orders came from the seed rule base (rules as-is);0;0;R11[0.23] R15[0.04] R20[0.01] R26[0.04] G8[0.01] G9[0.04];0.03;0.15;0.03;0.00;0.28;0.25;0.90;0.68;0.0211;0.0219;0
66;66;Agent_3;orders came from the seed rule base (rules as-is);0;0;R7[0.04] R20[0.17] R26[0.35] A1[0.08] G2[0.04] G1[0.08];0.57;0.60;0.02;0.77;0.20;0.00;0.84;0.69;0.0211;0.0219;1
67;67;Agent_1;orders came from the seed rule base (rules as-is);0;0;R7[0.02] R20[0.25] R26[0.06] A1[0.68] G2[0.31] G1[0.29];0.39;0.47;0.01;0.85;0.57;0.00;0.91;0.69;0.0211;0.0219;1
67;67;Agent_2;orders came from the seed rule base (rules as-is);0;0;R11[0.23] R15[0.04] R20[0.01] R26[0.04] G8[0.01] G9[0.04];0.03;0.15;0.03;0.00;0.28;0.25;0.90;0.68;0.0211;0.0219;0
67;67;Agent_3;orders came from the seed rule base (rules as-is);0;0;R7[0.04] R20[0.17] R26[0.35] A1[0.08] G2[0.04] G1[0.08];0.57;0.60;0.02;0.77;0.20;0.00;0.84;0.69;0.0211;0.0219;1
68;68;Agent_1;orders came from the seed rule base (rules as-is);0;0;R7[0.02] R20[0.25] R26[0.06] A1[0.68] G2[0.31] G1[0.29];0.39;0.47;0.01;0.85;0.57;0.00;0.91;0.69;0.0220;0.0219;1
68;68;Agent_2;orders came from the seed rule base (rules as-is);0;0;R11[0.23] R15[0.04] R20[0.01] R26[0.04] G8[0.01] G9[0.04];0.03;0.15;0.03;0.00;0.28;0.25;0.90;0.68;0.0220;0.0219;0
68;68;Agent_3;orders came from the seed rule base (rules as-is);0;0;R7[0.04] R20[0.17] R26[0.35] A1[0.08] G2[0.04] G1[0.08];0.57;0.60;0.02;0.77;0.20;0.00;0.84;0.69;0.0220;0.0219;1
69;69;Agent_1;orders came from the seed rule base (rules as-is);0;0;R7[0.02] R20[0.25] R26[0.06] A1[0.68] G2[0.31] G1[0.29];0.39;0.47;0.01;0.85;0.57;0.00;0.91;0.69;0.0222;0.0237;1
69;69;Agent_2;orders came from the seed rule base (rules as-is);0;0;R11[0.23] R15[0.04] R20[0.01] R26[0.04] G8[0.01] G9[0.04];0.03;0.15;0.03;0.00;0.28;0.25;0.90;0.68;0.0222;0.0237;0
69;69;Agent_3;orders came from the seed rule base (rules as-is);0;0;R7[0.04] R20[0.17] R26[0.35] A1[0.08] G2[0.04] G1[0.08];0.57;0.60;0.02;0.77;0.20;0.00;0.84;0.69;0.0222;0.0237;1
70;70;Agent_1;orders came from the seed rule base (rules as-is);0;0;R7[0.02] R20[0.25] R26[0.06] A1[0.68] G2[0.31] G1[0.29];0.39;0.47;0.01;0.85;0.57;0.00;0.91;0.69;0.0230;0.0228;1
70;70;Agent_2;orders came from the seed rule base (rules as-is);0;0;R11[0.23] R15[0.04] R20[0.01] R26[0.04] G8[0.01] G9[0.04];0.03;0.15;0.03;0.00;0.28;0.25;0.90;0.68;0.0230;0.0228;0
70;70;Agent_3;orders came from the seed rule base (rules as-is);0;0;R7[0.04] R20[0.17] R26[0.35] A1[0.08] G2[0.04] G1[0.08];0.57;0.60;0.02;0.77;0.20;0.00;0.84;0.69;0.0230;0.0228;1
71;71;Agent_1;orders came from the seed rule base (rules as-is);0;0;R7[0.02] R20[0.25] R26[0.06] A1[0.68] G2[0.31] G1[0.29];0.39;0.47;0.01;0.85;0.57;0.00;0.91;0.69;0.0221;0.0229;1
71;71;Agent_2;orders came from the seed rule base (rules as-is);0;0;R11[0.23] R15[0.04] R20[0.01] R26[0.04] G8[0.01] G9[0.04];0.03;0.15;0.03;0.00;0.28;0.25;0.90;0.68;0.0221;0.0229;0
71;71;Agent_3;orders came from the seed rule base (rules as-is);0;0;R7[0.04] R20[0.17] R26[0.35] A1[0.08] G2[0.04] G1[0.08];0.57;0.60;0.02;0.77;0.20;0.00;0.84;0.69;0.0221;0.0229;1
72;72;Agent_1;orders came from the seed rule base (rules as-is);0;0;R7[0.02] R20[0.25] R26[0.06] A1[0.68] G2[0.31] G1[0.29];0.39;0.47;0.01;0.85;0.57;0.00;0.91;0.69;0.0230;0.0220;1
72;72;Agent_2;orders came from the seed rule base (rules as-is);0;0;R11[0.23] R15[0.04] R20[0.01] R26[0.04] G8[0.01] G9[0.04];0.03;0.15;0.03;0.00;0.28;0.25;0.90;0.68;0.0230;0.0220;0
72;72;Agent_3;orders came from the seed rule base (rules as-is);0;0;R7[0.04] R20[0.17] R26[0.35] A1[0.08] G2[0.04] G1[0.08];0.57;0.60;0.02;0.77;0.20;0.00;0.84;0.69;0.0230;0.0220;1
73;73;Agent_1;RL selected stage 1 [evFIS] (deficit bucket: low) → rejected (no improving perturbation found | seed-base decision stands, its orders are applied);1;0;R7[0.02] R20[0.25] R26[0.06] A1[0.68] G2[0.31] G1[0.29];0.39;0.47;0.01;0.85;0.57;0.00;0.91;0.69;0.0231;0.0220;1
73;73;Agent_2;RL selected stage 1 [evFIS] (deficit bucket: low) → rejected (no improving perturbation found | seed-base decision stands, its orders are applied);1;0;R11[0.23] R15[0.04] R20[0.01] R26[0.04] G8[0.01] G9[0.04];0.03;0.15;0.03;0.00;0.28;0.25;0.90;0.68;0.0231;0.0220;0
73;73;Agent_3;RL selected stage 1 [evFIS] (deficit bucket: low) → rejected (no improving perturbation found | seed-base decision stands, its orders are applied);1;0;R7[0.04] R20[0.17] R26[0.35] A1[0.08] G2[0.04] G1[0.08];0.57;0.60;0.02;0.77;0.20;0.00;0.84;0.69;0.0231;0.0220;1
74;74;Agent_1;orders came from the seed rule base (rules as-is);0;0;R7[0.02] R20[0.25] R26[0.06] A1[0.68] G2[0.31] G1[0.29];0.39;0.47;0.01;0.85;0.57;0.00;0.91;0.69;0.0231;0.0221;1
74;74;Agent_2;orders came from the seed rule base (rules as-is);0;0;R11[0.23] R15[0.04] R20[0.01] R26[0.04] G8[0.01] G9[0.04];0.03;0.15;0.03;0.00;0.28;0.25;0.90;0.68;0.0231;0.0221;0
74;74;Agent_3;orders came from the seed rule base (rules as-is);0;0;R7[0.04] R20[0.17] R26[0.35] A1[0.08] G2[0.04] G1[0.08];0.57;0.60;0.02;0.77;0.20;0.00;0.84;0.69;0.0231;0.0221;1
75;75;Agent_1;orders came from the seed rule base (rules as-is);0;0;R7[0.02] R20[0.25] R26[0.06] A1[0.68] G2[0.31] G1[0.29];0.39;0.47;0.01;0.85;0.57;0.00;0.91;0.69;0.0231;0.0238;1
75;75;Agent_2;orders came from the seed rule base (rules as-is);0;0;R11[0.23] R15[0.04] R20[0.01] R26[0.04] G8[0.01] G9[0.04];0.03;0.15;0.03;0.00;0.28;0.25;0.90;0.68;0.0231;0.0238;0
75;75;Agent_3;orders came from the seed rule base (rules as-is);0;0;R7[0.04] R20[0.17] R26[0.35] A1[0.08] G2[0.04] G1[0.08];0.57;0.60;0.02;0.77;0.20;0.00;0.84;0.69;0.0231;0.0238;1
76;76;Agent_1;orders came from the seed rule base (rules as-is);0;0;R7[0.02] R20[0.25] R26[0.06] A1[0.68] G2[0.31] G1[0.29];0.39;0.47;0.01;0.85;0.57;0.00;0.91;0.69;0.0231;0.0238;1
76;76;Agent_2;orders came from the seed rule base (rules as-is);0;0;R11[0.23] R15[0.04] R20[0.01] R26[0.04] G8[0.01] G9[0.04];0.03;0.15;0.03;0.00;0.28;0.25;0.90;0.68;0.0231;0.0238;0
76;76;Agent_3;orders came from the seed rule base (rules as-is);0;0;R7[0.04] R20[0.17] R26[0.35] A1[0.08] G2[0.04] G1[0.08];0.57;0.60;0.02;0.77;0.20;0.00;0.84;0.69;0.0231;0.0238;1
77;77;Agent_1;orders came from the seed rule base (rules as-is);0;0;R7[0.02] R20[0.25] R26[0.06] A1[0.68] G2[0.31] G1[0.29];0.39;0.47;0.01;0.85;0.57;0.00;0.91;0.69;0.0231;0.0238;1
77;77;Agent_2;orders came from the seed rule base (rules as-is);0;0;R11[0.23] R15[0.04] R20[0.01] R26[0.04] G8[0.01] G9[0.04];0.03;0.15;0.03;0.00;0.28;0.25;0.90;0.68;0.0231;0.0238;0
77;77;Agent_3;orders came from the seed rule base (rules as-is);0;0;R7[0.04] R20[0.17] R26[0.35] A1[0.08] G2[0.04] G1[0.08];0.57;0.60;0.02;0.77;0.20;0.00;0.84;0.69;0.0231;0.0238;1
78;78;Agent_1;orders came from the seed rule base (rules as-is);0;0;R7[0.02] R20[0.25] R26[0.06] A1[0.68] G2[0.31] G1[0.29];0.39;0.47;0.01;0.85;0.57;0.00;0.91;0.69;0.0231;0.0239;1
78;78;Agent_2;orders came from the seed rule base (rules as-is);0;0;R11[0.23] R15[0.04] R20[0.01] R26[0.04] G8[0.01] G9[0.04];0.03;0.15;0.03;0.00;0.28;0.25;0.90;0.68;0.0231;0.0239;0
78;78;Agent_3;orders came from the seed rule base (rules as-is);0;0;R7[0.04] R20[0.17] R26[0.35] A1[0.08] G2[0.04] G1[0.08];0.57;0.60;0.02;0.77;0.20;0.00;0.84;0.69;0.0231;0.0239;1
79;79;Agent_1;orders came from the seed rule base (rules as-is);0;0;R7[0.02] R20[0.25] R26[0.06] A1[0.68] G2[0.31] G1[0.29];0.39;0.47;0.01;0.85;0.57;0.00;0.91;0.69;0.0240;0.0239;1
79;79;Agent_2;orders came from the seed rule base (rules as-is);0;0;R11[0.23] R15[0.04] R20[0.01] R26[0.04] G8[0.01] G9[0.04];0.03;0.15;0.03;0.00;0.28;0.25;0.90;0.68;0.0240;0.0239;0
79;79;Agent_3;orders came from the seed rule base (rules as-is);0;0;R7[0.04] R20[0.17] R26[0.35] A1[0.08] G2[0.04] G1[0.08];0.57;0.60;0.02;0.77;0.20;0.00;0.84;0.69;0.0240;0.0239;1
80;80;Agent_1;orders came from the seed rule base (rules as-is);0;0;R7[0.02] R20[0.25] R26[0.06] A1[0.68] G2[0.31] G1[0.29];0.39;0.47;0.01;0.85;0.57;0.00;0.91;0.69;0.0242;0.0239;1
80;80;Agent_2;orders came from the seed rule base (rules as-is);0;0;R11[0.23] R15[0.04] R20[0.01] R26[0.04] G8[0.01] G9[0.04];0.03;0.15;0.03;0.00;0.28;0.25;0.90;0.68;0.0242;0.0239;0
80;80;Agent_3;orders came from the seed rule base (rules as-is);0;0;R7[0.04] R20[0.17] R26[0.35] A1[0.08] G2[0.04] G1[0.08];0.57;0.60;0.02;0.77;0.20;0.00;0.84;0.69;0.0242;0.0239;1
81;81;Agent_1;orders came from the seed rule base (rules as-is);0;0;R7[0.02] R20[0.25] R26[0.06] A1[0.68] G2[0.31] G1[0.29];0.39;0.47;0.01;0.85;0.57;0.00;0.91;0.69;0.0240;0.0239;1
81;81;Agent_2;orders came from the seed rule base (rules as-is);0;0;R11[0.23] R15[0.04] R20[0.01] R26[0.04] G8[0.01] G9[0.04];0.03;0.15;0.03;0.00;0.28;0.25;0.90;0.68;0.0240;0.0239;0
81;81;Agent_3;orders came from the seed rule base (rules as-is);0;0;R7[0.04] R20[0.17] R26[0.35] A1[0.08] G2[0.04] G1[0.08];0.57;0.60;0.02;0.77;0.20;0.00;0.84;0.69;0.0240;0.0239;1
82;82;Agent_1;orders came from the seed rule base (rules as-is);0;0;R7[0.02] R20[0.25] R26[0.06] A1[0.68] G2[0.31] G1[0.29];0.39;0.47;0.01;0.85;0.57;0.00;0.91;0.69;0.0240;0.0248;1
82;82;Agent_2;orders came from the seed rule base (rules as-is);0;0;R11[0.23] R15[0.04] R20[0.01] R26[0.04] G8[0.01] G9[0.04];0.03;0.15;0.03;0.00;0.28;0.25;0.90;0.68;0.0240;0.0248;0
82;82;Agent_3;orders came from the seed rule base (rules as-is);0;0;R7[0.04] R20[0.17] R26[0.35] A1[0.08] G2[0.04] G1[0.08];0.57;0.60;0.02;0.77;0.20;0.00;0.84;0.69;0.0240;0.0248;1
83;83;Agent_1;RL selected stage 1 [evFIS] (deficit bucket: low) → rejected (no improving perturbation found | seed-base decision stands, its orders are applied);1;0;R7[0.02] R20[0.25] R26[0.06] A1[0.68] G2[0.31] G1[0.29];0.39;0.47;0.01;0.85;0.57;0.00;0.91;0.69;0.0241;0.0240;1
83;83;Agent_2;RL selected stage 1 [evFIS] (deficit bucket: low) → rejected (no improving perturbation found | seed-base decision stands, its orders are applied);1;0;R11[0.23] R15[0.04] R20[0.01] R26[0.04] G8[0.01] G9[0.04];0.03;0.15;0.03;0.00;0.28;0.25;0.90;0.68;0.0241;0.0240;0
83;83;Agent_3;RL selected stage 1 [evFIS] (deficit bucket: low) → rejected (no improving perturbation found | seed-base decision stands, its orders are applied);1;0;R7[0.04] R20[0.17] R26[0.35] A1[0.08] G2[0.04] G1[0.08];0.57;0.60;0.02;0.77;0.20;0.00;0.84;0.69;0.0241;0.0240;1
84;84;Agent_1;orders came from the seed rule base (rules as-is);0;0;R7[0.02] R20[0.25] R26[0.06] A1[0.68] G2[0.31] G1[0.29];0.39;0.47;0.01;0.85;0.57;0.00;0.91;0.69;0.0241;0.0240;1
84;84;Agent_2;orders came from the seed rule base (rules as-is);0;0;R11[0.23] R15[0.04] R20[0.01] R26[0.04] G8[0.01] G9[0.04];0.03;0.15;0.03;0.00;0.28;0.25;0.90;0.68;0.0241;0.0240;0
84;84;Agent_3;orders came from the seed rule base (rules as-is);0;0;R7[0.04] R20[0.17] R26[0.35] A1[0.08] G2[0.04] G1[0.08];0.57;0.60;0.02;0.77;0.20;0.00;0.84;0.69;0.0241;0.0240;1
85;85;Agent_1;orders came from the seed rule base (rules as-is);0;0;R7[0.02] R20[0.25] R26[0.06] A1[0.68] G2[0.31] G1[0.29];0.39;0.47;0.01;0.85;0.57;0.00;0.91;0.69;0.0241;0.0240;1
85;85;Agent_2;orders came from the seed rule base (rules as-is);0;0;R11[0.23] R15[0.04] R20[0.01] R26[0.04] G8[0.01] G9[0.04];0.03;0.15;0.03;0.00;0.28;0.25;0.90;0.68;0.0241;0.0240;0
85;85;Agent_3;orders came from the seed rule base (rules as-is);0;0;R7[0.04] R20[0.17] R26[0.35] A1[0.08] G2[0.04] G1[0.08];0.57;0.60;0.02;0.77;0.20;0.00;0.84;0.69;0.0241;0.0240;1
86;86;Agent_1;orders came from the seed rule base (rules as-is);0;0;R7[0.02] R20[0.25] R26[0.06] A1[0.68] G2[0.31] G1[0.29];0.39;0.47;0.01;0.85;0.57;0.00;0.91;0.69;0.0241;0.0257;1
86;86;Agent_2;orders came from the seed rule base (rules as-is);0;0;R11[0.23] R15[0.04] R20[0.01] R26[0.04] G8[0.01] G9[0.04];0.03;0.15;0.03;0.00;0.28;0.25;0.90;0.68;0.0241;0.0257;0
86;86;Agent_3;orders came from the seed rule base (rules as-is);0;0;R7[0.04] R20[0.17] R26[0.35] A1[0.08] G2[0.04] G1[0.08];0.57;0.60;0.02;0.77;0.20;0.00;0.84;0.69;0.0241;0.0257;1
87;87;Agent_1;orders came from the seed rule base (rules as-is);0;0;R7[0.02] R20[0.25] R26[0.06] A1[0.68] G2[0.31] G1[0.29];0.39;0.47;0.01;0.85;0.57;0.00;0.91;0.69;0.0241;0.0249;1
87;87;Agent_2;orders came from the seed rule base (rules as-is);0;0;R11[0.23] R15[0.04] R20[0.01] R26[0.04] G8[0.01] G9[0.04];0.03;0.15;0.03;0.00;0.28;0.25;0.90;0.68;0.0241;0.0249;0
87;87;Agent_3;orders came from the seed rule base (rules as-is);0;0;R7[0.04] R20[0.17] R26[0.35] A1[0.08] G2[0.04] G1[0.08];0.57;0.60;0.02;0.77;0.20;0.00;0.84;0.69;0.0241;0.0249;1
88;88;Agent_1;orders came from the seed rule base (rules as-is);0;0;R7[0.02] R20[0.25] R26[0.06] A1[0.68] G2[0.31] G1[0.29];0.39;0.47;0.01;0.85;0.57;0.00;0.91;0.69;0.0242;0.0258;1
88;88;Agent_2;orders came from the seed rule base (rules as-is);0;0;R11[0.23] R15[0.04] R20[0.01] R26[0.04] G8[0.01] G9[0.04];0.03;0.15;0.03;0.00;0.28;0.25;0.90;0.68;0.0242;0.0258;0
88;88;Agent_3;orders came from the seed rule base (rules as-is);0;0;R7[0.04] R20[0.17] R26[0.35] A1[0.08] G2[0.04] G1[0.08];0.57;0.60;0.02;0.77;0.20;0.00;0.84;0.69;0.0242;0.0258;1
89;89;Agent_1;orders came from the seed rule base (rules as-is);0;0;R7[0.02] R20[0.25] R26[0.06] A1[0.68] G2[0.31] G1[0.29];0.39;0.47;0.01;0.85;0.57;0.00;0.91;0.69;0.0242;0.0249;1
89;89;Agent_2;orders came from the seed rule base (rules as-is);0;0;R11[0.23] R15[0.04] R20[0.01] R26[0.04] G8[0.01] G9[0.04];0.03;0.15;0.03;0.00;0.28;0.25;0.90;0.68;0.0242;0.0249;0
89;89;Agent_3;orders came from the seed rule base (rules as-is);0;0;R7[0.04] R20[0.17] R26[0.35] A1[0.08] G2[0.04] G1[0.08];0.57;0.60;0.02;0.77;0.20;0.00;0.84;0.69;0.0242;0.0249;1
90;90;Agent_1;orders came from the seed rule base (rules as-is);0;0;R7[0.02] R20[0.25] R26[0.06] A1[0.68] G2[0.31] G1[0.29];0.39;0.47;0.01;0.85;0.57;0.00;0.91;0.69;0.0243;0.0258;1
90;90;Agent_2;orders came from the seed rule base (rules as-is);0;0;R11[0.23] R15[0.04] R20[0.01] R26[0.04] G8[0.01] G9[0.04];0.03;0.15;0.03;0.00;0.28;0.25;0.90;0.68;0.0243;0.0258;0
90;90;Agent_3;orders came from the seed rule base (rules as-is);0;0;R7[0.04] R20[0.17] R26[0.35] A1[0.08] G2[0.04] G1[0.08];0.57;0.60;0.02;0.77;0.20;0.00;0.84;0.69;0.0243;0.0258;1
91;91;Agent_1;orders came from the seed rule base (rules as-is);0;0;R7[0.02] R20[0.25] R26[0.06] A1[0.68] G2[0.31] G1[0.29];0.39;0.47;0.01;0.85;0.57;0.00;0.91;0.69;0.0243;0.0258;1
91;91;Agent_2;orders came from the seed rule base (rules as-is);0;0;R11[0.23] R15[0.04] R20[0.01] R26[0.04] G8[0.01] G9[0.04];0.03;0.15;0.03;0.00;0.28;0.25;0.90;0.68;0.0243;0.0258;0
91;91;Agent_3;orders came from the seed rule base (rules as-is);0;0;R7[0.04] R20[0.17] R26[0.35] A1[0.08] G2[0.04] G1[0.08];0.57;0.60;0.02;0.77;0.20;0.00;0.84;0.69;0.0243;0.0258;1
92;92;Agent_1;orders came from the seed rule base (rules as-is);0;0;R7[0.02] R20[0.25] R26[0.06] A1[0.68] G2[0.31] G1[0.29];0.39;0.47;0.01;0.85;0.57;0.00;0.91;0.69;0.0243;0.0258;1
92;92;Agent_2;orders came from the seed rule base (rules as-is);0;0;R11[0.23] R15[0.04] R20[0.01] R26[0.04] G8[0.01] G9[0.04];0.03;0.15;0.03;0.00;0.28;0.25;0.90;0.68;0.0243;0.0258;0
92;92;Agent_3;orders came from the seed rule base (rules as-is);0;0;R7[0.04] R20[0.17] R26[0.35] A1[0.08] G2[0.04] G1[0.08];0.57;0.60;0.02;0.77;0.20;0.00;0.84;0.69;0.0243;0.0258;1
93;93;Agent_1;orders came from the seed rule base (rules as-is);0;0;R7[0.02] R20[0.25] R26[0.06] A1[0.68] G2[0.31] G1[0.29];0.39;0.47;0.01;0.85;0.57;0.00;0.91;0.69;0.0243;0.0259;1
93;93;Agent_2;orders came from the seed rule base (rules as-is);0;0;R11[0.23] R15[0.04] R20[0.01] R26[0.04] G8[0.01] G9[0.04];0.03;0.15;0.03;0.00;0.28;0.25;0.90;0.68;0.0243;0.0259;0
93;93;Agent_3;orders came from the seed rule base (rules as-is);0;0;R7[0.04] R20[0.17] R26[0.35] A1[0.08] G2[0.04] G1[0.08];0.57;0.60;0.02;0.77;0.20;0.00;0.84;0.69;0.0243;0.0259;1
94;94;Agent_1;orders came from the seed rule base (rules as-is);0;0;R7[0.02] R20[0.25] R26[0.06] A1[0.68] G2[0.31] G1[0.29];0.39;0.47;0.01;0.85;0.57;0.00;0.91;0.69;0.0243;0.0259;1
94;94;Agent_2;orders came from the seed rule base (rules as-is);0;0;R11[0.23] R15[0.04] R20[0.01] R26[0.04] G8[0.01] G9[0.04];0.03;0.15;0.03;0.00;0.28;0.25;0.90;0.68;0.0243;0.0259;0
94;94;Agent_3;orders came from the seed rule base (rules as-is);0;0;R7[0.04] R20[0.17] R26[0.35] A1[0.08] G2[0.04] G1[0.08];0.57;0.60;0.02;0.77;0.20;0.00;0.84;0.69;0.0243;0.0259;1
95;95;Agent_1;RL selected stage 3 [GenAI] (deficit bucket: low) → ACCEPTED: G15: G15: IF fire threat level is VH AND asset exposure risk is M THEN suppression effort 0.6, asset protection 0.5 (adaptation-born: generative (template), gates G1-G4);3;3;R7[0.02] R20[0.25] R26[0.06] A1[0.68] G2[0.31] G1[0.29];0.40;0.47;0.01;0.84;0.57;0.00;0.91;0.69;0.0244;0.0251;1
95;95;Agent_2;RL selected stage 3 [GenAI] (deficit bucket: low) → ACCEPTED: G15: G15: IF fire threat level is VH AND asset exposure risk is M THEN suppression effort 0.6, asset protection 0.5 (adaptation-born: generative (template), gates G1-G4);3;3;R11[0.23] R15[0.04] R20[0.01] R26[0.04] G8[0.01] G9[0.04];0.04;0.15;0.03;0.02;0.28;0.25;0.91;0.68;0.0244;0.0251;0
95;95;Agent_3;RL selected stage 3 [GenAI] (deficit bucket: low) → ACCEPTED: G15: G15: IF fire threat level is VH AND asset exposure risk is M THEN suppression effort 0.6, asset protection 0.5 (adaptation-born: generative (template), gates G1-G4);3;3;R7[0.04] R20[0.17] R26[0.35] A1[0.08] G2[0.04] G1[0.08];0.58;0.60;0.02;0.78;0.20;0.00;0.83;0.69;0.0244;0.0251;1
96;96;Agent_1;orders came from the seed rule base (rules as-is);0;0;R7[0.02] R20[0.25] R26[0.06] A1[0.68] G2[0.31] G1[0.29];0.40;0.47;0.01;0.84;0.57;0.00;0.91;0.69;0.0244;0.0251;1
96;96;Agent_2;orders came from the seed rule base (rules as-is);0;0;R11[0.23] R15[0.04] R20[0.01] R26[0.04] G8[0.01] G9[0.04];0.04;0.15;0.03;0.02;0.28;0.25;0.91;0.68;0.0244;0.0251;0
96;96;Agent_3;orders came from the seed rule base (rules as-is);0;0;R7[0.04] R20[0.17] R26[0.35] A1[0.08] G2[0.04] G1[0.08];0.58;0.60;0.02;0.78;0.20;0.00;0.83;0.69;0.0244;0.0251;1
97;97;Agent_1;orders came from the seed rule base (rules as-is);0;0;R7[0.02] R20[0.25] R26[0.06] A1[0.68] G2[0.31] G1[0.29];0.40;0.47;0.01;0.84;0.57;0.00;0.91;0.69;0.0244;0.0251;1
97;97;Agent_2;orders came from the seed rule base (rules as-is);0;0;R11[0.23] R15[0.04] R20[0.01] R26[0.04] G8[0.01] G9[0.04];0.04;0.15;0.03;0.02;0.28;0.25;0.91;0.68;0.0244;0.0251;0
97;97;Agent_3;orders came from the seed rule base (rules as-is);0;0;R7[0.04] R20[0.17] R26[0.35] A1[0.08] G2[0.04] G1[0.08];0.58;0.60;0.02;0.78;0.20;0.00;0.83;0.69;0.0244;0.0251;1
98;98;Agent_1;orders came from the seed rule base (rules as-is);0;0;R7[0.02] R20[0.25] R26[0.06] A1[0.68] G2[0.31] G1[0.29];0.40;0.47;0.01;0.84;0.57;0.00;0.91;0.69;0.0244;0.0251;1
98;98;Agent_2;orders came from the seed rule base (rules as-is);0;0;R11[0.23] R15[0.04] R20[0.01] R26[0.04] G8[0.01] G9[0.04];0.04;0.15;0.03;0.02;0.28;0.25;0.91;0.68;0.0244;0.0251;0
98;98;Agent_3;orders came from the seed rule base (rules as-is);0;0;R7[0.04] R20[0.17] R26[0.35] A1[0.08] G2[0.04] G1[0.08];0.58;0.60;0.02;0.78;0.20;0.00;0.83;0.69;0.0244;0.0251;1
99;99;Agent_1;orders came from the seed rule base (rules as-is);0;0;R7[0.02] R20[0.25] R26[0.06] A1[0.68] G2[0.31] G1[0.29];0.40;0.47;0.01;0.84;0.57;0.00;0.91;0.69;0.0244;0.0243;1
99;99;Agent_2;orders came from the seed rule base (rules as-is);0;0;R11[0.23] R15[0.04] R20[0.01] R26[0.04] G8[0.01] G9[0.04];0.04;0.15;0.03;0.02;0.28;0.25;0.91;0.68;0.0244;0.0243;0
99;99;Agent_3;orders came from the seed rule base (rules as-is);0;0;R7[0.04] R20[0.17] R26[0.35] A1[0.08] G2[0.04] G1[0.08];0.58;0.60;0.02;0.78;0.20;0.00;0.83;0.69;0.0244;0.0243;1
100;100;Agent_1;orders came from the seed rule base (rules as-is);0;0;R7[0.02] R20[0.25] R26[0.06] A1[0.68] G2[0.31] G1[0.29];0.40;0.47;0.01;0.84;0.57;0.00;0.91;0.69;0.0244;0.0243;1
100;100;Agent_2;orders came from the seed rule base (rules as-is);0;0;R11[0.23] R15[0.04] R20[0.01] R26[0.04] G8[0.01] G9[0.04];0.04;0.15;0.03;0.02;0.28;0.25;0.91;0.68;0.0244;0.0243;0
100;100;Agent_3;orders came from the seed rule base (rules as-is);0;0;R7[0.04] R20[0.17] R26[0.35] A1[0.08] G2[0.04] G1[0.08];0.58;0.60;0.02;0.78;0.20;0.00;0.83;0.69;0.0244;0.0243;1
101;101;Agent_1;orders came from the seed rule base (rules as-is);0;0;R7[0.02] R20[0.25] R26[0.06] A1[0.68] G2[0.31] G1[0.29];0.40;0.47;0.01;0.84;0.57;0.00;0.91;0.69;0.0244;0.0226;1
101;101;Agent_2;orders came from the seed rule base (rules as-is);0;0;R11[0.23] R15[0.04] R20[0.01] R26[0.04] G8[0.01] G9[0.04];0.04;0.15;0.03;0.02;0.28;0.25;0.91;0.68;0.0244;0.0226;0
101;101;Agent_3;orders came from the seed rule base (rules as-is);0;0;R7[0.04] R20[0.17] R26[0.35] A1[0.08] G2[0.04] G1[0.08];0.58;0.60;0.02;0.78;0.20;0.00;0.83;0.69;0.0244;0.0226;1
102;102;Agent_1;orders came from the seed rule base (rules as-is);0;0;R7[0.02] R20[0.25] R26[0.06] A1[0.68] G2[0.31] G1[0.29];0.40;0.47;0.01;0.84;0.57;0.00;0.91;0.69;0.0245;0.0226;1
102;102;Agent_2;orders came from the seed rule base (rules as-is);0;0;R11[0.23] R15[0.04] R20[0.01] R26[0.04] G8[0.01] G9[0.04];0.04;0.15;0.03;0.02;0.28;0.25;0.91;0.68;0.0245;0.0226;0
102;102;Agent_3;orders came from the seed rule base (rules as-is);0;0;R7[0.04] R20[0.17] R26[0.35] A1[0.08] G2[0.04] G1[0.08];0.58;0.60;0.02;0.78;0.20;0.00;0.83;0.69;0.0245;0.0226;1
103;103;Agent_1;orders came from the seed rule base (rules as-is);0;0;R7[0.02] R20[0.25] R26[0.06] A1[0.68] G2[0.31] G1[0.29];0.40;0.47;0.01;0.84;0.57;0.00;0.91;0.69;0.0245;0.0226;1
103;103;Agent_2;orders came from the seed rule base (rules as-is);0;0;R11[0.23] R15[0.04] R20[0.01] R26[0.04] G8[0.01] G9[0.04];0.04;0.15;0.03;0.02;0.28;0.25;0.91;0.68;0.0245;0.0226;0
103;103;Agent_3;orders came from the seed rule base (rules as-is);0;0;R7[0.04] R20[0.17] R26[0.35] A1[0.08] G2[0.04] G1[0.08];0.58;0.60;0.02;0.78;0.20;0.00;0.83;0.69;0.0245;0.0226;1
104;104;Agent_1;orders came from the seed rule base (rules as-is);0;0;R7[0.02] R20[0.25] R26[0.06] A1[0.68] G2[0.31] G1[0.29];0.40;0.47;0.01;0.84;0.57;0.00;0.91;0.69;0.0245;0.0226;1
104;104;Agent_2;orders came from the seed rule base (rules as-is);0;0;R11[0.23] R15[0.04] R20[0.01] R26[0.04] G8[0.01] G9[0.04];0.04;0.15;0.03;0.02;0.28;0.25;0.91;0.68;0.0245;0.0226;0
104;104;Agent_3;orders came from the seed rule base (rules as-is);0;0;R7[0.04] R20[0.17] R26[0.35] A1[0.08] G2[0.04] G1[0.08];0.58;0.60;0.02;0.78;0.20;0.00;0.83;0.69;0.0245;0.0226;1
105;105;Agent_1;RL selected stage 1 [evFIS] (deficit bucket: low) → rejected (no improving perturbation found | seed-base decision stands, its orders are applied);1;0;R7[0.02] R20[0.25] R26[0.06] A1[0.68] G2[0.31] G1[0.29];0.40;0.47;0.01;0.84;0.57;0.00;0.91;0.69;0.0253;0.0218;1
105;105;Agent_2;RL selected stage 1 [evFIS] (deficit bucket: low) → rejected (no improving perturbation found | seed-base decision stands, its orders are applied);1;0;R11[0.23] R15[0.04] R20[0.01] R26[0.04] G8[0.01] G9[0.04];0.04;0.15;0.03;0.02;0.28;0.25;0.91;0.68;0.0253;0.0218;0
105;105;Agent_3;RL selected stage 1 [evFIS] (deficit bucket: low) → rejected (no improving perturbation found | seed-base decision stands, its orders are applied);1;0;R7[0.04] R20[0.17] R26[0.35] A1[0.08] G2[0.04] G1[0.08];0.58;0.60;0.02;0.78;0.20;0.00;0.83;0.69;0.0253;0.0218;1
106;106;Agent_1;orders came from the seed rule base (rules as-is);0;0;R7[0.02] R20[0.25] R26[0.06] A1[0.68] G2[0.31] G1[0.29];0.40;0.47;0.01;0.84;0.57;0.00;0.91;0.69;0.0255;0.0209;1
106;106;Agent_2;orders came from the seed rule base (rules as-is);0;0;R11[0.23] R15[0.04] R20[0.01] R26[0.04] G8[0.01] G9[0.04];0.04;0.15;0.03;0.02;0.28;0.25;0.91;0.68;0.0255;0.0209;0
106;106;Agent_3;orders came from the seed rule base (rules as-is);0;0;R7[0.04] R20[0.17] R26[0.35] A1[0.08] G2[0.04] G1[0.08];0.58;0.60;0.02;0.78;0.20;0.00;0.83;0.69;0.0255;0.0209;1
107;107;Agent_1;orders came from the seed rule base (rules as-is);0;0;R7[0.02] R20[0.25] R26[0.06] A1[0.68] G2[0.31] G1[0.29];0.40;0.47;0.01;0.84;0.57;0.00;0.91;0.69;0.0254;0.0201;1
107;107;Agent_2;orders came from the seed rule base (rules as-is);0;0;R11[0.23] R15[0.04] R20[0.01] R26[0.04] G8[0.01] G9[0.04];0.04;0.15;0.03;0.02;0.28;0.25;0.91;0.68;0.0254;0.0201;0
107;107;Agent_3;orders came from the seed rule base (rules as-is);0;0;R7[0.04] R20[0.17] R26[0.35] A1[0.08] G2[0.04] G1[0.08];0.58;0.60;0.02;0.78;0.20;0.00;0.83;0.69;0.0254;0.0201;1
108;108;Agent_1;orders came from the seed rule base (rules as-is);0;0;R7[0.02] R20[0.25] R26[0.06] A1[0.68] G2[0.31] G1[0.29];0.40;0.47;0.01;0.84;0.57;0.00;0.91;0.69;0.0254;0.0201;1
108;108;Agent_2;orders came from the seed rule base (rules as-is);0;0;R11[0.23] R15[0.04] R20[0.01] R26[0.04] G8[0.01] G9[0.04];0.04;0.15;0.03;0.02;0.28;0.25;0.91;0.68;0.0254;0.0201;0
108;108;Agent_3;orders came from the seed rule base (rules as-is);0;0;R7[0.04] R20[0.17] R26[0.35] A1[0.08] G2[0.04] G1[0.08];0.58;0.60;0.02;0.78;0.20;0.00;0.83;0.69;0.0254;0.0201;1
109;109;Agent_1;orders came from the seed rule base (rules as-is);0;0;R7[0.02] R20[0.25] R26[0.06] A1[0.68] G2[0.31] G1[0.29];0.40;0.47;0.01;0.84;0.57;0.00;0.91;0.69;0.0254;0.0201;1
109;109;Agent_2;orders came from the seed rule base (rules as-is);0;0;R11[0.23] R15[0.04] R20[0.01] R26[0.04] G8[0.01] G9[0.04];0.04;0.15;0.03;0.02;0.28;0.25;0.91;0.68;0.0254;0.0201;0
109;109;Agent_3;orders came from the seed rule base (rules as-is);0;0;R7[0.04] R20[0.17] R26[0.35] A1[0.08] G2[0.04] G1[0.08];0.58;0.60;0.02;0.78;0.20;0.00;0.83;0.69;0.0254;0.0201;1
110;110;Agent_1;orders came from the seed rule base (rules as-is);0;0;R7[0.02] R20[0.25] R26[0.06] A1[0.68] G2[0.31] G1[0.29];0.40;0.47;0.01;0.84;0.57;0.00;0.91;0.69;0.0254;0.0202;1
110;110;Agent_2;orders came from the seed rule base (rules as-is);0;0;R11[0.23] R15[0.04] R20[0.01] R26[0.04] G8[0.01] G9[0.04];0.04;0.15;0.03;0.02;0.28;0.25;0.91;0.68;0.0254;0.0202;0
110;110;Agent_3;orders came from the seed rule base (rules as-is);0;0;R7[0.04] R20[0.17] R26[0.35] A1[0.08] G2[0.04] G1[0.08];0.58;0.60;0.02;0.78;0.20;0.00;0.83;0.69;0.0254;0.0202;1
111;111;Agent_1;orders came from the seed rule base (rules as-is);0;0;R7[0.02] R20[0.25] R26[0.06] A1[0.68] G2[0.31] G1[0.29];0.40;0.47;0.01;0.84;0.57;0.00;0.91;0.69;0.0254;0.0202;1
111;111;Agent_2;orders came from the seed rule base (rules as-is);0;0;R11[0.23] R15[0.04] R20[0.01] R26[0.04] G8[0.01] G9[0.04];0.04;0.15;0.03;0.02;0.28;0.25;0.91;0.68;0.0254;0.0202;0
111;111;Agent_3;orders came from the seed rule base (rules as-is);0;0;R7[0.04] R20[0.17] R26[0.35] A1[0.08] G2[0.04] G1[0.08];0.58;0.60;0.02;0.78;0.20;0.00;0.83;0.69;0.0254;0.0202;1
112;112;Agent_1;orders came from the seed rule base (rules as-is);0;0;R7[0.02] R20[0.25] R26[0.06] A1[0.68] G2[0.31] G1[0.29];0.40;0.47;0.01;0.84;0.57;0.00;0.91;0.69;0.0255;0.0202;1
112;112;Agent_2;orders came from the seed rule base (rules as-is);0;0;R11[0.23] R15[0.04] R20[0.01] R26[0.04] G8[0.01] G9[0.04];0.04;0.15;0.03;0.02;0.28;0.25;0.91;0.68;0.0255;0.0202;0
112;112;Agent_3;orders came from the seed rule base (rules as-is);0;0;R7[0.04] R20[0.17] R26[0.35] A1[0.08] G2[0.04] G1[0.08];0.58;0.60;0.02;0.78;0.20;0.00;0.83;0.69;0.0255;0.0202;1
113;113;Agent_1;orders came from the seed rule base (rules as-is);0;0;R7[0.02] R20[0.25] R26[0.06] A1[0.68] G2[0.31] G1[0.29];0.40;0.47;0.01;0.84;0.57;0.00;0.91;0.69;0.0255;0.0202;1
113;113;Agent_2;orders came from the seed rule base (rules as-is);0;0;R11[0.23] R15[0.04] R20[0.01] R26[0.04] G8[0.01] G9[0.04];0.04;0.15;0.03;0.02;0.28;0.25;0.91;0.68;0.0255;0.0202;0
113;113;Agent_3;orders came from the seed rule base (rules as-is);0;0;R7[0.04] R20[0.17] R26[0.35] A1[0.08] G2[0.04] G1[0.08];0.58;0.60;0.02;0.78;0.20;0.00;0.83;0.69;0.0255;0.0202;1
114;114;Agent_1;orders came from the seed rule base (rules as-is);0;0;R7[0.02] R20[0.25] R26[0.06] A1[0.68] G2[0.31] G1[0.29];0.40;0.47;0.01;0.84;0.57;0.00;0.91;0.69;0.0255;0.0202;1
114;114;Agent_2;orders came from the seed rule base (rules as-is);0;0;R11[0.23] R15[0.04] R20[0.01] R26[0.04] G8[0.01] G9[0.04];0.04;0.15;0.03;0.02;0.28;0.25;0.91;0.68;0.0255;0.0202;0
114;114;Agent_3;orders came from the seed rule base (rules as-is);0;0;R7[0.04] R20[0.17] R26[0.35] A1[0.08] G2[0.04] G1[0.08];0.58;0.60;0.02;0.78;0.20;0.00;0.83;0.69;0.0255;0.0202;1
115;115;Agent_1;RL selected stage 3 [GenAI] (deficit bucket: low) → ACCEPTED: G16: G16: IF fire threat level is VH AND evacuation pressure is M THEN suppression effort 0.6, evacuation 0.5 (adaptation-born: generative (template), gates G1-G4);3;3;R7[0.02] R20[0.25] R26[0.06] A1[0.68] G2[0.31] G1[0.29];0.41;0.47;0.01;0.84;0.57;0.00;0.91;0.69;0.0255;0.0202;1
115;115;Agent_2;RL selected stage 3 [GenAI] (deficit bucket: low) → ACCEPTED: G16: G16: IF fire threat level is VH AND evacuation pressure is M THEN suppression effort 0.6, evacuation 0.5 (adaptation-born: generative (template), gates G1-G4);3;3;R11[0.23] R15[0.04] R20[0.01] R26[0.04] G8[0.01] G9[0.04];0.05;0.15;0.03;0.02;0.30;0.25;0.92;0.68;0.0255;0.0202;0
115;115;Agent_3;RL selected stage 3 [GenAI] (deficit bucket: low) → ACCEPTED: G16: G16: IF fire threat level is VH AND evacuation pressure is M THEN suppression effort 0.6, evacuation 0.5 (adaptation-born: generative (template), gates G1-G4);3;3;R7[0.04] R20[0.17] R26[0.35] A1[0.08] G2[0.04] G1[0.08];0.59;0.60;0.02;0.78;0.36;0.00;0.87;0.69;0.0255;0.0202;1
116;116;Agent_1;orders came from the seed rule base (rules as-is);0;0;R7[0.02] R20[0.25] R26[0.06] A1[0.68] G2[0.31] G1[0.29];0.41;0.47;0.01;0.84;0.57;0.00;0.91;0.69;0.0255;0.0194;1
116;116;Agent_2;orders came from the seed rule base (rules as-is);0;0;R11[0.23] R15[0.04] R20[0.01] R26[0.04] G8[0.01] G9[0.04];0.05;0.15;0.03;0.02;0.30;0.25;0.92;0.68;0.0255;0.0194;0
116;116;Agent_3;orders came from the seed rule base (rules as-is);0;0;R7[0.04] R20[0.17] R26[0.35] A1[0.08] G2[0.04] G1[0.08];0.59;0.60;0.02;0.78;0.36;0.00;0.87;0.69;0.0255;0.0194;1
117;117;Agent_1;orders came from the seed rule base (rules as-is);0;0;R7[0.02] R20[0.25] R26[0.06] A1[0.68] G2[0.31] G1[0.29];0.41;0.47;0.01;0.84;0.57;0.00;0.91;0.69;0.0255;0.0194;1
117;117;Agent_2;orders came from the seed rule base (rules as-is);0;0;R11[0.23] R15[0.04] R20[0.01] R26[0.04] G8[0.01] G9[0.04];0.05;0.15;0.03;0.02;0.30;0.25;0.92;0.68;0.0255;0.0194;0
117;117;Agent_3;orders came from the seed rule base (rules as-is);0;0;R7[0.04] R20[0.17] R26[0.35] A1[0.08] G2[0.04] G1[0.08];0.59;0.60;0.02;0.78;0.36;0.00;0.87;0.69;0.0255;0.0194;1
118;118;Agent_1;orders came from the seed rule base (rules as-is);0;0;R7[0.02] R20[0.25] R26[0.06] A1[0.68] G2[0.31] G1[0.29];0.41;0.47;0.01;0.84;0.57;0.00;0.91;0.69;0.0256;0.0194;1
118;118;Agent_2;orders came from the seed rule base (rules as-is);0;0;R11[0.23] R15[0.04] R20[0.01] R26[0.04] G8[0.01] G9[0.04];0.05;0.15;0.03;0.02;0.30;0.25;0.92;0.68;0.0256;0.0194;0
118;118;Agent_3;orders came from the seed rule base (rules as-is);0;0;R7[0.04] R20[0.17] R26[0.35] A1[0.08] G2[0.04] G1[0.08];0.59;0.60;0.02;0.78;0.36;0.00;0.87;0.69;0.0256;0.0194;1
119;119;Agent_1;orders came from the seed rule base (rules as-is);0;0;R7[0.02] R20[0.25] R26[0.06] A1[0.68] G2[0.31] G1[0.29];0.41;0.47;0.01;0.84;0.57;0.00;0.91;0.69;0.0256;0.0194;1
119;119;Agent_2;orders came from the seed rule base (rules as-is);0;0;R11[0.23] R15[0.04] R20[0.01] R26[0.04] G8[0.01] G9[0.04];0.05;0.15;0.03;0.02;0.30;0.25;0.92;0.68;0.0256;0.0194;0
119;119;Agent_3;orders came from the seed rule base (rules as-is);0;0;R7[0.04] R20[0.17] R26[0.35] A1[0.08] G2[0.04] G1[0.08];0.59;0.60;0.02;0.78;0.36;0.00;0.87;0.69;0.0256;0.0194;1
120;120;Agent_1;orders came from the seed rule base (rules as-is);0;0;R7[0.02] R20[0.25] R26[0.06] A1[0.68] G2[0.31] G1[0.29];0.41;0.47;0.01;0.84;0.57;0.00;0.91;0.69;0.0256;0.0195;1
120;120;Agent_2;orders came from the seed rule base (rules as-is);0;0;R11[0.23] R15[0.04] R20[0.01] R26[0.04] G8[0.01] G9[0.04];0.05;0.15;0.03;0.02;0.30;0.25;0.92;0.68;0.0256;0.0195;0
120;120;Agent_3;orders came from the seed rule base (rules as-is);0;0;R7[0.04] R20[0.17] R26[0.35] A1[0.08] G2[0.04] G1[0.08];0.59;0.60;0.02;0.78;0.36;0.00;0.87;0.69;0.0256;0.0195;1
121;121;Agent_1;orders came from the seed rule base (rules as-is);0;0;R7[0.02] R20[0.25] R26[0.06] A1[0.68] G2[0.31] G1[0.29];0.41;0.47;0.01;0.84;0.57;0.00;0.91;0.69;0.0256;0.0195;1
121;121;Agent_2;orders came from the seed rule base (rules as-is);0;0;R11[0.23] R15[0.04] R20[0.01] R26[0.04] G8[0.01] G9[0.04];0.05;0.15;0.03;0.02;0.30;0.25;0.92;0.68;0.0256;0.0195;0
121;121;Agent_3;orders came from the seed rule base (rules as-is);0;0;R7[0.04] R20[0.17] R26[0.35] A1[0.08] G2[0.04] G1[0.08];0.59;0.60;0.02;0.78;0.36;0.00;0.87;0.69;0.0256;0.0195;1
122;122;Agent_1;orders came from the seed rule base (rules as-is);0;0;R7[0.02] R20[0.25] R26[0.06] A1[0.68] G2[0.31] G1[0.29];0.41;0.47;0.01;0.84;0.57;0.00;0.91;0.69;0.0256;0.0195;1
122;122;Agent_2;orders came from the seed rule base (rules as-is);0;0;R11[0.23] R15[0.04] R20[0.01] R26[0.04] G8[0.01] G9[0.04];0.05;0.15;0.03;0.02;0.30;0.25;0.92;0.68;0.0256;0.0195;0
122;122;Agent_3;orders came from the seed rule base (rules as-is);0;0;R7[0.04] R20[0.17] R26[0.35] A1[0.08] G2[0.04] G1[0.08];0.59;0.60;0.02;0.78;0.36;0.00;0.87;0.69;0.0256;0.0195;1
123;123;Agent_1;orders came from the seed rule base (rules as-is);0;0;R7[0.02] R20[0.25] R26[0.06] A1[0.68] G2[0.31] G1[0.29];0.41;0.47;0.01;0.84;0.57;0.00;0.91;0.69;0.0257;0.0195;1
123;123;Agent_2;orders came from the seed rule base (rules as-is);0;0;R11[0.23] R15[0.04] R20[0.01] R26[0.04] G8[0.01] G9[0.04];0.05;0.15;0.03;0.02;0.30;0.25;0.92;0.68;0.0257;0.0195;0
123;123;Agent_3;orders came from the seed rule base (rules as-is);0;0;R7[0.04] R20[0.17] R26[0.35] A1[0.08] G2[0.04] G1[0.08];0.59;0.60;0.02;0.78;0.36;0.00;0.87;0.69;0.0257;0.0195;1
124;124;Agent_1;orders came from the seed rule base (rules as-is);0;0;R7[0.02] R20[0.25] R26[0.06] A1[0.68] G2[0.31] G1[0.29];0.41;0.47;0.01;0.84;0.57;0.00;0.91;0.69;0.0257;0.0195;1
124;124;Agent_2;orders came from the seed rule base (rules as-is);0;0;R11[0.23] R15[0.04] R20[0.01] R26[0.04] G8[0.01] G9[0.04];0.05;0.15;0.03;0.02;0.30;0.25;0.92;0.68;0.0257;0.0195;0
124;124;Agent_3;orders came from the seed rule base (rules as-is);0;0;R7[0.04] R20[0.17] R26[0.35] A1[0.08] G2[0.04] G1[0.08];0.59;0.60;0.02;0.78;0.36;0.00;0.87;0.69;0.0257;0.0195;1
125;125;Agent_1;RL selected stage 1 [evFIS] (deficit bucket: low) → rejected (no improving perturbation found | seed-base decision stands, its orders are applied);1;0;R7[0.02] R20[0.25] R26[0.06] A1[0.68] G2[0.31] G1[0.29];0.41;0.47;0.01;0.84;0.57;0.00;0.91;0.69;0.0257;0.0196;1
125;125;Agent_2;RL selected stage 1 [evFIS] (deficit bucket: low) → rejected (no improving perturbation found | seed-base decision stands, its orders are applied);1;0;R11[0.23] R15[0.04] R20[0.01] R26[0.04] G8[0.01] G9[0.04];0.05;0.15;0.03;0.02;0.30;0.25;0.92;0.68;0.0257;0.0196;0
125;125;Agent_3;RL selected stage 1 [evFIS] (deficit bucket: low) → rejected (no improving perturbation found | seed-base decision stands, its orders are applied);1;0;R7[0.04] R20[0.17] R26[0.35] A1[0.08] G2[0.04] G1[0.08];0.59;0.60;0.02;0.78;0.36;0.00;0.87;0.69;0.0257;0.0196;1
126;126;Agent_1;orders came from the seed rule base (rules as-is);0;0;R7[0.02] R20[0.25] R26[0.06] A1[0.68] G2[0.31] G1[0.29];0.41;0.47;0.01;0.84;0.57;0.00;0.91;0.69;0.0257;0.0196;1
126;126;Agent_2;orders came from the seed rule base (rules as-is);0;0;R11[0.23] R15[0.04] R20[0.01] R26[0.04] G8[0.01] G9[0.04];0.05;0.15;0.03;0.02;0.30;0.25;0.92;0.68;0.0257;0.0196;0
126;126;Agent_3;orders came from the seed rule base (rules as-is);0;0;R7[0.04] R20[0.17] R26[0.35] A1[0.08] G2[0.04] G1[0.08];0.59;0.60;0.02;0.78;0.36;0.00;0.87;0.69;0.0257;0.0196;1
127;127;Agent_1;orders came from the seed rule base (rules as-is);0;0;R7[0.02] R20[0.25] R26[0.06] A1[0.68] G2[0.31] G1[0.29];0.41;0.47;0.01;0.84;0.57;0.00;0.91;0.69;0.0257;0.0196;1
127;127;Agent_2;orders came from the seed rule base (rules as-is);0;0;R11[0.23] R15[0.04] R20[0.01] R26[0.04] G8[0.01] G9[0.04];0.05;0.15;0.03;0.02;0.30;0.25;0.92;0.68;0.0257;0.0196;0
127;127;Agent_3;orders came from the seed rule base (rules as-is);0;0;R7[0.04] R20[0.17] R26[0.35] A1[0.08] G2[0.04] G1[0.08];0.59;0.60;0.02;0.78;0.36;0.00;0.87;0.69;0.0257;0.0196;1
