step;t_min;region;story;stage_tried;stage_accepted;fired_rules;suppression;deployment;containment;protection;evacuation;warning;quality;gate_min;J_forecast;J_noaction;attended
0;0;Agent_1;RL selected stage 3 [GenAI] (deficit bucket: low) → ACCEPTED: G21: G21: IF intervention urgency is VL AND fire threat level is M THEN resource deployment 0.5, suppression effort 0.3 (adaptation-born: generative (template), gates G1-G4);3;3;R1[0.22] R2[0.21] R3[0.32] R4[0.11] R6[0.06] R7[0.07];0.46;0.59;0.41;0.81;0.63;0.49;0.83;0.00;0.2886;0.2819;1
1;1;Agent_1;orders came from the seed rule base (rules as-is);0;0;R1[0.21] R2[0.21] R3[0.30] R4[0.10] R6[0.07] R7[0.07];0.44;0.59;0.41;0.81;0.62;0.54;0.85;0.12;0.2619;0.2843;1
2;2;Agent_1;orders came from the seed rule base (rules as-is);0;0;R1[0.19] R2[0.21] R3[0.24] R4[0.11] R6[0.07] R7[0.07];0.41;0.59;0.39;0.81;0.68;0.74;0.89;0.12;0.2656;0.2850;1
3;3;Agent_1;orders came from the seed rule base (rules as-is);0;0;R1[0.18] R2[0.21] R3[0.19] R4[0.11] R6[0.07] R7[0.07];0.42;0.59;0.39;0.81;0.69;0.75;0.89;0.12;0.2732;0.2854;1
4;4;Agent_1;orders came from the seed rule base (rules as-is);0;0;R1[0.17] R2[0.21] R3[0.15] R4[0.12] R6[0.07] R7[0.07];0.42;0.59;0.39;0.80;0.69;0.75;0.90;0.12;0.2793;0.2859;1
5;5;Agent_1;orders came from the seed rule base (rules as-is);0;0;R1[0.17] R2[0.21] R3[0.12] R4[0.12] R6[0.07] R7[0.07];0.42;0.59;0.39;0.80;0.69;0.75;0.90;0.12;0.2811;0.2876;1
6;6;Agent_1;orders came from the seed rule base (rules as-is);0;0;R1[0.16] R2[0.21] R3[0.09] R4[0.12] R6[0.07] R7[0.07];0.42;0.60;0.39;0.80;0.69;0.75;0.90;0.12;0.2815;0.2870;1
7;7;Agent_1;orders came from the seed rule base (rules as-is);0;0;R1[0.16] R2[0.21] R3[0.07] R4[0.12] R6[0.07] R7[0.07];0.42;0.60;0.39;0.80;0.69;0.75;0.90;0.12;0.2865;0.2876;1
8;8;Agent_1;orders came from the seed rule base (rules as-is);0;0;R1[0.15] R2[0.21] R3[0.06] R4[0.13] R6[0.07] R7[0.07];0.43;0.60;0.39;0.80;0.69;0.76;0.90;0.12;0.2896;0.2890;1
9;9;Agent_1;orders came from the seed rule base (rules as-is);0;0;R1[0.15] R2[0.21] R3[0.05] R4[0.13] R6[0.07] R7[0.07];0.43;0.60;0.39;0.80;0.69;0.76;0.90;0.12;0.2929;0.2886;1
10;10;Agent_1;RL selected stage 2 [resolution increase] (deficit bucket: mid+gap) → rejected (cell already covered — an active rule sits on this antecedent cell; numeric tuning of an existing cell is stage ① evFIS's job | seed-base decision stands, its orders are applied);2;0;R1[0.15] R2[0.21] R3[0.04] R4[0.13] R6[0.06] R7[0.07];0.43;0.60;0.39;0.80;0.69;0.76;0.90;0.12;0.2891;0.2903;1
11;11;Agent_1;orders came from the seed rule base (rules as-is);0;0;R1[0.14] R2[0.21] R3[0.03] R4[0.13] R6[0.06] R7[0.07];0.43;0.60;0.39;0.80;0.69;0.76;0.90;0.11;0.2917;0.2908;1
12;12;Agent_1;orders came from the seed rule base (rules as-is);0;0;R1[0.14] R2[0.21] R3[0.02] R4[0.13] R6[0.06] R7[0.07];0.43;0.60;0.39;0.80;0.69;0.76;0.90;0.11;0.2973;0.2918;1
13;13;Agent_1;orders came from the seed rule base (rules as-is);0;0;R1[0.14] R2[0.21] R3[0.02] R4[0.13] R6[0.06] R7[0.07];0.43;0.60;0.39;0.80;0.69;0.76;0.90;0.11;0.2980;0.2917;1
14;14;Agent_1;orders came from the seed rule base (rules as-is);0;0;R1[0.14] R2[0.21] R3[0.02] R4[0.13] R6[0.06] R7[0.07];0.43;0.60;0.39;0.80;0.69;0.76;0.90;0.11;0.2995;0.2923;1
15;15;Agent_1;orders came from the seed rule base (rules as-is);0;0;R1[0.14] R2[0.21] R3[0.01] R4[0.13] R6[0.06] R7[0.07];0.43;0.60;0.39;0.80;0.69;0.76;0.90;0.11;0.2997;0.2927;1
16;16;Agent_1;orders came from the seed rule base (rules as-is);0;0;R1[0.14] R2[0.21] R4[0.13] R6[0.06] R7[0.07] R8[0.06];0.43;0.60;0.39;0.80;0.69;0.76;0.90;0.11;0.2998;0.2933;1
17;17;Agent_1;orders came from the seed rule base (rules as-is);0;0;R1[0.13] R2[0.21] R4[0.13] R6[0.06] R7[0.07] R8[0.06];0.43;0.60;0.39;0.80;0.69;0.76;0.90;0.11;0.3027;0.2938;1
18;18;Agent_1;orders came from the seed rule base (rules as-is);0;0;R1[0.13] R2[0.21] R4[0.13] R6[0.06] R7[0.07] R8[0.06];0.43;0.60;0.39;0.80;0.69;0.76;0.90;0.11;0.3028;0.2946;1
19;19;Agent_1;orders came from the seed rule base (rules as-is);0;0;R1[0.13] R2[0.21] R4[0.13] R6[0.06] R7[0.07] R8[0.06];0.43;0.60;0.39;0.80;0.69;0.76;0.90;0.11;0.3039;0.2952;1
20;20;Agent_1;RL selected stage 3 [GenAI] (deficit bucket: high+gap) → rejected (rejected at G2 duplicate cell (template) — an active rule already sits on this antecedent cell; re-issuing it with different numbers is stage ① evFIS's job, not a new rule | seed-base decision stands, its orders are applied);3;0;R1[0.13] R2[0.21] R4[0.13] R6[0.06] R7[0.07] R8[0.06];0.43;0.60;0.39;0.80;0.69;0.76;0.90;0.11;0.3047;0.2952;1
21;21;Agent_1;orders came from the seed rule base (rules as-is);0;0;R1[0.13] R2[0.21] R4[0.13] R6[0.06] R7[0.07] R8[0.06];0.43;0.60;0.39;0.80;0.69;0.76;0.90;0.11;0.3064;0.2956;1
22;22;Agent_1;orders came from the seed rule base (rules as-is);0;0;R1[0.13] R2[0.21] R4[0.13] R6[0.06] R7[0.07] R8[0.06];0.43;0.60;0.39;0.80;0.70;0.77;0.90;0.11;0.3048;0.2960;1
23;23;Agent_1;orders came from the seed rule base (rules as-is);0;0;R1[0.13] R2[0.21] R4[0.13] R6[0.05] R7[0.07] R8[0.05];0.43;0.60;0.39;0.80;0.70;0.77;0.90;0.10;0.3053;0.2964;1
24;24;Agent_1;orders came from the seed rule base (rules as-is);0;0;R1[0.12] R2[0.21] R4[0.12] R6[0.05] R7[0.07] R8[0.05];0.43;0.61;0.39;0.80;0.70;0.77;0.90;0.10;0.3052;0.2965;1
25;25;Agent_1;orders came from the seed rule base (rules as-is);0;0;R1[0.12] R2[0.21] R4[0.12] R6[0.05] R7[0.07] R8[0.05];0.43;0.61;0.39;0.80;0.70;0.77;0.90;0.10;0.3041;0.2968;1
26;26;Agent_1;orders came from the seed rule base (rules as-is);0;0;R1[0.12] R2[0.21] R4[0.12] R6[0.05] R7[0.07] R8[0.05];0.42;0.61;0.39;0.80;0.70;0.78;0.90;0.10;0.3044;0.2972;1
27;27;Agent_1;orders came from the seed rule base (rules as-is);0;0;R1[0.12] R2[0.21] R4[0.12] R6[0.05] R7[0.07] R8[0.05];0.42;0.61;0.39;0.80;0.71;0.78;0.90;0.10;0.3054;0.2974;1
28;28;Agent_1;orders came from the seed rule base (rules as-is);0;0;R1[0.12] R2[0.21] R4[0.12] R6[0.05] R7[0.07] R8[0.05];0.42;0.61;0.39;0.80;0.71;0.78;0.90;0.10;0.3061;0.2978;1
29;29;Agent_1;orders came from the seed rule base (rules as-is);0;0;R1[0.12] R2[0.21] R4[0.12] R6[0.07] R7[0.07] R8[0.07];0.42;0.61;0.39;0.80;0.72;0.79;0.90;0.10;0.3079;0.2980;1
30;30;Agent_1;RL selected stage 2 [resolution increase] (deficit bucket: high+gap) → rejected (cell already covered — an active rule sits on this antecedent cell; numeric tuning of an existing cell is stage ① evFIS's job | seed-base decision stands, its orders are applied);2;0;R1[0.12] R2[0.21] R4[0.12] R6[0.07] R7[0.07] R8[0.07];0.41;0.62;0.38;0.80;0.72;0.79;0.90;0.10;0.2993;0.2949;1
31;31;Agent_1;orders came from the seed rule base (rules as-is);0;0;R1[0.12] R2[0.21] R4[0.12] R6[0.07] R7[0.07] R8[0.07];0.39;0.62;0.36;0.80;0.73;0.80;0.91;0.10;0.2985;0.2951;1
32;32;Agent_1;orders came from the seed rule base (rules as-is);0;0;R1[0.12] R2[0.21] R4[0.12] R6[0.07] R7[0.07] R8[0.07];0.38;0.62;0.35;0.80;0.73;0.80;0.91;0.10;0.2993;0.2951;1
33;33;Agent_1;orders came from the seed rule base (rules as-is);0;0;R1[0.12] R2[0.21] R4[0.12] R6[0.07] R7[0.07] R8[0.07];0.36;0.62;0.33;0.80;0.73;0.81;0.91;0.10;0.2998;0.2952;1
34;34;Agent_1;orders came from the seed rule base (rules as-is);0;0;R1[0.12] R2[0.21] R4[0.12] R6[0.07] R7[0.07] R8[0.07];0.34;0.62;0.31;0.80;0.74;0.81;0.90;0.10;0.2996;0.2953;1
35;35;Agent_1;orders came from the seed rule base (rules as-is);0;0;R1[0.13] R2[0.21] R4[0.13] R6[0.07] R7[0.07] R8[0.07];0.33;0.62;0.30;0.81;0.74;0.82;0.90;0.10;0.2994;0.2954;1
36;36;Agent_1;orders came from the seed rule base (rules as-is);0;0;R1[0.13] R2[0.21] R4[0.13] R6[0.07] R7[0.07] R8[0.07];0.31;0.62;0.28;0.81;0.74;0.82;0.90;0.09;0.3007;0.2955;1
37;37;Agent_1;orders came from the seed rule base (rules as-is);0;0;R1[0.13] R2[0.21] R4[0.13] R6[0.07] R7[0.07] R8[0.07];0.29;0.62;0.26;0.81;0.74;0.82;0.90;0.09;0.3001;0.2956;1
38;38;Agent_1;orders came from the seed rule base (rules as-is);0;0;R1[0.13] R2[0.21] R4[0.13] R6[0.07] R7[0.07] R8[0.07];0.27;0.62;0.24;0.81;0.74;0.82;0.89;0.09;0.3000;0.2957;1
39;39;Agent_1;orders came from the seed rule base (rules as-is);0;0;R1[0.13] R2[0.20] R4[0.13] R6[0.07] R7[0.07] R8[0.07];0.25;0.63;0.23;0.81;0.74;0.83;0.89;0.09;0.3002;0.2958;1
40;40;Agent_1;RL selected stage 1 [evFIS] (deficit bucket: high+gap) → ACCEPTED: R30 consequents +0.05;1;1;R1[0.13] R2[0.20] R4[0.13] R6[0.07] R7[0.07] R8[0.07];0.25;0.63;0.23;0.82;0.74;0.82;0.89;0.09;0.3009;0.2959;1
41;41;Agent_1;orders came from the seed rule base (rules as-is);0;0;R1[0.12] R2[0.20] R4[0.12] R6[0.07] R7[0.07] R8[0.07];0.25;0.63;0.23;0.82;0.74;0.82;0.89;0.09;0.3012;0.2960;1
42;42;Agent_1;orders came from the seed rule base (rules as-is);0;0;R1[0.12] R2[0.20] R4[0.12] R6[0.07] R7[0.07] R8[0.07];0.25;0.63;0.23;0.82;0.74;0.82;0.89;0.09;0.3013;0.2961;1
43;43;Agent_1;orders came from the seed rule base (rules as-is);0;0;R1[0.12] R2[0.20] R4[0.11] R6[0.07] R7[0.07] R8[0.07];0.25;0.63;0.24;0.82;0.73;0.82;0.89;0.09;0.3017;0.2962;1
44;44;Agent_1;orders came from the seed rule base (rules as-is);0;0;R1[0.12] R2[0.20] R4[0.11] R6[0.07] R7[0.07] R8[0.07];0.25;0.63;0.24;0.82;0.73;0.81;0.90;0.09;0.3020;0.2964;1
45;45;Agent_1;orders came from the seed rule base (rules as-is);0;0;R1[0.12] R2[0.20] R4[0.10] R6[0.07] R7[0.07] R8[0.07];0.25;0.63;0.24;0.82;0.73;0.81;0.90;0.09;0.3015;0.2965;1
46;46;Agent_1;orders came from the seed rule base (rules as-is);0;0;R1[0.12] R2[0.20] R4[0.09] R6[0.07] R7[0.07] R8[0.07];0.25;0.63;0.24;0.82;0.73;0.80;0.90;0.09;0.3019;0.2966;1
47;47;Agent_1;orders came from the seed rule base (rules as-is);0;0;R1[0.12] R2[0.20] R4[0.09] R6[0.07] R7[0.07] R8[0.07];0.25;0.63;0.24;0.82;0.73;0.80;0.89;0.09;0.3022;0.2967;1
48;48;Agent_1;orders came from the seed rule base (rules as-is);0;0;R1[0.12] R2[0.20] R4[0.08] R6[0.07] R7[0.07] R8[0.07];0.25;0.63;0.24;0.82;0.73;0.80;0.89;0.09;0.3024;0.2968;1
49;49;Agent_1;orders came from the seed rule base (rules as-is);0;0;R1[0.12] R2[0.19] R4[0.08] R6[0.07] R7[0.07] R8[0.07];0.25;0.63;0.24;0.82;0.72;0.80;0.89;0.09;0.3026;0.2970;1
50;50;Agent_1;RL selected stage 1 [evFIS] (deficit bucket: high+gap) → ACCEPTED: R30 consequents +0.05;1;1;R1[0.12] R2[0.19] R4[0.07] R6[0.07] R7[0.07] R8[0.07];0.25;0.63;0.25;0.82;0.72;0.80;0.89;0.09;0.3030;0.2971;1
51;51;Agent_1;orders came from the seed rule base (rules as-is);0;0;R1[0.12] R2[0.19] R4[0.07] R6[0.07] R7[0.07] R8[0.07];0.25;0.63;0.25;0.82;0.72;0.80;0.89;0.08;0.3030;0.2972;1
52;52;Agent_1;orders came from the seed rule base (rules as-is);0;0;R1[0.12] R2[0.19] R4[0.07] R6[0.07] R7[0.07] R8[0.07];0.25;0.63;0.25;0.82;0.72;0.80;0.89;0.08;0.3033;0.2974;1
53;53;Agent_1;orders came from the seed rule base (rules as-is);0;0;R1[0.12] R2[0.19] R4[0.07] R6[0.07] R7[0.07] R8[0.07];0.25;0.63;0.25;0.82;0.72;0.80;0.89;0.08;0.3033;0.2975;1
54;54;Agent_1;orders came from the seed rule base (rules as-is);0;0;R1[0.12] R2[0.19] R4[0.07] R6[0.07] R7[0.07] R8[0.07];0.24;0.63;0.25;0.82;0.72;0.80;0.89;0.08;0.3038;0.2976;1
55;55;Agent_1;orders came from the seed rule base (rules as-is);0;0;R1[0.12] R2[0.19] R4[0.06] R6[0.07] R7[0.07] R8[0.07];0.24;0.63;0.25;0.82;0.72;0.80;0.89;0.08;0.3038;0.2978;1
56;56;Agent_1;orders came from the seed rule base (rules as-is);0;0;R1[0.12] R2[0.19] R4[0.06] R6[0.07] R7[0.07] R8[0.07];0.24;0.63;0.25;0.82;0.72;0.80;0.89;0.08;0.3042;0.2979;1
57;57;Agent_1;orders came from the seed rule base (rules as-is);0;0;R1[0.12] R2[0.19] R4[0.06] R6[0.07] R7[0.07] R8[0.07];0.24;0.63;0.25;0.82;0.72;0.80;0.89;0.08;0.3042;0.2981;1
58;58;Agent_1;orders came from the seed rule base (rules as-is);0;0;R1[0.12] R2[0.19] R4[0.06] R6[0.07] R7[0.07] R8[0.07];0.24;0.63;0.25;0.82;0.72;0.80;0.89;0.08;0.3031;0.2982;1
59;59;Agent_1;orders came from the seed rule base (rules as-is);0;0;R1[0.12] R2[0.19] R4[0.06] R6[0.07] R7[0.07] R8[0.07];0.24;0.63;0.25;0.82;0.72;0.80;0.89;0.08;0.3034;0.2984;1
60;60;Agent_1;RL selected stage 1 [evFIS] (deficit bucket: high+gap) → ACCEPTED: R30 consequents +0.05;1;1;R1[0.12] R2[0.19] R4[0.06] R6[0.07] R7[0.07] R8[0.07];0.24;0.63;0.26;0.82;0.72;0.80;0.89;0.08;0.3031;0.2986;1
61;61;Agent_1;orders came from the seed rule base (rules as-is);0;0;R1[0.12] R2[0.18] R4[0.06] R6[0.07] R7[0.07] R8[0.07];0.24;0.63;0.26;0.82;0.72;0.80;0.89;0.08;0.3046;0.2987;1
62;62;Agent_1;orders came from the seed rule base (rules as-is);0;0;R1[0.12] R2[0.18] R4[0.06] R6[0.07] R7[0.07] R8[0.07];0.24;0.63;0.26;0.82;0.72;0.80;0.89;0.08;0.3024;0.2989;1
63;63;Agent_1;orders came from the seed rule base (rules as-is);0;0;R1[0.11] R2[0.18] R4[0.06] R6[0.07] R7[0.07] R8[0.07];0.24;0.63;0.26;0.82;0.72;0.80;0.89;0.08;0.3016;0.2991;1
64;64;Agent_1;orders came from the seed rule base (rules as-is);0;0;R1[0.11] R2[0.18] R4[0.06] R6[0.07] R7[0.07] R8[0.07];0.24;0.63;0.26;0.82;0.72;0.80;0.89;0.08;0.3013;0.2992;1
65;65;Agent_1;orders came from the seed rule base (rules as-is);0;0;R1[0.11] R2[0.18] R4[0.06] R6[0.07] R7[0.07] R8[0.07];0.24;0.63;0.26;0.82;0.72;0.80;0.89;0.08;0.3011;0.2994;1
66;66;Agent_1;orders came from the seed rule base (rules as-is);0;0;R1[0.11] R2[0.18] R4[0.06] R6[0.07] R7[0.07] R8[0.07];0.24;0.63;0.26;0.82;0.72;0.80;0.89;0.08;0.3018;0.2996;1
67;67;Agent_1;orders came from the seed rule base (rules as-is);0;0;R1[0.11] R2[0.18] R4[0.06] R6[0.07] R7[0.07] R8[0.07];0.24;0.63;0.26;0.82;0.72;0.80;0.89;0.07;0.3005;0.2998;1
68;68;Agent_1;orders came from the seed rule base (rules as-is);0;0;R1[0.11] R2[0.18] R4[0.06] R6[0.07] R7[0.07] R8[0.07];0.24;0.63;0.26;0.82;0.72;0.80;0.89;0.07;0.2994;0.3000;1
69;69;Agent_1;orders came from the seed rule base (rules as-is);0;0;R1[0.11] R2[0.18] R4[0.06] R6[0.07] R7[0.07] R8[0.07];0.24;0.63;0.26;0.82;0.72;0.80;0.89;0.07;0.3008;0.3001;1
70;70;Agent_1;RL selected stage 1 [evFIS] (deficit bucket: mid+gap) → ACCEPTED: R30 consequents +0.05;1;1;R1[0.11] R2[0.18] R4[0.06] R6[0.07] R7[0.07] R8[0.07];0.24;0.63;0.27;0.82;0.72;0.80;0.89;0.07;0.3030;0.3003;1
71;71;Agent_1;orders came from the seed rule base (rules as-is);0;0;R1[0.11] R2[0.18] R4[0.06] R6[0.07] R7[0.07] R8[0.07];0.24;0.63;0.27;0.82;0.72;0.80;0.89;0.07;0.3005;0.3005;1
72;72;Agent_1;orders came from the seed rule base (rules as-is);0;0;R1[0.11] R2[0.18] R4[0.06] R6[0.07] R7[0.07] R8[0.07];0.24;0.63;0.27;0.82;0.72;0.80;0.89;0.07;0.3007;0.3007;1
73;73;Agent_1;orders came from the seed rule base (rules as-is);0;0;R1[0.11] R2[0.17] R4[0.05] R6[0.07] R7[0.07] R8[0.07];0.24;0.63;0.27;0.82;0.72;0.80;0.89;0.07;0.3020;0.3009;1
74;74;Agent_1;orders came from the seed rule base (rules as-is);0;0;R1[0.11] R2[0.17] R4[0.05] R6[0.07] R7[0.07] R8[0.07];0.24;0.63;0.27;0.82;0.72;0.80;0.89;0.07;0.3013;0.3011;1
75;75;Agent_1;orders came from the seed rule base (rules as-is);0;0;R1[0.11] R2[0.17] R4[0.05] R6[0.07] R7[0.07] R8[0.07];0.24;0.63;0.27;0.82;0.72;0.80;0.89;0.07;0.3010;0.3013;1
76;76;Agent_1;orders came from the seed rule base (rules as-is);0;0;R1[0.11] R2[0.17] R4[0.05] R6[0.07] R7[0.07] R8[0.07];0.24;0.63;0.27;0.82;0.72;0.80;0.89;0.07;0.3026;0.3015;1
77;77;Agent_1;orders came from the seed rule base (rules as-is);0;0;R1[0.11] R2[0.17] R4[0.05] R6[0.07] R7[0.07] R8[0.07];0.24;0.63;0.27;0.82;0.72;0.80;0.89;0.07;0.3009;0.3016;1
78;78;Agent_1;orders came from the seed rule base (rules as-is);0;0;R1[0.11] R2[0.17] R4[0.05] R6[0.07] R7[0.07] R8[0.07];0.24;0.63;0.27;0.82;0.72;0.80;0.89;0.07;0.3006;0.3018;1
79;79;Agent_1;orders came from the seed rule base (rules as-is);0;0;R1[0.11] R2[0.17] R4[0.05] R6[0.07] R7[0.07] R8[0.07];0.24;0.63;0.27;0.82;0.72;0.80;0.89;0.07;0.3012;0.3020;1
80;80;Agent_1;RL selected stage 3 [GenAI] (deficit bucket: mid+gap) → rejected (rejected at G2 duplicate cell (template) — an active rule already sits on this antecedent cell; re-issuing it with different numbers is stage ① evFIS's job, not a new rule | seed-base decision stands, its orders are applied);3;0;R1[0.11] R2[0.17] R4[0.05] R6[0.07] R7[0.07] R8[0.07];0.24;0.63;0.27;0.82;0.72;0.80;0.89;0.07;0.3011;0.3022;1
81;81;Agent_1;orders came from the seed rule base (rules as-is);0;0;R1[0.11] R2[0.17] R4[0.05] R6[0.07] R7[0.07] R8[0.07];0.24;0.63;0.27;0.82;0.72;0.80;0.89;0.07;0.3018;0.3024;1
82;82;Agent_1;orders came from the seed rule base (rules as-is);0;0;R1[0.11] R2[0.17] R4[0.05] R6[0.07] R7[0.07] R8[0.07];0.24;0.63;0.27;0.82;0.72;0.80;0.89;0.07;0.3019;0.3026;1
83;83;Agent_1;orders came from the seed rule base (rules as-is);0;0;R1[0.10] R2[0.17] R4[0.05] R6[0.07] R7[0.07] R8[0.07];0.24;0.63;0.27;0.82;0.72;0.80;0.89;0.07;0.3021;0.3028;1
84;84;Agent_1;orders came from the seed rule base (rules as-is);0;0;R1[0.10] R2[0.17] R4[0.05] R6[0.07] R7[0.07] R8[0.07];0.24;0.63;0.27;0.82;0.72;0.80;0.89;0.07;0.3038;0.3030;1
85;85;Agent_1;orders came from the seed rule base (rules as-is);0;0;R1[0.10] R2[0.17] R4[0.05] R6[0.05] R7[0.07] R8[0.05];0.24;0.63;0.27;0.82;0.72;0.80;0.89;0.06;0.3025;0.3032;1
86;86;Agent_1;orders came from the seed rule base (rules as-is);0;0;R1[0.10] R2[0.17] R4[0.05] R6[0.04] R7[0.07] R8[0.04];0.24;0.63;0.28;0.82;0.72;0.80;0.89;0.06;0.3032;0.3034;1
87;87;Agent_1;orders came from the seed rule base (rules as-is);0;0;R1[0.09] R2[0.17] R4[0.05] R6[0.02] R7[0.07] R8[0.02];0.24;0.63;0.27;0.82;0.71;0.79;0.89;0.06;0.3029;0.3036;1
88;88;Agent_1;orders came from the seed rule base (rules as-is);0;0;R1[0.09] R2[0.18] R4[0.04] R7[0.07] R9[0.09] R10[0.04];0.24;0.63;0.26;0.82;0.71;0.79;0.89;0.06;0.3043;0.3038;1
89;89;Agent_1;orders came from the seed rule base (rules as-is);0;0;R1[0.08] R2[0.18] R4[0.04] R7[0.07] R9[0.08] R10[0.04];0.24;0.63;0.26;0.82;0.71;0.79;0.90;0.06;0.3032;0.3039;1
90;90;Agent_1;RL selected stage 1 [evFIS] (deficit bucket: mid+gap) → ACCEPTED: R30 consequents +0.05;1;1;R1[0.08] R2[0.19] R4[0.04] R7[0.07] R9[0.08] R10[0.04];0.24;0.63;0.27;0.82;0.71;0.79;0.90;0.06;0.3040;0.3041;1
91;91;Agent_1;orders came from the seed rule base (rules as-is);0;0;R1[0.07] R2[0.19] R4[0.03] R7[0.07] R9[0.07] R10[0.03];0.24;0.63;0.27;0.82;0.71;0.79;0.90;0.06;0.3069;0.3043;1
92;92;Agent_1;orders came from the seed rule base (rules as-is);0;0;R1[0.07] R2[0.19] R4[0.03] R7[0.07] R9[0.07] R10[0.03];0.24;0.63;0.27;0.82;0.71;0.79;0.90;0.06;0.3042;0.3045;1
93;93;Agent_1;orders came from the seed rule base (rules as-is);0;0;R1[0.06] R2[0.19] R4[0.03] R7[0.07] R9[0.06] R10[0.03];0.24;0.63;0.27;0.82;0.71;0.79;0.90;0.06;0.3035;0.3047;1
94;94;Agent_1;orders came from the seed rule base (rules as-is);0;0;R1[0.06] R2[0.19] R4[0.03] R5[0.01] R7[0.07] R9[0.06];0.24;0.62;0.27;0.82;0.71;0.78;0.90;0.06;0.3032;0.3049;1
95;95;Agent_1;orders came from the seed rule base (rules as-is);0;0;R1[0.06] R2[0.19] R4[0.03] R5[0.03] R7[0.07] R9[0.06];0.24;0.62;0.27;0.82;0.71;0.78;0.90;0.06;0.3045;0.3051;1
96;96;Agent_1;orders came from the seed rule base (rules as-is);0;0;R1[0.06] R2[0.19] R4[0.02] R5[0.04] R7[0.07] R9[0.06];0.24;0.62;0.26;0.82;0.71;0.78;0.90;0.06;0.3046;0.3053;1
97;97;Agent_1;orders came from the seed rule base (rules as-is);0;0;R1[0.06] R2[0.19] R4[0.02] R5[0.05] R7[0.07] R9[0.06];0.24;0.62;0.26;0.82;0.71;0.78;0.90;0.06;0.3052;0.3054;1
98;98;Agent_1;orders came from the seed rule base (rules as-is);0;0;R1[0.05] R2[0.18] R4[0.02] R5[0.06] R7[0.07] R9[0.05];0.24;0.62;0.26;0.81;0.71;0.78;0.90;0.06;0.3050;0.3056;1
99;99;Agent_1;orders came from the seed rule base (rules as-is);0;0;R1[0.05] R2[0.18] R4[0.02] R5[0.07] R7[0.07] R9[0.05];0.24;0.62;0.26;0.81;0.71;0.78;0.90;0.06;0.3047;0.3058;1
100;100;Agent_1;RL selected stage 1 [evFIS] (deficit bucket: mid+gap) → ACCEPTED: R30 consequents -0.05;1;1;R1[0.05] R2[0.17] R4[0.02] R5[0.07] R7[0.07] R9[0.05];0.24;0.62;0.25;0.80;0.71;0.78;0.90;0.06;0.3087;0.3060;1
101;101;Agent_1;orders came from the seed rule base (rules as-is);0;0;R1[0.05] R2[0.17] R4[0.02] R5[0.08] R7[0.07] R9[0.05];0.24;0.62;0.25;0.80;0.71;0.77;0.90;0.06;0.3072;0.3061;1
102;102;Agent_1;orders came from the seed rule base (rules as-is);0;0;R1[0.05] R2[0.16] R4[0.02] R5[0.09] R7[0.07] R9[0.05];0.24;0.62;0.25;0.80;0.71;0.77;0.90;0.06;0.3074;0.3063;1
103;103;Agent_1;orders came from the seed rule base (rules as-is);0;0;R1[0.05] R2[0.16] R4[0.02] R5[0.10] R7[0.07] R9[0.05];0.24;0.62;0.25;0.80;0.71;0.77;0.90;0.06;0.3077;0.3065;1
104;104;Agent_1;orders came from the seed rule base (rules as-is);0;0;R1[0.05] R2[0.15] R4[0.02] R5[0.10] R7[0.07] R9[0.05];0.24;0.62;0.25;0.80;0.71;0.77;0.90;0.06;0.3063;0.3066;1
105;105;Agent_1;orders came from the seed rule base (rules as-is);0;0;R1[0.05] R2[0.15] R4[0.02] R5[0.11] R7[0.07] R9[0.05];0.23;0.62;0.25;0.80;0.71;0.77;0.90;0.06;0.3079;0.3068;1
106;106;Agent_1;orders came from the seed rule base (rules as-is);0;0;R1[0.05] R2[0.14] R4[0.02] R5[0.12] R7[0.07] R9[0.05];0.23;0.62;0.25;0.79;0.71;0.77;0.90;0.06;0.3069;0.3070;1
107;107;Agent_1;orders came from the seed rule base (rules as-is);0;0;R1[0.05] R2[0.14] R4[0.02] R5[0.12] R7[0.07] R9[0.05];0.23;0.62;0.25;0.79;0.71;0.77;0.90;0.05;0.3086;0.3071;1
108;108;Agent_1;orders came from the seed rule base (rules as-is);0;0;R1[0.05] R2[0.13] R4[0.02] R5[0.13] R7[0.07] R9[0.05];0.23;0.63;0.25;0.79;0.72;0.77;0.90;0.05;0.3076;0.3073;1
109;109;Agent_1;orders came from the seed rule base (rules as-is);0;0;R1[0.05] R2[0.13] R4[0.02] R5[0.13] R7[0.07] R9[0.05];0.23;0.63;0.25;0.79;0.72;0.77;0.90;0.05;0.3084;0.3074;1
110;110;Agent_1;RL selected stage 1 [evFIS] (deficit bucket: mid+gap) → rejected (no improving perturbation found | seed-base decision stands, its orders are applied);1;0;R1[0.05] R2[0.12] R4[0.02] R5[0.12] R7[0.07] R9[0.05];0.23;0.62;0.26;0.79;0.72;0.78;0.90;0.05;0.3092;0.3076;1
111;111;Agent_1;orders came from the seed rule base (rules as-is);0;0;R1[0.04] R2[0.12] R4[0.02] R5[0.12] R7[0.07] R9[0.04];0.23;0.62;0.26;0.79;0.72;0.78;0.90;0.05;0.3085;0.3077;1
112;112;Agent_1;orders came from the seed rule base (rules as-is);0;0;R1[0.04] R2[0.11] R4[0.02] R5[0.11] R7[0.07] R9[0.04];0.23;0.62;0.26;0.79;0.73;0.78;0.90;0.05;0.3088;0.3079;1
113;113;Agent_1;orders came from the seed rule base (rules as-is);0;0;R1[0.04] R2[0.11] R4[0.03] R5[0.11] R7[0.07] R9[0.04];0.23;0.62;0.26;0.79;0.73;0.78;0.90;0.05;0.3092;0.3080;1
114;114;Agent_1;orders came from the seed rule base (rules as-is);0;0;R1[0.04] R2[0.10] R4[0.03] R5[0.10] R7[0.07] R9[0.04];0.24;0.62;0.29;0.78;0.73;0.78;0.90;0.05;0.3097;0.3082;1
115;115;Agent_1;orders came from the seed rule base (rules as-is);0;0;R1[0.04] R2[0.10] R4[0.04] R5[0.10] R7[0.07] R9[0.04];0.26;0.61;0.31;0.78;0.72;0.77;0.89;0.05;0.3101;0.3083;1
116;116;Agent_1;orders came from the seed rule base (rules as-is);0;0;R1[0.04] R2[0.10] R4[0.04] R5[0.10] R7[0.07] R9[0.04];0.28;0.61;0.34;0.78;0.72;0.77;0.89;0.05;0.3104;0.3084;1
117;117;Agent_1;orders came from the seed rule base (rules as-is);0;0;R1[0.04] R2[0.09] R4[0.04] R5[0.09] R7[0.07] R9[0.04];0.29;0.61;0.35;0.78;0.72;0.77;0.88;0.05;0.3107;0.3086;1
118;118;Agent_1;orders came from the seed rule base (rules as-is);0;0;R1[0.04] R2[0.09] R4[0.04] R5[0.09] R7[0.07] R9[0.04];0.30;0.61;0.36;0.77;0.72;0.76;0.88;0.05;0.3110;0.3087;1
119;119;Agent_1;orders came from the seed rule base (rules as-is);0;0;R1[0.04] R2[0.08] R4[0.04] R5[0.08] R7[0.07] R9[0.04];0.32;0.62;0.38;0.77;0.72;0.76;0.87;0.05;0.3113;0.3089;1
120;120;Agent_1;RL selected stage 1 [evFIS] (deficit bucket: mid+gap) → rejected (no improving perturbation found | seed-base decision stands, its orders are applied);1;0;R1[0.04] R2[0.08] R4[0.04] R5[0.08] R7[0.07] R9[0.04];0.32;0.62;0.38;0.77;0.72;0.76;0.87;0.05;0.3115;0.3090;1
121;121;Agent_1;orders came from the seed rule base (rules as-is);0;0;R1[0.04] R2[0.08] R4[0.04] R5[0.08] R7[0.07] R9[0.04];0.33;0.62;0.40;0.77;0.72;0.76;0.86;0.05;0.3121;0.3091;1
122;122;Agent_1;orders came from the seed rule base (rules as-is);0;0;R1[0.04] R2[0.08] R4[0.04] R5[0.08] R7[0.07] R9[0.04];0.33;0.62;0.41;0.77;0.72;0.76;0.86;0.05;0.3130;0.3093;1
123;123;Agent_1;orders came from the seed rule base (rules as-is);0;0;R1[0.04] R2[0.07] R4[0.04] R5[0.07] R7[0.07] R9[0.04];0.33;0.62;0.41;0.77;0.72;0.76;0.86;0.05;0.3127;0.3094;1
124;124;Agent_1;orders came from the seed rule base (rules as-is);0;0;R1[0.04] R2[0.07] R4[0.04] R5[0.07] R7[0.07] R9[0.04];0.34;0.63;0.42;0.77;0.71;0.76;0.85;0.05;0.3140;0.3095;1
125;125;Agent_1;orders came from the seed rule base (rules as-is);0;0;R1[0.04] R2[0.07] R4[0.04] R5[0.07] R7[0.07] R9[0.04];0.35;0.63;0.43;0.77;0.71;0.76;0.85;0.05;0.3135;0.3097;1
126;126;Agent_1;orders came from the seed rule base (rules as-is);0;0;R1[0.04] R2[0.07] R4[0.04] R5[0.07] R7[0.07] R9[0.04];0.36;0.63;0.44;0.77;0.71;0.76;0.85;0.05;0.3132;0.3098;1
127;127;Agent_1;orders came from the seed rule base (rules as-is);0;0;R1[0.04] R2[0.07] R4[0.04] R5[0.07] R7[0.07] R9[0.04];0.36;0.63;0.45;0.76;0.71;0.75;0.84;0.05;0.3134;0.3099;1
128;128;Agent_1;orders came from the seed rule base (rules as-is);0;0;R1[0.04] R2[0.07] R4[0.04] R5[0.07] R7[0.07] R9[0.04];0.37;0.63;0.45;0.76;0.71;0.75;0.84;0.05;0.3136;0.3101;1
129;129;Agent_1;orders came from the seed rule base (rules as-is);0;0;R1[0.04] R2[0.07] R4[0.04] R5[0.07] R7[0.07] R9[0.04];0.37;0.63;0.45;0.76;0.71;0.75;0.84;0.05;0.3138;0.3102;1
130;130;Agent_1;orders came from the seed rule base (rules as-is);0;0;R1[0.05] R2[0.08] R4[0.05] R6[0.07] R7[0.07] R8[0.05];0.38;0.64;0.47;0.80;0.70;0.78;0.83;0.05;0.3140;0.3106;1
130;130;Agent_1;orders came from the seed rule base (rules as-is);0;0;R1[0.05] R2[0.08] R4[0.05] R6[0.07] R7[0.07] R8[0.05];0.38;0.64;0.47;0.80;0.70;0.78;0.83;0.05;0.3140;0.3106;1
130;130;Agent_1;RL selected stage 1 [evFIS] (deficit bucket: mid+gap) → rejected (no improving perturbation found | seed-base decision stands, its orders are applied);1;0;R1[0.04] R2[0.07] R4[0.04] R5[0.07] R7[0.07] R9[0.04];0.37;0.63;0.46;0.76;0.71;0.75;0.83;0.05;0.3140;0.3103;1
131;131;Agent_1;orders came from the seed rule base (rules as-is);0;0;R1[0.05] R2[0.08] R4[0.05] R6[0.07] R7[0.07] R8[0.05];0.38;0.64;0.46;0.79;0.70;0.78;0.82;0.05;0.3141;0.3107;1
132;132;Agent_1;orders came from the seed rule base (rules as-is);0;0;R1[0.05] R2[0.09] R4[0.05] R6[0.07] R7[0.07] R8[0.05];0.38;0.64;0.45;0.79;0.70;0.78;0.83;0.05;0.3142;0.3109;1
133;133;Agent_1;orders came from the seed rule base (rules as-is);0;0;R1[0.06] R2[0.09] R4[0.06] R6[0.07] R7[0.07] R8[0.06];0.39;0.64;0.45;0.79;0.70;0.78;0.82;0.04;0.3155;0.3110;1
134;134;Agent_1;orders came from the seed rule base (rules as-is);0;0;R1[0.06] R2[0.10] R4[0.06] R6[0.07] R7[0.07] R8[0.06];0.39;0.64;0.45;0.79;0.70;0.78;0.82;0.04;0.3158;0.3111;1
135;135;Agent_1;orders came from the seed rule base (rules as-is);0;0;R1[0.06] R2[0.10] R4[0.06] R6[0.07] R7[0.07] R8[0.06];0.40;0.64;0.46;0.79;0.70;0.78;0.82;0.04;0.3152;0.3113;1
136;136;Agent_1;orders came from the seed rule base (rules as-is);0;0;R1[0.07] R2[0.10] R4[0.07] R6[0.07] R7[0.07] R8[0.07];0.40;0.64;0.46;0.79;0.70;0.78;0.82;0.04;0.3149;0.3114;1
137;137;Agent_1;orders came from the seed rule base (rules as-is);0;0;R1[0.07] R2[0.11] R4[0.07] R6[0.07] R7[0.07] R8[0.07];0.41;0.64;0.46;0.79;0.70;0.78;0.82;0.04;0.3156;0.3116;1
138;138;Agent_1;orders came from the seed rule base (rules as-is);0;0;R1[0.07] R2[0.11] R4[0.07] R6[0.06] R7[0.07] R8[0.06];0.41;0.64;0.46;0.79;0.70;0.78;0.82;0.04;0.3157;0.3117;1
139;139;Agent_1;orders came from the seed rule base (rules as-is);0;0;R1[0.07] R2[0.11] R4[0.07] R6[0.05] R7[0.07] R8[0.05];0.41;0.64;0.46;0.79;0.70;0.78;0.82;0.04;0.3158;0.3119;1
140;140;Agent_1;RL selected stage 2 [resolution increase] (deficit bucket: low) → rejected (cell already covered — an active rule sits on this antecedent cell; numeric tuning of an existing cell is stage ① evFIS's job | seed-base decision stands, its orders are applied);2;0;R1[0.07] R2[0.12] R4[0.07] R6[0.03] R7[0.07] R8[0.03];0.41;0.64;0.47;0.79;0.69;0.77;0.82;0.04;0.3159;0.3120;1
141;141;Agent_1;orders came from the seed rule base (rules as-is);0;0;R1[0.06] R2[0.12] R4[0.06] R6[0.02] R7[0.07] R8[0.02];0.41;0.64;0.47;0.79;0.69;0.77;0.82;0.04;0.3170;0.3122;1
142;142;Agent_1;orders came from the seed rule base (rules as-is);0;0;R1[0.06] R2[0.13] R4[0.06] R6[0.01] R7[0.07] R8[0.01];0.41;0.64;0.47;0.79;0.69;0.77;0.82;0.04;0.3162;0.3123;1
143;143;Agent_1;orders came from the seed rule base (rules as-is);0;0;R1[0.06] R2[0.13] R4[0.06] R7[0.07] R9[0.06] R10[0.10];0.41;0.63;0.48;0.79;0.69;0.77;0.82;0.04;0.3173;0.3124;1
144;144;Agent_1;orders came from the seed rule base (rules as-is);0;0;R1[0.05] R2[0.13] R4[0.05] R7[0.07] R9[0.05] R10[0.10];0.41;0.63;0.48;0.79;0.69;0.77;0.82;0.04;0.3180;0.3126;1
145;145;Agent_1;orders came from the seed rule base (rules as-is);0;0;R1[0.05] R2[0.14] R4[0.05] R7[0.07] R9[0.05] R10[0.10];0.41;0.63;0.48;0.79;0.69;0.77;0.82;0.04;0.3163;0.3127;1
146;146;Agent_1;orders came from the seed rule base (rules as-is);0;0;R1[0.05] R2[0.14] R4[0.05] R7[0.07] R9[0.05] R10[0.10];0.41;0.63;0.48;0.79;0.69;0.77;0.82;0.04;0.3168;0.3129;1
147;147;Agent_1;orders came from the seed rule base (rules as-is);0;0;R1[0.05] R2[0.14] R4[0.05] R7[0.07] R9[0.05] R10[0.10];0.41;0.63;0.48;0.79;0.69;0.77;0.82;0.04;0.3166;0.3130;1
148;148;Agent_1;orders came from the seed rule base (rules as-is);0;0;R1[0.05] R2[0.14] R4[0.05] R7[0.07] R9[0.05] R10[0.10];0.41;0.63;0.48;0.79;0.69;0.77;0.81;0.04;0.3168;0.3132;1
149;149;Agent_1;orders came from the seed rule base (rules as-is);0;0;R1[0.04] R2[0.14] R4[0.04] R7[0.07] R9[0.04] R10[0.09];0.41;0.63;0.48;0.79;0.69;0.77;0.81;0.04;0.3169;0.3133;1
150;150;Agent_1;RL selected stage 1 [evFIS] (deficit bucket: low) → rejected (no improving perturbation found | seed-base decision stands, its orders are applied);1;0;R1[0.04] R2[0.14] R4[0.04] R5[0.01] R7[0.07] R9[0.04];0.41;0.63;0.48;0.79;0.69;0.76;0.81;0.04;0.3170;0.3134;1
151;151;Agent_1;orders came from the seed rule base (rules as-is);0;0;R1[0.04] R2[0.14] R4[0.04] R5[0.02] R7[0.07] R9[0.04];0.41;0.63;0.48;0.79;0.69;0.76;0.81;0.04;0.3181;0.3136;1
152;152;Agent_1;orders came from the seed rule base (rules as-is);0;0;R1[0.04] R2[0.14] R4[0.04] R5[0.03] R7[0.07] R9[0.04];0.41;0.63;0.48;0.78;0.69;0.76;0.81;0.04;0.3174;0.3137;1
153;153;Agent_1;orders came from the seed rule base (rules as-is);0;0;R1[0.04] R2[0.14] R4[0.04] R5[0.04] R7[0.07] R9[0.04];0.41;0.63;0.48;0.78;0.69;0.76;0.81;0.04;0.3175;0.3139;1
154;154;Agent_1;orders came from the seed rule base (rules as-is);0;0;R1[0.04] R2[0.14] R4[0.04] R5[0.05] R7[0.07] R9[0.04];0.41;0.63;0.48;0.78;0.69;0.76;0.81;0.04;0.3177;0.3140;1
155;155;Agent_1;orders came from the seed rule base (rules as-is);0;0;R1[0.04] R2[0.13] R4[0.04] R5[0.06] R7[0.07] R9[0.04];0.41;0.63;0.48;0.78;0.69;0.76;0.81;0.04;0.3178;0.3142;1
156;156;Agent_1;orders came from the seed rule base (rules as-is);0;0;R1[0.04] R2[0.13] R4[0.04] R5[0.06] R7[0.07] R9[0.04];0.41;0.63;0.48;0.78;0.69;0.76;0.81;0.04;0.3180;0.3143;1
157;157;Agent_1;orders came from the seed rule base (rules as-is);0;0;R1[0.04] R2[0.13] R4[0.04] R5[0.07] R7[0.07] R9[0.04];0.41;0.63;0.48;0.78;0.69;0.75;0.81;0.04;0.3181;0.3144;1
158;158;Agent_1;orders came from the seed rule base (rules as-is);0;0;R1[0.04] R2[0.13] R4[0.04] R5[0.08] R7[0.07] R9[0.04];0.41;0.63;0.48;0.78;0.69;0.75;0.81;0.04;0.3183;0.3146;1
159;159;Agent_1;orders came from the seed rule base (rules as-is);0;0;R1[0.04] R2[0.12] R4[0.04] R5[0.08] R7[0.07] R9[0.04];0.41;0.63;0.48;0.78;0.69;0.75;0.81;0.04;0.3184;0.3147;1
160;160;Agent_1;RL selected stage 1 [evFIS] (deficit bucket: mid+gap) → rejected (no improving perturbation found | seed-base decision stands, its orders are applied);1;0;R1[0.04] R2[0.12] R4[0.04] R5[0.09] R7[0.07] R9[0.04];0.41;0.63;0.48;0.78;0.69;0.75;0.81;0.04;0.3186;0.3149;1
161;161;Agent_1;orders came from the seed rule base (rules as-is);0;0;R1[0.04] R2[0.12] R4[0.04] R5[0.10] R7[0.07] R9[0.04];0.41;0.63;0.48;0.77;0.69;0.75;0.81;0.04;0.3187;0.3150;1
162;162;Agent_1;orders came from the seed rule base (rules as-is);0;0;R1[0.03] R2[0.11] R4[0.03] R5[0.10] R7[0.07] R9[0.03];0.41;0.63;0.48;0.77;0.69;0.75;0.81;0.04;0.3189;0.3151;1
163;163;Agent_1;orders came from the seed rule base (rules as-is);0;0;R1[0.03] R2[0.11] R4[0.03] R5[0.11] R7[0.07] R9[0.03];0.41;0.63;0.48;0.77;0.69;0.75;0.81;0.04;0.3201;0.3153;1
164;164;Agent_1;orders came from the seed rule base (rules as-is);0;0;R1[0.03] R2[0.11] R4[0.03] R5[0.11] R7[0.07] R9[0.03];0.41;0.63;0.48;0.77;0.69;0.75;0.80;0.04;0.3192;0.3154;1
165;165;Agent_1;orders came from the seed rule base (rules as-is);0;0;R1[0.03] R2[0.10] R4[0.03] R5[0.10] R7[0.07] R9[0.03];0.40;0.63;0.48;0.77;0.69;0.75;0.80;0.04;0.3194;0.3155;1
166;166;Agent_1;orders came from the seed rule base (rules as-is);0;0;R1[0.03] R2[0.10] R4[0.03] R5[0.10] R7[0.07] R9[0.03];0.40;0.63;0.48;0.77;0.69;0.75;0.80;0.03;0.3195;0.3157;1
167;167;Agent_1;orders came from the seed rule base (rules as-is);0;0;R1[0.03] R2[0.10] R4[0.03] R5[0.10] R7[0.07] R9[0.03];0.40;0.63;0.48;0.77;0.69;0.75;0.80;0.03;0.3197;0.3158;1
168;168;Agent_1;orders came from the seed rule base (rules as-is);0;0;R1[0.03] R2[0.09] R4[0.03] R5[0.09] R7[0.07] R9[0.03];0.40;0.63;0.48;0.77;0.69;0.75;0.80;0.03;0.3198;0.3160;1
169;169;Agent_1;orders came from the seed rule base (rules as-is);0;0;R1[0.03] R2[0.09] R4[0.03] R5[0.09] R7[0.07] R9[0.03];0.40;0.63;0.48;0.77;0.69;0.74;0.80;0.03;0.3200;0.3161;1
170;170;Agent_1;RL selected stage 1 [evFIS] (deficit bucket: mid+gap) → ACCEPTED: R34 consequents +0.05;1;1;R1[0.03] R2[0.09] R4[0.03] R5[0.09] R7[0.07] R9[0.03];0.40;0.65;0.48;0.77;0.69;0.74;0.80;0.03;0.3200;0.3162;1
171;171;Agent_1;orders came from the seed rule base (rules as-is);0;0;R1[0.03] R2[0.08] R4[0.03] R5[0.08] R7[0.07] R9[0.03];0.40;0.65;0.48;0.76;0.69;0.74;0.79;0.03;0.3202;0.3164;1
172;172;Agent_1;orders came from the seed rule base (rules as-is);0;0;R1[0.03] R2[0.08] R4[0.03] R5[0.08] R7[0.07] R9[0.03];0.40;0.65;0.48;0.76;0.68;0.74;0.79;0.03;0.3205;0.3165;1
173;173;Agent_1;orders came from the seed rule base (rules as-is);0;0;R1[0.03] R2[0.08] R4[0.03] R5[0.08] R7[0.07] R9[0.03];0.40;0.65;0.48;0.76;0.68;0.74;0.79;0.03;0.3205;0.3166;1
174;174;Agent_1;orders came from the seed rule base (rules as-is);0;0;R1[0.03] R2[0.08] R4[0.03] R5[0.08] R7[0.07] R9[0.03];0.40;0.65;0.48;0.76;0.69;0.74;0.79;0.03;0.3206;0.3168;1
175;175;Agent_1;orders came from the seed rule base (rules as-is);0;0;R1[0.03] R2[0.07] R4[0.03] R5[0.07] R7[0.07] R9[0.03];0.40;0.65;0.48;0.76;0.68;0.74;0.79;0.03;0.3208;0.3169;1
176;176;Agent_1;orders came from the seed rule base (rules as-is);0;0;R1[0.03] R2[0.07] R4[0.03] R5[0.07] R7[0.07] R9[0.03];0.40;0.65;0.47;0.76;0.68;0.74;0.79;0.03;0.3211;0.3170;1
177;177;Agent_1;orders came from the seed rule base (rules as-is);0;0;R1[0.03] R2[0.07] R4[0.03] R5[0.07] R7[0.07] R9[0.03];0.40;0.65;0.47;0.76;0.68;0.74;0.79;0.03;0.3211;0.3171;1
178;178;Agent_1;orders came from the seed rule base (rules as-is);0;0;R1[0.03] R2[0.07] R4[0.03] R5[0.07] R7[0.07] R9[0.03];0.40;0.65;0.47;0.76;0.68;0.74;0.79;0.03;0.3212;0.3173;1
179;179;Agent_1;orders came from the seed rule base (rules as-is);0;0;R1[0.03] R2[0.07] R4[0.03] R5[0.07] R7[0.07] R9[0.03];0.40;0.66;0.47;0.76;0.68;0.74;0.79;0.03;0.3213;0.3174;1
180;180;Agent_1;RL selected stage 1 [evFIS] (deficit bucket: low) → rejected (no improving perturbation found | seed-base decision stands, its orders are applied);1;0;R1[0.03] R2[0.06] R4[0.03] R5[0.06] R7[0.07] R9[0.03];0.40;0.66;0.47;0.76;0.68;0.74;0.79;0.03;0.3215;0.3175;1
181;181;Agent_1;orders came from the seed rule base (rules as-is);0;0;R1[0.03] R2[0.06] R4[0.03] R5[0.06] R7[0.07] R9[0.03];0.40;0.66;0.47;0.76;0.68;0.74;0.79;0.03;0.3217;0.3176;1
182;182;Agent_1;orders came from the seed rule base (rules as-is);0;0;R1[0.03] R2[0.06] R4[0.03] R5[0.06] R7[0.07] R9[0.03];0.40;0.66;0.47;0.76;0.68;0.74;0.79;0.03;0.3217;0.3178;1
183;183;Agent_1;orders came from the seed rule base (rules as-is);0;0;R1[0.03] R2[0.06] R4[0.03] R5[0.06] R7[0.07] R9[0.03];0.40;0.66;0.47;0.76;0.68;0.73;0.79;0.03;0.3219;0.3179;1
184;184;Agent_1;orders came from the seed rule base (rules as-is);0;0;R1[0.03] R2[0.06] R4[0.03] R5[0.06] R7[0.07] R9[0.03];0.40;0.66;0.47;0.76;0.68;0.73;0.78;0.03;0.3220;0.3180;1
185;185;Agent_1;orders came from the seed rule base (rules as-is);0;0;R1[0.03] R2[0.06] R4[0.03] R5[0.06] R7[0.07] R9[0.03];0.39;0.66;0.47;0.76;0.68;0.73;0.78;0.03;0.3222;0.3181;1
186;186;Agent_1;orders came from the seed rule base (rules as-is);0;0;R1[0.03] R2[0.06] R4[0.03] R5[0.06] R7[0.07] R9[0.03];0.39;0.66;0.47;0.76;0.68;0.73;0.78;0.03;0.3228;0.3183;1
187;187;Agent_1;orders came from the seed rule base (rules as-is);0;0;R1[0.03] R2[0.05] R4[0.03] R5[0.05] R7[0.07] R9[0.03];0.39;0.66;0.47;0.76;0.68;0.73;0.78;0.03;0.3224;0.3183;1
188;188;Agent_1;orders came from the seed rule base (rules as-is);0;0;R1[0.03] R2[0.05] R4[0.03] R5[0.05] R7[0.07] R9[0.03];0.39;0.66;0.47;0.76;0.68;0.73;0.78;0.03;0.3225;0.3184;1
189;189;Agent_1;orders came from the seed rule base (rules as-is);0;0;R1[0.03] R2[0.05] R4[0.03] R5[0.05] R7[0.07] R9[0.03];0.39;0.66;0.47;0.76;0.68;0.73;0.78;0.03;0.3230;0.3186;1
190;190;Agent_1;RL selected stage 1 [evFIS] (deficit bucket: low) → rejected (no improving perturbation found | seed-base decision stands, its orders are applied);1;0;R1[0.03] R2[0.05] R4[0.03] R5[0.05] R7[0.07] R9[0.03];0.39;0.66;0.47;0.76;0.68;0.73;0.78;0.03;0.3231;0.3186;1
191;191;Agent_1;orders came from the seed rule base (rules as-is);0;0;R1[0.03] R2[0.05] R4[0.03] R5[0.05] R7[0.07] R9[0.03];0.39;0.66;0.47;0.76;0.68;0.73;0.78;0.03;0.3229;0.3188;1
192;192;Agent_1;orders came from the seed rule base (rules as-is);0;0;R1[0.03] R2[0.05] R4[0.03] R5[0.05] R7[0.07] R9[0.03];0.39;0.66;0.47;0.76;0.68;0.73;0.78;0.03;0.3230;0.3189;1
193;193;Agent_1;orders came from the seed rule base (rules as-is);0;0;R1[0.03] R2[0.05] R4[0.03] R5[0.05] R7[0.07] R9[0.03];0.39;0.67;0.47;0.75;0.68;0.73;0.78;0.03;0.3232;0.3190;1
194;194;Agent_1;orders came from the seed rule base (rules as-is);0;0;R1[0.03] R2[0.05] R4[0.03] R5[0.05] R7[0.07] R9[0.03];0.39;0.67;0.47;0.75;0.68;0.73;0.78;0.03;0.3234;0.3191;1
195;195;Agent_1;orders came from the seed rule base (rules as-is);0;0;R1[0.03] R2[0.05] R4[0.03] R5[0.05] R7[0.07] R9[0.03];0.39;0.67;0.47;0.75;0.68;0.73;0.78;0.03;0.3235;0.3192;1
196;196;Agent_1;orders came from the seed rule base (rules as-is);0;0;R1[0.03] R2[0.05] R4[0.03] R5[0.05] R7[0.07] R9[0.03];0.39;0.67;0.47;0.75;0.68;0.73;0.78;0.03;0.3248;0.3193;1
197;197;Agent_1;orders came from the seed rule base (rules as-is);0;0;R1[0.03] R2[0.05] R4[0.03] R5[0.05] R7[0.07] R9[0.03];0.39;0.67;0.47;0.75;0.68;0.73;0.78;0.03;0.3239;0.3194;1
198;198;Agent_1;orders came from the seed rule base (rules as-is);0;0;R1[0.03] R2[0.04] R4[0.03] R5[0.04] R7[0.07] R9[0.03];0.38;0.67;0.47;0.75;0.68;0.73;0.78;0.03;0.3247;0.3195;1
199;199;Agent_1;orders came from the seed rule base (rules as-is);0;0;R1[0.03] R2[0.04] R4[0.03] R5[0.04] R7[0.07] R9[0.03];0.38;0.67;0.47;0.75;0.68;0.73;0.78;0.03;0.3242;0.3197;1
200;200;Agent_1;RL selected stage 1 [evFIS] (deficit bucket: high+gap) → rejected (no improving perturbation found | seed-base decision stands, its orders are applied);1;0;R1[0.03] R2[0.04] R4[0.03] R5[0.04] R7[0.07] R9[0.03];0.38;0.67;0.47;0.75;0.68;0.73;0.78;0.03;0.3243;0.3198;1
201;201;Agent_1;orders came from the seed rule base (rules as-is);0;0;R1[0.03] R2[0.04] R4[0.03] R5[0.04] R7[0.07] R9[0.03];0.38;0.67;0.47;0.75;0.68;0.73;0.78;0.03;0.3246;0.3200;1
202;202;Agent_1;orders came from the seed rule base (rules as-is);0;0;R1[0.03] R2[0.04] R4[0.03] R5[0.04] R7[0.07] R9[0.03];0.38;0.67;0.47;0.75;0.67;0.73;0.78;0.03;0.3246;0.3200;1
203;203;Agent_1;orders came from the seed rule base (rules as-is);0;0;R1[0.03] R2[0.04] R4[0.03] R5[0.04] R7[0.07] R9[0.03];0.37;0.67;0.47;0.75;0.67;0.73;0.78;0.03;0.3248;0.3201;1
204;204;Agent_1;orders came from the seed rule base (rules as-is);0;0;R1[0.03] R2[0.04] R4[0.03] R5[0.04] R7[0.07] R9[0.03];0.37;0.67;0.47;0.75;0.68;0.73;0.78;0.03;0.3249;0.3202;1
205;205;Agent_1;orders came from the seed rule base (rules as-is);0;0;R1[0.03] R2[0.04] R4[0.03] R5[0.04] R7[0.07] R9[0.03];0.37;0.67;0.47;0.75;0.67;0.72;0.78;0.03;0.3250;0.3204;1
206;206;Agent_1;orders came from the seed rule base (rules as-is);0;0;R1[0.03] R2[0.04] R4[0.03] R5[0.04] R7[0.07] R9[0.03];0.37;0.67;0.47;0.75;0.67;0.72;0.78;0.03;0.3252;0.3205;1
207;207;Agent_1;orders came from the seed rule base (rules as-is);0;0;R1[0.03] R2[0.04] R4[0.03] R5[0.04] R7[0.07] R9[0.03];0.37;0.67;0.46;0.75;0.67;0.72;0.78;0.03;0.3253;0.3206;1
208;208;Agent_1;orders came from the seed rule base (rules as-is);0;0;R1[0.03] R2[0.04] R4[0.03] R5[0.04] R7[0.07] R9[0.03];0.36;0.67;0.46;0.75;0.67;0.72;0.78;0.03;0.3256;0.3207;1
209;209;Agent_1;orders came from the seed rule base (rules as-is);0;0;R1[0.03] R2[0.04] R4[0.03] R5[0.04] R7[0.07] R9[0.03];0.36;0.67;0.46;0.75;0.67;0.72;0.78;0.02;0.3255;0.3209;1
210;210;Agent_1;RL selected stage 1 [evFIS] (deficit bucket: low) → rejected (no improving perturbation found | seed-base decision stands, its orders are applied);1;0;R1[0.03] R2[0.04] R4[0.03] R5[0.04] R7[0.07] R9[0.03];0.36;0.67;0.46;0.75;0.67;0.72;0.78;0.02;0.3256;0.3210;1
211;211;Agent_1;orders came from the seed rule base (rules as-is);0;0;R1[0.03] R2[0.04] R4[0.03] R5[0.04] R7[0.07] R9[0.03];0.36;0.67;0.46;0.75;0.67;0.72;0.78;0.02;0.3260;0.3210;1
212;212;Agent_1;orders came from the seed rule base (rules as-is);0;0;R1[0.02] R2[0.04] R4[0.02] R5[0.04] R7[0.07] R9[0.02];0.36;0.67;0.46;0.75;0.67;0.72;0.78;0.02;0.3261;0.3212;1
213;213;Agent_1;orders came from the seed rule base (rules as-is);0;0;R1[0.02] R2[0.04] R4[0.02] R5[0.04] R7[0.07] R9[0.02];0.36;0.67;0.46;0.75;0.67;0.72;0.78;0.02;0.3260;0.3213;1
214;214;Agent_1;orders came from the seed rule base (rules as-is);0;0;R1[0.02] R2[0.04] R4[0.02] R5[0.04] R7[0.07] R9[0.02];0.35;0.67;0.46;0.75;0.67;0.72;0.78;0.02;0.3262;0.3214;1
215;215;Agent_1;orders came from the seed rule base (rules as-is);0;0;R1[0.02] R2[0.04] R4[0.02] R5[0.04] R7[0.07] R9[0.02];0.35;0.67;0.46;0.75;0.67;0.72;0.78;0.02;0.3263;0.3215;1
216;216;Agent_1;orders came from the seed rule base (rules as-is);0;0;R1[0.02] R2[0.04] R4[0.02] R5[0.04] R7[0.07] R9[0.02];0.35;0.67;0.46;0.75;0.67;0.72;0.78;0.02;0.3265;0.3216;1
217;217;Agent_1;orders came from the seed rule base (rules as-is);0;0;R1[0.02] R2[0.04] R4[0.02] R5[0.04] R7[0.07] R9[0.02];0.35;0.67;0.46;0.75;0.67;0.72;0.78;0.02;0.3266;0.3217;1
218;218;Agent_1;orders came from the seed rule base (rules as-is);0;0;R1[0.02] R2[0.04] R4[0.02] R5[0.04] R7[0.07] R9[0.02];0.35;0.67;0.46;0.75;0.67;0.72;0.78;0.02;0.3267;0.3218;1
219;219;Agent_1;orders came from the seed rule base (rules as-is);0;0;R1[0.02] R2[0.04] R4[0.02] R5[0.04] R7[0.07] R9[0.02];0.35;0.67;0.46;0.75;0.67;0.72;0.78;0.02;0.3268;0.3219;1
220;220;Agent_1;RL selected stage 1 [evFIS] (deficit bucket: mid+gap) → rejected (no improving perturbation found | seed-base decision stands, its orders are applied);1;0;R1[0.02] R2[0.04] R4[0.02] R5[0.04] R7[0.07] R9[0.02];0.34;0.67;0.46;0.75;0.67;0.72;0.78;0.02;0.3270;0.3221;1
221;221;Agent_1;orders came from the seed rule base (rules as-is);0;0;R1[0.02] R2[0.04] R4[0.02] R5[0.04] R7[0.07] R9[0.02];0.34;0.67;0.46;0.75;0.67;0.72;0.78;0.02;0.3271;0.3222;1
222;222;Agent_1;orders came from the seed rule base (rules as-is);0;0;R1[0.02] R2[0.04] R4[0.02] R5[0.04] R7[0.07] R9[0.02];0.34;0.68;0.46;0.75;0.67;0.72;0.78;0.02;0.3272;0.3223;1
223;223;Agent_1;orders came from the seed rule base (rules as-is);0;0;R1[0.02] R2[0.04] R4[0.02] R5[0.04] R7[0.07] R9[0.02];0.34;0.68;0.46;0.75;0.67;0.72;0.78;0.02;0.3274;0.3224;1
224;224;Agent_1;orders came from the seed rule base (rules as-is);0;0;R1[0.02] R2[0.04] R4[0.02] R5[0.04] R7[0.07] R9[0.02];0.34;0.68;0.46;0.75;0.67;0.72;0.78;0.02;0.3275;0.3225;1
225;225;Agent_1;orders came from the seed rule base (rules as-is);0;0;R1[0.02] R2[0.04] R4[0.02] R5[0.04] R7[0.07] R9[0.02];0.34;0.68;0.46;0.75;0.67;0.72;0.78;0.02;0.3277;0.3226;1
226;226;Agent_1;orders came from the seed rule base (rules as-is);0;0;R1[0.02] R2[0.04] R4[0.02] R5[0.04] R7[0.07] R9[0.02];0.34;0.68;0.46;0.75;0.67;0.72;0.78;0.02;0.3278;0.3227;1
227;227;Agent_1;orders came from the seed rule base (rules as-is);0;0;R1[0.02] R2[0.04] R4[0.02] R5[0.04] R7[0.07] R9[0.02];0.33;0.68;0.46;0.75;0.66;0.72;0.77;0.02;0.3279;0.3228;1
228;228;Agent_1;orders came from the seed rule base (rules as-is);0;0;R1[0.02] R2[0.04] R4[0.02] R5[0.04] R7[0.07] R9[0.02];0.33;0.68;0.46;0.75;0.66;0.72;0.77;0.02;0.3281;0.3229;1
229;229;Agent_1;orders came from the seed rule base (rules as-is);0;0;R1[0.02] R2[0.04] R4[0.02] R5[0.04] R7[0.07] R9[0.02];0.33;0.68;0.46;0.75;0.66;0.71;0.77;0.02;0.3281;0.3230;1
230;230;Agent_1;RL selected stage 1 [evFIS] (deficit bucket: mid+gap) → rejected (no improving perturbation found | seed-base decision stands, its orders are applied);1;0;R1[0.02] R2[0.03] R4[0.02] R5[0.03] R7[0.07] R9[0.02];0.33;0.68;0.46;0.75;0.66;0.71;0.77;0.02;0.3283;0.3231;1
231;231;Agent_1;orders came from the seed rule base (rules as-is);0;0;R1[0.02] R2[0.03] R4[0.02] R5[0.03] R7[0.07] R9[0.02];0.33;0.68;0.46;0.75;0.66;0.71;0.77;0.02;0.3284;0.3231;1
232;232;Agent_1;orders came from the seed rule base (rules as-is);0;0;R1[0.02] R2[0.03] R4[0.02] R5[0.03] R7[0.07] R9[0.02];0.33;0.68;0.46;0.75;0.66;0.71;0.77;0.02;0.3285;0.3232;1
233;233;Agent_1;orders came from the seed rule base (rules as-is);0;0;R1[0.02] R2[0.03] R4[0.02] R5[0.03] R7[0.07] R9[0.02];0.33;0.68;0.46;0.75;0.66;0.71;0.77;0.02;0.3286;0.3233;1
234;234;Agent_1;orders came from the seed rule base (rules as-is);0;0;R1[0.02] R2[0.03] R4[0.02] R5[0.03] R7[0.07] R9[0.02];0.32;0.68;0.46;0.75;0.66;0.71;0.77;0.02;0.3290;0.3234;1
235;235;Agent_1;orders came from the seed rule base (rules as-is);0;0;R1[0.02] R2[0.03] R4[0.02] R5[0.03] R7[0.07] R9[0.02];0.32;0.68;0.46;0.75;0.66;0.71;0.77;0.02;0.3289;0.3235;1
236;236;Agent_1;orders came from the seed rule base (rules as-is);0;0;R1[0.02] R2[0.03] R4[0.02] R5[0.03] R7[0.07] R9[0.02];0.32;0.68;0.46;0.75;0.66;0.71;0.77;0.02;0.3289;0.3236;1
237;237;Agent_1;orders came from the seed rule base (rules as-is);0;0;R1[0.02] R2[0.04] R4[0.02] R6[0.04] R7[0.07] R8[0.02];0.34;0.68;0.48;0.78;0.65;0.74;0.76;0.02;0.3305;0.3244;1
238;238;Agent_1;orders came from the seed rule base (rules as-is);0;0;R1[0.03] R2[0.04] R4[0.03] R6[0.04] R7[0.07] R8[0.03];0.35;0.68;0.48;0.78;0.65;0.74;0.76;0.02;0.3302;0.3245;1
239;239;Agent_1;orders came from the seed rule base (rules as-is);0;0;R1[0.03] R2[0.04] R4[0.03] R6[0.04] R7[0.07] R8[0.03];0.36;0.68;0.48;0.78;0.66;0.74;0.76;0.02;0.3303;0.3247;1
240;240;Agent_1;RL selected stage 1 [evFIS] (deficit bucket: mid+gap) → rejected (no improving perturbation found | seed-base decision stands, its orders are applied);1;0;R1[0.03] R2[0.05] R4[0.03] R6[0.05] R7[0.07] R8[0.03];0.37;0.68;0.48;0.78;0.66;0.74;0.76;0.02;0.3304;0.3248;1
241;241;Agent_1;orders came from the seed rule base (rules as-is);0;0;R1[0.03] R2[0.05] R4[0.03] R6[0.05] R7[0.07] R8[0.03];0.38;0.68;0.48;0.78;0.66;0.74;0.75;0.02;0.3305;0.3249;1
242;242;Agent_1;orders came from the seed rule base (rules as-is);0;0;R1[0.03] R2[0.05] R4[0.03] R6[0.05] R7[0.07] R8[0.03];0.39;0.68;0.48;0.78;0.66;0.74;0.75;0.02;0.3306;0.3250;1
243;243;Agent_1;orders came from the seed rule base (rules as-is);0;0;R1[0.03] R2[0.05] R4[0.03] R6[0.05] R7[0.07] R8[0.03];0.39;0.68;0.48;0.78;0.66;0.74;0.75;0.02;0.3306;0.3251;1
244;244;Agent_1;orders came from the seed rule base (rules as-is);0;0;R1[0.03] R2[0.05] R4[0.03] R6[0.05] R7[0.07] R8[0.03];0.40;0.68;0.48;0.78;0.66;0.74;0.75;0.02;0.3304;0.3252;1
245;245;Agent_1;orders came from the seed rule base (rules as-is);0;0;R1[0.03] R2[0.05] R4[0.03] R6[0.05] R7[0.07] R8[0.03];0.40;0.68;0.48;0.78;0.66;0.74;0.75;0.02;0.3305;0.3253;1
246;246;Agent_1;orders came from the seed rule base (rules as-is);0;0;R1[0.04] R2[0.06] R4[0.04] R6[0.06] R7[0.07] R8[0.04];0.40;0.68;0.48;0.78;0.66;0.74;0.75;0.02;0.3304;0.3254;1
247;247;Agent_1;orders came from the seed rule base (rules as-is);0;0;R1[0.04] R2[0.06] R4[0.04] R6[0.06] R7[0.07] R8[0.04];0.41;0.68;0.48;0.78;0.66;0.74;0.75;0.02;0.3305;0.3256;1
248;248;Agent_1;orders came from the seed rule base (rules as-is);0;0;R1[0.04] R2[0.06] R4[0.04] R6[0.06] R7[0.07] R8[0.04];0.41;0.68;0.48;0.78;0.66;0.74;0.75;0.02;0.3306;0.3257;1
249;249;Agent_1;orders came from the seed rule base (rules as-is);0;0;R1[0.04] R2[0.06] R4[0.04] R6[0.06] R7[0.07] R8[0.04];0.41;0.68;0.48;0.78;0.66;0.74;0.75;0.02;0.3308;0.3258;1
250;250;Agent_1;RL selected stage 1 [evFIS] (deficit bucket: mid+gap) → ACCEPTED: R34 consequents +0.05;1;1;R1[0.04] R2[0.06] R4[0.04] R6[0.06] R7[0.07] R8[0.04];0.41;0.70;0.46;0.77;0.66;0.74;0.74;0.02;0.3307;0.3259;1
251;251;Agent_1;orders came from the seed rule base (rules as-is);0;0;R1[0.04] R2[0.06] R4[0.04] R6[0.06] R7[0.07] R8[0.04];0.41;0.70;0.46;0.77;0.66;0.74;0.74;0.02;0.3314;0.3260;1
252;252;Agent_1;orders came from the seed rule base (rules as-is);0;0;R1[0.04] R2[0.06] R4[0.04] R6[0.06] R7[0.07] R8[0.04];0.41;0.70;0.46;0.77;0.66;0.74;0.74;0.02;0.3310;0.3261;1
253;253;Agent_1;orders came from the seed rule base (rules as-is);0;0;R1[0.04] R2[0.06] R4[0.04] R6[0.06] R7[0.07] R8[0.04];0.41;0.70;0.46;0.77;0.66;0.74;0.74;0.02;0.3313;0.3262;1
254;254;Agent_1;orders came from the seed rule base (rules as-is);0;0;R1[0.04] R2[0.06] R4[0.04] R6[0.05] R7[0.07] R8[0.04];0.41;0.70;0.46;0.77;0.66;0.74;0.74;0.02;0.3315;0.3264;1
255;255;Agent_1;orders came from the seed rule base (rules as-is);0;0;R1[0.04] R2[0.06] R4[0.04] R6[0.05] R7[0.07] R8[0.04];0.41;0.70;0.46;0.77;0.66;0.74;0.74;0.02;0.3316;0.3265;1
256;256;Agent_1;orders came from the seed rule base (rules as-is);0;0;R1[0.03] R2[0.06] R4[0.03] R6[0.04] R7[0.07] R8[0.03];0.40;0.70;0.46;0.77;0.66;0.74;0.74;0.02;0.3315;0.3266;1
257;257;Agent_1;orders came from the seed rule base (rules as-is);0;0;R1[0.03] R2[0.06] R4[0.03] R6[0.03] R7[0.07] R8[0.03];0.40;0.70;0.46;0.77;0.66;0.74;0.74;0.02;0.3316;0.3267;1
258;258;Agent_1;orders came from the seed rule base (rules as-is);0;0;R1[0.03] R2[0.06] R4[0.03] R6[0.02] R7[0.07] R8[0.02];0.39;0.70;0.46;0.77;0.66;0.74;0.74;0.02;0.3318;0.3268;1
259;259;Agent_1;orders came from the seed rule base (rules as-is);0;0;R1[0.03] R2[0.06] R4[0.03] R6[0.02] R7[0.07] R8[0.02];0.38;0.70;0.45;0.77;0.66;0.74;0.74;0.02;0.3319;0.3269;1
260;260;Agent_1;RL selected stage 1 [evFIS] (deficit bucket: low) → rejected (no improving perturbation found | seed-base decision stands, its orders are applied);1;0;R1[0.03] R2[0.07] R4[0.03] R7[0.07] R9[0.03] R10[0.04];0.38;0.70;0.44;0.77;0.65;0.74;0.74;0.02;0.3320;0.3270;1
261;261;Agent_1;orders came from the seed rule base (rules as-is);0;0;R1[0.03] R2[0.07] R4[0.03] R7[0.07] R9[0.03] R10[0.04];0.37;0.70;0.43;0.77;0.65;0.73;0.75;0.02;0.3321;0.3271;1
262;262;Agent_1;orders came from the seed rule base (rules as-is);0;0;R1[0.03] R2[0.07] R4[0.03] R7[0.07] R9[0.03] R10[0.04];0.37;0.70;0.43;0.77;0.65;0.73;0.75;0.02;0.3324;0.3273;1
263;263;Agent_1;orders came from the seed rule base (rules as-is);0;0;R1[0.03] R2[0.07] R4[0.03] R7[0.07] R9[0.03] R10[0.04];0.37;0.70;0.43;0.77;0.65;0.73;0.75;0.02;0.3323;0.3274;1
264;264;Agent_1;orders came from the seed rule base (rules as-is);0;0;R1[0.03] R2[0.07] R4[0.03] R7[0.07] R9[0.03] R10[0.04];0.36;0.70;0.43;0.77;0.65;0.73;0.75;0.02;0.3324;0.3275;1
265;265;Agent_1;orders came from the seed rule base (rules as-is);0;0;R1[0.02] R2[0.07] R4[0.02] R7[0.07] R9[0.02] R10[0.04];0.36;0.70;0.43;0.77;0.65;0.73;0.75;0.02;0.3328;0.3276;1
266;266;Agent_1;orders came from the seed rule base (rules as-is);0;0;R1[0.02] R2[0.07] R4[0.02] R7[0.07] R9[0.02] R10[0.04];0.36;0.70;0.43;0.77;0.65;0.73;0.75;0.02;0.3327;0.3277;1
267;267;Agent_1;orders came from the seed rule base (rules as-is);0;0;R1[0.02] R2[0.07] R4[0.02] R7[0.07] R9[0.02] R10[0.04];0.36;0.70;0.43;0.77;0.65;0.73;0.75;0.02;0.3328;0.3278;1
268;268;Agent_1;orders came from the seed rule base (rules as-is);0;0;R1[0.02] R2[0.07] R4[0.02] R7[0.07] R9[0.02] R10[0.04];0.36;0.70;0.43;0.77;0.65;0.73;0.75;0.02;0.3329;0.3279;1
269;269;Agent_1;orders came from the seed rule base (rules as-is);0;0;R1[0.02] R2[0.07] R4[0.02] R7[0.07] R9[0.02] R10[0.04];0.35;0.70;0.43;0.77;0.65;0.73;0.75;0.02;0.3331;0.3280;1
270;270;Agent_1;RL selected stage 1 [evFIS] (deficit bucket: mid+gap) → ACCEPTED: R34 consequents +0.05;1;1;R1[0.02] R2[0.07] R4[0.02] R7[0.07] R9[0.02] R10[0.03];0.35;0.72;0.43;0.77;0.65;0.73;0.74;0.02;0.3331;0.3281;1
271;271;Agent_1;orders came from the seed rule base (rules as-is);0;0;R1[0.02] R2[0.07] R4[0.02] R7[0.07] R9[0.02] R10[0.03];0.35;0.72;0.42;0.77;0.65;0.73;0.74;0.02;0.3334;0.3283;1
272;272;Agent_1;orders came from the seed rule base (rules as-is);0;0;R1[0.02] R2[0.07] R4[0.02] R7[0.07] R9[0.02] R10[0.03];0.35;0.72;0.42;0.77;0.65;0.73;0.74;0.02;0.3333;0.3284;1
273;273;Agent_1;orders came from the seed rule base (rules as-is);0;0;R1[0.02] R2[0.07] R4[0.02] R7[0.07] R9[0.02] R10[0.03];0.35;0.72;0.42;0.77;0.65;0.73;0.74;0.02;0.3335;0.3285;1
274;274;Agent_1;orders came from the seed rule base (rules as-is);0;0;R1[0.02] R2[0.07] R4[0.02] R7[0.07] R9[0.02] R10[0.03];0.35;0.72;0.42;0.77;0.65;0.73;0.74;0.02;0.3336;0.3286;1
275;275;Agent_1;orders came from the seed rule base (rules as-is);0;0;R1[0.02] R2[0.07] R4[0.02] R5[0.01] R7[0.07] R9[0.02];0.35;0.72;0.42;0.76;0.65;0.73;0.74;0.02;0.3338;0.3287;1
276;276;Agent_1;orders came from the seed rule base (rules as-is);0;0;R1[0.02] R2[0.07] R4[0.02] R5[0.02] R7[0.07] R9[0.02];0.35;0.72;0.42;0.76;0.65;0.73;0.74;0.01;0.3337;0.3288;1
277;277;Agent_1;orders came from the seed rule base (rules as-is);0;0;R1[0.02] R2[0.07] R4[0.02] R5[0.02] R7[0.07] R9[0.02];0.35;0.72;0.42;0.76;0.65;0.73;0.74;0.01;0.3339;0.3289;1
278;278;Agent_1;orders came from the seed rule base (rules as-is);0;0;R1[0.02] R2[0.07] R4[0.02] R5[0.03] R7[0.07] R9[0.02];0.34;0.72;0.42;0.76;0.65;0.72;0.74;0.01;0.3340;0.3290;1
279;279;Agent_1;orders came from the seed rule base (rules as-is);0;0;R1[0.02] R2[0.07] R4[0.02] R5[0.03] R7[0.07] R9[0.02];0.34;0.72;0.42;0.76;0.65;0.72;0.74;0.01;0.3341;0.3291;1
280;280;Agent_1;RL selected stage 1 [evFIS] (deficit bucket: mid+gap) → ACCEPTED: R30 consequents -0.05;1;1;R1[0.02] R2[0.07] R4[0.02] R5[0.03] R7[0.07] R9[0.02];0.34;0.72;0.40;0.75;0.65;0.72;0.74;0.01;0.3343;0.3292;1
281;281;Agent_1;orders came from the seed rule base (rules as-is);0;0;R1[0.02] R2[0.06] R4[0.02] R5[0.04] R7[0.07] R9[0.02];0.34;0.72;0.40;0.75;0.65;0.72;0.74;0.01;0.3343;0.3294;1
282;282;Agent_1;orders came from the seed rule base (rules as-is);0;0;R1[0.02] R2[0.06] R4[0.02] R5[0.04] R7[0.07] R9[0.02];0.34;0.72;0.40;0.75;0.65;0.72;0.74;0.01;0.3344;0.3295;1
283;283;Agent_1;orders came from the seed rule base (rules as-is);0;0;R1[0.02] R2[0.06] R4[0.02] R5[0.04] R7[0.07] R9[0.02];0.34;0.72;0.40;0.74;0.65;0.72;0.74;0.01;0.3345;0.3296;1
284;284;Agent_1;orders came from the seed rule base (rules as-is);0;0;R1[0.02] R2[0.06] R4[0.02] R5[0.04] R7[0.07] R9[0.02];0.34;0.72;0.40;0.74;0.65;0.72;0.74;0.01;0.3348;0.3297;1
285;285;Agent_1;orders came from the seed rule base (rules as-is);0;0;R1[0.02] R2[0.06] R4[0.02] R5[0.05] R7[0.07] R9[0.02];0.34;0.72;0.40;0.74;0.65;0.72;0.74;0.01;0.3348;0.3298;1
286;286;Agent_1;orders came from the seed rule base (rules as-is);0;0;R1[0.02] R2[0.06] R4[0.02] R5[0.05] R7[0.07] R9[0.02];0.33;0.72;0.39;0.74;0.65;0.72;0.74;0.01;0.3349;0.3299;1
287;287;Agent_1;orders came from the seed rule base (rules as-is);0;0;R1[0.02] R2[0.06] R4[0.02] R5[0.05] R7[0.07] R9[0.02];0.33;0.72;0.39;0.74;0.65;0.72;0.74;0.01;0.3350;0.3300;1
288;288;Agent_1;orders came from the seed rule base (rules as-is);0;0;R1[0.02] R2[0.06] R4[0.02] R5[0.05] R7[0.07] R9[0.02];0.33;0.72;0.39;0.74;0.65;0.72;0.74;0.01;0.3351;0.3301;1
289;289;Agent_1;orders came from the seed rule base (rules as-is);0;0;R1[0.02] R2[0.06] R4[0.02] R5[0.06] R7[0.07] R9[0.02];0.33;0.72;0.39;0.74;0.65;0.72;0.74;0.01;0.3352;0.3302;1
290;290;Agent_1;RL selected stage 1 [evFIS] (deficit bucket: low) → rejected (no improving perturbation found | seed-base decision stands, its orders are applied);1;0;R1[0.02] R2[0.06] R4[0.02] R5[0.06] R7[0.07] R9[0.02];0.33;0.72;0.39;0.74;0.65;0.72;0.74;0.01;0.3354;0.3303;1
291;291;Agent_1;orders came from the seed rule base (rules as-is);0;0;R1[0.02] R2[0.06] R4[0.02] R5[0.06] R7[0.07] R9[0.02];0.33;0.72;0.39;0.74;0.64;0.72;0.74;0.01;0.3355;0.3304;1
292;292;Agent_1;orders came from the seed rule base (rules as-is);0;0;R1[0.02] R2[0.05] R4[0.02] R5[0.05] R7[0.07] R9[0.02];0.32;0.72;0.39;0.74;0.65;0.72;0.74;0.01;0.3356;0.3305;1
293;293;Agent_1;orders came from the seed rule base (rules as-is);0;0;R1[0.01] R2[0.05] R4[0.01] R5[0.05] R7[0.07] R9[0.01];0.32;0.72;0.39;0.74;0.64;0.71;0.74;0.01;0.3357;0.3306;1
294;294;Agent_1;orders came from the seed rule base (rules as-is);0;0;R1[0.01] R2[0.05] R4[0.01] R5[0.05] R7[0.07] R9[0.01];0.32;0.72;0.39;0.74;0.64;0.71;0.74;0.01;0.3358;0.3307;1
295;295;Agent_1;orders came from the seed rule base (rules as-is);0;0;R1[0.01] R2[0.05] R4[0.01] R5[0.05] R7[0.07] R9[0.01];0.31;0.72;0.39;0.74;0.64;0.71;0.74;0.01;0.3360;0.3308;1
296;296;Agent_1;orders came from the seed rule base (rules as-is);0;0;R1[0.01] R2[0.05] R4[0.01] R5[0.05] R7[0.07] R9[0.01];0.31;0.72;0.39;0.74;0.64;0.71;0.74;0.01;0.3361;0.3309;1
297;297;Agent_1;orders came from the seed rule base (rules as-is);0;0;R1[0.01] R2[0.05] R4[0.01] R5[0.05] R7[0.07] R9[0.01];0.31;0.72;0.39;0.74;0.64;0.71;0.74;0.01;0.3362;0.3310;1
298;298;Agent_1;orders came from the seed rule base (rules as-is);0;0;R1[0.01] R2[0.05] R4[0.01] R5[0.05] R7[0.07] R9[0.01];0.31;0.72;0.39;0.74;0.64;0.71;0.74;0.01;0.3363;0.3311;1
299;299;Agent_1;orders came from the seed rule base (rules as-is);0;0;R1[0.01] R2[0.05] R4[0.01] R5[0.05] R7[0.07] R9[0.01];0.31;0.72;0.39;0.74;0.64;0.71;0.74;0.01;0.3364;0.3312;1
300;300;Agent_1;RL selected stage 1 [evFIS] (deficit bucket: low) → rejected (no improving perturbation found | seed-base decision stands, its orders are applied);1;0;R1[0.01] R2[0.05] R4[0.01] R5[0.05] R7[0.07] R9[0.01];0.30;0.73;0.39;0.74;0.64;0.71;0.74;0.01;0.3365;0.3313;1
301;301;Agent_1;orders came from the seed rule base (rules as-is);0;0;R1[0.01] R2[0.05] R4[0.01] R5[0.05] R7[0.07] R9[0.01];0.30;0.73;0.39;0.74;0.64;0.71;0.74;0.01;0.3366;0.3314;1
302;302;Agent_1;orders came from the seed rule base (rules as-is);0;0;R1[0.01] R2[0.05] R4[0.01] R5[0.05] R7[0.07] R9[0.01];0.30;0.73;0.39;0.74;0.64;0.71;0.74;0.01;0.3367;0.3315;1
303;303;Agent_1;orders came from the seed rule base (rules as-is);0;0;R1[0.01] R2[0.05] R4[0.01] R5[0.05] R7[0.07] R9[0.01];0.30;0.73;0.39;0.74;0.64;0.71;0.74;0.01;0.3368;0.3316;1
304;304;Agent_1;orders came from the seed rule base (rules as-is);0;0;R1[0.01] R2[0.05] R4[0.01] R5[0.05] R7[0.07] R9[0.01];0.29;0.73;0.39;0.74;0.64;0.71;0.74;0.01;0.3369;0.3317;1
305;305;Agent_1;orders came from the seed rule base (rules as-is);0;0;R1[0.01] R2[0.05] R4[0.01] R5[0.05] R7[0.07] R9[0.01];0.29;0.73;0.39;0.74;0.64;0.71;0.74;0.01;0.3370;0.3317;1
306;306;Agent_1;orders came from the seed rule base (rules as-is);0;0;R1[0.01] R2[0.04] R4[0.01] R5[0.04] R7[0.07] R9[0.01];0.29;0.73;0.39;0.74;0.64;0.71;0.74;0.01;0.3371;0.3318;1
307;307;Agent_1;orders came from the seed rule base (rules as-is);0;0;R1[0.01] R2[0.04] R4[0.01] R5[0.04] R7[0.07] R9[0.01];0.29;0.73;0.39;0.74;0.64;0.71;0.74;0.01;0.3372;0.3319;1
308;308;Agent_1;orders came from the seed rule base (rules as-is);0;0;R1[0.01] R2[0.04] R4[0.01] R5[0.04] R7[0.07] R9[0.01];0.29;0.73;0.39;0.74;0.64;0.71;0.74;0.01;0.3373;0.3320;1
309;309;Agent_1;orders came from the seed rule base (rules as-is);0;0;R1[0.01] R2[0.04] R4[0.01] R5[0.04] R7[0.07] R9[0.01];0.28;0.73;0.39;0.74;0.64;0.71;0.74;0.01;0.3374;0.3321;1
310;310;Agent_1;RL selected stage 1 [evFIS] (deficit bucket: low) → rejected (no improving perturbation found | seed-base decision stands, its orders are applied);1;0;R1[0.01] R2[0.04] R4[0.01] R5[0.04] R7[0.07] R9[0.01];0.28;0.73;0.39;0.73;0.64;0.71;0.74;0.01;0.3376;0.3322;1
311;311;Agent_1;orders came from the seed rule base (rules as-is);0;0;R1[0.01] R2[0.04] R4[0.01] R5[0.04] R7[0.07] R9[0.01];0.28;0.73;0.39;0.73;0.64;0.71;0.74;0.01;0.3376;0.3323;1
312;312;Agent_1;orders came from the seed rule base (rules as-is);0;0;R1[0.01] R2[0.04] R4[0.01] R5[0.04] R7[0.07] R9[0.01];0.28;0.73;0.39;0.73;0.64;0.71;0.74;0.01;0.3378;0.3324;1
313;313;Agent_1;orders came from the seed rule base (rules as-is);0;0;R1[0.01] R2[0.04] R4[0.01] R5[0.04] R7[0.07] R9[0.01];0.28;0.74;0.39;0.73;0.64;0.71;0.74;0.01;0.3378;0.3325;1
314;314;Agent_1;orders came from the seed rule base (rules as-is);0;0;R1[0.01] R2[0.04] R4[0.01] R5[0.04] R7[0.07] R9[0.01];0.27;0.74;0.39;0.73;0.64;0.71;0.74;0.01;0.3379;0.3325;1
315;315;Agent_1;orders came from the seed rule base (rules as-is);0;0;R1[0.01] R2[0.04] R4[0.01] R5[0.04] R7[0.07] R9[0.01];0.27;0.74;0.39;0.73;0.64;0.70;0.74;0.01;0.3380;0.3326;1
316;316;Agent_1;orders came from the seed rule base (rules as-is);0;0;R1[0.01] R2[0.04] R4[0.01] R5[0.04] R7[0.07] R9[0.01];0.27;0.74;0.39;0.73;0.64;0.70;0.74;0.01;0.3382;0.3327;1
317;317;Agent_1;orders came from the seed rule base (rules as-is);0;0;R1[0.01] R2[0.04] R4[0.01] R5[0.04] R7[0.07] R9[0.01];0.27;0.74;0.39;0.73;0.64;0.70;0.74;0.01;0.3384;0.3328;1
318;318;Agent_1;orders came from the seed rule base (rules as-is);0;0;R1[0.01] R2[0.04] R4[0.01] R5[0.04] R7[0.07] R9[0.01];0.27;0.74;0.39;0.73;0.64;0.70;0.74;0.01;0.3383;0.3329;1
319;319;Agent_1;orders came from the seed rule base (rules as-is);0;0;R1[0.01] R2[0.04] R4[0.01] R5[0.04] R7[0.07] R9[0.01];0.27;0.74;0.39;0.73;0.64;0.70;0.74;0.01;0.3386;0.3329;1
320;320;Agent_1;RL selected stage 1 [evFIS] (deficit bucket: mid+gap) → rejected (no improving perturbation found | seed-base decision stands, its orders are applied);1;0;R1[0.01] R2[0.04] R4[0.01] R5[0.04] R7[0.07] R9[0.01];0.26;0.74;0.39;0.73;0.64;0.70;0.74;0.01;0.3386;0.3331;1
321;321;Agent_1;orders came from the seed rule base (rules as-is);0;0;R1[0.01] R2[0.04] R4[0.01] R5[0.04] R7[0.07] R9[0.01];0.26;0.74;0.39;0.73;0.64;0.70;0.74;0.01;0.3387;0.3331;1
322;322;Agent_1;orders came from the seed rule base (rules as-is);0;0;R1[0.01] R2[0.04] R4[0.01] R5[0.04] R7[0.07] R9[0.01];0.26;0.74;0.39;0.73;0.64;0.70;0.74;0.01;0.3388;0.3332;1
323;323;Agent_1;orders came from the seed rule base (rules as-is);0;0;R1[0.01] R2[0.04] R4[0.01] R5[0.04] R7[0.07] R9[0.01];0.26;0.74;0.39;0.73;0.64;0.70;0.74;0.01;0.3389;0.3333;1
324;324;Agent_1;orders came from the seed rule base (rules as-is);0;0;R1[0.01] R2[0.03] R4[0.01] R5[0.03] R7[0.07] R9[0.01];0.26;0.74;0.39;0.73;0.64;0.70;0.74;0.01;0.3390;0.3334;1
325;325;Agent_1;orders came from the seed rule base (rules as-is);0;0;R1[0.01] R2[0.03] R4[0.01] R5[0.03] R7[0.07] R9[0.01];0.26;0.74;0.38;0.73;0.64;0.70;0.74;0.01;0.3390;0.3335;1
326;326;Agent_1;orders came from the seed rule base (rules as-is);0;0;R1[0.01] R2[0.03] R4[0.01] R5[0.03] R7[0.07] R9[0.01];0.25;0.75;0.38;0.73;0.64;0.70;0.74;0.01;0.3391;0.3336;1
327;327;Agent_1;orders came from the seed rule base (rules as-is);0;0;R1[0.01] R2[0.03] R4[0.01] R5[0.03] R7[0.07] R9[0.01];0.25;0.75;0.38;0.73;0.64;0.70;0.74;0.01;0.3393;0.3336;1
328;328;Agent_1;orders came from the seed rule base (rules as-is);0;0;R1[0.01] R2[0.03] R4[0.01] R5[0.03] R7[0.07] R9[0.01];0.25;0.75;0.38;0.73;0.63;0.70;0.74;0.01;0.3393;0.3337;1
329;329;Agent_1;orders came from the seed rule base (rules as-is);0;0;R1[0.01] R2[0.03] R4[0.01] R5[0.03] R7[0.07] R9[0.01];0.25;0.75;0.38;0.73;0.64;0.70;0.74;0.01;0.3394;0.3338;1
330;330;Agent_1;RL selected stage 1 [evFIS] (deficit bucket: mid+gap) → rejected (no improving perturbation found | seed-base decision stands, its orders are applied);1;0;R1[0.01] R2[0.03] R4[0.01] R5[0.03] R7[0.07] R9[0.01];0.25;0.75;0.38;0.73;0.63;0.70;0.74;0.01;0.3395;0.3339;1
331;331;Agent_1;orders came from the seed rule base (rules as-is);0;0;R1[0.01] R2[0.03] R4[0.01] R5[0.03] R7[0.07] R9[0.01];0.25;0.75;0.38;0.73;0.63;0.70;0.74;0.01;0.3396;0.3340;1
332;332;Agent_1;orders came from the seed rule base (rules as-is);0;0;R1[0.01] R2[0.03] R4[0.01] R5[0.03] R7[0.07] R9[0.01];0.24;0.75;0.38;0.73;0.63;0.70;0.74;0.01;0.3397;0.3340;1
333;333;Agent_1;orders came from the seed rule base (rules as-is);0;0;R1[0.01] R2[0.03] R4[0.01] R5[0.03] R7[0.07] R9[0.01];0.24;0.75;0.38;0.73;0.63;0.70;0.74;0.01;0.3398;0.3341;1
334;334;Agent_1;orders came from the seed rule base (rules as-is);0;0;R1[0.01] R2[0.03] R4[0.01] R5[0.03] R7[0.07] R9[0.01];0.24;0.75;0.38;0.73;0.63;0.70;0.74;0.01;0.3399;0.3342;1
335;335;Agent_1;orders came from the seed rule base (rules as-is);0;0;R1[0.01] R2[0.03] R4[0.01] R5[0.03] R7[0.07] R9[0.01];0.24;0.75;0.38;0.73;0.63;0.70;0.74;0.01;0.3400;0.3343;1
336;336;Agent_1;orders came from the seed rule base (rules as-is);0;0;R1[0.01] R2[0.03] R4[0.01] R5[0.03] R7[0.07] R9[0.01];0.24;0.75;0.38;0.73;0.63;0.70;0.74;0.01;0.3401;0.3344;1
337;337;Agent_1;orders came from the seed rule base (rules as-is);0;0;R1[0.01] R2[0.03] R4[0.01] R5[0.03] R7[0.07] R9[0.01];0.24;0.75;0.38;0.73;0.63;0.70;0.74;0.01;0.3402;0.3344;1
338;338;Agent_1;orders came from the seed rule base (rules as-is);0;0;R1[0.01] R2[0.03] R4[0.01] R5[0.03] R7[0.07] R9[0.01];0.24;0.75;0.38;0.73;0.63;0.69;0.74;0.01;0.3403;0.3345;1
339;339;Agent_1;orders came from the seed rule base (rules as-is);0;0;R1[0.01] R2[0.03] R4[0.01] R5[0.03] R7[0.07] R9[0.01];0.23;0.75;0.38;0.73;0.63;0.70;0.74;0.01;0.3404;0.3346;1
340;340;Agent_1;RL selected stage 1 [evFIS] (deficit bucket: low) → rejected (no improving perturbation found | seed-base decision stands, its orders are applied);1;0;R1[0.01] R2[0.03] R4[0.01] R5[0.03] R7[0.07] R9[0.01];0.23;0.76;0.38;0.73;0.63;0.69;0.74;0.01;0.3404;0.3347;1
341;341;Agent_1;orders came from the seed rule base (rules as-is);0;0;R1[0.01] R2[0.03] R4[0.01] R5[0.03] R7[0.07] R9[0.01];0.23;0.76;0.38;0.73;0.63;0.69;0.74;0.01;0.3405;0.3348;1
342;342;Agent_1;orders came from the seed rule base (rules as-is);0;0;R1[0.01] R2[0.03] R4[0.01] R5[0.03] R7[0.07] R9[0.01];0.23;0.76;0.38;0.73;0.63;0.69;0.74;0.01;0.3406;0.3348;1
343;343;Agent_1;orders came from the seed rule base (rules as-is);0;0;R1[0.01] R2[0.03] R4[0.01] R5[0.03] R7[0.07] R9[0.01];0.23;0.76;0.38;0.73;0.63;0.69;0.74;0.01;0.3407;0.3349;1
344;344;Agent_1;orders came from the seed rule base (rules as-is);0;0;R1[0.01] R2[0.03] R4[0.01] R5[0.03] R7[0.07] R9[0.01];0.23;0.76;0.38;0.73;0.63;0.69;0.74;0.01;0.3408;0.3350;1
345;345;Agent_1;orders came from the seed rule base (rules as-is);0;0;R1[0.01] R2[0.03] R4[0.01] R5[0.03] R7[0.07] R9[0.01];0.23;0.76;0.38;0.73;0.63;0.69;0.74;0.01;0.3409;0.3351;1
346;346;Agent_1;orders came from the seed rule base (rules as-is);0;0;R1[0.01] R2[0.03] R4[0.01] R5[0.03] R7[0.07] R9[0.01];0.23;0.76;0.38;0.73;0.63;0.69;0.74;0.01;0.3410;0.3351;1
347;347;Agent_1;orders came from the seed rule base (rules as-is);0;0;R1[0.01] R2[0.03] R4[0.01] R5[0.03] R7[0.07] R9[0.01];0.22;0.76;0.38;0.73;0.63;0.69;0.74;0.01;0.3411;0.3352;1
348;348;Agent_1;orders came from the seed rule base (rules as-is);0;0;R1[0.01] R2[0.03] R4[0.01] R5[0.03] R7[0.07] R9[0.01];0.22;0.76;0.38;0.73;0.63;0.69;0.74;0.01;0.3415;0.3353;1
349;349;Agent_1;orders came from the seed rule base (rules as-is);0;0;R2[0.03] R5[0.03] R7[0.07] R10[0.02] R12[0.02] R13[0.03];0.22;0.76;0.38;0.73;0.63;0.69;0.74;0.01;0.3416;0.3354;1
350;350;Agent_1;RL selected stage 1 [evFIS] (deficit bucket: low) → rejected (no improving perturbation found | seed-base decision stands, its orders are applied);1;0;R2[0.02] R5[0.02] R7[0.07] R10[0.02] R12[0.02] R13[0.03];0.22;0.76;0.38;0.73;0.63;0.69;0.74;0.01;0.3417;0.3355;1
351;351;Agent_1;orders came from the seed rule base (rules as-is);0;0;R2[0.02] R5[0.02] R7[0.07] R10[0.02] R12[0.02] R13[0.03];0.22;0.76;0.38;0.72;0.63;0.69;0.74;0.01;0.3418;0.3356;1
352;352;Agent_1;orders came from the seed rule base (rules as-is);0;0;R2[0.02] R5[0.02] R7[0.07] R10[0.01] R12[0.01] R13[0.03];0.22;0.76;0.38;0.72;0.63;0.69;0.74;0.01;0.3420;0.3357;1
353;353;Agent_1;orders came from the seed rule base (rules as-is);0;0;R1[0.01] R2[0.02] R4[0.01] R6[0.02] R7[0.07] R8[0.01];0.22;0.77;0.39;0.75;0.63;0.71;0.73;0.01;0.3420;0.3366;1
354;354;Agent_1;orders came from the seed rule base (rules as-is);0;0;R1[0.01] R2[0.03] R4[0.01] R6[0.03] R7[0.07] R8[0.01];0.23;0.77;0.39;0.75;0.63;0.71;0.73;0.01;0.3417;0.3367;1
355;355;Agent_1;orders came from the seed rule base (rules as-is);0;0;R1[0.01] R2[0.03] R4[0.01] R6[0.03] R7[0.07] R8[0.01];0.23;0.77;0.39;0.75;0.63;0.71;0.73;0.01;0.3418;0.3368;1
356;356;Agent_1;orders came from the seed rule base (rules as-is);0;0;R1[0.01] R2[0.03] R4[0.01] R6[0.03] R7[0.07] R8[0.01];0.23;0.77;0.39;0.75;0.63;0.71;0.73;0.01;0.3419;0.3369;1
357;357;Agent_1;orders came from the seed rule base (rules as-is);0;0;R1[0.01] R2[0.03] R4[0.01] R6[0.03] R7[0.07] R8[0.01];0.23;0.77;0.39;0.75;0.63;0.71;0.73;0.01;0.3420;0.3369;1
358;358;Agent_1;orders came from the seed rule base (rules as-is);0;0;R1[0.01] R2[0.03] R4[0.01] R6[0.03] R7[0.07] R8[0.01];0.23;0.77;0.39;0.75;0.63;0.71;0.73;0.01;0.3421;0.3370;1
359;359;Agent_1;orders came from the seed rule base (rules as-is);0;0;R1[0.01] R2[0.03] R4[0.01] R6[0.03] R7[0.07] R8[0.01];0.23;0.77;0.39;0.75;0.63;0.71;0.73;0.01;0.3422;0.3371;1
360;360;Agent_1;RL selected stage 2 [resolution increase] (deficit bucket: low) → rejected (cell already covered — an active rule sits on this antecedent cell; numeric tuning of an existing cell is stage ① evFIS's job | seed-base decision stands, its orders are applied);2;0;R1[0.01] R2[0.03] R4[0.01] R6[0.03] R7[0.07] R8[0.01];0.24;0.77;0.39;0.75;0.62;0.71;0.73;0.01;0.3423;0.3372;1
361;361;Agent_1;orders came from the seed rule base (rules as-is);0;0;R1[0.01] R2[0.03] R4[0.01] R6[0.03] R7[0.07] R8[0.01];0.24;0.77;0.39;0.75;0.62;0.71;0.73;0.01;0.3424;0.3373;1
362;362;Agent_1;orders came from the seed rule base (rules as-is);0;0;R1[0.01] R2[0.03] R4[0.01] R6[0.03] R7[0.07] R8[0.01];0.24;0.77;0.39;0.75;0.62;0.71;0.73;0.01;0.3425;0.3374;1
363;363;Agent_1;orders came from the seed rule base (rules as-is);0;0;R1[0.01] R2[0.03] R4[0.01] R6[0.02] R7[0.07] R8[0.01];0.23;0.77;0.39;0.75;0.62;0.71;0.73;0.01;0.3426;0.3375;1
363;363;Agent_1;orders came from the seed rule base (rules as-is);0;0;R1[0.01] R2[0.03] R4[0.01] R6[0.02] R7[0.07] R8[0.01];0.23;0.77;0.39;0.75;0.62;0.71;0.73;0.01;0.3426;0.3375;1
363;363;Agent_1;orders came from the seed rule base (rules as-is);0;0;R1[0.01] R2[0.03] R4[0.01] R6[0.02] R7[0.07] R8[0.01];0.23;0.77;0.39;0.75;0.62;0.71;0.73;0.01;0.3426;0.3375;1
364;364;Agent_1;orders came from the seed rule base (rules as-is);0;0;R1[0.01] R2[0.03] R4[0.01] R6[0.03] R7[0.07] R8[0.01];0.24;0.77;0.39;0.75;0.63;0.71;0.73;0.01;0.3427;0.3376;1
365;365;Agent_1;orders came from the seed rule base (rules as-is);0;0;R1[0.01] R2[0.03] R4[0.01] R6[0.03] R7[0.07] R8[0.01];0.24;0.77;0.39;0.75;0.63;0.71;0.73;0.01;0.3428;0.3377;1
366;366;Agent_1;orders came from the seed rule base (rules as-is);0;0;R1[0.01] R2[0.03] R4[0.01] R6[0.03] R7[0.07] R8[0.01];0.24;0.77;0.39;0.75;0.63;0.71;0.73;0.01;0.3429;0.3378;1
367;367;Agent_1;orders came from the seed rule base (rules as-is);0;0;R1[0.01] R2[0.03] R4[0.01] R6[0.03] R7[0.07] R8[0.01];0.24;0.77;0.39;0.75;0.63;0.71;0.73;0.01;0.3429;0.3379;1
0;0;Agent_1;RL selected stage 3 [GenAI] (deficit bucket: low) → ACCEPTED: G21: G21: IF intervention urgency is VL AND fire threat level is M THEN resource deployment 0.5, suppression effort 0.3 (adaptation-born: generative (template), gates G1-G4);3;3;R1[0.22] R2[0.21] R3[0.32] R4[0.11] R6[0.06] R7[0.07];0.46;0.59;0.41;0.81;0.63;0.49;0.83;0.00;0.2886;0.2819;1
0;0;Agent_1;orders came from the seed rule base (rules as-is);0;0;R1[0.22] R2[0.21] R3[0.32] R4[0.11] R6[0.06] R7[0.07];0.46;0.61;0.46;0.80;0.63;0.49;0.82;0.00;0.2881;0.2819;1
1;1;Agent_1;orders came from the seed rule base (rules as-is);0;0;R1[0.21] R2[0.21] R3[0.30] R4[0.10] R6[0.07] R7[0.07];0.44;0.59;0.41;0.81;0.62;0.54;0.85;0.12;0.2619;0.2843;1
1;1;Agent_1;orders came from the seed rule base (rules as-is);0;0;R1[0.21] R2[0.21] R3[0.30] R4[0.10] R6[0.07] R7[0.07];0.44;0.61;0.48;0.80;0.62;0.54;0.84;0.12;0.2133;0.2843;1
368;368;Agent_1;RL selected stage 1 [evFIS] (deficit bucket: low) → ACCEPTED: R30 consequents -0.05;1;1;R1[0.20] R2[0.21] R3[0.29] R4[0.10] R6[0.07] R7[0.07];0.41;0.61;0.41;0.78;0.69;0.73;0.87;0.01;0.2152;0.2819;1
0;0;Agent_1;RL selected stage 3 [GenAI] (deficit bucket: low) → ACCEPTED: G21: G21: IF intervention urgency is VL AND fire threat level is M THEN resource deployment 0.5, suppression effort 0.3 (adaptation-born: generative (template), gates G1-G4);3;3;R1[0.22] R2[0.21] R3[0.32] R4[0.11] R6[0.06] R7[0.07];0.46;0.59;0.41;0.81;0.63;0.49;0.83;0.00;0.2886;0.2819;1
0;0;Agent_1;orders came from the seed rule base (rules as-is);0;0;R1[0.22] R2[0.21] R3[0.32] R4[0.11] R6[0.06] R7[0.07];0.46;0.61;0.46;0.80;0.63;0.49;0.82;0.00;0.2881;0.2819;1
0;0;Agent_1;RL selected stage 1 [evFIS] (deficit bucket: low) → rejected (no improving perturbation found | seed-base decision stands, its orders are applied);1;0;R1[0.22] R2[0.21] R3[0.32] R4[0.11] R6[0.06] R7[0.07];0.46;0.61;0.44;0.79;0.63;0.49;0.83;0.00;0.1172;0.1109;1
1;1;Agent_1;orders came from the seed rule base (rules as-is);0;0;R1[0.21] R2[0.21] R3[0.30] R4[0.10] R6[0.07] R7[0.07];0.44;0.59;0.41;0.81;0.62;0.54;0.85;0.12;0.2619;0.2843;1
1;1;Agent_1;orders came from the seed rule base (rules as-is);0;0;R1[0.21] R2[0.21] R3[0.30] R4[0.10] R6[0.07] R7[0.07];0.44;0.61;0.48;0.80;0.62;0.54;0.84;0.12;0.2133;0.2843;1
1;1;Agent_1;orders came from the seed rule base (rules as-is);0;0;R1[0.21] R2[0.21] R3[0.30] R4[0.10] R6[0.07] R7[0.07];0.44;0.61;0.43;0.79;0.62;0.54;0.85;0.12;0.0644;0.1183;1
2;2;Agent_1;orders came from the seed rule base (rules as-is);0;0;R1[0.19] R2[0.21] R3[0.24] R4[0.11] R6[0.07] R7[0.07];0.41;0.59;0.39;0.81;0.68;0.74;0.89;0.12;0.2656;0.2850;1
2;2;Agent_1;orders came from the seed rule base (rules as-is);0;0;R1[0.19] R2[0.21] R3[0.24] R4[0.11] R6[0.07] R7[0.07];0.41;0.61;0.41;0.78;0.68;0.74;0.87;0.12;0.0688;0.1211;1
3;3;Agent_1;orders came from the seed rule base (rules as-is);0;0;R1[0.18] R2[0.21] R3[0.19] R4[0.11] R6[0.07] R7[0.07];0.42;0.59;0.39;0.81;0.69;0.75;0.89;0.12;0.2732;0.2854;1
3;3;Agent_1;orders came from the seed rule base (rules as-is);0;0;R1[0.18] R2[0.21] R3[0.19] R4[0.11] R6[0.07] R7[0.07];0.42;0.61;0.41;0.78;0.68;0.74;0.88;0.12;0.0696;0.1249;1
4;4;Agent_1;orders came from the seed rule base (rules as-is);0;0;R1[0.17] R2[0.21] R3[0.15] R4[0.12] R6[0.07] R7[0.07];0.42;0.59;0.39;0.80;0.69;0.75;0.90;0.12;0.2793;0.2859;1
4;4;Agent_1;orders came from the seed rule base (rules as-is);0;0;R1[0.17] R2[0.21] R3[0.15] R4[0.11] R6[0.07] R7[0.07];0.42;0.61;0.41;0.78;0.68;0.75;0.88;0.12;0.0583;0.1260;1
5;5;Agent_1;orders came from the seed rule base (rules as-is);0;0;R1[0.17] R2[0.21] R3[0.12] R4[0.12] R6[0.07] R7[0.07];0.42;0.59;0.39;0.80;0.69;0.75;0.90;0.12;0.2811;0.2876;1
5;5;Agent_1;orders came from the seed rule base (rules as-is);0;0;R1[0.17] R2[0.21] R3[0.12] R4[0.11] R6[0.07] R7[0.07];0.42;0.62;0.41;0.77;0.68;0.75;0.88;0.12;0.0622;0.1297;1
6;6;Agent_1;orders came from the seed rule base (rules as-is);0;0;R1[0.16] R2[0.21] R3[0.09] R4[0.12] R6[0.07] R7[0.07];0.42;0.60;0.39;0.80;0.69;0.75;0.90;0.12;0.2815;0.2870;1
6;6;Agent_1;orders came from the seed rule base (rules as-is);0;0;R1[0.16] R2[0.21] R3[0.09] R4[0.12] R6[0.07] R7[0.07];0.42;0.62;0.41;0.77;0.68;0.75;0.89;0.12;0.0497;0.1318;1
7;7;Agent_1;orders came from the seed rule base (rules as-is);0;0;R1[0.16] R2[0.21] R3[0.07] R4[0.12] R6[0.07] R7[0.07];0.42;0.60;0.39;0.80;0.69;0.75;0.90;0.12;0.2865;0.2876;1
7;7;Agent_1;orders came from the seed rule base (rules as-is);0;0;R1[0.16] R2[0.21] R3[0.07] R4[0.12] R6[0.07] R7[0.07];0.43;0.62;0.41;0.77;0.68;0.75;0.89;0.12;0.0529;0.1344;1
8;8;Agent_1;orders came from the seed rule base (rules as-is);0;0;R1[0.15] R2[0.21] R3[0.06] R4[0.13] R6[0.07] R7[0.07];0.43;0.60;0.39;0.80;0.69;0.76;0.90;0.12;0.2896;0.2890;1
8;8;Agent_1;orders came from the seed rule base (rules as-is);0;0;R1[0.15] R2[0.21] R3[0.06] R4[0.12] R6[0.07] R7[0.07];0.43;0.62;0.41;0.77;0.68;0.75;0.89;0.12;0.0561;0.1354;1
9;9;Agent_1;orders came from the seed rule base (rules as-is);0;0;R1[0.15] R2[0.21] R3[0.05] R4[0.13] R6[0.07] R7[0.07];0.43;0.60;0.39;0.80;0.69;0.76;0.90;0.12;0.2929;0.2886;1
9;9;Agent_1;orders came from the seed rule base (rules as-is);0;0;R1[0.15] R2[0.21] R3[0.05] R4[0.12] R6[0.07] R7[0.07];0.43;0.62;0.41;0.77;0.68;0.75;0.89;0.12;0.0622;0.1364;1
10;10;Agent_1;RL selected stage 2 [resolution increase] (deficit bucket: mid+gap) → rejected (cell already covered — an active rule sits on this antecedent cell; numeric tuning of an existing cell is stage ① evFIS's job | seed-base decision stands, its orders are applied);2;0;R1[0.15] R2[0.21] R3[0.04] R4[0.13] R6[0.06] R7[0.07];0.43;0.60;0.39;0.80;0.69;0.76;0.90;0.12;0.2891;0.2903;1
10;10;Agent_1;RL selected stage 1 [evFIS] (deficit bucket: mid+gap) → ACCEPTED: R30 consequents +0.05;1;1;R1[0.15] R2[0.21] R3[0.04] R4[0.12] R6[0.07] R7[0.07];0.43;0.62;0.43;0.78;0.68;0.75;0.89;0.12;0.0668;0.1374;1
11;11;Agent_1;orders came from the seed rule base (rules as-is);0;0;R1[0.14] R2[0.21] R3[0.03] R4[0.13] R6[0.06] R7[0.07];0.43;0.60;0.39;0.80;0.69;0.76;0.90;0.11;0.2917;0.2908;1
11;11;Agent_1;orders came from the seed rule base (rules as-is);0;0;R1[0.15] R2[0.21] R3[0.03] R4[0.12] R6[0.07] R7[0.07];0.43;0.62;0.43;0.78;0.68;0.75;0.89;0.11;0.0720;0.1375;1
12;12;Agent_1;orders came from the seed rule base (rules as-is);0;0;R1[0.14] R2[0.21] R3[0.02] R4[0.13] R6[0.06] R7[0.07];0.43;0.60;0.39;0.80;0.69;0.76;0.90;0.11;0.2973;0.2918;1
12;12;Agent_1;orders came from the seed rule base (rules as-is);0;0;R1[0.15] R2[0.21] R3[0.02] R4[0.12] R6[0.07] R7[0.07];0.43;0.62;0.43;0.78;0.68;0.75;0.89;0.11;0.0706;0.1375;1
13;13;Agent_1;orders came from the seed rule base (rules as-is);0;0;R1[0.14] R2[0.21] R3[0.02] R4[0.13] R6[0.06] R7[0.07];0.43;0.60;0.39;0.80;0.69;0.76;0.90;0.11;0.2980;0.2917;1
13;13;Agent_1;orders came from the seed rule base (rules as-is);0;0;R1[0.14] R2[0.21] R3[0.02] R4[0.12] R6[0.07] R7[0.07];0.43;0.63;0.43;0.78;0.68;0.75;0.89;0.11;0.0707;0.1405;1
14;14;Agent_1;orders came from the seed rule base (rules as-is);0;0;R1[0.14] R2[0.21] R3[0.02] R4[0.13] R6[0.06] R7[0.07];0.43;0.60;0.39;0.80;0.69;0.76;0.90;0.11;0.2995;0.2923;1
14;14;Agent_1;orders came from the seed rule base (rules as-is);0;0;R1[0.14] R2[0.21] R3[0.02] R4[0.12] R6[0.07] R7[0.07];0.43;0.63;0.43;0.78;0.68;0.75;0.89;0.11;0.0743;0.1405;1
15;15;Agent_1;orders came from the seed rule base (rules as-is);0;0;R1[0.14] R2[0.21] R3[0.01] R4[0.13] R6[0.06] R7[0.07];0.43;0.60;0.39;0.80;0.69;0.76;0.90;0.11;0.2997;0.2927;1
15;15;Agent_1;orders came from the seed rule base (rules as-is);0;0;R1[0.14] R2[0.21] R3[0.01] R4[0.12] R6[0.07] R7[0.07];0.43;0.63;0.43;0.78;0.68;0.75;0.89;0.11;0.0808;0.1415;1
16;16;Agent_1;orders came from the seed rule base (rules as-is);0;0;R1[0.14] R2[0.21] R4[0.13] R6[0.06] R7[0.07] R8[0.06];0.43;0.60;0.39;0.80;0.69;0.76;0.90;0.11;0.2998;0.2933;1
16;16;Agent_1;orders came from the seed rule base (rules as-is);0;0;R1[0.14] R2[0.21] R4[0.12] R6[0.07] R7[0.07] R8[0.07];0.43;0.63;0.43;0.78;0.68;0.75;0.89;0.11;0.0843;0.1444;1
17;17;Agent_1;orders came from the seed rule base (rules as-is);0;0;R1[0.13] R2[0.21] R4[0.13] R6[0.06] R7[0.07] R8[0.06];0.43;0.60;0.39;0.80;0.69;0.76;0.90;0.11;0.3027;0.2938;1
17;17;Agent_1;orders came from the seed rule base (rules as-is);0;0;R1[0.14] R2[0.21] R4[0.12] R6[0.07] R7[0.07] R8[0.07];0.43;0.63;0.43;0.78;0.68;0.75;0.89;0.11;0.0619;0.1454;1
18;18;Agent_1;orders came from the seed rule base (rules as-is);0;0;R1[0.13] R2[0.21] R4[0.13] R6[0.06] R7[0.07] R8[0.06];0.43;0.60;0.39;0.80;0.69;0.76;0.90;0.11;0.3028;0.2946;1
18;18;Agent_1;orders came from the seed rule base (rules as-is);0;0;R1[0.14] R2[0.21] R4[0.12] R6[0.07] R7[0.07] R8[0.07];0.43;0.63;0.43;0.78;0.68;0.75;0.89;0.11;0.0649;0.1454;1
19;19;Agent_1;orders came from the seed rule base (rules as-is);0;0;R1[0.13] R2[0.21] R4[0.13] R6[0.06] R7[0.07] R8[0.06];0.43;0.60;0.39;0.80;0.69;0.76;0.90;0.11;0.3039;0.2952;1
19;19;Agent_1;orders came from the seed rule base (rules as-is);0;0;R1[0.14] R2[0.21] R4[0.12] R6[0.07] R7[0.07] R8[0.07];0.43;0.63;0.43;0.78;0.68;0.75;0.89;0.11;0.0321;0.1464;1
20;20;Agent_1;RL selected stage 3 [GenAI] (deficit bucket: high+gap) → rejected (rejected at G2 duplicate cell (template) — an active rule already sits on this antecedent cell; re-issuing it with different numbers is stage ① evFIS's job, not a new rule | seed-base decision stands, its orders are applied);3;0;R1[0.13] R2[0.21] R4[0.13] R6[0.06] R7[0.07] R8[0.06];0.43;0.60;0.39;0.80;0.69;0.76;0.90;0.11;0.3047;0.2952;1
20;20;Agent_1;orders came from the seed rule base (rules as-is);0;0;R1[0.14] R2[0.21] R4[0.12] R6[0.07] R7[0.07] R8[0.07];0.43;0.63;0.43;0.78;0.68;0.75;0.89;0.11;0.0339;0.1464;1
21;21;Agent_1;orders came from the seed rule base (rules as-is);0;0;R1[0.13] R2[0.21] R4[0.13] R6[0.06] R7[0.07] R8[0.06];0.43;0.60;0.39;0.80;0.69;0.76;0.90;0.11;0.3064;0.2956;1
21;21;Agent_1;orders came from the seed rule base (rules as-is);0;0;R1[0.14] R2[0.21] R4[0.12] R6[0.07] R7[0.07] R8[0.07];0.43;0.63;0.43;0.78;0.68;0.75;0.89;0.11;0.0347;0.1469;1
22;22;Agent_1;orders came from the seed rule base (rules as-is);0;0;R1[0.13] R2[0.21] R4[0.13] R6[0.06] R7[0.07] R8[0.06];0.43;0.60;0.39;0.80;0.70;0.77;0.90;0.11;0.3048;0.2960;1
22;22;Agent_1;RL selected stage 1 [evFIS] (deficit bucket: mid+gap) → rejected (no improving perturbation found | seed-base decision stands, its orders are applied);1;0;R1[0.14] R2[0.21] R4[0.12] R6[0.07] R7[0.07] R8[0.07];0.43;0.63;0.43;0.78;0.68;0.75;0.89;0.11;0.0244;0.1479;1
23;23;Agent_1;orders came from the seed rule base (rules as-is);0;0;R1[0.13] R2[0.21] R4[0.13] R6[0.05] R7[0.07] R8[0.05];0.43;0.60;0.39;0.80;0.70;0.77;0.90;0.10;0.3053;0.2964;1
23;23;Agent_1;orders came from the seed rule base (rules as-is);0;0;R1[0.14] R2[0.21] R4[0.12] R6[0.07] R7[0.07] R8[0.07];0.43;0.63;0.43;0.78;0.68;0.75;0.89;0.10;0.0245;0.1595;1
24;24;Agent_1;orders came from the seed rule base (rules as-is);0;0;R1[0.12] R2[0.21] R4[0.12] R6[0.05] R7[0.07] R8[0.05];0.43;0.61;0.39;0.80;0.70;0.77;0.90;0.10;0.3052;0.2965;1
24;24;Agent_1;orders came from the seed rule base (rules as-is);0;0;R1[0.14] R2[0.21] R4[0.12] R6[0.07] R7[0.07] R8[0.07];0.43;0.63;0.43;0.78;0.68;0.75;0.88;0.10;0.0245;0.1484;1
25;25;Agent_1;orders came from the seed rule base (rules as-is);0;0;R1[0.12] R2[0.21] R4[0.12] R6[0.05] R7[0.07] R8[0.05];0.43;0.61;0.39;0.80;0.70;0.77;0.90;0.10;0.3041;0.2968;1
25;25;Agent_1;orders came from the seed rule base (rules as-is);0;0;R1[0.13] R2[0.21] R4[0.12] R6[0.07] R7[0.07] R8[0.07];0.43;0.63;0.43;0.78;0.68;0.75;0.88;0.10;0.0245;0.1494;1
26;26;Agent_1;orders came from the seed rule base (rules as-is);0;0;R1[0.12] R2[0.21] R4[0.12] R6[0.05] R7[0.07] R8[0.05];0.42;0.61;0.39;0.80;0.70;0.78;0.90;0.10;0.3044;0.2972;1
26;26;Agent_1;orders came from the seed rule base (rules as-is);0;0;R1[0.13] R2[0.21] R4[0.12] R6[0.07] R7[0.07] R8[0.07];0.43;0.63;0.43;0.78;0.68;0.75;0.88;0.10;0.0245;0.1499;1
27;27;Agent_1;orders came from the seed rule base (rules as-is);0;0;R1[0.12] R2[0.21] R4[0.12] R6[0.05] R7[0.07] R8[0.05];0.42;0.61;0.39;0.80;0.71;0.78;0.90;0.10;0.3054;0.2974;1
27;27;Agent_1;orders came from the seed rule base (rules as-is);0;0;R1[0.13] R2[0.21] R4[0.12] R6[0.07] R7[0.07] R8[0.07];0.43;0.63;0.43;0.77;0.68;0.75;0.88;0.10;0.0246;0.1622;1
28;28;Agent_1;orders came from the seed rule base (rules as-is);0;0;R1[0.12] R2[0.21] R4[0.12] R6[0.05] R7[0.07] R8[0.05];0.42;0.61;0.39;0.80;0.71;0.78;0.90;0.10;0.3061;0.2978;1
28;28;Agent_1;orders came from the seed rule base (rules as-is);0;0;R1[0.13] R2[0.21] R4[0.12] R6[0.07] R7[0.07] R8[0.07];0.43;0.63;0.43;0.77;0.68;0.75;0.88;0.10;0.0246;0.1647;1
29;29;Agent_1;orders came from the seed rule base (rules as-is);0;0;R1[0.12] R2[0.21] R4[0.12] R6[0.07] R7[0.07] R8[0.07];0.42;0.61;0.39;0.80;0.72;0.79;0.90;0.10;0.3079;0.2980;1
29;29;Agent_1;orders came from the seed rule base (rules as-is);0;0;R1[0.13] R2[0.21] R4[0.12] R6[0.07] R7[0.07] R8[0.07];0.43;0.63;0.43;0.77;0.68;0.75;0.88;0.10;0.0246;0.1509;1
30;30;Agent_1;RL selected stage 2 [resolution increase] (deficit bucket: high+gap) → rejected (cell already covered — an active rule sits on this antecedent cell; numeric tuning of an existing cell is stage ① evFIS's job | seed-base decision stands, its orders are applied);2;0;R1[0.12] R2[0.21] R4[0.12] R6[0.07] R7[0.07] R8[0.07];0.41;0.62;0.38;0.80;0.72;0.79;0.90;0.10;0.2993;0.2949;1
30;30;Agent_1;orders came from the seed rule base (rules as-is);0;0;R1[0.13] R2[0.21] R4[0.12] R6[0.07] R7[0.07] R8[0.07];0.43;0.63;0.43;0.77;0.68;0.75;0.88;0.10;0.0247;0.1509;1
31;31;Agent_1;orders came from the seed rule base (rules as-is);0;0;R1[0.12] R2[0.21] R4[0.12] R6[0.07] R7[0.07] R8[0.07];0.39;0.62;0.36;0.80;0.73;0.80;0.91;0.10;0.2985;0.2951;1
31;31;Agent_1;orders came from the seed rule base (rules as-is);0;0;R1[0.13] R2[0.21] R4[0.12] R6[0.07] R7[0.07] R8[0.07];0.43;0.63;0.43;0.77;0.68;0.75;0.88;0.10;0.0256;0.1509;1
32;32;Agent_1;orders came from the seed rule base (rules as-is);0;0;R1[0.12] R2[0.21] R4[0.12] R6[0.07] R7[0.07] R8[0.07];0.38;0.62;0.35;0.80;0.73;0.80;0.91;0.10;0.2993;0.2951;1
32;32;Agent_1;orders came from the seed rule base (rules as-is);0;0;R1[0.13] R2[0.21] R4[0.12] R6[0.07] R7[0.07] R8[0.07];0.43;0.63;0.43;0.77;0.68;0.75;0.88;0.10;0.0876;0.1510;1
33;33;Agent_1;orders came from the seed rule base (rules as-is);0;0;R1[0.12] R2[0.21] R4[0.12] R6[0.07] R7[0.07] R8[0.07];0.36;0.62;0.33;0.80;0.73;0.81;0.91;0.10;0.2998;0.2952;1
33;33;Agent_1;RL selected stage 2 [resolution increase] (deficit bucket: mid+gap) → rejected (cell already covered — an active rule sits on this antecedent cell; numeric tuning of an existing cell is stage ① evFIS's job | seed-base decision stands, its orders are applied);2;0;R1[0.13] R2[0.21] R4[0.12] R6[0.07] R7[0.07] R8[0.07];0.43;0.63;0.43;0.77;0.68;0.75;0.88;0.10;0.0871;0.1528;1
34;34;Agent_1;orders came from the seed rule base (rules as-is);0;0;R1[0.12] R2[0.21] R4[0.12] R6[0.07] R7[0.07] R8[0.07];0.34;0.62;0.31;0.80;0.74;0.81;0.90;0.10;0.2996;0.2953;1
34;34;Agent_1;orders came from the seed rule base (rules as-is);0;0;R1[0.13] R2[0.21] R4[0.12] R6[0.07] R7[0.07] R8[0.07];0.43;0.63;0.43;0.77;0.68;0.75;0.88;0.10;0.0885;0.1533;1
35;35;Agent_1;orders came from the seed rule base (rules as-is);0;0;R1[0.13] R2[0.21] R4[0.13] R6[0.07] R7[0.07] R8[0.07];0.33;0.62;0.30;0.81;0.74;0.82;0.90;0.10;0.2994;0.2954;1
35;35;Agent_1;orders came from the seed rule base (rules as-is);0;0;R1[0.13] R2[0.21] R4[0.12] R6[0.07] R7[0.07] R8[0.07];0.43;0.63;0.43;0.77;0.68;0.75;0.88;0.10;0.0905;0.1793;1
36;36;Agent_1;orders came from the seed rule base (rules as-is);0;0;R1[0.13] R2[0.21] R4[0.13] R6[0.07] R7[0.07] R8[0.07];0.31;0.62;0.28;0.81;0.74;0.82;0.90;0.09;0.3007;0.2955;1
36;36;Agent_1;orders came from the seed rule base (rules as-is);0;0;R1[0.13] R2[0.20] R4[0.12] R6[0.07] R7[0.07] R8[0.07];0.43;0.63;0.43;0.77;0.68;0.75;0.88;0.09;0.0919;0.1547;1
37;37;Agent_1;orders came from the seed rule base (rules as-is);0;0;R1[0.13] R2[0.21] R4[0.13] R6[0.07] R7[0.07] R8[0.07];0.29;0.62;0.26;0.81;0.74;0.82;0.90;0.09;0.3001;0.2956;1
37;37;Agent_1;orders came from the seed rule base (rules as-is);0;0;R1[0.13] R2[0.20] R4[0.11] R6[0.07] R7[0.07] R8[0.07];0.43;0.63;0.43;0.77;0.68;0.75;0.87;0.09;0.0927;0.1547;1
38;38;Agent_1;orders came from the seed rule base (rules as-is);0;0;R1[0.13] R2[0.21] R4[0.13] R6[0.07] R7[0.07] R8[0.07];0.27;0.62;0.24;0.81;0.74;0.82;0.89;0.09;0.3000;0.2957;1
38;38;Agent_1;orders came from the seed rule base (rules as-is);0;0;R1[0.13] R2[0.20] R4[0.11] R6[0.07] R7[0.07] R8[0.07];0.43;0.63;0.43;0.77;0.68;0.75;0.87;0.09;0.0940;0.1702;1
39;39;Agent_1;orders came from the seed rule base (rules as-is);0;0;R1[0.13] R2[0.20] R4[0.13] R6[0.07] R7[0.07] R8[0.07];0.25;0.63;0.23;0.81;0.74;0.83;0.89;0.09;0.3002;0.2958;1
39;39;Agent_1;orders came from the seed rule base (rules as-is);0;0;R1[0.13] R2[0.20] R4[0.11] R6[0.07] R7[0.07] R8[0.07];0.43;0.63;0.43;0.77;0.68;0.75;0.87;0.09;0.0942;0.1557;1
40;40;Agent_1;RL selected stage 1 [evFIS] (deficit bucket: high+gap) → ACCEPTED: R30 consequents +0.05;1;1;R1[0.13] R2[0.20] R4[0.13] R6[0.07] R7[0.07] R8[0.07];0.25;0.63;0.23;0.82;0.74;0.82;0.89;0.09;0.3009;0.2959;1
40;40;Agent_1;orders came from the seed rule base (rules as-is);0;0;R1[0.13] R2[0.20] R4[0.11] R6[0.07] R7[0.07] R8[0.07];0.43;0.63;0.43;0.77;0.68;0.75;0.87;0.09;0.0889;0.1557;1
41;41;Agent_1;orders came from the seed rule base (rules as-is);0;0;R1[0.12] R2[0.20] R4[0.12] R6[0.07] R7[0.07] R8[0.07];0.25;0.63;0.23;0.82;0.74;0.82;0.89;0.09;0.3012;0.2960;1
41;41;Agent_1;orders came from the seed rule base (rules as-is);0;0;R1[0.13] R2[0.20] R4[0.11] R6[0.07] R7[0.07] R8[0.07];0.43;0.63;0.43;0.77;0.68;0.75;0.87;0.09;0.0896;0.1919;1
42;42;Agent_1;orders came from the seed rule base (rules as-is);0;0;R1[0.12] R2[0.20] R4[0.12] R6[0.07] R7[0.07] R8[0.07];0.25;0.63;0.23;0.82;0.74;0.82;0.89;0.09;0.3013;0.2961;1
42;42;Agent_1;orders came from the seed rule base (rules as-is);0;0;R1[0.13] R2[0.20] R4[0.11] R6[0.07] R7[0.07] R8[0.07];0.43;0.63;0.43;0.77;0.68;0.75;0.87;0.09;0.0891;0.1817;1
43;43;Agent_1;orders came from the seed rule base (rules as-is);0;0;R1[0.12] R2[0.20] R4[0.11] R6[0.07] R7[0.07] R8[0.07];0.25;0.63;0.24;0.82;0.73;0.82;0.89;0.09;0.3017;0.2962;1
43;43;Agent_1;RL selected stage 1 [evFIS] (deficit bucket: mid+gap) → rejected (no improving perturbation found | seed-base decision stands, its orders are applied);1;0;R1[0.12] R2[0.20] R4[0.12] R6[0.07] R7[0.07] R8[0.07];0.43;0.63;0.43;0.77;0.69;0.76;0.87;0.09;0.0919;0.1593;1
44;44;Agent_1;orders came from the seed rule base (rules as-is);0;0;R1[0.12] R2[0.20] R4[0.11] R6[0.07] R7[0.07] R8[0.07];0.25;0.63;0.24;0.82;0.73;0.81;0.90;0.09;0.3020;0.2964;1
44;44;Agent_1;orders came from the seed rule base (rules as-is);0;0;R1[0.12] R2[0.20] R4[0.12] R6[0.07] R7[0.07] R8[0.07];0.43;0.63;0.43;0.77;0.69;0.76;0.87;0.09;0.0950;0.1597;1
45;45;Agent_1;orders came from the seed rule base (rules as-is);0;0;R1[0.12] R2[0.20] R4[0.10] R6[0.07] R7[0.07] R8[0.07];0.25;0.63;0.24;0.82;0.73;0.81;0.90;0.09;0.3015;0.2965;1
45;45;Agent_1;orders came from the seed rule base (rules as-is);0;0;R1[0.12] R2[0.20] R4[0.12] R6[0.07] R7[0.07] R8[0.07];0.43;0.63;0.43;0.77;0.69;0.76;0.87;0.09;0.0944;0.2057;1
46;46;Agent_1;orders came from the seed rule base (rules as-is);0;0;R1[0.12] R2[0.20] R4[0.09] R6[0.07] R7[0.07] R8[0.07];0.25;0.63;0.24;0.82;0.73;0.80;0.90;0.09;0.3019;0.2966;1
46;46;Agent_1;orders came from the seed rule base (rules as-is);0;0;R1[0.12] R2[0.20] R4[0.12] R6[0.07] R7[0.07] R8[0.07];0.43;0.63;0.43;0.77;0.69;0.76;0.87;0.09;0.0918;0.1615;1
47;47;Agent_1;orders came from the seed rule base (rules as-is);0;0;R1[0.12] R2[0.20] R4[0.09] R6[0.07] R7[0.07] R8[0.07];0.25;0.63;0.24;0.82;0.73;0.80;0.89;0.09;0.3022;0.2967;1
47;47;Agent_1;orders came from the seed rule base (rules as-is);0;0;R1[0.12] R2[0.20] R4[0.12] R6[0.07] R7[0.07] R8[0.07];0.43;0.63;0.43;0.77;0.69;0.76;0.87;0.09;0.0864;0.1632;1
48;48;Agent_1;orders came from the seed rule base (rules as-is);0;0;R1[0.12] R2[0.20] R4[0.08] R6[0.07] R7[0.07] R8[0.07];0.25;0.63;0.24;0.82;0.73;0.80;0.89;0.09;0.3024;0.2968;1
48;48;Agent_1;orders came from the seed rule base (rules as-is);0;0;R1[0.12] R2[0.20] R4[0.12] R6[0.07] R7[0.07] R8[0.07];0.43;0.63;0.43;0.77;0.69;0.76;0.87;0.09;0.0817;0.1616;1
49;49;Agent_1;orders came from the seed rule base (rules as-is);0;0;R1[0.12] R2[0.19] R4[0.08] R6[0.07] R7[0.07] R8[0.07];0.25;0.63;0.24;0.82;0.72;0.80;0.89;0.09;0.3026;0.2970;1
49;49;Agent_1;orders came from the seed rule base (rules as-is);0;0;R1[0.12] R2[0.19] R4[0.12] R6[0.07] R7[0.07] R8[0.07];0.43;0.63;0.43;0.77;0.69;0.76;0.87;0.09;0.0824;0.1616;1
50;50;Agent_1;RL selected stage 1 [evFIS] (deficit bucket: high+gap) → ACCEPTED: R30 consequents +0.05;1;1;R1[0.12] R2[0.19] R4[0.07] R6[0.07] R7[0.07] R8[0.07];0.25;0.63;0.25;0.82;0.72;0.80;0.89;0.09;0.3030;0.2971;1
50;50;Agent_1;orders came from the seed rule base (rules as-is);0;0;R1[0.12] R2[0.19] R4[0.12] R6[0.07] R7[0.07] R8[0.07];0.43;0.63;0.43;0.77;0.69;0.76;0.87;0.09;0.0832;0.1621;1
51;51;Agent_1;orders came from the seed rule base (rules as-is);0;0;R1[0.12] R2[0.19] R4[0.07] R6[0.07] R7[0.07] R8[0.07];0.25;0.63;0.25;0.82;0.72;0.80;0.89;0.08;0.3030;0.2972;1
51;51;Agent_1;orders came from the seed rule base (rules as-is);0;0;R1[0.12] R2[0.19] R4[0.12] R6[0.07] R7[0.07] R8[0.07];0.43;0.63;0.43;0.77;0.69;0.76;0.87;0.08;0.0832;0.1617;1
52;52;Agent_1;orders came from the seed rule base (rules as-is);0;0;R1[0.12] R2[0.19] R4[0.07] R6[0.07] R7[0.07] R8[0.07];0.25;0.63;0.25;0.82;0.72;0.80;0.89;0.08;0.3033;0.2974;1
52;52;Agent_1;orders came from the seed rule base (rules as-is);0;0;R1[0.12] R2[0.19] R4[0.12] R6[0.07] R7[0.07] R8[0.07];0.43;0.64;0.43;0.77;0.69;0.76;0.86;0.08;0.0874;0.1996;1
53;53;Agent_1;orders came from the seed rule base (rules as-is);0;0;R1[0.12] R2[0.19] R4[0.07] R6[0.07] R7[0.07] R8[0.07];0.25;0.63;0.25;0.82;0.72;0.80;0.89;0.08;0.3033;0.2975;1
53;53;Agent_1;RL selected stage 1 [evFIS] (deficit bucket: mid+gap) → rejected (no improving perturbation found | seed-base decision stands, its orders are applied);1;0;R1[0.12] R2[0.19] R4[0.12] R6[0.07] R7[0.07] R8[0.07];0.43;0.64;0.43;0.77;0.69;0.76;0.86;0.08;0.0861;0.1668;1
54;54;Agent_1;orders came from the seed rule base (rules as-is);0;0;R1[0.12] R2[0.19] R4[0.07] R6[0.07] R7[0.07] R8[0.07];0.24;0.63;0.25;0.82;0.72;0.80;0.89;0.08;0.3038;0.2976;1
54;54;Agent_1;orders came from the seed rule base (rules as-is);0;0;R1[0.12] R2[0.19] R4[0.12] R6[0.07] R7[0.07] R8[0.07];0.43;0.64;0.43;0.77;0.69;0.76;0.86;0.08;0.0748;0.1618;1
55;55;Agent_1;orders came from the seed rule base (rules as-is);0;0;R1[0.12] R2[0.19] R4[0.06] R6[0.07] R7[0.07] R8[0.07];0.24;0.63;0.25;0.82;0.72;0.80;0.89;0.08;0.3038;0.2978;1
55;55;Agent_1;orders came from the seed rule base (rules as-is);0;0;R1[0.12] R2[0.19] R4[0.12] R6[0.06] R7[0.07] R8[0.06];0.43;0.64;0.43;0.77;0.69;0.76;0.86;0.08;0.0827;0.1685;1
56;56;Agent_1;orders came from the seed rule base (rules as-is);0;0;R1[0.12] R2[0.19] R4[0.06] R6[0.07] R7[0.07] R8[0.07];0.24;0.63;0.25;0.82;0.72;0.80;0.89;0.08;0.3042;0.2979;1
56;56;Agent_1;orders came from the seed rule base (rules as-is);0;0;R1[0.12] R2[0.19] R4[0.12] R6[0.06] R7[0.07] R8[0.06];0.43;0.64;0.43;0.77;0.69;0.76;0.86;0.08;0.0828;0.2364;1
57;57;Agent_1;orders came from the seed rule base (rules as-is);0;0;R1[0.12] R2[0.19] R4[0.06] R6[0.07] R7[0.07] R8[0.07];0.24;0.63;0.25;0.82;0.72;0.80;0.89;0.08;0.3042;0.2981;1
57;57;Agent_1;orders came from the seed rule base (rules as-is);0;0;R1[0.12] R2[0.19] R4[0.12] R6[0.06] R7[0.07] R8[0.06];0.43;0.64;0.43;0.77;0.69;0.76;0.86;0.08;0.0842;0.1628;1
58;58;Agent_1;orders came from the seed rule base (rules as-is);0;0;R1[0.12] R2[0.19] R4[0.06] R6[0.07] R7[0.07] R8[0.07];0.24;0.63;0.25;0.82;0.72;0.80;0.89;0.08;0.3031;0.2982;1
58;58;Agent_1;orders came from the seed rule base (rules as-is);0;0;R1[0.11] R2[0.19] R4[0.11] R6[0.06] R7[0.07] R8[0.06];0.43;0.64;0.43;0.77;0.69;0.76;0.86;0.08;0.0849;0.1616;1
59;59;Agent_1;orders came from the seed rule base (rules as-is);0;0;R1[0.12] R2[0.19] R4[0.06] R6[0.07] R7[0.07] R8[0.07];0.24;0.63;0.25;0.82;0.72;0.80;0.89;0.08;0.3034;0.2984;1
59;59;Agent_1;orders came from the seed rule base (rules as-is);0;0;R1[0.11] R2[0.19] R4[0.11] R6[0.06] R7[0.07] R8[0.06];0.43;0.64;0.43;0.77;0.69;0.76;0.86;0.08;0.0850;0.1616;1
60;60;Agent_1;RL selected stage 1 [evFIS] (deficit bucket: high+gap) → ACCEPTED: R30 consequents +0.05;1;1;R1[0.12] R2[0.19] R4[0.06] R6[0.07] R7[0.07] R8[0.07];0.24;0.63;0.26;0.82;0.72;0.80;0.89;0.08;0.3031;0.2986;1
60;60;Agent_1;orders came from the seed rule base (rules as-is);0;0;R1[0.11] R2[0.19] R4[0.11] R6[0.06] R7[0.07] R8[0.06];0.43;0.64;0.43;0.77;0.69;0.76;0.86;0.08;0.0864;0.1679;1
61;61;Agent_1;orders came from the seed rule base (rules as-is);0;0;R1[0.12] R2[0.18] R4[0.06] R6[0.07] R7[0.07] R8[0.07];0.24;0.63;0.26;0.82;0.72;0.80;0.89;0.08;0.3046;0.2987;1
61;61;Agent_1;orders came from the seed rule base (rules as-is);0;0;R1[0.11] R2[0.19] R4[0.11] R6[0.06] R7[0.07] R8[0.06];0.43;0.64;0.43;0.77;0.69;0.76;0.86;0.08;0.0751;0.1621;1
62;62;Agent_1;orders came from the seed rule base (rules as-is);0;0;R1[0.12] R2[0.18] R4[0.06] R6[0.07] R7[0.07] R8[0.07];0.24;0.63;0.26;0.82;0.72;0.80;0.89;0.08;0.3024;0.2989;1
62;62;Agent_1;orders came from the seed rule base (rules as-is);0;0;R1[0.11] R2[0.19] R4[0.11] R6[0.06] R7[0.07] R8[0.06];0.43;0.64;0.43;0.77;0.69;0.76;0.86;0.08;0.0752;0.1622;1
63;63;Agent_1;orders came from the seed rule base (rules as-is);0;0;R1[0.11] R2[0.18] R4[0.06] R6[0.07] R7[0.07] R8[0.07];0.24;0.63;0.26;0.82;0.72;0.80;0.89;0.08;0.3016;0.2991;1
63;63;Agent_1;orders came from the seed rule base (rules as-is);0;0;R1[0.11] R2[0.19] R4[0.11] R6[0.06] R7[0.07] R8[0.06];0.43;0.64;0.43;0.77;0.69;0.76;0.86;0.08;0.0752;0.1618;1
64;64;Agent_1;orders came from the seed rule base (rules as-is);0;0;R1[0.11] R2[0.18] R4[0.06] R6[0.07] R7[0.07] R8[0.07];0.24;0.63;0.26;0.82;0.72;0.80;0.89;0.08;0.3013;0.2992;1
64;64;Agent_1;orders came from the seed rule base (rules as-is);0;0;R1[0.11] R2[0.19] R4[0.11] R6[0.06] R7[0.07] R8[0.06];0.43;0.64;0.43;0.77;0.69;0.76;0.85;0.08;0.0752;0.1728;1
0;0;Agent_1;orders came from the seed rule base (rules as-is);0;0;R1[0.22] R2[0.21] R3[0.32] R4[0.11] R6[0.06] R7[0.07];0.46;0.61;0.46;0.80;0.63;0.49;0.82;0.00;0.2881;0.2819;1
0;0;Agent_1;RL selected stage 1 [evFIS] (deficit bucket: low) → rejected (no improving perturbation found | seed-base decision stands, its orders are applied);1;0;R1[0.22] R2[0.21] R3[0.32] R4[0.11] R6[0.06] R7[0.07];0.46;0.61;0.44;0.79;0.63;0.49;0.83;0.00;0.1172;0.1109;1
0;0;Agent_1;RL selected stage 1 [evFIS] (deficit bucket: low) → rejected (no improving perturbation found | seed-base decision stands, its orders are applied);1;0;R1[0.11] R2[0.17] R3[0.63] R4[0.04] R7[0.07] R9[0.11];0.39;0.60;0.37;0.81;0.59;0.37;0.74;0.00;0.0831;0.0769;1
1;1;Agent_1;orders came from the seed rule base (rules as-is);0;0;R1[0.21] R2[0.21] R3[0.30] R4[0.10] R6[0.07] R7[0.07];0.44;0.61;0.48;0.80;0.62;0.54;0.84;0.12;0.2133;0.2843;1
1;1;Agent_1;orders came from the seed rule base (rules as-is);0;0;R1[0.21] R2[0.21] R3[0.30] R4[0.10] R6[0.07] R7[0.07];0.44;0.61;0.43;0.79;0.62;0.54;0.85;0.12;0.0644;0.1183;1
1;1;Agent_1;orders came from the seed rule base (rules as-is);0;0;R1[0.10] R2[0.15] R3[0.58] R4[0.04] R7[0.07] R9[0.10];0.37;0.60;0.39;0.81;0.59;0.40;0.77;0.12;0.0471;0.0783;1
2;2;Agent_1;orders came from the seed rule base (rules as-is);0;0;R1[0.19] R2[0.21] R3[0.24] R4[0.11] R6[0.07] R7[0.07];0.41;0.61;0.41;0.78;0.68;0.74;0.87;0.12;0.0688;0.1211;1
2;2;Agent_1;orders came from the seed rule base (rules as-is);0;0;R1[0.09] R2[0.15] R3[0.50] R4[0.05] R7[0.07] R9[0.09];0.35;0.61;0.43;0.80;0.65;0.72;0.82;0.12;0.0480;0.0824;1
3;3;Agent_1;orders came from the seed rule base (rules as-is);0;0;R1[0.18] R2[0.21] R3[0.19] R4[0.11] R6[0.07] R7[0.07];0.42;0.61;0.41;0.78;0.68;0.74;0.88;0.12;0.0696;0.1249;1
3;3;Agent_1;orders came from the seed rule base (rules as-is);0;0;R1[0.09] R2[0.14] R3[0.43] R4[0.05] R7[0.07] R9[0.09];0.36;0.61;0.44;0.80;0.66;0.73;0.83;0.12;0.0505;0.0850;1
4;4;Agent_1;orders came from the seed rule base (rules as-is);0;0;R1[0.17] R2[0.21] R3[0.15] R4[0.11] R6[0.07] R7[0.07];0.42;0.61;0.41;0.78;0.68;0.75;0.88;0.12;0.0583;0.1260;1
4;4;Agent_1;orders came from the seed rule base (rules as-is);0;0;R1[0.08] R2[0.13] R3[0.38] R4[0.06] R7[0.07] R9[0.08];0.36;0.61;0.44;0.80;0.66;0.73;0.84;0.12;0.0481;0.0870;1
5;5;Agent_1;orders came from the seed rule base (rules as-is);0;0;R1[0.17] R2[0.21] R3[0.12] R4[0.11] R6[0.07] R7[0.07];0.42;0.62;0.41;0.77;0.68;0.75;0.88;0.12;0.0622;0.1297;1
5;5;Agent_1;orders came from the seed rule base (rules as-is);0;0;R1[0.08] R2[0.13] R3[0.34] R4[0.06] R7[0.07] R9[0.08];0.36;0.61;0.44;0.80;0.66;0.74;0.84;0.12;0.0489;0.0884;1
6;6;Agent_1;orders came from the seed rule base (rules as-is);0;0;R1[0.16] R2[0.21] R3[0.09] R4[0.12] R6[0.07] R7[0.07];0.42;0.62;0.41;0.77;0.68;0.75;0.89;0.12;0.0497;0.1318;1
6;6;Agent_1;orders came from the seed rule base (rules as-is);0;0;R1[0.08] R2[0.12] R3[0.31] R4[0.07] R7[0.07] R9[0.08];0.36;0.61;0.44;0.80;0.66;0.74;0.85;0.12;0.0433;0.0935;1
7;7;Agent_1;orders came from the seed rule base (rules as-is);0;0;R1[0.16] R2[0.21] R3[0.07] R4[0.12] R6[0.07] R7[0.07];0.43;0.62;0.41;0.77;0.68;0.75;0.89;0.12;0.0529;0.1344;1
7;7;Agent_1;orders came from the seed rule base (rules as-is);0;0;R1[0.08] R2[0.12] R3[0.29] R4[0.07] R7[0.07] R9[0.08];0.36;0.62;0.44;0.80;0.66;0.74;0.85;0.12;0.0433;0.0961;1
8;8;Agent_1;orders came from the seed rule base (rules as-is);0;0;R1[0.15] R2[0.21] R3[0.06] R4[0.12] R6[0.07] R7[0.07];0.43;0.62;0.41;0.77;0.68;0.75;0.89;0.12;0.0561;0.1354;1
8;8;Agent_1;orders came from the seed rule base (rules as-is);0;0;R1[0.07] R2[0.12] R3[0.27] R4[0.07] R7[0.07] R9[0.07];0.37;0.62;0.44;0.80;0.66;0.74;0.85;0.12;0.0342;0.0910;1
8;8;Agent_1;orders came from the seed rule base (rules as-is);0;0;R1[0.15] R2[0.21] R3[0.06] R4[0.12] R6[0.07] R7[0.07];0.43;0.62;0.41;0.77;0.68;0.75;0.89;0.12;0.0561;0.1354;1
8;8;Agent_1;orders came from the seed rule base (rules as-is);0;0;R1[0.07] R2[0.12] R3[0.27] R4[0.07] R7[0.07] R9[0.07];0.37;0.62;0.44;0.80;0.66;0.74;0.85;0.12;0.0342;0.0910;1
8;8;Agent_1;orders came from the seed rule base (rules as-is);0;0;R1[0.07] R2[0.12] R3[0.27] R4[0.07] R7[0.07] R9[0.07];0.37;0.62;0.44;0.80;0.66;0.74;0.85;0.12;0.0342;0.0910;1
9;9;Agent_1;orders came from the seed rule base (rules as-is);0;0;R1[0.15] R2[0.21] R3[0.05] R4[0.12] R6[0.07] R7[0.07];0.43;0.62;0.41;0.77;0.68;0.75;0.89;0.12;0.0622;0.1364;1
9;9;Agent_1;orders came from the seed rule base (rules as-is);0;0;R1[0.07] R2[0.11] R3[0.25] R4[0.07] R7[0.07] R9[0.07];0.37;0.62;0.44;0.80;0.66;0.74;0.86;0.12;0.0351;0.0917;1
10;10;Agent_1;RL selected stage 1 [evFIS] (deficit bucket: mid+gap) → ACCEPTED: R30 consequents +0.05;1;1;R1[0.15] R2[0.21] R3[0.04] R4[0.12] R6[0.07] R7[0.07];0.43;0.62;0.43;0.78;0.68;0.75;0.89;0.12;0.0668;0.1374;1
10;10;Agent_1;RL selected stage 1 [evFIS] (deficit bucket: mid+gap) → ACCEPTED: R30 consequents +0.05;1;1;R1[0.07] R2[0.11] R3[0.24] R4[0.07] R7[0.07] R9[0.07];0.37;0.62;0.46;0.81;0.66;0.74;0.85;0.12;0.0317;0.0943;1
11;11;Agent_1;orders came from the seed rule base (rules as-is);0;0;R1[0.15] R2[0.21] R3[0.03] R4[0.12] R6[0.07] R7[0.07];0.43;0.62;0.43;0.78;0.68;0.75;0.89;0.11;0.0720;0.1375;1
11;11;Agent_1;orders came from the seed rule base (rules as-is);0;0;R1[0.07] R2[0.11] R3[0.23] R4[0.07] R7[0.07] R9[0.07];0.37;0.62;0.46;0.81;0.66;0.74;0.86;0.11;0.0300;0.0943;1
12;12;Agent_1;orders came from the seed rule base (rules as-is);0;0;R1[0.15] R2[0.21] R3[0.02] R4[0.12] R6[0.07] R7[0.07];0.43;0.62;0.43;0.78;0.68;0.75;0.89;0.11;0.0706;0.1375;1
12;12;Agent_1;orders came from the seed rule base (rules as-is);0;0;R1[0.07] R2[0.11] R3[0.22] R4[0.07] R7[0.07] R9[0.07];0.37;0.62;0.46;0.81;0.66;0.74;0.86;0.11;0.0309;0.0950;1
13;13;Agent_1;orders came from the seed rule base (rules as-is);0;0;R1[0.14] R2[0.21] R3[0.02] R4[0.12] R6[0.07] R7[0.07];0.43;0.63;0.43;0.78;0.68;0.75;0.89;0.11;0.0707;0.1405;1
13;13;Agent_1;orders came from the seed rule base (rules as-is);0;0;R1[0.07] R2[0.11] R3[0.21] R4[0.07] R7[0.07] R9[0.07];0.37;0.62;0.46;0.81;0.66;0.74;0.86;0.11;0.0309;0.0956;1
14;14;Agent_1;orders came from the seed rule base (rules as-is);0;0;R1[0.14] R2[0.21] R3[0.02] R4[0.12] R6[0.07] R7[0.07];0.43;0.63;0.43;0.78;0.68;0.75;0.89;0.11;0.0743;0.1405;1
14;14;Agent_1;orders came from the seed rule base (rules as-is);0;0;R1[0.07] R2[0.11] R3[0.21] R4[0.07] R7[0.07] R9[0.07];0.37;0.62;0.46;0.81;0.66;0.75;0.86;0.11;0.0318;0.0950;1
15;15;Agent_1;orders came from the seed rule base (rules as-is);0;0;R1[0.14] R2[0.21] R3[0.01] R4[0.12] R6[0.07] R7[0.07];0.43;0.63;0.43;0.78;0.68;0.75;0.89;0.11;0.0808;0.1415;1
15;15;Agent_1;orders came from the seed rule base (rules as-is);0;0;R1[0.07] R2[0.11] R3[0.20] R4[0.07] R7[0.07] R9[0.07];0.37;0.62;0.46;0.81;0.66;0.75;0.86;0.11;0.0319;0.0938;1
16;16;Agent_1;orders came from the seed rule base (rules as-is);0;0;R1[0.14] R2[0.21] R4[0.12] R6[0.07] R7[0.07] R8[0.07];0.43;0.63;0.43;0.78;0.68;0.75;0.89;0.11;0.0843;0.1444;1
16;16;Agent_1;orders came from the seed rule base (rules as-is);0;0;R1[0.07] R2[0.11] R3[0.20] R4[0.07] R7[0.07] R9[0.07];0.37;0.62;0.46;0.81;0.66;0.75;0.86;0.11;0.0344;0.0932;1
17;17;Agent_1;orders came from the seed rule base (rules as-is);0;0;R1[0.14] R2[0.21] R4[0.12] R6[0.07] R7[0.07] R8[0.07];0.43;0.63;0.43;0.78;0.68;0.75;0.89;0.11;0.0619;0.1454;1
17;17;Agent_1;orders came from the seed rule base (rules as-is);0;0;R1[0.07] R2[0.11] R3[0.20] R4[0.07] R7[0.07] R9[0.07];0.37;0.62;0.46;0.81;0.66;0.75;0.86;0.11;0.0345;0.0982;1
18;18;Agent_1;orders came from the seed rule base (rules as-is);0;0;R1[0.14] R2[0.21] R4[0.12] R6[0.07] R7[0.07] R8[0.07];0.43;0.63;0.43;0.78;0.68;0.75;0.89;0.11;0.0649;0.1454;1
18;18;Agent_1;orders came from the seed rule base (rules as-is);0;0;R1[0.07] R2[0.10] R3[0.19] R4[0.07] R7[0.07] R9[0.07];0.37;0.62;0.46;0.81;0.66;0.75;0.86;0.11;0.0345;0.0939;1
19;19;Agent_1;orders came from the seed rule base (rules as-is);0;0;R1[0.14] R2[0.21] R4[0.12] R6[0.07] R7[0.07] R8[0.07];0.43;0.63;0.43;0.78;0.68;0.75;0.89;0.11;0.0321;0.1464;1
19;19;Agent_1;orders came from the seed rule base (rules as-is);0;0;R1[0.07] R2[0.10] R3[0.19] R4[0.07] R7[0.07] R9[0.07];0.37;0.62;0.46;0.81;0.66;0.75;0.86;0.11;0.0242;0.1038;1
20;20;Agent_1;orders came from the seed rule base (rules as-is);0;0;R1[0.14] R2[0.21] R4[0.12] R6[0.07] R7[0.07] R8[0.07];0.43;0.63;0.43;0.78;0.68;0.75;0.89;0.11;0.0339;0.1464;1
20;20;Agent_1;orders came from the seed rule base (rules as-is);0;0;R1[0.07] R2[0.10] R3[0.19] R4[0.07] R7[0.07] R9[0.07];0.37;0.62;0.46;0.81;0.66;0.75;0.86;0.11;0.0252;0.0933;1
21;21;Agent_1;orders came from the seed rule base (rules as-is);0;0;R1[0.14] R2[0.21] R4[0.12] R6[0.07] R7[0.07] R8[0.07];0.43;0.63;0.43;0.78;0.68;0.75;0.89;0.11;0.0347;0.1469;1
21;21;Agent_1;orders came from the seed rule base (rules as-is);0;0;R1[0.07] R2[0.10] R3[0.19] R4[0.07] R7[0.07] R9[0.07];0.37;0.62;0.46;0.81;0.66;0.75;0.85;0.11;0.0269;0.0921;1
21;21;Agent_1;orders came from the seed rule base (rules as-is);0;0;R1[0.14] R2[0.21] R4[0.12] R6[0.07] R7[0.07] R8[0.07];0.43;0.63;0.43;0.78;0.68;0.75;0.89;0.11;0.0347;0.1469;1
21;21;Agent_1;orders came from the seed rule base (rules as-is);0;0;R1[0.07] R2[0.10] R3[0.19] R4[0.07] R7[0.07] R9[0.07];0.37;0.62;0.46;0.81;0.66;0.75;0.85;0.11;0.0269;0.0921;1
21;21;Agent_1;orders came from the seed rule base (rules as-is);0;0;R1[0.07] R2[0.10] R3[0.19] R4[0.07] R7[0.07] R9[0.07];0.37;0.62;0.46;0.81;0.66;0.75;0.85;0.11;0.0269;0.0921;1
22;22;Agent_1;RL selected stage 1 [evFIS] (deficit bucket: mid+gap) → rejected (no improving perturbation found | seed-base decision stands, its orders are applied);1;0;R1[0.14] R2[0.21] R4[0.12] R6[0.07] R7[0.07] R8[0.07];0.43;0.63;0.43;0.78;0.68;0.75;0.89;0.11;0.0244;0.1479;1
22;22;Agent_1;orders came from the seed rule base (rules as-is);0;0;R1[0.07] R2[0.10] R3[0.19] R4[0.07] R7[0.07] R9[0.07];0.37;0.62;0.46;0.81;0.66;0.75;0.85;0.11;0.0278;0.1021;1
23;23;Agent_1;orders came from the seed rule base (rules as-is);0;0;R1[0.14] R2[0.21] R4[0.12] R6[0.07] R7[0.07] R8[0.07];0.43;0.63;0.43;0.78;0.68;0.75;0.89;0.10;0.0245;0.1595;1
23;23;Agent_1;orders came from the seed rule base (rules as-is);0;0;R1[0.07] R2[0.10] R3[0.19] R4[0.07] R7[0.07] R9[0.07];0.37;0.62;0.46;0.81;0.66;0.75;0.85;0.10;0.0279;0.0940;1
23;23;Agent_1;orders came from the seed rule base (rules as-is);0;0;R1[0.14] R2[0.21] R4[0.12] R6[0.07] R7[0.07] R8[0.07];0.43;0.63;0.43;0.78;0.68;0.75;0.89;0.10;0.0245;0.1595;1
23;23;Agent_1;orders came from the seed rule base (rules as-is);0;0;R1[0.07] R2[0.10] R3[0.19] R4[0.07] R7[0.07] R9[0.07];0.37;0.62;0.46;0.81;0.66;0.75;0.85;0.10;0.0279;0.0940;1
23;23;Agent_1;orders came from the seed rule base (rules as-is);0;0;R1[0.07] R2[0.10] R3[0.19] R4[0.07] R7[0.07] R9[0.07];0.37;0.62;0.46;0.81;0.66;0.75;0.85;0.10;0.0279;0.0940;1
24;24;Agent_1;orders came from the seed rule base (rules as-is);0;0;R1[0.14] R2[0.21] R4[0.12] R6[0.07] R7[0.07] R8[0.07];0.43;0.63;0.43;0.78;0.68;0.75;0.88;0.10;0.0245;0.1484;1
24;24;Agent_1;orders came from the seed rule base (rules as-is);0;0;R1[0.07] R2[0.10] R3[0.18] R4[0.07] R7[0.07] R9[0.07];0.37;0.62;0.46;0.81;0.66;0.75;0.85;0.10;0.0279;0.0941;1
25;25;Agent_1;orders came from the seed rule base (rules as-is);0;0;R1[0.13] R2[0.21] R4[0.12] R6[0.07] R7[0.07] R8[0.07];0.43;0.63;0.43;0.78;0.68;0.75;0.88;0.10;0.0245;0.1494;1
25;25;Agent_1;orders came from the seed rule base (rules as-is);0;0;R1[0.06] R2[0.10] R3[0.18] R4[0.06] R7[0.07] R9[0.06];0.37;0.62;0.46;0.81;0.66;0.75;0.85;0.10;0.0297;0.0947;1
26;26;Agent_1;orders came from the seed rule base (rules as-is);0;0;R1[0.13] R2[0.21] R4[0.12] R6[0.07] R7[0.07] R8[0.07];0.43;0.63;0.43;0.78;0.68;0.75;0.88;0.10;0.0245;0.1499;1
26;26;Agent_1;RL selected stage 1 [evFIS] (deficit bucket: mid+gap) → ACCEPTED: R30 consequents +0.05;1;1;R1[0.06] R2[0.10] R3[0.18] R4[0.06] R7[0.07] R9[0.06];0.37;0.62;0.48;0.82;0.66;0.75;0.85;0.10;0.0245;0.0948;1
27;27;Agent_1;orders came from the seed rule base (rules as-is);0;0;R1[0.13] R2[0.21] R4[0.12] R6[0.07] R7[0.07] R8[0.07];0.43;0.63;0.43;0.77;0.68;0.75;0.88;0.10;0.0246;0.1622;1
27;27;Agent_1;orders came from the seed rule base (rules as-is);0;0;R1[0.06] R2[0.10] R3[0.18] R4[0.06] R7[0.07] R9[0.06];0.37;0.62;0.48;0.82;0.66;0.75;0.85;0.10;0.0255;0.1059;1
28;28;Agent_1;orders came from the seed rule base (rules as-is);0;0;R1[0.13] R2[0.21] R4[0.12] R6[0.07] R7[0.07] R8[0.07];0.43;0.63;0.43;0.77;0.68;0.75;0.88;0.10;0.0246;0.1647;1
28;28;Agent_1;orders came from the seed rule base (rules as-is);0;0;R1[0.06] R2[0.10] R3[0.18] R4[0.06] R7[0.07] R9[0.06];0.37;0.62;0.48;0.82;0.66;0.75;0.85;0.10;0.0264;0.0955;1
29;29;Agent_1;orders came from the seed rule base (rules as-is);0;0;R1[0.13] R2[0.21] R4[0.12] R6[0.07] R7[0.07] R8[0.07];0.43;0.63;0.43;0.77;0.68;0.75;0.88;0.10;0.0246;0.1509;1
29;29;Agent_1;orders came from the seed rule base (rules as-is);0;0;R1[0.06] R2[0.10] R3[0.18] R4[0.06] R7[0.07] R9[0.06];0.37;0.62;0.48;0.82;0.66;0.75;0.85;0.10;0.0264;0.0942;1
30;30;Agent_1;orders came from the seed rule base (rules as-is);0;0;R1[0.13] R2[0.21] R4[0.12] R6[0.07] R7[0.07] R8[0.07];0.43;0.63;0.43;0.77;0.68;0.75;0.88;0.10;0.0247;0.1509;1
30;30;Agent_1;orders came from the seed rule base (rules as-is);0;0;R1[0.06] R2[0.10] R3[0.18] R4[0.06] R7[0.07] R9[0.06];0.37;0.62;0.48;0.82;0.66;0.75;0.85;0.10;0.0264;0.0917;1
31;31;Agent_1;orders came from the seed rule base (rules as-is);0;0;R1[0.13] R2[0.21] R4[0.12] R6[0.07] R7[0.07] R8[0.07];0.43;0.63;0.43;0.77;0.68;0.75;0.88;0.10;0.0256;0.1509;1
31;31;Agent_1;orders came from the seed rule base (rules as-is);0;0;R1[0.06] R2[0.10] R3[0.18] R4[0.06] R7[0.07] R9[0.06];0.37;0.62;0.48;0.82;0.66;0.75;0.85;0.10;0.0265;0.1113;1
32;32;Agent_1;orders came from the seed rule base (rules as-is);0;0;R1[0.13] R2[0.21] R4[0.12] R6[0.07] R7[0.07] R8[0.07];0.43;0.63;0.43;0.77;0.68;0.75;0.88;0.10;0.0876;0.1510;1
32;32;Agent_1;orders came from the seed rule base (rules as-is);0;0;R1[0.06] R2[0.10] R3[0.18] R4[0.06] R7[0.07] R9[0.06];0.37;0.62;0.48;0.82;0.66;0.75;0.85;0.10;0.0274;0.0956;1
32;32;Agent_1;orders came from the seed rule base (rules as-is);0;0;R1[0.13] R2[0.21] R4[0.12] R6[0.07] R7[0.07] R8[0.07];0.43;0.63;0.43;0.77;0.68;0.75;0.88;0.10;0.0876;0.1510;1
32;32;Agent_1;orders came from the seed rule base (rules as-is);0;0;R1[0.06] R2[0.10] R3[0.18] R4[0.06] R7[0.07] R9[0.06];0.37;0.62;0.48;0.82;0.66;0.75;0.85;0.10;0.0274;0.0956;1
32;32;Agent_1;orders came from the seed rule base (rules as-is);0;0;R1[0.06] R2[0.10] R3[0.18] R4[0.06] R7[0.07] R9[0.06];0.37;0.62;0.48;0.82;0.66;0.75;0.85;0.10;0.0274;0.0956;1
33;33;Agent_1;RL selected stage 2 [resolution increase] (deficit bucket: mid+gap) → rejected (cell already covered — an active rule sits on this antecedent cell; numeric tuning of an existing cell is stage ① evFIS's job | seed-base decision stands, its orders are applied);2;0;R1[0.13] R2[0.21] R4[0.12] R6[0.07] R7[0.07] R8[0.07];0.43;0.63;0.43;0.77;0.68;0.75;0.88;0.10;0.0871;0.1528;1
33;33;Agent_1;orders came from the seed rule base (rules as-is);0;0;R1[0.06] R2[0.10] R3[0.18] R4[0.06] R7[0.07] R9[0.06];0.37;0.62;0.48;0.82;0.66;0.75;0.85;0.10;0.0275;0.0988;1
34;34;Agent_1;orders came from the seed rule base (rules as-is);0;0;R1[0.13] R2[0.21] R4[0.12] R6[0.07] R7[0.07] R8[0.07];0.43;0.63;0.43;0.77;0.68;0.75;0.88;0.10;0.0885;0.1533;1
34;34;Agent_1;orders came from the seed rule base (rules as-is);0;0;R1[0.06] R2[0.10] R3[0.18] R4[0.06] R7[0.07] R9[0.06];0.37;0.62;0.48;0.82;0.66;0.75;0.84;0.10;0.0240;0.1154;1
35;35;Agent_1;orders came from the seed rule base (rules as-is);0;0;R1[0.13] R2[0.21] R4[0.12] R6[0.07] R7[0.07] R8[0.07];0.43;0.63;0.43;0.77;0.68;0.75;0.88;0.10;0.0905;0.1793;1
35;35;Agent_1;orders came from the seed rule base (rules as-is);0;0;R1[0.06] R2[0.10] R3[0.18] R4[0.06] R7[0.07] R9[0.06];0.37;0.62;0.48;0.82;0.66;0.75;0.84;0.10;0.0240;0.0988;1
36;36;Agent_1;orders came from the seed rule base (rules as-is);0;0;R1[0.13] R2[0.20] R4[0.12] R6[0.07] R7[0.07] R8[0.07];0.43;0.63;0.43;0.77;0.68;0.75;0.88;0.09;0.0919;0.1547;1
36;36;Agent_1;orders came from the seed rule base (rules as-is);0;0;R1[0.06] R2[0.10] R3[0.17] R4[0.06] R7[0.07] R9[0.06];0.37;0.62;0.48;0.82;0.66;0.75;0.84;0.09;0.0241;0.1188;1
37;37;Agent_1;orders came from the seed rule base (rules as-is);0;0;R1[0.13] R2[0.20] R4[0.11] R6[0.07] R7[0.07] R8[0.07];0.43;0.63;0.43;0.77;0.68;0.75;0.87;0.09;0.0927;0.1547;1
37;37;Agent_1;orders came from the seed rule base (rules as-is);0;0;R1[0.06] R2[0.10] R3[0.17] R4[0.06] R7[0.07] R9[0.06];0.37;0.62;0.48;0.82;0.66;0.75;0.84;0.09;0.0241;0.1227;1
37;37;Agent_1;orders came from the seed rule base (rules as-is);0;0;R1[0.13] R2[0.20] R4[0.11] R6[0.07] R7[0.07] R8[0.07];0.43;0.63;0.43;0.77;0.68;0.75;0.87;0.09;0.0927;0.1547;1
37;37;Agent_1;orders came from the seed rule base (rules as-is);0;0;R1[0.06] R2[0.10] R3[0.17] R4[0.06] R7[0.07] R9[0.06];0.37;0.62;0.48;0.82;0.66;0.75;0.84;0.09;0.0241;0.1227;1
37;37;Agent_1;orders came from the seed rule base (rules as-is);0;0;R1[0.06] R2[0.10] R3[0.17] R4[0.06] R7[0.07] R9[0.06];0.37;0.62;0.48;0.82;0.66;0.75;0.84;0.09;0.0241;0.1227;1
38;38;Agent_1;orders came from the seed rule base (rules as-is);0;0;R1[0.13] R2[0.20] R4[0.11] R6[0.07] R7[0.07] R8[0.07];0.43;0.63;0.43;0.77;0.68;0.75;0.87;0.09;0.0940;0.1702;1
38;38;Agent_1;orders came from the seed rule base (rules as-is);0;0;R1[0.06] R2[0.10] R3[0.17] R4[0.06] R7[0.07] R9[0.06];0.37;0.62;0.48;0.82;0.66;0.75;0.84;0.09;0.0241;0.1161;1
39;39;Agent_1;orders came from the seed rule base (rules as-is);0;0;R1[0.13] R2[0.20] R4[0.11] R6[0.07] R7[0.07] R8[0.07];0.43;0.63;0.43;0.77;0.68;0.75;0.87;0.09;0.0942;0.1557;1
39;39;Agent_1;orders came from the seed rule base (rules as-is);0;0;R1[0.06] R2[0.10] R3[0.17] R4[0.06] R7[0.07] R9[0.06];0.37;0.62;0.48;0.82;0.66;0.75;0.84;0.09;0.0242;0.0958;1
40;40;Agent_1;orders came from the seed rule base (rules as-is);0;0;R1[0.13] R2[0.20] R4[0.11] R6[0.07] R7[0.07] R8[0.07];0.43;0.63;0.43;0.77;0.68;0.75;0.87;0.09;0.0889;0.1557;1
40;40;Agent_1;orders came from the seed rule base (rules as-is);0;0;R1[0.06] R2[0.10] R3[0.17] R4[0.06] R7[0.07] R9[0.06];0.37;0.62;0.48;0.82;0.65;0.75;0.84;0.09;0.0242;0.0965;1
41;41;Agent_1;orders came from the seed rule base (rules as-is);0;0;R1[0.13] R2[0.20] R4[0.11] R6[0.07] R7[0.07] R8[0.07];0.43;0.63;0.43;0.77;0.68;0.75;0.87;0.09;0.0896;0.1919;1
41;41;Agent_1;orders came from the seed rule base (rules as-is);0;0;R1[0.06] R2[0.09] R3[0.17] R4[0.06] R7[0.07] R9[0.06];0.37;0.62;0.48;0.82;0.65;0.75;0.84;0.09;0.0242;0.0965;1
41;41;Agent_1;orders came from the seed rule base (rules as-is);0;0;R1[0.13] R2[0.20] R4[0.11] R6[0.07] R7[0.07] R8[0.07];0.43;0.63;0.43;0.77;0.68;0.75;0.87;0.09;0.0896;0.1919;1
41;41;Agent_1;orders came from the seed rule base (rules as-is);0;0;R1[0.06] R2[0.09] R3[0.17] R4[0.06] R7[0.07] R9[0.06];0.37;0.62;0.48;0.82;0.65;0.75;0.84;0.09;0.0242;0.0965;1
41;41;Agent_1;orders came from the seed rule base (rules as-is);0;0;R1[0.06] R2[0.09] R3[0.17] R4[0.06] R7[0.07] R9[0.06];0.37;0.62;0.48;0.82;0.65;0.75;0.84;0.09;0.0242;0.0965;1
42;42;Agent_1;orders came from the seed rule base (rules as-is);0;0;R1[0.13] R2[0.20] R4[0.11] R6[0.07] R7[0.07] R8[0.07];0.43;0.63;0.43;0.77;0.68;0.75;0.87;0.09;0.0891;0.1817;1
42;42;Agent_1;orders came from the seed rule base (rules as-is);0;0;R1[0.06] R2[0.09] R3[0.17] R4[0.06] R7[0.07] R9[0.06];0.37;0.62;0.48;0.82;0.65;0.74;0.84;0.09;0.0243;0.1003;1
43;43;Agent_1;RL selected stage 1 [evFIS] (deficit bucket: mid+gap) → rejected (no improving perturbation found | seed-base decision stands, its orders are applied);1;0;R1[0.12] R2[0.20] R4[0.12] R6[0.07] R7[0.07] R8[0.07];0.43;0.63;0.43;0.77;0.69;0.76;0.87;0.09;0.0919;0.1593;1
43;43;Agent_1;orders came from the seed rule base (rules as-is);0;0;R1[0.06] R2[0.09] R3[0.17] R4[0.06] R7[0.07] R9[0.06];0.37;0.62;0.48;0.82;0.65;0.74;0.84;0.09;0.0243;0.1009;1
44;44;Agent_1;orders came from the seed rule base (rules as-is);0;0;R1[0.12] R2[0.20] R4[0.12] R6[0.07] R7[0.07] R8[0.07];0.43;0.63;0.43;0.77;0.69;0.76;0.87;0.09;0.0950;0.1597;1
44;44;Agent_1;orders came from the seed rule base (rules as-is);0;0;R1[0.06] R2[0.09] R3[0.17] R4[0.06] R7[0.07] R9[0.06];0.37;0.62;0.48;0.82;0.65;0.74;0.84;0.09;0.0243;0.0973;1
45;45;Agent_1;orders came from the seed rule base (rules as-is);0;0;R1[0.12] R2[0.20] R4[0.12] R6[0.07] R7[0.07] R8[0.07];0.43;0.63;0.43;0.77;0.69;0.76;0.87;0.09;0.0944;0.2057;1
45;45;Agent_1;orders came from the seed rule base (rules as-is);0;0;R1[0.06] R2[0.09] R3[0.17] R4[0.06] R7[0.07] R9[0.06];0.37;0.62;0.48;0.82;0.65;0.74;0.84;0.09;0.0244;0.0960;1
