scenario,arm,seed,t_min,burned_cells,j_phys
S3,Test0,101,2.0,5,0.00109
S3,Test0,101,14.0,39,0.00833
S3,Test0,101,26.0,113,0.02304
S3,Test0,101,38.0,216,0.04144
S3,Test0,101,50.0,367,0.06894
S3,Test0,101,62.0,528,0.11295
S3,Test0,101,74.0,654,0.14461
S3,Test0,101,86.0,854,0.17769
S3,Test0,101,98.0,1051,0.20726
S3,Test0,101,110.0,1196,0.23978
S3,Test0,101,122.0,1408,0.27887
S3,Test0,101,134.0,1716,0.32579
S3,Test0,101,146.0,1904,0.36091
S3,Test0,101,158.0,2062,0.39894
S3,Test0,101,170.0,2170,0.41942
S3,Test0,101,182.0,2225,0.42916
S3,Test0,101,194.0,2251,0.4365
S3,Test0,101,206.0,2265,0.44071
S3,Test0,101,218.0,2268,0.44265
S3,Test0,101,230.0,2287,0.44833
S3,Test0,101,242.0,2361,0.45613
S3,Test0,101,254.0,2470,0.46398
S3,Test0,101,266.0,2593,0.48554
S3,Test0,101,278.0,2688,0.51255
S3,Test0,101,290.0,2772,0.53024
S3,Test0,101,302.0,2858,0.54507
S3,Test0,101,314.0,2900,0.55719
S3,Test0,101,326.0,3003,0.58159
S3,Test0,101,338.0,3030,0.58943
S3,Test0,101,350.0,3034,0.59337
S2,Test0,101,2.0,13,0.00281
S2,Test0,101,14.0,209,0.04003
S2,Test0,101,26.0,456,0.07648
S2,Test0,101,38.0,804,0.11475
S2,Test0,101,50.0,1017,0.13302
S2,Test0,101,62.0,1255,0.15013
S2,Test0,101,74.0,1527,0.16642
S2,Test0,101,86.0,1734,0.20778
S2,Test0,101,98.0,2053,0.32023
S2,Test0,101,110.0,2141,0.36676
S2,Test0,101,122.0,2201,0.38414
S2,Test0,101,134.0,2232,0.39712
S2,Test0,101,146.0,2304,0.41963
S2,Test0,101,158.0,2376,0.42786
S2,Test0,101,170.0,2390,0.43664
S2,Test0,101,182.0,2392,0.43846
S2,Test0,101,194.0,2393,0.4401
S2,Test0,101,206.0,2395,0.4417
S2,Test0,101,218.0,2395,0.44314
S2,Test0,101,230.0,2395,0.44451
S2,Test0,101,242.0,2396,0.44589
S2,Test0,101,254.0,2397,0.44887
S2,Test0,101,266.0,2397,0.45021
S2,Test0,101,278.0,2400,0.45975
S2,Test0,101,290.0,2414,0.46815
S2,Test0,101,302.0,2442,0.48099
S2,Test0,101,314.0,2475,0.49991
S2,Test0,101,326.0,2485,0.51011
S2,Test0,101,338.0,2491,0.51544
S2,Test0,101,350.0,2503,0.51934
S4,Test0,101,2.0,9,0.00196
S4,Test0,101,14.0,54,0.01142
S4,Test0,101,26.0,181,0.03544
S4,Test0,101,38.0,377,0.07036
S4,Test0,101,50.0,587,0.11998
S4,Test0,101,62.0,795,0.1812
S4,Test0,101,74.0,979,0.22832
S4,Test0,101,86.0,1242,0.2662
S4,Test0,101,98.0,1429,0.29978
S4,Test0,101,110.0,1621,0.3302
S4,Test0,101,122.0,1809,0.35642
S4,Test0,101,134.0,1903,0.374
S4,Test0,101,146.0,1995,0.39119
S4,Test0,101,158.0,2106,0.41363
S4,Test0,101,170.0,2191,0.42705
S4,Test0,101,182.0,2240,0.43455
S4,Test0,101,194.0,2254,0.44024
S4,Test0,101,206.0,2265,0.44375
S4,Test0,101,218.0,2267,0.44537
S4,Test0,101,230.0,2272,0.44707
S4,Test0,101,242.0,2294,0.44935
S4,Test0,101,254.0,2338,0.45237
S4,Test0,101,266.0,2427,0.46069
S4,Test0,101,278.0,2527,0.47335
S4,Test0,101,290.0,2674,0.49569
S4,Test0,101,302.0,2753,0.5119
S4,Test0,101,314.0,2781,0.51813
S4,Test0,101,326.0,2825,0.52639
S4,Test0,101,338.0,2855,0.5409
S4,Test0,101,350.0,2861,0.54699
S1,Test0,101,2.0,7,0.00152
S1,Test0,101,14.0,91,0.0187
S1,Test0,101,26.0,175,0.03418
S1,Test0,101,38.0,322,0.05791
S1,Test0,101,50.0,526,0.08522
S1,Test0,101,62.0,781,0.11258
S1,Test0,101,74.0,1057,0.13611
S1,Test0,101,86.0,1294,0.15266
S1,Test0,101,98.0,1445,0.16182
S1,Test0,101,110.0,1605,0.17057
S1,Test0,101,122.0,1701,0.17541
S1,Test0,101,134.0,1737,0.19499
S1,Test0,101,146.0,1756,0.21945
S1,Test0,101,158.0,1825,0.28137
S1,Test0,101,170.0,2038,0.35233
S1,Test0,101,182.0,2057,0.36524
S1,Test0,101,194.0,2069,0.38234
S1,Test0,101,206.0,2081,0.39298
S1,Test0,101,218.0,2161,0.416
S1,Test0,101,230.0,2242,0.43088
S1,Test0,101,242.0,2278,0.43406
S1,Test0,101,254.0,2305,0.4367
S1,Test0,101,266.0,2325,0.43897
S1,Test0,101,278.0,2341,0.44104
S1,Test0,101,290.0,2364,0.44323
S1,Test0,101,302.0,2393,0.44556
S1,Test0,101,314.0,2395,0.44696
S1,Test0,101,326.0,2395,0.44829
S1,Test0,101,338.0,2396,0.44965
S1,Test0,101,350.0,2396,0.45098
S5,Test0,101,2.0,9,0.00196
S5,Test0,101,14.0,54,0.01142
S5,Test0,101,26.0,181,0.03544
S5,Test0,101,38.0,377,0.07036
S5,Test0,101,50.0,587,0.11998
S5,Test0,101,62.0,795,0.1812
S5,Test0,101,74.0,979,0.22832
S5,Test0,101,86.0,1242,0.2662
S5,Test0,101,98.0,1429,0.29978
S5,Test0,101,110.0,1621,0.3302
S5,Test0,101,122.0,1809,0.35642
S5,Test0,101,134.0,1903,0.374
S5,Test0,101,146.0,1995,0.39119
S5,Test0,101,158.0,2106,0.41363
S5,Test0,101,170.0,2191,0.42705
S5,Test0,101,182.0,2240,0.43455
S5,Test0,101,194.0,2254,0.44024
S5,Test0,101,206.0,2265,0.44375
S5,Test0,101,218.0,2267,0.44537
S5,Test0,101,230.0,2272,0.44707
S5,Test0,101,242.0,2294,0.44935
S5,Test0,101,254.0,2338,0.45237
S5,Test0,101,266.0,2427,0.46069
S5,Test0,101,278.0,2527,0.47335
S5,Test0,101,290.0,2674,0.49569
S5,Test0,101,302.0,2753,0.5119
S5,Test0,101,314.0,2781,0.51813
S5,Test0,101,326.0,2825,0.52639
S5,Test0,101,338.0,2855,0.5409
S5,Test0,101,350.0,2861,0.54699
S1,Test0,102,2.0,6,0.00134
S1,Test0,102,14.0,155,0.03138
S1,Test0,102,26.0,383,0.06811
S1,Test0,102,38.0,571,0.09228
S1,Test0,102,50.0,755,0.11203
S1,Test0,102,62.0,926,0.12768
S1,Test0,102,74.0,1033,0.1364
S1,Test0,102,86.0,1088,0.1406
S1,Test0,102,98.0,1152,0.14761
S1,Test0,102,110.0,1246,0.15407
S1,Test0,102,122.0,1361,0.16374
S1,Test0,102,134.0,1515,0.21734
S1,Test0,102,146.0,1652,0.24819
S1,Test0,102,158.0,1983,0.26818
S1,Test0,102,170.0,2248,0.30455
S1,Test0,102,182.0,2387,0.36347
S1,Test0,102,194.0,2501,0.38991
S1,Test0,102,206.0,2555,0.45103
S1,Test0,102,218.0,2598,0.47857
S1,Test0,102,230.0,2636,0.49623
S1,Test0,102,242.0,2689,0.51661
S1,Test0,102,254.0,2738,0.52744
S1,Test0,102,266.0,2766,0.53061
S1,Test0,102,278.0,2814,0.53426
S1,Test0,102,290.0,2896,0.54108
S1,Test0,102,302.0,2946,0.54466
S1,Test0,102,314.0,2957,0.54961
S1,Test0,102,326.0,2962,0.55207
S1,Test0,102,338.0,2973,0.58243
S1,Test0,102,350.0,2979,0.58995
S2,Test0,102,2.0,10,0.00222
S2,Test0,102,14.0,162,0.03266
S2,Test0,102,26.0,403,0.07091
S2,Test0,102,38.0,621,0.09799
S2,Test0,102,50.0,841,0.12019
S2,Test0,102,62.0,1091,0.14082
S2,Test0,102,74.0,1263,0.15284
S2,Test0,102,86.0,1363,0.15916
S2,Test0,102,98.0,1558,0.17265
S2,Test0,102,110.0,1778,0.18362
S2,Test0,102,122.0,2015,0.24607
S2,Test0,102,134.0,2181,0.26391
S2,Test0,102,146.0,2248,0.27358
S2,Test0,102,158.0,2276,0.27481
S2,Test0,102,170.0,2324,0.29323
S2,Test0,102,182.0,2372,0.3566
S2,Test0,102,194.0,2428,0.40182
S2,Test0,102,206.0,2456,0.41655
S2,Test0,102,218.0,2479,0.43338
S2,Test0,102,230.0,2532,0.4511
S2,Test0,102,242.0,2583,0.45937
S2,Test0,102,254.0,2623,0.4673
S2,Test0,102,266.0,2681,0.47334
S2,Test0,102,278.0,2781,0.47814
S2,Test0,102,290.0,2834,0.48388
S2,Test0,102,302.0,2844,0.51391
S2,Test0,102,314.0,2848,0.52113
S2,Test0,102,326.0,2848,0.52351
S2,Test0,102,338.0,2848,0.52584
S2,Test0,102,350.0,2848,0.52815
S3,F5,101,2.0,5,0.00109
S3,F5,101,14.0,36,0.0077
S3,F5,101,26.0,65,0.01366
S3,F5,101,38.0,80,0.01665
S3,F5,101,50.0,109,0.02228
S3,F5,101,62.0,112,0.02285
S3,F5,101,74.0,119,0.02418
S3,F5,101,86.0,119,0.02418
S3,F5,101,98.0,119,0.02418
S3,F5,101,110.0,119,0.02418
S3,F5,101,122.0,119,0.02418
S3,F5,101,134.0,119,0.02418
S3,F5,101,146.0,119,0.02418
S3,F5,101,158.0,119,0.02418
S3,F5,101,170.0,139,0.0279
S3,F5,101,182.0,141,0.02827
S3,F5,101,194.0,141,0.02827
S3,F5,101,206.0,141,0.02827
S3,F5,101,218.0,141,0.02827
S3,F5,101,230.0,141,0.02827
S3,F5,101,242.0,141,0.02827
S3,F5,101,254.0,142,0.02897
S3,F5,101,266.0,142,0.02897
S3,F5,101,278.0,142,0.02897
S3,F5,101,290.0,142,0.02897
S3,F5,101,302.0,142,0.02897
S3,F5,101,314.0,142,0.02897
S3,F5,101,326.0,142,0.02897
S3,F5,101,338.0,142,0.02897
S3,F5,101,350.0,142,0.02897
S5,F5,101,2.0,9,0.00196
S5,F5,101,14.0,52,0.01102
S5,F5,101,26.0,118,0.02399
S5,F5,101,38.0,185,0.0377
S5,F5,101,50.0,269,0.05998
S5,F5,101,62.0,282,0.06203
S5,F5,101,74.0,333,0.07498
S5,F5,101,86.0,376,0.0894
S5,F5,101,98.0,391,0.09362
S5,F5,101,110.0,410,0.09625
S5,F5,101,122.0,414,0.0968
S5,F5,101,134.0,448,0.10133
S5,F5,101,146.0,460,0.10499
S5,F5,101,158.0,470,0.10628
S5,F5,101,170.0,482,0.11115
S5,F5,101,182.0,510,0.11748
S5,F5,101,194.0,520,0.11873
S5,F5,101,206.0,530,0.121
S5,F5,101,218.0,533,0.1219
S5,F5,101,230.0,533,0.12192
S5,F5,101,242.0,535,0.12218
S5,F5,101,254.0,535,0.12219
S5,F5,101,266.0,535,0.1222
S5,F5,101,278.0,535,0.12222
S5,F5,101,290.0,561,0.12791
S5,F5,101,302.0,566,0.12852
S5,F5,101,314.0,566,0.12853
S5,F5,101,326.0,566,0.12854
S5,F5,101,338.0,566,0.12855
S5,F5,101,350.0,571,0.13438
S4,F5,101,2.0,9,0.00196
S4,F5,101,14.0,50,0.01061
S4,F5,101,26.0,109,0.02228
S4,F5,101,38.0,172,0.0349
S4,F5,101,50.0,239,0.04942
S4,F5,101,62.0,244,0.05128
S4,F5,101,74.0,277,0.05915
S4,F5,101,86.0,278,0.05934
S4,F5,101,98.0,280,0.05966
S4,F5,101,110.0,284,0.06028
S4,F5,101,122.0,287,0.06075
S4,F5,101,134.0,287,0.06075
S4,F5,101,146.0,287,0.06075
S4,F5,101,158.0,288,0.0609
S4,F5,101,170.0,307,0.06932
S4,F5,101,182.0,347,0.07736
S4,F5,101,194.0,356,0.07868
S4,F5,101,206.0,368,0.08041
S4,F5,101,218.0,368,0.08041
S4,F5,101,230.0,377,0.08429
S4,F5,101,242.0,412,0.10039
S4,F5,101,254.0,423,0.10945
S4,F5,101,266.0,424,0.10961
S4,F5,101,278.0,436,0.11506
S4,F5,101,290.0,437,0.1152
S4,F5,101,302.0,437,0.11521
S4,F5,101,314.0,437,0.11522
S4,F5,101,326.0,437,0.11522
S4,F5,101,338.0,437,0.11523
S4,F5,101,350.0,437,0.11524
S1,F5,101,2.0,7,0.00152
S1,F5,101,14.0,87,0.01792
S1,F5,101,26.0,134,0.02682
S1,F5,101,38.0,190,0.03679
S1,F5,101,50.0,273,0.05043
S1,F5,101,62.0,290,0.05307
S1,F5,101,74.0,344,0.06114
S1,F5,101,86.0,394,0.06821
S1,F5,101,98.0,408,0.07012
S1,F5,101,110.0,431,0.07321
S1,F5,101,122.0,502,0.08229
S1,F5,101,134.0,590,0.0927
S1,F5,101,146.0,612,0.09517
S1,F5,101,158.0,699,0.10446
S1,F5,101,170.0,740,0.10859
S1,F5,101,182.0,796,0.114
S1,F5,101,194.0,849,0.11888
S1,F5,101,206.0,879,0.12155
S1,F5,101,218.0,923,0.12535
S1,F5,101,230.0,982,0.13023
S1,F5,101,242.0,1012,0.13263
S1,F5,101,254.0,1100,0.13934
S1,F5,101,266.0,1112,0.14184
S1,F5,101,278.0,1142,0.144
S1,F5,101,290.0,1155,0.14493
S1,F5,101,302.0,1171,0.14605
S1,F5,101,314.0,1188,0.14723
S1,F5,101,326.0,1203,0.15473
S1,F5,101,338.0,1221,0.15598
S1,F5,101,350.0,1253,0.15812
S3,Test0,102,2.0,5,0.00116
S3,Test0,102,14.0,63,0.014
S3,Test0,102,26.0,308,0.07035
S3,Test0,102,38.0,512,0.11224
S3,Test0,102,50.0,650,0.14613
S3,Test0,102,62.0,768,0.19098
S3,Test0,102,74.0,965,0.22378
S3,Test0,102,86.0,1200,0.25197
S3,Test0,102,98.0,1492,0.28467
S3,Test0,102,110.0,1696,0.32463
S3,Test0,102,122.0,1845,0.35899
S3,Test0,102,134.0,2020,0.38556
S3,Test0,102,146.0,2061,0.39784
S3,Test0,102,158.0,2088,0.40812
S3,Test0,102,170.0,2101,0.41147
S3,Test0,102,182.0,2111,0.41566
S3,Test0,102,194.0,2115,0.4184
S3,Test0,102,206.0,2120,0.4218
S3,Test0,102,218.0,2124,0.42435
S3,Test0,102,230.0,2125,0.4257
S3,Test0,102,242.0,2129,0.42823
S3,Test0,102,254.0,2132,0.43074
S3,Test0,102,266.0,2135,0.43326
S3,Test0,102,278.0,2136,0.43517
S3,Test0,102,290.0,2138,0.43765
S3,Test0,102,302.0,2141,0.44039
S3,Test0,102,314.0,2162,0.44251
S3,Test0,102,326.0,2201,0.44688
S3,Test0,102,338.0,2241,0.45491
S3,Test0,102,350.0,2303,0.46442
S2,F5,101,2.0,13,0.00281
S2,F5,101,14.0,187,0.03627
S2,F5,101,26.0,271,0.05012
S2,F5,101,38.0,346,0.06143
S2,F5,101,50.0,543,0.08725
S2,F5,101,62.0,618,0.09584
S2,F5,101,74.0,650,0.09932
S2,F5,101,86.0,680,0.10249
S2,F5,101,98.0,799,0.11428
S2,F5,101,110.0,956,0.12811
S2,F5,101,122.0,1153,0.14317
S2,F5,101,134.0,1276,0.15312
S2,F5,101,146.0,1397,0.16063
S2,F5,101,158.0,1425,0.16228
S2,F5,101,170.0,1450,0.16373
S2,F5,101,182.0,1496,0.17281
S2,F5,101,194.0,1522,0.17752
S2,F5,101,206.0,1527,0.17781
S2,F5,101,218.0,1540,0.185
S2,F5,101,230.0,1544,0.18528
S2,F5,101,242.0,1561,0.19339
S2,F5,101,254.0,1643,0.20882
S2,F5,101,266.0,1644,0.21052
S2,F5,101,278.0,1648,0.22187
S2,F5,101,290.0,1665,0.22277
S2,F5,101,302.0,1693,0.22911
S2,F5,101,314.0,1693,0.22916
S2,F5,101,326.0,1694,0.22921
S2,F5,101,338.0,1697,0.22936
S2,F5,101,350.0,1718,0.23038
S1,F5,102,2.0,6,0.00134
S1,F5,102,14.0,150,0.03046
S1,F5,102,26.0,350,0.06335
S1,F5,102,38.0,525,0.08678
S1,F5,102,50.0,624,0.09832
S1,F5,102,62.0,741,0.11064
S1,F5,102,74.0,778,0.11427
S1,F5,102,86.0,805,0.11684
S1,F5,102,98.0,852,0.12119
S1,F5,102,110.0,895,0.12501
S1,F5,102,122.0,961,0.14566
S1,F5,102,134.0,982,0.14739
S1,F5,102,146.0,1008,0.15747
S1,F5,102,158.0,1086,0.18325
S1,F5,102,170.0,1253,0.20535
S1,F5,102,182.0,1323,0.20988
S1,F5,102,194.0,1381,0.2205
S1,F5,102,206.0,1471,0.22576
S1,F5,102,218.0,1565,0.23093
S1,F5,102,230.0,1675,0.23658
S1,F5,102,242.0,1805,0.24277
S1,F5,102,254.0,1849,0.24476
S1,F5,102,266.0,1889,0.24652
S1,F5,102,278.0,1942,0.24879
S1,F5,102,290.0,2001,0.25453
S1,F5,102,302.0,2060,0.2569
S1,F5,102,314.0,2083,0.2578
S1,F5,102,326.0,2087,0.25795
S1,F5,102,338.0,2093,0.25819
S1,F5,102,350.0,2101,0.2585
S4,Test0,102,2.0,12,0.00276
S4,Test0,102,14.0,207,0.04197
S4,Test0,102,26.0,748,0.15387
S4,Test0,102,38.0,1046,0.20519
S4,Test0,102,50.0,1206,0.23101
S4,Test0,102,62.0,1285,0.24548
S4,Test0,102,74.0,1366,0.26478
S4,Test0,102,86.0,1447,0.28772
S4,Test0,102,98.0,1723,0.32223
S4,Test0,102,110.0,1931,0.35654
S4,Test0,102,122.0,2063,0.37971
S4,Test0,102,134.0,2152,0.40518
S4,Test0,102,146.0,2290,0.43214
S4,Test0,102,158.0,2370,0.44841
S4,Test0,102,170.0,2464,0.47132
S4,Test0,102,182.0,2519,0.49568
S4,Test0,102,194.0,2590,0.51781
S4,Test0,102,206.0,2688,0.53432
S4,Test0,102,218.0,2734,0.54673
S4,Test0,102,230.0,2757,0.5564
S4,Test0,102,242.0,2775,0.56359
S4,Test0,102,254.0,2794,0.57139
S4,Test0,102,266.0,2815,0.57551
S4,Test0,102,278.0,2826,0.57829
S4,Test0,102,290.0,2832,0.58037
S4,Test0,102,302.0,2839,0.58484
S4,Test0,102,314.0,2840,0.58679
S4,Test0,102,326.0,2842,0.58875
S4,Test0,102,338.0,2844,0.59072
S4,Test0,102,350.0,2844,0.59263
S3,F5EvAI,101,2.0,5,0.00109
S3,F5EvAI,101,14.0,36,0.0077
S3,F5EvAI,101,26.0,65,0.01366
S3,F5EvAI,101,38.0,80,0.01665
S3,F5EvAI,101,50.0,106,0.02171
S3,F5EvAI,101,62.0,114,0.02323
S3,F5EvAI,101,74.0,116,0.02361
S3,F5EvAI,101,86.0,120,0.02437
S3,F5EvAI,101,98.0,130,0.02624
S3,F5EvAI,101,110.0,134,0.02698
S3,F5EvAI,101,122.0,137,0.02753
S3,F5EvAI,101,134.0,145,0.029
S3,F5EvAI,101,146.0,150,0.02991
S3,F5EvAI,101,158.0,153,0.03046
S3,F5EvAI,101,170.0,157,0.03118
S3,F5EvAI,101,182.0,166,0.03383
S3,F5EvAI,101,194.0,168,0.03523
S3,F5EvAI,101,206.0,173,0.03612
S3,F5EvAI,101,218.0,184,0.03857
S3,F5EvAI,101,230.0,189,0.03945
S3,F5EvAI,101,242.0,196,0.04065
S3,F5EvAI,101,254.0,203,0.04185
S3,F5EvAI,101,266.0,207,0.04253
S3,F5EvAI,101,278.0,217,0.04474
S3,F5EvAI,101,290.0,223,0.04627
S3,F5EvAI,101,302.0,228,0.04815
S3,F5EvAI,101,314.0,241,0.05185
S3,F5EvAI,101,326.0,246,0.05267
S3,F5EvAI,101,338.0,267,0.0668
S3,F5EvAI,101,350.0,279,0.06873
S3,F5Ev,101,2.0,5,0.00109
S3,F5Ev,101,14.0,34,0.00729
S3,F5Ev,101,26.0,59,0.01244
S3,F5Ev,101,38.0,70,0.01466
S3,F5Ev,101,50.0,86,0.01783
S3,F5Ev,101,62.0,91,0.01881
S3,F5Ev,101,74.0,99,0.02036
S3,F5Ev,101,86.0,103,0.02113
S3,F5Ev,101,98.0,106,0.02171
S3,F5Ev,101,110.0,111,0.02266
S3,F5Ev,101,122.0,116,0.02361
S3,F5Ev,101,134.0,123,0.02493
S3,F5Ev,101,146.0,127,0.02568
S3,F5Ev,101,158.0,129,0.02605
S3,F5Ev,101,170.0,139,0.0279
S3,F5Ev,101,182.0,146,0.02919
S3,F5Ev,101,194.0,152,0.03028
S3,F5Ev,101,206.0,161,0.0319
S3,F5Ev,101,218.0,184,0.03596
S3,F5Ev,101,230.0,214,0.04765
S3,F5Ev,101,242.0,226,0.04968
S3,F5Ev,101,254.0,246,0.05978
S3,F5Ev,101,266.0,249,0.06133
S3,F5Ev,101,278.0,266,0.06458
S3,F5Ev,101,290.0,283,0.06935
S3,F5Ev,101,302.0,330,0.07649
S3,F5Ev,101,314.0,420,0.09951
S3,F5Ev,101,326.0,429,0.10126
S3,F5Ev,101,338.0,438,0.10404
S3,F5Ev,101,350.0,459,0.10836
S2,F5,102,2.0,10,0.00222
S2,F5,102,14.0,157,0.03175
S2,F5,102,26.0,365,0.06554
S2,F5,102,38.0,557,0.09064
S2,F5,102,50.0,685,0.10491
S2,F5,102,62.0,786,0.11504
S2,F5,102,74.0,854,0.12137
S2,F5,102,86.0,956,0.1302
S2,F5,102,98.0,1041,0.13702
S2,F5,102,110.0,1116,0.14267
S2,F5,102,122.0,1235,0.15099
S2,F5,102,134.0,1356,0.15874
S2,F5,102,146.0,1534,0.18075
S2,F5,102,158.0,1721,0.21667
S2,F5,102,170.0,1903,0.225
S2,F5,102,182.0,2045,0.25064
S2,F5,102,194.0,2090,0.25242
S2,F5,102,206.0,2128,0.25388
S2,F5,102,218.0,2142,0.25441
S2,F5,102,230.0,2159,0.25505
S2,F5,102,242.0,2169,0.25542
S2,F5,102,254.0,2172,0.25553
S2,F5,102,266.0,2180,0.25582
S2,F5,102,278.0,2183,0.25593
S2,F5,102,290.0,2183,0.25593
S2,F5,102,302.0,2186,0.25605
S2,F5,102,314.0,2189,0.25616
S2,F5,102,326.0,2193,0.2563
S2,F5,102,338.0,2196,0.25641
S2,F5,102,350.0,2200,0.25656
S5,F5Ev,101,2.0,9,0.00196
S5,F5Ev,101,14.0,51,0.01081
S5,F5Ev,101,26.0,115,0.02342
S5,F5Ev,101,38.0,166,0.03331
S5,F5Ev,101,50.0,214,0.04372
S5,F5Ev,101,62.0,243,0.04906
S5,F5Ev,101,74.0,258,0.05253
S5,F5Ev,101,86.0,268,0.05413
S5,F5Ev,101,98.0,273,0.05492
S5,F5Ev,101,110.0,277,0.05555
S5,F5Ev,101,122.0,284,0.05665
S5,F5Ev,101,134.0,291,0.05773
S5,F5Ev,101,146.0,298,0.05881
S5,F5Ev,101,158.0,313,0.06109
S5,F5Ev,101,170.0,341,0.0752
S5,F5Ev,101,182.0,353,0.0775
S5,F5Ev,101,194.0,371,0.08577
S5,F5Ev,101,206.0,387,0.09086
S5,F5Ev,101,218.0,396,0.09212
S5,F5Ev,101,230.0,463,0.10105
S5,F5Ev,101,242.0,539,0.11851
S5,F5Ev,101,254.0,555,0.12094
S5,F5Ev,101,266.0,569,0.12363
S5,F5Ev,101,278.0,583,0.12628
S5,F5Ev,101,290.0,597,0.12892
S5,F5Ev,101,302.0,609,0.13027
S5,F5Ev,101,314.0,612,0.13061
S5,F5Ev,101,326.0,624,0.1335
S5,F5Ev,101,338.0,641,0.13536
S5,F5Ev,101,350.0,643,0.13557
S4,F5EvAI,101,2.0,9,0.00196
S4,F5EvAI,101,14.0,50,0.01061
S4,F5EvAI,101,26.0,104,0.02133
S4,F5EvAI,101,38.0,148,0.02955
S4,F5EvAI,101,50.0,214,0.04789
S4,F5EvAI,101,62.0,232,0.05093
S4,F5EvAI,101,74.0,251,0.05664
S4,F5EvAI,101,86.0,262,0.05844
S4,F5EvAI,101,98.0,274,0.06034
S4,F5EvAI,101,110.0,278,0.06097
S4,F5EvAI,101,122.0,286,0.06222
S4,F5EvAI,101,134.0,289,0.06268
S4,F5EvAI,101,146.0,295,0.06361
S4,F5EvAI,101,158.0,297,0.06391
S4,F5EvAI,101,170.0,302,0.06468
S4,F5EvAI,101,182.0,307,0.06544
S4,F5EvAI,101,194.0,311,0.06604
S4,F5EvAI,101,206.0,314,0.0665
S4,F5EvAI,101,218.0,320,0.0674
S4,F5EvAI,101,230.0,325,0.06814
S4,F5EvAI,101,242.0,325,0.06814
S4,F5EvAI,101,254.0,331,0.06903
S4,F5EvAI,101,266.0,336,0.06977
S4,F5EvAI,101,278.0,339,0.07021
S4,F5EvAI,101,290.0,350,0.07181
S4,F5EvAI,101,302.0,363,0.07368
S4,F5EvAI,101,314.0,367,0.07425
S4,F5EvAI,101,326.0,377,0.07567
S4,F5EvAI,101,338.0,384,0.07717
S4,F5EvAI,101,350.0,392,0.07932
S4,F5Ev,101,2.0,9,0.00196
S4,F5Ev,101,14.0,48,0.01019
S4,F5Ev,101,26.0,102,0.02094
S4,F5Ev,101,38.0,148,0.02955
S4,F5Ev,101,50.0,197,0.04082
S4,F5Ev,101,62.0,216,0.04406
S4,F5Ev,101,74.0,238,0.04823
S4,F5Ev,101,86.0,246,0.04955
S4,F5Ev,101,98.0,250,0.0502
S4,F5Ev,101,110.0,256,0.05116
S4,F5Ev,101,122.0,264,0.05244
S4,F5Ev,101,134.0,272,0.05423
S4,F5Ev,101,146.0,278,0.05517
S4,F5Ev,101,158.0,283,0.05595
S4,F5Ev,101,170.0,297,0.0602
S4,F5Ev,101,182.0,304,0.06128
S4,F5Ev,101,194.0,308,0.06189
S4,F5Ev,101,206.0,323,0.06466
S4,F5Ev,101,218.0,355,0.06936
S4,F5Ev,101,230.0,357,0.06965
S4,F5Ev,101,242.0,383,0.07385
S4,F5Ev,101,254.0,402,0.07701
S4,F5Ev,101,266.0,405,0.07742
S4,F5Ev,101,278.0,417,0.08165
S4,F5Ev,101,290.0,430,0.08392
S4,F5Ev,101,302.0,438,0.08809
S4,F5Ev,101,314.0,440,0.08837
S4,F5Ev,101,326.0,452,0.08995
S4,F5Ev,101,338.0,457,0.09341
S4,F5Ev,101,350.0,458,0.09356
S1,F5Ev,101,2.0,7,0.00152
S1,F5Ev,101,14.0,87,0.01792
S1,F5Ev,101,26.0,134,0.02682
S1,F5Ev,101,38.0,192,0.03713
S1,F5Ev,101,50.0,283,0.05199
S1,F5Ev,101,62.0,310,0.05611
S1,F5Ev,101,74.0,367,0.06444
S1,F5Ev,101,86.0,404,0.06958
S1,F5Ev,101,98.0,416,0.0712
S1,F5Ev,101,110.0,444,0.07492
S1,F5Ev,101,122.0,510,0.08327
S1,F5Ev,101,134.0,617,0.09573
S1,F5Ev,101,146.0,652,0.09953
S1,F5Ev,101,158.0,745,0.10909
S1,F5Ev,101,170.0,795,0.11391
S1,F5Ev,101,182.0,839,0.11798
S1,F5Ev,101,194.0,891,0.1226
S1,F5Ev,101,206.0,931,0.12602
S1,F5Ev,101,218.0,977,0.12983
S1,F5Ev,101,230.0,992,0.13103
S1,F5Ev,101,242.0,1009,0.13239
S1,F5Ev,101,254.0,1022,0.13341
S1,F5Ev,101,266.0,1055,0.13596
S1,F5Ev,101,278.0,1076,0.13755
S1,F5Ev,101,290.0,1098,0.13919
S1,F5Ev,101,302.0,1130,0.14152
S1,F5Ev,101,314.0,1172,0.1445
S1,F5Ev,101,326.0,1189,0.14568
S1,F5Ev,101,338.0,1209,0.14705
S1,F5Ev,101,350.0,1228,0.14834
S5,F5EvAI,101,2.0,9,0.00196
S5,F5EvAI,101,14.0,52,0.01102
S5,F5EvAI,101,26.0,114,0.02323
S5,F5EvAI,101,38.0,157,0.03118
S5,F5EvAI,101,50.0,223,0.0494
S5,F5EvAI,101,62.0,251,0.05403
S5,F5EvAI,101,74.0,267,0.0592
S5,F5EvAI,101,86.0,280,0.06128
S5,F5EvAI,101,98.0,296,0.06376
S5,F5EvAI,101,110.0,301,0.06453
S5,F5EvAI,101,122.0,306,0.06529
S5,F5EvAI,101,134.0,319,0.06725
S5,F5EvAI,101,146.0,323,0.06785
S5,F5EvAI,101,158.0,327,0.06844
S5,F5EvAI,101,170.0,347,0.07138
S5,F5EvAI,101,182.0,370,0.07676
S5,F5EvAI,101,194.0,374,0.07889
S5,F5EvAI,101,206.0,386,0.08162
S5,F5EvAI,101,218.0,393,0.08312
S5,F5EvAI,101,230.0,400,0.08722
S5,F5EvAI,101,242.0,408,0.08988
S5,F5EvAI,101,254.0,414,0.09175
S5,F5EvAI,101,266.0,423,0.09297
S5,F5EvAI,101,278.0,428,0.09363
S5,F5EvAI,101,290.0,437,0.09587
S5,F5EvAI,101,302.0,447,0.09719
S5,F5EvAI,101,314.0,452,0.09836
S5,F5EvAI,101,326.0,458,0.09915
S5,F5EvAI,101,338.0,468,0.10096
S5,F5EvAI,101,350.0,477,0.10211
S5,Test0,102,2.0,12,0.00276
S5,Test0,102,14.0,207,0.04197
S5,Test0,102,26.0,748,0.15387
S5,Test0,102,38.0,1046,0.20519
S5,Test0,102,50.0,1206,0.23101
S5,Test0,102,62.0,1285,0.24548
S5,Test0,102,74.0,1366,0.26478
S5,Test0,102,86.0,1447,0.28772
S5,Test0,102,98.0,1723,0.32223
S5,Test0,102,110.0,1931,0.35654
S5,Test0,102,122.0,2063,0.37971
S5,Test0,102,134.0,2152,0.40518
S5,Test0,102,146.0,2290,0.43214
S5,Test0,102,158.0,2370,0.44841
S5,Test0,102,170.0,2464,0.47132
S5,Test0,102,182.0,2519,0.49568
S5,Test0,102,194.0,2590,0.51781
S5,Test0,102,206.0,2688,0.53432
S5,Test0,102,218.0,2734,0.54673
S5,Test0,102,230.0,2757,0.5564
S5,Test0,102,242.0,2775,0.56359
S5,Test0,102,254.0,2794,0.57139
S5,Test0,102,266.0,2815,0.57551
S5,Test0,102,278.0,2826,0.57829
S5,Test0,102,290.0,2832,0.58037
S5,Test0,102,302.0,2839,0.58484
S5,Test0,102,314.0,2840,0.58679
S5,Test0,102,326.0,2842,0.58875
S5,Test0,102,338.0,2844,0.59072
S5,Test0,102,350.0,2844,0.59263
S1,F5EvAI,101,2.0,7,0.00152
S1,F5EvAI,101,14.0,87,0.01792
S1,F5EvAI,101,26.0,134,0.02682
S1,F5EvAI,101,38.0,192,0.03713
S1,F5EvAI,101,50.0,283,0.05199
S1,F5EvAI,101,62.0,310,0.05611
S1,F5EvAI,101,74.0,366,0.0643
S1,F5EvAI,101,86.0,404,0.06958
S1,F5EvAI,101,98.0,414,0.07093
S1,F5EvAI,101,110.0,435,0.07374
S1,F5EvAI,101,122.0,470,0.07827
S1,F5EvAI,101,134.0,583,0.09191
S1,F5EvAI,101,146.0,636,0.09781
S1,F5EvAI,101,158.0,702,0.10477
S1,F5EvAI,101,170.0,756,0.11016
S1,F5EvAI,101,182.0,818,0.11605
S1,F5EvAI,101,194.0,847,0.1187
S1,F5EvAI,101,206.0,870,0.12076
S1,F5EvAI,101,218.0,881,0.12173
S1,F5EvAI,101,230.0,920,0.12509
S1,F5EvAI,101,242.0,945,0.1272
S1,F5EvAI,101,254.0,959,0.12835
S1,F5EvAI,101,266.0,976,0.12974
S1,F5EvAI,101,278.0,992,0.13103
S1,F5EvAI,101,290.0,1016,0.13294
S1,F5EvAI,101,302.0,1027,0.1338
S1,F5EvAI,101,314.0,1038,0.13466
S1,F5EvAI,101,326.0,1047,0.13535
S1,F5EvAI,101,338.0,1075,0.13748
S1,F5EvAI,101,350.0,1095,0.13897
S2,F5Ev,101,2.0,13,0.00281
S2,F5Ev,101,14.0,187,0.03627
S2,F5Ev,101,26.0,271,0.05012
S2,F5Ev,101,38.0,340,0.06056
S2,F5Ev,101,50.0,517,0.08413
S2,F5Ev,101,62.0,600,0.09383
S2,F5Ev,101,74.0,642,0.09846
S2,F5Ev,101,86.0,669,0.10134
S2,F5Ev,101,98.0,691,0.10364
S2,F5Ev,101,110.0,764,0.11094
S2,F5Ev,101,122.0,843,0.11834
S2,F5Ev,101,134.0,877,0.12138
S2,F5Ev,101,146.0,911,0.12433
S2,F5Ev,101,158.0,920,0.12509
S2,F5Ev,101,170.0,1032,0.13419
S2,F5Ev,101,182.0,1174,0.14464
S2,F5Ev,101,194.0,1266,0.15085
S2,F5Ev,101,206.0,1304,0.15329
S2,F5Ev,101,218.0,1313,0.15386
S2,F5Ev,101,230.0,1328,0.15481
S2,F5Ev,101,242.0,1354,0.15641
S2,F5Ev,101,254.0,1373,0.15757
S2,F5Ev,101,266.0,1376,0.15775
S2,F5Ev,101,278.0,1388,0.15847
S2,F5Ev,101,290.0,1409,0.15972
S2,F5Ev,101,302.0,1439,0.16148
S2,F5Ev,101,314.0,1470,0.16325
S2,F5Ev,101,326.0,1477,0.16365
S2,F5Ev,101,338.0,1486,0.16415
S2,F5Ev,101,350.0,1497,0.16477
S1,F5,103,2.0,3,0.00066
S1,F5,103,14.0,3,0.00066
S2,F5EvAI,101,2.0,13,0.00281
S2,F5EvAI,101,14.0,187,0.03627
S2,F5EvAI,101,26.0,271,0.05012
S2,F5EvAI,101,38.0,340,0.06056
S2,F5EvAI,101,50.0,521,0.08461
S2,F5EvAI,101,62.0,600,0.09383
S2,F5EvAI,101,74.0,634,0.09759
S2,F5EvAI,101,86.0,650,0.09932
S2,F5EvAI,101,98.0,669,0.10134
S2,F5EvAI,101,110.0,737,0.10829
S2,F5EvAI,101,122.0,788,0.11324
S2,F5EvAI,101,134.0,824,0.11661
S2,F5EvAI,101,146.0,858,0.11969
S2,F5EvAI,101,158.0,866,0.1204
S2,F5EvAI,101,170.0,894,0.12286
S2,F5EvAI,101,182.0,917,0.12484
S2,F5EvAI,101,194.0,934,0.12628
S2,F5EvAI,101,206.0,943,0.12703
S2,F5EvAI,101,218.0,949,0.12753
S2,F5EvAI,101,230.0,984,0.13039
S2,F5EvAI,101,242.0,1048,0.13543
S2,F5EvAI,101,254.0,1068,0.13695
S2,F5EvAI,101,266.0,1118,0.14066
S2,F5EvAI,101,278.0,1177,0.14485
S2,F5EvAI,101,290.0,1250,0.1498
S2,F5EvAI,101,302.0,1356,0.15654
S2,F5EvAI,101,314.0,1457,0.16251
S2,F5EvAI,101,326.0,1525,0.16631
S2,F5EvAI,101,338.0,1541,0.16718
S2,F5EvAI,101,350.0,1548,0.16756
S1,F5Ev,102,2.0,6,0.00134
S1,F5Ev,102,14.0,155,0.03138
S1,F5Ev,102,26.0,346,0.06277
S1,F5Ev,102,38.0,434,0.07513
S1,F5Ev,102,50.0,488,0.08218
S1,F5Ev,102,62.0,556,0.09052
S1,F5Ev,102,74.0,617,0.09754
S1,F5Ev,102,86.0,635,0.09954
S1,F5Ev,102,98.0,656,0.10182
S1,F5Ev,102,110.0,678,0.10417
S1,F5Ev,102,122.0,700,0.10647
S1,F5Ev,102,134.0,728,0.10933
S1,F5Ev,102,146.0,753,0.11183
S1,F5Ev,102,158.0,777,0.11417
S1,F5Ev,102,170.0,782,0.11465
S1,F5Ev,102,182.0,797,0.11609
S1,F5Ev,102,194.0,815,0.11778
S1,F5Ev,102,206.0,822,0.11844
S1,F5Ev,102,218.0,839,0.12
S1,F5Ev,102,230.0,860,0.12191
S1,F5Ev,102,242.0,883,0.12396
S1,F5Ev,102,254.0,892,0.12475
S1,F5Ev,102,266.0,901,0.12553
S1,F5Ev,102,278.0,918,0.127
S1,F5Ev,102,290.0,932,0.12819
S1,F5Ev,102,302.0,951,0.12979
S1,F5Ev,102,314.0,957,0.13028
S1,F5Ev,102,326.0,963,0.13078
S1,F5Ev,102,338.0,972,0.13152
S1,F5Ev,102,350.0,995,0.13339
S1,Test0,103,2.0,3,0.00066
S1,Test0,103,14.0,3,0.00066
S1,Test0,103,26.0,5,0.00109
S1,Test0,103,38.0,9,0.00196
S1,Test0,103,50.0,13,0.00283
S1,Test0,103,62.0,19,0.00412
S1,Test0,103,74.0,25,0.00539
S1,Test0,103,86.0,29,0.00624
S1,Test0,103,98.0,33,0.00708
S1,Test0,103,110.0,127,0.0257
S1,Test0,103,122.0,183,0.05197
S1,Test0,103,134.0,231,0.08172
S1,Test0,103,146.0,285,0.12541
S1,Test0,103,158.0,336,0.14264
S1,Test0,103,170.0,402,0.16327
S1,Test0,103,182.0,444,0.17862
S1,Test0,103,194.0,540,0.20518
S1,Test0,103,206.0,710,0.23834
S1,Test0,103,218.0,848,0.27017
S1,Test0,103,230.0,1020,0.29609
S1,Test0,103,242.0,1354,0.33277
S1,Test0,103,254.0,1643,0.39337
S1,Test0,103,266.0,1910,0.42317
S1,Test0,103,278.0,2142,0.44843
S1,Test0,103,290.0,2536,0.4893
S1,Test0,103,302.0,2790,0.52307
S1,Test0,103,314.0,2918,0.54899
S1,Test0,103,326.0,2962,0.5536
S1,Test0,103,338.0,2993,0.57922
S1,Test0,103,350.0,3020,0.59249
S1,F5Ev,103,2.0,3,0.00066
S1,F5Ev,103,14.0,3,0.00066
S1,F5EvAI,102,2.0,6,0.00134
S1,F5EvAI,102,14.0,150,0.03046
S1,F5EvAI,102,26.0,350,0.06335
S1,F5EvAI,102,38.0,525,0.08678
S1,F5EvAI,102,50.0,624,0.09832
S1,F5EvAI,102,62.0,742,0.11074
S1,F5EvAI,102,74.0,777,0.11417
S1,F5EvAI,102,86.0,806,0.11694
S1,F5EvAI,102,98.0,842,0.12028
S1,F5EvAI,102,110.0,868,0.12262
S1,F5EvAI,102,122.0,909,0.12622
S1,F5EvAI,102,134.0,967,0.1532
S1,F5EvAI,102,146.0,982,0.15445
S1,F5EvAI,102,158.0,1015,0.16274
S1,F5EvAI,102,170.0,1041,0.16478
S1,F5EvAI,102,182.0,1071,0.17037
S1,F5EvAI,102,194.0,1087,0.17158
S1,F5EvAI,102,206.0,1106,0.17299
S1,F5EvAI,102,218.0,1134,0.17503
S1,F5EvAI,102,230.0,1145,0.17817
S1,F5EvAI,102,242.0,1166,0.17966
S1,F5EvAI,102,254.0,1179,0.18057
S1,F5EvAI,102,266.0,1194,0.18161
S1,F5EvAI,102,278.0,1201,0.18209
S1,F5EvAI,102,290.0,1212,0.18284
S1,F5EvAI,102,302.0,1225,0.18372
S1,F5EvAI,102,314.0,1242,0.18486
S1,F5EvAI,102,326.0,1255,0.18572
S1,F5EvAI,102,338.0,1264,0.18631
S1,F5EvAI,102,350.0,1308,0.19385
S1,F5EvAI,103,2.0,3,0.00066
S1,F5EvAI,103,14.0,3,0.00066
S2,Test0,103,2.0,9,0.00196
S2,Test0,103,14.0,105,0.02154
S2,Test0,103,26.0,427,0.0731
S2,Test0,103,38.0,611,0.09557
S2,Test0,103,50.0,809,0.11579
S2,Test0,103,62.0,1007,0.15227
S2,Test0,103,74.0,1137,0.18314
S2,Test0,103,86.0,1219,0.21688
S2,Test0,103,98.0,1425,0.25253
S2,Test0,103,110.0,1564,0.30886
S2,Test0,103,122.0,1635,0.35639
S2,Test0,103,134.0,1706,0.39297
S2,Test0,103,146.0,1799,0.41459
S2,Test0,103,158.0,1947,0.43363
S2,Test0,103,170.0,2121,0.45157
S2,Test0,103,182.0,2275,0.47624
S2,Test0,103,194.0,2456,0.49795
S2,Test0,103,206.0,2621,0.52285
S2,Test0,103,218.0,2791,0.53873
S2,Test0,103,230.0,2910,0.54532
S2,Test0,103,242.0,2957,0.54991
S2,Test0,103,254.0,2975,0.55373
S2,Test0,103,266.0,2988,0.55742
S2,Test0,103,278.0,2995,0.56095
S2,Test0,103,290.0,3005,0.56456
S2,Test0,103,302.0,3007,0.56797
S2,Test0,103,314.0,3016,0.57153
S2,Test0,103,326.0,3019,0.57488
S2,Test0,103,338.0,3021,0.57819
S2,Test0,103,350.0,3023,0.58149
S3,F5,102,2.0,5,0.00116
S3,F5,102,14.0,61,0.01357
S3,F5,102,26.0,278,0.06372
S3,F5,102,38.0,375,0.0787
S3,F5,102,50.0,411,0.08837
S3,F5,102,62.0,434,0.09211
S3,F5,102,74.0,449,0.09415
S3,F5,102,86.0,463,0.09925
S3,F5,102,98.0,465,0.10082
S3,F5,102,110.0,474,0.10202
S3,F5,102,122.0,478,0.10437
S3,F5,102,134.0,485,0.10712
S3,F5,102,146.0,488,0.10805
S3,F5,102,158.0,491,0.10844
S3,F5,102,170.0,497,0.10975
S3,F5,102,182.0,506,0.1109
S3,F5,102,194.0,521,0.11279
S3,F5,102,206.0,521,0.11279
S3,F5,102,218.0,521,0.11279
S3,F5,102,230.0,521,0.11279
S3,F5,102,242.0,532,0.1147
S3,F5,102,254.0,532,0.1147
S3,F5,102,266.0,532,0.1147
S3,F5,102,278.0,533,0.11482
S3,F5,102,290.0,533,0.11482
S3,F5,102,302.0,536,0.11519
S3,F5,102,314.0,536,0.11519
S3,F5,102,326.0,537,0.11531
S3,F5,102,338.0,537,0.11531
S3,F5,102,350.0,540,0.11568
S3,Test0,103,2.0,5,0.00115
S3,Test0,103,14.0,31,0.007
S3,Test0,103,26.0,98,0.02117
S3,Test0,103,38.0,292,0.06567
S3,Test0,103,50.0,612,0.13002
S3,Test0,103,62.0,949,0.19442
S3,Test0,103,74.0,1043,0.23336
S3,Test0,103,86.0,1094,0.25518
S3,Test0,103,98.0,1130,0.27097
S3,Test0,103,110.0,1159,0.27934
S3,Test0,103,122.0,1251,0.29024
S3,Test0,103,134.0,1315,0.30256
S3,Test0,103,146.0,1419,0.32588
S3,Test0,103,158.0,1518,0.35346
S3,Test0,103,170.0,1587,0.36306
S3,Test0,103,182.0,1681,0.37912
S3,Test0,103,194.0,1782,0.39997
S3,Test0,103,206.0,1826,0.4069
S3,Test0,103,218.0,1852,0.41576
S3,Test0,103,230.0,1875,0.42478
S3,Test0,103,242.0,1895,0.43179
S3,Test0,103,254.0,1920,0.43776
S3,Test0,103,266.0,1977,0.44544
S3,Test0,103,278.0,2035,0.45269
S3,Test0,103,290.0,2098,0.4579
S3,Test0,103,302.0,2149,0.46468
S3,Test0,103,314.0,2200,0.473
S3,Test0,103,326.0,2243,0.47909
S3,Test0,103,338.0,2282,0.48802
S3,Test0,103,350.0,2315,0.50047
S4,Test0,103,2.0,8,0.00184
S4,Test0,103,14.0,48,0.01072
S4,Test0,103,26.0,153,0.03191
S4,Test0,103,38.0,404,0.08944
S4,Test0,103,50.0,742,0.15808
S4,Test0,103,62.0,965,0.20406
S4,Test0,103,74.0,1055,0.24213
S4,Test0,103,86.0,1105,0.26281
S4,Test0,103,98.0,1140,0.27424
S4,Test0,103,110.0,1191,0.28622
S4,Test0,103,122.0,1255,0.29977
S4,Test0,103,134.0,1300,0.30768
S4,Test0,103,146.0,1371,0.32579
S4,Test0,103,158.0,1470,0.34838
S4,Test0,103,170.0,1609,0.37512
S4,Test0,103,182.0,1717,0.39642
S4,Test0,103,194.0,1804,0.41148
S4,Test0,103,206.0,1847,0.41522
S4,Test0,103,218.0,1887,0.41873
S4,Test0,103,230.0,1934,0.42244
S4,Test0,103,242.0,1974,0.42573
S4,Test0,103,254.0,2006,0.42915
S4,Test0,103,266.0,2049,0.43619
S4,Test0,103,278.0,2091,0.4429
S4,Test0,103,290.0,2131,0.4569
S4,Test0,103,302.0,2162,0.46707
S4,Test0,103,314.0,2195,0.47152
S4,Test0,103,326.0,2210,0.47368
S4,Test0,103,338.0,2222,0.47623
S4,Test0,103,350.0,2237,0.47834
S3,F5Ev,103,2.0,5,0.00115
S3,F5Ev,103,14.0,21,0.00477
S3,F5Ev,103,26.0,21,0.00477
S3,F5Ev,103,38.0,21,0.00477
S3,F5Ev,103,50.0,21,0.00477
S3,F5Ev,103,62.0,21,0.00477
S5,Test0,103,2.0,8,0.00184
S5,Test0,103,14.0,48,0.01072
S5,Test0,103,26.0,153,0.03191
S5,Test0,103,38.0,404,0.08944
S5,Test0,103,50.0,742,0.15808
S5,Test0,103,62.0,965,0.20406
S5,Test0,103,74.0,1055,0.24213
S5,Test0,103,86.0,1105,0.26281
S5,Test0,103,98.0,1140,0.27424
S5,Test0,103,110.0,1191,0.28622
S5,Test0,103,122.0,1255,0.29977
S5,Test0,103,134.0,1300,0.30768
S5,Test0,103,146.0,1371,0.32579
S5,Test0,103,158.0,1470,0.34838
S5,Test0,103,170.0,1609,0.37512
S5,Test0,103,182.0,1717,0.39642
S5,Test0,103,194.0,1804,0.41148
S5,Test0,103,206.0,1847,0.41522
S5,Test0,103,218.0,1887,0.41873
S5,Test0,103,230.0,1934,0.42244
S5,Test0,103,242.0,1974,0.42573
S5,Test0,103,254.0,2006,0.42915
S5,Test0,103,266.0,2049,0.43619
S5,Test0,103,278.0,2091,0.4429
S5,Test0,103,290.0,2131,0.4569
S5,Test0,103,302.0,2162,0.46707
S5,Test0,103,314.0,2195,0.47152
S5,Test0,103,326.0,2210,0.47368
S5,Test0,103,338.0,2222,0.47623
S5,Test0,103,350.0,2237,0.47834
S4,F5,102,2.0,12,0.00276
S4,F5,102,14.0,190,0.03893
S4,F5,102,26.0,613,0.13119
S4,F5,102,38.0,781,0.15257
S4,F5,102,50.0,946,0.18703
S4,F5,102,62.0,972,0.19107
S4,F5,102,74.0,1004,0.19641
S4,F5,102,86.0,1022,0.20169
S4,F5,102,98.0,1031,0.20372
S4,F5,102,110.0,1089,0.20819
S4,F5,102,122.0,1214,0.22057
S4,F5,102,134.0,1311,0.23206
S4,F5,102,146.0,1365,0.23972
S4,F5,102,158.0,1390,0.2434
S4,F5,102,170.0,1404,0.24639
S4,F5,102,182.0,1414,0.25031
S4,F5,102,194.0,1416,0.25098
S4,F5,102,206.0,1416,0.25098
S4,F5,102,218.0,1432,0.253
S4,F5,102,230.0,1432,0.253
S4,F5,102,242.0,1432,0.25301
S4,F5,102,254.0,1433,0.25307
S4,F5,102,266.0,1433,0.25308
S4,F5,102,278.0,1433,0.25308
S4,F5,102,290.0,1438,0.25391
S4,F5,102,302.0,1438,0.25392
S4,F5,102,314.0,1438,0.25392
S4,F5,102,326.0,1438,0.25393
S4,F5,102,338.0,1443,0.25422
S4,F5,102,350.0,1444,0.25428
S3,F5Ev,102,2.0,5,0.00116
S3,F5Ev,102,14.0,61,0.01357
S3,F5Ev,102,26.0,275,0.06323
S3,F5Ev,102,38.0,360,0.0765
S3,F5Ev,102,50.0,401,0.08514
S3,F5Ev,102,62.0,430,0.09026
S3,F5Ev,102,74.0,432,0.09054
S3,F5Ev,102,86.0,461,0.09736
S3,F5Ev,102,98.0,472,0.09883
S3,F5Ev,102,110.0,480,0.09988
S3,F5Ev,102,122.0,482,0.10014
S3,F5Ev,102,134.0,491,0.10184
S3,F5Ev,102,146.0,494,0.10384
S3,F5Ev,102,158.0,504,0.10512
S3,F5Ev,102,170.0,510,0.10588
S3,F5Ev,102,182.0,518,0.1085
S3,F5Ev,102,194.0,523,0.10966
S3,F5Ev,102,206.0,529,0.1104
S3,F5Ev,102,218.0,532,0.11078
S3,F5Ev,102,230.0,540,0.11176
S3,F5Ev,102,242.0,545,0.11237
S3,F5Ev,102,254.0,558,0.11395
S3,F5Ev,102,266.0,573,0.11574
S3,F5Ev,102,278.0,579,0.11645
S3,F5Ev,102,290.0,590,0.11827
S3,F5Ev,102,302.0,596,0.11897
S3,F5Ev,102,314.0,607,0.12078
S3,F5Ev,102,326.0,613,0.12146
S3,F5Ev,102,338.0,620,0.12226
S3,F5Ev,102,350.0,627,0.12305
S5,F5,102,2.0,12,0.00276
S5,F5,102,14.0,193,0.03947
S5,F5,102,26.0,633,0.13344
S5,F5,102,38.0,816,0.16384
S5,F5,102,50.0,979,0.1976
S5,F5,102,62.0,1040,0.20694
S5,F5,102,74.0,1063,0.21273
S5,F5,102,86.0,1074,0.21368
S5,F5,102,98.0,1113,0.21716
S5,F5,102,110.0,1132,0.21909
S5,F5,102,122.0,1244,0.22742
S5,F5,102,134.0,1331,0.23915
S5,F5,102,146.0,1391,0.24551
S5,F5,102,158.0,1412,0.25408
S5,F5,102,170.0,1423,0.25475
S5,F5,102,182.0,1425,0.25488
S5,F5,102,194.0,1434,0.2567
S5,F5,102,206.0,1446,0.2603
S5,F5,102,218.0,1446,0.26032
S5,F5,102,230.0,1446,0.26033
S5,F5,102,242.0,1446,0.26033
S5,F5,102,254.0,1453,0.26128
S5,F5,102,266.0,1454,0.26135
S5,F5,102,278.0,1454,0.26136
S5,F5,102,290.0,1454,0.26136
S5,F5,102,302.0,1457,0.26262
S5,F5,102,314.0,1458,0.26268
S5,F5,102,326.0,1459,0.26274
S5,F5,102,338.0,1460,0.2628
S5,F5,102,350.0,1461,0.26286
S2,F5Ev,102,2.0,10,0.00222
S2,F5Ev,102,14.0,157,0.03175
S2,F5Ev,102,26.0,362,0.0651
S2,F5Ev,102,38.0,546,0.08933
S2,F5Ev,102,50.0,636,0.09965
S2,F5Ev,102,62.0,769,0.1134
S2,F5Ev,102,74.0,846,0.12064
S2,F5Ev,102,86.0,948,0.12953
S2,F5Ev,102,98.0,1036,0.13663
S2,F5Ev,102,110.0,1156,0.14555
S2,F5Ev,102,122.0,1346,0.15812
S2,F5Ev,102,134.0,1511,0.16775
S2,F5Ev,102,146.0,1624,0.1855
S2,F5Ev,102,158.0,1710,0.19214
S2,F5Ev,102,170.0,1815,0.19707
S2,F5Ev,102,182.0,1917,0.21661
S2,F5Ev,102,194.0,1998,0.22236
S2,F5Ev,102,206.0,2087,0.23389
S2,F5Ev,102,218.0,2111,0.24753
S2,F5Ev,102,230.0,2142,0.25436
S2,F5Ev,102,242.0,2158,0.26061
S2,F5Ev,102,254.0,2162,0.26076
S2,F5Ev,102,266.0,2167,0.26095
S2,F5Ev,102,278.0,2171,0.2611
S2,F5Ev,102,290.0,2171,0.2611
S2,F5Ev,102,302.0,2171,0.2611
S2,F5Ev,102,314.0,2172,0.26114
S2,F5Ev,102,326.0,2172,0.26114
S2,F5Ev,102,338.0,2174,0.26121
S2,F5Ev,102,350.0,2181,0.26147
S1,Test0,104,2.0,5,0.00111
S1,Test0,104,14.0,104,0.02169
S1,Test0,104,26.0,292,0.0545
S1,Test0,104,38.0,501,0.10184
S1,Test0,104,50.0,592,0.1211
S1,Test0,104,62.0,661,0.14373
S1,Test0,104,74.0,740,0.16646
S1,Test0,104,86.0,828,0.18293
S1,Test0,104,98.0,879,0.18812
S1,Test0,104,110.0,900,0.19049
S1,Test0,104,122.0,922,0.19287
S1,Test0,104,134.0,933,0.19429
S1,Test0,104,146.0,940,0.19536
S1,Test0,104,158.0,944,0.19617
S1,Test0,104,170.0,951,0.19723
S1,Test0,104,182.0,960,0.19845
S1,Test0,104,194.0,972,0.19991
S1,Test0,104,206.0,986,0.20153
S1,Test0,104,218.0,1012,0.20409
S1,Test0,104,230.0,1045,0.20714
S1,Test0,104,242.0,1144,0.21498
S1,Test0,104,254.0,1306,0.22638
S1,Test0,104,266.0,1527,0.23986
S1,Test0,104,278.0,1700,0.2936
S1,Test0,104,290.0,1820,0.32996
S1,Test0,104,302.0,1899,0.34006
S1,Test0,104,314.0,1987,0.36196
S1,Test0,104,326.0,2131,0.37904
S1,Test0,104,338.0,2299,0.40578
S1,Test0,104,350.0,2396,0.41417
S2,F5EvAI,102,2.0,10,0.00222
S2,F5EvAI,102,14.0,157,0.03175
S2,F5EvAI,102,26.0,365,0.06554
S2,F5EvAI,102,38.0,557,0.09064
S2,F5EvAI,102,50.0,684,0.1048
S2,F5EvAI,102,62.0,782,0.11465
S2,F5EvAI,102,74.0,843,0.12037
S2,F5EvAI,102,86.0,940,0.12886
S2,F5EvAI,102,98.0,1021,0.13546
S2,F5EvAI,102,110.0,1073,0.13947
S2,F5EvAI,102,122.0,1153,0.14533
S2,F5EvAI,102,134.0,1263,0.15284
S2,F5EvAI,102,146.0,1341,0.15781
S2,F5EvAI,102,158.0,1424,0.17455
S2,F5EvAI,102,170.0,1510,0.17944
S2,F5EvAI,102,182.0,1631,0.18586
S2,F5EvAI,102,194.0,1770,0.20768
S2,F5EvAI,102,206.0,1851,0.21139
S2,F5EvAI,102,218.0,1942,0.22238
S2,F5EvAI,102,230.0,2015,0.22776
S2,F5EvAI,102,242.0,2083,0.24879
S2,F5EvAI,102,254.0,2128,0.25712
S2,F5EvAI,102,266.0,2147,0.26019
S2,F5EvAI,102,278.0,2162,0.26076
S2,F5EvAI,102,290.0,2163,0.2608
S2,F5EvAI,102,302.0,2165,0.26087
S2,F5EvAI,102,314.0,2168,0.26099
S2,F5EvAI,102,326.0,2170,0.26106
S2,F5EvAI,102,338.0,2174,0.26121
S2,F5EvAI,102,350.0,2178,0.26136
S3,F5,103,2.0,5,0.00115
S3,F5,103,14.0,21,0.00477
S3,F5,103,26.0,21,0.00477
S3,F5,103,38.0,21,0.00477
S3,F5,103,50.0,21,0.00477
S3,F5,103,62.0,22,0.005
S3,F5,103,74.0,22,0.005
S3,F5,103,86.0,22,0.005
S3,F5,103,98.0,22,0.005
S3,F5,103,110.0,22,0.005
S3,F5,103,122.0,24,0.00545
S3,F5,103,134.0,25,0.00567
S3,F5,103,146.0,25,0.00567
S3,F5,103,158.0,25,0.00567
S3,F5,103,170.0,25,0.00567
S3,F5,103,182.0,25,0.00567
S3,F5,103,194.0,26,0.00589
S3,F5,103,206.0,26,0.00589
S3,F5,103,218.0,28,0.00634
S3,F5,103,230.0,39,0.00876
S3,F5,103,242.0,45,0.01007
S3,F5,103,254.0,47,0.0105
S3,F5,103,266.0,57,0.01265
S3,F5,103,278.0,59,0.01308
S3,F5,103,290.0,59,0.01308
S3,F5,103,302.0,68,0.01498
S3,F5,103,314.0,69,0.01519
S3,F5,103,326.0,69,0.01519
S3,F5,103,338.0,69,0.01519
S3,F5,103,350.0,69,0.01519
S4,F5Ev,103,2.0,8,0.00184
S4,F5Ev,103,14.0,36,0.0081
S4,F5Ev,103,26.0,41,0.0092
S4,F5Ev,103,38.0,51,0.01136
S4,F5Ev,103,50.0,60,0.01329
S4,F5Ev,103,62.0,67,0.01477
S4,F5Ev,103,74.0,78,0.01707
S4,F5Ev,103,86.0,83,0.01811
S4,F5Ev,103,98.0,88,0.01913
S4,F5Ev,103,110.0,90,0.01954
S4,F5Ev,103,122.0,95,0.02056
S4,F5Ev,103,134.0,96,0.02077
S4,F5Ev,103,146.0,97,0.02097
S4,F5Ev,103,158.0,100,0.02157
S4,F5Ev,103,170.0,102,0.02198
S4,F5Ev,103,182.0,102,0.02198
S2,F5,103,2.0,9,0.00196
S2,F5,103,14.0,103,0.02115
S2,F5,103,26.0,393,0.06848
S2,F5,103,38.0,502,0.08276
S2,F5,103,50.0,567,0.09056
S2,F5,103,62.0,744,0.11115
S2,F5,103,74.0,842,0.12044
S2,F5,103,86.0,930,0.13458
S2,F5,103,98.0,954,0.14624
S2,F5,103,110.0,972,0.14945
S2,F5,103,122.0,988,0.15719
S2,F5,103,134.0,1002,0.16322
S2,F5,103,146.0,1009,0.16706
S2,F5,103,158.0,1009,0.16711
S2,F5,103,170.0,1020,0.16959
S2,F5,103,182.0,1024,0.1699
S2,F5,103,194.0,1025,0.16998
S2,F5,103,206.0,1025,0.16999
S2,F5,103,218.0,1034,0.17069
S2,F5,103,230.0,1036,0.17084
S2,F5,103,242.0,1036,0.17084
S2,F5,103,254.0,1037,0.17092
S2,F5,103,266.0,1047,0.1717
S2,F5,103,278.0,1047,0.1717
S2,F5,103,290.0,1109,0.17636
S2,F5,103,302.0,1129,0.17781
S2,F5,103,314.0,1134,0.17817
S2,F5,103,326.0,1142,0.17875
S2,F5,103,338.0,1144,0.17889
S2,F5,103,350.0,1158,0.17988
S3,F5EvAI,102,2.0,5,0.00116
S3,F5EvAI,102,14.0,61,0.01357
S3,F5EvAI,102,26.0,277,0.06356
S3,F5EvAI,102,38.0,370,0.07798
S3,F5EvAI,102,50.0,408,0.08615
S3,F5EvAI,102,62.0,429,0.08962
S3,F5EvAI,102,74.0,436,0.0906
S3,F5EvAI,102,86.0,449,0.09506
S3,F5EvAI,102,98.0,450,0.09522
S3,F5EvAI,102,110.0,477,0.10225
S3,F5EvAI,102,122.0,486,0.10398
S3,F5EvAI,102,134.0,486,0.10399
S3,F5EvAI,102,146.0,489,0.10439
S3,F5EvAI,102,158.0,497,0.10705
S3,F5EvAI,102,170.0,497,0.10706
S3,F5EvAI,102,182.0,497,0.10707
S3,F5EvAI,102,194.0,500,0.10747
S3,F5EvAI,102,206.0,505,0.10812
S3,F5EvAI,102,218.0,506,0.10826
S3,F5EvAI,102,230.0,508,0.10853
S3,F5EvAI,102,242.0,510,0.10933
S3,F5EvAI,102,254.0,513,0.10972
S3,F5EvAI,102,266.0,516,0.11226
S3,F5EvAI,102,278.0,516,0.11227
S3,F5EvAI,102,290.0,518,0.11254
S3,F5EvAI,102,302.0,519,0.11267
S3,F5EvAI,102,314.0,519,0.11269
S3,F5EvAI,102,326.0,521,0.11295
S3,F5EvAI,102,338.0,521,0.11296
S3,F5EvAI,102,350.0,523,0.11323
S3,F5EvAI,103,2.0,5,0.00115
S3,F5EvAI,103,14.0,21,0.00477
S3,F5EvAI,103,26.0,21,0.00477
S3,F5EvAI,103,38.0,27,0.00611
S3,F5EvAI,103,50.0,34,0.00766
S3,F5EvAI,103,62.0,39,0.00876
S3,F5EvAI,103,74.0,44,0.00985
S3,F5EvAI,103,86.0,49,0.01093
S3,F5EvAI,103,98.0,50,0.01115
S3,F5EvAI,103,110.0,51,0.01136
S3,F5EvAI,103,122.0,53,0.01179
S3,F5EvAI,103,134.0,53,0.01179
S3,F5EvAI,103,146.0,53,0.01179
S3,F5EvAI,103,158.0,56,0.01244
S3,F5EvAI,103,170.0,58,0.01286
S3,F5EvAI,103,182.0,60,0.01329
S3,F5EvAI,103,194.0,65,0.01435
S3,F5EvAI,103,206.0,68,0.01498
S3,F5EvAI,103,218.0,68,0.01498
S4,F5,103,2.0,8,0.00184
S4,F5,103,14.0,36,0.0081
S4,F5,103,26.0,45,0.01007
S4,F5,103,38.0,77,0.02114
S4,F5,103,50.0,97,0.02581
S4,F5,103,62.0,103,0.02704
S4,F5,103,74.0,120,0.03202
S4,F5,103,86.0,121,0.03223
S4,F5,103,98.0,121,0.03224
S4,F5,103,110.0,121,0.03224
S4,F5,103,122.0,123,0.03264
S4,F5,103,134.0,124,0.03284
S4,F5,103,146.0,124,0.03284
S4,F5,103,158.0,125,0.03304
S4,F5,103,170.0,125,0.03304
S4,F5,103,182.0,125,0.03305
S4,F5,103,194.0,127,0.03344
S4,F5,103,206.0,127,0.03345
S4,F5,103,218.0,127,0.03345
S4,F5,103,230.0,127,0.03345
S4,F5,103,242.0,127,0.03346
S4,F5,103,254.0,127,0.03346
S4,F5,103,266.0,127,0.03346
S4,F5,103,278.0,127,0.03347
S4,F5,103,290.0,131,0.03425
S4,F5,103,302.0,132,0.03445
S4,F5,103,314.0,132,0.03445
S4,F5,103,326.0,132,0.03445
S4,F5,103,338.0,132,0.03445
S4,F5,103,350.0,136,0.03522
S2,Test0,104,2.0,9,0.002
S2,Test0,104,14.0,109,0.02267
S2,Test0,104,26.0,305,0.05651
S2,Test0,104,38.0,516,0.10371
S2,Test0,104,50.0,604,0.12247
S2,Test0,104,62.0,669,0.14459
S2,Test0,104,74.0,746,0.16705
S2,Test0,104,86.0,830,0.18311
S2,Test0,104,98.0,879,0.18812
S2,Test0,104,110.0,899,0.1904
S2,Test0,104,122.0,919,0.19262
S2,Test0,104,134.0,930,0.19404
S2,Test0,104,146.0,936,0.19502
S2,Test0,104,158.0,941,0.19592
S2,Test0,104,170.0,948,0.19698
S2,Test0,104,182.0,959,0.19837
S2,Test0,104,194.0,974,0.20008
S2,Test0,104,206.0,996,0.20234
S2,Test0,104,218.0,1054,0.20736
S2,Test0,104,230.0,1145,0.21458
S2,Test0,104,242.0,1237,0.22141
S2,Test0,104,254.0,1394,0.2318
S2,Test0,104,266.0,1596,0.25835
S2,Test0,104,278.0,1674,0.31548
S2,Test0,104,290.0,1685,0.32589
S2,Test0,104,302.0,1695,0.33464
S2,Test0,104,314.0,1710,0.35195
S2,Test0,104,326.0,1723,0.37309
S2,Test0,104,338.0,1728,0.3865
S2,Test0,104,350.0,1728,0.38816
S4,F5Ev,102,2.0,12,0.00276
S4,F5Ev,102,14.0,190,0.03893
S4,F5Ev,102,26.0,605,0.13026
S4,F5Ev,102,38.0,762,0.15534
S4,F5Ev,102,50.0,920,0.18397
S4,F5Ev,102,62.0,969,0.19151
S4,F5Ev,102,74.0,984,0.19712
S4,F5Ev,102,86.0,1001,0.19857
S4,F5Ev,102,98.0,1008,0.19914
S4,F5Ev,102,110.0,1030,0.2009
S4,F5Ev,102,122.0,1056,0.20508
S4,F5Ev,102,134.0,1072,0.21105
S4,F5Ev,102,146.0,1075,0.21128
S4,F5Ev,102,158.0,1080,0.21435
S4,F5Ev,102,170.0,1096,0.21609
S4,F5Ev,102,182.0,1107,0.21905
S4,F5Ev,102,194.0,1113,0.22111
S4,F5Ev,102,206.0,1114,0.22118
S4,F5Ev,102,218.0,1124,0.22245
S4,F5Ev,102,230.0,1127,0.22267
S4,F5Ev,102,242.0,1128,0.22328
S4,F5Ev,102,254.0,1132,0.22357
S4,F5Ev,102,266.0,1133,0.22364
S4,F5Ev,102,278.0,1136,0.22386
S4,F5Ev,102,290.0,1137,0.22393
S4,F5Ev,102,302.0,1138,0.22401
S4,F5Ev,102,314.0,1138,0.22401
S4,F5Ev,102,326.0,1139,0.22408
S4,F5Ev,102,338.0,1139,0.22408
S4,F5Ev,102,350.0,1140,0.22415
S3,Test0,104,2.0,10,0.00226
S3,Test0,104,14.0,122,0.02567
S3,Test0,104,26.0,411,0.08847
S3,Test0,104,38.0,590,0.12552
S3,Test0,104,50.0,757,0.15141
S3,Test0,104,62.0,905,0.18387
S3,Test0,104,74.0,976,0.20228
S3,Test0,104,86.0,1045,0.22643
S3,Test0,104,98.0,1126,0.24486
S3,Test0,104,110.0,1240,0.26938
S3,Test0,104,122.0,1307,0.28493
S3,Test0,104,134.0,1352,0.3012
S3,Test0,104,146.0,1381,0.31317
S3,Test0,104,158.0,1405,0.32538
S3,Test0,104,170.0,1433,0.33385
S3,Test0,104,182.0,1477,0.34138
S3,Test0,104,194.0,1607,0.35624
S3,Test0,104,206.0,1768,0.3685
S3,Test0,104,218.0,1890,0.38296
S3,Test0,104,230.0,1950,0.39965
S3,Test0,104,242.0,1991,0.41972
S3,Test0,104,254.0,2019,0.43265
S3,Test0,104,266.0,2061,0.4411
S3,Test0,104,278.0,2112,0.45443
S3,Test0,104,290.0,2184,0.47335
S3,Test0,104,302.0,2242,0.48636
S3,Test0,104,314.0,2271,0.49307
S3,Test0,104,326.0,2312,0.50067
S3,Test0,104,338.0,2324,0.50654
S3,Test0,104,350.0,2340,0.51356
S4,F5EvAI,103,2.0,8,0.00184
S4,F5EvAI,103,14.0,36,0.0081
S4,F5EvAI,103,26.0,45,0.01007
S4,F5EvAI,103,38.0,80,0.01962
S4,F5EvAI,103,50.0,98,0.02599
S4,F5EvAI,103,62.0,112,0.02988
S4,F5EvAI,103,74.0,126,0.03554
S4,F5EvAI,103,86.0,133,0.03692
S4,F5EvAI,103,98.0,142,0.03866
S4,F5EvAI,103,110.0,143,0.03886
S4,F5EvAI,103,122.0,145,0.03924
S4,F5EvAI,103,134.0,147,0.03962
S4,F5EvAI,103,146.0,150,0.04019
S4,F5EvAI,103,158.0,152,0.04057
S4,F5EvAI,103,170.0,155,0.04113
S4,F5EvAI,103,182.0,158,0.0417
S4,F5EvAI,103,194.0,162,0.04244
S4,F5EvAI,103,206.0,166,0.04319
S4,F5EvAI,103,218.0,167,0.04337
S4,F5EvAI,103,230.0,170,0.04393
S4,F5EvAI,103,242.0,171,0.04411
S4,F5EvAI,103,254.0,171,0.04411
S4,Test0,104,2.0,17,0.00383
S4,Test0,104,14.0,229,0.04514
S4,Test0,104,26.0,677,0.1399
S4,Test0,104,38.0,1030,0.21757
S4,Test0,104,50.0,1322,0.26477
S4,Test0,104,62.0,1576,0.31367
S4,Test0,104,74.0,1764,0.34815
S4,Test0,104,86.0,1875,0.37353
S4,Test0,104,98.0,1992,0.39853
S4,Test0,104,110.0,2079,0.41783
S4,Test0,104,122.0,2145,0.43164
S4,Test0,104,134.0,2201,0.44211
S4,Test0,104,146.0,2215,0.44827
S4,Test0,104,158.0,2228,0.45532
S4,Test0,104,170.0,2234,0.46057
S4,Test0,104,182.0,2242,0.46285
S4,Test0,104,194.0,2247,0.46604
S4,Test0,104,206.0,2254,0.47006
S4,Test0,104,218.0,2263,0.47538
S4,Test0,104,230.0,2277,0.48607
S4,Test0,104,242.0,2291,0.49526
S4,Test0,104,254.0,2309,0.50212
S4,Test0,104,266.0,2324,0.50533
S4,Test0,104,278.0,2325,0.50755
S4,Test0,104,290.0,2328,0.51084
S4,Test0,104,302.0,2329,0.51351
S4,Test0,104,314.0,2335,0.5163
S4,Test0,104,326.0,2356,0.52211
S4,Test0,104,338.0,2364,0.52647
S4,Test0,104,350.0,2375,0.53145
S5,F5Ev,102,2.0,12,0.00276
S5,F5Ev,102,14.0,207,0.04197
S5,F5Ev,102,26.0,627,0.1367
S5,F5Ev,102,38.0,788,0.15456
S5,F5Ev,102,50.0,845,0.1628
S5,F5Ev,102,62.0,884,0.17637
S5,F5Ev,102,74.0,906,0.17834
S5,F5Ev,102,86.0,923,0.18035
S5,F5Ev,102,98.0,931,0.18104
S5,F5Ev,102,110.0,953,0.18344
S5,F5Ev,102,122.0,973,0.18511
S5,F5Ev,102,134.0,979,0.18614
S5,F5Ev,102,146.0,985,0.18663
S5,F5Ev,102,158.0,986,0.18671
S5,F5Ev,102,170.0,1002,0.18908
S5,F5Ev,102,182.0,1007,0.19056
S5,F5Ev,102,194.0,1007,0.19056
S5,F5Ev,102,206.0,1010,0.1908
S5,F5Ev,102,218.0,1019,0.19313
S5,F5Ev,102,230.0,1021,0.19329
S5,F5Ev,102,242.0,1021,0.19329
S5,F5Ev,102,254.0,1023,0.19345
S5,F5Ev,102,266.0,1029,0.195
S5,F5Ev,102,278.0,1029,0.195
S5,F5Ev,102,290.0,1029,0.195
S5,F5Ev,102,302.0,1029,0.195
S5,F5Ev,102,314.0,1030,0.19508
S5,F5Ev,102,326.0,1030,0.19508
S5,F5Ev,102,338.0,1030,0.19508
S5,F5Ev,102,350.0,1030,0.19508
S4,F5EvAI,102,2.0,12,0.00276
S4,F5EvAI,102,14.0,190,0.03894
S4,F5EvAI,102,26.0,614,0.13132
S4,F5EvAI,102,38.0,786,0.15306
S4,F5EvAI,102,50.0,949,0.18445
S4,F5EvAI,102,62.0,975,0.1885
S4,F5EvAI,102,74.0,1008,0.19392
S4,F5EvAI,102,86.0,1025,0.19695
S4,F5EvAI,102,98.0,1030,0.19739
S4,F5EvAI,102,110.0,1058,0.20066
S4,F5EvAI,102,122.0,1064,0.20167
S4,F5EvAI,102,134.0,1079,0.20336
S4,F5EvAI,102,146.0,1086,0.20391
S4,F5EvAI,102,158.0,1087,0.20399
S4,F5EvAI,102,170.0,1096,0.20577
S4,F5EvAI,102,182.0,1100,0.20608
S4,F5EvAI,102,194.0,1107,0.20661
S4,F5EvAI,102,206.0,1111,0.20746
S4,F5EvAI,102,218.0,1120,0.20813
S4,F5EvAI,102,230.0,1125,0.20851
S4,F5EvAI,102,242.0,1132,0.20903
S4,F5EvAI,102,254.0,1139,0.20955
S4,F5EvAI,102,266.0,1146,0.21007
S4,F5EvAI,102,278.0,1151,0.21044
S4,F5EvAI,102,290.0,1154,0.21067
S4,F5EvAI,102,302.0,1160,0.21111
S4,F5EvAI,102,314.0,1165,0.21148
S4,F5EvAI,102,326.0,1171,0.21245
S4,F5EvAI,102,338.0,1173,0.2126
S4,F5EvAI,102,350.0,1178,0.21297
S5,F5,103,2.0,8,0.00184
S5,F5,103,14.0,40,0.00898
S5,F5,103,26.0,66,0.01456
S5,F5,103,38.0,116,0.02959
S5,F5,103,50.0,159,0.03844
S5,F5,103,62.0,262,0.05763
S5,F5,103,74.0,389,0.08093
S5,F5,103,86.0,522,0.10405
S5,F5,103,98.0,633,0.13497
S5,F5,103,110.0,727,0.15286
S5,F5,103,122.0,768,0.16078
S5,F5,103,134.0,797,0.16785
S5,F5,103,146.0,813,0.16997
S5,F5,103,158.0,846,0.17305
S5,F5,103,170.0,854,0.17382
S5,F5,103,182.0,861,0.17446
S5,F5,103,194.0,862,0.17456
S5,F5,103,206.0,866,0.17493
S5,F5,103,218.0,867,0.17502
S5,F5,103,230.0,867,0.17502
S5,F5,103,242.0,867,0.17502
S5,F5,103,254.0,867,0.17502
S5,F5,103,266.0,867,0.17503
S5,F5,103,278.0,867,0.17503
S5,F5,103,290.0,867,0.17503
S5,F5,103,302.0,868,0.17512
S5,F5,103,314.0,868,0.17513
S5,F5,103,326.0,868,0.17513
S5,F5,103,338.0,868,0.17513
S5,F5,103,350.0,872,0.17549
S5,F5EvAI,102,2.0,12,0.00276
S5,F5EvAI,102,14.0,207,0.04201
S5,F5EvAI,102,26.0,649,0.14295
S5,F5EvAI,102,38.0,803,0.15931
S5,F5EvAI,102,50.0,863,0.16619
S5,F5EvAI,102,62.0,897,0.17713
S5,F5EvAI,102,74.0,918,0.17905
S5,F5EvAI,102,86.0,935,0.1811
S5,F5EvAI,102,98.0,954,0.18276
S5,F5EvAI,102,110.0,960,0.18494
S5,F5EvAI,102,122.0,973,0.18609
S5,F5EvAI,102,134.0,980,0.18995
S5,F5EvAI,102,146.0,1000,0.19163
S5,F5EvAI,102,158.0,1000,0.19169
S5,F5EvAI,102,170.0,1001,0.19182
S5,F5EvAI,102,182.0,1005,0.1922
S5,F5EvAI,102,194.0,1024,0.19538
S5,F5EvAI,102,206.0,1025,0.19552
S5,F5EvAI,102,218.0,1025,0.19557
S5,F5EvAI,102,230.0,1033,0.19679
S5,F5EvAI,102,242.0,1035,0.19701
S5,F5EvAI,102,254.0,1036,0.19714
S5,F5EvAI,102,266.0,1036,0.1972
S5,F5EvAI,102,278.0,1037,0.19733
S5,F5EvAI,102,290.0,1037,0.19738
S5,F5EvAI,102,302.0,1037,0.19744
S5,F5EvAI,102,314.0,1037,0.1975
S5,F5EvAI,102,326.0,1039,0.19771
S5,F5EvAI,102,338.0,1039,0.19776
S5,F5EvAI,102,350.0,1039,0.19782
S5,Test0,104,2.0,17,0.00383
S5,Test0,104,14.0,229,0.04514
S5,Test0,104,26.0,677,0.1399
S5,Test0,104,38.0,1030,0.21757
S5,Test0,104,50.0,1322,0.26477
S5,Test0,104,62.0,1576,0.31367
S5,Test0,104,74.0,1764,0.34815
S5,Test0,104,86.0,1875,0.37353
S5,Test0,104,98.0,1992,0.39853
S5,Test0,104,110.0,2079,0.41783
S5,Test0,104,122.0,2145,0.43164
S5,Test0,104,134.0,2201,0.44211
S5,Test0,104,146.0,2215,0.44827
S5,Test0,104,158.0,2228,0.45532
S5,Test0,104,170.0,2234,0.46057
S5,Test0,104,182.0,2242,0.46285
S5,Test0,104,194.0,2247,0.46604
S5,Test0,104,206.0,2254,0.47006
S5,Test0,104,218.0,2263,0.47538
S5,Test0,104,230.0,2277,0.48607
S5,Test0,104,242.0,2291,0.49526
S5,Test0,104,254.0,2309,0.50212
S5,Test0,104,266.0,2324,0.50533
S5,Test0,104,278.0,2325,0.50755
S5,Test0,104,290.0,2328,0.51084
S5,Test0,104,302.0,2329,0.51351
S5,Test0,104,314.0,2335,0.5163
S5,Test0,104,326.0,2356,0.52211
S5,Test0,104,338.0,2364,0.52647
S5,Test0,104,350.0,2375,0.53145
S2,F5Ev,103,2.0,9,0.00196
S2,F5Ev,103,14.0,103,0.02115
S2,F5Ev,103,26.0,393,0.06848
S2,F5Ev,103,38.0,502,0.08276
S2,F5Ev,103,50.0,566,0.09044
S2,F5Ev,103,62.0,757,0.11243
S2,F5Ev,103,74.0,879,0.12374
S2,F5Ev,103,86.0,925,0.13255
S2,F5Ev,103,98.0,950,0.1443
S2,F5Ev,103,110.0,964,0.14716
S2,F5Ev,103,122.0,981,0.1566
S2,F5Ev,103,134.0,995,0.16265
S2,F5Ev,103,146.0,1005,0.16512
S2,F5Ev,103,158.0,1010,0.16716
S2,F5Ev,103,170.0,1019,0.16787
S2,F5Ev,103,182.0,1025,0.16834
S2,F5Ev,103,194.0,1027,0.16849
S2,F5Ev,103,206.0,1035,0.17073
S2,F5Ev,103,218.0,1043,0.17137
S2,F5Ev,103,230.0,1043,0.17137
S2,F5Ev,103,242.0,1044,0.17145
S2,F5Ev,103,254.0,1045,0.17153
S2,F5Ev,103,266.0,1049,0.17183
S2,F5Ev,103,278.0,1051,0.17199
S2,F5Ev,103,290.0,1052,0.17206
S2,F5Ev,103,302.0,1053,0.17214
S2,F5Ev,103,314.0,1054,0.17222
S2,F5Ev,103,326.0,1057,0.17245
S2,F5Ev,103,338.0,1057,0.17245
S2,F5Ev,103,350.0,1057,0.17245
S2,F5EvAI,103,2.0,9,0.00196
S2,F5EvAI,103,14.0,103,0.02115
S2,F5EvAI,103,26.0,393,0.06848
S2,F5EvAI,103,38.0,502,0.08276
S2,F5EvAI,103,50.0,568,0.09068
S2,F5EvAI,103,62.0,750,0.11174
S2,F5EvAI,103,74.0,873,0.12321
S2,F5EvAI,103,86.0,929,0.13449
S2,F5EvAI,103,98.0,953,0.14455
S2,F5EvAI,103,110.0,969,0.14757
S2,F5EvAI,103,122.0,987,0.15709
S2,F5EvAI,103,134.0,1002,0.1632
S2,F5EvAI,103,146.0,1009,0.16544
S2,F5EvAI,103,158.0,1016,0.16763
S2,F5EvAI,103,170.0,1022,0.1681
S2,F5EvAI,103,182.0,1026,0.16841
S2,F5EvAI,103,194.0,1031,0.1688
S2,F5EvAI,103,206.0,1035,0.16911
S2,F5EvAI,103,218.0,1039,0.17103
S2,F5EvAI,103,230.0,1039,0.17106
S2,F5EvAI,103,242.0,1044,0.17145
S2,F5EvAI,103,254.0,1048,0.17176
S2,F5EvAI,103,266.0,1052,0.17206
S2,F5EvAI,103,278.0,1053,0.17214
S2,F5EvAI,103,290.0,1056,0.17237
S2,F5EvAI,103,302.0,1058,0.17252
S2,F5EvAI,103,314.0,1059,0.1726
S2,F5EvAI,103,326.0,1061,0.17275
S2,F5EvAI,103,338.0,1064,0.17298
S2,F5EvAI,103,350.0,1064,0.17298
S1,Test0,105,2.0,3,0.00067
S1,Test0,105,14.0,28,0.00616
S1,Test0,105,26.0,82,0.01743
S1,Test0,105,38.0,144,0.02945
S1,Test0,105,50.0,248,0.04767
S1,Test0,105,62.0,386,0.09623
S1,Test0,105,74.0,498,0.11651
S1,Test0,105,86.0,649,0.14167
S1,Test0,105,98.0,827,0.19827
S1,Test0,105,110.0,1020,0.22265
S1,Test0,105,122.0,1229,0.23942
S1,Test0,105,134.0,1294,0.2451
S1,Test0,105,146.0,1321,0.24819
S1,Test0,105,158.0,1345,0.25103
S1,Test0,105,170.0,1369,0.2537
S1,Test0,105,182.0,1392,0.25769
S1,Test0,105,194.0,1414,0.26782
S1,Test0,105,206.0,1444,0.28161
S1,Test0,105,218.0,1478,0.29576
S1,Test0,105,230.0,1509,0.31251
S1,Test0,105,242.0,1557,0.3397
S1,Test0,105,254.0,1733,0.36906
S1,Test0,105,266.0,1835,0.39229
S1,Test0,105,278.0,1865,0.40332
S1,Test0,105,290.0,1926,0.41406
S1,Test0,105,302.0,1987,0.42475
S1,Test0,105,314.0,2043,0.45088
S1,Test0,105,326.0,2110,0.50552
S1,Test0,105,338.0,2215,0.5323
S1,Test0,105,350.0,2306,0.53818
S1,F5,104,2.0,5,0.00111
S1,F5,104,14.0,103,0.0215
S1,F5,104,26.0,277,0.05214
S1,F5,104,38.0,449,0.09187
S1,F5,104,50.0,511,0.09987
S1,F5,104,62.0,523,0.10795
S1,F5,104,74.0,535,0.10946
S1,F5,104,86.0,543,0.11208
S1,F5,104,98.0,560,0.11412
S1,F5,104,110.0,566,0.11484
S1,F5,104,122.0,574,0.11578
S1,F5,104,134.0,578,0.11625
S1,F5,104,146.0,579,0.11637
S1,F5,104,158.0,582,0.11672
S1,F5,104,170.0,582,0.11672
S1,F5,104,182.0,587,0.1173
S1,F5,104,194.0,590,0.11765
S1,F5,104,206.0,592,0.11789
S1,F5,104,218.0,592,0.11789
S1,F5,104,230.0,592,0.1179
S1,F5,104,242.0,593,0.11801
S1,F5,104,254.0,596,0.11836
S1,F5,104,266.0,598,0.1186
S1,F5,104,278.0,610,0.12162
S1,F5,104,290.0,614,0.12373
S1,F5,104,302.0,618,0.1242
S1,F5,104,314.0,621,0.12455
S1,F5,104,326.0,628,0.12535
S1,F5,104,338.0,635,0.12613
S1,F5,104,350.0,651,0.1279
S3,F5,104,2.0,10,0.00226
S3,F5,104,14.0,113,0.02392
S3,F5,104,26.0,333,0.07149
S3,F5,104,38.0,431,0.08959
S3,F5,104,50.0,469,0.10066
S3,F5,104,62.0,497,0.10605
S3,F5,104,74.0,514,0.1082
S3,F5,104,86.0,536,0.11091
S3,F5,104,98.0,545,0.11201
S3,F5,104,110.0,563,0.11417
S3,F5,104,122.0,567,0.11688
S3,F5,104,134.0,568,0.11701
S3,F5,104,146.0,571,0.11736
S3,F5,104,158.0,573,0.1176
S3,F5,104,170.0,573,0.1176
S3,F5,104,182.0,589,0.12018
S3,F5,104,194.0,591,0.12044
S3,F5,104,206.0,593,0.12331
S3,F5,104,218.0,594,0.12517
S3,F5,104,230.0,599,0.12574
S3,F5,104,242.0,600,0.12586
S3,F5,104,254.0,600,0.12587
S3,F5,104,266.0,602,0.12749
S3,F5,104,278.0,603,0.12811
S3,F5,104,290.0,603,0.12812
S3,F5,104,302.0,604,0.12912
S3,F5,104,314.0,605,0.12924
S3,F5,104,326.0,608,0.13389
S3,F5,104,338.0,608,0.1339
S3,F5,104,350.0,608,0.13391
S5,F5Ev,103,2.0,8,0.00184
S5,F5Ev,103,14.0,40,0.00898
S5,F5Ev,103,26.0,63,0.01393
S5,F5Ev,103,38.0,96,0.02559
S5,F5Ev,103,50.0,119,0.03022
S5,F5Ev,103,62.0,143,0.03648
S5,F5Ev,103,74.0,146,0.03761
S5,F5Ev,103,86.0,160,0.04132
S5,F5Ev,103,98.0,164,0.04207
S5,F5Ev,103,110.0,168,0.04282
S5,F5Ev,103,122.0,176,0.04429
S5,F5Ev,103,134.0,180,0.04502
S5,F5Ev,103,146.0,182,0.04539
S5,F5Ev,103,158.0,188,0.04647
S5,F5Ev,103,170.0,192,0.0472
S5,F5Ev,103,182.0,197,0.04809
S5,F5Ev,103,194.0,201,0.0488
S5,F5Ev,103,206.0,205,0.04951
S5,F5Ev,103,218.0,211,0.05057
S5,F5Ev,103,230.0,213,0.05092
S5,F5Ev,103,242.0,227,0.05496
S5,F5Ev,103,254.0,244,0.06313
S5,F5Ev,103,266.0,321,0.07776
S5,F5Ev,103,278.0,352,0.08409
S5,F5Ev,103,290.0,367,0.08742
S5,F5Ev,103,302.0,383,0.09265
S5,F5Ev,103,314.0,398,0.09483
S5,F5Ev,103,326.0,401,0.09525
S5,F5Ev,103,338.0,413,0.09694
S5,F5Ev,103,350.0,420,0.09791
S2,F5,104,2.0,9,0.002
S2,F5,104,14.0,108,0.02247
S2,F5,104,26.0,284,0.05324
S2,F5,104,38.0,459,0.09318
S2,F5,104,50.0,524,0.10147
S2,F5,104,62.0,538,0.10978
S2,F5,104,74.0,547,0.1109
S2,F5,104,86.0,549,0.11117
S2,F5,104,98.0,570,0.11366
S2,F5,104,110.0,576,0.11438
S2,F5,104,122.0,582,0.11509
S2,F5,104,134.0,584,0.11533
S2,F5,104,146.0,585,0.11546
S2,F5,104,158.0,587,0.1157
S2,F5,104,170.0,590,0.11606
S2,F5,104,182.0,597,0.11687
S2,F5,104,194.0,609,0.11987
S2,F5,104,206.0,612,0.12021
S2,F5,104,218.0,613,0.12032
S2,F5,104,230.0,615,0.12055
S2,F5,104,242.0,617,0.12077
S2,F5,104,254.0,618,0.12088
S2,F5,104,266.0,622,0.12133
S2,F5,104,278.0,634,0.12266
S2,F5,104,290.0,638,0.1231
S2,F5,104,302.0,642,0.12353
S2,F5,104,314.0,645,0.12386
S2,F5,104,326.0,646,0.12397
S2,F5,104,338.0,646,0.12397
S2,F5,104,350.0,661,0.12724
S2,Test0,105,2.0,9,0.00201
S2,Test0,105,14.0,63,0.01356
S2,Test0,105,26.0,154,0.0313
S2,Test0,105,38.0,273,0.05173
S2,Test0,105,50.0,429,0.07467
S2,Test0,105,62.0,680,0.13214
S2,Test0,105,74.0,843,0.15349
S2,Test0,105,86.0,992,0.20035
S2,Test0,105,98.0,1143,0.22802
S2,Test0,105,110.0,1244,0.23969
S2,Test0,105,122.0,1399,0.25095
S2,Test0,105,134.0,1507,0.25855
S2,Test0,105,146.0,1570,0.26331
S2,Test0,105,158.0,1611,0.26663
S2,Test0,105,170.0,1642,0.26925
S2,Test0,105,182.0,1682,0.2738
S2,Test0,105,194.0,1777,0.28715
S2,Test0,105,206.0,1865,0.30317
S2,Test0,105,218.0,1939,0.31857
S2,Test0,105,230.0,2031,0.33738
S2,Test0,105,242.0,2147,0.36959
S2,Test0,105,254.0,2208,0.39548
S2,Test0,105,266.0,2233,0.41019
S2,Test0,105,278.0,2243,0.4234
S2,Test0,105,290.0,2249,0.43018
S2,Test0,105,302.0,2257,0.44159
S2,Test0,105,314.0,2266,0.45968
S2,Test0,105,326.0,2292,0.52527
S2,Test0,105,338.0,2314,0.53647
S2,Test0,105,350.0,2322,0.53937
S5,F5EvAI,103,2.0,8,0.00184
S5,F5EvAI,103,14.0,40,0.00898
S5,F5EvAI,103,26.0,66,0.01456
S5,F5EvAI,103,38.0,116,0.02959
S5,F5EvAI,103,50.0,150,0.03621
S5,F5EvAI,103,62.0,203,0.04753
S5,F5EvAI,103,74.0,350,0.07523
S5,F5EvAI,103,86.0,440,0.08806
S5,F5EvAI,103,98.0,486,0.09682
S5,F5EvAI,103,110.0,512,0.10071
S5,F5EvAI,103,122.0,533,0.10386
S5,F5EvAI,103,134.0,562,0.10954
S5,F5EvAI,103,146.0,580,0.11222
S5,F5EvAI,103,158.0,635,0.12839
S5,F5EvAI,103,170.0,719,0.13982
S5,F5EvAI,103,182.0,749,0.14654
S5,F5EvAI,103,194.0,775,0.15132
S5,F5EvAI,103,206.0,790,0.15335
S5,F5EvAI,103,218.0,799,0.15476
S5,F5EvAI,103,230.0,814,0.15619
S5,F5EvAI,103,242.0,823,0.15704
S5,F5EvAI,103,254.0,831,0.15779
S5,F5EvAI,103,266.0,834,0.15806
S5,F5EvAI,103,278.0,839,0.15853
S5,F5EvAI,103,290.0,843,0.1589
S5,F5EvAI,103,302.0,845,0.15908
S5,F5EvAI,103,314.0,845,0.15908
S5,F5EvAI,103,326.0,846,0.15917
S5,F5EvAI,103,338.0,846,0.15917
S5,F5EvAI,103,350.0,846,0.15917
S4,F5,104,2.0,17,0.00383
S4,F5,104,14.0,208,0.04152
S4,F5,104,26.0,533,0.10957
S4,F5,104,38.0,794,0.15683
S4,F5,104,50.0,918,0.18387
S4,F5,104,62.0,995,0.20042
S4,F5,104,74.0,1031,0.20587
S4,F5,104,86.0,1074,0.21061
S4,F5,104,98.0,1133,0.22109
S4,F5,104,110.0,1202,0.23023
S4,F5,104,122.0,1250,0.23854
S4,F5,104,134.0,1276,0.24605
S4,F5,104,146.0,1302,0.24825
S4,F5,104,158.0,1314,0.25176
S4,F5,104,170.0,1318,0.25204
S4,F5,104,182.0,1335,0.25311
S4,F5,104,194.0,1337,0.25325
S4,F5,104,206.0,1337,0.25325
S4,F5,104,218.0,1337,0.25326
S4,F5,104,230.0,1341,0.25351
S4,F5,104,242.0,1342,0.25358
S4,F5,104,254.0,1342,0.25359
S4,F5,104,266.0,1345,0.25568
S4,F5,104,278.0,1351,0.25897
S4,F5,104,290.0,1352,0.25904
S4,F5,104,302.0,1354,0.26006
S4,F5,104,314.0,1356,0.2612
S4,F5,104,326.0,1358,0.26184
S4,F5,104,338.0,1360,0.26669
S4,F5,104,350.0,1360,0.26671
S3,Test0,105,2.0,4,0.00088
S3,Test0,105,14.0,33,0.00712
S3,Test0,105,26.0,159,0.03223
S3,Test0,105,38.0,312,0.06757
S3,Test0,105,50.0,471,0.10606
S3,Test0,105,62.0,585,0.12914
S3,Test0,105,74.0,818,0.16552
S3,Test0,105,86.0,1136,0.21434
S3,Test0,105,98.0,1318,0.25047
S3,Test0,105,110.0,1386,0.27929
S3,Test0,105,122.0,1472,0.29255
S3,Test0,105,134.0,1517,0.29636
S3,Test0,105,146.0,1620,0.30497
S3,Test0,105,158.0,1846,0.31801
S3,Test0,105,170.0,1994,0.34233
S3,Test0,105,182.0,2058,0.35509
S3,Test0,105,194.0,2099,0.36408
S3,Test0,105,206.0,2151,0.37613
S3,Test0,105,218.0,2190,0.3843
S3,Test0,105,230.0,2216,0.39499
S3,Test0,105,242.0,2238,0.40368
S3,Test0,105,254.0,2305,0.41595
S3,Test0,105,266.0,2351,0.42543
S3,Test0,105,278.0,2409,0.43287
S3,Test0,105,290.0,2453,0.44538
S3,Test0,105,302.0,2480,0.45549
S3,Test0,105,314.0,2520,0.46393
S3,Test0,105,326.0,2565,0.47108
S3,Test0,105,338.0,2593,0.47614
S3,Test0,105,350.0,2607,0.47973
S5,F5,104,2.0,17,0.00383
S5,F5,104,14.0,212,0.04221
S5,F5,104,26.0,548,0.11605
S5,F5,104,38.0,772,0.15198
S5,F5,104,50.0,868,0.1742
S5,F5,104,62.0,911,0.18366
S5,F5,104,74.0,932,0.18794
S5,F5,104,86.0,945,0.18906
S5,F5,104,98.0,980,0.19196
S5,F5,104,110.0,982,0.19214
S5,F5,104,122.0,991,0.19699
S5,F5,104,134.0,997,0.198
S5,F5,104,146.0,999,0.19867
S5,F5,104,158.0,1003,0.20403
S5,F5,104,170.0,1003,0.20404
S5,F5,104,182.0,1006,0.20429
S5,F5,104,194.0,1006,0.2043
S5,F5,104,206.0,1006,0.20431
S5,F5,104,218.0,1009,0.20595
S5,F5,104,230.0,1021,0.20934
S5,F5,104,242.0,1021,0.20938
S5,F5,104,254.0,1025,0.21123
S5,F5,104,266.0,1047,0.21843
S5,F5,104,278.0,1056,0.22015
S5,F5,104,290.0,1057,0.22024
S5,F5,104,302.0,1057,0.22025
S5,F5,104,314.0,1057,0.22026
S5,F5,104,326.0,1057,0.22027
S5,F5,104,338.0,1058,0.22087
S5,F5,104,350.0,1060,0.22204
S3,F5Ev,104,2.0,10,0.00226
S3,F5Ev,104,14.0,113,0.02392
S3,F5Ev,104,26.0,325,0.06825
S3,F5Ev,104,38.0,406,0.08216
S3,F5Ev,104,50.0,429,0.08738
S3,F5Ev,104,62.0,462,0.09231
S3,F5Ev,104,74.0,480,0.09467
S3,F5Ev,104,86.0,490,0.09595
S3,F5Ev,104,98.0,498,0.09697
S3,F5Ev,104,110.0,508,0.09823
S3,F5Ev,104,122.0,514,0.10162
S3,F5Ev,104,134.0,520,0.10237
S3,F5Ev,104,146.0,522,0.10262
S3,F5Ev,104,158.0,529,0.10571
S3,F5Ev,104,170.0,530,0.10586
S3,F5Ev,104,182.0,531,0.10599
S3,F5Ev,104,194.0,533,0.10623
S3,F5Ev,104,206.0,535,0.10648
S3,F5Ev,104,218.0,535,0.10648
S3,F5Ev,104,230.0,535,0.10648
S3,F5Ev,104,242.0,538,0.10686
S3,F5Ev,104,254.0,538,0.10686
S3,F5Ev,104,266.0,538,0.10686
S3,F5Ev,104,278.0,538,0.10686
S3,F5Ev,104,290.0,538,0.10686
S3,F5Ev,104,302.0,538,0.10687
S3,F5Ev,104,314.0,538,0.10687
S4,F5EvAI,104,2.0,17,0.00383
S4,F5EvAI,104,14.0,208,0.04152
S4,F5EvAI,104,26.0,530,0.11123
S4,F5EvAI,104,38.0,705,0.14087
S4,F5EvAI,104,50.0,809,0.1647
S4,F5EvAI,104,62.0,843,0.17343
S4,F5EvAI,104,74.0,866,0.17707
S4,F5EvAI,104,86.0,895,0.18015
S4,F5EvAI,104,98.0,916,0.1825
S4,F5EvAI,104,110.0,943,0.18652
S4,F5EvAI,104,122.0,958,0.18829
S4,F5EvAI,104,134.0,970,0.18929
S4,F5EvAI,104,146.0,980,0.19062
S4,F5EvAI,104,158.0,985,0.19103
S4,F5EvAI,104,170.0,992,0.1921
S4,F5EvAI,104,182.0,1002,0.19291
S4,F5EvAI,104,194.0,1005,0.19315
S4,F5EvAI,104,206.0,1008,0.1939
S4,F5EvAI,104,218.0,1009,0.19398
S4,F5EvAI,104,230.0,1010,0.19406
S4,F5EvAI,104,242.0,1012,0.19422
S4,F5EvAI,104,254.0,1012,0.19422
S1,F5EvAI,104,2.0,5,0.00111
S1,F5EvAI,104,14.0,103,0.0215
S1,F5EvAI,104,26.0,277,0.05214
S1,F5EvAI,104,38.0,449,0.09187
S1,F5EvAI,104,50.0,511,0.09987
S1,F5EvAI,104,62.0,523,0.10795
S1,F5EvAI,104,74.0,535,0.10946
S1,F5EvAI,104,86.0,542,0.11032
S1,F5EvAI,104,98.0,558,0.11223
S1,F5EvAI,104,110.0,564,0.11294
S1,F5EvAI,104,122.0,572,0.11389
S1,F5EvAI,104,134.0,576,0.11436
S1,F5EvAI,104,146.0,577,0.11448
S1,F5EvAI,104,158.0,590,0.11762
S1,F5EvAI,104,170.0,595,0.1215
S1,F5EvAI,104,182.0,600,0.12209
S1,F5EvAI,104,194.0,601,0.12221
S1,F5EvAI,104,206.0,605,0.12266
S1,F5EvAI,104,218.0,607,0.12454
S1,F5EvAI,104,230.0,607,0.12454
S1,F5EvAI,104,242.0,609,0.12476
S1,F5EvAI,104,254.0,609,0.12476
S1,F5EvAI,104,266.0,610,0.12488
S1,F5EvAI,104,278.0,611,0.12499
S1,F5EvAI,104,290.0,612,0.12674
S1,F5EvAI,104,302.0,613,0.12686
S1,F5EvAI,104,314.0,613,0.12686
S1,F5EvAI,104,326.0,615,0.12708
S1,F5EvAI,104,338.0,615,0.12708
S1,F5EvAI,104,350.0,615,0.12708
S4,Test0,105,2.0,8,0.00175
S4,Test0,105,14.0,53,0.01129
S4,Test0,105,26.0,220,0.04286
S4,Test0,105,38.0,458,0.09381
S4,Test0,105,50.0,662,0.13903
S4,Test0,105,62.0,811,0.16323
S4,Test0,105,74.0,918,0.17601
S4,Test0,105,86.0,1049,0.20352
S4,Test0,105,98.0,1166,0.22623
S4,Test0,105,110.0,1350,0.26361
S4,Test0,105,122.0,1523,0.28557
S4,Test0,105,134.0,1671,0.30727
S4,Test0,105,146.0,1845,0.33108
S4,Test0,105,158.0,1999,0.3585
S4,Test0,105,170.0,2104,0.37573
S4,Test0,105,182.0,2147,0.38266
S4,Test0,105,194.0,2223,0.39194
S4,Test0,105,206.0,2297,0.40064
S4,Test0,105,218.0,2368,0.40712
S4,Test0,105,230.0,2410,0.41708
S4,Test0,105,242.0,2440,0.42824
S4,Test0,105,254.0,2465,0.43758
S4,Test0,105,266.0,2484,0.44233
S4,Test0,105,278.0,2523,0.45374
S4,Test0,105,290.0,2561,0.46201
S4,Test0,105,302.0,2578,0.4657
S4,Test0,105,314.0,2598,0.47353
S4,Test0,105,326.0,2615,0.47873
S4,Test0,105,338.0,2628,0.48229
S4,Test0,105,350.0,2645,0.48595
S2,F5EvAI,104,2.0,9,0.002
S2,F5EvAI,104,14.0,108,0.02247
S2,F5EvAI,104,26.0,284,0.05324
S2,F5EvAI,104,38.0,459,0.09318
S2,F5EvAI,104,50.0,525,0.1016
S2,F5EvAI,104,62.0,540,0.11002
S2,F5EvAI,104,74.0,547,0.1109
S2,F5EvAI,104,86.0,553,0.11164
S2,F5EvAI,104,98.0,577,0.1161
S2,F5EvAI,104,110.0,586,0.11715
S2,F5EvAI,104,122.0,595,0.11819
S2,F5EvAI,104,134.0,601,0.12216
S2,F5EvAI,104,146.0,603,0.1224
S2,F5EvAI,104,158.0,605,0.12263
S2,F5EvAI,104,170.0,609,0.12473
S2,F5EvAI,104,182.0,621,0.12772
S2,F5EvAI,104,194.0,621,0.12773
S2,F5EvAI,104,206.0,622,0.12784
S2,F5EvAI,104,218.0,626,0.12993
S2,F5EvAI,104,230.0,629,0.13027
S2,F5EvAI,104,242.0,632,0.1306
S2,F5EvAI,104,254.0,632,0.1306
S2,F5EvAI,104,266.0,636,0.13269
S2,F5EvAI,104,278.0,646,0.13379
S2,F5EvAI,104,290.0,646,0.13379
S2,F5EvAI,104,302.0,651,0.13433
S2,F5EvAI,104,314.0,656,0.13487
S2,F5EvAI,104,326.0,662,0.13552
S2,F5EvAI,104,338.0,664,0.13573
S2,F5EvAI,104,350.0,678,0.13722
S3,F5EvAI,104,2.0,10,0.00226
S3,F5EvAI,104,14.0,113,0.02392
S3,F5EvAI,104,26.0,325,0.06977
S3,F5EvAI,104,38.0,371,0.0767
S3,F5EvAI,104,50.0,416,0.08957
S3,F5EvAI,104,62.0,429,0.09212
S3,F5EvAI,104,74.0,447,0.09456
S3,F5EvAI,104,86.0,456,0.09576
S3,F5EvAI,104,98.0,461,0.09642
S3,F5EvAI,104,110.0,470,0.0976
S3,F5EvAI,104,122.0,473,0.09799
S3,F5EvAI,104,134.0,473,0.09799
S3,F5EvAI,104,146.0,476,0.09838
S3,F5EvAI,104,158.0,483,0.09928
S3,F5EvAI,104,170.0,483,0.09928
S3,F5EvAI,104,182.0,484,0.09941
S3,F5EvAI,104,194.0,484,0.09941
S3,F5EvAI,104,206.0,486,0.09967
S3,F5EvAI,104,218.0,486,0.09967
S3,F5EvAI,104,230.0,486,0.09967
S3,F5EvAI,104,242.0,487,0.0998
S3,F5EvAI,104,254.0,487,0.0998
S3,F5EvAI,104,266.0,487,0.0998
S3,F5EvAI,104,278.0,488,0.09992
S3,F5EvAI,104,290.0,488,0.09992
S3,F5EvAI,104,302.0,488,0.09992
S3,F5EvAI,104,314.0,488,0.09992
S3,F5EvAI,104,326.0,488,0.09992
S3,F5EvAI,104,338.0,488,0.09992
S3,F5EvAI,104,350.0,488,0.09992
S1,F5Ev,104,2.0,5,0.00111
S1,F5Ev,104,14.0,103,0.0215
S1,F5Ev,104,26.0,277,0.05214
S1,F5Ev,104,38.0,448,0.09174
S1,F5Ev,104,50.0,510,0.09975
S1,F5Ev,104,62.0,522,0.10783
S1,F5Ev,104,74.0,534,0.10934
S1,F5Ev,104,86.0,541,0.1102
S1,F5Ev,104,98.0,557,0.11211
S1,F5Ev,104,110.0,572,0.11388
S1,F5Ev,104,122.0,581,0.11492
S1,F5Ev,104,134.0,587,0.11726
S1,F5Ev,104,146.0,590,0.11925
S1,F5Ev,104,158.0,597,0.12005
S1,F5Ev,104,170.0,597,0.12005
S1,F5Ev,104,182.0,602,0.12061
S1,F5Ev,104,194.0,605,0.12095
S1,F5Ev,104,206.0,608,0.12129
S1,F5Ev,104,218.0,609,0.12141
S1,F5Ev,104,230.0,611,0.12163
S1,F5Ev,104,242.0,613,0.12186
S1,F5Ev,104,254.0,616,0.12384
S1,F5Ev,104,266.0,620,0.12428
S1,F5Ev,104,278.0,631,0.1255
S1,F5Ev,104,290.0,632,0.12561
S1,F5Ev,104,302.0,634,0.12583
S1,F5Ev,104,314.0,640,0.1265
S1,F5Ev,104,326.0,646,0.12715
S1,F5Ev,104,338.0,650,0.12926
S1,F5Ev,104,350.0,655,0.12985
S2,F5Ev,104,2.0,9,0.002
S2,F5Ev,104,14.0,108,0.02247
S2,F5Ev,104,26.0,284,0.05324
S2,F5Ev,104,38.0,458,0.09305
S2,F5Ev,104,50.0,523,0.10135
S2,F5Ev,104,62.0,537,0.10966
S2,F5Ev,104,74.0,548,0.11267
S2,F5Ev,104,86.0,549,0.11282
S2,F5Ev,104,98.0,574,0.11579
S2,F5Ev,104,110.0,580,0.11651
S2,F5Ev,104,122.0,586,0.11722
S2,F5Ev,104,134.0,586,0.11724
S2,F5Ev,104,146.0,590,0.11772
S2,F5Ev,104,158.0,592,0.11796
S2,F5Ev,104,170.0,595,0.11832
S2,F5Ev,104,182.0,600,0.11891
S2,F5Ev,104,194.0,600,0.11893
S2,F5Ev,104,206.0,614,0.12215
S2,F5Ev,104,218.0,617,0.1225
S2,F5Ev,104,230.0,619,0.12272
S2,F5Ev,104,242.0,620,0.12283
S2,F5Ev,104,254.0,625,0.12503
S2,F5Ev,104,266.0,626,0.12514
S2,F5Ev,104,278.0,631,0.1257
S2,F5Ev,104,290.0,641,0.1268
S2,F5Ev,104,302.0,642,0.12855
S2,F5Ev,104,314.0,652,0.12964
S2,F5Ev,104,326.0,656,0.13007
S2,F5Ev,104,338.0,660,0.1305
S2,F5Ev,104,350.0,666,0.13114
S1,F5,105,2.0,3,0.00067
S1,F5,105,14.0,28,0.00616
S1,F5,105,26.0,59,0.01273
S1,F5,105,38.0,84,0.01783
S1,F5,105,50.0,108,0.02258
S1,F5,105,62.0,167,0.03368
S1,F5,105,74.0,292,0.06416
S1,F5,105,86.0,371,0.07612
S1,F5,105,98.0,408,0.08607
S1,F5,105,110.0,517,0.10663
S1,F5,105,122.0,664,0.15656
S1,F5,105,134.0,726,0.16891
S1,F5,105,146.0,823,0.18015
S1,F5,105,158.0,857,0.18336
S1,F5,105,170.0,871,0.18465
S1,F5,105,182.0,901,0.18734
S1,F5,105,194.0,914,0.18855
S1,F5,105,206.0,935,0.19037
S1,F5,105,218.0,935,0.19039
S1,F5,105,230.0,941,0.1909
S1,F5,105,242.0,950,0.19166
S1,F5,105,254.0,953,0.19191
S1,F5,105,266.0,953,0.19192
S1,F5,105,278.0,960,0.1925
S1,F5,105,290.0,969,0.19325
S1,F5,105,302.0,1028,0.19799
S1,F5,105,314.0,1092,0.20289
S1,F5,105,326.0,1101,0.20362
S1,F5,105,338.0,1104,0.20557
S1,F5,105,350.0,1131,0.2076
S5,Test0,105,2.0,8,0.00175
S5,Test0,105,14.0,53,0.01129
S5,Test0,105,26.0,220,0.04286
S5,Test0,105,38.0,458,0.09381
S5,Test0,105,50.0,662,0.13903
S5,Test0,105,62.0,811,0.16323
S5,Test0,105,74.0,918,0.17601
S5,Test0,105,86.0,1049,0.20352
S5,Test0,105,98.0,1166,0.22623
S5,Test0,105,110.0,1350,0.26361
S5,Test0,105,122.0,1523,0.28557
S5,Test0,105,134.0,1671,0.30727
S5,Test0,105,146.0,1845,0.33108
S5,Test0,105,158.0,1999,0.3585
S5,Test0,105,170.0,2104,0.37573
S5,Test0,105,182.0,2147,0.38266
S5,Test0,105,194.0,2223,0.39194
S5,Test0,105,206.0,2297,0.40064
S5,Test0,105,218.0,2368,0.40712
S5,Test0,105,230.0,2410,0.41708
S5,Test0,105,242.0,2440,0.42824
S5,Test0,105,254.0,2465,0.43758
S5,Test0,105,266.0,2484,0.44233
S5,Test0,105,278.0,2523,0.45374
S5,Test0,105,290.0,2561,0.46201
S5,Test0,105,302.0,2578,0.4657
S5,Test0,105,314.0,2598,0.47353
S5,Test0,105,326.0,2615,0.47873
S5,Test0,105,338.0,2628,0.48229
S5,Test0,105,350.0,2645,0.48595
S4,F5Ev,104,2.0,17,0.00383
S4,F5Ev,104,14.0,208,0.04152
S4,F5Ev,104,26.0,529,0.10654
S4,F5Ev,104,38.0,750,0.14043
S4,F5Ev,104,50.0,835,0.1618
S4,F5Ev,104,62.0,878,0.17096
S4,F5Ev,104,74.0,899,0.17285
S4,F5Ev,104,86.0,914,0.17486
S4,F5Ev,104,98.0,934,0.17659
S4,F5Ev,104,110.0,942,0.17727
S4,F5Ev,104,122.0,967,0.18006
S4,F5Ev,104,134.0,970,0.18032
S4,F5Ev,104,146.0,973,0.18057
S4,F5Ev,104,158.0,985,0.18156
S4,F5Ev,104,170.0,985,0.18156
S4,F5Ev,104,182.0,990,0.1842
S4,F5Ev,104,194.0,993,0.18897
S4,F5Ev,104,206.0,1028,0.1943
S4,F5Ev,104,218.0,1035,0.19535
S4,F5Ev,104,230.0,1039,0.19617
S4,F5Ev,104,242.0,1049,0.19936
S4,F5Ev,104,254.0,1060,0.20402
S4,F5Ev,104,266.0,1062,0.20417
S4,F5Ev,104,278.0,1066,0.206
S4,F5Ev,104,290.0,1068,0.20667
S4,F5Ev,104,302.0,1071,0.20689
S4,F5Ev,104,314.0,1074,0.20852
S4,F5Ev,104,326.0,1074,0.20853
S4,F5Ev,104,338.0,1078,0.21063
S4,F5Ev,104,350.0,1079,0.21072
S1,Test0,106,2.0,4,0.00086
S1,Test0,106,14.0,14,0.00297
S1,Test0,106,26.0,83,0.01689
S1,Test0,106,38.0,392,0.06711
S1,Test0,106,50.0,937,0.12533
S1,Test0,106,62.0,1280,0.1505
S1,Test0,106,74.0,1384,0.15697
S1,Test0,106,86.0,1455,0.16113
S1,Test0,106,98.0,1532,0.16542
S1,Test0,106,110.0,1616,0.16987
S1,Test0,106,122.0,1725,0.1753
S1,Test0,106,134.0,1911,0.1977
S1,Test0,106,146.0,2173,0.23848
S1,Test0,106,158.0,2407,0.25005
S1,Test0,106,170.0,2518,0.25408
S1,Test0,106,182.0,2587,0.26057
S1,Test0,106,194.0,2704,0.28433
S1,Test0,106,206.0,2766,0.31884
S1,Test0,106,218.0,2793,0.33083
S1,Test0,106,230.0,2808,0.34449
S1,Test0,106,242.0,2829,0.36434
S1,Test0,106,254.0,2851,0.38394
S1,Test0,106,266.0,2871,0.39218
S1,Test0,106,278.0,2886,0.40228
S1,Test0,106,290.0,2904,0.43369
S1,Test0,106,302.0,2920,0.47427
S1,Test0,106,314.0,2940,0.48902
S1,Test0,106,326.0,2954,0.49974
S1,Test0,106,338.0,2955,0.50212
S1,Test0,106,350.0,2959,0.50851
S2,F5,105,2.0,9,0.00201
S2,F5,105,14.0,61,0.01314
S2,F5,105,26.0,115,0.02394
S2,F5,105,38.0,167,0.03368
S2,F5,105,50.0,206,0.04058
S2,F5,105,62.0,269,0.05109
S2,F5,105,74.0,397,0.0797
S2,F5,105,86.0,468,0.08936
S2,F5,105,98.0,502,0.09843
S2,F5,105,110.0,595,0.1159
S2,F5,105,122.0,693,0.15963
S2,F5,105,134.0,765,0.17279
S2,F5,105,146.0,817,0.17959
S2,F5,105,158.0,898,0.187
S2,F5,105,170.0,906,0.18772
S2,F5,105,182.0,926,0.1895
S2,F5,105,194.0,948,0.19145
S2,F5,105,206.0,952,0.1918
S2,F5,105,218.0,969,0.19322
S2,F5,105,230.0,973,0.19355
S2,F5,105,242.0,981,0.1942
S2,F5,105,254.0,983,0.19437
S2,F5,105,266.0,984,0.19445
S2,F5,105,278.0,985,0.19453
S2,F5,105,290.0,986,0.19462
S2,F5,105,302.0,986,0.19462
S2,F5,105,314.0,986,0.19462
S2,F5,105,326.0,986,0.19462
S2,F5,105,338.0,986,0.19462
S2,F5,105,350.0,986,0.19462
S5,F5Ev,104,2.0,17,0.00383
S5,F5Ev,104,14.0,211,0.04204
S5,F5Ev,104,26.0,538,0.10967
S5,F5Ev,104,38.0,758,0.14427
S5,F5Ev,104,50.0,853,0.16701
S5,F5Ev,104,62.0,899,0.17789
S5,F5Ev,104,74.0,920,0.18178
S5,F5Ev,104,86.0,949,0.18696
S5,F5Ev,104,98.0,980,0.19056
S5,F5Ev,104,110.0,997,0.19296
S5,F5Ev,104,122.0,1008,0.19486
S5,F5Ev,104,134.0,1034,0.19692
S5,F5Ev,104,146.0,1046,0.19887
S5,F5Ev,104,158.0,1049,0.1991
S5,F5Ev,104,170.0,1057,0.20022
S5,F5Ev,104,182.0,1062,0.20063
S5,F5Ev,104,194.0,1064,0.20081
S5,F5Ev,104,206.0,1068,0.20112
S5,F5Ev,104,218.0,1071,0.20135
S5,F5Ev,104,230.0,1075,0.20165
S5,F5Ev,104,242.0,1080,0.20304
S5,F5Ev,104,254.0,1082,0.20322
S5,F5Ev,104,266.0,1082,0.20322
S5,F5Ev,104,278.0,1085,0.20534
S5,F5Ev,104,290.0,1086,0.20542
S5,F5Ev,104,302.0,1089,0.20704
S5,F5Ev,104,314.0,1090,0.20814
S5,F5Ev,104,326.0,1090,0.20814
S5,F5Ev,104,338.0,1093,0.21128
S5,F5Ev,104,350.0,1093,0.2113
S3,F5,105,2.0,4,0.00088
S3,F5,105,14.0,32,0.00691
S3,F5,105,26.0,123,0.02508
S3,F5,105,38.0,175,0.04086
S3,F5,105,50.0,208,0.05121
S3,F5,105,62.0,230,0.0587
S3,F5,105,74.0,244,0.06309
S3,F5,105,86.0,267,0.06835
S3,F5,105,98.0,271,0.0697
S3,F5,105,110.0,272,0.06988
S3,F5,105,122.0,273,0.07004
S3,F5,105,134.0,273,0.07004
S3,F5,105,146.0,273,0.07005
S3,F5,105,158.0,273,0.07005
S3,F5,105,170.0,274,0.07021
S3,F5,105,182.0,274,0.07021
S3,F5,105,194.0,274,0.07022
S3,F5,105,206.0,274,0.07022
S3,F5,105,218.0,276,0.07054
S3,F5,105,230.0,276,0.07054
S3,F5,105,242.0,276,0.07055
S3,F5,105,254.0,276,0.07055
S3,F5,105,266.0,277,0.07071
S3,F5,105,278.0,279,0.07103
S3,F5,105,290.0,280,0.07119
S3,F5,105,302.0,281,0.07135
S3,F5,105,314.0,285,0.07198
S3,F5,105,326.0,287,0.0723
S3,F5,105,338.0,287,0.0723
S3,F5,105,350.0,287,0.0723
S2,Test0,106,2.0,8,0.00171
S2,Test0,106,14.0,30,0.00631
S2,Test0,106,26.0,120,0.02388
S2,Test0,106,38.0,475,0.078
S2,Test0,106,50.0,1057,0.13489
S2,Test0,106,62.0,1359,0.15546
S2,Test0,106,74.0,1438,0.16015
S2,Test0,106,86.0,1494,0.16333
S2,Test0,106,98.0,1551,0.16645
S2,Test0,106,110.0,1628,0.17049
S2,Test0,106,122.0,1782,0.178
S2,Test0,106,134.0,1999,0.20561
S2,Test0,106,146.0,2295,0.24291
S2,Test0,106,158.0,2481,0.25253
S2,Test0,106,170.0,2585,0.25622
S2,Test0,106,182.0,2640,0.26028
S2,Test0,106,194.0,2686,0.28395
S2,Test0,106,206.0,2727,0.31788
S2,Test0,106,218.0,2753,0.34774
S2,Test0,106,230.0,2772,0.37639
S2,Test0,106,242.0,2877,0.40886
S2,Test0,106,254.0,2903,0.42508
S2,Test0,106,266.0,2916,0.43553
S2,Test0,106,278.0,2923,0.4438
S2,Test0,106,290.0,2935,0.47699
S2,Test0,106,302.0,2946,0.48954
S2,Test0,106,314.0,2951,0.494
S2,Test0,106,326.0,2954,0.50238
S2,Test0,106,338.0,2955,0.50473
S2,Test0,106,350.0,2959,0.51115
S5,F5EvAI,104,2.0,17,0.00383
S5,F5EvAI,104,14.0,212,0.04221
S5,F5EvAI,104,26.0,544,0.11264
S5,F5EvAI,104,38.0,764,0.14815
S5,F5EvAI,104,50.0,920,0.17754
S5,F5EvAI,104,62.0,987,0.19246
S5,F5EvAI,104,74.0,1018,0.19954
S5,F5EvAI,104,86.0,1055,0.20562
S5,F5EvAI,104,98.0,1089,0.21205
S5,F5EvAI,104,110.0,1120,0.21436
S5,F5EvAI,104,122.0,1145,0.21618
S5,F5EvAI,104,134.0,1160,0.21725
S5,F5EvAI,104,146.0,1182,0.2193
S5,F5EvAI,104,158.0,1193,0.22058
S5,F5EvAI,104,170.0,1201,0.22164
S5,F5EvAI,104,182.0,1210,0.22226
S5,F5EvAI,104,194.0,1215,0.2226
S5,F5EvAI,104,206.0,1218,0.2228
S5,F5EvAI,104,218.0,1221,0.22301
S5,F5EvAI,104,230.0,1222,0.22307
S5,F5EvAI,104,242.0,1224,0.22461
S5,F5EvAI,104,254.0,1225,0.22469
S5,F5EvAI,104,266.0,1225,0.22469
S5,F5EvAI,104,278.0,1225,0.2247
S5,F5EvAI,104,290.0,1225,0.22471
S5,F5EvAI,104,302.0,1225,0.22472
S5,F5EvAI,104,314.0,1225,0.22472
S5,F5EvAI,104,326.0,1225,0.22472
S5,F5EvAI,104,338.0,1225,0.22472
S5,F5EvAI,104,350.0,1225,0.22472
S4,F5,105,2.0,8,0.00175
S4,F5,105,14.0,51,0.01088
S4,F5,105,26.0,169,0.03352
S4,F5,105,38.0,274,0.06217
S4,F5,105,50.0,316,0.07378
S4,F5,105,62.0,338,0.08086
S4,F5,105,74.0,363,0.08849
S4,F5,105,86.0,386,0.09331
S4,F5,105,98.0,390,0.09459
S4,F5,105,110.0,391,0.09475
S4,F5,105,122.0,393,0.09504
S4,F5,105,134.0,393,0.09504
S4,F5,105,146.0,393,0.09505
S4,F5,105,158.0,393,0.09506
S4,F5,105,170.0,393,0.09507
S4,F5,105,182.0,398,0.09577
S4,F5,105,194.0,398,0.09577
S4,F5,105,206.0,398,0.09578
S4,F5,105,218.0,398,0.09579
S4,F5,105,230.0,398,0.09579
S4,F5,105,242.0,399,0.09594
S4,F5,105,254.0,399,0.09594
S4,F5,105,266.0,401,0.09622
S4,F5,105,278.0,437,0.1021
S4,F5,105,290.0,437,0.10211
S4,F5,105,302.0,437,0.10211
S4,F5,105,314.0,437,0.10211
S4,F5,105,326.0,439,0.10238
S4,F5,105,338.0,439,0.10239
S4,F5,105,350.0,439,0.10239
S3,Test0,106,2.0,7,0.00166
S3,Test0,106,14.0,65,0.0148
S3,Test0,106,26.0,177,0.03794
S3,Test0,106,38.0,288,0.07075
S3,Test0,106,50.0,383,0.09629
S3,Test0,106,62.0,502,0.12297
S3,Test0,106,74.0,619,0.1435
S3,Test0,106,86.0,719,0.16352
S3,Test0,106,98.0,779,0.17305
S3,Test0,106,110.0,812,0.18187
S3,Test0,106,122.0,834,0.18669
S3,Test0,106,134.0,857,0.1932
S3,Test0,106,146.0,875,0.19728
S3,Test0,106,158.0,893,0.20236
S3,Test0,106,170.0,906,0.20527
S3,Test0,106,182.0,926,0.2108
S3,Test0,106,194.0,942,0.21485
S3,Test0,106,206.0,950,0.21582
S3,Test0,106,218.0,962,0.22195
S3,Test0,106,230.0,977,0.22747
S3,Test0,106,242.0,987,0.23019
S3,Test0,106,254.0,1001,0.23276
S3,Test0,106,266.0,1016,0.23592
S3,Test0,106,278.0,1028,0.23735
S3,Test0,106,290.0,1040,0.23925
S3,Test0,106,302.0,1050,0.24096
S3,Test0,106,314.0,1056,0.24184
S3,Test0,106,326.0,1059,0.24248
S3,Test0,106,338.0,1061,0.24305
S3,Test0,106,350.0,1067,0.24391
S5,F5EvAI,105,2.0,8,0.00175
S5,F5EvAI,105,14.0,52,0.01109
S5,F5EvAI,105,26.0,174,0.03441
S5,F5EvAI,105,38.0,279,0.06295
S5,F5EvAI,105,50.0,327,0.07544
S5,F5EvAI,105,62.0,348,0.08233
S5,F5EvAI,105,74.0,370,0.08949
S5,F5EvAI,105,86.0,396,0.0947
S5,F5EvAI,105,98.0,397,0.09487
S5,F5EvAI,105,110.0,397,0.09489
S5,F5EvAI,105,122.0,400,0.09602
S5,F5EvAI,105,134.0,416,0.09821
S5,F5EvAI,105,146.0,431,0.10024
S5,F5EvAI,105,158.0,431,0.10024
S5,F5,105,2.0,8,0.00175
S5,F5,105,14.0,52,0.01109
S5,F5,105,26.0,174,0.03441
S5,F5,105,38.0,279,0.06295
S5,F5,105,50.0,327,0.07544
S5,F5,105,62.0,348,0.08233
S5,F5,105,74.0,370,0.08949
S5,F5,105,86.0,396,0.0947
S5,F5,105,98.0,397,0.09487
S5,F5,105,110.0,397,0.09489
S5,F5,105,122.0,400,0.09602
S5,F5,105,134.0,400,0.09603
S5,F5,105,146.0,400,0.09604
S5,F5,105,158.0,400,0.09604
S5,F5,105,170.0,400,0.09605
S5,F5,105,182.0,400,0.09605
S5,F5,105,194.0,400,0.09606
S5,F5,105,206.0,400,0.09606
S5,F5,105,218.0,400,0.09606
S5,F5,105,230.0,401,0.09822
S5,F5,105,242.0,403,0.10053
S5,F5,105,254.0,403,0.10055
S5,F5,105,266.0,403,0.10057
S5,F5,105,278.0,405,0.10085
S5,F5,105,290.0,405,0.10086
S5,F5,105,302.0,408,0.10178
S5,F5,105,314.0,409,0.10193
S5,F5,105,326.0,409,0.10194
S5,F5,105,338.0,409,0.10195
S5,F5,105,350.0,410,0.1021
S1,F5Ev,105,2.0,3,0.00067
S1,F5Ev,105,14.0,28,0.00616
S1,F5Ev,105,26.0,59,0.01273
S1,F5Ev,105,38.0,84,0.01783
S1,F5Ev,105,50.0,111,0.02317
S1,F5Ev,105,62.0,172,0.03458
S1,F5Ev,105,74.0,301,0.07028
S1,F5Ev,105,86.0,375,0.08147
S1,F5Ev,105,98.0,421,0.08796
S1,F5Ev,105,110.0,546,0.10553
S1,F5Ev,105,122.0,679,0.14256
S1,F5Ev,105,134.0,727,0.15247
S1,F5Ev,105,146.0,808,0.1605
S1,F5Ev,105,158.0,832,0.16596
S1,F5Ev,105,170.0,846,0.16885
S1,F5Ev,105,182.0,862,0.17031
S1,F5Ev,105,194.0,904,0.17403
S1,F5Ev,105,206.0,1003,0.18228
S1,F5Ev,105,218.0,1034,0.18476
S1,F5Ev,105,230.0,1047,0.18577
S1,F5Ev,105,242.0,1062,0.18692
S1,F5Ev,105,254.0,1085,0.18866
S1,F5Ev,105,266.0,1090,0.18904
S1,F5Ev,105,278.0,1096,0.18948
S1,F5Ev,105,290.0,1110,0.19053
S1,F5Ev,105,302.0,1120,0.19127
S1,F5Ev,105,314.0,1121,0.19134
S1,F5Ev,105,326.0,1122,0.19141
S1,F5Ev,105,338.0,1125,0.19163
S1,F5Ev,105,350.0,1135,0.20333
S2,F5Ev,105,2.0,9,0.00201
S2,F5Ev,105,14.0,61,0.01314
S2,F5Ev,105,26.0,115,0.02394
S2,F5Ev,105,38.0,166,0.03349
S2,F5Ev,105,50.0,203,0.04006
S2,F5Ev,105,62.0,262,0.04996
S2,F5Ev,105,74.0,395,0.07942
S2,F5Ev,105,86.0,468,0.08936
S2,F5Ev,105,98.0,501,0.09674
S2,F5Ev,105,110.0,589,0.11206
S2,F5Ev,105,122.0,689,0.14519
S2,F5Ev,105,134.0,728,0.15732
S2,F5Ev,105,146.0,746,0.15926
S2,F5Ev,105,158.0,761,0.1608
S2,F5Ev,105,170.0,769,0.1616
S2,F5Ev,105,182.0,785,0.16316
S2,F5Ev,105,194.0,804,0.16499
S2,F5Ev,105,206.0,849,0.16918
S2,F5Ev,105,218.0,917,0.17521
S2,F5Ev,105,230.0,928,0.17615
S2,F5Ev,105,242.0,936,0.17684
S2,F5Ev,105,254.0,945,0.17759
S2,F5Ev,105,266.0,967,0.17942
S2,F5Ev,105,278.0,976,0.18017
S2,F5Ev,105,290.0,1026,0.18417
S2,F5Ev,105,302.0,1103,0.19692
S2,F5Ev,105,314.0,1122,0.19835
S2,F5Ev,105,326.0,1129,0.20049
S2,F5Ev,105,338.0,1151,0.20371
S2,F5Ev,105,350.0,1158,0.20739
S4,Test0,106,2.0,11,0.0026
S4,Test0,106,14.0,108,0.0254
S4,Test0,106,26.0,407,0.11294
S4,Test0,106,38.0,802,0.22892
S4,Test0,106,50.0,1291,0.32042
S4,Test0,106,62.0,1547,0.35519
S4,Test0,106,74.0,1797,0.38167
S4,Test0,106,86.0,1988,0.40197
S4,Test0,106,98.0,2138,0.42122
S4,Test0,106,110.0,2243,0.43725
S4,Test0,106,122.0,2291,0.44987
S4,Test0,106,134.0,2317,0.45763
S4,Test0,106,146.0,2342,0.46951
S4,Test0,106,158.0,2371,0.47748
S4,Test0,106,170.0,2421,0.4857
S4,Test0,106,182.0,2490,0.50391
S4,Test0,106,194.0,2549,0.51835
S4,Test0,106,206.0,2619,0.53256
S4,Test0,106,218.0,2683,0.54567
S4,Test0,106,230.0,2713,0.55277
S4,Test0,106,242.0,2742,0.56278
S4,Test0,106,254.0,2752,0.57095
S4,Test0,106,266.0,2757,0.57714
S4,Test0,106,278.0,2765,0.58542
S4,Test0,106,290.0,2772,0.59068
S4,Test0,106,302.0,2775,0.59341
S4,Test0,106,314.0,2780,0.59666
S4,Test0,106,326.0,2784,0.59983
S4,Test0,106,338.0,2785,0.60239
S4,Test0,106,350.0,2785,0.60489
S3,F5Ev,105,2.0,4,0.00088
S3,F5Ev,105,14.0,33,0.00712
S3,F5Ev,105,26.0,139,0.02858
S3,F5Ev,105,38.0,182,0.04158
S3,F5Ev,105,50.0,194,0.04725
S3,F5Ev,105,62.0,199,0.04816
S3,F5Ev,105,74.0,220,0.05652
S3,F5Ev,105,86.0,240,0.06038
S3,F5Ev,105,98.0,249,0.06186
S3,F5Ev,105,110.0,270,0.06625
S3,F5Ev,105,122.0,283,0.0688
S3,F5Ev,105,134.0,283,0.0688
S3,F5Ev,105,146.0,288,0.07263
S3,F5Ev,105,158.0,296,0.0754
S3,F5Ev,105,170.0,313,0.078
S3,F5Ev,105,182.0,314,0.07815
S3,F5Ev,105,194.0,322,0.07936
S3,F5Ev,105,206.0,333,0.081
S3,F5Ev,105,218.0,339,0.08189
S3,F5Ev,105,230.0,339,0.08189
S3,F5Ev,105,242.0,343,0.08399
S3,F5Ev,105,254.0,363,0.08689
S3,F5Ev,105,266.0,364,0.08703
S3,F5Ev,105,278.0,368,0.08912
S3,F5Ev,105,290.0,372,0.08969
S3,F5Ev,105,302.0,379,0.09068
S3,F5Ev,105,314.0,386,0.09167
S3,F5Ev,105,326.0,387,0.09181
S3,F5Ev,105,338.0,387,0.09181
S3,F5Ev,105,350.0,396,0.09306
S1,F5EvAI,105,2.0,3,0.00067
S1,F5EvAI,105,14.0,28,0.00616
S1,F5EvAI,105,26.0,59,0.01273
S1,F5EvAI,105,38.0,84,0.01783
S1,F5EvAI,105,50.0,111,0.02317
S1,F5EvAI,105,62.0,174,0.03494
S1,F5EvAI,105,74.0,303,0.07059
S1,F5EvAI,105,86.0,369,0.08061
S1,F5EvAI,105,98.0,405,0.08577
S1,F5EvAI,105,110.0,498,0.10122
S1,F5EvAI,105,122.0,614,0.13925
S1,F5EvAI,105,134.0,673,0.15392
S1,F5EvAI,105,146.0,694,0.15632
S1,F5EvAI,105,158.0,708,0.15781
S1,F5EvAI,105,170.0,728,0.16151
S1,F5EvAI,105,182.0,736,0.16234
S1,F5EvAI,105,194.0,753,0.16404
S1,F5EvAI,105,206.0,770,0.16571
S1,F5EvAI,105,218.0,796,0.16825
S1,F5EvAI,105,230.0,805,0.16911
S1,F5EvAI,105,242.0,816,0.17014
S1,F5EvAI,105,254.0,825,0.17098
S1,F5EvAI,105,266.0,913,0.17885
S1,F5EvAI,105,278.0,928,0.18014
S1,F5EvAI,105,290.0,980,0.18446
S1,F5EvAI,105,302.0,1018,0.18755
S1,F5EvAI,105,314.0,1041,0.18939
S1,F5EvAI,105,326.0,1047,0.18987
S1,F5EvAI,105,338.0,1066,0.19134
S1,F5EvAI,105,350.0,1069,0.19157
S2,F5EvAI,105,2.0,9,0.00201
S2,F5EvAI,105,14.0,61,0.01314
S2,F5EvAI,105,26.0,115,0.02394
S2,F5EvAI,105,38.0,166,0.03349
S2,F5EvAI,105,50.0,203,0.04006
S2,F5EvAI,105,62.0,261,0.0498
S2,F5EvAI,105,74.0,394,0.07928
S2,F5EvAI,105,86.0,464,0.08884
S2,F5EvAI,105,98.0,495,0.09755
S2,F5EvAI,105,110.0,600,0.11647
S2,F5EvAI,105,122.0,702,0.16057
S2,F5EvAI,105,134.0,748,0.17112
S2,F5EvAI,105,146.0,775,0.1756
S2,F5EvAI,105,158.0,869,0.18445
S2,F5EvAI,105,170.0,886,0.18597
S2,F5EvAI,105,182.0,893,0.18675
S2,F5EvAI,105,194.0,907,0.18799
S2,F5EvAI,105,206.0,924,0.18946
S2,F5EvAI,105,218.0,930,0.18998
S2,F5EvAI,105,230.0,931,0.19006
S2,F5EvAI,105,242.0,937,0.19057
S2,F5EvAI,105,254.0,949,0.19158
S2,F5EvAI,105,266.0,963,0.19274
S2,F5EvAI,105,278.0,981,0.19423
S2,F5EvAI,105,290.0,1055,0.20009
S2,F5EvAI,105,302.0,1072,0.20139
S2,F5EvAI,105,314.0,1089,0.20272
S2,F5EvAI,105,326.0,1116,0.20477
S2,F5EvAI,105,338.0,1124,0.20539
S2,F5EvAI,105,350.0,1128,0.20731
S5,Test0,106,2.0,11,0.0026
S5,Test0,106,14.0,108,0.0254
S5,Test0,106,26.0,407,0.11294
S5,Test0,106,38.0,802,0.22892
S5,Test0,106,50.0,1291,0.32042
S5,Test0,106,62.0,1547,0.35519
S5,Test0,106,74.0,1797,0.38167
S5,Test0,106,86.0,1988,0.40197
S5,Test0,106,98.0,2138,0.42122
S5,Test0,106,110.0,2243,0.43725
S5,Test0,106,122.0,2291,0.44987
S5,Test0,106,134.0,2317,0.45763
S5,Test0,106,146.0,2342,0.46951
S5,Test0,106,158.0,2371,0.47748
S5,Test0,106,170.0,2421,0.4857
S5,Test0,106,182.0,2490,0.50391
S5,Test0,106,194.0,2549,0.51835
S5,Test0,106,206.0,2619,0.53256
S5,Test0,106,218.0,2683,0.54567
S5,Test0,106,230.0,2713,0.55277
S5,Test0,106,242.0,2742,0.56278
S5,Test0,106,254.0,2752,0.57095
S5,Test0,106,266.0,2757,0.57714
S5,Test0,106,278.0,2765,0.58542
S5,Test0,106,290.0,2772,0.59068
S5,Test0,106,302.0,2775,0.59341
S5,Test0,106,314.0,2780,0.59666
S5,Test0,106,326.0,2784,0.59983
S5,Test0,106,338.0,2785,0.60239
S5,Test0,106,350.0,2785,0.60489
S1,F5,106,2.0,4,0.00086
S1,F5,106,14.0,14,0.00297
S1,F5,106,26.0,36,0.00754
S1,F5,106,38.0,267,0.04885
S1,F5,106,50.0,710,0.10449
S1,F5,106,62.0,1137,0.14079
S1,F5,106,74.0,1260,0.1492
S1,F5,106,86.0,1315,0.15273
S1,F5,106,98.0,1376,0.15649
S1,F5,106,110.0,1452,0.16096
S1,F5,106,122.0,1620,0.17008
S1,F5,106,134.0,1781,0.17796
S1,F5,106,146.0,1880,0.18244
S1,F5,106,158.0,1997,0.18741
S1,F5,106,170.0,2054,0.18971
S1,F5,106,182.0,2107,0.19179
S1,F5,106,194.0,2150,0.19343
S1,F5,106,206.0,2191,0.19496
S1,F5,106,218.0,2214,0.19581
S1,F5,106,230.0,2237,0.19664
S1,F5,106,242.0,2261,0.1975
S1,F5,106,254.0,2310,0.19922
S1,F5,106,266.0,2319,0.19954
S1,F5,106,278.0,2324,0.19971
S1,F5,106,290.0,2329,0.19988
S1,F5,106,302.0,2333,0.20002
S1,F5,106,314.0,2343,0.20036
S1,F5,106,326.0,2352,0.20067
S1,F5,106,338.0,2365,0.20111
S1,F5,106,350.0,2374,0.20141
S3,F5EvAI,105,2.0,4,0.00088
S3,F5EvAI,105,14.0,32,0.00691
S3,F5EvAI,105,26.0,123,0.02508
S3,F5EvAI,105,38.0,175,0.04086
S3,F5EvAI,105,50.0,208,0.05121
S3,F5EvAI,105,62.0,227,0.0582
S3,F5EvAI,105,74.0,238,0.06109
S3,F5EvAI,105,86.0,262,0.06552
S3,F5EvAI,105,98.0,264,0.06585
S3,F5EvAI,105,110.0,276,0.07128
S3,F5EvAI,105,122.0,284,0.07257
S3,F5EvAI,105,134.0,291,0.07366
S3,F5EvAI,105,146.0,295,0.07529
S3,F5EvAI,105,158.0,300,0.07656
S3,F5EvAI,105,170.0,307,0.07764
S3,F5EvAI,105,182.0,311,0.07825
S3,F5EvAI,105,194.0,316,0.08001
S3,F5EvAI,105,206.0,317,0.08017
S3,F5EvAI,105,218.0,318,0.08032
S3,F5EvAI,105,230.0,327,0.08166
S3,F5EvAI,105,242.0,329,0.08196
S3,F5EvAI,105,254.0,331,0.08226
S3,F5EvAI,105,266.0,336,0.083
S3,F5EvAI,105,278.0,345,0.08432
S3,F5EvAI,105,290.0,348,0.08476
S3,F5EvAI,105,302.0,348,0.08476
S3,F5EvAI,105,314.0,362,0.08678
S3,F5EvAI,105,326.0,373,0.08835
S3,F5EvAI,105,338.0,373,0.08835
S3,F5EvAI,105,350.0,377,0.08892
S4,F5Ev,105,2.0,8,0.00175
S4,F5Ev,105,14.0,50,0.01067
S4,F5Ev,105,26.0,164,0.03263
S4,F5Ev,105,38.0,271,0.06068
S4,F5Ev,105,50.0,308,0.07305
S4,F5Ev,105,62.0,341,0.08399
S4,F5Ev,105,74.0,359,0.08942
S4,F5Ev,105,86.0,389,0.09423
S4,F5Ev,105,98.0,396,0.09523
S4,F5Ev,105,110.0,402,0.09758
S4,F5Ev,105,122.0,403,0.09773
S4,F5Ev,105,134.0,417,0.10015
S4,F5Ev,105,146.0,422,0.10083
S4,F5Ev,105,158.0,422,0.10083
S4,F5Ev,105,170.0,429,0.10228
S4,F5Ev,105,182.0,441,0.10389
S4,F5Ev,105,194.0,442,0.10403
S4,F5Ev,105,206.0,444,0.10429
S4,F5Ev,105,218.0,449,0.10545
S4,F5Ev,105,230.0,451,0.10572
S4,F5Ev,105,242.0,451,0.10572
S4,F5Ev,105,254.0,463,0.10828
S4,F5Ev,105,266.0,467,0.10982
S4,F5Ev,105,278.0,468,0.10995
S4,F5Ev,105,290.0,471,0.11083
S4,F5Ev,105,302.0,477,0.11161
S4,F5Ev,105,314.0,477,0.11161
S4,F5Ev,105,326.0,479,0.11186
S4,F5Ev,105,338.0,482,0.11224
S4,F5Ev,105,350.0,483,0.11237
S5,F5Ev,105,2.0,8,0.00175
S5,F5Ev,105,14.0,52,0.01109
S5,F5Ev,105,26.0,172,0.03406
S5,F5Ev,105,38.0,271,0.05997
S5,F5Ev,105,50.0,306,0.07001
S5,F5Ev,105,62.0,337,0.07773
S5,F5Ev,105,74.0,358,0.08355
S5,F5Ev,105,86.0,382,0.08751
S5,F5Ev,105,98.0,388,0.08888
S5,F5Ev,105,110.0,395,0.09106
S5,F5Ev,105,122.0,395,0.09107
S5,F5Ev,105,134.0,395,0.09107
S5,F5Ev,105,146.0,396,0.09122
S5,F5Ev,105,158.0,396,0.09122
S5,F5Ev,105,170.0,396,0.09122
S5,F5Ev,105,182.0,396,0.09122
S5,F5Ev,105,194.0,396,0.09122
S5,F5Ev,105,206.0,396,0.09122
S5,F5Ev,105,218.0,396,0.09123
S5,F5Ev,105,230.0,396,0.09123
S5,F5Ev,105,242.0,397,0.09137
S5,F5Ev,105,254.0,422,0.097
S5,F5Ev,105,266.0,429,0.09795
S5,F5Ev,105,278.0,429,0.09795
S5,F5Ev,105,290.0,451,0.10137
S5,F5Ev,105,302.0,451,0.10137
S5,F5Ev,105,314.0,451,0.10137
S5,F5Ev,105,326.0,451,0.10137
S5,F5Ev,105,338.0,451,0.10137
S5,F5Ev,105,350.0,451,0.10137
S1,Test0,107,2.0,4,0.00089
S1,Test0,107,14.0,8,0.00178
S1,Test0,107,26.0,15,0.00332
S1,Test0,107,38.0,26,0.00571
S1,Test0,107,50.0,38,0.00828
S1,Test0,107,62.0,86,0.01817
S1,Test0,107,74.0,341,0.06201
S1,Test0,107,86.0,848,0.14886
S1,Test0,107,98.0,1342,0.22392
S1,Test0,107,110.0,1535,0.25822
S1,Test0,107,122.0,1673,0.27633
S1,Test0,107,134.0,1818,0.29503
S1,Test0,107,146.0,1924,0.30048
S1,Test0,107,158.0,2006,0.31399
S1,Test0,107,170.0,2056,0.32995
S1,Test0,107,182.0,2108,0.35176
S1,Test0,107,194.0,2158,0.36246
S1,Test0,107,206.0,2195,0.37826
S1,Test0,107,218.0,2250,0.38913
S1,Test0,107,230.0,2313,0.40025
S1,Test0,107,242.0,2408,0.40856
S1,Test0,107,254.0,2442,0.41292
S1,Test0,107,266.0,2456,0.4185
S1,Test0,107,278.0,2465,0.42206
S1,Test0,107,290.0,2473,0.42747
S1,Test0,107,302.0,2475,0.43439
S1,Test0,107,314.0,2477,0.43591
S1,Test0,107,326.0,2478,0.44302
S1,Test0,107,338.0,2479,0.44995
S1,Test0,107,350.0,2479,0.45142
S4,F5EvAI,105,2.0,8,0.00175
S4,F5EvAI,105,14.0,51,0.01088
S4,F5EvAI,105,26.0,169,0.03352
S4,F5EvAI,105,38.0,274,0.06217
S4,F5EvAI,105,50.0,315,0.07363
S4,F5EvAI,105,62.0,345,0.0841
S4,F5EvAI,105,74.0,362,0.08959
S4,F5EvAI,105,86.0,386,0.09356
S4,F5EvAI,105,98.0,388,0.09386
S4,F5EvAI,105,110.0,401,0.09717
S4,F5EvAI,105,122.0,410,0.09845
S4,F5EvAI,105,134.0,416,0.09927
S4,F5EvAI,105,146.0,420,0.09981
S4,F5EvAI,105,158.0,425,0.10099
S4,F5EvAI,105,170.0,441,0.10363
S4,F5EvAI,105,182.0,448,0.10456
S4,F5EvAI,105,194.0,452,0.10559
S4,F5EvAI,105,206.0,458,0.10637
S4,F5EvAI,105,218.0,473,0.1083
S4,F5EvAI,105,230.0,488,0.11121
S4,F5EvAI,105,242.0,492,0.11274
S4,F5EvAI,105,254.0,501,0.11386
S4,F5EvAI,105,266.0,510,0.11548
S4,F5EvAI,105,278.0,516,0.11622
S4,F5EvAI,105,290.0,525,0.11732
S4,F5EvAI,105,302.0,534,0.11841
S4,F5EvAI,105,314.0,539,0.11901
S4,F5EvAI,105,326.0,579,0.12371
S4,F5EvAI,105,338.0,685,0.13534
S4,F5EvAI,105,350.0,839,0.15037
S1,F5,107,2.0,4,0.00089
S1,F5,107,14.0,8,0.00178
S1,F5,107,26.0,13,0.00288
S1,F5,107,38.0,15,0.00332
S1,F5,107,50.0,18,0.00397
S1,F5,107,62.0,19,0.00419
S1,F5,107,74.0,20,0.00441
S1,F5,107,86.0,20,0.00441
S1,F5,107,98.0,20,0.00441
S2,Test0,107,2.0,8,0.00178
S2,Test0,107,14.0,88,0.01857
S2,Test0,107,26.0,484,0.08165
S2,Test0,107,38.0,995,0.1727
S2,Test0,107,50.0,1429,0.23488
S2,Test0,107,62.0,1566,0.26375
S2,Test0,107,74.0,1701,0.27969
S2,Test0,107,86.0,1838,0.29608
S2,Test0,107,98.0,1947,0.30157
S2,Test0,107,110.0,2016,0.31825
S2,Test0,107,122.0,2071,0.34192
S2,Test0,107,134.0,2126,0.35457
S2,Test0,107,146.0,2189,0.36573
S2,Test0,107,158.0,2246,0.38785
S2,Test0,107,170.0,2309,0.39895
S2,Test0,107,182.0,2391,0.40312
S2,Test0,107,194.0,2447,0.41006
S2,Test0,107,206.0,2458,0.41365
S2,Test0,107,218.0,2468,0.4191
S2,Test0,107,230.0,2472,0.42436
S2,Test0,107,242.0,2474,0.43313
S2,Test0,107,254.0,2475,0.4346
S2,Test0,107,266.0,2477,0.43611
S2,Test0,107,278.0,2478,0.4432
S2,Test0,107,290.0,2479,0.45013
S2,Test0,107,302.0,2479,0.45158
S2,Test0,107,314.0,2480,0.45493
S2,Test0,107,326.0,2483,0.46025
S2,Test0,107,338.0,2484,0.46179
S2,Test0,107,350.0,2486,0.46524
S3,F5,106,2.0,7,0.00166
S3,F5,106,14.0,55,0.01261
S3,F5,106,26.0,98,0.02182
S3,F5,106,38.0,109,0.02409
S3,F5,106,50.0,128,0.02794
S3,F5,106,62.0,131,0.02854
S3,F5,106,74.0,139,0.03013
S3,F5,106,86.0,140,0.03083
S3,F5,106,98.0,140,0.03083
S3,F5,106,110.0,140,0.03083
S3,F5,106,122.0,140,0.03083
S3,F5,106,134.0,140,0.03083
S3,F5,106,146.0,140,0.03083
S3,F5,106,158.0,155,0.03628
S3,F5,106,170.0,156,0.03698
S3,F5,106,182.0,156,0.03698
S3,F5,106,194.0,156,0.03698
S3,F5,106,206.0,156,0.03698
S3,F5,106,218.0,156,0.03698
S3,F5,106,230.0,156,0.03698
S3,F5,106,242.0,156,0.03698
S3,F5,106,254.0,156,0.03698
S3,F5,106,266.0,157,0.03717
S3,F5,106,278.0,161,0.03794
S3,F5,106,290.0,161,0.03794
S3,F5,106,302.0,162,0.03813
S3,F5,106,314.0,163,0.03883
S3,F5,106,326.0,164,0.03953
S3,F5,106,338.0,164,0.03953
S3,F5,106,350.0,164,0.03953
S2,F5,106,2.0,8,0.00171
S2,F5,106,14.0,27,0.00569
S2,F5,106,26.0,51,0.01059
S2,F5,106,38.0,285,0.05163
S2,F5,106,50.0,704,0.10388
S2,F5,106,62.0,1132,0.14043
S2,F5,106,74.0,1277,0.15031
S2,F5,106,86.0,1369,0.15606
S2,F5,106,98.0,1451,0.1609
S2,F5,106,110.0,1537,0.1657
S2,F5,106,122.0,1673,0.17276
S2,F5,106,134.0,1829,0.18016
S2,F5,106,146.0,2056,0.18979
S2,F5,106,158.0,2254,0.19924
S2,F5,106,170.0,2335,0.20604
S2,F5,106,182.0,2375,0.2154
S2,F5,106,194.0,2390,0.21596
S2,F5,106,206.0,2419,0.2348
S2,F5,106,218.0,2439,0.23555
S2,F5,106,230.0,2458,0.23616
S2,F5,106,242.0,2523,0.23822
S2,F5,106,254.0,2541,0.23878
S2,F5,106,266.0,2554,0.23918
S2,F5,106,278.0,2565,0.23952
S2,F5,106,290.0,2585,0.24013
S2,F5,106,302.0,2604,0.2407
S2,F5,106,314.0,2611,0.24091
S2,F5,106,326.0,2625,0.2453
S2,F5,106,338.0,2703,0.25551
S2,F5,106,350.0,2709,0.25568
S3,Test0,107,2.0,4,0.00093
S3,Test0,107,14.0,13,0.003
S3,Test0,107,26.0,36,0.00817
S3,Test0,107,38.0,165,0.04965
S3,Test0,107,50.0,414,0.09347
S3,Test0,107,62.0,778,0.17014
S3,Test0,107,74.0,891,0.2061
S3,Test0,107,86.0,1005,0.22775
S3,Test0,107,98.0,1070,0.24246
S3,Test0,107,110.0,1106,0.25536
S3,Test0,107,122.0,1142,0.26561
S3,Test0,107,134.0,1166,0.2746
S3,Test0,107,146.0,1196,0.28084
S3,Test0,107,158.0,1221,0.28438
S3,Test0,107,170.0,1253,0.29126
S3,Test0,107,182.0,1297,0.29721
S3,Test0,107,194.0,1370,0.31406
S3,Test0,107,206.0,1418,0.33065
S3,Test0,107,218.0,1434,0.34158
S3,Test0,107,230.0,1445,0.34803
S3,Test0,107,242.0,1453,0.35016
S3,Test0,107,254.0,1463,0.35186
S3,Test0,107,266.0,1482,0.35401
S3,Test0,107,278.0,1531,0.36692
S3,Test0,107,290.0,1597,0.38393
S3,Test0,107,302.0,1656,0.39533
S3,Test0,107,314.0,1698,0.39902
S3,Test0,107,326.0,1705,0.40042
S3,Test0,107,338.0,1708,0.40163
S3,Test0,107,350.0,1708,0.40269
S4,F5,106,2.0,11,0.0026
S4,F5,106,14.0,97,0.02313
S4,F5,106,26.0,284,0.08658
S4,F5,106,38.0,461,0.14303
S4,F5,106,50.0,667,0.1808
S4,F5,106,62.0,776,0.20712
S4,F5,106,74.0,805,0.21182
S4,F5,106,86.0,834,0.21743
S4,F5,106,98.0,851,0.21906
S4,F5,106,110.0,869,0.22123
S4,F5,106,122.0,918,0.23066
S4,F5,106,134.0,986,0.24047
S4,F5,106,146.0,1004,0.24418
S4,F5,106,158.0,1023,0.24725
S4,F5,106,170.0,1028,0.24767
S4,F5,106,182.0,1060,0.25231
S4,F5,106,194.0,1076,0.25357
S4,F5,106,206.0,1086,0.25434
S4,F5,106,218.0,1089,0.25459
S4,F5,106,230.0,1098,0.25528
S4,F5,106,242.0,1101,0.25552
S4,F5,106,254.0,1105,0.25584
S4,F5,106,266.0,1108,0.25608
S4,F5,106,278.0,1134,0.2585
S4,F5,106,290.0,1142,0.25909
S4,F5,106,302.0,1145,0.25982
S4,F5,106,314.0,1156,0.26061
S4,F5,106,326.0,1160,0.2609
S4,F5,106,338.0,1188,0.26288
S4,F5,106,350.0,1193,0.26323
S1,F5Ev,106,2.0,4,0.00086
S1,F5Ev,106,14.0,14,0.00297
S1,F5Ev,106,26.0,36,0.00754
S1,F5Ev,106,38.0,267,0.04885
S1,F5Ev,106,50.0,650,0.09826
S1,F5Ev,106,62.0,1049,0.13428
S1,F5Ev,106,74.0,1230,0.14722
S1,F5Ev,106,86.0,1341,0.15435
S1,F5Ev,106,98.0,1410,0.15852
S1,F5Ev,106,110.0,1494,0.16333
S1,F5Ev,106,122.0,1610,0.16956
S1,F5Ev,106,134.0,1712,0.17468
S1,F5Ev,106,146.0,1790,0.17838
S1,F5Ev,106,158.0,1878,0.18235
S1,F5Ev,106,170.0,1921,0.18422
S1,F5Ev,106,182.0,1992,0.1872
S1,F5Ev,106,194.0,2115,0.1921
S1,F5Ev,106,206.0,2168,0.19411
S1,F5Ev,106,218.0,2280,0.19817
S1,F5Ev,106,230.0,2310,0.19922
S1,F5Ev,106,242.0,2331,0.19995
S1,F5Ev,106,254.0,2363,0.20104
S1,F5Ev,106,266.0,2389,0.20191
S1,F5Ev,106,278.0,2419,0.2029
S1,F5Ev,106,290.0,2451,0.20394
S1,F5Ev,106,302.0,2483,0.20497
S1,F5Ev,106,314.0,2507,0.20573
S1,F5Ev,106,326.0,2525,0.20629
S1,F5Ev,106,338.0,2539,0.20673
S1,F5Ev,106,350.0,2554,0.20719
S1,F5Ev,107,2.0,4,0.00089
S1,F5Ev,107,14.0,8,0.00178
S1,F5Ev,107,26.0,13,0.00288
S1,F5Ev,107,38.0,15,0.00332
S1,F5Ev,107,50.0,18,0.00397
S1,F5Ev,107,62.0,19,0.00419
S1,F5Ev,107,74.0,20,0.00441
S1,F5Ev,107,86.0,20,0.00441
S1,F5Ev,107,98.0,20,0.00441
S5,F5,106,2.0,11,0.0026
S5,F5,106,14.0,102,0.02417
S5,F5,106,26.0,309,0.09114
S5,F5,106,38.0,495,0.15202
S5,F5,106,50.0,711,0.1995
S5,F5,106,62.0,843,0.22653
S5,F5,106,74.0,880,0.23692
S5,F5,106,86.0,953,0.24537
S5,F5,106,98.0,1052,0.26882
S5,F5,106,110.0,1073,0.2705
S5,F5,106,122.0,1107,0.27873
S5,F5,106,134.0,1115,0.27986
S5,F5,106,146.0,1137,0.2815
S5,F5,106,158.0,1180,0.28508
S5,F5,106,170.0,1192,0.28695
S5,F5,106,182.0,1198,0.28788
S5,F5,106,194.0,1208,0.28858
S5,F5,106,206.0,1269,0.2996
S5,F5,106,218.0,1281,0.30039
S5,F5,106,230.0,1314,0.30764
S5,F5,106,242.0,1317,0.30784
S5,F5,106,254.0,1330,0.30867
S5,F5,106,266.0,1336,0.30905
S5,F5,106,278.0,1336,0.30911
S5,F5,106,290.0,1341,0.30952
S5,F5,106,302.0,1347,0.31043
S5,F5,106,314.0,1349,0.31061
S5,F5,106,326.0,1356,0.31108
S5,F5,106,338.0,1363,0.31152
S5,F5,106,350.0,1364,0.31159
S1,F5EvAI,107,2.0,4,0.00089
S1,F5EvAI,107,14.0,8,0.00178
S1,F5EvAI,107,26.0,13,0.00288
S1,F5EvAI,107,38.0,15,0.00332
S1,F5EvAI,107,50.0,18,0.00397
S1,F5EvAI,107,62.0,19,0.00419
S1,F5EvAI,107,74.0,20,0.00441
S1,F5EvAI,107,86.0,20,0.00441
S1,F5EvAI,107,98.0,20,0.00441
S4,Test0,107,2.0,9,0.00208
S4,Test0,107,14.0,151,0.03726
S4,Test0,107,26.0,355,0.10088
S4,Test0,107,38.0,556,0.15618
S4,Test0,107,50.0,853,0.20682
S4,Test0,107,62.0,1026,0.23225
S4,Test0,107,74.0,1079,0.25083
S4,Test0,107,86.0,1128,0.2643
S4,Test0,107,98.0,1165,0.26807
S4,Test0,107,110.0,1201,0.27367
S4,Test0,107,122.0,1244,0.28285
S4,Test0,107,134.0,1315,0.29644
S4,Test0,107,146.0,1379,0.31114
S4,Test0,107,158.0,1397,0.32065
S4,Test0,107,170.0,1410,0.32543
S4,Test0,107,182.0,1416,0.32868
S4,Test0,107,194.0,1424,0.33406
S4,Test0,107,206.0,1432,0.34065
S4,Test0,107,218.0,1440,0.34605
S4,Test0,107,230.0,1447,0.3512
S4,Test0,107,242.0,1453,0.35247
S4,Test0,107,254.0,1463,0.35398
S4,Test0,107,266.0,1485,0.35615
S4,Test0,107,278.0,1534,0.37029
S4,Test0,107,290.0,1600,0.38595
S4,Test0,107,302.0,1658,0.39782
S4,Test0,107,314.0,1698,0.40085
S4,Test0,107,326.0,1706,0.40229
S4,Test0,107,338.0,1708,0.40344
S4,Test0,107,350.0,1708,0.40449
S3,F5Ev,107,2.0,4,0.00093
S3,F5Ev,107,14.0,11,0.00254
S3,F5Ev,107,26.0,11,0.00254
S3,F5Ev,107,38.0,11,0.00254
S3,F5Ev,107,50.0,11,0.00254
S3,F5Ev,107,62.0,11,0.00254
S3,F5Ev,107,74.0,11,0.00254
S1,F5EvAI,106,2.0,4,0.00086
S1,F5EvAI,106,14.0,14,0.00297
S1,F5EvAI,106,26.0,36,0.00754
S1,F5EvAI,106,38.0,267,0.04885
S1,F5EvAI,106,50.0,710,0.10449
S1,F5EvAI,106,62.0,1137,0.14079
S1,F5EvAI,106,74.0,1260,0.1492
S1,F5EvAI,106,86.0,1315,0.15273
S1,F5EvAI,106,98.0,1379,0.15667
S1,F5EvAI,106,110.0,1438,0.16015
S1,F5EvAI,106,122.0,1626,0.17039
S1,F5EvAI,106,134.0,1787,0.17824
S1,F5EvAI,106,146.0,1889,0.18283
S1,F5EvAI,106,158.0,2026,0.18859
S1,F5EvAI,106,170.0,2108,0.19183
S1,F5EvAI,106,182.0,2163,0.19392
S1,F5EvAI,106,194.0,2234,0.19653
S1,F5EvAI,106,206.0,2281,0.19821
S1,F5EvAI,106,218.0,2307,0.19912
S1,F5EvAI,106,230.0,2330,0.19991
S1,F5EvAI,106,242.0,2336,0.20012
S1,F5EvAI,106,254.0,2348,0.20053
S1,F5EvAI,106,266.0,2365,0.20111
S1,F5EvAI,106,278.0,2378,0.20154
S1,F5EvAI,106,290.0,2414,0.20274
S1,F5EvAI,106,302.0,2430,0.20326
S1,F5EvAI,106,314.0,2434,0.20339
S1,F5EvAI,106,326.0,2436,0.20346
S1,F5EvAI,106,338.0,2437,0.20349
S1,F5EvAI,106,350.0,2438,0.20352
S3,F5Ev,106,2.0,7,0.00166
S3,F5Ev,106,14.0,55,0.01261
S3,F5Ev,106,26.0,98,0.02182
S3,F5Ev,106,38.0,109,0.02409
S3,F5Ev,106,50.0,127,0.02774
S3,F5Ev,106,62.0,147,0.03321
S3,F5Ev,106,74.0,147,0.03321
S3,F5Ev,106,86.0,163,0.03731
S3,F5Ev,106,98.0,177,0.04047
S3,F5Ev,106,110.0,228,0.05631
S3,F5Ev,106,122.0,269,0.06337
S3,F5Ev,106,134.0,286,0.06821
S3,F5Ev,106,146.0,292,0.0692
S3,F5Ev,106,158.0,301,0.07116
S3,F5Ev,106,170.0,307,0.07213
S3,F5Ev,106,182.0,322,0.07451
S3,F5Ev,106,194.0,342,0.07763
S3,F5Ev,106,206.0,345,0.07809
S3,F5Ev,106,218.0,351,0.07901
S3,F5Ev,106,230.0,356,0.07977
S3,F5Ev,106,242.0,358,0.08007
S3,F5Ev,106,254.0,360,0.08037
S3,F5Ev,106,266.0,364,0.08097
S3,F5Ev,106,278.0,366,0.08127
S3,F5Ev,106,290.0,366,0.08127
S3,F5Ev,106,302.0,369,0.08172
S3,F5Ev,106,314.0,370,0.08237
S3,F5Ev,106,326.0,377,0.08341
S3,F5Ev,106,338.0,384,0.08545
S3,F5Ev,106,350.0,386,0.08676
S5,Test0,107,2.0,9,0.00208
S5,Test0,107,14.0,151,0.03726
S5,Test0,107,26.0,355,0.10088
S5,Test0,107,38.0,556,0.15618
S5,Test0,107,50.0,853,0.20682
S5,Test0,107,62.0,1026,0.23225
S5,Test0,107,74.0,1079,0.25083
S5,Test0,107,86.0,1128,0.2643
S5,Test0,107,98.0,1165,0.26807
S5,Test0,107,110.0,1201,0.27367
S5,Test0,107,122.0,1244,0.28285
S5,Test0,107,134.0,1315,0.29644
S5,Test0,107,146.0,1379,0.31114
S5,Test0,107,158.0,1397,0.32065
S5,Test0,107,170.0,1410,0.32543
S5,Test0,107,182.0,1416,0.32868
S5,Test0,107,194.0,1424,0.33406
S5,Test0,107,206.0,1432,0.34065
S5,Test0,107,218.0,1440,0.34605
S5,Test0,107,230.0,1447,0.3512
S5,Test0,107,242.0,1453,0.35247
S5,Test0,107,254.0,1463,0.35398
S5,Test0,107,266.0,1485,0.35615
S5,Test0,107,278.0,1534,0.37029
S5,Test0,107,290.0,1600,0.38595
S5,Test0,107,302.0,1658,0.39782
S5,Test0,107,314.0,1698,0.40085
S5,Test0,107,326.0,1706,0.40229
S5,Test0,107,338.0,1708,0.40344
S5,Test0,107,350.0,1708,0.40449
S2,F5Ev,106,2.0,8,0.00171
S2,F5Ev,106,14.0,27,0.00569
S2,F5Ev,106,26.0,51,0.01059
S2,F5Ev,106,38.0,284,0.05148
S2,F5Ev,106,50.0,713,0.10479
S2,F5Ev,106,62.0,1111,0.13891
S2,F5Ev,106,74.0,1274,0.15011
S2,F5Ev,106,86.0,1334,0.15392
S2,F5Ev,106,98.0,1375,0.15643
S2,F5Ev,106,110.0,1416,0.15887
S2,F5Ev,106,122.0,1472,0.1621
S2,F5Ev,106,134.0,1497,0.1635
S2,F5Ev,106,146.0,1519,0.16471
S2,F5Ev,106,158.0,1578,0.16789
S2,F5Ev,106,170.0,1595,0.16878
S2,F5Ev,106,182.0,1607,0.16941
S2,F5Ev,106,194.0,1622,0.17018
S2,F5Ev,106,206.0,1639,0.17105
S2,F5Ev,106,218.0,1652,0.17171
S2,F5Ev,106,230.0,1670,0.17857
S2,F5Ev,106,242.0,1673,0.17875
S2,F5Ev,106,254.0,1683,0.17925
S2,F5Ev,106,266.0,1690,0.17959
S2,F5Ev,106,278.0,1706,0.18037
S2,F5Ev,106,290.0,1724,0.18125
S2,F5Ev,106,302.0,1731,0.18158
S2,F5Ev,106,314.0,1757,0.18282
S2,F5Ev,106,326.0,1796,0.18464
S2,F5Ev,106,338.0,1866,0.18781
S2,F5Ev,106,350.0,1988,0.19303
S1,Test0,108,2.0,4,0.00087
S1,Test0,108,14.0,41,0.00872
S1,Test0,108,26.0,133,0.02671
S1,Test0,108,38.0,387,0.06742
S1,Test0,108,50.0,673,0.10199
S1,Test0,108,62.0,1009,0.13265
S1,Test0,108,74.0,1280,0.15647
S1,Test0,108,86.0,1465,0.17955
S1,Test0,108,98.0,1627,0.22543
S1,Test0,108,110.0,2007,0.30347
S1,Test0,108,122.0,2263,0.35718
S1,Test0,108,134.0,2366,0.38966
S1,Test0,108,146.0,2444,0.43131
S1,Test0,108,158.0,2534,0.46966
S1,Test0,108,170.0,2646,0.4822
S1,Test0,108,182.0,2697,0.4883
S1,Test0,108,194.0,2741,0.49416
S1,Test0,108,206.0,2773,0.5011
S1,Test0,108,218.0,2824,0.51734
S1,Test0,108,230.0,2851,0.52381
S1,Test0,108,242.0,2860,0.52819
S1,Test0,108,254.0,2872,0.54
S1,Test0,108,266.0,2883,0.55033
S1,Test0,108,278.0,2895,0.55777
S1,Test0,108,290.0,2903,0.56071
S1,Test0,108,302.0,2917,0.56377
S1,Test0,108,314.0,2923,0.56663
S1,Test0,108,326.0,2928,0.56945
S1,Test0,108,338.0,2935,0.57231
S1,Test0,108,350.0,2939,0.57508
S2,F5EvAI,106,2.0,8,0.00171
S2,F5EvAI,106,14.0,27,0.00569
S2,F5EvAI,106,26.0,51,0.01059
S2,F5EvAI,106,38.0,285,0.05163
S2,F5EvAI,106,50.0,704,0.10388
S2,F5EvAI,106,62.0,1132,0.14043
S2,F5EvAI,106,74.0,1277,0.15031
S2,F5EvAI,106,86.0,1320,0.15304
S2,F5EvAI,106,98.0,1346,0.15466
S2,F5EvAI,106,110.0,1381,0.15679
S2,F5EvAI,106,122.0,1475,0.16227
S2,F5EvAI,106,134.0,1617,0.16992
S2,F5EvAI,106,146.0,1798,0.17875
S2,F5EvAI,106,158.0,1938,0.18494
S2,F5EvAI,106,170.0,2109,0.19187
S2,F5EvAI,106,182.0,2238,0.19668
S2,F5EvAI,106,194.0,2327,0.19981
S2,F5EvAI,106,206.0,2363,0.20104
S2,F5EvAI,106,218.0,2390,0.20194
S2,F5EvAI,106,230.0,2421,0.20297
S2,F5EvAI,106,242.0,2452,0.20398
S2,F5EvAI,106,254.0,2482,0.21091
S2,F5EvAI,106,266.0,2497,0.21141
S2,F5EvAI,106,278.0,2505,0.21962
S2,F5EvAI,106,290.0,2517,0.22005
S2,F5EvAI,106,302.0,2524,0.22027
S2,F5EvAI,106,314.0,2535,0.22061
S2,F5EvAI,106,326.0,2547,0.22298
S2,F5EvAI,106,338.0,2557,0.2233
S2,F5EvAI,106,350.0,2568,0.22562
S4,F5Ev,106,2.0,11,0.0026
S4,F5Ev,106,14.0,97,0.02313
S4,F5Ev,106,26.0,279,0.08402
S4,F5Ev,106,38.0,391,0.11992
S4,F5Ev,106,50.0,427,0.12931
S4,F5Ev,106,62.0,468,0.14205
S4,F5Ev,106,74.0,471,0.14303
S4,F5Ev,106,86.0,492,0.14682
S4,F5Ev,106,98.0,503,0.14825
S4,F5Ev,106,110.0,551,0.16237
S4,F5Ev,106,122.0,604,0.17366
S4,F5Ev,106,134.0,620,0.1781
S4,F5Ev,106,146.0,678,0.19542
S4,F5Ev,106,158.0,678,0.19543
S4,F5Ev,106,170.0,683,0.19799
S4,F5Ev,106,182.0,700,0.19981
S4,F5Ev,106,194.0,702,0.20002
S4,F5Ev,106,206.0,709,0.20177
S4,F5Ev,106,218.0,709,0.20177
S4,F5Ev,106,230.0,710,0.20188
S4,F5Ev,106,242.0,713,0.20219
S4,F5Ev,106,254.0,722,0.20313
S4,F5Ev,106,266.0,724,0.20333
S4,F5Ev,106,278.0,725,0.20344
S4,F5Ev,106,290.0,725,0.20344
S4,F5Ev,106,302.0,730,0.20395
S4,F5Ev,106,314.0,730,0.20395
S4,F5Ev,106,326.0,739,0.20488
S4,F5Ev,106,338.0,739,0.20488
S4,F5Ev,106,350.0,739,0.20488
S3,F5EvAI,106,2.0,7,0.00166
S3,F5EvAI,106,14.0,55,0.01261
S3,F5EvAI,106,26.0,98,0.02182
S3,F5EvAI,106,38.0,109,0.02409
S3,F5EvAI,106,50.0,150,0.03228
S3,F5EvAI,106,62.0,150,0.03228
S3,F5EvAI,106,74.0,151,0.03247
S3,F5EvAI,106,86.0,152,0.03267
S3,F5EvAI,106,98.0,172,0.0375
S3,F5EvAI,106,110.0,172,0.0375
S3,F5EvAI,106,122.0,172,0.0375
S3,F5EvAI,106,134.0,174,0.03788
S3,F5EvAI,106,146.0,178,0.03914
S3,F5EvAI,106,158.0,181,0.0397
S3,F5EvAI,106,170.0,185,0.04044
S3,F5EvAI,106,182.0,237,0.06132
S3,F5EvAI,106,194.0,273,0.068
S3,F5EvAI,106,206.0,277,0.07071
S3,F5EvAI,106,218.0,291,0.07737
S3,F5EvAI,106,230.0,297,0.07835
S3,F5EvAI,106,242.0,304,0.07948
S3,F5EvAI,106,254.0,309,0.08028
S3,F5EvAI,106,266.0,316,0.08139
S3,F5EvAI,106,278.0,319,0.08187
S3,F5EvAI,106,290.0,319,0.08187
S3,F5EvAI,106,302.0,321,0.08218
S3,F5EvAI,106,314.0,321,0.08218
S3,F5EvAI,106,326.0,322,0.08234
S3,F5EvAI,106,338.0,333,0.08406
S3,F5EvAI,106,350.0,333,0.08406
S4,F5EvAI,106,2.0,11,0.0026
S4,F5EvAI,106,14.0,97,0.02313
S4,F5EvAI,106,26.0,278,0.08558
S4,F5EvAI,106,38.0,384,0.12065
S4,F5EvAI,106,50.0,449,0.14894
S4,F5EvAI,106,62.0,497,0.16567
S4,F5EvAI,106,74.0,508,0.17118
S4,F5EvAI,106,86.0,534,0.17499
S4,F5EvAI,106,98.0,546,0.17651
S4,F5EvAI,106,110.0,598,0.19053
S4,F5EvAI,106,122.0,640,0.19537
S4,F5EvAI,106,134.0,661,0.20316
S4,F5EvAI,106,146.0,672,0.20579
S4,F5EvAI,106,158.0,685,0.2077
S4,F5EvAI,106,170.0,689,0.20813
S4,F5EvAI,106,182.0,698,0.20909
S4,F5EvAI,106,194.0,700,0.20931
S4,F5EvAI,106,206.0,705,0.20983
S4,F5EvAI,106,218.0,709,0.21025
S4,F5EvAI,106,230.0,712,0.21057
S4,F5EvAI,106,242.0,715,0.21088
S4,F5EvAI,106,254.0,719,0.2113
S4,F5EvAI,106,266.0,726,0.21203
S4,F5EvAI,106,278.0,727,0.21213
S4,F5EvAI,106,290.0,727,0.21213
S4,F5EvAI,106,302.0,732,0.21265
S4,F5EvAI,106,314.0,739,0.21336
S4,F5EvAI,106,326.0,740,0.21346
S4,F5EvAI,106,338.0,740,0.21346
S4,F5EvAI,106,350.0,742,0.21367
S2,Test0,108,2.0,13,0.00281
S2,Test0,108,14.0,171,0.03358
S2,Test0,108,26.0,531,0.08603
S2,Test0,108,38.0,1005,0.13233
S2,Test0,108,50.0,1201,0.14974
S2,Test0,108,62.0,1398,0.16824
S2,Test0,108,74.0,1747,0.22861
S2,Test0,108,86.0,2052,0.2927
S2,Test0,108,98.0,2209,0.32986
S2,Test0,108,110.0,2363,0.40669
S2,Test0,108,122.0,2475,0.44709
S2,Test0,108,134.0,2534,0.47888
S2,Test0,108,146.0,2594,0.49997
S2,Test0,108,158.0,2648,0.50787
S2,Test0,108,170.0,2740,0.52253
S2,Test0,108,182.0,2783,0.52686
S2,Test0,108,194.0,2832,0.53701
S2,Test0,108,206.0,2850,0.5433
S2,Test0,108,218.0,2891,0.55898
S2,Test0,108,230.0,2926,0.56564
S2,Test0,108,242.0,2931,0.57001
S2,Test0,108,254.0,2940,0.58189
S2,Test0,108,266.0,2952,0.59386
S2,Test0,108,278.0,2959,0.59983
S2,Test0,108,290.0,2963,0.60278
S2,Test0,108,302.0,2969,0.60576
S2,Test0,108,314.0,2975,0.60873
S2,Test0,108,326.0,2981,0.61167
S2,Test0,108,338.0,2990,0.61456
S2,Test0,108,350.0,2996,0.61729
S5,F5Ev,106,2.0,11,0.0026
S5,F5Ev,106,14.0,102,0.02417
S5,F5Ev,106,26.0,301,0.08813
S5,F5Ev,106,38.0,446,0.13731
S5,F5Ev,106,50.0,616,0.17323
S5,F5Ev,106,62.0,811,0.21373
S5,F5Ev,106,74.0,882,0.22756
S5,F5Ev,106,86.0,1010,0.24726
S5,F5Ev,106,98.0,1077,0.25679
S5,F5Ev,106,110.0,1110,0.25978
S5,F5Ev,106,122.0,1140,0.26198
S5,F5Ev,106,134.0,1195,0.26588
S5,F5Ev,106,146.0,1210,0.26691
S5,F5Ev,106,158.0,1217,0.26739
S5,F5Ev,106,170.0,1228,0.26864
S5,F5Ev,106,182.0,1246,0.26985
S5,F5Ev,106,194.0,1258,0.27065
S5,F5Ev,106,206.0,1262,0.27091
S5,F5Ev,106,218.0,1271,0.2715
S5,F5Ev,106,230.0,1283,0.27228
S5,F5Ev,106,242.0,1303,0.27357
S5,F5Ev,106,254.0,1318,0.27452
S5,F5Ev,106,266.0,1358,0.27873
S5,F5Ev,106,278.0,1358,0.27873
S5,F5Ev,106,290.0,1358,0.27873
S5,F5Ev,106,302.0,1375,0.27977
S5,F5Ev,106,314.0,1379,0.28001
S5,F5Ev,106,326.0,1379,0.28001
S5,F5Ev,106,338.0,1379,0.28001
S5,F5Ev,106,350.0,1389,0.28061
S3,F5,107,2.0,4,0.00093
S3,F5,107,14.0,11,0.00254
S3,F5,107,26.0,11,0.00254
S3,F5,107,38.0,11,0.00254
S3,F5,107,50.0,11,0.00254
S3,F5,107,62.0,11,0.00254
S3,F5,107,74.0,11,0.00254
S3,F5,107,86.0,11,0.00254
S3,F5,107,98.0,11,0.00254
S3,F5,107,110.0,11,0.00254
S3,F5,107,122.0,11,0.00254
S3,F5,107,134.0,11,0.00254
S3,F5,107,146.0,11,0.00254
S3,F5,107,158.0,11,0.00254
S3,F5,107,170.0,11,0.00254
S3,F5,107,182.0,11,0.00254
S3,F5,107,194.0,11,0.00254
S3,F5,107,206.0,11,0.00254
S3,F5,107,218.0,11,0.00254
S3,F5,107,230.0,11,0.00254
S3,F5,107,242.0,12,0.00277
S3,F5,107,254.0,13,0.003
S3,F5,107,266.0,121,0.04064
S3,F5,107,278.0,267,0.06705
S3,F5,107,290.0,517,0.11977
S3,F5,107,302.0,631,0.14447
S3,F5,107,314.0,707,0.16467
S3,F5,107,326.0,712,0.16529
S3,F5,107,338.0,720,0.16611
S3,F5,107,350.0,720,0.16611
S2,F5,107,2.0,8,0.00178
S2,F5,107,14.0,88,0.01857
S2,F5,107,26.0,460,0.07855
S2,F5,107,38.0,913,0.16588
S2,F5,107,50.0,1367,0.20644
S2,F5,107,62.0,1488,0.21363
S2,F5,107,74.0,1565,0.22686
S2,F5,107,86.0,1583,0.22971
S2,F5,107,98.0,1594,0.23029
S2,F5,107,110.0,1603,0.23077
S2,F5,107,122.0,1616,0.23145
S2,F5,107,134.0,1618,0.23155
S2,F5,107,146.0,1622,0.23176
S2,F5,107,158.0,1626,0.23196
S2,F5,107,170.0,1636,0.23247
S2,F5,107,182.0,1640,0.23268
S2,F5,107,194.0,1648,0.23308
S2,F5,107,206.0,1651,0.23323
S2,F5,107,218.0,1652,0.23328
S2,F5,107,230.0,1653,0.23333
S2,F5,107,242.0,1656,0.23348
S2,F5,107,254.0,1658,0.23358
S2,F5,107,266.0,1658,0.23358
S2,F5,107,278.0,1662,0.23378
S2,F5,107,290.0,1664,0.23388
S2,F5,107,302.0,1664,0.23388
S2,F5,107,314.0,1665,0.23393
S2,F5,107,326.0,1666,0.23398
S2,F5,107,338.0,1666,0.23398
S2,F5,107,350.0,1666,0.23398
S3,Test0,108,2.0,5,0.00123
S3,Test0,108,14.0,40,0.00961
S3,Test0,108,26.0,118,0.02833
S3,Test0,108,38.0,188,0.04782
S3,Test0,108,50.0,247,0.06317
S3,Test0,108,62.0,338,0.09452
S3,Test0,108,74.0,454,0.14066
S3,Test0,108,86.0,529,0.16629
S3,Test0,108,98.0,585,0.17848
S3,Test0,108,110.0,631,0.18519
S3,Test0,108,122.0,642,0.18724
S3,Test0,108,134.0,652,0.18914
S3,Test0,108,146.0,654,0.19006
S3,Test0,108,158.0,655,0.19081
S3,Test0,108,170.0,657,0.19164
S3,Test0,108,182.0,658,0.19234
S3,Test0,108,194.0,660,0.19313
S3,Test0,108,206.0,663,0.19404
S3,Test0,108,218.0,781,0.207
S3,Test0,108,230.0,915,0.22683
S3,Test0,108,242.0,993,0.25164
S3,Test0,108,254.0,1079,0.26566
S3,Test0,108,266.0,1185,0.28338
S3,Test0,108,278.0,1296,0.29948
S3,Test0,108,290.0,1377,0.31495
S3,Test0,108,302.0,1468,0.3341
S3,Test0,108,314.0,1533,0.34538
S3,Test0,108,326.0,1643,0.36685
S3,Test0,108,338.0,1686,0.38043
S3,Test0,108,350.0,1724,0.3932
S5,F5EvAI,106,2.0,11,0.0026
S5,F5EvAI,106,14.0,102,0.02417
S5,F5EvAI,106,26.0,302,0.09102
S5,F5EvAI,106,38.0,395,0.12175
S5,F5EvAI,106,50.0,435,0.13908
S5,F5EvAI,106,62.0,479,0.15288
S5,F5EvAI,106,74.0,488,0.15467
S5,F5EvAI,106,86.0,503,0.15865
S5,F5EvAI,106,98.0,515,0.16557
S5,F5EvAI,106,110.0,525,0.1681
S5,F5EvAI,106,122.0,529,0.16862
S5,F5EvAI,106,134.0,543,0.17706
S5,F5EvAI,106,146.0,553,0.17935
S5,F5EvAI,106,158.0,556,0.17972
S5,F5EvAI,106,170.0,559,0.18009
S5,F5EvAI,106,182.0,564,0.1812
S5,F5EvAI,106,194.0,565,0.18182
S5,F5EvAI,106,206.0,567,0.18206
S5,F5EvAI,106,218.0,567,0.18206
S5,F5EvAI,106,230.0,568,0.18219
S5,F5EvAI,106,242.0,568,0.18219
S5,F5EvAI,106,254.0,570,0.18243
S5,F5EvAI,106,266.0,571,0.18255
S5,F5EvAI,106,278.0,572,0.18267
S5,F5EvAI,106,290.0,572,0.18267
S5,F5EvAI,106,302.0,573,0.18329
S5,F5EvAI,106,314.0,573,0.18329
S5,F5EvAI,106,326.0,573,0.18329
S5,F5EvAI,106,338.0,573,0.18329
S5,F5EvAI,106,350.0,576,0.18466
S4,F5,107,2.0,9,0.00208
S4,F5,107,14.0,135,0.0309
S4,F5,107,26.0,277,0.0779
S4,F5,107,38.0,297,0.08255
S4,F5,107,50.0,335,0.09831
S4,F5,107,62.0,374,0.10644
S4,F5,107,74.0,403,0.11117
S4,F5,107,86.0,418,0.11623
S4,F5,107,98.0,421,0.11665
S4,F5,107,110.0,431,0.11858
S4,F5,107,122.0,431,0.11858
S4,F5,107,134.0,447,0.12076
S4,F5,107,146.0,461,0.13094
S4,F5,107,158.0,606,0.15162
S4,F5,107,170.0,715,0.1657
S4,F5,107,182.0,778,0.18528
S4,F5,107,194.0,797,0.18739
S4,F5,107,206.0,817,0.19325
S4,F5,107,218.0,830,0.19623
S4,F5,107,230.0,841,0.19727
S4,F5,107,242.0,855,0.20214
S4,F5,107,254.0,857,0.20236
S4,F5,107,266.0,857,0.20238
S4,F5,107,278.0,857,0.20239
S4,F5,107,290.0,857,0.2024
S4,F5,107,302.0,857,0.20241
S4,F5,107,314.0,857,0.20241
S4,F5,107,326.0,857,0.20242
S4,F5,107,338.0,857,0.20242
S4,F5,107,350.0,857,0.20242
S4,Test0,108,2.0,10,0.00246
S4,Test0,108,14.0,94,0.02523
S4,Test0,108,26.0,234,0.06548
S4,Test0,108,38.0,324,0.08993
S4,Test0,108,50.0,404,0.10562
S4,Test0,108,62.0,480,0.12513
S4,Test0,108,74.0,588,0.16384
S4,Test0,108,86.0,752,0.19482
S4,Test0,108,98.0,904,0.22842
S4,Test0,108,110.0,1007,0.24771
S4,Test0,108,122.0,1116,0.26637
S4,Test0,108,134.0,1223,0.28483
S4,Test0,108,146.0,1310,0.30274
S4,Test0,108,158.0,1371,0.31392
S4,Test0,108,170.0,1425,0.31983
S4,Test0,108,182.0,1542,0.33686
S4,Test0,108,194.0,1613,0.35343
S4,Test0,108,206.0,1655,0.36491
S4,Test0,108,218.0,1688,0.37478
S4,Test0,108,230.0,1719,0.38429
S4,Test0,108,242.0,1769,0.3957
S4,Test0,108,254.0,1804,0.40819
S4,Test0,108,266.0,1820,0.41633
S4,Test0,108,278.0,1840,0.42779
S4,Test0,108,290.0,1864,0.43898
S4,Test0,108,302.0,1909,0.44999
S4,Test0,108,314.0,1962,0.46082
S4,Test0,108,326.0,2001,0.46858
S4,Test0,108,338.0,2018,0.47542
S4,Test0,108,350.0,2037,0.48092
S4,F5EvAI,107,2.0,9,0.00208
S4,F5EvAI,107,14.0,135,0.0309
S4,F5EvAI,107,26.0,277,0.0779
S4,F5EvAI,107,38.0,297,0.08255
S4,F5EvAI,107,50.0,326,0.09693
S4,F5EvAI,107,62.0,378,0.10703
S4,F5EvAI,107,74.0,407,0.11173
S4,F5EvAI,107,86.0,533,0.14601
S4,F5EvAI,107,98.0,668,0.16327
S4,F5EvAI,107,110.0,772,0.17916
S4,F5EvAI,107,122.0,795,0.18419
S4,F5EvAI,107,134.0,818,0.191
S4,F5EvAI,107,146.0,833,0.19246
S4,F5EvAI,107,158.0,835,0.19266
S4,F5EvAI,107,170.0,837,0.19287
S4,F5EvAI,107,182.0,840,0.19314
S4,F5EvAI,107,194.0,840,0.19316
S4,F5EvAI,107,206.0,841,0.19326
S4,F5EvAI,107,218.0,841,0.19326
S4,F5EvAI,107,230.0,841,0.19326
S4,F5EvAI,107,242.0,841,0.19326
S4,F5EvAI,107,254.0,841,0.19326
S5,F5,107,2.0,9,0.00208
S5,F5,107,14.0,138,0.03203
S5,F5,107,26.0,285,0.07998
S5,F5,107,38.0,307,0.08491
S5,F5,107,50.0,346,0.10054
S5,F5,107,62.0,389,0.10699
S5,F5,107,74.0,425,0.11536
S5,F5,107,86.0,431,0.11673
S5,F5,107,98.0,432,0.11687
S5,F5,107,110.0,442,0.1201
S5,F5,107,122.0,461,0.12266
S5,F5,107,134.0,463,0.12292
S5,F5,107,146.0,463,0.12292
S5,F5,107,158.0,463,0.12292
S5,F5,107,170.0,463,0.12292
S5,F5,107,182.0,468,0.12657
S5,F5,107,194.0,473,0.13064
S5,F5,107,206.0,505,0.13533
S5,F5,107,218.0,540,0.14722
S5,F5,107,230.0,564,0.15242
S5,F5,107,242.0,581,0.15563
S5,F5,107,254.0,588,0.15888
S5,F5,107,266.0,599,0.16315
S5,F5,107,278.0,599,0.16317
S5,F5,107,290.0,603,0.1644
S5,F5,107,302.0,603,0.1644
S5,F5,107,314.0,603,0.16441
S5,F5,107,326.0,603,0.16441
S5,F5,107,338.0,603,0.16441
S5,F5,107,350.0,603,0.16442
S3,F5EvAI,107,2.0,4,0.00093
S3,F5EvAI,107,14.0,11,0.00254
S3,F5EvAI,107,26.0,11,0.00254
S3,F5EvAI,107,38.0,11,0.00254
S3,F5EvAI,107,50.0,14,0.00323
S3,F5EvAI,107,62.0,18,0.00414
S3,F5EvAI,107,74.0,20,0.00459
S3,F5EvAI,107,86.0,22,0.00504
S3,F5EvAI,107,98.0,23,0.00527
S3,F5EvAI,107,110.0,26,0.00594
S3,F5EvAI,107,122.0,29,0.00661
S3,F5EvAI,107,134.0,29,0.00661
S3,F5EvAI,107,146.0,31,0.00706
S3,F5EvAI,107,158.0,33,0.00751
S3,F5EvAI,107,170.0,35,0.00795
S3,F5EvAI,107,182.0,36,0.00817
S3,F5EvAI,107,194.0,38,0.00861
S3,F5EvAI,107,206.0,38,0.00861
S3,F5EvAI,107,218.0,39,0.00883
S3,F5EvAI,107,230.0,41,0.00927
S3,F5EvAI,107,242.0,42,0.00949
S3,F5EvAI,107,254.0,43,0.00971
S3,F5EvAI,107,266.0,43,0.00971
S3,F5EvAI,107,278.0,43,0.00971
S3,F5EvAI,107,290.0,43,0.00971
S3,F5EvAI,107,302.0,44,0.00993
S3,F5EvAI,107,314.0,44,0.00993
S3,F5EvAI,107,326.0,44,0.00993
S3,F5EvAI,107,338.0,46,0.01037
S3,F5EvAI,107,350.0,46,0.01037
S5,Test0,108,2.0,10,0.00246
S5,Test0,108,14.0,94,0.02523
S5,Test0,108,26.0,234,0.06548
S5,Test0,108,38.0,324,0.08993
S5,Test0,108,50.0,404,0.10562
S5,Test0,108,62.0,480,0.12513
S5,Test0,108,74.0,588,0.16384
S5,Test0,108,86.0,752,0.19482
S5,Test0,108,98.0,904,0.22842
S5,Test0,108,110.0,1007,0.24771
S5,Test0,108,122.0,1116,0.26637
S5,Test0,108,134.0,1223,0.28483
S5,Test0,108,146.0,1310,0.30274
S5,Test0,108,158.0,1371,0.31392
S5,Test0,108,170.0,1425,0.31983
S5,Test0,108,182.0,1542,0.33686
S5,Test0,108,194.0,1613,0.35343
S5,Test0,108,206.0,1655,0.36491
S5,Test0,108,218.0,1688,0.37478
S5,Test0,108,230.0,1719,0.38429
S5,Test0,108,242.0,1769,0.3957
S5,Test0,108,254.0,1804,0.40819
S5,Test0,108,266.0,1820,0.41633
S5,Test0,108,278.0,1840,0.42779
S5,Test0,108,290.0,1864,0.43898
S5,Test0,108,302.0,1909,0.44999
S5,Test0,108,314.0,1962,0.46082
S5,Test0,108,326.0,2001,0.46858
S5,Test0,108,338.0,2018,0.47542
S5,Test0,108,350.0,2037,0.48092
S5,F5Ev,107,2.0,9,0.00208
S5,F5Ev,107,14.0,138,0.03203
S5,F5Ev,107,26.0,267,0.0723
S5,F5Ev,107,38.0,286,0.07716
S5,F5Ev,107,50.0,318,0.0883
S5,F5Ev,107,62.0,330,0.09026
S5,F5Ev,107,74.0,335,0.09103
S5,F5Ev,107,86.0,354,0.09988
S5,F5Ev,107,98.0,356,0.10027
S5,F5Ev,107,110.0,387,0.10834
S5,F5Ev,107,122.0,508,0.12953
S5,F5Ev,107,134.0,634,0.15016
S5,F5Ev,107,146.0,711,0.16342
S5,F5Ev,107,158.0,728,0.16578
S5,F5Ev,107,170.0,748,0.16946
S5,F5Ev,107,182.0,751,0.16981
S5,F5Ev,107,194.0,756,0.17032
S5,F5Ev,107,206.0,759,0.17176
S5,F5Ev,107,218.0,760,0.1732
S5,F5Ev,107,230.0,760,0.17321
S5,F5Ev,107,242.0,763,0.17351
S5,F5Ev,107,254.0,763,0.17352
S5,F5Ev,107,266.0,763,0.17352
S1,F5,108,2.0,4,0.00087
S1,F5,108,14.0,40,0.00851
S1,F5,108,26.0,109,0.02222
S1,F5,108,38.0,326,0.05866
S1,F5,108,50.0,432,0.07353
S1,F5,108,62.0,575,0.0912
S1,F5,108,74.0,764,0.11118
S1,F5,108,86.0,964,0.12902
S1,F5,108,98.0,1034,0.13461
S1,F5,108,110.0,1122,0.14121
S1,F5,108,122.0,1281,0.15357
S1,F5,108,134.0,1544,0.17206
S1,F5,108,146.0,1695,0.20535
S1,F5,108,158.0,1816,0.2189
S1,F5,108,170.0,1905,0.26549
S1,F5,108,182.0,1949,0.27228
S1,F5,108,194.0,1987,0.28953
S1,F5,108,206.0,2010,0.29661
S1,F5,108,218.0,2039,0.29783
S1,F5,108,230.0,2052,0.29987
S1,F5,108,242.0,2067,0.30049
S1,F5,108,254.0,2096,0.30165
S1,F5,108,266.0,2127,0.30436
S1,F5,108,278.0,2178,0.3063
S1,F5,108,290.0,2217,0.30775
S1,F5,108,302.0,2278,0.31735
S1,F5,108,314.0,2364,0.32334
S1,F5,108,326.0,2387,0.33007
S1,F5,108,338.0,2421,0.3416
S1,F5,108,350.0,2444,0.34688
S2,F5EvAI,107,2.0,8,0.00178
S2,F5EvAI,107,14.0,88,0.01857
S2,F5EvAI,107,26.0,460,0.07855
S2,F5EvAI,107,38.0,913,0.16588
S2,F5EvAI,107,50.0,1367,0.20644
S2,F5EvAI,107,62.0,1488,0.21363
S2,F5EvAI,107,74.0,1565,0.22686
S2,F5EvAI,107,86.0,1583,0.22971
S2,F5EvAI,107,98.0,1594,0.23029
S2,F5EvAI,107,110.0,1603,0.23077
S2,F5EvAI,107,122.0,1616,0.23145
S2,F5EvAI,107,134.0,1618,0.23155
S2,F5EvAI,107,146.0,1622,0.23176
S2,F5EvAI,107,158.0,1626,0.23196
S2,F5EvAI,107,170.0,1635,0.23242
S2,F5EvAI,107,182.0,1639,0.23263
S2,F5EvAI,107,194.0,1661,0.23373
S2,F5EvAI,107,206.0,1661,0.23373
S2,F5EvAI,107,218.0,1662,0.23378
S2,F5EvAI,107,230.0,1663,0.23383
S2,F5EvAI,107,242.0,1668,0.23412
S2,F5EvAI,107,254.0,1668,0.23417
S2,F5EvAI,107,266.0,1674,0.24639
S2,F5EvAI,107,278.0,1677,0.24658
S2,F5EvAI,107,290.0,1680,0.24673
S2,F5EvAI,107,302.0,1683,0.24689
S2,F5EvAI,107,314.0,1684,0.24694
S2,F5EvAI,107,326.0,1686,0.24704
S2,F5EvAI,107,338.0,1688,0.24714
S2,F5EvAI,107,350.0,1691,0.24729
S2,F5Ev,107,2.0,8,0.00178
S2,F5Ev,107,14.0,88,0.01857
S2,F5Ev,107,26.0,460,0.07855
S2,F5Ev,107,38.0,907,0.15976
S2,F5Ev,107,50.0,1360,0.20036
S2,F5Ev,107,62.0,1500,0.20863
S2,F5Ev,107,74.0,1563,0.22672
S2,F5Ev,107,86.0,1578,0.22941
S2,F5Ev,107,98.0,1586,0.22984
S2,F5Ev,107,110.0,1595,0.23032
S2,F5Ev,107,122.0,1604,0.2308
S2,F5Ev,107,134.0,1605,0.23085
S2,F5Ev,107,146.0,1616,0.23142
S2,F5Ev,107,158.0,1619,0.23157
S2,F5Ev,107,170.0,1632,0.23224
S2,F5Ev,107,182.0,1634,0.23234
S2,F5Ev,107,194.0,1653,0.2333
S2,F5Ev,107,206.0,1653,0.2333
S2,F5Ev,107,218.0,1656,0.23345
S2,F5Ev,107,230.0,1660,0.23365
S2,F5Ev,107,242.0,1666,0.23395
S2,F5Ev,107,254.0,1666,0.23395
S2,F5Ev,107,266.0,1666,0.23395
S2,F5Ev,107,278.0,1673,0.2343
S2,F5Ev,107,290.0,1678,0.23455
S2,F5Ev,107,302.0,1678,0.23457
S2,F5Ev,107,314.0,1680,0.23847
S2,F5Ev,107,326.0,1682,0.2386
S2,F5Ev,107,338.0,1685,0.23877
S2,F5Ev,107,350.0,1690,0.23902
S3,F5EvAI,108,2.0,5,0.00123
S3,F5EvAI,108,14.0,33,0.00797
S3,F5EvAI,108,26.0,70,0.01646
S3,F5EvAI,108,38.0,72,0.01691
S3,F5EvAI,108,50.0,81,0.0189
S3,F5EvAI,108,62.0,81,0.0189
S3,F5EvAI,108,74.0,89,0.02065
S3,F5EvAI,108,86.0,90,0.02087
S3,F5EvAI,108,98.0,90,0.02087
S3,F5EvAI,108,110.0,92,0.0213
S3,F5EvAI,108,122.0,93,0.02152
S3,F5EvAI,108,134.0,95,0.02195
S3,F5EvAI,108,146.0,96,0.02217
S3,F5Ev,108,2.0,5,0.00123
S3,F5Ev,108,14.0,33,0.00797
S3,F5Ev,108,26.0,71,0.01668
S3,F5Ev,108,38.0,81,0.0189
S3,F5Ev,108,50.0,87,0.02022
S3,F5Ev,108,62.0,94,0.02174
S3,F5Ev,108,74.0,103,0.02367
S3,F5Ev,108,86.0,106,0.02431
S3,F5Ev,108,98.0,108,0.02473
S3,F5Ev,108,110.0,110,0.02516
S3,F5Ev,108,122.0,112,0.02558
S3,F5Ev,108,134.0,114,0.026
S3,F5Ev,108,146.0,115,0.02621
S3,F5Ev,108,158.0,116,0.02642
S3,F5Ev,108,170.0,117,0.02663
S3,F5Ev,108,182.0,117,0.02663
S5,F5EvAI,107,2.0,9,0.00208
S5,F5EvAI,107,14.0,138,0.03203
S5,F5EvAI,107,26.0,285,0.07998
S5,F5EvAI,107,38.0,307,0.08491
S5,F5EvAI,107,50.0,344,0.10024
S5,F5EvAI,107,62.0,393,0.10756
S5,F5EvAI,107,74.0,418,0.11384
S5,F5EvAI,107,86.0,430,0.1155
S5,F5EvAI,107,98.0,440,0.11851
S5,F5EvAI,107,110.0,446,0.11933
S5,F5EvAI,107,122.0,449,0.11973
S5,F5EvAI,107,134.0,453,0.12027
S5,F5EvAI,107,146.0,454,0.12041
S5,F5EvAI,107,158.0,455,0.12054
S5,F5EvAI,107,170.0,456,0.12067
S5,F5EvAI,107,182.0,460,0.12121
S5,F5EvAI,107,194.0,463,0.12161
S5,F5EvAI,107,206.0,463,0.12161
S5,F5EvAI,107,218.0,465,0.12187
S5,F5EvAI,107,230.0,467,0.12214
S5,F5EvAI,107,242.0,467,0.12214
S5,F5EvAI,107,254.0,467,0.12214
S1,Test0,109,2.0,4,0.00089
S1,Test0,109,14.0,14,0.0031
S1,Test0,109,26.0,40,0.0087
S1,Test0,109,38.0,62,0.01329
S1,Test0,109,50.0,76,0.01615
S1,Test0,109,62.0,104,0.02171
S1,Test0,109,74.0,231,0.04466
S1,Test0,109,86.0,395,0.09965
S1,Test0,109,98.0,444,0.14059
S1,Test0,109,110.0,499,0.17731
S1,Test0,109,122.0,545,0.18991
S1,Test0,109,134.0,609,0.20355
S1,Test0,109,146.0,679,0.22461
S1,Test0,109,158.0,876,0.25387
S1,Test0,109,170.0,1135,0.27752
S1,Test0,109,182.0,1319,0.31141
S1,Test0,109,194.0,1419,0.32727
S1,Test0,109,206.0,1466,0.33773
S1,Test0,109,218.0,1493,0.34442
S1,Test0,109,230.0,1524,0.3479
S1,Test0,109,242.0,1562,0.35167
S1,Test0,109,254.0,1607,0.35574
S1,Test0,109,266.0,1656,0.35994
S1,Test0,109,278.0,1729,0.36522
S1,Test0,109,290.0,1857,0.38343
S1,Test0,109,302.0,2054,0.41606
S1,Test0,109,314.0,2196,0.43811
S1,Test0,109,326.0,2275,0.45245
S1,Test0,109,338.0,2335,0.47138
S1,Test0,109,350.0,2435,0.50362
S3,F5,108,2.0,5,0.00123
S3,F5,108,14.0,33,0.00797
S3,F5,108,26.0,71,0.01668
S3,F5,108,38.0,88,0.02043
S3,F5,108,50.0,101,0.02324
S3,F5,108,62.0,104,0.02388
S3,F5,108,74.0,104,0.02388
S3,F5,108,86.0,120,0.02726
S3,F5,108,98.0,120,0.02726
S3,F5,108,110.0,120,0.02726
S3,F5,108,122.0,120,0.02726
S3,F5,108,134.0,120,0.02726
S3,F5,108,146.0,120,0.02726
S3,F5,108,158.0,120,0.02726
S3,F5,108,170.0,120,0.02726
S3,F5,108,182.0,120,0.02726
S3,F5,108,194.0,120,0.02726
S3,F5,108,206.0,120,0.02726
S3,F5,108,218.0,120,0.02726
S3,F5,108,230.0,120,0.02726
S3,F5,108,242.0,120,0.02726
S3,F5,108,254.0,121,0.02747
S3,F5,108,266.0,121,0.02747
S3,F5,108,278.0,121,0.02747
S3,F5,108,290.0,121,0.02747
S3,F5,108,302.0,121,0.02747
S3,F5,108,314.0,121,0.02747
S3,F5,108,326.0,121,0.02747
S3,F5,108,338.0,122,0.02767
S3,F5,108,350.0,122,0.02767
S4,F5Ev,107,2.0,9,0.00208
S4,F5Ev,107,14.0,128,0.02734
S4,F5Ev,107,26.0,237,0.05984
S4,F5Ev,107,38.0,256,0.06478
S4,F5Ev,107,50.0,283,0.07417
S4,F5Ev,107,62.0,290,0.0754
S4,F5Ev,107,74.0,304,0.08186
S4,F5Ev,107,86.0,310,0.08342
S4,F5Ev,107,98.0,313,0.08467
S4,F5Ev,107,110.0,316,0.08515
S4,F5Ev,107,122.0,320,0.08578
S4,F5Ev,107,134.0,320,0.08578
S4,F5Ev,107,146.0,322,0.08609
S4,F5Ev,107,158.0,324,0.0864
S4,F5Ev,107,170.0,326,0.08671
S4,F5Ev,107,182.0,327,0.08687
S4,F5Ev,107,194.0,330,0.08733
S4,F5Ev,107,206.0,332,0.08763
S4,F5Ev,107,218.0,333,0.08779
S4,F5Ev,107,230.0,336,0.08825
S4,F5Ev,107,242.0,343,0.08931
S4,F5Ev,107,254.0,407,0.10859
S4,F5Ev,107,266.0,515,0.12978
S4,F5Ev,107,278.0,624,0.1439
S4,F5Ev,107,290.0,681,0.15464
S4,F5Ev,107,302.0,705,0.16122
S4,F5Ev,107,314.0,729,0.16805
S4,F5Ev,107,326.0,743,0.17115
S4,F5Ev,107,338.0,747,0.17157
S4,F5Ev,107,350.0,751,0.17197
S2,F5,108,2.0,13,0.00281
S2,F5,108,14.0,158,0.03127
S2,F5,108,26.0,338,0.06043
S2,F5,108,38.0,753,0.11011
S2,F5,108,50.0,1004,0.13373
S2,F5,108,62.0,1153,0.14935
S2,F5,108,74.0,1280,0.16093
S2,F5,108,86.0,1374,0.17126
S2,F5,108,98.0,1526,0.2047
S2,F5,108,110.0,1708,0.24412
S2,F5,108,122.0,1831,0.30535
S2,F5,108,134.0,1904,0.32327
S2,F5,108,146.0,1958,0.34569
S2,F5,108,158.0,2010,0.36579
S2,F5,108,170.0,2090,0.38387
S2,F5,108,182.0,2113,0.38585
S2,F5,108,194.0,2131,0.39628
S2,F5,108,206.0,2188,0.40834
S2,F5,108,218.0,2403,0.41834
S2,F5,108,230.0,2494,0.42734
S2,F5,108,242.0,2552,0.43614
S2,F5,108,254.0,2579,0.43952
S2,F5,108,266.0,2623,0.44636
S2,F5,108,278.0,2667,0.45317
S2,F5,108,290.0,2716,0.45715
S2,F5,108,302.0,2760,0.46098
S2,F5,108,314.0,2797,0.4631
S2,F5,108,326.0,2846,0.467
S2,F5,108,338.0,2861,0.46849
S2,F5,108,350.0,2869,0.4698
S2,Test0,109,2.0,18,0.00397
S2,Test0,109,14.0,141,0.02876
S2,Test0,109,26.0,349,0.06316
S2,Test0,109,38.0,627,0.09858
S2,Test0,109,50.0,738,0.11026
S2,Test0,109,62.0,816,0.1178
S2,Test0,109,74.0,1039,0.13678
S2,Test0,109,86.0,1267,0.18598
S2,Test0,109,98.0,1412,0.23271
S2,Test0,109,110.0,1528,0.26826
S2,Test0,109,122.0,1604,0.30581
S2,Test0,109,134.0,1689,0.33471
S2,Test0,109,146.0,1757,0.35218
S2,Test0,109,158.0,1818,0.3871
S2,Test0,109,170.0,1924,0.44411
S2,Test0,109,182.0,2028,0.47114
S2,Test0,109,194.0,2093,0.49138
S2,Test0,109,206.0,2134,0.50978
S2,Test0,109,218.0,2202,0.53124
S2,Test0,109,230.0,2254,0.55748
S2,Test0,109,242.0,2317,0.56848
S2,Test0,109,254.0,2398,0.5747
S2,Test0,109,266.0,2436,0.57939
S2,Test0,109,278.0,2620,0.58851
S2,Test0,109,290.0,2759,0.5959
S2,Test0,109,302.0,2814,0.60079
S2,Test0,109,314.0,2842,0.60491
S2,Test0,109,326.0,2870,0.609
S2,Test0,109,338.0,2905,0.61322
S2,Test0,109,350.0,2929,0.61711
S3,Test0,109,2.0,11,0.0026
S3,Test0,109,14.0,191,0.05323
S3,Test0,109,26.0,474,0.13131
S3,Test0,109,38.0,573,0.16415
S3,Test0,109,50.0,619,0.17084
S3,Test0,109,62.0,653,0.1769
S3,Test0,109,74.0,688,0.18736
S3,Test0,109,86.0,717,0.19459
S3,Test0,109,98.0,750,0.2025
S3,Test0,109,110.0,776,0.21135
S3,Test0,109,122.0,792,0.21637
S3,Test0,109,134.0,812,0.22608
S3,Test0,109,146.0,827,0.23258
S3,Test0,109,158.0,841,0.24099
S3,Test0,109,170.0,858,0.24762
S3,Test0,109,182.0,871,0.2518
S3,Test0,109,194.0,883,0.25747
S3,Test0,109,206.0,893,0.26139
S3,Test0,109,218.0,907,0.2641
S3,Test0,109,230.0,921,0.26733
S3,Test0,109,242.0,927,0.26985
S3,Test0,109,254.0,931,0.2722
S3,Test0,109,266.0,932,0.27378
S3,Test0,109,278.0,932,0.27468
S3,Test0,109,290.0,935,0.27735
S3,Test0,109,302.0,936,0.27828
S3,Test0,109,314.0,938,0.27928
S3,Test0,109,326.0,939,0.2802
S3,Test0,109,338.0,939,0.28104
S3,Test0,109,350.0,939,0.28186
S4,F5Ev,108,2.0,10,0.00246
S4,F5Ev,108,14.0,81,0.0209
S4,F5Ev,108,26.0,129,0.03633
S4,F5Ev,108,38.0,142,0.04001
S4,F5Ev,108,50.0,163,0.04811
S4,F5Ev,108,62.0,163,0.04813
S4,F5Ev,108,74.0,184,0.05321
S4,F5Ev,108,86.0,187,0.0538
S4,F5Ev,108,98.0,187,0.0538
S4,F5Ev,108,110.0,190,0.05537
S4,F5Ev,108,122.0,193,0.05594
S4,F5Ev,108,134.0,195,0.05632
S4,F5Ev,108,146.0,197,0.0567
S4,F5Ev,108,158.0,198,0.05689
S4,F5Ev,108,170.0,199,0.05707
S4,F5Ev,108,182.0,199,0.05707
S4,F5,108,2.0,10,0.00246
S4,F5,108,14.0,81,0.0209
S4,F5,108,26.0,133,0.03715
S4,F5,108,38.0,161,0.04381
S4,F5,108,50.0,183,0.04912
S4,F5,108,62.0,193,0.05392
S4,F5,108,74.0,194,0.05484
S4,F5,108,86.0,194,0.05486
S4,F5,108,98.0,194,0.05487
S4,F5,108,110.0,217,0.06016
S4,F5,108,122.0,217,0.06018
S4,F5,108,134.0,218,0.06237
S4,F5,108,146.0,218,0.0624
S4,F5,108,158.0,218,0.06241
S4,F5,108,170.0,218,0.06243
S4,F5,108,182.0,218,0.06244
S4,F5,108,194.0,218,0.06245
S4,F5,108,206.0,218,0.06246
S4,F5,108,218.0,218,0.06247
S4,F5,108,230.0,218,0.06248
S4,F5,108,242.0,218,0.06249
S4,F5,108,254.0,218,0.0625
S4,F5,108,266.0,218,0.06251
S4,F5,108,278.0,219,0.06271
S4,F5,108,290.0,228,0.06436
S4,F5,108,302.0,236,0.06581
S4,F5,108,314.0,250,0.06979
S4,F5,108,326.0,253,0.07082
S4,F5,108,338.0,259,0.07237
S4,F5,108,350.0,259,0.07237
S4,Test0,109,2.0,21,0.00493
S4,Test0,109,14.0,349,0.10226
S4,Test0,109,26.0,720,0.19835
S4,Test0,109,38.0,884,0.23795
S4,Test0,109,50.0,952,0.25215
S4,Test0,109,62.0,997,0.26139
S4,Test0,109,74.0,1049,0.27251
S4,Test0,109,86.0,1108,0.28501
S4,Test0,109,98.0,1220,0.29901
S4,Test0,109,110.0,1477,0.31977
S4,Test0,109,122.0,1697,0.35903
S4,Test0,109,134.0,1737,0.38294
S4,Test0,109,146.0,1765,0.39356
S4,Test0,109,158.0,1790,0.40459
S4,Test0,109,170.0,1821,0.41823
S4,Test0,109,182.0,1847,0.42744
S4,Test0,109,194.0,1857,0.43258
S4,Test0,109,206.0,1864,0.43731
S4,Test0,109,218.0,1872,0.44205
S4,Test0,109,230.0,1883,0.44693
S4,Test0,109,242.0,1891,0.45113
S4,Test0,109,254.0,1902,0.45441
S4,Test0,109,266.0,1908,0.4575
S4,Test0,109,278.0,1910,0.45982
S4,Test0,109,290.0,1912,0.46261
S4,Test0,109,302.0,1913,0.46428
S4,Test0,109,314.0,1916,0.46759
S4,Test0,109,326.0,1916,0.46922
S4,Test0,109,338.0,1918,0.47092
S4,Test0,109,350.0,1919,0.47259
S4,F5EvAI,108,2.0,10,0.00246
S4,F5EvAI,108,14.0,81,0.0209
S4,F5EvAI,108,26.0,132,0.03695
S4,F5EvAI,108,38.0,146,0.04082
S4,F5EvAI,108,50.0,167,0.0489
S4,F5EvAI,108,62.0,167,0.04892
S4,F5EvAI,108,74.0,183,0.05302
S4,F5EvAI,108,86.0,187,0.0545
S4,F5EvAI,108,98.0,188,0.05469
S4,F5EvAI,108,110.0,190,0.05607
S4,F5EvAI,108,122.0,194,0.05683
S4,F5EvAI,108,134.0,194,0.05683
S4,F5EvAI,108,146.0,196,0.05721
S4,F5EvAI,108,158.0,196,0.05721
S4,F5EvAI,108,170.0,197,0.0574
S4,F5EvAI,108,182.0,197,0.0574
S4,F5EvAI,108,194.0,197,0.0574
S1,F5Ev,109,2.0,4,0.00089
S1,F5Ev,109,14.0,14,0.0031
S1,F5Ev,109,26.0,26,0.00571
S1,F5Ev,109,38.0,51,0.01101
S1,F5Ev,109,50.0,54,0.01164
S1,F5Ev,109,62.0,57,0.01226
S1,F5Ev,109,74.0,57,0.01226
S1,F5Ev,109,86.0,60,0.01288
S1,F5Ev,109,98.0,60,0.01288
S1,F5Ev,109,110.0,60,0.01288
S1,F5EvAI,109,2.0,4,0.00089
S1,F5EvAI,109,14.0,14,0.0031
S1,F5EvAI,109,26.0,30,0.00657
S1,F5EvAI,109,38.0,52,0.01122
S1,F5EvAI,109,50.0,55,0.01184
S1,F5EvAI,109,62.0,57,0.01226
S1,F5EvAI,109,74.0,57,0.01226
S1,F5EvAI,109,86.0,60,0.01288
S1,F5EvAI,109,98.0,60,0.01288
S1,F5EvAI,109,110.0,60,0.01288
S3,F5,109,2.0,11,0.0026
S3,F5,109,14.0,175,0.0464
S3,F5,109,26.0,360,0.0924
S3,F5,109,38.0,371,0.10283
S3,F5,109,50.0,410,0.12374
S3,F5,109,62.0,428,0.12704
S3,F5,109,74.0,434,0.12915
S3,F5,109,86.0,436,0.12944
S3,F5,109,98.0,439,0.12985
S3,F5,109,110.0,442,0.13027
S3,F5,109,122.0,442,0.13027
S3,F5,109,134.0,442,0.13027
S3,F5,109,146.0,442,0.13027
S3,F5,109,158.0,445,0.13068
S3,F5,109,170.0,445,0.13068
S3,F5,109,182.0,446,0.13082
S3,F5,109,194.0,446,0.13082
S5,Test0,109,2.0,21,0.00493
S5,Test0,109,14.0,349,0.10226
S5,Test0,109,26.0,720,0.19835
S5,Test0,109,38.0,884,0.23795
S5,Test0,109,50.0,952,0.25215
S5,Test0,109,62.0,997,0.26139
S5,Test0,109,74.0,1049,0.27251
S5,Test0,109,86.0,1108,0.28501
S5,Test0,109,98.0,1220,0.29901
S5,Test0,109,110.0,1477,0.31977
S5,Test0,109,122.0,1697,0.35903
S5,Test0,109,134.0,1737,0.38294
S5,Test0,109,146.0,1765,0.39356
S5,Test0,109,158.0,1790,0.40459
S5,Test0,109,170.0,1821,0.41823
S5,Test0,109,182.0,1847,0.42744
S5,Test0,109,194.0,1857,0.43258
S5,Test0,109,206.0,1864,0.43731
S5,Test0,109,218.0,1872,0.44205
S5,Test0,109,230.0,1883,0.44693
S5,Test0,109,242.0,1891,0.45113
S5,Test0,109,254.0,1902,0.45441
S5,Test0,109,266.0,1908,0.4575
S5,Test0,109,278.0,1910,0.45982
S5,Test0,109,290.0,1912,0.46261
S5,Test0,109,302.0,1913,0.46428
S5,Test0,109,314.0,1916,0.46759
S5,Test0,109,326.0,1916,0.46922
S5,Test0,109,338.0,1918,0.47092
S5,Test0,109,350.0,1919,0.47259
S5,F5,108,2.0,10,0.00246
S5,F5,108,14.0,81,0.0209
S5,F5,108,26.0,138,0.03818
S5,F5,108,38.0,165,0.0446
S5,F5,108,50.0,184,0.04932
S5,F5,108,62.0,199,0.05505
S5,F5,108,74.0,201,0.05815
S5,F5,108,86.0,202,0.05837
S5,F5,108,98.0,220,0.06271
S5,F5,108,110.0,233,0.06606
S5,F5,108,122.0,235,0.06693
S5,F5,108,134.0,255,0.07247
S5,F5,108,146.0,255,0.07249
S5,F5,108,158.0,255,0.07249
S5,F5,108,170.0,256,0.07266
S5,F5,108,182.0,256,0.07266
S5,F5,108,194.0,258,0.07301
S5,F5,108,206.0,258,0.07301
S5,F5,108,218.0,258,0.07301
S5,F5,108,230.0,258,0.07301
S5,F5,108,242.0,258,0.07301
S5,F5,108,254.0,258,0.07301
S5,F5,108,266.0,258,0.07301
S5,F5,108,278.0,258,0.07301
S5,F5,108,290.0,259,0.07319
S5,F5,108,302.0,259,0.07319
S5,F5,108,314.0,260,0.07336
S5,F5,108,326.0,260,0.07336
S5,F5,108,338.0,260,0.07336
S5,F5,108,350.0,260,0.07336
S5,F5Ev,108,2.0,10,0.00246
S5,F5Ev,108,14.0,81,0.0209
S5,F5Ev,108,26.0,132,0.03695
S5,F5Ev,108,38.0,144,0.04042
S5,F5Ev,108,50.0,165,0.0485
S5,F5Ev,108,62.0,166,0.04872
S5,F5Ev,108,74.0,174,0.0503
S5,F5Ev,108,86.0,185,0.05341
S5,F5Ev,108,98.0,185,0.05343
S5,F5Ev,108,110.0,188,0.054
S5,F5Ev,108,122.0,191,0.05457
S5,F5Ev,108,134.0,192,0.05476
S5,F5Ev,108,146.0,194,0.05514
S5,F5Ev,108,158.0,195,0.05533
S5,F5Ev,108,170.0,197,0.05571
S5,F5Ev,108,182.0,202,0.05664
S5,F5Ev,108,194.0,204,0.05702
S1,F5Ev,108,2.0,4,0.00087
S1,F5Ev,108,14.0,40,0.00851
S1,F5Ev,108,26.0,106,0.02164
S1,F5Ev,108,38.0,305,0.05551
S1,F5Ev,108,50.0,459,0.07706
S1,F5Ev,108,62.0,693,0.10408
S1,F5Ev,108,74.0,919,0.12674
S1,F5Ev,108,86.0,1054,0.13763
S1,F5Ev,108,98.0,1155,0.14506
S1,F5Ev,108,110.0,1234,0.15345
S1,F5Ev,108,122.0,1296,0.15751
S1,F5Ev,108,134.0,1396,0.16812
S1,F5Ev,108,146.0,1434,0.1704
S1,F5Ev,108,158.0,1493,0.18264
S1,F5Ev,108,170.0,1554,0.21865
S1,F5Ev,108,182.0,1597,0.22715
S1,F5Ev,108,194.0,1645,0.24301
S1,F5Ev,108,206.0,1688,0.2512
S1,F5Ev,108,218.0,1708,0.25375
S1,F5Ev,108,230.0,1734,0.25504
S1,F5Ev,108,242.0,1747,0.25715
S1,F5Ev,108,254.0,1772,0.25834
S1,F5Ev,108,266.0,1776,0.25857
S1,F5Ev,108,278.0,1783,0.25891
S1,F5Ev,108,290.0,1795,0.26392
S1,F5Ev,108,302.0,1812,0.27066
S1,F5Ev,108,314.0,1815,0.27528
S1,F5Ev,108,326.0,1827,0.28178
S1,F5Ev,108,338.0,1839,0.28681
S1,F5Ev,108,350.0,1849,0.29026
S2,F5Ev,108,2.0,13,0.00281
S2,F5Ev,108,14.0,158,0.03127
S2,F5Ev,108,26.0,332,0.05955
S2,F5Ev,108,38.0,794,0.11406
S2,F5Ev,108,50.0,1041,0.13663
S2,F5Ev,108,62.0,1186,0.15018
S2,F5Ev,108,74.0,1291,0.16161
S2,F5Ev,108,86.0,1417,0.17233
S2,F5Ev,108,98.0,1509,0.20083
S2,F5Ev,108,110.0,1649,0.2351
S2,F5Ev,108,122.0,1766,0.28946
S2,F5Ev,108,134.0,1823,0.32224
S2,F5Ev,108,146.0,1864,0.3425
S2,F5Ev,108,158.0,1914,0.36227
S2,F5Ev,108,170.0,2015,0.38278
S2,F5Ev,108,182.0,2071,0.39687
S2,F5Ev,108,194.0,2255,0.40884
S2,F5Ev,108,206.0,2438,0.41953
S2,F5Ev,108,218.0,2495,0.42824
S2,F5Ev,108,230.0,2537,0.43791
S2,F5Ev,108,242.0,2564,0.44268
S2,F5Ev,108,254.0,2597,0.44906
S2,F5Ev,108,266.0,2626,0.45236
S2,F5Ev,108,278.0,2667,0.45893
S2,F5Ev,108,290.0,2692,0.46353
S2,F5Ev,108,302.0,2740,0.46583
S2,F5Ev,108,314.0,2761,0.46731
S2,F5Ev,108,326.0,2772,0.46993
S2,F5Ev,108,338.0,2783,0.47109
S2,F5Ev,108,350.0,2794,0.47221
S5,F5EvAI,108,2.0,10,0.00246
S5,F5EvAI,108,14.0,81,0.0209
S5,F5EvAI,108,26.0,135,0.03756
S5,F5EvAI,108,38.0,146,0.04083
S5,F5EvAI,108,50.0,170,0.04949
S5,F5EvAI,108,62.0,171,0.04971
S5,F5EvAI,108,74.0,179,0.05127
S5,F5EvAI,108,86.0,190,0.05437
S5,F5EvAI,108,98.0,197,0.05671
S5,F5EvAI,108,110.0,211,0.06032
S5,F5EvAI,108,122.0,222,0.06383
S5,F5EvAI,108,134.0,225,0.06439
S5,F5EvAI,108,146.0,226,0.06457
S5,F5EvAI,108,158.0,229,0.06561
S5,F5EvAI,108,170.0,231,0.06598
S5,F5EvAI,108,182.0,231,0.06598
S5,F5EvAI,108,194.0,231,0.06598
S1,F5EvAI,108,2.0,4,0.00087
S1,F5EvAI,108,14.0,40,0.00851
S1,F5EvAI,108,26.0,109,0.02222
S1,F5EvAI,108,38.0,326,0.05866
S1,F5EvAI,108,50.0,432,0.07353
S1,F5EvAI,108,62.0,572,0.09086
S1,F5EvAI,108,74.0,773,0.11205
S1,F5EvAI,108,86.0,1004,0.13225
S1,F5EvAI,108,98.0,1107,0.14012
S1,F5EvAI,108,110.0,1209,0.14732
S1,F5EvAI,108,122.0,1293,0.15286
S1,F5EvAI,108,134.0,1328,0.17319
S1,F5EvAI,108,146.0,1357,0.17521
S1,F5EvAI,108,158.0,1405,0.1879
S1,F5EvAI,108,170.0,1504,0.23233
S1,F5EvAI,108,182.0,1519,0.24396
S1,F5EvAI,108,194.0,1553,0.25114
S1,F5EvAI,108,206.0,1579,0.25853
S1,F5EvAI,108,218.0,1604,0.25988
S1,F5EvAI,108,230.0,1619,0.26067
S1,F5EvAI,108,242.0,1639,0.26317
S1,F5EvAI,108,254.0,1665,0.26451
S1,F5EvAI,108,266.0,1675,0.26503
S1,F5EvAI,108,278.0,1698,0.26765
S1,F5EvAI,108,290.0,1731,0.26926
S1,F5EvAI,108,302.0,1746,0.27
S1,F5EvAI,108,314.0,1756,0.27048
S1,F5EvAI,108,326.0,1767,0.27099
S1,F5EvAI,108,338.0,1775,0.27137
S1,F5EvAI,108,350.0,1783,0.27176
S1,Test0,110,2.0,4,0.00086
S1,Test0,110,14.0,8,0.00172
S1,Test0,110,26.0,23,0.00489
S1,Test0,110,38.0,56,0.01167
S1,Test0,110,50.0,108,0.02179
S1,Test0,110,62.0,178,0.03446
S1,Test0,110,74.0,230,0.04322
S1,Test0,110,86.0,315,0.05648
S1,Test0,110,98.0,431,0.07274
S1,Test0,110,110.0,669,0.10077
S1,Test0,110,122.0,895,0.12232
S1,Test0,110,134.0,1081,0.13727
S1,Test0,110,146.0,1317,0.18673
S1,Test0,110,158.0,1449,0.23786
S1,Test0,110,170.0,1535,0.2571
S1,Test0,110,182.0,1642,0.28471
S1,Test0,110,194.0,1817,0.30995
S1,Test0,110,206.0,2019,0.3247
S1,Test0,110,218.0,2257,0.34631
S1,Test0,110,230.0,2388,0.35366
S1,Test0,110,242.0,2466,0.36804
S1,Test0,110,254.0,2559,0.37364
S1,Test0,110,266.0,2675,0.37827
S1,Test0,110,278.0,2721,0.38076
S1,Test0,110,290.0,2778,0.38353
S1,Test0,110,302.0,2855,0.41155
S1,Test0,110,314.0,2884,0.42825
S1,Test0,110,326.0,2914,0.45239
S1,Test0,110,338.0,2929,0.47061
S1,Test0,110,350.0,2939,0.4844
S2,Test0,110,2.0,8,0.00172
S2,Test0,110,14.0,40,0.00842
S2,Test0,110,26.0,99,0.02009
S2,Test0,110,38.0,221,0.04174
S2,Test0,110,50.0,391,0.06736
S2,Test0,110,62.0,563,0.08907
S2,Test0,110,74.0,748,0.11458
S2,Test0,110,86.0,964,0.17051
S2,Test0,110,98.0,1173,0.24736
S2,Test0,110,110.0,1341,0.28497
S2,Test0,110,122.0,1445,0.30838
S2,Test0,110,134.0,1584,0.32749
S2,Test0,110,146.0,1719,0.33779
S2,Test0,110,158.0,1851,0.3459
S2,Test0,110,170.0,2021,0.35476
S2,Test0,110,182.0,2199,0.36307
S2,Test0,110,194.0,2317,0.3686
S2,Test0,110,206.0,2419,0.37332
S2,Test0,110,218.0,2535,0.37828
S2,Test0,110,230.0,2669,0.38356
S2,Test0,110,242.0,2716,0.38617
S2,Test0,110,254.0,2781,0.39215
S2,Test0,110,266.0,2857,0.42171
S2,Test0,110,278.0,2880,0.43548
S2,Test0,110,290.0,2911,0.45832
S2,Test0,110,302.0,2928,0.47669
S2,Test0,110,314.0,2938,0.48912
S2,Test0,110,326.0,2952,0.50224
S2,Test0,110,338.0,2984,0.54491
S2,Test0,110,350.0,3055,0.56089
S1,F5,109,2.0,4,0.00089
S1,F5,109,14.0,14,0.0031
S1,F5,109,26.0,30,0.00657
S1,F5,109,38.0,52,0.01122
S1,F5,109,50.0,55,0.01184
S1,F5,109,62.0,55,0.01184
S1,F5,109,74.0,55,0.01184
S1,F5,109,86.0,58,0.01247
S1,F5,109,98.0,58,0.01247
S1,F5,109,110.0,61,0.01308
S1,F5,109,122.0,64,0.0137
S1,F5,109,134.0,65,0.01391
S1,F5,109,146.0,66,0.01411
S1,F5,109,158.0,66,0.01411
S1,F5,109,170.0,66,0.01411
S1,F5,109,182.0,66,0.01411
S1,F5,109,194.0,66,0.01411
S1,F5,109,206.0,66,0.01411
S1,F5,109,218.0,66,0.01411
S1,F5,109,230.0,66,0.01411
S1,F5,109,242.0,66,0.01411
S1,F5,109,254.0,66,0.01411
S1,F5,109,266.0,66,0.01411
S1,F5,109,278.0,68,0.01452
S1,F5,109,290.0,68,0.01452
S1,F5,109,302.0,71,0.01513
S1,F5,109,314.0,96,0.02014
S1,F5,109,326.0,106,0.0221
S1,F5,109,338.0,114,0.02365
S1,F5,109,350.0,115,0.02384
S3,F5Ev,109,2.0,11,0.0026
S3,F5Ev,109,14.0,175,0.0464
S3,F5Ev,109,26.0,360,0.0924
S3,F5Ev,109,38.0,364,0.09525
S3,F5Ev,109,50.0,396,0.10624
S3,F5Ev,109,62.0,413,0.10935
S3,F5Ev,109,74.0,428,0.11845
S3,F5Ev,109,86.0,430,0.11877
S3,F5Ev,109,98.0,433,0.11919
S3,F5Ev,109,110.0,436,0.1196
S3,F5Ev,109,122.0,436,0.1196
S3,F5Ev,109,134.0,436,0.1196
S3,F5Ev,109,146.0,436,0.1196
S3,F5Ev,109,158.0,439,0.12002
S3,F5Ev,109,170.0,439,0.12002
S3,F5Ev,109,182.0,442,0.12361
S3,F5Ev,109,194.0,442,0.12365
S3,Test0,110,2.0,4,0.00095
S3,Test0,110,14.0,11,0.0026
S3,Test0,110,26.0,40,0.00926
S3,Test0,110,38.0,110,0.02661
S3,Test0,110,50.0,192,0.05747
S3,Test0,110,62.0,266,0.08462
S3,Test0,110,74.0,324,0.10616
S3,Test0,110,86.0,395,0.12519
S3,Test0,110,98.0,595,0.15779
S3,Test0,110,110.0,806,0.19203
S3,Test0,110,122.0,882,0.2058
S3,Test0,110,134.0,942,0.2172
S3,Test0,110,146.0,1025,0.23468
S3,Test0,110,158.0,1125,0.2535
S3,Test0,110,170.0,1221,0.27326
S3,Test0,110,182.0,1342,0.29198
S3,Test0,110,194.0,1392,0.30095
S3,Test0,110,206.0,1444,0.31389
S3,Test0,110,218.0,1481,0.322
S3,Test0,110,230.0,1510,0.32941
S3,Test0,110,242.0,1539,0.33837
S3,Test0,110,254.0,1564,0.34366
S3,Test0,110,266.0,1582,0.35063
S3,Test0,110,278.0,1593,0.35696
S3,Test0,110,290.0,1606,0.36416
S3,Test0,110,302.0,1609,0.36771
S3,Test0,110,314.0,1621,0.37447
S3,Test0,110,326.0,1632,0.37995
S3,Test0,110,338.0,1665,0.39162
S3,Test0,110,350.0,1684,0.39529
S2,F5EvAI,108,2.0,13,0.00281
S2,F5EvAI,108,14.0,158,0.03127
S2,F5EvAI,108,26.0,338,0.06043
S2,F5EvAI,108,38.0,753,0.11011
S2,F5EvAI,108,50.0,1006,0.13389
S2,F5EvAI,108,62.0,1125,0.14587
S2,F5EvAI,108,74.0,1223,0.15419
S2,F5EvAI,108,86.0,1373,0.16968
S2,F5EvAI,108,98.0,1543,0.18242
S2,F5EvAI,108,110.0,1739,0.23242
S2,F5EvAI,108,122.0,1852,0.2937
S2,F5EvAI,108,134.0,1965,0.33081
S2,F5EvAI,108,146.0,2022,0.3597
S2,F5EvAI,108,158.0,2072,0.37265
S2,F5EvAI,108,170.0,2171,0.37939
S2,F5EvAI,108,182.0,2212,0.38748
S2,F5EvAI,108,194.0,2229,0.39371
S2,F5EvAI,108,206.0,2241,0.39706
S2,F5EvAI,108,218.0,2254,0.40933
S2,F5EvAI,108,230.0,2263,0.41413
S2,F5EvAI,108,242.0,2277,0.41909
S2,F5EvAI,108,254.0,2289,0.42395
S2,F5EvAI,108,266.0,2293,0.42707
S2,F5EvAI,108,278.0,2316,0.43381
S2,F5EvAI,108,290.0,2544,0.44718
S2,F5EvAI,108,302.0,2639,0.45451
S2,F5EvAI,108,314.0,2684,0.45734
S2,F5EvAI,108,326.0,2719,0.45984
S2,F5EvAI,108,338.0,2749,0.46218
S2,F5EvAI,108,350.0,2777,0.46446
S2,F5,109,2.0,18,0.00397
S2,F5,109,14.0,133,0.02727
S2,F5,109,26.0,309,0.05716
S2,F5,109,38.0,575,0.09268
S2,F5,109,50.0,631,0.09903
S2,F5,109,62.0,677,0.10399
S2,F5,109,74.0,824,0.11854
S2,F5,109,86.0,1024,0.16023
S2,F5,109,98.0,1122,0.17585
S2,F5,109,110.0,1209,0.18957
S2,F5,109,122.0,1304,0.19856
S2,F5,109,134.0,1420,0.21097
S2,F5,109,146.0,1504,0.24118
S2,F5,109,158.0,1567,0.25552
S2,F5,109,170.0,1629,0.27231
S2,F5,109,182.0,1676,0.2803
S2,F5,109,194.0,1741,0.29706
S2,F5,109,206.0,1847,0.31879
S2,F5,109,218.0,1941,0.32472
S2,F5,109,230.0,1982,0.32821
S2,F5,109,242.0,2039,0.33754
S2,F5,109,254.0,2111,0.35139
S2,F5,109,266.0,2204,0.3606
S2,F5,109,278.0,2467,0.39125
S2,F5,109,290.0,2591,0.40372
S2,F5,109,302.0,2684,0.42833
S2,F5,109,314.0,2735,0.43597
S2,F5,109,326.0,2772,0.4431
S2,F5,109,338.0,2811,0.4477
S2,F5,109,350.0,2840,0.45118
S3,F5EvAI,109,2.0,11,0.0026
S3,F5EvAI,109,14.0,175,0.0464
S3,F5EvAI,109,26.0,360,0.0924
S3,F5EvAI,109,38.0,364,0.09525
S3,F5EvAI,109,50.0,395,0.1061
S3,F5EvAI,109,62.0,412,0.10921
S3,F5EvAI,109,74.0,428,0.11845
S3,F5EvAI,109,86.0,430,0.11877
S3,F5EvAI,109,98.0,433,0.11919
S3,F5EvAI,109,110.0,436,0.1196
S3,F5EvAI,109,122.0,436,0.1196
S3,F5EvAI,109,134.0,436,0.1196
S3,F5EvAI,109,146.0,436,0.1196
S3,F5EvAI,109,158.0,439,0.12002
S3,F5EvAI,109,170.0,439,0.12002
S3,F5EvAI,109,182.0,442,0.12361
S3,F5EvAI,109,194.0,442,0.12365
S4,F5Ev,109,2.0,21,0.00493
S4,F5Ev,109,14.0,315,0.0843
S4,F5Ev,109,26.0,512,0.13294
S4,F5Ev,109,38.0,548,0.14837
S4,F5Ev,109,50.0,594,0.17185
S4,F5Ev,109,62.0,615,0.17507
S4,F5Ev,109,74.0,621,0.17704
S4,F5Ev,109,86.0,624,0.1774
S4,F5Ev,109,98.0,630,0.17808
S4,F5Ev,109,110.0,633,0.17842
S4,F5Ev,109,122.0,639,0.18107
S4,F5Ev,109,134.0,639,0.18107
S4,F5Ev,109,146.0,639,0.18107
S4,F5Ev,109,158.0,643,0.18152
S4,F5Ev,109,170.0,644,0.18163
S4,F5Ev,109,182.0,644,0.18163
S4,F5EvAI,109,2.0,21,0.00493
S4,F5EvAI,109,14.0,315,0.0843
S4,F5EvAI,109,26.0,512,0.13294
S4,F5EvAI,109,38.0,548,0.14837
S4,F5EvAI,109,50.0,596,0.17406
S4,F5EvAI,109,62.0,618,0.17866
S4,F5EvAI,109,74.0,629,0.18045
S4,F5EvAI,109,86.0,632,0.1808
S4,F5EvAI,109,98.0,639,0.18159
S4,F5EvAI,109,110.0,642,0.18193
S4,F5EvAI,109,122.0,647,0.18248
S4,F5EvAI,109,134.0,647,0.18248
S4,F5EvAI,109,146.0,648,0.1826
S4,F5,109,2.0,21,0.00493
S4,F5,109,14.0,315,0.0843
S4,F5,109,26.0,513,0.13641
S4,F5,109,38.0,548,0.15298
S4,F5,109,50.0,588,0.17421
S4,F5,109,62.0,608,0.1774
S4,F5,109,74.0,614,0.17818
S4,F5,109,86.0,633,0.18198
S4,F5,109,98.0,648,0.18668
S4,F5,109,110.0,654,0.18944
S4,F5,109,122.0,655,0.19165
S4,F5,109,134.0,657,0.19293
S4,F5,109,146.0,658,0.19307
S4,F5,109,158.0,666,0.195
S4,F5,109,170.0,666,0.19503
S4,F5,109,182.0,667,0.19516
S4,F5,109,194.0,667,0.19518
S4,F5,109,206.0,667,0.19521
S4,F5,109,218.0,668,0.19534
S4,F5,109,230.0,669,0.19754
S4,F5,109,242.0,669,0.19757
S4,F5,109,254.0,669,0.19759
S4,F5,109,266.0,669,0.19761
S4,F5,109,278.0,671,0.19889
S4,F5,109,290.0,672,0.19954
S4,F5,109,302.0,672,0.19956
S4,F5,109,314.0,672,0.19957
S4,F5,109,326.0,672,0.19958
S4,F5,109,338.0,673,0.20095
S4,F5,109,350.0,674,0.20159
S5,F5Ev,109,2.0,21,0.00493
S5,F5Ev,109,14.0,318,0.08529
S5,F5Ev,109,26.0,517,0.13192
S5,F5Ev,109,38.0,547,0.14596
S5,F5Ev,109,50.0,597,0.17093
S5,F5Ev,109,62.0,618,0.17468
S5,F5Ev,109,74.0,625,0.17676
S5,F5Ev,109,86.0,629,0.17848
S5,F5Ev,109,98.0,635,0.17916
S5,F5Ev,109,110.0,639,0.1796
S5,F5Ev,109,122.0,643,0.18005
S5,F5Ev,109,134.0,643,0.18005
S5,F5Ev,109,146.0,644,0.18017
S4,Test0,110,2.0,16,0.00377
S4,Test0,110,14.0,154,0.04331
S4,Test0,110,26.0,370,0.10298
S4,Test0,110,38.0,532,0.14941
S4,Test0,110,50.0,715,0.20088
S4,Test0,110,62.0,862,0.2374
S4,Test0,110,74.0,976,0.26147
S4,Test0,110,86.0,1120,0.29147
S4,Test0,110,98.0,1357,0.32626
S4,Test0,110,110.0,1621,0.37369
S4,Test0,110,122.0,1842,0.40404
S4,Test0,110,134.0,1951,0.42414
S4,Test0,110,146.0,2088,0.44799
S4,Test0,110,158.0,2313,0.4733
S4,Test0,110,170.0,2413,0.49316
S4,Test0,110,182.0,2468,0.50813
S4,Test0,110,194.0,2517,0.52797
S4,Test0,110,206.0,2555,0.53651
S4,Test0,110,218.0,2578,0.54317
S4,Test0,110,230.0,2613,0.55706
S4,Test0,110,242.0,2686,0.57112
S4,Test0,110,254.0,2722,0.58023
S4,Test0,110,266.0,2754,0.58711
S4,Test0,110,278.0,2768,0.59125
S4,Test0,110,290.0,2770,0.5941
S4,Test0,110,302.0,2772,0.59684
S4,Test0,110,314.0,2772,0.59946
S4,Test0,110,326.0,2772,0.60205
S4,Test0,110,338.0,2772,0.60461
S4,Test0,110,350.0,2772,0.60715
S5,Test0,110,2.0,16,0.00377
S5,Test0,110,14.0,154,0.04331
S5,Test0,110,26.0,370,0.10298
S5,Test0,110,38.0,532,0.14941
S5,Test0,110,50.0,715,0.20088
S5,Test0,110,62.0,862,0.2374
S5,Test0,110,74.0,976,0.26147
S5,Test0,110,86.0,1120,0.29147
S5,Test0,110,98.0,1357,0.32626
S5,Test0,110,110.0,1621,0.37369
S5,Test0,110,122.0,1842,0.40404
S5,Test0,110,134.0,1951,0.42414
S5,Test0,110,146.0,2088,0.44799
S5,Test0,110,158.0,2313,0.4733
S5,Test0,110,170.0,2413,0.49316
S5,Test0,110,182.0,2468,0.50813
S5,Test0,110,194.0,2517,0.52797
S5,Test0,110,206.0,2555,0.53651
S5,Test0,110,218.0,2578,0.54317
S5,Test0,110,230.0,2613,0.55706
S5,Test0,110,242.0,2686,0.57112
S5,Test0,110,254.0,2722,0.58023
S5,Test0,110,266.0,2754,0.58711
S5,Test0,110,278.0,2768,0.59125
S5,Test0,110,290.0,2770,0.5941
S5,Test0,110,302.0,2772,0.59684
S5,Test0,110,314.0,2772,0.59946
S5,Test0,110,326.0,2772,0.60205
S5,Test0,110,338.0,2772,0.60461
S5,Test0,110,350.0,2772,0.60715
S5,F5,109,2.0,21,0.00493
S5,F5,109,14.0,319,0.08545
S5,F5,109,26.0,518,0.12976
S5,F5,109,38.0,544,0.1433
S5,F5,109,50.0,583,0.1644
S5,F5,109,62.0,602,0.16874
S5,F5,109,74.0,618,0.17392
S5,F5,109,86.0,620,0.17418
S5,F5,109,98.0,623,0.17454
S5,F5,109,110.0,626,0.17489
S5,F5,109,122.0,626,0.1749
S5,F5,109,134.0,626,0.17491
S5,F5,109,146.0,626,0.17492
S5,F5,109,158.0,629,0.17527
S5,F5,109,170.0,629,0.17528
S5,F5,109,182.0,630,0.1754
S5,F5,109,194.0,630,0.17541
S5,F5,109,206.0,630,0.17541
S5,F5,109,218.0,630,0.17542
S5,F5,109,230.0,633,0.17629
S5,F5,109,242.0,633,0.1763
S5,F5,109,254.0,633,0.17631
S5,F5,109,266.0,633,0.17632
S5,F5,109,278.0,633,0.17633
S5,F5,109,290.0,633,0.17633
S5,F5,109,302.0,633,0.17633
S5,F5,109,314.0,633,0.17634
S5,F5,109,326.0,633,0.17634
S5,F5,109,338.0,635,0.17656
S5,F5,109,350.0,635,0.17656
S5,F5EvAI,109,2.0,21,0.00493
S5,F5EvAI,109,14.0,319,0.08545
S5,F5EvAI,109,26.0,518,0.12976
S5,F5EvAI,109,38.0,548,0.1438
S5,F5EvAI,109,50.0,595,0.17205
S5,F5EvAI,109,62.0,615,0.17571
S5,F5EvAI,109,74.0,621,0.17769
S5,F5EvAI,109,86.0,627,0.18119
S5,F5EvAI,109,98.0,633,0.18189
S5,F5EvAI,109,110.0,636,0.18223
S5,F5EvAI,109,122.0,638,0.18297
S5,F5EvAI,109,134.0,638,0.18297
S5,F5EvAI,109,146.0,638,0.18297
S5,F5EvAI,109,158.0,641,0.18331
S5,F5EvAI,109,170.0,641,0.18331
S5,F5EvAI,109,182.0,643,0.18353
S5,F5EvAI,109,194.0,643,0.18353
S1,F5,110,2.0,4,0.00086
S1,F5,110,14.0,8,0.00172
S1,F5,110,26.0,18,0.00384
S1,F5,110,38.0,38,0.00801
S1,F5,110,50.0,62,0.01287
S1,F5,110,62.0,80,0.01642
S1,F5,110,74.0,88,0.01797
S1,F5,110,86.0,96,0.01951
S1,F5,110,98.0,111,0.02236
S1,F5,110,110.0,128,0.02552
S1,F5,110,122.0,142,0.02807
S1,F5,110,134.0,155,0.03041
S1,F5,110,146.0,217,0.04108
S1,F5,110,158.0,306,0.05514
S1,F5,110,170.0,350,0.0616
S1,F5,110,182.0,375,0.06514
S1,F5,110,194.0,404,0.06913
S1,F5,110,206.0,414,0.07048
S1,F5,110,218.0,419,0.07115
S1,F5,110,230.0,441,0.07406
S1,F5,110,242.0,456,0.076
S1,F5,110,254.0,460,0.07651
S1,F5,110,266.0,473,0.07817
S1,F5,110,278.0,494,0.0808
S1,F5,110,290.0,503,0.08191
S1,F5,110,302.0,516,0.0835
S1,F5,110,314.0,525,0.08458
S1,F5,110,326.0,547,0.09155
S1,F5,110,338.0,561,0.09319
S1,F5,110,350.0,572,0.09446
S2,F5,110,2.0,8,0.00172
S2,F5,110,14.0,40,0.00842
S2,F5,110,26.0,83,0.017
S2,F5,110,38.0,110,0.02217
S2,F5,110,50.0,135,0.0268
S2,F5,110,62.0,161,0.03148
S2,F5,110,74.0,185,0.03567
S2,F5,110,86.0,193,0.03704
S2,F5,110,98.0,204,0.0389
S2,F5,110,110.0,215,0.04074
S2,F5,110,122.0,220,0.04157
S2,F5,110,134.0,224,0.04223
S2,F5,110,146.0,232,0.04354
S2,F5,110,158.0,242,0.04517
S2,F5,110,170.0,247,0.04597
S2,F5,110,182.0,249,0.04629
S2,F5,110,194.0,254,0.04709
S2,F5,110,206.0,260,0.04804
S2,F5,110,218.0,263,0.04852
S2,F5,110,230.0,265,0.04883
S2,F5,110,242.0,275,0.05039
S2,F5,110,254.0,283,0.05163
S2,F5,110,266.0,329,0.05855
S2,F5,110,278.0,401,0.06872
S2,F5,110,290.0,419,0.07115
S2,F5,110,302.0,433,0.07301
S2,F5,110,314.0,445,0.07458
S2,F5,110,326.0,467,0.07741
S2,F5,110,338.0,506,0.08228
S2,F5,110,350.0,584,0.12494
S2,F5Ev,109,2.0,18,0.00397
S2,F5Ev,109,14.0,133,0.02727
S2,F5Ev,109,26.0,304,0.05639
S2,F5Ev,109,38.0,575,0.09268
S2,F5Ev,109,50.0,625,0.09836
S2,F5Ev,109,62.0,682,0.10452
S2,F5Ev,109,74.0,828,0.11891
S2,F5Ev,109,86.0,951,0.13768
S2,F5Ev,109,98.0,1039,0.14485
S2,F5Ev,109,110.0,1160,0.17476
S2,F5Ev,109,122.0,1251,0.18244
S2,F5Ev,109,134.0,1333,0.19538
S2,F5Ev,109,146.0,1404,0.22371
S2,F5Ev,109,158.0,1456,0.23227
S2,F5Ev,109,170.0,1517,0.23986
S2,F5Ev,109,182.0,1574,0.25906
S2,F5Ev,109,194.0,1644,0.27485
S2,F5Ev,109,206.0,1819,0.31322
S2,F5Ev,109,218.0,1907,0.31925
S2,F5Ev,109,230.0,1939,0.32263
S2,F5Ev,109,242.0,1994,0.34014
S2,F5Ev,109,254.0,2040,0.3492
S2,F5Ev,109,266.0,2088,0.36353
S2,F5Ev,109,278.0,2178,0.38617
S2,F5Ev,109,290.0,2234,0.39289
S2,F5Ev,109,302.0,2276,0.41343
S2,F5Ev,109,314.0,2334,0.41629
S2,F5Ev,109,326.0,2542,0.42643
S2,F5Ev,109,338.0,2630,0.43567
S2,F5Ev,109,350.0,2671,0.43762
S3,F5,110,2.0,4,0.00095
S3,F5,110,14.0,9,0.00213
S3,F5,110,26.0,11,0.0026
S3,F5,110,38.0,14,0.0033
S3,F5,110,50.0,14,0.0033
S3,F5,110,62.0,14,0.0033
S3,F5,110,74.0,14,0.0033
S3,F5,110,86.0,14,0.0033
S3,F5,110,98.0,14,0.0033
S3,F5,110,110.0,14,0.0033
S3,F5,110,122.0,14,0.0033
S3,F5,110,134.0,14,0.0033
S3,F5,110,146.0,14,0.0033
S3,F5,110,158.0,14,0.0033
S3,F5,110,170.0,14,0.0033
S3,F5,110,182.0,14,0.0033
S3,F5,110,194.0,14,0.0033
S3,F5,110,206.0,14,0.0033
S3,F5,110,218.0,17,0.004
S3,F5,110,230.0,17,0.004
S3,F5,110,242.0,17,0.004
S3,F5,110,254.0,17,0.004
S3,F5,110,266.0,17,0.004
S3,F5,110,278.0,17,0.004
S3,F5,110,290.0,17,0.004
S3,F5,110,302.0,17,0.004
S3,F5,110,314.0,17,0.004
S3,F5,110,326.0,17,0.004
S3,F5,110,338.0,17,0.004
S3,F5,110,350.0,17,0.004
S4,F5,110,2.0,16,0.00377
S4,F5,110,14.0,130,0.03487
S4,F5,110,26.0,253,0.06903
S4,F5,110,38.0,316,0.09199
S4,F5,110,50.0,360,0.10386
S4,F5,110,62.0,424,0.11898
S4,F5,110,74.0,458,0.12481
S4,F5,110,86.0,482,0.13082
S4,F5,110,98.0,488,0.13163
S4,F5,110,110.0,497,0.13373
S4,F5,110,122.0,497,0.13374
S4,F5,110,134.0,497,0.13374
S4,F5,110,146.0,497,0.13374
S4,F5,110,158.0,497,0.13375
S4,F5,110,170.0,497,0.13375
S4,F5,110,182.0,497,0.13375
S4,F5,110,194.0,499,0.13402
S4,F5,110,206.0,499,0.13402
S4,F5,110,218.0,499,0.13402
S4,F5,110,230.0,499,0.13402
S4,F5,110,242.0,500,0.13416
S4,F5,110,254.0,550,0.14981
S4,F5,110,266.0,550,0.14986
S4,F5,110,278.0,550,0.14989
S4,F5,110,290.0,551,0.152
S4,F5,110,302.0,551,0.15202
S4,F5,110,314.0,551,0.15204
S4,F5,110,326.0,553,0.15323
S4,F5,110,338.0,553,0.15326
S4,F5,110,350.0,553,0.15327
S2,F5EvAI,109,2.0,18,0.00397
S2,F5EvAI,109,14.0,133,0.02727
S2,F5EvAI,109,26.0,309,0.05716
S2,F5EvAI,109,38.0,575,0.09268
S2,F5EvAI,109,50.0,631,0.09903
S2,F5EvAI,109,62.0,677,0.10399
S2,F5EvAI,109,74.0,825,0.11864
S2,F5EvAI,109,86.0,949,0.13752
S2,F5EvAI,109,98.0,1019,0.14328
S2,F5EvAI,109,110.0,1101,0.15222
S2,F5EvAI,109,122.0,1158,0.15772
S2,F5EvAI,109,134.0,1249,0.16926
S2,F5EvAI,109,146.0,1377,0.21535
S2,F5EvAI,109,158.0,1424,0.22244
S2,F5EvAI,109,170.0,1489,0.23649
S2,F5EvAI,109,182.0,1550,0.25598
S2,F5EvAI,109,194.0,1610,0.26598
S2,F5EvAI,109,206.0,1708,0.28701
S2,F5EvAI,109,218.0,1792,0.30371
S2,F5EvAI,109,230.0,1833,0.30848
S2,F5EvAI,109,242.0,1931,0.3249
S2,F5EvAI,109,254.0,1977,0.34035
S2,F5EvAI,109,266.0,2051,0.35034
S2,F5EvAI,109,278.0,2130,0.37508
S2,F5EvAI,109,290.0,2183,0.38287
S2,F5EvAI,109,302.0,2342,0.38897
S2,F5EvAI,109,314.0,2531,0.3969
S2,F5EvAI,109,326.0,2611,0.40249
S2,F5EvAI,109,338.0,2662,0.40584
S2,F5EvAI,109,350.0,2730,0.42028
S5,F5,110,2.0,16,0.00377
S5,F5,110,14.0,135,0.03633
S5,F5,110,26.0,279,0.07576
S5,F5,110,38.0,329,0.09577
S5,F5,110,50.0,347,0.10408
S5,F5,110,62.0,371,0.11045
S5,F5,110,74.0,375,0.11107
S5,F5,110,86.0,375,0.11108
S5,F5,110,98.0,391,0.11455
S5,F5,110,110.0,392,0.1147
S5,F5,110,122.0,394,0.115
S5,F5,110,134.0,394,0.115
S5,F5,110,146.0,394,0.115
S5,F5,110,158.0,394,0.11501
S5,F5,110,170.0,394,0.11501
S5,F5,110,182.0,394,0.11502
S5,F5,110,194.0,395,0.11517
S5,F5,110,206.0,395,0.11517
S5,F5,110,218.0,395,0.11517
S5,F5,110,230.0,418,0.11847
S5,F5,110,242.0,425,0.11945
S5,F5,110,254.0,465,0.13336
S5,F5,110,266.0,465,0.13341
S5,F5,110,278.0,465,0.13343
S5,F5,110,290.0,466,0.13775
S5,F5,110,302.0,466,0.13777
S5,F5,110,314.0,466,0.13778
S5,F5,110,326.0,466,0.13779
S5,F5,110,338.0,467,0.13794
S5,F5,110,350.0,467,0.13795
S1,F5Ev,110,2.0,4,0.00086
S1,F5Ev,110,14.0,8,0.00172
S1,F5Ev,110,26.0,18,0.00384
S1,F5Ev,110,38.0,38,0.00801
S1,F5Ev,110,50.0,59,0.01227
S1,F5Ev,110,62.0,85,0.01739
S1,F5Ev,110,74.0,106,0.02141
S1,F5Ev,110,86.0,124,0.02478
S1,F5Ev,110,98.0,138,0.02735
S1,F5Ev,110,110.0,164,0.03201
S1,F5Ev,110,122.0,180,0.0348
S1,F5Ev,110,134.0,212,0.04024
S1,F5Ev,110,146.0,301,0.05438
S1,F5Ev,110,158.0,345,0.06088
S1,F5Ev,110,170.0,419,0.07985
S1,F5Ev,110,182.0,515,0.10967
S1,F5Ev,110,194.0,530,0.11161
S1,F5Ev,110,206.0,544,0.11768
S1,F5Ev,110,218.0,561,0.11977
S1,F5Ev,110,230.0,576,0.12595
S1,F5Ev,110,242.0,603,0.13059
S1,F5Ev,110,254.0,620,0.13408
S1,F5Ev,110,266.0,630,0.13533
S1,F5Ev,110,278.0,646,0.13724
S1,F5Ev,110,290.0,678,0.1408
S1,F5Ev,110,302.0,705,0.14377
S1,F5Ev,110,314.0,720,0.14693
S1,F5Ev,110,326.0,765,0.15156
S1,F5Ev,110,338.0,796,0.15616
S1,F5Ev,110,350.0,864,0.16258
S1,F5EvAI,110,2.0,4,0.00086
S1,F5EvAI,110,14.0,8,0.00172
S1,F5EvAI,110,26.0,18,0.00384
S1,F5EvAI,110,38.0,38,0.00801
S1,F5EvAI,110,50.0,62,0.01287
S1,F5EvAI,110,62.0,80,0.01642
S1,F5EvAI,110,74.0,88,0.01797
S1,F5EvAI,110,86.0,96,0.01951
S1,F5EvAI,110,98.0,111,0.02236
S1,F5EvAI,110,110.0,128,0.02552
S1,F5EvAI,110,122.0,142,0.02807
S1,F5EvAI,110,134.0,155,0.03041
S1,F5EvAI,110,146.0,217,0.04108
S1,F5EvAI,110,158.0,306,0.05514
S1,F5EvAI,110,170.0,350,0.0616
S1,F5EvAI,110,182.0,375,0.06514
S1,F5EvAI,110,194.0,404,0.06913
S1,F5EvAI,110,206.0,414,0.07048
S1,F5EvAI,110,218.0,419,0.07115
S1,F5EvAI,110,230.0,440,0.07392
S1,F5EvAI,110,242.0,453,0.07561
S1,F5EvAI,110,254.0,458,0.07626
S1,F5EvAI,110,266.0,467,0.07741
S1,F5EvAI,110,278.0,482,0.0793
S1,F5EvAI,110,290.0,494,0.0808
S1,F5EvAI,110,302.0,504,0.08207
S1,F5EvAI,110,314.0,512,0.08312
S1,F5EvAI,110,326.0,531,0.08987
S1,F5EvAI,110,338.0,548,0.09202
S1,F5EvAI,110,350.0,566,0.10588
S2,F5Ev,110,2.0,8,0.00172
S2,F5Ev,110,14.0,40,0.00842
S2,F5Ev,110,26.0,82,0.01681
S2,F5Ev,110,38.0,109,0.02198
S2,F5Ev,110,50.0,134,0.02662
S2,F5Ev,110,62.0,172,0.03341
S2,F5Ev,110,74.0,264,0.04867
S2,F5Ev,110,86.0,339,0.06001
S2,F5Ev,110,98.0,381,0.06597
S2,F5Ev,110,110.0,441,0.07406
S2,F5Ev,110,122.0,462,0.07677
S2,F5Ev,110,134.0,494,0.0808
S2,F5Ev,110,146.0,538,0.08614
S2,F5Ev,110,158.0,570,0.08988
S2,F5Ev,110,170.0,609,0.09429
S2,F5Ev,110,182.0,655,0.10074
S2,F5Ev,110,194.0,709,0.10635
S2,F5Ev,110,206.0,788,0.12862
S2,F5Ev,110,218.0,866,0.14314
S2,F5Ev,110,230.0,952,0.15347
S2,F5Ev,110,242.0,1055,0.16167
S2,F5Ev,110,254.0,1122,0.17099
S2,F5Ev,110,266.0,1179,0.17507
S2,F5Ev,110,278.0,1214,0.17748
S2,F5Ev,110,290.0,1233,0.18021
S2,F5Ev,110,302.0,1264,0.18371
S2,F5Ev,110,314.0,1280,0.18478
S2,F5Ev,110,326.0,1293,0.18706
S2,F5Ev,110,338.0,1298,0.18742
S2,F5Ev,110,350.0,1302,0.18768
S3,F5EvAI,110,2.0,4,0.00095
S3,F5EvAI,110,14.0,9,0.00213
S3,F5EvAI,110,26.0,11,0.0026
S3,F5EvAI,110,38.0,11,0.0026
S3,F5EvAI,110,50.0,18,0.00423
S3,F5EvAI,110,62.0,21,0.00492
S3,F5EvAI,110,74.0,21,0.00492
S3,F5EvAI,110,86.0,21,0.00492
S3,F5EvAI,110,98.0,25,0.00585
S3,F5EvAI,110,110.0,29,0.00676
S3,F5EvAI,110,122.0,32,0.00745
S3,F5EvAI,110,134.0,32,0.00745
S3,F5EvAI,110,146.0,34,0.0079
S3,F5EvAI,110,158.0,38,0.00881
S3,F5EvAI,110,170.0,39,0.00903
S3,F5EvAI,110,182.0,40,0.00926
S3,F5EvAI,110,194.0,47,0.01082
S3,F5EvAI,110,206.0,64,0.01457
S3,F5EvAI,110,218.0,88,0.02673
S3,F5EvAI,110,230.0,91,0.02786
S3,F5EvAI,110,242.0,100,0.03021
S3,F5EvAI,110,254.0,105,0.03125
S3,F5EvAI,110,266.0,111,0.03248
S3,F5EvAI,110,278.0,112,0.03268
S3,F5EvAI,110,290.0,118,0.0353
S3,F5EvAI,110,302.0,119,0.03551
S3,F5EvAI,110,314.0,120,0.03572
S3,F5EvAI,110,326.0,126,0.03692
S3,F5EvAI,110,338.0,134,0.04085
S3,F5EvAI,110,350.0,138,0.04166
S2,F5EvAI,110,2.0,8,0.00172
S2,F5EvAI,110,14.0,40,0.00842
S2,F5EvAI,110,26.0,83,0.017
S2,F5EvAI,110,38.0,110,0.02217
S2,F5EvAI,110,50.0,135,0.0268
S2,F5EvAI,110,62.0,161,0.03148
S2,F5EvAI,110,74.0,185,0.03567
S2,F5EvAI,110,86.0,193,0.03704
S2,F5EvAI,110,98.0,204,0.0389
S2,F5EvAI,110,110.0,210,0.03991
S2,F5EvAI,110,122.0,220,0.04157
S2,F5EvAI,110,134.0,224,0.04223
S2,F5EvAI,110,146.0,229,0.04305
S2,F5EvAI,110,158.0,234,0.04387
S2,F5EvAI,110,170.0,240,0.04484
S2,F5EvAI,110,182.0,257,0.04757
S2,F5EvAI,110,194.0,263,0.04852
S2,F5EvAI,110,206.0,269,0.04946
S2,F5EvAI,110,218.0,274,0.05024
S2,F5EvAI,110,230.0,277,0.0507
S2,F5EvAI,110,242.0,279,0.05101
S2,F5EvAI,110,254.0,284,0.05179
S2,F5EvAI,110,266.0,284,0.05179
S2,F5EvAI,110,278.0,290,0.05271
S2,F5EvAI,110,290.0,291,0.05286
S2,F5EvAI,110,302.0,291,0.05286
S2,F5EvAI,110,314.0,292,0.05301
S2,F5EvAI,110,326.0,292,0.05301
S2,F5EvAI,110,338.0,293,0.05317
S2,F5EvAI,110,350.0,293,0.05317
S3,F5Ev,110,2.0,4,0.00095
S3,F5Ev,110,14.0,9,0.00213
S3,F5Ev,110,26.0,11,0.0026
S3,F5Ev,110,38.0,11,0.0026
S3,F5Ev,110,50.0,18,0.00423
S3,F5Ev,110,62.0,21,0.00492
S3,F5Ev,110,74.0,21,0.00492
S3,F5Ev,110,86.0,21,0.00492
S3,F5Ev,110,98.0,27,0.0063
S3,F5Ev,110,110.0,35,0.00813
S3,F5Ev,110,122.0,38,0.00881
S3,F5Ev,110,134.0,38,0.00881
S3,F5Ev,110,146.0,39,0.00903
S3,F5Ev,110,158.0,45,0.01038
S3,F5Ev,110,170.0,50,0.01149
S3,F5Ev,110,182.0,55,0.0126
S3,F5Ev,110,194.0,95,0.03053
S3,F5Ev,110,206.0,103,0.03224
S3,F5Ev,110,218.0,116,0.0405
S3,F5Ev,110,230.0,130,0.04475
S3,F5Ev,110,242.0,249,0.06769
S3,F5Ev,110,254.0,300,0.08197
S3,F5Ev,110,266.0,313,0.08612
S3,F5Ev,110,278.0,326,0.08976
S3,F5Ev,110,290.0,338,0.09163
S3,F5Ev,110,302.0,360,0.09545
S3,F5Ev,110,314.0,364,0.09606
S3,F5Ev,110,326.0,367,0.09651
S3,F5Ev,110,338.0,381,0.09859
S3,F5Ev,110,350.0,382,0.0992
S4,F5Ev,110,2.0,16,0.00377
S4,F5Ev,110,14.0,129,0.03467
S4,F5Ev,110,26.0,217,0.06292
S4,F5Ev,110,38.0,228,0.0695
S4,F5Ev,110,50.0,241,0.07182
S4,F5Ev,110,62.0,269,0.07799
S4,F5Ev,110,74.0,276,0.07966
S4,F5Ev,110,86.0,279,0.08063
S4,F5Ev,110,98.0,289,0.08228
S4,F5Ev,110,110.0,307,0.08519
S4,F5Ev,110,122.0,315,0.08647
S4,F5Ev,110,134.0,349,0.09691
S4,F5Ev,110,146.0,359,0.10275
S4,F5Ev,110,158.0,378,0.10954
S4,F5Ev,110,170.0,386,0.11215
S4,F5Ev,110,182.0,389,0.1126
S4,F5Ev,110,194.0,391,0.1129
S4,F5Ev,110,206.0,401,0.11574
S4,F5Ev,110,218.0,404,0.11619
S4,F5Ev,110,230.0,405,0.11633
S4,F5Ev,110,242.0,412,0.11733
S4,F5Ev,110,254.0,418,0.11818
S4,F5Ev,110,266.0,420,0.11846
S4,F5Ev,110,278.0,425,0.11917
S4,F5Ev,110,290.0,429,0.11973
S4,F5Ev,110,302.0,441,0.12139
S4,F5Ev,110,314.0,443,0.12167
S4,F5Ev,110,326.0,443,0.12167
S4,F5Ev,110,338.0,453,0.12304
S4,F5Ev,110,350.0,455,0.12331
S4,F5EvAI,110,2.0,16,0.00377
S4,F5EvAI,110,14.0,130,0.03492
S4,F5EvAI,110,26.0,253,0.06915
S4,F5EvAI,110,38.0,307,0.09009
S4,F5EvAI,110,50.0,329,0.09869
S4,F5EvAI,110,62.0,363,0.10699
S4,F5EvAI,110,74.0,376,0.1095
S4,F5EvAI,110,86.0,384,0.11077
S4,F5EvAI,110,98.0,389,0.11159
S4,F5EvAI,110,110.0,396,0.11269
S4,F5EvAI,110,122.0,400,0.11335
S4,F5EvAI,110,134.0,406,0.1143
S4,F5EvAI,110,146.0,414,0.11553
S4,F5EvAI,110,158.0,415,0.11575
S4,F5EvAI,110,170.0,420,0.11655
S4,F5EvAI,110,182.0,430,0.11803
S4,F5EvAI,110,194.0,439,0.11983
S4,F5EvAI,110,206.0,445,0.12168
S4,F5EvAI,110,218.0,456,0.12327
S4,F5EvAI,110,230.0,471,0.12538
S4,F5EvAI,110,242.0,492,0.12916
S4,F5EvAI,110,254.0,496,0.13071
S4,F5EvAI,110,266.0,505,0.13196
S4,F5EvAI,110,278.0,506,0.13218
S4,F5EvAI,110,290.0,527,0.13587
S4,F5EvAI,110,302.0,535,0.13697
S4,F5EvAI,110,314.0,538,0.13743
S4,F5EvAI,110,326.0,546,0.13991
S4,F5EvAI,110,338.0,559,0.14159
S4,F5EvAI,110,350.0,571,0.14453
S5,F5Ev,110,2.0,16,0.00377
S5,F5Ev,110,14.0,135,0.03633
S5,F5Ev,110,26.0,268,0.07186
S5,F5Ev,110,38.0,313,0.08927
S5,F5Ev,110,50.0,347,0.09653
S5,F5Ev,110,62.0,411,0.10963
S5,F5Ev,110,74.0,441,0.11431
S5,F5Ev,110,86.0,467,0.12018
S5,F5Ev,110,98.0,487,0.12283
S5,F5Ev,110,110.0,521,0.12907
S5,F5Ev,110,122.0,534,0.13071
S5,F5Ev,110,134.0,555,0.13564
S5,F5Ev,110,146.0,576,0.14294
S5,F5Ev,110,158.0,577,0.14309
S5,F5Ev,110,170.0,618,0.15115
S5,F5Ev,110,182.0,624,0.15324
S5,F5Ev,110,194.0,640,0.15832
S5,F5Ev,110,206.0,642,0.15857
S5,F5Ev,110,218.0,646,0.15948
S5,F5Ev,110,230.0,654,0.16038
S5,F5Ev,110,242.0,668,0.16331
S5,F5Ev,110,254.0,679,0.16452
S5,F5Ev,110,266.0,684,0.16506
S5,F5Ev,110,278.0,692,0.16592
S5,F5Ev,110,290.0,695,0.16717
S5,F5Ev,110,302.0,707,0.16845
S5,F5Ev,110,314.0,713,0.16908
S5,F5Ev,110,326.0,716,0.16939
S5,F5Ev,110,338.0,719,0.1697
S5,F5Ev,110,350.0,725,0.17032
S5,F5EvAI,110,2.0,16,0.00377
S5,F5EvAI,110,14.0,135,0.03633
S5,F5EvAI,110,26.0,278,0.07559
S5,F5EvAI,110,38.0,318,0.0917
S5,F5EvAI,110,50.0,367,0.1012
S5,F5EvAI,110,62.0,422,0.11406
S5,F5EvAI,110,74.0,435,0.11591
S5,F5EvAI,110,86.0,445,0.11825
S5,F5EvAI,110,98.0,456,0.11978
S5,F5EvAI,110,110.0,464,0.12088
S5,F5EvAI,110,122.0,480,0.12621
S5,F5EvAI,110,134.0,521,0.13856
S5,F5EvAI,110,146.0,530,0.14311
S5,F5EvAI,110,158.0,534,0.14366
S5,F5EvAI,110,170.0,535,0.14381
S5,F5EvAI,110,182.0,537,0.14502
S5,F5EvAI,110,194.0,546,0.14617
S5,F5EvAI,110,206.0,554,0.14764
S5,F5EvAI,110,218.0,558,0.14816
S5,F5EvAI,110,230.0,561,0.14854
S5,F5EvAI,110,242.0,563,0.14881
S5,F5EvAI,110,254.0,570,0.15061
S5,F5EvAI,110,266.0,576,0.15183
S5,F5EvAI,110,278.0,579,0.15222
S5,F5EvAI,110,290.0,579,0.15225
S5,F5EvAI,110,302.0,582,0.15309
S5,F5EvAI,110,314.0,587,0.15372
S5,F5EvAI,110,326.0,589,0.15398
S5,F5EvAI,110,338.0,590,0.15413
S5,F5EvAI,110,350.0,595,0.15522
