scenario,arm,seed,profile,burned_ha,forest_ha,pop_affected,evacuated,out_min,success,t2h_j_burn,t2h_j_asset,t2h_j_pop,t2h_j_resp,t2h_j_delay,t2h_j_total,t2h_j_phys,t6h_j_burn,t6h_j_asset,t6h_j_pop,t6h_j_resp,t6h_j_delay,t6h_j_total,t6h_j_phys,end_j_burn,end_j_asset,end_j_pop,end_j_resp,end_j_delay,end_j_total,end_j_phys,rules_final,coverage,fs_frac,adapt_share,tried_1,tried_2,tried_3,acc_1,acc_2,acc_3,dj_1,dj_2,dj_3,genai_source,wall_s
S1,F5,201,minimal,0.54,0.54,0.0,0.0,64.0,1,,,,,,,,,,,,,,,0.0038,0.0,0.0,0.00413,0.65796,0.04007,0.00127,5,0.208,0.25,0.0,0,0,0,0,0,0,0.0,0.0,0.0,,1.9
S1,Test0,201,minimal,282.78,139.77,4444444.0,0.0,-1,0,0.4065,0.04202,8e-05,0.0,0.0,0.13194,0.14953,0.61514,1.0,0.09091,0.0,0.0,0.50178,0.56868,0.66667,1.0,0.23098,0.0,0.0,0.55813,0.63255,0,,,0.0,0,0,0,0,0,0,0.0,0.0,0.0,,3.0
S1,F5Ev,201,minimal,0.54,0.54,0.0,0.0,64.0,1,,,,,,,,,,,,,,,0.0038,0.0,0.0,0.00416,0.63101,0.03848,0.00127,6,0.208,0.0,0.4915,1,2,0,1,1,0,0.0251,0.0,0.0,,2.8
S1,F5EvAI,201,minimal,0.54,0.54,0.0,0.0,64.0,1,,,,,,,,,,,,,,,0.0038,0.0,0.0,0.00413,0.65796,0.04007,0.00127,5,0.208,0.25,0.0,0,1,2,0,0,0,0.0,0.0,0.0,template,3.4
S2,Test0,201,minimal,282.78,139.77,4444444.0,0.0,-1,0,0.60208,0.25028,0.01571,0.0,0.0,0.25531,0.28935,0.66667,1.0,0.17582,0.0,0.0,0.54191,0.61416,0.66667,1.0,0.25724,0.0,0.0,0.56586,0.6413,0,,,0.0,0,0,0,0,0,0,0.0,0.0,0.0,,3.0
S2,F5,201,minimal,250.56,127.26,1614091.0,0.0,-1,0,0.29897,0.09526,0.00125,0.16609,0.31169,0.14442,0.13183,0.61476,0.33059,0.007,0.74036,0.13493,0.33159,0.31745,0.63927,0.42071,0.00991,1.0,0.14994,0.38232,0.35663,5,0.396,0.238,0.0,0,0,0,0,0,0,0.0,0.0,0.0,,21.7
S2,F5Ev,201,minimal,251.91,128.25,2017315.0,0.0,-1,0,0.31577,0.1158,0.00074,0.16586,0.30138,0.15463,0.1441,0.60959,0.34834,0.00779,0.76507,0.12857,0.3366,0.32191,0.6405,0.4577,0.01061,1.0,0.13475,0.39287,0.3696,10,0.417,0.017,0.3865,13,24,0,5,5,0,-0.2687,-0.1135,0.0,,28.5
S3,Test0,201,minimal,265.59,71.01,8864626.0,0.0,-1,0,0.36794,0.11687,0.00948,0.0,0.0,0.14538,0.16476,0.49227,0.50001,0.04967,0.0,0.0,0.30646,0.34732,0.66382,1.0,0.18619,0.0,0.0,0.54412,0.61667,0,,,0.0,0,0,0,0,0,0,0.0,0.0,0.0,,2.4
S3,F5,201,minimal,64.62,2.07,426822.0,0.0,-1,0,0.3233,0.05727,0.00078,0.07272,0.30423,0.13433,0.12711,0.32452,0.05727,0.00112,0.16105,0.42931,0.14735,0.12763,0.32452,0.05727,0.00112,0.1833,0.90853,0.17684,0.12763,5,0.0,0.283,0.0,0,0,0,0,0,0,0.0,0.0,0.0,,17.9
S2,F5EvAI,201,minimal,253.35,130.32,1600594.0,0.0,-1,0,0.34019,0.11113,0.00118,0.14137,0.20498,0.15346,0.15084,0.63277,0.34834,0.01086,0.74065,0.1043,0.34146,0.33066,0.64181,0.4506,0.01503,1.0,0.10694,0.39083,0.36915,9,0.465,0.119,0.3964,18,12,3,10,3,1,-0.5934,-0.1497,-0.0027,template,32.1
S3,F5Ev,201,minimal,68.49,2.43,376095.0,0.0,248.0,1,0.32816,0.05435,0.00065,0.08207,0.29972,0.13515,0.12772,,,,,,,,0.3374,0.05435,0.00065,0.09659,0.18143,0.13176,0.1308,8,0.25,0.0,0.5771,8,3,0,8,3,0,0.038,0.0177,0.0,,8.8
S3,F5EvAI,201,minimal,66.33,2.16,409913.0,0.0,200.0,1,0.32207,0.05581,0.00069,0.07706,0.22208,0.12894,0.12619,,,,,,,,0.33027,0.05581,0.0007,0.08868,0.23143,0.13259,0.12893,7,0.191,0.029,0.4432,4,3,2,4,2,0,0.0201,-0.0055,0.0,template,7.4
S4,Test0,201,minimal,269.01,73.98,8888889.0,0.0,-1,0,0.58641,0.52444,0.01765,0.0,0.0,0.33191,0.37617,0.66667,1.0,0.19505,0.0,0.0,0.54756,0.62057,0.66667,1.0,0.26394,0.0,0.0,0.56783,0.64354,0,,,0.0,0,0,0,0,0,0,0.0,0.0,0.0,,2.4
S4,F5,201,minimal,87.03,8.19,461384.0,0.0,-1,0,0.36714,0.05727,0.00073,0.18364,0.35665,0.15682,0.14171,0.38231,0.06019,0.00098,0.48498,0.40665,0.18288,0.14783,0.39285,0.06019,0.00101,0.79601,0.48406,0.20884,0.15135,5,0.0,0.263,0.0,0,0,0,0,0,0,0.0,0.0,0.0,,17.6
S4,F5Ev,201,minimal,128.07,31.41,600943.0,0.0,-1,0,0.3658,0.05435,0.00064,0.18792,0.28404,0.15152,0.14026,0.43508,0.07186,0.00088,0.53034,0.2584,0.19576,0.16927,0.48775,0.09229,0.00106,1.0,0.1314,0.23746,0.1937,9,0.304,0.0,0.5544,25,5,0,23,4,0,-0.6587,-0.0887,0.0,,30.1
S5,Test0,201,minimal,269.01,73.98,8888889.0,0.0,-1,0,0.58641,0.52444,0.01765,0.0,0.0,0.33191,0.37617,0.66667,1.0,0.19505,0.0,0.0,0.54756,0.62057,0.66667,1.0,0.26394,0.0,0.0,0.56783,0.64354,0,,,0.0,0,0,0,0,0,0,0.0,0.0,0.0,,2.4
S4,F5EvAI,201,minimal,144.81,39.06,1011932.0,0.0,-1,0,0.38435,0.05727,0.00073,0.19113,0.25541,0.15637,0.14745,0.46635,0.06748,0.00078,0.49601,0.15633,0.19561,0.1782,0.51845,0.15119,0.00167,1.0,0.13014,0.26392,0.22377,9,0.225,0.008,0.5224,20,8,3,16,3,1,-0.507,-0.118,-0.003,template,28.2
S5,F5,201,minimal,105.93,14.85,832040.0,0.0,-1,0,0.3782,0.05727,0.00077,0.1948,0.35213,0.16048,0.14541,0.39944,0.06019,0.00098,0.52173,0.37261,0.18808,0.15353,0.44058,0.09988,0.00184,0.88616,0.32369,0.23067,0.18077,5,0.013,0.221,0.0,0,0,0,0,0,0,0.0,0.0,0.0,,18.2
S5,F5Ev,201,minimal,147.24,40.41,1106793.0,0.0,-1,0,0.36901,0.05435,0.00065,0.19125,0.30616,0.15397,0.14134,0.46862,0.08616,0.00119,0.58544,0.19008,0.20914,0.18533,0.5226,0.15995,0.00203,1.0,0.12872,0.26774,0.22819,9,0.287,0.0,0.5187,26,4,0,19,4,0,-0.5613,-0.0578,0.0,,30.1
S1,Test0,202,minimal,233.73,139.68,3193716.0,0.0,-1,0,0.45406,0.30838,0.00459,0.0,0.0,0.2256,0.25568,0.59414,0.35294,0.07742,0.0,0.0,0.30132,0.3415,0.63566,0.7393,0.11149,0.0,0.0,0.43719,0.49548,0,,,0.0,0,0,0,0,0,0,0.0,0.0,0.0,,3.1
S5,F5EvAI,201,minimal,139.05,38.25,899967.0,2328.0,-1,0,0.40256,0.05581,0.00068,0.2183,0.24109,0.16204,0.15302,0.45126,0.07624,0.0008,0.59525,0.19186,0.20168,0.1761,0.50831,0.13753,0.00324,1.0,0.15337,0.25875,0.21636,19,0.329,0.004,0.7772,13,12,5,11,10,4,-0.3338,-0.3073,-0.0033,template,28.5
S1,F5,202,minimal,147.78,84.42,1340741.0,0.0,-1,0,0.20507,0.0,0.0,0.0943,0.37053,0.08766,0.06836,0.43154,0.29501,0.00479,0.41507,0.2631,0.25499,0.24378,0.52452,0.32843,0.0053,1.0,0.2779,0.3276,0.28608,5,0.004,0.25,0.0,0,0,0,0,0,0,0.0,0.0,0.0,,19.8
S1,F5Ev,202,minimal,119.52,63.63,693487.0,0.0,-1,0,0.17329,0.0,0.0,0.08158,0.29332,0.07302,0.05776,0.29438,0.0,0.0,0.33035,0.19934,0.11774,0.09813,0.47151,0.23373,0.00242,1.0,0.19595,0.27848,0.23589,7,0.254,0.0,0.4228,27,3,0,18,2,0,-0.8937,-0.0124,0.0,,31.9
S2,Test0,202,minimal,234.18,139.68,3315383.0,0.0,-1,0,0.60238,0.35294,0.03338,0.0,0.0,0.29079,0.32957,0.6336,0.58634,0.09092,0.0,0.0,0.38555,0.43695,0.63611,0.75468,0.1357,0.0,0.0,0.44897,0.50883,0,,,0.0,0,0,0,0,0,0,0.0,0.0,0.0,,3.0
S1,F5EvAI,202,minimal,35.46,18.81,0.0,1810.0,-1,0,0.16587,0.0,0.0,0.10139,0.30183,0.07251,0.05529,0.20252,0.0,0.00763,0.42796,0.23534,0.10082,0.07005,0.2093,0.0,0.02785,0.7414,0.20023,0.12514,0.07905,9,0.135,0.037,0.6589,8,17,7,8,1,3,-0.0313,-0.0241,-0.0233,template,31.7
S2,F5,202,minimal,178.65,102.69,1271392.0,0.0,-1,0,0.32326,0.25045,0.00476,0.25632,0.40331,0.20894,0.19282,0.43989,0.26159,0.00628,0.73823,0.20753,0.2638,0.23592,0.57147,0.31172,0.00962,1.0,0.14527,0.32996,0.2976,5,0.275,0.246,0.0,0,0,0,0,0,0,0.0,0.0,0.0,,20.1
S2,F5Ev,202,minimal,184.59,108.99,1294508.0,0.0,-1,0,0.31736,0.25045,0.00468,0.26373,0.34306,0.20407,0.19083,0.49172,0.31172,0.00661,0.8254,0.15745,0.29606,0.27002,0.57946,0.31172,0.00932,1.0,0.13581,0.33166,0.30017,8,0.496,0.0,0.4179,26,4,0,20,3,0,-0.3923,-0.0327,0.0,,31.6
S2,F5EvAI,202,minimal,165.87,98.73,1271392.0,0.0,-1,0,0.3214,0.25045,0.00476,0.26185,0.35364,0.2058,0.1922,0.42205,0.25045,0.00476,0.77131,0.21642,0.2573,0.22575,0.5532,0.30058,0.00879,1.0,0.13298,0.32034,0.28752,8,0.358,0.096,0.4421,11,24,3,10,3,0,-0.161,-0.1002,0.0,template,29.3
S3,Test0,202,minimal,238.05,62.73,7540741.0,0.0,-1,0,0.24987,0.23104,0.01299,0.0,0.0,0.14526,0.16463,0.6126,0.75782,0.11726,0.0,0.0,0.43755,0.49589,0.65551,0.92255,0.1906,0.0,0.0,0.52019,0.58955,0,,,0.0,0,0,0,0,0,0,0.0,0.0,0.0,,2.4
S3,F5Ev,202,minimal,1.35,0.81,0.0,0.0,86.0,1,,,,,,,,,,,,,,,0.01068,0.0,0.0,0.00441,0.38138,0.02583,0.00356,6,0.25,0.219,0.4703,3,1,0,3,1,0,-0.0888,0.0,0.0,,3.7
S3,F5,202,minimal,6.39,1.89,298203.0,0.0,-1,0,0.01068,0.0,0.0,0.0057,0.43097,0.02883,0.00356,0.01278,0.00316,0.0,0.02183,0.42425,0.03093,0.00531,0.0486,0.04987,0.00057,0.05685,0.25547,0.0475,0.03301,5,0.0,0.537,0.0,0,0,0,0,0,0,0.0,0.0,0.0,,17.3
S4,Test0,202,minimal,236.97,62.73,7287659.0,0.0,-1,0,0.38982,0.34593,0.02187,0.0,0.0,0.22283,0.25254,0.61324,0.73352,0.11904,0.0,0.0,0.43112,0.4886,0.65449,0.90613,0.18304,0.0,0.0,0.51284,0.58122,0,,,0.0,0,0,0,0,0,0,0.0,0.0,0.0,,2.5
S3,F5EvAI,202,minimal,8.55,6.48,137188.0,0.0,576.0,1,0.02182,0.0,0.0,0.01161,0.21968,0.02002,0.00727,0.05119,0.02367,0.0001,0.06152,0.19445,0.03711,0.02499,0.06397,0.03472,0.00018,0.11214,0.19649,0.04723,0.03296,10,0.016,0.427,0.6217,1,33,6,1,3,2,0.0026,-0.0104,-0.0095,template,17.4
S4,F5Ev,202,minimal,36.09,7.56,498785.0,0.0,416.0,1,0.18283,0.0666,0.00043,0.06092,0.26073,0.09241,0.08329,0.22216,0.12373,0.00089,0.13327,0.16983,0.11982,0.11559,0.2239,0.1253,0.00091,0.14664,0.14884,0.12036,0.1167,9,0.25,0.036,0.6939,5,12,0,5,4,0,-0.0676,-0.1933,0.0,,15.7
S4,F5,202,minimal,32.67,4.95,462914.0,0.0,-1,0,0.18283,0.07354,0.00064,0.07094,0.29863,0.09733,0.08567,0.19977,0.12341,0.00115,0.17175,0.26612,0.12115,0.10811,0.20707,0.13288,0.00125,0.21674,0.23857,0.12714,0.11373,5,0.0,0.635,0.0,0,0,0,0,0,0,0.0,0.0,0.0,,19.3
S5,Test0,202,minimal,236.97,62.73,7287659.0,0.0,-1,0,0.38982,0.34593,0.02187,0.0,0.0,0.22283,0.25254,0.61324,0.73352,0.11904,0.0,0.0,0.43112,0.4886,0.65449,0.90613,0.18304,0.0,0.0,0.51284,0.58122,0,,,0.0,0,0,0,0,0,0,0.0,0.0,0.0,,2.9
S5,F5,202,minimal,37.98,7.2,521421.0,0.0,-1,0,0.1895,0.07764,0.00073,0.06673,0.27179,0.0987,0.08929,0.20753,0.11299,0.00146,0.16744,0.2539,0.11948,0.10733,0.23289,0.12625,0.00181,0.2475,0.27831,0.13709,0.12032,5,0.0,0.329,0.0,0,0,0,0,0,0,0.0,0.0,0.0,,18.5
S4,F5EvAI,202,minimal,38.07,7.92,615845.0,0.0,654.0,1,0.17946,0.09027,0.00052,0.06781,0.23386,0.09723,0.09008,0.21778,0.12246,0.00091,0.2117,0.19433,0.12423,0.11372,0.23331,0.15055,0.00119,0.34591,0.16864,0.14352,0.12835,10,0.305,0.036,0.7686,18,7,4,8,3,2,-0.2207,-0.1128,-0.0182,template,26.6
S5,F5Ev,202,minimal,38.88,7.65,698318.0,0.0,536.0,1,0.18475,0.07354,0.00058,0.06302,0.23028,0.09339,0.08629,0.23119,0.14519,0.00119,0.14286,0.1637,0.12908,0.12586,0.2371,0.17296,0.00144,0.22643,0.20359,0.14633,0.13717,10,0.333,0.128,0.6815,14,9,0,14,5,0,-0.3094,-0.1647,0.0,,21.8
S1,Test0,203,minimal,270.27,127.08,4444444.0,0.0,-1,0,0.28114,0.0,0.0,0.0,0.0,0.08269,0.09371,0.65823,0.90559,0.09701,0.0,0.0,0.48848,0.55361,0.66299,1.0,0.25733,0.0,0.0,0.5648,0.64011,0,,,0.0,0,0,0,0,0,0,0.0,0.0,0.0,,2.9
S5,F5EvAI,202,minimal,35.46,7.56,532347.0,0.0,670.0,1,0.17897,0.07922,0.00051,0.061,0.20716,0.09186,0.08624,0.21202,0.11615,0.00089,0.21196,0.19162,0.12052,0.10969,0.22085,0.1253,0.00098,0.37041,0.15161,0.1328,0.11571,11,0.188,0.29,0.8014,13,11,5,10,3,3,-0.113,-0.1291,-0.0087,template,26.4
S1,F5,203,minimal,110.43,49.14,477011.0,0.0,-1,0,0.06949,0.0,0.0,0.03462,0.38725,0.04525,0.02316,0.39747,0.10123,0.00219,0.28989,0.2503,0.1791,0.16696,0.44561,0.10123,0.00348,0.79907,0.26746,0.2246,0.18344,5,0.0,0.279,0.0,0,0,0,0,0,0,0.0,0.0,0.0,,19.8
S1,F5Ev,203,minimal,99.99,46.53,715517.0,0.0,-1,0,0.07344,0.0,0.0,0.03168,0.3744,0.04549,0.02448,0.3208,0.08468,0.00074,0.21701,0.24837,0.14685,0.13541,0.42123,0.15184,0.0037,0.70267,0.21928,0.22387,0.19226,8,0.074,0.0,0.48,6,35,0,6,3,0,0.0284,0.0338,0.0,,25.8
S2,Test0,203,minimal,270.27,127.08,4444444.0,0.0,-1,0,0.52035,0.25696,0.00356,0.0,0.0,0.22967,0.26029,0.66299,1.0,0.17347,0.0,0.0,0.54013,0.61215,0.66299,1.0,0.27142,0.0,0.0,0.56894,0.6448,0,,,0.0,0,0,0,0,0,0,0.0,0.0,0.0,,2.9
S1,F5EvAI,203,minimal,112.41,51.93,643966.0,0.0,-1,0,0.07569,0.0,0.0,0.04224,0.30844,0.04289,0.02523,0.39461,0.14016,0.00399,0.41607,0.23297,0.19664,0.17958,0.45001,0.14016,0.00416,1.0,0.19718,0.24523,0.19811,9,0.087,0.192,0.5411,9,23,7,9,2,2,0.0359,-0.0161,-0.0029,template,28.9
S2,F5,203,minimal,196.92,101.97,1506724.0,0.0,-1,0,0.12547,0.0,0.0,0.112,0.3488,0.06401,0.04182,0.22414,0.0,0.0,0.46129,0.3377,0.11292,0.07471,0.58904,0.4125,0.00919,1.0,0.15024,0.36493,0.33691,5,0.104,0.246,0.0,0,0,0,0,0,0,0.0,0.0,0.0,,20.0
S2,F5Ev,203,minimal,188.91,100.53,848249.0,0.0,-1,0,0.13684,0.0,0.0,0.10698,0.27885,0.06294,0.04561,0.22846,0.0,0.0,0.45504,0.2008,0.10577,0.07615,0.57895,0.27351,0.00493,1.0,0.14975,0.31981,0.2858,9,0.27,0.0,0.5217,25,5,0,16,4,0,-0.5691,0.0041,0.0,,32.6
S3,Test0,203,minimal,190.44,60.03,7100914.0,0.0,-1,0,0.02508,0.0,0.0,0.0,0.0,0.00738,0.00836,0.57504,0.62263,0.04396,0.0,0.0,0.36519,0.41388,0.60866,0.7444,0.16316,0.0,0.0,0.44595,0.50541,0,,,0.0,0,0,0,0,0,0,0.0,0.0,0.0,,2.4
S2,F5EvAI,203,minimal,193.59,101.43,1137564.0,0.0,-1,0,0.12547,0.0,0.0,0.112,0.3488,0.06401,0.04182,0.40313,0.12556,0.003,0.51676,0.16995,0.19677,0.17723,0.58491,0.33191,0.00829,1.0,0.13658,0.33895,0.30837,8,0.312,0.046,0.3741,19,8,3,14,3,0,-0.6509,-0.0282,0.0,template,33.1
S3,F5Ev,203,minimal,0.27,0.27,0.0,0.0,26.0,1,,,,,,,,,,,,,,,0.0022,0.0,0.0,0.00034,0.47508,0.02861,0.00073,7,0.25,0.25,0.5503,0,2,0,0,2,0,0.0,0.0275,0.0,,1.5
S3,F5EvAI,203,minimal,0.27,0.27,0.0,0.0,50.0,1,,,,,,,,,,,,,,,0.0022,0.0,0.0,0.00086,0.4905,0.02955,0.00073,6,0.0,0.5,0.11,0,1,2,0,1,0,0.0,0.0285,0.0,template,3.0
S4,Test0,203,minimal,190.44,60.03,7100914.0,0.0,-1,0,0.44841,0.41036,0.02091,0.0,0.0,0.25873,0.29323,0.60708,0.72277,0.09113,0.0,0.0,0.41793,0.47366,0.60866,0.7444,0.15342,0.0,0.0,0.44308,0.50216,0,,,0.0,0,0,0,0,0,0,0.0,0.0,0.0,,2.7
S3,F5,203,minimal,0.99,0.54,0.0,0.0,-1,0,0.0022,0.0,0.0,0.00241,0.59408,0.03574,0.00073,0.00293,0.0,0.0,0.00692,0.75373,0.04561,0.00098,0.00802,0.0,0.0,0.0152,0.70648,0.04481,0.00267,5,0.0,0.567,0.0,0,0,0,0,0,0,0.0,0.0,0.0,,18.2
S4,F5Ev,203,minimal,13.14,0.72,403667.0,0.0,90.0,1,,,,,,,,,,,,,,,0.09691,0.03787,0.00066,0.0312,0.21125,0.0541,0.04515,8,0.278,0.111,0.5979,1,3,0,1,3,0,0.0131,-0.0282,0.0,,4.0
S4,F5EvAI,203,minimal,13.14,0.72,403667.0,0.0,90.0,1,,,,,,,,,,,,,,,0.09691,0.03787,0.00067,0.03011,0.2069,0.05378,0.04515,7,0.028,0.333,0.4314,0,1,3,0,1,1,0.0,0.0425,-0.0182,template,5.1
S4,F5,203,minimal,16.38,1.62,634333.0,0.0,-1,0,0.10991,0.05561,0.00156,0.04833,0.28524,0.06876,0.05569,0.11049,0.05561,0.00246,0.12841,0.38016,0.07949,0.05619,0.11799,0.05561,0.00246,0.1848,0.51209,0.09278,0.05869,5,0.0,0.705,0.0,0,0,0,0,0,0,0.0,0.0,0.0,,18.6
S5,Test0,203,minimal,190.44,60.03,7100914.0,0.0,-1,0,0.44841,0.41036,0.02091,0.0,0.0,0.25873,0.29323,0.60708,0.72277,0.09113,0.0,0.0,0.41793,0.47366,0.60866,0.7444,0.15342,0.0,0.0,0.44308,0.50216,0,,,0.0,0,0,0,0,0,0,0.0,0.0,0.0,,2.7
S5,F5Ev,203,minimal,13.23,0.72,403667.0,0.0,90.0,1,,,,,,,,,,,,,,,0.09751,0.03787,0.00068,0.03141,0.21716,0.05464,0.04535,7,0.194,0.111,0.5143,1,3,0,1,2,0,0.0144,-0.0812,0.0,,4.0
S5,F5EvAI,203,minimal,32.94,0.9,779300.0,0.0,182.0,1,0.20229,0.08734,0.00131,0.08997,0.19956,0.1026,0.09698,,,,,,,,0.21199,0.09553,0.00147,0.15313,0.15399,0.10895,0.103,9,0.062,0.188,0.5945,1,2,6,1,1,3,0.0048,0.0005,-0.0341,template,8.4
S1,Test0,204,minimal,280.44,131.31,4444444.0,0.0,-1,0,0.4078,0.0,0.0,0.0,0.0,0.11994,0.13593,0.64422,0.91261,0.09061,0.0,0.0,0.48454,0.54915,0.66581,1.0,0.22479,0.0,0.0,0.55606,0.6302,0,,,0.0,0,0,0,0,0,0,0.0,0.0,0.0,,2.9
S5,F5,203,minimal,15.93,1.26,634333.0,0.0,-1,0,0.11166,0.05561,0.00157,0.04839,0.28738,0.06941,0.05628,0.11223,0.05561,0.00179,0.07791,0.75506,0.09889,0.05654,0.11512,0.05561,0.00179,0.10007,0.61895,0.09304,0.05751,5,0.0,0.346,0.0,0,0,0,0,0,0,0.0,0.0,0.0,,18.7
S1,F5,204,minimal,91.26,55.35,0.0,0.0,-1,0,0.17597,0.0,0.0,0.10157,0.48304,0.08615,0.05866,0.37164,0.0,0.0,0.63193,0.41021,0.17061,0.12388,0.39333,0.0,0.0,1.0,0.41641,0.199,0.13111,5,0.242,0.312,0.0,0,0,0,0,0,0,0.0,0.0,0.0,,19.3
S1,F5Ev,204,minimal,92.97,56.7,93679.0,1149.0,-1,0,0.19131,0.0,0.0,0.10771,0.50597,0.09237,0.06377,0.36706,0.0,0.00399,0.65547,0.39485,0.17092,0.12368,0.39777,0.03348,0.01668,1.0,0.4211,0.21534,0.14931,10,0.567,0.021,0.4917,19,13,0,12,5,0,0.0648,-0.0134,0.0,,29.4
S2,Test0,204,minimal,280.08,131.31,4444444.0,0.0,-1,0,0.49055,0.10044,0.00056,0.0,0.0,0.17399,0.19719,0.66553,1.0,0.12133,0.0,0.0,0.52555,0.59562,0.66553,1.0,0.22594,0.0,0.0,0.55631,0.63049,0,,,0.0,0,0,0,0,0,0,0.0,0.0,0.0,,2.9
S1,F5EvAI,204,minimal,92.25,55.44,0.0,0.0,-1,0,0.21407,0.0,0.0,0.10406,0.43303,0.09456,0.07136,0.37937,0.0,0.0,0.69893,0.31001,0.17093,0.12646,0.39591,0.0,0.0,1.0,0.34444,0.19553,0.13197,6,0.425,0.279,0.1897,19,8,3,10,1,0,0.0508,0.0117,0.0,template,30.7
S2,F5,204,minimal,76.59,46.26,0.0,0.0,-1,0,0.26122,0.0,0.0,0.25752,0.4496,0.11842,0.08707,0.34368,0.0,0.0,0.85677,0.37407,0.17349,0.11456,0.35238,0.0,0.0,1.0,0.41146,0.18667,0.11746,5,0.246,0.308,0.0,0,0,0,0,0,0,0.0,0.0,0.0,,20.6
S2,F5Ev,204,minimal,126.36,75.15,0.0,0.0,-1,0,0.35077,0.0,0.0,0.2576,0.27268,0.13436,0.11692,0.39002,0.0,0.0,0.85693,0.32816,0.18442,0.13001,0.47305,0.01256,0.0,1.0,0.22326,0.21478,0.16187,9,0.675,0.004,0.4803,25,5,0,13,4,0,-0.2065,0.0192,0.0,,30.5
S3,Test0,204,minimal,267.21,67.32,8721260.0,0.0,-1,0,0.30616,0.0,0.0,0.0,0.0,0.09005,0.10205,0.57249,0.36824,0.01966,0.0,0.0,0.28247,0.32013,0.66532,0.9935,0.16097,0.0,0.0,0.53523,0.6066,0,,,0.0,0,0,0,0,0,0,0.0,0.0,0.0,,2.4
S3,F5,204,minimal,1.53,1.17,0.0,102.0,90.0,1,,,,,,,,,,,,,,,0.01125,0.0,9e-05,0.00987,0.41197,0.02815,0.00378,5,0.0,0.438,0.0,0,0,0,0,0,0,0.0,0.0,0.0,,2.6
S2,F5EvAI,204,minimal,107.1,62.01,0.0,0.0,-1,0,0.35077,0.0,0.0,0.2576,0.27628,0.13457,0.11692,0.398,0.0,0.0,0.85667,0.35857,0.18854,0.13267,0.4321,0.0,0.0,1.0,0.37194,0.20779,0.14403,8,0.412,0.017,0.3899,24,3,3,13,3,0,0.0639,0.0072,0.0,template,33.9
S3,F5Ev,204,minimal,1.8,1.35,0.0,107.0,158.0,1,0.01256,0.0,0.00015,0.01326,0.41383,0.02886,0.00424,,,,,,,,0.01321,0.0,0.00021,0.01756,0.37771,0.0272,0.00448,7,0.25,0.179,0.4105,2,5,0,2,2,0,0.0253,-0.0035,0.0,,6.0
S4,Test0,204,minimal,268.47,67.86,8721260.0,0.0,-1,0,0.50423,0.51793,0.01853,0.0,0.0,0.30609,0.3469,0.66022,0.91262,0.15084,0.0,0.0,0.50696,0.57456,0.66637,0.9935,0.23727,0.0,0.0,0.55798,0.63238,0,,,0.0,0,0,0,0,0,0,0.0,0.0,0.0,,2.3
S3,F5EvAI,204,minimal,1.8,1.35,0.0,107.0,182.0,1,0.01191,0.0,0.00014,0.019,0.37304,0.02661,0.00402,,,,,,,,0.01321,0.0,0.00024,0.02902,0.40559,0.02952,0.00449,7,0.0,0.438,0.1835,0,3,5,0,1,1,0.0,0.0131,-0.0037,template,8.1
S4,F5Ev,204,minimal,29.25,3.51,222463.0,107.0,164.0,1,0.17555,0.08777,0.00055,0.10126,0.31645,0.10218,0.08796,,,,,,,,0.17872,0.09674,0.00064,0.12064,0.2536,0.10322,0.09203,8,0.375,0.089,0.4855,2,5,0,2,3,0,-0.0351,-0.0847,0.0,,5.9
S4,F5EvAI,204,minimal,24.39,3.06,192922.0,107.0,126.0,1,0.15358,0.0779,0.0005,0.13092,0.27711,0.09223,0.07733,,,,,,,,0.15358,0.0779,0.00051,0.13304,0.39397,0.09923,0.07733,8,0.023,0.295,0.3179,0,3,3,0,1,2,0.0,0.0335,-0.0546,template,5.8
S4,F5,204,minimal,47.43,5.76,299331.0,107.0,-1,0,0.17418,0.097,0.00054,0.08514,0.47604,0.11293,0.09057,0.24437,0.097,0.00094,0.17315,0.39004,0.13381,0.1141,0.26083,0.12474,0.00177,0.28216,0.336,0.15029,0.12911,5,0.021,0.537,0.0,0,0,0,0,0,0,0.0,0.0,0.0,,17.0
S5,Test0,204,minimal,268.47,67.86,8721260.0,0.0,-1,0,0.50423,0.51793,0.01853,0.0,0.0,0.30609,0.3469,0.66022,0.91262,0.15084,0.0,0.0,0.50696,0.57456,0.66637,0.9935,0.23727,0.0,0.0,0.55798,0.63238,0,,,0.0,0,0,0,0,0,0,0.0,0.0,0.0,,2.3
S5,F5Ev,204,minimal,27.72,3.24,231426.0,106.0,124.0,1,0.17097,0.08433,0.00058,0.08751,0.45087,0.10693,0.08529,,,,,,,,0.17097,0.08433,0.00058,0.08897,0.27714,0.09679,0.08529,7,0.295,0.0,0.3626,3,3,0,3,2,0,-0.0431,0.0082,0.0,,4.8
S5,F5EvAI,204,minimal,23.67,2.7,154239.0,104.0,94.0,1,,,,,,,,,,,,,,,0.14973,0.05873,0.00043,0.10209,0.23585,0.08132,0.06963,8,0.031,0.312,0.3015,0,1,3,0,1,2,0.0,-0.0283,-0.0525,template,4.1
S1,Test0,205,minimal,259.11,120.42,3604346.0,0.0,-1,0,0.3737,0.0,0.0,0.0,0.0,0.10991,0.12457,0.64764,0.8143,0.09829,0.0,0.0,0.45889,0.52008,0.64828,0.8143,0.21268,0.0,0.0,0.49272,0.55842,0,,,0.0,0,0,0,0,0,0,0.0,0.0,0.0,,3.1
S5,F5,204,minimal,29.25,3.42,308834.0,107.0,-1,0,0.17509,0.11922,0.00062,0.07921,0.46735,0.11889,0.09831,0.17509,0.11922,0.00102,0.09417,0.60202,0.12781,0.09844,0.17872,0.12799,0.00181,0.18229,0.20535,0.11354,0.10284,5,0.008,0.4,0.0,0,0,0,0,0,0,0.0,0.0,0.0,,17.1
S1,F5,205,minimal,67.77,29.34,0.0,0.0,-1,0,0.05448,0.0,0.0,0.03139,0.56941,0.05136,0.01816,0.27618,0.0,0.0,0.26289,0.35831,0.11777,0.09206,0.32527,0.0,0.0,0.75724,0.30049,0.15789,0.10842,5,0.086,0.352,0.0,0,0,0,0,0,0,0.0,0.0,0.0,,19.6
S1,F5Ev,205,minimal,91.62,42.57,0.0,0.0,-1,0,0.07792,0.0,0.0,0.03717,0.46082,0.05221,0.02597,0.33076,0.0,0.0,0.34142,0.361,0.1386,0.11025,0.39457,0.0,0.0,0.97342,0.29127,0.19044,0.13152,9,0.475,0.004,0.4833,21,9,0,13,4,0,0.0211,-0.0075,0.0,,30.1
S1,F5EvAI,205,minimal,6.03,3.78,0.0,741.0,382.0,1,0.03521,0.0,0.0,0.04073,0.52888,0.04386,0.01174,0.04113,0.0,0.00216,0.129,0.48501,0.04885,0.01443,0.04113,0.0,0.00267,0.13613,0.47275,0.0487,0.0146,7,0.07,0.023,0.4444,3,10,5,3,1,1,0.0766,0.022,-0.0324,template,16.6
S2,Test0,205,minimal,259.11,120.42,3604346.0,0.0,-1,0,0.41847,0.0,0.0,0.0,0.0,0.12308,0.13949,0.64764,0.8143,0.09804,0.0,0.0,0.45882,0.51999,0.64828,0.8143,0.21135,0.0,0.0,0.49233,0.55798,0,,,0.0,0,0,0,0,0,0,0.0,0.0,0.0,,3.1
S2,F5,205,minimal,75.42,33.57,0.0,0.0,-1,0,0.06073,0.0,0.0,0.06427,0.58105,0.05582,0.02024,0.30485,0.0,0.0,0.56083,0.27415,0.13878,0.10162,0.34917,0.0,0.0,1.0,0.31329,0.17995,0.11639,5,0.107,0.332,0.0,0,0,0,0,0,0,0.0,0.0,0.0,,20.0
S2,F5Ev,205,minimal,141.66,72.9,0.0,2415.0,-1,0,0.08655,0.0,0.00236,0.07099,0.48119,0.05863,0.02964,0.3339,0.0,0.01933,0.51792,0.30391,0.15224,0.11774,0.50191,0.0,0.04649,1.0,0.16629,0.2299,0.1828,9,0.571,0.004,0.4421,23,7,0,19,4,0,-0.0772,-0.0149,0.0,,32.1
S3,Test0,205,minimal,216.36,64.26,5884833.0,0.0,-1,0,0.25053,0.07653,0.00453,0.0,0.0,0.09753,0.11053,0.35731,0.17695,0.0278,0.0,0.0,0.16531,0.18735,0.62998,0.78668,0.08104,0.0,0.0,0.4405,0.49923,0,,,0.0,0,0,0,0,0,0,0.0,0.0,0.0,,2.2
S3,F5,205,minimal,19.26,0.09,0.0,0.0,370.0,1,0.12298,0.0,0.0,0.01909,0.2661,0.05295,0.04099,0.13161,0.0,0.0,0.04424,0.35158,0.06199,0.04387,0.13161,0.0,0.0,0.04709,0.2816,0.05804,0.04387,5,0.0,0.339,0.0,0,0,0,0,0,0,0.0,0.0,0.0,,8.7
S3,F5Ev,205,minimal,18.09,0.27,0.0,0.0,220.0,1,0.12025,0.0,0.0,0.02068,0.23144,0.0502,0.04008,,,,,,,,0.12461,0.0,0.0,0.03043,0.17599,0.04879,0.04154,9,0.092,0.0,0.7395,2,10,0,2,4,0,0.0008,0.0098,0.0,,7.3
S2,F5EvAI,205,minimal,25.74,11.88,0.0,0.0,-1,0,0.04348,0.0,0.0,0.08315,0.52888,0.04879,0.01449,0.10075,0.0,0.0,0.29428,0.43304,0.07241,0.03358,0.15476,0.0,0.0,0.81491,0.35218,0.11417,0.05159,8,0.254,0.013,0.5126,13,12,5,10,2,1,0.1053,0.0332,-0.0316,template,31.5
S4,Test0,205,minimal,253.89,64.26,8888889.0,0.0,-1,0,0.45186,0.14255,0.00458,0.0,0.0,0.17617,0.19966,0.58641,0.50713,0.03505,0.0,0.0,0.33194,0.3762,0.66643,1.0,0.17504,0.0,0.0,0.54161,0.61382,0,,,0.0,0,0,0,0,0,0,0.0,0.0,0.0,,2.3
S3,F5EvAI,205,minimal,16.92,0.09,0.0,0.0,182.0,1,0.11584,0.0,0.0,0.01657,0.18578,0.04597,0.03861,,,,,,,,0.1175,0.0,0.0,0.02196,0.17372,0.04607,0.03917,8,0.141,0.078,0.6382,2,3,3,2,3,0,0.0029,-0.0289,0.0,template,7.4
S4,F5,205,minimal,24.57,1.71,0.0,0.0,-1,0,0.14372,0.0,0.0,0.05095,0.37628,0.0674,0.04791,0.14888,0.0,0.0,0.13113,0.54794,0.08373,0.04963,0.16202,0.0,0.0,0.21971,0.45018,0.08706,0.05401,5,0.0,0.537,0.0,0,0,0,0,0,0,0.0,0.0,0.0,,18.0
S4,F5Ev,205,minimal,52.29,11.07,89644.0,0.0,-1,0,0.15093,0.0,0.0,0.05239,0.30965,0.06569,0.05031,0.25723,0.01411,0.0,0.16979,0.2427,0.10407,0.09045,0.29152,0.03211,0.00011,0.34089,0.16462,0.12495,0.10791,11,0.338,0.0,0.7633,22,8,0,13,6,0,-0.1428,-0.1221,0.0,,27.7
S5,Test0,205,minimal,253.89,64.26,8888889.0,0.0,-1,0,0.45186,0.14255,0.00458,0.0,0.0,0.17617,0.19966,0.58641,0.50713,0.03505,0.0,0.0,0.33194,0.3762,0.66643,1.0,0.17504,0.0,0.0,0.54161,0.61382,0,,,0.0,0,0,0,0,0,0,0.0,0.0,0.0,,2.4
S4,F5EvAI,205,minimal,45.0,9.81,88844.0,231.0,-1,0,0.16002,0.0,0.00033,0.06564,0.2846,0.06777,0.05345,0.24613,0.012,0.00121,0.26479,0.23441,0.10564,0.08645,0.26151,0.02251,0.00258,0.52368,0.16329,0.1247,0.09553,9,0.233,0.021,0.7197,12,13,5,5,2,2,-0.1136,-0.0712,-0.0063,template,29.0
S5,F5,205,minimal,47.43,7.65,1867.0,0.0,-1,0,0.23386,0.009,0.0,0.06802,0.28531,0.09221,0.08095,0.25801,0.01921,0.0,0.22745,0.4163,0.1194,0.09241,0.27179,0.02371,0.0,0.37823,0.4071,0.13311,0.0985,5,0.0,0.442,0.0,0,0,0,0,0,0,0.0,0.0,0.0,,18.9
S5,F5Ev,205,minimal,46.44,7.65,1067.0,0.0,532.0,1,0.17282,0.0,0.0,0.0564,0.32953,0.07353,0.05761,0.26763,0.01561,0.0,0.14861,0.25563,0.10709,0.09441,0.26763,0.01561,0.0,0.16575,0.33466,0.11274,0.09441,10,0.467,0.0,0.7893,12,12,0,8,5,0,0.0434,-0.0449,0.0,,20.7
S1,Test0,206,minimal,270.45,121.59,4444444.0,0.0,-1,0,0.0143,0.0,0.0,0.0,0.0,0.00421,0.00477,0.62187,0.73744,0.02956,0.0,0.0,0.40849,0.46296,0.6646,1.0,0.27078,0.0,0.0,0.56923,0.64513,0,,,0.0,0,0,0,0,0,0,0.0,0.0,0.0,,3.1
S1,F5,206,minimal,0.36,0.36,0.0,0.0,44.0,1,,,,,,,,,,,,,,,0.00263,0.0,0.0,0.00357,0.82273,0.04938,0.00088,5,0.0,0.0,0.0,0,0,0,0,0,0,0.0,0.0,0.0,,1.4
S1,F5Ev,206,minimal,0.36,0.36,0.0,0.0,44.0,1,,,,,,,,,,,,,,,0.00263,0.0,0.0,0.00372,0.76159,0.04579,0.00088,7,0.25,0.0,0.4087,0,2,0,0,2,0,0.0,0.0435,0.0,,2.0
S1,F5EvAI,206,minimal,0.36,0.36,0.0,0.0,44.0,1,,,,,,,,,,,,,,,0.00263,0.0,0.0,0.00357,0.82273,0.04938,0.00088,5,0.0,0.0,0.0,0,0,2,0,0,0,0.0,0.0,0.0,template,2.5
S5,F5EvAI,205,minimal,36.45,8.55,88844.0,393.0,-1,0,0.16351,0.0,0.0,0.07093,0.28621,0.0691,0.0545,0.2063,0.0045,0.0,0.25675,0.26942,0.09295,0.07027,0.22289,0.01951,0.00218,0.51427,0.22904,0.11566,0.08153,11,0.05,0.008,0.7414,6,32,6,6,4,2,-0.074,-0.1013,-0.0128,template,25.4
S2,Test0,206,minimal,270.45,121.59,4444444.0,0.0,-1,0,0.61806,0.76103,0.03331,0.0,0.0,0.41541,0.4708,0.66438,0.98251,0.22618,0.0,0.0,0.5509,0.62436,0.6646,1.0,0.2938,0.0,0.0,0.576,0.6528,0,,,0.0,0,0,0,0,0,0,0.0,0.0,0.0,,3.1
S2,F5,206,minimal,238.77,102.96,1147719.0,0.0,-1,0,0.54562,0.03559,9e-05,0.25235,0.17631,0.19618,0.19377,0.61259,0.32947,0.00263,0.85147,0.14115,0.33624,0.3149,0.63629,0.46471,0.00586,1.0,0.1575,0.39364,0.36895,5,0.675,0.246,0.0,0,0,0,0,0,0,0.0,0.0,0.0,,21.4
S2,F5Ev,206,minimal,230.13,97.83,1251386.0,0.0,-1,0,0.55272,0.11389,0.00037,0.25285,0.1665,0.22084,0.22233,0.61777,0.3795,0.00354,0.852,0.18218,0.35519,0.3336,0.62772,0.42424,0.00518,1.0,0.16717,0.37958,0.35238,10,0.829,0.0,0.5015,24,6,0,7,5,0,-0.3098,-0.3691,0.0,,36.9
S3,Test0,206,minimal,235.98,46.89,8535649.0,0.0,-1,0,0.45428,0.29989,0.00662,0.0,0.0,0.22376,0.2536,0.63555,0.88084,0.08889,0.0,0.0,0.47214,0.53509,0.65102,0.97766,0.19296,0.0,0.0,0.53578,0.60722,0,,,0.0,0,0,0,0,0,0,0.0,0.0,0.0,,2.6
S3,F5,206,minimal,64.44,3.06,224678.0,0.0,492.0,1,0.33024,0.09194,0.00036,0.07331,0.27457,0.14474,0.14085,0.33341,0.09194,0.00041,0.12746,0.2749,0.14889,0.14192,0.3375,0.09194,0.00044,0.16739,0.31673,0.15491,0.14329,5,0.0,0.683,0.0,0,0,0,0,0,0,0.0,0.0,0.0,,17.0
S2,F5EvAI,206,minimal,237.33,101.97,1314854.0,0.0,-1,0,0.54562,0.03559,9e-05,0.25241,0.1753,0.19613,0.19377,0.59992,0.32438,0.00262,0.85137,0.13697,0.33076,0.30898,0.63489,0.48403,0.00445,1.0,0.10676,0.39551,0.37446,6,0.808,0.096,0.1116,25,2,3,15,1,0,-1.0254,-0.0707,0.0,template,42.1
S3,F5Ev,206,minimal,63.09,2.52,118120.0,0.0,226.0,1,0.32606,0.07219,0.00021,0.0794,0.18747,0.13289,0.13282,,,,,,,,0.33278,0.07219,0.00021,0.10126,0.1335,0.13298,0.13506,7,0.579,0.013,0.6802,7,3,0,6,2,0,-0.0976,-0.0009,0.0,,9.5
S4,Test0,206,minimal,236.07,46.98,8535649.0,0.0,-1,0,0.48488,0.31605,0.0069,0.0,0.0,0.2376,0.26928,0.63047,0.85031,0.09536,0.0,0.0,0.46357,0.52538,0.65111,0.97766,0.19201,0.0,0.0,0.53552,0.60693,0,,,0.0,0,0,0,0,0,0,0.0,0.0,0.0,,2.9
S3,F5EvAI,206,minimal,65.16,3.6,125542.0,0.0,418.0,1,0.32638,0.07758,0.00022,0.08111,0.17972,0.13422,0.13473,0.33905,0.08117,0.00022,0.11605,0.15135,0.13939,0.14015,0.33999,0.08655,0.00022,0.12408,0.14125,0.14113,0.14225,8,0.279,0.186,0.6485,9,5,4,9,1,2,-0.065,0.007,-0.0051,template,18.7
S4,F5,206,minimal,66.42,3.33,198963.0,0.0,-1,0,0.33055,0.08655,0.00038,0.13994,0.21939,0.14393,0.13916,0.33905,0.08655,0.0005,0.26306,0.25289,0.15568,0.14204,0.3443,0.08655,0.00056,0.35064,0.28562,0.16431,0.1438,5,0.0,0.787,0.0,0,0,0,0,0,0,0.0,0.0,0.0,,19.4
S4,F5Ev,206,minimal,67.05,3.87,215521.0,0.0,520.0,1,0.33183,0.07219,0.00021,0.15191,0.20239,0.13973,0.13474,0.34491,0.08655,0.00026,0.21919,0.13374,0.14774,0.14391,0.34643,0.09374,0.0003,0.24515,0.12661,0.15142,0.14682,8,0.636,0.006,0.7139,13,9,0,12,3,0,-0.0503,-0.0063,0.0,,21.6
S5,Test0,206,minimal,236.07,46.98,8535649.0,0.0,-1,0,0.48488,0.31605,0.0069,0.0,0.0,0.2376,0.26928,0.63047,0.85031,0.09536,0.0,0.0,0.46357,0.52538,0.65111,0.97766,0.19201,0.0,0.0,0.53552,0.60693,0,,,0.0,0,0,0,0,0,0,0.0,0.0,0.0,,2.6
S4,F5EvAI,206,minimal,66.6,3.6,211820.0,1135.0,410.0,1,0.32864,0.07506,0.00103,0.17391,0.19744,0.14088,0.13491,0.34491,0.09553,0.00464,0.31858,0.16676,0.15946,0.14836,0.34491,0.09553,0.00553,0.33936,0.15657,0.16034,0.14866,9,0.371,0.021,0.7524,5,7,6,4,2,2,0.0257,-0.0535,-0.0021,template,17.7
S5,F5,206,minimal,68.85,4.68,283716.0,0.0,-1,0,0.33499,0.07578,0.00032,0.1316,0.23509,0.14248,0.13703,0.34368,0.08655,0.00051,0.22836,0.2533,0.15502,0.14358,0.35245,0.10272,0.00106,0.42052,0.36743,0.18054,0.15208,5,0.0,0.692,0.0,0,0,0,0,0,0,0.0,0.0,0.0,,18.8
S5,F5Ev,206,minimal,67.23,4.05,222921.0,0.0,524.0,1,0.33183,0.07758,0.00033,0.1444,0.20079,0.14081,0.13658,0.34704,0.09733,0.0004,0.2298,0.17446,0.15459,0.14825,0.34704,0.09733,0.00041,0.30602,0.15491,0.15793,0.14826,9,0.466,0.0,0.7257,14,9,0,13,4,0,-0.031,-0.0233,0.0,,21.0
S1,Test0,207,minimal,272.43,127.17,4444444.0,0.0,-1,0,0.49169,0.28544,0.00767,0.0,0.0,0.23082,0.2616,0.63781,0.80501,0.11994,0.0,0.0,0.45964,0.52092,0.66652,1.0,0.22096,0.0,0.0,0.55514,0.62916,0,,,0.0,0,0,0,0,0,0,0.0,0.0,0.0,,3.1
S5,F5EvAI,206,minimal,66.42,3.69,222921.0,54.0,424.0,1,0.33183,0.07578,0.00032,0.15411,0.21504,0.14169,0.13598,0.34399,0.09194,0.00047,0.25038,0.15514,0.15221,0.14547,0.3443,0.09374,0.00054,0.26685,0.13602,0.15269,0.14619,8,0.382,0.014,0.6698,10,4,4,7,1,2,-0.0705,-0.0148,-0.003,template,18.9
S1,F5,207,minimal,161.28,60.75,602714.0,0.0,-1,0,0.03566,0.0,0.0,0.04508,0.56697,0.04649,0.01189,0.48791,0.15005,0.00147,0.45266,0.51729,0.24512,0.21314,0.54196,0.2317,0.00272,1.0,0.46859,0.31474,0.25879,5,0.229,0.25,0.0,0,0,0,0,0,0,0.0,0.0,0.0,,19.4
S1,F5Ev,207,minimal,163.53,65.43,471200.0,0.0,-1,0,0.03443,0.0,0.0,0.04428,0.53855,0.04441,0.01148,0.48843,0.164,0.00132,0.46194,0.43091,0.2448,0.21792,0.5454,0.1989,0.00181,1.0,0.33549,0.298,0.2487,6,0.471,0.0,0.1604,25,5,0,16,1,0,-0.5577,0.0,0.0,,30.3
S1,F5EvAI,207,minimal,8.91,8.19,0.0,0.0,638.0,1,0.03443,0.0,0.0,0.04654,0.55929,0.04576,0.01148,0.06019,0.0,0.0,0.17648,0.55129,0.06051,0.02006,0.06136,0.0,0.0,0.29799,0.559,0.06846,0.02045,6,0.088,0.25,0.1102,2,20,5,2,0,1,0.0322,0.0,-0.0102,template,25.9
S2,Test0,207,minimal,272.61,127.35,4444444.0,0.0,-1,0,0.52035,0.27148,0.00665,0.0,0.0,0.23485,0.26616,0.63859,0.81199,0.11668,0.0,0.0,0.46096,0.52242,0.66667,1.0,0.21657,0.0,0.0,0.55389,0.62775,0,,,0.0,0,0,0,0,0,0,0.0,0.0,0.0,,2.9
S2,F5,207,minimal,177.39,72.72,930618.0,0.0,-1,0,0.19032,0.0,0.0,0.13107,0.57149,0.0973,0.06344,0.53177,0.22821,0.00263,0.73038,0.34188,0.28737,0.2542,0.56549,0.298,0.0054,1.0,0.2549,0.32937,0.28963,5,0.258,0.25,0.0,0,0,0,0,0,0,0.0,0.0,0.0,,20.7
S2,F5Ev,207,minimal,192.78,87.48,1162662.0,0.0,-1,0,0.22154,0.0,0.0,0.13476,0.55056,0.10547,0.07385,0.5365,0.19192,0.00224,0.73404,0.19196,0.26937,0.24355,0.58581,0.37476,0.00691,1.0,0.16159,0.35288,0.32249,7,0.496,0.0,0.2143,26,4,0,12,2,0,-0.3041,-0.0387,0.0,,31.4
S3,Test0,207,minimal,209.97,53.01,7197220.0,0.0,-1,0,0.44493,0.28748,0.01121,0.0,0.0,0.21871,0.24787,0.55825,0.58065,0.05941,0.0,0.0,0.35244,0.39944,0.62606,0.8444,0.13161,0.0,0.0,0.4712,0.53402,0,,,0.0,0,0,0,0,0,0,0.0,0.0,0.0,,2.4
S2,F5EvAI,207,minimal,164.16,63.72,487420.0,0.0,-1,0,0.2081,0.0,0.0,0.13446,0.53831,0.10078,0.06937,0.52944,0.16749,0.00125,0.73365,0.32097,0.26739,0.23273,0.54635,0.20588,0.00153,1.0,0.33091,0.29998,0.25125,7,0.429,0.075,0.223,13,14,3,10,2,0,-0.0259,-0.0435,0.0,template,30.3
S3,F5,207,minimal,68.76,2.88,832110.0,0.0,-1,0,0.31775,0.07415,0.00104,0.05053,0.1982,0.1302,0.13098,0.34654,0.1014,0.00199,0.12635,0.22285,0.15287,0.14997,0.35411,0.10805,0.00224,0.16605,0.29225,0.16355,0.1548,5,0.0,0.346,0.0,0,0,0,0,0,0,0.0,0.0,0.0,,18.2
S3,F5Ev,207,minimal,9.09,0.0,62296.0,0.0,134.0,1,0.06758,0.01059,0.00012,0.01325,0.2159,0.03651,0.0261,,,,,,,,0.06758,0.01059,0.00012,0.01367,0.24963,0.03852,0.0261,7,0.438,0.021,0.7063,4,2,0,4,2,0,-0.1252,0.0019,0.0,,5.4
S4,Test0,207,minimal,218.97,53.91,8237243.0,0.0,-1,0,0.46945,0.35322,0.02135,0.0,0.0,0.24824,0.28134,0.56337,0.6094,0.07961,0.0,0.0,0.36835,0.41746,0.63583,0.92433,0.14624,0.0,0.0,0.50188,0.5688,0,,,0.0,0,0,0,0,0,0,0.0,0.0,0.0,,2.6
S3,F5EvAI,207,minimal,60.84,1.8,535378.0,0.0,346.0,1,0.29992,0.05478,0.00097,0.04965,0.17683,0.11793,0.11856,,,,,,,,0.32665,0.07658,0.00112,0.08039,0.16276,0.13323,0.13478,7,0.129,0.026,0.6258,6,6,3,6,2,0,-0.0324,-0.0495,0.0,template,12.5
S4,F5Ev,207,minimal,59.49,2.16,583014.0,0.0,274.0,1,0.31574,0.07355,0.00168,0.10857,0.17143,0.13146,0.13032,,,,,,,,0.32173,0.08475,0.0017,0.12675,0.1629,0.13709,0.13606,8,0.25,0.0,0.5883,6,6,0,5,3,0,0.0034,-0.0723,0.0,,9.2
S4,F5,207,minimal,79.65,1.98,1329068.0,0.0,-1,0,0.33373,0.09837,0.0021,0.11298,0.21425,0.14695,0.14473,0.37159,0.13983,0.00309,0.20471,0.28399,0.18008,0.17151,0.38841,0.15709,0.00536,0.39725,0.24714,0.19992,0.18362,5,0.0,0.333,0.0,0,0,0,0,0,0,0.0,0.0,0.0,,17.8
S5,Test0,207,minimal,218.97,53.91,8237243.0,0.0,-1,0,0.46945,0.35322,0.02135,0.0,0.0,0.24824,0.28134,0.56337,0.6094,0.07961,0.0,0.0,0.36835,0.41746,0.63583,0.92433,0.14624,0.0,0.0,0.50188,0.5688,0,,,0.0,0,0,0,0,0,0,0.0,0.0,0.0,,2.5
S4,F5EvAI,207,minimal,59.4,2.16,615811.0,0.0,274.0,1,0.31574,0.07869,0.00177,0.10069,0.19595,0.13398,0.13207,,,,,,,,0.3214,0.08838,0.00177,0.11728,0.1535,0.13697,0.13718,9,0.087,0.065,0.6007,2,3,7,2,1,3,-0.0016,-0.0583,-0.0239,template,10.6
S5,F5Ev,207,minimal,61.83,2.25,598499.0,0.0,270.0,1,0.32206,0.07052,0.00173,0.10971,0.18573,0.13335,0.13144,,,,,,,,0.33021,0.08112,0.00173,0.12288,0.18571,0.13964,0.13768,10,0.261,0.0,0.6827,6,6,0,6,5,0,-0.036,-0.05,0.0,,9.6
S5,F5,207,minimal,80.19,1.8,1240869.0,0.0,-1,0,0.34715,0.10503,0.00221,0.10971,0.222,0.15316,0.15146,0.35291,0.11411,0.00273,0.16877,0.24583,0.16255,0.15659,0.39002,0.15951,0.00375,0.2624,0.2808,0.19468,0.18443,5,0.004,0.379,0.0,0,0,0,0,0,0,0.0,0.0,0.0,,16.8
S1,Test0,208,minimal,231.75,131.13,4444444.0,0.0,-1,0,0.43562,0.04341,1e-05,0.0,0.0,0.14089,0.15968,0.62432,1.0,0.15792,0.0,0.0,0.52419,0.59408,0.62432,1.0,0.24257,0.0,0.0,0.54908,0.6223,0,,,0.0,0,0,0,0,0,0,0.0,0.0,0.0,,2.9
S5,F5EvAI,207,minimal,61.74,2.25,631296.0,0.0,286.0,1,0.32173,0.07415,0.0018,0.10359,0.18938,0.1342,0.13256,,,,,,,,0.32989,0.08475,0.0018,0.11828,0.19525,0.14092,0.13881,11,0.156,0.073,0.6218,2,6,4,2,4,2,0.0138,-0.0436,-0.024,template,10.9
S1,F5,208,minimal,118.44,44.91,1829968.0,0.0,-1,0,0.16939,0.0,0.0,0.08749,0.39266,0.07807,0.05646,0.31179,0.08922,5e-05,0.33144,0.30741,0.15554,0.13369,0.45926,0.55066,0.00728,0.93586,0.38925,0.37712,0.33907,5,0.032,0.298,0.0,0,0,0,0,0,0,0.0,0.0,0.0,,19.5
S1,F5Ev,208,minimal,115.65,44.46,1100301.0,0.0,-1,0,0.17382,0.0,0.0,0.08789,0.38092,0.0787,0.05794,0.25127,0.0,0.0,0.34205,0.36347,0.1154,0.08376,0.45334,0.37554,0.00387,1.0,0.31057,0.32202,0.27759,8,0.5,0.0,0.389,19,11,0,6,3,0,-0.0227,0.0134,0.0,,28.1
S2,Test0,208,minimal,231.75,131.13,4444444.0,0.0,-1,0,0.54766,0.29251,0.00326,0.0,0.0,0.24807,0.28114,0.6235,0.86164,0.16358,0.0,0.0,0.48492,0.54957,0.62432,1.0,0.23723,0.0,0.0,0.54752,0.62052,0,,,0.0,0,0,0,0,0,0,0.0,0.0,0.0,,3.0
S1,F5EvAI,208,minimal,117.9,46.71,1194653.0,3741.0,-1,0,0.17382,0.0,0.0,0.08795,0.37909,0.0786,0.05794,0.24727,0.0,0.0,0.35654,0.33823,0.11359,0.08242,0.45812,0.34636,0.02428,1.0,0.34961,0.32314,0.27625,13,0.434,0.025,0.5421,9,18,4,6,6,2,-0.0509,-0.222,-0.0036,template,30.3
S2,F5,208,minimal,193.59,111.96,1729815.0,0.0,-1,0,0.21564,0.0,0.0,0.21347,0.4358,0.10162,0.07188,0.3884,0.0,0.0,0.8056,0.27852,0.17801,0.12947,0.58127,0.45608,0.00761,1.0,0.20701,0.37834,0.34832,5,0.377,0.469,0.0,0,0,0,0,0,0,0.0,0.0,0.0,,20.5
S2,F5Ev,208,minimal,154.98,98.01,659491.0,0.0,-1,0,0.22737,0.0,0.0,0.21932,0.38171,0.10223,0.07579,0.3823,0.0,0.0,0.81734,0.24488,0.17492,0.12743,0.52636,0.18731,0.00236,1.0,0.19873,0.28111,0.23868,6,0.571,0.0,0.2778,27,3,0,19,1,0,-0.6368,0.0,0.0,,31.5
S3,Test0,208,minimal,239.04,37.98,7739538.0,0.0,-1,0,0.32984,0.15102,0.00139,0.0,0.0,0.14184,0.16075,0.60505,0.74377,0.05555,0.0,0.0,0.41305,0.46812,0.63389,0.85486,0.13667,0.0,0.0,0.47806,0.54181,0,,,0.0,0,0,0,0,0,0,0.0,0.0,0.0,,2.5
S2,F5EvAI,208,minimal,124.29,88.83,269792.0,0.0,-1,0,0.22155,0.0,0.0,0.21385,0.38147,0.10018,0.07385,0.37759,0.0,0.0,0.80535,0.29264,0.17564,0.12586,0.47125,0.0919,0.00083,1.0,0.22178,0.23774,0.18799,8,0.533,0.037,0.3941,19,8,3,16,3,0,-0.6359,-0.1348,0.0,template,31.2
S3,F5Ev,208,minimal,23.85,1.44,0.0,0.0,224.0,1,0.14397,0.0,0.0,0.02877,0.19011,0.05522,0.04799,,,,,,,,0.1473,0.0,0.0,0.03707,0.17953,0.05607,0.0491,8,0.447,0.0,0.6926,7,3,0,7,3,0,-0.0242,0.0242,0.0,,8.7
S3,F5,208,minimal,24.03,1.17,0.0,0.0,-1,0,0.14493,0.0,0.0,0.02893,0.22662,0.05766,0.04831,0.14636,0.0,0.0,0.05629,0.24126,0.06055,0.04879,0.14825,0.0015,0.0,0.07702,0.28102,0.06511,0.04992,5,0.0,0.417,0.0,0,0,0,0,0,0,0.0,0.0,0.0,,17.1
S3,F5EvAI,208,minimal,23.31,0.63,0.0,0.0,122.0,1,0.14445,0.0,0.0,0.03025,0.21491,0.05691,0.04815,,,,,,,,0.14445,0.0,0.0,0.03069,0.17712,0.05471,0.04815,7,0.318,0.114,0.5183,1,2,3,1,2,0,-0.0072,-0.0301,0.0,template,5.6
S4,Test0,208,minimal,276.12,62.37,8888889.0,0.0,-1,0,0.50292,0.38534,0.00794,0.0,0.0,0.26359,0.29873,0.66594,0.9979,0.12489,0.0,0.0,0.5261,0.59624,0.66667,1.0,0.1999,0.0,0.0,0.54899,0.62219,0,,,0.0,0,0,0,0,0,0,0.0,0.0,0.0,,2.5
S4,F5,208,minimal,54.72,27.18,371802.0,0.0,-1,0,0.16766,0.0,0.0,0.06379,0.34325,0.07326,0.05589,0.23453,0.03213,0.00028,0.20767,0.2519,0.10554,0.08898,0.28385,0.06641,0.0005,0.41949,0.37028,0.14962,0.11692,5,0.004,0.429,0.0,0,0,0,0,0,0,0.0,0.0,0.0,,17.6
S4,F5Ev,208,minimal,49.68,25.02,167045.0,0.0,-1,0,0.16221,0.0,0.0,0.06522,0.28619,0.06838,0.05407,0.21814,0.01351,0.00015,0.22697,0.15142,0.09044,0.07727,0.26462,0.03153,0.00022,0.52156,0.2069,0.13002,0.09879,8,0.492,0.0,0.6725,27,3,0,15,3,0,-0.3349,-0.0331,0.0,,27.0
S5,Test0,208,minimal,276.12,62.37,8888889.0,0.0,-1,0,0.50292,0.38534,0.00794,0.0,0.0,0.26359,0.29873,0.66594,0.9979,0.12489,0.0,0.0,0.5261,0.59624,0.66667,1.0,0.1999,0.0,0.0,0.54899,0.62219,0,,,0.0,0,0,0,0,0,0,0.0,0.0,0.0,,2.5
S4,F5EvAI,208,minimal,48.24,23.31,156881.0,0.0,-1,0,0.16129,0.0,0.0,0.08105,0.27251,0.06824,0.05376,0.20104,0.0,0.0,0.2693,0.18821,0.08604,0.06701,0.25894,0.03453,0.0002,0.65161,0.17683,0.1351,0.09789,9,0.733,0.021,0.8033,22,4,4,17,3,1,-0.2855,-0.078,-0.0068,template,27.8
S5,F5,208,minimal,53.64,25.83,371684.0,0.0,-1,0,0.16991,0.0,0.0,0.07596,0.31141,0.07276,0.05664,0.23069,0.01351,0.00017,0.22354,0.27461,0.10118,0.08146,0.27981,0.07182,0.00062,0.3853,0.33472,0.14596,0.11742,5,0.004,0.414,0.0,0,0,0,0,0,0,0.0,0.0,0.0,,18.9
S5,F5Ev,208,minimal,46.44,20.7,259171.0,0.0,532.0,1,0.16403,0.0,0.0,0.06519,0.29405,0.06938,0.05468,0.22603,0.01651,0.00012,0.2755,0.15164,0.0965,0.08089,0.25171,0.04804,0.0004,0.39507,0.13085,0.11921,0.10005,7,0.45,0.044,0.5852,18,4,0,14,2,0,-0.301,-0.0071,0.0,,21.6
S1,Test0,209,minimal,269.01,137.07,4444444.0,0.0,-1,0,0.5043,0.77656,0.05368,0.0,0.0,0.39251,0.44485,0.66577,1.0,0.25226,0.0,0.0,0.56413,0.63934,0.666,1.0,0.30113,0.0,0.0,0.57857,0.65571,0,,,0.0,0,0,0,0,0,0,0.0,0.0,0.0,,3.1
S5,F5EvAI,208,minimal,42.57,17.37,78441.0,0.0,648.0,1,0.16991,0.0,0.0,0.07357,0.32282,0.07329,0.05664,0.21009,0.01051,5e-05,0.25377,0.17775,0.09028,0.07355,0.23568,0.02252,0.0001,0.51692,0.11082,0.11289,0.0861,9,0.394,0.023,0.6967,20,4,3,10,3,1,-0.1587,-0.086,-0.0003,template,24.7
S1,F5,209,minimal,112.86,43.02,1563344.0,0.0,-1,0,0.34541,0.24462,0.00608,0.14185,0.24155,0.19788,0.19871,0.38716,0.37024,0.00733,0.35709,0.18816,0.257,0.25491,0.4555,0.43754,0.00768,0.76903,0.23084,0.32374,0.30024,5,0.196,0.025,0.0,0,0,0,0,0,0,0.0,0.0,0.0,,20.4
S1,F5Ev,209,minimal,145.62,54.36,936104.0,0.0,-1,0,0.32991,0.17229,0.00334,0.15893,0.17812,0.16851,0.16851,0.44727,0.28446,0.00412,0.47205,0.16718,0.25403,0.24528,0.51909,0.28446,0.00421,1.0,0.18241,0.30713,0.26925,10,0.5,0.0,0.5232,21,9,0,15,5,0,-0.441,-0.1285,0.0,,31.6
S2,Test0,209,minimal,269.01,137.07,4444444.0,0.0,-1,0,0.58315,0.75861,0.05356,0.0,0.0,0.41039,0.46511,0.66592,1.0,0.24718,0.0,0.0,0.56268,0.6377,0.666,1.0,0.29543,0.0,0.0,0.57689,0.65381,0,,,0.0,0,0,0,0,0,0,0.0,0.0,0.0,,3.1
S1,F5EvAI,209,minimal,215.91,107.64,1650944.0,0.0,-1,0,0.34427,0.24462,0.00606,0.15764,0.18133,0.19492,0.19831,0.40821,0.36127,0.00706,0.46367,0.15392,0.26472,0.25885,0.61544,0.42139,0.00907,1.0,0.14611,0.37504,0.34864,6,0.442,0.004,0.2122,25,2,3,17,1,0,-0.7621,-0.0888,0.0,template,32.3
S2,F5,209,minimal,123.75,36.27,1314971.0,0.0,-1,0,0.43455,0.19078,0.00551,0.2697,0.21953,0.21432,0.21028,0.47088,0.32538,0.0064,0.82589,0.23178,0.29829,0.26755,0.47843,0.38281,0.00685,1.0,0.23241,0.32781,0.28936,5,0.229,0.004,0.0,0,0,0,0,0,0,0.0,0.0,0.0,,20.9
S2,F5Ev,209,minimal,206.82,100.26,1428321.0,0.0,-1,0,0.45071,0.22075,0.00392,0.26973,0.17229,0.22464,0.22513,0.53663,0.38819,0.00627,0.86899,0.1254,0.33234,0.31036,0.60521,0.38819,0.00666,1.0,0.12835,0.36051,0.33335,7,0.667,0.0,0.2549,25,5,0,16,2,0,-0.7373,-0.0033,0.0,,31.4
S3,Test0,209,minimal,209.79,51.48,5747783.0,0.0,-1,0,0.24463,0.04364,0.00078,0.0,0.0,0.08502,0.09635,0.34781,0.21336,0.00532,0.0,0.0,0.16661,0.18883,0.62653,0.79443,0.05757,0.0,0.0,0.43486,0.49284,0,,,0.0,0,0,0,0,0,0,0.0,0.0,0.0,,2.3
S2,F5EvAI,209,minimal,150.48,57.33,1292392.0,0.0,-1,0,0.4371,0.19078,0.00551,0.26963,0.20419,0.21416,0.21113,0.48006,0.32538,0.00643,0.86905,0.17273,0.30006,0.27062,0.52728,0.36127,0.00681,1.0,0.18102,0.33281,0.29845,8,0.263,0.004,0.3899,20,8,3,13,3,0,-0.6468,-0.1485,0.0,template,32.6
S3,F5Ev,209,minimal,20.07,0.0,38133.0,0.0,170.0,1,0.13669,0.0278,6e-05,0.02657,0.219,0.06284,0.05485,,,,,,,,0.13829,0.02942,7e-05,0.03132,0.14676,0.05982,0.05593,8,0.45,0.033,0.6446,5,3,0,5,3,0,0.0122,0.0207,0.0,,6.9
S3,F5,209,minimal,20.79,0.0,38133.0,0.0,480.0,1,0.13989,0.02942,7e-05,0.02577,0.21722,0.06411,0.05646,0.14255,0.02942,0.00013,0.06065,0.21855,0.06704,0.05737,0.14255,0.02942,0.00015,0.06313,0.22194,0.06739,0.05737,5,0.0,0.338,0.0,0,0,0,0,0,0,0.0,0.0,0.0,,11.7
S4,Test0,209,minimal,237.42,52.29,8441234.0,0.0,-1,0,0.50313,0.37145,0.02657,0.0,0.0,0.26504,0.30038,0.62359,0.81163,0.11951,0.0,0.0,0.45727,0.51824,0.655,0.968,0.21598,0.0,0.0,0.54087,0.61299,0,,,0.0,0,0,0,0,0,0,0.0,0.0,0.0,,2.6
S3,F5EvAI,209,minimal,20.43,0.0,38133.0,0.0,218.0,1,0.13829,0.02942,6e-05,0.03065,0.21028,0.06352,0.05593,,,,,,,,0.14043,0.02942,7e-05,0.04491,0.17997,0.0632,0.05664,9,0.211,0.092,0.6025,2,4,4,2,3,1,0.0237,0.026,-0.0014,template,9.2
S4,F5Ev,209,minimal,40.23,0.09,139244.0,0.0,170.0,1,0.24216,0.06769,0.00031,0.08897,0.22649,0.10978,0.10339,,,,,,,,0.2434,0.06931,0.00032,0.09694,0.14675,0.1064,0.10434,8,0.45,0.033,0.5746,5,3,0,5,3,0,-0.0991,-0.0542,0.0,,6.8
S4,F5,209,minimal,77.22,6.48,1149911.0,0.0,-1,0,0.32401,0.18976,0.00228,0.11246,0.17502,0.16869,0.17202,0.35387,0.193,0.00319,0.24568,0.22427,0.18943,0.18335,0.38176,0.21466,0.00323,0.5204,0.226,0.22027,0.19988,5,0.008,0.327,0.0,0,0,0,0,0,0,0.0,0.0,0.0,,18.3
S4,F5EvAI,209,minimal,40.14,0.09,139244.0,0.0,146.0,1,0.24175,0.06769,0.0003,0.0813,0.21845,0.10873,0.10325,,,,,,,,0.24299,0.06931,0.00031,0.08665,0.30723,0.11511,0.1042,7,0.038,0.096,0.448,0,5,3,0,1,1,0.0,-0.0502,-0.0017,template,6.1
S5,Test0,209,minimal,237.42,52.29,8441234.0,0.0,-1,0,0.50313,0.37145,0.02657,0.0,0.0,0.26504,0.30038,0.62359,0.81163,0.11951,0.0,0.0,0.45727,0.51824,0.655,0.968,0.21598,0.0,0.0,0.54087,0.61299,0,,,0.0,0,0,0,0,0,0,0.0,0.0,0.0,,2.6
S5,F5Ev,209,minimal,37.26,0.09,104578.0,0.0,124.0,1,0.22955,0.04151,0.00024,0.07005,0.21949,0.09683,0.09044,,,,,,,,0.22955,0.04151,0.00024,0.0707,0.23484,0.09777,0.09044,9,0.208,0.0,0.5417,2,4,0,2,4,0,0.0407,-0.0114,0.0,,5.0
S5,F5EvAI,209,minimal,40.14,0.09,139244.0,0.0,146.0,1,0.24175,0.06769,0.0003,0.08186,0.21427,0.10852,0.10325,,,,,,,,0.24299,0.06931,0.00031,0.08765,0.24555,0.11154,0.1042,9,0.019,0.038,0.5615,0,2,5,0,1,3,0.0,-0.0263,-0.0866,template,7.3
S1,Test0,210,minimal,275.76,128.88,4444444.0,0.0,-1,0,0.46191,0.0,0.0,0.0,0.0,0.13586,0.15397,0.6604,1.0,0.11923,0.0,0.0,0.52342,0.59321,0.66349,1.0,0.22186,0.0,0.0,0.55452,0.62845,0,,,0.0,0,0,0,0,0,0,0.0,0.0,0.0,,2.9
S5,F5,209,minimal,80.55,12.6,903062.0,0.0,-1,0,0.3217,0.18007,0.00186,0.12334,0.17706,0.16579,0.16787,0.34535,0.19591,0.00263,0.2978,0.2158,0.19018,0.1813,0.39177,0.22403,0.00271,0.48636,0.19894,0.22223,0.20617,5,0.004,0.233,0.0,0,0,0,0,0,0,0.0,0.0,0.0,,18.5
S1,F5,210,minimal,187.74,98.37,284977.0,0.0,-1,0,0.25145,0.0,0.0,0.10056,0.57401,0.11364,0.08382,0.56725,0.08397,0.00109,0.65921,0.43156,0.25602,0.21744,0.57308,0.09797,0.00135,1.0,0.47316,0.28442,0.22413,5,0.396,0.277,0.0,0,0,0,0,0,0,0.0,0.0,0.0,,20.9
S1,F5Ev,210,minimal,178.11,89.91,213732.0,0.0,-1,0,0.24343,0.0,0.0,0.09679,0.57239,0.11096,0.08114,0.49627,0.0,0.0,0.66065,0.44528,0.21102,0.16542,0.56015,0.07931,0.00091,1.0,0.30979,0.26539,0.21346,11,0.65,0.0,0.447,14,16,0,10,6,0,-0.0097,0.0435,0.0,,29.8
S2,Test0,210,minimal,279.72,128.97,4444444.0,0.0,-1,0,0.5,0.0,0.0,0.0,0.0,0.14706,0.16667,0.66371,1.0,0.11908,0.0,0.0,0.52435,0.59426,0.66667,1.0,0.22164,0.0,0.0,0.55538,0.62943,0,,,0.0,0,0,0,0,0,0,0.0,0.0,0.0,,3.0
S1,F5EvAI,210,minimal,146.7,83.7,0.0,0.0,-1,0,0.24416,0.0,0.0,0.09659,0.57048,0.11105,0.08139,0.48662,0.0,0.0,0.62346,0.34791,0.20026,0.16221,0.51193,0.0,0.0,1.0,0.38321,0.23193,0.17064,11,0.425,0.212,0.4775,6,15,11,6,2,4,0.0942,0.0139,-0.0271,template,33.3
S2,F5,210,minimal,245.43,117.72,1849230.0,0.0,-1,0,0.28089,0.0,0.0,0.20933,0.55146,0.12737,0.09363,0.60327,0.1866,0.00248,0.75869,0.20147,0.28953,0.26412,0.637,0.57268,0.00721,1.0,0.26803,0.4325,0.40563,5,0.598,0.268,0.0,0,0,0,0,0,0,0.0,0.0,0.0,,22.5
S2,F5Ev,210,minimal,142.38,87.39,0.0,0.0,-1,0,0.26733,0.0,0.0,0.20564,0.56775,0.12412,0.08911,0.49166,0.0,0.0,0.80478,0.33241,0.2115,0.16389,0.50446,0.0,0.0,1.0,0.37251,0.22911,0.16815,10,0.617,0.0,0.3207,18,12,0,7,5,0,0.0271,0.0366,0.0,,28.8
S3,Test0,210,minimal,242.01,54.72,7393801.0,0.0,-1,0,0.34167,0.1431,0.00108,0.0,0.0,0.1429,0.16195,0.64495,0.7932,0.06343,0.0,0.0,0.44164,0.50053,0.65842,0.91999,0.15827,0.0,0.0,0.51079,0.57889,0,,,0.0,0,0,0,0,0,0,0.0,0.0,0.0,,2.3
S2,F5EvAI,210,minimal,189.45,96.12,261228.0,0.0,-1,0,0.27315,0.0,0.0,0.20711,0.56229,0.1256,0.09105,0.48915,0.0,0.0,0.80636,0.31542,0.20986,0.16305,0.57529,0.08864,0.00102,1.0,0.24209,0.26864,0.22165,8,0.475,0.061,0.2464,16,11,3,10,3,0,-0.0741,0.012,0.0,template,31.9
S3,F5Ev,210,minimal,16.65,0.99,21156.0,0.0,98.0,1,,,,,,,,,,,,,,,0.11709,0.01428,3e-05,0.01683,0.2151,0.05229,0.0438,7,0.333,0.0,0.7113,2,3,0,2,2,0,-0.038,0.0155,0.0,,3.8
S3,F5EvAI,210,minimal,16.92,0.99,21156.0,0.0,98.0,1,,,,,,,,,,,,,,,0.11876,0.01428,4e-05,0.01584,0.28968,0.05711,0.04436,8,0.0,0.222,0.3682,0,2,3,0,2,1,0.0,-0.0069,-0.0015,template,4.7
S4,Test0,210,minimal,242.01,54.72,7393801.0,0.0,-1,0,0.38681,0.21176,0.00151,0.0,0.0,0.1765,0.20003,0.65674,0.89198,0.07602,0.0,0.0,0.47786,0.54158,0.65842,0.91999,0.1577,0.0,0.0,0.51062,0.5787,0,,,0.0,0,0,0,0,0,0,0.0,0.0,0.0,,2.4
S3,F5,210,minimal,16.92,0.99,21156.0,0.0,694.0,1,0.11876,0.01428,4e-05,0.01667,0.41542,0.06456,0.04436,0.11876,0.01428,4e-05,0.02015,0.54099,0.07215,0.04436,0.11876,0.01428,4e-05,0.02389,0.53909,0.07226,0.04436,5,0.0,0.431,0.0,0,0,0,0,0,0,0.0,0.0,0.0,,15.4
S4,F5,210,minimal,31.41,0.99,21156.0,0.0,122.0,1,0.20011,0.01428,4e-05,0.05099,0.31451,0.08457,0.07148,,,,,,,,0.20011,0.01428,4e-05,0.05195,0.28302,0.08277,0.07148,5,0.0,0.455,0.0,0,0,0,0,0,0,0.0,0.0,0.0,,3.0
S4,F5Ev,210,minimal,31.32,0.99,21156.0,0.0,134.0,1,0.19966,0.01428,3e-05,0.05988,0.16179,0.07597,0.07132,,,,,,,,0.19966,0.01428,3e-05,0.06363,0.20083,0.07849,0.07132,8,0.312,0.021,0.7149,3,3,0,3,3,0,-0.0222,0.0198,0.0,,5.3
S5,Test0,210,minimal,242.01,54.72,7393801.0,0.0,-1,0,0.38681,0.21176,0.00151,0.0,0.0,0.1765,0.20003,0.65674,0.89198,0.07602,0.0,0.0,0.47786,0.54158,0.65842,0.91999,0.1577,0.0,0.0,0.51062,0.5787,0,,,0.0,0,0,0,0,0,0,0.0,0.0,0.0,,2.4
S4,F5EvAI,210,minimal,31.95,0.99,21156.0,0.0,182.0,1,0.19874,0.01428,4e-05,0.0529,0.25324,0.08067,0.07102,,,,,,,,0.20286,0.01428,4e-05,0.06344,0.23184,0.08124,0.07239,7,0.203,0.094,0.6071,1,4,3,1,2,0,0.0105,-0.0439,0.0,template,7.5
S5,F5,210,minimal,18.54,0.99,5289.0,0.0,62.0,1,,,,,,,,,,,,,,,0.12867,0.0102,2e-05,0.02281,0.30298,0.06001,0.04629,5,0.0,0.25,0.0,0,0,0,0,0,0,0.0,0.0,0.0,,1.7
S5,F5Ev,210,minimal,31.77,0.99,15867.0,0.0,162.0,1,0.19689,0.0119,3e-05,0.05827,0.26203,0.08026,0.0696,,,,,,,,0.20195,0.0119,3e-05,0.07131,0.19904,0.07881,0.07129,7,0.446,0.036,0.7536,4,3,0,4,2,0,-0.0085,-0.0027,0.0,,6.1
S5,F5EvAI,210,minimal,31.77,0.99,21156.0,0.0,148.0,1,0.19828,0.01428,4e-05,0.05131,0.27372,0.08165,0.07086,,,,,,,,0.20195,0.01428,4e-05,0.05908,0.25329,0.08198,0.07209,7,0.038,0.115,0.501,1,3,3,1,2,0,0.0171,-0.0319,0.0,template,6.3
S1,Test0,211,minimal,269.91,135.72,4444444.0,0.0,-1,0,0.076,0.0,0.0,0.0,0.0,0.02235,0.02533,0.60438,0.74414,0.06118,0.0,0.0,0.41462,0.4699,0.66548,1.0,0.21371,0.0,0.0,0.5527,0.6264,0,,,0.0,0,0,0,0,0,0,0.0,0.0,0.0,,2.9
S1,F5Ev,211,minimal,0.54,0.54,0.0,0.0,42.0,1,,,,,,,,,,,,,,,0.00396,0.0,0.0,0.00202,0.71159,0.04314,0.00132,7,0.25,0.0,0.4601,0,2,0,0,2,0,0.0,0.0378,0.0,,2.0
S1,F5EvAI,211,minimal,0.99,0.99,0.0,0.0,84.0,1,,,,,,,,,,,,,,,0.00724,0.0,0.0,0.00479,0.72433,0.04502,0.00241,6,0.0,0.179,0.1905,0,1,3,0,1,0,0.0,0.0386,0.0,template,4.5
S2,Test0,211,minimal,270.36,136.17,4444444.0,0.0,-1,0,0.4676,0.56066,0.0245,0.0,0.0,0.30963,0.35092,0.66074,1.0,0.19043,0.0,0.0,0.54446,0.61706,0.66585,1.0,0.2517,0.0,0.0,0.56399,0.63918,0,,,0.0,0,0,0,0,0,0,0.0,0.0,0.0,,3.0
S1,F5,211,minimal,42.66,30.24,253524.0,0.0,-1,0,0.00724,0.0,0.0,0.00826,0.83002,0.05144,0.00241,0.15333,0.0,0.0,0.08105,0.27945,0.0663,0.05111,0.23921,0.1323,0.00089,0.39997,0.28314,0.14971,0.12414,5,0.0,0.246,0.0,0,0,0,0,0,0,0.0,0.0,0.0,,19.6
S2,F5,211,minimal,202.68,103.14,1479425.0,0.0,-1,0,0.37331,0.13379,0.00156,0.22589,0.28315,0.17955,0.16955,0.49992,0.32862,0.00337,0.814,0.27507,0.30874,0.2773,0.59902,0.47823,0.00734,1.0,0.19757,0.38944,0.36153,5,0.223,0.246,0.0,0,0,0,0,0,0,0.0,0.0,0.0,,21.2
S2,F5Ev,211,minimal,198.0,102.33,957123.0,0.0,-1,0,0.36217,0.14886,0.00203,0.22691,0.2597,0.17953,0.17102,0.52661,0.20934,0.00284,0.82119,0.15352,0.27463,0.24626,0.59339,0.36956,0.0043,1.0,0.17396,0.35354,0.32242,7,0.429,0.0,0.3825,26,4,0,18,2,0,-0.896,0.0183,0.0,,31.8
S3,Test0,211,minimal,256.68,64.62,8552567.0,0.0,-1,0,0.44618,0.20046,0.01389,0.0,0.0,0.19427,0.22018,0.63815,0.74701,0.07562,0.0,0.0,0.42964,0.48693,0.66279,0.9736,0.17247,0.0,0.0,0.53202,0.60295,0,,,0.0,0,0,0,0,0,0,0.0,0.0,0.0,,2.7
S2,F5EvAI,211,minimal,181.35,75.51,1060190.0,0.0,-1,0,0.39079,0.17566,0.00208,0.20167,0.26329,0.19456,0.18951,0.5063,0.19892,0.00316,0.79962,0.21592,0.26809,0.23613,0.57204,0.33122,0.0043,1.0,0.18013,0.33635,0.30252,8,0.285,0.015,0.4623,24,5,3,12,3,0,-0.3072,-0.0983,0.0,template,31.9
S3,F5Ev,211,minimal,48.87,0.27,543017.0,0.0,134.0,1,0.27012,0.08958,0.00113,0.07123,0.21734,0.1231,0.12028,,,,,,,,0.27232,0.0999,0.00125,0.07293,0.18182,0.12483,0.12449,9,0.312,0.0,0.6501,2,4,0,2,4,0,-0.0292,-0.0774,0.0,,5.5
S3,F5,211,minimal,62.73,0.81,987816.0,0.0,-1,0,0.3133,0.16397,0.00246,0.08245,0.33701,0.16577,0.15991,0.31362,0.16397,0.00258,0.15533,0.46471,0.1777,0.16006,0.32449,0.16397,0.00294,0.2328,0.27321,0.17429,0.1638,5,0.0,0.52,0.0,0,0,0,0,0,0,0.0,0.0,0.0,,18.6
S4,Test0,211,minimal,258.66,65.07,8552567.0,0.0,-1,0,0.44787,0.20046,0.01342,0.0,0.0,0.19463,0.22058,0.64384,0.7915,0.0706,0.0,0.0,0.44292,0.50198,0.66451,0.9736,0.16874,0.0,0.0,0.53143,0.60228,0,,,0.0,0,0,0,0,0,0,0.0,0.0,0.0,,2.8
S3,F5EvAI,211,minimal,53.01,0.27,637707.0,1447.0,150.0,1,0.28557,0.10554,0.00201,0.08995,0.24807,0.13551,0.13104,,,,,,,,0.28873,0.10702,0.00274,0.09866,0.26565,0.13863,0.13283,10,0.077,0.019,0.6145,1,3,3,1,2,3,0.0077,-0.0332,-0.0044,template,6.9
S4,F5Ev,211,minimal,52.92,0.45,444710.0,0.0,112.0,1,,,,,,,,,,,,,,,0.28838,0.09106,0.00114,0.12779,0.22672,0.13279,0.12686,8,0.3,0.0,0.5912,2,3,0,2,3,0,-0.0099,-0.0618,0.0,,4.5
S4,F5EvAI,211,minimal,53.73,0.27,620170.0,218.0,124.0,1,0.2915,0.10999,0.00182,0.18237,0.25545,0.14438,0.13444,,,,,,,,0.2915,0.10999,0.00184,0.18513,0.28894,0.14651,0.13444,10,0.114,0.023,0.6479,1,2,3,1,2,3,-0.002,-0.0096,0.0012,template,6.1
S5,Test0,211,minimal,258.66,65.07,8552567.0,0.0,-1,0,0.44787,0.20046,0.01342,0.0,0.0,0.19463,0.22058,0.64384,0.7915,0.0706,0.0,0.0,0.44292,0.50198,0.66451,0.9736,0.16874,0.0,0.0,0.53143,0.60228,0,,,0.0,0,0,0,0,0,0,0.0,0.0,0.0,,2.7
S4,F5,211,minimal,82.89,2.61,829319.0,0.0,-1,0,0.30307,0.13639,0.00201,0.13961,0.28268,0.15468,0.14716,0.31427,0.14588,0.003,0.38055,0.27733,0.17492,0.15438,0.38828,0.17762,0.00321,0.59403,0.3161,0.22092,0.1897,5,0.0,0.538,0.0,0,0,0,0,0,0,0.0,0.0,0.0,,19.6
S5,F5Ev,211,minimal,63.27,0.81,717800.0,0.0,194.0,1,0.3226,0.14208,0.00162,0.15022,0.18369,0.15679,0.15543,,,,,,,,0.32637,0.15395,0.00168,0.17557,0.15804,0.16139,0.16066,8,0.324,0.0,0.6642,6,3,0,6,3,0,-0.0635,-0.0598,0.0,,8.2
S5,F5EvAI,211,minimal,57.78,0.27,638018.0,214.0,126.0,1,0.30674,0.12067,0.00168,0.13636,0.40996,0.15834,0.14303,,,,,,,,0.30674,0.12067,0.00173,0.1405,0.18915,0.14561,0.14304,8,0.205,0.0,0.5842,2,2,2,2,2,1,-0.0187,-0.0291,-0.0001,template,5.7
S5,F5,211,minimal,62.46,0.54,1040516.0,0.0,-1,0,0.31427,0.15389,0.00251,0.13202,0.38897,0.16908,0.15689,0.31846,0.16338,0.00357,0.27867,0.26942,0.17501,0.1618,0.32354,0.16338,0.00376,0.46201,0.40395,0.19526,0.16356,5,0.004,0.41,0.0,0,0,0,0,0,0,0.0,0.0,0.0,,18.9
S1,Test0,212,minimal,285.39,134.01,4444444.0,0.0,-1,0,0.45337,0.0,0.0,0.0,0.0,0.13334,0.15112,0.65559,0.8388,0.07476,0.0,0.0,0.46151,0.52305,0.66667,1.0,0.21111,0.0,0.0,0.55229,0.62592,0,,,0.0,0,0,0,0,0,0,0.0,0.0,0.0,,2.8
S1,F5,212,minimal,1.08,1.08,0.0,0.0,158.0,1,0.00689,0.0,0.0,0.01335,0.84759,0.05267,0.0023,,,,,,,,0.00751,0.0,0.0,0.01764,0.82932,0.05203,0.0025,5,0.0,0.0,0.0,0,0,0,0,0,0,0.0,0.0,0.0,,4.3
S1,F5Ev,212,minimal,1.08,1.08,0.0,0.0,158.0,1,0.00689,0.0,0.0,0.0144,0.78714,0.04918,0.0023,,,,,,,,0.00751,0.0,0.0,0.01926,0.77025,0.04865,0.0025,7,0.25,0.0,0.3933,2,5,0,2,2,0,0.0687,0.0228,0.0,,6.7
S1,F5EvAI,212,minimal,1.08,1.08,0.0,0.0,158.0,1,0.00689,0.0,0.0,0.01389,0.79375,0.04953,0.0023,,,,,,,,0.00751,0.0,0.0,0.01844,0.77789,0.04905,0.0025,6,0.0,0.0,0.1756,0,4,3,0,1,0,0.0,0.0274,0.0,template,7.4
S2,Test0,212,minimal,282.78,132.84,4226918.0,0.0,-1,0,0.5265,0.01105,0.0,0.0,0.0,0.1581,0.17919,0.65767,0.87033,0.08864,0.0,0.0,0.47548,0.53888,0.66462,0.94401,0.21128,0.0,0.0,0.53527,0.60664,0,,,0.0,0,0,0,0,0,0,0.0,0.0,0.0,,2.8
S2,F5,212,minimal,192.78,102.87,923334.0,0.0,-1,0,0.40023,0.0,0.0,0.20789,0.35519,0.15084,0.13341,0.50399,0.04052,0.0001,0.80721,0.20353,0.21963,0.18154,0.57465,0.32417,0.00712,1.0,0.17973,0.33585,0.30198,5,0.594,0.246,0.0,0,0,0,0,0,0,0.0,0.0,0.0,,21.0
S2,F5Ev,212,minimal,237.96,109.62,1056701.0,0.0,-1,0,0.40316,0.0,0.0,0.20803,0.33326,0.15042,0.13439,0.53903,0.12525,0.00098,0.80713,0.16869,0.25307,0.22175,0.62513,0.33891,0.01768,1.0,0.15119,0.35646,0.32724,8,0.688,0.0,0.3068,24,6,0,19,3,0,-0.7633,0.0013,0.0,,33.2
S3,Test0,212,minimal,251.01,66.42,8376979.0,0.0,-1,0,0.41386,0.28469,0.00763,0.0,0.0,0.2077,0.2354,0.62956,0.76179,0.09791,0.0,0.0,0.43802,0.49642,0.65988,0.96284,0.20238,0.0,0.0,0.5368,0.60837,0,,,0.0,0,0,0,0,0,0,0.0,0.0,0.0,,2.3
S3,F5,212,minimal,3.87,1.44,0.0,0.0,-1,0,0.01304,0.0,0.0,0.00799,0.41434,0.02868,0.00435,0.01575,0.0,0.0,0.02471,0.40963,0.03018,0.00525,0.02904,0.0,0.0,0.04707,0.36794,0.03295,0.00968,5,0.0,0.375,0.0,0,0,0,0,0,0,0.0,0.0,0.0,,15.6
S3,F5Ev,212,minimal,1.35,0.99,0.0,0.0,54.0,1,,,,,,,,,,,,,,,0.01033,0.0,0.0,0.00311,0.32039,0.02207,0.00344,7,0.5,0.0,0.7119,1,2,0,1,2,0,-0.0345,-0.0609,0.0,,2.1
S2,F5EvAI,212,minimal,221.49,104.49,739084.0,0.0,-1,0,0.40585,0.0,0.0,0.20789,0.30188,0.14935,0.13528,0.59435,0.1584,0.00186,0.78199,0.15364,0.27698,0.25154,0.60818,0.28881,0.01581,1.0,0.15059,0.33615,0.30427,9,0.608,0.054,0.3799,20,6,6,12,3,1,-0.3669,-0.0381,-0.0118,template,32.2
S4,Test0,212,minimal,250.47,66.42,8288923.0,0.0,-1,0,0.47869,0.3773,0.01517,0.0,0.0,0.25623,0.29039,0.64789,0.82627,0.12405,0.0,0.0,0.47006,0.53274,0.6594,0.95252,0.21258,0.0,0.0,0.53662,0.60817,0,,,0.0,0,0,0,0,0,0,0.0,0.0,0.0,,2.2
S3,F5EvAI,212,minimal,7.56,2.34,933.0,0.0,530.0,1,0.03035,0.0,0.0,0.01727,0.21828,0.02278,0.01012,0.05521,0.0044,0.0,0.07172,0.30245,0.03954,0.01987,0.05521,0.0044,0.0,0.08737,0.22055,0.03564,0.01987,11,0.083,0.294,0.6995,5,17,7,5,3,3,0.0057,0.0161,-0.0505,template,16.5
S4,F5,212,minimal,28.44,4.59,7644.0,0.0,-1,0,0.06321,0.0,0.0,0.03732,0.33366,0.04041,0.02107,0.06988,0.0,0.0,0.11956,0.31789,0.04629,0.02329,0.18021,0.0398,8e-05,0.30587,0.22055,0.0957,0.07336,5,0.0,0.533,0.0,0,0,0,0,0,0,0.0,0.0,0.0,,16.3
S4,F5Ev,212,minimal,27.27,9.54,16600.0,0.0,590.0,1,0.09392,0.0,0.0,0.03996,0.22693,0.04332,0.03131,0.14612,0.01254,1e-05,0.12963,0.17374,0.06452,0.05289,0.17409,0.01254,1e-05,0.18232,0.18794,0.07668,0.06221,8,0.5,0.0,0.6463,21,4,0,7,3,0,-0.3486,-0.0208,0.0,,20.0
S5,Test0,212,minimal,250.47,66.42,8288923.0,0.0,-1,0,0.47869,0.3773,0.01517,0.0,0.0,0.25623,0.29039,0.64789,0.82627,0.12405,0.0,0.0,0.47006,0.53274,0.6594,0.95252,0.21258,0.0,0.0,0.53662,0.60817,0,,,0.0,0,0,0,0,0,0,0.0,0.0,0.0,,2.3
S4,F5EvAI,212,minimal,22.32,7.2,15667.0,0.0,558.0,1,0.09959,0.0,0.0,0.05808,0.20723,0.0449,0.0332,0.13325,0.0044,1e-05,0.19368,0.21518,0.06454,0.04589,0.14714,0.0044,1e-05,0.27789,0.19323,0.07229,0.05052,9,0.0,0.25,0.6443,0,19,7,0,1,3,0.0,-0.0597,-0.0387,template,18.4
S5,F5,212,minimal,46.98,12.78,21311.0,0.0,-1,0,0.10352,0.0,0.0,0.03694,0.32099,0.0515,0.03451,0.22276,0.02608,2e-05,0.16978,0.24222,0.09743,0.08295,0.26639,0.04068,3e-05,0.43121,0.30348,0.13354,0.10237,5,0.0,0.471,0.0,0,0,0,0,0,0,0.0,0.0,0.0,,16.6
S5,F5Ev,212,minimal,30.24,10.71,15667.0,0.0,588.0,1,0.10408,0.0,0.0,0.04606,0.23023,0.04686,0.03469,0.15813,0.0044,1e-05,0.13535,0.17621,0.06613,0.05418,0.18946,0.0044,1e-05,0.19944,0.17317,0.07894,0.06462,9,0.556,0.005,0.7768,18,7,0,10,4,0,-0.1854,-0.2395,0.0,,19.5
S1,Test0,213,minimal,269.55,153.27,4265635.0,0.0,-1,0,0.50738,0.31733,0.02084,0.0,0.0,0.24869,0.28185,0.63884,0.80997,0.09539,0.0,0.0,0.45418,0.51473,0.66615,0.95644,0.2915,0.0,0.0,0.56297,0.63803,0,,,0.0,0,0,0,0,0,0,0.0,0.0,0.0,,2.8
S5,F5EvAI,212,minimal,24.3,8.73,15667.0,0.0,574.0,1,0.10128,0.0,0.0,0.05439,0.2127,0.0455,0.03376,0.14256,0.0044,2e-05,0.20694,0.19316,0.06676,0.04899,0.15813,0.0044,2e-05,0.29792,0.16027,0.07476,0.05418,10,0.38,0.068,0.77,10,11,4,9,3,2,-0.0203,-0.0771,-0.0179,template,20.2
S1,F5Ev,213,minimal,2.79,2.52,0.0,0.0,66.0,1,,,,,,,,,,,,,,,0.02023,0.0,0.0,0.00835,0.46919,0.03404,0.00674,7,0.25,0.0,0.6683,0,2,0,0,2,0,0.0,-0.1411,0.0,,2.5
S1,F5,213,minimal,180.27,107.55,1558414.0,0.0,-1,0,0.34397,0.30099,0.00511,0.11801,0.29448,0.21546,0.21669,0.477,0.44147,0.00731,0.5891,0.25184,0.32176,0.30859,0.57163,0.44691,0.00919,1.0,0.23913,0.37517,0.34258,5,0.019,0.165,0.0,0,0,0,0,0,0,0.0,0.0,0.0,,22.0
S2,Test0,213,minimal,269.46,153.27,4265635.0,0.0,-1,0,0.52976,0.34455,0.02126,0.0,0.0,0.2634,0.29852,0.666,0.95644,0.16967,0.0,0.0,0.52709,0.59737,0.66607,0.95644,0.29813,0.0,0.0,0.56489,0.64021,0,,,0.0,0,0,0,0,0,0,0.0,0.0,0.0,,2.9
S1,F5EvAI,213,minimal,174.87,104.76,1200795.0,0.0,-1,0,0.39255,0.30099,0.00581,0.13657,0.25068,0.22847,0.23312,0.49188,0.30644,0.00642,0.69885,0.22182,0.29084,0.26824,0.56417,0.38811,0.00942,1.0,0.20947,0.354,0.32057,8,0.189,0.02,0.5154,22,5,3,11,3,0,-0.3629,-0.086,0.0,template,30.0
S2,F5,213,minimal,171.63,100.8,1360524.0,0.0,-1,0,0.43656,0.27921,0.00394,0.1727,0.18781,0.23289,0.2399,0.5271,0.30099,0.00503,0.77203,0.22238,0.30353,0.2777,0.55957,0.43058,0.00779,1.0,0.2114,0.36477,0.33264,5,0.138,0.2,0.0,0,0,0,0,0,0,0.0,0.0,0.0,,19.6
S2,F5Ev,213,minimal,216.63,123.39,1081589.0,0.0,-1,0,0.44159,0.2901,0.00443,0.17944,0.18101,0.23771,0.24538,0.53601,0.30099,0.00523,0.77889,0.15937,0.30291,0.28074,0.61592,0.36633,0.01162,1.0,0.13737,0.35922,0.33129,8,0.392,0.0,0.3799,22,9,0,14,3,0,-0.4369,-0.1246,0.0,,30.8
S3,Test0,213,minimal,256.05,79.38,7633184.0,0.0,-1,0,0.55023,0.51987,0.02404,0.0,0.0,0.32181,0.36472,0.66207,0.93492,0.14164,0.0,0.0,0.51136,0.57954,0.66302,0.94427,0.19862,0.0,0.0,0.53115,0.60197,0,,,0.0,0,0,0,0,0,0,0.0,0.0,0.0,,2.4
S2,F5EvAI,213,minimal,215.37,122.4,1119750.0,0.0,-1,0,0.43593,0.27921,0.00434,0.17444,0.1763,0.23224,0.23982,0.59056,0.31733,0.0074,0.64897,0.13458,0.31529,0.3051,0.61454,0.36088,0.00992,1.0,0.20647,0.36077,0.32844,8,0.393,0.049,0.3077,15,12,3,6,3,0,-0.1192,-0.1081,0.0,template,32.8
S3,F5,213,minimal,88.02,18.45,1182659.0,0.0,-1,0,0.29463,0.07605,0.00105,0.06054,0.26963,0.12875,0.12391,0.3579,0.14399,0.00244,0.23571,0.31146,0.18052,0.16811,0.40347,0.22285,0.00299,0.42033,0.41203,0.23405,0.20977,5,0.008,0.271,0.0,0,0,0,0,0,0,0.0,0.0,0.0,,16.1
S3,F5EvAI,213,minimal,9.63,4.14,0.0,0.0,156.0,1,0.06043,0.0,0.0,0.01873,0.32535,0.03801,0.02014,,,,,,,,0.0689,0.0,0.0,0.03303,0.27285,0.03826,0.02297,8,0.173,0.0,0.4809,0,3,4,0,0,3,0.0,0.0,-0.1807,template,6.4
S4,Test0,213,minimal,256.05,79.38,7633184.0,0.0,-1,0,0.57855,0.61524,0.0317,0.0,0.0,0.36044,0.4085,0.66302,0.94427,0.15472,0.0,0.0,0.51824,0.58734,0.66302,0.94427,0.20514,0.0,0.0,0.53307,0.60414,0,,,0.0,0,0,0,0,0,0,0.0,0.0,0.0,,2.3
S3,F5Ev,213,minimal,78.3,19.89,724105.0,0.0,-1,0,0.05242,0.0,0.0,0.01709,0.35093,0.03707,0.01747,0.28733,0.05672,0.00069,0.09924,0.17169,0.11733,0.11491,0.37565,0.1362,0.00126,0.29079,0.1581,0.17732,0.17104,8,0.558,0.0,0.6259,20,9,0,13,3,0,-0.8757,-0.2098,0.0,,24.9
S4,F5,213,minimal,84.15,12.33,1195779.0,0.0,-1,0,0.29908,0.05828,0.00114,0.1107,0.31717,0.13061,0.1195,0.38884,0.16095,0.00291,0.39032,0.3523,0.20624,0.18423,0.39269,0.16406,0.00308,0.64112,0.41939,0.22704,0.18661,5,0.008,0.325,0.0,0,0,0,0,0,0,0.0,0.0,0.0,,16.0
S4,F5Ev,213,minimal,83.61,23.22,714513.0,0.0,-1,0,0.07722,0.0,0.0,0.04071,0.3547,0.04597,0.02574,0.34481,0.09974,0.00116,0.27247,0.19722,0.15872,0.14857,0.39116,0.13308,0.00139,0.53045,0.15636,0.195,0.17521,8,0.602,0.0,0.6329,26,4,0,12,3,0,-0.9381,-0.2757,0.0,,25.3
S4,F5EvAI,213,minimal,23.13,12.78,58844.0,0.0,534.0,1,0.08365,0.0,0.0,0.04435,0.31115,0.04551,0.02788,0.1362,0.0,0.0,0.23787,0.19121,0.0653,0.0454,0.15091,0.01465,4e-05,0.3212,0.20539,0.07968,0.0552,8,0.172,0.0,0.6279,12,5,7,4,0,3,-0.2088,0.0,-0.2185,template,19.4
S5,Test0,213,minimal,256.05,79.38,7633184.0,0.0,-1,0,0.57855,0.61524,0.0317,0.0,0.0,0.36044,0.4085,0.66302,0.94427,0.15472,0.0,0.0,0.51824,0.58734,0.66302,0.94427,0.20514,0.0,0.0,0.53307,0.60414,0,,,0.0,0,0,0,0,0,0,0.0,0.0,0.0,,2.3
S5,F5,213,minimal,99.0,25.11,1249807.0,0.0,-1,0,0.27337,0.04426,0.00052,0.10928,0.28471,0.11675,0.10605,0.36745,0.11613,0.00116,0.37285,0.27307,0.18057,0.16158,0.43205,0.23469,0.00269,0.71858,0.2327,0.25285,0.22314,5,0.008,0.233,0.0,0,0,0,0,0,0,0.0,0.0,0.0,,16.8
S5,F5Ev,213,minimal,90.54,25.38,732706.0,0.0,-1,0,0.07722,0.0,0.0,0.03976,0.37617,0.04718,0.02574,0.35215,0.09412,0.00114,0.28318,0.19728,0.15985,0.14914,0.41028,0.15459,0.00147,0.63502,0.14661,0.21255,0.18878,9,0.275,0.0,0.6253,20,12,0,11,4,0,-0.7079,-0.3036,0.0,,23.9
S1,Test0,214,minimal,261.9,123.57,4112854.0,0.0,-1,0,0.43535,0.16096,0.00077,0.0,0.0,0.17561,0.19903,0.63368,0.57172,0.04482,0.0,0.0,0.36771,0.41674,0.65726,0.91272,0.22158,0.0,0.0,0.52693,0.59719,0,,,0.0,0,0,0,0,0,0,0.0,0.0,0.0,,2.7
S5,F5EvAI,213,minimal,87.03,21.96,577770.0,0.0,-1,0,0.06408,0.0,0.0,0.06599,0.32321,0.04174,0.02136,0.31792,0.04675,0.00023,0.35855,0.20815,0.14066,0.12164,0.40075,0.12953,0.00091,0.89234,0.16838,0.21863,0.17706,11,0.263,0.021,0.7106,14,14,6,14,4,2,-0.5585,-0.3966,-0.1827,template,24.5
S1,F5,214,minimal,55.26,41.85,0.0,0.0,-1,0,0.16735,0.0,0.0,0.09437,0.37232,0.07667,0.05578,0.2741,0.0,0.0,0.39203,0.30222,0.12146,0.09137,0.28806,0.0,0.0,0.89174,0.29744,0.15468,0.09602,5,0.0,0.5,0.0,0,0,0,0,0,0,0.0,0.0,0.0,,17.8
S1,F5EvAI,214,minimal,56.7,43.38,0.0,0.0,-1,0,0.16598,0.0,0.0,0.09567,0.32508,0.07357,0.05533,0.25558,0.0,0.0,0.42273,0.28169,0.11661,0.08519,0.29336,0.0,0.0,0.95056,0.2798,0.15866,0.09779,8,0.0,0.5,0.4648,0,47,7,0,1,2,0.0,-0.0152,-0.0117,template,20.8
S1,F5Ev,214,minimal,65.52,51.66,0.0,0.0,-1,0,0.15718,0.0,0.0,0.09167,0.3237,0.07066,0.05239,0.25228,0.0,0.0,0.37528,0.26288,0.11174,0.08409,0.3242,0.0,0.0,0.96451,0.24271,0.16637,0.10807,7,0.25,0.008,0.4999,28,2,0,12,2,0,-0.0426,0.0156,0.0,,27.8
S2,Test0,214,minimal,261.9,123.57,4112854.0,0.0,-1,0,0.5168,0.16096,0.00077,0.0,0.0,0.19957,0.22618,0.63412,0.57172,0.04487,0.0,0.0,0.36786,0.4169,0.65726,0.91272,0.22124,0.0,0.0,0.52683,0.59707,0,,,0.0,0,0,0,0,0,0,0.0,0.0,0.0,,2.9
S2,F5,214,minimal,221.04,107.19,249449.0,0.0,-1,0,0.31782,0.0,0.0,0.23078,0.3091,0.12524,0.10594,0.45088,0.0,0.0,0.83026,0.221,0.19445,0.15029,0.61809,0.16693,0.00117,1.0,0.16028,0.29948,0.26206,5,0.146,0.5,0.0,0,0,0,0,0,0,0.0,0.0,0.0,,19.4
S2,F5Ev,214,minimal,223.92,110.52,263013.0,0.0,-1,0,0.33574,0.0,0.0,0.22955,0.24817,0.12685,0.11191,0.49959,0.0,0.0,0.82395,0.19615,0.20694,0.16653,0.62115,0.18004,0.00109,1.0,0.13663,0.30283,0.26743,7,0.381,0.016,0.3709,24,6,0,15,2,0,-0.0872,0.018,0.0,,29.4
S3,Test0,214,minimal,210.51,53.64,6819856.0,0.0,-1,0,0.1258,0.08059,0.00186,0.0,0.0,0.06125,0.06942,0.49745,0.48353,0.0293,0.0,0.0,0.29714,0.33676,0.62034,0.82079,0.14463,0.0,0.0,0.4664,0.52859,0,,,0.0,0,0,0,0,0,0,0.0,0.0,0.0,,2.0
S2,F5EvAI,214,minimal,208.26,105.39,171449.0,0.0,-1,0,0.31844,0.0,0.0,0.23081,0.29071,0.12434,0.10615,0.42091,0.0,0.0,0.83017,0.24524,0.18706,0.1403,0.60394,0.155,0.00069,1.0,0.18308,0.29301,0.25321,12,0.162,0.315,0.5518,7,29,3,6,7,0,-0.0364,-0.019,0.0,template,27.9
S3,F5,214,minimal,4.5,0.81,0.0,0.0,-1,0,0.01986,0.0,0.0,0.00885,0.4426,0.0324,0.00662,0.02718,0.0,0.0,0.02445,0.52292,0.04019,0.00906,0.03375,0.0,0.0,0.04629,0.35946,0.03379,0.01125,5,0.0,0.025,0.0,0,0,0,0,0,0,0.0,0.0,0.0,,17.3
S3,F5EvAI,214,minimal,2.61,0.18,0.0,0.0,54.0,1,,,,,,,,,,,,,,,0.01986,0.0,0.0,0.00325,0.34885,0.02655,0.00662,6,0.0,0.0,0.1018,0,1,2,0,1,0,0.0,0.0041,0.0,template,2.9
S3,F5Ev,214,minimal,3.96,0.72,0.0,0.0,166.0,1,0.02916,0.0,0.0,0.00898,0.31058,0.02737,0.00972,,,,,,,,0.02982,0.0,0.0,0.01156,0.28559,0.02625,0.00994,7,0.25,0.0,0.5827,5,2,0,5,2,0,0.0397,0.0007,0.0,,6.7
S4,Test0,214,minimal,210.51,53.64,6819856.0,0.0,-1,0,0.29742,0.16621,0.0048,0.0,0.0,0.13778,0.15615,0.607,0.74323,0.05716,0.0,0.0,0.41394,0.46913,0.62034,0.82079,0.14901,0.0,0.0,0.46769,0.53005,0,,,0.0,0,0,0,0,0,0,0.0,0.0,0.0,,2.1
S4,F5Ev,214,minimal,5.76,1.62,0.0,0.0,166.0,1,0.04215,0.0,0.0,0.0234,0.33633,0.03356,0.01405,,,,,,,,0.0428,0.0,0.0,0.02938,0.292,0.03149,0.01427,8,0.25,0.0,0.5567,4,3,0,4,3,0,-0.0016,-0.0344,0.0,,6.5
S4,F5EvAI,214,minimal,10.98,1.98,58594.0,0.0,194.0,1,0.07316,0.01847,0.00011,0.05324,0.24791,0.0447,0.03058,,,,,,,,0.07853,0.02518,0.00012,0.08744,0.18603,0.04663,0.03461,8,0.147,0.0,0.642,3,3,3,3,1,2,-0.0582,-0.0356,-0.029,template,8.6
S4,F5,214,minimal,10.71,1.89,29297.0,0.0,-1,0,0.05418,0.01007,0.00021,0.03875,0.39991,0.04476,0.02149,0.06834,0.01343,0.00034,0.11999,0.40776,0.05519,0.02737,0.07675,0.01343,0.00036,0.1949,0.42358,0.06301,0.03018,5,0.0,0.263,0.0,0,0,0,0,0,0,0.0,0.0,0.0,,17.6
S5,Test0,214,minimal,210.51,53.64,6819856.0,0.0,-1,0,0.29742,0.16621,0.0048,0.0,0.0,0.13778,0.15615,0.607,0.74323,0.05716,0.0,0.0,0.41394,0.46913,0.62034,0.82079,0.14901,0.0,0.0,0.46769,0.53005,0,,,0.0,0,0,0,0,0,0,0.0,0.0,0.0,,2.2
S5,F5Ev,214,minimal,12.24,2.7,131746.0,0.0,272.0,1,0.07436,0.0235,0.00012,0.03427,0.28338,0.04751,0.03266,,,,,,,,0.08676,0.04667,0.00019,0.06427,0.27487,0.05925,0.04454,9,0.239,0.0,0.604,7,5,0,7,4,0,-0.0794,-0.0215,0.0,,10.6
S5,F5,214,minimal,12.87,2.34,80567.0,0.0,-1,0,0.06162,0.01007,0.00021,0.04214,0.36259,0.04496,0.02397,0.07794,0.01847,0.00031,0.1202,0.41229,0.05977,0.03224,0.09082,0.03727,0.00046,0.18156,0.33937,0.06845,0.04285,5,0.0,0.117,0.0,0,0,0,0,0,0,0.0,0.0,0.0,,17.6
S1,Test0,215,minimal,280.44,131.31,4444444.0,0.0,-1,0,0.26349,0.0,0.0,0.0,0.0,0.0775,0.08783,0.59463,0.91015,0.12983,0.0,0.0,0.48077,0.54487,0.66603,1.0,0.27174,0.0,0.0,0.56993,0.64592,0,,,0.0,0,0,0,0,0,0,0.0,0.0,0.0,,2.7
S5,F5EvAI,214,minimal,12.06,2.52,65918.0,0.0,266.0,1,0.07496,0.01847,0.00011,0.05114,0.25821,0.04571,0.03118,,,,,,,,0.0856,0.02854,0.00013,0.1107,0.22169,0.05316,0.03809,9,0.065,0.0,0.6602,4,4,4,4,2,2,-0.054,-0.0594,-0.0241,template,11.6
S1,F5Ev,215,minimal,0.36,0.36,0.0,0.0,42.0,1,,,,,,,,,,,,,,,0.00255,0.0,0.0,0.00166,0.70198,0.04214,0.00085,7,0.25,0.0,0.6472,0,2,0,0,2,0,0.0,0.0397,0.0,,1.9
S1,F5EvAI,215,minimal,0.36,0.36,0.0,0.0,50.0,1,,,,,,,,,,,,,,,0.00255,0.0,0.0,0.00178,0.70704,0.04245,0.00085,6,0.0,0.15,0.2504,0,1,2,0,1,0,0.0,0.0387,0.0,template,2.8
S2,Test0,215,minimal,280.44,131.31,4444444.0,0.0,-1,0,0.49425,0.26372,0.00362,0.0,0.0,0.224,0.25387,0.66545,0.97148,0.1743,0.0,0.0,0.53271,0.60374,0.66603,1.0,0.29816,0.0,0.0,0.5777,0.65473,0,,,0.0,0,0,0,0,0,0,0.0,0.0,0.0,,2.9
S1,F5,215,minimal,0.9,0.81,0.0,0.0,-1,0,0.00255,0.0,0.0,0.00496,0.91299,0.05475,0.00085,0.00383,0.0,0.0,0.01782,0.90731,0.05554,0.00128,0.00636,0.0,0.0,0.03796,0.89667,0.05685,0.00212,5,0.0,0.246,0.0,0,0,0,0,0,0,0.0,0.0,0.0,,18.3
S2,F5,215,minimal,248.76,115.02,1743393.0,0.0,-1,0,0.14827,0.03007,0.00013,0.12583,0.33025,0.07932,0.05949,0.40488,0.24482,0.00265,0.60576,0.22938,0.24099,0.21745,0.63885,0.52315,0.00803,1.0,0.14695,0.41159,0.39001,5,0.327,0.215,0.0,0,0,0,0,0,0,0.0,0.0,0.0,,20.1
S2,F5Ev,215,minimal,190.53,81.45,2018069.0,0.0,-1,0,0.15243,0.03007,0.00027,0.13105,0.28059,0.07797,0.06092,0.54795,0.37832,0.00409,0.6839,0.1689,0.3238,0.31012,0.57535,0.59789,0.00755,1.0,0.20202,0.418,0.39359,9,0.539,0.0,0.3241,26,4,0,16,4,0,-0.5184,0.0119,0.0,,31.8
S3,Test0,215,minimal,269.19,84.6,8888889.0,0.0,-1,0,0.36267,0.24315,0.01079,0.0,0.0,0.18136,0.20554,0.61699,0.92682,0.12606,0.0,0.0,0.49114,0.55662,0.66511,1.0,0.23705,0.0,0.0,0.55946,0.63405,0,,,0.0,0,0,0,0,0,0,0.0,0.0,0.0,,2.4
S2,F5EvAI,215,minimal,260.46,123.84,1837035.0,0.0,-1,0,0.14827,0.03007,0.00013,0.13885,0.30067,0.07834,0.05949,0.20705,0.07731,0.00049,0.71715,0.25784,0.14113,0.09495,0.64939,0.58071,0.01135,1.0,0.10939,0.43039,0.41381,11,0.369,0.05,0.6788,18,8,6,14,2,4,-0.8412,-0.1045,-0.0447,template,31.7
S3,F5,215,minimal,2.43,1.53,0.0,0.0,-1,0,0.0066,0.0,0.0,0.00566,0.59039,0.037,0.0022,0.01311,0.0,0.0,0.01975,0.53807,0.03667,0.00437,0.01761,0.0,0.0,0.04888,0.58202,0.04229,0.00587,5,0.0,0.4,0.0,0,0,0,0,0,0,0.0,0.0,0.0,,17.8
S3,F5EvAI,215,minimal,15.93,6.84,107333.0,0.0,-1,0,0.01569,0.0,0.0,0.00724,0.40491,0.02886,0.00523,0.03585,0.0,0.0,0.06469,0.26239,0.02978,0.01195,0.10517,0.01872,0.00011,0.19047,0.21025,0.06004,0.04134,9,0.004,0.492,0.5808,0,49,6,0,2,2,0.0,-0.078,-0.024,template,14.2
S4,Test0,215,minimal,269.46,84.69,8888889.0,0.0,-1,0,0.50248,0.4643,0.03109,0.0,0.0,0.29349,0.33262,0.66504,1.0,0.20078,0.0,0.0,0.54877,0.62194,0.66533,1.0,0.26516,0.0,0.0,0.56779,0.6435,0,,,0.0,0,0,0,0,0,0,0.0,0.0,0.0,,1.6
S3,F5Ev,215,minimal,40.77,9.0,703556.0,0.0,-1,0,0.01569,0.0,0.0,0.00682,0.43975,0.03088,0.00523,0.19808,0.0724,0.00102,0.08066,0.27834,0.10097,0.0905,0.23124,0.08706,0.0015,0.19355,0.22142,0.11847,0.1066,8,0.18,0.09,0.6475,16,22,0,14,3,0,-0.3293,-0.0401,0.0,,17.9
S4,F5,215,minimal,39.6,12.6,1349606.0,0.0,-1,0,0.0432,0.00156,0.0,0.02927,0.46921,0.04249,0.01492,0.09222,0.05461,0.00095,0.12045,0.32277,0.06954,0.04926,0.2261,0.15344,0.00271,0.33686,0.28837,0.14921,0.12742,5,0.004,0.604,0.0,0,0,0,0,0,0,0.0,0.0,0.0,,12.1
S4,F5Ev,215,minimal,58.32,19.89,1328783.0,0.0,-1,0,0.05164,0.00156,0.0,0.05058,0.2731,0.03469,0.01773,0.25037,0.13325,0.00185,0.3426,0.18233,0.14425,0.12849,0.30084,0.15883,0.00241,0.75754,0.15712,0.18971,0.15403,8,0.367,0.171,0.5852,26,3,0,20,3,0,-0.9289,-0.1019,0.0,,18.8
S5,Test0,215,minimal,269.46,84.69,8888889.0,0.0,-1,0,0.50248,0.4643,0.03109,0.0,0.0,0.29349,0.33262,0.66504,1.0,0.20078,0.0,0.0,0.54877,0.62194,0.66533,1.0,0.26516,0.0,0.0,0.56779,0.6435,0,,,0.0,0,0,0,0,0,0,0.0,0.0,0.0,,1.6
S4,F5EvAI,215,minimal,48.87,14.67,940185.0,0.0,-1,0,0.04076,0.00156,0.0,0.0886,0.17217,0.02779,0.01411,0.23978,0.09206,0.00112,0.56098,0.18123,0.14159,0.11099,0.26501,0.13418,0.00163,1.0,0.16878,0.18664,0.13361,11,0.333,0.096,0.6553,21,6,3,15,4,2,-0.4773,-0.1089,-0.0065,template,19.9
S5,F5,215,minimal,48.6,15.03,827106.0,0.0,-1,0,0.04744,0.00468,6e-05,0.03323,0.42355,0.04222,0.01739,0.1041,0.03885,0.00035,0.14321,0.34203,0.07069,0.04777,0.26393,0.12279,0.00154,0.4186,0.25306,0.1537,0.12942,5,0.004,0.483,0.0,0,0,0,0,0,0,0.0,0.0,0.0,,11.3
S5,F5EvAI,215,minimal,6.48,3.6,31320.0,0.0,120.0,1,0.04563,0.00468,6e-05,0.09526,0.24833,0.03503,0.01679,,,,,,,,0.04563,0.00468,6e-05,0.09526,0.24833,0.03503,0.01679,9,0.1,0.175,0.5125,0,2,3,0,2,2,0.0,-0.1509,-0.0069,template,3.7
S1,Test0,216,minimal,276.75,140.31,4444444.0,0.0,-1,0,0.32551,0.21437,0.00466,0.0,0.0,0.16016,0.18151,0.65814,0.83696,0.09662,0.0,0.0,0.46815,0.53057,0.66667,1.0,0.2272,0.0,0.0,0.55702,0.63129,0,,,0.0,0,0,0,0,0,0,0.0,0.0,0.0,,1.9
S5,F5Ev,215,minimal,56.16,18.99,978922.0,0.0,-1,0,0.05164,0.00156,0.0,0.04767,0.28974,0.03549,0.01773,0.25409,0.11171,0.00145,0.35274,0.19202,0.14006,0.12242,0.29296,0.12732,0.0017,0.73734,0.15512,0.17661,0.14066,8,0.396,0.05,0.6213,24,7,0,17,3,0,-0.8234,-0.1836,0.0,,18.4
S1,F5,216,minimal,80.1,51.66,346552.0,0.0,-1,0,0.0724,0.0,0.0,0.02959,0.58431,0.05741,0.02413,0.29746,0.0742,0.00152,0.24127,0.29089,0.14107,0.1244,0.36663,0.13501,0.002,0.70248,0.30537,0.20742,0.16788,5,0.0,0.202,0.0,0,0,0,0,0,0,0.0,0.0,0.0,,14.5
S1,F5Ev,216,minimal,203.49,96.48,1204853.0,0.0,-1,0,0.06221,0.0,0.0,0.02992,0.50379,0.04969,0.02074,0.28869,0.06905,0.00064,0.25171,0.27953,0.13666,0.11946,0.59523,0.38236,0.0053,0.96365,0.21092,0.35818,0.32763,9,0.083,0.0,0.5542,10,34,0,9,4,0,-0.3592,-0.0266,0.0,,17.0
S2,Test0,216,minimal,276.75,140.31,4444444.0,0.0,-1,0,0.43671,0.33701,0.0043,0.0,0.0,0.22883,0.25934,0.66659,1.0,0.17156,0.0,0.0,0.54063,0.61272,0.66667,1.0,0.26119,0.0,0.0,0.56702,0.64262,0,,,0.0,0,0,0,0,0,0,0.0,0.0,0.0,,1.9
S1,F5EvAI,216,minimal,95.94,41.13,685892.0,0.0,-1,0,0.07072,0.0,0.0,0.03108,0.45424,0.04935,0.02357,0.12963,0.01546,0.0,0.15114,0.40637,0.07547,0.04836,0.40945,0.24425,0.00233,0.58521,0.34467,0.24765,0.21868,8,0.016,0.024,0.5034,2,45,3,2,3,0,-0.0568,0.0026,0.0,template,16.7
S2,F5,216,minimal,105.21,68.76,371933.0,0.0,-1,0,0.08346,0.0,0.0,0.05487,0.58164,0.06199,0.02782,0.20727,0.00515,0.0,0.34951,0.41029,0.10717,0.07081,0.43192,0.15665,0.00098,1.0,0.20422,0.24424,0.19652,5,0.067,0.175,0.0,0,0,0,0,0,0,0.0,0.0,0.0,,13.2
S2,F5Ev,216,minimal,111.87,75.51,307613.0,0.0,-1,0,0.06903,0.0,0.0,0.056,0.49957,0.05298,0.02301,0.21376,0.0,0.0,0.38626,0.30044,0.10326,0.07125,0.44704,0.14944,0.00068,1.0,0.17993,0.24504,0.19905,8,0.238,0.0,0.5348,27,3,0,19,3,0,-0.9331,0.0086,0.0,,22.3
S3,Test0,216,minimal,256.86,64.89,8872242.0,0.0,-1,0,0.25904,0.13117,0.00209,0.0,0.0,0.11538,0.13077,0.53745,0.63912,0.03058,0.0,0.0,0.35505,0.40238,0.65912,1.0,0.17096,0.0,0.0,0.53826,0.61003,0,,,0.0,0,0,0,0,0,0,0.0,0.0,0.0,,1.4
S2,F5EvAI,216,minimal,114.39,79.29,134770.0,0.0,-1,0,0.07685,0.0,0.0,0.08295,0.4935,0.05651,0.02562,0.15266,0.00515,0.0,0.45129,0.31394,0.09143,0.0526,0.45255,0.05668,0.0003,1.0,0.19011,0.21987,0.16985,10,0.204,0.004,0.578,22,4,5,12,3,2,-0.3223,-0.0075,0.0107,template,21.2
S3,F5,216,minimal,8.28,3.06,0.0,0.0,-1,0,0.05506,0.0,0.0,0.0187,0.5533,0.04984,0.01835,0.05627,0.0,0.0,0.0583,0.56683,0.05332,0.01876,0.05867,0.0,0.0,0.09169,0.6344,0.05997,0.01956,5,0.0,0.246,0.0,0,0,0,0,0,0,0.0,0.0,0.0,,12.5
S3,F5Ev,216,minimal,8.28,3.24,0.0,0.0,188.0,1,0.05747,0.0,0.0,0.01697,0.48614,0.0465,0.01916,,,,,,,,0.05867,0.0,0.0,0.02082,0.40508,0.04231,0.01956,8,0.5,0.0,0.7875,3,5,0,1,3,0,0.0124,0.0126,0.0,,4.9
S4,Test0,216,minimal,264.51,72.45,8888889.0,0.0,-1,0,0.58794,0.73849,0.0345,0.0,0.0,0.40028,0.45365,0.65746,1.0,0.17068,0.0,0.0,0.53769,0.60938,0.66569,1.0,0.21968,0.0,0.0,0.55452,0.62846,0,,,0.0,0,0,0,0,0,0,0.0,0.0,0.0,,1.8
S3,F5EvAI,216,minimal,8.28,3.24,0.0,0.0,160.0,1,0.05747,0.0,0.0,0.01616,0.45551,0.04465,0.01916,,,,,,,,0.05867,0.0,0.0,0.01873,0.3662,0.0399,0.01956,6,0.125,0.054,0.5308,1,3,3,1,1,0,0.0134,0.0073,0.0,template,4.6
S4,F5,216,minimal,100.08,22.5,1464076.0,0.0,-1,0,0.37905,0.21373,0.00189,0.18857,0.22349,0.19914,0.19822,0.41752,0.27835,0.0028,0.49214,0.32133,0.25334,0.23289,0.42968,0.31109,0.00352,0.76147,0.37952,0.28603,0.2481,5,0.004,0.258,0.0,0,0,0,0,0,0,0.0,0.0,0.0,,12.3
S4,F5Ev,216,minimal,113.94,33.93,1030462.0,0.0,-1,0,0.37722,0.18655,0.00169,0.23057,0.21654,0.19261,0.18848,0.43056,0.24145,0.0019,0.57283,0.14455,0.24041,0.22464,0.46171,0.25652,0.00197,0.97818,0.24363,0.28369,0.24007,8,0.7,0.004,0.7156,22,8,0,15,3,0,-0.442,-0.2308,0.0,,19.8
S5,Test0,216,minimal,264.51,72.45,8888889.0,0.0,-1,0,0.58794,0.73849,0.0345,0.0,0.0,0.40028,0.45365,0.65746,1.0,0.17068,0.0,0.0,0.53769,0.60938,0.66569,1.0,0.21968,0.0,0.0,0.55452,0.62846,0,,,0.0,0,0,0,0,0,0,0.0,0.0,0.0,,1.9
S4,F5EvAI,216,minimal,139.86,38.7,1515548.0,0.0,-1,0,0.40556,0.25324,0.00194,0.18238,0.1914,0.21632,0.22025,0.48839,0.35127,0.00313,0.62506,0.24385,0.29899,0.28093,0.51287,0.38943,0.00322,1.0,0.19645,0.33671,0.30184,12,0.238,0.121,0.7385,12,14,5,11,4,3,-0.1194,-0.2024,0.0036,template,20.1
S5,F5,216,minimal,105.57,24.75,1506599.0,0.0,-1,0,0.3873,0.23114,0.00216,0.19364,0.26945,0.20977,0.20687,0.43078,0.28511,0.00295,0.49274,0.37886,0.26269,0.23961,0.44281,0.3119,0.00389,0.8439,0.45533,0.29954,0.25286,5,0.008,0.175,0.0,0,0,0,0,0,0,0.0,0.0,0.0,,12.9
S5,F5Ev,216,minimal,96.84,22.5,1054177.0,0.0,-1,0,0.30704,0.14798,0.00091,0.15062,0.27137,0.15892,0.15198,0.33633,0.17644,0.00112,0.25877,0.13692,0.17442,0.1713,0.42163,0.26422,0.00191,0.52124,0.31485,0.25147,0.22926,9,0.402,0.078,0.6849,21,10,0,15,4,0,-0.406,-0.3095,0.0,,20.1
S1,Test0,217,minimal,272.61,130.59,4444444.0,0.0,-1,0,0.52959,0.20151,0.00548,0.0,0.0,0.21664,0.24553,0.66667,1.0,0.16083,0.0,0.0,0.5375,0.60917,0.66667,1.0,0.27758,0.0,0.0,0.57184,0.64808,0,,,0.0,0,0,0,0,0,0,0.0,0.0,0.0,,2.1
S5,F5EvAI,216,minimal,107.91,31.41,1108230.0,0.0,-1,0,0.37325,0.19485,0.00211,0.17823,0.21504,0.19084,0.19007,0.4189,0.23241,0.00239,0.46843,0.21818,0.23265,0.2179,0.44822,0.24078,0.00245,0.86393,0.29901,0.27178,0.23049,11,0.275,0.1,0.6804,16,13,4,10,3,3,-0.1862,-0.0679,0.0082,template,19.6
S1,F5,217,minimal,122.76,75.96,0.0,0.0,-1,0,0.32734,0.0,0.0,0.14455,0.39218,0.12785,0.10911,0.44957,0.0,0.0,0.68298,0.36909,0.19411,0.14986,0.47386,0.0,0.0,1.0,0.36929,0.21992,0.15795,5,0.192,0.486,0.0,0,0,0,0,0,0,0.0,0.0,0.0,,14.2
S1,F5Ev,217,minimal,199.71,107.91,558428.0,0.0,-1,0,0.31917,0.0,0.0,0.14583,0.36483,0.12391,0.10639,0.41173,0.0,0.0,0.61852,0.2432,0.17179,0.13724,0.59435,0.20991,0.00305,1.0,0.17377,0.30649,0.2691,9,0.545,0.011,0.398,26,4,0,16,4,0,-0.529,-0.0576,0.0,,22.2
S2,Test0,217,minimal,272.61,130.59,4444444.0,0.0,-1,0,0.53749,0.18472,0.00169,0.0,0.0,0.21291,0.2413,0.66512,0.90445,0.11964,0.0,0.0,0.49682,0.56307,0.66667,1.0,0.24974,0.0,0.0,0.56365,0.6388,0,,,0.0,0,0,0,0,0,0,0.0,0.0,0.0,,1.6
S1,F5EvAI,217,minimal,126.18,78.48,167528.0,0.0,-1,0,0.30639,0.0,0.0,0.14917,0.39242,0.12197,0.10213,0.44575,0.0,0.0,0.70831,0.26095,0.18812,0.14858,0.48071,0.06885,0.00055,1.0,0.23477,0.23443,0.18337,8,0.237,0.085,0.3677,21,5,3,11,3,0,-0.3785,-0.0727,0.0,template,22.4
S2,F5,217,minimal,240.48,119.16,1340227.0,0.0,-1,0,0.4638,0.09656,0.00215,0.20111,0.17733,0.1877,0.1875,0.62656,0.39043,0.00872,0.8004,0.15812,0.35806,0.3419,0.63824,0.4618,0.0144,1.0,0.18477,0.39747,0.37148,5,0.596,0.496,0.0,0,0,0,0,0,0,0.0,0.0,0.0,,13.9
S2,F5Ev,217,minimal,265.68,130.05,2425234.0,0.0,-1,0,0.32343,0.0,0.0,0.19598,0.35168,0.12734,0.10781,0.58895,0.26868,0.0035,0.74532,0.16975,0.3071,0.28704,0.66092,0.74601,0.04505,1.0,0.14275,0.49427,0.48399,9,0.579,0.014,0.4397,21,9,0,4,4,0,-0.0867,-0.0766,0.0,,20.9
S2,F5EvAI,217,minimal,205.56,115.2,1088934.0,0.0,-1,0,0.31978,0.0,0.0,0.19935,0.33039,0.12522,0.10659,0.56698,0.26868,0.00413,0.79871,0.1809,0.30462,0.27993,0.60129,0.38623,0.00721,1.0,0.14238,0.35977,0.33158,6,0.471,0.254,0.2546,20,11,3,10,1,0,-0.227,-0.0005,0.0,template,20.2
S3,Test0,217,minimal,177.84,27.36,5831444.0,0.0,-1,0,0.25311,0.07797,0.00188,0.0,0.0,0.09793,0.11099,0.50211,0.55078,0.03321,0.0,0.0,0.31944,0.36203,0.573,0.67257,0.13339,0.0,0.0,0.40558,0.45965,0,,,0.0,0,0,0,0,0,0,0.0,0.0,0.0,,1.5
S3,F5,217,minimal,11.16,0.18,0.0,0.0,84.0,1,,,,,,,,,,,,,,,0.07767,0.0,0.0,0.01249,0.30859,0.04173,0.02589,5,0.0,0.5,0.0,0,0,0,0,0,0,0.0,0.0,0.0,,1.5
S3,F5Ev,217,minimal,4.68,0.0,0.0,0.0,38.0,1,,,,,,,,,,,,,,,0.03411,0.0,0.0,0.00311,0.28801,0.02716,0.01137,7,0.312,0.0,0.7397,0,2,0,0,2,0,0.0,-0.0248,0.0,,1.1
S3,F5EvAI,217,minimal,4.5,0.0,0.0,0.0,38.0,1,,,,,,,,,,,,,,,0.03284,0.0,0.0,0.00285,0.27761,0.02616,0.01095,6,0.062,0.25,0.4857,0,0,2,0,0,1,0.0,0.0,-0.0464,template,1.7
S4,Test0,217,minimal,177.84,27.36,5831444.0,0.0,-1,0,0.28951,0.07797,0.00188,0.0,0.0,0.10864,0.12312,0.50513,0.56594,0.03466,0.0,0.0,0.32522,0.36858,0.573,0.67257,0.13633,0.0,0.0,0.40644,0.46063,0,,,0.0,0,0,0,0,0,0,0.0,0.0,0.0,,1.5
S4,F5,217,minimal,11.97,0.18,0.0,0.0,84.0,1,,,,,,,,,,,,,,,0.08284,0.0,0.0,0.02362,0.32289,0.04475,0.02761,5,0.0,0.357,0.0,0,0,0,0,0,0,0.0,0.0,0.0,,1.3
S4,F5Ev,217,minimal,11.61,0.18,0.0,0.0,84.0,1,,,,,,,,,,,,,,,0.08055,0.0,0.0,0.02585,0.29677,0.04267,0.02685,7,0.429,0.0,0.605,2,2,0,2,2,0,-0.0151,0.0126,0.0,,2.1
S5,Test0,217,minimal,177.84,27.36,5831444.0,0.0,-1,0,0.28951,0.07797,0.00188,0.0,0.0,0.10864,0.12312,0.50513,0.56594,0.03466,0.0,0.0,0.32522,0.36858,0.573,0.67257,0.13633,0.0,0.0,0.40644,0.46063,0,,,0.0,0,0,0,0,0,0,0.0,0.0,0.0,,1.5
S4,F5EvAI,217,minimal,11.7,0.18,0.0,0.0,84.0,1,,,,,,,,,,,,,,,0.08112,0.0,0.0,0.02412,0.31162,0.04361,0.02704,6,0.107,0.321,0.2117,0,1,3,0,1,0,0.0,-0.02,0.0,template,2.9
S5,F5Ev,217,minimal,11.88,0.18,0.0,0.0,84.0,1,,,,,,,,,,,,,,,0.08227,0.0,0.0,0.02657,0.26691,0.04146,0.02742,8,0.393,0.0,0.6382,1,3,0,1,3,0,-0.0195,0.0189,0.0,,2.1
S5,F5EvAI,217,minimal,13.14,0.45,0.0,0.0,124.0,1,0.09021,0.0,0.0,0.02954,0.32353,0.0473,0.03007,,,,,,,,0.09021,0.0,0.0,0.03067,0.28251,0.04495,0.03007,7,0.159,0.205,0.3356,1,2,3,1,2,0,0.0221,-0.0064,0.0,template,4.1
S1,Test0,218,minimal,267.75,113.4,4444444.0,0.0,-1,0,0.33452,0.12185,0.00032,0.0,0.0,0.13432,0.15223,0.61775,0.93665,0.07006,0.0,0.0,0.47778,0.54149,0.66629,1.0,0.19432,0.0,0.0,0.54724,0.6202,0,,,0.0,0,0,0,0,0,0,0.0,0.0,0.0,,2.0
S5,F5,217,minimal,14.13,0.45,0.0,0.0,-1,0,0.08112,0.0,0.0,0.03436,0.3505,0.0465,0.02704,0.08512,0.0,0.0,0.07244,0.50543,0.05903,0.02837,0.09635,0.0,0.0,0.11986,0.53876,0.06708,0.03212,5,0.0,0.546,0.0,0,0,0,0,0,0,0.0,0.0,0.0,,11.7
S1,F5Ev,218,minimal,5.76,2.16,0.0,0.0,308.0,1,0.03871,0.0,0.0,0.02357,0.33831,0.03267,0.0129,,,,,,,,0.04118,0.0,0.0,0.04345,0.32768,0.03394,0.01373,7,0.365,0.01,0.6692,11,2,0,11,2,0,0.1157,-0.0079,0.0,,8.7
S1,F5,218,minimal,70.92,30.33,0.0,0.0,-1,0,0.0623,0.0,0.0,0.03549,0.46386,0.0477,0.02077,0.22517,0.0,0.0,0.18067,0.31611,0.09545,0.07506,0.34592,0.01584,0.0,0.55316,0.45558,0.16574,0.12059,5,0.0,0.266,0.0,0,0,0,0,0,0,0.0,0.0,0.0,,13.4
S2,Test0,218,minimal,267.75,113.4,4444444.0,0.0,-1,0,0.56824,0.47936,0.01049,0.0,0.0,0.3112,0.3527,0.66592,1.0,0.15117,0.0,0.0,0.53444,0.6057,0.66629,1.0,0.20283,0.0,0.0,0.54974,0.62304,0,,,0.0,0,0,0,0,0,0,0.0,0.0,0.0,,2.1
S1,F5EvAI,218,minimal,10.53,3.33,0.0,0.0,250.0,1,0.06583,0.0,0.0,0.0443,0.33775,0.04184,0.02194,,,,,,,,0.07281,0.0,0.0,0.09375,0.35414,0.04776,0.02427,8,0.0,0.036,0.6051,0,8,6,0,2,1,0.0,0.0106,-0.002,template,7.0
S2,F5,218,minimal,172.53,69.57,231701.0,0.0,-1,0,0.412,0.13621,0.00044,0.24154,0.26014,0.19087,0.18288,0.52487,0.2306,0.00072,0.84069,0.18673,0.28285,0.25206,0.56267,0.257,0.00086,1.0,0.174,0.31039,0.27351,5,0.379,0.25,0.0,0,0,0,0,0,0,0.0,0.0,0.0,,14.3
S2,F5Ev,218,minimal,161.55,65.07,196054.0,0.0,-1,0,0.45018,0.20843,0.00057,0.24282,0.19766,0.21979,0.21973,0.51035,0.20843,0.00057,0.84199,0.18908,0.27222,0.23978,0.54642,0.25066,0.00062,1.0,0.16772,0.30331,0.2659,8,0.633,0.0,0.49,21,9,0,14,3,0,-0.6197,-0.052,0.0,,21.8
S3,Test0,218,minimal,231.57,63.27,8111111.0,0.0,-1,0,0.3649,0.21173,0.01341,0.0,0.0,0.17354,0.19668,0.64459,0.89364,0.12807,0.0,0.0,0.49009,0.55544,0.64575,0.90823,0.21696,0.0,0.0,0.52087,0.59031,0,,,0.0,0,0,0,0,0,0,0.0,0.0,0.0,,2.0
S3,F5,218,minimal,26.64,4.32,322463.0,0.0,-1,0,0.04338,0.0,0.0,0.01341,0.53554,0.04505,0.01446,0.04467,0.0,0.0,0.03956,0.59216,0.0503,0.01489,0.17335,0.08613,0.00073,0.11033,0.27362,0.09912,0.08674,5,0.0,0.443,0.0,0,0,0,0,0,0,0.0,0.0,0.0,,11.8
S3,F5Ev,218,minimal,26.19,2.88,167563.0,0.0,264.0,1,0.05554,0.0,0.0,0.01383,0.3013,0.03487,0.01851,,,,,,,,0.17093,0.07866,0.00029,0.07187,0.15577,0.08688,0.08329,8,0.67,0.011,0.7606,8,3,0,7,3,0,-0.1937,-0.1046,0.0,,7.0
S2,F5EvAI,218,minimal,176.94,71.91,302993.0,0.0,-1,0,0.41569,0.13621,0.00044,0.24158,0.22073,0.18964,0.18411,0.51951,0.2023,0.00057,0.84074,0.16842,0.27183,0.24079,0.56887,0.30831,0.0018,1.0,0.14283,0.32575,0.29299,7,0.812,0.025,0.3291,20,7,3,12,2,0,-0.406,-0.1043,0.0,template,22.1
S3,F5EvAI,218,minimal,6.21,0.72,0.0,0.0,96.0,1,,,,,,,,,,,,,,,0.04661,0.0,0.0,0.01692,0.31587,0.03328,0.01554,7,0.25,0.125,0.5938,1,1,2,1,1,1,-0.0385,-0.0215,-0.0106,template,2.5
S4,Test0,218,minimal,240.57,66.78,8111111.0,0.0,-1,0,0.53683,0.56091,0.02111,0.0,0.0,0.32907,0.37295,0.65443,0.90823,0.1673,0.0,0.0,0.50881,0.57665,0.65443,0.90823,0.22922,0.0,0.0,0.52702,0.59729,0,,,0.0,0,0,0,0,0,0,0.0,0.0,0.0,,1.8
S4,F5,218,minimal,66.78,26.73,1000078.0,0.0,-1,0,0.08493,0.0,0.0,0.04296,0.47858,0.05566,0.02831,0.32351,0.20334,0.00168,0.26161,0.24515,0.18526,0.17617,0.34456,0.22648,0.0022,0.49794,0.27638,0.21415,0.19108,5,0.0,0.575,0.0,0,0,0,0,0,0,0.0,0.0,0.0,,11.7
S4,F5Ev,218,minimal,67.68,27.09,559376.0,0.0,-1,0,0.08314,0.0,0.0,0.04199,0.3606,0.04814,0.02771,0.25377,0.1098,0.00042,0.25192,0.16808,0.13176,0.12133,0.34758,0.21402,0.00116,0.61252,0.12146,0.2087,0.18759,9,0.683,0.004,0.7367,24,6,0,14,4,0,-0.8241,-0.1443,0.0,,18.2
S5,Test0,218,minimal,240.57,66.78,8111111.0,0.0,-1,0,0.53683,0.56091,0.02111,0.0,0.0,0.32907,0.37295,0.65443,0.90823,0.1673,0.0,0.0,0.50881,0.57665,0.65443,0.90823,0.22922,0.0,0.0,0.52702,0.59729,0,,,0.0,0,0,0,0,0,0,0.0,0.0,0.0,,1.6
S4,F5EvAI,218,minimal,24.12,13.68,28254.0,1812.0,492.0,1,0.09606,0.0,0.0,0.0689,0.32001,0.05113,0.03202,0.15706,0.00819,0.00532,0.27191,0.27814,0.08253,0.05686,0.15957,0.00819,0.00901,0.33765,0.33949,0.09182,0.05893,12,0.055,0.043,0.7016,1,14,8,1,3,4,0.0083,-0.2091,-0.0351,template,12.7
S5,F5,218,minimal,86.22,27.09,986363.0,0.0,-1,0,0.11031,0.01691,0.00017,0.04747,0.37739,0.06246,0.04246,0.28296,0.1389,0.00062,0.22767,0.27529,0.15384,0.14083,0.4043,0.30553,0.00291,0.5159,0.21639,0.25271,0.23758,5,0.013,0.429,0.0,0,0,0,0,0,0,0.0,0.0,0.0,,12.9
S5,F5Ev,218,minimal,60.3,27.45,338243.0,0.0,-1,0,0.09024,0.0,0.0,0.05186,0.36856,0.05127,0.03008,0.27782,0.12507,0.00046,0.29031,0.14143,0.14403,0.13445,0.32188,0.15162,0.00056,0.57096,0.13554,0.18099,0.15802,8,0.471,0.029,0.6964,25,5,0,11,3,0,-0.7205,-0.1129,0.0,,17.9
S1,Test0,219,minimal,270.99,129.78,4444444.0,0.0,-1,0,0.53514,0.16057,0.00121,0.0,0.0,0.20498,0.23231,0.65975,0.9165,0.07235,0.0,0.0,0.48488,0.54953,0.66387,1.0,0.25109,0.0,0.0,0.56322,0.63832,0,,,0.0,0,0,0,0,0,0,0.0,0.0,0.0,,2.0
S1,F5,219,minimal,9.9,6.12,0.0,31.0,158.0,1,0.06616,0.0,7e-05,0.03687,0.60275,0.0571,0.02208,,,,,,,,0.0673,0.0,0.00011,0.04394,0.5756,0.05627,0.02247,5,0.0,0.054,0.0,0,0,0,0,0,0,0.0,0.0,0.0,,3.2
S5,F5EvAI,218,minimal,35.55,22.41,170413.0,1897.0,630.0,1,0.09722,0.01377,0.0,0.06458,0.30208,0.05421,0.03699,0.19227,0.0626,0.00024,0.32872,0.2343,0.10815,0.08504,0.21865,0.07407,0.00581,0.66402,0.15834,0.13618,0.09951,12,0.065,0.12,0.7374,3,16,13,3,2,5,-0.1525,-0.175,-0.021,template,16.2
S1,F5Ev,219,minimal,9.9,6.12,0.0,32.0,162.0,1,0.06444,0.0,7e-05,0.03764,0.52302,0.05195,0.0215,,,,,,,,0.0673,0.0,0.00011,0.04731,0.50053,0.05205,0.02247,7,0.286,0.0,0.4248,1,6,0,1,2,0,0.0259,0.0292,0.0,,4.1
S1,F5EvAI,219,minimal,9.72,5.94,0.0,32.0,166.0,1,0.06271,0.0,7e-05,0.04637,0.52441,0.05204,0.02093,,,,,,,,0.06616,0.0,0.00012,0.06274,0.51518,0.05349,0.02209,7,0.357,0.0,0.5582,2,2,3,1,1,1,0.0297,0.0232,-0.0012,template,4.9
S2,Test0,219,minimal,270.99,129.78,4444444.0,0.0,-1,0,0.53712,0.16057,0.00121,0.0,0.0,0.20556,0.23297,0.64393,0.8961,0.05767,0.0,0.0,0.46991,0.53257,0.66387,1.0,0.22112,0.0,0.0,0.55441,0.62833,0,,,0.0,0,0,0,0,0,0,0.0,0.0,0.0,,2.1
S2,F5,219,minimal,10.26,6.48,0.0,31.0,158.0,1,0.06844,0.0,7e-05,0.06746,0.60275,0.05957,0.02284,,,,,,,,0.06958,0.0,0.00011,0.07924,0.5756,0.05902,0.02323,5,0.0,0.107,0.0,0,0,0,0,0,0,0.0,0.0,0.0,,2.9
S2,F5Ev,219,minimal,10.26,6.48,0.0,32.0,162.0,1,0.06673,0.0,7e-05,0.06875,0.52347,0.05448,0.02227,,,,,,,,0.06958,0.0,0.00011,0.08485,0.50089,0.05495,0.02323,7,0.304,0.0,0.4248,1,6,0,1,2,0,0.0262,0.0294,0.0,,4.3
S3,Test0,219,minimal,260.73,61.74,8884444.0,0.0,-1,0,0.21166,0.17004,0.00223,0.0,0.0,0.11292,0.12798,0.59421,0.5731,0.0395,0.0,0.0,0.35495,0.40227,0.65871,0.95075,0.18325,0.0,0.0,0.52727,0.59757,0,,,0.0,0,0,0,0,0,0,0.0,0.0,0.0,,1.8
S3,F5,219,minimal,14.58,0.0,0.0,0.0,50.0,1,,,,,,,,,,,,,,,0.09741,0.0,0.0,0.01242,0.26119,0.04475,0.03247,5,0.0,0.3,0.0,0,0,0,0,0,0,0.0,0.0,0.0,,1.0
S2,F5EvAI,219,minimal,10.08,6.3,0.0,32.0,166.0,1,0.06501,0.0,7e-05,0.08458,0.52611,0.05507,0.02169,,,,,,,,0.06844,0.0,0.00012,0.11163,0.51701,0.05714,0.02285,7,0.339,0.036,0.5564,2,2,3,1,1,1,0.03,0.0235,-0.0007,template,5.0
S3,F5Ev,219,minimal,15.66,0.0,0.0,0.0,76.0,1,,,,,,,,,,,,,,,0.10388,0.0,0.0,0.01692,0.15529,0.04068,0.03463,8,0.281,0.0,0.6482,1,3,0,1,3,0,0.0139,-0.0228,0.0,,2.5
S3,F5EvAI,219,minimal,14.67,0.0,0.0,0.0,74.0,1,,,,,,,,,,,,,,,0.09796,0.0,0.0,0.01628,0.15304,0.03877,0.03265,7,0.357,0.179,0.7111,0,1,3,0,1,1,0.0,0.0118,-0.0035,template,2.7
S4,Test0,219,minimal,260.73,61.74,8884444.0,0.0,-1,0,0.39573,0.18617,0.00235,0.0,0.0,0.17184,0.19475,0.61184,0.61239,0.04248,0.0,0.0,0.37256,0.42224,0.65871,0.95075,0.18202,0.0,0.0,0.5269,0.59716,0,,,0.0,0,0,0,0,0,0,0.0,0.0,0.0,,1.9
S4,F5Ev,219,minimal,47.88,1.08,0.0,0.0,128.0,1,0.26168,0.0,0.0,0.10383,0.37709,0.10525,0.08723,,,,,,,,0.26168,0.0,0.0,0.10559,0.24801,0.09777,0.08723,7,0.341,0.0,0.5924,3,3,0,3,2,0,0.0333,-0.0194,0.0,,3.7
S4,F5EvAI,219,minimal,46.62,1.08,0.0,0.0,128.0,1,0.25656,0.0,0.0,0.09901,0.24902,0.09593,0.08552,,,,,,,,0.25656,0.0,0.0,0.09979,0.33736,0.10117,0.08552,8,0.227,0.068,0.5482,1,2,3,1,2,1,0.0178,-0.0045,-0.0071,template,4.5
S5,Test0,219,minimal,260.73,61.74,8884444.0,0.0,-1,0,0.39573,0.18617,0.00235,0.0,0.0,0.17184,0.19475,0.61184,0.61239,0.04248,0.0,0.0,0.37256,0.42224,0.65871,0.95075,0.18202,0.0,0.0,0.5269,0.59716,0,,,0.0,0,0,0,0,0,0,0.0,0.0,0.0,,1.8
S4,F5,219,minimal,49.32,1.35,0.0,0.0,-1,0,0.26168,0.0,0.0,0.10175,0.3325,0.10251,0.08723,0.26277,0.0,0.0,0.15548,0.44882,0.11283,0.08759,0.26745,0.0,0.0,0.27235,0.45945,0.12171,0.08915,5,0.042,0.621,0.0,0,0,0,0,0,0,0.0,0.0,0.0,,12.6
S5,F5Ev,219,minimal,48.15,1.08,0.0,0.0,128.0,1,0.26277,0.0,0.0,0.10096,0.39529,0.10648,0.08759,,,,,,,,0.26277,0.0,0.0,0.1028,0.25296,0.09821,0.08759,8,0.159,0.0,0.6205,2,4,0,2,3,0,0.0246,-0.0086,0.0,,3.6
S5,F5,219,minimal,49.14,1.35,0.0,0.0,458.0,1,0.26277,0.0,0.0,0.10217,0.22966,0.09681,0.08759,0.26422,0.0,0.0,0.15193,0.4362,0.11231,0.08807,0.26673,0.0,0.0,0.19476,0.40412,0.11368,0.08891,5,0.006,0.429,0.0,0,0,0,0,0,0,0.0,0.0,0.0,,6.8
S5,F5EvAI,219,minimal,47.34,1.08,0.0,0.0,128.0,1,0.2595,0.0,0.0,0.09886,0.26026,0.09745,0.0865,,,,,,,,0.2595,0.0,0.0,0.1003,0.25032,0.09695,0.0865,8,0.295,0.136,0.6138,1,2,3,1,2,1,0.0128,0.0204,-0.0058,template,4.1
S1,Test0,220,minimal,262.08,116.55,4444444.0,0.0,-1,0,0.53773,0.52047,0.02777,0.0,0.0,0.3194,0.36199,0.66636,1.0,0.22598,0.0,0.0,0.55657,0.63078,0.66636,1.0,0.31981,0.0,0.0,0.58417,0.66206,0,,,0.0,0,0,0,0,0,0,0.0,0.0,0.0,,2.0
S1,F5,220,minimal,148.68,45.36,690725.0,111.0,-1,0,0.38351,0.11961,0.0017,0.18775,0.25485,0.17451,0.16827,0.42734,0.19242,0.00353,0.54353,0.34157,0.23538,0.20776,0.53119,0.27484,0.00527,1.0,0.18866,0.30854,0.27043,5,0.187,0.159,0.0,0,0,0,0,0,0,0.0,0.0,0.0,,13.4
S1,F5Ev,220,minimal,191.7,75.6,721573.0,111.0,-1,0,0.38817,0.10074,0.0014,0.22331,0.26696,0.17305,0.16344,0.52322,0.24453,0.00368,0.7924,0.15541,0.28264,0.25714,0.59365,0.24453,0.00514,1.0,0.14459,0.31536,0.2811,6,0.492,0.0,0.191,26,4,0,12,1,0,-0.3678,0.0,0.0,,21.0
S2,Test0,220,minimal,262.08,116.55,4444444.0,0.0,-1,0,0.60509,0.65748,0.03386,0.0,0.0,0.3813,0.43214,0.66636,1.0,0.2343,0.0,0.0,0.55902,0.63355,0.66636,1.0,0.31408,0.0,0.0,0.58248,0.66015,0,,,0.0,0,0,0,0,0,0,0.0,0.0,0.0,,2.0
S1,F5EvAI,220,minimal,227.25,96.03,1032124.0,111.0,-1,0,0.39275,0.11961,0.0017,0.19732,0.20544,0.17489,0.17135,0.54537,0.17456,0.00286,0.74056,0.12973,0.26378,0.24093,0.63394,0.37604,0.00593,1.0,0.10355,0.36371,0.33864,7,0.512,0.044,0.2619,24,3,3,12,1,1,-0.6466,-0.0714,-0.0021,template,20.7
S2,F5,220,minimal,222.84,97.02,1621139.0,106.0,-1,0,0.47761,0.15624,0.00191,0.2498,0.15834,0.21099,0.21192,0.60294,0.33895,0.00424,0.84919,0.11816,0.33518,0.31538,0.62938,0.47486,0.00945,1.0,0.13078,0.39407,0.37123,5,0.632,0.261,0.0,0,0,0,0,0,0,0.0,0.0,0.0,,15.1
S2,F5Ev,220,minimal,185.76,68.13,798691.0,109.0,-1,0,0.43466,0.14379,0.00168,0.26959,0.18989,0.19765,0.19338,0.48626,0.185,0.00285,0.86883,0.17834,0.25986,0.2247,0.58603,0.26926,0.00518,1.0,0.15087,0.32078,0.28682,6,0.565,0.0,0.177,26,4,0,6,1,0,-0.2467,-0.0001,0.0,,20.6
S3,Test0,220,minimal,267.39,53.91,8888889.0,0.0,-1,0,0.46632,0.54212,0.03422,0.0,0.0,0.30667,0.34755,0.62263,0.97417,0.17542,0.0,0.0,0.52124,0.59074,0.66667,1.0,0.25861,0.0,0.0,0.56626,0.64176,0,,,0.0,0,0,0,0,0,0,0.0,0.0,0.0,,1.5
S2,F5EvAI,220,minimal,179.28,61.56,932921.0,106.0,-1,0,0.4318,0.17456,0.00184,0.24974,0.18076,0.20421,0.20273,0.47403,0.30735,0.00391,0.82411,0.14524,0.28799,0.26176,0.57739,0.31834,0.00626,1.0,0.13094,0.33182,0.30067,8,0.525,0.031,0.2883,17,7,4,4,2,1,-0.1334,-0.1274,-0.0006,template,20.5
S3,F5,220,minimal,56.34,0.72,1121627.0,0.0,-1,0,0.27092,0.18831,0.00233,0.06445,0.23114,0.15314,0.15385,0.28872,0.21003,0.0027,0.11221,0.2709,0.17002,0.16715,0.29647,0.23146,0.00324,0.16872,0.27799,0.1825,0.17706,5,0.0,0.275,0.0,0,0,0,0,0,0,0.0,0.0,0.0,,11.4
S3,F5Ev,220,minimal,61.02,2.88,905507.0,0.0,410.0,1,0.27484,0.17145,0.00185,0.07322,0.21327,0.14866,0.14938,0.31306,0.21211,0.00217,0.14409,0.10169,0.16956,0.17578,0.31338,0.21211,0.00217,0.15361,0.0928,0.16969,0.17589,8,0.414,0.007,0.684,15,3,0,14,3,0,-0.3761,-0.0342,0.0,,10.7
S4,Test0,220,minimal,267.39,53.91,8888889.0,0.0,-1,0,0.51415,0.54149,0.0335,0.0,0.0,0.32033,0.36304,0.64903,1.0,0.1949,0.0,0.0,0.54233,0.61464,0.66667,1.0,0.26229,0.0,0.0,0.56734,0.64298,0,,,0.0,0,0,0,0,0,0,0.0,0.0,0.0,,1.6
S3,F5EvAI,220,minimal,55.89,0.72,1011946.0,0.0,306.0,1,0.2626,0.16392,0.00211,0.07649,0.1902,0.14176,0.14288,,,,,,,,0.2948,0.21292,0.00243,0.14433,0.13835,0.16667,0.17005,8,0.296,0.037,0.6863,6,4,3,6,2,1,-0.1079,-0.1145,-0.0148,template,8.4
S4,F5Ev,220,minimal,61.29,2.61,910569.0,0.0,264.0,1,0.28702,0.18448,0.002,0.13816,0.21291,0.15992,0.15783,,,,,,,,0.31433,0.21321,0.00217,0.20479,0.16448,0.17752,0.17657,7,0.364,0.0,0.4615,8,3,0,8,2,0,-0.2533,-0.0248,0.0,,5.9
S4,F5,220,minimal,68.94,2.07,1593348.0,0.0,-1,0,0.31685,0.26221,0.00317,0.13964,0.26152,0.19484,0.19408,0.33401,0.28683,0.00454,0.33607,0.28747,0.22061,0.20846,0.34022,0.29118,0.00465,0.45997,0.37546,0.23621,0.21201,5,0.0,0.189,0.0,0,0,0,0,0,0,0.0,0.0,0.0,,11.9
S5,Test0,220,minimal,267.39,53.91,8888889.0,0.0,-1,0,0.51415,0.54149,0.0335,0.0,0.0,0.32033,0.36304,0.64903,1.0,0.1949,0.0,0.0,0.54233,0.61464,0.66667,1.0,0.26229,0.0,0.0,0.56734,0.64298,0,,,0.0,0,0,0,0,0,0,0.0,0.0,0.0,,1.8
S4,F5EvAI,220,minimal,57.87,2.16,1038150.0,0.0,386.0,1,0.26039,0.16392,0.00206,0.14923,0.19446,0.14562,0.14213,0.30209,0.22132,0.00261,0.28124,0.19259,0.18258,0.17534,0.30209,0.22132,0.00262,0.28852,0.15939,0.18106,0.17534,11,0.152,0.076,0.6632,1,14,6,1,4,2,0.0001,-0.0422,-0.0334,template,8.8
S5,F5,220,minimal,57.42,0.99,1194940.0,0.0,-1,0,0.2815,0.18831,0.00248,0.10968,0.30079,0.16305,0.15743,0.28838,0.20568,0.0027,0.19927,0.34091,0.17788,0.16559,0.30045,0.23291,0.00331,0.27112,0.31356,0.19223,0.17889,5,0.004,0.237,0.0,0,0,0,0,0,0,0.0,0.0,0.0,,12.7
S5,F5Ev,220,minimal,58.32,2.16,882686.0,0.0,412.0,1,0.28358,0.18917,0.00211,0.12442,0.21207,0.15946,0.15829,0.3034,0.20221,0.00226,0.20306,0.13014,0.16897,0.16929,0.30373,0.20365,0.00228,0.21553,0.11701,0.16946,0.16989,8,0.421,0.0,0.7014,9,9,0,9,3,0,-0.085,-0.1053,0.0,,10.7
S1,Test0,221,minimal,272.79,135.63,4444444.0,0.0,-1,0,0.4561,0.16708,0.00065,0.0,0.0,0.18348,0.20795,0.66048,1.0,0.17555,0.0,0.0,0.54001,0.61201,0.66092,1.0,0.28842,0.0,0.0,0.57334,0.64978,0,,,0.0,0,0,0,0,0,0,0.0,0.0,0.0,,1.9
S5,F5EvAI,220,minimal,68.04,2.79,1339165.0,0.0,296.0,1,0.30987,0.24368,0.00283,0.13103,0.17889,0.18187,0.18546,,,,,,,,0.33727,0.2753,0.0033,0.25467,0.12184,0.20329,0.20529,8,0.29,0.04,0.555,5,5,3,5,2,1,-0.0489,-0.083,0.0002,template,7.2
S1,F5,221,minimal,2.88,0.63,0.0,0.0,76.0,1,,,,,,,,,,,,,,,0.02016,0.0,0.0,0.01654,0.45706,0.03379,0.00672,5,0.0,0.0,0.0,0,0,0,0,0,0,0.0,0.0,0.0,,1.6
S1,F5Ev,221,minimal,2.88,0.63,0.0,0.0,76.0,1,,,,,,,,,,,,,,,0.02016,0.0,0.0,0.01718,0.42045,0.03167,0.00672,7,0.25,0.0,0.3439,1,3,0,1,2,0,-0.0267,-0.0169,0.0,,2.2
S1,F5EvAI,221,minimal,2.88,0.63,0.0,0.0,76.0,1,,,,,,,,,,,,,,,0.02016,0.0,0.0,0.02176,0.4024,0.03088,0.00672,6,0.0,0.0,0.1208,0,1,3,0,0,1,0.0,0.0,-0.0072,template,2.8
S2,Test0,221,minimal,279.9,138.96,4444444.0,0.0,-1,0,0.60693,0.71454,0.02277,0.0,0.0,0.39536,0.44808,0.66667,1.0,0.22278,0.0,0.0,0.55572,0.62982,0.66667,1.0,0.29655,0.0,0.0,0.57742,0.6544,0,,,0.0,0,0,0,0,0,0,0.0,0.0,0.0,,2.1
S2,F5,221,minimal,239.22,119.7,1480053.0,0.0,-1,0,0.40513,0.04669,4e-05,0.22731,0.22016,0.15922,0.15062,0.45362,0.17301,0.00191,0.8265,0.22541,0.24674,0.20951,0.6309,0.4145,0.00517,1.0,0.14901,0.37658,0.35019,5,0.511,0.225,0.0,0,0,0,0,0,0,0.0,0.0,0.0,,14.7
S2,F5Ev,221,minimal,263.07,131.76,2365514.0,0.0,-1,0,0.38245,0.00592,0.0,0.25232,0.24511,0.14349,0.12946,0.5295,0.10854,0.00058,0.85167,0.16873,0.24785,0.21287,0.65275,0.69653,0.00868,1.0,0.14532,0.46677,0.45265,7,0.733,0.0,0.1852,24,6,0,9,2,0,-0.7851,-0.0891,0.0,,20.5
S3,Test0,221,minimal,207.9,67.41,6987427.0,0.0,-1,0,0.35657,0.19871,0.00236,0.0,0.0,0.16401,0.18588,0.5657,0.63151,0.05883,0.0,0.0,0.36942,0.41868,0.62687,0.81077,0.14541,0.0,0.0,0.4656,0.52768,0,,,0.0,0,0,0,0,0,0,0.0,0.0,0.0,,1.4
S3,F5,221,minimal,20.16,3.69,24407.0,0.0,-1,0,0.00507,0.0,0.0,0.00344,0.53338,0.03307,0.00169,0.00578,0.0,0.0,0.01072,0.53421,0.03376,0.00193,0.14009,0.03444,6e-05,0.05491,0.39246,0.07767,0.0582,5,0.0,0.516,0.0,0,0,0,0,0,0,0.0,0.0,0.0,,12.2
S3,F5Ev,221,minimal,0.63,0.63,0.0,0.0,44.0,1,,,,,,,,,,,,,,,0.00507,0.0,0.0,0.00118,0.43865,0.02736,0.00169,7,0.0,0.0,0.5724,0,2,0,0,2,0,0.0,-0.0247,0.0,,1.2
S2,F5EvAI,221,minimal,260.64,128.97,2411666.0,0.0,-1,0,0.36479,0.05569,4e-05,0.25228,0.29098,0.15564,0.14017,0.56733,0.49662,0.0053,0.85174,0.14511,0.37313,0.35642,0.65064,0.67698,0.00997,1.0,0.14623,0.46083,0.44586,7,0.646,0.235,0.0862,24,3,4,13,1,1,-1.3538,-0.0519,-0.1167,template,22.3
S3,F5EvAI,221,minimal,0.63,0.63,0.0,0.0,44.0,1,,,,,,,,,,,,,,,0.00507,0.0,0.0,0.0012,0.39188,0.02461,0.00169,6,0.0,0.312,0.29,0,0,2,0,0,1,0.0,0.0,-0.0084,template,1.5
S4,Test0,221,minimal,236.61,67.59,8253300.0,0.0,-1,0,0.46226,0.39869,0.01566,0.0,0.0,0.25783,0.2922,0.62017,0.83754,0.09271,0.0,0.0,0.456,0.5168,0.65659,0.94581,0.18006,0.0,0.0,0.52425,0.59415,0,,,0.0,0,0,0,0,0,0,0.0,0.0,0.0,,1.8
S4,F5Ev,221,minimal,22.41,1.17,277117.0,0.0,88.0,1,,,,,,,,,,,,,,,0.15333,0.07456,0.00052,0.03679,0.2544,0.0843,0.07613,7,0.125,0.0,0.4973,1,3,0,1,2,0,-0.0255,-0.0165,0.0,,2.4
S4,F5EvAI,221,minimal,22.86,1.35,289829.0,0.0,114.0,1,,,,,,,,,,,,,,,0.15592,0.08211,0.00055,0.05651,0.19597,0.08502,0.07953,8,0.0,0.275,0.5239,0,3,3,0,1,2,0.0,-0.0378,-0.0161,template,3.2
S5,Test0,221,minimal,236.61,67.59,8253300.0,0.0,-1,0,0.46226,0.39869,0.01566,0.0,0.0,0.25783,0.2922,0.62017,0.83754,0.09271,0.0,0.0,0.456,0.5168,0.65659,0.94581,0.18006,0.0,0.0,0.52425,0.59415,0,,,0.0,0,0,0,0,0,0,0.0,0.0,0.0,,1.7
S4,F5,221,minimal,45.0,4.68,713734.0,0.0,-1,0,0.15176,0.08211,0.00089,0.04605,0.27432,0.08789,0.07825,0.15696,0.0948,0.00174,0.07539,0.41358,0.10332,0.0845,0.26667,0.14416,0.00288,0.21345,0.35363,0.15503,0.1379,5,0.0,0.479,0.0,0,0,0,0,0,0,0.0,0.0,0.0,,13.0
S5,F5Ev,221,minimal,22.5,1.17,283473.0,0.0,88.0,1,,,,,,,,,,,,,,,0.15385,0.07607,0.00053,0.03649,0.24133,0.08412,0.07681,8,0.031,0.0,0.5645,0,4,0,0,3,0,0.0,-0.0362,0.0,,2.2
S5,F5EvAI,221,minimal,22.86,1.35,280425.0,0.0,112.0,1,,,,,,,,,,,,,,,0.15592,0.06018,0.00064,0.05811,0.21505,0.07982,0.07225,8,0.0,0.075,0.6113,0,2,3,0,1,2,0.0,-0.0483,-0.0332,template,3.5
S5,F5,221,minimal,72.81,6.21,477797.0,0.0,-1,0,0.15851,0.08815,0.00096,0.04921,0.27988,0.09219,0.08254,0.36195,0.19309,0.00165,0.16242,0.34493,0.19358,0.18557,0.37042,0.19309,0.00168,0.30362,0.44765,0.21043,0.1884,5,0.012,0.332,0.0,0,0,0,0,0,0,0.0,0.0,0.0,,11.8
S1,Test0,222,minimal,246.69,113.4,4150104.0,0.0,-1,0,0.3329,0.29086,0.00509,0.0,0.0,0.18495,0.20961,0.60461,0.70471,0.13278,0.0,0.0,0.42415,0.4807,0.64222,0.92022,0.28418,0.0,0.0,0.54312,0.61554,0,,,0.0,0,0,0,0,0,0,0.0,0.0,0.0,,1.7
S1,F5,222,minimal,49.23,30.87,362892.0,0.0,-1,0,0.09538,0.0,0.0,0.04676,0.56583,0.06409,0.03179,0.20552,0.02078,2e-05,0.22527,0.42019,0.10453,0.07544,0.26374,0.11773,0.00166,0.56165,0.37991,0.16807,0.12771,5,0.0,0.0,0.0,0,0,0,0,0,0,0.0,0.0,0.0,,13.5
S1,F5Ev,222,minimal,50.13,32.4,153531.0,0.0,-1,0,0.09431,0.0,0.0,0.04095,0.42135,0.05493,0.03144,0.19716,0.00346,0.0,0.19937,0.32759,0.09,0.06687,0.26727,0.06579,0.00039,0.53081,0.35275,0.15005,0.11115,8,0.25,0.0,0.4995,26,4,0,7,3,0,-0.0884,-0.0003,0.0,,19.1
S2,Test0,222,minimal,246.87,113.58,4150104.0,0.0,-1,0,0.514,0.58144,0.02689,0.0,0.0,0.3301,0.37411,0.63918,0.92022,0.22389,0.0,0.0,0.5245,0.59443,0.64239,0.92022,0.31115,0.0,0.0,0.55111,0.62459,0,,,0.0,0,0,0,0,0,0,0.0,0.0,0.0,,2.0
S1,F5EvAI,222,minimal,55.89,36.36,432679.0,0.0,-1,0,0.10018,0.0,0.0,0.04724,0.4488,0.05864,0.03339,0.1942,0.01039,0.0,0.27492,0.35127,0.09701,0.06819,0.28911,0.16274,0.0015,0.71614,0.32144,0.19437,0.15112,12,0.025,0.204,0.6326,2,32,10,2,3,4,-0.072,-0.1381,-0.0056,template,18.2
S2,F5,222,minimal,173.25,86.22,1941312.0,0.0,-1,0,0.1683,0.0,0.0,0.14225,0.39504,0.08111,0.0561,0.4972,0.36205,0.00368,0.71845,0.19179,0.30735,0.28764,0.55765,0.52271,0.01435,1.0,0.22924,0.39428,0.3649,5,0.054,0.221,0.0,0,0,0,0,0,0,0.0,0.0,0.0,,14.4
S2,F5Ev,222,minimal,161.91,83.34,1637606.0,0.0,-1,0,0.13582,0.0,0.0,0.1263,0.39588,0.07066,0.04527,0.42916,0.31302,0.00384,0.65635,0.20087,0.26984,0.24867,0.54089,0.49155,0.01038,1.0,0.18827,0.37661,0.34761,12,0.308,0.0,0.6744,19,12,0,12,7,0,-0.5805,-0.3788,0.0,,20.3
S3,Test0,222,minimal,234.18,59.04,8333122.0,0.0,-1,0,0.44288,0.25588,0.00573,0.0,0.0,0.2072,0.23483,0.63753,0.96303,0.12098,0.0,0.0,0.50634,0.57385,0.63931,0.96303,0.22156,0.0,0.0,0.53644,0.60797,0,,,0.0,0,0,0,0,0,0,0.0,0.0,0.0,,1.4
S2,F5EvAI,222,minimal,159.75,81.72,1557749.0,0.0,-1,0,0.12743,0.0,0.0,0.17062,0.32095,0.06639,0.04248,0.21531,0.07271,0.00069,0.63143,0.28956,0.13909,0.09624,0.53755,0.4723,0.00831,1.0,0.17913,0.36882,0.33939,13,0.079,0.167,0.6693,10,20,5,6,4,4,-0.3373,-0.295,0.0089,template,20.4
S3,F5,222,minimal,6.93,3.42,11947.0,0.0,-1,0,0.02653,0.0,0.0,0.01271,0.56067,0.04153,0.00884,0.03675,0.0,0.0,0.05614,0.43821,0.03989,0.01225,0.04984,0.01038,8e-05,0.14473,0.38961,0.04917,0.0201,5,0.0,0.25,0.0,0,0,0,0,0,0,0.0,0.0,0.0,,12.2
S3,F5EvAI,222,minimal,26.01,20.34,118141.0,0.0,-1,0,0.03738,0.0,0.0,0.01609,0.31536,0.03049,0.01246,0.0865,0.00741,2e-05,0.08975,0.25032,0.04763,0.03131,0.16448,0.03113,0.00015,0.28014,0.20747,0.08626,0.06526,10,0.175,0.171,0.7357,14,18,7,5,2,3,-0.1431,-0.04,-0.0376,template,17.0
S4,Test0,222,minimal,234.18,59.04,8333122.0,0.0,-1,0,0.56824,0.58618,0.03576,0.0,0.0,0.35005,0.39672,0.63913,0.96303,0.17679,0.0,0.0,0.52322,0.59298,0.63931,0.96303,0.23219,0.0,0.0,0.53957,0.61151,0,,,0.0,0,0,0,0,0,0,0.0,0.0,0.0,,1.7
S3,F5Ev,222,minimal,34.11,26.91,178563.0,0.0,-1,0,0.04115,0.0,0.0,0.01187,0.34457,0.03307,0.01372,0.11832,0.01779,8e-05,0.06397,0.23122,0.05742,0.04539,0.2052,0.07353,0.00025,0.21534,0.16428,0.10438,0.09299,7,0.25,0.054,0.5319,25,5,0,16,2,0,-0.4323,-0.0377,0.0,,19.0
S4,F5,222,minimal,28.98,3.69,1199162.0,0.0,-1,0,0.14997,0.05782,0.00099,0.06385,0.36504,0.08663,0.06959,0.16874,0.0934,0.00215,0.15934,0.42259,0.11197,0.0881,0.17989,0.0934,0.00217,0.25496,0.45509,0.12279,0.09182,5,0.013,0.246,0.0,0,0,0,0,0,0,0.0,0.0,0.0,,11.7
S4,F5Ev,222,minimal,51.03,27.36,389833.0,0.0,-1,0,0.14402,0.04952,0.00032,0.0724,0.35894,0.08239,0.06462,0.20477,0.06879,0.00038,0.15503,0.22811,0.10311,0.09131,0.27862,0.13787,0.00057,0.41041,0.16258,0.15637,0.13902,7,0.25,0.054,0.5239,26,4,0,14,2,0,-0.4616,-0.1141,0.0,,17.9
S5,Test0,222,minimal,234.18,59.04,8333122.0,0.0,-1,0,0.56824,0.58618,0.03576,0.0,0.0,0.35005,0.39672,0.63913,0.96303,0.17679,0.0,0.0,0.52322,0.59298,0.63931,0.96303,0.23219,0.0,0.0,0.53957,0.61151,0,,,0.0,0,0,0,0,0,0,0.0,0.0,0.0,,1.9
S3,Test0,223,minimal,245.16,62.64,7056063.0,0.0,-1,0,0.48635,0.26642,0.01063,0.0,0.0,0.22453,0.25446,0.62813,0.72647,0.1016,0.0,0.0,0.4283,0.4854,0.64849,0.81809,0.1758,0.0,0.0,0.48305,0.54746,0,,,0.0,0,0,0,0,0,0,0.0,0.0,0.0,,12.3
S4,Test0,223,minimal,245.16,62.64,7056063.0,0.0,-1,0,0.52623,0.46948,0.02211,0.0,0.0,0.29936,0.33927,0.64833,0.81809,0.12051,0.0,0.0,0.46674,0.52898,0.64849,0.81809,0.18429,0.0,0.0,0.48555,0.55029,0,,,0.0,0,0,0,0,0,0,0.0,0.0,0.0,,13.6
S1,Test0,223,minimal,267.48,133.02,4444444.0,0.0,-1,0,0.49917,0.46907,0.01041,0.0,0.0,0.28784,0.32622,0.64581,0.81977,0.13521,0.0,0.0,0.47082,0.5336,0.66369,1.0,0.23815,0.0,0.0,0.55937,0.63395,0,,,0.0,0,0,0,0,0,0,0.0,0.0,0.0,,17.3
S2,Test0,223,minimal,267.84,133.02,4444444.0,0.0,-1,0,0.57697,0.51351,0.02072,0.0,0.0,0.32682,0.3704,0.64797,0.81977,0.13823,0.0,0.0,0.47234,0.53532,0.66399,1.0,0.22905,0.0,0.0,0.55678,0.63101,0,,,0.0,0,0,0,0,0,0,0.0,0.0,0.0,,18.0
S5,Test0,223,minimal,245.16,62.64,7056063.0,0.0,-1,0,0.52623,0.46948,0.02211,0.0,0.0,0.29936,0.33927,0.64833,0.81809,0.12051,0.0,0.0,0.46674,0.52898,0.64849,0.81809,0.18429,0.0,0.0,0.48555,0.55029,0,,,0.0,0,0,0,0,0,0,0.0,0.0,0.0,,12.6
S3,F5,223,minimal,18.45,3.6,15887.0,0.0,-1,0,0.0911,0.0,0.0,0.03077,0.55,0.06096,0.03037,0.09887,0.0,0.0,0.09256,0.47323,0.06236,0.03296,0.12191,0.00877,5e-05,0.20514,0.43648,0.07619,0.04358,5,0.0,0.308,0.0,0,0,0,0,0,0,0.0,0.0,0.0,,99.8
S4,F5,223,minimal,76.32,26.64,639603.0,0.0,-1,0,0.26157,0.0,0.0,0.12225,0.43604,0.10977,0.08719,0.35369,0.0692,0.00124,0.36159,0.33655,0.16581,0.14138,0.36481,0.07408,0.00142,0.6405,0.31823,0.1859,0.14677,5,0.0,0.332,0.0,0,0,0,0,0,0,0.0,0.0,0.0,,104.3
S5,F5,222,minimal,43.74,14.94,1211921.0,0.0,-1,0,0.1678,0.04744,0.001,0.07586,0.38843,0.09091,0.07208,0.23101,0.10407,0.0022,0.23752,0.27339,0.12925,0.11243,0.24872,0.11593,0.00246,0.41769,0.31048,0.15081,0.12237,5,0.013,0.346,0.0,0,0,0,0,0,0,0.0,0.0,0.0,,105.2
S1,Test0,224,minimal,280.44,167.94,4444444.0,0.0,-1,0,0.5163,0.15355,0.0003,0.0,0.0,0.1971,0.22338,0.60844,0.96588,0.16391,0.0,0.0,0.51124,0.57941,0.66667,1.0,0.28118,0.0,0.0,0.5729,0.64928,0,,,0.0,0,0,0,0,0,0,0.0,0.0,0.0,,16.7
S5,F5,223,minimal,76.77,27.09,471133.0,0.0,-1,0,0.28203,0.0,0.0,0.11303,0.44966,0.11605,0.09401,0.28551,0.00162,0.0,0.28486,0.40272,0.1249,0.09571,0.36617,0.0718,0.00103,0.6006,0.3182,0.18317,0.14634,5,0.0,0.325,0.0,0,0,0,0,0,0,0.0,0.0,0.0,,104.3
S1,F5,223,minimal,85.95,56.43,272769.0,0.0,-1,0,0.24322,0.0,0.0,0.11832,0.41856,0.10311,0.08107,0.35586,0.03999,0.00032,0.45715,0.37519,0.16548,0.13206,0.38805,0.1422,0.0008,1.0,0.33022,0.23444,0.17702,5,0.0,0.246,0.0,0,0,0,0,0,0,0.0,0.0,0.0,,123.4
S2,F5,223,minimal,178.56,78.75,873921.0,0.0,-1,0,0.41126,0.04888,0.00016,0.26164,0.2441,0.16513,0.15343,0.55641,0.2867,0.00189,0.86097,0.18151,0.30985,0.28167,0.56848,0.33736,0.00243,1.0,0.20499,0.33802,0.30276,5,0.367,0.229,0.0,0,0,0,0,0,0,0.0,0.0,0.0,,126.1
S2,Test0,224,minimal,279.63,167.13,4444444.0,0.0,-1,0,0.58152,0.65309,0.0104,0.0,0.0,0.36618,0.415,0.61001,0.96588,0.20829,0.0,0.0,0.52476,0.59473,0.66602,1.0,0.27762,0.0,0.0,0.57166,0.64788,0,,,0.0,0,0,0,0,0,0,0.0,0.0,0.0,,15.7
S3,F5EvAI,223,minimal,35.1,18.72,195309.0,0.0,-1,0,0.11081,0.0,0.0,0.03057,0.31202,0.05274,0.03694,0.16132,0.013,0.0001,0.14692,0.21235,0.07243,0.05814,0.20895,0.03087,0.00028,0.30924,0.16884,0.09874,0.08003,9,0.204,0.013,0.7265,21,6,4,9,2,2,-0.3761,-0.0733,-0.0232,template,154.8
S5,F5EvAI,222,minimal,48.51,22.77,948821.0,570.0,-1,0,0.15729,0.04892,0.00185,0.07165,0.29014,0.08248,0.06935,0.20477,0.06375,0.00429,0.21444,0.27256,0.10888,0.09093,0.26856,0.08598,0.00761,0.54499,0.22589,0.15186,0.12072,12,0.175,0.004,0.7449,8,19,3,8,4,3,-0.2038,-0.1353,-0.0159,template,160.5
S3,F5Ev,223,minimal,39.87,21.69,465117.0,0.0,-1,0,0.10759,0.0,0.0,0.02744,0.32807,0.05256,0.03586,0.20895,0.05653,0.00054,0.10712,0.18638,0.09551,0.08867,0.23079,0.06953,0.00074,0.19773,0.16867,0.1101,0.10035,9,0.464,0.0,0.731,24,6,0,14,4,0,-0.2801,-0.025,0.0,,161.9
S4,F5Ev,223,minimal,80.91,31.77,402109.0,0.0,676.0,1,0.27852,0.0,0.0,0.13349,0.31371,0.10822,0.09284,0.3721,0.05686,0.00048,0.38307,0.17614,0.1592,0.14315,0.37845,0.05848,0.00065,0.5305,0.31724,0.17857,0.14586,10,0.31,0.03,0.5853,23,6,0,19,5,0,-0.3025,-0.0073,0.0,,165.0
S4,F5EvAI,222,minimal,48.69,23.31,682045.0,580.0,-1,0,0.15922,0.04447,0.00172,0.09342,0.21168,0.07836,0.06847,0.21413,0.06968,0.00408,0.26293,0.25185,0.11496,0.09596,0.26929,0.08302,0.00742,0.60105,0.16641,0.15095,0.11991,11,0.204,0.008,0.7614,18,9,4,12,3,3,-0.3513,-0.1197,-0.0226,template,165.6
S5,F5Ev,222,minimal,54.54,29.88,433903.0,0.0,-1,0,0.14202,0.02965,0.00025,0.06621,0.37306,0.0764,0.05731,0.21455,0.05693,0.00039,0.1622,0.24174,0.10372,0.09062,0.29219,0.14351,0.00066,0.43433,0.18205,0.1646,0.14545,11,0.237,0.0,0.6969,16,16,0,16,6,0,-0.6335,-0.2197,0.0,,165.9
S3,Test0,224,minimal,220.95,62.64,6078184.0,0.0,-1,0,0.28513,0.09051,0.00146,0.0,0.0,0.11091,0.1257,0.5357,0.54404,0.04233,0.0,0.0,0.33002,0.37402,0.63659,0.77126,0.1055,0.0,0.0,0.4451,0.50445,0,,,0.0,0,0,0,0,0,0,0.0,0.0,0.0,,12.6
S4,F5EvAI,223,minimal,81.0,31.23,486750.0,0.0,-1,0,0.27923,0.0,0.0,0.12408,0.35595,0.11036,0.09308,0.36536,0.05263,0.00066,0.43714,0.27938,0.16528,0.13955,0.37871,0.0744,0.00088,0.7406,0.14324,0.18552,0.15133,11,0.129,0.096,0.6312,8,20,7,8,4,2,-0.0526,-0.0853,-0.0059,template,167.0
S4,Test0,224,minimal,224.1,63.72,6779509.0,0.0,-1,0,0.35608,0.09051,0.00146,0.0,0.0,0.13178,0.14935,0.54739,0.54404,0.043,0.0,0.0,0.33366,0.37814,0.63986,0.81273,0.11166,0.0,0.0,0.46007,0.52142,0,,,0.0,0,0,0,0,0,0,0.0,0.0,0.0,,14.0
S5,F5EvAI,223,minimal,79.02,29.88,491415.0,0.0,638.0,1,0.27817,0.00162,0.0,0.14704,0.33075,0.1104,0.09327,0.3659,0.05523,0.0005,0.43261,0.17865,0.15997,0.14055,0.3729,0.06823,0.00074,0.60275,0.13097,0.17312,0.14729,10,0.324,0.0,0.7659,16,6,6,13,2,3,-0.2543,-0.1143,-0.029,template,155.6
S5,F5Ev,223,minimal,82.35,31.32,639333.0,0.0,-1,0,0.27463,0.00162,0.0,0.12453,0.35121,0.10923,0.09208,0.36672,0.0679,0.00072,0.34678,0.20628,0.16057,0.14511,0.38261,0.08902,0.00104,0.51414,0.15138,0.17817,0.15756,11,0.383,0.0,0.7375,22,8,0,17,6,0,-0.258,-0.0958,0.0,,169.1
S1,F5EvAI,223,minimal,86.94,58.23,194272.0,0.0,-1,0,0.23006,0.0,0.0,0.11666,0.35118,0.09519,0.07669,0.36321,0.05332,0.00021,0.54252,0.23271,0.16817,0.13892,0.39078,0.12975,0.00046,1.0,0.2213,0.22507,0.17366,7,0.358,0.017,0.4274,22,5,3,12,2,0,-0.5376,-0.0753,0.0,template,189.6
S5,Test0,224,minimal,224.1,63.72,6779509.0,0.0,-1,0,0.35608,0.09051,0.00146,0.0,0.0,0.13178,0.14935,0.54739,0.54404,0.043,0.0,0.0,0.33366,0.37814,0.63986,0.81273,0.11166,0.0,0.0,0.46007,0.52142,0,,,0.0,0,0,0,0,0,0,0.0,0.0,0.0,,12.9
S2,F5EvAI,223,minimal,184.05,82.71,1144721.0,0.0,-1,0,0.37562,0.04888,0.00016,0.26284,0.28548,0.15716,0.14156,0.48389,0.06665,0.00025,0.86231,0.18496,0.2236,0.1836,0.57589,0.42908,0.00922,1.0,0.15187,0.36605,0.33806,7,0.404,0.067,0.3988,20,5,5,11,1,1,-0.581,-0.0702,-0.002,template,196.5
S1,F5Ev,223,minimal,138.69,71.19,281257.0,0.0,-1,0,0.2205,0.0,0.0,0.11713,0.34287,0.09191,0.0735,0.45847,0.08621,0.00036,0.62678,0.17776,0.20763,0.18168,0.50574,0.15464,0.00079,1.0,0.191,0.26452,0.22039,7,0.608,0.0,0.4414,26,4,0,23,2,0,-0.9239,0.0211,0.0,,196.8
S2,F5Ev,223,minimal,178.74,78.84,997574.0,0.0,-1,0,0.40024,0.04888,0.00016,0.2635,0.27141,0.16361,0.14976,0.55926,0.30643,0.00276,0.86286,0.15158,0.3151,0.28949,0.56873,0.34892,0.00322,1.0,0.24557,0.34411,0.30696,8,0.719,0.0,0.4384,23,7,0,13,3,0,-0.5209,-0.1187,0.0,,199.1
S1,Test0,225,minimal,275.67,125.46,4444444.0,0.0,-1,0,0.5142,0.15739,0.00445,0.0,0.0,0.19883,0.22535,0.65331,0.47847,0.05652,0.0,0.0,0.3495,0.3961,0.66667,1.0,0.23786,0.0,0.0,0.56015,0.63484,0,,,0.0,0,0,0,0,0,0,0.0,0.0,0.0,,15.5
S1,F5,224,minimal,167.4,120.51,33600.0,0.0,-1,0,0.25276,0.0,0.0,0.09606,0.44938,0.10643,0.08425,0.41451,0.11715,5e-05,0.62568,0.39248,0.21627,0.17723,0.54418,0.15355,0.0001,1.0,0.25075,0.27882,0.23261,5,0.237,0.25,0.0,0,0,0,0,0,0,0.0,0.0,0.0,,114.9
S2,Test0,225,minimal,275.67,125.46,4444444.0,0.0,-1,0,0.63339,0.45329,0.01756,0.0,0.0,0.32478,0.36808,0.66667,1.0,0.16128,0.0,0.0,0.53763,0.60931,0.66667,1.0,0.27324,0.0,0.0,0.57056,0.64663,0,,,0.0,0,0,0,0,0,0,0.0,0.0,0.0,,16.9
S3,F5Ev,224,minimal,27.45,5.76,1067.0,0.0,272.0,1,0.15649,0.01646,0.0,0.03572,0.19916,0.06468,0.05765,,,,,,,,0.17873,0.0181,0.0,0.06491,0.21838,0.07456,0.06561,7,0.326,0.0,0.7021,10,2,0,7,2,0,-0.0446,0.0088,0.0,,65.6
S4,F5Ev,224,minimal,33.57,7.47,889.0,0.0,310.0,1,0.1873,0.01646,0.0,0.065,0.21955,0.07667,0.06792,,,,,,,,0.2102,0.01646,0.0,0.11492,0.20244,0.08533,0.07555,7,0.519,0.0,0.7478,11,2,0,11,2,0,-0.0024,0.0047,0.0,,72.8
S2,F5,224,minimal,177.48,126.09,33600.0,0.0,-1,0,0.29182,0.0,0.0,0.23482,0.5069,0.12946,0.09727,0.50144,0.10919,5e-05,0.83415,0.22848,0.24212,0.20356,0.55864,0.15355,0.00011,1.0,0.19376,0.27972,0.23743,5,0.254,0.25,0.0,0,0,0,0,0,0,0.0,0.0,0.0,,123.4
S3,F5EvAI,224,minimal,26.82,6.21,1067.0,0.0,362.0,1,0.15035,0.01876,0.0,0.04118,0.21645,0.06489,0.05637,0.17535,0.01876,0.0,0.10534,0.21319,0.07583,0.0647,0.17535,0.01876,0.0,0.10551,0.30266,0.0811,0.0647,8,0.242,0.016,0.6956,9,2,5,4,2,1,0.0134,-0.0493,-0.0029,template,84.7
S5,F5EvAI,224,minimal,33.12,7.65,1422.0,0.0,238.0,1,0.19059,0.01876,0.0,0.06615,0.24654,0.07997,0.06978,,,,,,,,0.20797,0.02337,0.0,0.09671,0.20753,0.08594,0.07711,7,0.275,0.0,0.6828,4,3,4,4,1,1,-0.0026,-0.0333,-0.0005,template,61.3
S3,Test0,225,minimal,168.39,33.39,4200821.0,0.0,-1,0,0.32952,0.14987,0.0047,0.0,0.0,0.14238,0.16136,0.53234,0.50896,0.03901,0.0,0.0,0.31774,0.3601,0.57596,0.64192,0.08927,0.0,0.0,0.38445,0.43571,0,,,0.0,0,0,0,0,0,0,0.0,0.0,0.0,,12.4
S3,F5,224,minimal,24.75,3.87,1422.0,0.0,-1,0,0.15086,0.02106,0.0,0.03065,0.34017,0.07238,0.05731,0.15445,0.02337,0.0,0.07305,0.43039,0.08191,0.05927,0.16403,0.02337,0.0,0.12075,0.43278,0.08768,0.06247,5,0.012,0.27,0.0,0,0,0,0,0,0,0.0,0.0,0.0,,97.8
S4,F5,224,minimal,32.49,6.93,1422.0,0.0,-1,0,0.18494,0.02337,0.0,0.06903,0.38932,0.08823,0.06944,0.19937,0.02337,0.0,0.15512,0.46345,0.1019,0.07425,0.20482,0.02337,0.0,0.24372,0.4877,0.11014,0.07606,5,0.013,0.221,0.0,0,0,0,0,0,0,0.0,0.0,0.0,,97.6
S4,Test0,225,minimal,168.39,33.39,4200821.0,0.0,-1,0,0.49496,0.34829,0.01028,0.0,0.0,0.25104,0.28451,0.57596,0.64192,0.07331,0.0,0.0,0.37976,0.43039,0.57596,0.64192,0.0999,0.0,0.0,0.38758,0.43926,0,,,0.0,0,0,0,0,0,0,0.0,0.0,0.0,,12.2
S5,F5Ev,224,minimal,34.47,9.18,889.0,0.0,394.0,1,0.18918,0.01646,0.0,0.06641,0.24264,0.07866,0.06855,0.21463,0.01646,0.0,0.11385,0.20976,0.087,0.07703,0.21463,0.01646,0.0,0.11898,0.1375,0.08305,0.07703,8,0.682,0.0,0.7904,13,4,0,12,3,0,0.032,0.0055,0.0,,87.9
S4,F5EvAI,224,minimal,32.67,7.56,1067.0,0.0,424.0,1,0.18161,0.01876,0.0,0.07635,0.22777,0.07682,0.06679,0.20482,0.01876,0.0,0.17834,0.24455,0.09064,0.07453,0.20572,0.01876,0.0,0.19388,0.22689,0.09078,0.07483,8,0.243,0.035,0.687,11,2,6,4,2,1,0.0175,-0.0408,-0.0033,template,96.2
S5,F5,224,minimal,31.86,6.39,1422.0,0.0,-1,0,0.19105,0.02337,0.0,0.06775,0.57144,0.10067,0.07147,0.19199,0.02337,1e-05,0.15328,0.46462,0.09969,0.07179,0.20165,0.02337,1e-05,0.25581,0.61226,0.11725,0.07501,5,0.004,0.221,0.0,0,0,0,0,0,0,0.0,0.0,0.0,,102.1
S3,F5Ev,225,minimal,6.66,1.35,0.0,0.0,182.0,1,0.04836,0.00148,0.0,0.01149,0.27688,0.03162,0.01661,,,,,,,,0.05098,0.00148,0.0,0.01568,0.28698,0.03323,0.01749,7,0.25,0.234,0.5733,6,2,0,6,2,0,-0.078,-0.0392,0.0,,38.2
S5,Test0,225,minimal,168.39,33.39,4200821.0,0.0,-1,0,0.49496,0.34829,0.01028,0.0,0.0,0.25104,0.28451,0.57596,0.64192,0.07331,0.0,0.0,0.37976,0.43039,0.57596,0.64192,0.0999,0.0,0.0,0.38758,0.43926,0,,,0.0,0,0,0,0,0,0,0.0,0.0,0.0,,13.6
S1,F5Ev,224,minimal,175.41,125.19,523942.0,0.0,-1,0,0.22526,0.0,0.0,0.0834,0.47731,0.09924,0.07509,0.41074,0.08076,3e-05,0.6207,0.31513,0.19962,0.16384,0.55575,0.23658,0.00238,1.0,0.18718,0.30357,0.2649,7,0.479,0.0,0.3334,27,3,0,19,2,0,-0.9909,0.038,0.0,,185.0
S1,F5EvAI,224,minimal,183.6,125.1,1348645.0,0.0,-1,0,0.2359,0.0,0.0,0.09833,0.40623,0.09906,0.07863,0.427,0.04777,1e-05,0.65413,0.2895,0.19515,0.15826,0.56698,0.44575,0.00562,1.0,0.16996,0.36833,0.33945,7,0.233,0.25,0.2461,25,2,4,12,1,1,-1.1099,-0.0646,-0.0301,template,181.5
S1,Test0,226,minimal,275.22,132.84,4444444.0,0.0,-1,0,0.38863,0.46513,0.00657,0.0,0.0,0.25304,0.28678,0.66384,1.0,0.18413,0.0,0.0,0.54352,0.61599,0.66392,1.0,0.26985,0.0,0.0,0.56875,0.64459,0,,,0.0,0,0,0,0,0,0,0.0,0.0,0.0,,16.9
S3,F5EvAI,225,minimal,7.02,1.35,0.0,0.0,332.0,1,0.0477,0.00148,0.0,0.0154,0.25126,0.03015,0.0164,,,,,,,,0.05359,0.00148,0.0,0.04141,0.3159,0.03722,0.01836,10,0.0,0.268,0.6662,0,16,6,0,3,2,0.0,0.0294,-0.0083,template,57.5
S1,F5,225,minimal,235.17,102.06,417044.0,0.0,-1,0,0.42801,0.01889,0.0,0.18939,0.26596,0.15823,0.14897,0.4968,0.03777,0.00035,0.78895,0.29198,0.22091,0.17831,0.63047,0.22916,0.00162,1.0,0.19921,0.32385,0.28709,5,0.154,0.087,0.0,0,0,0,0,0,0,0.0,0.0,0.0,,119.0
S2,F5Ev,224,minimal,259.11,160.92,894619.0,0.0,-1,0,0.2963,0.0,0.0,0.23529,0.42935,0.12624,0.09877,0.62111,0.25023,0.00126,0.8097,0.12499,0.31163,0.29087,0.64886,0.38615,0.004,1.0,0.13809,0.37254,0.34634,8,0.638,0.0,0.3289,26,4,0,13,3,0,-0.9666,-0.0682,0.0,,198.1
S2,Test0,226,minimal,275.22,132.84,4444444.0,0.0,-1,0,0.53597,0.62825,0.01431,0.0,0.0,0.34663,0.39284,0.66392,1.0,0.17614,0.0,0.0,0.54119,0.61335,0.66392,1.0,0.24248,0.0,0.0,0.56071,0.63547,0,,,0.0,0,0,0,0,0,0,0.0,0.0,0.0,,17.9
S2,F5EvAI,224,minimal,261.72,163.89,820387.0,0.0,-1,0,0.30072,0.0,0.0,0.23522,0.44847,0.12866,0.10024,0.53631,0.1035,4e-05,0.83442,0.16505,0.24698,0.21328,0.65114,0.36112,0.00789,1.0,0.10622,0.36512,0.34005,7,0.475,0.208,0.3124,24,1,5,15,1,1,-1.627,-0.0192,0.0139,template,201.0
S3,F5,225,minimal,18.81,2.07,121020.0,0.0,-1,0,0.03772,0.00148,0.0,0.01191,0.38023,0.0346,0.01307,0.04107,0.00148,0.0,0.03341,0.45565,0.04128,0.01419,0.13174,0.03027,0.00035,0.07648,0.30094,0.06995,0.05412,5,0.0,0.483,0.0,0,0,0,0,0,0,0.0,0.0,0.0,,94.4
S2,F5,225,minimal,263.61,122.85,1196000.0,0.0,-1,0,0.57417,0.21909,0.00104,0.22948,0.15197,0.25606,0.26477,0.64586,0.33745,0.00294,0.80362,0.13387,0.34522,0.32875,0.65665,0.44447,0.00938,1.0,0.15237,0.3944,0.37017,5,0.649,0.246,0.0,0,0,0,0,0,0,0.0,0.0,0.0,,129.0
S3,Test0,226,minimal,265.32,64.8,8888889.0,0.0,-1,0,0.36251,0.18878,0.00889,0.0,0.0,0.16476,0.18673,0.60282,0.70464,0.08278,0.0,0.0,0.40889,0.46341,0.66381,1.0,0.18893,0.0,0.0,0.54493,0.61758,0,,,0.0,0,0,0,0,0,0,0.0,0.0,0.0,,14.9
S4,F5,225,minimal,11.07,2.07,0.0,0.0,-1,0,0.06069,0.00148,0.0,0.03684,0.39619,0.04376,0.02072,0.06642,0.00148,0.0,0.12355,0.3902,0.05019,0.02263,0.08197,0.00148,0.0,0.19388,0.32777,0.05523,0.02782,5,0.0,0.492,0.0,0,0,0,0,0,0,0.0,0.0,0.0,,95.2
S4,F5EvAI,225,minimal,18.72,8.37,6848.0,0.0,598.0,1,0.07519,0.00148,0.0,0.04391,0.23529,0.03898,0.02556,0.10985,0.00148,0.0,0.15272,0.18457,0.05259,0.03711,0.13119,0.00594,1e-05,0.24409,0.16111,0.06417,0.04571,10,0.0,0.49,0.6313,0,35,8,0,1,4,0.0,-0.0302,-0.0143,template,95.6
S4,F5Ev,225,minimal,19.35,8.28,20544.0,0.0,516.0,1,0.07705,0.00148,0.0,0.03198,0.27316,0.04105,0.02618,0.12899,0.00148,0.0,0.09139,0.14994,0.05257,0.04349,0.13501,0.01187,2e-05,0.10692,0.13591,0.05749,0.04897,7,0.25,0.244,0.5694,19,2,0,13,2,0,-0.214,-0.0602,0.0,,103.4
S4,Test0,226,minimal,268.38,66.6,8888889.0,0.0,-1,0,0.39185,0.20307,0.00955,0.0,0.0,0.17779,0.20149,0.60492,0.71984,0.09935,0.0,0.0,0.41885,0.4747,0.66637,1.0,0.19499,0.0,0.0,0.54746,0.62045,0,,,0.0,0,0,0,0,0,0,0.0,0.0,0.0,,14.7
S5,F5,225,minimal,23.76,5.04,37324.0,0.0,-1,0,0.06894,0.00148,0.0,0.03601,0.40994,0.04695,0.02348,0.08986,0.00148,0.0,0.11252,0.39518,0.05673,0.03045,0.16083,0.02671,0.00027,0.29349,0.29469,0.08984,0.0626,5,0.0,0.475,0.0,0,0,0,0,0,0,0.0,0.0,0.0,,94.3
S5,F5Ev,225,minimal,20.16,8.64,27392.0,0.0,438.0,1,0.08624,0.00148,0.0,0.03643,0.2803,0.04443,0.02924,0.13501,0.00594,1e-05,0.10109,0.143,0.05582,0.04699,0.13987,0.01335,3e-05,0.10753,0.15033,0.06024,0.05109,8,0.453,0.007,0.7388,14,4,0,13,3,0,-0.1819,-0.1055,0.0,,91.9
S5,Test0,226,minimal,268.38,66.6,8888889.0,0.0,-1,0,0.39185,0.20307,0.00955,0.0,0.0,0.17779,0.20149,0.60492,0.71984,0.09935,0.0,0.0,0.41885,0.4747,0.66637,1.0,0.19499,0.0,0.0,0.54746,0.62045,0,,,0.0,0,0,0,0,0,0,0.0,0.0,0.0,,15.7
S1,F5EvAI,225,minimal,142.38,70.38,176227.0,0.0,-1,0,0.42758,0.01889,0.0,0.18939,0.26595,0.1581,0.14882,0.50349,0.03777,0.00035,0.78893,0.19913,0.21742,0.18054,0.50811,0.04407,0.0006,1.0,0.26264,0.23685,0.18426,7,0.317,0.033,0.3931,17,11,3,14,2,0,-0.0403,-0.0693,0.0,template,188.5
S1,F5Ev,225,minimal,245.25,108.81,809635.0,0.0,-1,0,0.46554,0.05037,0.00016,0.18801,0.19445,0.17428,0.17202,0.60574,0.27953,0.0029,0.78765,0.19373,0.31895,0.29606,0.6402,0.311,0.00323,1.0,0.17929,0.35009,0.31814,7,0.592,0.0,0.4183,26,4,0,18,2,0,-0.3741,0.0033,0.0,,196.8
S2,F5Ev,225,minimal,268.65,124.02,1653868.0,0.0,-1,0,0.57734,0.16998,0.00091,0.23021,0.15085,0.24248,0.24941,0.65727,0.50995,0.0116,0.82954,0.11872,0.40249,0.39294,0.66091,0.57139,0.01658,1.0,0.14481,0.43466,0.41629,7,0.658,0.0,0.2676,18,12,0,7,2,0,-0.0847,-0.0303,0.0,,178.3
S1,Test0,227,minimal,276.03,153.0,4444444.0,0.0,-1,0,0.36173,0.0786,6e-05,0.0,0.0,0.12953,0.1468,0.64726,1.0,0.11491,0.0,0.0,0.51828,0.58739,0.66414,1.0,0.1989,0.0,0.0,0.54795,0.62101,0,,,0.0,0,0,0,0,0,0,0.0,0.0,0.0,,16.4
S1,F5,226,minimal,64.53,38.34,184675.0,0.0,-1,0,0.19038,0.0,0.0,0.10536,0.33872,0.08212,0.06346,0.27119,0.01764,3e-05,0.40194,0.34365,0.12882,0.09628,0.31656,0.13006,0.00049,0.8579,0.36098,0.2032,0.14904,5,0.242,0.145,0.0,0,0,0,0,0,0,0.0,0.0,0.0,,120.5
S5,F5EvAI,225,minimal,20.43,9.18,47937.0,0.0,564.0,1,0.08013,0.00148,0.0,0.04485,0.25773,0.0418,0.02721,0.12512,0.00594,1e-05,0.17627,0.18075,0.05955,0.04369,0.14148,0.02671,6e-05,0.25746,0.16446,0.0743,0.05608,11,0.122,0.011,0.7667,12,8,5,10,2,4,-0.2839,-0.03,-0.022,template,124.8
S2,F5EvAI,225,minimal,265.05,123.66,1301413.0,0.0,-1,0,0.55095,0.17628,0.00079,0.2309,0.15643,0.23691,0.24267,0.64958,0.31604,0.00432,0.83017,0.13771,0.34221,0.32331,0.65788,0.49584,0.01002,1.0,0.14534,0.40965,0.38792,12,0.738,0.242,0.4862,13,18,5,11,6,1,-0.5654,-0.316,-0.0413,template,197.1
S2,Test0,227,minimal,276.03,153.0,4444444.0,0.0,-1,0,0.55482,0.46591,0.01196,0.0,0.0,0.30373,0.34423,0.66414,1.0,0.1429,0.0,0.0,0.53148,0.60235,0.66414,1.0,0.19187,0.0,0.0,0.54589,0.61867,0,,,0.0,0,0,0,0,0,0,0.0,0.0,0.0,,16.8
S2,F5,226,minimal,145.8,60.57,1182521.0,0.0,-1,0,0.44417,0.07495,0.00113,0.23414,0.18568,0.17771,0.17341,0.49789,0.22926,0.00297,0.83348,0.18806,0.27483,0.24337,0.51136,0.34212,0.00462,1.0,0.31687,0.32985,0.28603,5,0.392,0.121,0.0,0,0,0,0,0,0,0.0,0.0,0.0,,125.9
S3,F5,226,minimal,41.4,12.69,249086.0,0.0,-1,0,0.17922,0.07022,0.00032,0.0535,0.29303,0.09384,0.08325,0.22037,0.09181,0.00052,0.17318,0.24507,0.11657,0.10423,0.23554,0.09941,0.0006,0.33769,0.35153,0.13923,0.11185,5,0.0,0.496,0.0,0,0,0,0,0,0,0.0,0.0,0.0,,107.0
S1,F5EvAI,227,minimal,2.79,2.34,0.0,0.0,176.0,1,0.01835,0.0,0.0,0.02201,0.4108,0.03086,0.00612,,,,,,,,0.0196,0.0,0.0,0.0362,0.41763,0.03246,0.00653,8,0.0,0.483,0.399,0,5,6,0,1,2,0.0,-0.0054,-0.0383,template,42.8
S3,Test0,227,minimal,238.95,69.21,7637754.0,0.0,-1,0,0.27372,0.03024,0.00208,0.0,0.0,0.09001,0.10201,0.48558,0.28679,0.01887,0.0,0.0,0.23272,0.26375,0.64906,0.84865,0.1598,0.0,0.0,0.48751,0.55251,0,,,0.0,0,0,0,0,0,0,0.0,0.0,0.0,,11.9
S1,F5Ev,227,minimal,2.79,2.34,0.0,0.0,210.0,1,0.01835,0.0,0.0,0.01577,0.47267,0.03413,0.00612,,,,,,,,0.0196,0.0,0.0,0.02597,0.43314,0.03277,0.00653,7,0.5,0.0,0.5542,7,2,0,6,2,0,0.0254,-0.0092,0.0,,53.7
S4,F5,226,minimal,43.02,12.15,249086.0,0.0,-1,0,0.19079,0.07022,0.00032,0.10606,0.33601,0.10287,0.08711,0.22683,0.09333,0.00049,0.30491,0.35454,0.1331,0.10688,0.24252,0.10093,0.00076,0.64007,0.33593,0.15865,0.11473,5,0.0,0.496,0.0,0,0,0,0,0,0,0.0,0.0,0.0,,108.7
S1,F5Ev,226,minimal,62.19,35.73,211373.0,0.0,-1,0,0.17616,0.0,0.0,0.1047,0.324,0.07703,0.05872,0.26004,0.03968,0.00013,0.47319,0.26375,0.13154,0.09995,0.30862,0.09699,0.00045,1.0,0.24539,0.19269,0.13536,7,0.321,0.0,0.4456,24,6,0,6,2,0,-0.3664,0.0097,0.0,,173.8
S4,Test0,227,minimal,242.1,69.21,7866202.0,0.0,-1,0,0.52569,0.52408,0.0253,0.0,0.0,0.3162,0.35836,0.62902,0.71467,0.14068,0.0,0.0,0.43658,0.49479,0.65204,0.86954,0.18811,0.0,0.0,0.50285,0.5699,0,,,0.0,0,0,0,0,0,0,0.0,0.0,0.0,,13.3
S1,F5EvAI,226,minimal,45.99,27.54,12245.0,0.0,-1,0,0.17572,0.0,0.0,0.10278,0.33355,0.07735,0.05857,0.2329,0.01764,2e-05,0.37578,0.31659,0.11442,0.08352,0.24818,0.01764,4e-05,0.82852,0.30262,0.14473,0.08862,8,0.204,0.0,0.473,14,10,7,5,1,2,-0.0333,0.0097,-0.0078,template,182.1
S5,F5,226,minimal,44.01,13.41,232147.0,0.0,-1,0,0.19428,0.07022,0.00032,0.10214,0.33062,0.10335,0.08827,0.22922,0.08877,0.00046,0.32749,0.34509,0.13322,0.10615,0.24672,0.09637,0.00065,0.63994,0.34883,0.15926,0.11458,5,0.0,0.492,0.0,0,0,0,0,0,0,0.0,0.0,0.0,,114.0
S5,Test0,227,minimal,242.1,69.21,7866202.0,0.0,-1,0,0.52569,0.52408,0.0253,0.0,0.0,0.3162,0.35836,0.62902,0.71467,0.14068,0.0,0.0,0.43658,0.49479,0.65204,0.86954,0.18811,0.0,0.0,0.50285,0.5699,0,,,0.0,0,0,0,0,0,0,0.0,0.0,0.0,,13.6
S3,F5EvAI,226,minimal,60.21,28.17,614736.0,0.0,-1,0,0.19166,0.07022,0.00032,0.05845,0.25993,0.09585,0.0874,0.25869,0.09819,0.00047,0.24148,0.2112,0.13173,0.11912,0.30944,0.13072,0.00097,0.50012,0.15717,0.16841,0.14704,15,0.008,0.25,0.7177,1,30,14,1,5,5,-0.0173,-0.0882,-0.028,template,157.9
S2,F5Ev,226,minimal,141.03,59.85,556233.0,0.0,-1,0,0.47023,0.11463,0.00145,0.23517,0.1453,0.19482,0.19544,0.50065,0.15872,0.00168,0.83449,0.17767,0.25396,0.22035,0.50305,0.23931,0.00211,1.0,0.33269,0.29735,0.24816,8,0.367,0.0,0.5132,24,6,0,11,3,0,-0.6995,-0.1087,0.0,,187.6
S1,F5,227,minimal,83.61,50.13,64000.0,0.0,-1,0,0.12963,0.0,0.0,0.0468,0.28465,0.05762,0.04321,0.30417,0.12784,0.00027,0.33653,0.30636,0.16496,0.14409,0.3746,0.12784,0.00035,0.94585,0.33737,0.22336,0.1676,5,0.004,0.496,0.0,0,0,0,0,0,0,0.0,0.0,0.0,,114.1
S4,F5EvAI,226,minimal,60.39,27.63,454164.0,0.0,-1,0,0.20754,0.07022,0.00032,0.1094,0.27252,0.10425,0.09269,0.28428,0.10032,0.00051,0.4058,0.21275,0.14965,0.12837,0.31007,0.11613,0.00071,0.76667,0.23078,0.18424,0.1423,10,0.0,0.333,0.6076,0,35,7,0,3,2,0.0,-0.0316,-0.0219,template,154.5
S3,F5Ev,226,minimal,60.12,27.99,502699.0,0.0,-1,0,0.18903,0.07478,0.00034,0.06085,0.24392,0.09562,0.08805,0.2784,0.1219,0.00071,0.20321,0.23719,0.14385,0.13367,0.30912,0.13163,0.00091,0.34195,0.23061,0.16358,0.14722,10,0.283,0.0,0.6527,23,7,0,11,5,0,-0.1069,0.0246,0.0,,186.2
S1,Test0,228,minimal,275.94,141.03,4444444.0,0.0,-1,0,0.27893,0.0,0.0,0.0,0.0,0.08204,0.09298,0.6633,0.90997,0.09952,0.0,0.0,0.49199,0.55759,0.66667,1.0,0.24206,0.0,0.0,0.56139,0.63624,0,,,0.0,0,0,0,0,0,0,0.0,0.0,0.0,,16.9
S2,F5EvAI,226,minimal,141.21,60.66,587346.0,0.0,-1,0,0.46768,0.10581,0.00134,0.23484,0.14693,0.19152,0.19161,0.50048,0.18429,0.00197,0.83401,0.15231,0.26,0.22891,0.50337,0.21471,0.0023,1.0,0.19888,0.2824,0.24013,8,0.479,0.004,0.4845,24,2,4,17,2,1,-0.9788,0.0126,0.0025,template,210.9
S4,F5Ev,226,minimal,60.48,28.17,431727.0,0.0,-1,0,0.20373,0.07022,0.00032,0.11459,0.26459,0.10297,0.09142,0.28428,0.10184,0.00046,0.31195,0.25536,0.14707,0.12886,0.31039,0.11461,0.00073,0.562,0.29927,0.17588,0.14191,9,0.25,0.0,0.6533,24,6,0,10,4,0,-0.0781,0.0109,0.0,,179.3
S2,F5,227,minimal,269.19,152.55,3002726.0,0.0,-1,0,0.28918,0.0,0.0,0.19996,0.23155,0.11044,0.09639,0.62832,0.75568,0.01715,0.79933,0.11055,0.46563,0.46705,0.65852,0.83201,0.01952,1.0,0.1759,0.5133,0.50335,5,0.321,0.404,0.0,0,0,0,0,0,0,0.0,0.0,0.0,,127.7
S1,F5Ev,228,minimal,1.8,1.8,0.0,0.0,72.0,1,,,,,,,,,,,,,,,0.01288,0.0,0.0,0.01287,0.56214,0.03761,0.00429,8,0.25,0.0,0.4123,0,3,0,0,3,0,0.0,0.038,0.0,,18.0
S2,Test0,228,minimal,275.94,141.03,4444444.0,0.0,-1,0,0.31256,0.0,0.0,0.0,0.0,0.09193,0.10419,0.66411,0.90997,0.09993,0.0,0.0,0.49236,0.558,0.66667,1.0,0.23584,0.0,0.0,0.55956,0.63417,0,,,0.0,0,0,0,0,0,0,0.0,0.0,0.0,,16.0
S3,F5,227,minimal,17.73,6.93,0.0,0.0,-1,0,0.09117,0.0,0.0,0.02177,0.44839,0.05447,0.03039,0.10141,0.0,0.0,0.07447,0.45289,0.06085,0.0338,0.12067,0.0,0.0,0.13093,0.43922,0.06903,0.04022,5,0.0,0.317,0.0,0,0,0,0,0,0,0.0,0.0,0.0,,99.9
S5,F5Ev,226,minimal,61.2,28.08,499037.0,0.0,-1,0,0.19817,0.07022,0.00031,0.10987,0.21552,0.09817,0.08957,0.27735,0.10336,0.00054,0.34727,0.23585,0.14643,0.12708,0.31293,0.11856,0.00084,0.55322,0.2152,0.17236,0.14411,9,0.237,0.004,0.701,21,10,0,13,4,0,-0.171,-0.0459,0.0,,176.8
S3,Test0,228,minimal,200.7,33.03,6826502.0,0.0,-1,0,0.41943,0.18986,0.00723,0.0,0.0,0.18133,0.20551,0.55242,0.5362,0.05525,0.0,0.0,0.33643,0.38129,0.62491,0.85663,0.09867,0.0,0.0,0.46477,0.52674,0,,,0.0,0,0,0,0,0,0,0.0,0.0,0.0,,13.3
S4,F5,227,minimal,26.91,8.1,74406.0,0.0,-1,0,0.13289,0.00935,0.00016,0.0747,0.40136,0.06989,0.04747,0.14681,0.01091,0.00039,0.24823,0.42798,0.08628,0.0527,0.17238,0.0187,0.00045,0.41985,0.40087,0.10461,0.06384,5,0.0,0.562,0.0,0,0,0,0,0,0,0.0,0.0,0.0,,98.6
S4,Test0,228,minimal,226.98,38.97,7707424.0,0.0,-1,0,0.4898,0.33801,0.01563,0.0,0.0,0.24807,0.28115,0.63162,0.68257,0.09586,0.0,0.0,0.41472,0.47002,0.65328,0.88725,0.14553,0.0,0.0,0.4959,0.56202,0,,,0.0,0,0,0,0,0,0,0.0,0.0,0.0,,16.3
S5,F5EvAI,226,minimal,55.08,23.31,355839.0,1236.0,-1,0,0.19428,0.07022,0.00087,0.12437,0.28985,0.10242,0.08846,0.26778,0.09059,0.00365,0.50219,0.21986,0.14895,0.12067,0.29074,0.10883,0.00922,0.98851,0.20288,0.19031,0.13626,12,0.238,0.012,0.767,19,8,3,16,5,2,-0.09,-0.1175,-0.0069,template,205.4
S5,F5,227,minimal,36.18,12.33,128773.0,0.0,-1,0,0.17618,0.02338,0.00019,0.08246,0.37972,0.08594,0.06659,0.19872,0.02961,0.00039,0.27623,0.30427,0.10142,0.07624,0.21878,0.02961,0.00051,0.48553,0.41165,0.12598,0.08297,5,0.0,0.467,0.0,0,0,0,0,0,0,0.0,0.0,0.0,,103.5
S3,F5Ev,228,minimal,31.05,0.45,49111.0,0.0,204.0,1,0.1997,0.00919,7e-05,0.03875,0.24457,0.07812,0.06965,,,,,,,,0.20493,0.00919,7e-05,0.04635,0.24932,0.08039,0.0714,7,0.5,0.0,0.7506,4,5,0,3,2,0,-0.0197,-0.003,0.0,,46.0
S4,F5EvAI,227,minimal,38.34,15.03,374645.0,0.0,504.0,1,0.1463,0.01403,0.00013,0.07719,0.24165,0.06595,0.05348,0.22132,0.05985,0.00047,0.28855,0.23957,0.1139,0.09388,0.22885,0.05985,0.00047,0.37445,0.21454,0.1197,0.09639,11,0.036,0.048,0.601,1,16,7,1,3,3,-0.0487,-0.0862,-0.0612,template,123.8
S3,F5Ev,227,minimal,25.56,11.07,0.0,0.0,-1,0,0.08363,0.0,0.0,0.02332,0.29972,0.0436,0.02788,0.12762,0.0,0.0,0.0942,0.26601,0.05872,0.04254,0.16516,0.0,0.0,0.19521,0.18457,0.07092,0.05505,9,0.439,0.0,0.7902,26,5,0,8,4,0,-0.0167,-0.0253,0.0,,156.4
S5,Test0,228,minimal,226.98,38.97,7707424.0,0.0,-1,0,0.4898,0.33801,0.01563,0.0,0.0,0.24807,0.28115,0.63162,0.68257,0.09586,0.0,0.0,0.41472,0.47002,0.65328,0.88725,0.14553,0.0,0.0,0.4959,0.56202,0,,,0.0,0,0,0,0,0,0,0.0,0.0,0.0,,13.8
S3,F5EvAI,228,minimal,30.69,0.45,49111.0,0.0,204.0,1,0.19778,0.00919,7e-05,0.03206,0.27652,0.07905,0.06901,,,,,,,,0.20304,0.00919,7e-05,0.03855,0.25043,0.07944,0.07076,8,0.074,0.088,0.6368,1,3,5,1,1,2,0.0137,0.0027,-0.0124,template,62.6
S2,F5Ev,227,minimal,267.66,152.46,2572681.0,0.0,-1,0,0.18923,0.0,0.0,0.18343,0.29071,0.08355,0.06308,0.38841,0.0,0.0,0.74109,0.212,0.1703,0.12947,0.65724,0.73106,0.01536,1.0,0.12618,0.47909,0.46789,7,0.467,0.0,0.4521,27,3,0,14,2,0,-0.7254,0.0016,0.0,,200.1
S2,F5EvAI,227,minimal,88.02,49.5,1018370.0,0.0,-1,0,0.17588,0.0,0.0,0.17238,0.28326,0.07853,0.05863,0.22643,0.0,0.0,0.54159,0.26545,0.11407,0.07548,0.38671,0.26619,0.00364,1.0,0.14489,0.26045,0.21885,8,0.25,0.16,0.4635,14,19,5,9,2,1,-0.3072,-0.0063,-0.0238,template,189.3
S3,F5EvAI,227,minimal,23.76,10.71,0.0,0.0,-1,0,0.08421,0.0,0.0,0.03266,0.3816,0.04914,0.02807,0.11797,0.0,0.0,0.15451,0.23449,0.05758,0.03932,0.15534,0.0,0.0,0.33578,0.20207,0.07733,0.05178,9,0.425,0.013,0.7587,22,3,6,5,2,2,-0.0565,-0.0035,-0.0156,template,171.5
S5,F5Ev,228,minimal,38.07,1.17,223796.0,0.0,106.0,1,,,,,,,,,,,,,,,0.24014,0.03583,0.00038,0.08234,0.25571,0.10116,0.09211,7,0.25,0.028,0.3519,2,3,0,2,2,0,-0.0247,-0.0198,0.0,,31.5
S1,Test0,229,minimal,269.82,129.51,4263602.0,0.0,-1,0,0.40867,0.0,0.0,0.0,0.0,0.1202,0.13622,0.65893,0.93559,0.06805,0.0,0.0,0.48899,0.55419,0.66452,0.94674,0.20503,0.0,0.0,0.5342,0.60543,0,,,0.0,0,0,0,0,0,0,0.0,0.0,0.0,,24.5
S1,F5,228,minimal,181.26,96.57,1687984.0,0.0,-1,0,0.0279,0.0,0.0,0.02936,0.58436,0.04431,0.0093,0.23273,0.0,0.0,0.25789,0.31485,0.10214,0.07758,0.5678,0.37556,0.01077,1.0,0.20963,0.35178,0.31805,5,0.131,0.227,0.0,0,0,0,0,0,0,0.0,0.0,0.0,,135.2
S2,Test0,229,minimal,269.82,129.51,4263602.0,0.0,-1,0,0.56327,0.0,0.0,0.0,0.0,0.16567,0.18776,0.66452,0.94674,0.08557,0.0,0.0,0.49907,0.56561,0.66452,0.94674,0.18777,0.0,0.0,0.52913,0.59968,0,,,0.0,0,0,0,0,0,0,0.0,0.0,0.0,,18.7
S3,F5,228,minimal,33.84,0.0,171889.0,0.0,-1,0,0.20681,0.01684,0.00021,0.03487,0.38152,0.09034,0.07462,0.21288,0.01837,0.00029,0.09318,0.35069,0.09421,0.07718,0.21931,0.01837,0.0003,0.1167,0.32,0.09568,0.07933,5,0.0,0.204,0.0,0,0,0,0,0,0,0.0,0.0,0.0,,116.3
S4,F5Ev,228,minimal,40.68,2.88,190537.0,0.0,276.0,1,0.23536,0.01684,7e-05,0.09064,0.19212,0.09083,0.08409,,,,,,,,0.25244,0.03062,0.00024,0.14433,0.12749,0.09931,0.09443,7,0.5,0.0,0.6362,10,2,0,6,2,0,-0.0547,-0.026,0.0,,79.8
S4,F5Ev,227,minimal,51.75,18.18,540807.0,0.0,700.0,1,0.14477,0.01715,0.00013,0.07711,0.27075,0.06812,0.05402,0.2251,0.06578,0.00056,0.25283,0.19329,0.11196,0.09714,0.286,0.09071,0.0008,0.51433,0.13853,0.14944,0.12584,9,0.445,0.013,0.6776,25,4,0,20,4,0,-0.7241,-0.1497,0.0,,191.3
S5,F5Ev,227,minimal,49.32,16.11,818952.0,0.0,-1,0,0.16807,0.01559,0.00019,0.08758,0.31702,0.07787,0.06128,0.21962,0.05424,0.00047,0.23124,0.21286,0.10681,0.09144,0.27628,0.13155,0.00144,0.42486,0.17725,0.15579,0.13642,7,0.396,0.021,0.5737,16,14,0,8,2,0,-0.2758,-0.0652,0.0,,164.2
S5,F5EvAI,228,minimal,37.53,1.44,331963.0,0.0,158.0,1,0.2371,0.04103,0.00048,0.10465,0.24928,0.10277,0.09287,,,,,,,,0.23754,0.04103,0.00048,0.12774,0.18647,0.10056,0.09302,8,0.018,0.0,0.555,0,2,5,0,0,3,0.0,0.0,-0.0239,template,59.2
S3,Test0,229,minimal,248.76,70.29,8255238.0,0.0,-1,0,0.48436,0.39215,0.00703,0.0,0.0,0.25987,0.29452,0.6496,0.87058,0.08954,0.0,0.0,0.47345,0.53657,0.66227,0.95551,0.18308,0.0,0.0,0.52967,0.60029,0,,,0.0,0,0,0,0,0,0,0.0,0.0,0.0,,17.1
S2,F5EvAI,228,minimal,8.1,8.01,0.0,0.0,438.0,1,0.02852,0.0,0.0,0.09538,0.40571,0.03786,0.00951,0.05487,0.0,0.0,0.47876,0.38971,0.06722,0.01829,0.05545,0.0,0.0,0.57078,0.40174,0.07352,0.01848,8,0.0,0.236,0.3495,0,12,7,0,1,2,0.0,0.013,-0.0287,template,136.1
S2,F5,228,minimal,262.62,137.97,1880934.0,0.0,-1,0,0.03947,0.0,0.0,0.07677,0.58026,0.05026,0.01316,0.30445,0.0,0.0,0.55197,0.19192,0.1333,0.10148,0.65558,0.5245,0.01058,1.0,0.11195,0.41561,0.39689,5,0.186,0.247,0.0,0,0,0,0,0,0,0.0,0.0,0.0,,149.2
S5,F5EvAI,227,minimal,41.31,14.94,532225.0,0.0,-1,0,0.15534,0.02338,0.00015,0.08531,0.29539,0.075,0.05962,0.21493,0.07918,0.00064,0.28119,0.22224,0.1163,0.09825,0.24228,0.09788,0.00085,0.55731,0.22389,0.14625,0.11367,11,0.4,0.017,0.8024,19,8,3,13,4,2,-0.1771,-0.2235,-0.0202,template,185.3
S4,Test0,229,minimal,248.76,70.29,8255238.0,0.0,-1,0,0.51787,0.45694,0.01688,0.0,0.0,0.29168,0.33057,0.65339,0.89793,0.10407,0.0,0.0,0.48688,0.55179,0.66227,0.95551,0.19073,0.0,0.0,0.53191,0.60284,0,,,0.0,0,0,0,0,0,0,0.0,0.0,0.0,,15.6
S4,F5,228,minimal,38.97,0.99,358074.0,0.0,-1,0,0.21931,0.03338,0.00032,0.0736,0.34161,0.09884,0.08433,0.23008,0.04563,0.00111,0.19854,0.33101,0.11257,0.09227,0.24443,0.05481,0.00158,0.29511,0.33708,0.12566,0.10027,5,0.0,0.2,0.0,0,0,0,0,0,0,0.0,0.0,0.0,,119.5
S4,F5EvAI,228,minimal,41.04,3.15,324815.0,0.0,356.0,1,0.23008,0.02756,0.00024,0.09435,0.1889,0.09251,0.08596,,,,,,,,0.25411,0.04287,0.00048,0.21511,0.1371,0.10821,0.09915,8,0.325,0.008,0.656,6,5,5,6,1,2,-0.0181,-0.016,-0.0039,template,102.6
S5,Test0,229,minimal,248.76,70.29,8255238.0,0.0,-1,0,0.51787,0.45694,0.01688,0.0,0.0,0.29168,0.33057,0.65339,0.89793,0.10407,0.0,0.0,0.48688,0.55179,0.66227,0.95551,0.19073,0.0,0.0,0.53191,0.60284,0,,,0.0,0,0,0,0,0,0,0.0,0.0,0.0,,14.8
S5,F5,228,minimal,42.48,2.16,345019.0,0.0,-1,0,0.24698,0.03062,0.00044,0.0809,0.33174,0.10605,0.09268,0.25453,0.04501,0.00098,0.19057,0.24457,0.11398,0.10017,0.2607,0.04808,0.0012,0.27006,0.26823,0.12283,0.10332,5,0.0,0.308,0.0,0,0,0,0,0,0,0.0,0.0,0.0,,108.0
S1,F5EvAI,228,minimal,69.75,49.32,0.0,0.0,-1,0,0.02605,0.0,0.0,0.02525,0.51559,0.03948,0.00868,0.07983,0.0,0.0,0.13386,0.46548,0.05873,0.02661,0.33579,0.0,0.0,0.63431,0.2847,0.15282,0.11193,10,0.087,0.028,0.4648,7,22,3,5,5,0,0.032,0.0001,0.0,template,190.8
S3,F5EvAI,229,minimal,4.32,3.42,0.0,0.0,216.0,1,0.02016,0.0,0.0,0.01347,0.4509,0.03325,0.00672,,,,,,,,0.03293,0.0,0.0,0.02993,0.39302,0.03457,0.01098,9,0.194,0.097,0.5844,3,3,3,3,2,2,-0.0711,-0.0519,-0.0055,template,54.9
S1,Test0,230,minimal,274.59,146.25,4286891.0,0.0,-1,0,0.38741,0.0,0.0,0.0,0.0,0.11394,0.12914,0.64514,0.97661,0.08831,0.0,0.0,0.50296,0.57002,0.66638,0.97661,0.27963,0.0,0.0,0.56548,0.64087,0,,,0.0,0,0,0,0,0,0,0.0,0.0,0.0,,19.6
S1,F5,230,minimal,1.26,1.26,0.0,0.0,64.0,1,,,,,,,,,,,,,,,0.00908,0.0,0.0,0.01245,0.54543,0.03549,0.00303,5,0.208,0.0,0.0,0,0,0,0,0,0,0.0,0.0,0.0,,11.5
S3,F5Ev,229,minimal,4.86,3.51,0.0,0.0,254.0,1,0.01948,0.0,0.0,0.00739,0.56604,0.03946,0.00649,,,,,,,,0.0369,0.0,0.0,0.01728,0.50223,0.04141,0.0123,7,0.25,0.068,0.526,7,4,0,7,2,0,-0.2114,-0.0272,0.0,,61.4
S1,F5Ev,230,minimal,1.26,1.26,0.0,0.0,64.0,1,,,,,,,,,,,,,,,0.00908,0.0,0.0,0.01245,0.54543,0.03549,0.00303,6,0.458,0.0,0.2411,0,3,0,0,1,0,0.0,0.0,0.0,,18.5
S2,Test0,230,minimal,274.59,146.25,4286891.0,0.0,-1,0,0.5415,0.20348,0.00143,0.0,0.0,0.21953,0.2488,0.66089,0.97661,0.15226,0.0,0.0,0.5264,0.59659,0.66638,0.97661,0.27946,0.0,0.0,0.56542,0.64081,0,,,0.0,0,0,0,0,0,0,0.0,0.0,0.0,,17.5
S1,F5,229,minimal,93.69,34.29,0.0,0.0,-1,0,0.33952,0.0,0.0,0.18515,0.41242,0.13501,0.11317,0.38613,0.0,0.0,0.50401,0.44969,0.16967,0.12871,0.40752,0.0,0.0,1.0,0.41652,0.20318,0.13584,5,0.013,0.433,0.0,0,0,0,0,0,0,0.0,0.0,0.0,,121.1
S4,F5EvAI,229,minimal,66.69,9.0,178993.0,0.0,286.0,1,0.32544,0.06756,0.00026,0.1655,0.27599,0.14163,0.13109,,,,,,,,0.34457,0.09072,0.00032,0.27445,0.35215,0.16498,0.1452,9,0.01,0.021,0.5766,0,12,3,0,2,2,0.0,-0.0803,-0.0385,template,55.9
S4,F5Ev,229,minimal,70.83,9.72,208899.0,0.0,236.0,1,0.33811,0.07077,0.00023,0.15002,0.24645,0.14365,0.13637,,,,,,,,0.3583,0.11002,0.00038,0.20646,0.34417,0.17024,0.15623,7,0.625,0.0,0.5945,7,3,0,7,2,0,-0.157,-0.0551,0.0,,62.8
S1,F5EvAI,230,minimal,1.26,1.26,0.0,0.0,64.0,1,,,,,,,,,,,,,,,0.00908,0.0,0.0,0.01245,0.54543,0.03549,0.00303,5,0.208,0.0,0.0,0,1,2,0,0,0,0.0,0.0,0.0,template,21.5
S2,F5Ev,228,minimal,172.08,99.18,1080310.0,0.0,-1,0,0.03887,0.0,0.0,0.06731,0.57647,0.0493,0.01296,0.1407,0.0,0.0,0.35567,0.3478,0.08276,0.0469,0.55501,0.27498,0.00569,1.0,0.18603,0.31556,0.27856,12,0.305,0.0,0.4414,19,12,0,7,7,0,0.0374,-0.037,0.0,,199.8
S3,Test0,230,minimal,226.89,64.26,8170620.0,0.0,-1,0,0.0783,0.00632,0.0,0.0,0.0,0.02489,0.02821,0.49323,0.47702,0.03311,0.0,0.0,0.2951,0.33445,0.64866,0.9646,0.13496,0.0,0.0,0.51418,0.58274,0,,,0.0,0,0,0,0,0,0,0.0,0.0,0.0,,9.8
S4,Test0,230,minimal,235.53,69.66,8583188.0,0.0,-1,0,0.39298,0.33009,0.01197,0.0,0.0,0.21619,0.24501,0.64202,0.93962,0.13096,0.0,0.0,0.50371,0.57087,0.65712,0.98736,0.21324,0.0,0.0,0.54639,0.61924,0,,,0.0,0,0,0,0,0,0,0.0,0.0,0.0,,9.9
S3,F5EvAI,230,minimal,1.08,1.08,0.0,0.0,54.0,1,,,,,,,,,,,,,,,0.00871,0.0,0.0,0.00197,0.4476,0.02901,0.0029,6,0.0,0.0,0.2539,0,1,2,0,1,0,0.0,0.0212,0.0,template,13.0
S4,F5,229,minimal,76.05,9.36,331102.0,0.0,574.0,1,0.32737,0.06788,0.00033,0.14041,0.30553,0.14258,0.13186,0.3473,0.12032,0.0006,0.3064,0.39791,0.17914,0.15607,0.37481,0.15963,0.00092,0.41155,0.28654,0.19852,0.17845,5,0.016,0.568,0.0,0,0,0,0,0,0,0.0,0.0,0.0,,78.7
S2,F5,229,minimal,220.14,108.81,120792.0,0.0,-1,0,0.5328,0.0,0.0,0.23127,0.21076,0.18271,0.1776,0.59849,0.04457,0.00031,0.83059,0.22159,0.25112,0.21446,0.61775,0.06129,0.00035,1.0,0.24243,0.27291,0.22646,5,0.662,0.463,0.0,0,0,0,0,0,0,0.0,0.0,0.0,,116.9
S3,F5,229,minimal,74.88,8.37,311264.0,0.0,-1,0,0.02894,0.0,0.0,0.00694,0.69573,0.04984,0.00965,0.36523,0.13833,0.00055,0.13823,0.34474,0.17668,0.16804,0.37118,0.15667,0.00064,0.19421,0.46451,0.19418,0.17616,5,0.004,0.438,0.0,0,0,0,0,0,0,0.0,0.0,0.0,,99.5
S5,F5EvAI,229,minimal,67.5,9.18,202330.0,0.0,284.0,1,0.32865,0.07238,0.00032,0.16306,0.2822,0.14424,0.13378,,,,,,,,0.3473,0.09715,0.00039,0.24702,0.32582,0.16453,0.14828,10,0.146,0.042,0.6882,4,5,3,4,3,2,0.0038,-0.1312,-0.0405,template,64.1
S5,Test0,230,minimal,235.53,69.66,8583188.0,0.0,-1,0,0.39298,0.33009,0.01197,0.0,0.0,0.21619,0.24501,0.64202,0.93962,0.13096,0.0,0.0,0.50371,0.57087,0.65712,0.98736,0.21324,0.0,0.0,0.54639,0.61924,0,,,0.0,0,0,0,0,0,0,0.0,0.0,0.0,,9.1
S5,F5Ev,229,minimal,67.23,9.81,183540.0,0.0,332.0,1,0.32252,0.05951,0.00026,0.13985,0.2622,0.13609,0.12743,,,,,,,,0.34639,0.10101,0.00042,0.3051,0.14694,0.15831,0.14928,8,0.902,0.0,0.6813,10,4,0,10,3,0,-0.19,-0.058,0.0,,70.7
S3,F5Ev,230,minimal,2.25,2.25,0.0,0.0,168.0,1,0.01656,0.0,0.0,0.00552,0.39545,0.02846,0.00552,,,,,,,,0.01798,0.0,0.0,0.00758,0.4198,0.03043,0.00599,7,0.25,0.0,0.6922,5,2,0,5,2,0,0.1,0.0192,0.0,,28.9
S5,F5,229,minimal,79.02,9.9,452609.0,0.0,-1,0,0.32897,0.07399,0.00035,0.13322,0.34942,0.14701,0.13444,0.33686,0.11839,0.00057,0.23671,0.37272,0.16991,0.15194,0.38383,0.20936,0.00131,0.41524,0.20216,0.21117,0.19817,5,0.004,0.575,0.0,0,0,0,0,0,0,0.0,0.0,0.0,,87.4
S1,Test0,231,minimal,274.05,126.54,4444444.0,0.0,-1,0,0.49412,0.45962,0.01369,0.0,0.0,0.28454,0.32247,0.64164,0.74807,0.15033,0.0,0.0,0.45295,0.51335,0.66594,1.0,0.21595,0.0,0.0,0.55349,0.62729,0,,,0.0,0,0,0,0,0,0,0.0,0.0,0.0,,12.7
S2,Test0,231,minimal,274.05,126.54,4444444.0,0.0,-1,0,0.55251,0.4014,0.01965,0.0,0.0,0.28634,0.32452,0.65042,0.74807,0.13081,0.0,0.0,0.44979,0.50976,0.66594,1.0,0.20077,0.0,0.0,0.54903,0.62224,0,,,0.0,0,0,0,0,0,0,0.0,0.0,0.0,,13.0
S1,F5Ev,229,minimal,78.21,25.83,0.0,0.0,-1,0,0.32176,0.0,0.0,0.18294,0.4054,0.12924,0.10725,0.36126,0.0,0.0,0.43679,0.40827,0.15596,0.12042,0.36474,0.0,0.0,0.9013,0.35766,0.18133,0.12158,9,0.221,0.0,0.6041,9,22,0,9,4,0,0.1865,0.0626,0.0,,169.9
S1,F5EvAI,229,minimal,81.63,27.81,0.0,0.0,-1,0,0.32448,0.0,0.0,0.17239,0.38344,0.12813,0.10816,0.36634,0.0,0.0,0.55479,0.36141,0.16164,0.12211,0.37472,0.0,0.0,1.0,0.4741,0.19692,0.12491,9,0.221,0.042,0.5581,14,13,3,10,4,0,0.2041,0.0785,0.0,template,172.5
S3,Test0,231,minimal,242.28,55.98,7881345.0,0.0,-1,0,0.43506,0.25552,0.01312,0.0,0.0,0.20697,0.23457,0.62733,0.87742,0.1132,0.0,0.0,0.47586,0.53931,0.65603,0.89296,0.18689,0.0,0.0,0.51055,0.57862,0,,,0.0,0,0,0,0,0,0,0.0,0.0,0.0,,9.0
S2,F5Ev,229,minimal,221.22,109.71,181533.0,0.0,-1,0,0.48686,0.0,0.0,0.23049,0.19268,0.16809,0.16229,0.60343,0.07243,0.00036,0.82968,0.18152,0.25837,0.22541,0.61891,0.10586,0.00052,1.0,0.2462,0.28663,0.24176,10,0.675,0.0,0.3452,16,18,0,7,5,0,-0.0442,-0.071,0.0,,161.7
S3,F5,230,minimal,1.71,1.71,0.0,0.0,-1,0,0.00871,0.0,0.0,0.00487,0.5591,0.03574,0.0029,0.00943,0.0,0.0,0.01493,0.59109,0.03842,0.00314,0.01372,0.0,0.0,0.02821,0.55617,0.03841,0.00457,5,0.0,0.138,0.0,0,0,0,0,0,0,0.0,0.0,0.0,,71.2
S4,F5,230,minimal,28.35,10.62,212789.0,0.0,-1,0,0.09957,0.0117,2e-05,0.05307,0.3057,0.05384,0.0371,0.17766,0.03762,0.00031,0.18325,0.2612,0.08955,0.07186,0.18744,0.03762,0.00031,0.28641,0.39166,0.10617,0.07513,5,0.0,0.242,0.0,0,0,0,0,0,0,0.0,0.0,0.0,,73.4
S2,F5,230,minimal,119.79,37.98,0.0,0.0,-1,0,0.45202,0.0,0.0,0.24628,0.23583,0.16131,0.15067,0.46413,0.0,0.0,0.84033,0.38823,0.20878,0.15471,0.46563,0.0,0.0,1.0,0.33655,0.21557,0.15521,5,0.246,0.242,0.0,0,0,0,0,0,0,0.0,0.0,0.0,,96.0
S2,F5EvAI,229,minimal,216.27,108.54,105951.0,0.0,-1,0,0.53004,0.0,0.0,0.23246,0.18879,0.18067,0.17668,0.59987,0.04457,0.00019,0.83162,0.16091,0.24798,0.21488,0.61356,0.06686,0.00023,1.0,0.22921,0.2725,0.22688,8,0.746,0.054,0.2519,21,6,3,6,3,0,-0.1855,0.0149,0.0,template,164.6
S4,Test0,231,minimal,242.1,55.8,7881345.0,0.0,-1,0,0.55141,0.54006,0.02808,0.0,0.0,0.32928,0.37318,0.63719,0.89296,0.1466,0.0,0.0,0.49316,0.55892,0.65586,0.89296,0.19113,0.0,0.0,0.51175,0.57998,0,,,0.0,0,0,0,0,0,0,0.0,0.0,0.0,,9.5
S5,F5,230,minimal,29.61,11.34,177324.0,0.0,-1,0,0.10781,0.0,0.0,0.04535,0.31665,0.053,0.03594,0.17667,0.03635,0.00026,0.16497,0.27778,0.08877,0.07109,0.19416,0.03635,0.00027,0.25487,0.39103,0.10587,0.07693,5,0.0,0.217,0.0,0,0,0,0,0,0,0.0,0.0,0.0,,71.2
S4,F5Ev,230,minimal,23.85,11.52,141859.0,0.0,508.0,1,0.1159,0.02118,0.0002,0.05034,0.262,0.05875,0.04576,0.15475,0.02276,0.00026,0.10997,0.22648,0.07208,0.05926,0.16253,0.02276,0.00026,0.14897,0.15538,0.07248,0.06185,8,0.25,0.0,0.6737,18,3,0,14,3,0,-0.1569,-0.0665,0.0,,83.4
S5,Test0,231,minimal,242.1,55.8,7881345.0,0.0,-1,0,0.55141,0.54006,0.02808,0.0,0.0,0.32928,0.37318,0.63719,0.89296,0.1466,0.0,0.0,0.49316,0.55892,0.65586,0.89296,0.19113,0.0,0.0,0.51175,0.57998,0,,,0.0,0,0,0,0,0,0,0.0,0.0,0.0,,9.3
S5,F5EvAI,230,minimal,25.11,11.16,53197.0,0.0,480.0,1,0.11761,0.0,0.0,0.05507,0.21997,0.05077,0.0392,0.15265,0.01644,8e-05,0.14511,0.16683,0.0681,0.05639,0.16966,0.02118,8e-05,0.1824,0.11054,0.07338,0.06364,9,0.375,0.075,0.7035,11,6,3,10,2,2,-0.0898,-0.0618,0.0224,template,79.5
S5,F5Ev,230,minimal,25.29,12.15,149329.0,0.0,504.0,1,0.1159,0.02118,0.0002,0.05452,0.23655,0.0575,0.04576,0.15423,0.02276,0.00024,0.12102,0.18633,0.0702,0.05907,0.17067,0.02908,0.00026,0.17493,0.13649,0.07714,0.06667,9,0.423,0.0,0.7493,15,6,0,11,4,0,-0.0897,-0.1033,0.0,,81.5
S4,F5EvAI,230,minimal,21.33,10.08,53197.0,0.0,564.0,1,0.10955,0.0,0.0,0.05082,0.21941,0.04812,0.03652,0.13439,0.00948,7e-05,0.14016,0.17142,0.06066,0.04798,0.14789,0.00948,7e-05,0.20865,0.151,0.06746,0.05248,8,0.266,0.394,0.708,17,4,3,11,1,2,-0.1961,-0.0307,-0.002,template,92.5
S1,F5,231,minimal,114.93,37.62,859097.0,0.0,-1,0,0.38494,0.16047,0.00325,0.15424,0.31402,0.18892,0.18289,0.42737,0.18164,0.00462,0.53087,0.17457,0.22198,0.20454,0.45534,0.20049,0.00535,1.0,0.27442,0.26943,0.22039,5,0.129,0.227,0.0,0,0,0,0,0,0,0.0,0.0,0.0,,87.5
S1,Test0,232,minimal,269.37,113.13,4444444.0,0.0,-1,0,0.21122,0.0,0.0,0.0,0.0,0.06212,0.07041,0.49486,0.41114,0.03837,0.0,0.0,0.27775,0.31479,0.66652,1.0,0.15594,0.0,0.0,0.53602,0.60749,0,,,0.0,0,0,0,0,0,0,0.0,0.0,0.0,,11.7
S3,F5EvAI,231,minimal,50.22,3.69,155390.0,0.0,236.0,1,0.26846,0.08564,0.0003,0.06884,0.25601,0.12334,0.11813,,,,,,,,0.28332,0.08564,0.0003,0.09587,0.32704,0.13348,0.12309,7,0.31,0.476,0.7281,5,2,3,5,1,1,-0.096,0.0115,-0.0246,template,42.7
S1,F5Ev,232,minimal,0.45,0.0,0.0,0.0,38.0,1,,,,,,,,,,,,,,,0.00333,0.0,0.0,0.0015,0.85049,0.0511,0.00111,7,0.25,0.0,0.4763,0,2,0,0,2,0,0.0,0.0451,0.0,,7.4
S2,F5EvAI,230,minimal,152.73,65.97,66489.0,0.0,-1,0,0.45202,0.0,0.0,0.24628,0.23434,0.16122,0.15067,0.48421,0.00585,0.0,0.8205,0.33721,0.21224,0.16335,0.52628,0.13987,0.00017,1.0,0.1858,0.26573,0.22211,7,0.25,0.042,0.1964,22,4,3,7,2,0,-0.071,0.0245,0.0,template,126.5
S2,F5Ev,230,minimal,129.6,45.36,0.0,0.0,-1,0,0.44525,0.0,0.0,0.24627,0.22738,0.15882,0.14842,0.46488,0.0,0.0,0.82045,0.26232,0.20042,0.15496,0.48526,0.00585,0.0,1.0,0.30533,0.22123,0.1637,8,0.534,0.003,0.341,17,12,0,11,3,0,0.0213,0.004,0.0,,139.5
S1,F5EvAI,232,minimal,0.45,0.0,0.0,0.0,50.0,1,,,,,,,,,,,,,,,0.00333,0.0,0.0,0.00201,0.84746,0.05095,0.00111,6,0.0,0.15,0.1059,0,1,2,0,1,0,0.0,0.047,0.0,template,12.9
S2,Test0,232,minimal,264.78,108.72,4444444.0,0.0,-1,0,0.38005,0.34079,0.01225,0.0,0.0,0.21561,0.24436,0.49638,0.4803,0.05343,0.0,0.0,0.30298,0.34337,0.66269,1.0,0.17925,0.0,0.0,0.54175,0.61398,0,,,0.0,0,0,0,0,0,0,0.0,0.0,0.0,,12.5
S2,F5,231,minimal,264.33,124.65,2189232.0,0.0,-1,0,0.47246,0.17106,0.00507,0.21295,0.16954,0.21326,0.2162,0.61324,0.20049,0.00544,0.81232,0.15247,0.29768,0.27306,0.65786,0.52546,0.01237,1.0,0.13235,0.41828,0.39856,5,0.627,0.25,0.0,0,0,0,0,0,0,0.0,0.0,0.0,,91.1
S3,Test0,232,minimal,195.03,34.56,4779141.0,0.0,-1,0,0.28263,0.14785,0.00187,0.0,0.0,0.12716,0.14412,0.48353,0.31752,0.026,0.0,0.0,0.24325,0.27568,0.59135,0.61185,0.06191,0.0,0.0,0.37209,0.4217,0,,,0.0,0,0,0,0,0,0,0.0,0.0,0.0,,9.2
S3,F5,231,minimal,56.61,3.96,730759.0,0.0,-1,0,0.30072,0.1136,0.00144,0.06726,0.34899,0.14677,0.13859,0.30792,0.11775,0.00161,0.13883,0.5855,0.16828,0.14243,0.30826,0.11775,0.00161,0.1756,0.59512,0.17111,0.14254,5,0.0,0.308,0.0,0,0,0,0,0,0,0.0,0.0,0.0,,72.3
S3,F5Ev,231,minimal,56.97,3.69,492242.0,0.0,438.0,1,0.29088,0.10014,0.00059,0.07177,0.24827,0.13401,0.13054,0.3086,0.10704,0.00089,0.16819,0.21141,0.14484,0.13884,0.30961,0.10704,0.00094,0.18695,0.30749,0.15191,0.1392,8,0.541,0.0,0.7055,12,7,0,11,3,0,-0.0127,0.0165,0.0,,73.7
S3,F5Ev,232,minimal,26.01,0.09,0.0,0.0,136.0,1,0.16177,0.0,0.0,0.03221,0.28636,0.06632,0.05392,,,,,,,,0.16177,0.0,0.0,0.03325,0.22506,0.06277,0.05392,7,0.104,0.583,0.5147,1,8,0,1,2,0,-0.0357,0.0084,0.0,,20.5
S4,F5,231,minimal,77.13,5.58,432224.0,0.0,-1,0,0.36376,0.16298,0.00081,0.1681,0.34224,0.18518,0.17585,0.37197,0.16644,0.0012,0.41006,0.31985,0.20164,0.17987,0.37778,0.16644,0.0012,0.54695,0.56586,0.22588,0.18181,5,0.0,0.267,0.0,0,0,0,0,0,0,0.0,0.0,0.0,,73.8
S4,Test0,232,minimal,251.82,49.86,7009347.0,0.0,-1,0,0.42304,0.14785,0.00188,0.0,0.0,0.16846,0.19092,0.50191,0.40461,0.03345,0.0,0.0,0.27646,0.31333,0.65138,0.87825,0.09469,0.0,0.0,0.47774,0.54144,0,,,0.0,0,0,0,0,0,0,0.0,0.0,0.0,,11.8
S4,F5EvAI,231,minimal,78.12,8.28,770776.0,0.0,390.0,1,0.35237,0.1692,0.00122,0.17822,0.23597,0.17813,0.17426,0.38079,0.18612,0.00153,0.35884,0.32565,0.20745,0.18948,0.38079,0.18612,0.00153,0.36702,0.38593,0.21148,0.18948,10,0.11,0.059,0.6786,2,8,9,2,0,5,0.0214,0.0,-0.0559,template,69.0
S5,Test0,232,minimal,251.82,49.86,7009347.0,0.0,-1,0,0.42304,0.14785,0.00188,0.0,0.0,0.16846,0.19092,0.50191,0.40461,0.03345,0.0,0.0,0.27646,0.31333,0.65138,0.87825,0.09469,0.0,0.0,0.47774,0.54144,0,,,0.0,0,0,0,0,0,0,0.0,0.0,0.0,,15.4
S5,F5,231,minimal,82.89,6.39,716308.0,0.0,-1,0,0.35972,0.1768,0.00106,0.15673,0.32563,0.18649,0.17919,0.3816,0.18957,0.00148,0.31563,0.51223,0.21713,0.19088,0.39486,0.19475,0.00166,0.48086,0.3613,0.22344,0.19709,5,0.0,0.254,0.0,0,0,0,0,0,0,0.0,0.0,0.0,,80.6
S3,F5EvAI,232,minimal,26.01,0.0,0.0,0.0,136.0,1,0.16036,0.0,0.0,0.04931,0.25226,0.0649,0.05345,,,,,,,,0.16177,0.0,0.0,0.05434,0.21777,0.06359,0.05392,9,0.104,0.708,0.5217,0,3,3,0,2,2,0.0,0.0236,-0.0048,template,36.7
S5,F5,232,minimal,38.25,0.45,0.0,0.0,136.0,1,0.22107,0.0,0.0,0.08875,0.50103,0.09971,0.07369,,,,,,,,0.22107,0.0,0.0,0.09405,0.51276,0.10071,0.07369,5,0.104,0.479,0.0,0,0,0,0,0,0,0.0,0.0,0.0,,22.2
S1,F5Ev,231,minimal,118.26,38.7,821745.0,0.0,-1,0,0.36815,0.07939,0.00234,0.18736,0.33467,0.16303,0.14996,0.41239,0.09294,0.00243,0.46325,0.22004,0.18953,0.16925,0.46243,0.17699,0.00462,1.0,0.29588,0.26565,0.21468,11,0.544,0.0,0.6508,19,11,0,17,6,0,0.0128,-0.0199,0.0,,150.0
S3,F5,232,minimal,30.51,0.09,0.0,0.0,410.0,1,0.16177,0.0,0.0,0.02559,0.54681,0.08125,0.05392,0.17652,0.0,0.0,0.0471,0.29669,0.07214,0.05884,0.18459,0.0,0.0,0.05567,0.26389,0.07309,0.06153,5,0.064,0.764,0.0,0,0,0,0,0,0,0.0,0.0,0.0,,53.8
S1,F5EvAI,231,minimal,102.06,26.37,821745.0,0.0,-1,0,0.39921,0.1899,0.00433,0.18627,0.30416,0.20339,0.19782,0.42608,0.1899,0.00571,0.59743,0.26475,0.23357,0.20723,0.42608,0.1899,0.00589,1.0,0.28872,0.25871,0.20729,8,0.464,0.044,0.5052,20,7,3,16,3,0,0.2365,0.0558,0.0,template,155.8
S5,F5Ev,231,minimal,81.99,8.01,529672.0,0.0,508.0,1,0.37225,0.17334,0.00076,0.17492,0.2738,0.18709,0.18212,0.39225,0.18508,0.001,0.2973,0.35835,0.20866,0.19278,0.39225,0.18508,0.001,0.31813,0.36416,0.21023,0.19278,8,0.459,0.0,0.6282,17,5,0,14,3,0,-0.1304,0.0118,0.0,,94.6
S1,Test0,233,minimal,275.13,124.47,4444444.0,0.0,-1,0,0.36086,0.14693,0.00115,0.0,0.0,0.14969,0.16965,0.66667,1.0,0.1947,0.0,0.0,0.54746,0.62046,0.66667,1.0,0.32242,0.0,0.0,0.58503,0.66303,0,,,0.0,0,0,0,0,0,0,0.0,0.0,0.0,,18.4
S1,F5,232,minimal,2.34,0.0,0.0,0.0,-1,0,0.00333,0.0,0.0,0.0055,1.0,0.06013,0.00111,0.00465,0.0,0.0,0.01691,1.0,0.06119,0.00155,0.01707,0.0,0.0,0.04679,0.96122,0.06431,0.00569,5,0.0,0.267,0.0,0,0,0,0,0,0,0.0,0.0,0.0,,93.3
S4,F5Ev,232,minimal,38.52,2.16,0.0,0.0,250.0,1,0.20997,0.0,0.0,0.08024,0.35455,0.08733,0.06999,,,,,,,,0.22228,0.0,0.0,0.1037,0.41534,0.09591,0.07409,9,0.167,0.119,0.6571,2,12,0,1,4,0,-0.033,0.03,0.0,,50.4
S2,Test0,233,minimal,275.13,124.47,4444444.0,0.0,-1,0,0.53787,0.58458,0.02779,0.0,0.0,0.33831,0.38341,0.66667,1.0,0.22955,0.0,0.0,0.55771,0.63207,0.66667,1.0,0.31007,0.0,0.0,0.58139,0.65891,0,,,0.0,0,0,0,0,0,0,0.0,0.0,0.0,,15.9
S4,F5EvAI,232,minimal,37.98,2.25,0.0,0.0,226.0,1,0.21412,0.0,0.0,0.09421,0.36256,0.08984,0.07137,,,,,,,,0.21985,0.0,0.0,0.13022,0.3882,0.09516,0.07328,9,0.303,0.316,0.6156,2,3,5,2,3,1,0.0336,0.0239,-0.0008,template,58.0
S2,F5Ev,231,minimal,263.88,124.2,1729526.0,0.0,-1,0,0.44565,0.06351,0.00152,0.21203,0.21494,0.17532,0.17023,0.62538,0.27607,0.00443,0.81139,0.11954,0.3212,0.30196,0.65747,0.45411,0.00777,1.0,0.11975,0.39509,0.37312,8,0.64,0.0,0.3518,24,5,0,15,3,0,-0.3254,-0.0003,0.0,,162.8
S3,Test0,233,minimal,255.06,59.04,8888889.0,0.0,-1,0,0.42562,0.3488,0.02179,0.0,0.0,0.23418,0.2654,0.52908,0.49347,0.09218,0.0,0.0,0.32786,0.37157,0.66667,1.0,0.21825,0.0,0.0,0.55439,0.62831,0,,,0.0,0,0,0,0,0,0,0.0,0.0,0.0,,11.8
S2,F5EvAI,231,minimal,262.89,124.47,1401931.0,0.0,-1,0,0.47911,0.1899,0.00425,0.21085,0.15064,0.21928,0.22442,0.65327,0.39166,0.00648,0.76015,0.10557,0.36016,0.35047,0.65663,0.51339,0.0123,1.0,0.11121,0.41311,0.39411,8,0.604,0.171,0.367,23,3,5,14,2,1,-0.3447,-0.0418,0.0008,template,166.2
S2,F5,232,minimal,63.99,18.54,349909.0,0.0,-1,0,0.20536,0.08146,0.00083,0.13024,0.56304,0.12538,0.09588,0.31355,0.09627,0.00093,0.45837,0.66903,0.18712,0.13691,0.32194,0.11478,0.00145,0.92168,0.57776,0.21707,0.14605,5,0.062,0.242,0.0,0,0,0,0,0,0,0.0,0.0,0.0,,100.9
S4,F5Ev,231,minimal,59.76,6.75,162457.0,0.0,-1,0,0.29443,0.09323,0.00032,0.12962,0.24928,0.1364,0.12933,0.31894,0.09323,0.00035,0.24368,0.40367,0.15941,0.13751,0.31992,0.09323,0.00035,0.31131,0.32973,0.15933,0.13783,8,0.672,0.09,0.7548,24,6,0,17,3,0,-0.0083,-0.1689,0.0,,140.3
S4,Test0,233,minimal,255.06,59.04,8888889.0,0.0,-1,0,0.54128,0.55956,0.03088,0.0,0.0,0.33286,0.37724,0.66667,1.0,0.20143,0.0,0.0,0.54944,0.6227,0.66667,1.0,0.26487,0.0,0.0,0.5681,0.64384,0,,,0.0,0,0,0,0,0,0,0.0,0.0,0.0,,12.5
S5,F5EvAI,231,minimal,82.62,7.47,614169.0,0.0,606.0,1,0.37197,0.18543,0.00092,0.16443,0.28503,0.19065,0.18611,0.39225,0.19544,0.00116,0.35718,0.29532,0.21157,0.19628,0.39408,0.19717,0.00121,0.45525,0.37435,0.22305,0.19749,10,0.132,0.201,0.677,5,12,10,4,1,4,0.028,-0.037,-0.0233,template,126.2
S5,Test0,233,minimal,255.06,59.04,8888889.0,0.0,-1,0,0.54128,0.55956,0.03088,0.0,0.0,0.33286,0.37724,0.66667,1.0,0.20143,0.0,0.0,0.54944,0.6227,0.66667,1.0,0.26487,0.0,0.0,0.5681,0.64384,0,,,0.0,0,0,0,0,0,0,0.0,0.0,0.0,,12.8
S4,F5,232,minimal,41.4,1.26,0.0,0.0,-1,0,0.21246,0.0,0.0,0.07418,0.5769,0.10079,0.07082,0.2263,0.0,0.0,0.17404,0.3463,0.09717,0.07543,0.23499,0.0,0.0,0.24078,0.67703,0.1231,0.07833,5,0.037,0.704,0.0,0,0,0,0,0,0,0.0,0.0,0.0,,93.5
S5,F5EvAI,232,minimal,44.1,3.42,0.0,0.0,384.0,1,0.2247,0.0,0.0,0.08816,0.33756,0.09113,0.0749,0.24578,0.0,0.0,0.12531,0.24054,0.09381,0.08193,0.24654,0.0,0.0,0.12856,0.27334,0.09615,0.08218,8,0.594,0.07,0.7117,7,6,3,5,3,0,0.0746,0.0021,0.0,template,78.6
S2,F5Ev,232,minimal,60.12,18.0,220995.0,1823.0,-1,0,0.20452,0.08146,0.00169,0.15248,0.39525,0.11682,0.09589,0.3004,0.08886,0.00743,0.51111,0.46021,0.17381,0.13223,0.30847,0.08886,0.02328,1.0,0.44199,0.20853,0.1402,10,0.196,0.0,0.567,13,21,0,8,5,0,-0.0717,0.0092,0.0,,144.0
S1,Test0,234,minimal,282.78,134.01,4444444.0,0.0,-1,0,0.33142,0.04265,0.00014,0.0,0.0,0.11006,0.12474,0.59293,0.78249,0.08673,0.0,0.0,0.43004,0.48738,0.6666,1.0,0.20674,0.0,0.0,0.55098,0.62444,0,,,0.0,0,0,0,0,0,0,0.0,0.0,0.0,,13.7
S2,F5EvAI,232,minimal,61.38,18.0,239411.0,344.0,-1,0,0.20325,0.08146,0.00169,0.15644,0.34032,0.11345,0.09546,0.23616,0.08146,0.00427,0.43973,0.35432,0.14138,0.1073,0.31292,0.09257,0.00817,1.0,0.46344,0.20775,0.13788,9,0.087,0.004,0.5681,6,22,7,6,2,2,0.0649,0.0093,-0.0094,template,146.2
S3,F5EvAI,233,minimal,42.93,3.87,365079.0,860.0,298.0,1,0.23323,0.06004,0.00209,0.05905,0.216,0.10305,0.09845,,,,,,,,0.25185,0.06468,0.00448,0.12009,0.15572,0.11064,0.107,9,0.32,0.09,0.7689,6,4,3,5,2,2,-0.0394,-0.0221,-0.0071,template,68.0
S5,F5Ev,232,minimal,44.28,6.12,0.0,0.0,584.0,1,0.20955,0.0,0.0,0.07929,0.37022,0.08808,0.06985,0.2271,0.0,0.0,0.11199,0.34368,0.0936,0.0757,0.2473,0.0,0.0,0.15208,0.16239,0.09123,0.08243,9,0.658,0.015,0.8086,19,6,0,5,4,0,0.0805,-0.0218,0.0,,111.9
S1,F5,233,minimal,147.51,86.94,501641.0,0.0,-1,0,0.02113,0.0,0.0,0.01589,0.67985,0.04714,0.00704,0.20987,0.01179,2e-05,0.19217,0.35304,0.09727,0.07389,0.51744,0.19015,0.00158,0.91381,0.23257,0.27601,0.23639,5,0.115,0.25,0.0,0,0,0,0,0,0,0.0,0.0,0.0,,105.3
S3,F5,233,minimal,41.4,3.06,394286.0,0.0,-1,0,0.23364,0.06857,0.00094,0.04536,0.23246,0.1055,0.10105,0.2394,0.07011,0.00094,0.08704,0.25186,0.11124,0.10348,0.24507,0.07011,0.00094,0.1325,0.2592,0.11602,0.10537,5,0.0,0.517,0.0,0,0,0,0,0,0,0.0,0.0,0.0,,86.5
S2,F5,233,minimal,191.7,109.89,863874.0,0.0,-1,0,0.16907,0.0,0.0,0.13348,0.43266,0.08303,0.05636,0.51407,0.13357,0.00106,0.68374,0.19399,0.24243,0.21624,0.58221,0.33001,0.00233,1.0,0.15154,0.33672,0.30485,5,0.329,0.25,0.0,0,0,0,0,0,0,0.0,0.0,0.0,,98.0
S2,Test0,234,minimal,282.78,134.01,4444444.0,0.0,-1,0,0.49413,0.24168,0.00505,0.0,0.0,0.2179,0.24695,0.597,0.78249,0.13149,0.0,0.0,0.4444,0.50366,0.6666,1.0,0.24983,0.0,0.0,0.56366,0.63881,0,,,0.0,0,0,0,0,0,0,0.0,0.0,0.0,,13.3
S5,F5EvAI,233,minimal,56.88,5.4,541669.0,0.0,230.0,1,0.28686,0.13967,0.00123,0.12471,0.19863,0.14483,0.14259,,,,,,,,0.30844,0.15171,0.00126,0.21654,0.13086,0.15614,0.1538,9,0.287,0.188,0.6671,3,3,4,3,1,3,-0.1733,-0.087,-0.0133,template,57.7
S3,F5Ev,233,minimal,53.37,7.29,759664.0,0.0,462.0,1,0.23529,0.06857,0.00094,0.04639,0.19444,0.10381,0.1016,0.29079,0.10687,0.00164,0.086,0.12043,0.12958,0.1331,0.29502,0.11134,0.00171,0.09805,0.13254,0.13359,0.13603,8,0.656,0.031,0.7494,11,9,0,6,3,0,-0.096,-0.0221,0.0,,90.6
S3,Test0,234,minimal,248.94,69.93,7435772.0,0.0,-1,0,0.42932,0.22954,0.00975,0.0,0.0,0.19665,0.22287,0.65089,0.81755,0.07561,0.0,0.0,0.45413,0.51468,0.65336,0.84914,0.18566,0.0,0.0,0.49652,0.56272,0,,,0.0,0,0,0,0,0,0,0.0,0.0,0.0,,10.8
S4,F5,233,minimal,58.77,8.73,532707.0,0.0,-1,0,0.28289,0.12231,0.00142,0.11691,0.22677,0.13981,0.13554,0.2883,0.13775,0.00175,0.27865,0.26247,0.15765,0.1426,0.31546,0.14702,0.00181,0.46543,0.22589,0.17722,0.15476,5,0.0,0.542,0.0,0,0,0,0,0,0,0.0,0.0,0.0,,91.4
S4,Test0,234,minimal,248.94,69.93,7435772.0,0.0,-1,0,0.5183,0.38381,0.00923,0.0,0.0,0.26804,0.30378,0.65336,0.84914,0.10259,0.0,0.0,0.47209,0.53503,0.65336,0.84914,0.17618,0.0,0.0,0.49373,0.55956,0,,,0.0,0,0,0,0,0,0,0.0,0.0,0.0,,9.7
S1,F5EvAI,233,minimal,55.8,41.94,272319.0,329.0,-1,0,0.0255,0.0,0.0,0.017,0.48148,0.03682,0.0085,0.08774,0.0,0.00025,0.13641,0.38498,0.05655,0.02933,0.28857,0.088,0.00419,0.58569,0.28938,0.16346,0.12692,11,0.062,0.225,0.4731,2,28,8,2,4,2,-0.0987,-0.1232,-0.0292,template,134.3
S5,F5,233,minimal,67.68,9.72,928439.0,0.0,-1,0,0.28144,0.12385,0.00153,0.10935,0.22799,0.1395,0.13561,0.30266,0.13991,0.00197,0.27487,0.23813,0.16092,0.14818,0.3467,0.18269,0.00295,0.4832,0.24398,0.19935,0.17745,5,0.0,0.5,0.0,0,0,0,0,0,0,0.0,0.0,0.0,,92.9
S1,F5Ev,233,minimal,80.01,63.27,401312.0,1858.0,-1,0,0.02488,0.0,0.00067,0.01653,0.54464,0.04052,0.00852,0.18891,0.00393,0.00734,0.1352,0.32779,0.08611,0.06672,0.36774,0.16107,0.02629,0.70843,0.2171,0.21771,0.18503,11,0.332,0.037,0.5328,13,20,0,8,6,0,-0.3228,-0.0295,0.0,,147.0
S5,Test0,234,minimal,248.94,69.93,7435772.0,0.0,-1,0,0.5183,0.38381,0.00923,0.0,0.0,0.26804,0.30378,0.65336,0.84914,0.10259,0.0,0.0,0.47209,0.53503,0.65336,0.84914,0.17618,0.0,0.0,0.49373,0.55956,0,,,0.0,0,0,0,0,0,0,0.0,0.0,0.0,,10.5
S2,F5Ev,233,minimal,144.27,83.79,514049.0,0.0,-1,0,0.11211,0.03536,0.00015,0.12152,0.38065,0.07296,0.04921,0.2037,0.09429,0.0009,0.55007,0.35804,0.14133,0.09963,0.5119,0.20822,0.00159,1.0,0.16195,0.28062,0.24057,8,0.246,0.004,0.3797,24,6,0,14,3,0,-1.2082,-0.0615,0.0,,142.6
S5,F5Ev,233,minimal,73.98,16.65,741160.0,0.0,576.0,1,0.29397,0.11941,0.00084,0.1003,0.17295,0.1379,0.13807,0.35356,0.1472,0.0014,0.25529,0.1346,0.17063,0.16739,0.36713,0.17315,0.00153,0.31632,0.14307,0.18638,0.1806,9,0.607,0.01,0.7346,17,7,0,7,4,0,-0.1693,-0.139,0.0,,108.4
S4,F5EvAI,233,minimal,80.64,21.87,995431.0,695.0,610.0,1,0.29362,0.1283,0.00224,0.12777,0.18129,0.14293,0.14139,0.35089,0.16746,0.00514,0.36842,0.12068,0.18274,0.1745,0.38738,0.1965,0.00841,0.62051,0.12385,0.21799,0.19743,8,0.544,0.02,0.6927,19,3,4,7,1,2,-0.1998,-0.061,-0.0058,template,122.8
S2,F5EvAI,233,minimal,136.26,82.62,593239.0,3693.0,-1,0,0.12582,0.00786,0.00167,0.14012,0.34099,0.06811,0.04511,0.24087,0.09036,0.01645,0.71527,0.26654,0.16001,0.1159,0.49762,0.24358,0.0578,1.0,0.15903,0.30318,0.26633,12,0.163,0.008,0.5504,13,16,4,12,5,2,-0.9462,-0.3758,-0.0038,template,158.1
S1,F5,234,minimal,50.76,28.53,0.0,0.0,-1,0,0.11788,0.0,0.0,0.05572,0.5792,0.07202,0.03929,0.24538,0.0,0.0,0.23144,0.42327,0.11068,0.08179,0.26411,0.0,0.0,0.57607,0.43105,0.13692,0.08804,5,0.0,0.246,0.0,0,0,0,0,0,0,0.0,0.0,0.0,,93.2
S1,Test0,235,minimal,228.15,110.97,3153449.0,0.0,-1,0,0.18725,0.14648,0.00256,0.0,0.0,0.09891,0.11209,0.62065,0.54748,0.03802,0.0,0.0,0.35475,0.40205,0.62864,0.75752,0.09882,0.0,0.0,0.43676,0.495,0,,,0.0,0,0,0,0,0,0,0.0,0.0,0.0,,14.1
S4,F5Ev,233,minimal,89.73,28.8,1022168.0,0.0,-1,0,0.31842,0.16107,0.00159,0.1265,0.17298,0.15911,0.16036,0.37851,0.18485,0.00168,0.2499,0.13351,0.18874,0.18835,0.41301,0.22513,0.00207,0.38393,0.12031,0.21796,0.2134,8,0.617,0.096,0.7046,24,7,0,9,3,0,-0.254,-0.079,0.0,,143.1
S3,F5,234,minimal,51.3,23.94,204643.0,0.0,-1,0,0.07091,0.0,0.0,0.02379,0.4284,0.04745,0.02364,0.26863,0.04461,0.00026,0.15358,0.36694,0.12282,0.1045,0.27975,0.05545,0.00034,0.30898,0.33546,0.1366,0.11185,5,0.0,0.422,0.0,0,0,0,0,0,0,0.0,0.0,0.0,,79.3
S2,Test0,235,minimal,228.15,110.97,3153449.0,0.0,-1,0,0.58223,0.50301,0.02102,0.0,0.0,0.32537,0.36875,0.62548,0.59979,0.08401,0.0,0.0,0.38509,0.43643,0.62864,0.75752,0.1273,0.0,0.0,0.44514,0.50449,0,,,0.0,0,0,0,0,0,0,0.0,0.0,0.0,,14.5
S2,F5,234,minimal,191.79,118.08,445020.0,0.0,-1,0,0.16653,0.0,0.0,0.14447,0.59135,0.09226,0.05551,0.45139,0.06634,0.00014,0.73344,0.33035,0.21489,0.17263,0.57556,0.27334,0.00116,1.0,0.19905,0.32055,0.28335,5,0.115,0.246,0.0,0,0,0,0,0,0,0.0,0.0,0.0,,108.9
S4,F5,234,minimal,68.67,27.36,297846.0,0.0,-1,0,0.11088,0.00465,0.0,0.06337,0.38866,0.06057,0.03851,0.29328,0.05731,0.00044,0.36417,0.33924,0.14462,0.11701,0.34208,0.08395,0.00053,0.73923,0.32455,0.18803,0.14218,5,0.0,0.275,0.0,0,0,0,0,0,0,0.0,0.0,0.0,,87.7
S3,F5EvAI,234,minimal,47.07,22.59,37075.0,0.0,-1,0,0.05778,0.0,0.0,0.03423,0.30744,0.03709,0.01926,0.16167,0.01859,4e-05,0.18947,0.25961,0.07944,0.0601,0.26275,0.02014,6e-05,0.45742,0.29523,0.12749,0.09431,9,0.0,0.242,0.6312,0,43,6,0,2,2,0.0,-0.0674,-0.0485,template,98.4
S1,F5Ev,234,minimal,105.21,59.49,247959.0,0.0,-1,0,0.1296,0.0,0.0,0.05786,0.50419,0.07118,0.0432,0.33369,0.0,0.0,0.33004,0.3185,0.13629,0.11123,0.42656,0.17155,0.00105,1.0,0.33906,0.25499,0.19972,8,0.25,0.0,0.5631,21,9,0,3,3,0,-0.0733,0.004,0.0,,136.3
S3,Test0,235,minimal,276.12,80.46,8888889.0,0.0,-1,0,0.51791,0.66675,0.03492,0.0,0.0,0.3587,0.40653,0.66382,1.0,0.19624,0.0,0.0,0.54708,0.62002,0.66667,1.0,0.2426,0.0,0.0,0.56155,0.63642,0,,,0.0,0,0,0,0,0,0,0.0,0.0,0.0,,14.1
S1,F5EvAI,234,minimal,57.78,32.49,0.0,0.0,-1,0,0.13105,0.0,0.0,0.06723,0.47208,0.07027,0.04368,0.24646,0.0,0.0,0.33292,0.36024,0.11326,0.08215,0.29004,0.0,0.0,0.82671,0.31567,0.1525,0.09668,8,0.0,0.246,0.537,0,32,6,0,1,2,0.0,-0.0005,-0.0157,template,131.5
S5,F5,234,minimal,75.96,35.82,311827.0,0.0,-1,0,0.10709,0.0,0.0,0.07371,0.38439,0.05844,0.0357,0.31119,0.04461,0.00044,0.37754,0.2705,0.1429,0.11875,0.36513,0.06381,0.00068,0.80577,0.26592,0.1894,0.14321,5,0.0,0.287,0.0,0,0,0,0,0,0,0.0,0.0,0.0,,90.5
S4,Test0,235,minimal,276.12,80.46,8888889.0,0.0,-1,0,0.59557,0.69188,0.03832,0.0,0.0,0.38993,0.44192,0.66382,1.0,0.19988,0.0,0.0,0.54815,0.62123,0.66667,1.0,0.24263,0.0,0.0,0.56156,0.63643,0,,,0.0,0,0,0,0,0,0,0.0,0.0,0.0,,16.5
S3,F5Ev,234,minimal,50.04,24.84,74150.0,0.0,-1,0,0.06737,0.0031,0.0,0.02258,0.34585,0.0424,0.02349,0.25489,0.03005,8e-05,0.17953,0.2528,0.10926,0.095,0.27477,0.03996,0.00012,0.32285,0.20747,0.1238,0.10495,9,0.25,0.0,0.686,23,7,0,15,4,0,-0.2503,-0.1028,0.0,,133.6
S1,F5,235,minimal,30.78,18.09,0.0,0.0,-1,0,0.07016,0.01962,0.0,0.03268,0.38023,0.0507,0.02993,0.11469,0.01962,0.0,0.12995,0.46709,0.07462,0.04477,0.18592,0.01962,0.0,0.32782,0.36597,0.10126,0.06851,5,0.0,0.25,0.0,0,0,0,0,0,0,0.0,0.0,0.0,,93.8
S5,Test0,235,minimal,276.12,80.46,8888889.0,0.0,-1,0,0.59557,0.69188,0.03832,0.0,0.0,0.38993,0.44192,0.66382,1.0,0.19988,0.0,0.0,0.54815,0.62123,0.66667,1.0,0.24263,0.0,0.0,0.56156,0.63643,0,,,0.0,0,0,0,0,0,0,0.0,0.0,0.0,,13.0
S4,F5EvAI,234,minimal,70.02,33.3,72286.0,0.0,-1,0,0.11249,0.0,0.0,0.09365,0.30744,0.05668,0.0375,0.29902,0.02943,8e-05,0.54482,0.21343,0.14123,0.10951,0.34647,0.03624,0.00012,1.0,0.20621,0.18355,0.12761,9,0.237,0.229,0.6904,19,7,6,5,2,2,-0.1817,-0.1709,-0.0986,template,126.7
S2,F5Ev,234,minimal,192.6,118.35,640170.0,0.0,-1,0,0.17137,0.0,0.0,0.14704,0.50761,0.08891,0.05712,0.43905,0.08246,0.00018,0.70775,0.2266,0.2084,0.1739,0.57659,0.31713,0.0017,1.0,0.17299,0.33236,0.29847,12,0.581,0.0,0.5758,8,22,0,6,7,0,-0.2657,-0.187,0.0,,163.5
S2,F5EvAI,234,minimal,191.43,116.91,743101.0,0.0,-1,0,0.2336,0.0,0.0,0.17398,0.29552,0.09632,0.07787,0.4232,0.02843,3e-05,0.77314,0.19908,0.19003,0.15055,0.5751,0.29874,0.00324,1.0,0.13052,0.32447,0.29236,8,0.266,0.246,0.5262,13,12,8,8,0,3,-0.5338,0.0,-0.0636,template,168.3
S4,F5Ev,234,minimal,80.55,38.34,368402.0,0.0,-1,0,0.11835,0.0031,0.0,0.06308,0.31279,0.05783,0.04048,0.32945,0.07156,0.00059,0.44905,0.19334,0.1559,0.13387,0.37884,0.07775,0.00066,0.95279,0.19518,0.20201,0.15241,8,0.25,0.0,0.525,26,4,0,16,3,0,-0.671,-0.1215,0.0,,147.8
S5,F5Ev,234,minimal,82.71,40.5,359152.0,0.0,-1,0,0.136,0.00465,0.0,0.07321,0.26931,0.06152,0.04688,0.3195,0.04709,0.00055,0.44008,0.23324,0.14759,0.12238,0.38508,0.07868,0.00069,0.99512,0.20661,0.20729,0.15482,9,0.175,0.125,0.6265,15,20,0,12,4,0,-0.2954,-0.1607,0.0,,127.5
S1,Test0,236,minimal,269.19,120.15,4444444.0,0.0,-1,0,0.46273,0.0687,0.00141,0.0,0.0,0.15672,0.17761,0.66457,0.96622,0.10369,0.0,0.0,0.51014,0.57816,0.66667,1.0,0.20692,0.0,0.0,0.55105,0.62453,0,,,0.0,0,0,0,0,0,0,0.0,0.0,0.0,,16.2
S2,F5,235,minimal,170.28,78.75,1077756.0,0.0,-1,0,0.26031,0.07193,0.00056,0.20642,0.36781,0.13166,0.11093,0.2981,0.07193,0.00056,0.52594,0.46623,0.16736,0.12353,0.55819,0.42911,0.00549,1.0,0.18062,0.36145,0.33093,5,0.012,0.238,0.0,0,0,0,0,0,0,0.0,0.0,0.0,,103.5
S2,Test0,236,minimal,266.58,119.79,3641364.0,0.0,-1,0,0.5473,0.0687,0.00184,0.0,0.0,0.18172,0.20595,0.63106,0.39849,0.05821,0.0,0.0,0.31993,0.36259,0.6645,0.80911,0.17158,0.0,0.0,0.48388,0.5484,0,,,0.0,0,0,0,0,0,0,0.0,0.0,0.0,,15.0
S5,F5EvAI,234,minimal,72.18,36.09,61720.0,0.0,-1,0,0.10763,0.0,0.0,0.10487,0.26566,0.05345,0.03588,0.23983,0.02788,5e-05,0.5003,0.24829,0.12279,0.08925,0.35338,0.03779,8e-05,1.0,0.19795,0.18554,0.13042,10,0.188,0.067,0.7201,18,8,6,14,3,2,-0.3385,-0.2247,-0.0535,template,143.1
S3,F5Ev,235,minimal,8.55,4.14,0.0,0.0,332.0,1,0.04483,0.0,0.0,0.01793,0.30495,0.03218,0.01494,,,,,,,,0.05832,0.0,0.0,0.045,0.27651,0.03606,0.01944,7,0.714,0.0,0.7284,12,2,0,10,2,0,-0.5733,-0.1505,0.0,,81.1
S3,F5EvAI,235,minimal,51.48,5.31,1251619.0,0.0,378.0,1,0.04364,0.0,0.0,0.02595,0.28392,0.03106,0.01455,0.2716,0.12827,0.00334,0.20687,0.21922,0.14366,0.1344,0.2716,0.12827,0.00334,0.21158,0.25519,0.14605,0.1344,10,0.289,0.0,0.732,3,7,8,3,2,3,-0.0968,-0.1932,-0.0847,template,78.7
S3,Test0,236,minimal,269.28,68.85,8888889.0,0.0,-1,0,0.55183,0.47103,0.01398,0.0,0.0,0.30495,0.34561,0.64245,0.90675,0.12519,0.0,0.0,0.49247,0.55813,0.66667,1.0,0.21622,0.0,0.0,0.55379,0.62763,0,,,0.0,0,0,0,0,0,0,0.0,0.0,0.0,,11.9
S3,F5,235,minimal,56.7,4.77,1616697.0,0.0,-1,0,0.01981,0.0,0.0,0.01415,0.45327,0.03332,0.0066,0.14445,0.00151,0.0,0.04723,0.35228,0.06643,0.04865,0.29113,0.14254,0.00409,0.25534,0.36635,0.16532,0.14592,5,0.0,0.202,0.0,0,0,0,0,0,0,0.0,0.0,0.0,,98.7
S4,F5,235,minimal,87.66,9.81,1938090.0,0.0,-1,0,0.02665,0.0,0.0,0.03213,0.46915,0.03732,0.00888,0.36585,0.17544,0.0042,0.3704,0.26713,0.19794,0.18183,0.38836,0.19721,0.00524,0.74677,0.45078,0.24421,0.19694,5,0.0,0.2,0.0,0,0,0,0,0,0,0.0,0.0,0.0,,94.6
S4,Test0,236,minimal,269.28,68.85,8888889.0,0.0,-1,0,0.557,0.47436,0.015,0.0,0.0,0.30775,0.34879,0.65306,0.94239,0.12242,0.0,0.0,0.50526,0.57262,0.66667,1.0,0.21146,0.0,0.0,0.55239,0.62604,0,,,0.0,0,0,0,0,0,0,0.0,0.0,0.0,,12.3
S1,F5EvAI,235,minimal,16.83,15.57,0.0,0.0,-1,0,0.04037,0.0,0.0,0.03887,0.27437,0.0303,0.01346,0.07189,0.0,0.0,0.21393,0.2451,0.04815,0.02396,0.11101,0.0,0.0,0.55393,0.24557,0.07968,0.037,7,0.225,0.017,0.6829,25,1,4,10,1,1,-0.1315,-0.0015,-0.0022,template,156.3
S1,F5Ev,235,minimal,29.34,19.26,0.0,0.0,-1,0,0.02538,0.0,0.0,0.00943,0.38264,0.03053,0.00846,0.07875,0.0,0.0,0.10863,0.25426,0.04451,0.02625,0.17878,0.0,0.0,0.35134,0.23392,0.08701,0.05959,7,0.456,0.0,0.6552,26,4,0,12,2,0,-0.0261,0.027,0.0,,160.2
S2,F5Ev,235,minimal,180.45,86.85,1139259.0,0.0,-1,0,0.22026,0.07193,0.00058,0.20532,0.34569,0.11852,0.09759,0.44403,0.24039,0.00328,0.7023,0.16213,0.25311,0.22923,0.57245,0.43631,0.00571,1.0,0.14857,0.36593,0.33815,8,0.25,0.0,0.5139,25,7,0,15,3,0,-0.5326,-0.0662,0.0,,155.6
S3,F5Ev,236,minimal,52.02,1.62,711.0,0.0,152.0,1,0.27834,0.00666,0.0,0.07828,0.26469,0.104,0.095,,,,,,,,0.27869,0.00666,0.0,0.09503,0.21991,0.10245,0.09512,7,0.429,0.0,0.4167,3,3,0,3,2,0,-0.0436,-0.0452,0.0,,35.2
S2,F5EvAI,235,minimal,166.77,76.95,953978.0,0.0,-1,0,0.2346,0.07193,0.00058,0.20629,0.36273,0.1238,0.10237,0.28401,0.12686,0.0009,0.70729,0.35318,0.18349,0.13726,0.55305,0.38334,0.00515,1.0,0.17917,0.34629,0.31385,14,0.104,0.135,0.6642,3,24,9,3,4,5,-0.1022,-0.1379,0.0091,template,155.0
S5,F5,235,minimal,63.99,17.91,1126217.0,0.0,-1,0,0.24247,0.08164,0.00156,0.11266,0.30333,0.12026,0.10856,0.27947,0.09797,0.00223,0.34489,0.31492,0.15048,0.12656,0.3167,0.11521,0.00262,0.69047,0.40579,0.19229,0.14484,5,0.0,0.237,0.0,0,0,0,0,0,0,0.0,0.0,0.0,,89.6
S5,Test0,236,minimal,269.28,68.85,8888889.0,0.0,-1,0,0.557,0.47436,0.015,0.0,0.0,0.30775,0.34879,0.65306,0.94239,0.12242,0.0,0.0,0.50526,0.57262,0.66667,1.0,0.21146,0.0,0.0,0.55239,0.62604,0,,,0.0,0,0,0,0,0,0,0.0,0.0,0.0,,14.1
S1,Test0,237,minimal,269.1,139.23,4039171.0,0.0,-1,0,0.20738,0.0,0.0,0.0,0.0,0.061,0.06913,0.63894,0.83805,0.04349,0.0,0.0,0.4472,0.50683,0.65613,0.91457,0.24242,0.0,0.0,0.53327,0.60437,0,,,0.0,0,0,0,0,0,0,0.0,0.0,0.0,,13.5
S1,F5,236,minimal,166.86,53.73,519297.0,0.0,-1,0,0.36321,0.0,0.0,0.13876,0.34107,0.13505,0.12107,0.46996,0.12023,0.00198,0.54995,0.26352,0.22202,0.19739,0.55352,0.13741,0.00217,1.0,0.29784,0.28019,0.23103,5,0.071,0.087,0.0,0,0,0,0,0,0,0.0,0.0,0.0,,101.1
S4,F5Ev,235,minimal,68.49,21.78,847879.0,0.0,-1,0,0.06235,0.0,0.0,0.04033,0.34516,0.04101,0.02078,0.27778,0.08527,0.00157,0.28863,0.32502,0.14334,0.12154,0.33159,0.10946,0.00211,0.64071,0.31677,0.18666,0.14772,7,0.637,0.0,0.5552,26,4,0,18,2,0,-0.8618,-0.1449,0.0,,149.5
S4,F5EvAI,235,minimal,59.4,17.1,1027084.0,0.0,-1,0,0.06005,0.0,0.0,0.0646,0.31096,0.03975,0.02002,0.25894,0.07106,0.00144,0.41341,0.23763,0.13578,0.11048,0.30082,0.09743,0.00188,0.85519,0.3339,0.18763,0.13338,12,0.275,0.008,0.7736,16,8,8,8,3,4,-0.3831,-0.2671,-0.085,template,146.8
S3,F5,236,minimal,65.43,3.69,74311.0,0.0,-1,0,0.28965,0.00966,0.0,0.06785,0.28465,0.10877,0.09977,0.29699,0.02185,0.0001,0.15478,0.36501,0.12438,0.10631,0.32704,0.04023,0.00022,0.2741,0.30819,0.14234,0.12249,5,0.0,0.396,0.0,0,0,0,0,0,0,0.0,0.0,0.0,,97.1
S2,Test0,237,minimal,269.1,139.23,4039171.0,0.0,-1,0,0.44551,0.25126,0.00541,0.0,0.0,0.20652,0.23406,0.65613,0.91457,0.15777,0.0,0.0,0.50837,0.57616,0.65613,0.91457,0.25253,0.0,0.0,0.53625,0.60775,0,,,0.0,0,0,0,0,0,0,0.0,0.0,0.0,,13.0
S2,F5,236,minimal,208.08,79.11,1644400.0,0.0,-1,0,0.4531,0.06298,0.00017,0.20518,0.21872,0.17677,0.17208,0.58139,0.34696,0.00687,0.76961,0.18569,0.33126,0.31174,0.60722,0.39849,0.00831,1.0,0.16136,0.36656,0.33801,5,0.31,0.116,0.0,0,0,0,0,0,0,0.0,0.0,0.0,,117.7
S5,F5Ev,235,minimal,77.13,23.31,1277053.0,0.0,-1,0,0.22092,0.05745,0.00019,0.06703,0.2508,0.10063,0.09286,0.32004,0.14224,0.00305,0.4074,0.21049,0.17321,0.15511,0.35843,0.14889,0.00339,0.72065,0.34572,0.21294,0.17024,9,0.406,0.0,0.6061,22,8,0,16,4,0,-0.4047,-0.0079,0.0,,149.0
S3,F5EvAI,236,minimal,66.33,3.78,254084.0,0.0,492.0,1,0.29167,0.01299,0.0,0.06472,0.24366,0.10774,0.10155,0.33005,0.04962,0.00048,0.14642,0.15708,0.12966,0.12672,0.33005,0.04962,0.00048,0.16831,0.14469,0.13022,0.12672,8,0.359,0.109,0.5212,11,9,3,7,3,0,-0.0745,-0.0231,0.0,template,96.9
S5,F5EvAI,235,minimal,65.34,20.16,1305865.0,0.0,-1,0,0.09338,0.01663,4e-05,0.09408,0.25038,0.05263,0.03668,0.29922,0.12011,0.0032,0.51314,0.30623,0.17247,0.14084,0.32124,0.12011,0.0032,0.82779,0.33823,0.19934,0.14818,14,0.108,0.208,0.7721,9,10,14,9,2,7,0.1019,0.0106,-0.1158,template,155.0
S4,F5Ev,236,minimal,73.35,6.84,397066.0,0.0,422.0,1,0.31187,0.0,0.0,0.15391,0.27973,0.11723,0.10396,0.3521,0.02498,0.00077,0.29945,0.17202,0.13887,0.12595,0.35266,0.02664,0.00082,0.30921,0.28688,0.14686,0.12671,8,0.444,0.0,0.5939,11,7,0,7,3,0,-0.1491,-0.0564,0.0,,85.2
S3,Test0,237,minimal,194.76,62.19,4245845.0,0.0,-1,0,0.34133,0.1197,0.00225,0.0,0.0,0.13626,0.15443,0.51366,0.44596,0.05894,0.0,0.0,0.29958,0.33952,0.59573,0.63805,0.10295,0.0,0.0,0.39316,0.44558,0,,,0.0,0,0,0,0,0,0,0.0,0.0,0.0,,10.6
S1,F5Ev,236,minimal,149.04,49.5,0.0,1657.0,-1,0,0.35829,0.0,0.00084,0.1413,0.2973,0.13143,0.11971,0.47109,0.0,0.01044,0.54516,0.26536,0.1893,0.16051,0.52546,0.0,0.02865,1.0,0.26317,0.23728,0.1847,13,0.129,0.0,0.6432,9,23,0,9,8,0,0.0367,0.0166,0.0,,143.5
S4,F5,236,minimal,65.52,5.67,29156.0,0.0,-1,0,0.30256,0.0,0.0,0.14874,0.37529,0.11981,0.10085,0.3106,0.0,0.0,0.30653,0.40133,0.13299,0.10353,0.32734,0.00833,0.00011,0.53418,0.4053,0.15402,0.11192,5,0.0,0.319,0.0,0,0,0,0,0,0,0.0,0.0,0.0,,94.1
S4,F5EvAI,236,minimal,72.72,6.84,181907.0,0.0,464.0,1,0.31123,0.00833,0.0,0.14991,0.27851,0.11919,0.10652,0.35069,0.02997,0.00036,0.40138,0.18543,0.14658,0.12701,0.35069,0.02997,0.00036,0.43961,0.31234,0.1563,0.12701,9,0.346,0.045,0.615,7,9,4,4,2,2,-0.0329,-0.105,-0.0658,template,94.9
S4,Test0,237,minimal,264.24,63.45,8888889.0,0.0,-1,0,0.50043,0.24034,0.00314,0.0,0.0,0.2188,0.24797,0.63691,0.88243,0.07638,0.0,0.0,0.46933,0.53191,0.66659,1.0,0.18869,0.0,0.0,0.54567,0.61843,0,,,0.0,0,0,0,0,0,0,0.0,0.0,0.0,,10.6
S1,F5EvAI,236,minimal,145.08,47.7,0.0,0.0,-1,0,0.36672,0.0,0.0,0.14467,0.25566,0.13141,0.12224,0.47388,0.0,0.0,0.73862,0.2149,0.19547,0.15796,0.51874,0.0,0.0,1.0,0.30701,0.22946,0.17291,10,0.25,0.004,0.5801,17,8,7,10,3,2,0.0054,0.0091,-0.0059,template,156.5
S5,F5,236,minimal,105.75,12.87,1106178.0,0.0,-1,0,0.35041,0.01832,5e-05,0.17268,0.278,0.13498,0.12293,0.43053,0.13334,0.0029,0.46795,0.34898,0.21475,0.18892,0.43991,0.13334,0.00398,0.73095,0.43672,0.23846,0.19241,5,0.004,0.313,0.0,0,0,0,0,0,0,0.0,0.0,0.0,,91.1
S5,Test0,237,minimal,264.24,63.45,8888889.0,0.0,-1,0,0.50043,0.24034,0.00314,0.0,0.0,0.2188,0.24797,0.63691,0.88243,0.07638,0.0,0.0,0.46933,0.53191,0.66659,1.0,0.18869,0.0,0.0,0.54567,0.61843,0,,,0.0,0,0,0,0,0,0,0.0,0.0,0.0,,10.4
S2,F5Ev,236,minimal,174.6,59.31,568529.0,0.0,-1,0,0.42001,0.0,0.0,0.20629,0.23015,0.14921,0.14,0.55748,0.15688,0.00208,0.80569,0.17386,0.26834,0.23881,0.56469,0.17405,0.00214,1.0,0.265,0.29232,0.24696,10,0.442,0.004,0.4411,13,17,0,8,5,0,-0.1107,-0.051,0.0,,147.6
S1,F5,237,minimal,27.81,26.64,0.0,0.0,-1,0,0.07442,0.0,0.0,0.04139,0.64977,0.06255,0.02481,0.12409,0.0,0.0,0.17028,0.65781,0.08521,0.04136,0.16471,0.0,0.0,0.40775,0.49604,0.10161,0.0549,5,0.0,0.346,0.0,0,0,0,0,0,0,0.0,0.0,0.0,,84.5
S1,Test0,238,minimal,264.42,137.88,4444444.0,0.0,-1,0,0.54686,0.79433,0.03646,0.0,0.0,0.40519,0.45922,0.66328,1.0,0.20119,0.0,0.0,0.54837,0.62149,0.66328,1.0,0.24331,0.0,0.0,0.56076,0.63553,0,,,0.0,0,0,0,0,0,0,0.0,0.0,0.0,,14.8
S2,F5EvAI,236,minimal,153.36,54.18,223729.0,0.0,-1,0,0.4533,0.0,0.0,0.20643,0.16497,0.15517,0.1511,0.52861,0.12825,0.0007,0.8058,0.20376,0.25279,0.21919,0.53258,0.12825,0.00071,1.0,0.17386,0.26362,0.22051,11,0.367,0.004,0.5069,16,8,6,9,5,1,-0.0055,0.013,-0.0231,template,162.9
S5,F5Ev,236,minimal,98.37,12.87,103058.0,0.0,598.0,1,0.34672,0.01499,4e-05,0.16797,0.26467,0.13185,0.12058,0.40823,0.05362,0.00013,0.43039,0.23244,0.17487,0.15399,0.42217,0.07027,0.00017,0.55972,0.29762,0.19532,0.1642,8,0.365,0.02,0.5978,14,11,0,13,3,0,-0.2474,-0.0474,0.0,,115.7
S5,F5EvAI,236,minimal,84.51,10.71,84311.0,0.0,638.0,1,0.32216,0.0,0.0,0.15394,0.27803,0.12016,0.10739,0.38386,0.06487,0.00017,0.32914,0.20985,0.16373,0.14963,0.38563,0.06487,0.00017,0.39249,0.26006,0.17094,0.15022,9,0.366,0.157,0.6581,14,8,5,12,3,1,-0.3232,-0.0604,-0.0351,template,128.7
S2,Test0,238,minimal,264.42,137.88,4444444.0,0.0,-1,0,0.48807,0.68437,0.02225,0.0,0.0,0.35138,0.39823,0.66267,1.0,0.17605,0.0,0.0,0.5408,0.61291,0.66328,1.0,0.22171,0.0,0.0,0.55441,0.62833,0,,,0.0,0,0,0,0,0,0,0.0,0.0,0.0,,13.1
S3,F5,237,minimal,23.67,5.76,0.0,0.0,-1,0,0.10266,0.0,0.0,0.01976,0.29952,0.04897,0.03422,0.13795,0.0,0.0,0.08352,0.32791,0.06478,0.04598,0.15189,0.0,0.0,0.16603,0.38059,0.07683,0.05063,5,0.0,0.246,0.0,0,0,0,0,0,0,0.0,0.0,0.0,,79.5
S2,F5,237,minimal,104.85,64.35,42660.0,176.0,-1,0,0.31781,0.00484,0.00046,0.23423,0.28659,0.12567,0.1077,0.41747,0.02422,0.00192,0.80835,0.37483,0.20007,0.14787,0.42643,0.02906,0.0039,1.0,0.38326,0.21648,0.15313,5,0.051,0.293,0.0,0,0,0,0,0,0,0.0,0.0,0.0,,93.5
S4,F5,237,minimal,27.99,7.65,0.0,0.0,-1,0,0.10702,0.0,0.0,0.04464,0.32345,0.05313,0.03567,0.14845,0.0,0.0,0.19734,0.3517,0.07596,0.04948,0.17477,0.0,0.0,0.42783,0.37451,0.0986,0.05826,5,0.0,0.254,0.0,0,0,0,0,0,0,0.0,0.0,0.0,,73.6
S3,F5EvAI,237,minimal,13.95,3.87,0.0,0.0,466.0,1,0.06016,0.0,0.0,0.02454,0.30359,0.037,0.02005,0.0893,0.0,0.0,0.08165,0.23227,0.04473,0.02977,0.09547,0.0,0.0,0.10463,0.23721,0.04819,0.03182,8,0.218,0.032,0.7214,13,3,4,9,1,2,-0.1414,0.0234,-0.0108,template,75.9
S3,Test0,238,minimal,220.95,73.89,7316918.0,0.0,-1,0,0.22821,0.05676,0.00092,0.0,0.0,0.08409,0.0953,0.31147,0.15372,0.00466,0.0,0.0,0.13819,0.15662,0.6436,0.89003,0.07838,0.0,0.0,0.47412,0.53733,0,,,0.0,0,0,0,0,0,0,0.0,0.0,0.0,,9.6
S3,F5,238,minimal,24.93,1.98,40533.0,0.0,120.0,1,0.16926,0.0527,8e-05,0.03413,0.24254,0.08158,0.07402,,,,,,,,0.16926,0.0527,8e-05,0.03413,0.24254,0.08158,0.07402,5,0.0,0.45,0.0,0,0,0,0,0,0,0.0,0.0,0.0,,12.7
S1,F5EvAI,237,minimal,43.47,33.84,0.0,176.0,-1,0,0.06837,0.0,0.00016,0.04087,0.60552,0.05818,0.02284,0.1236,0.0,0.00137,0.189,0.56227,0.08095,0.04166,0.23561,0.0,0.00334,0.55731,0.5273,0.13408,0.07965,8,0.0,0.075,0.3426,0,31,3,0,3,0,0.0,0.0493,0.0,template,125.2
S1,F5Ev,237,minimal,31.14,29.97,0.0,176.0,-1,0,0.06168,0.0,0.00025,0.03854,0.58957,0.05516,0.02064,0.11016,0.0,0.0015,0.17346,0.56268,0.07614,0.03722,0.18087,0.0,0.00347,0.50285,0.51633,0.11417,0.06145,9,0.25,0.113,0.4721,11,19,0,4,4,0,0.0818,0.0552,0.0,,131.8
S5,F5,237,minimal,17.82,3.06,0.0,0.0,-1,0,0.09603,0.0,0.0,0.05201,0.45068,0.05781,0.03201,0.10046,0.0,0.0,0.17291,0.39485,0.06294,0.03349,0.11881,0.0,0.0,0.29641,0.39497,0.07561,0.0396,5,0.0,0.267,0.0,0,0,0,0,0,0,0.0,0.0,0.0,,74.9
S4,Test0,238,minimal,243.9,79.2,8491746.0,0.0,-1,0,0.53322,0.4211,0.01521,0.0,0.0,0.28515,0.32318,0.66494,0.98368,0.1205,0.0,0.0,0.52033,0.58971,0.66593,0.98368,0.19,0.0,0.0,0.54106,0.6132,0,,,0.0,0,0,0,0,0,0,0.0,0.0,0.0,,10.8
S3,F5Ev,238,minimal,17.19,1.71,43067.0,0.0,204.0,1,0.11462,0.05169,0.0001,0.0259,0.20975,0.06281,0.05547,,,,,,,,0.12319,0.05169,0.0001,0.03133,0.23128,0.06691,0.05833,7,0.456,0.015,0.7223,5,4,0,5,2,0,-0.0111,0.0086,0.0,,33.2
S3,F5Ev,237,minimal,18.72,5.67,0.0,0.0,-1,0,0.06016,0.0,0.0,0.0156,0.32107,0.0375,0.02005,0.10321,0.0,0.0,0.0426,0.20232,0.04476,0.0344,0.12407,0.0,0.0,0.08173,0.20703,0.05348,0.04136,7,0.471,0.0,0.7374,19,11,0,13,2,0,-0.1382,-0.0388,0.0,,113.0
S5,Test0,238,minimal,243.9,79.2,8491746.0,0.0,-1,0,0.53322,0.4211,0.01521,0.0,0.0,0.28515,0.32318,0.66494,0.98368,0.1205,0.0,0.0,0.52033,0.58971,0.66593,0.98368,0.19,0.0,0.0,0.54106,0.6132,0,,,0.0,0,0,0,0,0,0,0.0,0.0,0.0,,11.8
S3,F5EvAI,238,minimal,16.83,1.53,17733.0,0.0,176.0,1,0.1152,0.02811,5e-05,0.03395,0.19885,0.05586,0.04778,,,,,,,,0.12092,0.02811,5e-05,0.0451,0.18347,0.05729,0.04969,7,0.183,0.167,0.607,3,2,3,3,1,1,-0.0381,-0.0259,-0.0138,template,32.6
S2,F5Ev,237,minimal,104.31,62.64,42660.0,176.0,-1,0,0.34763,0.02422,0.00058,0.23415,0.21981,0.13624,0.12414,0.42113,0.02422,0.00192,0.83333,0.39533,0.20382,0.14909,0.42517,0.02422,0.00392,1.0,0.43081,0.21749,0.1511,9,0.315,0.019,0.3725,14,16,0,13,4,0,0.1008,0.0698,0.0,,138.4
S2,F5EvAI,237,minimal,87.21,56.16,42660.0,1129.0,-1,0,0.31181,0.00484,0.00077,0.23422,0.24144,0.12134,0.10581,0.3737,0.02422,0.00924,0.83032,0.46028,0.19567,0.13572,0.3821,0.02422,0.02194,1.0,0.47166,0.21253,0.14275,7,0.096,0.1,0.2985,4,23,3,4,2,0,0.0818,-0.0107,0.0,template,133.3
S4,F5Ev,237,minimal,49.41,25.83,6667.0,0.0,-1,0,0.08018,0.0,0.0,0.04077,0.2998,0.04361,0.02673,0.178,0.0,0.0,0.16407,0.19296,0.07336,0.05933,0.27212,0.02256,1e-05,0.41247,0.17157,0.12103,0.09823,7,0.471,0.0,0.6169,23,7,0,13,2,0,-0.4135,-0.065,0.0,,116.3
S4,F5EvAI,237,minimal,37.98,18.18,0.0,0.0,-1,0,0.0796,0.0,0.0,0.06368,0.26371,0.04267,0.02653,0.14448,0.0,0.0,0.24168,0.23655,0.07063,0.04816,0.22322,0.0,0.0,0.64158,0.18094,0.11404,0.07441,9,0.167,0.029,0.6491,15,13,6,9,2,2,-0.2154,-0.0652,-0.0097,template,109.4
S1,Test0,239,minimal,267.93,124.29,4444444.0,0.0,-1,0,0.53087,0.54453,0.01239,0.0,0.0,0.31994,0.3626,0.6654,1.0,0.15002,0.0,0.0,0.53395,0.60514,0.6654,1.0,0.22342,0.0,0.0,0.55554,0.62961,0,,,0.0,0,0,0,0,0,0,0.0,0.0,0.0,,12.7
S1,F5,238,minimal,91.71,48.87,998998.0,0.0,-1,0,0.15328,0.0,0.0,0.04163,0.32884,0.06687,0.05109,0.37919,0.18555,0.00479,0.36876,0.31429,0.20769,0.18984,0.4059,0.18555,0.00582,0.71862,0.24838,0.23255,0.19909,5,0.0,0.25,0.0,0,0,0,0,0,0,0.0,0.0,0.0,,89.7
S2,Test0,239,minimal,267.93,124.29,4444444.0,0.0,-1,0,0.57155,0.61328,0.02303,0.0,0.0,0.35526,0.40262,0.6654,1.0,0.15929,0.0,0.0,0.53667,0.60823,0.6654,1.0,0.2249,0.0,0.0,0.55597,0.6301,0,,,0.0,0,0,0,0,0,0,0.0,0.0,0.0,,13.1
S5,F5EvAI,237,minimal,40.95,19.53,0.0,0.0,-1,0,0.10919,0.0,0.0,0.06619,0.291,0.05313,0.0364,0.17892,0.0,0.0,0.30141,0.2061,0.08248,0.05964,0.23655,0.0,0.0,0.71134,0.19421,0.12284,0.07885,13,0.267,0.004,0.7597,13,12,5,7,4,4,-0.1369,-0.1465,0.002,template,118.8
S2,F5,238,minimal,240.3,129.6,2409433.0,0.0,-1,0,0.21397,0.0,0.0,0.15159,0.29017,0.08892,0.07132,0.43429,0.0805,0.00127,0.74892,0.21208,0.20831,0.17202,0.6416,0.67563,0.0162,1.0,0.14489,0.45953,0.44448,5,0.125,0.25,0.0,0,0,0,0,0,0,0.0,0.0,0.0,,88.9
S5,F5Ev,237,minimal,60.39,28.26,35937.0,0.0,-1,0,0.13132,0.0,0.0,0.0593,0.2458,0.05657,0.04377,0.25514,0.01097,1e-05,0.27009,0.15156,0.10307,0.08871,0.31362,0.02726,3e-05,0.52986,0.16565,0.14118,0.11364,9,0.392,0.0,0.6907,24,7,0,16,4,0,-0.3426,-0.1308,0.0,,130.7
S3,Test0,239,minimal,270.54,64.26,8372914.0,0.0,-1,0,0.47419,0.15549,0.01166,0.0,0.0,0.18863,0.21378,0.65555,0.89955,0.107,0.0,0.0,0.48885,0.55403,0.66299,0.97042,0.18974,0.0,0.0,0.53622,0.60772,0,,,0.0,0,0,0,0,0,0,0.0,0.0,0.0,,9.7
S3,F5Ev,239,minimal,1.8,0.27,0.0,0.0,52.0,1,,,,,,,,,,,,,,,0.01292,0.0,0.0,0.00451,0.32291,0.02306,0.00431,7,0.45,0.0,0.694,1,2,0,1,2,0,-0.0372,-0.0337,0.0,,9.8
S3,F5EvAI,239,minimal,1.8,0.27,0.0,0.0,52.0,1,,,,,,,,,,,,,,,0.01292,0.0,0.0,0.00555,0.32462,0.02322,0.00431,7,0.0,0.3,0.3993,0,1,2,0,1,1,0.0,-0.0312,-0.0034,template,11.8
S4,F5,238,minimal,68.31,17.46,875107.0,0.0,-1,0,0.14577,0.04372,9e-05,0.06499,0.35111,0.08023,0.06319,0.31007,0.12325,0.00204,0.34012,0.2953,0.16542,0.14512,0.35827,0.14082,0.00262,0.63832,0.29283,0.20233,0.16723,5,0.0,0.329,0.0,0,0,0,0,0,0,0.0,0.0,0.0,,78.4
S4,Test0,239,minimal,274.86,64.26,8888889.0,0.0,-1,0,0.50406,0.26857,0.01968,0.0,0.0,0.23303,0.2641,0.65954,0.93067,0.12352,0.0,0.0,0.50404,0.57124,0.66652,1.0,0.20173,0.0,0.0,0.54949,0.62275,0,,,0.0,0,0,0,0,0,0,0.0,0.0,0.0,,10.1
S1,F5Ev,238,minimal,73.17,33.03,827741.0,0.0,-1,0,0.06927,0.0,0.0,0.03895,0.29242,0.03986,0.02309,0.19487,0.0,0.0,0.19985,0.19912,0.08078,0.06496,0.35279,0.16101,0.00362,0.56969,0.20846,0.19795,0.17247,7,0.566,0.0,0.6216,26,4,0,15,2,0,-0.3092,-0.0218,0.0,,133.4
S1,F5EvAI,238,minimal,84.51,44.01,770656.0,0.0,-1,0,0.16419,0.0,0.0,0.05116,0.24074,0.06546,0.05473,0.19487,0.0,0.0,0.21664,0.25134,0.08484,0.06496,0.38634,0.1561,0.00407,0.59332,0.21287,0.20816,0.18217,7,0.583,0.025,0.6091,24,3,3,8,2,0,-0.1077,-0.058,0.0,template,135.7
S5,Test0,239,minimal,274.86,64.26,8888889.0,0.0,-1,0,0.50406,0.26857,0.01968,0.0,0.0,0.23303,0.2641,0.65954,0.93067,0.12352,0.0,0.0,0.50404,0.57124,0.66652,1.0,0.20173,0.0,0.0,0.54949,0.62275,0,,,0.0,0,0,0,0,0,0,0.0,0.0,0.0,,10.0
S2,F5Ev,238,minimal,180.54,92.34,1306840.0,0.0,-1,0,0.19444,0.0,0.0,0.12382,0.25945,0.07973,0.06481,0.32035,0.0,0.0,0.66891,0.27476,0.14973,0.10678,0.57355,0.39682,0.00652,1.0,0.14981,0.35496,0.32563,8,0.554,0.0,0.592,25,5,0,17,3,0,-0.4566,-0.0331,0.0,,131.5
S5,F5,238,minimal,52.47,9.63,593794.0,0.0,-1,0,0.27397,0.09189,0.00098,0.11167,0.31005,0.1327,0.12228,0.29651,0.10102,0.00228,0.30077,0.28657,0.15214,0.13327,0.30013,0.1196,0.003,0.45865,0.39137,0.17433,0.14091,5,0.0,0.475,0.0,0,0,0,0,0,0,0.0,0.0,0.0,,80.0
S1,Test0,240,minimal,286.74,148.05,4444444.0,0.0,-1,0,0.50635,0.06052,0.00041,0.0,0.0,0.16685,0.18909,0.6635,0.91155,0.09211,0.0,0.0,0.49034,0.55572,0.66667,1.0,0.31959,0.0,0.0,0.58419,0.66208,0,,,0.0,0,0,0,0,0,0,0.0,0.0,0.0,,12.3
S5,F5Ev,238,minimal,57.24,11.07,652000.0,0.0,554.0,1,0.27513,0.06149,0.00069,0.1019,0.28023,0.12169,0.11244,0.31803,0.0998,0.00153,0.27453,0.23955,0.15358,0.13979,0.31872,0.10318,0.00169,0.34094,0.2474,0.15919,0.14119,9,0.573,0.068,0.7253,17,6,0,13,4,0,-0.2031,-0.0246,0.0,,96.5
S1,F5,239,minimal,138.51,41.76,605458.0,0.0,-1,0,0.42268,0.1125,0.00236,0.15031,0.28119,0.18348,0.17918,0.48943,0.18281,0.00375,0.55045,0.22896,0.24467,0.22533,0.50692,0.23237,0.00405,1.0,0.35035,0.29806,0.24778,5,0.162,0.335,0.0,0,0,0,0,0,0,0.0,0.0,0.0,,90.2
S3,F5,239,minimal,4.32,1.26,0.0,0.0,-1,0,0.01292,0.0,0.0,0.00895,0.49925,0.03369,0.00431,0.01863,0.0,0.0,0.03132,0.46032,0.0344,0.00621,0.03046,0.0,0.0,0.05543,0.47685,0.04027,0.01015,5,0.0,0.621,0.0,0,0,0,0,0,0,0.0,0.0,0.0,,67.2
S4,F5Ev,238,minimal,69.39,22.23,434824.0,0.0,-1,0,0.20613,0.05169,0.0001,0.0808,0.23885,0.09466,0.08598,0.3062,0.09311,0.00098,0.22247,0.21545,0.14349,0.13343,0.36189,0.09649,0.00118,0.42246,0.16389,0.16965,0.15318,7,0.25,0.004,0.5067,27,3,0,13,2,0,-0.2192,-0.0469,0.0,,123.5
S4,F5EvAI,238,minimal,51.21,11.34,427224.0,0.0,-1,0,0.17381,0.02811,5e-05,0.09409,0.2323,0.0786,0.06732,0.28315,0.07676,0.00068,0.30016,0.20618,0.13584,0.1202,0.29505,0.08014,0.00081,0.51115,0.20522,0.15273,0.12533,8,0.346,0.104,0.6983,23,3,4,7,2,1,-0.1745,-0.1386,-0.0148,template,125.6
S2,F5,239,minimal,232.83,103.32,1491737.0,0.0,-1,0,0.51741,0.21741,0.00249,0.20425,0.1758,0.23921,0.24577,0.62254,0.42946,0.00779,0.80348,0.16129,0.36846,0.35326,0.63345,0.46518,0.01079,1.0,0.16128,0.39461,0.36981,5,0.4,0.35,0.0,0,0,0,0,0,0,0.0,0.0,0.0,,93.7
S2,Test0,240,minimal,286.74,148.05,4444444.0,0.0,-1,0,0.51522,0.13556,0.0037,0.0,0.0,0.19249,0.21816,0.64631,0.68765,0.09326,0.0,0.0,0.41977,0.47574,0.66667,1.0,0.27286,0.0,0.0,0.57045,0.64651,0,,,0.0,0,0,0,0,0,0,0.0,0.0,0.0,,11.8
S2,F5EvAI,238,minimal,233.28,126.09,2176584.0,0.0,-1,0,0.18962,0.0,0.0,0.11052,0.23581,0.07614,0.06321,0.43791,0.1826,0.0046,0.69723,0.18915,0.236,0.20837,0.63475,0.59219,0.01354,1.0,0.11885,0.43066,0.41349,8,0.492,0.112,0.4973,22,4,4,17,1,2,-0.8064,-0.005,0.0172,template,154.7
S5,F5EvAI,238,minimal,75.51,22.41,694295.0,0.0,706.0,1,0.30121,0.10365,0.00103,0.12245,0.22446,0.13979,0.1353,0.37623,0.1344,0.00114,0.33856,0.16717,0.18027,0.17059,0.38162,0.13946,0.00149,0.58172,0.26931,0.20376,0.17419,9,0.242,0.038,0.6573,20,7,4,10,3,1,-0.2509,-0.0485,-0.0008,template,122.3
S3,Test0,240,minimal,267.66,68.13,8888889.0,0.0,-1,0,0.36317,0.24836,0.00527,0.0,0.0,0.18141,0.2056,0.65722,0.90196,0.11893,0.0,0.0,0.49356,0.55937,0.66667,1.0,0.25942,0.0,0.0,0.5665,0.64203,0,,,0.0,0,0,0,0,0,0,0.0,0.0,0.0,,8.6
S4,F5,239,minimal,60.57,3.24,596743.0,0.0,-1,0,0.29029,0.0461,0.0008,0.1287,0.38497,0.12939,0.1124,0.29618,0.0498,0.00164,0.27379,0.45566,0.14515,0.11587,0.30577,0.0498,0.00202,0.36314,0.49393,0.15559,0.1192,5,0.0,0.529,0.0,0,0,0,0,0,0,0.0,0.0,0.0,,72.6
S3,F5Ev,240,minimal,0.63,0.63,0.0,0.0,46.0,1,,,,,,,,,,,,,,,0.00469,0.0,0.0,0.00157,0.49177,0.0304,0.00156,7,0.5,0.188,0.6333,0,2,0,0,2,0,0.0,-0.0041,0.0,,7.2
S3,F5EvAI,240,minimal,0.63,0.63,0.0,0.0,46.0,1,,,,,,,,,,,,,,,0.00469,0.0,0.0,0.0016,0.45598,0.02829,0.00156,6,0.0,0.375,0.1843,0,0,2,0,0,1,0.0,0.0,-0.0093,template,8.4
S4,Test0,240,minimal,265.77,67.5,8702924.0,0.0,-1,0,0.45967,0.38761,0.0118,0.0,0.0,0.25267,0.28636,0.66494,0.98147,0.18218,0.0,0.0,0.53782,0.60953,0.66509,0.98147,0.28059,0.0,0.0,0.56681,0.64238,0,,,0.0,0,0,0,0,0,0,0.0,0.0,0.0,,8.7
S1,F5Ev,239,minimal,137.88,40.23,509860.0,1482.0,-1,0,0.42512,0.11808,0.00331,0.15075,0.23546,0.18345,0.18217,0.46073,0.18839,0.01113,0.48902,0.35814,0.24403,0.22009,0.50578,0.19397,0.02627,1.0,0.31805,0.29107,0.24201,9,0.283,0.004,0.4469,22,8,0,10,4,0,-0.1281,-0.0076,0.0,,130.4
S5,F5,239,minimal,90.99,7.74,1006125.0,0.0,-1,0,0.29812,0.0461,0.00082,0.1278,0.41793,0.13358,0.11501,0.39341,0.10249,0.00203,0.40002,0.34263,0.19014,0.16598,0.39819,0.13891,0.00298,0.64155,0.35414,0.21742,0.18002,5,0.0,0.484,0.0,0,0,0,0,0,0,0.0,0.0,0.0,,77.7
S5,Test0,240,minimal,265.77,67.5,8702924.0,0.0,-1,0,0.45967,0.38761,0.0118,0.0,0.0,0.25267,0.28636,0.66494,0.98147,0.18218,0.0,0.0,0.53782,0.60953,0.66509,0.98147,0.28059,0.0,0.0,0.56681,0.64238,0,,,0.0,0,0,0,0,0,0,0.0,0.0,0.0,,8.4
S2,F5Ev,239,minimal,211.95,92.52,1311392.0,3536.0,-1,0,0.5043,0.21741,0.00254,0.20194,0.17471,0.23517,0.24142,0.53753,0.40156,0.02413,0.80127,0.3091,0.34862,0.32108,0.61137,0.44844,0.06,1.0,0.14163,0.39651,0.37327,11,0.375,0.004,0.5324,18,12,0,13,6,0,-0.2872,-0.201,0.0,,135.0
S1,F5EvAI,239,minimal,163.17,54.18,670166.0,2638.0,-1,0,0.42268,0.1125,0.00293,0.15033,0.25959,0.18238,0.17937,0.48592,0.18281,0.00836,0.59662,0.26866,0.25004,0.2257,0.54773,0.24978,0.02769,1.0,0.28528,0.31831,0.27507,11,0.242,0.045,0.5015,18,6,7,13,4,2,-0.176,-0.0297,-0.0046,template,145.5
S2,F5EvAI,239,minimal,253.62,119.97,1779509.0,2898.0,-1,0,0.50496,0.2558,0.00256,0.20426,0.17827,0.24701,0.25444,0.55592,0.51496,0.01698,0.80368,0.22252,0.38032,0.36262,0.65307,0.56741,0.04552,1.0,0.12043,0.43826,0.422,11,0.35,0.062,0.5281,11,18,3,11,6,0,-0.1397,-0.1642,0.0,template,138.3
S4,F5Ev,239,minimal,76.41,10.71,660464.0,0.0,-1,0,0.29876,0.04,0.00061,0.14078,0.29052,0.12518,0.11312,0.32982,0.08166,0.00107,0.2218,0.15773,0.14367,0.13752,0.35717,0.08166,0.00112,0.36887,0.13966,0.15931,0.14665,7,0.254,0.004,0.6181,28,2,0,9,2,0,-0.1862,-0.0331,0.0,,104.4
S4,F5EvAI,239,minimal,72.09,9.63,676382.0,2288.0,-1,0,0.30037,0.04924,0.00132,0.14552,0.34188,0.13189,0.11698,0.3227,0.07593,0.009,0.28894,0.22107,0.14989,0.13587,0.34392,0.07901,0.02137,0.49764,0.1789,0.17047,0.1481,12,0.066,0.016,0.7442,5,18,10,2,3,4,-0.0352,-0.1086,-0.0104,template,105.6
S1,Test0,241,minimal,198.09,101.88,4444444.0,0.0,-1,0,0.12229,0.0,0.0,0.0,0.0,0.03597,0.04076,0.56975,0.9956,0.0911,0.0,0.0,0.48719,0.55215,0.58898,1.0,0.22313,0.0,0.0,0.53297,0.60403,0,,,0.0,0,0,0,0,0,0,0.0,0.0,0.0,,11.8
S3,F5,240,minimal,2.07,1.35,0.0,0.0,-1,0,0.00469,0.0,0.0,0.0042,0.61766,0.03796,0.00156,0.00933,0.0,0.0,0.01517,0.67874,0.04356,0.00311,0.01523,0.0,0.0,0.04049,0.55751,0.03966,0.00508,5,0.0,0.508,0.0,0,0,0,0,0,0,0.0,0.0,0.0,,62.2
S2,Test0,241,minimal,198.09,101.88,4444444.0,0.0,-1,0,0.35272,0.01319,0.0,0.0,0.0,0.10762,0.12197,0.58898,1.0,0.13756,0.0,0.0,0.5078,0.57551,0.58898,1.0,0.22785,0.0,0.0,0.53436,0.60561,0,,,0.0,0,0,0,0,0,0,0.0,0.0,0.0,,12.3
S1,F5,240,minimal,201.78,91.71,751008.0,0.0,-1,0,0.32068,0.0,0.0,0.15473,0.43916,0.12925,0.10689,0.469,0.06983,0.00126,0.69553,0.30344,0.21761,0.18003,0.58462,0.22828,0.00402,1.0,0.31849,0.31783,0.27231,5,0.348,0.388,0.0,0,0,0,0,0,0,0.0,0.0,0.0,,90.1
S1,F5Ev,241,minimal,2.43,2.34,0.0,0.0,120.0,1,0.01727,0.0,0.0,0.01555,0.52998,0.03717,0.00576,,,,,,,,0.01727,0.0,0.0,0.01555,0.52998,0.03717,0.00576,7,0.65,0.0,0.5826,3,2,0,3,2,0,0.0784,0.0241,0.0,,21.2
S5,F5Ev,239,minimal,98.64,10.8,923078.0,0.0,-1,0,0.30609,0.0615,0.00089,0.13382,0.25083,0.131,0.12282,0.38561,0.10902,0.00226,0.35975,0.26967,0.18317,0.16563,0.41768,0.11672,0.00248,0.65368,0.19406,0.20778,0.17896,9,0.3,0.004,0.5753,25,6,0,13,4,0,-0.227,-0.0473,0.0,,116.4
S1,F5EvAI,241,minimal,2.43,2.34,0.0,0.0,120.0,1,0.01727,0.0,0.0,0.01463,0.53593,0.03747,0.00576,,,,,,,,0.01727,0.0,0.0,0.01463,0.53593,0.03747,0.00576,6,0.45,0.075,0.3915,1,1,3,1,1,0,0.0308,0.0244,0.0,template,24.8
S4,F5,240,minimal,25.29,19.71,448316.0,0.0,-1,0,0.02107,0.0,0.0,0.01738,0.43833,0.033,0.00702,0.08267,0.01081,3e-05,0.08496,0.35348,0.05329,0.03117,0.15894,0.06085,0.00052,0.26184,0.32954,0.09958,0.07344,5,0.0,0.562,0.0,0,0,0,0,0,0,0.0,0.0,0.0,,61.1
S2,F5,240,minimal,206.91,96.48,802495.0,0.0,-1,0,0.4341,0.0,0.0,0.24805,0.3009,0.15997,0.1447,0.57935,0.18676,0.00143,0.84735,0.15297,0.28459,0.25585,0.5907,0.2847,0.00281,1.0,0.18856,0.32821,0.29274,5,0.487,0.429,0.0,0,0,0,0,0,0,0.0,0.0,0.0,,88.0
S5,F5EvAI,239,minimal,84.51,9.81,732089.0,0.0,656.0,1,0.29973,0.04,0.00059,0.13446,0.27034,0.1239,0.11344,0.36413,0.09035,0.00114,0.32515,0.26226,0.16856,0.15187,0.38062,0.09343,0.00143,0.53446,0.18963,0.18244,0.15849,11,0.236,0.009,0.733,17,6,4,12,4,2,-0.0676,-0.1007,-0.0159,template,113.1
S3,Test0,241,minimal,258.84,73.71,8888889.0,0.0,-1,0,0.21672,0.03836,0.00019,0.0,0.0,0.07508,0.08509,0.49729,0.54298,0.05981,0.0,0.0,0.32355,0.36669,0.66659,1.0,0.16644,0.0,0.0,0.53913,0.61101,0,,,0.0,0,0,0,0,0,0,0.0,0.0,0.0,,9.4
S4,Test0,241,minimal,258.93,73.8,8888889.0,0.0,-1,0,0.48134,0.36053,0.00736,0.0,0.0,0.24978,0.28308,0.66659,1.0,0.12203,0.0,0.0,0.52606,0.59621,0.66667,1.0,0.18771,0.0,0.0,0.5454,0.61813,0,,,0.0,0,0,0,0,0,0,0.0,0.0,0.0,,10.4
S5,F5,240,minimal,35.28,23.4,883828.0,0.0,-1,0,0.02107,0.0,0.0,0.0167,0.44488,0.03335,0.00702,0.08605,0.01544,4e-05,0.08405,0.36883,0.0565,0.03385,0.20862,0.12659,0.0016,0.34136,0.28814,0.13609,0.11227,5,0.0,0.338,0.0,0,0,0,0,0,0,0.0,0.0,0.0,,61.5
S5,Test0,241,minimal,258.93,73.8,8888889.0,0.0,-1,0,0.48134,0.36053,0.00736,0.0,0.0,0.24978,0.28308,0.66659,1.0,0.12203,0.0,0.0,0.52606,0.59621,0.66667,1.0,0.18771,0.0,0.0,0.5454,0.61813,0,,,0.0,0,0,0,0,0,0,0.0,0.0,0.0,,10.5
S4,F5Ev,240,minimal,38.25,30.42,507911.0,0.0,-1,0,0.03064,0.0,0.0,0.02535,0.29981,0.02814,0.01021,0.10422,0.01081,3e-05,0.15446,0.18052,0.05354,0.03835,0.22228,0.08581,0.00069,0.49311,0.15579,0.12899,0.10293,8,0.5,0.117,0.5781,25,4,0,11,3,0,-0.2122,-0.08,0.0,,93.2
S4,F5EvAI,240,minimal,28.71,22.59,177472.0,0.0,-1,0,0.023,0.0,0.0,0.03096,0.30841,0.02673,0.00767,0.09219,0.00463,0.0,0.21164,0.15592,0.0501,0.03227,0.17663,0.04016,0.00015,0.57177,0.16127,0.10693,0.07231,8,0.467,0.113,0.6128,21,4,4,8,1,2,-0.2088,-0.0148,-0.0074,template,94.5
S1,F5Ev,240,minimal,201.15,91.62,538356.0,0.0,-1,0,0.31952,0.0,0.0,0.15488,0.43258,0.12853,0.10651,0.54873,0.05586,0.00064,0.70947,0.18328,0.23052,0.20174,0.58386,0.18918,0.00234,1.0,0.20092,0.29869,0.25846,7,0.835,0.0,0.3586,24,6,0,11,2,0,-0.118,-0.0237,0.0,,134.0
S1,F5EvAI,240,minimal,205.38,94.86,804730.0,0.0,-1,0,0.3287,0.0,0.0,0.15475,0.4582,0.13273,0.10957,0.56735,0.13965,0.00211,0.72999,0.18143,0.26218,0.23637,0.5889,0.23592,0.00355,1.0,0.19899,0.31417,0.27612,8,0.713,0.071,0.4399,10,15,6,10,2,1,-0.0148,-0.0258,-0.0013,template,138.4
S1,F5,241,minimal,2.07,1.98,0.0,0.0,-1,0,0.01222,0.0,0.0,0.01286,0.73838,0.04778,0.00407,0.01222,0.0,0.0,0.04415,0.73838,0.04963,0.00407,0.01475,0.0,0.0,0.08964,0.72211,0.05209,0.00492,5,0.0,0.246,0.0,0,0,0,0,0,0,0.0,0.0,0.0,,80.7
S1,Test0,242,minimal,271.71,127.8,4444444.0,0.0,-1,0,0.4276,0.0,0.0,0.0,0.0,0.12576,0.14253,0.55821,0.28681,0.01093,0.0,0.0,0.25175,0.28532,0.666,1.0,0.20451,0.0,0.0,0.55015,0.62351,0,,,0.0,0,0,0,0,0,0,0.0,0.0,0.0,,12.6
S5,F5Ev,240,minimal,40.95,31.32,646783.0,0.0,-1,0,0.03064,0.0,0.0,0.02424,0.31925,0.02922,0.01021,0.10476,0.01081,3e-05,0.15241,0.1881,0.05403,0.03853,0.23429,0.09971,0.00094,0.53575,0.20183,0.1419,0.11165,9,0.517,0.004,0.6829,23,6,0,11,4,0,-0.3354,-0.1507,0.0,,97.6
S1,F5,242,minimal,0.9,0.63,0.0,0.0,74.0,1,,,,,,,,,,,,,,,0.00656,0.0,0.0,0.00598,0.58957,0.03696,0.00219,5,0.214,0.0,0.0,0,0,0,0,0,0,0.0,0.0,0.0,,9.9
S2,F5Ev,240,minimal,204.48,95.13,670425.0,0.0,-1,0,0.43229,0.0,0.0,0.24795,0.28226,0.15833,0.1441,0.5809,0.15399,0.00129,0.84729,0.13854,0.27451,0.24539,0.58784,0.24504,0.00269,1.0,0.14658,0.3132,0.27852,8,0.892,0.0,0.2846,23,7,0,13,3,0,-0.2142,-0.046,0.0,,140.5
S5,F5EvAI,240,minimal,29.61,24.3,163391.0,0.0,-1,0,0.03064,0.0,0.0,0.03026,0.26386,0.02631,0.01021,0.0764,0.00309,0.0,0.20089,0.16021,0.04462,0.0265,0.18117,0.03861,0.00016,0.57068,0.15666,0.10747,0.07331,9,0.379,0.008,0.6622,22,2,5,7,1,3,-0.272,-0.0437,-0.0287,template,99.2
S2,F5EvAI,240,minimal,206.01,96.3,658113.0,0.0,-1,0,0.4341,0.0,0.0,0.24804,0.2966,0.15972,0.1447,0.50788,0.07243,0.00083,0.82224,0.17045,0.22932,0.19371,0.58964,0.21264,0.00277,1.0,0.12102,0.30272,0.26835,10,0.588,0.181,0.2852,15,11,6,8,3,2,-0.1433,-0.0465,-0.0205,template,145.8
S2,Test0,242,minimal,271.53,127.8,4444444.0,0.0,-1,0,0.49834,0.0,0.0,0.0,0.0,0.14657,0.16611,0.65139,0.74085,0.04852,0.0,0.0,0.42375,0.48025,0.66586,1.0,0.26396,0.0,0.0,0.56759,0.64327,0,,,0.0,0,0,0,0,0,0,0.0,0.0,0.0,,13.8
S1,F5Ev,242,minimal,0.9,0.63,0.0,0.0,74.0,1,,,,,,,,,,,,,,,0.00656,0.0,0.0,0.00604,0.56542,0.03555,0.00219,6,0.464,0.0,0.2557,1,3,0,1,1,0,0.0294,0.0,0.0,,17.1
S2,F5,241,minimal,57.96,45.99,0.0,0.0,-1,0,0.05593,0.0,0.0,0.06147,0.70147,0.06133,0.01864,0.09273,0.0,0.0,0.25502,0.56294,0.07539,0.03091,0.29541,0.0,0.0,1.0,0.39592,0.169,0.09847,5,0.029,0.246,0.0,0,0,0,0,0,0,0.0,0.0,0.0,,85.9
S1,F5EvAI,242,minimal,0.9,0.63,0.0,0.0,74.0,1,,,,,,,,,,,,,,,0.00656,0.0,0.0,0.00598,0.58957,0.03696,0.00219,5,0.214,0.0,0.0,0,1,3,0,0,0,0.0,0.0,0.0,template,21.5
S3,F5,241,minimal,6.21,6.12,0.0,0.0,-1,0,0.02705,0.0,0.0,0.0107,0.59997,0.04388,0.00902,0.04132,0.0,0.0,0.04022,0.57288,0.04822,0.01377,0.04577,0.0,0.0,0.08218,0.66146,0.05721,0.01526,5,0.0,0.492,0.0,0,0,0,0,0,0,0.0,0.0,0.0,,76.3
S3,Test0,242,minimal,207.09,43.56,6153949.0,0.0,-1,0,0.43042,0.17141,0.00182,0.0,0.0,0.17754,0.20121,0.57712,0.57547,0.03146,0.0,0.0,0.34825,0.39468,0.61971,0.82624,0.09071,0.0,0.0,0.45196,0.51222,0,,,0.0,0,0,0,0,0,0,0.0,0.0,0.0,,13.2
S4,Test0,242,minimal,208.08,43.74,6350838.0,0.0,-1,0,0.45271,0.19025,0.00189,0.0,0.0,0.18966,0.21495,0.57939,0.59359,0.03441,0.0,0.0,0.35511,0.40246,0.62084,0.83783,0.09441,0.0,0.0,0.45679,0.51769,0,,,0.0,0,0,0,0,0,0,0.0,0.0,0.0,,11.4
S4,F5,241,minimal,64.53,18.36,510965.0,0.0,-1,0,0.31222,0.11043,0.00089,0.12077,0.26353,0.14718,0.14118,0.33015,0.12496,0.00165,0.32689,0.3972,0.17694,0.15225,0.33264,0.13078,0.00181,0.51372,0.47101,0.19475,0.15507,5,0.0,0.727,0.0,0,0,0,0,0,0,0.0,0.0,0.0,,86.2
S3,F5Ev,242,minimal,35.73,0.0,10978.0,0.0,96.0,1,,,,,,,,,,,,,,,0.21946,0.04892,2e-05,0.03697,0.19474,0.09257,0.08947,7,0.25,0.0,0.518,2,2,0,2,2,0,0.0048,-0.0123,0.0,,24.8
S3,F5EvAI,242,minimal,30.06,0.0,7511.0,0.0,76.0,1,,,,,,,,,,,,,,,0.19129,0.03551,2e-05,0.02921,0.27385,0.08454,0.07561,6,0.0,0.156,0.0707,0,1,3,0,1,0,0.0,0.0111,0.0,template,24.3
S5,Test0,242,minimal,208.08,43.74,6350838.0,0.0,-1,0,0.45271,0.19025,0.00189,0.0,0.0,0.18966,0.21495,0.57939,0.59359,0.03441,0.0,0.0,0.35511,0.40246,0.62084,0.83783,0.09441,0.0,0.0,0.45679,0.51769,0,,,0.0,0,0,0,0,0,0,0.0,0.0,0.0,,12.6
S4,F5Ev,242,minimal,37.98,0.0,10978.0,0.0,134.0,1,0.22968,0.04892,2e-05,0.07018,0.20283,0.09801,0.09287,,,,,,,,0.2301,0.04892,2e-05,0.07094,0.17248,0.09639,0.09301,7,0.25,0.0,0.532,4,2,0,4,2,0,0.0294,-0.0221,0.0,,28.4
S4,F5EvAI,242,minimal,37.26,0.0,9822.0,0.0,114.0,1,,,,,,,,,,,,,,,0.22673,0.04892,2e-05,0.08288,0.19052,0.09716,0.09189,8,0.0,0.175,0.4047,0,3,3,0,1,2,0.0,0.0017,-0.0018,template,25.4
S3,F5Ev,241,minimal,10.44,9.54,0.0,0.0,-1,0,0.03553,0.0,0.0,0.01145,0.4319,0.03653,0.01184,0.06984,0.0,0.0,0.05069,0.33344,0.04314,0.02328,0.07462,0.0,0.0,0.08952,0.50277,0.05679,0.02487,8,0.471,0.004,0.7064,26,4,0,14,3,0,0.1718,0.0193,0.0,,116.5
S5,F5,241,minimal,60.03,21.15,170004.0,0.0,-1,0,0.28415,0.07788,0.0002,0.1065,0.54591,0.14492,0.12075,0.30791,0.09677,0.00053,0.30165,0.36371,0.15832,0.13507,0.31679,0.10113,0.00061,0.43071,0.56133,0.18145,0.13951,5,0.0,0.727,0.0,0,0,0,0,0,0,0.0,0.0,0.0,,91.9
S1,Test0,243,minimal,276.12,131.94,4444444.0,0.0,-1,0,0.57636,0.24864,0.00201,0.0,0.0,0.24324,0.27567,0.66353,0.92733,0.1132,0.0,0.0,0.50119,0.56802,0.66645,1.0,0.23741,0.0,0.0,0.55996,0.63462,0,,,0.0,0,0,0,0,0,0,0.0,0.0,0.0,,14.7
S3,F5EvAI,241,minimal,10.44,9.54,0.0,0.0,-1,0,0.0394,0.0,0.0,0.01106,0.50922,0.04219,0.01313,0.07283,0.0,0.0,0.05186,0.31037,0.04273,0.02428,0.07462,0.0,0.0,0.0996,0.28063,0.04431,0.02487,7,0.442,0.025,0.6072,25,2,3,8,2,0,0.1059,0.0218,0.0,template,122.9
S5,F5Ev,242,minimal,38.88,0.0,10978.0,0.0,122.0,1,0.23427,0.04892,2e-05,0.07789,0.2577,0.10304,0.09441,,,,,,,,0.23427,0.04892,2e-05,0.07859,0.19756,0.09954,0.09441,7,0.25,0.0,0.4175,3,3,0,3,2,0,0.01,0.0097,0.0,,26.7
S2,F5EvAI,241,minimal,49.32,41.76,0.0,0.0,-1,0,0.04774,0.0,0.0,0.07764,0.48583,0.04719,0.01591,0.20042,0.0,0.0,0.47531,0.38675,0.10966,0.06681,0.26296,0.0,0.0,1.0,0.37786,0.15839,0.08765,9,0.417,0.154,0.6125,10,16,6,8,2,2,0.0644,0.0264,-0.015,template,137.1
S5,F5EvAI,242,minimal,38.97,0.0,10978.0,0.0,122.0,1,0.23469,0.04892,2e-05,0.08009,0.2117,0.10058,0.09454,,,,,,,,0.23469,0.04892,2e-05,0.08022,0.26706,0.10385,0.09454,7,0.091,0.023,0.5121,1,2,3,1,2,0,0.0142,-0.0604,0.0,template,28.8
S2,F5Ev,241,minimal,48.6,41.85,0.0,0.0,-1,0,0.04715,0.0,0.0,0.06881,0.54357,0.04989,0.01572,0.18902,0.0,0.0,0.36373,0.38174,0.09944,0.06301,0.26012,0.0,0.0,1.0,0.37131,0.15717,0.08671,7,0.496,0.0,0.5307,13,17,0,12,2,0,0.0683,0.0013,0.0,,140.6
S2,Test0,243,minimal,276.12,131.94,4444444.0,0.0,-1,0,0.60112,0.38457,0.01405,0.0,0.0,0.29404,0.33325,0.66507,1.0,0.14788,0.0,0.0,0.53322,0.60431,0.66645,1.0,0.24347,0.0,0.0,0.56174,0.63664,0,,,0.0,0,0,0,0,0,0,0.0,0.0,0.0,,16.4
S3,Test0,243,minimal,245.43,67.14,8569630.0,0.0,-1,0,0.6051,0.72041,0.02186,0.0,0.0,0.39628,0.44912,0.63844,0.81441,0.17302,0.0,0.0,0.4782,0.54196,0.65798,0.97588,0.2454,0.0,0.0,0.55272,0.62642,0,,,0.0,0,0,0,0,0,0,0.0,0.0,0.0,,11.2
S4,F5Ev,241,minimal,57.78,21.06,50213.0,0.0,-1,0,0.25214,0.05923,0.0001,0.10623,0.32007,0.11668,0.10382,0.29606,0.06998,0.0001,0.24779,0.27023,0.13816,0.12205,0.30858,0.07788,0.00011,0.45889,0.26302,0.15616,0.12886,8,0.504,0.092,0.558,26,4,0,21,3,0,-0.1267,0.0006,0.0,,142.9
S2,F5Ev,242,minimal,90.45,16.38,0.0,0.0,404.0,1,0.37541,0.0,0.0,0.26862,0.4014,0.14983,0.12514,0.39873,0.0,0.0,0.66826,0.21668,0.16933,0.13291,0.39897,0.0,0.0,0.70039,0.21405,0.17113,0.13299,7,0.596,0.0,0.3505,13,4,0,13,2,0,0.1523,0.0115,0.0,,91.9
S2,F5,242,minimal,91.17,16.83,0.0,0.0,-1,0,0.37541,0.0,0.0,0.26926,0.422,0.15108,0.12514,0.39921,0.0,0.0,0.70556,0.30932,0.17711,0.13307,0.40087,0.0,0.0,1.0,0.25152,0.19152,0.13362,5,0.158,0.246,0.0,0,0,0,0,0,0,0.0,0.0,0.0,,96.1
S4,Test0,243,minimal,246.69,67.14,8569630.0,0.0,-1,0,0.61921,0.76978,0.03648,0.0,0.0,0.41925,0.47515,0.64236,0.8218,0.18039,0.0,0.0,0.48369,0.54819,0.65913,0.97588,0.24616,0.0,0.0,0.55328,0.62706,0,,,0.0,0,0,0,0,0,0,0.0,0.0,0.0,,11.7
S3,F5,242,minimal,33.03,0.63,7511.0,0.0,-1,0,0.19129,0.03551,2e-05,0.03973,0.29639,0.08648,0.07561,0.1959,0.03551,2e-05,0.0581,0.30399,0.08937,0.07714,0.2063,0.03914,2e-05,0.08563,0.24919,0.09189,0.08182,5,0.0,0.327,0.0,0,0,0,0,0,0,0.0,0.0,0.0,,90.6
S4,F5EvAI,241,minimal,55.26,19.98,50124.0,7912.0,692.0,1,0.2606,0.03697,0.0016,0.13596,0.30423,0.11388,0.09972,0.29468,0.06591,0.01511,0.40411,0.2561,0.14934,0.12523,0.29915,0.07027,0.0536,0.69884,0.19345,0.17691,0.14101,10,0.599,0.013,0.7652,16,8,6,15,3,2,-0.0478,-0.0599,-0.0088,template,151.7
S4,F5,242,minimal,40.68,0.54,10978.0,0.0,-1,0,0.22926,0.04892,2e-05,0.0861,0.27693,0.10318,0.09273,0.23552,0.04892,5e-05,0.15809,0.31463,0.11148,0.09483,0.24249,0.04892,5e-05,0.23782,0.28371,0.1164,0.09715,5,0.0,0.312,0.0,0,0,0,0,0,0,0.0,0.0,0.0,,91.0
S5,Test0,243,minimal,246.69,67.14,8569630.0,0.0,-1,0,0.61921,0.76978,0.03648,0.0,0.0,0.41925,0.47515,0.64236,0.8218,0.18039,0.0,0.0,0.48369,0.54819,0.65913,0.97588,0.24616,0.0,0.0,0.55328,0.62706,0,,,0.0,0,0,0,0,0,0,0.0,0.0,0.0,,12.7
S2,F5EvAI,242,minimal,90.45,16.38,0.0,0.0,464.0,1,0.37464,0.0,0.0,0.26981,0.3897,0.14898,0.12488,0.39873,0.0,0.0,0.61749,0.19924,0.16532,0.13291,0.39897,0.0,0.0,0.6717,0.19109,0.1681,0.13299,7,0.308,0.019,0.2518,12,6,3,10,2,0,0.1082,0.0102,0.0,template,108.3
S5,F5Ev,241,minimal,60.48,22.05,222016.0,0.0,-1,0,0.25908,0.0551,7e-05,0.12429,0.23482,0.11355,0.10475,0.31222,0.0909,0.0004,0.33864,0.26037,0.15392,0.13451,0.31841,0.09236,0.0004,0.56882,0.29984,0.17203,0.13706,9,0.487,0.004,0.6756,13,18,0,12,4,0,-0.0243,-0.0801,0.0,,140.8
S5,F5,242,minimal,41.4,0.36,10400.0,0.0,-1,0,0.23303,0.04892,2e-05,0.08843,0.26229,0.10356,0.09399,0.2384,0.04892,4e-05,0.15839,0.29487,0.11118,0.09579,0.24573,0.04892,5e-05,0.21044,0.27063,0.11497,0.09823,5,0.0,0.234,0.0,0,0,0,0,0,0,0.0,0.0,0.0,,88.4
S1,Test0,244,minimal,272.7,102.51,4444444.0,0.0,-1,0,0.51302,0.40222,0.01977,0.0,0.0,0.275,0.31167,0.64939,1.0,0.21792,0.0,0.0,0.54921,0.62244,0.66667,1.0,0.30417,0.0,0.0,0.57966,0.65695,0,,,0.0,0,0,0,0,0,0,0.0,0.0,0.0,,13.5
S5,F5EvAI,241,minimal,61.2,21.42,156306.0,7847.0,-1,0,0.27257,0.05004,0.00134,0.14441,0.24659,0.11828,0.10798,0.31614,0.07841,0.02402,0.43108,0.23963,0.16256,0.13952,0.32098,0.08277,0.06814,0.82184,0.24997,0.20184,0.1573,10,0.421,0.013,0.7559,17,8,6,11,3,2,-0.0403,-0.0817,-0.0057,template,158.1
S1,F5,243,minimal,208.89,87.84,551896.0,0.0,-1,0,0.17954,0.0,0.0,0.05088,0.59164,0.0906,0.05985,0.58695,0.18716,0.00155,0.63912,0.30559,0.28371,0.25856,0.60184,0.24362,0.00217,1.0,0.30939,0.32633,0.28254,5,0.271,0.142,0.0,0,0,0,0,0,0,0.0,0.0,0.0,,96.8
S2,Test0,244,minimal,272.7,102.51,4444444.0,0.0,-1,0,0.51411,0.40222,0.01985,0.0,0.0,0.27534,0.31206,0.65188,1.0,0.21724,0.0,0.0,0.54974,0.62304,0.66667,1.0,0.29979,0.0,0.0,0.57837,0.65549,0,,,0.0,0,0,0,0,0,0,0.0,0.0,0.0,,14.5
S3,F5,243,minimal,108.54,21.6,1258156.0,0.0,-1,0,0.15499,0.07615,0.0002,0.03106,0.30565,0.08785,0.07711,0.38756,0.29561,0.00276,0.19778,0.23573,0.22725,0.22864,0.45969,0.41084,0.00418,0.39928,0.32108,0.29964,0.29157,5,0.0,0.407,0.0,0,0,0,0,0,0,0.0,0.0,0.0,,95.2
S2,F5,243,minimal,233.1,104.67,716388.0,0.0,-1,0,0.56898,0.10142,0.00106,0.20702,0.20669,0.22183,0.22382,0.60914,0.23526,0.0017,0.80631,0.18508,0.30717,0.28203,0.6278,0.29799,0.00271,1.0,0.17589,0.34226,0.3095,5,0.692,0.242,0.0,0,0,0,0,0,0,0.0,0.0,0.0,,104.3
S4,F5,243,minimal,89.19,18.72,1468117.0,0.0,-1,0,0.27954,0.14059,0.00102,0.12309,0.32174,0.15004,0.14039,0.30769,0.17831,0.00157,0.41928,0.3315,0.18757,0.16252,0.41146,0.31341,0.00311,0.75526,0.34219,0.27867,0.24266,5,0.0,0.421,0.0,0,0,0,0,0,0,0.0,0.0,0.0,,89.6
S3,Test0,244,minimal,261.09,57.6,8888889.0,0.0,-1,0,0.47626,0.28739,0.01168,0.0,0.0,0.22804,0.25844,0.62241,0.79995,0.08267,0.0,0.0,0.44266,0.50168,0.66667,1.0,0.19207,0.0,0.0,0.54669,0.61958,0,,,0.0,0,0,0,0,0,0,0.0,0.0,0.0,,10.9
S5,F5,243,minimal,106.29,23.67,1031557.0,0.0,-1,0,0.3387,0.17382,0.00134,0.14135,0.23923,0.17352,0.17129,0.40974,0.23064,0.00164,0.42684,0.36775,0.23557,0.21401,0.45449,0.31796,0.00245,0.74963,0.34461,0.29228,0.2583,5,0.0,0.408,0.0,0,0,0,0,0,0,0.0,0.0,0.0,,87.6
S1,F5Ev,243,minimal,227.25,100.8,500854.0,0.0,-1,0,0.2813,0.0,0.0,0.05634,0.64322,0.12389,0.09377,0.60684,0.23003,0.00148,0.65502,0.21251,0.2976,0.27945,0.62184,0.24571,0.00198,1.0,0.19173,0.32585,0.28985,8,0.692,0.0,0.2871,21,9,0,12,3,0,-0.3144,0.0518,0.0,,152.3
S3,F5EvAI,243,minimal,34.38,15.48,211800.0,0.0,700.0,1,0.0597,0.0,0.0,0.02561,0.28212,0.03566,0.0199,0.18087,0.05268,0.0002,0.17299,0.24269,0.0932,0.07792,0.21228,0.08224,0.00033,0.31129,0.17759,0.11548,0.09828,11,0.136,0.161,0.794,10,16,10,10,2,4,-0.4461,-0.1197,-0.0427,template,128.7
S1,F5,244,minimal,113.85,28.08,551537.0,400.0,-1,0,0.42938,0.11906,0.00207,0.24071,0.35325,0.19685,0.1835,0.44929,0.15598,0.0052,0.6361,0.31932,0.23575,0.20349,0.45504,0.15598,0.00971,1.0,0.28707,0.25828,0.20691,5,0.102,0.492,0.0,0,0,0,0,0,0,0.0,0.0,0.0,,94.5
S1,F5EvAI,243,minimal,225.45,99.18,617692.0,0.0,-1,0,0.28096,0.0,0.0,0.0562,0.60116,0.1213,0.09365,0.60349,0.20807,0.00285,0.65572,0.2384,0.29213,0.27147,0.61997,0.27185,0.00344,1.0,0.20078,0.33395,0.29842,7,0.463,0.037,0.2391,13,15,3,11,2,0,0.0267,-0.0899,0.0,template,155.0
S2,F5Ev,243,minimal,225.9,99.09,628759.0,0.0,-1,0,0.57043,0.13279,0.00197,0.20694,0.18035,0.23019,0.23506,0.60714,0.2614,0.00275,0.80633,0.1735,0.3139,0.29043,0.62044,0.2614,0.00331,1.0,0.16726,0.329,0.29505,9,0.904,0.0,0.3091,18,19,0,11,4,0,-0.0165,-0.0718,0.0,,149.1
S5,F5EvAI,243,minimal,63.27,21.96,597150.0,1992.0,528.0,1,0.14531,0.03819,0.00035,0.08156,0.28291,0.07551,0.06128,0.32096,0.16206,0.00426,0.52358,0.26726,0.18984,0.16243,0.33153,0.19363,0.00941,0.7055,0.17539,0.20904,0.17819,13,0.176,0.062,0.7474,6,12,8,6,4,4,0.0102,-0.168,-0.2142,template,104.4
S3,F5EvAI,244,minimal,20.16,0.81,21769.0,0.0,116.0,1,,,,,,,,,,,,,,,0.13377,0.00828,3e-05,0.02795,0.18438,0.05428,0.04736,8,0.208,0.083,0.6904,0,2,3,0,1,2,0.0,-0.0071,-0.0285,template,24.6
S4,Test0,244,minimal,261.09,57.6,8888889.0,0.0,-1,0,0.54236,0.36023,0.01254,0.0,0.0,0.26916,0.30504,0.64729,0.89696,0.08936,0.0,0.0,0.48047,0.54454,0.66667,1.0,0.21273,0.0,0.0,0.55276,0.62647,0,,,0.0,0,0,0,0,0,0,0.0,0.0,0.0,,10.6
S3,F5Ev,243,minimal,59.49,21.15,650409.0,0.0,-1,0,0.0928,0.01094,0.0,0.01892,0.29723,0.04911,0.03458,0.27697,0.20001,0.00077,0.12207,0.18481,0.15857,0.15925,0.31802,0.25754,0.00119,0.21118,0.15032,0.1909,0.19225,9,0.479,0.154,0.7675,24,6,0,17,4,0,-0.8499,-0.2528,0.0,,140.4
S5,Test0,244,minimal,261.09,57.6,8888889.0,0.0,-1,0,0.54236,0.36023,0.01254,0.0,0.0,0.26916,0.30504,0.64729,0.89696,0.08936,0.0,0.0,0.48047,0.54454,0.66667,1.0,0.21273,0.0,0.0,0.55276,0.62647,0,,,0.0,0,0,0,0,0,0,0.0,0.0,0.0,,10.8
S2,F5EvAI,243,minimal,236.25,108.36,621381.0,0.0,-1,0,0.5691,0.10142,0.00106,0.20702,0.20962,0.22203,0.22386,0.62035,0.25094,0.00195,0.78633,0.13856,0.31124,0.29108,0.63093,0.28231,0.00245,1.0,0.13181,0.3359,0.30523,9,0.777,0.164,0.2278,16,10,4,8,3,1,-0.1973,-0.0604,-0.0,template,164.6
S1,Test0,245,minimal,258.48,115.02,4444444.0,0.0,-1,0,0.52331,0.01775,3e-05,0.0,0.0,0.15915,0.18037,0.66581,0.97195,0.14998,0.0,0.0,0.52581,0.59591,0.66659,1.0,0.30478,0.0,0.0,0.57982,0.65712,0,,,0.0,0,0,0,0,0,0,0.0,0.0,0.0,,15.2
S4,F5Ev,243,minimal,116.91,33.12,1711373.0,0.0,-1,0,0.19938,0.05061,0.00037,0.07746,0.28274,0.09482,0.08345,0.43289,0.31252,0.00149,0.42595,0.19928,0.25645,0.24896,0.47819,0.38578,0.00347,0.77358,0.12602,0.30805,0.28915,10,0.383,0.033,0.7003,24,6,0,16,5,0,-1.1698,-0.4607,0.0,,146.8
S4,F5EvAI,243,minimal,58.68,23.04,362258.0,0.0,716.0,1,0.14117,0.03819,0.00035,0.08084,0.25978,0.07289,0.0599,0.27586,0.08348,0.0004,0.46694,0.22056,0.14625,0.11991,0.31505,0.12339,0.00066,0.85851,0.14335,0.18808,0.14637,11,0.167,0.008,0.761,17,8,8,11,2,4,-0.7147,-0.1817,-0.2316,template,143.2
S5,F5EvAI,244,minimal,49.32,1.62,185567.0,0.0,122.0,1,0.27421,0.0586,0.00046,0.09222,0.21865,0.11631,0.11109,,,,,,,,0.27421,0.0586,0.00046,0.09352,0.21865,0.11638,0.11109,7,0.182,0.159,0.34,1,2,2,1,2,0,-0.0045,0.0034,0.0,template,24.1
S2,F5,244,minimal,127.08,36.27,826955.0,411.0,-1,0,0.43889,0.08952,0.00168,0.25848,0.25999,0.18641,0.1767,0.46674,0.16059,0.00507,0.82786,0.23999,0.24881,0.2108,0.48241,0.24365,0.01045,1.0,0.2197,0.28837,0.2455,5,0.246,0.492,0.0,0,0,0,0,0,0,0.0,0.0,0.0,,100.6
S2,Test0,245,minimal,257.58,115.02,4444444.0,0.0,-1,0,0.62113,0.30111,0.01713,0.0,0.0,0.27629,0.31312,0.66581,1.0,0.17909,0.0,0.0,0.54262,0.61497,0.66581,1.0,0.29671,0.0,0.0,0.57721,0.65417,0,,,0.0,0,0,0,0,0,0,0.0,0.0,0.0,,15.3
S5,F5Ev,243,minimal,110.25,31.14,1076263.0,0.0,-1,0,0.17371,0.05061,0.00038,0.07039,0.26496,0.08581,0.0749,0.43357,0.25683,0.00156,0.40919,0.2559,0.24264,0.23065,0.46358,0.31743,0.00207,0.77739,0.16307,0.28564,0.26103,8,0.25,0.025,0.577,23,7,0,20,3,0,-1.501,-0.2875,0.0,,148.7
S3,Test0,245,minimal,211.41,39.6,6461422.0,0.0,-1,0,0.55581,0.43579,0.02071,0.0,0.0,0.29774,0.33744,0.59492,0.62007,0.11006,0.0,0.0,0.38972,0.44168,0.61694,0.77145,0.14199,0.0,0.0,0.45011,0.51013,0,,,0.0,0,0,0,0,0,0,0.0,0.0,0.0,,12.2
S3,F5,244,minimal,53.19,2.25,98493.0,0.0,-1,0,0.27529,0.03212,0.0001,0.05087,0.23883,0.10749,0.1025,0.28845,0.04536,0.00013,0.10511,0.31594,0.12298,0.11131,0.28949,0.04536,0.00013,0.12304,0.29305,0.123,0.11166,5,0.0,0.567,0.0,0,0,0,0,0,0,0.0,0.0,0.0,,91.2
S3,F5Ev,244,minimal,53.64,8.19,509325.0,0.0,552.0,1,0.24473,0.04801,0.00061,0.06215,0.20521,0.10201,0.09778,0.28104,0.07681,0.00083,0.13355,0.15717,0.1226,0.11956,0.29123,0.07847,0.00085,0.17346,0.15344,0.12822,0.12352,7,0.75,0.0,0.8092,14,9,0,8,2,0,-0.2322,-0.0317,0.0,,89.5
S1,F5Ev,244,minimal,129.51,39.42,721676.0,2680.0,-1,0,0.42527,0.05999,0.00175,0.23942,0.32003,0.17615,0.16234,0.45718,0.12183,0.00732,0.66828,0.29632,0.22919,0.19544,0.48714,0.22796,0.03525,1.0,0.20084,0.29133,0.25012,11,0.392,0.05,0.5344,15,13,0,12,6,0,-0.4167,-0.0772,0.0,,147.6
S4,Test0,245,minimal,261.72,49.14,8888889.0,0.0,-1,0,0.56456,0.46348,0.02411,0.0,0.0,0.30946,0.35072,0.59514,0.62007,0.11341,0.0,0.0,0.39077,0.44287,0.66598,1.0,0.21877,0.0,0.0,0.55434,0.62825,0,,,0.0,0,0,0,0,0,0,0.0,0.0,0.0,,12.2
S1,F5EvAI,244,minimal,118.44,31.59,551537.0,400.0,-1,0,0.42809,0.11906,0.00208,0.24478,0.32858,0.19526,0.18307,0.45386,0.15136,0.00509,0.6783,0.23892,0.23346,0.20344,0.46485,0.16059,0.00958,1.0,0.25035,0.26032,0.21168,11,0.426,0.033,0.5024,17,6,8,11,4,2,-0.1188,-0.0943,0.0037,template,158.2
S4,F5,244,minimal,67.5,5.76,879928.0,0.0,-1,0,0.31109,0.08178,0.00142,0.10853,0.21499,0.135,0.13143,0.336,0.1086,0.00262,0.26815,0.2675,0.16304,0.14907,0.34083,0.11522,0.00295,0.39156,0.34022,0.17805,0.153,5,0.0,0.542,0.0,0,0,0,0,0,0,0.0,0.0,0.0,,83.9
S5,F5,244,minimal,82.71,5.67,1037646.0,0.0,-1,0,0.29944,0.05297,0.00046,0.08565,0.25598,0.12388,0.11763,0.36256,0.10562,0.00249,0.27819,0.31809,0.17351,0.15689,0.38785,0.12615,0.0032,0.46516,0.30021,0.19714,0.1724,5,0.0,0.45,0.0,0,0,0,0,0,0,0.0,0.0,0.0,,80.0
S2,F5Ev,244,minimal,133.38,42.48,740694.0,411.0,-1,0,0.43554,0.06922,0.00169,0.2584,0.25119,0.17893,0.16882,0.47231,0.13567,0.00487,0.85762,0.16174,0.24021,0.20428,0.49449,0.24181,0.0102,1.0,0.13934,0.28658,0.24883,9,0.55,0.046,0.3173,23,7,0,13,4,0,-0.5775,-0.0928,0.0,,153.7
S5,Test0,245,minimal,261.72,49.14,8888889.0,0.0,-1,0,0.56456,0.46348,0.02411,0.0,0.0,0.30946,0.35072,0.59514,0.62007,0.11341,0.0,0.0,0.39077,0.44287,0.66598,1.0,0.21877,0.0,0.0,0.55434,0.62825,0,,,0.0,0,0,0,0,0,0,0.0,0.0,0.0,,12.2
S4,F5EvAI,244,minimal,50.58,18.18,230883.0,0.0,-1,0,0.18853,0.04635,0.00046,0.09845,0.25504,0.09001,0.07845,0.22578,0.0586,0.00052,0.21889,0.24684,0.11119,0.09497,0.27925,0.0735,0.00052,0.44478,0.21906,0.14296,0.11776,8,0.0,0.5,0.5826,0,30,6,0,1,2,0.0,-0.0131,-0.006,template,109.0
S1,F5,245,minimal,231.93,106.65,1466554.0,0.0,-1,0,0.34867,0.0,0.0,0.19442,0.30539,0.13195,0.11622,0.49481,0.06747,0.00083,0.66372,0.28669,0.22153,0.1877,0.64208,0.47454,0.00671,1.0,0.17775,0.39967,0.37445,5,0.275,0.287,0.0,0,0,0,0,0,0,0.0,0.0,0.0,,99.5
S2,F5EvAI,244,minimal,134.19,42.84,764806.0,411.0,-1,0,0.43889,0.08952,0.00168,0.2585,0.25532,0.18613,0.1767,0.46935,0.13106,0.00489,0.85526,0.19636,0.23989,0.20177,0.49601,0.23719,0.01026,1.0,0.15325,0.2865,0.24782,8,0.704,0.208,0.2747,22,4,3,15,2,1,-0.7421,-0.034,-0.0002,template,163.1
S4,F5Ev,244,minimal,77.31,21.96,195537.0,0.0,-1,0,0.19349,0.02483,0.00018,0.08122,0.25541,0.08407,0.07284,0.25863,0.04702,0.00026,0.19307,0.22489,0.11456,0.10197,0.37194,0.08807,0.00031,0.4317,0.24411,0.17514,0.15344,8,0.75,0.0,0.8033,19,11,0,5,3,0,-0.1745,-0.0778,0.0,,118.1
S5,F5Ev,244,minimal,74.07,20.34,205518.0,0.0,-1,0,0.26427,0.03145,0.00025,0.10348,0.23996,0.10725,0.09866,0.30714,0.05728,0.00035,0.20734,0.25455,0.13446,0.12159,0.362,0.0788,0.00037,0.41543,0.26544,0.16981,0.14705,9,0.903,0.0,0.821,24,6,0,9,4,0,-0.1689,-0.0482,0.0,,119.4
S1,Test0,246,minimal,239.76,129.15,4151579.0,0.0,-1,0,0.42694,0.02481,5e-05,0.0,0.0,0.13288,0.1506,0.63038,0.90911,0.18263,0.0,0.0,0.50651,0.57404,0.63497,0.94384,0.30114,0.0,0.0,0.55293,0.62665,0,,,0.0,0,0,0,0,0,0,0.0,0.0,0.0,,14.1
S2,F5,245,minimal,237.24,106.74,2162023.0,0.0,-1,0,0.55088,0.16334,0.00311,0.25724,0.17658,0.2365,0.23911,0.63884,0.52482,0.01069,0.85662,0.11735,0.40269,0.39145,0.64727,0.58661,0.01677,1.0,0.14859,0.4354,0.41688,5,0.625,0.254,0.0,0,0,0,0,0,0,0.0,0.0,0.0,,104.0
S3,F5,245,minimal,125.19,15.3,986976.0,0.0,-1,0,0.39744,0.12038,0.00108,0.09825,0.407,0.18234,0.17297,0.46721,0.20465,0.00234,0.32049,0.36068,0.23836,0.22474,0.48816,0.22542,0.00298,0.47542,0.29456,0.25605,0.23885,5,0.0,0.504,0.0,0,0,0,0,0,0,0.0,0.0,0.0,,91.0
S2,Test0,246,minimal,275.4,140.31,4371228.0,0.0,-1,0,0.5142,0.31355,0.00388,0.0,0.0,0.2446,0.27721,0.66601,0.96031,0.18972,0.0,0.0,0.53413,0.60535,0.66645,0.99504,0.30754,0.0,0.0,0.57913,0.65634,0,,,0.0,0,0,0,0,0,0,0.0,0.0,0.0,,14.6
S3,Test0,246,minimal,203.31,69.66,6338938.0,0.0,-1,0,0.30402,0.15858,0.00817,0.0,0.0,0.13846,0.15692,0.4426,0.29208,0.03206,0.0,0.0,0.22551,0.25558,0.60996,0.73323,0.08933,0.0,0.0,0.42133,0.47751,0,,,0.0,0,0,0,0,0,0,0.0,0.0,0.0,,11.3
S4,F5,245,minimal,133.56,16.11,1160216.0,0.0,-1,0,0.46624,0.19562,0.00163,0.22835,0.30798,0.22669,0.22117,0.48179,0.20315,0.00219,0.50249,0.29359,0.24892,0.22904,0.50433,0.27923,0.00347,0.84934,0.34951,0.302,0.26235,5,0.017,0.438,0.0,0,0,0,0,0,0,0.0,0.0,0.0,,95.3
S5,F5,245,minimal,141.93,20.7,1045671.0,0.0,-1,0,0.48617,0.20706,0.00152,0.22681,0.28548,0.23447,0.23158,0.50668,0.2206,0.00203,0.50515,0.22204,0.25728,0.2431,0.51952,0.25245,0.00233,0.71776,0.29702,0.28743,0.2581,5,0.029,0.316,0.0,0,0,0,0,0,0,0.0,0.0,0.0,,94.3
S1,F5Ev,245,minimal,214.11,101.34,1023935.0,0.0,-1,0,0.44159,0.0,0.0,0.20952,0.2701,0.15809,0.1472,0.58834,0.22868,0.00363,0.80915,0.16763,0.29882,0.27355,0.62351,0.33719,0.00488,1.0,0.1576,0.35209,0.32186,6,0.479,0.037,0.2174,27,3,0,18,1,0,-0.6438,0.0,0.0,,163.0
S3,F5Ev,245,minimal,124.38,20.16,943720.0,0.0,-1,0,0.38055,0.11888,0.00106,0.10039,0.2708,0.16904,0.16683,0.47808,0.21814,0.00189,0.24068,0.17245,0.22963,0.2327,0.48653,0.21814,0.00192,0.39098,0.1763,0.24119,0.23553,8,0.504,0.008,0.6151,23,7,0,13,3,0,-0.1348,0.0057,0.0,,135.8
S1,F5EvAI,245,minimal,208.8,97.56,915918.0,0.0,-1,0,0.33695,0.0,0.0,0.18806,0.30046,0.12784,0.11232,0.4854,0.01775,0.0,0.60456,0.21583,0.19625,0.16772,0.6176,0.28194,0.00424,1.0,0.13202,0.3324,0.30126,10,0.35,0.058,0.3949,22,3,5,16,2,3,-0.458,-0.0151,0.0061,template,170.2
S4,Test0,246,minimal,260.01,75.24,8888889.0,0.0,-1,0,0.52848,0.5735,0.03604,0.0,0.0,0.33471,0.37934,0.66566,0.97686,0.1611,0.0,0.0,0.53048,0.60121,0.66667,1.0,0.212,0.0,0.0,0.55255,0.62622,0,,,0.0,0,0,0,0,0,0,0.0,0.0,0.0,,11.6
S2,F5Ev,245,minimal,235.71,107.82,1664329.0,0.0,-1,0,0.55074,0.16334,0.00305,0.25777,0.15471,0.23518,0.23904,0.63812,0.43917,0.00733,0.85711,0.11072,0.37594,0.36154,0.64579,0.52084,0.01562,1.0,0.11777,0.41347,0.39408,7,0.654,0.0,0.3654,28,2,0,18,2,0,-0.5393,0.02,0.0,,164.0
S3,F5EvAI,245,minimal,96.12,13.32,624940.0,791.0,-1,0,0.37011,0.11346,0.00108,0.11384,0.22007,0.16219,0.16155,0.4082,0.13633,0.00119,0.29182,0.22812,0.19109,0.18191,0.42272,0.13633,0.00214,0.48106,0.20665,0.20551,0.18707,12,0.129,0.058,0.7684,9,16,7,8,2,5,-0.1866,-0.0575,-0.0292,template,145.5
S2,F5EvAI,245,minimal,227.43,102.24,1357602.0,0.0,-1,0,0.55698,0.16334,0.00311,0.25722,0.15538,0.23704,0.24114,0.61891,0.29458,0.00491,0.85645,0.11695,0.32738,0.30614,0.63757,0.469,0.00771,1.0,0.11513,0.39333,0.37143,7,0.633,0.025,0.3417,24,3,3,12,2,0,-0.6291,-0.0755,0.0,template,166.7
S1,F5,246,minimal,116.91,81.63,180463.0,0.0,-1,0,0.08485,0.0,0.0,0.03589,0.52754,0.0581,0.02828,0.23521,0.0,0.0,0.27704,0.37972,0.10781,0.0784,0.45893,0.24509,0.00076,1.0,0.34767,0.28656,0.23493,5,0.204,0.308,0.0,0,0,0,0,0,0,0.0,0.0,0.0,,94.7
S5,Test0,246,minimal,260.01,75.24,8888889.0,0.0,-1,0,0.52848,0.5735,0.03604,0.0,0.0,0.33471,0.37934,0.66566,0.97686,0.1611,0.0,0.0,0.53048,0.60121,0.66667,1.0,0.212,0.0,0.0,0.55255,0.62622,0,,,0.0,0,0,0,0,0,0,0.0,0.0,0.0,,11.6
S4,F5Ev,245,minimal,139.77,27.63,1009932.0,0.0,652.0,1,0.46565,0.19707,0.00177,0.22893,0.23739,0.22287,0.2215,0.51131,0.23469,0.002,0.56425,0.13335,0.26103,0.24933,0.51569,0.2377,0.00205,0.82676,0.09062,0.27615,0.25181,9,0.473,0.013,0.5874,23,5,0,19,4,0,-0.2659,0.0073,0.0,,138.7
S4,F5EvAI,245,minimal,122.04,20.61,792131.0,0.0,-1,0,0.43958,0.17095,0.00138,0.23429,0.2549,0.20875,0.20397,0.47733,0.189,0.00151,0.64188,0.17069,0.24422,0.22261,0.48179,0.189,0.00151,1.0,0.21279,0.26908,0.2241,11,0.254,0.033,0.6724,10,15,6,8,4,2,-0.0189,-0.1039,-0.0046,template,141.7
S1,Test0,247,minimal,171.63,91.53,2649313.0,0.0,-1,0,0.43168,0.03617,0.0002,0.0,0.0,0.13766,0.15601,0.53007,0.51274,0.03587,0.0,0.0,0.31726,0.35956,0.5465,0.64697,0.10815,0.0,0.0,0.38283,0.43387,0,,,0.0,0,0,0,0,0,0,0.0,0.0,0.0,,13.5
S2,F5,246,minimal,150.57,95.49,165986.0,0.0,-1,0,0.12909,0.0,0.0,0.09805,0.4912,0.07263,0.04303,0.3858,0.19131,0.00073,0.66792,0.31354,0.22769,0.19261,0.52208,0.25501,0.00106,1.0,0.24759,0.30225,0.25938,5,0.127,0.242,0.0,0,0,0,0,0,0,0.0,0.0,0.0,,98.7
S2,Test0,247,minimal,284.67,121.86,4444444.0,0.0,-1,0,0.60254,0.26541,0.00825,0.0,0.0,0.2577,0.29207,0.66526,0.96222,0.13221,0.0,0.0,0.51755,0.58656,0.66653,1.0,0.24228,0.0,0.0,0.56141,0.63627,0,,,0.0,0,0,0,0,0,0,0.0,0.0,0.0,,12.9
S5,F5Ev,245,minimal,137.16,27.54,1002359.0,0.0,-1,0,0.45649,0.17781,0.00154,0.2306,0.25749,0.21572,0.21195,0.48869,0.21302,0.00176,0.53888,0.18269,0.24935,0.23449,0.51098,0.25395,0.00195,0.97289,0.18308,0.29355,0.25563,11,0.379,0.013,0.6856,19,12,0,15,6,0,-0.1433,-0.0764,0.0,,143.5
S3,F5,246,minimal,32.13,4.05,424527.0,0.0,-1,0,0.18043,0.06031,0.00079,0.03732,0.32342,0.09226,0.08051,0.18597,0.07238,0.00093,0.08833,0.25934,0.09671,0.08642,0.19817,0.07577,0.00107,0.15521,0.4492,0.11644,0.09167,5,0.0,0.485,0.0,0,0,0,0,0,0,0.0,0.0,0.0,,88.4
S1,F5Ev,246,minimal,128.7,76.05,149388.0,0.0,-1,0,0.06701,0.0,0.0,0.03491,0.52869,0.05286,0.02234,0.20421,0.0,0.0,0.23215,0.32694,0.09295,0.06807,0.48286,0.21532,0.0008,0.98104,0.21931,0.27619,0.233,8,0.383,0.092,0.5209,27,3,0,6,3,0,-0.1664,0.0067,0.0,,133.0
S1,F5EvAI,246,minimal,71.91,59.13,0.0,0.0,-1,0,0.06928,0.0,0.0,0.03493,0.51793,0.0529,0.02309,0.19416,0.0,0.0,0.20876,0.32647,0.08859,0.06472,0.34284,0.00496,0.0,0.83047,0.22156,0.16418,0.11594,6,0.135,0.352,0.3079,14,22,3,9,1,0,-0.1607,-0.025,0.0,template,134.7
S5,F5EvAI,245,minimal,127.35,20.79,881019.0,7274.0,-1,0,0.4631,0.19051,0.00169,0.23407,0.31459,0.22501,0.21843,0.48599,0.20556,0.00957,0.64458,0.19817,0.25579,0.23371,0.49243,0.20706,0.04969,1.0,0.32164,0.29809,0.24973,15,0.308,0.025,0.7447,7,11,12,6,5,5,0.0558,0.0283,-0.0361,template,161.5
S3,Test0,247,minimal,153.54,66.24,2388991.0,0.0,-1,0,0.38928,0.17313,0.00175,0.0,0.0,0.16593,0.18805,0.52525,0.38723,0.02123,0.0,0.0,0.27462,0.31123,0.54908,0.45023,0.04949,0.0,0.0,0.30847,0.3496,0,,,0.0,0,0,0,0,0,0,0.0,0.0,0.0,,10.2
S4,F5,246,minimal,83.79,2.25,1798954.0,0.0,-1,0,0.38779,0.24261,0.00479,0.15385,0.2931,0.21311,0.21173,0.38909,0.24261,0.00504,0.24699,0.48986,0.23062,0.21225,0.39192,0.24261,0.00504,0.30448,0.49272,0.235,0.21319,5,0.017,0.479,0.0,0,0,0,0,0,0,0.0,0.0,0.0,,81.6
S4,Test0,247,minimal,153.54,66.24,2388991.0,0.0,-1,0,0.38981,0.17313,0.00191,0.0,0.0,0.16613,0.18828,0.52508,0.38723,0.02073,0.0,0.0,0.27442,0.31101,0.54908,0.45023,0.04869,0.0,0.0,0.30823,0.34933,0,,,0.0,0,0,0,0,0,0,0.0,0.0,0.0,,10.0
S2,F5Ev,246,minimal,151.74,94.32,687445.0,0.0,-1,0,0.08758,0.0,0.0,0.08692,0.52411,0.0617,0.02919,0.23175,0.0,0.0,0.51561,0.25869,0.11371,0.07725,0.52401,0.3328,0.00259,1.0,0.16619,0.32137,0.28647,7,0.558,0.0,0.3937,26,4,0,23,2,0,-1.666,-0.027,0.0,,150.9
S3,F5Ev,246,minimal,37.08,9.36,417778.0,0.0,-1,0,0.17809,0.05862,0.0008,0.03854,0.24852,0.08674,0.07917,0.20259,0.0637,0.00103,0.08865,0.32869,0.10317,0.08911,0.22192,0.0637,0.00107,0.14894,0.3026,0.11088,0.09557,8,0.333,0.013,0.7476,21,9,0,12,3,0,0.0351,-0.0006,0.0,,132.6
S3,F5EvAI,246,minimal,32.31,8.37,283492.0,0.0,660.0,1,0.15699,0.04303,0.00042,0.04134,0.24546,0.07583,0.06682,0.17809,0.04879,0.00051,0.10023,0.27859,0.08916,0.0758,0.19906,0.04879,0.00051,0.17661,0.34788,0.1039,0.08279,10,0.009,0.268,0.563,0,23,7,0,2,3,0.0,0.0422,-0.0273,template,109.3
S2,F5EvAI,246,minimal,153.27,94.86,1145464.0,0.0,-1,0,0.08485,0.0,0.0,0.08667,0.48997,0.05888,0.02828,0.35987,0.22227,0.00114,0.55617,0.28448,0.221,0.19443,0.52651,0.48918,0.00435,1.0,0.17966,0.3694,0.34001,9,0.271,0.196,0.5105,22,4,5,20,3,1,-1.048,-0.1595,-0.0145,template,156.8
S5,F5,246,minimal,87.66,9.54,1588607.0,0.0,-1,0,0.34564,0.1657,0.00454,0.13838,0.30456,0.17778,0.17196,0.39725,0.2233,0.00667,0.34215,0.32963,0.22399,0.20907,0.40273,0.22499,0.00704,0.48007,0.42303,0.23982,0.21159,5,0.007,0.364,0.0,0,0,0,0,0,0,0.0,0.0,0.0,,89.9
S1,F5,247,minimal,85.59,47.52,0.0,0.0,-1,0,0.23161,0.0,0.0,0.14359,0.51491,0.10686,0.0772,0.31568,0.0,0.0,0.47659,0.41958,0.14556,0.10523,0.37537,0.00402,0.0,1.0,0.36602,0.19194,0.12646,5,0.192,0.404,0.0,0,0,0,0,0,0,0.0,0.0,0.0,,85.0
S5,Test0,247,minimal,153.54,66.24,2388991.0,0.0,-1,0,0.38981,0.17313,0.00191,0.0,0.0,0.16613,0.18828,0.52508,0.38723,0.02073,0.0,0.0,0.27442,0.31101,0.54908,0.45023,0.04869,0.0,0.0,0.30823,0.34933,0,,,0.0,0,0,0,0,0,0,0.0,0.0,0.0,,9.7
S1,Test0,248,minimal,202.77,88.74,1850614.0,0.0,-1,0,0.53649,0.4902,0.0111,0.0,0.0,0.30523,0.34593,0.58802,0.51434,0.1031,0.0,0.0,0.35455,0.40182,0.58802,0.51434,0.13464,0.0,0.0,0.36382,0.41233,0,,,0.0,0,0,0,0,0,0,0.0,0.0,0.0,,10.9
S5,F5,247,minimal,33.39,2.97,18667.0,0.0,206.0,1,0.20937,0.05055,5e-05,0.06567,0.42644,0.10541,0.08665,,,,,,,,0.20937,0.05055,5e-05,0.10392,0.36251,0.1039,0.08665,5,0.0,0.542,0.0,0,0,0,0,0,0,0.0,0.0,0.0,,18.2
S4,F5Ev,246,minimal,75.69,9.36,1370144.0,0.0,-1,0,0.33966,0.15621,0.00306,0.14342,0.23202,0.16883,0.16631,0.3547,0.1596,0.00333,0.22442,0.31707,0.1841,0.17254,0.36797,0.1596,0.00333,0.301,0.29125,0.19099,0.17697,7,0.429,0.0,0.7029,17,13,0,12,2,0,-0.0272,-0.0698,0.0,,120.0
S5,F5EvAI,246,minimal,78.57,10.17,1489644.0,1255.0,644.0,1,0.34976,0.17159,0.0054,0.14506,0.24537,0.17789,0.17559,0.37045,0.17498,0.01021,0.25145,0.3459,0.19856,0.18521,0.3767,0.17498,0.01578,0.32004,0.25392,0.20066,0.18915,13,0.356,0.014,0.8169,10,15,4,9,7,1,0.092,-0.0258,0.0042,template,106.9
S4,F5EvAI,246,minimal,73.26,8.28,1651029.0,3548.0,-1,0,0.3314,0.16603,0.00567,0.16618,0.1696,0.16773,0.1677,0.35035,0.19429,0.01663,0.25867,0.27046,0.19621,0.18709,0.36042,0.19429,0.03659,0.36138,0.26981,0.21104,0.1971,9,0.237,0.013,0.7719,12,16,5,5,2,2,0.0054,-0.1426,-0.0001,template,119.7
S3,F5,247,minimal,29.25,3.15,8400.0,0.0,668.0,1,0.18022,0.02243,1e-05,0.03487,0.46821,0.0892,0.06756,0.18261,0.02243,2e-05,0.08562,0.46309,0.09259,0.06836,0.1883,0.02401,3e-05,0.13387,0.4989,0.09967,0.07078,5,0.0,0.679,0.0,0,0,0,0,0,0,0.0,0.0,0.0,,63.5
S3,F5Ev,247,minimal,38.88,8.37,15867.0,0.0,432.0,1,0.18499,0.02243,1e-05,0.03376,0.3147,0.08151,0.06915,0.23443,0.04897,3e-05,0.09673,0.28626,0.10589,0.09448,0.23568,0.04897,3e-05,0.10441,0.31457,0.10838,0.09489,8,0.257,0.042,0.7531,10,9,0,8,3,0,0.0149,0.0192,0.0,,63.7
S5,F5Ev,246,minimal,147.15,39.15,1978920.0,0.0,-1,0,0.44919,0.25312,0.00345,0.22812,0.25144,0.23579,0.23525,0.498,0.30903,0.00374,0.44223,0.19327,0.27584,0.27026,0.53093,0.34901,0.00409,0.70892,0.24444,0.31609,0.29468,9,0.217,0.0,0.5932,23,7,0,18,4,0,-0.7999,-0.0852,0.0,,117.3
S2,F5,247,minimal,240.66,102.06,699217.0,0.0,-1,0,0.51922,0.09195,0.00118,0.26082,0.16471,0.20513,0.20412,0.59646,0.21108,0.00259,0.86025,0.15955,0.29826,0.27004,0.62822,0.23873,0.00347,1.0,0.14839,0.32356,0.29014,5,0.863,0.475,0.0,0,0,0,0,0,0,0.0,0.0,0.0,,89.1
S2,Test0,248,minimal,202.77,88.74,1850614.0,0.0,-1,0,0.54647,0.4902,0.01143,0.0,0.0,0.30827,0.34937,0.58802,0.51434,0.10514,0.0,0.0,0.35514,0.4025,0.58802,0.51434,0.13709,0.0,0.0,0.36454,0.41315,0,,,0.0,0,0,0,0,0,0,0.0,0.0,0.0,,11.8
S3,Test0,248,minimal,258.66,60.66,7401762.0,0.0,-1,0,0.41679,0.121,0.00733,0.0,0.0,0.16033,0.18171,0.61889,0.66485,0.06633,0.0,0.0,0.39708,0.45003,0.65392,0.89293,0.15733,0.0,0.0,0.50123,0.56806,0,,,0.0,0,0,0,0,0,0,0.0,0.0,0.0,,11.2
S4,F5EvAI,247,minimal,34.38,4.59,16800.0,0.0,312.0,1,0.20216,0.03665,3e-05,0.08974,0.3261,0.09471,0.07961,,,,,,,,0.21425,0.04265,4e-05,0.19249,0.30926,0.10508,0.08564,8,0.135,0.5,0.5948,4,7,4,4,1,2,0.0251,-0.0034,-0.0117,template,47.5
S1,F5EvAI,247,minimal,55.71,25.92,0.0,0.0,642.0,1,0.23086,0.0,0.0,0.15278,0.44264,0.10293,0.07695,0.27954,0.0,0.0,0.56968,0.37902,0.13802,0.09318,0.28117,0.0,0.0,0.88426,0.44793,0.16106,0.09372,9,0.046,0.032,0.4518,2,19,7,2,1,3,0.0125,0.0253,-0.0053,template,117.8
S1,F5Ev,247,minimal,83.52,45.36,16908.0,0.0,-1,0,0.23049,0.0,0.0,0.14518,0.45578,0.10314,0.07683,0.33717,0.0,0.0,0.57622,0.28964,0.1501,0.11239,0.36965,0.01206,3e-05,1.0,0.28646,0.18795,0.12724,7,0.217,0.0,0.3889,23,7,0,10,2,0,0.0117,0.0254,0.0,,126.3
S4,Test0,248,minimal,270.81,63.72,8458000.0,0.0,-1,0,0.50569,0.3299,0.01343,0.0,0.0,0.24971,0.28301,0.62003,0.66965,0.08523,0.0,0.0,0.40439,0.45831,0.66424,0.96927,0.16659,0.0,0.0,0.52944,0.60003,0,,,0.0,0,0,0,0,0,0,0.0,0.0,0.0,,11.0
S5,F5EvAI,247,minimal,36.27,5.58,18667.0,0.0,372.0,1,0.20443,0.0436,4e-05,0.09358,0.32772,0.09774,0.08269,0.22339,0.05055,4e-05,0.21609,0.3216,0.11221,0.09133,0.22339,0.05055,4e-05,0.22145,0.3123,0.11198,0.09133,9,0.129,0.177,0.733,2,9,5,2,2,2,0.0241,-0.0033,-0.0112,template,59.1
S3,F5EvAI,247,minimal,35.46,6.12,13067.0,0.0,598.0,1,0.18924,0.03096,2e-05,0.04329,0.35054,0.08794,0.0734,0.21513,0.03886,2e-05,0.13095,0.28758,0.09933,0.08467,0.2195,0.03886,2e-05,0.18525,0.33421,0.10655,0.08613,8,0.32,0.09,0.7477,11,9,5,6,2,1,-0.0118,-0.0212,-0.0013,template,94.5
S4,F5,247,minimal,35.19,4.86,17733.0,0.0,-1,0,0.20623,0.04581,4e-05,0.06743,0.39117,0.10112,0.08403,0.216,0.04581,5e-05,0.18255,0.54464,0.11979,0.08729,0.21819,0.04581,5e-05,0.284,0.52727,0.12538,0.08802,5,0.0,0.567,0.0,0,0,0,0,0,0,0.0,0.0,0.0,,73.6
S4,F5Ev,247,minimal,40.77,9.27,68210.0,0.0,556.0,1,0.2107,0.04897,5e-05,0.07145,0.31959,0.09939,0.08657,0.23693,0.05213,7e-05,0.16153,0.29404,0.11183,0.09637,0.24434,0.06792,9e-05,0.2153,0.26653,0.12021,0.10412,8,0.08,0.25,0.6607,4,28,0,4,3,0,0.0479,-0.0108,0.0,,73.2
S5,Test0,248,minimal,270.81,63.72,8458000.0,0.0,-1,0,0.50569,0.3299,0.01343,0.0,0.0,0.24971,0.28301,0.62003,0.66965,0.08523,0.0,0.0,0.40439,0.45831,0.66424,0.96927,0.16659,0.0,0.0,0.52944,0.60003,0,,,0.0,0,0,0,0,0,0,0.0,0.0,0.0,,10.2
S1,Test0,249,minimal,182.34,71.19,3614982.0,0.0,-1,0,0.3312,0.0,0.0,0.0,0.0,0.09741,0.1104,0.5099,0.6951,0.07242,0.0,0.0,0.37571,0.42581,0.58118,0.8195,0.22115,0.0,0.0,0.47701,0.54061,0,,,0.0,0,0,0,0,0,0,0.0,0.0,0.0,,14.1
S5,F5Ev,247,minimal,39.51,8.46,18667.0,0.0,518.0,1,0.2107,0.05055,4e-05,0.07047,0.32613,0.10018,0.0871,0.23734,0.05055,5e-05,0.16725,0.36986,0.11628,0.09598,0.23859,0.05055,5e-05,0.19041,0.38936,0.11916,0.0964,9,0.432,0.0,0.8027,13,9,0,12,4,0,0.0642,0.0135,0.0,,84.8
S3,F5EvAI,248,minimal,55.89,0.72,297619.0,0.0,242.0,1,0.28051,0.04673,0.00083,0.07035,0.3661,0.12217,0.10936,,,,,,,,0.28992,0.04673,0.00083,0.10591,0.45042,0.13199,0.1125,8,0.333,0.131,0.5145,4,4,3,1,3,0,0.0101,0.0069,0.0,template,46.0
S2,F5Ev,247,minimal,219.96,95.4,610767.0,0.0,-1,0,0.55416,0.1442,0.00138,0.23617,0.17469,0.22997,0.23325,0.58383,0.21719,0.00217,0.8355,0.15089,0.29425,0.26773,0.60698,0.2413,0.00256,1.0,0.14888,0.31783,0.28361,8,0.855,0.0,0.3358,27,3,0,10,3,0,-0.2131,0.0173,0.0,,145.5
S1,F5,249,minimal,1.44,0.0,0.0,0.0,74.0,1,,,,,,,,,,,,,,,0.01084,0.0,0.0,0.00554,0.52729,0.03453,0.00361,5,0.214,0.214,0.0,0,0,0,0,0,0,0.0,0.0,0.0,,10.0
S2,F5EvAI,247,minimal,263.61,115.38,1815533.0,0.0,-1,0,0.5349,0.0643,0.00113,0.26092,0.15087,0.20079,0.20011,0.61341,0.25368,0.00886,0.86029,0.10123,0.31419,0.29198,0.64923,0.5641,0.02803,1.0,0.08246,0.42878,0.41379,11,0.854,0.029,0.481,21,4,7,14,3,3,-0.7167,-0.1155,-0.0185,template,157.7
S2,Test0,249,minimal,239.31,99.36,3930968.0,0.0,-1,0,0.4808,0.06409,0.0031,0.0,0.0,0.16117,0.18266,0.64555,0.88359,0.13844,0.0,0.0,0.49046,0.55586,0.64555,0.88359,0.26746,0.0,0.0,0.52841,0.59886,0,,,0.0,0,0,0,0,0,0,0.0,0.0,0.0,,14.4
S1,F5Ev,249,minimal,1.44,0.0,0.0,0.0,74.0,1,,,,,,,,,,,,,,,0.01084,0.0,0.0,0.00537,0.56474,0.03672,0.00361,6,0.464,0.214,0.3569,1,3,0,1,1,0,0.0325,0.0,0.0,,19.5
S1,F5EvAI,249,minimal,1.44,0.0,0.0,0.0,74.0,1,,,,,,,,,,,,,,,0.01084,0.0,0.0,0.00554,0.52729,0.03453,0.00361,5,0.214,0.214,0.0,0,1,3,0,0,0,0.0,0.0,0.0,template,24.1
S1,F5,248,minimal,93.33,25.2,717715.0,0.0,-1,0,0.35108,0.04344,0.0001,0.17621,0.39803,0.14984,0.13154,0.38328,0.13515,0.00141,0.54348,0.36366,0.20625,0.17328,0.39648,0.21624,0.00249,1.0,0.51452,0.27003,0.20507,5,0.013,0.146,0.0,0,0,0,0,0,0,0.0,0.0,0.0,,99.0
S3,F5Ev,248,minimal,59.58,1.44,311791.0,0.0,436.0,1,0.2726,0.04673,0.00082,0.07154,0.35666,0.11935,0.10672,0.30325,0.04834,0.00109,0.16013,0.19779,0.12478,0.11756,0.30325,0.04834,0.00112,0.16293,0.20206,0.12521,0.11757,10,0.507,0.0,0.7051,13,6,0,5,5,0,0.0016,0.035,0.0,,82.8
S3,Test0,249,minimal,262.35,51.66,8565133.0,0.0,-1,0,0.44241,0.14392,0.00302,0.0,0.0,0.17334,0.19645,0.58306,0.39338,0.03441,0.0,0.0,0.29731,0.33695,0.6656,0.98068,0.12987,0.0,0.0,0.5224,0.59205,0,,,0.0,0,0,0,0,0,0,0.0,0.0,0.0,,12.6
S3,F5,248,minimal,61.38,1.62,311791.0,0.0,-1,0,0.27983,0.05314,0.00087,0.07142,0.35534,0.12329,0.11128,0.29518,0.05314,0.00126,0.18167,0.43506,0.13909,0.11652,0.30958,0.05314,0.00162,0.28719,0.4672,0.15153,0.12145,5,0.0,0.717,0.0,0,0,0,0,0,0,0.0,0.0,0.0,,85.9
S2,F5,248,minimal,196.65,84.78,1374085.0,0.0,-1,0,0.43352,0.07433,0.00027,0.22415,0.2562,0.1777,0.16937,0.57088,0.44676,0.00603,0.82338,0.20188,0.36139,0.34122,0.58058,0.44676,0.00683,1.0,0.31446,0.38149,0.34472,5,0.163,0.121,0.0,0,0,0,0,0,0,0.0,0.0,0.0,,96.4
S4,Test0,249,minimal,263.25,51.84,8888889.0,0.0,-1,0,0.53838,0.39954,0.00432,0.0,0.0,0.27713,0.31408,0.66275,0.9646,0.13552,0.0,0.0,0.51849,0.58762,0.66636,1.0,0.22732,0.0,0.0,0.55697,0.63123,0,,,0.0,0,0,0,0,0,0,0.0,0.0,0.0,,12.8
S4,F5,248,minimal,70.29,2.79,396825.0,0.0,-1,0,0.31916,0.04994,0.0011,0.19461,0.36662,0.14189,0.1234,0.32966,0.06338,0.00168,0.41394,0.37625,0.16258,0.13157,0.33927,0.06658,0.00184,0.62672,0.50097,0.18624,0.1359,5,0.0,0.725,0.0,0,0,0,0,0,0,0.0,0.0,0.0,,86.2
S3,F5Ev,249,minimal,40.95,0.0,0.0,0.0,122.0,1,0.23704,0.0,0.0,0.05245,0.30286,0.09062,0.07901,,,,,,,,0.23704,0.0,0.0,0.05265,0.27117,0.08877,0.07901,9,0.75,0.0,0.7565,2,4,0,2,4,0,-0.0166,0.0418,0.0,,23.8
S5,F5,248,minimal,69.39,4.95,467687.0,171.0,-1,0,0.31855,0.04834,0.00092,0.17642,0.42327,0.14345,0.1226,0.32907,0.05858,0.00163,0.332,0.50441,0.16369,0.12976,0.33639,0.07202,0.00287,0.65448,0.48325,0.18789,0.13709,5,0.004,0.654,0.0,0,0,0,0,0,0,0.0,0.0,0.0,,82.1
S2,F5EvAI,249,minimal,3.06,1.62,0.0,0.0,160.0,1,0.0221,0.0,0.0,0.02414,0.55595,0.04062,0.00737,,,,,,,,0.02276,0.0,0.0,0.0282,0.49688,0.03758,0.00759,6,0.393,0.036,0.3924,3,1,3,3,1,0,0.0355,-0.0002,0.0,template,42.0
S3,F5EvAI,249,minimal,40.95,0.0,0.0,0.0,122.0,1,0.23704,0.0,0.0,0.04578,0.36708,0.094,0.07901,,,,,,,,0.23704,0.0,0.0,0.04583,0.39364,0.09557,0.07901,8,0.068,0.091,0.3588,0,3,3,0,3,0,0.0,0.0152,0.0,template,29.8
S5,Test0,249,minimal,263.25,51.84,8888889.0,0.0,-1,0,0.53838,0.39954,0.00432,0.0,0.0,0.27713,0.31408,0.66275,0.9646,0.13552,0.0,0.0,0.51849,0.58762,0.66636,1.0,0.22732,0.0,0.0,0.55697,0.63123,0,,,0.0,0,0,0,0,0,0,0.0,0.0,0.0,,14.6
S2,F5Ev,249,minimal,3.24,1.8,0.0,0.0,214.0,1,0.02276,0.0,0.0,0.02392,0.55463,0.04073,0.00759,,,,,,,,0.02406,0.0,0.0,0.03307,0.46273,0.03624,0.00802,7,0.611,0.014,0.5362,7,2,0,7,2,0,-0.0495,0.0018,0.0,,52.2
S5,F5Ev,248,minimal,71.64,7.02,332586.0,140.0,510.0,1,0.32729,0.04994,0.00093,0.18236,0.43932,0.14779,0.12605,0.34099,0.05154,0.00141,0.29355,0.26211,0.14855,0.13131,0.34355,0.05634,0.00174,0.34292,0.23669,0.15222,0.13388,10,0.488,0.0,0.6434,17,5,0,10,5,0,0.0082,0.0317,0.0,,96.1
S4,F5Ev,249,minimal,49.05,3.33,2489.0,0.0,216.0,1,0.26499,0.01158,0.0,0.1144,0.25996,0.10337,0.09219,,,,,,,,0.27121,0.01654,0.0,0.14794,0.21635,0.10606,0.09592,8,0.75,0.0,0.7677,6,3,0,5,3,0,-0.0787,-0.0062,0.0,,40.5
S1,Test0,250,minimal,275.85,166.86,4444444.0,0.0,-1,0,0.52645,0.01042,0.0,0.0,0.0,0.1579,0.17895,0.61102,0.94271,0.1111,0.0,0.0,0.48966,0.55494,0.66623,1.0,0.24111,0.0,0.0,0.56098,0.63578,0,,,0.0,0,0,0,0,0,0,0.0,0.0,0.0,,16.2
S5,F5EvAI,248,minimal,74.07,6.75,332586.0,161.0,498.0,1,0.31916,0.04994,0.0009,0.17571,0.41562,0.14361,0.12333,0.35,0.05474,0.00141,0.35739,0.25324,0.15538,0.13538,0.35111,0.05474,0.00179,0.4334,0.41218,0.16963,0.13588,11,0.399,0.054,0.6239,9,9,3,4,6,0,0.0319,-0.0061,0.0,template,98.1
S4,F5Ev,248,minimal,75.33,7.11,360931.0,283.0,600.0,1,0.32937,0.05378,0.00068,0.18605,0.41705,0.14836,0.12794,0.35221,0.05538,0.0017,0.32122,0.30189,0.15703,0.13643,0.35496,0.06178,0.00281,0.55327,0.41316,0.18025,0.13985,9,0.625,0.0,0.6336,15,10,0,9,4,0,-0.0073,0.0283,0.0,,118.0
S1,F5Ev,248,minimal,89.64,23.04,457753.0,0.0,-1,0,0.34786,0.05309,0.00013,0.17686,0.36739,0.14998,0.1337,0.38086,0.13708,0.00072,0.60893,0.30293,0.20619,0.17289,0.38687,0.16604,0.00132,1.0,0.28492,0.23859,0.18474,9,0.321,0.0,0.4142,23,7,0,17,4,0,-0.7949,0.0111,0.0,,151.2
S4,F5EvAI,248,minimal,75.15,7.11,346758.0,0.0,548.0,1,0.3258,0.05378,0.00107,0.18135,0.42676,0.14773,0.12688,0.34777,0.06018,0.00107,0.31887,0.34031,0.15908,0.13634,0.35441,0.06018,0.00107,0.39761,0.29562,0.16303,0.13856,12,0.163,0.147,0.6354,6,11,7,6,5,2,0.0592,0.0356,-0.0023,template,120.6
S2,Test0,250,minimal,276.12,166.95,4444444.0,0.0,-1,0,0.55576,0.17708,0.00151,0.0,0.0,0.21599,0.24479,0.62462,1.0,0.12714,0.0,0.0,0.51522,0.58392,0.66645,1.0,0.24403,0.0,0.0,0.56191,0.63683,0,,,0.0,0,0,0,0,0,0,0.0,0.0,0.0,,14.5
S1,F5EvAI,248,minimal,91.8,25.11,309617.0,0.0,-1,0,0.34488,0.05309,0.00013,0.17582,0.39161,0.15047,0.1327,0.3767,0.1226,0.00044,0.56903,0.27596,0.19669,0.16658,0.39253,0.15156,0.00099,1.0,0.40132,0.24275,0.1817,11,0.404,0.062,0.6148,9,15,7,6,2,4,-0.2392,-0.0433,-0.0064,template,155.2
S3,Test0,250,minimal,258.93,72.63,8257662.0,0.0,-1,0,0.16667,0.08328,0.00145,0.0,0.0,0.07394,0.0838,0.61447,0.55622,0.0381,0.0,0.0,0.35553,0.40293,0.66336,0.9554,0.14613,0.0,0.0,0.51909,0.5883,0,,,0.0,0,0,0,0,0,0,0.0,0.0,0.0,,12.2
S4,F5EvAI,249,minimal,50.49,4.68,3733.0,0.0,262.0,1,0.26683,0.0139,0.0,0.10586,0.29785,0.10632,0.09358,,,,,,,,0.27697,0.01886,0.0,0.14735,0.19541,0.10717,0.09861,8,0.057,0.205,0.585,1,4,7,1,1,2,-0.0141,0.0073,-0.0065,template,54.7
S2,F5Ev,248,minimal,177.75,77.04,941367.0,0.0,-1,0,0.43107,0.12163,0.00024,0.22472,0.23029,0.1894,0.18432,0.54751,0.31663,0.00176,0.82403,0.19288,0.3145,0.28864,0.55579,0.35042,0.00311,1.0,0.28918,0.34328,0.30311,9,0.463,0.0,0.4235,26,4,0,13,4,0,-0.4734,-0.0954,0.0,,163.2
S3,F5Ev,250,minimal,1.26,1.26,0.0,0.0,56.0,1,,,,,,,,,,,,,,,0.0095,0.0,0.0,0.00323,0.40012,0.02652,0.00317,7,0.25,0.0,0.5747,1,2,0,1,2,0,0.012,0.0097,0.0,,12.6
S2,F5,249,minimal,85.41,41.67,375233.0,0.0,-1,0,0.02406,0.0,0.0,0.0228,0.7192,0.05073,0.00802,0.21463,0.0,0.0,0.11284,0.38873,0.09263,0.07154,0.39394,0.14998,0.00099,0.72234,0.23253,0.21643,0.18163,5,0.098,0.328,0.0,0,0,0,0,0,0,0.0,0.0,0.0,,93.2
S3,F5EvAI,250,minimal,1.26,1.26,0.0,0.0,56.0,1,,,,,,,,,,,,,,,0.0095,0.0,0.0,0.00269,0.43169,0.02835,0.00317,6,0.0,0.15,0.1038,0,1,2,0,1,0,0.0,0.0139,0.0,template,12.5
S2,F5EvAI,248,minimal,199.53,88.02,1145416.0,0.0,-1,0,0.42922,0.12163,0.00024,0.22464,0.25105,0.19007,0.1837,0.57766,0.38131,0.00375,0.82375,0.12209,0.33879,0.32091,0.58411,0.41297,0.00471,1.0,0.20076,0.36528,0.33393,10,0.442,0.004,0.4652,17,8,7,7,3,2,-0.2794,-0.1825,-0.0025,template,164.3
S4,Test0,250,minimal,260.82,73.71,8487199.0,0.0,-1,0,0.57986,0.48173,0.01163,0.0,0.0,0.31565,0.35774,0.64895,0.81667,0.1152,0.0,0.0,0.46495,0.52694,0.66498,0.96913,0.19261,0.0,0.0,0.53727,0.60891,0,,,0.0,0,0,0,0,0,0,0.0,0.0,0.0,,12.3
S3,F5,249,minimal,43.29,0.0,0.0,0.0,-1,0,0.23784,0.0,0.0,0.05041,0.41753,0.09748,0.07928,0.24178,0.0,0.0,0.06812,0.37044,0.09691,0.08059,0.24724,0.0,0.0,0.08948,0.4047,0.10179,0.08241,5,0.004,0.221,0.0,0,0,0,0,0,0,0.0,0.0,0.0,,84.2
S5,Test0,250,minimal,260.82,73.71,8487199.0,0.0,-1,0,0.57986,0.48173,0.01163,0.0,0.0,0.31565,0.35774,0.64895,0.81667,0.1152,0.0,0.0,0.46495,0.52694,0.66498,0.96913,0.19261,0.0,0.0,0.53727,0.60891,0,,,0.0,0,0,0,0,0,0,0.0,0.0,0.0,,11.6
S4,F5,249,minimal,62.37,2.16,9333.0,0.0,-1,0,0.25414,0.0,0.0,0.11011,0.40039,0.10478,0.08471,0.30904,0.02184,2e-05,0.29833,0.28424,0.13159,0.1103,0.32121,0.0268,4e-05,0.45488,0.37241,0.15103,0.11602,5,0.008,0.475,0.0,0,0,0,0,0,0,0.0,0.0,0.0,,86.3
S5,F5Ev,249,minimal,53.1,4.86,3111.0,0.0,350.0,1,0.27085,0.01323,0.0,0.11835,0.24814,0.10511,0.0947,,,,,,,,0.28717,0.0182,0.0,0.21511,0.19935,0.1142,0.10179,8,0.683,0.0,0.7659,12,3,0,5,3,0,-0.0886,-0.0283,0.0,,63.7
S5,F5EvAI,249,minimal,51.12,4.32,2489.0,0.0,382.0,1,0.2672,0.00827,0.0,0.13806,0.26914,0.10497,0.09182,0.27946,0.01489,0.0,0.23494,0.2521,0.11522,0.09812,0.27946,0.01489,0.0,0.24369,0.20046,0.1127,0.09812,10,0.047,0.125,0.6215,1,11,6,1,3,2,0.0031,-0.0312,-0.0245,template,70.2
S5,F5,249,minimal,51.48,2.79,1244.0,0.0,-1,0,0.26091,0.00165,0.0,0.12981,0.43262,0.11031,0.08752,0.2661,0.00165,0.0,0.23365,0.34599,0.11285,0.08925,0.28087,0.01224,0.0,0.35106,0.29869,0.12443,0.09771,5,0.004,0.392,0.0,0,0,0,0,0,0,0.0,0.0,0.0,,88.6
S1,F5,250,minimal,171.45,93.69,373530.0,0.0,-1,0,0.24749,0.0,0.0,0.11912,0.56363,0.11295,0.0825,0.38958,0.0,0.0,0.53855,0.50671,0.17607,0.12986,0.5537,0.18646,0.00115,1.0,0.3445,0.29712,0.2471,5,0.254,0.217,0.0,0,0,0,0,0,0,0.0,0.0,0.0,,90.4
S3,F5,250,minimal,1.89,1.89,0.0,0.0,-1,0,0.0095,0.0,0.0,0.00636,0.5049,0.03287,0.00317,0.0095,0.0,0.0,0.01842,0.63008,0.04094,0.00317,0.01418,0.0,0.0,0.0405,0.56027,0.03951,0.00473,5,0.0,0.246,0.0,0,0,0,0,0,0,0.0,0.0,0.0,,72.9
S2,F5,250,minimal,181.35,99.99,498961.0,0.0,-1,0,0.28197,0.0,0.0,0.24339,0.56284,0.13036,0.09399,0.55602,0.16667,0.00131,0.84148,0.27569,0.27866,0.24133,0.56753,0.2125,0.00225,1.0,0.28445,0.30564,0.26076,5,0.263,0.204,0.0,0,0,0,0,0,0,0.0,0.0,0.0,,85.2
S4,F5,250,minimal,58.05,8.28,19556.0,0.0,-1,0,0.28676,0.02532,5e-05,0.15816,0.37686,0.12328,0.10404,0.29195,0.02532,5e-05,0.35738,0.40612,0.13824,0.10577,0.30641,0.02532,5e-05,0.60594,0.40864,0.15726,0.11059,5,0.004,0.463,0.0,0,0,0,0,0,0,0.0,0.0,0.0,,67.5
S5,F5,250,minimal,91.53,38.16,88072.0,0.0,-1,0,0.29503,0.03294,9e-05,0.16137,0.32681,0.1252,0.10935,0.33333,0.03294,9e-05,0.40027,0.47265,0.1591,0.12212,0.41058,0.0421,0.00012,0.76406,0.38364,0.20069,0.15093,5,0.004,0.392,0.0,0,0,0,0,0,0,0.0,0.0,0.0,,64.9
S1,F5Ev,250,minimal,177.66,99.63,389910.0,0.0,-1,0,0.25006,0.0,0.0,0.12417,0.52344,0.11164,0.08335,0.52964,0.13542,0.00092,0.62714,0.30752,0.25085,0.22199,0.56247,0.16667,0.00121,1.0,0.27977,0.29009,0.24345,8,0.483,0.0,0.2673,26,4,0,12,3,0,-0.0711,-0.0088,0.0,,106.1
S2,F5Ev,250,minimal,184.14,101.07,654391.0,0.0,-1,0,0.28231,0.0,0.0,0.24426,0.5513,0.12983,0.0941,0.56334,0.19167,0.00119,0.84339,0.27022,0.28792,0.25207,0.57127,0.24375,0.00222,1.0,0.22857,0.31263,0.27241,8,0.483,0.0,0.294,23,7,0,13,3,0,-0.1071,0.0278,0.0,,101.1
S2,F5EvAI,250,minimal,179.73,99.45,346290.0,0.0,-1,0,0.28231,0.0,0.0,0.24431,0.53702,0.12899,0.0941,0.42759,0.0,0.0,0.83925,0.3711,0.19696,0.14253,0.56532,0.16562,0.00093,1.0,0.28967,0.29112,0.24396,9,0.317,0.133,0.3317,17,12,3,8,4,0,0.0238,0.0007,0.0,template,99.0
S1,F5EvAI,250,minimal,171.9,93.42,239910.0,0.0,-1,0,0.24749,0.0,0.0,0.12159,0.52929,0.11108,0.0825,0.44836,0.01042,0.0,0.597,0.30943,0.18825,0.15292,0.55435,0.11979,0.0008,1.0,0.23686,0.27127,0.22498,8,0.315,0.115,0.2468,21,4,5,10,2,1,-0.0307,0.0123,-0.0012,template,105.9
S5,F5EvAI,250,minimal,97.2,40.77,149410.0,2817.0,-1,0,0.30277,0.03294,9e-05,0.20521,0.25041,0.12557,0.11193,0.3766,0.0421,0.00207,0.55304,0.25967,0.17156,0.14025,0.4252,0.0604,0.01659,1.0,0.2339,0.22028,0.1674,11,0.129,0.004,0.6958,15,19,3,9,4,2,-0.1107,-0.176,-0.0116,template,72.7
S4,F5EvAI,250,minimal,86.4,32.85,129964.0,0.0,-1,0,0.29332,0.02532,5e-05,0.18859,0.26763,0.12057,0.10623,0.36272,0.04057,0.00014,0.51708,0.24351,0.1634,0.13448,0.39669,0.05582,0.00023,0.9316,0.24118,0.20215,0.15092,10,0.233,0.013,0.6974,21,6,3,9,3,2,-0.264,-0.1092,-0.0112,template,79.6
S4,F5Ev,250,minimal,103.95,41.85,198480.0,0.0,-1,0,0.30806,0.03294,9e-05,0.18466,0.25539,0.12621,0.1137,0.40723,0.03294,9e-05,0.45587,0.25887,0.17153,0.14675,0.44168,0.06955,0.00036,0.78309,0.26561,0.21216,0.17053,9,0.483,0.004,0.6996,24,6,0,15,4,0,-0.3335,-0.1269,0.0,,80.9
S5,F5Ev,250,minimal,98.55,41.04,145821.0,0.0,-1,0,0.30806,0.03142,7e-05,0.1955,0.25922,0.12662,0.11318,0.41034,0.04667,0.00016,0.49908,0.25001,0.17853,0.15239,0.42857,0.0604,0.00025,0.80901,0.26516,0.20707,0.16307,9,0.487,0.004,0.6137,24,6,0,17,4,0,-0.4027,-0.0661,0.0,,76.8
