step,t_min,burning,burned,j_total,j_physical,j_burn,j_asset,j_pop,j_resp,wws_mean,prec_mean,fmoist_mean,alloc_cells,alloc_rcap_sum
1,1.0,55,55,0.04738,0.05369,0.16108,0.00000,0.00000,0.00000,8.01,0.00,0.190,0,0.0
2,2.0,60,60,0.05094,0.05773,0.17319,0.00000,0.00000,0.00000,8.01,0.00,0.190,0,0.0
3,3.0,71,71,0.05842,0.06621,0.19863,0.00000,0.00000,0.00000,8.01,0.00,0.190,0,0.0
4,4.0,74,84,0.07808,0.07558,0.22675,0.00000,0.00000,0.00497,8.01,0.00,0.197,163,167.3
5,5.0,86,99,0.08688,0.08561,0.25684,0.00000,0.00000,0.00996,8.01,0.00,0.197,159,167.1
6,6.0,99,114,0.09511,0.09489,0.28468,0.00000,0.00000,0.01494,8.01,0.00,0.198,157,166.6
7,7.0,108,126,0.10201,0.10183,0.30549,0.00000,0.00000,0.01992,8.01,0.00,0.199,159,169.1
8,8.0,124,145,0.11129,0.11203,0.33608,0.00000,0.00000,0.02489,8.01,0.00,0.200,157,169.4
9,9.0,136,160,0.11826,0.11946,0.35838,0.00000,0.00000,0.02989,8.01,0.00,0.200,157,171.3
10,10.0,142,174,0.12465,0.12596,0.37789,0.00000,0.00000,0.03487,8.01,0.00,0.201,157,172.6
11,11.0,153,185,0.12934,0.13080,0.39241,0.00000,0.00000,0.03984,8.01,0.00,0.201,156,172.8
12,12.0,160,196,0.13373,0.13542,0.40626,0.00000,0.00000,0.04483,8.01,0.00,0.202,156,173.3
13,13.0,171,208,0.13870,0.14022,0.42067,0.00000,0.00000,0.04980,8.01,0.00,0.202,156,173.2
14,14.0,181,219,0.14268,0.14443,0.43328,0.00000,0.00000,0.05478,8.01,0.00,0.202,156,173.5
15,15.0,184,223,0.14449,0.14591,0.43773,0.00000,0.00000,0.05978,8.01,0.00,0.202,157,174.0
16,16.0,191,234,0.14729,0.14987,0.44961,0.00000,0.00000,0.06476,8.01,0.00,0.203,154,171.8
17,17.0,195,239,0.14916,0.15162,0.45485,0.00000,0.00000,0.06974,8.01,0.00,0.203,154,171.7
18,18.0,202,251,0.15298,0.15567,0.46702,0.00000,0.00000,0.07473,8.01,0.00,0.203,155,172.3
19,19.0,204,256,0.15563,0.15731,0.47193,0.00000,0.00000,0.07970,8.01,0.00,0.203,157,173.2
20,20.0,211,264,0.15821,0.15987,0.47961,0.00000,0.00000,0.08469,8.01,0.00,0.203,158,173.6
21,21.0,216,274,0.16187,0.16296,0.48889,0.00000,0.00000,0.08966,8.01,0.00,0.203,159,173.8
22,22.0,217,280,0.16381,0.16477,0.49431,0.00000,0.00000,0.09463,8.01,0.00,0.203,159,173.5
23,23.0,221,286,0.16557,0.16654,0.49961,0.00000,0.00000,0.09962,8.01,0.00,0.204,159,174.0
24,24.0,229,296,0.16799,0.16940,0.50820,0.00000,0.00000,0.10459,8.01,0.00,0.204,158,173.6
25,25.0,234,300,0.16938,0.17052,0.51155,0.00000,0.00000,0.10958,8.01,0.00,0.204,159,174.2
26,26.0,235,306,0.17133,0.17217,0.51650,0.00000,0.00000,0.11458,8.01,0.00,0.204,160,173.8
27,27.0,237,312,0.17319,0.17378,0.52135,0.00000,0.00000,0.11955,8.01,0.00,0.205,160,172.9
28,28.0,242,317,0.17444,0.17510,0.52531,0.00000,0.00000,0.12453,8.01,0.00,0.205,160,173.0
29,29.0,244,320,0.17571,0.17589,0.52766,0.00000,0.00000,0.12953,8.01,0.00,0.205,161,173.7
30,30.0,240,323,0.17730,0.17666,0.52999,0.00000,0.00000,0.13452,8.01,0.00,0.205,162,173.9
31,31.0,242,326,0.17826,0.17743,0.53229,0.00000,0.00000,0.13951,8.01,0.00,0.205,162,173.8
32,32.0,240,326,0.17857,0.17743,0.53229,0.00000,0.00000,0.14449,8.01,0.00,0.205,162,173.7
33,33.0,237,328,0.17933,0.17794,0.53381,0.00000,0.00000,0.14947,8.01,0.00,0.205,162,173.5
34,34.0,237,331,0.18033,0.17869,0.53608,0.00000,0.00000,0.15444,8.01,0.00,0.206,162,173.4
35,35.0,240,335,0.18160,0.17969,0.53906,0.00000,0.00000,0.15944,8.01,0.00,0.206,163,174.2
36,36.0,238,337,0.18244,0.18018,0.54054,0.00000,0.00000,0.16443,8.01,0.00,0.206,163,173.9
37,37.0,244,343,0.18417,0.18164,0.54492,0.00000,0.00000,0.16941,8.01,0.00,0.206,163,173.9
38,38.0,244,349,0.18575,0.18307,0.54922,0.00000,0.00000,0.17440,8.01,0.00,0.206,163,173.9
39,39.0,244,352,0.18657,0.18378,0.55134,0.00000,0.00000,0.17940,8.01,0.00,0.206,164,174.3
40,40.0,248,357,0.18771,0.18494,0.55482,0.00000,0.00000,0.18439,8.01,0.00,0.206,164,174.0
41,41.0,254,365,0.18956,0.18676,0.56029,0.00000,0.00000,0.18938,8.01,0.00,0.207,164,173.9
42,42.0,255,366,0.19027,0.18699,0.56096,0.00000,0.00000,0.19438,8.01,0.00,0.207,164,174.1
43,43.0,258,369,0.19121,0.18766,0.56297,0.00000,0.00000,0.19935,8.01,0.00,0.207,163,173.5
44,44.0,253,373,0.19228,0.18854,0.56562,0.00000,0.00000,0.20434,8.01,0.00,0.207,163,173.7
45,45.0,255,375,0.19297,0.18898,0.56694,0.00000,0.00000,0.20932,8.01,0.00,0.207,163,173.7
46,46.0,257,379,0.19403,0.18985,0.56954,0.00000,0.00000,0.21430,8.01,0.00,0.207,163,173.7
47,47.0,297,397,0.18345,0.19363,0.58088,0.00000,0.00000,0.21430,8.01,0.00,0.207,0,0.0
48,48.0,299,398,0.18363,0.19383,0.58149,0.00000,0.00000,0.21430,8.01,0.00,0.207,0,0.0
49,49.0,301,400,0.18399,0.19424,0.58271,0.00000,0.00000,0.21430,8.01,0.00,0.207,0,0.0
50,50.0,304,403,0.18452,0.19484,0.58452,0.00000,0.00000,0.21430,8.01,0.00,0.207,0,0.0
51,51.0,308,407,0.18523,0.19564,0.58692,0.00000,0.00000,0.21430,8.01,0.00,0.207,0,0.0
52,52.0,311,410,0.18575,0.19623,0.58870,0.00000,0.00000,0.21430,8.01,0.00,0.207,0,0.0
53,53.0,312,411,0.18593,0.19643,0.58929,0.00000,0.00000,0.21430,8.01,0.00,0.206,0,0.0
54,54.0,315,414,0.18644,0.19702,0.59105,0.00000,0.00000,0.21430,8.01,0.00,0.206,0,0.0
55,55.0,317,416,0.18679,0.19740,0.59221,0.00000,0.00000,0.21430,8.01,0.00,0.206,0,0.0
56,56.0,321,419,0.18730,0.19798,0.59395,0.00000,0.00000,0.21430,8.01,0.00,0.206,0,0.0
57,57.0,322,420,0.18747,0.19817,0.59452,0.00000,0.00000,0.21430,8.01,0.00,0.206,0,0.0
58,58.0,324,420,0.18747,0.19817,0.59452,0.00000,0.00000,0.21430,8.01,0.00,0.206,0,0.0
59,59.0,327,422,0.18780,0.19856,0.59567,0.00000,0.00000,0.21430,8.01,0.00,0.206,0,0.0
60,60.0,329,422,0.18780,0.19856,0.59567,0.00000,0.00000,0.21430,8.01,0.00,0.206,0,0.0
61,61.0,335,427,0.18864,0.19950,0.59850,0.00000,0.00000,0.21430,8.01,0.00,0.206,0,0.0
62,62.0,337,427,0.18864,0.19950,0.59850,0.00000,0.00000,0.21430,8.01,0.00,0.206,0,0.0
63,63.0,342,429,0.18897,0.19987,0.59962,0.00000,0.00000,0.21430,8.01,0.00,0.206,0,0.0
64,64.0,344,431,0.18929,0.20025,0.60074,0.00000,0.00000,0.21430,8.01,0.00,0.205,0,0.0
65,65.0,345,431,0.18929,0.20025,0.60074,0.00000,0.00000,0.21430,8.01,0.00,0.205,0,0.0
66,66.0,348,434,0.18978,0.20080,0.60240,0.00000,0.00000,0.21430,8.01,0.00,0.205,0,0.0
67,67.0,351,435,0.18994,0.20098,0.60295,0.00000,0.00000,0.21430,8.01,0.00,0.205,0,0.0
68,68.0,354,437,0.19027,0.20135,0.60405,0.00000,0.00000,0.21430,8.01,0.00,0.205,0,0.0
69,69.0,356,437,0.19027,0.20135,0.60405,0.00000,0.00000,0.21430,8.01,0.00,0.205,0,0.0
70,70.0,359,439,0.19059,0.20171,0.60514,0.00000,0.00000,0.21430,8.01,0.00,0.205,0,0.0
71,71.0,363,443,0.19123,0.20244,0.60731,0.00000,0.00000,0.21430,8.01,0.00,0.205,0,0.0
72,72.0,368,448,0.19201,0.20333,0.60998,0.00000,0.00000,0.21430,8.01,0.00,0.205,0,0.0
73,73.0,373,453,0.19279,0.20421,0.61262,0.00000,0.00000,0.21430,8.01,0.00,0.205,0,0.0
74,74.0,384,464,0.19446,0.20610,0.61830,0.00000,0.00000,0.21430,8.01,0.00,0.205,0,0.0
75,75.0,393,472,0.19564,0.20744,0.62232,0.00000,0.00000,0.21430,8.01,0.00,0.204,0,0.0
76,76.0,408,487,0.19780,0.20988,0.62965,0.00000,0.00000,0.21430,8.01,0.00,0.204,0,0.0
77,77.0,419,498,0.19932,0.21161,0.63484,0.00000,0.00000,0.21430,8.01,0.00,0.204,0,0.0
78,78.0,431,510,0.20094,0.21345,0.64034,0.00000,0.00000,0.21430,8.01,0.00,0.204,0,0.0
79,79.0,450,528,0.20328,0.21610,0.64829,0.00000,0.00000,0.21430,8.01,0.00,0.204,0,0.0
80,80.0,466,545,0.20539,0.21849,0.65548,0.00000,0.00000,0.21430,8.01,0.00,0.204,0,0.0
81,81.0,487,566,0.20789,0.22132,0.66397,0.00000,0.00000,0.21430,8.01,0.00,0.204,0,0.0
82,82.0,507,586,0.21016,0.22389,0.67167,0.00000,0.00000,0.21430,8.01,0.00,0.204,0,0.0
83,83.0,524,605,0.21221,0.22622,0.67867,0.00000,0.00000,0.21430,8.01,0.00,0.204,0,0.0
84,84.0,551,634,0.21519,0.22960,0.68879,0.00000,0.00000,0.21430,8.01,0.00,0.204,0,0.0
85,85.0,569,652,0.21695,0.23159,0.69476,0.00000,0.00000,0.21430,8.01,0.00,0.204,0,0.0
86,86.0,595,682,0.21973,0.23474,0.70422,0.00000,0.00000,0.21430,8.01,0.00,0.203,0,0.0
87,87.0,612,701,0.22140,0.23664,0.70991,0.00000,0.00000,0.21430,8.01,0.00,0.203,0,0.0
88,88.0,629,722,0.22318,0.23865,0.71595,0.00000,0.00000,0.21430,8.01,0.00,0.203,0,0.0
89,89.0,646,739,0.22456,0.24022,0.72066,0.00000,0.00000,0.21430,8.01,0.00,0.203,0,0.0
90,90.0,658,753,0.22567,0.24147,0.72442,0.00000,0.00000,0.21430,8.01,0.00,0.203,0,0.0
91,91.0,675,771,0.22705,0.24304,0.72911,0.00000,0.00000,0.21430,8.01,0.00,0.203,0,0.0
92,92.0,686,784,0.22802,0.24413,0.73240,0.00000,0.00000,0.21430,8.01,0.00,0.203,0,0.0
93,93.0,696,797,0.22896,0.24520,0.73561,0.00000,0.00000,0.21430,8.01,0.00,0.203,0,0.0
94,94.0,710,814,0.23016,0.24657,0.73970,0.00000,0.00000,0.21430,8.01,0.00,0.203,0,0.0
95,95.0,727,831,0.23133,0.24789,0.74366,0.00000,0.00000,0.21430,8.01,0.00,0.203,0,0.0
96,96.0,736,841,0.23200,0.24864,0.74593,0.00000,0.00000,0.21430,8.01,0.00,0.202,0,0.0
97,97.0,752,856,0.23298,0.24976,0.74927,0.00000,0.00000,0.21430,8.01,0.00,0.202,0,0.0
98,98.0,770,873,0.23406,0.25098,0.75294,0.00000,0.00000,0.21430,8.01,0.00,0.202,0,0.0
99,99.0,784,886,0.23487,0.25189,0.75568,0.00000,0.00000,0.21430,8.01,0.00,0.202,0,0.0
100,100.0,795,896,0.23547,0.25258,0.75775,0.00000,0.00000,0.21430,8.01,0.00,0.202,0,0.0
101,101.0,811,910,0.23631,0.25353,0.76058,0.00000,0.00000,0.21430,8.01,0.00,0.202,0,0.0
102,102.0,823,923,0.23706,0.25439,0.76316,0.00000,0.00000,0.21430,8.01,0.00,0.202,0,0.0
103,103.0,840,940,0.23803,0.25548,0.76644,0.00000,0.00000,0.21430,8.01,0.00,0.202,0,0.0
104,104.0,848,949,0.23853,0.25605,0.76814,0.00000,0.00000,0.21430,8.01,0.00,0.202,0,0.0
105,105.0,864,966,0.23946,0.25710,0.77129,0.00000,0.00000,0.21430,8.01,0.00,0.202,0,0.0
106,106.0,871,980,0.24020,0.25794,0.77382,0.00000,0.00000,0.21430,8.01,0.00,0.201,0,0.0
107,107.0,885,998,0.24113,0.25900,0.77699,0.00000,0.00000,0.21430,8.01,0.00,0.201,0,0.0
108,108.0,903,1015,0.24199,0.25997,0.77990,0.00000,0.00000,0.21430,8.01,0.00,0.201,0,0.0
109,109.0,911,1028,0.24263,0.26069,0.78208,0.00000,0.00000,0.21430,8.01,0.00,0.201,0,0.0
110,110.0,923,1043,0.24335,0.26151,0.78453,0.00000,0.00000,0.21430,8.01,0.00,0.201,0,0.0
111,111.0,932,1053,0.24382,0.26205,0.78614,0.00000,0.00000,0.21430,8.01,0.00,0.201,0,0.0
112,112.0,941,1067,0.24448,0.26279,0.78836,0.00000,0.00000,0.21430,8.01,0.00,0.201,0,0.0
113,113.0,957,1087,0.24562,0.26409,0.79144,0.00082,0.00000,0.21430,8.01,0.00,0.201,0,0.0
114,114.0,966,1100,0.24620,0.26474,0.79339,0.00082,0.00000,0.21430,8.01,0.00,0.201,0,0.0
115,115.0,972,1110,0.24663,0.26523,0.79487,0.00082,0.00000,0.21430,8.01,0.00,0.201,0,0.0
116,116.0,975,1119,0.24726,0.26594,0.79619,0.00164,0.00000,0.21430,8.01,0.00,0.200,0,0.0
117,117.0,994,1141,0.24843,0.26726,0.79933,0.00247,0.00000,0.21430,8.01,0.00,0.200,0,0.0
118,118.0,1008,1157,0.24932,0.26828,0.80155,0.00329,0.00000,0.21430,8.01,0.00,0.200,0,0.0
119,119.0,1021,1174,0.25000,0.26905,0.80386,0.00329,0.00000,0.21430,8.01,0.00,0.200,0,0.0
120,120.0,1030,1188,0.25055,0.26967,0.80572,0.00329,0.00000,0.21430,8.01,0.00,0.200,0,0.0
121,121.0,1040,1200,0.25101,0.27019,0.80729,0.00329,0.00000,0.21430,8.01,0.00,0.200,0,0.0
122,122.0,1051,1215,0.25158,0.27084,0.80922,0.00329,0.00000,0.21430,8.01,0.00,0.200,0,0.0
123,123.0,1061,1229,0.25210,0.27142,0.81098,0.00329,0.00000,0.21430,8.01,0.00,0.200,0,0.0
124,124.0,1068,1240,0.25250,0.27188,0.81234,0.00329,0.00000,0.21430,8.01,0.00,0.200,0,0.0
125,125.0,1079,1254,0.25300,0.27245,0.81405,0.00329,0.00000,0.21430,8.01,0.00,0.200,0,0.0
126,126.0,1082,1263,0.25332,0.27281,0.81513,0.00329,0.00000,0.21430,8.01,0.00,0.199,0,0.0
127,127.0,1080,1270,0.25356,0.27308,0.81596,0.00329,0.00000,0.21430,8.01,0.00,0.199,0,0.0
128,128.0,1080,1275,0.25373,0.27328,0.81655,0.00329,0.00000,0.21430,8.01,0.00,0.199,0,0.0
129,129.0,1085,1281,0.25394,0.27351,0.81725,0.00329,0.00000,0.21430,8.01,0.00,0.199,0,0.0
130,130.0,1095,1295,0.25466,0.27433,0.81887,0.00411,0.00000,0.21430,8.01,0.00,0.199,0,0.0
131,131.0,1094,1300,0.25483,0.27452,0.81944,0.00411,0.00000,0.21430,8.01,0.00,0.199,0,0.0
132,132.0,1103,1310,0.25516,0.27489,0.82057,0.00411,0.00000,0.21430,8.01,0.00,0.199,0,0.0
133,133.0,1113,1321,0.25552,0.27530,0.82180,0.00411,0.00000,0.21430,8.01,0.00,0.199,0,0.0
134,134.0,1119,1332,0.25588,0.27571,0.82301,0.00411,0.00000,0.21430,8.01,0.00,0.199,0,0.0
135,135.0,1128,1342,0.25620,0.27607,0.82410,0.00411,0.00000,0.21430,8.01,0.00,0.198,0,0.0
136,136.0,1129,1349,0.25642,0.27632,0.82485,0.00411,0.00000,0.21430,8.01,0.00,0.198,0,0.0
137,137.0,1135,1359,0.25673,0.27667,0.82591,0.00411,0.00000,0.21430,8.01,0.00,0.198,0,0.0
138,138.0,1144,1370,0.25707,0.27706,0.82707,0.00411,0.00000,0.21430,8.01,0.00,0.198,0,0.0
139,139.0,1148,1377,0.25728,0.27730,0.82780,0.00411,0.00000,0.21430,8.01,0.00,0.198,0,0.0
140,140.0,1157,1391,0.25771,0.27778,0.82923,0.00411,0.00000,0.21430,8.01,0.00,0.198,0,0.0
141,141.0,1162,1398,0.25792,0.27802,0.82994,0.00411,0.00000,0.21430,8.01,0.00,0.198,0,0.0
142,142.0,1168,1405,0.25812,0.27825,0.83065,0.00411,0.00000,0.21430,8.01,0.00,0.198,0,0.0
143,143.0,1171,1411,0.25854,0.27873,0.83125,0.00493,0.00000,0.21430,8.01,0.00,0.198,0,0.0
144,144.0,1174,1421,0.25907,0.27933,0.83224,0.00575,0.00000,0.21430,8.01,0.00,0.198,0,0.0
145,145.0,1185,1433,0.25942,0.27972,0.83341,0.00575,0.00000,0.21430,8.01,0.00,0.198,0,0.0
146,146.0,1192,1441,0.25964,0.27998,0.83418,0.00575,0.00000,0.21430,8.01,0.00,0.197,0,0.0
147,147.0,1198,1448,0.26008,0.28047,0.83485,0.00658,0.00000,0.21430,8.01,0.00,0.197,0,0.0
148,148.0,1200,1456,0.26055,0.28100,0.83561,0.00740,0.00000,0.21430,8.01,0.00,0.197,0,0.0
149,149.0,1200,1462,0.26071,0.28119,0.83617,0.00740,0.00000,0.21430,8.01,0.00,0.197,0,0.0
150,150.0,1198,1465,0.26104,0.28156,0.83645,0.00822,0.00000,0.21430,8.01,0.00,0.197,0,0.0
151,151.0,1203,1474,0.26153,0.28211,0.83729,0.00904,0.00000,0.21430,8.01,0.00,0.197,0,0.0
152,152.0,1209,1484,0.26180,0.28242,0.83820,0.00904,0.00000,0.21430,8.01,0.00,0.197,0,0.0
153,153.0,1212,1490,0.26196,0.28260,0.83875,0.00904,0.00000,0.21430,8.01,0.00,0.197,0,0.0
154,154.0,1222,1503,0.26254,0.28326,0.83992,0.00987,0.00000,0.21430,8.01,0.00,0.197,0,0.0
155,155.0,1228,1514,0.26283,0.28359,0.84090,0.00987,0.00000,0.21430,8.01,0.00,0.197,0,0.0
156,156.0,1234,1526,0.26314,0.28394,0.84195,0.00987,0.00000,0.21430,8.01,0.00,0.197,0,0.0
157,157.0,1239,1536,0.26340,0.28423,0.84282,0.00987,0.00000,0.21430,8.01,0.00,0.196,0,0.0
158,158.0,1245,1547,0.26367,0.28454,0.84376,0.00987,0.00000,0.21430,8.01,0.00,0.196,0,0.0
159,159.0,1251,1559,0.26397,0.28488,0.84478,0.00987,0.00000,0.21430,8.01,0.00,0.196,0,0.0
160,160.0,1258,1571,0.26475,0.28576,0.84578,0.01151,0.00000,0.21430,8.01,0.00,0.196,0,0.0
161,161.0,1266,1584,0.26507,0.28612,0.84686,0.01151,0.00000,0.21430,8.01,0.00,0.196,0,0.0
162,162.0,1272,1596,0.26535,0.28645,0.84783,0.01151,0.00000,0.21430,8.01,0.00,0.196,0,0.0
163,163.0,1277,1606,0.26559,0.28671,0.84864,0.01151,0.00000,0.21430,8.01,0.00,0.196,0,0.0
164,164.0,1287,1619,0.26614,0.28733,0.84967,0.01233,0.00000,0.21430,8.01,0.00,0.196,0,0.0
165,165.0,1295,1632,0.26643,0.28767,0.85069,0.01233,0.00000,0.21430,8.01,0.00,0.196,0,0.0
166,166.0,1302,1646,0.26699,0.28831,0.85177,0.01315,0.00000,0.21430,8.01,0.00,0.195,0,0.0
167,167.0,1306,1655,0.26720,0.28854,0.85246,0.01315,0.00000,0.21430,8.01,0.00,0.195,0,0.0
168,168.0,1313,1671,0.26828,0.28976,0.85366,0.01562,0.00000,0.21430,8.01,0.00,0.195,0,0.0
169,169.0,1317,1679,0.26845,0.28996,0.85426,0.01562,0.00000,0.21430,8.01,0.00,0.195,0,0.0
170,170.0,1329,1696,0.26882,0.29038,0.85551,0.01562,0.00000,0.21430,8.01,0.00,0.195,0,0.0
171,171.0,1340,1712,0.26964,0.29131,0.85666,0.01726,0.00000,0.21430,8.01,0.00,0.195,0,0.0
172,172.0,1351,1730,0.27026,0.29201,0.85794,0.01809,0.00000,0.21430,8.01,0.00,0.195,0,0.0
173,173.0,1356,1742,0.27075,0.29256,0.85878,0.01891,0.00000,0.21430,8.01,0.00,0.195,0,0.0
174,174.0,1368,1758,0.27132,0.29321,0.85989,0.01973,0.00000,0.21430,8.01,0.00,0.194,0,0.0
175,175.0,1377,1774,0.27212,0.29412,0.86098,0.02137,0.00000,0.21430,8.01,0.00,0.194,0,0.0
176,176.0,1384,1787,0.27262,0.29468,0.86185,0.02220,0.00001,0.21430,8.01,0.00,0.194,0,0.0
177,177.0,1393,1804,0.27368,0.29588,0.86297,0.02466,0.00001,0.21430,8.01,0.00,0.194,0,0.0
178,178.0,1399,1814,0.27435,0.29665,0.86362,0.02631,0.00001,0.21430,8.01,0.00,0.194,0,0.0
179,179.0,1408,1825,0.27505,0.29743,0.86433,0.02795,0.00001,0.21430,8.01,0.00,0.194,0,0.0
180,180.0,1417,1841,0.27559,0.29805,0.86536,0.02877,0.00001,0.21430,8.01,0.00,0.194,0,0.0
181,181.0,1425,1856,0.27587,0.29836,0.86630,0.02877,0.00001,0.21430,8.01,0.00,0.194,0,0.0
182,182.0,1434,1872,0.27664,0.29924,0.86729,0.03042,0.00001,0.21430,8.01,0.00,0.193,0,0.0
183,183.0,1442,1888,0.27717,0.29984,0.86827,0.03124,0.00002,0.21430,8.01,0.00,0.193,0,0.0
184,184.0,1442,1895,0.27730,0.29998,0.86869,0.03124,0.00002,0.21430,8.01,0.00,0.193,0,0.0
185,185.0,1453,1908,0.27777,0.30052,0.86947,0.03206,0.00002,0.21430,8.01,0.00,0.193,0,0.0
186,186.0,1458,1918,0.27818,0.30099,0.87006,0.03288,0.00003,0.21430,8.01,0.00,0.193,0,0.0
187,187.0,1461,1924,0.27829,0.30111,0.87041,0.03288,0.00003,0.21430,8.01,0.00,0.193,0,0.0
188,188.0,1469,1937,0.27900,0.30191,0.87117,0.03453,0.00003,0.21430,8.01,0.00,0.193,0,0.0
189,189.0,1475,1947,0.27941,0.30238,0.87175,0.03535,0.00004,0.21430,8.01,0.00,0.193,0,0.0
190,190.0,1480,1956,0.27980,0.30282,0.87226,0.03617,0.00004,0.21430,8.01,0.00,0.192,0,0.0
191,191.0,1490,1970,0.28076,0.30391,0.87305,0.03864,0.00004,0.21430,8.01,0.00,0.192,0,0.0
192,192.0,1497,1981,0.28167,0.30494,0.87367,0.04110,0.00005,0.21430,8.01,0.00,0.192,0,0.0
193,193.0,1508,1996,0.28192,0.30522,0.87450,0.04110,0.00005,0.21430,8.01,0.00,0.192,0,0.0
194,194.0,1519,2011,0.28240,0.30577,0.87532,0.04193,0.00006,0.21430,8.01,0.00,0.192,0,0.0
195,195.0,1536,2029,0.28341,0.30691,0.87629,0.04439,0.00006,0.21430,8.01,0.00,0.192,0,0.0
196,196.0,1551,2046,0.28465,0.30831,0.87719,0.04768,0.00007,0.21430,8.01,0.00,0.192,0,0.0
197,197.0,1555,2054,0.28598,0.30982,0.87761,0.05179,0.00007,0.21430,8.01,0.00,0.192,0,0.0
198,198.0,1569,2073,0.28758,0.31163,0.87859,0.05623,0.00008,0.21430,8.01,0.00,0.192,0,0.0
199,199.0,1576,2082,0.28796,0.31207,0.87906,0.05705,0.00009,0.21430,8.01,0.00,0.191,0,0.0
200,200.0,1585,2093,0.28861,0.31280,0.87962,0.05870,0.00009,0.21430,8.01,0.00,0.191,0,0.0
201,201.0,1588,2100,0.28920,0.31347,0.87997,0.06034,0.00010,0.21430,8.01,0.00,0.191,0,0.0
202,202.0,1600,2114,0.28940,0.31371,0.88067,0.06034,0.00011,0.21430,8.01,0.00,0.191,0,0.0
203,203.0,1608,2125,0.28957,0.31389,0.88121,0.06034,0.00012,0.21430,8.01,0.00,0.191,0,0.0
204,204.0,1616,2136,0.29021,0.31462,0.88175,0.06199,0.00012,0.21430,8.01,0.00,0.191,0,0.0
205,205.0,1632,2153,0.29094,0.31545,0.88258,0.06363,0.00013,0.21430,8.01,0.00,0.191,0,0.0
206,206.0,1638,2159,0.29127,0.31582,0.88286,0.06445,0.00014,0.21430,8.01,0.00,0.191,0,0.0
207,207.0,1652,2173,0.29171,0.31632,0.88353,0.06527,0.00015,0.21430,8.01,0.00,0.191,0,0.0
208,208.0,1665,2189,0.29193,0.31657,0.88428,0.06527,0.00016,0.21430,8.01,0.00,0.191,0,0.0
209,209.0,1680,2205,0.29215,0.31682,0.88503,0.06527,0.00017,0.21430,8.01,0.00,0.191,0,0.0
210,210.0,1689,2215,0.29278,0.31753,0.88549,0.06692,0.00017,0.21430,8.01,0.00,0.190,0,0.0
211,211.0,1699,2227,0.29294,0.31771,0.88603,0.06692,0.00018,0.21430,8.01,0.00,0.190,0,0.0
212,212.0,1713,2241,0.29337,0.31820,0.88666,0.06774,0.00019,0.21430,8.01,0.00,0.190,0,0.0
213,213.0,1728,2258,0.29359,0.31845,0.88742,0.06774,0.00020,0.21430,8.01,0.00,0.190,0,0.0
214,214.0,1735,2267,0.29420,0.31914,0.88782,0.06938,0.00021,0.21430,8.01,0.00,0.190,0,0.0
215,215.0,1743,2276,0.29456,0.31955,0.88821,0.07021,0.00022,0.21430,8.01,0.00,0.190,0,0.0
216,216.0,1759,2295,0.29553,0.32065,0.88904,0.07267,0.00023,0.21430,8.01,0.00,0.190,0,0.0
217,217.0,1766,2304,0.29589,0.32105,0.88942,0.07349,0.00024,0.21430,8.01,0.00,0.190,0,0.0
218,218.0,1772,2311,0.29598,0.32115,0.88972,0.07349,0.00025,0.21430,8.01,0.00,0.190,0,0.0
219,219.0,1778,2319,0.29632,0.32154,0.89006,0.07432,0.00026,0.21430,8.01,0.00,0.190,0,0.0
220,220.0,1793,2332,0.29673,0.32200,0.89060,0.07514,0.00027,0.21430,8.01,0.00,0.190,0,0.0
221,221.0,1798,2340,0.29707,0.32239,0.89094,0.07596,0.00028,0.21430,8.01,0.00,0.190,0,0.0
222,222.0,1810,2352,0.29722,0.32256,0.89143,0.07596,0.00029,0.21430,8.01,0.00,0.190,0,0.0
223,223.0,1812,2356,0.29727,0.32262,0.89160,0.07596,0.00030,0.21430,8.01,0.00,0.189,0,0.0
224,224.0,1822,2367,0.29789,0.32332,0.89205,0.07760,0.00031,0.21430,8.01,0.00,0.189,0,0.0
225,225.0,1834,2379,0.29803,0.32348,0.89253,0.07760,0.00032,0.21430,8.01,0.00,0.189,0,0.0
226,226.0,1839,2384,0.29834,0.32383,0.89273,0.07843,0.00033,0.21430,8.01,0.00,0.189,0,0.0
227,227.0,1856,2402,0.29904,0.32462,0.89345,0.08007,0.00034,0.21430,8.01,0.00,0.189,0,0.0
228,228.0,1861,2410,0.29913,0.32473,0.89377,0.08007,0.00035,0.21430,8.01,0.00,0.189,0,0.0
229,229.0,1868,2419,0.29924,0.32485,0.89412,0.08007,0.00036,0.21430,8.01,0.00,0.189,0,0.0
230,230.0,1874,2428,0.29959,0.32525,0.89447,0.08089,0.00037,0.21430,8.01,0.00,0.189,0,0.0
231,231.0,1879,2434,0.29966,0.32533,0.89470,0.08089,0.00038,0.21430,8.01,0.00,0.189,0,0.0
232,232.0,1890,2445,0.29979,0.32547,0.89513,0.08089,0.00039,0.21430,8.01,0.00,0.189,0,0.0
233,233.0,1895,2453,0.29988,0.32558,0.89544,0.08089,0.00040,0.21430,8.01,0.00,0.189,0,0.0
234,234.0,1905,2464,0.30025,0.32599,0.89585,0.08172,0.00042,0.21430,8.01,0.00,0.189,0,0.0
235,235.0,1915,2475,0.30062,0.32641,0.89627,0.08254,0.00043,0.21430,8.01,0.00,0.189,0,0.0
236,236.0,1923,2483,0.30095,0.32679,0.89657,0.08336,0.00044,0.21430,8.01,0.00,0.189,0,0.0
237,237.0,1932,2493,0.30106,0.32692,0.89694,0.08336,0.00045,0.21430,8.01,0.00,0.189,0,0.0
238,238.0,1940,2502,0.30140,0.32731,0.89727,0.08418,0.00046,0.21430,8.01,0.00,0.188,0,0.0
239,239.0,1948,2511,0.30175,0.32769,0.89760,0.08500,0.00048,0.21430,8.01,0.00,0.188,0,0.0
240,240.0,1960,2523,0.30212,0.32812,0.89804,0.08583,0.00049,0.21430,8.01,0.00,0.188,0,0.0
241,241.0,1967,2533,0.30223,0.32824,0.89840,0.08583,0.00050,0.21430,8.01,0.00,0.188,0,0.0
242,242.0,1978,2546,0.30237,0.32840,0.89887,0.08583,0.00051,0.21430,8.01,0.00,0.188,0,0.0
243,243.0,1985,2552,0.30244,0.32848,0.89908,0.08583,0.00053,0.21430,8.01,0.00,0.188,0,0.0
244,244.0,1993,2561,0.30254,0.32859,0.89940,0.08583,0.00054,0.21430,8.01,0.00,0.188,0,0.0
245,245.0,2006,2575,0.30269,0.32876,0.89989,0.08583,0.00055,0.21430,8.01,0.00,0.188,0,0.0
246,246.0,2014,2582,0.30276,0.32884,0.90014,0.08583,0.00057,0.21430,8.01,0.00,0.188,0,0.0
247,247.0,2022,2590,0.30309,0.32921,0.90042,0.08665,0.00058,0.21430,8.01,0.00,0.188,0,0.0
248,248.0,2036,2603,0.30322,0.32937,0.90086,0.08665,0.00059,0.21430,8.01,0.00,0.188,0,0.0
249,249.0,2042,2609,0.30329,0.32944,0.90107,0.08665,0.00061,0.21430,8.01,0.00,0.188,0,0.0
250,250.0,2051,2620,0.30340,0.32957,0.90144,0.08665,0.00062,0.21430,8.01,0.00,0.188,0,0.0
251,251.0,2060,2631,0.30376,0.32997,0.90181,0.08747,0.00063,0.21430,8.01,0.00,0.188,0,0.0
252,252.0,2065,2638,0.30383,0.33006,0.90205,0.08747,0.00065,0.21430,8.01,0.00,0.188,0,0.0
253,253.0,2074,2649,0.30428,0.33057,0.90242,0.08862,0.00066,0.21430,8.01,0.00,0.187,0,0.0
254,254.0,2089,2664,0.30443,0.33074,0.90291,0.08862,0.00068,0.21430,8.01,0.00,0.187,0,0.0
255,255.0,2094,2672,0.30451,0.33083,0.90318,0.08862,0.00069,0.21430,8.01,0.00,0.187,0,0.0
256,256.0,2106,2685,0.30464,0.33098,0.90360,0.08862,0.00071,0.21430,8.01,0.00,0.187,0,0.0
257,257.0,2114,2696,0.30475,0.33110,0.90395,0.08862,0.00072,0.21430,8.01,0.00,0.187,0,0.0
258,258.0,2126,2708,0.30487,0.33123,0.90434,0.08862,0.00074,0.21430,8.01,0.00,0.187,0,0.0
259,259.0,2133,2717,0.30496,0.33133,0.90463,0.08862,0.00075,0.21430,8.01,0.00,0.187,0,0.0
260,260.0,2142,2727,0.30506,0.33144,0.90494,0.08862,0.00077,0.21430,8.01,0.00,0.187,0,0.0
261,261.0,2152,2737,0.30540,0.33183,0.90526,0.08944,0.00079,0.21430,8.01,0.00,0.187,0,0.0
262,262.0,2170,2756,0.30582,0.33231,0.90585,0.09026,0.00080,0.21430,8.01,0.00,0.187,0,0.0
263,263.0,2175,2765,0.30590,0.33240,0.90613,0.09026,0.00082,0.21430,8.01,0.00,0.187,0,0.0
264,264.0,2186,2776,0.30601,0.33252,0.90646,0.09026,0.00083,0.21430,8.01,0.00,0.187,0,0.0
265,265.0,2188,2780,0.30605,0.33257,0.90659,0.09026,0.00085,0.21430,8.01,0.00,0.187,0,0.0
266,266.0,2201,2796,0.30668,0.33328,0.90707,0.09191,0.00087,0.21430,8.01,0.00,0.187,0,0.0
267,267.0,2208,2803,0.30674,0.33336,0.90728,0.09191,0.00088,0.21430,8.01,0.00,0.187,0,0.0
268,268.0,2214,2812,0.30707,0.33373,0.90755,0.09273,0.00090,0.21430,8.01,0.00,0.187,0,0.0
269,269.0,2226,2823,0.30717,0.33384,0.90788,0.09273,0.00091,0.21430,8.01,0.00,0.187,0,0.0
270,270.0,2243,2842,0.30782,0.33458,0.90844,0.09438,0.00093,0.21430,8.01,0.00,0.186,0,0.0
271,271.0,2260,2858,0.30845,0.33529,0.90890,0.09602,0.00095,0.21430,8.01,0.00,0.186,0,0.0
272,272.0,2275,2874,0.30883,0.33572,0.90936,0.09684,0.00096,0.21430,8.01,0.00,0.186,0,0.0
273,273.0,2280,2884,0.30892,0.33582,0.90965,0.09684,0.00098,0.21430,8.01,0.00,0.186,0,0.0
274,274.0,2286,2890,0.30922,0.33616,0.90982,0.09766,0.00100,0.21430,8.01,0.00,0.186,0,0.0
275,275.0,2291,2896,0.30927,0.33622,0.90999,0.09766,0.00101,0.21430,8.01,0.00,0.186,0,0.0
276,276.0,2296,2906,0.30936,0.33632,0.91027,0.09766,0.00103,0.21430,8.01,0.00,0.186,0,0.0
277,277.0,2310,2921,0.30949,0.33647,0.91069,0.09766,0.00105,0.21430,8.01,0.00,0.186,0,0.0
278,278.0,2317,2929,0.30980,0.33682,0.91091,0.09849,0.00106,0.21430,8.01,0.00,0.186,0,0.0
279,279.0,2319,2935,0.30985,0.33688,0.91108,0.09849,0.00108,0.21430,8.01,0.00,0.186,0,0.0
280,280.0,2330,2946,0.30995,0.33699,0.91138,0.09849,0.00110,0.21430,8.01,0.00,0.186,0,0.0
281,281.0,2338,2957,0.31004,0.33709,0.91168,0.09849,0.00111,0.21430,8.01,0.00,0.186,0,0.0
282,282.0,2347,2968,0.31013,0.33720,0.91198,0.09849,0.00113,0.21430,8.01,0.00,0.186,0,0.0
283,283.0,2354,2978,0.31046,0.33757,0.91225,0.09931,0.00115,0.21430,8.01,0.00,0.186,0,0.0
284,284.0,2362,2988,0.31054,0.33766,0.91252,0.09931,0.00116,0.21430,8.01,0.00,0.186,0,0.0
285,285.0,2372,2999,0.31064,0.33777,0.91281,0.09931,0.00118,0.21430,8.01,0.00,0.186,0,0.0
286,286.0,2380,3009,0.31072,0.33786,0.91308,0.09931,0.00120,0.21430,8.01,0.00,0.186,0,0.0
287,287.0,2392,3021,0.31106,0.33825,0.91339,0.10013,0.00121,0.21430,8.01,0.00,0.185,0,0.0
288,288.0,2397,3028,0.31112,0.33831,0.91358,0.10013,0.00123,0.21430,8.01,0.00,0.185,0,0.0
289,289.0,2406,3037,0.31119,0.33840,0.91381,0.10013,0.00125,0.21430,8.01,0.00,0.185,0,0.0
290,290.0,2415,3047,0.31151,0.33876,0.91407,0.10095,0.00126,0.21430,8.01,0.00,0.185,0,0.0
291,291.0,2424,3058,0.31160,0.33886,0.91435,0.10095,0.00128,0.21430,8.01,0.00,0.185,0,0.0
292,292.0,2433,3067,0.31167,0.33894,0.91458,0.10095,0.00130,0.21430,8.01,0.00,0.185,0,0.0
293,293.0,2438,3073,0.31172,0.33900,0.91473,0.10095,0.00131,0.21430,8.01,0.00,0.185,0,0.0
294,294.0,2445,3081,0.31237,0.33973,0.91494,0.10292,0.00133,0.21430,8.01,0.00,0.185,0,0.0
295,295.0,2452,3088,0.31242,0.33979,0.91511,0.10292,0.00135,0.21430,8.01,0.00,0.185,0,0.0
296,296.0,2459,3099,0.31251,0.33989,0.91539,0.10292,0.00136,0.21430,8.01,0.00,0.185,0,0.0
297,297.0,2463,3108,0.31307,0.34052,0.91561,0.10457,0.00138,0.21430,8.01,0.00,0.185,0,0.0
298,298.0,2468,3113,0.31311,0.34057,0.91574,0.10457,0.00140,0.21430,8.01,0.00,0.185,0,0.0
299,299.0,2472,3119,0.31316,0.34062,0.91588,0.10457,0.00142,0.21430,8.01,0.00,0.185,0,0.0
300,300.0,2478,3125,0.31320,0.34068,0.91603,0.10457,0.00143,0.21430,8.01,0.00,0.185,0,0.0
301,301.0,2488,3137,0.31330,0.34078,0.91633,0.10457,0.00145,0.21430,8.01,0.00,0.185,0,0.0
302,302.0,2494,3145,0.31336,0.34085,0.91652,0.10457,0.00147,0.21430,8.01,0.00,0.185,0,0.0
303,303.0,2501,3156,0.31344,0.34095,0.91679,0.10457,0.00148,0.21430,8.01,0.00,0.185,0,0.0
304,304.0,2505,3163,0.31350,0.34101,0.91696,0.10457,0.00150,0.21430,8.01,0.00,0.185,0,0.0
305,305.0,2513,3172,0.31356,0.34109,0.91717,0.10457,0.00152,0.21430,8.01,0.00,0.185,0,0.0
306,306.0,2518,3179,0.31362,0.34115,0.91734,0.10457,0.00154,0.21430,8.01,0.00,0.185,0,0.0
307,307.0,2520,3184,0.31366,0.34119,0.91746,0.10457,0.00155,0.21430,8.01,0.00,0.184,0,0.0
308,308.0,2521,3189,0.31370,0.34124,0.91758,0.10457,0.00157,0.21430,8.01,0.00,0.184,0,0.0
309,309.0,2527,3196,0.31375,0.34130,0.91774,0.10457,0.00159,0.21430,8.01,0.00,0.184,0,0.0
310,310.0,2529,3200,0.31379,0.34134,0.91784,0.10457,0.00160,0.21430,8.01,0.00,0.184,0,0.0
311,311.0,2535,3207,0.31384,0.34140,0.91800,0.10457,0.00162,0.21430,8.01,0.00,0.184,0,0.0
312,312.0,2539,3218,0.31392,0.34149,0.91826,0.10457,0.00164,0.21430,8.01,0.00,0.184,0,0.0
313,313.0,2545,3227,0.31399,0.34156,0.91847,0.10457,0.00165,0.21430,8.01,0.00,0.184,0,0.0
314,314.0,2546,3233,0.31427,0.34189,0.91861,0.10539,0.00167,0.21430,8.01,0.00,0.184,0,0.0
315,315.0,2552,3242,0.31550,0.34328,0.91882,0.10934,0.00169,0.21430,8.01,0.00,0.184,0,0.0
316,316.0,2554,3246,0.31553,0.34332,0.91891,0.10934,0.00171,0.21430,8.01,0.00,0.184,0,0.0
317,317.0,2560,3256,0.31640,0.34430,0.91914,0.11205,0.00172,0.21430,8.01,0.00,0.184,0,0.0
318,318.0,2566,3263,0.31646,0.34436,0.91930,0.11205,0.00174,0.21430,8.01,0.00,0.184,0,0.0
319,319.0,2573,3273,0.31653,0.34444,0.91952,0.11205,0.00176,0.21430,8.01,0.00,0.184,0,0.0
320,320.0,2573,3278,0.31681,0.34476,0.91964,0.11287,0.00178,0.21430,8.01,0.00,0.184,0,0.0
321,321.0,2576,3285,0.31686,0.34482,0.91979,0.11287,0.00179,0.21430,8.01,0.00,0.184,0,0.0
322,322.0,2583,3297,0.31718,0.34519,0.92006,0.11369,0.00181,0.21430,8.01,0.00,0.184,0,0.0
323,323.0,2587,3303,0.31723,0.34524,0.92020,0.11369,0.00183,0.21430,8.01,0.00,0.184,0,0.0
324,324.0,2589,3309,0.31727,0.34529,0.92033,0.11369,0.00185,0.21430,8.01,0.00,0.183,0,0.0
325,325.0,2587,3311,0.31729,0.34531,0.92037,0.11369,0.00186,0.21430,8.01,0.00,0.183,0,0.0
326,326.0,2589,3320,0.31830,0.34645,0.92057,0.11690,0.00188,0.21430,8.01,0.00,0.183,0,0.0
327,327.0,2595,3330,0.31837,0.34653,0.92079,0.11690,0.00190,0.21430,8.01,0.00,0.183,0,0.0
328,328.0,2598,3337,0.31842,0.34659,0.92095,0.11690,0.00192,0.21430,8.01,0.00,0.183,0,0.0
329,329.0,2606,3349,0.31850,0.34668,0.92121,0.11690,0.00193,0.21430,8.01,0.00,0.183,0,0.0
330,330.0,2610,3357,0.31856,0.34674,0.92138,0.11690,0.00195,0.21430,8.01,0.00,0.183,0,0.0
331,331.0,2624,3371,0.31865,0.34685,0.92168,0.11690,0.00197,0.21430,8.01,0.00,0.183,0,0.0
332,332.0,2625,3378,0.31894,0.34718,0.92183,0.11772,0.00199,0.21430,8.01,0.00,0.183,0,0.0
333,333.0,2628,3387,0.31900,0.34725,0.92202,0.11772,0.00201,0.21430,8.01,0.00,0.183,0,0.0
334,334.0,2634,3398,0.31908,0.34733,0.92225,0.11772,0.00202,0.21430,8.01,0.00,0.183,0,0.0
335,335.0,2646,3411,0.31940,0.34770,0.92253,0.11854,0.00204,0.21430,8.01,0.00,0.183,0,0.0
336,336.0,2651,3421,0.31995,0.34833,0.92274,0.12019,0.00206,0.21430,8.01,0.00,0.183,0,0.0
337,337.0,2658,3430,0.32105,0.34957,0.92292,0.12372,0.00208,0.21430,8.01,0.00,0.183,0,0.0
338,338.0,2659,3437,0.32110,0.34963,0.92307,0.12372,0.00209,0.21430,8.01,0.00,0.182,0,0.0
339,339.0,2668,3448,0.32117,0.34971,0.92330,0.12372,0.00211,0.21430,8.01,0.00,0.182,0,0.0
340,340.0,2672,3458,0.32124,0.34978,0.92350,0.12372,0.00213,0.21430,8.01,0.00,0.182,0,0.0
341,341.0,2676,3464,0.32152,0.35011,0.92362,0.12455,0.00215,0.21430,8.01,0.00,0.182,0,0.0
342,342.0,2683,3473,0.32158,0.35017,0.92381,0.12455,0.00217,0.21430,8.01,0.00,0.182,0,0.0
343,343.0,2694,3486,0.32215,0.35081,0.92407,0.12619,0.00218,0.21430,8.01,0.00,0.182,0,0.0
344,344.0,2694,3492,0.32243,0.35113,0.92419,0.12701,0.00220,0.21430,8.01,0.00,0.182,0,0.0
345,345.0,2701,3505,0.32251,0.35123,0.92445,0.12701,0.00222,0.21430,8.01,0.00,0.182,0,0.0
346,346.0,2701,3513,0.32256,0.35129,0.92461,0.12701,0.00224,0.21430,8.01,0.00,0.182,0,0.0
347,347.0,2707,3521,0.32262,0.35135,0.92477,0.12701,0.00226,0.21430,8.01,0.00,0.182,0,0.0
348,348.0,2718,3533,0.32293,0.35170,0.92500,0.12783,0.00228,0.21430,8.01,0.00,0.182,0,0.0
349,349.0,2723,3542,0.32299,0.35177,0.92518,0.12783,0.00230,0.21430,8.01,0.00,0.182,0,0.0
350,350.0,2727,3550,0.32328,0.35210,0.92533,0.12866,0.00231,0.21430,8.01,0.00,0.182,0,0.0
351,351.0,2730,3553,0.32401,0.35292,0.92539,0.13104,0.00233,0.21430,8.01,0.00,0.182,0,0.0
352,352.0,2738,3562,0.32406,0.35299,0.92557,0.13104,0.00235,0.21430,8.01,0.00,0.182,0,0.0
353,353.0,2746,3573,0.32437,0.35334,0.92578,0.13186,0.00237,0.21430,8.01,0.00,0.181,0,0.0
354,354.0,2749,3581,0.32442,0.35339,0.92593,0.13186,0.00239,0.21430,8.01,0.00,0.181,0,0.0
355,355.0,2752,3586,0.32494,0.35398,0.92603,0.13351,0.00241,0.21430,8.01,0.00,0.181,0,0.0
356,356.0,2758,3595,0.32524,0.35432,0.92620,0.13433,0.00243,0.21430,8.01,0.00,0.181,0,0.0
357,357.0,2764,3604,0.32600,0.35518,0.92637,0.13671,0.00245,0.21430,8.01,0.00,0.181,0,0.0
358,358.0,2770,3611,0.32604,0.35523,0.92650,0.13671,0.00247,0.21430,8.01,0.00,0.181,0,0.0
359,359.0,2777,3619,0.32633,0.35556,0.92665,0.13753,0.00249,0.21430,8.01,0.00,0.181,0,0.0
360,360.0,2783,3626,0.32638,0.35561,0.92679,0.13753,0.00251,0.21430,8.01,0.00,0.181,0,0.0
361,361.0,2789,3632,0.32666,0.35593,0.92690,0.13836,0.00253,0.21430,8.01,0.00,0.181,0,0.0
362,362.0,2791,3638,0.32694,0.35624,0.92701,0.13918,0.00255,0.21430,8.01,0.00,0.181,0,0.0
363,363.0,2798,3646,0.32699,0.35630,0.92716,0.13918,0.00257,0.21430,8.01,0.00,0.181,0,0.0
364,364.0,2802,3651,0.32702,0.35634,0.92725,0.13918,0.00259,0.21430,8.01,0.00,0.181,0,0.0
365,365.0,2805,3657,0.32706,0.35638,0.92736,0.13918,0.00261,0.21430,8.01,0.00,0.181,0,0.0
366,366.0,2812,3666,0.32711,0.35644,0.92753,0.13918,0.00263,0.21430,8.01,0.00,0.181,0,0.0
367,367.0,2817,3672,0.32715,0.35649,0.92764,0.13918,0.00265,0.21430,8.01,0.00,0.181,0,0.0
368,368.0,2821,3679,0.32720,0.35654,0.92776,0.13918,0.00267,0.21430,8.01,0.00,0.181,0,0.0
369,369.0,2823,3682,0.32722,0.35656,0.92782,0.13918,0.00269,0.21430,8.01,0.00,0.181,0,0.0
370,370.0,2833,3693,0.32752,0.35691,0.92802,0.14000,0.00271,0.21430,8.01,0.00,0.181,0,0.0
371,371.0,2834,3696,0.32755,0.35693,0.92807,0.14000,0.00273,0.21430,8.01,0.00,0.181,0,0.0
372,372.0,2836,3699,0.32757,0.35696,0.92813,0.14000,0.00275,0.21430,8.01,0.00,0.181,0,0.0
373,373.0,2843,3706,0.32785,0.35728,0.92825,0.14082,0.00276,0.21430,8.01,0.00,0.180,0,0.0
374,374.0,2848,3711,0.32789,0.35732,0.92834,0.14082,0.00278,0.21430,8.01,0.00,0.180,0,0.0
375,375.0,2849,3716,0.32792,0.35735,0.92843,0.14082,0.00280,0.21430,8.01,0.00,0.180,0,0.0
376,376.0,2851,3720,0.32794,0.35738,0.92850,0.14082,0.00282,0.21430,8.01,0.00,0.180,0,0.0
377,377.0,2850,3722,0.32796,0.35740,0.92854,0.14082,0.00284,0.21430,8.01,0.00,0.180,0,0.0
378,378.0,2851,3725,0.32798,0.35743,0.92859,0.14082,0.00286,0.21430,8.01,0.00,0.180,0,0.0
379,379.0,2851,3727,0.32800,0.35744,0.92863,0.14082,0.00288,0.21430,8.01,0.00,0.180,0,0.0
380,380.0,2857,3734,0.32804,0.35749,0.92875,0.14082,0.00290,0.21430,8.01,0.00,0.180,0,0.0
381,381.0,2860,3737,0.32806,0.35752,0.92880,0.14082,0.00292,0.21430,8.01,0.00,0.180,0,0.0
382,382.0,2864,3741,0.32809,0.35755,0.92888,0.14082,0.00294,0.21430,8.01,0.00,0.180,0,0.0
383,383.0,2865,3745,0.32812,0.35758,0.92895,0.14082,0.00296,0.21430,8.01,0.00,0.180,0,0.0
384,384.0,2867,3751,0.32815,0.35762,0.92905,0.14082,0.00298,0.21430,8.01,0.00,0.180,0,0.0
385,385.0,2868,3753,0.32817,0.35764,0.92909,0.14082,0.00300,0.21430,8.01,0.00,0.180,0,0.0
386,386.0,2876,3761,0.32846,0.35796,0.92923,0.14165,0.00302,0.21430,8.01,0.00,0.180,0,0.0
387,387.0,2876,3763,0.32847,0.35798,0.92926,0.14165,0.00304,0.21430,8.01,0.00,0.180,0,0.0
388,388.0,2883,3770,0.32876,0.35830,0.92938,0.14247,0.00306,0.21430,8.01,0.00,0.180,0,0.0
389,389.0,2883,3772,0.32877,0.35832,0.92942,0.14247,0.00308,0.21430,8.01,0.00,0.180,0,0.0
390,390.0,2884,3774,0.32903,0.35862,0.92945,0.14329,0.00310,0.21430,8.01,0.00,0.180,0,0.0
391,391.0,2885,3776,0.32905,0.35863,0.92949,0.14329,0.00313,0.21430,8.01,0.00,0.180,0,0.0
392,392.0,2890,3784,0.32934,0.35896,0.92963,0.14411,0.00315,0.21430,8.01,0.00,0.180,0,0.0
393,393.0,2892,3788,0.32961,0.35927,0.92970,0.14493,0.00317,0.21430,8.01,0.00,0.180,0,0.0
394,394.0,2896,3794,0.33013,0.35986,0.92980,0.14658,0.00319,0.21430,8.01,0.00,0.180,0,0.0
395,395.0,2901,3800,0.33040,0.36017,0.92990,0.14740,0.00321,0.21430,8.01,0.00,0.180,0,0.0
396,396.0,2898,3801,0.33042,0.36018,0.92992,0.14740,0.00323,0.21430,8.01,0.00,0.180,0,0.0
397,397.0,2903,3807,0.33045,0.36023,0.93002,0.14740,0.00326,0.21430,8.01,0.00,0.180,0,0.0
398,398.0,2903,3809,0.33047,0.36025,0.93006,0.14740,0.00328,0.21430,8.01,0.00,0.180,0,0.0
399,399.0,2901,3813,0.33050,0.36028,0.93012,0.14740,0.00330,0.21430,8.01,0.00,0.180,0,0.0
400,400.0,2903,3816,0.33052,0.36030,0.93018,0.14740,0.00332,0.21430,8.01,0.00,0.180,0,0.0
401,401.0,2905,3820,0.33054,0.36033,0.93024,0.14740,0.00335,0.21430,8.01,0.00,0.179,0,0.0
402,402.0,2904,3824,0.33057,0.36036,0.93031,0.14740,0.00337,0.21430,8.01,0.00,0.179,0,0.0
403,403.0,2905,3828,0.33060,0.36039,0.93038,0.14740,0.00339,0.21430,8.01,0.00,0.179,0,0.0
404,404.0,2897,3830,0.33061,0.36041,0.93041,0.14740,0.00341,0.21430,8.01,0.00,0.179,0,0.0
405,405.0,2894,3836,0.33089,0.36072,0.93051,0.14822,0.00344,0.21430,8.01,0.00,0.179,0,0.0
406,406.0,2893,3838,0.33091,0.36074,0.93055,0.14822,0.00346,0.21430,8.01,0.00,0.179,0,0.0
407,407.0,2889,3841,0.33117,0.36104,0.93060,0.14904,0.00348,0.21430,8.01,0.00,0.179,0,0.0
408,408.0,2880,3841,0.33118,0.36105,0.93060,0.14904,0.00351,0.21430,8.01,0.00,0.179,0,0.0
409,409.0,2878,3844,0.33120,0.36107,0.93065,0.14904,0.00353,0.21430,8.01,0.00,0.179,0,0.0
410,410.0,2876,3850,0.33124,0.36112,0.93075,0.14904,0.00355,0.21430,8.01,0.00,0.179,0,0.0
411,411.0,2874,3853,0.33126,0.36114,0.93080,0.14904,0.00358,0.21430,8.01,0.00,0.179,0,0.0
412,412.0,2871,3855,0.33128,0.36116,0.93083,0.14904,0.00360,0.21430,8.01,0.00,0.179,0,0.0
413,413.0,2869,3861,0.33155,0.36147,0.93093,0.14987,0.00362,0.21430,8.01,0.00,0.179,0,0.0
414,414.0,2868,3865,0.33182,0.36178,0.93100,0.15069,0.00365,0.21430,8.01,0.00,0.179,0,0.0
415,415.0,2867,3869,0.33185,0.36181,0.93107,0.15069,0.00367,0.21430,8.01,0.00,0.179,0,0.0
416,416.0,2862,3873,0.33212,0.36211,0.93113,0.15151,0.00369,0.21430,8.01,0.00,0.178,0,0.0
417,417.0,2860,3873,0.33212,0.36212,0.93113,0.15151,0.00372,0.21430,8.01,0.00,0.178,0,0.0
418,418.0,2854,3876,0.33215,0.36214,0.93118,0.15151,0.00374,0.21430,8.01,0.00,0.178,0,0.0
419,419.0,2855,3883,0.33219,0.36219,0.93130,0.15151,0.00377,0.21430,8.01,0.00,0.178,0,0.0
420,420.0,2851,3886,0.33221,0.36222,0.93135,0.15151,0.00379,0.21430,8.01,0.00,0.178,0,0.0
421,421.0,2845,3887,0.33222,0.36223,0.93136,0.15151,0.00381,0.21430,8.01,0.00,0.178,0,0.0
422,422.0,2844,3887,0.33223,0.36224,0.93136,0.15151,0.00384,0.21430,8.01,0.00,0.178,0,0.0
423,423.0,2841,3889,0.33258,0.36264,0.93140,0.15266,0.00386,0.21430,8.01,0.00,0.178,0,0.0
424,424.0,2839,3892,0.33260,0.36267,0.93145,0.15266,0.00389,0.21430,8.01,0.00,0.178,0,0.0
425,425.0,2836,3896,0.33263,0.36270,0.93151,0.15266,0.00391,0.21430,8.01,0.00,0.178,0,0.0
426,426.0,2836,3899,0.33290,0.36299,0.93156,0.15348,0.00394,0.21430,8.01,0.00,0.178,0,0.0
427,427.0,2837,3903,0.33292,0.36302,0.93163,0.15348,0.00397,0.21430,8.01,0.00,0.178,0,0.0
428,428.0,2831,3905,0.33294,0.36304,0.93166,0.15348,0.00399,0.21430,8.01,0.00,0.178,0,0.0
429,429.0,2831,3907,0.33296,0.36306,0.93169,0.15348,0.00402,0.21430,8.01,0.00,0.178,0,0.0
430,430.0,2828,3912,0.33333,0.36348,0.93177,0.15463,0.00404,0.21430,8.01,0.00,0.178,0,0.0
431,431.0,2824,3914,0.33334,0.36350,0.93180,0.15463,0.00407,0.21430,8.01,0.00,0.177,0,0.0
432,432.0,2820,3916,0.33336,0.36352,0.93184,0.15463,0.00409,0.21430,8.01,0.00,0.177,0,0.0
433,433.0,2814,3918,0.33338,0.36354,0.93187,0.15463,0.00412,0.21430,8.01,0.00,0.177,0,0.0
434,434.0,2812,3920,0.33373,0.36394,0.93190,0.15579,0.00415,0.21430,8.01,0.00,0.177,0,0.0
435,435.0,2811,3924,0.33376,0.36398,0.93197,0.15579,0.00417,0.21430,8.01,0.00,0.177,0,0.0
436,436.0,2806,3925,0.33402,0.36426,0.93198,0.15661,0.00420,0.21430,8.01,0.00,0.177,0,0.0
437,437.0,2805,3929,0.33428,0.36457,0.93205,0.15743,0.00423,0.21430,8.01,0.00,0.177,0,0.0
438,438.0,2801,3931,0.33454,0.36486,0.93208,0.15825,0.00426,0.21430,8.01,0.00,0.177,0,0.0
439,439.0,2798,3932,0.33456,0.36488,0.93210,0.15825,0.00429,0.21430,8.01,0.00,0.177,0,0.0
440,440.0,2791,3932,0.33457,0.36489,0.93210,0.15825,0.00431,0.21430,8.01,0.00,0.177,0,0.0
441,441.0,2786,3934,0.33458,0.36491,0.93213,0.15825,0.00434,0.21430,8.01,0.00,0.177,0,0.0
442,442.0,2779,3935,0.33460,0.36492,0.93214,0.15825,0.00437,0.21430,8.01,0.00,0.177,0,0.0
443,443.0,2777,3937,0.33461,0.36494,0.93218,0.15825,0.00440,0.21430,8.01,0.00,0.177,0,0.0
444,444.0,2773,3940,0.33464,0.36497,0.93222,0.15825,0.00443,0.21430,8.01,0.00,0.177,0,0.0
445,445.0,2768,3944,0.33466,0.36500,0.93229,0.15825,0.00446,0.21430,8.01,0.00,0.176,0,0.0
446,446.0,2763,3944,0.33467,0.36501,0.93229,0.15825,0.00448,0.21430,8.01,0.00,0.176,0,0.0
447,447.0,2760,3944,0.33468,0.36502,0.93229,0.15825,0.00451,0.21430,8.01,0.00,0.176,0,0.0
448,448.0,2761,3946,0.33470,0.36504,0.93232,0.15825,0.00454,0.21430,8.01,0.00,0.176,0,0.0
449,449.0,2759,3947,0.33471,0.36505,0.93234,0.15825,0.00457,0.21430,8.01,0.00,0.176,0,0.0
450,450.0,2757,3948,0.33472,0.36507,0.93235,0.15825,0.00460,0.21430,8.01,0.00,0.176,0,0.0
451,451.0,2754,3949,0.33474,0.36508,0.93237,0.15825,0.00463,0.21430,8.01,0.00,0.176,0,0.0
452,452.0,2753,3950,0.33475,0.36510,0.93238,0.15825,0.00465,0.21430,8.01,0.00,0.176,0,0.0
453,453.0,2750,3951,0.33476,0.36511,0.93240,0.15825,0.00468,0.21430,8.01,0.00,0.176,0,0.0
454,454.0,2747,3952,0.33502,0.36540,0.93242,0.15907,0.00471,0.21430,8.01,0.00,0.176,0,0.0
455,455.0,2748,3954,0.33504,0.36542,0.93245,0.15907,0.00474,0.21430,8.01,0.00,0.176,0,0.0
456,456.0,2743,3954,0.33504,0.36543,0.93245,0.15907,0.00477,0.21430,8.01,0.00,0.176,0,0.0
457,457.0,2741,3955,0.33506,0.36544,0.93246,0.15907,0.00480,0.21430,8.01,0.00,0.176,0,0.0
458,458.0,2740,3957,0.33507,0.36546,0.93250,0.15907,0.00482,0.21430,8.01,0.00,0.176,0,0.0
459,459.0,2737,3958,0.33509,0.36548,0.93251,0.15907,0.00485,0.21430,8.01,0.00,0.176,0,0.0
460,460.0,2733,3958,0.33510,0.36549,0.93251,0.15907,0.00488,0.21430,8.01,0.00,0.176,0,0.0
461,461.0,2732,3959,0.33535,0.36578,0.93253,0.15990,0.00491,0.21430,8.01,0.00,0.176,0,0.0
462,462.0,2732,3962,0.33571,0.36619,0.93258,0.16105,0.00494,0.21430,8.01,0.00,0.176,0,0.0
463,463.0,2730,3962,0.33572,0.36620,0.93258,0.16105,0.00497,0.21430,8.01,0.00,0.176,0,0.0
464,464.0,2730,3963,0.33598,0.36649,0.93259,0.16187,0.00500,0.21430,8.01,0.00,0.176,0,0.0
465,465.0,2728,3964,0.33623,0.36678,0.93261,0.16269,0.00503,0.21430,8.01,0.00,0.175,0,0.0
466,466.0,2723,3965,0.33649,0.36707,0.93262,0.16351,0.00506,0.21430,8.01,0.00,0.175,0,0.0
467,467.0,2725,3969,0.33700,0.36765,0.93269,0.16516,0.00509,0.21430,8.01,0.00,0.175,0,0.0
468,468.0,2724,3969,0.33701,0.36766,0.93269,0.16516,0.00512,0.21430,8.01,0.00,0.175,0,0.0
469,469.0,2721,3970,0.33702,0.36767,0.93270,0.16516,0.00516,0.21430,8.01,0.00,0.175,0,0.0
470,470.0,2720,3972,0.33704,0.36769,0.93273,0.16516,0.00519,0.21430,8.01,0.00,0.175,0,0.0
471,471.0,2718,3973,0.33705,0.36771,0.93275,0.16516,0.00522,0.21430,8.01,0.00,0.175,0,0.0
472,472.0,2716,3973,0.33706,0.36772,0.93275,0.16516,0.00525,0.21430,8.01,0.00,0.175,0,0.0
473,473.0,2714,3974,0.33708,0.36773,0.93277,0.16516,0.00528,0.21430,8.01,0.00,0.175,0,0.0
474,474.0,2714,3975,0.33709,0.36775,0.93278,0.16516,0.00531,0.21430,8.01,0.00,0.175,0,0.0
475,475.0,2712,3975,0.33710,0.36776,0.93278,0.16516,0.00534,0.21430,8.01,0.00,0.175,0,0.0
476,476.0,2709,3976,0.33736,0.36805,0.93280,0.16598,0.00537,0.21430,8.01,0.00,0.175,0,0.0
477,477.0,2710,3978,0.33786,0.36862,0.93283,0.16762,0.00541,0.21430,8.01,0.00,0.175,0,0.0
478,478.0,2709,3979,0.33787,0.36863,0.93284,0.16762,0.00544,0.21430,8.01,0.00,0.175,0,0.0
479,479.0,2706,3979,0.33788,0.36865,0.93284,0.16762,0.00547,0.21430,8.01,0.00,0.175,0,0.0
480,480.0,2706,3981,0.33838,0.36921,0.93288,0.16927,0.00550,0.21430,8.01,0.00,0.175,0,0.0
481,481.0,2706,3982,0.33864,0.36950,0.93289,0.17009,0.00553,0.21430,8.01,0.00,0.175,0,0.0
482,482.0,2704,3982,0.33865,0.36951,0.93289,0.17009,0.00556,0.21430,8.01,0.00,0.175,0,0.0
483,483.0,2705,3983,0.33866,0.36953,0.93291,0.17009,0.00559,0.21430,8.01,0.00,0.175,0,0.0
484,484.0,2705,3984,0.33868,0.36955,0.93292,0.17009,0.00563,0.21430,8.01,0.00,0.175,0,0.0
485,485.0,2703,3985,0.33893,0.36984,0.93294,0.17091,0.00566,0.21430,8.01,0.00,0.175,0,0.0
486,486.0,2703,3987,0.33953,0.37051,0.93297,0.17288,0.00569,0.21430,8.01,0.00,0.175,0,0.0
487,487.0,2703,3989,0.33955,0.37054,0.93300,0.17288,0.00572,0.21430,8.01,0.00,0.175,0,0.0
488,488.0,2702,3990,0.33956,0.37055,0.93302,0.17288,0.00575,0.21430,8.01,0.00,0.175,0,0.0
489,489.0,2702,3990,0.33957,0.37056,0.93302,0.17288,0.00579,0.21430,8.01,0.00,0.175,0,0.0
490,490.0,2702,3990,0.33958,0.37057,0.93302,0.17288,0.00582,0.21430,8.01,0.00,0.175,0,0.0
491,491.0,2701,3990,0.33959,0.37058,0.93302,0.17288,0.00585,0.21430,8.01,0.00,0.175,0,0.0
492,492.0,2700,3991,0.33985,0.37087,0.93303,0.17371,0.00588,0.21430,8.01,0.00,0.175,0,0.0
493,493.0,2698,3991,0.33986,0.37088,0.93303,0.17371,0.00591,0.21430,8.01,0.00,0.175,0,0.0
494,494.0,2700,3993,0.34036,0.37145,0.93306,0.17535,0.00595,0.21430,8.01,0.00,0.175,0,0.0
495,495.0,2698,3993,0.34037,0.37146,0.93306,0.17535,0.00598,0.21430,8.01,0.00,0.175,0,0.0
496,496.0,2697,3993,0.34038,0.37148,0.93306,0.17535,0.00601,0.21430,8.01,0.00,0.175,0,0.0
497,497.0,2697,3994,0.34039,0.37149,0.93308,0.17535,0.00604,0.21430,8.01,0.00,0.175,0,0.0
498,498.0,2695,3997,0.34042,0.37152,0.93313,0.17535,0.00608,0.21430,8.01,0.00,0.175,0,0.0
499,499.0,2692,3997,0.34043,0.37153,0.93313,0.17535,0.00611,0.21430,8.01,0.00,0.175,0,0.0
500,500.0,2693,4000,0.34127,0.37249,0.93317,0.17815,0.00614,0.21430,8.01,0.00,0.174,0,0.0
501,501.0,2691,4000,0.34128,0.37250,0.93317,0.17815,0.00618,0.21430,8.01,0.00,0.174,0,0.0
502,502.0,2694,4004,0.34155,0.37280,0.93324,0.17897,0.00621,0.21430,8.01,0.00,0.174,0,0.0
503,503.0,2695,4006,0.34181,0.37310,0.93327,0.17979,0.00624,0.21430,8.01,0.00,0.174,0,0.0
504,504.0,2695,4008,0.34183,0.37312,0.93330,0.17979,0.00628,0.21430,8.01,0.00,0.174,0,0.0
505,505.0,2694,4008,0.34184,0.37313,0.93330,0.17979,0.00631,0.21430,8.01,0.00,0.174,0,0.0
506,506.0,2691,4008,0.34185,0.37314,0.93330,0.17979,0.00634,0.21430,8.01,0.00,0.174,0,0.0
507,507.0,2691,4008,0.34186,0.37315,0.93330,0.17979,0.00638,0.21430,8.01,0.00,0.174,0,0.0
508,508.0,2690,4008,0.34187,0.37317,0.93330,0.17979,0.00641,0.21430,8.01,0.00,0.174,0,0.0
509,509.0,2688,4008,0.34188,0.37318,0.93330,0.17979,0.00644,0.21430,8.01,0.00,0.174,0,0.0
510,510.0,2687,4008,0.34189,0.37319,0.93330,0.17979,0.00648,0.21430,8.01,0.00,0.174,0,0.0
511,511.0,2686,4008,0.34190,0.37320,0.93330,0.17979,0.00651,0.21430,8.01,0.00,0.174,0,0.0
512,512.0,2684,4010,0.34240,0.37377,0.93333,0.18143,0.00654,0.21430,8.01,0.00,0.174,0,0.0
513,513.0,2682,4010,0.34241,0.37378,0.93333,0.18143,0.00658,0.21430,8.01,0.00,0.174,0,0.0
514,514.0,2683,4012,0.34267,0.37408,0.93336,0.18226,0.00661,0.21430,8.01,0.00,0.174,0,0.0
515,515.0,2682,4012,0.34268,0.37409,0.93336,0.18226,0.00664,0.21430,8.01,0.00,0.174,0,0.0
516,516.0,2681,4012,0.34269,0.37410,0.93336,0.18226,0.00668,0.21430,8.01,0.00,0.174,0,0.0
517,517.0,2681,4013,0.34271,0.37411,0.93338,0.18226,0.00671,0.21430,8.01,0.00,0.174,0,0.0
518,518.0,2677,4014,0.34272,0.37413,0.93339,0.18226,0.00675,0.21430,8.01,0.00,0.174,0,0.0
519,519.0,2675,4014,0.34273,0.37414,0.93339,0.18226,0.00678,0.21430,8.01,0.00,0.174,0,0.0
520,520.0,2673,4014,0.34274,0.37415,0.93339,0.18226,0.00681,0.21430,8.01,0.00,0.174,0,0.0
521,521.0,2670,4014,0.34275,0.37416,0.93339,0.18226,0.00685,0.21430,8.01,0.00,0.174,0,0.0
522,522.0,2667,4014,0.34276,0.37418,0.93339,0.18226,0.00688,0.21430,8.01,0.00,0.174,0,0.0
523,523.0,2668,4016,0.34278,0.37420,0.93342,0.18226,0.00692,0.21430,8.01,0.00,0.174,0,0.0
524,524.0,2669,4017,0.34279,0.37421,0.93344,0.18226,0.00695,0.21430,8.01,0.00,0.174,0,0.0
525,525.0,2665,4017,0.34280,0.37423,0.93344,0.18226,0.00698,0.21430,8.01,0.00,0.174,0,0.0
526,526.0,2657,4017,0.34281,0.37424,0.93344,0.18226,0.00702,0.21430,8.01,0.00,0.174,0,0.0
527,527.0,2655,4017,0.34282,0.37425,0.93344,0.18226,0.00705,0.21430,8.01,0.00,0.174,0,0.0
528,528.0,2653,4018,0.34284,0.37426,0.93345,0.18226,0.00708,0.21430,8.01,0.00,0.174,0,0.0
529,529.0,2649,4019,0.34310,0.37455,0.93347,0.18308,0.00712,0.21430,8.01,0.00,0.174,0,0.0
530,530.0,2646,4019,0.34311,0.37457,0.93347,0.18308,0.00715,0.21430,8.01,0.00,0.174,0,0.0
531,531.0,2643,4020,0.34312,0.37458,0.93348,0.18308,0.00718,0.21430,8.01,0.00,0.174,0,0.0
532,532.0,2642,4020,0.34313,0.37459,0.93348,0.18308,0.00722,0.21430,8.01,0.00,0.174,0,0.0
533,533.0,2643,4022,0.34339,0.37489,0.93351,0.18390,0.00725,0.21430,8.01,0.00,0.174,0,0.0
534,534.0,2638,4022,0.34340,0.37490,0.93351,0.18390,0.00728,0.21430,8.01,0.00,0.174,0,0.0
535,535.0,2631,4022,0.34341,0.37491,0.93351,0.18390,0.00732,0.21430,8.01,0.00,0.174,0,0.0
536,536.0,2629,4022,0.34342,0.37492,0.93351,0.18390,0.00735,0.21430,8.01,0.00,0.174,0,0.0
537,537.0,2626,4022,0.34343,0.37493,0.93351,0.18390,0.00738,0.21430,8.01,0.00,0.174,0,0.0
538,538.0,2622,4022,0.34344,0.37494,0.93351,0.18390,0.00741,0.21430,8.01,0.00,0.174,0,0.0
539,539.0,2618,4023,0.34369,0.37523,0.93353,0.18472,0.00745,0.21430,8.01,0.00,0.174,0,0.0
540,540.0,2618,4024,0.34395,0.37552,0.93355,0.18554,0.00748,0.21430,8.01,0.00,0.174,0,0.0
541,541.0,2621,4027,0.34422,0.37582,0.93359,0.18637,0.00751,0.21430,8.01,0.00,0.174,0,0.0
542,542.0,2617,4027,0.34423,0.37584,0.93359,0.18637,0.00755,0.21430,8.01,0.00,0.174,0,0.0
543,543.0,2614,4027,0.34424,0.37585,0.93359,0.18637,0.00759,0.21430,8.01,0.00,0.173,0,0.0
544,544.0,2613,4028,0.34459,0.37625,0.93361,0.18752,0.00762,0.21430,8.01,0.00,0.173,0,0.0
545,545.0,2609,4028,0.34460,0.37626,0.93361,0.18752,0.00766,0.21430,8.01,0.00,0.173,0,0.0
546,546.0,2608,4029,0.34462,0.37628,0.93362,0.18752,0.00770,0.21430,8.01,0.00,0.173,0,0.0
547,547.0,2606,4030,0.34463,0.37630,0.93364,0.18752,0.00774,0.21430,8.01,0.00,0.173,0,0.0
548,548.0,2605,4030,0.34464,0.37631,0.93364,0.18752,0.00777,0.21430,8.01,0.00,0.173,0,0.0
549,549.0,2600,4031,0.34466,0.37633,0.93365,0.18752,0.00781,0.21430,8.01,0.00,0.173,0,0.0
550,550.0,2596,4032,0.34492,0.37662,0.93367,0.18834,0.00785,0.21430,8.01,0.00,0.173,0,0.0
551,551.0,2594,4033,0.34493,0.37664,0.93368,0.18834,0.00789,0.21430,8.01,0.00,0.173,0,0.0
552,552.0,2593,4033,0.34494,0.37665,0.93368,0.18834,0.00793,0.21430,8.01,0.00,0.173,0,0.0
553,553.0,2592,4033,0.34496,0.37666,0.93368,0.18834,0.00796,0.21430,8.01,0.00,0.173,0,0.0
554,554.0,2590,4033,0.34497,0.37668,0.93368,0.18834,0.00800,0.21430,8.01,0.00,0.173,0,0.0
555,555.0,2587,4033,0.34498,0.37669,0.93368,0.18834,0.00804,0.21430,8.01,0.00,0.173,0,0.0
556,556.0,2586,4033,0.34499,0.37670,0.93368,0.18834,0.00808,0.21430,8.01,0.00,0.173,0,0.0
557,557.0,2583,4034,0.34501,0.37672,0.93370,0.18834,0.00812,0.21430,8.01,0.00,0.173,0,0.0
558,558.0,2578,4034,0.34502,0.37673,0.93370,0.18834,0.00816,0.21430,8.01,0.00,0.173,0,0.0
559,559.0,2576,4035,0.34577,0.37759,0.93371,0.19084,0.00820,0.21430,8.01,0.00,0.173,0,0.0
560,560.0,2576,4035,0.34578,0.37760,0.93371,0.19084,0.00825,0.21430,8.01,0.00,0.173,0,0.0
561,561.0,2572,4035,0.34579,0.37761,0.93371,0.19084,0.00829,0.21430,8.01,0.00,0.173,0,0.0
562,562.0,2567,4035,0.34581,0.37763,0.93371,0.19084,0.00833,0.21430,8.01,0.00,0.173,0,0.0
563,563.0,2565,4036,0.34607,0.37792,0.93373,0.19166,0.00837,0.21430,8.01,0.00,0.173,0,0.0
564,564.0,2563,4036,0.34608,0.37794,0.93373,0.19166,0.00841,0.21430,8.01,0.00,0.173,0,0.0
565,565.0,2562,4038,0.34634,0.37823,0.93376,0.19248,0.00846,0.21430,8.01,0.00,0.173,0,0.0
566,566.0,2558,4039,0.34660,0.37853,0.93378,0.19330,0.00850,0.21430,8.01,0.00,0.173,0,0.0
567,567.0,2555,4039,0.34661,0.37854,0.93378,0.19330,0.00854,0.21430,8.01,0.00,0.173,0,0.0
568,568.0,2552,4039,0.34663,0.37856,0.93378,0.19330,0.00859,0.21430,8.01,0.00,0.173,0,0.0
569,569.0,2551,4040,0.34689,0.37885,0.93379,0.19413,0.00863,0.21430,8.01,0.00,0.173,0,0.0
570,570.0,2543,4040,0.34690,0.37886,0.93379,0.19413,0.00868,0.21430,8.01,0.00,0.173,0,0.0
571,571.0,2543,4041,0.34716,0.37916,0.93381,0.19495,0.00872,0.21430,8.01,0.00,0.173,0,0.0
572,572.0,2538,4041,0.34717,0.37917,0.93381,0.19495,0.00877,0.21430,8.01,0.00,0.173,0,0.0
573,573.0,2534,4042,0.34719,0.37919,0.93382,0.19495,0.00881,0.21430,8.01,0.00,0.173,0,0.0
574,574.0,2534,4044,0.34721,0.37922,0.93385,0.19495,0.00886,0.21430,8.01,0.00,0.173,0,0.0
575,575.0,2529,4044,0.34722,0.37923,0.93385,0.19495,0.00890,0.21430,8.01,0.00,0.173,0,0.0
576,576.0,2527,4044,0.34724,0.37925,0.93385,0.19495,0.00895,0.21430,8.01,0.00,0.173,0,0.0
577,577.0,2526,4044,0.34725,0.37927,0.93385,0.19495,0.00900,0.21430,8.01,0.00,0.173,0,0.0
578,578.0,2524,4046,0.34776,0.37984,0.93388,0.19659,0.00904,0.21430,8.01,0.00,0.173,0,0.0
579,579.0,2521,4047,0.34778,0.37986,0.93390,0.19659,0.00909,0.21430,8.01,0.00,0.173,0,0.0
580,580.0,2518,4048,0.34804,0.38015,0.93391,0.19742,0.00913,0.21430,8.01,0.00,0.173,0,0.0
581,581.0,2514,4049,0.34830,0.38045,0.93393,0.19824,0.00918,0.21430,8.01,0.00,0.172,0,0.0
582,582.0,2508,4049,0.34831,0.38046,0.93393,0.19824,0.00923,0.21430,8.01,0.00,0.172,0,0.0
583,583.0,2508,4049,0.34832,0.38048,0.93393,0.19824,0.00928,0.21430,8.01,0.00,0.172,0,0.0
584,584.0,2505,4049,0.34834,0.38050,0.93393,0.19824,0.00932,0.21430,8.01,0.00,0.172,0,0.0
585,585.0,2499,4050,0.34836,0.38052,0.93394,0.19824,0.00937,0.21430,8.01,0.00,0.172,0,0.0
586,586.0,2497,4050,0.34837,0.38053,0.93394,0.19824,0.00942,0.21430,8.01,0.00,0.172,0,0.0
587,587.0,2494,4051,0.34863,0.38083,0.93396,0.19906,0.00947,0.21430,8.01,0.00,0.172,0,0.0
588,588.0,2489,4052,0.34865,0.38085,0.93397,0.19906,0.00952,0.21430,8.01,0.00,0.172,0,0.0
589,589.0,2488,4053,0.34891,0.38114,0.93399,0.19988,0.00956,0.21430,8.01,0.00,0.172,0,0.0
590,590.0,2482,4053,0.34892,0.38116,0.93399,0.19988,0.00961,0.21430,8.01,0.00,0.172,0,0.0
591,591.0,2475,4053,0.34894,0.38118,0.93399,0.19988,0.00966,0.21430,8.01,0.00,0.172,0,0.0
592,592.0,2472,4053,0.34895,0.38119,0.93399,0.19988,0.00971,0.21430,8.01,0.00,0.172,0,0.0
593,593.0,2466,4053,0.34897,0.38121,0.93399,0.19988,0.00976,0.21430,8.01,0.00,0.172,0,0.0
594,594.0,2463,4054,0.34899,0.38123,0.93400,0.19988,0.00980,0.21430,8.01,0.00,0.172,0,0.0
595,595.0,2459,4054,0.34900,0.38125,0.93400,0.19988,0.00985,0.21430,8.01,0.00,0.172,0,0.0
596,596.0,2456,4054,0.34901,0.38126,0.93400,0.19988,0.00990,0.21430,8.01,0.00,0.172,0,0.0
597,597.0,2451,4055,0.34927,0.38156,0.93402,0.20070,0.00995,0.21430,8.01,0.00,0.172,0,0.0
598,598.0,2450,4055,0.34929,0.38157,0.93402,0.20070,0.01000,0.21430,8.01,0.00,0.172,0,0.0
599,599.0,2446,4055,0.34930,0.38159,0.93402,0.20070,0.01004,0.21430,8.01,0.00,0.172,0,0.0
600,600.0,2444,4055,0.34932,0.38161,0.93402,0.20070,0.01009,0.21430,8.01,0.00,0.172,0,0.0
601,601.0,2439,4055,0.34933,0.38162,0.93402,0.20070,0.01014,0.21430,8.01,0.00,0.172,0,0.0
602,602.0,2436,4055,0.34934,0.38164,0.93402,0.20070,0.01019,0.21430,8.01,0.00,0.172,0,0.0
603,603.0,2434,4055,0.34936,0.38165,0.93402,0.20070,0.01024,0.21430,8.01,0.00,0.172,0,0.0
604,604.0,2431,4055,0.34937,0.38167,0.93402,0.20070,0.01028,0.21430,8.01,0.00,0.172,0,0.0
605,605.0,2427,4055,0.34939,0.38169,0.93402,0.20070,0.01033,0.21430,8.01,0.00,0.172,0,0.0
606,606.0,2425,4056,0.34941,0.38171,0.93403,0.20070,0.01038,0.21430,8.01,0.00,0.172,0,0.0
607,607.0,2423,4056,0.34942,0.38172,0.93403,0.20070,0.01043,0.21430,8.01,0.00,0.172,0,0.0
608,608.0,2421,4056,0.34943,0.38174,0.93403,0.20070,0.01048,0.21430,8.01,0.00,0.172,0,0.0
609,609.0,2417,4056,0.34945,0.38175,0.93403,0.20070,0.01052,0.21430,8.01,0.00,0.172,0,0.0
610,610.0,2415,4056,0.34946,0.38177,0.93403,0.20070,0.01057,0.21430,8.01,0.00,0.172,0,0.0
611,611.0,2411,4056,0.34948,0.38179,0.93403,0.20070,0.01062,0.21430,8.01,0.00,0.171,0,0.0
612,612.0,2408,4056,0.34949,0.38180,0.93403,0.20070,0.01067,0.21430,8.01,0.00,0.171,0,0.0
613,613.0,2405,4056,0.34950,0.38182,0.93403,0.20070,0.01072,0.21430,8.01,0.00,0.171,0,0.0
614,614.0,2402,4058,0.34977,0.38212,0.93407,0.20153,0.01076,0.21430,8.01,0.00,0.171,0,0.0
615,615.0,2401,4058,0.34978,0.38213,0.93407,0.20153,0.01081,0.21430,8.01,0.00,0.171,0,0.0
616,616.0,2397,4058,0.34980,0.38215,0.93407,0.20153,0.01086,0.21430,8.01,0.00,0.171,0,0.0
617,617.0,2397,4058,0.34981,0.38217,0.93407,0.20153,0.01091,0.21430,8.01,0.00,0.171,0,0.0
618,618.0,2397,4058,0.34983,0.38218,0.93407,0.20153,0.01096,0.21430,8.01,0.00,0.171,0,0.0
619,619.0,2394,4058,0.34984,0.38220,0.93407,0.20153,0.01100,0.21430,8.01,0.00,0.171,0,0.0
620,620.0,2392,4058,0.34985,0.38221,0.93407,0.20153,0.01105,0.21430,8.01,0.00,0.171,0,0.0
621,621.0,2390,4058,0.34987,0.38223,0.93407,0.20153,0.01110,0.21430,8.01,0.00,0.171,0,0.0
622,622.0,2388,4058,0.34988,0.38225,0.93407,0.20153,0.01115,0.21430,8.01,0.00,0.171,0,0.0
623,623.0,2386,4059,0.34990,0.38227,0.93408,0.20153,0.01120,0.21430,8.01,0.00,0.171,0,0.0
624,624.0,2385,4059,0.34991,0.38228,0.93408,0.20153,0.01124,0.21430,8.01,0.00,0.171,0,0.0
625,625.0,2383,4059,0.34993,0.38230,0.93408,0.20153,0.01129,0.21430,8.01,0.00,0.171,0,0.0
626,626.0,2380,4059,0.34994,0.38232,0.93408,0.20153,0.01134,0.21430,8.01,0.00,0.171,0,0.0
627,627.0,2375,4059,0.34996,0.38233,0.93408,0.20153,0.01139,0.21430,8.01,0.00,0.171,0,0.0
628,628.0,2374,4060,0.35022,0.38263,0.93410,0.20235,0.01144,0.21430,8.01,0.00,0.171,0,0.0
629,629.0,2373,4061,0.35024,0.38265,0.93411,0.20235,0.01148,0.21430,8.01,0.00,0.171,0,0.0
630,630.0,2372,4062,0.35025,0.38267,0.93413,0.20235,0.01153,0.21430,8.01,0.00,0.171,0,0.0
631,631.0,2373,4064,0.35076,0.38324,0.93416,0.20399,0.01158,0.21430,8.01,0.00,0.171,0,0.0
632,632.0,2374,4065,0.35078,0.38326,0.93417,0.20399,0.01163,0.21430,8.01,0.00,0.171,0,0.0
633,633.0,2374,4065,0.35080,0.38328,0.93417,0.20399,0.01168,0.21430,8.01,0.00,0.171,0,0.0
634,634.0,2373,4065,0.35081,0.38330,0.93417,0.20399,0.01173,0.21430,8.01,0.00,0.171,0,0.0
635,635.0,2372,4066,0.35107,0.38359,0.93419,0.20481,0.01178,0.21430,8.01,0.00,0.171,0,0.0
636,636.0,2373,4067,0.35109,0.38362,0.93420,0.20481,0.01183,0.21430,8.01,0.00,0.171,0,0.0
637,637.0,2371,4067,0.35110,0.38363,0.93420,0.20481,0.01188,0.21430,8.01,0.00,0.171,0,0.0
638,638.0,2371,4069,0.35161,0.38421,0.93423,0.20646,0.01193,0.21430,8.01,0.00,0.171,0,0.0
639,639.0,2373,4071,0.35212,0.38478,0.93426,0.20810,0.01198,0.21430,8.01,0.00,0.171,0,0.0
640,640.0,2371,4071,0.35213,0.38480,0.93426,0.20810,0.01203,0.21430,8.01,0.00,0.171,0,0.0
641,641.0,2371,4071,0.35215,0.38481,0.93426,0.20810,0.01208,0.21430,8.01,0.00,0.171,0,0.0
642,642.0,2372,4072,0.35217,0.38484,0.93428,0.20810,0.01213,0.21430,8.01,0.00,0.171,0,0.0
643,643.0,2371,4072,0.35218,0.38485,0.93428,0.20810,0.01218,0.21430,8.01,0.00,0.171,0,0.0
644,644.0,2371,4072,0.35220,0.38487,0.93428,0.20810,0.01223,0.21430,8.01,0.00,0.171,0,0.0
645,645.0,2371,4073,0.35246,0.38517,0.93429,0.20892,0.01228,0.21430,8.01,0.00,0.171,0,0.0
646,646.0,2372,4074,0.35248,0.38519,0.93431,0.20892,0.01233,0.21430,8.01,0.00,0.171,0,0.0
647,647.0,2374,4076,0.35274,0.38549,0.93434,0.20975,0.01238,0.21430,8.01,0.00,0.171,0,0.0
648,648.0,2373,4076,0.35276,0.38550,0.93434,0.20975,0.01243,0.21430,8.01,0.00,0.171,0,0.0
649,649.0,2373,4077,0.35278,0.38553,0.93435,0.20975,0.01248,0.21430,8.01,0.00,0.171,0,0.0
650,650.0,2374,4079,0.35304,0.38583,0.93438,0.21057,0.01253,0.21430,8.01,0.00,0.171,0,0.0
651,651.0,2373,4079,0.35306,0.38585,0.93438,0.21057,0.01259,0.21430,8.01,0.00,0.171,0,0.0
652,652.0,2373,4079,0.35307,0.38586,0.93438,0.21057,0.01264,0.21430,8.01,0.00,0.171,0,0.0
653,653.0,2372,4079,0.35309,0.38588,0.93438,0.21057,0.01269,0.21430,8.01,0.00,0.170,0,0.0
654,654.0,2371,4079,0.35311,0.38590,0.93438,0.21057,0.01275,0.21430,8.01,0.00,0.170,0,0.0
655,655.0,2371,4079,0.35312,0.38592,0.93438,0.21057,0.01280,0.21430,8.01,0.00,0.170,0,0.0
656,656.0,2368,4079,0.35314,0.38594,0.93438,0.21057,0.01286,0.21430,8.01,0.00,0.170,0,0.0
657,657.0,2367,4079,0.35315,0.38595,0.93438,0.21057,0.01291,0.21430,8.01,0.00,0.170,0,0.0
658,658.0,2367,4079,0.35317,0.38597,0.93438,0.21057,0.01296,0.21430,8.01,0.00,0.170,0,0.0
659,659.0,2368,4081,0.35344,0.38627,0.93441,0.21139,0.01302,0.21430,8.01,0.00,0.170,0,0.0
660,660.0,2368,4082,0.35370,0.38657,0.93443,0.21221,0.01307,0.21430,8.01,0.00,0.170,0,0.0
661,661.0,2368,4082,0.35371,0.38659,0.93443,0.21221,0.01313,0.21430,8.01,0.00,0.170,0,0.0
662,662.0,2367,4082,0.35373,0.38661,0.93443,0.21221,0.01318,0.21430,8.01,0.00,0.170,0,0.0
663,663.0,2367,4082,0.35375,0.38662,0.93443,0.21221,0.01323,0.21430,8.01,0.00,0.170,0,0.0
664,664.0,2367,4083,0.35377,0.38665,0.93444,0.21221,0.01329,0.21430,8.01,0.00,0.170,0,0.0
665,665.0,2365,4083,0.35378,0.38667,0.93444,0.21221,0.01334,0.21430,8.01,0.00,0.170,0,0.0
666,666.0,2367,4086,0.35405,0.38697,0.93449,0.21303,0.01340,0.21430,8.01,0.00,0.170,0,0.0
667,667.0,2364,4086,0.35407,0.38699,0.93449,0.21303,0.01346,0.21430,8.01,0.00,0.170,0,0.0
668,668.0,2365,4087,0.35433,0.38729,0.93450,0.21386,0.01351,0.21430,8.01,0.00,0.170,0,0.0
669,669.0,2365,4088,0.35435,0.38732,0.93452,0.21386,0.01357,0.21430,8.01,0.00,0.170,0,0.0
670,670.0,2363,4088,0.35437,0.38733,0.93452,0.21386,0.01363,0.21430,8.01,0.00,0.170,0,0.0
671,671.0,2362,4088,0.35439,0.38735,0.93452,0.21386,0.01369,0.21430,8.01,0.00,0.170,0,0.0
672,672.0,2362,4089,0.35465,0.38765,0.93453,0.21468,0.01374,0.21430,8.01,0.00,0.170,0,0.0
673,673.0,2362,4090,0.35467,0.38768,0.93455,0.21468,0.01380,0.21430,8.01,0.00,0.170,0,0.0
674,674.0,2363,4091,0.35470,0.38770,0.93456,0.21468,0.01386,0.21430,8.01,0.00,0.170,0,0.0
675,675.0,2362,4093,0.35496,0.38800,0.93459,0.21550,0.01392,0.21430,8.01,0.00,0.170,0,0.0
676,676.0,2360,4093,0.35498,0.38802,0.93459,0.21550,0.01398,0.21430,8.01,0.00,0.170,0,0.0
677,677.0,2360,4094,0.35524,0.38832,0.93461,0.21632,0.01404,0.21430,8.01,0.00,0.170,0,0.0
678,678.0,2360,4094,0.35526,0.38834,0.93461,0.21632,0.01410,0.21430,8.01,0.00,0.170,0,0.0
679,679.0,2363,4097,0.35553,0.38865,0.93465,0.21715,0.01416,0.21430,8.01,0.00,0.170,0,0.0
680,680.0,2365,4099,0.35556,0.38868,0.93468,0.21715,0.01422,0.21430,8.01,0.00,0.170,0,0.0
681,681.0,2365,4100,0.35558,0.38871,0.93470,0.21715,0.01428,0.21430,8.01,0.00,0.170,0,0.0
682,682.0,2364,4100,0.35560,0.38873,0.93470,0.21715,0.01433,0.21430,8.01,0.00,0.170,0,0.0
683,683.0,2363,4100,0.35562,0.38875,0.93470,0.21715,0.01439,0.21430,8.01,0.00,0.170,0,0.0
684,684.0,2364,4101,0.35564,0.38877,0.93471,0.21715,0.01445,0.21430,8.01,0.00,0.170,0,0.0
685,685.0,2363,4103,0.35566,0.38880,0.93474,0.21715,0.01451,0.21430,8.01,0.00,0.170,0,0.0
686,686.0,2364,4105,0.35593,0.38910,0.93477,0.21797,0.01457,0.21430,8.01,0.00,0.170,0,0.0
687,687.0,2362,4105,0.35595,0.38912,0.93477,0.21797,0.01463,0.21430,8.01,0.00,0.170,0,0.0
688,688.0,2360,4105,0.35597,0.38914,0.93477,0.21797,0.01469,0.21430,8.01,0.00,0.170,0,0.0
689,689.0,2360,4107,0.35599,0.38917,0.93480,0.21797,0.01475,0.21430,8.01,0.00,0.170,0,0.0
690,690.0,2358,4107,0.35601,0.38919,0.93480,0.21797,0.01481,0.21430,8.01,0.00,0.170,0,0.0
691,691.0,2355,4107,0.35603,0.38921,0.93480,0.21797,0.01487,0.21430,8.01,0.00,0.170,0,0.0
692,692.0,2356,4109,0.35630,0.38952,0.93483,0.21879,0.01493,0.21430,8.01,0.00,0.170,0,0.0
693,693.0,2355,4109,0.35632,0.38954,0.93483,0.21879,0.01499,0.21430,8.01,0.00,0.170,0,0.0
694,694.0,2354,4109,0.35633,0.38956,0.93483,0.21879,0.01505,0.21430,8.01,0.00,0.170,0,0.0
695,695.0,2353,4109,0.35635,0.38958,0.93483,0.21879,0.01511,0.21430,8.01,0.00,0.170,0,0.0
696,696.0,2355,4111,0.35686,0.39016,0.93486,0.22043,0.01518,0.21430,8.01,0.00,0.170,0,0.0
697,697.0,2355,4111,0.35688,0.39018,0.93486,0.22043,0.01524,0.21430,8.01,0.00,0.170,0,0.0
698,698.0,2353,4111,0.35690,0.39020,0.93486,0.22043,0.01530,0.21430,8.01,0.00,0.170,0,0.0
699,699.0,2353,4113,0.35693,0.39023,0.93489,0.22043,0.01536,0.21430,8.01,0.00,0.170,0,0.0
700,700.0,2352,4114,0.35695,0.39025,0.93490,0.22043,0.01542,0.21430,8.01,0.00,0.170,0,0.0
701,701.0,2356,4119,0.35699,0.39030,0.93498,0.22043,0.01549,0.21430,8.01,0.00,0.170,0,0.0
702,702.0,2353,4119,0.35701,0.39032,0.93498,0.22043,0.01555,0.21430,8.01,0.00,0.169,0,0.0
703,703.0,2352,4119,0.35702,0.39034,0.93498,0.22043,0.01561,0.21430,8.01,0.00,0.169,0,0.0
704,704.0,2354,4122,0.35754,0.39092,0.93502,0.22208,0.01567,0.21430,8.01,0.00,0.169,0,0.0
705,705.0,2353,4122,0.35756,0.39094,0.93502,0.22208,0.01573,0.21430,8.01,0.00,0.169,0,0.0
706,706.0,2354,4123,0.35758,0.39097,0.93504,0.22208,0.01579,0.21430,8.01,0.00,0.169,0,0.0
707,707.0,2353,4125,0.35761,0.39100,0.93507,0.22208,0.01586,0.21430,8.01,0.00,0.169,0,0.0
708,708.0,2353,4126,0.35787,0.39130,0.93508,0.22290,0.01592,0.21430,8.01,0.00,0.169,0,0.0
709,709.0,2353,4126,0.35789,0.39132,0.93508,0.22290,0.01598,0.21430,8.01,0.00,0.169,0,0.0
710,710.0,2353,4126,0.35791,0.39134,0.93508,0.22290,0.01604,0.21430,8.01,0.00,0.169,0,0.0
711,711.0,2357,4130,0.35818,0.39165,0.93514,0.22372,0.01610,0.21430,8.01,0.00,0.169,0,0.0
712,712.0,2357,4130,0.35820,0.39167,0.93514,0.22372,0.01616,0.21430,8.01,0.00,0.169,0,0.0
713,713.0,2358,4131,0.35822,0.39170,0.93515,0.22372,0.01622,0.21430,8.01,0.00,0.169,0,0.0
714,714.0,2357,4132,0.35824,0.39172,0.93517,0.22372,0.01628,0.21430,8.01,0.00,0.169,0,0.0
715,715.0,2357,4133,0.35827,0.39175,0.93518,0.22372,0.01634,0.21430,8.01,0.00,0.169,0,0.0
716,716.0,2357,4133,0.35828,0.39177,0.93518,0.22372,0.01640,0.21430,8.01,0.00,0.169,0,0.0
717,717.0,2355,4133,0.35830,0.39179,0.93518,0.22372,0.01646,0.21430,8.01,0.00,0.169,0,0.0
718,718.0,2357,4135,0.35833,0.39182,0.93521,0.22372,0.01652,0.21430,8.01,0.00,0.169,0,0.0
719,719.0,2358,4138,0.35836,0.39185,0.93526,0.22372,0.01658,0.21430,8.01,0.00,0.169,0,0.0
720,720.0,2357,4138,0.35838,0.39187,0.93526,0.22372,0.01664,0.21430,8.01,0.00,0.169,0,0.0
721,721.0,2356,4138,0.35839,0.39189,0.93526,0.22372,0.01670,0.21430,8.01,0.00,0.169,0,0.0
722,722.0,2356,4139,0.35842,0.39192,0.93527,0.22372,0.01676,0.21430,8.01,0.00,0.169,0,0.0
723,723.0,2356,4141,0.35844,0.39195,0.93530,0.22372,0.01682,0.21430,8.01,0.00,0.169,0,0.0
724,724.0,2357,4142,0.35847,0.39197,0.93532,0.22372,0.01688,0.21430,8.01,0.00,0.169,0,0.0
725,725.0,2359,4144,0.35849,0.39200,0.93535,0.22372,0.01694,0.21430,8.01,0.00,0.169,0,0.0
726,726.0,2359,4146,0.35852,0.39203,0.93537,0.22372,0.01700,0.21430,8.01,0.00,0.169,0,0.0
727,727.0,2358,4146,0.35854,0.39205,0.93537,0.22372,0.01706,0.21430,8.01,0.00,0.169,0,0.0
728,728.0,2358,4146,0.35855,0.39207,0.93537,0.22372,0.01712,0.21430,8.01,0.00,0.169,0,0.0
729,729.0,2359,4147,0.35858,0.39210,0.93539,0.22372,0.01719,0.21430,8.01,0.00,0.169,0,0.0
730,730.0,2359,4149,0.35860,0.39213,0.93542,0.22372,0.01725,0.21430,8.01,0.00,0.169,0,0.0
731,731.0,2360,4151,0.35863,0.39216,0.93545,0.22372,0.01731,0.21430,8.01,0.00,0.169,0,0.0
732,732.0,2360,4152,0.35865,0.39218,0.93546,0.22372,0.01737,0.21430,8.01,0.00,0.169,0,0.0
733,733.0,2360,4153,0.35867,0.39221,0.93548,0.22372,0.01742,0.21430,8.01,0.00,0.169,0,0.0
734,734.0,2359,4153,0.35869,0.39223,0.93548,0.22372,0.01748,0.21430,8.01,0.00,0.169,0,0.0
735,735.0,2359,4156,0.35872,0.39226,0.93552,0.22372,0.01754,0.21430,8.01,0.00,0.169,0,0.0
736,736.0,2355,4156,0.35874,0.39228,0.93552,0.22372,0.01760,0.21430,8.01,0.00,0.169,0,0.0
737,737.0,2355,4157,0.35876,0.39230,0.93553,0.22372,0.01766,0.21430,8.01,0.00,0.169,0,0.0
738,738.0,2356,4159,0.35878,0.39233,0.93556,0.22372,0.01772,0.21430,8.01,0.00,0.169,0,0.0
739,739.0,2357,4160,0.35880,0.39236,0.93558,0.22372,0.01778,0.21430,8.01,0.00,0.169,0,0.0
740,740.0,2358,4162,0.35883,0.39239,0.93561,0.22372,0.01784,0.21430,8.01,0.00,0.169,0,0.0
741,741.0,2358,4164,0.35886,0.39242,0.93564,0.22372,0.01790,0.21430,8.01,0.00,0.169,0,0.0
742,742.0,2358,4164,0.35888,0.39244,0.93564,0.22372,0.01796,0.21430,8.01,0.00,0.169,0,0.0
743,743.0,2357,4166,0.35890,0.39247,0.93566,0.22372,0.01802,0.21430,8.01,0.00,0.169,0,0.0
744,744.0,2359,4169,0.35893,0.39250,0.93571,0.22372,0.01808,0.21430,8.01,0.00,0.169,0,0.0
745,745.0,2356,4170,0.35896,0.39253,0.93572,0.22372,0.01814,0.21430,8.01,0.00,0.169,0,0.0
746,746.0,2359,4173,0.35899,0.39256,0.93577,0.22372,0.01820,0.21430,8.01,0.00,0.169,0,0.0
747,747.0,2360,4176,0.35902,0.39260,0.93581,0.22372,0.01826,0.21430,8.01,0.00,0.169,0,0.0
748,748.0,2362,4178,0.35904,0.39263,0.93584,0.22372,0.01832,0.21430,8.01,0.00,0.169,0,0.0
749,749.0,2365,4182,0.35908,0.39267,0.93589,0.22372,0.01838,0.21430,8.01,0.00,0.169,0,0.0
750,750.0,2363,4183,0.35910,0.39269,0.93591,0.22372,0.01844,0.21430,8.01,0.00,0.168,0,0.0
751,751.0,2366,4188,0.35914,0.39274,0.93598,0.22372,0.01850,0.21430,8.01,0.00,0.168,0,0.0
752,752.0,2365,4189,0.35940,0.39303,0.93600,0.22454,0.01856,0.21430,8.01,0.00,0.168,0,0.0
753,753.0,2371,4195,0.35944,0.39308,0.93608,0.22454,0.01862,0.21430,8.01,0.00,0.168,0,0.0
754,754.0,2375,4200,0.35948,0.39313,0.93615,0.22454,0.01868,0.21430,8.01,0.00,0.168,0,0.0
755,755.0,2376,4202,0.35951,0.39316,0.93618,0.22454,0.01875,0.21430,8.01,0.00,0.168,0,0.0
756,756.0,2379,4207,0.35955,0.39320,0.93625,0.22454,0.01881,0.21430,8.01,0.00,0.168,0,0.0
757,757.0,2380,4211,0.35958,0.39324,0.93631,0.22454,0.01887,0.21430,8.01,0.00,0.168,0,0.0
758,758.0,2386,4217,0.35963,0.39329,0.93639,0.22454,0.01893,0.21430,8.01,0.00,0.168,0,0.0
759,759.0,2386,4220,0.35966,0.39332,0.93644,0.22454,0.01899,0.21430,8.01,0.00,0.168,0,0.0
760,760.0,2389,4224,0.35969,0.39336,0.93649,0.22454,0.01906,0.21430,8.01,0.00,0.168,0,0.0
761,761.0,2389,4227,0.35972,0.39340,0.93653,0.22454,0.01912,0.21430,8.01,0.00,0.168,0,0.0
762,762.0,2388,4229,0.35975,0.39343,0.93656,0.22454,0.01918,0.21430,8.01,0.00,0.168,0,0.0
763,763.0,2392,4237,0.35980,0.39349,0.93667,0.22454,0.01924,0.21430,8.01,0.00,0.168,0,0.0
764,764.0,2391,4239,0.35983,0.39352,0.93670,0.22454,0.01930,0.21430,8.01,0.00,0.168,0,0.0
765,765.0,2393,4243,0.35986,0.39356,0.93676,0.22454,0.01936,0.21430,8.01,0.00,0.168,0,0.0
766,766.0,2388,4246,0.35989,0.39359,0.93680,0.22454,0.01943,0.21430,8.01,0.00,0.168,0,0.0
767,767.0,2390,4252,0.35993,0.39364,0.93688,0.22454,0.01949,0.21430,8.01,0.00,0.168,0,0.0
768,768.0,2389,4254,0.35996,0.39367,0.93691,0.22454,0.01955,0.21430,8.01,0.00,0.168,0,0.0
769,769.0,2382,4255,0.35998,0.39369,0.93693,0.22454,0.01961,0.21430,8.01,0.00,0.168,0,0.0
770,770.0,2383,4258,0.36001,0.39373,0.93697,0.22454,0.01967,0.21430,8.01,0.00,0.168,0,0.0
771,771.0,2381,4261,0.36004,0.39376,0.93701,0.22454,0.01974,0.21430,8.01,0.00,0.168,0,0.0
772,772.0,2375,4263,0.36007,0.39379,0.93704,0.22454,0.01980,0.21430,8.01,0.00,0.168,0,0.0
773,773.0,2372,4267,0.36010,0.39383,0.93709,0.22454,0.01986,0.21430,8.01,0.00,0.168,0,0.0
774,774.0,2368,4269,0.36013,0.39386,0.93712,0.22454,0.01992,0.21430,8.01,0.00,0.168,0,0.0
775,775.0,2366,4271,0.36016,0.39389,0.93715,0.22454,0.01998,0.21430,8.01,0.00,0.168,0,0.0
776,776.0,2361,4275,0.36019,0.39393,0.93720,0.22454,0.02004,0.21430,8.01,0.00,0.168,0,0.0
777,777.0,2360,4276,0.36021,0.39396,0.93722,0.22454,0.02011,0.21430,8.01,0.00,0.168,0,0.0
778,778.0,2358,4280,0.36025,0.39399,0.93727,0.22454,0.02017,0.21430,8.01,0.00,0.168,0,0.0
779,779.0,2352,4282,0.36027,0.39402,0.93730,0.22454,0.02023,0.21430,8.01,0.00,0.168,0,0.0
780,780.0,2350,4284,0.36030,0.39405,0.93733,0.22454,0.02029,0.21430,8.01,0.00,0.167,0,0.0
781,781.0,2344,4284,0.36032,0.39407,0.93733,0.22454,0.02035,0.21430,8.01,0.00,0.167,0,0.0
782,782.0,2339,4289,0.36036,0.39412,0.93739,0.22454,0.02042,0.21430,8.01,0.00,0.167,0,0.0
783,783.0,2336,4293,0.36039,0.39416,0.93745,0.22454,0.02048,0.21430,8.01,0.00,0.167,0,0.0
784,784.0,2334,4294,0.36041,0.39418,0.93746,0.22454,0.02054,0.21430,8.01,0.00,0.167,0,0.0
785,785.0,2331,4298,0.36069,0.39450,0.93752,0.22537,0.02061,0.21430,8.01,0.00,0.167,0,0.0
786,786.0,2327,4301,0.36096,0.39481,0.93756,0.22619,0.02067,0.21430,8.01,0.00,0.167,0,0.0
787,787.0,2322,4303,0.36099,0.39484,0.93759,0.22619,0.02074,0.21430,8.01,0.00,0.167,0,0.0
788,788.0,2319,4306,0.36102,0.39487,0.93763,0.22619,0.02080,0.21430,8.01,0.00,0.167,0,0.0
789,789.0,2319,4311,0.36106,0.39492,0.93769,0.22619,0.02087,0.21430,8.01,0.00,0.167,0,0.0
790,790.0,2314,4314,0.36109,0.39495,0.93773,0.22619,0.02093,0.21430,8.01,0.00,0.167,0,0.0
791,791.0,2310,4315,0.36136,0.39525,0.93775,0.22701,0.02100,0.21430,8.01,0.00,0.167,0,0.0
792,792.0,2308,4318,0.36163,0.39556,0.93779,0.22783,0.02107,0.21430,8.01,0.00,0.167,0,0.0
793,793.0,2304,4320,0.36166,0.39559,0.93782,0.22783,0.02113,0.21430,8.01,0.00,0.167,0,0.0
794,794.0,2295,4323,0.36169,0.39563,0.93786,0.22783,0.02120,0.21430,8.01,0.00,0.167,0,0.0
795,795.0,2287,4323,0.36171,0.39565,0.93786,0.22783,0.02126,0.21430,8.01,0.00,0.167,0,0.0
796,796.0,2287,4326,0.36198,0.39596,0.93790,0.22865,0.02133,0.21430,8.01,0.00,0.166,0,0.0
797,797.0,2281,4328,0.36201,0.39599,0.93792,0.22865,0.02140,0.21430,8.01,0.00,0.166,0,0.0
798,798.0,2276,4329,0.36228,0.39629,0.93794,0.22948,0.02146,0.21430,8.01,0.00,0.166,0,0.0
799,799.0,2276,4333,0.36231,0.39633,0.93799,0.22948,0.02153,0.21430,8.01,0.00,0.166,0,0.0
800,800.0,2275,4336,0.36234,0.39637,0.93803,0.22948,0.02159,0.21430,8.01,0.00,0.166,0,0.0
801,801.0,2266,4336,0.36236,0.39639,0.93803,0.22948,0.02166,0.21430,8.01,0.00,0.166,0,0.0
802,802.0,2259,4337,0.36238,0.39642,0.93804,0.22948,0.02173,0.21430,8.01,0.00,0.166,0,0.0
803,803.0,2259,4344,0.36267,0.39674,0.93814,0.23030,0.02179,0.21430,8.01,0.00,0.166,0,0.0
804,804.0,2251,4345,0.36270,0.39677,0.93815,0.23030,0.02186,0.21430,8.01,0.00,0.166,0,0.0
805,805.0,2248,4346,0.36272,0.39680,0.93816,0.23030,0.02193,0.21430,8.01,0.00,0.166,0,0.0
806,806.0,2245,4347,0.36274,0.39682,0.93818,0.23030,0.02199,0.21430,8.01,0.00,0.166,0,0.0
807,807.0,2240,4349,0.36301,0.39713,0.93820,0.23112,0.02206,0.21430,8.01,0.00,0.166,0,0.0
808,808.0,2237,4350,0.36304,0.39715,0.93822,0.23112,0.02212,0.21430,8.01,0.00,0.166,0,0.0
809,809.0,2233,4350,0.36306,0.39718,0.93822,0.23112,0.02219,0.21430,8.01,0.00,0.166,0,0.0
810,810.0,2233,4353,0.36309,0.39721,0.93826,0.23112,0.02226,0.21430,8.01,0.00,0.166,0,0.0
811,811.0,2232,4356,0.36336,0.39752,0.93830,0.23194,0.02233,0.21430,8.01,0.00,0.165,0,0.0
812,812.0,2228,4358,0.36363,0.39783,0.93832,0.23276,0.02240,0.21430,8.01,0.00,0.165,0,0.0
813,813.0,2227,4359,0.36366,0.39786,0.93834,0.23276,0.02247,0.21430,8.01,0.00,0.165,0,0.0
814,814.0,2221,4360,0.36368,0.39788,0.93835,0.23276,0.02254,0.21430,8.01,0.00,0.165,0,0.0
815,815.0,2218,4364,0.36372,0.39793,0.93840,0.23276,0.02261,0.21430,8.01,0.00,0.165,0,0.0
816,816.0,2214,4365,0.36374,0.39795,0.93842,0.23276,0.02268,0.21430,8.01,0.00,0.165,0,0.0
817,817.0,2209,4366,0.36377,0.39798,0.93843,0.23276,0.02275,0.21430,8.01,0.00,0.165,0,0.0
818,818.0,2206,4370,0.36380,0.39802,0.93848,0.23276,0.02282,0.21430,8.01,0.00,0.165,0,0.0
819,819.0,2203,4374,0.36408,0.39834,0.93854,0.23359,0.02289,0.21430,8.01,0.00,0.165,0,0.0
820,820.0,2197,4374,0.36410,0.39836,0.93854,0.23359,0.02296,0.21430,8.01,0.00,0.165,0,0.0
821,821.0,2196,4377,0.36437,0.39867,0.93858,0.23441,0.02303,0.21430,8.01,0.00,0.165,0,0.0
822,822.0,2194,4377,0.36439,0.39869,0.93858,0.23441,0.02310,0.21430,8.01,0.00,0.165,0,0.0
823,823.0,2191,4379,0.36442,0.39873,0.93860,0.23441,0.02317,0.21430,8.01,0.00,0.165,0,0.0
824,824.0,2187,4381,0.36445,0.39876,0.93863,0.23441,0.02324,0.21430,8.01,0.00,0.165,0,0.0
825,825.0,2182,4383,0.36448,0.39879,0.93865,0.23441,0.02330,0.21430,8.01,0.00,0.165,0,0.0
826,826.0,2180,4385,0.36451,0.39882,0.93868,0.23441,0.02337,0.21430,8.01,0.00,0.165,0,0.0
827,827.0,2178,4386,0.36453,0.39885,0.93869,0.23441,0.02345,0.21430,8.01,0.00,0.165,0,0.0
828,828.0,2172,4386,0.36455,0.39887,0.93869,0.23441,0.02352,0.21430,8.01,0.00,0.164,0,0.0
829,829.0,2171,4389,0.36483,0.39918,0.93873,0.23523,0.02359,0.21430,8.01,0.00,0.164,0,0.0
830,830.0,2166,4390,0.36485,0.39921,0.93875,0.23523,0.02366,0.21430,8.01,0.00,0.164,0,0.0
831,831.0,2163,4391,0.36488,0.39924,0.93876,0.23523,0.02373,0.21430,8.01,0.00,0.164,0,0.0
832,832.0,2158,4391,0.36490,0.39926,0.93876,0.23523,0.02380,0.21430,8.01,0.00,0.164,0,0.0
833,833.0,2155,4392,0.36516,0.39957,0.93877,0.23605,0.02388,0.21430,8.01,0.00,0.164,0,0.0
834,834.0,2152,4397,0.36545,0.39989,0.93884,0.23688,0.02395,0.21430,8.01,0.00,0.164,0,0.0
835,835.0,2152,4402,0.36597,0.40048,0.93890,0.23852,0.02402,0.21430,8.01,0.00,0.164,0,0.0
836,836.0,2147,4403,0.36600,0.40051,0.93892,0.23852,0.02409,0.21430,8.01,0.00,0.164,0,0.0
837,837.0,2144,4404,0.36626,0.40081,0.93893,0.23934,0.02416,0.21430,8.01,0.00,0.164,0,0.0
838,838.0,2143,4407,0.36629,0.40085,0.93897,0.23934,0.02423,0.21430,8.01,0.00,0.164,0,0.0
839,839.0,2139,4408,0.36632,0.40087,0.93898,0.23934,0.02430,0.21430,8.01,0.00,0.164,0,0.0
840,840.0,2139,4410,0.36635,0.40091,0.93901,0.23934,0.02437,0.21430,8.01,0.00,0.164,0,0.0
841,841.0,2140,4413,0.36638,0.40094,0.93905,0.23934,0.02444,0.21430,8.01,0.00,0.164,0,0.0
842,842.0,2133,4413,0.36640,0.40096,0.93905,0.23934,0.02451,0.21430,8.01,0.00,0.164,0,0.0
843,843.0,2133,4415,0.36667,0.40127,0.93907,0.24016,0.02458,0.21430,8.01,0.00,0.164,0,0.0
844,844.0,2130,4417,0.36694,0.40158,0.93910,0.24099,0.02464,0.21430,8.01,0.00,0.164,0,0.0
845,845.0,2129,4421,0.36697,0.40162,0.93915,0.24099,0.02471,0.21430,8.01,0.00,0.164,0,0.0
846,846.0,2128,4423,0.36700,0.40165,0.93918,0.24099,0.02478,0.21430,8.01,0.00,0.163,0,0.0
847,847.0,2126,4425,0.36703,0.40168,0.93920,0.24099,0.02485,0.21430,8.01,0.00,0.163,0,0.0
848,848.0,2118,4426,0.36705,0.40171,0.93921,0.24099,0.02492,0.21430,8.01,0.00,0.163,0,0.0
849,849.0,2116,4427,0.36708,0.40174,0.93923,0.24099,0.02499,0.21430,8.01,0.00,0.163,0,0.0
850,850.0,2116,4429,0.36711,0.40177,0.93925,0.24099,0.02506,0.21430,8.01,0.00,0.163,0,0.0
851,851.0,2117,4432,0.36714,0.40180,0.93929,0.24099,0.02513,0.21430,8.01,0.00,0.163,0,0.0
852,852.0,2117,4435,0.36765,0.40239,0.93933,0.24263,0.02520,0.21430,8.01,0.00,0.163,0,0.0
853,853.0,2120,4440,0.36793,0.40271,0.93939,0.24345,0.02527,0.21430,8.01,0.00,0.163,0,0.0
854,854.0,2122,4445,0.36822,0.40302,0.93946,0.24427,0.02534,0.21430,8.01,0.00,0.163,0,0.0
855,855.0,2120,4447,0.36824,0.40306,0.93948,0.24427,0.02541,0.21430,8.01,0.00,0.163,0,0.0
856,856.0,2125,4453,0.36887,0.40376,0.93956,0.24625,0.02548,0.21430,8.01,0.00,0.163,0,0.0
857,857.0,2125,4454,0.36889,0.40379,0.93957,0.24625,0.02555,0.21430,8.01,0.00,0.163,0,0.0
858,858.0,2129,4460,0.36942,0.40439,0.93965,0.24789,0.02563,0.21430,8.01,0.00,0.163,0,0.0
859,859.0,2128,4464,0.37018,0.40525,0.93970,0.25036,0.02570,0.21430,8.01,0.00,0.163,0,0.0
860,860.0,2124,4466,0.37021,0.40528,0.93973,0.25036,0.02577,0.21430,8.01,0.00,0.163,0,0.0
861,861.0,2124,4470,0.37073,0.40587,0.93978,0.25200,0.02584,0.21430,8.01,0.00,0.163,0,0.0
862,862.0,2124,4473,0.37100,0.40618,0.93981,0.25282,0.02591,0.21430,8.01,0.00,0.163,0,0.0
863,863.0,2120,4474,0.37103,0.40621,0.93983,0.25282,0.02597,0.21430,8.01,0.00,0.163,0,0.0
864,864.0,2120,4476,0.37129,0.40651,0.93985,0.25365,0.02604,0.21430,8.01,0.00,0.163,0,0.0
865,865.0,2119,4478,0.37132,0.40655,0.93988,0.25365,0.02611,0.21430,8.01,0.00,0.163,0,0.0
866,866.0,2117,4481,0.37160,0.40686,0.93992,0.25447,0.02618,0.21430,8.01,0.00,0.163,0,0.0
867,867.0,2116,4483,0.37162,0.40689,0.93994,0.25447,0.02625,0.21430,8.01,0.00,0.163,0,0.0
868,868.0,2114,4485,0.37165,0.40692,0.93997,0.25447,0.02632,0.21430,8.01,0.00,0.162,0,0.0
869,869.0,2109,4487,0.37168,0.40695,0.93999,0.25447,0.02639,0.21430,8.01,0.00,0.162,0,0.0
870,870.0,2106,4488,0.37194,0.40725,0.94000,0.25529,0.02646,0.21430,8.01,0.00,0.162,0,0.0
871,871.0,2110,4492,0.37270,0.40811,0.94005,0.25776,0.02652,0.21430,8.01,0.00,0.162,0,0.0
872,872.0,2108,4493,0.37297,0.40841,0.94007,0.25858,0.02660,0.21430,8.01,0.00,0.162,0,0.0
873,873.0,2105,4495,0.37324,0.40872,0.94009,0.25940,0.02667,0.21430,8.01,0.00,0.162,0,0.0
874,874.0,2105,4495,0.37326,0.40874,0.94009,0.25940,0.02674,0.21430,8.01,0.00,0.162,0,0.0
875,875.0,2104,4496,0.37329,0.40877,0.94010,0.25940,0.02681,0.21430,8.01,0.00,0.162,0,0.0
876,876.0,2101,4497,0.37355,0.40907,0.94012,0.26022,0.02689,0.21430,8.01,0.00,0.162,0,0.0
877,877.0,2099,4497,0.37358,0.40910,0.94012,0.26022,0.02696,0.21430,8.01,0.00,0.162,0,0.0
878,878.0,2094,4499,0.37385,0.40941,0.94014,0.26104,0.02703,0.21430,8.01,0.00,0.162,0,0.0
879,879.0,2089,4500,0.37411,0.40971,0.94015,0.26187,0.02710,0.21430,8.01,0.00,0.162,0,0.0
880,880.0,2086,4502,0.37414,0.40974,0.94018,0.26187,0.02717,0.21430,8.01,0.00,0.162,0,0.0
881,881.0,2079,4503,0.37441,0.41004,0.94019,0.26269,0.02724,0.21430,8.01,0.00,0.162,0,0.0
882,882.0,2077,4503,0.37443,0.41007,0.94019,0.26269,0.02732,0.21430,8.01,0.00,0.162,0,0.0
883,883.0,2075,4505,0.37446,0.41010,0.94022,0.26269,0.02739,0.21430,8.01,0.00,0.162,0,0.0
884,884.0,2071,4506,0.37473,0.41040,0.94023,0.26351,0.02747,0.21430,8.01,0.00,0.162,0,0.0
885,885.0,2063,4508,0.37524,0.41098,0.94025,0.26516,0.02754,0.21430,8.01,0.00,0.162,0,0.0
886,886.0,2061,4510,0.37575,0.41157,0.94028,0.26680,0.02762,0.21430,8.01,0.00,0.162,0,0.0
887,887.0,2057,4511,0.37578,0.41160,0.94029,0.26680,0.02770,0.21430,8.01,0.00,0.162,0,0.0
888,888.0,2059,4513,0.37605,0.41191,0.94032,0.26762,0.02778,0.21430,8.01,0.00,0.162,0,0.0
889,889.0,2056,4513,0.37608,0.41193,0.94032,0.26762,0.02786,0.21430,8.01,0.00,0.161,0,0.0
890,890.0,2051,4514,0.37634,0.41224,0.94033,0.26844,0.02794,0.21430,8.01,0.00,0.161,0,0.0
891,891.0,2048,4514,0.37637,0.41226,0.94033,0.26844,0.02802,0.21430,8.01,0.00,0.161,0,0.0
892,892.0,2042,4515,0.37664,0.41257,0.94034,0.26927,0.02810,0.21430,8.01,0.00,0.161,0,0.0
893,893.0,2034,4516,0.37666,0.41260,0.94035,0.26927,0.02818,0.21430,8.01,0.00,0.161,0,0.0
894,894.0,2028,4516,0.37669,0.41262,0.94035,0.26927,0.02825,0.21430,8.01,0.00,0.161,0,0.0
895,895.0,2028,4518,0.37705,0.41304,0.94038,0.27042,0.02833,0.21430,8.01,0.00,0.161,0,0.0
896,896.0,2021,4519,0.37732,0.41335,0.94039,0.27124,0.02841,0.21430,8.01,0.00,0.161,0,0.0
897,897.0,2016,4520,0.37735,0.41338,0.94040,0.27124,0.02849,0.21430,8.01,0.00,0.161,0,0.0
898,898.0,2012,4523,0.37787,0.41397,0.94044,0.27288,0.02857,0.21430,8.01,0.00,0.161,0,0.0
899,899.0,2006,4523,0.37789,0.41399,0.94044,0.27288,0.02866,0.21430,8.01,0.00,0.161,0,0.0
900,900.0,1998,4524,0.37817,0.41430,0.94045,0.27370,0.02874,0.21430,8.01,0.00,0.161,0,0.0
901,901.0,1988,4525,0.37819,0.41433,0.94046,0.27370,0.02883,0.21430,8.01,0.00,0.161,0,0.0
902,902.0,1985,4526,0.37846,0.41464,0.94048,0.27453,0.02892,0.21430,8.01,0.00,0.161,0,0.0
903,903.0,1983,4527,0.37849,0.41467,0.94049,0.27453,0.02900,0.21430,8.01,0.00,0.161,0,0.0
904,904.0,1982,4531,0.37878,0.41499,0.94054,0.27535,0.02909,0.21430,8.01,0.00,0.161,0,0.0
905,905.0,1979,4532,0.37881,0.41503,0.94055,0.27535,0.02918,0.21430,8.01,0.00,0.160,0,0.0
906,906.0,1978,4536,0.37909,0.41535,0.94060,0.27617,0.02926,0.21430,8.01,0.00,0.160,0,0.0
907,907.0,1973,4540,0.37961,0.41594,0.94065,0.27782,0.02935,0.21430,8.01,0.00,0.160,0,0.0
908,908.0,1973,4545,0.37990,0.41626,0.94071,0.27864,0.02944,0.21430,8.01,0.00,0.160,0,0.0
909,909.0,1968,4549,0.38066,0.41713,0.94076,0.28110,0.02952,0.21430,8.01,0.00,0.160,0,0.0
910,910.0,1969,4555,0.38095,0.41746,0.94083,0.28193,0.02961,0.21430,8.01,0.00,0.160,0,0.0
911,911.0,1967,4559,0.38147,0.41805,0.94088,0.28357,0.02970,0.21430,8.01,0.00,0.160,0,0.0
912,912.0,1967,4564,0.38152,0.41810,0.94094,0.28357,0.02979,0.21430,8.01,0.00,0.160,0,0.0
913,913.0,1969,4570,0.38205,0.41870,0.94102,0.28521,0.02988,0.21430,8.01,0.00,0.160,0,0.0
914,914.0,1967,4574,0.38316,0.41996,0.94107,0.28883,0.02997,0.21430,8.01,0.00,0.160,0,0.0
915,915.0,1967,4580,0.38345,0.42029,0.94114,0.28965,0.03006,0.21430,8.01,0.00,0.160,0,0.0
916,916.0,1964,4581,0.38348,0.42032,0.94115,0.28965,0.03016,0.21430,8.01,0.00,0.160,0,0.0
917,917.0,1964,4585,0.38352,0.42037,0.94120,0.28965,0.03025,0.21430,8.01,0.00,0.160,0,0.0
918,918.0,1962,4586,0.38355,0.42040,0.94121,0.28965,0.03034,0.21430,8.01,0.00,0.160,0,0.0
919,919.0,1961,4591,0.38408,0.42100,0.94127,0.29130,0.03044,0.21430,8.01,0.00,0.159,0,0.0
920,920.0,1955,4591,0.38411,0.42103,0.94127,0.29130,0.03053,0.21430,8.01,0.00,0.159,0,0.0
921,921.0,1953,4591,0.38413,0.42107,0.94127,0.29130,0.03063,0.21430,8.01,0.00,0.159,0,0.0
922,922.0,1948,4594,0.38466,0.42166,0.94131,0.29294,0.03072,0.21430,8.01,0.00,0.159,0,0.0
923,923.0,1944,4598,0.38494,0.42198,0.94135,0.29376,0.03082,0.21430,8.01,0.00,0.159,0,0.0
924,924.0,1942,4599,0.38521,0.42229,0.94137,0.29459,0.03092,0.21430,8.01,0.00,0.159,0,0.0
925,925.0,1940,4601,0.38525,0.42233,0.94139,0.29459,0.03102,0.21430,8.01,0.00,0.159,0,0.0
926,926.0,1936,4605,0.38578,0.42293,0.94144,0.29623,0.03111,0.21430,8.01,0.00,0.159,0,0.0
927,927.0,1932,4606,0.38615,0.42335,0.94145,0.29738,0.03122,0.21430,8.01,0.00,0.159,0,0.0
928,928.0,1933,4611,0.38692,0.42423,0.94151,0.29985,0.03132,0.21430,8.01,0.00,0.159,0,0.0
929,929.0,1930,4613,0.38696,0.42427,0.94153,0.29985,0.03142,0.21430,8.01,0.00,0.159,0,0.0
930,930.0,1931,4617,0.38725,0.42459,0.94158,0.30067,0.03153,0.21430,8.01,0.00,0.159,0,0.0
931,931.0,1929,4620,0.38763,0.42503,0.94162,0.30182,0.03164,0.21430,8.01,0.00,0.159,0,0.0
932,932.0,1927,4624,0.38816,0.42563,0.94167,0.30346,0.03175,0.21430,8.01,0.00,0.159,0,0.0
933,933.0,1925,4626,0.38820,0.42567,0.94169,0.30346,0.03186,0.21430,8.01,0.00,0.158,0,0.0
934,934.0,1926,4630,0.38849,0.42600,0.94174,0.30429,0.03197,0.21430,8.01,0.00,0.158,0,0.0
935,935.0,1922,4631,0.38852,0.42604,0.94175,0.30429,0.03209,0.21430,8.01,0.00,0.158,0,0.0
936,936.0,1918,4633,0.38856,0.42609,0.94177,0.30429,0.03220,0.21430,8.01,0.00,0.158,0,0.0
937,937.0,1917,4635,0.38885,0.42641,0.94180,0.30511,0.03231,0.21430,8.01,0.00,0.158,0,0.0
938,938.0,1916,4641,0.38939,0.42702,0.94187,0.30675,0.03243,0.21430,8.01,0.00,0.158,0,0.0
939,939.0,1911,4642,0.38967,0.42733,0.94188,0.30757,0.03255,0.21430,8.01,0.00,0.158,0,0.0
940,940.0,1908,4644,0.38971,0.42738,0.94190,0.30757,0.03267,0.21430,8.01,0.00,0.158,0,0.0
941,941.0,1911,4649,0.39062,0.42842,0.94196,0.31050,0.03279,0.21430,8.01,0.00,0.158,0,0.0
942,942.0,1907,4652,0.39115,0.42902,0.94200,0.31215,0.03291,0.21430,8.01,0.00,0.158,0,0.0
943,943.0,1905,4655,0.39202,0.43000,0.94203,0.31494,0.03304,0.21430,8.01,0.00,0.158,0,0.0
944,944.0,1906,4658,0.39231,0.43033,0.94207,0.31576,0.03317,0.21430,8.01,0.00,0.158,0,0.0
945,945.0,1909,4663,0.39285,0.43094,0.94212,0.31741,0.03330,0.21430,8.01,0.00,0.158,0,0.0
946,946.0,1905,4665,0.39290,0.43100,0.94215,0.31741,0.03343,0.21430,8.01,0.00,0.158,0,0.0
947,947.0,1904,4670,0.39329,0.43144,0.94221,0.31856,0.03357,0.21430,8.01,0.00,0.158,0,0.0
948,948.0,1903,4673,0.39383,0.43205,0.94224,0.32020,0.03371,0.21430,8.01,0.00,0.158,0,0.0
949,949.0,1894,4675,0.39412,0.43238,0.94226,0.32102,0.03384,0.21430,8.01,0.00,0.157,0,0.0
950,950.0,1897,4681,0.39442,0.43272,0.94233,0.32185,0.03399,0.21430,8.01,0.00,0.157,0,0.0
951,951.0,1899,4686,0.39520,0.43361,0.94239,0.32431,0.03413,0.21430,8.01,0.00,0.157,0,0.0
952,952.0,1896,4689,0.39550,0.43394,0.94243,0.32513,0.03427,0.21430,8.01,0.00,0.157,0,0.0
953,953.0,1897,4695,0.39614,0.43467,0.94250,0.32711,0.03442,0.21430,8.01,0.00,0.157,0,0.0
954,954.0,1891,4696,0.39619,0.43473,0.94251,0.32711,0.03457,0.21430,8.01,0.00,0.157,0,0.0
955,955.0,1892,4702,0.39722,0.43590,0.94258,0.33040,0.03472,0.21430,8.01,0.00,0.157,0,0.0
956,956.0,1889,4704,0.39752,0.43623,0.94260,0.33122,0.03488,0.21430,8.01,0.00,0.157,0,0.0
957,957.0,1883,4705,0.39791,0.43667,0.94261,0.33237,0.03504,0.21430,8.01,0.00,0.157,0,0.0
958,958.0,1882,4708,0.39821,0.43701,0.94265,0.33319,0.03521,0.21430,8.01,0.00,0.157,0,0.0
959,959.0,1884,4714,0.39919,0.43813,0.94272,0.33631,0.03537,0.21430,8.01,0.00,0.157,0,0.0
960,960.0,1882,4718,0.39950,0.43848,0.94276,0.33714,0.03554,0.21430,8.01,0.00,0.157,0,0.0
961,961.0,1882,4722,0.39980,0.43883,0.94281,0.33796,0.03571,0.21430,8.01,0.00,0.157,0,0.0
962,962.0,1878,4725,0.39986,0.43889,0.94284,0.33796,0.03588,0.21430,8.01,0.00,0.157,0,0.0
963,963.0,1879,4731,0.40100,0.44018,0.94291,0.34158,0.03605,0.21430,8.01,0.00,0.156,0,0.0
964,964.0,1872,4732,0.40105,0.44024,0.94292,0.34158,0.03623,0.21430,8.01,0.00,0.156,0,0.0
965,965.0,1871,4735,0.40160,0.44086,0.94295,0.34322,0.03640,0.21430,8.01,0.00,0.156,0,0.0
966,966.0,1869,4737,0.40190,0.44120,0.94298,0.34404,0.03658,0.21430,8.01,0.00,0.156,0,0.0
967,967.0,1864,4738,0.40196,0.44126,0.94299,0.34404,0.03676,0.21430,8.01,0.00,0.156,0,0.0
968,968.0,1858,4739,0.40225,0.44160,0.94300,0.34486,0.03694,0.21430,8.01,0.00,0.156,0,0.0
969,969.0,1856,4743,0.40280,0.44222,0.94305,0.34651,0.03712,0.21430,8.01,0.00,0.156,0,0.0
970,970.0,1854,4747,0.40311,0.44258,0.94309,0.34733,0.03731,0.21430,8.01,0.00,0.156,0,0.0
971,971.0,1851,4751,0.40318,0.44265,0.94314,0.34733,0.03749,0.21430,8.01,0.00,0.156,0,0.0
972,972.0,1848,4754,0.40325,0.44273,0.94317,0.34733,0.03768,0.21430,8.01,0.00,0.156,0,0.0
973,973.0,1850,4758,0.40429,0.44391,0.94321,0.35065,0.03787,0.21430,8.01,0.00,0.156,0,0.0
974,974.0,1845,4761,0.40484,0.44453,0.94325,0.35230,0.03806,0.21430,8.01,0.00,0.156,0,0.0
975,975.0,1840,4766,0.40516,0.44489,0.94330,0.35312,0.03825,0.21430,8.01,0.00,0.156,0,0.0
976,976.0,1832,4767,0.40522,0.44496,0.94332,0.35312,0.03844,0.21430,8.01,0.00,0.156,0,0.0
977,977.0,1833,4772,0.40635,0.44625,0.94337,0.35674,0.03864,0.21430,8.01,0.00,0.156,0,0.0
978,978.0,1829,4774,0.40666,0.44660,0.94339,0.35756,0.03883,0.21430,8.01,0.00,0.155,0,0.0
979,979.0,1826,4778,0.40697,0.44695,0.94344,0.35838,0.03904,0.21430,8.01,0.00,0.155,0,0.0
980,980.0,1818,4778,0.40703,0.44702,0.94344,0.35838,0.03924,0.21430,8.01,0.00,0.155,0,0.0
981,981.0,1817,4781,0.40768,0.44775,0.94347,0.36035,0.03944,0.21430,8.01,0.00,0.155,0,0.0
982,982.0,1810,4783,0.40799,0.44810,0.94349,0.36117,0.03964,0.21430,8.01,0.00,0.155,0,0.0
983,983.0,1805,4785,0.40879,0.44901,0.94352,0.36367,0.03985,0.21430,8.01,0.00,0.155,0,0.0
984,984.0,1796,4785,0.40885,0.44908,0.94352,0.36367,0.04005,0.21430,8.01,0.00,0.155,0,0.0
985,985.0,1793,4787,0.40916,0.44943,0.94354,0.36450,0.04026,0.21430,8.01,0.00,0.155,0,0.0
986,986.0,1786,4789,0.40947,0.44978,0.94356,0.36532,0.04047,0.21430,8.01,0.00,0.155,0,0.0
987,987.0,1780,4794,0.41086,0.45136,0.94362,0.36979,0.04067,0.21430,8.01,0.00,0.155,0,0.0
988,988.0,1775,4794,0.41092,0.45143,0.94362,0.36979,0.04088,0.21430,8.01,0.00,0.155,0,0.0
989,989.0,1773,4797,0.41124,0.45178,0.94365,0.37061,0.04109,0.21430,8.01,0.00,0.155,0,0.0
990,990.0,1767,4799,0.41155,0.45213,0.94367,0.37143,0.04130,0.21430,8.01,0.00,0.154,0,0.0
991,991.0,1762,4800,0.41161,0.45221,0.94368,0.37143,0.04151,0.21430,8.01,0.00,0.154,0,0.0
992,992.0,1760,4805,0.41337,0.45419,0.94374,0.37712,0.04172,0.21430,8.01,0.00,0.154,0,0.0
993,993.0,1754,4807,0.41344,0.45427,0.94376,0.37712,0.04194,0.21430,8.01,0.00,0.154,0,0.0
994,994.0,1752,4810,0.41375,0.45463,0.94379,0.37795,0.04215,0.21430,8.01,0.00,0.154,0,0.0
995,995.0,1753,4812,0.41430,0.45526,0.94382,0.37959,0.04237,0.21430,8.01,0.00,0.154,0,0.0
996,996.0,1749,4814,0.41437,0.45534,0.94384,0.37959,0.04259,0.21430,8.01,0.00,0.154,0,0.0
997,997.0,1741,4815,0.41444,0.45541,0.94385,0.37959,0.04281,0.21430,8.01,0.00,0.154,0,0.0
998,998.0,1739,4818,0.41514,0.45620,0.94388,0.38169,0.04302,0.21430,8.01,0.00,0.154,0,0.0
999,999.0,1733,4818,0.41520,0.45627,0.94388,0.38169,0.04324,0.21430,8.01,0.00,0.154,0,0.0
1000,1000.0,1731,4819,0.41527,0.45635,0.94389,0.38169,0.04346,0.21430,8.01,0.00,0.154,0,0.0
1001,1001.0,1727,4819,0.41533,0.45642,0.94389,0.38169,0.04368,0.21430,8.01,0.00,0.154,0,0.0
1002,1002.0,1724,4823,0.41589,0.45706,0.94394,0.38334,0.04391,0.21430,8.01,0.00,0.153,0,0.0
1003,1003.0,1715,4824,0.41630,0.45752,0.94395,0.38449,0.04413,0.21430,8.01,0.00,0.153,0,0.0
1004,1004.0,1712,4826,0.41637,0.45760,0.94397,0.38449,0.04435,0.21430,8.01,0.00,0.153,0,0.0
1005,1005.0,1711,4830,0.41694,0.45824,0.94401,0.38613,0.04457,0.21430,8.01,0.00,0.153,0,0.0
1006,1006.0,1710,4832,0.41701,0.45832,0.94404,0.38613,0.04480,0.21430,8.01,0.00,0.153,0,0.0
1007,1007.0,1703,4833,0.41708,0.45840,0.94405,0.38613,0.04503,0.21430,8.01,0.00,0.153,0,0.0
1008,1008.0,1699,4835,0.41739,0.45876,0.94407,0.38696,0.04525,0.21430,8.01,0.00,0.153,0,0.0
1009,1009.0,1695,4835,0.41746,0.45884,0.94407,0.38696,0.04548,0.21430,8.01,0.00,0.153,0,0.0
1010,1010.0,1692,4837,0.41778,0.45919,0.94409,0.38778,0.04571,0.21430,8.01,0.00,0.153,0,0.0
1011,1011.0,1689,4840,0.41809,0.45955,0.94412,0.38860,0.04594,0.21430,8.01,0.00,0.153,0,0.0
1012,1012.0,1684,4845,0.41890,0.46047,0.94418,0.39107,0.04617,0.21430,8.01,0.00,0.153,0,0.0
1013,1013.0,1682,4848,0.41898,0.46056,0.94421,0.39107,0.04640,0.21430,8.01,0.00,0.153,0,0.0
1014,1014.0,1682,4851,0.41906,0.46065,0.94424,0.39107,0.04664,0.21430,8.01,0.00,0.153,0,0.0
1015,1015.0,1676,4852,0.41913,0.46073,0.94425,0.39107,0.04687,0.21430,8.01,0.00,0.152,0,0.0
1016,1016.0,1670,4852,0.41920,0.46081,0.94425,0.39107,0.04710,0.21430,8.01,0.00,0.152,0,0.0
1017,1017.0,1665,4854,0.41928,0.46089,0.94428,0.39107,0.04734,0.21430,8.01,0.00,0.152,0,0.0
1018,1018.0,1658,4855,0.41959,0.46125,0.94429,0.39189,0.04757,0.21430,8.01,0.00,0.152,0,0.0
1019,1019.0,1656,4859,0.41991,0.46161,0.94433,0.39271,0.04780,0.21430,8.01,0.00,0.152,0,0.0
1020,1020.0,1655,4862,0.41999,0.46170,0.94436,0.39271,0.04803,0.21430,8.01,0.00,0.152,0,0.0
1021,1021.0,1648,4862,0.42006,0.46178,0.94436,0.39271,0.04826,0.21430,8.01,0.00,0.152,0,0.0
1022,1022.0,1645,4864,0.42037,0.46214,0.94438,0.39353,0.04849,0.21430,8.01,0.00,0.152,0,0.0
1023,1023.0,1643,4866,0.42045,0.46222,0.94441,0.39353,0.04872,0.21430,8.01,0.00,0.152,0,0.0
1024,1024.0,1640,4868,0.42100,0.46285,0.94443,0.39518,0.04895,0.21430,8.01,0.00,0.152,0,0.0
1025,1025.0,1636,4869,0.42108,0.46293,0.94444,0.39518,0.04918,0.21430,8.01,0.00,0.152,0,0.0
1026,1026.0,1632,4869,0.42114,0.46301,0.94444,0.39518,0.04941,0.21430,8.01,0.00,0.152,0,0.0
1027,1027.0,1625,4870,0.42121,0.46309,0.94445,0.39518,0.04965,0.21430,8.01,0.00,0.152,0,0.0
1028,1028.0,1622,4872,0.42202,0.46401,0.94447,0.39768,0.04988,0.21430,8.01,0.00,0.152,0,0.0
1029,1029.0,1617,4874,0.42258,0.46464,0.94449,0.39932,0.05011,0.21430,8.01,0.00,0.151,0,0.0
1030,1030.0,1618,4876,0.42314,0.46527,0.94451,0.40096,0.05034,0.21430,8.01,0.00,0.151,0,0.0
1031,1031.0,1616,4878,0.42346,0.46563,0.94453,0.40179,0.05057,0.21430,8.01,0.00,0.151,0,0.0
1032,1032.0,1611,4880,0.42377,0.46599,0.94456,0.40261,0.05080,0.21430,8.01,0.00,0.151,0,0.0
1033,1033.0,1602,4880,0.42384,0.46607,0.94456,0.40261,0.05104,0.21430,8.01,0.00,0.151,0,0.0
1034,1034.0,1603,4885,0.42417,0.46644,0.94461,0.40343,0.05127,0.21430,8.01,0.00,0.151,0,0.0
1035,1035.0,1597,4885,0.42424,0.46651,0.94461,0.40343,0.05150,0.21430,8.01,0.00,0.151,0,0.0
1036,1036.0,1592,4885,0.42430,0.46659,0.94461,0.40343,0.05174,0.21430,8.01,0.00,0.151,0,0.0
1037,1037.0,1586,4886,0.42438,0.46667,0.94462,0.40343,0.05197,0.21430,8.01,0.00,0.151,0,0.0
1038,1038.0,1584,4887,0.42445,0.46676,0.94463,0.40343,0.05220,0.21430,8.01,0.00,0.151,0,0.0
1039,1039.0,1582,4891,0.42477,0.46712,0.94467,0.40425,0.05244,0.21430,8.01,0.00,0.151,0,0.0
1040,1040.0,1572,4892,0.42509,0.46748,0.94468,0.40507,0.05267,0.21430,8.01,0.00,0.151,0,0.0
1041,1041.0,1567,4892,0.42516,0.46756,0.94468,0.40507,0.05291,0.21430,8.01,0.00,0.151,0,0.0
1042,1042.0,1565,4895,0.42548,0.46792,0.94472,0.40590,0.05315,0.21430,8.01,0.00,0.151,0,0.0
1043,1043.0,1561,4895,0.42554,0.46800,0.94472,0.40590,0.05338,0.21430,8.01,0.00,0.150,0,0.0
1044,1044.0,1553,4896,0.42562,0.46808,0.94473,0.40590,0.05362,0.21430,8.01,0.00,0.150,0,0.0
1045,1045.0,1549,4898,0.42593,0.46844,0.94475,0.40672,0.05385,0.21430,8.01,0.00,0.150,0,0.0
1046,1046.0,1542,4900,0.42625,0.46880,0.94477,0.40754,0.05409,0.21430,8.01,0.00,0.150,0,0.0
1047,1047.0,1536,4901,0.42657,0.46915,0.94478,0.40836,0.05432,0.21430,8.01,0.00,0.150,0,0.0
1048,1048.0,1536,4904,0.42689,0.46952,0.94481,0.40918,0.05456,0.21430,8.01,0.00,0.150,0,0.0
1049,1049.0,1526,4904,0.42696,0.46960,0.94481,0.40918,0.05479,0.21430,8.01,0.00,0.150,0,0.0
1050,1050.0,1524,4905,0.42703,0.46968,0.94482,0.40918,0.05503,0.21430,8.01,0.00,0.150,0,0.0
1051,1051.0,1518,4907,0.42710,0.46977,0.94484,0.40918,0.05527,0.21430,8.01,0.00,0.150,0,0.0
1052,1052.0,1517,4908,0.42718,0.46985,0.94485,0.40918,0.05551,0.21430,8.01,0.00,0.150,0,0.0
1053,1053.0,1513,4909,0.42725,0.46993,0.94487,0.40918,0.05574,0.21430,8.01,0.00,0.150,0,0.0
1054,1054.0,1509,4911,0.42781,0.47056,0.94489,0.41083,0.05598,0.21430,8.01,0.00,0.150,0,0.0
1055,1055.0,1508,4913,0.42789,0.47065,0.94491,0.41083,0.05622,0.21430,8.01,0.00,0.150,0,0.0
1056,1056.0,1502,4913,0.42796,0.47073,0.94491,0.41083,0.05646,0.21430,8.01,0.00,0.149,0,0.0
1057,1057.0,1499,4915,0.42828,0.47109,0.94493,0.41165,0.05670,0.21430,8.01,0.00,0.149,0,0.0
1058,1058.0,1498,4917,0.42859,0.47145,0.94495,0.41247,0.05694,0.21430,8.01,0.00,0.149,0,0.0
1059,1059.0,1496,4920,0.42868,0.47155,0.94498,0.41247,0.05718,0.21430,8.01,0.00,0.149,0,0.0
1060,1060.0,1493,4922,0.42924,0.47218,0.94500,0.41412,0.05743,0.21430,8.01,0.00,0.149,0,0.0
1061,1061.0,1492,4922,0.42931,0.47226,0.94500,0.41412,0.05767,0.21430,8.01,0.00,0.149,0,0.0
1062,1062.0,1487,4922,0.42938,0.47235,0.94500,0.41412,0.05792,0.21430,8.01,0.00,0.149,0,0.0
1063,1063.0,1483,4923,0.42946,0.47243,0.94501,0.41412,0.05816,0.21430,8.01,0.00,0.149,0,0.0
1064,1064.0,1474,4923,0.42953,0.47251,0.94501,0.41412,0.05841,0.21430,8.01,0.00,0.149,0,0.0
1065,1065.0,1467,4924,0.42985,0.47287,0.94502,0.41494,0.05865,0.21430,8.01,0.00,0.149,0,0.0
1066,1066.0,1457,4927,0.43041,0.47351,0.94506,0.41658,0.05890,0.21430,8.01,0.00,0.149,0,0.0
1067,1067.0,1452,4928,0.43049,0.47360,0.94507,0.41658,0.05914,0.21430,8.01,0.00,0.149,0,0.0
1068,1068.0,1450,4928,0.43056,0.47368,0.94507,0.41658,0.05938,0.21430,8.01,0.00,0.149,0,0.0
1069,1069.0,1445,4929,0.43087,0.47404,0.94508,0.41741,0.05963,0.21430,8.01,0.00,0.149,0,0.0
1070,1070.0,1438,4931,0.43143,0.47467,0.94510,0.41905,0.05987,0.21430,8.01,0.00,0.149,0,0.0
1071,1071.0,1433,4933,0.43200,0.47531,0.94512,0.42069,0.06011,0.21430,8.01,0.00,0.149,0,0.0
1072,1072.0,1430,4933,0.43207,0.47539,0.94512,0.42069,0.06036,0.21430,8.01,0.00,0.148,0,0.0
1073,1073.0,1421,4935,0.43263,0.47603,0.94514,0.42234,0.06060,0.21430,8.01,0.00,0.148,0,0.0
1074,1074.0,1418,4935,0.43270,0.47611,0.94514,0.42234,0.06085,0.21430,8.01,0.00,0.148,0,0.0
1075,1075.0,1413,4935,0.43277,0.47619,0.94514,0.42234,0.06109,0.21430,8.01,0.00,0.148,0,0.0
1076,1076.0,1408,4937,0.43309,0.47655,0.94516,0.42316,0.06133,0.21430,8.01,0.00,0.148,0,0.0
1077,1077.0,1399,4939,0.43317,0.47664,0.94518,0.42316,0.06158,0.21430,8.01,0.00,0.148,0,0.0
1078,1078.0,1398,4939,0.43324,0.47672,0.94518,0.42316,0.06182,0.21430,8.01,0.00,0.148,0,0.0
1079,1079.0,1393,4940,0.43356,0.47708,0.94519,0.42398,0.06207,0.21430,8.01,0.00,0.148,0,0.0
1080,1080.0,1385,4941,0.43363,0.47717,0.94520,0.42398,0.06231,0.21430,8.01,0.00,0.148,0,0.0
1081,1081.0,1382,4941,0.43371,0.47725,0.94520,0.42398,0.06256,0.21430,8.01,0.00,0.148,0,0.0
1082,1082.0,1382,4943,0.43403,0.47761,0.94522,0.42480,0.06280,0.21430,8.01,0.00,0.148,0,0.0
1083,1083.0,1380,4944,0.43410,0.47769,0.94523,0.42480,0.06305,0.21430,8.01,0.00,0.148,0,0.0
1084,1084.0,1372,4944,0.43417,0.47778,0.94523,0.42480,0.06329,0.21430,8.01,0.00,0.148,0,0.0
1085,1085.0,1368,4944,0.43424,0.47786,0.94523,0.42480,0.06353,0.21430,8.01,0.00,0.148,0,0.0
1086,1086.0,1362,4945,0.43456,0.47822,0.94524,0.42563,0.06378,0.21430,8.01,0.00,0.148,0,0.0
1087,1087.0,1358,4945,0.43463,0.47830,0.94524,0.42563,0.06402,0.21430,8.01,0.00,0.147,0,0.0
1088,1088.0,1356,4946,0.43495,0.47866,0.94526,0.42645,0.06427,0.21430,8.01,0.00,0.147,0,0.0
1089,1089.0,1351,4947,0.43527,0.47902,0.94527,0.42727,0.06452,0.21430,8.01,0.00,0.147,0,0.0
1090,1090.0,1347,4947,0.43534,0.47910,0.94527,0.42727,0.06476,0.21430,8.01,0.00,0.147,0,0.0
1091,1091.0,1343,4949,0.43566,0.47946,0.94529,0.42809,0.06501,0.21430,8.01,0.00,0.147,0,0.0
1092,1092.0,1335,4949,0.43573,0.47954,0.94529,0.42809,0.06525,0.21430,8.01,0.00,0.147,0,0.0
1093,1093.0,1332,4949,0.43580,0.47963,0.94529,0.42809,0.06550,0.21430,8.01,0.00,0.147,0,0.0
1094,1094.0,1329,4949,0.43588,0.47971,0.94529,0.42809,0.06574,0.21430,8.01,0.00,0.147,0,0.0
1095,1095.0,1324,4950,0.43619,0.48007,0.94530,0.42891,0.06599,0.21430,8.01,0.00,0.147,0,0.0
1096,1096.0,1318,4950,0.43627,0.48015,0.94530,0.42891,0.06623,0.21430,8.01,0.00,0.147,0,0.0
1097,1097.0,1315,4951,0.43634,0.48023,0.94531,0.42891,0.06648,0.21430,8.01,0.00,0.147,0,0.0
1098,1098.0,1309,4951,0.43641,0.48032,0.94531,0.42891,0.06672,0.21430,8.01,0.00,0.147,0,0.0
1099,1099.0,1302,4951,0.43649,0.48040,0.94531,0.42891,0.06697,0.21430,8.01,0.00,0.147,0,0.0
1100,1100.0,1297,4952,0.43680,0.48076,0.94532,0.42974,0.06722,0.21430,8.01,0.00,0.147,0,0.0
1101,1101.0,1292,4952,0.43688,0.48084,0.94532,0.42974,0.06746,0.21430,8.01,0.00,0.147,0,0.0
1102,1102.0,1284,4952,0.43695,0.48092,0.94532,0.42974,0.06771,0.21430,8.01,0.00,0.147,0,0.0
1103,1103.0,1279,4952,0.43702,0.48100,0.94532,0.42974,0.06795,0.21430,8.01,0.00,0.147,0,0.0
1104,1104.0,1275,4953,0.43709,0.48109,0.94533,0.42974,0.06820,0.21430,8.01,0.00,0.147,0,0.0
1105,1105.0,1271,4954,0.43741,0.48145,0.94534,0.43056,0.06844,0.21430,8.01,0.00,0.147,0,0.0
1106,1106.0,1270,4954,0.43748,0.48153,0.94534,0.43056,0.06869,0.21430,8.01,0.00,0.146,0,0.0
1107,1107.0,1265,4954,0.43756,0.48161,0.94534,0.43056,0.06894,0.21430,8.01,0.00,0.146,0,0.0
1108,1108.0,1262,4954,0.43763,0.48169,0.94534,0.43056,0.06918,0.21430,8.01,0.00,0.146,0,0.0
1109,1109.0,1258,4954,0.43770,0.48178,0.94534,0.43056,0.06943,0.21430,8.01,0.00,0.146,0,0.0
1110,1110.0,1256,4956,0.43802,0.48214,0.94536,0.43138,0.06967,0.21430,8.01,0.00,0.146,0,0.0
1111,1111.0,1250,4957,0.43834,0.48250,0.94537,0.43220,0.06992,0.21430,8.01,0.00,0.146,0,0.0
1112,1112.0,1251,4958,0.43841,0.48258,0.94538,0.43220,0.07017,0.21430,8.01,0.00,0.146,0,0.0
1113,1113.0,1248,4958,0.43849,0.48266,0.94538,0.43220,0.07041,0.21430,8.01,0.00,0.146,0,0.0
1114,1114.0,1246,4958,0.43856,0.48275,0.94538,0.43220,0.07066,0.21430,8.01,0.00,0.146,0,0.0
1115,1115.0,1244,4959,0.43888,0.48311,0.94539,0.43302,0.07090,0.21430,8.01,0.00,0.146,0,0.0
1116,1116.0,1240,4960,0.43919,0.48346,0.94540,0.43385,0.07115,0.21430,8.01,0.00,0.146,0,0.0
1117,1117.0,1234,4960,0.43927,0.48355,0.94540,0.43385,0.07139,0.21430,8.01,0.00,0.146,0,0.0
1118,1118.0,1231,4961,0.43958,0.48391,0.94541,0.43467,0.07164,0.21430,8.01,0.00,0.146,0,0.0
1119,1119.0,1227,4962,0.43990,0.48427,0.94542,0.43549,0.07189,0.21430,8.01,0.00,0.146,0,0.0
1120,1120.0,1224,4963,0.43998,0.48435,0.94543,0.43549,0.07213,0.21430,8.01,0.00,0.146,0,0.0
1121,1121.0,1220,4963,0.44005,0.48443,0.94543,0.43549,0.07238,0.21430,8.01,0.00,0.146,0,0.0
1122,1122.0,1216,4964,0.44036,0.48479,0.94544,0.43631,0.07262,0.21430,8.01,0.00,0.146,0,0.0
1123,1123.0,1213,4965,0.44068,0.48515,0.94545,0.43714,0.07287,0.21430,8.01,0.00,0.146,0,0.0
1124,1124.0,1209,4965,0.44075,0.48523,0.94545,0.43714,0.07311,0.21430,8.01,0.00,0.146,0,0.0
1125,1125.0,1205,4966,0.44107,0.48559,0.94546,0.43796,0.07336,0.21430,8.01,0.00,0.146,0,0.0
1126,1126.0,1201,4966,0.44114,0.48567,0.94546,0.43796,0.07360,0.21430,8.01,0.00,0.146,0,0.0
1127,1127.0,1201,4968,0.44170,0.48631,0.94548,0.43960,0.07385,0.21430,8.01,0.00,0.146,0,0.0
1128,1128.0,1199,4969,0.44178,0.48640,0.94549,0.43960,0.07409,0.21430,8.01,0.00,0.146,0,0.0
1129,1129.0,1198,4969,0.44185,0.48648,0.94549,0.43960,0.07434,0.21430,8.01,0.00,0.146,0,0.0
1130,1130.0,1196,4970,0.44193,0.48656,0.94551,0.43960,0.07458,0.21430,8.01,0.00,0.146,0,0.0
1131,1131.0,1191,4971,0.44200,0.48665,0.94552,0.43960,0.07483,0.21430,8.01,0.00,0.145,0,0.0
1132,1132.0,1190,4972,0.44208,0.48674,0.94553,0.43960,0.07508,0.21430,8.01,0.00,0.145,0,0.0
1133,1133.0,1189,4972,0.44215,0.48682,0.94553,0.43960,0.07533,0.21430,8.01,0.00,0.145,0,0.0
1134,1134.0,1187,4973,0.44223,0.48691,0.94554,0.43960,0.07558,0.21430,8.01,0.00,0.145,0,0.0
1135,1135.0,1182,4973,0.44230,0.48699,0.94554,0.43960,0.07583,0.21430,8.01,0.00,0.145,0,0.0
1136,1136.0,1181,4976,0.44311,0.48790,0.94557,0.44207,0.07608,0.21430,8.01,0.00,0.145,0,0.0
1137,1137.0,1179,4978,0.44343,0.48827,0.94559,0.44289,0.07633,0.21430,8.01,0.00,0.145,0,0.0
1138,1138.0,1172,4978,0.44350,0.48835,0.94559,0.44289,0.07658,0.21430,8.01,0.00,0.145,0,0.0
1139,1139.0,1167,4979,0.44358,0.48844,0.94560,0.44289,0.07683,0.21430,8.01,0.00,0.145,0,0.0
1140,1140.0,1165,4980,0.44390,0.48880,0.94561,0.44371,0.07708,0.21430,8.01,0.00,0.145,0,0.0
1141,1141.0,1161,4982,0.44446,0.48944,0.94563,0.44536,0.07732,0.21430,8.01,0.00,0.145,0,0.0
1142,1142.0,1156,4982,0.44453,0.48952,0.94563,0.44536,0.07757,0.21430,8.01,0.00,0.145,0,0.0
1143,1143.0,1149,4982,0.44461,0.48960,0.94563,0.44536,0.07782,0.21430,8.01,0.00,0.145,0,0.0
1144,1144.0,1147,4982,0.44468,0.48968,0.94563,0.44536,0.07807,0.21430,8.01,0.00,0.145,0,0.0
1145,1145.0,1147,4984,0.44500,0.49005,0.94565,0.44618,0.07832,0.21430,8.01,0.00,0.145,0,0.0
1146,1146.0,1146,4985,0.44532,0.49041,0.94566,0.44700,0.07857,0.21430,8.01,0.00,0.145,0,0.0
1147,1147.0,1146,4987,0.44564,0.49077,0.94568,0.44782,0.07882,0.21430,8.01,0.00,0.145,0,0.0
1148,1148.0,1143,4989,0.44572,0.49086,0.94570,0.44782,0.07907,0.21430,8.01,0.00,0.145,0,0.0
1149,1149.0,1145,4991,0.44604,0.49123,0.94572,0.44864,0.07932,0.21430,8.01,0.00,0.145,0,0.0
1150,1150.0,1144,4991,0.44612,0.49131,0.94572,0.44864,0.07957,0.21430,8.01,0.00,0.145,0,0.0
1151,1151.0,1141,4992,0.44619,0.49140,0.94573,0.44864,0.07983,0.21430,8.01,0.00,0.145,0,0.0
1152,1152.0,1143,4994,0.44652,0.49177,0.94575,0.44947,0.08008,0.21430,8.01,0.00,0.145,0,0.0
1153,1153.0,1139,4995,0.44684,0.49213,0.94576,0.45029,0.08033,0.21430,8.01,0.00,0.145,0,0.0
1154,1154.0,1137,4995,0.44691,0.49221,0.94576,0.45029,0.08058,0.21430,8.01,0.00,0.144,0,0.0
1155,1155.0,1135,4995,0.44698,0.49229,0.94576,0.45029,0.08083,0.21430,8.01,0.00,0.144,0,0.0
1156,1156.0,1134,4996,0.44706,0.49238,0.94577,0.45029,0.08108,0.21430,8.01,0.00,0.144,0,0.0
1157,1157.0,1135,4997,0.44714,0.49247,0.94578,0.45029,0.08133,0.21430,8.01,0.00,0.144,0,0.0
1158,1158.0,1133,4997,0.44721,0.49255,0.94578,0.45029,0.08158,0.21430,8.01,0.00,0.144,0,0.0
1159,1159.0,1133,4999,0.44729,0.49264,0.94580,0.45029,0.08183,0.21430,8.01,0.00,0.144,0,0.0
1160,1160.0,1132,5000,0.44737,0.49273,0.94581,0.45029,0.08209,0.21430,8.01,0.00,0.144,0,0.0
1161,1161.0,1130,5000,0.44744,0.49281,0.94581,0.45029,0.08234,0.21430,8.01,0.00,0.144,0,0.0
1162,1162.0,1128,5000,0.44751,0.49290,0.94581,0.45029,0.08259,0.21430,8.01,0.00,0.144,0,0.0
1163,1163.0,1127,5000,0.44759,0.49298,0.94581,0.45029,0.08284,0.21430,8.01,0.00,0.144,0,0.0
1164,1164.0,1128,5002,0.44791,0.49334,0.94583,0.45111,0.08309,0.21430,8.01,0.00,0.144,0,0.0
1165,1165.0,1127,5002,0.44798,0.49343,0.94583,0.45111,0.08334,0.21430,8.01,0.00,0.144,0,0.0
1166,1166.0,1126,5004,0.44830,0.49379,0.94586,0.45193,0.08359,0.21430,8.01,0.00,0.144,0,0.0
1167,1167.0,1128,5006,0.44887,0.49443,0.94588,0.45358,0.08384,0.21430,8.01,0.00,0.144,0,0.0
1168,1168.0,1126,5007,0.44895,0.49452,0.94589,0.45358,0.08410,0.21430,8.01,0.00,0.144,0,0.0
1169,1169.0,1126,5008,0.44927,0.49488,0.94590,0.45440,0.08435,0.21430,8.01,0.00,0.144,0,0.0
1170,1170.0,1126,5008,0.44934,0.49497,0.94590,0.45440,0.08460,0.21430,8.01,0.00,0.144,0,0.0
1171,1171.0,1126,5009,0.44942,0.49505,0.94591,0.45440,0.08486,0.21430,8.01,0.00,0.144,0,0.0
1172,1172.0,1125,5009,0.44949,0.49514,0.94591,0.45440,0.08511,0.21430,8.01,0.00,0.144,0,0.0
1173,1173.0,1124,5010,0.44957,0.49523,0.94592,0.45440,0.08537,0.21430,8.01,0.00,0.144,0,0.0
1174,1174.0,1123,5010,0.44965,0.49531,0.94592,0.45440,0.08562,0.21430,8.01,0.00,0.144,0,0.0
1175,1175.0,1122,5011,0.44972,0.49540,0.94593,0.45440,0.08588,0.21430,8.01,0.00,0.144,0,0.0
1176,1176.0,1122,5012,0.44980,0.49549,0.94594,0.45440,0.08613,0.21430,8.01,0.00,0.144,0,0.0
1177,1177.0,1121,5013,0.45012,0.49585,0.94595,0.45522,0.08639,0.21430,8.01,0.00,0.144,0,0.0
1178,1178.0,1120,5014,0.45020,0.49594,0.94596,0.45522,0.08664,0.21430,8.01,0.00,0.144,0,0.0
1179,1179.0,1119,5014,0.45027,0.49602,0.94596,0.45522,0.08690,0.21430,8.01,0.00,0.144,0,0.0
1180,1180.0,1119,5015,0.45035,0.49611,0.94597,0.45522,0.08715,0.21430,8.01,0.00,0.144,0,0.0
1181,1181.0,1120,5016,0.45067,0.49647,0.94598,0.45604,0.08740,0.21430,8.01,0.00,0.144,0,0.0
1182,1182.0,1120,5017,0.45099,0.49684,0.94599,0.45687,0.08766,0.21430,8.01,0.00,0.144,0,0.0
1183,1183.0,1119,5017,0.45107,0.49692,0.94599,0.45687,0.08791,0.21430,8.01,0.00,0.144,0,0.0
1184,1184.0,1118,5017,0.45114,0.49700,0.94599,0.45687,0.08816,0.21430,8.01,0.00,0.144,0,0.0
1185,1185.0,1118,5017,0.45121,0.49709,0.94599,0.45687,0.08841,0.21430,8.01,0.00,0.144,0,0.0
1186,1186.0,1117,5018,0.45153,0.49745,0.94600,0.45769,0.08866,0.21430,8.01,0.00,0.144,0,0.0
1187,1187.0,1117,5019,0.45161,0.49754,0.94601,0.45769,0.08891,0.21430,8.01,0.00,0.144,0,0.0
1188,1188.0,1119,5021,0.45193,0.49790,0.94603,0.45851,0.08916,0.21430,8.01,0.00,0.144,0,0.0
1189,1189.0,1118,5021,0.45200,0.49798,0.94603,0.45851,0.08942,0.21430,8.01,0.00,0.144,0,0.0
1190,1190.0,1118,5022,0.45232,0.49835,0.94604,0.45933,0.08967,0.21430,8.01,0.00,0.144,0,0.0
1191,1191.0,1118,5024,0.45264,0.49871,0.94606,0.46015,0.08992,0.21430,8.01,0.00,0.144,0,0.0
1192,1192.0,1119,5025,0.45296,0.49907,0.94607,0.46098,0.09016,0.21430,8.01,0.00,0.144,0,0.0
1193,1193.0,1120,5026,0.45328,0.49943,0.94608,0.46180,0.09041,0.21430,8.01,0.00,0.144,0,0.0
1194,1194.0,1120,5026,0.45335,0.49951,0.94608,0.46180,0.09067,0.21430,8.01,0.00,0.144,0,0.0
1195,1195.0,1119,5027,0.45367,0.49988,0.94609,0.46262,0.09092,0.21430,8.01,0.00,0.144,0,0.0
1196,1196.0,1117,5027,0.45375,0.49996,0.94609,0.46262,0.09117,0.21430,8.01,0.00,0.144,0,0.0
1197,1197.0,1116,5027,0.45382,0.50004,0.94609,0.46262,0.09142,0.21430,8.01,0.00,0.144,0,0.0
1198,1198.0,1115,5027,0.45389,0.50013,0.94609,0.46262,0.09167,0.21430,8.01,0.00,0.144,0,0.0
1199,1199.0,1114,5027,0.45397,0.50021,0.94609,0.46262,0.09192,0.21430,8.01,0.00,0.144,0,0.0
1200,1200.0,1114,5027,0.45404,0.50029,0.94609,0.46262,0.09217,0.21430,8.01,0.00,0.144,0,0.0
1201,1201.0,1116,5029,0.45480,0.50115,0.94611,0.46492,0.09243,0.21430,8.01,0.00,0.144,0,0.0
1202,1202.0,1115,5029,0.45487,0.50124,0.94611,0.46492,0.09268,0.21430,8.01,0.00,0.144,0,0.0
1203,1203.0,1115,5030,0.45495,0.50132,0.94612,0.46492,0.09293,0.21430,8.01,0.00,0.144,0,0.0
1204,1204.0,1115,5032,0.45503,0.50141,0.94614,0.46492,0.09318,0.21430,8.01,0.00,0.144,0,0.0
1205,1205.0,1115,5032,0.45510,0.50150,0.94614,0.46492,0.09343,0.21430,8.01,0.00,0.144,0,0.0
1206,1206.0,1114,5032,0.45518,0.50158,0.94614,0.46492,0.09368,0.21430,8.01,0.00,0.144,0,0.0
1207,1207.0,1114,5032,0.45525,0.50166,0.94614,0.46492,0.09393,0.21430,8.01,0.00,0.144,0,0.0
1208,1208.0,1115,5033,0.45557,0.50202,0.94615,0.46574,0.09418,0.21430,8.01,0.00,0.144,0,0.0
1209,1209.0,1115,5033,0.45564,0.50211,0.94615,0.46574,0.09443,0.21430,8.01,0.00,0.144,0,0.0
1210,1210.0,1115,5033,0.45572,0.50219,0.94615,0.46574,0.09468,0.21430,8.01,0.00,0.144,0,0.0
1211,1211.0,1115,5033,0.45579,0.50227,0.94615,0.46574,0.09493,0.21430,8.01,0.00,0.144,0,0.0
1212,1212.0,1115,5033,0.45586,0.50236,0.94615,0.46574,0.09518,0.21430,8.01,0.00,0.144,0,0.0
1213,1213.0,1114,5033,0.45594,0.50244,0.94615,0.46574,0.09543,0.21430,8.01,0.00,0.144,0,0.0
1214,1214.0,1115,5034,0.45601,0.50253,0.94616,0.46574,0.09568,0.21430,8.01,0.00,0.144,0,0.0
1215,1215.0,1113,5034,0.45609,0.50261,0.94616,0.46574,0.09593,0.21430,8.01,0.00,0.144,0,0.0
1216,1216.0,1111,5034,0.45616,0.50269,0.94616,0.46574,0.09618,0.21430,8.01,0.00,0.144,0,0.0
1217,1217.0,1111,5034,0.45623,0.50278,0.94616,0.46574,0.09642,0.21430,8.01,0.00,0.144,0,0.0
1218,1218.0,1112,5035,0.45631,0.50286,0.94617,0.46574,0.09667,0.21430,8.01,0.00,0.144,0,0.0
1219,1219.0,1111,5035,0.45638,0.50294,0.94617,0.46574,0.09692,0.21430,8.01,0.00,0.144,0,0.0
1220,1220.0,1112,5037,0.45694,0.50358,0.94619,0.46739,0.09717,0.21430,8.01,0.00,0.144,0,0.0
1221,1221.0,1111,5037,0.45702,0.50366,0.94619,0.46739,0.09741,0.21430,8.01,0.00,0.144,0,0.0
1222,1222.0,1111,5037,0.45709,0.50375,0.94619,0.46739,0.09766,0.21430,8.01,0.00,0.144,0,0.0
1223,1223.0,1110,5037,0.45716,0.50383,0.94619,0.46739,0.09791,0.21430,8.01,0.00,0.144,0,0.0
1224,1224.0,1110,5038,0.45724,0.50391,0.94620,0.46739,0.09815,0.21430,8.01,0.00,0.144,0,0.0
1225,1225.0,1109,5038,0.45731,0.50399,0.94620,0.46739,0.09839,0.21430,8.01,0.00,0.144,0,0.0
1226,1226.0,1109,5038,0.45738,0.50408,0.94620,0.46739,0.09864,0.21430,8.01,0.00,0.144,0,0.0
1227,1227.0,1110,5039,0.45745,0.50416,0.94621,0.46739,0.09888,0.21430,8.01,0.00,0.143,0,0.0
1228,1228.0,1110,5039,0.45752,0.50424,0.94621,0.46739,0.09912,0.21430,8.01,0.00,0.143,0,0.0
1229,1229.0,1107,5039,0.45760,0.50432,0.94621,0.46739,0.09937,0.21430,8.01,0.00,0.143,0,0.0
1230,1230.0,1105,5039,0.45767,0.50440,0.94621,0.46739,0.09961,0.21430,8.01,0.00,0.143,0,0.0
1231,1231.0,1105,5039,0.45774,0.50448,0.94621,0.46739,0.09985,0.21430,8.01,0.00,0.143,0,0.0
1232,1232.0,1105,5039,0.45781,0.50456,0.94621,0.46739,0.10009,0.21430,8.01,0.00,0.143,0,0.0
1233,1233.0,1105,5039,0.45788,0.50464,0.94621,0.46739,0.10033,0.21430,8.01,0.00,0.143,0,0.0
1234,1234.0,1106,5040,0.45795,0.50473,0.94622,0.46739,0.10057,0.21430,8.01,0.00,0.143,0,0.0
1235,1235.0,1106,5040,0.45802,0.50481,0.94622,0.46739,0.10082,0.21430,8.01,0.00,0.143,0,0.0
1236,1236.0,1105,5040,0.45810,0.50489,0.94622,0.46739,0.10106,0.21430,8.01,0.00,0.143,0,0.0
1237,1237.0,1103,5040,0.45817,0.50497,0.94622,0.46739,0.10130,0.21430,8.01,0.00,0.143,0,0.0
1238,1238.0,1100,5040,0.45824,0.50505,0.94622,0.46739,0.10154,0.21430,8.01,0.00,0.143,0,0.0
1239,1239.0,1099,5040,0.45831,0.50513,0.94622,0.46739,0.10178,0.21430,8.01,0.00,0.143,0,0.0
1240,1240.0,1099,5040,0.45838,0.50521,0.94622,0.46739,0.10202,0.21430,8.01,0.00,0.143,0,0.0
1241,1241.0,1096,5040,0.45845,0.50529,0.94622,0.46739,0.10226,0.21430,8.01,0.00,0.143,0,0.0
1242,1242.0,1095,5040,0.45852,0.50537,0.94622,0.46739,0.10250,0.21430,8.01,0.00,0.143,0,0.0
1243,1243.0,1091,5040,0.45859,0.50545,0.94622,0.46739,0.10274,0.21430,8.01,0.00,0.143,0,0.0
1244,1244.0,1090,5040,0.45866,0.50553,0.94622,0.46739,0.10297,0.21430,8.01,0.00,0.143,0,0.0
1245,1245.0,1089,5040,0.45873,0.50561,0.94622,0.46739,0.10321,0.21430,8.01,0.00,0.143,0,0.0
1246,1246.0,1087,5040,0.45880,0.50569,0.94622,0.46739,0.10345,0.21430,8.01,0.00,0.143,0,0.0
1247,1247.0,1087,5040,0.45887,0.50577,0.94622,0.46739,0.10369,0.21430,8.01,0.00,0.143,0,0.0
1248,1248.0,1086,5040,0.45894,0.50585,0.94622,0.46739,0.10393,0.21430,8.01,0.00,0.143,0,0.0
1249,1249.0,1086,5041,0.45925,0.50620,0.94623,0.46821,0.10416,0.21430,8.01,0.00,0.143,0,0.0
1250,1250.0,1083,5041,0.45932,0.50628,0.94623,0.46821,0.10440,0.21430,8.01,0.00,0.143,0,0.0
1251,1251.0,1083,5042,0.45964,0.50664,0.94624,0.46903,0.10464,0.21430,8.01,0.00,0.143,0,0.0
1252,1252.0,1083,5042,0.45971,0.50672,0.94624,0.46903,0.10487,0.21430,8.01,0.00,0.143,0,0.0
1253,1253.0,1083,5042,0.45978,0.50679,0.94624,0.46903,0.10511,0.21430,8.01,0.00,0.143,0,0.0
1254,1254.0,1081,5042,0.45985,0.50687,0.94624,0.46903,0.10535,0.21430,8.01,0.00,0.143,0,0.0
1255,1255.0,1077,5042,0.45992,0.50695,0.94624,0.46903,0.10559,0.21430,8.01,0.00,0.143,0,0.0
1256,1256.0,1077,5043,0.45999,0.50703,0.94625,0.46903,0.10582,0.21430,8.01,0.00,0.143,0,0.0
1257,1257.0,1074,5043,0.46006,0.50711,0.94625,0.46903,0.10606,0.21430,8.01,0.00,0.143,0,0.0
1258,1258.0,1075,5044,0.46037,0.50747,0.94626,0.46985,0.10629,0.21430,8.01,0.00,0.143,0,0.0
1259,1259.0,1075,5045,0.46069,0.50783,0.94627,0.47068,0.10653,0.21430,8.01,0.00,0.143,0,0.0
1260,1260.0,1074,5045,0.46076,0.50790,0.94627,0.47068,0.10677,0.21430,8.01,0.00,0.143,0,0.0
1261,1261.0,1073,5045,0.46083,0.50798,0.94627,0.47068,0.10700,0.21430,8.01,0.00,0.143,0,0.0
1262,1262.0,1073,5046,0.46090,0.50807,0.94628,0.47068,0.10724,0.21430,8.01,0.00,0.143,0,0.0
1263,1263.0,1072,5047,0.46097,0.50815,0.94629,0.47068,0.10747,0.21430,8.01,0.00,0.143,0,0.0
1264,1264.0,1072,5047,0.46104,0.50823,0.94629,0.47068,0.10771,0.21430,8.01,0.00,0.143,0,0.0
1265,1265.0,1068,5047,0.46111,0.50830,0.94629,0.47068,0.10795,0.21430,8.01,0.00,0.143,0,0.0
1266,1266.0,1067,5047,0.46118,0.50838,0.94629,0.47068,0.10818,0.21430,8.01,0.00,0.143,0,0.0
1267,1267.0,1067,5047,0.46125,0.50846,0.94629,0.47068,0.10841,0.21430,8.01,0.00,0.143,0,0.0
1268,1268.0,1066,5047,0.46132,0.50854,0.94629,0.47068,0.10865,0.21430,8.01,0.00,0.143,0,0.0
1269,1269.0,1065,5047,0.46138,0.50862,0.94629,0.47068,0.10888,0.21430,8.01,0.00,0.143,0,0.0
1270,1270.0,1065,5047,0.46145,0.50869,0.94629,0.47068,0.10911,0.21430,8.01,0.00,0.143,0,0.0
1271,1271.0,1065,5047,0.46152,0.50877,0.94629,0.47068,0.10935,0.21430,8.01,0.00,0.143,0,0.0
1272,1272.0,1064,5047,0.46159,0.50885,0.94629,0.47068,0.10958,0.21430,8.01,0.00,0.143,0,0.0
1273,1273.0,1064,5048,0.46166,0.50893,0.94630,0.47068,0.10981,0.21430,8.01,0.00,0.143,0,0.0
1274,1274.0,1065,5049,0.46198,0.50929,0.94631,0.47150,0.11005,0.21430,8.01,0.00,0.143,0,0.0
1275,1275.0,1065,5050,0.46239,0.50975,0.94632,0.47265,0.11028,0.21430,8.01,0.00,0.143,0,0.0
1276,1276.0,1064,5050,0.46245,0.50983,0.94632,0.47265,0.11051,0.21430,8.01,0.00,0.143,0,0.0
1277,1277.0,1063,5050,0.46252,0.50991,0.94632,0.47265,0.11075,0.21430,8.01,0.00,0.143,0,0.0
1278,1278.0,1062,5050,0.46259,0.50998,0.94632,0.47265,0.11098,0.21430,8.01,0.00,0.143,0,0.0
1279,1279.0,1062,5050,0.46266,0.51006,0.94632,0.47265,0.11121,0.21430,8.01,0.00,0.143,0,0.0
1280,1280.0,1063,5052,0.46273,0.51015,0.94634,0.47265,0.11145,0.21430,8.01,0.00,0.143,0,0.0
1281,1281.0,1063,5053,0.46281,0.51023,0.94635,0.47265,0.11168,0.21430,8.01,0.00,0.143,0,0.0
1283,1283.0,1063,5054,0.46295,0.51039,0.94636,0.47265,0.11215,0.21430,8.01,0.00,0.143,0,0.0
1284,1284.0,1060,5054,0.46302,0.51046,0.94636,0.47265,0.11238,0.21430,8.01,0.00,0.143,0,0.0
1285,1285.0,1061,5055,0.46309,0.51055,0.94637,0.47265,0.11262,0.21430,8.01,0.00,0.143,0,0.0
1286,1286.0,1059,5055,0.46316,0.51062,0.94637,0.47265,0.11285,0.21430,8.01,0.00,0.143,0,0.0
1287,1287.0,1059,5055,0.46323,0.51070,0.94637,0.47265,0.11309,0.21430,8.01,0.00,0.143,0,0.0
1288,1288.0,1057,5055,0.46330,0.51078,0.94637,0.47265,0.11332,0.21430,8.01,0.00,0.143,0,0.0
1289,1289.0,1058,5056,0.46361,0.51114,0.94638,0.47347,0.11356,0.21430,8.01,0.00,0.143,0,0.0
1290,1290.0,1057,5056,0.46368,0.51122,0.94638,0.47347,0.11379,0.21430,8.01,0.00,0.143,0,0.0
1291,1291.0,1056,5056,0.46375,0.51129,0.94638,0.47347,0.11403,0.21430,8.01,0.00,0.143,0,0.0
1292,1292.0,1056,5056,0.46382,0.51137,0.94638,0.47347,0.11426,0.21430,8.01,0.00,0.143,0,0.0
1293,1293.0,1057,5058,0.46448,0.51213,0.94640,0.47548,0.11450,0.21430,8.01,0.00,0.143,0,0.0
1294,1294.0,1054,5058,0.46455,0.51220,0.94640,0.47548,0.11473,0.21430,8.01,0.00,0.143,0,0.0
1295,1295.0,1048,5058,0.46462,0.51228,0.94640,0.47548,0.11497,0.21430,8.01,0.00,0.143,0,0.0
1296,1296.0,1046,5058,0.46469,0.51236,0.94640,0.47548,0.11520,0.21430,8.01,0.00,0.143,0,0.0
1297,1297.0,1046,5058,0.46476,0.51244,0.94640,0.47548,0.11543,0.21430,8.01,0.00,0.143,0,0.0
1298,1298.0,1047,5060,0.46507,0.51280,0.94642,0.47630,0.11567,0.21430,8.01,0.00,0.143,0,0.0
1299,1299.0,1047,5060,0.46514,0.51287,0.94642,0.47630,0.11590,0.21430,8.01,0.00,0.143,0,0.0
1300,1300.0,1046,5060,0.46521,0.51295,0.94642,0.47630,0.11613,0.21430,8.01,0.00,0.143,0,0.0
1301,1301.0,1047,5061,0.46528,0.51303,0.94643,0.47630,0.11637,0.21430,8.01,0.00,0.143,0,0.0
1302,1302.0,1046,5062,0.46535,0.51311,0.94644,0.47630,0.11660,0.21430,8.01,0.00,0.143,0,0.0
1303,1303.0,1047,5063,0.46543,0.51320,0.94645,0.47630,0.11683,0.21430,8.01,0.00,0.143,0,0.0
1304,1304.0,1047,5063,0.46549,0.51327,0.94645,0.47630,0.11707,0.21430,8.01,0.00,0.143,0,0.0
1305,1305.0,1047,5063,0.46556,0.51335,0.94645,0.47630,0.11730,0.21430,8.01,0.00,0.143,0,0.0
1306,1306.0,1048,5065,0.46564,0.51344,0.94647,0.47630,0.11753,0.21430,8.01,0.00,0.143,0,0.0
1307,1307.0,1049,5067,0.46571,0.51352,0.94649,0.47630,0.11777,0.21430,8.01,0.00,0.143,0,0.0
1308,1308.0,1049,5067,0.46578,0.51360,0.94649,0.47630,0.11800,0.21430,8.01,0.00,0.143,0,0.0
1309,1309.0,1048,5068,0.46585,0.51368,0.94650,0.47630,0.11823,0.21430,8.01,0.00,0.143,0,0.0
1310,1310.0,1049,5069,0.46592,0.51376,0.94651,0.47630,0.11847,0.21430,8.01,0.00,0.143,0,0.0
1311,1311.0,1049,5069,0.46599,0.51384,0.94651,0.47630,0.11870,0.21430,8.01,0.00,0.143,0,0.0
1312,1312.0,1051,5072,0.46607,0.51393,0.94654,0.47630,0.11893,0.21430,8.01,0.00,0.143,0,0.0
1313,1313.0,1051,5072,0.46614,0.51400,0.94654,0.47630,0.11917,0.21430,8.01,0.00,0.143,0,0.0
1314,1314.0,1052,5074,0.46621,0.51409,0.94656,0.47630,0.11940,0.21430,8.01,0.00,0.143,0,0.0
1315,1315.0,1054,5077,0.46629,0.51418,0.94659,0.47630,0.11963,0.21430,8.01,0.00,0.143,0,0.0
1316,1316.0,1053,5077,0.46636,0.51425,0.94659,0.47630,0.11987,0.21430,8.01,0.00,0.143,0,0.0
1317,1317.0,1059,5083,0.46678,0.51473,0.94665,0.47745,0.12010,0.21430,8.01,0.00,0.143,0,0.0
1318,1318.0,1064,5088,0.46687,0.51483,0.94670,0.47745,0.12033,0.21430,8.01,0.00,0.143,0,0.0
1319,1319.0,1068,5093,0.46719,0.51520,0.94675,0.47827,0.12057,0.21430,8.01,0.00,0.143,0,0.0
1320,1320.0,1077,5102,0.46729,0.51530,0.94684,0.47827,0.12080,0.21430,8.01,0.00,0.143,0,0.0
1321,1321.0,1079,5105,0.46736,0.51539,0.94687,0.47827,0.12103,0.21430,8.01,0.00,0.143,0,0.0
1322,1322.0,1082,5108,0.46744,0.51548,0.94690,0.47827,0.12127,0.21430,8.01,0.00,0.143,0,0.0
1323,1323.0,1082,5109,0.46751,0.51556,0.94691,0.47827,0.12150,0.21430,8.01,0.00,0.143,0,0.0
1324,1324.0,1084,5112,0.46759,0.51565,0.94694,0.47827,0.12173,0.21430,8.01,0.00,0.143,0,0.0
1325,1325.0,1086,5114,0.46835,0.51651,0.94696,0.48061,0.12196,0.21430,8.01,0.00,0.142,0,0.0
1326,1326.0,1086,5114,0.46842,0.51659,0.94696,0.48061,0.12220,0.21430,8.01,0.00,0.142,0,0.0
1327,1327.0,1086,5114,0.46849,0.51667,0.94696,0.48061,0.12243,0.21430,8.01,0.00,0.142,0,0.0
1328,1328.0,1086,5114,0.46856,0.51674,0.94696,0.48061,0.12266,0.21430,8.01,0.00,0.142,0,0.0
1329,1329.0,1085,5114,0.46862,0.51682,0.94696,0.48061,0.12290,0.21430,8.01,0.00,0.142,0,0.0
1330,1330.0,1085,5114,0.46869,0.51690,0.94696,0.48061,0.12313,0.21430,8.01,0.00,0.142,0,0.0
1331,1331.0,1086,5115,0.46876,0.51698,0.94697,0.48061,0.12336,0.21430,8.01,0.00,0.142,0,0.0
1332,1332.0,1086,5115,0.46883,0.51706,0.94697,0.48061,0.12359,0.21430,8.01,0.00,0.142,0,0.0
1333,1333.0,1086,5116,0.46890,0.51714,0.94698,0.48061,0.12383,0.21430,8.01,0.00,0.142,0,0.0
1334,1334.0,1086,5116,0.46897,0.51721,0.94698,0.48061,0.12406,0.21430,8.01,0.00,0.142,0,0.0
1335,1335.0,1086,5116,0.46904,0.51729,0.94698,0.48061,0.12429,0.21430,8.01,0.00,0.142,0,0.0
1336,1336.0,1085,5116,0.46911,0.51737,0.94698,0.48061,0.12452,0.21430,8.01,0.00,0.142,0,0.0
1337,1337.0,1084,5117,0.46987,0.51823,0.94699,0.48294,0.12475,0.21430,8.01,0.00,0.142,0,0.0
1338,1338.0,1085,5118,0.46994,0.51831,0.94700,0.48294,0.12498,0.21430,8.01,0.00,0.142,0,0.0
1339,1339.0,1085,5118,0.47000,0.51838,0.94700,0.48294,0.12521,0.21430,8.01,0.00,0.142,0,0.0
1340,1340.0,1084,5118,0.47007,0.51846,0.94700,0.48294,0.12544,0.21430,8.01,0.00,0.142,0,0.0
1341,1341.0,1083,5118,0.47014,0.51854,0.94700,0.48294,0.12567,0.21430,8.01,0.00,0.142,0,0.0
1342,1342.0,1083,5118,0.47021,0.51861,0.94700,0.48294,0.12590,0.21430,8.01,0.00,0.142,0,0.0
1343,1343.0,1083,5118,0.47027,0.51869,0.94700,0.48294,0.12613,0.21430,8.01,0.00,0.142,0,0.0
1344,1344.0,1083,5118,0.47034,0.51877,0.94700,0.48294,0.12636,0.21430,8.01,0.00,0.142,0,0.0
1345,1345.0,1083,5118,0.47041,0.51884,0.94700,0.48294,0.12659,0.21430,8.01,0.00,0.142,0,0.0
1346,1346.0,1084,5119,0.47048,0.51892,0.94701,0.48294,0.12682,0.21430,8.01,0.00,0.142,0,0.0
1347,1347.0,1084,5119,0.47055,0.51900,0.94701,0.48294,0.12705,0.21430,8.01,0.00,0.142,0,0.0
1348,1348.0,1085,5120,0.47121,0.51975,0.94702,0.48495,0.12728,0.21430,8.01,0.00,0.142,0,0.0
1349,1349.0,1086,5121,0.47128,0.51983,0.94703,0.48495,0.12751,0.21430,8.01,0.00,0.142,0,0.0
1350,1350.0,1090,5125,0.47160,0.52019,0.94707,0.48577,0.12774,0.21430,8.01,0.00,0.142,0,0.0
1351,1351.0,1091,5126,0.47167,0.52027,0.94708,0.48577,0.12797,0.21430,8.01,0.00,0.142,0,0.0
1352,1352.0,1093,5128,0.47174,0.52035,0.94710,0.48577,0.12819,0.21430,8.01,0.00,0.142,0,0.0
1353,1353.0,1093,5128,0.47181,0.52043,0.94710,0.48577,0.12842,0.21430,8.01,0.00,0.142,0,0.0
1354,1354.0,1092,5128,0.47188,0.52051,0.94710,0.48577,0.12865,0.21430,8.01,0.00,0.142,0,0.0
1355,1355.0,1092,5128,0.47194,0.52058,0.94710,0.48577,0.12888,0.21430,8.01,0.00,0.142,0,0.0
1356,1356.0,1092,5128,0.47201,0.52066,0.94710,0.48577,0.12911,0.21430,8.01,0.00,0.142,0,0.0
1357,1357.0,1091,5128,0.47208,0.52074,0.94710,0.48577,0.12934,0.21430,8.01,0.00,0.142,0,0.0
1358,1358.0,1091,5129,0.47239,0.52109,0.94711,0.48659,0.12957,0.21430,8.01,0.00,0.142,0,0.0
1359,1359.0,1092,5130,0.47246,0.52117,0.94711,0.48659,0.12980,0.21430,8.01,0.00,0.142,0,0.0
1360,1360.0,1092,5130,0.47253,0.52125,0.94711,0.48659,0.13003,0.21430,8.01,0.00,0.142,0,0.0
1361,1361.0,1092,5130,0.47260,0.52132,0.94711,0.48659,0.13026,0.21430,8.01,0.00,0.142,0,0.0
1362,1362.0,1092,5130,0.47266,0.52140,0.94711,0.48659,0.13049,0.21430,8.01,0.00,0.142,0,0.0
1363,1363.0,1092,5130,0.47273,0.52147,0.94711,0.48659,0.13072,0.21430,8.01,0.00,0.142,0,0.0
1364,1364.0,1092,5131,0.47280,0.52155,0.94712,0.48659,0.13095,0.21430,8.01,0.00,0.142,0,0.0
1365,1365.0,1092,5131,0.47287,0.52163,0.94712,0.48659,0.13117,0.21430,8.01,0.00,0.142,0,0.0
1366,1366.0,1092,5131,0.47293,0.52171,0.94712,0.48659,0.13140,0.21430,8.01,0.00,0.142,0,0.0
1367,1367.0,1089,5131,0.47300,0.52178,0.94712,0.48659,0.13163,0.21430,8.01,0.00,0.142,0,0.0
1368,1368.0,1088,5131,0.47307,0.52186,0.94712,0.48659,0.13185,0.21430,8.01,0.00,0.142,0,0.0
1369,1369.0,1088,5131,0.47313,0.52193,0.94712,0.48659,0.13208,0.21430,8.01,0.00,0.142,0,0.0
1370,1370.0,1086,5131,0.47320,0.52201,0.94712,0.48659,0.13231,0.21430,8.01,0.00,0.142,0,0.0
1371,1371.0,1086,5131,0.47327,0.52208,0.94712,0.48659,0.13253,0.21430,8.01,0.00,0.142,0,0.0
1372,1372.0,1086,5131,0.47333,0.52216,0.94712,0.48659,0.13276,0.21430,8.01,0.00,0.142,0,0.0
1373,1373.0,1088,5133,0.47340,0.52224,0.94714,0.48659,0.13298,0.21430,8.01,0.00,0.142,0,0.0
1374,1374.0,1088,5133,0.47347,0.52231,0.94714,0.48659,0.13321,0.21430,8.01,0.00,0.142,0,0.0
1375,1375.0,1087,5133,0.47354,0.52239,0.94714,0.48659,0.13343,0.21430,8.01,0.00,0.142,0,0.0
1376,1376.0,1087,5133,0.47360,0.52246,0.94714,0.48659,0.13365,0.21430,8.01,0.00,0.142,0,0.0
1377,1377.0,1087,5134,0.47391,0.52282,0.94715,0.48741,0.13388,0.21430,8.01,0.00,0.142,0,0.0
1378,1378.0,1087,5134,0.47398,0.52289,0.94715,0.48741,0.13410,0.21430,8.01,0.00,0.142,0,0.0
1379,1379.0,1085,5134,0.47405,0.52297,0.94715,0.48741,0.13433,0.21430,8.01,0.00,0.142,0,0.0
1380,1380.0,1085,5134,0.47411,0.52304,0.94715,0.48741,0.13455,0.21430,8.01,0.00,0.142,0,0.0
1381,1381.0,1084,5134,0.47418,0.52311,0.94715,0.48741,0.13478,0.21430,8.01,0.00,0.142,0,0.0
1382,1382.0,1084,5134,0.47424,0.52319,0.94715,0.48741,0.13500,0.21430,8.01,0.00,0.142,0,0.0
1383,1383.0,1083,5134,0.47431,0.52326,0.94715,0.48741,0.13523,0.21430,8.01,0.00,0.142,0,0.0
1384,1384.0,1082,5134,0.47438,0.52334,0.94715,0.48741,0.13545,0.21430,8.01,0.00,0.142,0,0.0
1385,1385.0,1080,5134,0.47444,0.52341,0.94715,0.48741,0.13568,0.21430,8.01,0.00,0.142,0,0.0
1386,1386.0,1076,5134,0.47451,0.52349,0.94715,0.48741,0.13590,0.21430,8.01,0.00,0.142,0,0.0
1387,1387.0,1069,5134,0.47457,0.52356,0.94715,0.48741,0.13612,0.21430,8.01,0.00,0.142,0,0.0
1388,1388.0,1067,5134,0.47464,0.52364,0.94715,0.48741,0.13635,0.21430,8.01,0.00,0.142,0,0.0
1389,1389.0,1065,5134,0.47471,0.52371,0.94715,0.48741,0.13657,0.21430,8.01,0.00,0.142,0,0.0
1390,1390.0,1062,5134,0.47477,0.52379,0.94715,0.48741,0.13679,0.21430,8.01,0.00,0.142,0,0.0
1391,1391.0,1057,5134,0.47484,0.52386,0.94715,0.48741,0.13702,0.21430,8.01,0.00,0.142,0,0.0
1392,1392.0,1055,5134,0.47490,0.52394,0.94715,0.48741,0.13724,0.21430,8.01,0.00,0.142,0,0.0
1393,1393.0,1054,5134,0.47497,0.52401,0.94715,0.48741,0.13747,0.21430,8.01,0.00,0.142,0,0.0
1394,1394.0,1051,5134,0.47503,0.52409,0.94715,0.48741,0.13769,0.21430,8.01,0.00,0.142,0,0.0
1395,1395.0,1050,5134,0.47510,0.52416,0.94715,0.48741,0.13791,0.21430,8.01,0.00,0.142,0,0.0
1396,1396.0,1049,5134,0.47517,0.52423,0.94715,0.48741,0.13813,0.21430,8.01,0.00,0.142,0,0.0
1397,1397.0,1049,5134,0.47523,0.52431,0.94715,0.48741,0.13836,0.21430,8.01,0.00,0.142,0,0.0
1398,1398.0,1047,5134,0.47530,0.52438,0.94715,0.48741,0.13858,0.21430,8.01,0.00,0.142,0,0.0
1399,1399.0,1045,5134,0.47536,0.52446,0.94715,0.48741,0.13880,0.21430,8.01,0.00,0.142,0,0.0
1400,1400.0,1041,5134,0.47543,0.52453,0.94715,0.48741,0.13902,0.21430,8.01,0.00,0.142,0,0.0
1401,1401.0,1039,5134,0.47549,0.52460,0.94715,0.48741,0.13925,0.21430,8.01,0.00,0.142,0,0.0
1402,1402.0,1039,5134,0.47556,0.52468,0.94715,0.48741,0.13947,0.21430,8.01,0.00,0.142,0,0.0
1403,1403.0,1037,5134,0.47562,0.52475,0.94715,0.48741,0.13969,0.21430,8.01,0.00,0.142,0,0.0
1404,1404.0,1035,5134,0.47569,0.52483,0.94715,0.48741,0.13991,0.21430,8.01,0.00,0.142,0,0.0
1405,1405.0,1035,5134,0.47575,0.52490,0.94715,0.48741,0.14013,0.21430,8.01,0.00,0.142,0,0.0
1406,1406.0,1035,5134,0.47582,0.52497,0.94715,0.48741,0.14035,0.21430,8.01,0.00,0.142,0,0.0
1407,1407.0,1035,5134,0.47588,0.52505,0.94715,0.48741,0.14058,0.21430,8.01,0.00,0.142,0,0.0
1408,1408.0,1035,5134,0.47595,0.52512,0.94715,0.48741,0.14080,0.21430,8.01,0.00,0.142,0,0.0
1409,1409.0,1035,5135,0.47602,0.52520,0.94716,0.48741,0.14102,0.21430,8.01,0.00,0.142,0,0.0
1410,1410.0,1034,5135,0.47608,0.52527,0.94716,0.48741,0.14124,0.21430,8.01,0.00,0.142,0,0.0
1411,1411.0,1034,5136,0.47615,0.52535,0.94717,0.48741,0.14146,0.21430,8.01,0.00,0.142,0,0.0
1412,1412.0,1034,5136,0.47621,0.52542,0.94717,0.48741,0.14168,0.21430,8.01,0.00,0.142,0,0.0
1413,1413.0,1032,5136,0.47628,0.52550,0.94717,0.48741,0.14191,0.21430,8.01,0.00,0.142,0,0.0
1414,1414.0,1033,5137,0.47635,0.52557,0.94718,0.48741,0.14213,0.21430,8.01,0.00,0.142,0,0.0
1415,1415.0,1033,5137,0.47641,0.52565,0.94718,0.48741,0.14235,0.21430,8.01,0.00,0.142,0,0.0
1416,1416.0,1033,5138,0.47648,0.52573,0.94719,0.48741,0.14257,0.21430,8.01,0.00,0.142,0,0.0
1417,1417.0,1033,5138,0.47655,0.52580,0.94719,0.48741,0.14279,0.21430,8.01,0.00,0.142,0,0.0
1418,1418.0,1032,5138,0.47661,0.52587,0.94719,0.48741,0.14301,0.21430,8.01,0.00,0.142,0,0.0
1419,1419.0,1032,5138,0.47668,0.52595,0.94719,0.48741,0.14323,0.21430,8.01,0.00,0.142,0,0.0
1420,1420.0,1031,5138,0.47674,0.52602,0.94719,0.48741,0.14345,0.21430,8.01,0.00,0.142,0,0.0
1421,1421.0,1031,5138,0.47681,0.52609,0.94719,0.48741,0.14368,0.21430,8.01,0.00,0.142,0,0.0
1422,1422.0,1030,5138,0.47687,0.52617,0.94719,0.48741,0.14390,0.21430,8.01,0.00,0.142,0,0.0
1423,1423.0,1030,5138,0.47694,0.52624,0.94719,0.48741,0.14412,0.21430,8.01,0.00,0.142,0,0.0
1424,1424.0,1030,5138,0.47700,0.52632,0.94719,0.48741,0.14434,0.21430,8.01,0.00,0.142,0,0.0
1425,1425.0,1029,5138,0.47707,0.52639,0.94719,0.48741,0.14456,0.21430,8.01,0.00,0.142,0,0.0
1426,1426.0,1029,5138,0.47713,0.52646,0.94719,0.48741,0.14478,0.21430,8.01,0.00,0.142,0,0.0
1427,1427.0,1028,5138,0.47720,0.52654,0.94719,0.48741,0.14500,0.21430,8.01,0.00,0.142,0,0.0
1428,1428.0,1026,5138,0.47726,0.52661,0.94719,0.48741,0.14522,0.21430,8.01,0.00,0.142,0,0.0
1429,1429.0,1026,5138,0.47733,0.52668,0.94719,0.48741,0.14545,0.21430,8.01,0.00,0.142,0,0.0
1430,1430.0,1026,5138,0.47739,0.52676,0.94719,0.48741,0.14567,0.21430,8.01,0.00,0.142,0,0.0
1431,1431.0,1026,5138,0.47746,0.52683,0.94719,0.48741,0.14589,0.21430,8.01,0.00,0.142,0,0.0
1432,1432.0,1026,5138,0.47752,0.52691,0.94719,0.48741,0.14611,0.21430,8.01,0.00,0.142,0,0.0
1433,1433.0,1026,5138,0.47759,0.52698,0.94719,0.48741,0.14633,0.21430,8.01,0.00,0.142,0,0.0
1434,1434.0,1025,5138,0.47765,0.52705,0.94719,0.48741,0.14655,0.21430,8.01,0.00,0.142,0,0.0
1435,1435.0,1024,5138,0.47772,0.52713,0.94719,0.48741,0.14677,0.21430,8.01,0.00,0.142,0,0.0
1436,1436.0,1022,5138,0.47778,0.52720,0.94719,0.48741,0.14699,0.21430,8.01,0.00,0.142,0,0.0
1437,1437.0,1022,5138,0.47785,0.52727,0.94719,0.48741,0.14721,0.21430,8.01,0.00,0.142,0,0.0
1438,1438.0,1021,5138,0.47791,0.52735,0.94719,0.48741,0.14744,0.21430,8.01,0.00,0.142,0,0.0
1439,1439.0,1020,5138,0.47798,0.52742,0.94719,0.48741,0.14766,0.21430,8.01,0.00,0.142,0,0.0
1440,1440.0,1019,5138,0.47804,0.52749,0.94719,0.48741,0.14788,0.21430,8.01,0.00,0.142,0,0.0
1441,1441.0,1018,5138,0.47811,0.52757,0.94719,0.48741,0.14809,0.21430,8.01,0.00,0.142,0,0.0
1442,1442.0,1017,5138,0.47817,0.52764,0.94719,0.48741,0.14831,0.21430,8.01,0.00,0.142,0,0.0
1443,1443.0,1017,5138,0.47823,0.52771,0.94719,0.48741,0.14853,0.21430,8.01,0.00,0.142,0,0.0
1444,1444.0,1015,5138,0.47830,0.52778,0.94719,0.48741,0.14874,0.21430,8.01,0.00,0.142,0,0.0
1445,1445.0,1015,5138,0.47836,0.52786,0.94719,0.48741,0.14896,0.21430,8.01,0.00,0.142,0,0.0
1447,1447.0,1015,5138,0.47849,0.52800,0.94719,0.48741,0.14939,0.21430,8.01,0.00,0.142,0,0.0
1448,1448.0,1015,5138,0.47855,0.52807,0.94719,0.48741,0.14961,0.21430,8.01,0.00,0.142,0,0.0
1449,1449.0,1014,5138,0.47861,0.52814,0.94719,0.48741,0.14982,0.21430,8.01,0.00,0.142,0,0.0
1450,1450.0,1014,5138,0.47868,0.52821,0.94719,0.48741,0.15004,0.21430,8.01,0.00,0.142,0,0.0
1451,1451.0,1014,5138,0.47874,0.52829,0.94719,0.48741,0.15025,0.21430,8.01,0.00,0.142,0,0.0
1452,1452.0,1013,5138,0.47880,0.52836,0.94719,0.48741,0.15047,0.21430,8.01,0.00,0.142,0,0.0
1453,1453.0,1013,5138,0.47887,0.52843,0.94719,0.48741,0.15068,0.21430,8.01,0.00,0.142,0,0.0
1454,1454.0,1013,5138,0.47893,0.52850,0.94719,0.48741,0.15089,0.21430,8.01,0.00,0.142,0,0.0
1455,1455.0,1011,5138,0.47899,0.52857,0.94719,0.48741,0.15111,0.21430,8.01,0.00,0.142,0,0.0
1456,1456.0,1011,5138,0.47906,0.52864,0.94719,0.48741,0.15132,0.21430,8.01,0.00,0.142,0,0.0
1457,1457.0,1010,5138,0.47912,0.52871,0.94719,0.48741,0.15154,0.21430,8.01,0.00,0.142,0,0.0
1458,1458.0,1010,5139,0.47918,0.52879,0.94720,0.48741,0.15175,0.21430,8.01,0.00,0.142,0,0.0
1459,1459.0,1010,5139,0.47925,0.52886,0.94720,0.48741,0.15196,0.21430,8.01,0.00,0.142,0,0.0
1460,1460.0,1008,5139,0.47931,0.52893,0.94720,0.48741,0.15218,0.21430,8.01,0.00,0.142,0,0.0
1461,1461.0,1007,5139,0.47937,0.52900,0.94720,0.48741,0.15239,0.21430,8.01,0.00,0.141,0,0.0
1462,1462.0,1006,5139,0.47944,0.52907,0.94720,0.48741,0.15261,0.21430,8.01,0.00,0.141,0,0.0
1463,1463.0,1003,5139,0.47950,0.52915,0.94720,0.48741,0.15282,0.21430,8.01,0.00,0.141,0,0.0
1464,1464.0,1004,5140,0.47957,0.52922,0.94721,0.48741,0.15304,0.21430,8.01,0.00,0.141,0,0.0
1465,1465.0,1004,5140,0.47963,0.52929,0.94721,0.48741,0.15325,0.21430,8.01,0.00,0.141,0,0.0
1466,1466.0,1002,5140,0.47969,0.52936,0.94721,0.48741,0.15346,0.21430,8.01,0.00,0.141,0,0.0
1467,1467.0,1002,5140,0.47975,0.52943,0.94721,0.48741,0.15368,0.21430,8.01,0.00,0.141,0,0.0
1468,1468.0,1003,5141,0.47982,0.52951,0.94722,0.48741,0.15389,0.21430,8.01,0.00,0.141,0,0.0
1469,1469.0,1000,5141,0.47988,0.52958,0.94722,0.48741,0.15410,0.21430,8.01,0.00,0.141,0,0.0
1470,1470.0,999,5141,0.47994,0.52965,0.94722,0.48741,0.15431,0.21430,8.01,0.00,0.141,0,0.0
1471,1471.0,998,5141,0.48001,0.52972,0.94722,0.48741,0.15452,0.21430,8.01,0.00,0.141,0,0.0
1472,1472.0,998,5141,0.48007,0.52979,0.94722,0.48741,0.15473,0.21430,8.01,0.00,0.141,0,0.0
1473,1473.0,997,5142,0.48013,0.52986,0.94723,0.48741,0.15494,0.21430,8.01,0.00,0.141,0,0.0
1474,1474.0,996,5142,0.48019,0.52993,0.94723,0.48741,0.15515,0.21430,8.01,0.00,0.141,0,0.0
1475,1475.0,995,5142,0.48026,0.53000,0.94723,0.48741,0.15536,0.21430,8.01,0.00,0.141,0,0.0
1476,1476.0,995,5143,0.48032,0.53008,0.94724,0.48741,0.15557,0.21430,8.01,0.00,0.141,0,0.0
1477,1477.0,992,5143,0.48038,0.53015,0.94724,0.48741,0.15578,0.21430,8.01,0.00,0.141,0,0.0
1478,1478.0,992,5143,0.48044,0.53022,0.94724,0.48741,0.15599,0.21430,8.01,0.00,0.141,0,0.0
1479,1479.0,991,5143,0.48051,0.53029,0.94724,0.48741,0.15620,0.21430,8.01,0.00,0.141,0,0.0
1480,1480.0,990,5143,0.48057,0.53036,0.94724,0.48741,0.15641,0.21430,8.01,0.00,0.141,0,0.0
1481,1481.0,988,5143,0.48063,0.53043,0.94724,0.48741,0.15662,0.21430,8.01,0.00,0.141,0,0.0
1482,1482.0,988,5143,0.48069,0.53050,0.94724,0.48741,0.15683,0.21430,8.01,0.00,0.141,0,0.0
1483,1483.0,988,5143,0.48075,0.53057,0.94724,0.48741,0.15704,0.21430,8.01,0.00,0.141,0,0.0
1484,1484.0,987,5143,0.48081,0.53063,0.94724,0.48741,0.15725,0.21430,8.01,0.00,0.141,0,0.0
1485,1485.0,985,5143,0.48087,0.53070,0.94724,0.48741,0.15746,0.21430,8.01,0.00,0.141,0,0.0
1486,1486.0,985,5144,0.48094,0.53078,0.94725,0.48741,0.15767,0.21430,8.01,0.00,0.141,0,0.0
1487,1487.0,982,5144,0.48100,0.53085,0.94725,0.48741,0.15787,0.21430,8.01,0.00,0.141,0,0.0
1488,1488.0,976,5144,0.48106,0.53092,0.94725,0.48741,0.15808,0.21430,8.01,0.00,0.141,0,0.0
1489,1489.0,976,5144,0.48112,0.53099,0.94725,0.48741,0.15829,0.21430,8.01,0.00,0.141,0,0.0
1490,1490.0,976,5144,0.48118,0.53105,0.94725,0.48741,0.15850,0.21430,8.01,0.00,0.141,0,0.0
1491,1491.0,976,5144,0.48124,0.53112,0.94725,0.48741,0.15871,0.21430,8.01,0.00,0.141,0,0.0
1492,1492.0,974,5144,0.48131,0.53119,0.94725,0.48741,0.15891,0.21430,8.01,0.00,0.141,0,0.0
1493,1493.0,974,5144,0.48137,0.53126,0.94725,0.48741,0.15912,0.21430,8.01,0.00,0.141,0,0.0
1494,1494.0,974,5144,0.48143,0.53133,0.94725,0.48741,0.15933,0.21430,8.01,0.00,0.141,0,0.0
1495,1495.0,973,5144,0.48149,0.53140,0.94725,0.48741,0.15954,0.21430,8.01,0.00,0.141,0,0.0
1496,1496.0,973,5144,0.48155,0.53147,0.94725,0.48741,0.15975,0.21430,8.01,0.00,0.141,0,0.0
1497,1497.0,969,5144,0.48161,0.53154,0.94725,0.48741,0.15996,0.21430,8.01,0.00,0.141,0,0.0
1498,1498.0,969,5144,0.48167,0.53161,0.94725,0.48741,0.16016,0.21430,8.01,0.00,0.141,0,0.0
1499,1499.0,969,5145,0.48174,0.53168,0.94726,0.48741,0.16037,0.21430,8.01,0.00,0.141,0,0.0
1500,1500.0,967,5145,0.48180,0.53175,0.94726,0.48741,0.16058,0.21430,8.01,0.00,0.141,0,0.0
1501,1501.0,965,5145,0.48186,0.53182,0.94726,0.48741,0.16079,0.21430,8.01,0.00,0.141,0,0.0
1502,1502.0,964,5145,0.48192,0.53189,0.94726,0.48741,0.16100,0.21430,8.01,0.00,0.141,0,0.0
1503,1503.0,962,5145,0.48198,0.53196,0.94726,0.48741,0.16121,0.21430,8.01,0.00,0.141,0,0.0
1504,1504.0,957,5145,0.48204,0.53203,0.94726,0.48741,0.16141,0.21430,8.01,0.00,0.141,0,0.0
1505,1505.0,957,5145,0.48210,0.53210,0.94726,0.48741,0.16162,0.21430,8.01,0.00,0.141,0,0.0
1506,1506.0,955,5145,0.48217,0.53217,0.94726,0.48741,0.16183,0.21430,8.01,0.00,0.141,0,0.0
1507,1507.0,953,5145,0.48223,0.53224,0.94726,0.48741,0.16204,0.21430,8.01,0.00,0.141,0,0.0
1508,1508.0,952,5145,0.48229,0.53231,0.94726,0.48741,0.16225,0.21430,8.01,0.00,0.141,0,0.0
1509,1509.0,949,5145,0.48235,0.53238,0.94726,0.48741,0.16245,0.21430,8.01,0.00,0.141,0,0.0
1510,1510.0,948,5145,0.48241,0.53245,0.94726,0.48741,0.16266,0.21430,8.01,0.00,0.141,0,0.0
1511,1511.0,947,5145,0.48247,0.53252,0.94726,0.48741,0.16287,0.21430,8.01,0.00,0.141,0,0.0
1512,1512.0,946,5145,0.48253,0.53258,0.94726,0.48741,0.16308,0.21430,8.01,0.00,0.141,0,0.0
1513,1513.0,946,5146,0.48260,0.53266,0.94727,0.48741,0.16329,0.21430,8.01,0.00,0.141,0,0.0
1514,1514.0,942,5146,0.48266,0.53273,0.94727,0.48741,0.16350,0.21430,8.01,0.00,0.141,0,0.0
1515,1515.0,939,5147,0.48272,0.53280,0.94728,0.48741,0.16370,0.21430,8.01,0.00,0.141,0,0.0
1516,1516.0,936,5147,0.48278,0.53287,0.94728,0.48741,0.16391,0.21430,8.01,0.00,0.141,0,0.0
1517,1517.0,935,5147,0.48285,0.53294,0.94728,0.48741,0.16412,0.21430,8.01,0.00,0.141,0,0.0
1518,1518.0,934,5147,0.48291,0.53301,0.94728,0.48741,0.16433,0.21430,8.01,0.00,0.141,0,0.0
1519,1519.0,934,5147,0.48297,0.53308,0.94728,0.48741,0.16454,0.21430,8.01,0.00,0.141,0,0.0
1520,1520.0,933,5147,0.48303,0.53315,0.94728,0.48741,0.16474,0.21430,8.01,0.00,0.141,0,0.0
1521,1521.0,932,5147,0.48309,0.53322,0.94728,0.48741,0.16495,0.21430,8.01,0.00,0.141,0,0.0
1522,1522.0,928,5147,0.48315,0.53329,0.94728,0.48741,0.16516,0.21430,8.01,0.00,0.141,0,0.0
1523,1523.0,926,5147,0.48321,0.53335,0.94728,0.48741,0.16537,0.21430,8.01,0.00,0.141,0,0.0
1524,1524.0,922,5147,0.48327,0.53342,0.94728,0.48741,0.16558,0.21430,8.01,0.00,0.141,0,0.0
1525,1525.0,918,5147,0.48334,0.53349,0.94728,0.48741,0.16579,0.21430,8.01,0.00,0.141,0,0.0
1526,1526.0,918,5147,0.48340,0.53356,0.94728,0.48741,0.16599,0.21430,8.01,0.00,0.140,0,0.0
1527,1527.0,915,5147,0.48346,0.53363,0.94728,0.48741,0.16620,0.21430,8.01,0.00,0.140,0,0.0
1528,1528.0,913,5147,0.48352,0.53370,0.94728,0.48741,0.16641,0.21430,8.01,0.00,0.140,0,0.0
1529,1529.0,912,5147,0.48358,0.53377,0.94728,0.48741,0.16662,0.21430,8.01,0.00,0.140,0,0.0
1530,1530.0,909,5147,0.48364,0.53384,0.94728,0.48741,0.16683,0.21430,8.01,0.00,0.140,0,0.0
1531,1531.0,908,5148,0.48371,0.53391,0.94729,0.48741,0.16703,0.21430,8.01,0.00,0.140,0,0.0
1532,1532.0,908,5148,0.48377,0.53398,0.94729,0.48741,0.16724,0.21430,8.01,0.00,0.140,0,0.0
1533,1533.0,906,5148,0.48383,0.53405,0.94729,0.48741,0.16745,0.21430,8.01,0.00,0.140,0,0.0
1534,1534.0,902,5148,0.48389,0.53412,0.94729,0.48741,0.16765,0.21430,8.01,0.00,0.140,0,0.0
1535,1535.0,898,5148,0.48395,0.53419,0.94729,0.48741,0.16786,0.21430,8.01,0.00,0.140,0,0.0
1536,1536.0,896,5148,0.48401,0.53426,0.94729,0.48741,0.16807,0.21430,8.01,0.00,0.140,0,0.0
1537,1537.0,891,5148,0.48407,0.53433,0.94729,0.48741,0.16827,0.21430,8.01,0.00,0.140,0,0.0
1538,1538.0,887,5148,0.48413,0.53439,0.94729,0.48741,0.16848,0.21430,8.01,0.00,0.140,0,0.0
1539,1539.0,883,5149,0.48419,0.53447,0.94730,0.48741,0.16868,0.21430,8.01,0.00,0.140,0,0.0
1540,1540.0,881,5149,0.48425,0.53453,0.94730,0.48741,0.16889,0.21430,8.01,0.00,0.140,0,0.0
1541,1541.0,878,5149,0.48431,0.53460,0.94730,0.48741,0.16909,0.21430,8.01,0.00,0.140,0,0.0
1542,1542.0,876,5150,0.48438,0.53467,0.94731,0.48741,0.16930,0.21430,8.01,0.00,0.140,0,0.0
1543,1543.0,876,5150,0.48444,0.53474,0.94731,0.48741,0.16950,0.21430,8.01,0.00,0.140,0,0.0
1544,1544.0,875,5150,0.48450,0.53481,0.94731,0.48741,0.16970,0.21430,8.01,0.00,0.140,0,0.0
1545,1545.0,871,5150,0.48456,0.53488,0.94731,0.48741,0.16991,0.21430,8.01,0.00,0.140,0,0.0
1546,1546.0,865,5150,0.48462,0.53495,0.94731,0.48741,0.17011,0.21430,8.01,0.00,0.140,0,0.0
1547,1547.0,862,5150,0.48468,0.53501,0.94731,0.48741,0.17032,0.21430,8.01,0.00,0.140,0,0.0
1548,1548.0,859,5150,0.48474,0.53508,0.94731,0.48741,0.17052,0.21430,8.01,0.00,0.140,0,0.0
1549,1549.0,857,5150,0.48480,0.53515,0.94731,0.48741,0.17073,0.21430,8.01,0.00,0.140,0,0.0
1550,1550.0,856,5150,0.48486,0.53522,0.94731,0.48741,0.17093,0.21430,8.01,0.00,0.140,0,0.0
1551,1551.0,853,5150,0.48492,0.53528,0.94731,0.48741,0.17113,0.21430,8.01,0.00,0.140,0,0.0
1552,1552.0,850,5150,0.48498,0.53535,0.94731,0.48741,0.17133,0.21430,8.01,0.00,0.140,0,0.0
1553,1553.0,849,5150,0.48503,0.53542,0.94731,0.48741,0.17153,0.21430,8.01,0.00,0.140,0,0.0
1554,1554.0,849,5150,0.48509,0.53549,0.94731,0.48741,0.17174,0.21430,8.01,0.00,0.140,0,0.0
1555,1555.0,847,5150,0.48515,0.53555,0.94731,0.48741,0.17194,0.21430,8.01,0.00,0.140,0,0.0
1556,1556.0,844,5150,0.48521,0.53562,0.94731,0.48741,0.17214,0.21430,8.01,0.00,0.140,0,0.0
1557,1557.0,843,5150,0.48527,0.53569,0.94731,0.48741,0.17234,0.21430,8.01,0.00,0.140,0,0.0
1558,1558.0,841,5150,0.48533,0.53576,0.94731,0.48741,0.17255,0.21430,8.01,0.00,0.140,0,0.0
1559,1559.0,840,5150,0.48539,0.53582,0.94731,0.48741,0.17275,0.21430,8.01,0.00,0.139,0,0.0
1560,1560.0,837,5150,0.48545,0.53589,0.94731,0.48741,0.17295,0.21430,8.01,0.00,0.139,0,0.0
1561,1561.0,836,5151,0.48551,0.53596,0.94732,0.48741,0.17315,0.21430,8.01,0.00,0.139,0,0.0
1562,1562.0,834,5151,0.48557,0.53603,0.94732,0.48741,0.17336,0.21430,8.01,0.00,0.139,0,0.0
1563,1563.0,832,5151,0.48563,0.53610,0.94732,0.48741,0.17356,0.21430,8.01,0.00,0.139,0,0.0
1564,1564.0,831,5151,0.48569,0.53616,0.94732,0.48741,0.17376,0.21430,8.01,0.00,0.139,0,0.0
1565,1565.0,829,5152,0.48575,0.53623,0.94733,0.48741,0.17396,0.21430,8.01,0.00,0.139,0,0.0
1566,1566.0,825,5152,0.48581,0.53630,0.94733,0.48741,0.17416,0.21430,8.01,0.00,0.139,0,0.0
1567,1567.0,823,5152,0.48587,0.53637,0.94733,0.48741,0.17436,0.21430,8.01,0.00,0.139,0,0.0
1568,1568.0,823,5152,0.48593,0.53644,0.94733,0.48741,0.17456,0.21430,8.01,0.00,0.139,0,0.0
1569,1569.0,821,5152,0.48599,0.53650,0.94733,0.48741,0.17477,0.21430,8.01,0.00,0.139,0,0.0
1570,1570.0,819,5152,0.48605,0.53657,0.94733,0.48741,0.17497,0.21430,8.01,0.00,0.139,0,0.0
1571,1571.0,814,5152,0.48611,0.53664,0.94733,0.48741,0.17517,0.21430,8.01,0.00,0.139,0,0.0
1572,1572.0,811,5152,0.48617,0.53670,0.94733,0.48741,0.17536,0.21430,8.01,0.00,0.139,0,0.0
1573,1573.0,808,5153,0.48623,0.53677,0.94734,0.48741,0.17556,0.21430,8.01,0.00,0.139,0,0.0
1574,1574.0,807,5153,0.48629,0.53684,0.94734,0.48741,0.17576,0.21430,8.01,0.00,0.139,0,0.0
1575,1575.0,807,5153,0.48634,0.53690,0.94734,0.48741,0.17596,0.21430,8.01,0.00,0.139,0,0.0
1576,1576.0,807,5153,0.48640,0.53697,0.94734,0.48741,0.17616,0.21430,8.01,0.00,0.139,0,0.0
1577,1577.0,804,5153,0.48646,0.53704,0.94734,0.48741,0.17636,0.21430,8.01,0.00,0.139,0,0.0
1578,1578.0,800,5153,0.48652,0.53710,0.94734,0.48741,0.17655,0.21430,8.01,0.00,0.139,0,0.0
1580,1580.0,795,5153,0.48664,0.53723,0.94734,0.48741,0.17695,0.21430,8.01,0.00,0.139,0,0.0
1581,1581.0,791,5153,0.48669,0.53730,0.94734,0.48741,0.17715,0.21430,8.01,0.00,0.139,0,0.0
1582,1582.0,789,5154,0.48676,0.53737,0.94735,0.48741,0.17735,0.21430,8.01,0.00,0.139,0,0.0
1583,1583.0,786,5154,0.48681,0.53744,0.94735,0.48741,0.17755,0.21430,8.01,0.00,0.139,0,0.0
1584,1584.0,783,5154,0.48687,0.53750,0.94735,0.48741,0.17774,0.21430,8.01,0.00,0.139,0,0.0
1585,1585.0,780,5154,0.48693,0.53757,0.94735,0.48741,0.17794,0.21430,8.01,0.00,0.139,0,0.0
1586,1586.0,777,5154,0.48699,0.53763,0.94735,0.48741,0.17814,0.21430,8.01,0.00,0.139,0,0.0
1587,1587.0,774,5154,0.48705,0.53770,0.94735,0.48741,0.17834,0.21430,8.01,0.00,0.139,0,0.0
1588,1588.0,774,5154,0.48710,0.53776,0.94735,0.48741,0.17853,0.21430,8.01,0.00,0.139,0,0.0
1589,1589.0,774,5154,0.48716,0.53783,0.94735,0.48741,0.17873,0.21430,8.01,0.00,0.139,0,0.0
1590,1590.0,774,5154,0.48722,0.53790,0.94735,0.48741,0.17892,0.21430,8.01,0.00,0.139,0,0.0
1591,1591.0,773,5154,0.48728,0.53796,0.94735,0.48741,0.17912,0.21430,8.01,0.00,0.139,0,0.0
1592,1592.0,773,5154,0.48734,0.53803,0.94735,0.48741,0.17932,0.21430,8.01,0.00,0.139,0,0.0
1593,1593.0,773,5155,0.48740,0.53810,0.94736,0.48741,0.17951,0.21430,8.01,0.00,0.139,0,0.0
1594,1594.0,772,5155,0.48745,0.53816,0.94736,0.48741,0.17971,0.21430,8.01,0.00,0.139,0,0.0
1595,1595.0,771,5155,0.48751,0.53823,0.94736,0.48741,0.17991,0.21430,8.01,0.00,0.139,0,0.0
1596,1596.0,770,5155,0.48757,0.53829,0.94736,0.48741,0.18010,0.21430,8.01,0.00,0.139,0,0.0
1597,1597.0,769,5155,0.48763,0.53836,0.94736,0.48741,0.18030,0.21430,8.01,0.00,0.139,0,0.0
1598,1598.0,768,5155,0.48768,0.53842,0.94736,0.48741,0.18049,0.21430,8.01,0.00,0.139,0,0.0
1599,1599.0,768,5155,0.48774,0.53849,0.94736,0.48741,0.18068,0.21430,8.01,0.00,0.139,0,0.0
1600,1600.0,767,5155,0.48780,0.53855,0.94736,0.48741,0.18088,0.21430,8.01,0.00,0.139,0,0.0
1601,1601.0,767,5155,0.48785,0.53861,0.94736,0.48741,0.18107,0.21430,8.01,0.00,0.139,0,0.0
1602,1602.0,766,5155,0.48791,0.53868,0.94736,0.48741,0.18127,0.21430,8.01,0.00,0.139,0,0.0
1603,1603.0,764,5155,0.48797,0.53874,0.94736,0.48741,0.18146,0.21430,8.01,0.00,0.139,0,0.0
1604,1604.0,765,5156,0.48803,0.53881,0.94737,0.48741,0.18166,0.21430,8.01,0.00,0.138,0,0.0
1605,1605.0,763,5156,0.48809,0.53888,0.94737,0.48741,0.18185,0.21430,8.01,0.00,0.138,0,0.0
1606,1606.0,763,5156,0.48814,0.53894,0.94737,0.48741,0.18204,0.21430,8.01,0.00,0.138,0,0.0
1607,1607.0,763,5156,0.48820,0.53901,0.94737,0.48741,0.18224,0.21430,8.01,0.00,0.138,0,0.0
1608,1608.0,763,5157,0.48850,0.53935,0.94738,0.48824,0.18243,0.21430,8.01,0.00,0.138,0,0.0
1609,1609.0,763,5157,0.48856,0.53941,0.94738,0.48824,0.18263,0.21430,8.01,0.00,0.138,0,0.0
1610,1610.0,762,5157,0.48862,0.53948,0.94738,0.48824,0.18282,0.21430,8.01,0.00,0.138,0,0.0
1611,1611.0,760,5157,0.48867,0.53954,0.94738,0.48824,0.18302,0.21430,8.01,0.00,0.138,0,0.0
1612,1612.0,760,5157,0.48873,0.53961,0.94738,0.48824,0.18321,0.21430,8.01,0.00,0.138,0,0.0
1613,1613.0,760,5157,0.48879,0.53967,0.94738,0.48824,0.18341,0.21430,8.01,0.00,0.138,0,0.0
1614,1614.0,760,5157,0.48884,0.53974,0.94738,0.48824,0.18360,0.21430,8.01,0.00,0.138,0,0.0
1615,1615.0,759,5157,0.48890,0.53980,0.94738,0.48824,0.18379,0.21430,8.01,0.00,0.138,0,0.0
1616,1616.0,759,5157,0.48896,0.53987,0.94738,0.48824,0.18399,0.21430,8.01,0.00,0.138,0,0.0
1617,1617.0,757,5157,0.48902,0.53993,0.94738,0.48824,0.18418,0.21430,8.01,0.00,0.138,0,0.0
1618,1618.0,757,5157,0.48907,0.54000,0.94738,0.48824,0.18438,0.21430,8.01,0.00,0.138,0,0.0
1619,1619.0,755,5157,0.48913,0.54006,0.94738,0.48824,0.18457,0.21430,8.01,0.00,0.138,0,0.0
1620,1620.0,755,5157,0.48919,0.54013,0.94738,0.48824,0.18476,0.21430,8.01,0.00,0.138,0,0.0
1621,1621.0,754,5157,0.48924,0.54019,0.94738,0.48824,0.18496,0.21430,8.01,0.00,0.138,0,0.0
1622,1622.0,754,5157,0.48930,0.54025,0.94738,0.48824,0.18515,0.21430,8.01,0.00,0.138,0,0.0
1623,1623.0,753,5157,0.48936,0.54032,0.94738,0.48824,0.18534,0.21430,8.01,0.00,0.138,0,0.0
1624,1624.0,753,5157,0.48941,0.54038,0.94738,0.48824,0.18554,0.21430,8.01,0.00,0.138,0,0.0
1625,1625.0,754,5158,0.48972,0.54072,0.94739,0.48906,0.18573,0.21430,8.01,0.00,0.138,0,0.0
1626,1626.0,754,5158,0.48977,0.54079,0.94739,0.48906,0.18592,0.21430,8.01,0.00,0.138,0,0.0
1627,1627.0,754,5158,0.48983,0.54085,0.94739,0.48906,0.18611,0.21430,8.01,0.00,0.138,0,0.0
1628,1628.0,754,5158,0.48989,0.54092,0.94739,0.48906,0.18631,0.21430,8.01,0.00,0.138,0,0.0
1629,1629.0,754,5159,0.48995,0.54098,0.94740,0.48906,0.18650,0.21430,8.01,0.00,0.138,0,0.0
1630,1630.0,753,5159,0.49000,0.54105,0.94740,0.48906,0.18669,0.21430,8.01,0.00,0.138,0,0.0
1631,1631.0,751,5159,0.49006,0.54111,0.94740,0.48906,0.18688,0.21430,8.01,0.00,0.138,0,0.0
1632,1632.0,750,5159,0.49012,0.54118,0.94740,0.48906,0.18708,0.21430,8.01,0.00,0.138,0,0.0
1633,1633.0,750,5159,0.49017,0.54124,0.94740,0.48906,0.18727,0.21430,8.01,0.00,0.138,0,0.0
1634,1634.0,749,5159,0.49023,0.54131,0.94740,0.48906,0.18746,0.21430,8.01,0.00,0.138,0,0.0
1635,1635.0,749,5159,0.49028,0.54137,0.94740,0.48906,0.18765,0.21430,8.01,0.00,0.138,0,0.0
1636,1636.0,748,5159,0.49034,0.54143,0.94740,0.48906,0.18784,0.21430,8.01,0.00,0.138,0,0.0
1637,1637.0,747,5159,0.49040,0.54150,0.94740,0.48906,0.18804,0.21430,8.01,0.00,0.138,0,0.0
1638,1638.0,746,5159,0.49045,0.54156,0.94740,0.48906,0.18823,0.21430,8.01,0.00,0.138,0,0.0
1639,1639.0,746,5159,0.49051,0.54162,0.94740,0.48906,0.18842,0.21430,8.01,0.00,0.138,0,0.0
1640,1640.0,744,5159,0.49057,0.54169,0.94740,0.48906,0.18861,0.21430,8.01,0.00,0.138,0,0.0
1641,1641.0,743,5159,0.49062,0.54175,0.94740,0.48906,0.18880,0.21430,8.01,0.00,0.138,0,0.0
1642,1642.0,742,5160,0.49092,0.54209,0.94741,0.48988,0.18899,0.21430,8.01,0.00,0.138,0,0.0
1643,1643.0,741,5160,0.49098,0.54216,0.94741,0.48988,0.18918,0.21430,8.01,0.00,0.138,0,0.0
1644,1644.0,742,5161,0.49104,0.54222,0.94742,0.48988,0.18938,0.21430,8.01,0.00,0.138,0,0.0
1645,1645.0,742,5161,0.49110,0.54229,0.94742,0.48988,0.18957,0.21430,8.01,0.00,0.138,0,0.0
1646,1646.0,740,5161,0.49115,0.54235,0.94742,0.48988,0.18976,0.21430,8.01,0.00,0.138,0,0.0
1647,1647.0,740,5161,0.49121,0.54242,0.94742,0.48988,0.18995,0.21430,8.01,0.00,0.138,0,0.0
1648,1648.0,740,5162,0.49127,0.54248,0.94743,0.48988,0.19014,0.21430,8.01,0.00,0.138,0,0.0
1649,1649.0,740,5162,0.49132,0.54255,0.94743,0.48988,0.19034,0.21430,8.01,0.00,0.138,0,0.0
1650,1650.0,740,5162,0.49138,0.54261,0.94743,0.48988,0.19053,0.21430,8.01,0.00,0.138,0,0.0
1651,1651.0,740,5163,0.49144,0.54268,0.94744,0.48988,0.19072,0.21430,8.01,0.00,0.138,0,0.0
1652,1652.0,739,5163,0.49150,0.54274,0.94744,0.48988,0.19091,0.21430,8.01,0.00,0.138,0,0.0
1653,1653.0,739,5163,0.49155,0.54281,0.94744,0.48988,0.19110,0.21430,8.01,0.00,0.138,0,0.0
1654,1654.0,739,5163,0.49161,0.54287,0.94744,0.48988,0.19130,0.21430,8.01,0.00,0.138,0,0.0
1655,1655.0,739,5163,0.49167,0.54293,0.94744,0.48988,0.19149,0.21430,8.01,0.00,0.138,0,0.0
1656,1656.0,737,5163,0.49172,0.54300,0.94744,0.48988,0.19168,0.21430,8.01,0.00,0.138,0,0.0
1657,1657.0,738,5164,0.49202,0.54334,0.94744,0.49070,0.19187,0.21430,8.01,0.00,0.138,0,0.0
1658,1658.0,737,5164,0.49208,0.54340,0.94744,0.49070,0.19206,0.21430,8.01,0.00,0.138,0,0.0
1659,1659.0,737,5164,0.49214,0.54347,0.94744,0.49070,0.19226,0.21430,8.01,0.00,0.138,0,0.0
1660,1660.0,737,5164,0.49219,0.54353,0.94744,0.49070,0.19245,0.21430,8.01,0.00,0.138,0,0.0
1661,1661.0,736,5164,0.49225,0.54360,0.94744,0.49070,0.19264,0.21430,8.01,0.00,0.138,0,0.0
1662,1662.0,735,5164,0.49231,0.54366,0.94744,0.49070,0.19284,0.21430,8.01,0.00,0.138,0,0.0
1663,1663.0,733,5164,0.49236,0.54372,0.94744,0.49070,0.19303,0.21430,8.01,0.00,0.138,0,0.0
1664,1664.0,733,5164,0.49242,0.54379,0.94744,0.49070,0.19322,0.21430,8.01,0.00,0.138,0,0.0
1665,1665.0,734,5165,0.49272,0.54413,0.94745,0.49152,0.19341,0.21430,8.01,0.00,0.138,0,0.0
1666,1666.0,733,5165,0.49278,0.54419,0.94745,0.49152,0.19361,0.21430,8.01,0.00,0.138,0,0.0
1667,1667.0,733,5165,0.49283,0.54426,0.94745,0.49152,0.19380,0.21430,8.01,0.00,0.138,0,0.0
1668,1668.0,734,5166,0.49289,0.54433,0.94746,0.49152,0.19399,0.21430,8.01,0.00,0.138,0,0.0
1669,1669.0,733,5166,0.49295,0.54439,0.94746,0.49152,0.19418,0.21430,8.01,0.00,0.138,0,0.0
1670,1670.0,732,5166,0.49301,0.54446,0.94746,0.49152,0.19438,0.21430,8.01,0.00,0.138,0,0.0
1671,1671.0,732,5166,0.49306,0.54452,0.94746,0.49152,0.19457,0.21430,8.01,0.00,0.138,0,0.0
1672,1672.0,728,5166,0.49312,0.54458,0.94746,0.49152,0.19476,0.21430,8.01,0.00,0.138,0,0.0
1673,1673.0,728,5166,0.49318,0.54465,0.94746,0.49152,0.19496,0.21430,8.01,0.00,0.138,0,0.0
1674,1674.0,726,5166,0.49323,0.54471,0.94746,0.49152,0.19515,0.21430,8.01,0.00,0.138,0,0.0
1675,1675.0,724,5167,0.49329,0.54478,0.94747,0.49152,0.19534,0.21430,8.01,0.00,0.138,0,0.0
1676,1676.0,723,5167,0.49335,0.54484,0.94747,0.49152,0.19553,0.21430,8.01,0.00,0.138,0,0.0
1677,1677.0,721,5167,0.49341,0.54491,0.94747,0.49152,0.19573,0.21430,8.01,0.00,0.138,0,0.0
1678,1678.0,720,5167,0.49346,0.54497,0.94747,0.49152,0.19592,0.21430,8.01,0.00,0.138,0,0.0
1679,1679.0,720,5167,0.49352,0.54504,0.94747,0.49152,0.19611,0.21430,8.01,0.00,0.138,0,0.0
1680,1680.0,720,5167,0.49358,0.54510,0.94747,0.49152,0.19630,0.21430,8.01,0.00,0.138,0,0.0
1681,1681.0,718,5167,0.49363,0.54516,0.94747,0.49152,0.19650,0.21430,8.01,0.00,0.138,0,0.0
1682,1682.0,717,5167,0.49369,0.54523,0.94747,0.49152,0.19669,0.21430,8.01,0.00,0.138,0,0.0
1683,1683.0,716,5167,0.49375,0.54529,0.94747,0.49152,0.19688,0.21430,8.01,0.00,0.138,0,0.0
1684,1684.0,716,5168,0.49405,0.54563,0.94748,0.49235,0.19707,0.21430,8.01,0.00,0.138,0,0.0
1685,1685.0,716,5168,0.49410,0.54570,0.94748,0.49235,0.19727,0.21430,8.01,0.00,0.138,0,0.0
1686,1686.0,716,5168,0.49416,0.54576,0.94748,0.49235,0.19746,0.21430,8.01,0.00,0.138,0,0.0
1687,1687.0,715,5168,0.49422,0.54583,0.94748,0.49235,0.19765,0.21430,8.01,0.00,0.138,0,0.0
1688,1688.0,714,5168,0.49427,0.54589,0.94748,0.49235,0.19784,0.21430,8.01,0.00,0.138,0,0.0
1689,1689.0,710,5168,0.49433,0.54596,0.94748,0.49235,0.19804,0.21430,8.01,0.00,0.138,0,0.0
1690,1690.0,710,5168,0.49439,0.54602,0.94748,0.49235,0.19823,0.21430,8.01,0.00,0.137,0,0.0
1691,1691.0,709,5168,0.49444,0.54608,0.94748,0.49235,0.19842,0.21430,8.01,0.00,0.137,0,0.0
1692,1692.0,708,5168,0.49450,0.54615,0.94748,0.49235,0.19862,0.21430,8.01,0.00,0.137,0,0.0
1693,1693.0,707,5168,0.49456,0.54621,0.94748,0.49235,0.19881,0.21430,8.01,0.00,0.137,0,0.0
1694,1694.0,705,5168,0.49462,0.54628,0.94748,0.49235,0.19900,0.21430,8.01,0.00,0.137,0,0.0
1695,1695.0,705,5168,0.49467,0.54634,0.94748,0.49235,0.19919,0.21430,8.01,0.00,0.137,0,0.0
1696,1696.0,704,5168,0.49473,0.54641,0.94748,0.49235,0.19939,0.21430,8.01,0.00,0.137,0,0.0
1697,1697.0,702,5169,0.49503,0.54675,0.94749,0.49317,0.19958,0.21430,8.01,0.00,0.137,0,0.0
1698,1698.0,702,5169,0.49509,0.54681,0.94749,0.49317,0.19977,0.21430,8.01,0.00,0.137,0,0.0
1699,1699.0,701,5169,0.49514,0.54688,0.94749,0.49317,0.19997,0.21430,8.01,0.00,0.137,0,0.0
1700,1700.0,701,5169,0.49520,0.54694,0.94749,0.49317,0.20016,0.21430,8.01,0.00,0.137,0,0.0
1701,1701.0,700,5169,0.49526,0.54700,0.94749,0.49317,0.20035,0.21430,8.01,0.00,0.137,0,0.0
1702,1702.0,698,5169,0.49531,0.54707,0.94749,0.49317,0.20055,0.21430,8.01,0.00,0.137,0,0.0
1703,1703.0,697,5169,0.49537,0.54713,0.94749,0.49317,0.20074,0.21430,8.01,0.00,0.137,0,0.0
1704,1704.0,697,5169,0.49543,0.54720,0.94749,0.49317,0.20093,0.21430,8.01,0.00,0.137,0,0.0
1705,1705.0,695,5169,0.49548,0.54726,0.94749,0.49317,0.20113,0.21430,8.01,0.00,0.137,0,0.0
1706,1706.0,693,5169,0.49554,0.54733,0.94749,0.49317,0.20132,0.21430,8.01,0.00,0.137,0,0.0
1707,1707.0,690,5169,0.49560,0.54739,0.94749,0.49317,0.20151,0.21430,8.01,0.00,0.137,0,0.0
1708,1708.0,687,5169,0.49566,0.54746,0.94749,0.49317,0.20171,0.21430,8.01,0.00,0.137,0,0.0
1709,1709.0,684,5169,0.49571,0.54752,0.94749,0.49317,0.20190,0.21430,8.01,0.00,0.137,0,0.0
1710,1710.0,682,5169,0.49577,0.54758,0.94749,0.49317,0.20209,0.21430,8.01,0.00,0.137,0,0.0
1711,1711.0,679,5169,0.49583,0.54765,0.94749,0.49317,0.20229,0.21430,8.01,0.00,0.137,0,0.0
1712,1712.0,676,5169,0.49588,0.54771,0.94749,0.49317,0.20248,0.21430,8.01,0.00,0.137,0,0.0
1713,1713.0,673,5169,0.49594,0.54778,0.94749,0.49317,0.20267,0.21430,8.01,0.00,0.137,0,0.0
1714,1714.0,672,5169,0.49600,0.54784,0.94749,0.49317,0.20286,0.21430,8.01,0.00,0.137,0,0.0
1715,1715.0,668,5169,0.49605,0.54791,0.94749,0.49317,0.20305,0.21430,8.01,0.00,0.137,0,0.0
1716,1716.0,667,5169,0.49611,0.54797,0.94749,0.49317,0.20325,0.21430,8.01,0.00,0.137,0,0.0
1717,1717.0,665,5169,0.49616,0.54803,0.94749,0.49317,0.20344,0.21430,8.01,0.00,0.137,0,0.0
1718,1718.0,665,5170,0.49622,0.54810,0.94750,0.49317,0.20363,0.21430,8.01,0.00,0.137,0,0.0
1719,1719.0,663,5170,0.49628,0.54816,0.94750,0.49317,0.20382,0.21430,8.01,0.00,0.137,0,0.0
1720,1720.0,663,5170,0.49633,0.54823,0.94750,0.49317,0.20401,0.21430,8.01,0.00,0.137,0,0.0
1721,1721.0,661,5170,0.49639,0.54829,0.94750,0.49317,0.20420,0.21430,8.01,0.00,0.137,0,0.0
1722,1722.0,660,5170,0.49645,0.54835,0.94750,0.49317,0.20439,0.21430,8.01,0.00,0.137,0,0.0
1723,1723.0,660,5170,0.49650,0.54842,0.94750,0.49317,0.20457,0.21430,8.01,0.00,0.137,0,0.0
1724,1724.0,658,5170,0.49656,0.54848,0.94750,0.49317,0.20476,0.21430,8.01,0.00,0.137,0,0.0
1725,1725.0,658,5170,0.49661,0.54854,0.94750,0.49317,0.20495,0.21430,8.01,0.00,0.137,0,0.0
1726,1726.0,658,5170,0.49667,0.54860,0.94750,0.49317,0.20514,0.21430,8.01,0.00,0.137,0,0.0
1727,1727.0,658,5170,0.49672,0.54867,0.94750,0.49317,0.20533,0.21430,8.01,0.00,0.137,0,0.0
1728,1728.0,656,5170,0.49678,0.54873,0.94750,0.49317,0.20552,0.21430,8.01,0.00,0.137,0,0.0
1729,1729.0,653,5170,0.49683,0.54879,0.94750,0.49317,0.20571,0.21430,8.01,0.00,0.137,0,0.0
1730,1730.0,652,5170,0.49689,0.54885,0.94750,0.49317,0.20589,0.21430,8.01,0.00,0.137,0,0.0
1731,1731.0,652,5170,0.49695,0.54892,0.94750,0.49317,0.20608,0.21430,8.01,0.00,0.137,0,0.0
1732,1732.0,652,5170,0.49700,0.54898,0.94750,0.49317,0.20627,0.21430,8.01,0.00,0.137,0,0.0
1733,1733.0,651,5170,0.49706,0.54904,0.94750,0.49317,0.20646,0.21430,8.01,0.00,0.137,0,0.0
1734,1734.0,650,5170,0.49711,0.54911,0.94750,0.49317,0.20665,0.21430,8.01,0.00,0.137,0,0.0
1735,1735.0,650,5170,0.49717,0.54917,0.94750,0.49317,0.20684,0.21430,8.01,0.00,0.137,0,0.0
1736,1736.0,648,5171,0.49723,0.54924,0.94751,0.49317,0.20702,0.21430,8.01,0.00,0.137,0,0.0
1737,1737.0,646,5171,0.49728,0.54930,0.94751,0.49317,0.20721,0.21430,8.01,0.00,0.137,0,0.0
1738,1738.0,643,5171,0.49734,0.54936,0.94751,0.49317,0.20740,0.21430,8.01,0.00,0.137,0,0.0
1739,1739.0,641,5171,0.49739,0.54942,0.94751,0.49317,0.20759,0.21430,8.01,0.00,0.137,0,0.0
1740,1740.0,638,5171,0.49745,0.54949,0.94751,0.49317,0.20778,0.21430,8.01,0.00,0.137,0,0.0
1741,1741.0,638,5171,0.49750,0.54955,0.94751,0.49317,0.20797,0.21430,8.01,0.00,0.137,0,0.0
1742,1742.0,637,5171,0.49756,0.54961,0.94751,0.49317,0.20816,0.21430,8.01,0.00,0.136,0,0.0
1743,1743.0,637,5171,0.49761,0.54967,0.94751,0.49317,0.20834,0.21430,8.01,0.00,0.136,0,0.0
1744,1744.0,636,5171,0.49767,0.54974,0.94751,0.49317,0.20853,0.21430,8.01,0.00,0.136,0,0.0
1745,1745.0,636,5171,0.49772,0.54980,0.94751,0.49317,0.20872,0.21430,8.01,0.00,0.136,0,0.0
1746,1746.0,634,5171,0.49778,0.54986,0.94751,0.49317,0.20891,0.21430,8.01,0.00,0.136,0,0.0
1747,1747.0,634,5171,0.49783,0.54993,0.94751,0.49317,0.20910,0.21430,8.01,0.00,0.136,0,0.0
1748,1748.0,633,5171,0.49789,0.54999,0.94751,0.49317,0.20929,0.21430,8.01,0.00,0.136,0,0.0
1749,1749.0,632,5171,0.49795,0.55005,0.94751,0.49317,0.20947,0.21430,8.01,0.00,0.136,0,0.0
1750,1750.0,631,5171,0.49800,0.55011,0.94751,0.49317,0.20966,0.21430,8.01,0.00,0.136,0,0.0
1751,1751.0,629,5171,0.49806,0.55018,0.94751,0.49317,0.20985,0.21430,8.01,0.00,0.136,0,0.0
1752,1752.0,627,5171,0.49811,0.55024,0.94751,0.49317,0.21004,0.21430,8.01,0.00,0.136,0,0.0
1753,1753.0,627,5171,0.49817,0.55030,0.94751,0.49317,0.21023,0.21430,8.01,0.00,0.136,0,0.0
1754,1754.0,625,5171,0.49822,0.55037,0.94751,0.49317,0.21042,0.21430,8.01,0.00,0.136,0,0.0
1755,1755.0,623,5171,0.49828,0.55043,0.94751,0.49317,0.21060,0.21430,8.01,0.00,0.136,0,0.0
1756,1756.0,621,5171,0.49833,0.55049,0.94751,0.49317,0.21079,0.21430,8.01,0.00,0.136,0,0.0
1757,1757.0,616,5171,0.49839,0.55055,0.94751,0.49317,0.21098,0.21430,8.01,0.00,0.136,0,0.0
1758,1758.0,613,5171,0.49844,0.55062,0.94751,0.49317,0.21117,0.21430,8.01,0.00,0.136,0,0.0
1759,1759.0,613,5171,0.49850,0.55068,0.94751,0.49317,0.21135,0.21430,8.01,0.00,0.136,0,0.0
1760,1760.0,608,5171,0.49855,0.55074,0.94751,0.49317,0.21154,0.21430,8.01,0.00,0.136,0,0.0
1761,1761.0,606,5171,0.49861,0.55080,0.94751,0.49317,0.21173,0.21430,8.01,0.00,0.136,0,0.0
1762,1762.0,605,5171,0.49866,0.55087,0.94751,0.49317,0.21192,0.21430,8.01,0.00,0.136,0,0.0
1763,1763.0,604,5171,0.49872,0.55093,0.94751,0.49317,0.21210,0.21430,8.01,0.00,0.136,0,0.0
1764,1764.0,601,5171,0.49877,0.55099,0.94751,0.49317,0.21229,0.21430,8.01,0.00,0.136,0,0.0
1765,1765.0,600,5171,0.49883,0.55105,0.94751,0.49317,0.21248,0.21430,8.01,0.00,0.136,0,0.0
1766,1766.0,598,5171,0.49888,0.55112,0.94751,0.49317,0.21267,0.21430,8.01,0.00,0.136,0,0.0
1767,1767.0,595,5171,0.49894,0.55118,0.94751,0.49317,0.21286,0.21430,8.01,0.00,0.136,0,0.0
1768,1768.0,591,5171,0.49899,0.55124,0.94751,0.49317,0.21304,0.21430,8.01,0.00,0.136,0,0.0
1769,1769.0,589,5171,0.49905,0.55130,0.94751,0.49317,0.21323,0.21430,8.01,0.00,0.136,0,0.0
1770,1770.0,588,5171,0.49911,0.55137,0.94751,0.49317,0.21342,0.21430,8.01,0.00,0.136,0,0.0
1771,1771.0,587,5171,0.49916,0.55143,0.94751,0.49317,0.21360,0.21430,8.01,0.00,0.136,0,0.0
1772,1772.0,584,5171,0.49922,0.55149,0.94751,0.49317,0.21379,0.21430,8.01,0.00,0.136,0,0.0
1773,1773.0,584,5172,0.49951,0.55183,0.94752,0.49399,0.21398,0.21430,8.01,0.00,0.136,0,0.0
1774,1774.0,583,5172,0.49957,0.55189,0.94752,0.49399,0.21416,0.21430,8.01,0.00,0.136,0,0.0
1775,1775.0,583,5172,0.49962,0.55195,0.94752,0.49399,0.21435,0.21430,8.01,0.00,0.136,0,0.0
1776,1776.0,583,5172,0.49968,0.55202,0.94752,0.49399,0.21453,0.21430,8.01,0.00,0.136,0,0.0
1777,1777.0,580,5172,0.49973,0.55208,0.94752,0.49399,0.21472,0.21430,8.01,0.00,0.136,0,0.0
1778,1778.0,579,5172,0.49979,0.55214,0.94752,0.49399,0.21490,0.21430,8.01,0.00,0.136,0,0.0
1779,1779.0,577,5172,0.49984,0.55220,0.94752,0.49399,0.21508,0.21430,8.01,0.00,0.136,0,0.0
1780,1780.0,574,5172,0.49989,0.55226,0.94752,0.49399,0.21527,0.21430,8.01,0.00,0.136,0,0.0
1781,1781.0,573,5172,0.49995,0.55232,0.94752,0.49399,0.21545,0.21430,8.01,0.00,0.136,0,0.0
1782,1782.0,570,5172,0.50000,0.55238,0.94752,0.49399,0.21563,0.21430,8.01,0.00,0.136,0,0.0
1783,1783.0,570,5172,0.50005,0.55244,0.94752,0.49399,0.21581,0.21430,8.01,0.00,0.136,0,0.0
1784,1784.0,569,5172,0.50011,0.55250,0.94752,0.49399,0.21599,0.21430,8.01,0.00,0.136,0,0.0
1785,1785.0,568,5172,0.50016,0.55256,0.94752,0.49399,0.21617,0.21430,8.01,0.00,0.136,0,0.0
1786,1786.0,565,5172,0.50021,0.55262,0.94752,0.49399,0.21635,0.21430,8.01,0.00,0.136,0,0.0
1787,1787.0,564,5172,0.50027,0.55268,0.94752,0.49399,0.21653,0.21430,8.01,0.00,0.136,0,0.0
1788,1788.0,562,5172,0.50032,0.55274,0.94752,0.49399,0.21671,0.21430,8.01,0.00,0.136,0,0.0
1789,1789.0,560,5172,0.50037,0.55280,0.94752,0.49399,0.21689,0.21430,8.01,0.00,0.136,0,0.0
1790,1790.0,558,5172,0.50042,0.55286,0.94752,0.49399,0.21707,0.21430,8.01,0.00,0.136,0,0.0
1791,1791.0,553,5172,0.50048,0.55292,0.94752,0.49399,0.21725,0.21430,8.01,0.00,0.136,0,0.0
1792,1792.0,551,5172,0.50053,0.55298,0.94752,0.49399,0.21742,0.21430,8.01,0.00,0.136,0,0.0
1793,1793.0,550,5172,0.50058,0.55304,0.94752,0.49399,0.21760,0.21430,8.01,0.00,0.136,0,0.0
1794,1794.0,548,5172,0.50063,0.55310,0.94752,0.49399,0.21778,0.21430,8.01,0.00,0.136,0,0.0
1795,1795.0,547,5172,0.50068,0.55315,0.94752,0.49399,0.21795,0.21430,8.01,0.00,0.136,0,0.0
1796,1796.0,544,5172,0.50073,0.55321,0.94752,0.49399,0.21813,0.21430,8.01,0.00,0.135,0,0.0
1797,1797.0,540,5172,0.50079,0.55327,0.94752,0.49399,0.21830,0.21430,8.01,0.00,0.135,0,0.0
1798,1798.0,541,5173,0.50084,0.55333,0.94753,0.49399,0.21847,0.21430,8.01,0.00,0.135,0,0.0
1799,1799.0,539,5173,0.50089,0.55339,0.94753,0.49399,0.21864,0.21430,8.01,0.00,0.135,0,0.0
1800,1800.0,537,5173,0.50094,0.55345,0.94753,0.49399,0.21881,0.21430,8.01,0.00,0.135,0,0.0
1801,1801.0,537,5173,0.50099,0.55350,0.94753,0.49399,0.21898,0.21430,8.01,0.00,0.135,0,0.0
1802,1802.0,537,5173,0.50104,0.55356,0.94753,0.49399,0.21915,0.21430,8.01,0.00,0.135,0,0.0
1803,1803.0,536,5173,0.50109,0.55361,0.94753,0.49399,0.21932,0.21430,8.01,0.00,0.135,0,0.0
1804,1804.0,536,5173,0.50114,0.55367,0.94753,0.49399,0.21949,0.21430,8.01,0.00,0.135,0,0.0
1805,1805.0,531,5173,0.50119,0.55373,0.94753,0.49399,0.21966,0.21430,8.01,0.00,0.135,0,0.0
1806,1806.0,530,5173,0.50124,0.55378,0.94753,0.49399,0.21982,0.21430,8.01,0.00,0.135,0,0.0
1807,1807.0,528,5173,0.50128,0.55384,0.94753,0.49399,0.21998,0.21430,8.01,0.00,0.135,0,0.0
1808,1808.0,526,5173,0.50133,0.55389,0.94753,0.49399,0.22015,0.21430,8.01,0.00,0.135,0,0.0
1809,1809.0,526,5173,0.50138,0.55394,0.94753,0.49399,0.22031,0.21430,8.01,0.00,0.135,0,0.0
1810,1810.0,525,5173,0.50143,0.55400,0.94753,0.49399,0.22047,0.21430,8.01,0.00,0.135,0,0.0
1811,1811.0,525,5173,0.50148,0.55405,0.94753,0.49399,0.22063,0.21430,8.01,0.00,0.135,0,0.0
1812,1812.0,524,5173,0.50152,0.55411,0.94753,0.49399,0.22080,0.21430,8.01,0.00,0.135,0,0.0
1813,1813.0,520,5173,0.50157,0.55416,0.94753,0.49399,0.22096,0.21430,8.01,0.00,0.135,0,0.0
1814,1814.0,520,5173,0.50162,0.55421,0.94753,0.49399,0.22112,0.21430,8.01,0.00,0.135,0,0.0
1815,1815.0,517,5173,0.50166,0.55427,0.94753,0.49399,0.22128,0.21430,8.01,0.00,0.135,0,0.0
1816,1816.0,514,5173,0.50171,0.55432,0.94753,0.49399,0.22144,0.21430,8.01,0.00,0.135,0,0.0
1817,1817.0,514,5174,0.50200,0.55465,0.94754,0.49481,0.22159,0.21430,8.01,0.00,0.135,0,0.0
1818,1818.0,513,5174,0.50205,0.55470,0.94754,0.49481,0.22175,0.21430,8.01,0.00,0.135,0,0.0
1819,1819.0,512,5174,0.50210,0.55475,0.94754,0.49481,0.22191,0.21430,8.01,0.00,0.135,0,0.0
1820,1820.0,511,5174,0.50214,0.55481,0.94754,0.49481,0.22207,0.21430,8.01,0.00,0.135,0,0.0
1821,1821.0,508,5174,0.50219,0.55486,0.94754,0.49481,0.22223,0.21430,8.01,0.00,0.135,0,0.0
1822,1822.0,505,5174,0.50223,0.55491,0.94754,0.49481,0.22239,0.21430,8.01,0.00,0.135,0,0.0
1823,1823.0,504,5174,0.50228,0.55497,0.94754,0.49481,0.22254,0.21430,8.01,0.00,0.135,0,0.0
1824,1824.0,503,5174,0.50233,0.55502,0.94754,0.49481,0.22270,0.21430,8.01,0.00,0.135,0,0.0
1825,1825.0,502,5174,0.50237,0.55507,0.94754,0.49481,0.22286,0.21430,8.01,0.00,0.135,0,0.0
1826,1826.0,499,5174,0.50242,0.55512,0.94754,0.49481,0.22302,0.21430,8.01,0.00,0.135,0,0.0
1827,1827.0,495,5174,0.50247,0.55518,0.94754,0.49481,0.22317,0.21430,8.01,0.00,0.135,0,0.0
1828,1828.0,492,5175,0.50251,0.55523,0.94755,0.49481,0.22333,0.21430,8.01,0.00,0.135,0,0.0
1829,1829.0,491,5175,0.50256,0.55528,0.94755,0.49481,0.22348,0.21430,8.01,0.00,0.135,0,0.0
1830,1830.0,489,5175,0.50260,0.55533,0.94755,0.49481,0.22363,0.21430,8.01,0.00,0.135,0,0.0
1831,1831.0,487,5175,0.50265,0.55538,0.94755,0.49481,0.22378,0.21430,8.01,0.00,0.135,0,0.0
1832,1832.0,487,5175,0.50269,0.55543,0.94755,0.49481,0.22393,0.21430,8.01,0.00,0.135,0,0.0
1833,1833.0,487,5175,0.50274,0.55548,0.94755,0.49481,0.22408,0.21430,8.01,0.00,0.135,0,0.0
1834,1834.0,485,5175,0.50278,0.55553,0.94755,0.49481,0.22423,0.21430,8.01,0.00,0.135,0,0.0
1835,1835.0,484,5175,0.50282,0.55558,0.94755,0.49481,0.22438,0.21430,8.01,0.00,0.135,0,0.0
1836,1836.0,479,5175,0.50287,0.55563,0.94755,0.49481,0.22453,0.21430,8.01,0.00,0.135,0,0.0
1837,1837.0,479,5175,0.50291,0.55568,0.94755,0.49481,0.22467,0.21430,8.01,0.00,0.135,0,0.0
1838,1838.0,478,5175,0.50295,0.55573,0.94755,0.49481,0.22482,0.21430,8.01,0.00,0.135,0,0.0
1839,1839.0,477,5175,0.50300,0.55578,0.94755,0.49481,0.22497,0.21430,8.01,0.00,0.135,0,0.0
1840,1840.0,475,5175,0.50304,0.55583,0.94755,0.49481,0.22511,0.21430,8.01,0.00,0.135,0,0.0
1841,1841.0,475,5175,0.50308,0.55587,0.94755,0.49481,0.22526,0.21430,8.01,0.00,0.135,0,0.0
1842,1842.0,474,5175,0.50312,0.55592,0.94755,0.49481,0.22540,0.21430,8.01,0.00,0.135,0,0.0
1843,1843.0,473,5175,0.50317,0.55597,0.94755,0.49481,0.22554,0.21430,8.01,0.00,0.135,0,0.0
1844,1844.0,469,5175,0.50321,0.55602,0.94755,0.49481,0.22568,0.21430,8.01,0.00,0.135,0,0.0
1845,1845.0,467,5175,0.50325,0.55606,0.94755,0.49481,0.22582,0.21430,8.01,0.00,0.135,0,0.0
1846,1846.0,465,5175,0.50329,0.55611,0.94755,0.49481,0.22596,0.21430,8.01,0.00,0.135,0,0.0
1847,1847.0,464,5175,0.50333,0.55616,0.94755,0.49481,0.22610,0.21430,8.01,0.00,0.135,0,0.0
1848,1848.0,461,5175,0.50337,0.55620,0.94755,0.49481,0.22624,0.21430,8.01,0.00,0.135,0,0.0
1849,1849.0,458,5175,0.50341,0.55625,0.94755,0.49481,0.22638,0.21430,8.01,0.00,0.135,0,0.0
1850,1850.0,458,5175,0.50345,0.55629,0.94755,0.49481,0.22651,0.21430,8.01,0.00,0.135,0,0.0
1851,1851.0,457,5175,0.50349,0.55634,0.94755,0.49481,0.22665,0.21430,8.01,0.00,0.135,0,0.0
1852,1852.0,455,5175,0.50353,0.55638,0.94755,0.49481,0.22678,0.21430,8.01,0.00,0.135,0,0.0
1853,1853.0,452,5175,0.50357,0.55642,0.94755,0.49481,0.22691,0.21430,8.01,0.00,0.135,0,0.0
1854,1854.0,451,5175,0.50361,0.55647,0.94755,0.49481,0.22704,0.21430,8.01,0.00,0.135,0,0.0
1855,1855.0,445,5175,0.50365,0.55651,0.94755,0.49481,0.22717,0.21430,8.01,0.00,0.135,0,0.0
1856,1856.0,442,5175,0.50368,0.55656,0.94755,0.49481,0.22730,0.21430,8.01,0.00,0.134,0,0.0
1857,1857.0,440,5175,0.50372,0.55660,0.94755,0.49481,0.22743,0.21430,8.01,0.00,0.134,0,0.0
1858,1858.0,438,5176,0.50376,0.55664,0.94756,0.49481,0.22755,0.21430,8.01,0.00,0.134,0,0.0
1859,1859.0,436,5176,0.50380,0.55668,0.94756,0.49481,0.22768,0.21430,8.01,0.00,0.134,0,0.0
1860,1860.0,434,5176,0.50383,0.55672,0.94756,0.49481,0.22780,0.21430,8.01,0.00,0.134,0,0.0
1861,1861.0,430,5176,0.50387,0.55676,0.94756,0.49481,0.22792,0.21430,8.01,0.00,0.134,0,0.0
1862,1862.0,427,5176,0.50390,0.55680,0.94756,0.49481,0.22803,0.21430,8.01,0.00,0.134,0,0.0
1863,1863.0,426,5176,0.50394,0.55684,0.94756,0.49481,0.22815,0.21430,8.01,0.00,0.134,0,0.0
1864,1864.0,425,5176,0.50397,0.55688,0.94756,0.49481,0.22826,0.21430,8.01,0.00,0.134,0,0.0
1865,1865.0,422,5176,0.50400,0.55692,0.94756,0.49481,0.22838,0.21430,8.01,0.00,0.134,0,0.0
1866,1866.0,419,5176,0.50404,0.55695,0.94756,0.49481,0.22849,0.21430,8.01,0.00,0.134,0,0.0
1867,1867.0,417,5176,0.50407,0.55699,0.94756,0.49481,0.22860,0.21430,8.01,0.00,0.134,0,0.0
1868,1868.0,414,5176,0.50410,0.55703,0.94756,0.49481,0.22871,0.21430,8.01,0.00,0.134,0,0.0
1869,1869.0,411,5176,0.50413,0.55706,0.94756,0.49481,0.22881,0.21430,8.01,0.00,0.134,0,0.0
1870,1870.0,410,5176,0.50416,0.55710,0.94756,0.49481,0.22891,0.21430,8.01,0.00,0.134,0,0.0
1871,1871.0,409,5176,0.50419,0.55713,0.94756,0.49481,0.22902,0.21430,8.01,0.00,0.134,0,0.0
1872,1872.0,408,5176,0.50422,0.55716,0.94756,0.49481,0.22912,0.21430,8.01,0.00,0.134,0,0.0
1873,1873.0,406,5176,0.50425,0.55720,0.94756,0.49481,0.22922,0.21430,8.01,0.00,0.134,0,0.0
1874,1874.0,404,5176,0.50428,0.55723,0.94756,0.49481,0.22931,0.21430,8.01,0.00,0.134,0,0.0
1875,1875.0,402,5176,0.50431,0.55726,0.94756,0.49481,0.22941,0.21430,8.01,0.00,0.134,0,0.0
1876,1876.0,398,5176,0.50434,0.55729,0.94756,0.49481,0.22951,0.21430,8.01,0.00,0.134,0,0.0
1877,1877.0,396,5176,0.50436,0.55733,0.94756,0.49481,0.22960,0.21430,8.01,0.00,0.134,0,0.0
1878,1878.0,393,5176,0.50439,0.55736,0.94756,0.49481,0.22970,0.21430,8.01,0.00,0.134,0,0.0
1879,1879.0,392,5176,0.50442,0.55739,0.94756,0.49481,0.22979,0.21430,8.01,0.00,0.134,0,0.0
1880,1880.0,386,5176,0.50444,0.55742,0.94756,0.49481,0.22988,0.21430,8.01,0.00,0.134,0,0.0
1881,1881.0,385,5176,0.50447,0.55745,0.94756,0.49481,0.22996,0.21430,8.01,0.00,0.134,0,0.0
1882,1882.0,384,5176,0.50449,0.55747,0.94756,0.49481,0.23005,0.21430,8.01,0.00,0.134,0,0.0
1883,1883.0,381,5176,0.50452,0.55750,0.94756,0.49481,0.23013,0.21430,8.01,0.00,0.134,0,0.0
1884,1884.0,381,5176,0.50454,0.55753,0.94756,0.49481,0.23021,0.21430,8.01,0.00,0.134,0,0.0
1885,1885.0,379,5176,0.50457,0.55756,0.94756,0.49481,0.23030,0.21430,8.01,0.00,0.134,0,0.0
1886,1886.0,376,5176,0.50459,0.55758,0.94756,0.49481,0.23038,0.21430,8.01,0.00,0.134,0,0.0
1887,1887.0,375,5176,0.50461,0.55761,0.94756,0.49481,0.23046,0.21430,8.01,0.00,0.134,0,0.0
1888,1888.0,375,5177,0.50464,0.55764,0.94757,0.49481,0.23053,0.21430,8.01,0.00,0.134,0,0.0
1889,1889.0,371,5177,0.50466,0.55767,0.94757,0.49481,0.23061,0.21430,8.01,0.00,0.134,0,0.0
1890,1890.0,367,5177,0.50469,0.55769,0.94757,0.49481,0.23069,0.21430,8.01,0.00,0.134,0,0.0
1891,1891.0,366,5177,0.50471,0.55772,0.94757,0.49481,0.23076,0.21430,8.01,0.00,0.134,0,0.0
1892,1892.0,364,5177,0.50473,0.55774,0.94757,0.49481,0.23084,0.21430,8.01,0.00,0.134,0,0.0
1893,1893.0,362,5177,0.50475,0.55776,0.94757,0.49481,0.23091,0.21430,8.01,0.00,0.134,0,0.0
1894,1894.0,359,5177,0.50477,0.55779,0.94757,0.49481,0.23098,0.21430,8.01,0.00,0.134,0,0.0
1895,1895.0,359,5177,0.50479,0.55781,0.94757,0.49481,0.23105,0.21430,8.01,0.00,0.134,0,0.0
1896,1896.0,358,5177,0.50481,0.55784,0.94757,0.49481,0.23112,0.21430,8.01,0.00,0.134,0,0.0
1897,1897.0,357,5177,0.50483,0.55786,0.94757,0.49481,0.23119,0.21430,8.01,0.00,0.134,0,0.0
1898,1898.0,354,5177,0.50485,0.55788,0.94757,0.49481,0.23126,0.21430,8.01,0.00,0.134,0,0.0
1899,1899.0,352,5177,0.50487,0.55790,0.94757,0.49481,0.23133,0.21430,8.01,0.00,0.134,0,0.0
1900,1900.0,349,5177,0.50489,0.55793,0.94757,0.49481,0.23140,0.21430,8.01,0.00,0.134,0,0.0
1901,1901.0,347,5177,0.50491,0.55795,0.94757,0.49481,0.23146,0.21430,8.01,0.00,0.134,0,0.0
1902,1902.0,346,5177,0.50493,0.55797,0.94757,0.49481,0.23152,0.21430,8.01,0.00,0.134,0,0.0
1903,1903.0,346,5177,0.50495,0.55799,0.94757,0.49481,0.23159,0.21430,8.01,0.00,0.133,0,0.0
1904,1904.0,346,5177,0.50497,0.55801,0.94757,0.49481,0.23165,0.21430,8.01,0.00,0.133,0,0.0
1905,1905.0,343,5177,0.50499,0.55803,0.94757,0.49481,0.23171,0.21430,8.01,0.00,0.133,0,0.0
1906,1906.0,341,5177,0.50501,0.55805,0.94757,0.49481,0.23178,0.21430,8.01,0.00,0.133,0,0.0
1907,1907.0,339,5177,0.50502,0.55807,0.94757,0.49481,0.23184,0.21430,8.01,0.00,0.133,0,0.0
1908,1908.0,337,5177,0.50504,0.55809,0.94757,0.49481,0.23190,0.21430,8.01,0.00,0.133,0,0.0
1909,1909.0,335,5177,0.50506,0.55811,0.94757,0.49481,0.23195,0.21430,8.01,0.00,0.133,0,0.0
1910,1910.0,335,5177,0.50507,0.55813,0.94757,0.49481,0.23201,0.21430,8.01,0.00,0.133,0,0.0
1911,1911.0,335,5177,0.50509,0.55815,0.94757,0.49481,0.23207,0.21430,8.01,0.00,0.133,0,0.0
1912,1912.0,332,5177,0.50511,0.55817,0.94757,0.49481,0.23212,0.21430,8.01,0.00,0.133,0,0.0
1913,1913.0,330,5177,0.50512,0.55819,0.94757,0.49481,0.23218,0.21430,8.01,0.00,0.133,0,0.0
1914,1914.0,328,5177,0.50514,0.55821,0.94757,0.49481,0.23224,0.21430,8.01,0.00,0.133,0,0.0
1915,1915.0,326,5177,0.50516,0.55822,0.94757,0.49481,0.23229,0.21430,8.01,0.00,0.133,0,0.0
1916,1916.0,325,5177,0.50517,0.55824,0.94757,0.49481,0.23235,0.21430,8.01,0.00,0.133,0,0.0
1917,1917.0,324,5177,0.50519,0.55826,0.94757,0.49481,0.23240,0.21430,8.01,0.00,0.133,0,0.0
1918,1918.0,324,5177,0.50521,0.55828,0.94757,0.49481,0.23246,0.21430,8.01,0.00,0.133,0,0.0
1919,1919.0,324,5177,0.50522,0.55830,0.94757,0.49481,0.23251,0.21430,8.01,0.00,0.133,0,0.0
1920,1920.0,324,5177,0.50524,0.55832,0.94757,0.49481,0.23257,0.21430,8.01,0.00,0.133,0,0.0
1921,1921.0,324,5177,0.50525,0.55834,0.94757,0.49481,0.23262,0.21430,8.01,0.00,0.133,0,0.0
1922,1922.0,322,5177,0.50527,0.55835,0.94757,0.49481,0.23268,0.21430,8.01,0.00,0.133,0,0.0
1923,1923.0,322,5177,0.50529,0.55837,0.94757,0.49481,0.23273,0.21430,8.01,0.00,0.133,0,0.0
1924,1924.0,320,5177,0.50530,0.55839,0.94757,0.49481,0.23279,0.21430,8.01,0.00,0.133,0,0.0
1925,1925.0,319,5177,0.50532,0.55841,0.94757,0.49481,0.23284,0.21430,8.01,0.00,0.133,0,0.0
1926,1926.0,318,5177,0.50534,0.55843,0.94757,0.49481,0.23290,0.21430,8.01,0.00,0.133,0,0.0
1927,1927.0,318,5177,0.50535,0.55844,0.94757,0.49481,0.23295,0.21430,8.01,0.00,0.133,0,0.0
1928,1928.0,317,5177,0.50537,0.55846,0.94757,0.49481,0.23300,0.21430,8.01,0.00,0.133,0,0.0
1929,1929.0,314,5177,0.50538,0.55848,0.94757,0.49481,0.23306,0.21430,8.01,0.00,0.133,0,0.0
1930,1930.0,313,5177,0.50540,0.55850,0.94757,0.49481,0.23311,0.21430,8.01,0.00,0.133,0,0.0
1931,1931.0,311,5177,0.50541,0.55852,0.94757,0.49481,0.23316,0.21430,8.01,0.00,0.133,0,0.0
1932,1932.0,310,5177,0.50543,0.55853,0.94757,0.49481,0.23322,0.21430,8.01,0.00,0.133,0,0.0
1933,1933.0,310,5177,0.50544,0.55855,0.94757,0.49481,0.23327,0.21430,8.01,0.00,0.133,0,0.0
1934,1934.0,308,5177,0.50546,0.55857,0.94757,0.49481,0.23332,0.21430,8.01,0.00,0.133,0,0.0
1935,1935.0,308,5177,0.50547,0.55858,0.94757,0.49481,0.23337,0.21430,8.01,0.00,0.133,0,0.0
1936,1936.0,305,5177,0.50549,0.55860,0.94757,0.49481,0.23342,0.21430,8.01,0.00,0.133,0,0.0
1937,1937.0,304,5177,0.50550,0.55862,0.94757,0.49481,0.23347,0.21430,8.01,0.00,0.133,0,0.0
1938,1938.0,304,5177,0.50552,0.55863,0.94757,0.49481,0.23352,0.21430,8.01,0.00,0.133,0,0.0
1939,1939.0,302,5177,0.50553,0.55865,0.94757,0.49481,0.23357,0.21430,8.01,0.00,0.133,0,0.0
1940,1940.0,302,5177,0.50555,0.55867,0.94757,0.49481,0.23362,0.21430,8.01,0.00,0.133,0,0.0
1941,1941.0,302,5177,0.50556,0.55868,0.94757,0.49481,0.23367,0.21430,8.01,0.00,0.133,0,0.0
1942,1942.0,300,5177,0.50558,0.55870,0.94757,0.49481,0.23372,0.21430,8.01,0.00,0.133,0,0.0
1943,1943.0,298,5177,0.50559,0.55872,0.94757,0.49481,0.23377,0.21430,8.01,0.00,0.133,0,0.0
1944,1944.0,296,5177,0.50561,0.55873,0.94757,0.49481,0.23382,0.21430,8.01,0.00,0.133,0,0.0
1945,1945.0,294,5177,0.50562,0.55875,0.94757,0.49481,0.23387,0.21430,8.01,0.00,0.133,0,0.0
1946,1946.0,293,5178,0.50588,0.55905,0.94758,0.49563,0.23392,0.21430,8.01,0.00,0.133,0,0.0
1947,1947.0,292,5178,0.50590,0.55906,0.94758,0.49563,0.23397,0.21430,8.01,0.00,0.133,0,0.0
1948,1948.0,292,5178,0.50591,0.55908,0.94758,0.49563,0.23402,0.21430,8.01,0.00,0.133,0,0.0
1949,1949.0,292,5178,0.50593,0.55910,0.94758,0.49563,0.23407,0.21430,8.01,0.00,0.133,0,0.0
1950,1950.0,290,5178,0.50594,0.55911,0.94758,0.49563,0.23412,0.21430,8.01,0.00,0.133,0,0.0
1951,1951.0,290,5178,0.50595,0.55913,0.94758,0.49563,0.23417,0.21430,8.01,0.00,0.133,0,0.0
1952,1952.0,290,5178,0.50597,0.55915,0.94758,0.49563,0.23422,0.21430,8.01,0.00,0.133,0,0.0
1953,1953.0,289,5178,0.50598,0.55916,0.94758,0.49563,0.23427,0.21430,8.01,0.00,0.133,0,0.0
1954,1954.0,288,5178,0.50600,0.55918,0.94758,0.49563,0.23432,0.21430,8.01,0.00,0.133,0,0.0
1955,1955.0,287,5178,0.50601,0.55920,0.94758,0.49563,0.23437,0.21430,8.01,0.00,0.133,0,0.0
1956,1956.0,287,5178,0.50603,0.55921,0.94758,0.49563,0.23442,0.21430,8.01,0.00,0.133,0,0.0
1957,1957.0,286,5178,0.50604,0.55923,0.94758,0.49563,0.23447,0.21430,8.01,0.00,0.133,0,0.0
1958,1958.0,284,5178,0.50606,0.55925,0.94758,0.49563,0.23452,0.21430,8.01,0.00,0.133,0,0.0
1959,1959.0,280,5178,0.50607,0.55926,0.94758,0.49563,0.23457,0.21430,8.01,0.00,0.133,0,0.0
1960,1960.0,279,5178,0.50609,0.55928,0.94758,0.49563,0.23462,0.21430,8.01,0.00,0.133,0,0.0
1961,1961.0,279,5179,0.50610,0.55930,0.94759,0.49563,0.23467,0.21430,8.01,0.00,0.133,0,0.0
1962,1962.0,277,5179,0.50612,0.55931,0.94759,0.49563,0.23471,0.21430,8.01,0.00,0.133,0,0.0
1963,1963.0,277,5179,0.50613,0.55933,0.94759,0.49563,0.23476,0.21430,8.01,0.00,0.133,0,0.0
1964,1964.0,276,5179,0.50614,0.55934,0.94759,0.49563,0.23481,0.21430,8.01,0.00,0.133,0,0.0
1965,1965.0,275,5179,0.50616,0.55936,0.94759,0.49563,0.23485,0.21430,8.01,0.00,0.133,0,0.0
1966,1966.0,275,5179,0.50617,0.55937,0.94759,0.49563,0.23490,0.21430,8.01,0.00,0.133,0,0.0
1967,1967.0,275,5179,0.50619,0.55939,0.94759,0.49563,0.23495,0.21430,8.01,0.00,0.133,0,0.0
1968,1968.0,274,5179,0.50620,0.55941,0.94759,0.49563,0.23499,0.21430,8.01,0.00,0.133,0,0.0
1969,1969.0,272,5179,0.50621,0.55942,0.94759,0.49563,0.23504,0.21430,8.01,0.00,0.133,0,0.0
1970,1970.0,271,5179,0.50623,0.55944,0.94759,0.49563,0.23509,0.21430,8.01,0.00,0.133,0,0.0
1971,1971.0,268,5179,0.50624,0.55945,0.94759,0.49563,0.23513,0.21430,8.01,0.00,0.133,0,0.0
1972,1972.0,264,5179,0.50625,0.55947,0.94759,0.49563,0.23518,0.21430,8.01,0.00,0.133,0,0.0
1973,1973.0,264,5179,0.50627,0.55948,0.94759,0.49563,0.23523,0.21430,8.01,0.00,0.133,0,0.0
1974,1974.0,264,5179,0.50628,0.55950,0.94759,0.49563,0.23527,0.21430,8.01,0.00,0.133,0,0.0
1975,1975.0,264,5179,0.50629,0.55951,0.94759,0.49563,0.23532,0.21430,8.01,0.00,0.133,0,0.0
1976,1976.0,262,5179,0.50631,0.55953,0.94759,0.49563,0.23536,0.21430,8.01,0.00,0.133,0,0.0
1977,1977.0,258,5179,0.50632,0.55954,0.94759,0.49563,0.23541,0.21430,8.01,0.00,0.133,0,0.0
1978,1978.0,256,5179,0.50633,0.55956,0.94759,0.49563,0.23545,0.21430,8.01,0.00,0.133,0,0.0
1979,1979.0,256,5179,0.50635,0.55957,0.94759,0.49563,0.23549,0.21430,8.01,0.00,0.132,0,0.0
1980,1980.0,256,5179,0.50636,0.55959,0.94759,0.49563,0.23554,0.21430,8.01,0.00,0.132,0,0.0
1981,1981.0,255,5179,0.50637,0.55960,0.94759,0.49563,0.23558,0.21430,8.01,0.00,0.132,0,0.0
1982,1982.0,253,5179,0.50638,0.55962,0.94759,0.49563,0.23562,0.21430,8.01,0.00,0.132,0,0.0
1983,1983.0,253,5179,0.50640,0.55963,0.94759,0.49563,0.23567,0.21430,8.01,0.00,0.132,0,0.0
1984,1984.0,253,5179,0.50641,0.55964,0.94759,0.49563,0.23571,0.21430,8.01,0.00,0.132,0,0.0
1985,1985.0,253,5179,0.50642,0.55966,0.94759,0.49563,0.23575,0.21430,8.01,0.00,0.132,0,0.0
1986,1986.0,251,5179,0.50644,0.55967,0.94759,0.49563,0.23580,0.21430,8.01,0.00,0.132,0,0.0
1987,1987.0,251,5179,0.50645,0.55969,0.94759,0.49563,0.23584,0.21430,8.01,0.00,0.132,0,0.0
1988,1988.0,250,5179,0.50646,0.55970,0.94759,0.49563,0.23588,0.21430,8.01,0.00,0.132,0,0.0
1989,1989.0,250,5179,0.50647,0.55972,0.94759,0.49563,0.23593,0.21430,8.01,0.00,0.132,0,0.0
1990,1990.0,249,5179,0.50649,0.55973,0.94759,0.49563,0.23597,0.21430,8.01,0.00,0.132,0,0.0
1991,1991.0,248,5179,0.50650,0.55975,0.94759,0.49563,0.23601,0.21430,8.01,0.00,0.132,0,0.0
1992,1992.0,247,5179,0.50651,0.55976,0.94759,0.49563,0.23606,0.21430,8.01,0.00,0.132,0,0.0
1993,1993.0,246,5179,0.50652,0.55977,0.94759,0.49563,0.23610,0.21430,8.01,0.00,0.132,0,0.0
1994,1994.0,245,5179,0.50654,0.55979,0.94759,0.49563,0.23614,0.21430,8.01,0.00,0.132,0,0.0
1995,1995.0,244,5179,0.50655,0.55980,0.94759,0.49563,0.23618,0.21430,8.01,0.00,0.132,0,0.0
1996,1996.0,244,5179,0.50656,0.55981,0.94759,0.49563,0.23622,0.21430,8.01,0.00,0.132,0,0.0
1997,1997.0,244,5179,0.50657,0.55983,0.94759,0.49563,0.23626,0.21430,8.01,0.00,0.132,0,0.0
1998,1998.0,244,5179,0.50658,0.55984,0.94759,0.49563,0.23630,0.21430,8.01,0.00,0.132,0,0.0
1999,1999.0,242,5179,0.50659,0.55985,0.94759,0.49563,0.23634,0.21430,8.01,0.00,0.132,0,0.0
2000,2000.0,240,5179,0.50661,0.55987,0.94759,0.49563,0.23638,0.21430,8.01,0.00,0.132,0,0.0
2001,2001.0,239,5179,0.50662,0.55988,0.94759,0.49563,0.23642,0.21430,8.01,0.00,0.132,0,0.0
2002,2002.0,239,5179,0.50663,0.55989,0.94759,0.49563,0.23646,0.21430,8.01,0.00,0.132,0,0.0
2003,2003.0,239,5179,0.50664,0.55991,0.94759,0.49563,0.23650,0.21430,8.01,0.00,0.132,0,0.0
2004,2004.0,239,5179,0.50665,0.55992,0.94759,0.49563,0.23654,0.21430,8.01,0.00,0.132,0,0.0
2005,2005.0,239,5179,0.50667,0.55993,0.94759,0.49563,0.23658,0.21430,8.01,0.00,0.132,0,0.0
2006,2006.0,236,5179,0.50668,0.55995,0.94759,0.49563,0.23662,0.21430,8.01,0.00,0.132,0,0.0
2007,2007.0,235,5179,0.50669,0.55996,0.94759,0.49563,0.23666,0.21430,8.01,0.00,0.132,0,0.0
2008,2008.0,235,5179,0.50670,0.55998,0.94759,0.49563,0.23670,0.21430,8.01,0.00,0.132,0,0.0
2009,2009.0,235,5179,0.50671,0.55999,0.94759,0.49563,0.23674,0.21430,8.01,0.00,0.132,0,0.0
2010,2010.0,234,5179,0.50673,0.56000,0.94759,0.49563,0.23678,0.21430,8.01,0.00,0.132,0,0.0
2011,2011.0,234,5179,0.50674,0.56002,0.94759,0.49563,0.23682,0.21430,8.01,0.00,0.132,0,0.0
2012,2012.0,233,5179,0.50675,0.56003,0.94759,0.49563,0.23686,0.21430,8.01,0.00,0.132,0,0.0
2013,2013.0,233,5179,0.50676,0.56004,0.94759,0.49563,0.23690,0.21430,8.01,0.00,0.132,0,0.0
2014,2014.0,233,5179,0.50677,0.56006,0.94759,0.49563,0.23694,0.21430,8.01,0.00,0.132,0,0.0
2015,2015.0,232,5179,0.50678,0.56007,0.94759,0.49563,0.23698,0.21430,8.01,0.00,0.132,0,0.0
2016,2016.0,230,5179,0.50680,0.56008,0.94759,0.49563,0.23703,0.21430,8.01,0.00,0.132,0,0.0
2017,2017.0,229,5179,0.50681,0.56010,0.94759,0.49563,0.23706,0.21430,8.01,0.00,0.132,0,0.0
2018,2018.0,229,5179,0.50682,0.56011,0.94759,0.49563,0.23710,0.21430,8.01,0.00,0.132,0,0.0
2019,2019.0,226,5179,0.50683,0.56012,0.94759,0.49563,0.23714,0.21430,8.01,0.00,0.132,0,0.0
2020,2020.0,226,5180,0.50685,0.56014,0.94760,0.49563,0.23718,0.21430,8.01,0.00,0.132,0,0.0
2021,2021.0,226,5180,0.50686,0.56015,0.94760,0.49563,0.23722,0.21430,8.01,0.00,0.132,0,0.0
2022,2022.0,226,5180,0.50687,0.56016,0.94760,0.49563,0.23726,0.21430,8.01,0.00,0.132,0,0.0
2023,2023.0,225,5180,0.50688,0.56018,0.94760,0.49563,0.23730,0.21430,8.01,0.00,0.132,0,0.0
2024,2024.0,225,5180,0.50689,0.56019,0.94760,0.49563,0.23734,0.21430,8.01,0.00,0.132,0,0.0
2025,2025.0,224,5180,0.50690,0.56020,0.94760,0.49563,0.23738,0.21430,8.01,0.00,0.132,0,0.0
2026,2026.0,224,5180,0.50691,0.56022,0.94760,0.49563,0.23741,0.21430,8.01,0.00,0.132,0,0.0
2027,2027.0,223,5180,0.50693,0.56023,0.94760,0.49563,0.23745,0.21430,8.01,0.00,0.132,0,0.0
2028,2028.0,221,5180,0.50694,0.56024,0.94760,0.49563,0.23749,0.21430,8.01,0.00,0.132,0,0.0
2029,2029.0,220,5180,0.50695,0.56025,0.94760,0.49563,0.23753,0.21430,8.01,0.00,0.132,0,0.0
2030,2030.0,219,5180,0.50696,0.56027,0.94760,0.49563,0.23757,0.21430,8.01,0.00,0.132,0,0.0
2031,2031.0,219,5180,0.50697,0.56028,0.94760,0.49563,0.23760,0.21430,8.01,0.00,0.132,0,0.0
2032,2032.0,219,5180,0.50698,0.56029,0.94760,0.49563,0.23764,0.21430,8.01,0.00,0.132,0,0.0
2033,2033.0,217,5180,0.50699,0.56030,0.94760,0.49563,0.23768,0.21430,8.01,0.00,0.132,0,0.0
2034,2034.0,216,5180,0.50700,0.56032,0.94760,0.49563,0.23772,0.21430,8.01,0.00,0.132,0,0.0
2035,2035.0,216,5180,0.50701,0.56033,0.94760,0.49563,0.23775,0.21430,8.01,0.00,0.132,0,0.0
2036,2036.0,213,5180,0.50703,0.56034,0.94760,0.49563,0.23779,0.21430,8.01,0.00,0.132,0,0.0
2037,2037.0,212,5180,0.50704,0.56035,0.94760,0.49563,0.23783,0.21430,8.01,0.00,0.132,0,0.0
2038,2038.0,212,5180,0.50705,0.56037,0.94760,0.49563,0.23787,0.21430,8.01,0.00,0.132,0,0.0
2039,2039.0,212,5180,0.50706,0.56038,0.94760,0.49563,0.23790,0.21430,8.01,0.00,0.132,0,0.0
2040,2040.0,211,5180,0.50707,0.56039,0.94760,0.49563,0.23794,0.21430,8.01,0.00,0.132,0,0.0
2041,2041.0,208,5180,0.50708,0.56040,0.94760,0.49563,0.23798,0.21430,8.01,0.00,0.132,0,0.0
2042,2042.0,207,5180,0.50709,0.56042,0.94760,0.49563,0.23802,0.21430,8.01,0.00,0.132,0,0.0
2043,2043.0,206,5180,0.50710,0.56043,0.94760,0.49563,0.23805,0.21430,8.01,0.00,0.132,0,0.0
2044,2044.0,207,5181,0.50712,0.56045,0.94761,0.49563,0.23809,0.21430,8.01,0.00,0.132,0,0.0
2045,2045.0,207,5181,0.50713,0.56046,0.94761,0.49563,0.23813,0.21430,8.01,0.00,0.132,0,0.0
2046,2046.0,205,5181,0.50714,0.56047,0.94761,0.49563,0.23817,0.21430,8.01,0.00,0.132,0,0.0
2047,2047.0,204,5181,0.50715,0.56048,0.94761,0.49563,0.23820,0.21430,8.01,0.00,0.132,0,0.0
2048,2048.0,203,5181,0.50716,0.56049,0.94761,0.49563,0.23824,0.21430,8.01,0.00,0.132,0,0.0
2049,2049.0,202,5181,0.50717,0.56051,0.94761,0.49563,0.23827,0.21430,8.01,0.00,0.132,0,0.0
2050,2050.0,202,5181,0.50718,0.56052,0.94761,0.49563,0.23831,0.21430,8.01,0.00,0.132,0,0.0
2051,2051.0,202,5181,0.50719,0.56053,0.94761,0.49563,0.23834,0.21430,8.01,0.00,0.132,0,0.0
2052,2052.0,202,5181,0.50720,0.56054,0.94761,0.49563,0.23838,0.21430,8.01,0.00,0.132,0,0.0
2053,2053.0,199,5181,0.50721,0.56055,0.94761,0.49563,0.23841,0.21430,8.01,0.00,0.132,0,0.0
2054,2054.0,199,5181,0.50722,0.56056,0.94761,0.49563,0.23845,0.21430,8.01,0.00,0.132,0,0.0
2055,2055.0,198,5181,0.50723,0.56057,0.94761,0.49563,0.23848,0.21430,8.01,0.00,0.132,0,0.0
2056,2056.0,198,5181,0.50724,0.56059,0.94761,0.49563,0.23851,0.21430,8.01,0.00,0.132,0,0.0
2057,2057.0,197,5181,0.50725,0.56060,0.94761,0.49563,0.23855,0.21430,8.01,0.00,0.132,0,0.0
2058,2058.0,197,5181,0.50726,0.56061,0.94761,0.49563,0.23858,0.21430,8.01,0.00,0.132,0,0.0
2059,2059.0,196,5181,0.50727,0.56062,0.94761,0.49563,0.23861,0.21430,8.01,0.00,0.132,0,0.0
2060,2060.0,195,5181,0.50728,0.56063,0.94761,0.49563,0.23865,0.21430,8.01,0.00,0.132,0,0.0
2061,2061.0,196,5182,0.50729,0.56064,0.94762,0.49563,0.23868,0.21430,8.01,0.00,0.132,0,0.0
2062,2062.0,195,5182,0.50730,0.56066,0.94762,0.49563,0.23871,0.21430,8.01,0.00,0.132,0,0.0
2063,2063.0,194,5182,0.50731,0.56067,0.94762,0.49563,0.23875,0.21430,8.01,0.00,0.132,0,0.0
2064,2064.0,194,5182,0.50732,0.56068,0.94762,0.49563,0.23878,0.21430,8.01,0.00,0.132,0,0.0
2065,2065.0,193,5182,0.50733,0.56069,0.94762,0.49563,0.23882,0.21430,8.01,0.00,0.132,0,0.0
2066,2066.0,192,5182,0.50734,0.56070,0.94762,0.49563,0.23885,0.21430,8.01,0.00,0.132,0,0.0
2067,2067.0,192,5182,0.50735,0.56071,0.94762,0.49563,0.23888,0.21430,8.01,0.00,0.132,0,0.0
2068,2068.0,192,5183,0.50736,0.56073,0.94763,0.49563,0.23892,0.21430,8.01,0.00,0.132,0,0.0
2069,2069.0,191,5184,0.50738,0.56074,0.94764,0.49563,0.23895,0.21430,8.01,0.00,0.132,0,0.0
2070,2070.0,190,5184,0.50739,0.56075,0.94764,0.49563,0.23898,0.21430,8.01,0.00,0.132,0,0.0
2071,2071.0,190,5184,0.50739,0.56076,0.94764,0.49563,0.23901,0.21430,8.01,0.00,0.132,0,0.0
2072,2072.0,190,5184,0.50740,0.56077,0.94764,0.49563,0.23904,0.21430,8.01,0.00,0.132,0,0.0
2073,2073.0,190,5184,0.50741,0.56078,0.94764,0.49563,0.23907,0.21430,8.01,0.00,0.132,0,0.0
2074,2074.0,189,5184,0.50742,0.56079,0.94764,0.49563,0.23910,0.21430,8.01,0.00,0.132,0,0.0
2075,2075.0,189,5184,0.50743,0.56080,0.94764,0.49563,0.23913,0.21430,8.01,0.00,0.132,0,0.0
2076,2076.0,189,5184,0.50744,0.56081,0.94764,0.49563,0.23916,0.21430,8.01,0.00,0.132,0,0.0
2077,2077.0,189,5184,0.50745,0.56082,0.94764,0.49563,0.23918,0.21430,8.01,0.00,0.132,0,0.0
2078,2078.0,187,5184,0.50745,0.56083,0.94764,0.49563,0.23921,0.21430,8.01,0.00,0.132,0,0.0
2079,2079.0,186,5184,0.50746,0.56084,0.94764,0.49563,0.23924,0.21430,8.01,0.00,0.132,0,0.0
2080,2080.0,186,5184,0.50747,0.56085,0.94764,0.49563,0.23927,0.21430,8.01,0.00,0.132,0,0.0
2081,2081.0,186,5184,0.50748,0.56086,0.94764,0.49563,0.23930,0.21430,8.01,0.00,0.132,0,0.0
2082,2082.0,186,5184,0.50749,0.56087,0.94764,0.49563,0.23933,0.21430,8.01,0.00,0.132,0,0.0
2083,2083.0,183,5184,0.50750,0.56088,0.94764,0.49563,0.23936,0.21430,8.01,0.00,0.132,0,0.0
2084,2084.0,183,5184,0.50751,0.56089,0.94764,0.49563,0.23939,0.21430,8.01,0.00,0.132,0,0.0
2085,2085.0,183,5184,0.50751,0.56090,0.94764,0.49563,0.23942,0.21430,8.01,0.00,0.132,0,0.0
2086,2086.0,183,5184,0.50752,0.56091,0.94764,0.49563,0.23945,0.21430,8.01,0.00,0.132,0,0.0
2087,2087.0,183,5184,0.50753,0.56092,0.94764,0.49563,0.23948,0.21430,8.01,0.00,0.132,0,0.0
2088,2088.0,182,5184,0.50754,0.56093,0.94764,0.49563,0.23951,0.21430,8.01,0.00,0.132,0,0.0
2089,2089.0,182,5184,0.50755,0.56094,0.94764,0.49563,0.23954,0.21430,8.01,0.00,0.132,0,0.0
2090,2090.0,181,5184,0.50756,0.56095,0.94764,0.49563,0.23956,0.21430,8.01,0.00,0.132,0,0.0
2091,2091.0,178,5184,0.50757,0.56096,0.94764,0.49563,0.23959,0.21430,8.01,0.00,0.132,0,0.0
2092,2092.0,178,5184,0.50757,0.56096,0.94764,0.49563,0.23962,0.21430,8.01,0.00,0.132,0,0.0
2093,2093.0,177,5184,0.50758,0.56097,0.94764,0.49563,0.23965,0.21430,8.01,0.00,0.132,0,0.0
2094,2094.0,176,5184,0.50759,0.56098,0.94764,0.49563,0.23967,0.21430,8.01,0.00,0.131,0,0.0
2095,2095.0,176,5184,0.50760,0.56099,0.94764,0.49563,0.23970,0.21430,8.01,0.00,0.131,0,0.0
2096,2096.0,174,5184,0.50760,0.56100,0.94764,0.49563,0.23972,0.21430,8.01,0.00,0.131,0,0.0
2097,2097.0,174,5184,0.50761,0.56101,0.94764,0.49563,0.23975,0.21430,8.01,0.00,0.131,0,0.0
2098,2098.0,174,5184,0.50762,0.56101,0.94764,0.49563,0.23977,0.21430,8.01,0.00,0.131,0,0.0
2099,2099.0,174,5184,0.50763,0.56102,0.94764,0.49563,0.23980,0.21430,8.01,0.00,0.131,0,0.0
2100,2100.0,173,5184,0.50763,0.56103,0.94764,0.49563,0.23982,0.21430,8.01,0.00,0.131,0,0.0
2101,2101.0,171,5184,0.50764,0.56104,0.94764,0.49563,0.23984,0.21430,8.01,0.00,0.131,0,0.0
2102,2102.0,171,5184,0.50765,0.56105,0.94764,0.49563,0.23986,0.21430,8.01,0.00,0.131,0,0.0
2103,2103.0,170,5184,0.50765,0.56105,0.94764,0.49563,0.23989,0.21430,8.01,0.00,0.131,0,0.0
2104,2104.0,170,5184,0.50766,0.56106,0.94764,0.49563,0.23991,0.21430,8.01,0.00,0.131,0,0.0
2105,2105.0,170,5184,0.50767,0.56107,0.94764,0.49563,0.23993,0.21430,8.01,0.00,0.131,0,0.0
2106,2106.0,169,5184,0.50767,0.56108,0.94764,0.49563,0.23995,0.21430,8.01,0.00,0.131,0,0.0
2107,2107.0,169,5184,0.50768,0.56108,0.94764,0.49563,0.23998,0.21430,8.01,0.00,0.131,0,0.0
2108,2108.0,168,5184,0.50769,0.56109,0.94764,0.49563,0.24000,0.21430,8.01,0.00,0.131,0,0.0
2109,2109.0,168,5184,0.50769,0.56110,0.94764,0.49563,0.24002,0.21430,8.01,0.00,0.131,0,0.0
2110,2110.0,167,5184,0.50770,0.56110,0.94764,0.49563,0.24004,0.21430,8.01,0.00,0.131,0,0.0
2111,2111.0,167,5184,0.50770,0.56111,0.94764,0.49563,0.24006,0.21430,8.01,0.00,0.131,0,0.0
2112,2112.0,167,5184,0.50771,0.56112,0.94764,0.49563,0.24008,0.21430,8.01,0.00,0.131,0,0.0
2113,2113.0,167,5184,0.50772,0.56113,0.94764,0.49563,0.24010,0.21430,8.01,0.00,0.131,0,0.0
2114,2114.0,167,5184,0.50772,0.56113,0.94764,0.49563,0.24012,0.21430,8.01,0.00,0.131,0,0.0
2115,2115.0,167,5184,0.50773,0.56114,0.94764,0.49563,0.24015,0.21430,8.01,0.00,0.131,0,0.0
2116,2116.0,167,5184,0.50773,0.56115,0.94764,0.49563,0.24017,0.21430,8.01,0.00,0.131,0,0.0
2117,2117.0,167,5184,0.50774,0.56115,0.94764,0.49563,0.24019,0.21430,8.01,0.00,0.131,0,0.0
2118,2118.0,167,5184,0.50775,0.56116,0.94764,0.49563,0.24021,0.21430,8.01,0.00,0.131,0,0.0
2119,2119.0,167,5184,0.50775,0.56117,0.94764,0.49563,0.24023,0.21430,8.01,0.00,0.131,0,0.0
2120,2120.0,166,5184,0.50776,0.56117,0.94764,0.49563,0.24025,0.21430,8.01,0.00,0.131,0,0.0
2121,2121.0,166,5184,0.50777,0.56118,0.94764,0.49563,0.24027,0.21430,8.01,0.00,0.131,0,0.0
2122,2122.0,164,5184,0.50777,0.56119,0.94764,0.49563,0.24029,0.21430,8.01,0.00,0.131,0,0.0
2123,2123.0,164,5184,0.50778,0.56120,0.94764,0.49563,0.24031,0.21430,8.01,0.00,0.131,0,0.0
2124,2124.0,163,5184,0.50778,0.56120,0.94764,0.49563,0.24033,0.21430,8.01,0.00,0.131,0,0.0
2125,2125.0,163,5184,0.50779,0.56121,0.94764,0.49563,0.24036,0.21430,8.01,0.00,0.131,0,0.0
2126,2126.0,163,5184,0.50780,0.56122,0.94764,0.49563,0.24038,0.21430,8.01,0.00,0.131,0,0.0
2127,2127.0,163,5184,0.50780,0.56122,0.94764,0.49563,0.24040,0.21430,8.01,0.00,0.131,0,0.0
2128,2128.0,163,5184,0.50781,0.56123,0.94764,0.49563,0.24042,0.21430,8.01,0.00,0.131,0,0.0
2129,2129.0,163,5184,0.50781,0.56124,0.94764,0.49563,0.24044,0.21430,8.01,0.00,0.131,0,0.0
2130,2130.0,163,5184,0.50782,0.56124,0.94764,0.49563,0.24046,0.21430,8.01,0.00,0.131,0,0.0
2131,2131.0,163,5184,0.50783,0.56125,0.94764,0.49563,0.24048,0.21430,8.01,0.00,0.131,0,0.0
2132,2132.0,163,5184,0.50783,0.56126,0.94764,0.49563,0.24050,0.21430,8.01,0.00,0.131,0,0.0
2133,2133.0,163,5184,0.50784,0.56126,0.94764,0.49563,0.24052,0.21430,8.01,0.00,0.131,0,0.0
2134,2134.0,163,5184,0.50785,0.56127,0.94764,0.49563,0.24054,0.21430,8.01,0.00,0.131,0,0.0
2135,2135.0,163,5184,0.50785,0.56128,0.94764,0.49563,0.24057,0.21430,8.01,0.00,0.131,0,0.0
2136,2136.0,163,5184,0.50786,0.56129,0.94764,0.49563,0.24059,0.21430,8.01,0.00,0.131,0,0.0
2137,2137.0,163,5184,0.50786,0.56129,0.94764,0.49563,0.24061,0.21430,8.01,0.00,0.131,0,0.0
2138,2138.0,163,5184,0.50787,0.56130,0.94764,0.49563,0.24063,0.21430,8.01,0.00,0.131,0,0.0
2139,2139.0,163,5184,0.50788,0.56131,0.94764,0.49563,0.24065,0.21430,8.01,0.00,0.131,0,0.0
2140,2140.0,163,5184,0.50788,0.56131,0.94764,0.49563,0.24067,0.21430,8.01,0.00,0.131,0,0.0
2141,2141.0,163,5184,0.50789,0.56132,0.94764,0.49563,0.24069,0.21430,8.01,0.00,0.131,0,0.0
2142,2142.0,163,5184,0.50790,0.56133,0.94764,0.49563,0.24071,0.21430,8.01,0.00,0.131,0,0.0
2143,2143.0,163,5184,0.50790,0.56133,0.94764,0.49563,0.24073,0.21430,8.01,0.00,0.131,0,0.0
2144,2144.0,163,5184,0.50791,0.56134,0.94764,0.49563,0.24075,0.21430,8.01,0.00,0.131,0,0.0
2145,2145.0,163,5184,0.50791,0.56135,0.94764,0.49563,0.24077,0.21430,8.01,0.00,0.131,0,0.0
2146,2146.0,162,5185,0.50792,0.56136,0.94765,0.49563,0.24080,0.21430,8.01,0.00,0.131,0,0.0
2147,2147.0,162,5185,0.50793,0.56137,0.94765,0.49563,0.24082,0.21430,8.01,0.00,0.131,0,0.0
2148,2148.0,161,5185,0.50793,0.56137,0.94765,0.49563,0.24084,0.21430,8.01,0.00,0.131,0,0.0
2149,2149.0,161,5185,0.50794,0.56138,0.94765,0.49563,0.24086,0.21430,8.01,0.00,0.131,0,0.0
2150,2150.0,160,5185,0.50795,0.56139,0.94765,0.49563,0.24088,0.21430,8.01,0.00,0.131,0,0.0
2151,2151.0,160,5185,0.50795,0.56139,0.94765,0.49563,0.24090,0.21430,8.01,0.00,0.131,0,0.0
2152,2152.0,159,5185,0.50796,0.56140,0.94765,0.49563,0.24092,0.21430,8.01,0.00,0.131,0,0.0
2153,2153.0,158,5185,0.50797,0.56141,0.94765,0.49563,0.24094,0.21430,8.01,0.00,0.131,0,0.0
2154,2154.0,158,5185,0.50797,0.56141,0.94765,0.49563,0.24096,0.21430,8.01,0.00,0.131,0,0.0
2155,2155.0,158,5185,0.50798,0.56142,0.94765,0.49563,0.24098,0.21430,8.01,0.00,0.131,0,0.0
2156,2156.0,158,5185,0.50798,0.56143,0.94765,0.49563,0.24101,0.21430,8.01,0.00,0.131,0,0.0
2157,2157.0,158,5185,0.50799,0.56144,0.94765,0.49563,0.24103,0.21430,8.01,0.00,0.131,0,0.0
2158,2158.0,157,5185,0.50800,0.56144,0.94765,0.49563,0.24105,0.21430,8.01,0.00,0.131,0,0.0
2159,2159.0,157,5185,0.50800,0.56145,0.94765,0.49563,0.24107,0.21430,8.01,0.00,0.131,0,0.0
2160,2160.0,157,5185,0.50801,0.56146,0.94765,0.49563,0.24109,0.21430,8.01,0.00,0.131,0,0.0
2161,2161.0,157,5185,0.50802,0.56146,0.94765,0.49563,0.24111,0.21430,8.01,0.00,0.131,0,0.0
2162,2162.0,157,5185,0.50802,0.56147,0.94765,0.49563,0.24113,0.21430,8.01,0.00,0.131,0,0.0
2163,2163.0,156,5185,0.50803,0.56148,0.94765,0.49563,0.24115,0.21430,8.01,0.00,0.131,0,0.0
2164,2164.0,156,5185,0.50803,0.56148,0.94765,0.49563,0.24117,0.21430,8.01,0.00,0.131,0,0.0
2165,2165.0,155,5185,0.50804,0.56149,0.94765,0.49563,0.24119,0.21430,8.01,0.00,0.131,0,0.0
2166,2166.0,155,5185,0.50805,0.56150,0.94765,0.49563,0.24121,0.21430,8.01,0.00,0.131,0,0.0
2167,2167.0,155,5185,0.50805,0.56151,0.94765,0.49563,0.24124,0.21430,8.01,0.00,0.131,0,0.0
2168,2168.0,155,5185,0.50806,0.56151,0.94765,0.49563,0.24126,0.21430,8.01,0.00,0.131,0,0.0
2169,2169.0,155,5185,0.50806,0.56152,0.94765,0.49563,0.24128,0.21430,8.01,0.00,0.131,0,0.0
2170,2170.0,155,5185,0.50807,0.56153,0.94765,0.49563,0.24130,0.21430,8.01,0.00,0.131,0,0.0
2171,2171.0,155,5185,0.50808,0.56153,0.94765,0.49563,0.24132,0.21430,8.01,0.00,0.131,0,0.0
2172,2172.0,155,5185,0.50808,0.56154,0.94765,0.49563,0.24134,0.21430,8.01,0.00,0.131,0,0.0
2173,2173.0,155,5185,0.50809,0.56155,0.94765,0.49563,0.24136,0.21430,8.01,0.00,0.131,0,0.0
2174,2174.0,155,5185,0.50810,0.56155,0.94765,0.49563,0.24138,0.21430,8.01,0.00,0.131,0,0.0
2175,2175.0,155,5185,0.50810,0.56156,0.94765,0.49563,0.24140,0.21430,8.01,0.00,0.131,0,0.0
2176,2176.0,155,5185,0.50811,0.56157,0.94765,0.49563,0.24142,0.21430,8.01,0.00,0.131,0,0.0
2177,2177.0,154,5185,0.50811,0.56158,0.94765,0.49563,0.24144,0.21430,8.01,0.00,0.131,0,0.0
2178,2178.0,153,5185,0.50812,0.56158,0.94765,0.49563,0.24147,0.21430,8.01,0.00,0.131,0,0.0
2179,2179.0,153,5185,0.50813,0.56159,0.94765,0.49563,0.24149,0.21430,8.01,0.00,0.131,0,0.0
2180,2180.0,152,5185,0.50813,0.56160,0.94765,0.49563,0.24151,0.21430,8.01,0.00,0.131,0,0.0
2181,2181.0,152,5185,0.50814,0.56160,0.94765,0.49563,0.24153,0.21430,8.01,0.00,0.131,0,0.0
2182,2182.0,152,5185,0.50814,0.56161,0.94765,0.49563,0.24155,0.21430,8.01,0.00,0.131,0,0.0
2183,2183.0,152,5185,0.50815,0.56162,0.94765,0.49563,0.24157,0.21430,8.01,0.00,0.131,0,0.0
2184,2184.0,153,5186,0.50816,0.56163,0.94766,0.49563,0.24159,0.21430,8.01,0.00,0.131,0,0.0
2185,2185.0,152,5186,0.50817,0.56163,0.94766,0.49563,0.24161,0.21430,8.01,0.00,0.131,0,0.0
2186,2186.0,152,5186,0.50817,0.56164,0.94766,0.49563,0.24163,0.21430,8.01,0.00,0.131,0,0.0
2187,2187.0,152,5186,0.50818,0.56165,0.94766,0.49563,0.24165,0.21430,8.01,0.00,0.131,0,0.0
2188,2188.0,152,5186,0.50818,0.56165,0.94766,0.49563,0.24167,0.21430,8.01,0.00,0.131,0,0.0
2189,2189.0,151,5186,0.50819,0.56166,0.94766,0.49563,0.24169,0.21430,8.01,0.00,0.131,0,0.0
2190,2190.0,151,5186,0.50820,0.56167,0.94766,0.49563,0.24172,0.21430,8.01,0.00,0.131,0,0.0
2191,2191.0,152,5187,0.50820,0.56168,0.94767,0.49563,0.24174,0.21430,8.01,0.00,0.131,0,0.0
2192,2192.0,152,5187,0.50821,0.56169,0.94767,0.49563,0.24176,0.21430,8.01,0.00,0.131,0,0.0
2193,2193.0,152,5187,0.50822,0.56169,0.94767,0.49563,0.24178,0.21430,8.01,0.00,0.131,0,0.0
2194,2194.0,151,5187,0.50822,0.56170,0.94767,0.49563,0.24180,0.21430,8.01,0.00,0.131,0,0.0
2195,2195.0,150,5187,0.50823,0.56171,0.94767,0.49563,0.24182,0.21430,8.01,0.00,0.131,0,0.0
2196,2196.0,150,5187,0.50824,0.56171,0.94767,0.49563,0.24184,0.21430,8.01,0.00,0.131,0,0.0
2197,2197.0,149,5187,0.50824,0.56172,0.94767,0.49563,0.24186,0.21430,8.01,0.00,0.131,0,0.0
2198,2198.0,149,5187,0.50825,0.56173,0.94767,0.49563,0.24188,0.21430,8.01,0.00,0.131,0,0.0
2199,2199.0,149,5187,0.50825,0.56173,0.94767,0.49563,0.24190,0.21430,8.01,0.00,0.131,0,0.0
2200,2200.0,149,5187,0.50826,0.56174,0.94767,0.49563,0.24192,0.21430,8.01,0.00,0.131,0,0.0
2201,2201.0,149,5187,0.50827,0.56175,0.94767,0.49563,0.24194,0.21430,8.01,0.00,0.131,0,0.0
2202,2202.0,149,5187,0.50827,0.56175,0.94767,0.49563,0.24196,0.21430,8.01,0.00,0.131,0,0.0
2203,2203.0,149,5187,0.50828,0.56176,0.94767,0.49563,0.24198,0.21430,8.01,0.00,0.131,0,0.0
2204,2204.0,149,5187,0.50828,0.56177,0.94767,0.49563,0.24201,0.21430,8.01,0.00,0.131,0,0.0
2205,2205.0,148,5187,0.50829,0.56178,0.94767,0.49563,0.24203,0.21430,8.01,0.00,0.131,0,0.0
2206,2206.0,148,5187,0.50830,0.56178,0.94767,0.49563,0.24205,0.21430,8.01,0.00,0.131,0,0.0
2207,2207.0,148,5187,0.50830,0.56179,0.94767,0.49563,0.24207,0.21430,8.01,0.00,0.131,0,0.0
2208,2208.0,148,5187,0.50831,0.56180,0.94767,0.49563,0.24209,0.21430,8.01,0.00,0.131,0,0.0
2209,2209.0,148,5187,0.50831,0.56180,0.94767,0.49563,0.24211,0.21430,8.01,0.00,0.131,0,0.0
2210,2210.0,148,5187,0.50832,0.56181,0.94767,0.49563,0.24213,0.21430,8.01,0.00,0.131,0,0.0
2211,2211.0,148,5187,0.50833,0.56182,0.94767,0.49563,0.24215,0.21430,8.01,0.00,0.131,0,0.0
2212,2212.0,148,5187,0.50833,0.56182,0.94767,0.49563,0.24217,0.21430,8.01,0.00,0.131,0,0.0
2213,2213.0,148,5187,0.50834,0.56183,0.94767,0.49563,0.24219,0.21430,8.01,0.00,0.131,0,0.0
2214,2214.0,148,5187,0.50835,0.56184,0.94767,0.49563,0.24221,0.21430,8.01,0.00,0.131,0,0.0
2215,2215.0,148,5187,0.50835,0.56184,0.94767,0.49563,0.24223,0.21430,8.01,0.00,0.131,0,0.0
2216,2216.0,148,5187,0.50836,0.56185,0.94767,0.49563,0.24225,0.21430,8.01,0.00,0.131,0,0.0
2217,2217.0,147,5187,0.50836,0.56186,0.94767,0.49563,0.24228,0.21430,8.01,0.00,0.131,0,0.0
2218,2218.0,147,5187,0.50837,0.56187,0.94767,0.49563,0.24230,0.21430,8.01,0.00,0.131,0,0.0
2219,2219.0,147,5187,0.50838,0.56187,0.94767,0.49563,0.24232,0.21430,8.01,0.00,0.131,0,0.0
2220,2220.0,147,5187,0.50838,0.56188,0.94767,0.49563,0.24234,0.21430,8.01,0.00,0.131,0,0.0
2221,2221.0,146,5187,0.50839,0.56189,0.94767,0.49563,0.24236,0.21430,8.01,0.00,0.131,0,0.0
2222,2222.0,146,5187,0.50839,0.56189,0.94767,0.49563,0.24238,0.21430,8.01,0.00,0.131,0,0.0
2223,2223.0,145,5187,0.50840,0.56190,0.94767,0.49563,0.24240,0.21430,8.01,0.00,0.131,0,0.0
2224,2224.0,145,5187,0.50841,0.56191,0.94767,0.49563,0.24242,0.21430,8.01,0.00,0.131,0,0.0
2225,2225.0,144,5187,0.50841,0.56191,0.94767,0.49563,0.24244,0.21430,8.01,0.00,0.131,0,0.0
2226,2226.0,144,5187,0.50842,0.56192,0.94767,0.49563,0.24246,0.21430,8.01,0.00,0.131,0,0.0
2227,2227.0,144,5187,0.50842,0.56193,0.94767,0.49563,0.24248,0.21430,8.01,0.00,0.131,0,0.0
2228,2228.0,144,5187,0.50843,0.56193,0.94767,0.49563,0.24250,0.21430,8.01,0.00,0.131,0,0.0
2229,2229.0,144,5187,0.50844,0.56194,0.94767,0.49563,0.24252,0.21430,8.01,0.00,0.131,0,0.0
2230,2230.0,143,5187,0.50844,0.56195,0.94767,0.49563,0.24254,0.21430,8.01,0.00,0.131,0,0.0
2231,2231.0,143,5187,0.50845,0.56195,0.94767,0.49563,0.24256,0.21430,8.01,0.00,0.131,0,0.0
2232,2232.0,143,5187,0.50845,0.56196,0.94767,0.49563,0.24258,0.21430,8.01,0.00,0.131,0,0.0
2233,2233.0,143,5187,0.50846,0.56197,0.94767,0.49563,0.24261,0.21430,8.01,0.00,0.131,0,0.0
2234,2234.0,144,5188,0.50847,0.56198,0.94768,0.49563,0.24263,0.21430,8.01,0.00,0.131,0,0.0
2235,2235.0,144,5188,0.50848,0.56199,0.94768,0.49563,0.24265,0.21430,8.01,0.00,0.131,0,0.0
2236,2236.0,144,5188,0.50848,0.56199,0.94768,0.49563,0.24267,0.21430,8.01,0.00,0.131,0,0.0
2237,2237.0,144,5188,0.50849,0.56200,0.94768,0.49563,0.24269,0.21430,8.01,0.00,0.131,0,0.0
2238,2238.0,142,5188,0.50849,0.56201,0.94768,0.49563,0.24271,0.21430,8.01,0.00,0.131,0,0.0
2239,2239.0,142,5188,0.50850,0.56201,0.94768,0.49563,0.24273,0.21430,8.01,0.00,0.131,0,0.0
2240,2240.0,142,5188,0.50851,0.56202,0.94768,0.49563,0.24275,0.21430,8.01,0.00,0.131,0,0.0
2241,2241.0,141,5188,0.50851,0.56203,0.94768,0.49563,0.24277,0.21430,8.01,0.00,0.131,0,0.0
2242,2242.0,142,5189,0.50852,0.56204,0.94768,0.49563,0.24279,0.21430,8.01,0.00,0.131,0,0.0
2243,2243.0,142,5189,0.50853,0.56204,0.94768,0.49563,0.24281,0.21430,8.01,0.00,0.131,0,0.0
2244,2244.0,142,5189,0.50853,0.56205,0.94768,0.49563,0.24283,0.21430,8.01,0.00,0.131,0,0.0
2245,2245.0,142,5189,0.50854,0.56206,0.94768,0.49563,0.24285,0.21430,8.01,0.00,0.131,0,0.0
2246,2246.0,142,5189,0.50854,0.56206,0.94768,0.49563,0.24287,0.21430,8.01,0.00,0.131,0,0.0
2247,2247.0,142,5189,0.50855,0.56207,0.94768,0.49563,0.24289,0.21430,8.01,0.00,0.131,0,0.0
2248,2248.0,141,5189,0.50856,0.56208,0.94768,0.49563,0.24291,0.21430,8.01,0.00,0.131,0,0.0
2249,2249.0,142,5190,0.50857,0.56209,0.94769,0.49563,0.24293,0.21430,8.01,0.00,0.131,0,0.0
2250,2250.0,140,5190,0.50857,0.56209,0.94769,0.49563,0.24295,0.21430,8.01,0.00,0.131,0,0.0
2251,2251.0,139,5190,0.50858,0.56210,0.94769,0.49563,0.24298,0.21430,8.01,0.00,0.131,0,0.0
2252,2252.0,139,5190,0.50858,0.56211,0.94769,0.49563,0.24300,0.21430,8.01,0.00,0.131,0,0.0
2253,2253.0,139,5190,0.50859,0.56212,0.94769,0.49563,0.24302,0.21430,8.01,0.00,0.131,0,0.0
2254,2254.0,139,5190,0.50860,0.56212,0.94769,0.49563,0.24304,0.21430,8.01,0.00,0.131,0,0.0
2255,2255.0,139,5190,0.50860,0.56213,0.94769,0.49563,0.24306,0.21430,8.01,0.00,0.131,0,0.0
2256,2256.0,139,5190,0.50861,0.56214,0.94769,0.49563,0.24308,0.21430,8.01,0.00,0.131,0,0.0
2257,2257.0,139,5190,0.50861,0.56214,0.94769,0.49563,0.24310,0.21430,8.01,0.00,0.131,0,0.0
2258,2258.0,139,5190,0.50862,0.56215,0.94769,0.49563,0.24312,0.21430,8.01,0.00,0.131,0,0.0
2259,2259.0,139,5190,0.50863,0.56216,0.94769,0.49563,0.24314,0.21430,8.01,0.00,0.131,0,0.0
2260,2260.0,139,5190,0.50863,0.56216,0.94769,0.49563,0.24316,0.21430,8.01,0.00,0.131,0,0.0
2261,2261.0,139,5190,0.50864,0.56217,0.94769,0.49563,0.24318,0.21430,8.01,0.00,0.131,0,0.0
2262,2262.0,139,5190,0.50864,0.56218,0.94769,0.49563,0.24320,0.21430,8.01,0.00,0.131,0,0.0
2263,2263.0,140,5191,0.50865,0.56219,0.94770,0.49563,0.24322,0.21430,8.01,0.00,0.131,0,0.0
2264,2264.0,140,5191,0.50866,0.56219,0.94770,0.49563,0.24324,0.21430,8.01,0.00,0.131,0,0.0
2265,2265.0,140,5191,0.50866,0.56220,0.94770,0.49563,0.24326,0.21430,8.01,0.00,0.131,0,0.0
2266,2266.0,141,5192,0.50867,0.56221,0.94771,0.49563,0.24328,0.21430,8.01,0.00,0.131,0,0.0
2267,2267.0,141,5192,0.50868,0.56222,0.94771,0.49563,0.24330,0.21430,8.01,0.00,0.131,0,0.0
2268,2268.0,140,5192,0.50869,0.56222,0.94771,0.49563,0.24332,0.21430,8.01,0.00,0.131,0,0.0
2269,2269.0,139,5192,0.50869,0.56223,0.94771,0.49563,0.24334,0.21430,8.01,0.00,0.131,0,0.0
2270,2270.0,139,5192,0.50870,0.56224,0.94771,0.49563,0.24336,0.21430,8.01,0.00,0.131,0,0.0
2271,2271.0,139,5192,0.50870,0.56224,0.94771,0.49563,0.24338,0.21430,8.01,0.00,0.131,0,0.0
2272,2272.0,139,5192,0.50871,0.56225,0.94771,0.49563,0.24340,0.21430,8.01,0.00,0.131,0,0.0
2273,2273.0,139,5192,0.50872,0.56226,0.94771,0.49563,0.24342,0.21430,8.01,0.00,0.131,0,0.0
2274,2274.0,139,5192,0.50872,0.56226,0.94771,0.49563,0.24345,0.21430,8.01,0.00,0.131,0,0.0
2275,2275.0,139,5192,0.50873,0.56227,0.94771,0.49563,0.24347,0.21430,8.01,0.00,0.131,0,0.0
2276,2276.0,139,5192,0.50873,0.56228,0.94771,0.49563,0.24349,0.21430,8.01,0.00,0.131,0,0.0
2277,2277.0,139,5192,0.50874,0.56228,0.94771,0.49563,0.24351,0.21430,8.01,0.00,0.131,0,0.0
2278,2278.0,139,5192,0.50875,0.56229,0.94771,0.49563,0.24353,0.21430,8.01,0.00,0.131,0,0.0
2279,2279.0,138,5192,0.50875,0.56230,0.94771,0.49563,0.24355,0.21430,8.01,0.00,0.131,0,0.0
2280,2280.0,137,5192,0.50876,0.56231,0.94771,0.49563,0.24357,0.21430,8.01,0.00,0.131,0,0.0
2281,2281.0,136,5192,0.50876,0.56231,0.94771,0.49563,0.24359,0.21430,8.01,0.00,0.131,0,0.0
2282,2282.0,136,5192,0.50877,0.56232,0.94771,0.49563,0.24361,0.21430,8.01,0.00,0.131,0,0.0
2283,2283.0,136,5192,0.50878,0.56233,0.94771,0.49563,0.24363,0.21430,8.01,0.00,0.131,0,0.0
2284,2284.0,136,5192,0.50878,0.56233,0.94771,0.49563,0.24365,0.21430,8.01,0.00,0.131,0,0.0
2285,2285.0,137,5193,0.50879,0.56234,0.94772,0.49563,0.24367,0.21430,8.01,0.00,0.131,0,0.0
2286,2286.0,136,5193,0.50880,0.56235,0.94772,0.49563,0.24369,0.21430,8.01,0.00,0.131,0,0.0
2287,2287.0,136,5193,0.50880,0.56236,0.94772,0.49563,0.24371,0.21430,8.01,0.00,0.131,0,0.0
2288,2288.0,136,5193,0.50881,0.56236,0.94772,0.49563,0.24373,0.21430,8.01,0.00,0.131,0,0.0
2289,2289.0,134,5193,0.50881,0.56237,0.94772,0.49563,0.24375,0.21430,8.01,0.00,0.131,0,0.0
2290,2290.0,134,5193,0.50882,0.56238,0.94772,0.49563,0.24377,0.21430,8.01,0.00,0.131,0,0.0
2291,2291.0,134,5193,0.50883,0.56238,0.94772,0.49563,0.24379,0.21430,8.01,0.00,0.131,0,0.0
2292,2292.0,134,5193,0.50883,0.56239,0.94772,0.49563,0.24381,0.21430,8.01,0.00,0.131,0,0.0
2293,2293.0,134,5193,0.50884,0.56240,0.94772,0.49563,0.24383,0.21430,8.01,0.00,0.131,0,0.0
2294,2294.0,135,5194,0.50885,0.56241,0.94773,0.49563,0.24385,0.21430,8.01,0.00,0.131,0,0.0
2295,2295.0,135,5194,0.50885,0.56241,0.94773,0.49563,0.24387,0.21430,8.01,0.00,0.131,0,0.0
2296,2296.0,135,5194,0.50886,0.56242,0.94773,0.49563,0.24389,0.21430,8.01,0.00,0.131,0,0.0
2297,2297.0,135,5194,0.50887,0.56243,0.94773,0.49563,0.24391,0.21430,8.01,0.00,0.131,0,0.0
2298,2298.0,135,5194,0.50887,0.56243,0.94773,0.49563,0.24394,0.21430,8.01,0.00,0.131,0,0.0
2299,2299.0,135,5194,0.50888,0.56244,0.94773,0.49563,0.24396,0.21430,8.01,0.00,0.131,0,0.0
2300,2300.0,135,5194,0.50888,0.56245,0.94773,0.49563,0.24398,0.21430,8.01,0.00,0.131,0,0.0
2301,2301.0,135,5194,0.50889,0.56245,0.94773,0.49563,0.24400,0.21430,8.01,0.00,0.131,0,0.0
2302,2302.0,135,5194,0.50890,0.56246,0.94773,0.49563,0.24402,0.21430,8.01,0.00,0.131,0,0.0
2303,2303.0,135,5194,0.50890,0.56247,0.94773,0.49563,0.24404,0.21430,8.01,0.00,0.131,0,0.0
2304,2304.0,134,5194,0.50891,0.56248,0.94773,0.49563,0.24406,0.21430,8.01,0.00,0.131,0,0.0
2305,2305.0,134,5194,0.50891,0.56248,0.94773,0.49563,0.24408,0.21430,8.01,0.00,0.131,0,0.0
2306,2306.0,134,5194,0.50892,0.56249,0.94773,0.49563,0.24410,0.21430,8.01,0.00,0.131,0,0.0
2307,2307.0,134,5194,0.50893,0.56250,0.94773,0.49563,0.24412,0.21430,8.01,0.00,0.131,0,0.0
2308,2308.0,134,5194,0.50893,0.56250,0.94773,0.49563,0.24414,0.21430,8.01,0.00,0.131,0,0.0
2309,2309.0,133,5194,0.50894,0.56251,0.94773,0.49563,0.24416,0.21430,8.01,0.00,0.131,0,0.0
2310,2310.0,133,5194,0.50894,0.56252,0.94773,0.49563,0.24418,0.21430,8.01,0.00,0.131,0,0.0
2311,2311.0,133,5194,0.50895,0.56252,0.94773,0.49563,0.24420,0.21430,8.01,0.00,0.131,0,0.0
2312,2312.0,134,5195,0.50896,0.56253,0.94774,0.49563,0.24422,0.21430,8.01,0.00,0.131,0,0.0
2313,2313.0,134,5195,0.50896,0.56254,0.94774,0.49563,0.24424,0.21430,8.01,0.00,0.131,0,0.0
2314,2314.0,134,5195,0.50897,0.56255,0.94774,0.49563,0.24426,0.21430,8.01,0.00,0.131,0,0.0
2315,2315.0,133,5195,0.50898,0.56255,0.94774,0.49563,0.24428,0.21430,8.01,0.00,0.131,0,0.0
2316,2316.0,133,5195,0.50898,0.56256,0.94774,0.49563,0.24430,0.21430,8.01,0.00,0.131,0,0.0
2317,2317.0,133,5195,0.50899,0.56257,0.94774,0.49563,0.24432,0.21430,8.01,0.00,0.131,0,0.0
2318,2318.0,133,5195,0.50899,0.56257,0.94774,0.49563,0.24434,0.21430,8.01,0.00,0.131,0,0.0
2319,2319.0,133,5195,0.50900,0.56258,0.94774,0.49563,0.24436,0.21430,8.01,0.00,0.131,0,0.0
2320,2320.0,133,5195,0.50900,0.56259,0.94774,0.49563,0.24438,0.21430,8.01,0.00,0.131,0,0.0
2321,2321.0,133,5195,0.50901,0.56259,0.94774,0.49563,0.24440,0.21430,8.01,0.00,0.131,0,0.0
2322,2322.0,133,5195,0.50902,0.56260,0.94774,0.49563,0.24442,0.21430,8.01,0.00,0.131,0,0.0
2323,2323.0,133,5195,0.50902,0.56261,0.94774,0.49563,0.24444,0.21430,8.01,0.00,0.131,0,0.0
2324,2324.0,133,5195,0.50903,0.56261,0.94774,0.49563,0.24446,0.21430,8.01,0.00,0.131,0,0.0
2325,2325.0,133,5195,0.50903,0.56262,0.94774,0.49563,0.24448,0.21430,8.01,0.00,0.131,0,0.0
2326,2326.0,133,5195,0.50904,0.56263,0.94774,0.49563,0.24450,0.21430,8.01,0.00,0.131,0,0.0
2327,2327.0,133,5195,0.50905,0.56263,0.94774,0.49563,0.24452,0.21430,8.01,0.00,0.131,0,0.0
2328,2328.0,132,5195,0.50905,0.56264,0.94774,0.49563,0.24454,0.21430,8.01,0.00,0.131,0,0.0
2329,2329.0,131,5195,0.50906,0.56265,0.94774,0.49563,0.24456,0.21430,8.01,0.00,0.131,0,0.0
2330,2330.0,132,5196,0.50907,0.56266,0.94775,0.49563,0.24458,0.21430,8.01,0.00,0.131,0,0.0
2331,2331.0,131,5196,0.50907,0.56266,0.94775,0.49563,0.24460,0.21430,8.01,0.00,0.131,0,0.0
2332,2332.0,130,5196,0.50908,0.56267,0.94775,0.49563,0.24462,0.21430,8.01,0.00,0.131,0,0.0
2333,2333.0,130,5196,0.50908,0.56268,0.94775,0.49563,0.24464,0.21430,8.01,0.00,0.131,0,0.0
2334,2334.0,130,5196,0.50909,0.56268,0.94775,0.49563,0.24466,0.21430,8.01,0.00,0.131,0,0.0
2335,2335.0,130,5196,0.50910,0.56269,0.94775,0.49563,0.24468,0.21430,8.01,0.00,0.131,0,0.0
2336,2336.0,128,5196,0.50910,0.56270,0.94775,0.49563,0.24470,0.21430,8.01,0.00,0.131,0,0.0
2337,2337.0,128,5196,0.50911,0.56270,0.94775,0.49563,0.24472,0.21430,8.01,0.00,0.131,0,0.0
2338,2338.0,128,5196,0.50911,0.56271,0.94775,0.49563,0.24474,0.21430,8.01,0.00,0.131,0,0.0
2339,2339.0,128,5196,0.50912,0.56272,0.94775,0.49563,0.24476,0.21430,8.01,0.00,0.131,0,0.0
2340,2340.0,128,5196,0.50912,0.56272,0.94775,0.49563,0.24478,0.21430,8.01,0.00,0.131,0,0.0
2341,2341.0,128,5196,0.50913,0.56273,0.94775,0.49563,0.24480,0.21430,8.01,0.00,0.131,0,0.0
2342,2342.0,128,5196,0.50914,0.56274,0.94775,0.49563,0.24482,0.21430,8.01,0.00,0.131,0,0.0
2343,2343.0,128,5196,0.50914,0.56274,0.94775,0.49563,0.24484,0.21430,8.01,0.00,0.131,0,0.0
2344,2344.0,128,5196,0.50915,0.56275,0.94775,0.49563,0.24486,0.21430,8.01,0.00,0.131,0,0.0
2345,2345.0,127,5196,0.50915,0.56275,0.94775,0.49563,0.24488,0.21430,8.01,0.00,0.131,0,0.0
2346,2346.0,127,5196,0.50916,0.56276,0.94775,0.49563,0.24490,0.21430,8.01,0.00,0.131,0,0.0
2347,2347.0,126,5196,0.50917,0.56277,0.94775,0.49563,0.24492,0.21430,8.01,0.00,0.131,0,0.0
2348,2348.0,126,5196,0.50917,0.56277,0.94775,0.49563,0.24494,0.21430,8.01,0.00,0.131,0,0.0
2349,2349.0,126,5196,0.50918,0.56278,0.94775,0.49563,0.24496,0.21430,8.01,0.00,0.131,0,0.0
2350,2350.0,126,5196,0.50918,0.56279,0.94775,0.49563,0.24498,0.21430,8.01,0.00,0.131,0,0.0
2351,2351.0,126,5196,0.50919,0.56279,0.94775,0.49563,0.24500,0.21430,8.01,0.00,0.131,0,0.0
2352,2352.0,126,5196,0.50920,0.56280,0.94775,0.49563,0.24502,0.21430,8.01,0.00,0.131,0,0.0
2353,2353.0,126,5196,0.50920,0.56281,0.94775,0.49563,0.24504,0.21430,8.01,0.00,0.131,0,0.0
2354,2354.0,126,5196,0.50921,0.56281,0.94775,0.49563,0.24506,0.21430,8.01,0.00,0.131,0,0.0
2355,2355.0,125,5196,0.50921,0.56282,0.94775,0.49563,0.24508,0.21430,8.01,0.00,0.131,0,0.0
2356,2356.0,123,5196,0.50922,0.56283,0.94775,0.49563,0.24510,0.21430,8.01,0.00,0.131,0,0.0
2357,2357.0,123,5196,0.50922,0.56283,0.94775,0.49563,0.24512,0.21430,8.01,0.00,0.131,0,0.0
2358,2358.0,123,5196,0.50923,0.56284,0.94775,0.49563,0.24514,0.21430,8.01,0.00,0.131,0,0.0
2359,2359.0,123,5196,0.50924,0.56285,0.94775,0.49563,0.24516,0.21430,8.01,0.00,0.131,0,0.0
2360,2360.0,123,5196,0.50924,0.56285,0.94775,0.49563,0.24518,0.21430,8.01,0.00,0.131,0,0.0
2361,2361.0,123,5196,0.50925,0.56286,0.94775,0.49563,0.24520,0.21430,8.01,0.00,0.131,0,0.0
2362,2362.0,123,5196,0.50925,0.56287,0.94775,0.49563,0.24521,0.21430,8.01,0.00,0.131,0,0.0
2363,2363.0,123,5196,0.50926,0.56287,0.94775,0.49563,0.24523,0.21430,8.01,0.00,0.131,0,0.0
2364,2364.0,123,5196,0.50926,0.56288,0.94775,0.49563,0.24525,0.21430,8.01,0.00,0.131,0,0.0
2365,2365.0,123,5196,0.50927,0.56289,0.94775,0.49563,0.24527,0.21430,8.01,0.00,0.131,0,0.0
2366,2366.0,123,5196,0.50928,0.56289,0.94775,0.49563,0.24529,0.21430,8.01,0.00,0.131,0,0.0
2367,2367.0,123,5196,0.50928,0.56290,0.94775,0.49563,0.24531,0.21430,8.01,0.00,0.131,0,0.0
2368,2368.0,123,5196,0.50929,0.56291,0.94775,0.49563,0.24533,0.21430,8.01,0.00,0.131,0,0.0
2369,2369.0,123,5196,0.50929,0.56291,0.94775,0.49563,0.24535,0.21430,8.01,0.00,0.131,0,0.0
2370,2370.0,122,5196,0.50930,0.56292,0.94775,0.49563,0.24537,0.21430,8.01,0.00,0.131,0,0.0
2371,2371.0,122,5196,0.50930,0.56293,0.94775,0.49563,0.24539,0.21430,8.01,0.00,0.131,0,0.0
2372,2372.0,122,5196,0.50931,0.56293,0.94775,0.49563,0.24541,0.21430,8.01,0.00,0.131,0,0.0
2373,2373.0,122,5196,0.50932,0.56294,0.94775,0.49563,0.24543,0.21430,8.01,0.00,0.131,0,0.0
2374,2374.0,122,5196,0.50932,0.56294,0.94775,0.49563,0.24545,0.21430,8.01,0.00,0.131,0,0.0
2375,2375.0,121,5196,0.50933,0.56295,0.94775,0.49563,0.24547,0.21430,8.01,0.00,0.131,0,0.0
2376,2376.0,121,5196,0.50933,0.56296,0.94775,0.49563,0.24549,0.21430,8.01,0.00,0.131,0,0.0
2377,2377.0,122,5197,0.50934,0.56297,0.94776,0.49563,0.24551,0.21430,8.01,0.00,0.131,0,0.0
2378,2378.0,122,5197,0.50935,0.56297,0.94776,0.49563,0.24553,0.21430,8.01,0.00,0.131,0,0.0
2379,2379.0,122,5197,0.50935,0.56298,0.94776,0.49563,0.24555,0.21430,8.01,0.00,0.131,0,0.0
2380,2380.0,122,5197,0.50936,0.56299,0.94776,0.49563,0.24557,0.21430,8.01,0.00,0.131,0,0.0
2381,2381.0,122,5197,0.50936,0.56299,0.94776,0.49563,0.24559,0.21430,8.01,0.00,0.131,0,0.0
2382,2382.0,122,5197,0.50937,0.56300,0.94776,0.49563,0.24560,0.21430,8.01,0.00,0.131,0,0.0
2383,2383.0,122,5197,0.50938,0.56301,0.94776,0.49563,0.24562,0.21430,8.01,0.00,0.131,0,0.0
2384,2384.0,122,5197,0.50938,0.56301,0.94776,0.49563,0.24564,0.21430,8.01,0.00,0.131,0,0.0
2385,2385.0,122,5197,0.50939,0.56302,0.94776,0.49563,0.24566,0.21430,8.01,0.00,0.131,0,0.0
2386,2386.0,121,5197,0.50939,0.56303,0.94776,0.49563,0.24568,0.21430,8.01,0.00,0.131,0,0.0
2387,2387.0,121,5197,0.50940,0.56303,0.94776,0.49563,0.24570,0.21430,8.01,0.00,0.131,0,0.0
2388,2388.0,121,5197,0.50940,0.56304,0.94776,0.49563,0.24572,0.21430,8.01,0.00,0.131,0,0.0
2389,2389.0,121,5197,0.50941,0.56305,0.94776,0.49563,0.24574,0.21430,8.01,0.00,0.131,0,0.0
2390,2390.0,121,5197,0.50942,0.56305,0.94776,0.49563,0.24576,0.21430,8.01,0.00,0.131,0,0.0
2391,2391.0,121,5197,0.50942,0.56306,0.94776,0.49563,0.24578,0.21430,8.01,0.00,0.131,0,0.0
2392,2392.0,121,5197,0.50943,0.56306,0.94776,0.49563,0.24580,0.21430,8.01,0.00,0.131,0,0.0
2393,2393.0,120,5197,0.50943,0.56307,0.94776,0.49563,0.24582,0.21430,8.01,0.00,0.131,0,0.0
2394,2394.0,120,5197,0.50944,0.56308,0.94776,0.49563,0.24584,0.21430,8.01,0.00,0.131,0,0.0
2395,2395.0,120,5197,0.50944,0.56308,0.94776,0.49563,0.24585,0.21430,8.01,0.00,0.131,0,0.0
2396,2396.0,120,5197,0.50945,0.56309,0.94776,0.49563,0.24587,0.21430,8.01,0.00,0.131,0,0.0
2397,2397.0,120,5197,0.50946,0.56310,0.94776,0.49563,0.24589,0.21430,8.01,0.00,0.131,0,0.0
2398,2398.0,118,5197,0.50946,0.56310,0.94776,0.49563,0.24591,0.21430,8.01,0.00,0.131,0,0.0
2399,2399.0,118,5197,0.50947,0.56311,0.94776,0.49563,0.24593,0.21430,8.01,0.00,0.131,0,0.0
2400,2400.0,116,5197,0.50947,0.56311,0.94776,0.49563,0.24595,0.21430,8.01,0.00,0.131,0,0.0
2401,2401.0,116,5197,0.50948,0.56312,0.94776,0.49563,0.24596,0.21430,8.01,0.00,0.130,0,0.0
2402,2402.0,116,5197,0.50948,0.56313,0.94776,0.49563,0.24598,0.21430,8.01,0.00,0.130,0,0.0
2403,2403.0,116,5197,0.50949,0.56313,0.94776,0.49563,0.24600,0.21430,8.01,0.00,0.130,0,0.0
2404,2404.0,115,5197,0.50949,0.56314,0.94776,0.49563,0.24602,0.21430,8.01,0.00,0.130,0,0.0
2405,2405.0,114,5197,0.50950,0.56314,0.94776,0.49563,0.24603,0.21430,8.01,0.00,0.130,0,0.0
2406,2406.0,114,5197,0.50950,0.56315,0.94776,0.49563,0.24605,0.21430,8.01,0.00,0.130,0,0.0
2407,2407.0,114,5197,0.50951,0.56316,0.94776,0.49563,0.24607,0.21430,8.01,0.00,0.130,0,0.0
2408,2408.0,114,5197,0.50951,0.56316,0.94776,0.49563,0.24609,0.21430,8.01,0.00,0.130,0,0.0
2409,2409.0,114,5197,0.50952,0.56317,0.94776,0.49563,0.24610,0.21430,8.01,0.00,0.130,0,0.0
2410,2410.0,114,5197,0.50952,0.56317,0.94776,0.49563,0.24612,0.21430,8.01,0.00,0.130,0,0.0
2411,2411.0,113,5197,0.50953,0.56318,0.94776,0.49563,0.24614,0.21430,8.01,0.00,0.130,0,0.0
2412,2412.0,113,5197,0.50953,0.56318,0.94776,0.49563,0.24616,0.21430,8.01,0.00,0.130,0,0.0
2413,2413.0,113,5197,0.50954,0.56319,0.94776,0.49563,0.24617,0.21430,8.01,0.00,0.130,0,0.0
2414,2414.0,112,5197,0.50954,0.56320,0.94776,0.49563,0.24619,0.21430,8.01,0.00,0.130,0,0.0
2415,2415.0,112,5197,0.50955,0.56320,0.94776,0.49563,0.24621,0.21430,8.01,0.00,0.130,0,0.0
2416,2416.0,112,5197,0.50955,0.56321,0.94776,0.49563,0.24623,0.21430,8.01,0.00,0.130,0,0.0
2417,2417.0,112,5197,0.50956,0.56321,0.94776,0.49563,0.24624,0.21430,8.01,0.00,0.130,0,0.0
2418,2418.0,112,5198,0.50957,0.56322,0.94777,0.49563,0.24626,0.21430,8.01,0.00,0.130,0,0.0
2419,2419.0,111,5198,0.50957,0.56323,0.94777,0.49563,0.24628,0.21430,8.01,0.00,0.130,0,0.0
2420,2420.0,111,5198,0.50958,0.56323,0.94777,0.49563,0.24629,0.21430,8.01,0.00,0.130,0,0.0
2421,2421.0,110,5198,0.50958,0.56324,0.94777,0.49563,0.24631,0.21430,8.01,0.00,0.130,0,0.0
2422,2422.0,110,5198,0.50959,0.56324,0.94777,0.49563,0.24632,0.21430,8.01,0.00,0.130,0,0.0
2423,2423.0,110,5198,0.50959,0.56325,0.94777,0.49563,0.24634,0.21430,8.01,0.00,0.130,0,0.0
2424,2424.0,110,5198,0.50959,0.56325,0.94777,0.49563,0.24635,0.21430,8.01,0.00,0.130,0,0.0
2425,2425.0,110,5198,0.50960,0.56326,0.94777,0.49563,0.24637,0.21430,8.01,0.00,0.130,0,0.0
2426,2426.0,110,5198,0.50960,0.56326,0.94777,0.49563,0.24638,0.21430,8.01,0.00,0.130,0,0.0
2427,2427.0,110,5198,0.50961,0.56327,0.94777,0.49563,0.24640,0.21430,8.01,0.00,0.130,0,0.0
2428,2428.0,110,5198,0.50961,0.56327,0.94777,0.49563,0.24641,0.21430,8.01,0.00,0.130,0,0.0
2429,2429.0,110,5198,0.50961,0.56328,0.94777,0.49563,0.24642,0.21430,8.01,0.00,0.130,0,0.0
2430,2430.0,110,5198,0.50962,0.56328,0.94777,0.49563,0.24644,0.21430,8.01,0.00,0.130,0,0.0
2431,2431.0,110,5198,0.50962,0.56329,0.94777,0.49563,0.24645,0.21430,8.01,0.00,0.130,0,0.0
2432,2432.0,110,5198,0.50963,0.56329,0.94777,0.49563,0.24647,0.21430,8.01,0.00,0.130,0,0.0
2433,2433.0,109,5198,0.50963,0.56330,0.94777,0.49563,0.24648,0.21430,8.01,0.00,0.130,0,0.0
2434,2434.0,109,5198,0.50963,0.56330,0.94777,0.49563,0.24649,0.21430,8.01,0.00,0.130,0,0.0
2435,2435.0,109,5198,0.50964,0.56330,0.94777,0.49563,0.24651,0.21430,8.01,0.00,0.130,0,0.0
2436,2436.0,109,5198,0.50964,0.56331,0.94777,0.49563,0.24652,0.21430,8.01,0.00,0.130,0,0.0
2437,2437.0,108,5198,0.50965,0.56331,0.94777,0.49563,0.24653,0.21430,8.01,0.00,0.130,0,0.0
2438,2438.0,108,5198,0.50965,0.56332,0.94777,0.49563,0.24654,0.21430,8.01,0.00,0.130,0,0.0
2439,2439.0,108,5198,0.50965,0.56332,0.94777,0.49563,0.24656,0.21430,8.01,0.00,0.130,0,0.0
2440,2440.0,116,5206,0.51089,0.56472,0.94785,0.49975,0.24657,0.21430,8.01,0.00,0.130,0,0.0
2441,2441.0,116,5206,0.51089,0.56473,0.94785,0.49975,0.24659,0.21430,8.01,0.00,0.130,0,0.0
2442,2442.0,115,5206,0.51090,0.56473,0.94785,0.49975,0.24661,0.21430,8.01,0.00,0.130,0,0.0
2443,2443.0,114,5206,0.51091,0.56474,0.94785,0.49975,0.24663,0.21430,8.01,0.00,0.130,0,0.0
2444,2444.0,114,5207,0.51092,0.56475,0.94786,0.49975,0.24665,0.21430,8.01,0.00,0.130,0,0.0
2445,2445.0,114,5207,0.51092,0.56476,0.94786,0.49975,0.24667,0.21430,8.01,0.00,0.130,0,0.0
2446,2446.0,114,5207,0.51093,0.56477,0.94786,0.49975,0.24669,0.21430,8.01,0.00,0.130,0,0.0
2447,2447.0,114,5207,0.51093,0.56477,0.94786,0.49975,0.24672,0.21430,8.01,0.00,0.130,0,0.0
2448,2448.0,114,5207,0.51094,0.56478,0.94786,0.49975,0.24674,0.21430,8.01,0.00,0.130,0,0.0
2449,2449.0,113,5207,0.51095,0.56479,0.94786,0.49975,0.24676,0.21430,8.01,0.00,0.130,0,0.0
2450,2450.0,113,5207,0.51095,0.56479,0.94786,0.49975,0.24678,0.21430,8.01,0.00,0.130,0,0.0
2451,2451.0,113,5207,0.51096,0.56480,0.94786,0.49975,0.24680,0.21430,8.01,0.00,0.130,0,0.0
2452,2452.0,113,5207,0.51097,0.56481,0.94786,0.49975,0.24682,0.21430,8.01,0.00,0.130,0,0.0
2453,2453.0,113,5207,0.51097,0.56481,0.94786,0.49975,0.24684,0.21430,8.01,0.00,0.130,0,0.0
2454,2454.0,112,5207,0.51098,0.56482,0.94786,0.49975,0.24686,0.21430,8.01,0.00,0.130,0,0.0
2455,2455.0,112,5207,0.51098,0.56483,0.94786,0.49975,0.24688,0.21430,8.01,0.00,0.130,0,0.0
2456,2456.0,112,5207,0.51099,0.56484,0.94786,0.49975,0.24690,0.21430,8.01,0.00,0.130,0,0.0
2457,2457.0,111,5207,0.51100,0.56484,0.94786,0.49975,0.24692,0.21430,8.01,0.00,0.130,0,0.0
2458,2458.0,111,5207,0.51100,0.56485,0.94786,0.49975,0.24695,0.21430,8.01,0.00,0.130,0,0.0
2459,2459.0,111,5207,0.51101,0.56486,0.94786,0.49975,0.24697,0.21430,8.01,0.00,0.130,0,0.0
2460,2460.0,111,5207,0.51101,0.56486,0.94786,0.49975,0.24699,0.21430,8.01,0.00,0.130,0,0.0
2461,2461.0,111,5208,0.51127,0.56515,0.94787,0.50057,0.24701,0.21430,8.01,0.00,0.130,0,0.0
2462,2462.0,110,5208,0.51127,0.56515,0.94787,0.50057,0.24703,0.21430,8.01,0.00,0.130,0,0.0
2463,2463.0,110,5208,0.51128,0.56516,0.94787,0.50057,0.24705,0.21430,8.01,0.00,0.130,0,0.0
2464,2464.0,110,5208,0.51128,0.56517,0.94787,0.50057,0.24707,0.21430,8.01,0.00,0.130,0,0.0
2465,2465.0,110,5208,0.51129,0.56518,0.94787,0.50057,0.24709,0.21430,8.01,0.00,0.130,0,0.0
2466,2466.0,110,5208,0.51130,0.56518,0.94787,0.50057,0.24711,0.21430,8.01,0.00,0.130,0,0.0
2467,2467.0,110,5208,0.51130,0.56519,0.94787,0.50057,0.24713,0.21430,8.01,0.00,0.130,0,0.0
2468,2468.0,110,5208,0.51131,0.56520,0.94787,0.50057,0.24715,0.21430,8.01,0.00,0.130,0,0.0
2469,2469.0,110,5208,0.51131,0.56520,0.94787,0.50057,0.24718,0.21430,8.01,0.00,0.130,0,0.0
2470,2470.0,110,5208,0.51132,0.56521,0.94787,0.50057,0.24720,0.21430,8.01,0.00,0.130,0,0.0
2471,2471.0,111,5210,0.51133,0.56522,0.94788,0.50057,0.24722,0.21430,8.01,0.00,0.130,0,0.0
2472,2472.0,111,5210,0.51134,0.56523,0.94788,0.50057,0.24724,0.21430,8.01,0.00,0.130,0,0.0
2473,2473.0,111,5210,0.51135,0.56524,0.94788,0.50057,0.24727,0.21430,8.01,0.00,0.130,0,0.0
2474,2474.0,111,5210,0.51135,0.56525,0.94788,0.50057,0.24729,0.21430,8.01,0.00,0.130,0,0.0
2475,2475.0,111,5210,0.51136,0.56525,0.94788,0.50057,0.24731,0.21430,8.01,0.00,0.130,0,0.0
2476,2476.0,111,5210,0.51137,0.56526,0.94788,0.50057,0.24734,0.21430,8.01,0.00,0.130,0,0.0
2477,2477.0,110,5210,0.51137,0.56527,0.94788,0.50057,0.24736,0.21430,8.01,0.00,0.130,0,0.0
2478,2478.0,110,5210,0.51138,0.56528,0.94788,0.50057,0.24738,0.21430,8.01,0.00,0.130,0,0.0
2479,2479.0,110,5210,0.51139,0.56529,0.94788,0.50057,0.24741,0.21430,8.01,0.00,0.130,0,0.0
2480,2480.0,110,5210,0.51139,0.56529,0.94788,0.50057,0.24743,0.21430,8.01,0.00,0.130,0,0.0
2481,2481.0,110,5210,0.51140,0.56530,0.94788,0.50057,0.24745,0.21430,8.01,0.00,0.130,0,0.0
2482,2482.0,110,5210,0.51141,0.56531,0.94788,0.50057,0.24747,0.21430,8.01,0.00,0.130,0,0.0
2483,2483.0,111,5211,0.51166,0.56559,0.94789,0.50139,0.24749,0.21430,8.01,0.00,0.130,0,0.0
2484,2484.0,112,5212,0.51191,0.56588,0.94790,0.50221,0.24752,0.21430,8.01,0.00,0.130,0,0.0
2485,2485.0,113,5213,0.51216,0.56616,0.94791,0.50303,0.24754,0.21430,8.01,0.00,0.130,0,0.0
2486,2486.0,112,5213,0.51217,0.56617,0.94791,0.50303,0.24756,0.21430,8.01,0.00,0.130,0,0.0
2487,2487.0,112,5213,0.51217,0.56618,0.94791,0.50303,0.24758,0.21430,8.01,0.00,0.130,0,0.0
2488,2488.0,112,5213,0.51218,0.56618,0.94791,0.50303,0.24760,0.21430,8.01,0.00,0.130,0,0.0
2489,2489.0,112,5213,0.51219,0.56619,0.94791,0.50303,0.24763,0.21430,8.01,0.00,0.130,0,0.0
2490,2490.0,112,5213,0.51219,0.56620,0.94791,0.50303,0.24765,0.21430,8.01,0.00,0.130,0,0.0
2491,2491.0,111,5213,0.51220,0.56621,0.94791,0.50303,0.24767,0.21430,8.01,0.00,0.130,0,0.0
2492,2492.0,112,5214,0.51245,0.56649,0.94792,0.50386,0.24769,0.21430,8.01,0.00,0.130,0,0.0
2493,2493.0,112,5214,0.51246,0.56650,0.94792,0.50386,0.24772,0.21430,8.01,0.00,0.130,0,0.0
2494,2494.0,111,5214,0.51246,0.56651,0.94792,0.50386,0.24774,0.21430,8.01,0.00,0.130,0,0.0
2495,2495.0,111,5214,0.51247,0.56651,0.94792,0.50386,0.24776,0.21430,8.01,0.00,0.130,0,0.0
2496,2496.0,113,5216,0.51272,0.56680,0.94794,0.50468,0.24778,0.21430,8.01,0.00,0.130,0,0.0
2497,2497.0,112,5216,0.51273,0.56681,0.94794,0.50468,0.24781,0.21430,8.01,0.00,0.130,0,0.0
2498,2498.0,112,5216,0.51274,0.56682,0.94794,0.50468,0.24783,0.21430,8.01,0.00,0.130,0,0.0
2499,2499.0,112,5216,0.51274,0.56682,0.94794,0.50468,0.24785,0.21430,8.01,0.00,0.130,0,0.0
2500,2500.0,113,5217,0.51300,0.56711,0.94795,0.50550,0.24787,0.21430,8.01,0.00,0.130,0,0.0
2501,2501.0,113,5217,0.51300,0.56712,0.94795,0.50550,0.24790,0.21430,8.01,0.00,0.130,0,0.0
2502,2502.0,113,5217,0.51301,0.56712,0.94795,0.50550,0.24792,0.21430,8.01,0.00,0.130,0,0.0
2503,2503.0,113,5217,0.51302,0.56713,0.94795,0.50550,0.24794,0.21430,8.01,0.00,0.130,0,0.0
2504,2504.0,114,5218,0.51327,0.56742,0.94796,0.50632,0.24797,0.21430,8.01,0.00,0.130,0,0.0
2505,2505.0,114,5218,0.51327,0.56742,0.94796,0.50632,0.24799,0.21430,8.01,0.00,0.130,0,0.0
2506,2506.0,114,5218,0.51328,0.56743,0.94796,0.50632,0.24801,0.21430,8.01,0.00,0.130,0,0.0
2507,2507.0,113,5218,0.51329,0.56744,0.94796,0.50632,0.24804,0.21430,8.01,0.00,0.130,0,0.0
2508,2508.0,114,5219,0.51354,0.56772,0.94797,0.50714,0.24806,0.21430,8.01,0.00,0.130,0,0.0
2509,2509.0,114,5219,0.51355,0.56773,0.94797,0.50714,0.24808,0.21430,8.01,0.00,0.130,0,0.0
2510,2510.0,113,5219,0.51355,0.56774,0.94797,0.50714,0.24810,0.21430,8.01,0.00,0.130,0,0.0
2511,2511.0,113,5219,0.51356,0.56775,0.94797,0.50714,0.24812,0.21430,8.01,0.00,0.130,0,0.0
2512,2512.0,113,5219,0.51356,0.56775,0.94797,0.50714,0.24814,0.21430,8.01,0.00,0.130,0,0.0
2513,2513.0,113,5219,0.51357,0.56776,0.94797,0.50714,0.24817,0.21430,8.01,0.00,0.130,0,0.0
2514,2514.0,114,5220,0.51358,0.56777,0.94798,0.50714,0.24819,0.21430,8.01,0.00,0.130,0,0.0
2515,2515.0,114,5220,0.51359,0.56778,0.94798,0.50714,0.24821,0.21430,8.01,0.00,0.130,0,0.0
2516,2516.0,114,5220,0.51359,0.56778,0.94798,0.50714,0.24823,0.21430,8.01,0.00,0.130,0,0.0
2517,2517.0,114,5220,0.51360,0.56779,0.94798,0.50714,0.24825,0.21430,8.01,0.00,0.130,0,0.0
2518,2518.0,114,5220,0.51360,0.56780,0.94798,0.50714,0.24827,0.21430,8.01,0.00,0.130,0,0.0
2519,2519.0,114,5220,0.51361,0.56781,0.94798,0.50714,0.24830,0.21430,8.01,0.00,0.130,0,0.0
2520,2520.0,114,5220,0.51362,0.56781,0.94798,0.50714,0.24832,0.21430,8.01,0.00,0.130,0,0.0
2521,2521.0,115,5221,0.51387,0.56810,0.94799,0.50797,0.24834,0.21430,8.01,0.00,0.130,0,0.0
2522,2522.0,114,5222,0.51412,0.56838,0.94800,0.50879,0.24836,0.21430,8.01,0.00,0.130,0,0.0
2523,2523.0,114,5222,0.51412,0.56839,0.94800,0.50879,0.24838,0.21430,8.01,0.00,0.130,0,0.0
2524,2524.0,114,5222,0.51413,0.56839,0.94800,0.50879,0.24840,0.21430,8.01,0.00,0.130,0,0.0
2525,2525.0,114,5222,0.51414,0.56840,0.94800,0.50879,0.24842,0.21430,8.01,0.00,0.130,0,0.0
2526,2526.0,115,5224,0.51463,0.56896,0.94802,0.51043,0.24844,0.21430,8.01,0.00,0.130,0,0.0
2527,2527.0,116,5225,0.51488,0.56925,0.94803,0.51125,0.24846,0.21430,8.01,0.00,0.130,0,0.0
2528,2528.0,117,5226,0.51513,0.56953,0.94804,0.51208,0.24848,0.21430,8.01,0.00,0.130,0,0.0
2529,2529.0,116,5226,0.51514,0.56954,0.94804,0.51208,0.24850,0.21430,8.01,0.00,0.130,0,0.0
2530,2530.0,117,5227,0.51515,0.56955,0.94805,0.51208,0.24851,0.21430,8.01,0.00,0.130,0,0.0
2531,2531.0,117,5227,0.51515,0.56955,0.94805,0.51208,0.24854,0.21430,8.01,0.00,0.130,0,0.0
2532,2532.0,116,5227,0.51516,0.56956,0.94805,0.51208,0.24856,0.21430,8.01,0.00,0.130,0,0.0
2533,2533.0,116,5227,0.51516,0.56957,0.94805,0.51208,0.24858,0.21430,8.01,0.00,0.130,0,0.0
2534,2534.0,115,5227,0.51517,0.56957,0.94805,0.51208,0.24860,0.21430,8.01,0.00,0.130,0,0.0
2535,2535.0,116,5228,0.51542,0.56986,0.94805,0.51290,0.24861,0.21430,8.01,0.00,0.130,0,0.0
2536,2536.0,117,5229,0.51567,0.57014,0.94806,0.51372,0.24863,0.21430,8.01,0.00,0.130,0,0.0
2537,2537.0,119,5231,0.51617,0.57070,0.94808,0.51536,0.24865,0.21430,8.01,0.00,0.130,0,0.0
2538,2538.0,118,5231,0.51617,0.57071,0.94808,0.51536,0.24867,0.21430,8.01,0.00,0.130,0,0.0
2539,2539.0,118,5231,0.51618,0.57071,0.94808,0.51536,0.24869,0.21430,8.01,0.00,0.130,0,0.0
2540,2540.0,118,5231,0.51618,0.57072,0.94808,0.51536,0.24871,0.21430,8.01,0.00,0.130,0,0.0
2541,2541.0,119,5232,0.51643,0.57100,0.94809,0.51619,0.24873,0.21430,8.01,0.00,0.130,0,0.0
2542,2542.0,119,5232,0.51644,0.57101,0.94809,0.51619,0.24875,0.21430,8.01,0.00,0.130,0,0.0
2543,2543.0,118,5232,0.51644,0.57102,0.94809,0.51619,0.24877,0.21430,8.01,0.00,0.130,0,0.0
2544,2544.0,118,5232,0.51645,0.57102,0.94809,0.51619,0.24879,0.21430,8.01,0.00,0.130,0,0.0
2545,2545.0,118,5232,0.51646,0.57103,0.94809,0.51619,0.24881,0.21430,8.01,0.00,0.130,0,0.0
2546,2546.0,118,5233,0.51646,0.57104,0.94810,0.51619,0.24883,0.21430,8.01,0.00,0.130,0,0.0
2547,2547.0,118,5234,0.51647,0.57105,0.94811,0.51619,0.24885,0.21430,8.01,0.00,0.130,0,0.0
2548,2548.0,118,5234,0.51648,0.57106,0.94811,0.51619,0.24887,0.21430,8.01,0.00,0.130,0,0.0
2549,2549.0,117,5234,0.51648,0.57106,0.94811,0.51619,0.24889,0.21430,8.01,0.00,0.130,0,0.0
2550,2550.0,119,5236,0.51674,0.57135,0.94813,0.51701,0.24891,0.21430,8.01,0.00,0.130,0,0.0
2551,2551.0,118,5236,0.51674,0.57136,0.94813,0.51701,0.24893,0.21430,8.01,0.00,0.130,0,0.0
2552,2552.0,117,5236,0.51675,0.57136,0.94813,0.51701,0.24895,0.21430,8.01,0.00,0.130,0,0.0
2553,2553.0,117,5236,0.51675,0.57137,0.94813,0.51701,0.24897,0.21430,8.01,0.00,0.130,0,0.0
2554,2554.0,117,5236,0.51676,0.57137,0.94813,0.51701,0.24899,0.21430,8.01,0.00,0.130,0,0.0
2555,2555.0,117,5236,0.51677,0.57138,0.94813,0.51701,0.24900,0.21430,8.01,0.00,0.130,0,0.0
2556,2556.0,118,5237,0.51677,0.57139,0.94814,0.51701,0.24902,0.21430,8.01,0.00,0.130,0,0.0
2557,2557.0,117,5237,0.51678,0.57140,0.94814,0.51701,0.24904,0.21430,8.01,0.00,0.130,0,0.0
2558,2558.0,118,5238,0.51679,0.57141,0.94815,0.51701,0.24906,0.21430,8.01,0.00,0.130,0,0.0
2559,2559.0,118,5238,0.51679,0.57141,0.94815,0.51701,0.24908,0.21430,8.01,0.00,0.130,0,0.0
2560,2560.0,117,5238,0.51680,0.57142,0.94815,0.51701,0.24909,0.21430,8.01,0.00,0.130,0,0.0
2561,2561.0,117,5238,0.51680,0.57142,0.94815,0.51701,0.24911,0.21430,8.01,0.00,0.130,0,0.0
2562,2562.0,117,5239,0.51705,0.57170,0.94816,0.51783,0.24913,0.21430,8.01,0.00,0.130,0,0.0
2563,2563.0,116,5239,0.51706,0.57171,0.94816,0.51783,0.24914,0.21430,8.01,0.00,0.130,0,0.0
2564,2564.0,117,5240,0.51731,0.57199,0.94817,0.51865,0.24916,0.21430,8.01,0.00,0.130,0,0.0
2565,2565.0,118,5241,0.51756,0.57228,0.94818,0.51948,0.24918,0.21430,8.01,0.00,0.130,0,0.0
2566,2566.0,118,5241,0.51756,0.57228,0.94818,0.51948,0.24919,0.21430,8.01,0.00,0.130,0,0.0
2567,2567.0,118,5241,0.51757,0.57229,0.94818,0.51948,0.24921,0.21430,8.01,0.00,0.130,0,0.0
2568,2568.0,117,5241,0.51757,0.57229,0.94818,0.51948,0.24923,0.21430,8.01,0.00,0.130,0,0.0
2569,2569.0,117,5242,0.51758,0.57230,0.94819,0.51948,0.24924,0.21430,8.01,0.00,0.130,0,0.0
2570,2570.0,116,5242,0.51758,0.57231,0.94819,0.51948,0.24926,0.21430,8.01,0.00,0.130,0,0.0
2571,2571.0,116,5242,0.51759,0.57231,0.94819,0.51948,0.24928,0.21430,8.01,0.00,0.130,0,0.0
2572,2572.0,116,5242,0.51759,0.57232,0.94819,0.51948,0.24929,0.21430,8.01,0.00,0.130,0,0.0
2573,2573.0,117,5243,0.51784,0.57260,0.94820,0.52030,0.24931,0.21430,8.01,0.00,0.130,0,0.0
2574,2574.0,117,5243,0.51785,0.57261,0.94820,0.52030,0.24933,0.21430,8.01,0.00,0.130,0,0.0
2575,2575.0,116,5243,0.51785,0.57261,0.94820,0.52030,0.24935,0.21430,8.01,0.00,0.130,0,0.0
2576,2576.0,116,5243,0.51786,0.57262,0.94820,0.52030,0.24936,0.21430,8.01,0.00,0.130,0,0.0
2577,2577.0,116,5243,0.51786,0.57262,0.94820,0.52030,0.24938,0.21430,8.01,0.00,0.130,0,0.0
2578,2578.0,116,5243,0.51787,0.57263,0.94820,0.52030,0.24939,0.21430,8.01,0.00,0.130,0,0.0
2579,2579.0,116,5243,0.51787,0.57263,0.94820,0.52030,0.24941,0.21430,8.01,0.00,0.130,0,0.0
2580,2580.0,118,5245,0.51812,0.57292,0.94821,0.52112,0.24942,0.21430,8.01,0.00,0.130,0,0.0
2581,2581.0,117,5245,0.51813,0.57292,0.94821,0.52112,0.24944,0.21430,8.01,0.00,0.130,0,0.0
2582,2582.0,118,5246,0.51838,0.57321,0.94822,0.52194,0.24945,0.21430,8.01,0.00,0.130,0,0.0
2583,2583.0,117,5246,0.51838,0.57321,0.94822,0.52194,0.24947,0.21430,8.01,0.00,0.130,0,0.0
2584,2584.0,117,5246,0.51839,0.57322,0.94822,0.52194,0.24949,0.21430,8.01,0.00,0.130,0,0.0
2585,2585.0,117,5246,0.51839,0.57322,0.94822,0.52194,0.24950,0.21430,8.01,0.00,0.130,0,0.0
2586,2586.0,116,5246,0.51839,0.57323,0.94822,0.52194,0.24952,0.21430,8.01,0.00,0.130,0,0.0
2587,2587.0,117,5248,0.51840,0.57324,0.94824,0.52194,0.24953,0.21430,8.01,0.00,0.130,0,0.0
2588,2588.0,118,5249,0.51865,0.57352,0.94825,0.52276,0.24955,0.21430,8.01,0.00,0.130,0,0.0
2589,2589.0,118,5249,0.51866,0.57353,0.94825,0.52276,0.24957,0.21430,8.01,0.00,0.130,0,0.0
2590,2590.0,118,5249,0.51866,0.57353,0.94825,0.52276,0.24958,0.21430,8.01,0.00,0.130,0,0.0
2591,2591.0,118,5249,0.51867,0.57354,0.94825,0.52276,0.24960,0.21430,8.01,0.00,0.130,0,0.0
2592,2592.0,118,5249,0.51867,0.57354,0.94825,0.52276,0.24962,0.21430,8.01,0.00,0.129,0,0.0
2593,2593.0,118,5249,0.51868,0.57355,0.94825,0.52276,0.24963,0.21430,8.01,0.00,0.129,0,0.0
2594,2594.0,119,5250,0.51893,0.57383,0.94826,0.52359,0.24965,0.21430,8.01,0.00,0.129,0,0.0
2595,2595.0,119,5250,0.51893,0.57384,0.94826,0.52359,0.24967,0.21430,8.01,0.00,0.129,0,0.0
2596,2596.0,121,5252,0.51919,0.57412,0.94828,0.52441,0.24968,0.21430,8.01,0.00,0.129,0,0.0
2597,2597.0,122,5253,0.51944,0.57441,0.94829,0.52523,0.24970,0.21430,8.01,0.00,0.129,0,0.0
2598,2598.0,121,5253,0.51944,0.57441,0.94829,0.52523,0.24972,0.21430,8.01,0.00,0.129,0,0.0
2599,2599.0,121,5253,0.51945,0.57442,0.94829,0.52523,0.24974,0.21430,8.01,0.00,0.129,0,0.0
2600,2600.0,121,5253,0.51945,0.57443,0.94829,0.52523,0.24976,0.21430,8.01,0.00,0.129,0,0.0
2601,2601.0,121,5253,0.51946,0.57443,0.94829,0.52523,0.24978,0.21430,8.01,0.00,0.129,0,0.0
2602,2602.0,122,5255,0.51995,0.57499,0.94831,0.52687,0.24980,0.21430,8.01,0.00,0.129,0,0.0
2603,2603.0,121,5255,0.51996,0.57500,0.94831,0.52687,0.24982,0.21430,8.01,0.00,0.129,0,0.0
2604,2604.0,123,5257,0.52021,0.57529,0.94833,0.52770,0.24985,0.21430,8.01,0.00,0.129,0,0.0
2605,2605.0,124,5258,0.52022,0.57530,0.94834,0.52770,0.24987,0.21430,8.01,0.00,0.129,0,0.0
2606,2606.0,125,5259,0.52047,0.57558,0.94835,0.52852,0.24989,0.21430,8.01,0.00,0.129,0,0.0
2607,2607.0,125,5259,0.52048,0.57559,0.94835,0.52852,0.24991,0.21430,8.01,0.00,0.129,0,0.0
2608,2608.0,125,5259,0.52049,0.57560,0.94835,0.52852,0.24993,0.21430,8.01,0.00,0.129,0,0.0
2609,2609.0,125,5259,0.52049,0.57560,0.94835,0.52852,0.24995,0.21430,8.01,0.00,0.129,0,0.0
2610,2610.0,127,5261,0.52075,0.57589,0.94836,0.52934,0.24997,0.21430,8.01,0.00,0.129,0,0.0
2611,2611.0,126,5261,0.52075,0.57590,0.94836,0.52934,0.24999,0.21430,8.01,0.00,0.129,0,0.0
2612,2612.0,129,5264,0.52125,0.57646,0.94839,0.53098,0.25002,0.21430,8.01,0.00,0.129,0,0.0
2613,2613.0,130,5265,0.52150,0.57675,0.94840,0.53181,0.25004,0.21430,8.01,0.00,0.129,0,0.0
2614,2614.0,131,5266,0.52151,0.57676,0.94841,0.53181,0.25006,0.21430,8.01,0.00,0.129,0,0.0
2615,2615.0,133,5268,0.52176,0.57705,0.94843,0.53263,0.25008,0.21430,8.01,0.00,0.129,0,0.0
2616,2616.0,135,5270,0.52178,0.57706,0.94845,0.53263,0.25011,0.21430,8.01,0.00,0.129,0,0.0
2617,2617.0,137,5272,0.52179,0.57707,0.94847,0.53263,0.25013,0.21430,8.01,0.00,0.129,0,0.0
2618,2618.0,137,5272,0.52180,0.57708,0.94847,0.53263,0.25015,0.21430,8.01,0.00,0.129,0,0.0
2619,2619.0,137,5272,0.52180,0.57709,0.94847,0.53263,0.25018,0.21430,8.01,0.00,0.129,0,0.0
2620,2620.0,137,5272,0.52181,0.57710,0.94847,0.53263,0.25020,0.21430,8.01,0.00,0.129,0,0.0
2621,2621.0,140,5275,0.52182,0.57711,0.94849,0.53263,0.25022,0.21430,8.01,0.00,0.129,0,0.0
2622,2622.0,141,5276,0.52183,0.57713,0.94850,0.53263,0.25024,0.21430,8.01,0.00,0.129,0,0.0
2623,2623.0,144,5279,0.52185,0.57714,0.94853,0.53263,0.25027,0.21430,8.01,0.00,0.129,0,0.0
2624,2624.0,147,5282,0.52186,0.57716,0.94856,0.53263,0.25029,0.21430,8.01,0.00,0.129,0,0.0
2625,2625.0,148,5284,0.52236,0.57772,0.94858,0.53427,0.25031,0.21430,8.01,0.00,0.129,0,0.0
2626,2626.0,149,5285,0.52237,0.57773,0.94859,0.53427,0.25034,0.21430,8.01,0.00,0.129,0,0.0
2627,2627.0,148,5285,0.52238,0.57774,0.94859,0.53427,0.25036,0.21430,8.01,0.00,0.129,0,0.0
2628,2628.0,146,5285,0.52238,0.57775,0.94859,0.53427,0.25038,0.21430,8.01,0.00,0.129,0,0.0
2629,2629.0,147,5286,0.52263,0.57803,0.94860,0.53509,0.25041,0.21430,8.01,0.00,0.129,0,0.0
2630,2630.0,146,5286,0.52264,0.57804,0.94860,0.53509,0.25043,0.21430,8.01,0.00,0.129,0,0.0
2631,2631.0,147,5287,0.52265,0.57805,0.94860,0.53509,0.25046,0.21430,8.01,0.00,0.129,0,0.0
2632,2632.0,147,5287,0.52266,0.57806,0.94860,0.53509,0.25048,0.21430,8.01,0.00,0.129,0,0.0
2633,2633.0,147,5287,0.52267,0.57807,0.94860,0.53509,0.25050,0.21430,8.01,0.00,0.129,0,0.0
2634,2634.0,146,5287,0.52267,0.57808,0.94860,0.53509,0.25053,0.21430,8.01,0.00,0.129,0,0.0
2635,2635.0,147,5288,0.52268,0.57809,0.94861,0.53509,0.25055,0.21430,8.01,0.00,0.129,0,0.0
2636,2636.0,148,5289,0.52293,0.57837,0.94862,0.53592,0.25058,0.21430,8.01,0.00,0.129,0,0.0
2637,2637.0,149,5290,0.52294,0.57838,0.94863,0.53592,0.25060,0.21430,8.01,0.00,0.129,0,0.0
2638,2638.0,150,5291,0.52295,0.57839,0.94864,0.53592,0.25062,0.21430,8.01,0.00,0.129,0,0.0
2639,2639.0,150,5291,0.52296,0.57840,0.94864,0.53592,0.25065,0.21430,8.01,0.00,0.129,0,0.0
2640,2640.0,149,5291,0.52297,0.57841,0.94864,0.53592,0.25067,0.21430,8.01,0.00,0.129,0,0.0
2641,2641.0,149,5291,0.52297,0.57842,0.94864,0.53592,0.25069,0.21430,8.01,0.00,0.129,0,0.0
2642,2642.0,149,5291,0.52298,0.57843,0.94864,0.53592,0.25072,0.21430,8.01,0.00,0.129,0,0.0
2643,2643.0,148,5291,0.52299,0.57843,0.94864,0.53592,0.25074,0.21430,8.01,0.00,0.129,0,0.0
2644,2644.0,149,5292,0.52300,0.57844,0.94865,0.53592,0.25077,0.21430,8.01,0.00,0.129,0,0.0
2645,2645.0,150,5293,0.52301,0.57846,0.94866,0.53592,0.25079,0.21430,8.01,0.00,0.129,0,0.0
2646,2646.0,149,5293,0.52301,0.57846,0.94866,0.53592,0.25081,0.21430,8.01,0.00,0.129,0,0.0
2647,2647.0,150,5294,0.52327,0.57875,0.94867,0.53674,0.25084,0.21430,8.01,0.00,0.129,0,0.0
2648,2648.0,150,5294,0.52327,0.57876,0.94867,0.53674,0.25086,0.21430,8.01,0.00,0.129,0,0.0
2649,2649.0,150,5294,0.52328,0.57876,0.94867,0.53674,0.25088,0.21430,8.01,0.00,0.129,0,0.0
2650,2650.0,149,5294,0.52329,0.57877,0.94867,0.53674,0.25091,0.21430,8.01,0.00,0.129,0,0.0
2651,2651.0,149,5294,0.52329,0.57878,0.94867,0.53674,0.25093,0.21430,8.01,0.00,0.129,0,0.0
2652,2652.0,148,5294,0.52330,0.57879,0.94867,0.53674,0.25096,0.21430,8.01,0.00,0.129,0,0.0
2653,2653.0,148,5294,0.52331,0.57880,0.94867,0.53674,0.25098,0.21430,8.01,0.00,0.129,0,0.0
2654,2654.0,147,5294,0.52332,0.57880,0.94867,0.53674,0.25100,0.21430,8.01,0.00,0.129,0,0.0
2655,2655.0,147,5294,0.52332,0.57881,0.94867,0.53674,0.25103,0.21430,8.01,0.00,0.129,0,0.0
2656,2656.0,147,5294,0.52333,0.57882,0.94867,0.53674,0.25105,0.21430,8.01,0.00,0.129,0,0.0
2657,2657.0,148,5295,0.52334,0.57883,0.94868,0.53674,0.25107,0.21430,8.01,0.00,0.129,0,0.0
2658,2658.0,150,5297,0.52359,0.57912,0.94870,0.53756,0.25110,0.21430,8.01,0.00,0.129,0,0.0
2659,2659.0,151,5298,0.52384,0.57940,0.94871,0.53838,0.25112,0.21430,8.01,0.00,0.129,0,0.0
2660,2660.0,151,5298,0.52385,0.57941,0.94871,0.53838,0.25115,0.21430,8.01,0.00,0.129,0,0.0
2661,2661.0,152,5299,0.52386,0.57942,0.94871,0.53838,0.25117,0.21430,8.01,0.00,0.129,0,0.0
2662,2662.0,152,5299,0.52387,0.57943,0.94871,0.53838,0.25120,0.21430,8.01,0.00,0.129,0,0.0
2663,2663.0,152,5299,0.52388,0.57944,0.94871,0.53838,0.25122,0.21430,8.01,0.00,0.129,0,0.0
2664,2664.0,153,5300,0.52413,0.57973,0.94872,0.53921,0.25125,0.21430,8.01,0.00,0.129,0,0.0
2665,2665.0,153,5300,0.52414,0.57973,0.94872,0.53921,0.25127,0.21430,8.01,0.00,0.129,0,0.0
2666,2666.0,153,5300,0.52414,0.57974,0.94872,0.53921,0.25130,0.21430,8.01,0.00,0.129,0,0.0
2667,2667.0,153,5300,0.52415,0.57975,0.94872,0.53921,0.25132,0.21430,8.01,0.00,0.129,0,0.0
2668,2668.0,153,5300,0.52416,0.57976,0.94872,0.53921,0.25135,0.21430,8.01,0.00,0.129,0,0.0
2669,2669.0,152,5300,0.52416,0.57977,0.94872,0.53921,0.25137,0.21430,8.01,0.00,0.129,0,0.0
2670,2670.0,152,5301,0.52442,0.58005,0.94873,0.54003,0.25140,0.21430,8.01,0.00,0.129,0,0.0
2671,2671.0,152,5301,0.52442,0.58006,0.94873,0.54003,0.25142,0.21430,8.01,0.00,0.129,0,0.0
2672,2672.0,151,5301,0.52443,0.58007,0.94873,0.54003,0.25145,0.21430,8.01,0.00,0.129,0,0.0
2673,2673.0,151,5301,0.52444,0.58008,0.94873,0.54003,0.25147,0.21430,8.01,0.00,0.129,0,0.0
2674,2674.0,151,5301,0.52445,0.58009,0.94873,0.54003,0.25150,0.21430,8.01,0.00,0.129,0,0.0
2675,2675.0,152,5302,0.52470,0.58037,0.94874,0.54085,0.25152,0.21430,8.01,0.00,0.129,0,0.0
2676,2676.0,152,5302,0.52471,0.58038,0.94874,0.54085,0.25155,0.21430,8.01,0.00,0.129,0,0.0
2677,2677.0,152,5302,0.52471,0.58039,0.94874,0.54085,0.25158,0.21430,8.01,0.00,0.129,0,0.0
2678,2678.0,153,5303,0.52472,0.58040,0.94875,0.54085,0.25160,0.21430,8.01,0.00,0.129,0,0.0
2679,2679.0,153,5303,0.52473,0.58041,0.94875,0.54085,0.25163,0.21430,8.01,0.00,0.129,0,0.0
2680,2680.0,153,5303,0.52474,0.58042,0.94875,0.54085,0.25166,0.21430,8.01,0.00,0.129,0,0.0
2681,2681.0,153,5303,0.52475,0.58043,0.94875,0.54085,0.25168,0.21430,8.01,0.00,0.129,0,0.0
2682,2682.0,152,5303,0.52476,0.58044,0.94875,0.54085,0.25171,0.21430,8.01,0.00,0.129,0,0.0
2683,2683.0,150,5303,0.52476,0.58045,0.94875,0.54085,0.25174,0.21430,8.01,0.00,0.129,0,0.0
2684,2684.0,149,5303,0.52477,0.58046,0.94875,0.54085,0.25177,0.21430,8.01,0.00,0.129,0,0.0
2685,2685.0,148,5303,0.52478,0.58046,0.94875,0.54085,0.25179,0.21430,8.01,0.00,0.129,0,0.0
2686,2686.0,148,5303,0.52479,0.58047,0.94875,0.54085,0.25182,0.21430,8.01,0.00,0.129,0,0.0
2687,2687.0,146,5303,0.52480,0.58048,0.94875,0.54085,0.25185,0.21430,8.01,0.00,0.129,0,0.0
2688,2688.0,146,5303,0.52480,0.58049,0.94875,0.54085,0.25188,0.21430,8.01,0.00,0.129,0,0.0
2689,2689.0,145,5303,0.52481,0.58050,0.94875,0.54085,0.25190,0.21430,8.01,0.00,0.129,0,0.0
2690,2690.0,144,5303,0.52482,0.58051,0.94875,0.54085,0.25193,0.21430,8.01,0.00,0.129,0,0.0
2691,2691.0,143,5303,0.52483,0.58052,0.94875,0.54085,0.25196,0.21430,8.01,0.00,0.129,0,0.0
2692,2692.0,142,5303,0.52484,0.58053,0.94875,0.54085,0.25198,0.21430,8.01,0.00,0.129,0,0.0
2693,2693.0,141,5303,0.52484,0.58054,0.94875,0.54085,0.25201,0.21430,8.01,0.00,0.129,0,0.0
2694,2694.0,141,5303,0.52485,0.58055,0.94875,0.54085,0.25204,0.21430,8.01,0.00,0.129,0,0.0
2695,2695.0,138,5303,0.52486,0.58056,0.94875,0.54085,0.25207,0.21430,8.01,0.00,0.129,0,0.0
2696,2696.0,138,5303,0.52487,0.58056,0.94875,0.54085,0.25209,0.21430,8.01,0.00,0.129,0,0.0
2697,2697.0,138,5303,0.52488,0.58057,0.94875,0.54085,0.25212,0.21430,8.01,0.00,0.129,0,0.0
2698,2698.0,137,5303,0.52489,0.58058,0.94875,0.54085,0.25215,0.21430,8.01,0.00,0.129,0,0.0
2699,2699.0,138,5304,0.52562,0.58142,0.94876,0.54332,0.25218,0.21430,8.01,0.00,0.129,0,0.0
2700,2700.0,136,5304,0.52563,0.58143,0.94876,0.54332,0.25220,0.21430,8.01,0.00,0.129,0,0.0
2701,2701.0,134,5304,0.52564,0.58144,0.94876,0.54332,0.25223,0.21430,8.01,0.00,0.129,0,0.0
2702,2702.0,132,5304,0.52565,0.58145,0.94876,0.54332,0.25226,0.21430,8.01,0.00,0.129,0,0.0
2703,2703.0,131,5304,0.52565,0.58145,0.94876,0.54332,0.25229,0.21430,8.01,0.00,0.129,0,0.0
2704,2704.0,130,5304,0.52566,0.58146,0.94876,0.54332,0.25232,0.21430,8.01,0.00,0.129,0,0.0
2705,2705.0,129,5304,0.52567,0.58147,0.94876,0.54332,0.25234,0.21430,8.01,0.00,0.129,0,0.0
2706,2706.0,128,5304,0.52568,0.58148,0.94876,0.54332,0.25237,0.21430,8.01,0.00,0.129,0,0.0
2707,2707.0,128,5304,0.52569,0.58149,0.94876,0.54332,0.25240,0.21430,8.01,0.00,0.129,0,0.0
2708,2708.0,128,5304,0.52570,0.58150,0.94876,0.54332,0.25243,0.21430,8.01,0.00,0.129,0,0.0
2709,2709.0,128,5304,0.52570,0.58151,0.94876,0.54332,0.25246,0.21430,8.01,0.00,0.129,0,0.0
2710,2710.0,128,5304,0.52571,0.58152,0.94876,0.54332,0.25249,0.21430,8.01,0.00,0.129,0,0.0
2711,2711.0,127,5304,0.52572,0.58153,0.94876,0.54332,0.25251,0.21430,8.01,0.00,0.129,0,0.0
2712,2712.0,127,5304,0.52573,0.58154,0.94876,0.54332,0.25254,0.21430,8.01,0.00,0.129,0,0.0
2713,2713.0,127,5304,0.52574,0.58155,0.94876,0.54332,0.25257,0.21430,8.01,0.00,0.129,0,0.0
2714,2714.0,127,5304,0.52575,0.58156,0.94876,0.54332,0.25260,0.21430,8.01,0.00,0.129,0,0.0
2715,2715.0,127,5304,0.52575,0.58157,0.94876,0.54332,0.25263,0.21430,8.01,0.00,0.129,0,0.0
2716,2716.0,127,5304,0.52576,0.58158,0.94876,0.54332,0.25265,0.21430,8.01,0.00,0.129,0,0.0
2717,2717.0,127,5304,0.52577,0.58159,0.94876,0.54332,0.25268,0.21430,8.01,0.00,0.129,0,0.0
2718,2718.0,125,5304,0.52578,0.58160,0.94876,0.54332,0.25271,0.21430,8.01,0.00,0.129,0,0.0
2719,2719.0,124,5304,0.52579,0.58161,0.94876,0.54332,0.25274,0.21430,8.01,0.00,0.129,0,0.0
2720,2720.0,123,5304,0.52580,0.58161,0.94876,0.54332,0.25277,0.21430,8.01,0.00,0.129,0,0.0
2721,2721.0,123,5304,0.52580,0.58162,0.94876,0.54332,0.25280,0.21430,8.01,0.00,0.129,0,0.0
2722,2722.0,123,5304,0.52581,0.58163,0.94876,0.54332,0.25282,0.21430,8.01,0.00,0.129,0,0.0
2723,2723.0,124,5305,0.52606,0.58192,0.94877,0.54414,0.25285,0.21430,8.01,0.00,0.129,0,0.0
2724,2724.0,124,5305,0.52607,0.58193,0.94877,0.54414,0.25288,0.21430,8.01,0.00,0.129,0,0.0
2725,2725.0,122,5305,0.52608,0.58194,0.94877,0.54414,0.25291,0.21430,8.01,0.00,0.129,0,0.0
2726,2726.0,121,5305,0.52609,0.58195,0.94877,0.54414,0.25294,0.21430,8.01,0.00,0.129,0,0.0
2727,2727.0,122,5306,0.52634,0.58224,0.94878,0.54496,0.25297,0.21430,8.01,0.00,0.129,0,0.0
2728,2728.0,122,5306,0.52635,0.58225,0.94878,0.54496,0.25300,0.21430,8.01,0.00,0.129,0,0.0
2729,2729.0,122,5306,0.52636,0.58226,0.94878,0.54496,0.25303,0.21430,8.01,0.00,0.129,0,0.0
2730,2730.0,121,5306,0.52637,0.58227,0.94878,0.54496,0.25306,0.21430,8.01,0.00,0.129,0,0.0
2731,2731.0,121,5306,0.52638,0.58228,0.94878,0.54496,0.25309,0.21430,8.01,0.00,0.129,0,0.0
2732,2732.0,121,5306,0.52639,0.58229,0.94878,0.54496,0.25312,0.21430,8.01,0.00,0.129,0,0.0
2733,2733.0,121,5306,0.52640,0.58230,0.94878,0.54496,0.25315,0.21430,8.01,0.00,0.129,0,0.0
2734,2734.0,121,5306,0.52641,0.58231,0.94878,0.54496,0.25318,0.21430,8.01,0.00,0.129,0,0.0
2735,2735.0,121,5306,0.52641,0.58232,0.94878,0.54496,0.25321,0.21430,8.01,0.00,0.129,0,0.0
2736,2736.0,121,5306,0.52642,0.58233,0.94878,0.54496,0.25324,0.21430,8.01,0.00,0.129,0,0.0
2737,2737.0,121,5306,0.52643,0.58234,0.94878,0.54496,0.25327,0.21430,8.01,0.00,0.129,0,0.0
2738,2738.0,121,5306,0.52644,0.58235,0.94878,0.54496,0.25330,0.21430,8.01,0.00,0.129,0,0.0
2739,2739.0,121,5307,0.52669,0.58263,0.94879,0.54578,0.25333,0.21430,8.01,0.00,0.129,0,0.0
2740,2740.0,121,5307,0.52670,0.58264,0.94879,0.54578,0.25336,0.21430,8.01,0.00,0.129,0,0.0
2741,2741.0,121,5307,0.52671,0.58266,0.94879,0.54578,0.25340,0.21430,8.01,0.00,0.129,0,0.0
2742,2742.0,119,5307,0.52672,0.58267,0.94879,0.54578,0.25343,0.21430,8.01,0.00,0.129,0,0.0
2743,2743.0,119,5307,0.52673,0.58268,0.94879,0.54578,0.25346,0.21430,8.01,0.00,0.129,0,0.0
2744,2744.0,119,5307,0.52674,0.58269,0.94879,0.54578,0.25349,0.21430,8.01,0.00,0.129,0,0.0
2745,2745.0,119,5307,0.52675,0.58270,0.94879,0.54578,0.25352,0.21430,8.01,0.00,0.129,0,0.0
2746,2746.0,119,5307,0.52676,0.58271,0.94879,0.54578,0.25356,0.21430,8.01,0.00,0.129,0,0.0
2747,2747.0,120,5308,0.52726,0.58327,0.94880,0.54743,0.25359,0.21430,8.01,0.00,0.129,0,0.0
2748,2748.0,121,5309,0.52751,0.58356,0.94881,0.54825,0.25362,0.21430,8.01,0.00,0.129,0,0.0
2749,2749.0,121,5309,0.52752,0.58357,0.94881,0.54825,0.25366,0.21430,8.01,0.00,0.129,0,0.0
2750,2750.0,121,5309,0.52753,0.58358,0.94881,0.54825,0.25369,0.21430,8.01,0.00,0.129,0,0.0
2751,2751.0,121,5309,0.52754,0.58359,0.94881,0.54825,0.25372,0.21430,8.01,0.00,0.129,0,0.0
2752,2752.0,121,5309,0.52755,0.58360,0.94881,0.54825,0.25376,0.21430,8.01,0.00,0.129,0,0.0
2753,2753.0,121,5309,0.52756,0.58362,0.94881,0.54825,0.25379,0.21430,8.01,0.00,0.129,0,0.0
2754,2754.0,121,5309,0.52757,0.58363,0.94881,0.54825,0.25383,0.21430,8.01,0.00,0.129,0,0.0
2755,2755.0,121,5309,0.52758,0.58364,0.94881,0.54825,0.25386,0.21430,8.01,0.00,0.129,0,0.0
2756,2756.0,121,5309,0.52759,0.58365,0.94881,0.54825,0.25389,0.21430,8.01,0.00,0.129,0,0.0
2757,2757.0,121,5309,0.52760,0.58366,0.94881,0.54825,0.25393,0.21430,8.01,0.00,0.129,0,0.0
2758,2758.0,122,5310,0.52795,0.58406,0.94882,0.54940,0.25396,0.21430,8.01,0.00,0.129,0,0.0
2759,2759.0,122,5310,0.52796,0.58407,0.94882,0.54940,0.25400,0.21430,8.01,0.00,0.129,0,0.0
2760,2760.0,122,5310,0.52797,0.58408,0.94882,0.54940,0.25403,0.21430,8.01,0.00,0.129,0,0.0
2761,2761.0,123,5311,0.52823,0.58437,0.94882,0.55022,0.25407,0.21430,8.01,0.00,0.129,0,0.0
2762,2762.0,123,5311,0.52824,0.58438,0.94882,0.55022,0.25410,0.21430,8.01,0.00,0.129,0,0.0
2763,2763.0,123,5311,0.52825,0.58440,0.94882,0.55022,0.25414,0.21430,8.01,0.00,0.129,0,0.0
2764,2764.0,123,5311,0.52826,0.58441,0.94882,0.55022,0.25418,0.21430,8.01,0.00,0.129,0,0.0
2765,2765.0,124,5312,0.52851,0.58470,0.94883,0.55104,0.25421,0.21430,8.01,0.00,0.129,0,0.0
2766,2766.0,125,5313,0.52877,0.58499,0.94884,0.55187,0.25425,0.21430,8.01,0.00,0.129,0,0.0
2767,2767.0,124,5313,0.52878,0.58500,0.94884,0.55187,0.25429,0.21430,8.01,0.00,0.129,0,0.0
2768,2768.0,124,5313,0.52879,0.58501,0.94884,0.55187,0.25432,0.21430,8.01,0.00,0.129,0,0.0
2769,2769.0,123,5313,0.52880,0.58502,0.94884,0.55187,0.25436,0.21430,8.01,0.00,0.129,0,0.0
2770,2770.0,124,5314,0.52906,0.58531,0.94885,0.55269,0.25440,0.21430,8.01,0.00,0.129,0,0.0
2771,2771.0,124,5314,0.52907,0.58532,0.94885,0.55269,0.25443,0.21430,8.01,0.00,0.129,0,0.0
2772,2772.0,124,5314,0.52908,0.58534,0.94885,0.55269,0.25447,0.21430,8.01,0.00,0.129,0,0.0
2773,2773.0,125,5315,0.52992,0.58628,0.94886,0.55548,0.25451,0.21430,8.01,0.00,0.129,0,0.0
2774,2774.0,125,5315,0.52993,0.58630,0.94886,0.55548,0.25455,0.21430,8.01,0.00,0.129,0,0.0
2775,2775.0,125,5315,0.52994,0.58631,0.94886,0.55548,0.25459,0.21430,8.01,0.00,0.129,0,0.0
2776,2776.0,125,5315,0.52995,0.58632,0.94886,0.55548,0.25462,0.21430,8.01,0.00,0.129,0,0.0
2777,2777.0,125,5315,0.52996,0.58634,0.94886,0.55548,0.25466,0.21430,8.01,0.00,0.129,0,0.0
2778,2778.0,125,5315,0.52997,0.58635,0.94886,0.55548,0.25470,0.21430,8.01,0.00,0.129,0,0.0
2779,2779.0,125,5315,0.52998,0.58636,0.94886,0.55548,0.25474,0.21430,8.01,0.00,0.129,0,0.0
2780,2780.0,125,5315,0.52999,0.58637,0.94886,0.55548,0.25478,0.21430,8.01,0.00,0.129,0,0.0
2781,2781.0,126,5316,0.53035,0.58677,0.94887,0.55663,0.25482,0.21430,8.01,0.00,0.129,0,0.0
2782,2782.0,126,5316,0.53036,0.58679,0.94887,0.55663,0.25486,0.21430,8.01,0.00,0.129,0,0.0
2783,2783.0,126,5316,0.53037,0.58680,0.94887,0.55663,0.25489,0.21430,8.01,0.00,0.129,0,0.0
2784,2784.0,127,5317,0.53038,0.58682,0.94888,0.55663,0.25493,0.21430,8.01,0.00,0.129,0,0.0
2785,2785.0,127,5317,0.53040,0.58683,0.94888,0.55663,0.25497,0.21430,8.01,0.00,0.129,0,0.0
2786,2786.0,127,5317,0.53041,0.58684,0.94888,0.55663,0.25501,0.21430,8.01,0.00,0.129,0,0.0
2787,2787.0,127,5317,0.53042,0.58686,0.94888,0.55663,0.25505,0.21430,8.01,0.00,0.129,0,0.0
2788,2788.0,127,5317,0.53043,0.58687,0.94888,0.55663,0.25509,0.21430,8.01,0.00,0.128,0,0.0
2789,2789.0,128,5318,0.53045,0.58689,0.94889,0.55663,0.25514,0.21430,8.01,0.00,0.128,0,0.0
2790,2790.0,128,5318,0.53046,0.58690,0.94889,0.55663,0.25518,0.21430,8.01,0.00,0.128,0,0.0
2791,2791.0,128,5318,0.53047,0.58691,0.94889,0.55663,0.25522,0.21430,8.01,0.00,0.128,0,0.0
2792,2792.0,128,5318,0.53048,0.58693,0.94889,0.55663,0.25526,0.21430,8.01,0.00,0.128,0,0.0
2793,2793.0,128,5318,0.53049,0.58694,0.94889,0.55663,0.25530,0.21430,8.01,0.00,0.128,0,0.0
2794,2794.0,128,5318,0.53051,0.58695,0.94889,0.55663,0.25534,0.21430,8.01,0.00,0.128,0,0.0
2795,2795.0,128,5318,0.53052,0.58697,0.94889,0.55663,0.25538,0.21430,8.01,0.00,0.128,0,0.0
2796,2796.0,128,5318,0.53053,0.58698,0.94889,0.55663,0.25542,0.21430,8.01,0.00,0.128,0,0.0
2797,2797.0,128,5318,0.53054,0.58700,0.94889,0.55663,0.25546,0.21430,8.01,0.00,0.128,0,0.0
2798,2798.0,128,5318,0.53055,0.58701,0.94889,0.55663,0.25550,0.21430,8.01,0.00,0.128,0,0.0
2799,2799.0,128,5318,0.53057,0.58702,0.94889,0.55663,0.25555,0.21430,8.01,0.00,0.128,0,0.0
2800,2800.0,128,5318,0.53058,0.58704,0.94889,0.55663,0.25559,0.21430,8.01,0.00,0.128,0,0.0
2801,2801.0,128,5318,0.53059,0.58705,0.94889,0.55663,0.25563,0.21430,8.01,0.00,0.128,0,0.0
2802,2802.0,128,5318,0.53060,0.58706,0.94889,0.55663,0.25567,0.21430,8.01,0.00,0.128,0,0.0
2803,2803.0,128,5318,0.53062,0.58708,0.94889,0.55663,0.25571,0.21430,8.01,0.00,0.128,0,0.0
2804,2804.0,128,5318,0.53063,0.58709,0.94889,0.55663,0.25575,0.21430,8.01,0.00,0.128,0,0.0
2805,2805.0,128,5318,0.53064,0.58710,0.94889,0.55663,0.25579,0.21430,8.01,0.00,0.128,0,0.0
2806,2806.0,128,5318,0.53065,0.58712,0.94889,0.55663,0.25583,0.21430,8.01,0.00,0.128,0,0.0
2807,2807.0,128,5318,0.53066,0.58713,0.94889,0.55663,0.25587,0.21430,8.01,0.00,0.128,0,0.0
2808,2808.0,128,5318,0.53068,0.58715,0.94889,0.55663,0.25591,0.21430,8.01,0.00,0.128,0,0.0
2809,2809.0,128,5318,0.53069,0.58716,0.94889,0.55663,0.25596,0.21430,8.01,0.00,0.128,0,0.0
2810,2810.0,129,5319,0.53104,0.58756,0.94890,0.55778,0.25600,0.21430,8.01,0.00,0.128,0,0.0
2811,2811.0,129,5319,0.53105,0.58757,0.94890,0.55778,0.25604,0.21430,8.01,0.00,0.128,0,0.0
2812,2812.0,129,5319,0.53107,0.58759,0.94890,0.55778,0.25608,0.21430,8.01,0.00,0.128,0,0.0
2813,2813.0,129,5319,0.53108,0.58760,0.94890,0.55778,0.25612,0.21430,8.01,0.00,0.128,0,0.0
2814,2814.0,130,5320,0.53143,0.58800,0.94891,0.55894,0.25616,0.21430,8.01,0.00,0.128,0,0.0
2815,2815.0,131,5322,0.53261,0.58934,0.94893,0.56288,0.25621,0.21430,8.01,0.00,0.128,0,0.0
2816,2816.0,133,5324,0.53321,0.59002,0.94894,0.56485,0.25625,0.21430,8.01,0.00,0.128,0,0.0
2817,2817.0,133,5324,0.53322,0.59003,0.94894,0.56485,0.25630,0.21430,8.01,0.00,0.128,0,0.0
2818,2818.0,135,5326,0.53372,0.59060,0.94896,0.56650,0.25634,0.21430,8.01,0.00,0.128,0,0.0
2819,2819.0,135,5326,0.53374,0.59062,0.94896,0.56650,0.25639,0.21430,8.01,0.00,0.128,0,0.0
2820,2820.0,135,5326,0.53375,0.59063,0.94896,0.56650,0.25644,0.21430,8.01,0.00,0.128,0,0.0
2821,2821.0,135,5327,0.53411,0.59104,0.94897,0.56765,0.25649,0.21430,8.01,0.00,0.128,0,0.0
2822,2822.0,136,5328,0.53446,0.59144,0.94898,0.56880,0.25654,0.21430,8.01,0.00,0.128,0,0.0
2823,2823.0,136,5328,0.53448,0.59146,0.94898,0.56880,0.25659,0.21430,8.01,0.00,0.128,0,0.0
2824,2824.0,136,5328,0.53449,0.59147,0.94898,0.56880,0.25664,0.21430,8.01,0.00,0.128,0,0.0
2825,2825.0,138,5330,0.53509,0.59215,0.94900,0.57077,0.25669,0.21430,8.01,0.00,0.128,0,0.0
2826,2826.0,138,5330,0.53511,0.59217,0.94900,0.57077,0.25674,0.21430,8.01,0.00,0.128,0,0.0
2827,2827.0,137,5330,0.53513,0.59219,0.94900,0.57077,0.25680,0.21430,8.01,0.00,0.128,0,0.0
2828,2828.0,137,5330,0.53514,0.59221,0.94900,0.57077,0.25685,0.21430,8.01,0.00,0.128,0,0.0
2829,2829.0,137,5330,0.53516,0.59222,0.94900,0.57077,0.25690,0.21430,8.01,0.00,0.128,0,0.0
2830,2830.0,137,5330,0.53517,0.59224,0.94900,0.57077,0.25696,0.21430,8.01,0.00,0.128,0,0.0
2831,2831.0,137,5330,0.53519,0.59226,0.94900,0.57077,0.25701,0.21430,8.01,0.00,0.128,0,0.0
2832,2832.0,138,5331,0.53521,0.59228,0.94901,0.57077,0.25706,0.21430,8.01,0.00,0.128,0,0.0
2833,2833.0,138,5331,0.53522,0.59230,0.94901,0.57077,0.25712,0.21430,8.01,0.00,0.128,0,0.0
2834,2834.0,138,5331,0.53524,0.59232,0.94901,0.57077,0.25717,0.21430,8.01,0.00,0.128,0,0.0
2835,2835.0,138,5331,0.53525,0.59233,0.94901,0.57077,0.25722,0.21430,8.01,0.00,0.128,0,0.0
2836,2836.0,138,5331,0.53527,0.59235,0.94901,0.57077,0.25728,0.21430,8.01,0.00,0.128,0,0.0
2837,2837.0,138,5331,0.53529,0.59237,0.94901,0.57077,0.25733,0.21430,8.01,0.00,0.128,0,0.0
2838,2838.0,138,5331,0.53530,0.59239,0.94901,0.57077,0.25738,0.21430,8.01,0.00,0.128,0,0.0
2839,2839.0,138,5331,0.53532,0.59241,0.94901,0.57077,0.25744,0.21430,8.01,0.00,0.128,0,0.0
2840,2840.0,138,5331,0.53533,0.59242,0.94901,0.57077,0.25749,0.21430,8.01,0.00,0.128,0,0.0
2841,2841.0,138,5331,0.53535,0.59244,0.94901,0.57077,0.25754,0.21430,8.01,0.00,0.128,0,0.0
2842,2842.0,139,5332,0.53561,0.59274,0.94902,0.57160,0.25759,0.21430,8.01,0.00,0.128,0,0.0
2843,2843.0,139,5332,0.53562,0.59275,0.94902,0.57160,0.25765,0.21430,8.01,0.00,0.128,0,0.0
2844,2844.0,139,5332,0.53564,0.59277,0.94902,0.57160,0.25770,0.21430,8.01,0.00,0.128,0,0.0
2845,2845.0,138,5332,0.53566,0.59279,0.94902,0.57160,0.25776,0.21430,8.01,0.00,0.128,0,0.0
2846,2846.0,138,5333,0.53601,0.59319,0.94903,0.57275,0.25781,0.21430,8.01,0.00,0.128,0,0.0
2847,2847.0,138,5333,0.53603,0.59321,0.94903,0.57275,0.25787,0.21430,8.01,0.00,0.128,0,0.0
2848,2848.0,138,5333,0.53605,0.59323,0.94903,0.57275,0.25792,0.21430,8.01,0.00,0.128,0,0.0
2849,2849.0,138,5333,0.53606,0.59325,0.94903,0.57275,0.25798,0.21430,8.01,0.00,0.128,0,0.0
2850,2850.0,138,5334,0.53632,0.59355,0.94903,0.57357,0.25803,0.21430,8.01,0.00,0.128,0,0.0
2851,2851.0,139,5335,0.53658,0.59384,0.94904,0.57439,0.25809,0.21430,8.01,0.00,0.128,0,0.0
2852,2852.0,139,5335,0.53660,0.59386,0.94904,0.57439,0.25815,0.21430,8.01,0.00,0.128,0,0.0
2853,2853.0,139,5335,0.53662,0.59388,0.94904,0.57439,0.25820,0.21430,8.01,0.00,0.128,0,0.0
2854,2854.0,140,5336,0.53697,0.59428,0.94905,0.57554,0.25826,0.21430,8.01,0.00,0.128,0,0.0
2855,2855.0,140,5336,0.53699,0.59430,0.94905,0.57554,0.25832,0.21430,8.01,0.00,0.128,0,0.0
2856,2856.0,140,5336,0.53701,0.59432,0.94905,0.57554,0.25838,0.21430,8.01,0.00,0.128,0,0.0
2857,2857.0,140,5336,0.53703,0.59434,0.94905,0.57554,0.25843,0.21430,8.01,0.00,0.128,0,0.0
2858,2858.0,141,5337,0.53729,0.59464,0.94906,0.57636,0.25849,0.21430,8.01,0.00,0.128,0,0.0
2859,2859.0,141,5337,0.53730,0.59466,0.94906,0.57636,0.25855,0.21430,8.01,0.00,0.128,0,0.0
2860,2860.0,142,5338,0.53766,0.59506,0.94907,0.57751,0.25861,0.21430,8.01,0.00,0.128,0,0.0
2861,2861.0,143,5339,0.53802,0.59547,0.94908,0.57867,0.25867,0.21430,8.01,0.00,0.128,0,0.0
2862,2862.0,143,5339,0.53804,0.59549,0.94908,0.57867,0.25873,0.21430,8.01,0.00,0.128,0,0.0
2863,2863.0,142,5339,0.53806,0.59551,0.94908,0.57867,0.25879,0.21430,8.01,0.00,0.128,0,0.0
2864,2864.0,142,5339,0.53808,0.59553,0.94908,0.57867,0.25885,0.21430,8.01,0.00,0.128,0,0.0
2865,2865.0,142,5339,0.53809,0.59555,0.94908,0.57867,0.25891,0.21430,8.01,0.00,0.128,0,0.0
2866,2866.0,143,5340,0.53845,0.59596,0.94909,0.57982,0.25897,0.21430,8.01,0.00,0.128,0,0.0
2867,2867.0,143,5340,0.53847,0.59598,0.94909,0.57982,0.25903,0.21430,8.01,0.00,0.128,0,0.0
2868,2868.0,143,5340,0.53849,0.59600,0.94909,0.57982,0.25910,0.21430,8.01,0.00,0.128,0,0.0
2869,2869.0,144,5341,0.53885,0.59641,0.94910,0.58097,0.25916,0.21430,8.01,0.00,0.128,0,0.0
2870,2870.0,144,5341,0.53887,0.59643,0.94910,0.58097,0.25922,0.21430,8.01,0.00,0.128,0,0.0
2871,2871.0,144,5341,0.53888,0.59645,0.94910,0.58097,0.25928,0.21430,8.01,0.00,0.128,0,0.0
2872,2872.0,144,5341,0.53890,0.59647,0.94910,0.58097,0.25934,0.21430,8.01,0.00,0.128,0,0.0
2873,2873.0,142,5341,0.53892,0.59649,0.94910,0.58097,0.25941,0.21430,8.01,0.00,0.128,0,0.0
2874,2874.0,142,5341,0.53894,0.59651,0.94910,0.58097,0.25947,0.21430,8.01,0.00,0.128,0,0.0
2875,2875.0,141,5341,0.53896,0.59653,0.94910,0.58097,0.25953,0.21430,8.01,0.00,0.128,0,0.0
2876,2876.0,142,5342,0.53932,0.59694,0.94911,0.58212,0.25959,0.21430,8.01,0.00,0.128,0,0.0
2877,2877.0,143,5343,0.53968,0.59735,0.94912,0.58327,0.25965,0.21430,8.01,0.00,0.128,0,0.0
2878,2878.0,145,5345,0.53994,0.59765,0.94913,0.58409,0.25972,0.21430,8.01,0.00,0.128,0,0.0
2879,2879.0,145,5345,0.53996,0.59767,0.94913,0.58409,0.25978,0.21430,8.01,0.00,0.128,0,0.0
2880,2880.0,145,5345,0.53998,0.59769,0.94913,0.58409,0.25985,0.21430,8.01,0.00,0.128,0,0.0
2881,2881.0,145,5345,0.54000,0.59771,0.94913,0.58409,0.25991,0.21430,8.01,0.00,0.128,0,0.0
2882,2882.0,145,5345,0.54002,0.59773,0.94913,0.58409,0.25998,0.21430,8.01,0.00,0.128,0,0.0
2883,2883.0,145,5345,0.54004,0.59776,0.94913,0.58409,0.26004,0.21430,8.01,0.00,0.128,0,0.0
2884,2884.0,145,5345,0.54006,0.59778,0.94913,0.58409,0.26011,0.21430,8.01,0.00,0.128,0,0.0
2885,2885.0,146,5346,0.54032,0.59808,0.94914,0.58491,0.26018,0.21430,8.01,0.00,0.128,0,0.0
2886,2886.0,147,5347,0.54058,0.59838,0.94915,0.58574,0.26024,0.21430,8.01,0.00,0.128,0,0.0
2887,2887.0,149,5349,0.54141,0.59931,0.94917,0.58845,0.26031,0.21430,8.01,0.00,0.128,0,0.0
2888,2888.0,149,5349,0.54143,0.59933,0.94917,0.58845,0.26038,0.21430,8.01,0.00,0.128,0,0.0
2889,2889.0,149,5349,0.54145,0.59936,0.94917,0.58845,0.26045,0.21430,8.01,0.00,0.128,0,0.0
2890,2890.0,148,5349,0.54147,0.59938,0.94917,0.58845,0.26052,0.21430,8.01,0.00,0.128,0,0.0
2891,2891.0,148,5349,0.54149,0.59940,0.94917,0.58845,0.26059,0.21430,8.01,0.00,0.128,0,0.0
2892,2892.0,148,5349,0.54151,0.59942,0.94917,0.58845,0.26066,0.21430,8.01,0.00,0.128,0,0.0
2893,2893.0,149,5350,0.54153,0.59945,0.94918,0.58845,0.26072,0.21430,8.01,0.00,0.128,0,0.0
2894,2894.0,150,5351,0.54189,0.59986,0.94919,0.58960,0.26079,0.21430,8.01,0.00,0.128,0,0.0
2895,2895.0,151,5352,0.54216,0.60016,0.94920,0.59042,0.26087,0.21430,8.01,0.00,0.128,0,0.0
2896,2896.0,151,5352,0.54218,0.60019,0.94920,0.59042,0.26094,0.21430,8.01,0.00,0.128,0,0.0
2897,2897.0,151,5352,0.54220,0.60021,0.94920,0.59042,0.26101,0.21430,8.01,0.00,0.128,0,0.0
2898,2898.0,151,5352,0.54222,0.60023,0.94920,0.59042,0.26108,0.21430,8.01,0.00,0.128,0,0.0
2899,2899.0,151,5352,0.54224,0.60026,0.94920,0.59042,0.26115,0.21430,8.01,0.00,0.128,0,0.0
2900,2900.0,151,5352,0.54227,0.60028,0.94920,0.59042,0.26123,0.21430,8.01,0.00,0.128,0,0.0
2901,2901.0,151,5353,0.54263,0.60069,0.94921,0.59157,0.26130,0.21430,8.01,0.00,0.128,0,0.0
2902,2902.0,151,5353,0.54265,0.60072,0.94921,0.59157,0.26137,0.21430,8.01,0.00,0.128,0,0.0
2903,2903.0,152,5354,0.54292,0.60102,0.94922,0.59239,0.26144,0.21430,8.01,0.00,0.128,0,0.0
2904,2904.0,152,5354,0.54294,0.60104,0.94922,0.59239,0.26152,0.21430,8.01,0.00,0.128,0,0.0
2905,2905.0,152,5354,0.54296,0.60107,0.94922,0.59239,0.26159,0.21430,8.01,0.00,0.128,0,0.0
2906,2906.0,152,5354,0.54298,0.60109,0.94922,0.59239,0.26166,0.21430,8.01,0.00,0.128,0,0.0
2907,2907.0,152,5354,0.54300,0.60112,0.94922,0.59239,0.26174,0.21430,8.01,0.00,0.128,0,0.0
2908,2908.0,152,5354,0.54302,0.60114,0.94922,0.59239,0.26181,0.21430,8.01,0.00,0.128,0,0.0
2909,2909.0,152,5354,0.54305,0.60116,0.94922,0.59239,0.26188,0.21430,8.01,0.00,0.128,0,0.0
2910,2910.0,153,5355,0.54307,0.60119,0.94922,0.59239,0.26196,0.21430,8.01,0.00,0.128,0,0.0
2911,2911.0,153,5355,0.54309,0.60122,0.94922,0.59239,0.26203,0.21430,8.01,0.00,0.128,0,0.0
2912,2912.0,153,5355,0.54311,0.60124,0.94922,0.59239,0.26211,0.21430,8.01,0.00,0.128,0,0.0
2913,2913.0,153,5355,0.54313,0.60127,0.94922,0.59239,0.26218,0.21430,8.01,0.00,0.128,0,0.0
2914,2914.0,154,5356,0.54350,0.60168,0.94923,0.59354,0.26225,0.21430,8.01,0.00,0.128,0,0.0
2915,2915.0,154,5356,0.54352,0.60170,0.94923,0.59354,0.26233,0.21430,8.01,0.00,0.128,0,0.0
2916,2916.0,154,5356,0.54354,0.60173,0.94923,0.59354,0.26241,0.21430,8.01,0.00,0.128,0,0.0
2917,2917.0,154,5356,0.54356,0.60175,0.94923,0.59354,0.26248,0.21430,8.01,0.00,0.128,0,0.0
2918,2918.0,154,5356,0.54359,0.60178,0.94923,0.59354,0.26256,0.21430,8.01,0.00,0.128,0,0.0
2919,2919.0,154,5356,0.54361,0.60180,0.94923,0.59354,0.26263,0.21430,8.01,0.00,0.128,0,0.0
2920,2920.0,154,5356,0.54363,0.60183,0.94923,0.59354,0.26271,0.21430,8.01,0.00,0.128,0,0.0
2921,2921.0,154,5356,0.54365,0.60185,0.94923,0.59354,0.26278,0.21430,8.01,0.00,0.128,0,0.0
2922,2922.0,154,5356,0.54367,0.60188,0.94923,0.59354,0.26286,0.21430,8.01,0.00,0.128,0,0.0
2923,2923.0,154,5356,0.54370,0.60190,0.94923,0.59354,0.26293,0.21430,8.01,0.00,0.128,0,0.0
2924,2924.0,154,5356,0.54372,0.60193,0.94923,0.59354,0.26301,0.21430,8.01,0.00,0.128,0,0.0
2925,2925.0,154,5356,0.54374,0.60195,0.94923,0.59354,0.26308,0.21430,8.01,0.00,0.128,0,0.0
2926,2926.0,154,5356,0.54376,0.60198,0.94923,0.59354,0.26316,0.21430,8.01,0.00,0.128,0,0.0
2927,2927.0,154,5356,0.54379,0.60200,0.94923,0.59354,0.26323,0.21430,8.01,0.00,0.128,0,0.0
2928,2928.0,155,5357,0.54415,0.60241,0.94924,0.59470,0.26331,0.21430,8.01,0.00,0.128,0,0.0
2929,2929.0,154,5357,0.54417,0.60244,0.94924,0.59470,0.26338,0.21430,8.01,0.00,0.128,0,0.0
2930,2930.0,153,5357,0.54419,0.60247,0.94924,0.59470,0.26346,0.21430,8.01,0.00,0.128,0,0.0
2931,2931.0,153,5357,0.54422,0.60249,0.94924,0.59470,0.26354,0.21430,8.01,0.00,0.128,0,0.0
2932,2932.0,153,5357,0.54424,0.60252,0.94924,0.59470,0.26361,0.21430,8.01,0.00,0.128,0,0.0
2933,2933.0,153,5357,0.54426,0.60254,0.94924,0.59470,0.26369,0.21430,8.01,0.00,0.128,0,0.0
2934,2934.0,153,5357,0.54428,0.60257,0.94924,0.59470,0.26376,0.21430,8.01,0.00,0.128,0,0.0
2935,2935.0,154,5358,0.54455,0.60287,0.94925,0.59552,0.26384,0.21430,8.01,0.00,0.128,0,0.0
2936,2936.0,154,5358,0.54457,0.60290,0.94925,0.59552,0.26392,0.21430,8.01,0.00,0.128,0,0.0
2937,2937.0,154,5358,0.54460,0.60292,0.94925,0.59552,0.26399,0.21430,8.01,0.00,0.128,0,0.0
2938,2938.0,154,5358,0.54462,0.60295,0.94925,0.59552,0.26407,0.21430,8.01,0.00,0.128,0,0.0
2939,2939.0,154,5358,0.54464,0.60297,0.94925,0.59552,0.26415,0.21430,8.01,0.00,0.128,0,0.0
2940,2940.0,154,5358,0.54466,0.60300,0.94925,0.59552,0.26423,0.21430,8.01,0.00,0.128,0,0.0
2941,2941.0,154,5358,0.54469,0.60302,0.94925,0.59552,0.26430,0.21430,8.01,0.00,0.128,0,0.0
2942,2942.0,154,5358,0.54471,0.60305,0.94925,0.59552,0.26438,0.21430,8.01,0.00,0.128,0,0.0
2943,2943.0,154,5358,0.54473,0.60308,0.94925,0.59552,0.26446,0.21430,8.01,0.00,0.128,0,0.0
2944,2944.0,154,5359,0.54500,0.60338,0.94926,0.59634,0.26454,0.21430,8.01,0.00,0.128,0,0.0
2945,2945.0,154,5359,0.54502,0.60340,0.94926,0.59634,0.26461,0.21430,8.01,0.00,0.128,0,0.0
2946,2946.0,155,5360,0.54529,0.60371,0.94927,0.59716,0.26469,0.21430,8.01,0.00,0.128,0,0.0
2947,2947.0,156,5361,0.54565,0.60412,0.94928,0.59831,0.26477,0.21430,8.01,0.00,0.128,0,0.0
2948,2948.0,157,5362,0.54568,0.60415,0.94929,0.59831,0.26485,0.21430,8.01,0.00,0.128,0,0.0
2949,2949.0,157,5362,0.54570,0.60418,0.94929,0.59831,0.26493,0.21430,8.01,0.00,0.128,0,0.0
2950,2950.0,157,5362,0.54573,0.60420,0.94929,0.59831,0.26501,0.21430,8.01,0.00,0.128,0,0.0
2951,2951.0,157,5362,0.54575,0.60423,0.94929,0.59831,0.26509,0.21430,8.01,0.00,0.128,0,0.0
2952,2952.0,156,5362,0.54577,0.60426,0.94929,0.59831,0.26517,0.21430,8.01,0.00,0.128,0,0.0
2953,2953.0,156,5362,0.54580,0.60428,0.94929,0.59831,0.26525,0.21430,8.01,0.00,0.128,0,0.0
2954,2954.0,155,5362,0.54582,0.60431,0.94929,0.59831,0.26533,0.21430,8.01,0.00,0.128,0,0.0
2955,2955.0,155,5362,0.54585,0.60434,0.94929,0.59831,0.26541,0.21430,8.01,0.00,0.128,0,0.0
2956,2956.0,154,5362,0.54587,0.60436,0.94929,0.59831,0.26549,0.21430,8.01,0.00,0.128,0,0.0
2957,2957.0,155,5363,0.54589,0.60439,0.94930,0.59831,0.26557,0.21430,8.01,0.00,0.128,0,0.0
2958,2958.0,154,5363,0.54592,0.60442,0.94930,0.59831,0.26565,0.21430,8.01,0.00,0.128,0,0.0
2959,2959.0,154,5363,0.54594,0.60445,0.94930,0.59831,0.26573,0.21430,8.01,0.00,0.128,0,0.0
2960,2960.0,154,5363,0.54597,0.60447,0.94930,0.59831,0.26581,0.21430,8.01,0.00,0.128,0,0.0
2961,2961.0,154,5363,0.54599,0.60450,0.94930,0.59831,0.26589,0.21430,8.01,0.00,0.128,0,0.0
2962,2962.0,154,5363,0.54601,0.60453,0.94930,0.59831,0.26597,0.21430,8.01,0.00,0.128,0,0.0
2963,2963.0,154,5363,0.54604,0.60455,0.94930,0.59831,0.26606,0.21430,8.01,0.00,0.128,0,0.0
2964,2964.0,154,5363,0.54606,0.60458,0.94930,0.59831,0.26614,0.21430,8.01,0.00,0.128,0,0.0
2965,2965.0,154,5363,0.54608,0.60461,0.94930,0.59831,0.26622,0.21430,8.01,0.00,0.128,0,0.0
2966,2966.0,154,5363,0.54611,0.60464,0.94930,0.59831,0.26630,0.21430,8.01,0.00,0.128,0,0.0
2967,2967.0,154,5363,0.54613,0.60466,0.94930,0.59831,0.26638,0.21430,8.01,0.00,0.128,0,0.0
2968,2968.0,154,5363,0.54615,0.60469,0.94930,0.59831,0.26646,0.21430,8.01,0.00,0.128,0,0.0
2969,2969.0,154,5363,0.54618,0.60472,0.94930,0.59831,0.26654,0.21430,8.01,0.00,0.128,0,0.0
2970,2970.0,154,5363,0.54620,0.60474,0.94930,0.59831,0.26662,0.21430,8.01,0.00,0.128,0,0.0
2971,2971.0,155,5364,0.54647,0.60505,0.94930,0.59914,0.26670,0.21430,8.01,0.00,0.128,0,0.0
2972,2972.0,155,5364,0.54649,0.60507,0.94930,0.59914,0.26678,0.21430,8.01,0.00,0.128,0,0.0
2973,2973.0,155,5364,0.54652,0.60510,0.94930,0.59914,0.26686,0.21430,8.01,0.00,0.128,0,0.0
2974,2974.0,155,5364,0.54654,0.60513,0.94930,0.59914,0.26694,0.21430,8.01,0.00,0.128,0,0.0
2975,2975.0,155,5364,0.54657,0.60516,0.94930,0.59914,0.26703,0.21430,8.01,0.00,0.128,0,0.0
2976,2976.0,156,5365,0.54693,0.60557,0.94931,0.60029,0.26711,0.21430,8.01,0.00,0.128,0,0.0
2977,2977.0,157,5366,0.54720,0.60587,0.94932,0.60111,0.26719,0.21430,8.01,0.00,0.128,0,0.0
2978,2978.0,157,5366,0.54722,0.60590,0.94932,0.60111,0.26727,0.21430,8.01,0.00,0.128,0,0.0
2979,2979.0,157,5366,0.54725,0.60593,0.94932,0.60111,0.26736,0.21430,8.01,0.00,0.128,0,0.0
2980,2980.0,157,5366,0.54727,0.60596,0.94932,0.60111,0.26744,0.21430,8.01,0.00,0.128,0,0.0
2981,2981.0,157,5366,0.54730,0.60598,0.94932,0.60111,0.26752,0.21430,8.01,0.00,0.128,0,0.0
2982,2982.0,157,5366,0.54732,0.60601,0.94932,0.60111,0.26761,0.21430,8.01,0.00,0.128,0,0.0
2983,2983.0,157,5366,0.54735,0.60604,0.94932,0.60111,0.26769,0.21430,8.01,0.00,0.128,0,0.0
2984,2984.0,159,5368,0.54762,0.60635,0.94934,0.60193,0.26777,0.21430,8.01,0.00,0.128,0,0.0
2985,2985.0,159,5368,0.54764,0.60638,0.94934,0.60193,0.26786,0.21430,8.01,0.00,0.128,0,0.0
2986,2986.0,157,5369,0.54791,0.60668,0.94935,0.60275,0.26794,0.21430,8.01,0.00,0.128,0,0.0
2987,2987.0,157,5369,0.54794,0.60671,0.94935,0.60275,0.26803,0.21430,8.01,0.00,0.128,0,0.0
2988,2988.0,159,5371,0.54855,0.60740,0.94937,0.60473,0.26811,0.21430,8.01,0.00,0.128,0,0.0
2989,2989.0,159,5371,0.54857,0.60743,0.94937,0.60473,0.26820,0.21430,8.01,0.00,0.128,0,0.0
2990,2990.0,159,5371,0.54860,0.60746,0.94937,0.60473,0.26829,0.21430,8.01,0.00,0.128,0,0.0
2991,2991.0,160,5372,0.54887,0.60777,0.94938,0.60555,0.26838,0.21430,8.01,0.00,0.128,0,0.0
2992,2992.0,160,5372,0.54890,0.60780,0.94938,0.60555,0.26846,0.21430,8.01,0.00,0.128,0,0.0
2993,2993.0,160,5372,0.54892,0.60783,0.94938,0.60555,0.26855,0.21430,8.01,0.00,0.128,0,0.0
2994,2994.0,161,5373,0.54919,0.60813,0.94939,0.60637,0.26864,0.21430,8.01,0.00,0.128,0,0.0
2995,2995.0,161,5373,0.54922,0.60816,0.94939,0.60637,0.26873,0.21430,8.01,0.00,0.128,0,0.0
2996,2996.0,161,5373,0.54925,0.60819,0.94939,0.60637,0.26882,0.21430,8.01,0.00,0.128,0,0.0
2997,2997.0,161,5373,0.54927,0.60822,0.94939,0.60637,0.26891,0.21430,8.01,0.00,0.128,0,0.0
2998,2998.0,161,5373,0.54930,0.60825,0.94939,0.60637,0.26900,0.21430,8.01,0.00,0.128,0,0.0
2999,2999.0,161,5373,0.54933,0.60828,0.94939,0.60637,0.26909,0.21430,8.01,0.00,0.128,0,0.0
3000,3000.0,161,5373,0.54935,0.60831,0.94939,0.60637,0.26918,0.21430,8.01,0.00,0.128,0,0.0
3001,3001.0,161,5373,0.54938,0.60834,0.94939,0.60637,0.26927,0.21430,8.01,0.00,0.128,0,0.0
3002,3002.0,161,5373,0.54941,0.60837,0.94939,0.60637,0.26936,0.21430,8.01,0.00,0.128,0,0.0
3003,3003.0,161,5373,0.54943,0.60840,0.94939,0.60637,0.26946,0.21430,8.01,0.00,0.128,0,0.0
3004,3004.0,161,5373,0.54946,0.60843,0.94939,0.60637,0.26955,0.21430,8.01,0.00,0.128,0,0.0
3005,3005.0,161,5373,0.54949,0.60846,0.94939,0.60637,0.26964,0.21430,8.01,0.00,0.128,0,0.0
3006,3006.0,161,5373,0.54951,0.60849,0.94939,0.60637,0.26973,0.21430,8.01,0.00,0.128,0,0.0
3007,3007.0,161,5373,0.54954,0.60852,0.94939,0.60637,0.26982,0.21430,8.01,0.00,0.128,0,0.0
3008,3008.0,161,5373,0.54957,0.60855,0.94939,0.60637,0.26991,0.21430,8.01,0.00,0.128,0,0.0
3009,3009.0,161,5373,0.54959,0.60858,0.94939,0.60637,0.27000,0.21430,8.01,0.00,0.128,0,0.0
3010,3010.0,161,5373,0.54962,0.60861,0.94939,0.60637,0.27009,0.21430,8.01,0.00,0.128,0,0.0
3011,3011.0,161,5374,0.54989,0.60892,0.94939,0.60719,0.27018,0.21430,8.01,0.00,0.128,0,0.0
3012,3012.0,161,5375,0.55016,0.60923,0.94940,0.60801,0.27027,0.21430,8.01,0.00,0.128,0,0.0
3013,3013.0,161,5375,0.55019,0.60926,0.94940,0.60801,0.27036,0.21430,8.01,0.00,0.128,0,0.0
3014,3014.0,161,5375,0.55021,0.60929,0.94940,0.60801,0.27045,0.21430,8.01,0.00,0.128,0,0.0
3015,3015.0,161,5375,0.55024,0.60932,0.94940,0.60801,0.27055,0.21430,8.01,0.00,0.128,0,0.0
3016,3016.0,161,5375,0.55027,0.60935,0.94940,0.60801,0.27064,0.21430,8.01,0.00,0.128,0,0.0
3017,3017.0,160,5375,0.55030,0.60938,0.94940,0.60801,0.27073,0.21430,8.01,0.00,0.128,0,0.0
3018,3018.0,161,5376,0.55057,0.60969,0.94941,0.60884,0.27082,0.21430,8.01,0.00,0.128,0,0.0
3019,3019.0,161,5376,0.55059,0.60972,0.94941,0.60884,0.27091,0.21430,8.01,0.00,0.128,0,0.0
3020,3020.0,161,5376,0.55062,0.60975,0.94941,0.60884,0.27101,0.21430,8.01,0.00,0.128,0,0.0
3021,3021.0,162,5377,0.55065,0.60979,0.94942,0.60884,0.27110,0.21430,8.01,0.00,0.128,0,0.0
3022,3022.0,163,5378,0.55092,0.61009,0.94943,0.60966,0.27120,0.21430,8.01,0.00,0.128,0,0.0
3023,3023.0,163,5378,0.55095,0.61013,0.94943,0.60966,0.27129,0.21430,8.01,0.00,0.128,0,0.0
3024,3024.0,163,5378,0.55098,0.61016,0.94943,0.60966,0.27139,0.21430,8.01,0.00,0.128,0,0.0
3025,3025.0,163,5378,0.55101,0.61019,0.94943,0.60966,0.27148,0.21430,8.01,0.00,0.128,0,0.0
3026,3026.0,163,5378,0.55104,0.61022,0.94943,0.60966,0.27158,0.21430,8.01,0.00,0.128,0,0.0
3027,3027.0,162,5378,0.55106,0.61025,0.94943,0.60966,0.27167,0.21430,8.01,0.00,0.128,0,0.0
3028,3028.0,162,5378,0.55109,0.61029,0.94943,0.60966,0.27177,0.21430,8.01,0.00,0.128,0,0.0
3029,3029.0,162,5378,0.55112,0.61032,0.94943,0.60966,0.27186,0.21430,8.01,0.00,0.128,0,0.0
3030,3030.0,162,5378,0.55115,0.61035,0.94943,0.60966,0.27196,0.21430,8.01,0.00,0.128,0,0.0
3031,3031.0,163,5379,0.55142,0.61066,0.94944,0.61048,0.27205,0.21430,8.01,0.00,0.128,0,0.0
3032,3032.0,163,5379,0.55145,0.61069,0.94944,0.61048,0.27215,0.21430,8.01,0.00,0.128,0,0.0
3033,3033.0,163,5379,0.55148,0.61072,0.94944,0.61048,0.27224,0.21430,8.01,0.00,0.128,0,0.0
3034,3034.0,163,5379,0.55151,0.61075,0.94944,0.61048,0.27234,0.21430,8.01,0.00,0.128,0,0.0
3035,3035.0,164,5380,0.55224,0.61158,0.94945,0.61286,0.27244,0.21430,8.01,0.00,0.128,0,0.0
3036,3036.0,164,5380,0.55227,0.61162,0.94945,0.61286,0.27253,0.21430,8.01,0.00,0.128,0,0.0
3037,3037.0,164,5380,0.55229,0.61165,0.94945,0.61286,0.27263,0.21430,8.01,0.00,0.128,0,0.0
3038,3038.0,165,5381,0.55257,0.61196,0.94946,0.61369,0.27273,0.21430,8.01,0.00,0.128,0,0.0
3039,3039.0,165,5381,0.55260,0.61199,0.94946,0.61369,0.27283,0.21430,8.01,0.00,0.128,0,0.0
3040,3040.0,164,5381,0.55263,0.61202,0.94946,0.61369,0.27292,0.21430,8.01,0.00,0.128,0,0.0
3041,3041.0,163,5381,0.55265,0.61205,0.94946,0.61369,0.27302,0.21430,8.01,0.00,0.128,0,0.0
3042,3042.0,162,5381,0.55268,0.61209,0.94946,0.61369,0.27312,0.21430,8.01,0.00,0.128,0,0.0
3043,3043.0,162,5381,0.55271,0.61212,0.94946,0.61369,0.27321,0.21430,8.01,0.00,0.128,0,0.0
3044,3044.0,162,5381,0.55274,0.61215,0.94946,0.61369,0.27331,0.21430,8.01,0.00,0.128,0,0.0
3045,3045.0,161,5381,0.55277,0.61218,0.94946,0.61369,0.27340,0.21430,8.01,0.00,0.128,0,0.0
3046,3046.0,161,5381,0.55279,0.61221,0.94946,0.61369,0.27350,0.21430,8.01,0.00,0.128,0,0.0
3047,3047.0,161,5381,0.55282,0.61225,0.94946,0.61369,0.27359,0.21430,8.01,0.00,0.128,0,0.0
3048,3048.0,162,5382,0.55309,0.61255,0.94947,0.61451,0.27369,0.21430,8.01,0.00,0.128,0,0.0
3049,3049.0,162,5382,0.55312,0.61259,0.94947,0.61451,0.27378,0.21430,8.01,0.00,0.128,0,0.0
3050,3050.0,162,5382,0.55315,0.61262,0.94947,0.61451,0.27388,0.21430,8.01,0.00,0.128,0,0.0
3051,3051.0,162,5382,0.55318,0.61265,0.94947,0.61451,0.27398,0.21430,8.01,0.00,0.128,0,0.0
3052,3052.0,162,5382,0.55321,0.61268,0.94947,0.61451,0.27407,0.21430,8.01,0.00,0.128,0,0.0
3053,3053.0,162,5382,0.55324,0.61271,0.94947,0.61451,0.27417,0.21430,8.01,0.00,0.128,0,0.0
3054,3054.0,162,5382,0.55326,0.61275,0.94947,0.61451,0.27427,0.21430,8.01,0.00,0.128,0,0.0
3055,3055.0,162,5382,0.55329,0.61278,0.94947,0.61451,0.27436,0.21430,8.01,0.00,0.128,0,0.0
3056,3056.0,162,5382,0.55332,0.61281,0.94947,0.61451,0.27446,0.21430,8.01,0.00,0.128,0,0.0
3057,3057.0,162,5382,0.55335,0.61284,0.94947,0.61451,0.27456,0.21430,8.01,0.00,0.128,0,0.0
3058,3058.0,163,5383,0.55338,0.61288,0.94947,0.61451,0.27465,0.21430,8.01,0.00,0.128,0,0.0
3059,3059.0,162,5383,0.55341,0.61291,0.94947,0.61451,0.27475,0.21430,8.01,0.00,0.128,0,0.0
3060,3060.0,162,5383,0.55344,0.61294,0.94947,0.61451,0.27484,0.21430,8.01,0.00,0.128,0,0.0
3061,3061.0,162,5383,0.55347,0.61297,0.94947,0.61451,0.27494,0.21430,8.01,0.00,0.128,0,0.0
3062,3062.0,162,5383,0.55349,0.61301,0.94947,0.61451,0.27504,0.21430,8.01,0.00,0.128,0,0.0
3063,3063.0,162,5383,0.55352,0.61304,0.94947,0.61451,0.27513,0.21430,8.01,0.00,0.128,0,0.0
3064,3064.0,162,5383,0.55355,0.61307,0.94947,0.61451,0.27523,0.21430,8.01,0.00,0.128,0,0.0
3065,3065.0,161,5383,0.55358,0.61310,0.94947,0.61451,0.27532,0.21430,8.01,0.00,0.128,0,0.0
3066,3066.0,161,5383,0.55361,0.61313,0.94947,0.61451,0.27542,0.21430,8.01,0.00,0.128,0,0.0
3067,3067.0,161,5383,0.55363,0.61317,0.94947,0.61451,0.27552,0.21430,8.01,0.00,0.128,0,0.0
3068,3068.0,161,5383,0.55366,0.61320,0.94947,0.61451,0.27561,0.21430,8.01,0.00,0.128,0,0.0
3069,3069.0,161,5383,0.55369,0.61323,0.94947,0.61451,0.27571,0.21430,8.01,0.00,0.128,0,0.0
3070,3070.0,161,5383,0.55372,0.61326,0.94947,0.61451,0.27580,0.21430,8.01,0.00,0.128,0,0.0
3071,3071.0,160,5383,0.55375,0.61329,0.94947,0.61451,0.27590,0.21430,8.01,0.00,0.128,0,0.0
3072,3072.0,160,5383,0.55378,0.61333,0.94947,0.61451,0.27600,0.21430,8.01,0.00,0.128,0,0.0
3073,3073.0,160,5383,0.55380,0.61336,0.94947,0.61451,0.27609,0.21430,8.01,0.00,0.128,0,0.0
3074,3074.0,160,5383,0.55383,0.61339,0.94947,0.61451,0.27619,0.21430,8.01,0.00,0.128,0,0.0
3075,3075.0,160,5383,0.55386,0.61342,0.94947,0.61451,0.27628,0.21430,8.01,0.00,0.128,0,0.0
3076,3076.0,160,5383,0.55389,0.61345,0.94947,0.61451,0.27638,0.21430,8.01,0.00,0.128,0,0.0
3077,3077.0,160,5383,0.55392,0.61349,0.94947,0.61451,0.27647,0.21430,8.01,0.00,0.128,0,0.0
3078,3078.0,159,5383,0.55395,0.61352,0.94947,0.61451,0.27657,0.21430,8.01,0.00,0.128,0,0.0
3079,3079.0,159,5383,0.55397,0.61355,0.94947,0.61451,0.27667,0.21430,8.01,0.00,0.128,0,0.0
3080,3080.0,159,5383,0.55400,0.61358,0.94947,0.61451,0.27676,0.21430,8.01,0.00,0.128,0,0.0
3081,3081.0,159,5383,0.55403,0.61361,0.94947,0.61451,0.27686,0.21430,8.01,0.00,0.128,0,0.0
3082,3082.0,158,5383,0.55406,0.61364,0.94947,0.61451,0.27695,0.21430,8.01,0.00,0.128,0,0.0
3083,3083.0,158,5383,0.55408,0.61368,0.94947,0.61451,0.27705,0.21430,8.01,0.00,0.128,0,0.0
3084,3084.0,158,5383,0.55411,0.61371,0.94947,0.61451,0.27714,0.21430,8.01,0.00,0.128,0,0.0
3085,3085.0,158,5383,0.55414,0.61374,0.94947,0.61451,0.27724,0.21430,8.01,0.00,0.128,0,0.0
3086,3086.0,158,5383,0.55417,0.61377,0.94947,0.61451,0.27733,0.21430,8.01,0.00,0.128,0,0.0
3087,3087.0,158,5383,0.55420,0.61380,0.94947,0.61451,0.27743,0.21430,8.01,0.00,0.128,0,0.0
3088,3088.0,158,5383,0.55422,0.61383,0.94947,0.61451,0.27752,0.21430,8.01,0.00,0.128,0,0.0
3089,3089.0,158,5383,0.55425,0.61387,0.94947,0.61451,0.27762,0.21430,8.01,0.00,0.128,0,0.0
3090,3090.0,158,5383,0.55428,0.61390,0.94947,0.61451,0.27771,0.21430,8.01,0.00,0.128,0,0.0
3091,3091.0,158,5383,0.55431,0.61393,0.94947,0.61451,0.27781,0.21430,8.01,0.00,0.128,0,0.0
3092,3092.0,158,5383,0.55434,0.61396,0.94947,0.61451,0.27790,0.21430,8.01,0.00,0.128,0,0.0
3093,3093.0,158,5383,0.55436,0.61399,0.94947,0.61451,0.27800,0.21430,8.01,0.00,0.128,0,0.0
3094,3094.0,158,5383,0.55439,0.61402,0.94947,0.61451,0.27809,0.21430,8.01,0.00,0.128,0,0.0
3095,3095.0,158,5383,0.55442,0.61406,0.94947,0.61451,0.27819,0.21430,8.01,0.00,0.128,0,0.0
3096,3096.0,158,5383,0.55445,0.61409,0.94947,0.61451,0.27828,0.21430,8.01,0.00,0.128,0,0.0
3097,3097.0,158,5383,0.55448,0.61412,0.94947,0.61451,0.27838,0.21430,8.01,0.00,0.128,0,0.0
3098,3098.0,158,5383,0.55450,0.61415,0.94947,0.61451,0.27847,0.21430,8.01,0.00,0.128,0,0.0
3099,3099.0,158,5383,0.55453,0.61418,0.94947,0.61451,0.27857,0.21430,8.01,0.00,0.128,0,0.0
3100,3100.0,158,5383,0.55456,0.61421,0.94947,0.61451,0.27866,0.21430,8.01,0.00,0.128,0,0.0
3101,3101.0,158,5383,0.55459,0.61425,0.94947,0.61451,0.27876,0.21430,8.01,0.00,0.128,0,0.0
3102,3102.0,158,5383,0.55462,0.61428,0.94947,0.61451,0.27885,0.21430,8.01,0.00,0.128,0,0.0
3103,3103.0,158,5383,0.55464,0.61431,0.94947,0.61451,0.27895,0.21430,8.01,0.00,0.128,0,0.0
3104,3104.0,158,5383,0.55467,0.61434,0.94947,0.61451,0.27904,0.21430,8.01,0.00,0.128,0,0.0
3105,3105.0,159,5384,0.55494,0.61465,0.94948,0.61533,0.27914,0.21430,8.01,0.00,0.128,0,0.0
3106,3106.0,159,5384,0.55497,0.61468,0.94948,0.61533,0.27923,0.21430,8.01,0.00,0.128,0,0.0
3107,3107.0,159,5384,0.55500,0.61471,0.94948,0.61533,0.27933,0.21430,8.01,0.00,0.128,0,0.0
3108,3108.0,159,5384,0.55503,0.61475,0.94948,0.61533,0.27942,0.21430,8.01,0.00,0.128,0,0.0
3109,3109.0,159,5384,0.55506,0.61478,0.94948,0.61533,0.27952,0.21430,8.01,0.00,0.128,0,0.0
3110,3110.0,159,5384,0.55509,0.61481,0.94948,0.61533,0.27962,0.21430,8.01,0.00,0.128,0,0.0
3111,3111.0,159,5384,0.55511,0.61484,0.94948,0.61533,0.27971,0.21430,8.01,0.00,0.128,0,0.0
3112,3112.0,159,5384,0.55514,0.61487,0.94948,0.61533,0.27981,0.21430,8.01,0.00,0.128,0,0.0
3113,3113.0,159,5384,0.55517,0.61491,0.94948,0.61533,0.27991,0.21430,8.01,0.00,0.128,0,0.0
3114,3114.0,159,5384,0.55520,0.61494,0.94948,0.61533,0.28000,0.21430,8.01,0.00,0.128,0,0.0
3115,3115.0,159,5384,0.55523,0.61497,0.94948,0.61533,0.28010,0.21430,8.01,0.00,0.128,0,0.0
3116,3116.0,159,5384,0.55526,0.61500,0.94948,0.61533,0.28019,0.21430,8.01,0.00,0.128,0,0.0
3117,3117.0,159,5384,0.55528,0.61503,0.94948,0.61533,0.28029,0.21430,8.01,0.00,0.128,0,0.0
3118,3118.0,159,5384,0.55531,0.61507,0.94948,0.61533,0.28039,0.21430,8.01,0.00,0.128,0,0.0
3119,3119.0,159,5384,0.55534,0.61510,0.94948,0.61533,0.28048,0.21430,8.01,0.00,0.128,0,0.0
3120,3120.0,159,5384,0.55537,0.61513,0.94948,0.61533,0.28058,0.21430,8.01,0.00,0.128,0,0.0
3121,3121.0,159,5384,0.55540,0.61516,0.94948,0.61533,0.28067,0.21430,8.01,0.00,0.128,0,0.0
3122,3122.0,159,5384,0.55542,0.61520,0.94948,0.61533,0.28077,0.21430,8.01,0.00,0.128,0,0.0
3123,3123.0,159,5384,0.55545,0.61523,0.94948,0.61533,0.28087,0.21430,8.01,0.00,0.128,0,0.0
3124,3124.0,159,5384,0.55548,0.61526,0.94948,0.61533,0.28096,0.21430,8.01,0.00,0.128,0,0.0
3125,3125.0,158,5384,0.55551,0.61529,0.94948,0.61533,0.28106,0.21430,8.01,0.00,0.128,0,0.0
3126,3126.0,158,5384,0.55554,0.61532,0.94948,0.61533,0.28116,0.21430,8.01,0.00,0.128,0,0.0
3127,3127.0,158,5384,0.55557,0.61536,0.94948,0.61533,0.28125,0.21430,8.01,0.00,0.128,0,0.0
3128,3128.0,158,5384,0.55559,0.61539,0.94948,0.61533,0.28135,0.21430,8.01,0.00,0.128,0,0.0
3129,3129.0,158,5384,0.55562,0.61542,0.94948,0.61533,0.28144,0.21430,8.01,0.00,0.128,0,0.0
3130,3130.0,158,5384,0.55565,0.61545,0.94948,0.61533,0.28154,0.21430,8.01,0.00,0.128,0,0.0
3131,3131.0,158,5384,0.55568,0.61548,0.94948,0.61533,0.28164,0.21430,8.01,0.00,0.128,0,0.0
3132,3132.0,158,5384,0.55571,0.61552,0.94948,0.61533,0.28173,0.21430,8.01,0.00,0.128,0,0.0
3133,3133.0,159,5385,0.55632,0.61621,0.94949,0.61730,0.28183,0.21430,8.01,0.00,0.128,0,0.0
3134,3134.0,159,5385,0.55635,0.61624,0.94949,0.61730,0.28193,0.21430,8.01,0.00,0.128,0,0.0
3135,3135.0,159,5385,0.55638,0.61627,0.94949,0.61730,0.28202,0.21430,8.01,0.00,0.128,0,0.0
3136,3136.0,159,5385,0.55640,0.61631,0.94949,0.61730,0.28212,0.21430,8.01,0.00,0.128,0,0.0
3137,3137.0,159,5385,0.55643,0.61634,0.94949,0.61730,0.28222,0.21430,8.01,0.00,0.128,0,0.0
3138,3138.0,159,5385,0.55646,0.61637,0.94949,0.61730,0.28232,0.21430,8.01,0.00,0.128,0,0.0
3139,3139.0,159,5385,0.55649,0.61640,0.94949,0.61730,0.28241,0.21430,8.01,0.00,0.128,0,0.0
3140,3140.0,159,5385,0.55652,0.61644,0.94949,0.61730,0.28251,0.21430,8.01,0.00,0.128,0,0.0
3141,3141.0,159,5385,0.55655,0.61647,0.94949,0.61730,0.28261,0.21430,8.01,0.00,0.128,0,0.0
3142,3142.0,160,5386,0.55658,0.61650,0.94950,0.61730,0.28271,0.21430,8.01,0.00,0.128,0,0.0
3143,3143.0,159,5386,0.55661,0.61654,0.94950,0.61730,0.28280,0.21430,8.01,0.00,0.128,0,0.0
3144,3144.0,159,5386,0.55664,0.61657,0.94950,0.61730,0.28290,0.21430,8.01,0.00,0.128,0,0.0
3145,3145.0,159,5386,0.55667,0.61660,0.94950,0.61730,0.28300,0.21430,8.01,0.00,0.128,0,0.0
3146,3146.0,159,5386,0.55669,0.61663,0.94950,0.61730,0.28309,0.21430,8.01,0.00,0.128,0,0.0
3147,3147.0,159,5386,0.55672,0.61667,0.94950,0.61730,0.28319,0.21430,8.01,0.00,0.128,0,0.0
3148,3148.0,158,5386,0.55675,0.61670,0.94950,0.61730,0.28329,0.21430,8.01,0.00,0.128,0,0.0
3149,3149.0,158,5386,0.55678,0.61673,0.94950,0.61730,0.28339,0.21430,8.01,0.00,0.128,0,0.0
3150,3150.0,158,5386,0.55681,0.61676,0.94950,0.61730,0.28348,0.21430,8.01,0.00,0.128,0,0.0
3151,3151.0,158,5386,0.55684,0.61680,0.94950,0.61730,0.28358,0.21430,8.01,0.00,0.128,0,0.0
3152,3152.0,158,5386,0.55687,0.61683,0.94950,0.61730,0.28368,0.21430,8.01,0.00,0.128,0,0.0
3153,3153.0,158,5386,0.55689,0.61686,0.94950,0.61730,0.28378,0.21430,8.01,0.00,0.128,0,0.0
3154,3154.0,158,5386,0.55692,0.61689,0.94950,0.61730,0.28387,0.21430,8.01,0.00,0.128,0,0.0
3155,3155.0,158,5386,0.55695,0.61693,0.94950,0.61730,0.28397,0.21430,8.01,0.00,0.128,0,0.0
3156,3156.0,158,5386,0.55698,0.61696,0.94950,0.61730,0.28407,0.21430,8.01,0.00,0.128,0,0.0
3157,3157.0,158,5386,0.55701,0.61699,0.94950,0.61730,0.28417,0.21430,8.01,0.00,0.128,0,0.0
3158,3158.0,158,5386,0.55704,0.61702,0.94950,0.61730,0.28426,0.21430,8.01,0.00,0.128,0,0.0
3159,3159.0,158,5386,0.55707,0.61706,0.94950,0.61730,0.28436,0.21430,8.01,0.00,0.128,0,0.0
3160,3160.0,158,5386,0.55709,0.61709,0.94950,0.61730,0.28446,0.21430,8.01,0.00,0.128,0,0.0
3161,3161.0,158,5386,0.55712,0.61712,0.94950,0.61730,0.28456,0.21430,8.01,0.00,0.128,0,0.0
3162,3162.0,158,5386,0.55715,0.61715,0.94950,0.61730,0.28465,0.21430,8.01,0.00,0.128,0,0.0
3163,3163.0,159,5387,0.55743,0.61746,0.94951,0.61813,0.28475,0.21430,8.01,0.00,0.128,0,0.0
3164,3164.0,159,5387,0.55745,0.61749,0.94951,0.61813,0.28485,0.21430,8.01,0.00,0.128,0,0.0
3165,3165.0,159,5387,0.55748,0.61753,0.94951,0.61813,0.28495,0.21430,8.01,0.00,0.128,0,0.0
3166,3166.0,159,5387,0.55751,0.61756,0.94951,0.61813,0.28505,0.21430,8.01,0.00,0.128,0,0.0
3167,3167.0,159,5387,0.55754,0.61759,0.94951,0.61813,0.28514,0.21430,8.01,0.00,0.128,0,0.0
3168,3168.0,159,5387,0.55757,0.61763,0.94951,0.61813,0.28524,0.21430,8.01,0.00,0.128,0,0.0
3169,3169.0,159,5387,0.55760,0.61766,0.94951,0.61813,0.28534,0.21430,8.01,0.00,0.128,0,0.0
3170,3170.0,159,5387,0.55763,0.61769,0.94951,0.61813,0.28544,0.21430,8.01,0.00,0.128,0,0.0
3171,3171.0,159,5387,0.55766,0.61772,0.94951,0.61813,0.28554,0.21430,8.01,0.00,0.128,0,0.0
3172,3172.0,159,5387,0.55769,0.61776,0.94951,0.61813,0.28564,0.21430,8.01,0.00,0.128,0,0.0
3173,3173.0,159,5387,0.55772,0.61779,0.94951,0.61813,0.28574,0.21430,8.01,0.00,0.128,0,0.0
3174,3174.0,159,5387,0.55774,0.61782,0.94951,0.61813,0.28583,0.21430,8.01,0.00,0.128,0,0.0
3175,3175.0,159,5387,0.55777,0.61786,0.94951,0.61813,0.28593,0.21430,8.01,0.00,0.128,0,0.0
3176,3176.0,159,5387,0.55780,0.61789,0.94951,0.61813,0.28603,0.21430,8.01,0.00,0.128,0,0.0
3177,3177.0,159,5387,0.55783,0.61792,0.94951,0.61813,0.28613,0.21430,8.01,0.00,0.128,0,0.0
3178,3178.0,159,5387,0.55786,0.61795,0.94951,0.61813,0.28623,0.21430,8.01,0.00,0.128,0,0.0
3179,3179.0,159,5387,0.55789,0.61799,0.94951,0.61813,0.28633,0.21430,8.01,0.00,0.128,0,0.0
3180,3180.0,159,5387,0.55792,0.61802,0.94951,0.61813,0.28643,0.21430,8.01,0.00,0.128,0,0.0
3181,3181.0,159,5387,0.55795,0.61805,0.94951,0.61813,0.28652,0.21430,8.01,0.00,0.128,0,0.0
3182,3182.0,159,5387,0.55798,0.61809,0.94951,0.61813,0.28662,0.21430,8.01,0.00,0.128,0,0.0
3183,3183.0,159,5387,0.55800,0.61812,0.94951,0.61813,0.28672,0.21430,8.01,0.00,0.128,0,0.0
3184,3184.0,159,5387,0.55803,0.61815,0.94951,0.61813,0.28682,0.21430,8.01,0.00,0.128,0,0.0
3185,3185.0,159,5387,0.55806,0.61818,0.94951,0.61813,0.28692,0.21430,8.01,0.00,0.128,0,0.0
3186,3186.0,159,5387,0.55809,0.61822,0.94951,0.61813,0.28702,0.21430,8.01,0.00,0.128,0,0.0
3187,3187.0,159,5387,0.55812,0.61825,0.94951,0.61813,0.28712,0.21430,8.01,0.00,0.128,0,0.0
3188,3188.0,159,5387,0.55815,0.61828,0.94951,0.61813,0.28721,0.21430,8.01,0.00,0.128,0,0.0
3189,3189.0,159,5387,0.55818,0.61832,0.94951,0.61813,0.28731,0.21430,8.01,0.00,0.128,0,0.0
3190,3190.0,159,5387,0.55821,0.61835,0.94951,0.61813,0.28741,0.21430,8.01,0.00,0.128,0,0.0
3191,3191.0,159,5387,0.55824,0.61838,0.94951,0.61813,0.28751,0.21430,8.01,0.00,0.128,0,0.0
3192,3192.0,159,5387,0.55827,0.61841,0.94951,0.61813,0.28761,0.21430,8.01,0.00,0.128,0,0.0
3193,3193.0,159,5387,0.55829,0.61845,0.94951,0.61813,0.28771,0.21430,8.01,0.00,0.128,0,0.0
3194,3194.0,159,5387,0.55832,0.61848,0.94951,0.61813,0.28781,0.21430,8.01,0.00,0.128,0,0.0
3195,3195.0,159,5387,0.55835,0.61851,0.94951,0.61813,0.28790,0.21430,8.01,0.00,0.128,0,0.0
3196,3196.0,159,5387,0.55838,0.61855,0.94951,0.61813,0.28800,0.21430,8.01,0.00,0.128,0,0.0
3197,3197.0,159,5387,0.55841,0.61858,0.94951,0.61813,0.28810,0.21430,8.01,0.00,0.128,0,0.0
3198,3198.0,159,5387,0.55844,0.61861,0.94951,0.61813,0.28820,0.21430,8.01,0.00,0.128,0,0.0
3199,3199.0,159,5387,0.55847,0.61864,0.94951,0.61813,0.28830,0.21430,8.01,0.00,0.128,0,0.0
3200,3200.0,159,5387,0.55850,0.61868,0.94951,0.61813,0.28840,0.21430,8.01,0.00,0.128,0,0.0
3201,3201.0,159,5387,0.55853,0.61871,0.94951,0.61813,0.28850,0.21430,8.01,0.00,0.128,0,0.0
3202,3202.0,159,5387,0.55856,0.61874,0.94951,0.61813,0.28859,0.21430,8.01,0.00,0.128,0,0.0
3203,3203.0,158,5387,0.55858,0.61878,0.94951,0.61813,0.28869,0.21430,8.01,0.00,0.128,0,0.0
3204,3204.0,158,5387,0.55861,0.61881,0.94951,0.61813,0.28879,0.21430,8.01,0.00,0.128,0,0.0
3205,3205.0,158,5387,0.55864,0.61884,0.94951,0.61813,0.28889,0.21430,8.01,0.00,0.128,0,0.0
3206,3206.0,158,5387,0.55867,0.61887,0.94951,0.61813,0.28899,0.21430,8.01,0.00,0.128,0,0.0
3207,3207.0,158,5387,0.55870,0.61891,0.94951,0.61813,0.28909,0.21430,8.01,0.00,0.128,0,0.0
3208,3208.0,158,5387,0.55873,0.61894,0.94951,0.61813,0.28918,0.21430,8.01,0.00,0.128,0,0.0
3209,3209.0,158,5387,0.55876,0.61897,0.94951,0.61813,0.28928,0.21430,8.01,0.00,0.128,0,0.0
3210,3210.0,158,5387,0.55879,0.61901,0.94951,0.61813,0.28938,0.21430,8.01,0.00,0.128,0,0.0
3211,3211.0,158,5387,0.55882,0.61904,0.94951,0.61813,0.28948,0.21430,8.01,0.00,0.128,0,0.0
3212,3212.0,158,5387,0.55885,0.61907,0.94951,0.61813,0.28958,0.21430,8.01,0.00,0.128,0,0.0
3213,3213.0,158,5387,0.55887,0.61910,0.94951,0.61813,0.28968,0.21430,8.01,0.00,0.128,0,0.0
3214,3214.0,158,5387,0.55890,0.61914,0.94951,0.61813,0.28978,0.21430,8.01,0.00,0.128,0,0.0
3215,3215.0,158,5387,0.55893,0.61917,0.94951,0.61813,0.28987,0.21430,8.01,0.00,0.128,0,0.0
3216,3216.0,158,5387,0.55896,0.61920,0.94951,0.61813,0.28997,0.21430,8.01,0.00,0.128,0,0.0
3217,3217.0,158,5387,0.55899,0.61924,0.94951,0.61813,0.29007,0.21430,8.01,0.00,0.128,0,0.0
3218,3218.0,158,5387,0.55902,0.61927,0.94951,0.61813,0.29017,0.21430,8.01,0.00,0.128,0,0.0
3219,3219.0,158,5387,0.55905,0.61930,0.94951,0.61813,0.29027,0.21430,8.01,0.00,0.128,0,0.0
3220,3220.0,158,5387,0.55908,0.61933,0.94951,0.61813,0.29037,0.21430,8.01,0.00,0.128,0,0.0
3221,3221.0,158,5387,0.55911,0.61937,0.94951,0.61813,0.29047,0.21430,8.01,0.00,0.128,0,0.0
3222,3222.0,158,5387,0.55914,0.61940,0.94951,0.61813,0.29056,0.21430,8.01,0.00,0.128,0,0.0
3223,3223.0,158,5387,0.55916,0.61943,0.94951,0.61813,0.29066,0.21430,8.01,0.00,0.128,0,0.0
3224,3224.0,158,5387,0.55919,0.61947,0.94951,0.61813,0.29076,0.21430,8.01,0.00,0.128,0,0.0
3225,3225.0,158,5387,0.55922,0.61950,0.94951,0.61813,0.29086,0.21430,8.01,0.00,0.128,0,0.0
3226,3226.0,158,5387,0.55925,0.61953,0.94951,0.61813,0.29096,0.21430,8.01,0.00,0.128,0,0.0
3227,3227.0,158,5387,0.55928,0.61956,0.94951,0.61813,0.29106,0.21430,8.01,0.00,0.128,0,0.0
3228,3228.0,158,5387,0.55931,0.61960,0.94951,0.61813,0.29116,0.21430,8.01,0.00,0.128,0,0.0
3229,3229.0,158,5387,0.55934,0.61963,0.94951,0.61813,0.29125,0.21430,8.01,0.00,0.128,0,0.0
3230,3230.0,158,5387,0.55937,0.61966,0.94951,0.61813,0.29135,0.21430,8.01,0.00,0.128,0,0.0
3231,3231.0,158,5387,0.55940,0.61970,0.94951,0.61813,0.29145,0.21430,8.01,0.00,0.128,0,0.0
3232,3232.0,158,5387,0.55943,0.61973,0.94951,0.61813,0.29155,0.21430,8.01,0.00,0.128,0,0.0
3233,3233.0,158,5387,0.55945,0.61976,0.94951,0.61813,0.29165,0.21430,8.01,0.00,0.128,0,0.0
3234,3234.0,157,5387,0.55948,0.61979,0.94951,0.61813,0.29175,0.21430,8.01,0.00,0.128,0,0.0
3235,3235.0,157,5387,0.55951,0.61983,0.94951,0.61813,0.29185,0.21430,8.01,0.00,0.128,0,0.0
3236,3236.0,157,5387,0.55954,0.61986,0.94951,0.61813,0.29194,0.21430,8.01,0.00,0.128,0,0.0
3237,3237.0,157,5387,0.55957,0.61989,0.94951,0.61813,0.29204,0.21430,8.01,0.00,0.128,0,0.0
3238,3238.0,157,5387,0.55960,0.61993,0.94951,0.61813,0.29214,0.21430,8.01,0.00,0.128,0,0.0
3239,3239.0,157,5387,0.55963,0.61996,0.94951,0.61813,0.29224,0.21430,8.01,0.00,0.128,0,0.0
3240,3240.0,157,5387,0.55966,0.61999,0.94951,0.61813,0.29234,0.21430,8.01,0.00,0.128,0,0.0
3241,3241.0,157,5387,0.55969,0.62002,0.94951,0.61813,0.29244,0.21430,8.01,0.00,0.128,0,0.0
3242,3242.0,157,5387,0.55972,0.62006,0.94951,0.61813,0.29254,0.21430,8.01,0.00,0.128,0,0.0
3243,3243.0,157,5387,0.55974,0.62009,0.94951,0.61813,0.29263,0.21430,8.01,0.00,0.128,0,0.0
3244,3244.0,157,5387,0.55977,0.62012,0.94951,0.61813,0.29273,0.21430,8.01,0.00,0.128,0,0.0
3245,3245.0,157,5387,0.55980,0.62016,0.94951,0.61813,0.29283,0.21430,8.01,0.00,0.128,0,0.0
3246,3246.0,157,5387,0.55983,0.62019,0.94951,0.61813,0.29293,0.21430,8.01,0.00,0.128,0,0.0
3247,3247.0,157,5387,0.55986,0.62022,0.94951,0.61813,0.29303,0.21430,8.01,0.00,0.128,0,0.0
3248,3248.0,157,5387,0.55989,0.62025,0.94951,0.61813,0.29313,0.21430,8.01,0.00,0.128,0,0.0
3249,3249.0,157,5387,0.55992,0.62029,0.94951,0.61813,0.29323,0.21430,8.01,0.00,0.128,0,0.0
3250,3250.0,157,5387,0.55995,0.62032,0.94951,0.61813,0.29332,0.21430,8.01,0.00,0.128,0,0.0
3251,3251.0,157,5387,0.55998,0.62035,0.94951,0.61813,0.29342,0.21430,8.01,0.00,0.128,0,0.0
3252,3252.0,157,5387,0.56000,0.62039,0.94951,0.61813,0.29352,0.21430,8.01,0.00,0.128,0,0.0
3253,3253.0,157,5387,0.56003,0.62042,0.94951,0.61813,0.29362,0.21430,8.01,0.00,0.128,0,0.0
3254,3254.0,157,5387,0.56006,0.62045,0.94951,0.61813,0.29372,0.21430,8.01,0.00,0.128,0,0.0
3255,3255.0,157,5387,0.56009,0.62048,0.94951,0.61813,0.29382,0.21430,8.01,0.00,0.128,0,0.0
3256,3256.0,157,5387,0.56012,0.62052,0.94951,0.61813,0.29392,0.21430,8.01,0.00,0.128,0,0.0
3257,3257.0,157,5387,0.56015,0.62055,0.94951,0.61813,0.29401,0.21430,8.01,0.00,0.128,0,0.0
3258,3258.0,157,5387,0.56018,0.62058,0.94951,0.61813,0.29411,0.21430,8.01,0.00,0.128,0,0.0
3259,3259.0,158,5388,0.56021,0.62062,0.94952,0.61813,0.29421,0.21430,8.01,0.00,0.128,0,0.0
3260,3260.0,158,5388,0.56024,0.62065,0.94952,0.61813,0.29431,0.21430,8.01,0.00,0.128,0,0.0
3261,3261.0,158,5388,0.56027,0.62068,0.94952,0.61813,0.29441,0.21430,8.01,0.00,0.128,0,0.0
3262,3262.0,158,5388,0.56030,0.62072,0.94952,0.61813,0.29451,0.21430,8.01,0.00,0.128,0,0.0
3263,3263.0,158,5388,0.56033,0.62075,0.94952,0.61813,0.29461,0.21430,8.01,0.00,0.128,0,0.0
3264,3264.0,158,5388,0.56036,0.62078,0.94952,0.61813,0.29470,0.21430,8.01,0.00,0.128,0,0.0
3265,3265.0,158,5388,0.56038,0.62082,0.94952,0.61813,0.29480,0.21430,8.01,0.00,0.128,0,0.0
3266,3266.0,158,5388,0.56041,0.62085,0.94952,0.61813,0.29490,0.21430,8.01,0.00,0.128,0,0.0
3267,3267.0,158,5388,0.56044,0.62088,0.94952,0.61813,0.29500,0.21430,8.01,0.00,0.128,0,0.0
3268,3268.0,158,5388,0.56047,0.62091,0.94952,0.61813,0.29510,0.21430,8.01,0.00,0.128,0,0.0
3269,3269.0,158,5388,0.56050,0.62095,0.94952,0.61813,0.29520,0.21430,8.01,0.00,0.128,0,0.0
3270,3270.0,158,5388,0.56053,0.62098,0.94952,0.61813,0.29529,0.21430,8.01,0.00,0.128,0,0.0
3271,3271.0,158,5388,0.56056,0.62101,0.94952,0.61813,0.29539,0.21430,8.01,0.00,0.128,0,0.0
3272,3272.0,158,5388,0.56059,0.62105,0.94952,0.61813,0.29549,0.21430,8.01,0.00,0.128,0,0.0
3273,3273.0,158,5388,0.56062,0.62108,0.94952,0.61813,0.29559,0.21430,8.01,0.00,0.128,0,0.0
3274,3274.0,158,5388,0.56065,0.62111,0.94952,0.61813,0.29569,0.21430,8.01,0.00,0.128,0,0.0
3275,3275.0,158,5388,0.56067,0.62114,0.94952,0.61813,0.29579,0.21430,8.01,0.00,0.128,0,0.0
3276,3276.0,158,5388,0.56070,0.62118,0.94952,0.61813,0.29589,0.21430,8.01,0.00,0.128,0,0.0
3277,3277.0,158,5388,0.56073,0.62121,0.94952,0.61813,0.29598,0.21430,8.01,0.00,0.128,0,0.0
3278,3278.0,158,5388,0.56076,0.62124,0.94952,0.61813,0.29608,0.21430,8.01,0.00,0.128,0,0.0
3279,3279.0,158,5388,0.56079,0.62128,0.94952,0.61813,0.29618,0.21430,8.01,0.00,0.128,0,0.0
3280,3280.0,158,5388,0.56082,0.62131,0.94952,0.61813,0.29628,0.21430,8.01,0.00,0.128,0,0.0
3281,3281.0,158,5388,0.56085,0.62134,0.94952,0.61813,0.29638,0.21430,8.01,0.00,0.128,0,0.0
3282,3282.0,158,5388,0.56088,0.62137,0.94952,0.61813,0.29648,0.21430,8.01,0.00,0.128,0,0.0
3283,3283.0,158,5388,0.56091,0.62141,0.94952,0.61813,0.29658,0.21430,8.01,0.00,0.128,0,0.0
3284,3284.0,158,5388,0.56094,0.62144,0.94952,0.61813,0.29667,0.21430,8.01,0.00,0.128,0,0.0
3285,3285.0,158,5388,0.56096,0.62147,0.94952,0.61813,0.29677,0.21430,8.01,0.00,0.128,0,0.0
3286,3286.0,158,5388,0.56099,0.62151,0.94952,0.61813,0.29687,0.21430,8.01,0.00,0.128,0,0.0
3287,3287.0,158,5388,0.56102,0.62154,0.94952,0.61813,0.29697,0.21430,8.01,0.00,0.128,0,0.0
3288,3288.0,158,5388,0.56105,0.62157,0.94952,0.61813,0.29707,0.21430,8.01,0.00,0.128,0,0.0
3289,3289.0,158,5388,0.56108,0.62160,0.94952,0.61813,0.29717,0.21430,8.01,0.00,0.128,0,0.0
3290,3290.0,158,5388,0.56111,0.62164,0.94952,0.61813,0.29727,0.21430,8.01,0.00,0.128,0,0.0
3291,3291.0,158,5388,0.56114,0.62167,0.94952,0.61813,0.29736,0.21430,8.01,0.00,0.128,0,0.0
3292,3292.0,157,5388,0.56117,0.62170,0.94952,0.61813,0.29746,0.21430,8.01,0.00,0.128,0,0.0
3293,3293.0,157,5388,0.56120,0.62174,0.94952,0.61813,0.29756,0.21430,8.01,0.00,0.128,0,0.0
3294,3294.0,157,5388,0.56122,0.62177,0.94952,0.61813,0.29766,0.21430,8.01,0.00,0.128,0,0.0
3295,3295.0,157,5388,0.56125,0.62180,0.94952,0.61813,0.29776,0.21430,8.01,0.00,0.128,0,0.0
3296,3296.0,157,5388,0.56128,0.62183,0.94952,0.61813,0.29786,0.21430,8.01,0.00,0.128,0,0.0
3297,3297.0,157,5388,0.56131,0.62187,0.94952,0.61813,0.29796,0.21430,8.01,0.00,0.128,0,0.0
3298,3298.0,157,5388,0.56134,0.62190,0.94952,0.61813,0.29805,0.21430,8.01,0.00,0.128,0,0.0
3299,3299.0,157,5388,0.56137,0.62193,0.94952,0.61813,0.29815,0.21430,8.01,0.00,0.128,0,0.0
3300,3300.0,158,5389,0.56140,0.62197,0.94953,0.61813,0.29825,0.21430,8.01,0.00,0.128,0,0.0
3301,3301.0,158,5389,0.56143,0.62200,0.94953,0.61813,0.29835,0.21430,8.01,0.00,0.128,0,0.0
3302,3302.0,158,5389,0.56146,0.62203,0.94953,0.61813,0.29845,0.21430,8.01,0.00,0.128,0,0.0
3303,3303.0,158,5389,0.56149,0.62207,0.94953,0.61813,0.29855,0.21430,8.01,0.00,0.128,0,0.0
3304,3304.0,158,5389,0.56152,0.62210,0.94953,0.61813,0.29865,0.21430,8.01,0.00,0.128,0,0.0
3305,3305.0,158,5389,0.56155,0.62213,0.94953,0.61813,0.29874,0.21430,8.01,0.00,0.128,0,0.0
3306,3306.0,158,5389,0.56158,0.62217,0.94953,0.61813,0.29884,0.21430,8.01,0.00,0.128,0,0.0
3307,3307.0,158,5389,0.56160,0.62220,0.94953,0.61813,0.29894,0.21430,8.01,0.00,0.128,0,0.0
3308,3308.0,158,5389,0.56163,0.62223,0.94953,0.61813,0.29904,0.21430,8.01,0.00,0.128,0,0.0
3309,3309.0,158,5389,0.56166,0.62226,0.94953,0.61813,0.29914,0.21430,8.01,0.00,0.128,0,0.0
3310,3310.0,158,5389,0.56169,0.62230,0.94953,0.61813,0.29924,0.21430,8.01,0.00,0.128,0,0.0
3311,3311.0,157,5389,0.56172,0.62233,0.94953,0.61813,0.29934,0.21430,8.01,0.00,0.128,0,0.0
3312,3312.0,157,5389,0.56175,0.62236,0.94953,0.61813,0.29943,0.21430,8.01,0.00,0.128,0,0.0
3313,3313.0,157,5389,0.56178,0.62240,0.94953,0.61813,0.29953,0.21430,8.01,0.00,0.128,0,0.0
3314,3314.0,157,5389,0.56181,0.62243,0.94953,0.61813,0.29963,0.21430,8.01,0.00,0.128,0,0.0
3315,3315.0,157,5389,0.56184,0.62246,0.94953,0.61813,0.29973,0.21430,8.01,0.00,0.128,0,0.0
3316,3316.0,158,5390,0.56187,0.62250,0.94954,0.61813,0.29983,0.21430,8.01,0.00,0.128,0,0.0
3317,3317.0,158,5390,0.56190,0.62253,0.94954,0.61813,0.29993,0.21430,8.01,0.00,0.128,0,0.0
3318,3318.0,158,5390,0.56193,0.62256,0.94954,0.61813,0.30003,0.21430,8.01,0.00,0.128,0,0.0
3319,3319.0,158,5390,0.56195,0.62260,0.94954,0.61813,0.30012,0.21430,8.01,0.00,0.128,0,0.0
3320,3320.0,158,5390,0.56198,0.62263,0.94954,0.61813,0.30022,0.21430,8.01,0.00,0.128,0,0.0
3321,3321.0,158,5390,0.56201,0.62266,0.94954,0.61813,0.30032,0.21430,8.01,0.00,0.128,0,0.0
3322,3322.0,158,5390,0.56204,0.62269,0.94954,0.61813,0.30042,0.21430,8.01,0.00,0.128,0,0.0
3323,3323.0,158,5390,0.56207,0.62273,0.94954,0.61813,0.30052,0.21430,8.01,0.00,0.128,0,0.0
3324,3324.0,158,5390,0.56210,0.62276,0.94954,0.61813,0.30062,0.21430,8.01,0.00,0.128,0,0.0
3325,3325.0,158,5390,0.56213,0.62279,0.94954,0.61813,0.30072,0.21430,8.01,0.00,0.128,0,0.0
3326,3326.0,158,5390,0.56216,0.62283,0.94954,0.61813,0.30081,0.21430,8.01,0.00,0.128,0,0.0
3327,3327.0,158,5390,0.56219,0.62286,0.94954,0.61813,0.30091,0.21430,8.01,0.00,0.128,0,0.0
3328,3328.0,158,5390,0.56222,0.62289,0.94954,0.61813,0.30101,0.21430,8.01,0.00,0.128,0,0.0
3329,3329.0,158,5390,0.56224,0.62292,0.94954,0.61813,0.30111,0.21430,8.01,0.00,0.128,0,0.0
3330,3330.0,158,5390,0.56227,0.62296,0.94954,0.61813,0.30121,0.21430,8.01,0.00,0.128,0,0.0
3331,3331.0,158,5390,0.56230,0.62299,0.94954,0.61813,0.30131,0.21430,8.01,0.00,0.128,0,0.0
3332,3332.0,158,5390,0.56233,0.62302,0.94954,0.61813,0.30140,0.21430,8.01,0.00,0.128,0,0.0
3333,3333.0,158,5390,0.56236,0.62306,0.94954,0.61813,0.30150,0.21430,8.01,0.00,0.128,0,0.0
3334,3334.0,158,5390,0.56239,0.62309,0.94954,0.61813,0.30160,0.21430,8.01,0.00,0.128,0,0.0
3335,3335.0,158,5390,0.56242,0.62312,0.94954,0.61813,0.30170,0.21430,8.01,0.00,0.128,0,0.0
3336,3336.0,158,5390,0.56245,0.62315,0.94954,0.61813,0.30180,0.21430,8.01,0.00,0.128,0,0.0
3337,3337.0,158,5390,0.56248,0.62319,0.94954,0.61813,0.30190,0.21430,8.01,0.00,0.128,0,0.0
3338,3338.0,158,5390,0.56251,0.62322,0.94954,0.61813,0.30200,0.21430,8.01,0.00,0.128,0,0.0
3339,3339.0,158,5390,0.56253,0.62325,0.94954,0.61813,0.30209,0.21430,8.01,0.00,0.128,0,0.0
3340,3340.0,158,5390,0.56256,0.62329,0.94954,0.61813,0.30219,0.21430,8.01,0.00,0.128,0,0.0
3341,3341.0,158,5390,0.56259,0.62332,0.94954,0.61813,0.30229,0.21430,8.01,0.00,0.128,0,0.0
3342,3342.0,158,5390,0.56262,0.62335,0.94954,0.61813,0.30239,0.21430,8.01,0.00,0.128,0,0.0
3343,3343.0,158,5390,0.56265,0.62338,0.94954,0.61813,0.30249,0.21430,8.01,0.00,0.128,0,0.0
3344,3344.0,158,5390,0.56268,0.62342,0.94954,0.61813,0.30259,0.21430,8.01,0.00,0.128,0,0.0
3345,3345.0,158,5390,0.56271,0.62345,0.94954,0.61813,0.30269,0.21430,8.01,0.00,0.128,0,0.0
3346,3346.0,159,5391,0.56274,0.62349,0.94955,0.61813,0.30278,0.21430,8.01,0.00,0.128,0,0.0
3347,3347.0,159,5391,0.56277,0.62352,0.94955,0.61813,0.30288,0.21430,8.01,0.00,0.128,0,0.0
3348,3348.0,159,5391,0.56280,0.62355,0.94955,0.61813,0.30298,0.21430,8.01,0.00,0.128,0,0.0
3349,3349.0,159,5391,0.56283,0.62358,0.94955,0.61813,0.30308,0.21430,8.01,0.00,0.128,0,0.0
3350,3350.0,154,5391,0.56286,0.62362,0.94955,0.61813,0.30318,0.21430,8.01,0.00,0.128,0,0.0
3351,3351.0,154,5391,0.56288,0.62365,0.94955,0.61813,0.30327,0.21430,8.01,0.00,0.128,0,0.0
3352,3352.0,155,5392,0.56291,0.62368,0.94955,0.61813,0.30337,0.21430,8.01,0.00,0.128,0,0.0
3353,3353.0,155,5392,0.56294,0.62371,0.94955,0.61813,0.30346,0.21430,8.01,0.00,0.128,0,0.0
3354,3354.0,155,5392,0.56297,0.62374,0.94955,0.61813,0.30355,0.21430,8.01,0.00,0.128,0,0.0
3355,3355.0,155,5392,0.56300,0.62378,0.94955,0.61813,0.30365,0.21430,8.01,0.00,0.128,0,0.0
3356,3356.0,155,5392,0.56302,0.62381,0.94955,0.61813,0.30374,0.21430,8.01,0.00,0.128,0,0.0
3357,3357.0,156,5393,0.56305,0.62384,0.94956,0.61813,0.30384,0.21430,8.01,0.00,0.128,0,0.0
3358,3358.0,156,5393,0.56308,0.62387,0.94956,0.61813,0.30393,0.21430,8.01,0.00,0.128,0,0.0
3359,3359.0,156,5393,0.56311,0.62390,0.94956,0.61813,0.30402,0.21430,8.01,0.00,0.128,0,0.0
3360,3360.0,156,5393,0.56314,0.62394,0.94956,0.61813,0.30412,0.21430,8.01,0.00,0.128,0,0.0
3361,3361.0,156,5393,0.56317,0.62397,0.94956,0.61813,0.30421,0.21430,8.01,0.00,0.128,0,0.0
3362,3362.0,156,5393,0.56319,0.62400,0.94956,0.61813,0.30431,0.21430,8.01,0.00,0.128,0,0.0
3363,3363.0,156,5393,0.56322,0.62403,0.94956,0.61813,0.30440,0.21430,8.01,0.00,0.128,0,0.0
3364,3364.0,156,5393,0.56325,0.62406,0.94956,0.61813,0.30449,0.21430,8.01,0.00,0.128,0,0.0
3365,3365.0,156,5394,0.56328,0.62410,0.94957,0.61813,0.30459,0.21430,8.01,0.00,0.128,0,0.0
3366,3366.0,156,5394,0.56331,0.62413,0.94957,0.61813,0.30468,0.21430,8.01,0.00,0.128,0,0.0
3367,3367.0,156,5394,0.56333,0.62416,0.94957,0.61813,0.30478,0.21430,8.01,0.00,0.128,0,0.0
3368,3368.0,156,5394,0.56336,0.62419,0.94957,0.61813,0.30487,0.21430,8.01,0.00,0.128,0,0.0
3369,3369.0,156,5394,0.56339,0.62422,0.94957,0.61813,0.30496,0.21430,8.01,0.00,0.128,0,0.0
3370,3370.0,156,5394,0.56342,0.62425,0.94957,0.61813,0.30506,0.21430,8.01,0.00,0.128,0,0.0
3371,3371.0,156,5394,0.56344,0.62428,0.94957,0.61813,0.30515,0.21430,8.01,0.00,0.128,0,0.0
3372,3372.0,156,5394,0.56347,0.62431,0.94957,0.61813,0.30525,0.21430,8.01,0.00,0.128,0,0.0
3373,3373.0,156,5394,0.56350,0.62435,0.94957,0.61813,0.30534,0.21430,8.01,0.00,0.128,0,0.0
3374,3374.0,156,5394,0.56353,0.62438,0.94957,0.61813,0.30543,0.21430,8.01,0.00,0.128,0,0.0
3375,3375.0,156,5394,0.56355,0.62441,0.94957,0.61813,0.30553,0.21430,8.01,0.00,0.128,0,0.0
3376,3376.0,156,5394,0.56358,0.62444,0.94957,0.61813,0.30562,0.21430,8.01,0.00,0.128,0,0.0
3377,3377.0,156,5394,0.56361,0.62447,0.94957,0.61813,0.30572,0.21430,8.01,0.00,0.128,0,0.0
3378,3378.0,156,5394,0.56364,0.62450,0.94957,0.61813,0.30581,0.21430,8.01,0.00,0.128,0,0.0
3379,3379.0,156,5394,0.56367,0.62453,0.94957,0.61813,0.30590,0.21430,8.01,0.00,0.128,0,0.0
3380,3380.0,156,5394,0.56369,0.62457,0.94957,0.61813,0.30600,0.21430,8.01,0.00,0.128,0,0.0
3381,3381.0,156,5394,0.56372,0.62460,0.94957,0.61813,0.30609,0.21430,8.01,0.00,0.128,0,0.0
3382,3382.0,156,5394,0.56375,0.62463,0.94957,0.61813,0.30619,0.21430,8.01,0.00,0.128,0,0.0
3383,3383.0,156,5394,0.56378,0.62466,0.94957,0.61813,0.30628,0.21430,8.01,0.00,0.128,0,0.0
3384,3384.0,156,5394,0.56380,0.62469,0.94957,0.61813,0.30637,0.21430,8.01,0.00,0.128,0,0.0
3385,3385.0,156,5394,0.56383,0.62472,0.94957,0.61813,0.30647,0.21430,8.01,0.00,0.128,0,0.0
3386,3386.0,155,5394,0.56386,0.62475,0.94957,0.61813,0.30656,0.21430,8.01,0.00,0.128,0,0.0
3387,3387.0,154,5394,0.56389,0.62478,0.94957,0.61813,0.30665,0.21430,8.01,0.00,0.128,0,0.0
3388,3388.0,152,5394,0.56391,0.62482,0.94957,0.61813,0.30675,0.21430,8.01,0.00,0.128,0,0.0
3389,3389.0,152,5394,0.56394,0.62485,0.94957,0.61813,0.30684,0.21430,8.01,0.00,0.128,0,0.0
3390,3390.0,152,5394,0.56397,0.62488,0.94957,0.61813,0.30694,0.21430,8.01,0.00,0.128,0,0.0
3391,3391.0,152,5394,0.56400,0.62491,0.94957,0.61813,0.30703,0.21430,8.01,0.00,0.128,0,0.0
3392,3392.0,152,5394,0.56402,0.62494,0.94957,0.61813,0.30712,0.21430,8.01,0.00,0.128,0,0.0
3393,3393.0,152,5394,0.56405,0.62497,0.94957,0.61813,0.30722,0.21430,8.01,0.00,0.128,0,0.0
3394,3394.0,152,5394,0.56408,0.62500,0.94957,0.61813,0.30731,0.21430,8.01,0.00,0.127,0,0.0
3395,3395.0,152,5394,0.56411,0.62503,0.94957,0.61813,0.30741,0.21430,8.01,0.00,0.127,0,0.0
3396,3396.0,152,5394,0.56413,0.62507,0.94957,0.61813,0.30750,0.21430,8.01,0.00,0.127,0,0.0
3397,3397.0,152,5394,0.56416,0.62510,0.94957,0.61813,0.30759,0.21430,8.01,0.00,0.127,0,0.0
3398,3398.0,152,5394,0.56419,0.62513,0.94957,0.61813,0.30769,0.21430,8.01,0.00,0.127,0,0.0
3399,3399.0,151,5394,0.56422,0.62516,0.94957,0.61813,0.30778,0.21430,8.01,0.00,0.127,0,0.0
3400,3400.0,150,5394,0.56425,0.62519,0.94957,0.61813,0.30788,0.21430,8.01,0.00,0.127,0,0.0
3401,3401.0,149,5394,0.56427,0.62522,0.94957,0.61813,0.30797,0.21430,8.01,0.00,0.127,0,0.0
3402,3402.0,149,5394,0.56430,0.62525,0.94957,0.61813,0.30806,0.21430,8.01,0.00,0.127,0,0.0
3403,3403.0,149,5394,0.56433,0.62529,0.94957,0.61813,0.30816,0.21430,8.01,0.00,0.127,0,0.0
3404,3404.0,149,5394,0.56436,0.62532,0.94957,0.61813,0.30825,0.21430,8.01,0.00,0.127,0,0.0
3405,3405.0,149,5394,0.56438,0.62535,0.94957,0.61813,0.30835,0.21430,8.01,0.00,0.127,0,0.0
3406,3406.0,149,5394,0.56441,0.62538,0.94957,0.61813,0.30844,0.21430,8.01,0.00,0.127,0,0.0
3407,3407.0,149,5394,0.56444,0.62541,0.94957,0.61813,0.30853,0.21430,8.01,0.00,0.127,0,0.0
3408,3408.0,148,5394,0.56447,0.62544,0.94957,0.61813,0.30863,0.21430,8.01,0.00,0.127,0,0.0
3409,3409.0,148,5394,0.56449,0.62547,0.94957,0.61813,0.30872,0.21430,8.01,0.00,0.127,0,0.0
3410,3410.0,148,5394,0.56452,0.62550,0.94957,0.61813,0.30882,0.21430,8.01,0.00,0.127,0,0.0
3411,3411.0,148,5394,0.56455,0.62554,0.94957,0.61813,0.30891,0.21430,8.01,0.00,0.127,0,0.0
3412,3412.0,147,5394,0.56458,0.62557,0.94957,0.61813,0.30900,0.21430,8.01,0.00,0.127,0,0.0
3413,3413.0,147,5394,0.56460,0.62560,0.94957,0.61813,0.30910,0.21430,8.01,0.00,0.127,0,0.0
3414,3414.0,147,5394,0.56463,0.62563,0.94957,0.61813,0.30919,0.21430,8.01,0.00,0.127,0,0.0
3415,3415.0,147,5394,0.56466,0.62566,0.94957,0.61813,0.30929,0.21430,8.01,0.00,0.127,0,0.0
3416,3416.0,147,5394,0.56469,0.62569,0.94957,0.61813,0.30938,0.21430,8.01,0.00,0.127,0,0.0
3417,3417.0,147,5394,0.56472,0.62572,0.94957,0.61813,0.30947,0.21430,8.01,0.00,0.127,0,0.0
3418,3418.0,147,5394,0.56474,0.62576,0.94957,0.61813,0.30957,0.21430,8.01,0.00,0.127,0,0.0
3419,3419.0,147,5394,0.56477,0.62579,0.94957,0.61813,0.30966,0.21430,8.01,0.00,0.127,0,0.0
3420,3420.0,147,5394,0.56480,0.62582,0.94957,0.61813,0.30976,0.21430,8.01,0.00,0.127,0,0.0
3421,3421.0,147,5394,0.56483,0.62585,0.94957,0.61813,0.30985,0.21430,8.01,0.00,0.127,0,0.0
3422,3422.0,147,5394,0.56485,0.62588,0.94957,0.61813,0.30994,0.21430,8.01,0.00,0.127,0,0.0
3423,3423.0,146,5394,0.56488,0.62591,0.94957,0.61813,0.31004,0.21430,8.01,0.00,0.127,0,0.0
3424,3424.0,145,5394,0.56491,0.62594,0.94957,0.61813,0.31013,0.21430,8.01,0.00,0.127,0,0.0
3425,3425.0,144,5394,0.56494,0.62597,0.94957,0.61813,0.31022,0.21430,8.01,0.00,0.127,0,0.0
3426,3426.0,143,5394,0.56496,0.62600,0.94957,0.61813,0.31032,0.21430,8.01,0.00,0.127,0,0.0
3427,3427.0,143,5394,0.56499,0.62604,0.94957,0.61813,0.31041,0.21430,8.01,0.00,0.127,0,0.0
3428,3428.0,143,5394,0.56502,0.62607,0.94957,0.61813,0.31050,0.21430,8.01,0.00,0.127,0,0.0
3429,3429.0,142,5394,0.56504,0.62610,0.94957,0.61813,0.31059,0.21430,8.01,0.00,0.127,0,0.0
3430,3430.0,142,5394,0.56507,0.62613,0.94957,0.61813,0.31068,0.21430,8.01,0.00,0.127,0,0.0
3431,3431.0,141,5394,0.56510,0.62616,0.94957,0.61813,0.31077,0.21430,8.01,0.00,0.127,0,0.0
3432,3432.0,140,5394,0.56512,0.62619,0.94957,0.61813,0.31087,0.21430,8.01,0.00,0.127,0,0.0
3433,3433.0,140,5394,0.56515,0.62622,0.94957,0.61813,0.31096,0.21430,8.01,0.00,0.127,0,0.0
3434,3434.0,139,5394,0.56518,0.62625,0.94957,0.61813,0.31105,0.21430,8.01,0.00,0.127,0,0.0
3435,3435.0,139,5394,0.56521,0.62628,0.94957,0.61813,0.31114,0.21430,8.01,0.00,0.127,0,0.0
3436,3436.0,138,5394,0.56523,0.62631,0.94957,0.61813,0.31123,0.21430,8.01,0.00,0.127,0,0.0
3437,3437.0,137,5394,0.56526,0.62634,0.94957,0.61813,0.31132,0.21430,8.01,0.00,0.127,0,0.0
3438,3438.0,136,5394,0.56529,0.62637,0.94957,0.61813,0.31141,0.21430,8.01,0.00,0.127,0,0.0
3439,3439.0,136,5394,0.56531,0.62640,0.94957,0.61813,0.31151,0.21430,8.01,0.00,0.127,0,0.0
3440,3440.0,136,5394,0.56534,0.62643,0.94957,0.61813,0.31160,0.21430,8.01,0.00,0.127,0,0.0
3441,3441.0,136,5394,0.56537,0.62646,0.94957,0.61813,0.31169,0.21430,8.01,0.00,0.127,0,0.0
3442,3442.0,136,5394,0.56539,0.62649,0.94957,0.61813,0.31178,0.21430,8.01,0.00,0.127,0,0.0
3443,3443.0,136,5394,0.56542,0.62652,0.94957,0.61813,0.31187,0.21430,8.01,0.00,0.127,0,0.0
3444,3444.0,136,5394,0.56545,0.62655,0.94957,0.61813,0.31196,0.21430,8.01,0.00,0.127,0,0.0
3445,3445.0,136,5394,0.56547,0.62658,0.94957,0.61813,0.31205,0.21430,8.01,0.00,0.127,0,0.0
3446,3446.0,135,5394,0.56550,0.62661,0.94957,0.61813,0.31214,0.21430,8.01,0.00,0.127,0,0.0
3447,3447.0,135,5394,0.56553,0.62664,0.94957,0.61813,0.31223,0.21430,8.01,0.00,0.127,0,0.0
3448,3448.0,134,5394,0.56555,0.62667,0.94957,0.61813,0.31232,0.21430,8.01,0.00,0.127,0,0.0
3449,3449.0,134,5394,0.56558,0.62670,0.94957,0.61813,0.31242,0.21430,8.01,0.00,0.127,0,0.0
3450,3450.0,134,5394,0.56561,0.62673,0.94957,0.61813,0.31251,0.21430,8.01,0.00,0.127,0,0.0
3451,3451.0,134,5394,0.56563,0.62677,0.94957,0.61813,0.31260,0.21430,8.01,0.00,0.127,0,0.0
3452,3452.0,133,5394,0.56566,0.62680,0.94957,0.61813,0.31269,0.21430,8.01,0.00,0.127,0,0.0
3453,3453.0,134,5395,0.56569,0.62683,0.94958,0.61813,0.31278,0.21430,8.01,0.00,0.127,0,0.0
3454,3454.0,134,5395,0.56572,0.62686,0.94958,0.61813,0.31287,0.21430,8.01,0.00,0.127,0,0.0
3455,3455.0,134,5395,0.56574,0.62689,0.94958,0.61813,0.31296,0.21430,8.01,0.00,0.127,0,0.0
3456,3456.0,134,5395,0.56577,0.62692,0.94958,0.61813,0.31305,0.21430,8.01,0.00,0.127,0,0.0
3457,3457.0,134,5395,0.56580,0.62695,0.94958,0.61813,0.31314,0.21430,8.01,0.00,0.127,0,0.0
3458,3458.0,134,5395,0.56582,0.62698,0.94958,0.61813,0.31323,0.21430,8.01,0.00,0.127,0,0.0
3459,3459.0,134,5395,0.56585,0.62701,0.94958,0.61813,0.31332,0.21430,8.01,0.00,0.127,0,0.0
3460,3460.0,134,5395,0.56587,0.62704,0.94958,0.61813,0.31341,0.21430,8.01,0.00,0.127,0,0.0
3461,3461.0,135,5396,0.56590,0.62707,0.94959,0.61813,0.31350,0.21430,8.01,0.00,0.127,0,0.0
3462,3462.0,135,5396,0.56593,0.62710,0.94959,0.61813,0.31359,0.21430,8.01,0.00,0.127,0,0.0
3463,3463.0,134,5396,0.56596,0.62713,0.94959,0.61813,0.31368,0.21430,8.01,0.00,0.127,0,0.0
3464,3464.0,134,5396,0.56598,0.62716,0.94959,0.61813,0.31377,0.21430,8.01,0.00,0.127,0,0.0
3465,3465.0,131,5396,0.56601,0.62719,0.94959,0.61813,0.31386,0.21430,8.01,0.00,0.127,0,0.0
3466,3466.0,131,5396,0.56604,0.62722,0.94959,0.61813,0.31394,0.21430,8.01,0.00,0.127,0,0.0
3467,3467.0,131,5396,0.56606,0.62725,0.94959,0.61813,0.31403,0.21430,8.01,0.00,0.127,0,0.0
3468,3468.0,131,5396,0.56609,0.62728,0.94959,0.61813,0.31412,0.21430,8.01,0.00,0.127,0,0.0
3469,3469.0,131,5396,0.56611,0.62731,0.94959,0.61813,0.31421,0.21430,8.01,0.00,0.127,0,0.0
3470,3470.0,131,5396,0.56614,0.62734,0.94959,0.61813,0.31430,0.21430,8.01,0.00,0.127,0,0.0
3471,3471.0,131,5396,0.56617,0.62737,0.94959,0.61813,0.31439,0.21430,8.01,0.00,0.127,0,0.0
3472,3472.0,131,5396,0.56619,0.62740,0.94959,0.61813,0.31448,0.21430,8.01,0.00,0.127,0,0.0
3473,3473.0,131,5396,0.56622,0.62743,0.94959,0.61813,0.31457,0.21430,8.01,0.00,0.127,0,0.0
3474,3474.0,131,5396,0.56624,0.62746,0.94959,0.61813,0.31466,0.21430,8.01,0.00,0.127,0,0.0
3475,3475.0,129,5396,0.56627,0.62749,0.94959,0.61813,0.31475,0.21430,8.01,0.00,0.127,0,0.0
3476,3476.0,129,5396,0.56630,0.62752,0.94959,0.61813,0.31483,0.21430,8.01,0.00,0.127,0,0.0
3477,3477.0,129,5396,0.56632,0.62755,0.94959,0.61813,0.31492,0.21430,8.01,0.00,0.127,0,0.0
3478,3478.0,129,5396,0.56635,0.62758,0.94959,0.61813,0.31501,0.21430,8.01,0.00,0.127,0,0.0
3479,3479.0,129,5396,0.56638,0.62761,0.94959,0.61813,0.31510,0.21430,8.01,0.00,0.127,0,0.0
3480,3480.0,129,5396,0.56640,0.62764,0.94959,0.61813,0.31519,0.21430,8.01,0.00,0.127,0,0.0
3481,3481.0,130,5397,0.56667,0.62794,0.94960,0.61895,0.31528,0.21430,8.01,0.00,0.127,0,0.0
3482,3482.0,129,5397,0.56670,0.62797,0.94960,0.61895,0.31537,0.21430,8.01,0.00,0.127,0,0.0
3483,3483.0,129,5397,0.56672,0.62800,0.94960,0.61895,0.31546,0.21430,8.01,0.00,0.127,0,0.0
3484,3484.0,128,5397,0.56675,0.62803,0.94960,0.61895,0.31555,0.21430,8.01,0.00,0.127,0,0.0
3485,3485.0,128,5397,0.56678,0.62806,0.94960,0.61895,0.31563,0.21430,8.01,0.00,0.127,0,0.0
3486,3486.0,129,5398,0.56681,0.62809,0.94961,0.61895,0.31572,0.21430,8.01,0.00,0.127,0,0.0
3487,3487.0,129,5398,0.56683,0.62812,0.94961,0.61895,0.31581,0.21430,8.01,0.00,0.127,0,0.0
3488,3488.0,128,5398,0.56686,0.62815,0.94961,0.61895,0.31590,0.21430,8.01,0.00,0.127,0,0.0
3489,3489.0,128,5398,0.56688,0.62818,0.94961,0.61895,0.31599,0.21430,8.01,0.00,0.127,0,0.0
3490,3490.0,128,5398,0.56691,0.62821,0.94961,0.61895,0.31608,0.21430,8.01,0.00,0.127,0,0.0
3491,3491.0,128,5398,0.56694,0.62824,0.94961,0.61895,0.31617,0.21430,8.01,0.00,0.127,0,0.0
3492,3492.0,128,5398,0.56696,0.62827,0.94961,0.61895,0.31626,0.21430,8.01,0.00,0.127,0,0.0
3493,3493.0,128,5398,0.56699,0.62830,0.94961,0.61895,0.31635,0.21430,8.01,0.00,0.127,0,0.0
3494,3494.0,127,5398,0.56701,0.62833,0.94961,0.61895,0.31644,0.21430,8.01,0.00,0.127,0,0.0
3495,3495.0,127,5398,0.56704,0.62836,0.94961,0.61895,0.31652,0.21430,8.01,0.00,0.127,0,0.0
3496,3496.0,126,5398,0.56707,0.62839,0.94961,0.61895,0.31661,0.21430,8.01,0.00,0.127,0,0.0
3497,3497.0,124,5398,0.56709,0.62842,0.94961,0.61895,0.31670,0.21430,8.01,0.00,0.127,0,0.0
3498,3498.0,124,5398,0.56712,0.62845,0.94961,0.61895,0.31679,0.21430,8.01,0.00,0.127,0,0.0
3499,3499.0,123,5398,0.56714,0.62848,0.94961,0.61895,0.31687,0.21430,8.01,0.00,0.127,0,0.0
3500,3500.0,123,5398,0.56717,0.62850,0.94961,0.61895,0.31696,0.21430,8.01,0.00,0.127,0,0.0
3501,3501.0,123,5398,0.56719,0.62853,0.94961,0.61895,0.31704,0.21430,8.01,0.00,0.127,0,0.0
3502,3502.0,122,5398,0.56722,0.62856,0.94961,0.61895,0.31713,0.21430,8.01,0.00,0.127,0,0.0
3503,3503.0,122,5398,0.56724,0.62859,0.94961,0.61895,0.31722,0.21430,8.01,0.00,0.127,0,0.0
3504,3504.0,121,5398,0.56727,0.62862,0.94961,0.61895,0.31730,0.21430,8.01,0.00,0.127,0,0.0
3505,3505.0,121,5398,0.56729,0.62865,0.94961,0.61895,0.31739,0.21430,8.01,0.00,0.127,0,0.0
3506,3506.0,121,5398,0.56732,0.62868,0.94961,0.61895,0.31747,0.21430,8.01,0.00,0.127,0,0.0
3507,3507.0,120,5398,0.56734,0.62870,0.94961,0.61895,0.31756,0.21430,8.01,0.00,0.127,0,0.0
3508,3508.0,120,5398,0.56737,0.62873,0.94961,0.61895,0.31764,0.21430,8.01,0.00,0.127,0,0.0
3509,3509.0,119,5398,0.56739,0.62876,0.94961,0.61895,0.31772,0.21430,8.01,0.00,0.127,0,0.0
3510,3510.0,118,5398,0.56742,0.62879,0.94961,0.61895,0.31781,0.21430,8.01,0.00,0.127,0,0.0
3511,3511.0,118,5398,0.56744,0.62882,0.94961,0.61895,0.31789,0.21430,8.01,0.00,0.127,0,0.0
3512,3512.0,117,5398,0.56747,0.62884,0.94961,0.61895,0.31798,0.21430,8.01,0.00,0.127,0,0.0
3513,3513.0,117,5398,0.56749,0.62887,0.94961,0.61895,0.31806,0.21430,8.01,0.00,0.127,0,0.0
3514,3514.0,117,5399,0.56776,0.62918,0.94962,0.61977,0.31814,0.21430,8.01,0.00,0.127,0,0.0
3515,3515.0,117,5399,0.56779,0.62920,0.94962,0.61977,0.31823,0.21430,8.01,0.00,0.127,0,0.0
3516,3516.0,116,5399,0.56781,0.62923,0.94962,0.61977,0.31831,0.21430,8.01,0.00,0.127,0,0.0
3517,3517.0,116,5399,0.56783,0.62926,0.94962,0.61977,0.31839,0.21430,8.01,0.00,0.127,0,0.0
3518,3518.0,116,5399,0.56786,0.62929,0.94962,0.61977,0.31848,0.21430,8.01,0.00,0.127,0,0.0
3519,3519.0,116,5399,0.56788,0.62932,0.94962,0.61977,0.31856,0.21430,8.01,0.00,0.127,0,0.0
3520,3520.0,116,5399,0.56791,0.62934,0.94962,0.61977,0.31864,0.21430,8.01,0.00,0.127,0,0.0
3521,3521.0,115,5399,0.56793,0.62937,0.94962,0.61977,0.31872,0.21430,8.01,0.00,0.127,0,0.0
3522,3522.0,115,5399,0.56796,0.62940,0.94962,0.61977,0.31881,0.21430,8.01,0.00,0.127,0,0.0
3523,3523.0,115,5399,0.56798,0.62943,0.94962,0.61977,0.31889,0.21430,8.01,0.00,0.127,0,0.0
3524,3524.0,114,5399,0.56801,0.62945,0.94962,0.61977,0.31897,0.21430,8.01,0.00,0.127,0,0.0
3525,3525.0,114,5399,0.56803,0.62948,0.94962,0.61977,0.31906,0.21430,8.01,0.00,0.127,0,0.0
3526,3526.0,114,5399,0.56805,0.62951,0.94962,0.61977,0.31914,0.21430,8.01,0.00,0.127,0,0.0
3527,3527.0,114,5399,0.56808,0.62954,0.94962,0.61977,0.31922,0.21430,8.01,0.00,0.127,0,0.0
3528,3528.0,114,5399,0.56810,0.62956,0.94962,0.61977,0.31930,0.21430,8.01,0.00,0.127,0,0.0
3529,3529.0,113,5399,0.56813,0.62959,0.94962,0.61977,0.31938,0.21430,8.01,0.00,0.127,0,0.0
3530,3530.0,113,5399,0.56815,0.62962,0.94962,0.61977,0.31947,0.21430,8.01,0.00,0.127,0,0.0
3531,3531.0,113,5399,0.56818,0.62965,0.94962,0.61977,0.31955,0.21430,8.01,0.00,0.127,0,0.0
3532,3532.0,113,5399,0.56820,0.62967,0.94962,0.61977,0.31963,0.21430,8.01,0.00,0.127,0,0.0
3533,3533.0,113,5399,0.56822,0.62970,0.94962,0.61977,0.31971,0.21430,8.01,0.00,0.127,0,0.0
3534,3534.0,112,5399,0.56825,0.62973,0.94962,0.61977,0.31980,0.21430,8.01,0.00,0.127,0,0.0
3535,3535.0,111,5399,0.56827,0.62975,0.94962,0.61977,0.31988,0.21430,8.01,0.00,0.127,0,0.0
3536,3536.0,111,5399,0.56830,0.62978,0.94962,0.61977,0.31996,0.21430,8.01,0.00,0.127,0,0.0
3537,3537.0,111,5399,0.56832,0.62981,0.94962,0.61977,0.32004,0.21430,8.01,0.00,0.127,0,0.0
3538,3538.0,110,5399,0.56834,0.62984,0.94962,0.61977,0.32012,0.21430,8.01,0.00,0.127,0,0.0
3539,3539.0,110,5399,0.56837,0.62986,0.94962,0.61977,0.32021,0.21430,8.01,0.00,0.127,0,0.0
3540,3540.0,110,5399,0.56839,0.62989,0.94962,0.61977,0.32029,0.21430,8.01,0.00,0.127,0,0.0
3541,3541.0,110,5399,0.56842,0.62992,0.94962,0.61977,0.32037,0.21430,8.01,0.00,0.127,0,0.0
3542,3542.0,110,5399,0.56844,0.62995,0.94962,0.61977,0.32045,0.21430,8.01,0.00,0.127,0,0.0
3543,3543.0,110,5399,0.56846,0.62997,0.94962,0.61977,0.32053,0.21430,8.01,0.00,0.127,0,0.0
3544,3544.0,110,5399,0.56849,0.63000,0.94962,0.61977,0.32062,0.21430,8.01,0.00,0.127,0,0.0
3545,3545.0,110,5399,0.56851,0.63003,0.94962,0.61977,0.32070,0.21430,8.01,0.00,0.127,0,0.0
3546,3546.0,110,5399,0.56854,0.63006,0.94962,0.61977,0.32078,0.21430,8.01,0.00,0.127,0,0.0
3547,3547.0,111,5400,0.56881,0.63036,0.94963,0.62059,0.32086,0.21430,8.01,0.00,0.127,0,0.0
3548,3548.0,109,5400,0.56883,0.63039,0.94963,0.62059,0.32095,0.21430,8.01,0.00,0.127,0,0.0
3549,3549.0,110,5401,0.56910,0.63069,0.94963,0.62141,0.32103,0.21430,8.01,0.00,0.127,0,0.0
3550,3550.0,110,5401,0.56912,0.63072,0.94963,0.62141,0.32111,0.21430,8.01,0.00,0.127,0,0.0
3551,3551.0,110,5401,0.56915,0.63075,0.94963,0.62141,0.32119,0.21430,8.01,0.00,0.127,0,0.0
3552,3552.0,110,5401,0.56917,0.63077,0.94963,0.62141,0.32127,0.21430,8.01,0.00,0.127,0,0.0
3553,3553.0,110,5401,0.56920,0.63080,0.94963,0.62141,0.32136,0.21430,8.01,0.00,0.127,0,0.0
3554,3554.0,110,5401,0.56922,0.63083,0.94963,0.62141,0.32144,0.21430,8.01,0.00,0.127,0,0.0
3555,3555.0,110,5401,0.56924,0.63086,0.94963,0.62141,0.32152,0.21430,8.01,0.00,0.127,0,0.0
3556,3556.0,110,5401,0.56927,0.63088,0.94963,0.62141,0.32160,0.21430,8.01,0.00,0.127,0,0.0
3557,3557.0,110,5401,0.56929,0.63091,0.94963,0.62141,0.32168,0.21430,8.01,0.00,0.127,0,0.0
3558,3558.0,110,5401,0.56932,0.63094,0.94963,0.62141,0.32177,0.21430,8.01,0.00,0.127,0,0.0
3559,3559.0,107,5401,0.56934,0.63097,0.94963,0.62141,0.32185,0.21430,8.01,0.00,0.127,0,0.0
3560,3560.0,108,5402,0.56961,0.63127,0.94964,0.62224,0.32193,0.21430,8.01,0.00,0.127,0,0.0
3561,3561.0,108,5402,0.56963,0.63130,0.94964,0.62224,0.32201,0.21430,8.01,0.00,0.127,0,0.0
3562,3562.0,108,5402,0.56966,0.63132,0.94964,0.62224,0.32209,0.21430,8.01,0.00,0.127,0,0.0
3563,3563.0,107,5402,0.56968,0.63135,0.94964,0.62224,0.32217,0.21430,8.01,0.00,0.127,0,0.0
3564,3564.0,107,5402,0.56970,0.63138,0.94964,0.62224,0.32226,0.21430,8.01,0.00,0.127,0,0.0
3565,3565.0,107,5402,0.56973,0.63141,0.94964,0.62224,0.32234,0.21430,8.01,0.00,0.127,0,0.0
3566,3566.0,107,5402,0.56975,0.63143,0.94964,0.62224,0.32242,0.21430,8.01,0.00,0.127,0,0.0
3567,3567.0,107,5402,0.56978,0.63146,0.94964,0.62224,0.32250,0.21430,8.01,0.00,0.127,0,0.0
3568,3568.0,107,5402,0.56980,0.63149,0.94964,0.62224,0.32258,0.21430,8.01,0.00,0.127,0,0.0
3569,3569.0,107,5402,0.56982,0.63151,0.94964,0.62224,0.32266,0.21430,8.01,0.00,0.127,0,0.0
3570,3570.0,106,5402,0.56985,0.63154,0.94964,0.62224,0.32274,0.21430,8.01,0.00,0.127,0,0.0
3571,3571.0,106,5402,0.56987,0.63157,0.94964,0.62224,0.32282,0.21430,8.01,0.00,0.127,0,0.0
3572,3572.0,106,5402,0.56989,0.63159,0.94964,0.62224,0.32290,0.21430,8.01,0.00,0.127,0,0.0
3573,3573.0,105,5402,0.56992,0.63162,0.94964,0.62224,0.32298,0.21430,8.01,0.00,0.127,0,0.0
3574,3574.0,105,5402,0.56994,0.63165,0.94964,0.62224,0.32306,0.21430,8.01,0.00,0.127,0,0.0
3575,3575.0,105,5402,0.56997,0.63167,0.94964,0.62224,0.32314,0.21430,8.01,0.00,0.127,0,0.0
3576,3576.0,105,5402,0.56999,0.63170,0.94964,0.62224,0.32322,0.21430,8.01,0.00,0.127,0,0.0
3577,3577.0,106,5403,0.57002,0.63173,0.94965,0.62224,0.32331,0.21430,8.01,0.00,0.127,0,0.0
3578,3578.0,106,5403,0.57004,0.63176,0.94965,0.62224,0.32339,0.21430,8.01,0.00,0.127,0,0.0
3579,3579.0,106,5403,0.57006,0.63178,0.94965,0.62224,0.32347,0.21430,8.01,0.00,0.127,0,0.0
3580,3580.0,106,5403,0.57009,0.63181,0.94965,0.62224,0.32355,0.21430,8.01,0.00,0.127,0,0.0
3581,3581.0,106,5403,0.57011,0.63184,0.94965,0.62224,0.32363,0.21430,8.01,0.00,0.127,0,0.0
3582,3582.0,106,5403,0.57013,0.63187,0.94965,0.62224,0.32371,0.21430,8.01,0.00,0.127,0,0.0
3583,3583.0,106,5404,0.57016,0.63189,0.94966,0.62224,0.32379,0.21430,8.01,0.00,0.127,0,0.0
3584,3584.0,106,5404,0.57018,0.63192,0.94966,0.62224,0.32387,0.21430,8.01,0.00,0.127,0,0.0
3585,3585.0,106,5404,0.57021,0.63195,0.94966,0.62224,0.32395,0.21430,8.01,0.00,0.127,0,0.0
3586,3586.0,107,5405,0.57047,0.63225,0.94967,0.62306,0.32403,0.21430,8.01,0.00,0.127,0,0.0
3587,3587.0,107,5405,0.57050,0.63228,0.94967,0.62306,0.32411,0.21430,8.01,0.00,0.127,0,0.0
3588,3588.0,107,5405,0.57052,0.63230,0.94967,0.62306,0.32419,0.21430,8.01,0.00,0.127,0,0.0
3589,3589.0,107,5405,0.57054,0.63233,0.94967,0.62306,0.32426,0.21430,8.01,0.00,0.127,0,0.0
3590,3590.0,107,5405,0.57057,0.63236,0.94967,0.62306,0.32434,0.21430,8.01,0.00,0.127,0,0.0
3591,3591.0,107,5405,0.57059,0.63238,0.94967,0.62306,0.32442,0.21430,8.01,0.00,0.127,0,0.0
3592,3592.0,107,5405,0.57062,0.63241,0.94967,0.62306,0.32450,0.21430,8.01,0.00,0.127,0,0.0
3593,3593.0,107,5405,0.57064,0.63244,0.94967,0.62306,0.32458,0.21430,8.01,0.00,0.127,0,0.0
3594,3594.0,108,5406,0.57091,0.63274,0.94968,0.62388,0.32466,0.21430,8.01,0.00,0.127,0,0.0
3595,3595.0,108,5406,0.57093,0.63277,0.94968,0.62388,0.32474,0.21430,8.01,0.00,0.127,0,0.0
3596,3596.0,108,5406,0.57095,0.63279,0.94968,0.62388,0.32482,0.21430,8.01,0.00,0.127,0,0.0
3597,3597.0,108,5406,0.57098,0.63282,0.94968,0.62388,0.32490,0.21430,8.01,0.00,0.127,0,0.0
3598,3598.0,108,5406,0.57100,0.63285,0.94968,0.62388,0.32498,0.21430,8.01,0.00,0.127,0,0.0
3599,3599.0,108,5406,0.57102,0.63287,0.94968,0.62388,0.32506,0.21430,8.01,0.00,0.127,0,0.0
3600,3600.0,107,5406,0.57105,0.63290,0.94968,0.62388,0.32514,0.21430,8.01,0.00,0.127,0,0.0
3601,3601.0,109,5408,0.57132,0.63321,0.94970,0.62470,0.32522,0.21430,8.01,0.00,0.127,0,0.0
3602,3602.0,110,5409,0.57134,0.63323,0.94971,0.62470,0.32530,0.21430,8.01,0.00,0.127,0,0.0
3603,3603.0,111,5410,0.57161,0.63354,0.94971,0.62552,0.32538,0.21430,8.01,0.00,0.127,0,0.0
3604,3604.0,111,5410,0.57163,0.63356,0.94971,0.62552,0.32545,0.21430,8.01,0.00,0.127,0,0.0
3605,3605.0,111,5410,0.57166,0.63359,0.94971,0.62552,0.32553,0.21430,8.01,0.00,0.127,0,0.0
3606,3606.0,112,5411,0.57192,0.63389,0.94972,0.62635,0.32561,0.21430,8.01,0.00,0.127,0,0.0
3607,3607.0,112,5411,0.57195,0.63392,0.94972,0.62635,0.32569,0.21430,8.01,0.00,0.127,0,0.0
3608,3608.0,113,5412,0.57197,0.63395,0.94973,0.62635,0.32577,0.21430,8.01,0.00,0.127,0,0.0
3609,3609.0,113,5412,0.57200,0.63397,0.94973,0.62635,0.32585,0.21430,8.01,0.00,0.127,0,0.0
3610,3610.0,113,5412,0.57202,0.63400,0.94973,0.62635,0.32593,0.21430,8.01,0.00,0.127,0,0.0
3611,3611.0,114,5413,0.57204,0.63403,0.94974,0.62635,0.32600,0.21430,8.01,0.00,0.127,0,0.0
3612,3612.0,114,5413,0.57207,0.63406,0.94974,0.62635,0.32608,0.21430,8.01,0.00,0.127,0,0.0
3613,3613.0,114,5413,0.57209,0.63408,0.94974,0.62635,0.32616,0.21430,8.01,0.00,0.127,0,0.0
3614,3614.0,114,5413,0.57211,0.63411,0.94974,0.62635,0.32624,0.21430,8.01,0.00,0.127,0,0.0
3615,3615.0,114,5413,0.57214,0.63414,0.94974,0.62635,0.32632,0.21430,8.01,0.00,0.127,0,0.0
3616,3616.0,114,5413,0.57216,0.63416,0.94974,0.62635,0.32640,0.21430,8.01,0.00,0.127,0,0.0
3617,3617.0,114,5413,0.57218,0.63419,0.94974,0.62635,0.32648,0.21430,8.01,0.00,0.127,0,0.0
3618,3618.0,115,5414,0.57221,0.63422,0.94975,0.62635,0.32655,0.21430,8.01,0.00,0.127,0,0.0
3619,3619.0,116,5415,0.57223,0.63425,0.94976,0.62635,0.32663,0.21430,8.01,0.00,0.127,0,0.0
3620,3620.0,116,5415,0.57226,0.63427,0.94976,0.62635,0.32671,0.21430,8.01,0.00,0.127,0,0.0
3621,3621.0,116,5415,0.57228,0.63430,0.94976,0.62635,0.32679,0.21430,8.01,0.00,0.127,0,0.0
3622,3622.0,117,5416,0.57231,0.63433,0.94977,0.62635,0.32687,0.21430,8.01,0.00,0.127,0,0.0
3623,3623.0,116,5417,0.57233,0.63436,0.94978,0.62635,0.32695,0.21430,8.01,0.00,0.127,0,0.0
3624,3624.0,116,5417,0.57235,0.63438,0.94978,0.62635,0.32702,0.21430,8.01,0.00,0.127,0,0.0
3625,3625.0,116,5417,0.57238,0.63441,0.94978,0.62635,0.32710,0.21430,8.01,0.00,0.127,0,0.0
3626,3626.0,117,5418,0.57240,0.63444,0.94978,0.62635,0.32718,0.21430,8.01,0.00,0.127,0,0.0
3627,3627.0,117,5418,0.57243,0.63446,0.94978,0.62635,0.32726,0.21430,8.01,0.00,0.127,0,0.0
3628,3628.0,117,5418,0.57245,0.63449,0.94978,0.62635,0.32734,0.21430,8.01,0.00,0.127,0,0.0
3629,3629.0,117,5418,0.57247,0.63451,0.94978,0.62635,0.32741,0.21430,8.01,0.00,0.127,0,0.0
3630,3630.0,117,5418,0.57249,0.63454,0.94978,0.62635,0.32749,0.21430,8.01,0.00,0.127,0,0.0
3631,3631.0,117,5418,0.57252,0.63457,0.94978,0.62635,0.32757,0.21430,8.01,0.00,0.127,0,0.0
3632,3632.0,117,5418,0.57254,0.63459,0.94978,0.62635,0.32765,0.21430,8.01,0.00,0.127,0,0.0
3633,3633.0,117,5418,0.57256,0.63462,0.94978,0.62635,0.32772,0.21430,8.01,0.00,0.127,0,0.0
3634,3634.0,117,5418,0.57259,0.63464,0.94978,0.62635,0.32780,0.21430,8.01,0.00,0.127,0,0.0
3635,3635.0,117,5418,0.57261,0.63467,0.94978,0.62635,0.32788,0.21430,8.01,0.00,0.127,0,0.0
3636,3636.0,117,5418,0.57263,0.63470,0.94978,0.62635,0.32796,0.21430,8.01,0.00,0.127,0,0.0
3637,3637.0,119,5420,0.57290,0.63500,0.94980,0.62717,0.32804,0.21430,8.01,0.00,0.127,0,0.0
3638,3638.0,116,5420,0.57292,0.63503,0.94980,0.62717,0.32811,0.21430,8.01,0.00,0.127,0,0.0
3639,3639.0,116,5420,0.57295,0.63505,0.94980,0.62717,0.32819,0.21430,8.01,0.00,0.127,0,0.0
3640,3640.0,116,5420,0.57297,0.63508,0.94980,0.62717,0.32826,0.21430,8.01,0.00,0.127,0,0.0
3641,3641.0,116,5420,0.57299,0.63510,0.94980,0.62717,0.32834,0.21430,8.01,0.00,0.127,0,0.0
3642,3642.0,116,5420,0.57301,0.63513,0.94980,0.62717,0.32841,0.21430,8.01,0.00,0.127,0,0.0
3643,3643.0,116,5420,0.57303,0.63515,0.94980,0.62717,0.32849,0.21430,8.01,0.00,0.127,0,0.0
3644,3644.0,116,5420,0.57306,0.63518,0.94980,0.62717,0.32856,0.21430,8.01,0.00,0.127,0,0.0
3645,3645.0,116,5420,0.57308,0.63520,0.94980,0.62717,0.32864,0.21430,8.01,0.00,0.127,0,0.0
3646,3646.0,116,5420,0.57310,0.63523,0.94980,0.62717,0.32871,0.21430,8.01,0.00,0.127,0,0.0
3647,3647.0,116,5420,0.57312,0.63525,0.94980,0.62717,0.32878,0.21430,8.01,0.00,0.127,0,0.0
3648,3648.0,115,5420,0.57314,0.63528,0.94980,0.62717,0.32886,0.21430,8.01,0.00,0.127,0,0.0
3649,3649.0,115,5420,0.57317,0.63530,0.94980,0.62717,0.32893,0.21430,8.01,0.00,0.127,0,0.0
3650,3650.0,115,5420,0.57319,0.63533,0.94980,0.62717,0.32901,0.21430,8.01,0.00,0.127,0,0.0
3651,3651.0,116,5421,0.57321,0.63535,0.94981,0.62717,0.32908,0.21430,8.01,0.00,0.127,0,0.0
3652,3652.0,115,5421,0.57323,0.63538,0.94981,0.62717,0.32915,0.21430,8.01,0.00,0.127,0,0.0
3653,3653.0,115,5421,0.57326,0.63540,0.94981,0.62717,0.32923,0.21430,8.01,0.00,0.127,0,0.0
3654,3654.0,115,5421,0.57328,0.63543,0.94981,0.62717,0.32930,0.21430,8.01,0.00,0.127,0,0.0
3655,3655.0,115,5421,0.57330,0.63545,0.94981,0.62717,0.32938,0.21430,8.01,0.00,0.127,0,0.0
3656,3656.0,115,5421,0.57332,0.63548,0.94981,0.62717,0.32945,0.21430,8.01,0.00,0.127,0,0.0
3657,3657.0,115,5421,0.57334,0.63550,0.94981,0.62717,0.32952,0.21430,8.01,0.00,0.127,0,0.0
3658,3658.0,115,5421,0.57336,0.63553,0.94981,0.62717,0.32960,0.21430,8.01,0.00,0.127,0,0.0
3659,3659.0,114,5421,0.57339,0.63555,0.94981,0.62717,0.32967,0.21430,8.01,0.00,0.127,0,0.0
3660,3660.0,114,5421,0.57341,0.63557,0.94981,0.62717,0.32974,0.21430,8.01,0.00,0.127,0,0.0
3661,3661.0,113,5421,0.57343,0.63560,0.94981,0.62717,0.32982,0.21430,8.01,0.00,0.127,0,0.0
3662,3662.0,114,5422,0.57369,0.63590,0.94982,0.62799,0.32989,0.21430,8.01,0.00,0.127,0,0.0
3663,3663.0,115,5423,0.57396,0.63620,0.94983,0.62881,0.32996,0.21430,8.01,0.00,0.127,0,0.0
3664,3664.0,116,5424,0.57422,0.63650,0.94984,0.62963,0.33003,0.21430,8.01,0.00,0.127,0,0.0
3665,3665.0,115,5424,0.57425,0.63652,0.94984,0.62963,0.33010,0.21430,8.01,0.00,0.127,0,0.0
3666,3666.0,113,5424,0.57427,0.63655,0.94984,0.62963,0.33017,0.21430,8.01,0.00,0.127,0,0.0
3667,3667.0,114,5425,0.57453,0.63685,0.94985,0.63046,0.33024,0.21430,8.01,0.00,0.127,0,0.0
3668,3668.0,114,5425,0.57455,0.63687,0.94985,0.63046,0.33031,0.21430,8.01,0.00,0.127,0,0.0
3669,3669.0,114,5425,0.57457,0.63690,0.94985,0.63046,0.33039,0.21430,8.01,0.00,0.127,0,0.0
3670,3670.0,114,5426,0.57460,0.63692,0.94986,0.63046,0.33046,0.21430,8.01,0.00,0.127,0,0.0
3671,3671.0,114,5426,0.57462,0.63695,0.94986,0.63046,0.33052,0.21430,8.01,0.00,0.127,0,0.0
3672,3672.0,114,5426,0.57464,0.63697,0.94986,0.63046,0.33059,0.21430,8.01,0.00,0.127,0,0.0
3673,3673.0,113,5426,0.57466,0.63699,0.94986,0.63046,0.33066,0.21430,8.01,0.00,0.127,0,0.0
3674,3674.0,113,5426,0.57468,0.63701,0.94986,0.63046,0.33073,0.21430,8.01,0.00,0.127,0,0.0
3675,3675.0,113,5426,0.57470,0.63704,0.94986,0.63046,0.33080,0.21430,8.01,0.00,0.127,0,0.0
3676,3676.0,113,5426,0.57472,0.63706,0.94986,0.63046,0.33087,0.21430,8.01,0.00,0.127,0,0.0
3677,3677.0,113,5426,0.57474,0.63708,0.94986,0.63046,0.33094,0.21430,8.01,0.00,0.127,0,0.0
3678,3678.0,114,5427,0.57476,0.63711,0.94986,0.63046,0.33101,0.21430,8.01,0.00,0.127,0,0.0
3679,3679.0,115,5428,0.57503,0.63741,0.94987,0.63128,0.33108,0.21430,8.01,0.00,0.127,0,0.0
3680,3680.0,115,5428,0.57505,0.63743,0.94987,0.63128,0.33115,0.21430,8.01,0.00,0.127,0,0.0
3681,3681.0,114,5428,0.57507,0.63746,0.94987,0.63128,0.33122,0.21430,8.01,0.00,0.127,0,0.0
3682,3682.0,114,5428,0.57509,0.63748,0.94987,0.63128,0.33129,0.21430,8.01,0.00,0.127,0,0.0
3683,3683.0,114,5428,0.57511,0.63750,0.94987,0.63128,0.33136,0.21430,8.01,0.00,0.127,0,0.0
3684,3684.0,114,5428,0.57513,0.63753,0.94987,0.63128,0.33143,0.21430,8.01,0.00,0.127,0,0.0
3685,3685.0,113,5428,0.57515,0.63755,0.94987,0.63128,0.33150,0.21430,8.01,0.00,0.127,0,0.0
3686,3686.0,113,5428,0.57517,0.63757,0.94987,0.63128,0.33156,0.21430,8.01,0.00,0.127,0,0.0
3687,3687.0,113,5428,0.57519,0.63759,0.94987,0.63128,0.33163,0.21430,8.01,0.00,0.127,0,0.0
3688,3688.0,112,5428,0.57521,0.63762,0.94987,0.63128,0.33170,0.21430,8.01,0.00,0.127,0,0.0
3689,3689.0,112,5428,0.57523,0.63764,0.94987,0.63128,0.33177,0.21430,8.01,0.00,0.127,0,0.0
3690,3690.0,112,5428,0.57525,0.63766,0.94987,0.63128,0.33184,0.21430,8.01,0.00,0.127,0,0.0
3691,3691.0,110,5428,0.57527,0.63769,0.94987,0.63128,0.33191,0.21430,8.01,0.00,0.127,0,0.0
3692,3692.0,110,5428,0.57529,0.63771,0.94987,0.63128,0.33198,0.21430,8.01,0.00,0.127,0,0.0
3693,3693.0,110,5428,0.57531,0.63773,0.94987,0.63128,0.33204,0.21430,8.01,0.00,0.127,0,0.0
3694,3694.0,110,5428,0.57533,0.63775,0.94987,0.63128,0.33211,0.21430,8.01,0.00,0.127,0,0.0
3695,3695.0,109,5428,0.57535,0.63778,0.94987,0.63128,0.33218,0.21430,8.01,0.00,0.127,0,0.0
3696,3696.0,109,5428,0.57537,0.63780,0.94987,0.63128,0.33225,0.21430,8.01,0.00,0.127,0,0.0
3697,3697.0,109,5428,0.57539,0.63782,0.94987,0.63128,0.33232,0.21430,8.01,0.00,0.127,0,0.0
3698,3698.0,109,5428,0.57541,0.63785,0.94987,0.63128,0.33239,0.21430,8.01,0.00,0.127,0,0.0
3699,3699.0,108,5428,0.57543,0.63787,0.94987,0.63128,0.33245,0.21430,8.01,0.00,0.127,0,0.0
3700,3700.0,107,5428,0.57545,0.63789,0.94987,0.63128,0.33252,0.21430,8.01,0.00,0.127,0,0.0
3701,3701.0,107,5428,0.57547,0.63791,0.94987,0.63128,0.33259,0.21430,8.01,0.00,0.127,0,0.0
3702,3702.0,106,5428,0.57549,0.63794,0.94987,0.63128,0.33266,0.21430,8.01,0.00,0.127,0,0.0
3703,3703.0,106,5428,0.57551,0.63796,0.94987,0.63128,0.33273,0.21430,8.01,0.00,0.127,0,0.0
3704,3704.0,105,5428,0.57553,0.63798,0.94987,0.63128,0.33280,0.21430,8.01,0.00,0.127,0,0.0
3705,3705.0,105,5428,0.57555,0.63801,0.94987,0.63128,0.33287,0.21430,8.01,0.00,0.127,0,0.0
3706,3706.0,104,5428,0.57557,0.63803,0.94987,0.63128,0.33293,0.21430,8.01,0.00,0.127,0,0.0
3707,3707.0,104,5428,0.57559,0.63805,0.94987,0.63128,0.33300,0.21430,8.01,0.00,0.127,0,0.0
3708,3708.0,104,5428,0.57561,0.63807,0.94987,0.63128,0.33307,0.21430,8.01,0.00,0.127,0,0.0
3709,3709.0,105,5429,0.57588,0.63837,0.94988,0.63210,0.33314,0.21430,8.01,0.00,0.127,0,0.0
3710,3710.0,104,5429,0.57590,0.63840,0.94988,0.63210,0.33321,0.21430,8.01,0.00,0.127,0,0.0
3711,3711.0,104,5429,0.57592,0.63842,0.94988,0.63210,0.33328,0.21430,8.01,0.00,0.127,0,0.0
3712,3712.0,104,5429,0.57594,0.63844,0.94988,0.63210,0.33334,0.21430,8.01,0.00,0.127,0,0.0
3713,3713.0,104,5429,0.57596,0.63846,0.94988,0.63210,0.33341,0.21430,8.01,0.00,0.127,0,0.0
3714,3714.0,105,5430,0.57622,0.63876,0.94989,0.63292,0.33348,0.21430,8.01,0.00,0.127,0,0.0
3715,3715.0,103,5430,0.57624,0.63879,0.94989,0.63292,0.33355,0.21430,8.01,0.00,0.127,0,0.0
3716,3716.0,101,5430,0.57626,0.63881,0.94989,0.63292,0.33361,0.21430,8.01,0.00,0.127,0,0.0
3717,3717.0,101,5430,0.57628,0.63883,0.94989,0.63292,0.33368,0.21430,8.01,0.00,0.127,0,0.0
3718,3718.0,100,5430,0.57630,0.63885,0.94989,0.63292,0.33374,0.21430,8.01,0.00,0.127,0,0.0
3719,3719.0,100,5430,0.57632,0.63887,0.94989,0.63292,0.33380,0.21430,8.01,0.00,0.127,0,0.0
3720,3720.0,100,5430,0.57633,0.63889,0.94989,0.63292,0.33387,0.21430,8.01,0.00,0.127,0,0.0
3721,3721.0,99,5431,0.57660,0.63919,0.94990,0.63374,0.33393,0.21430,8.01,0.00,0.127,0,0.0
3722,3722.0,98,5431,0.57662,0.63921,0.94990,0.63374,0.33399,0.21430,8.01,0.00,0.127,0,0.0
3723,3723.0,98,5431,0.57663,0.63923,0.94990,0.63374,0.33405,0.21430,8.01,0.00,0.127,0,0.0
3724,3724.0,98,5431,0.57665,0.63925,0.94990,0.63374,0.33411,0.21430,8.01,0.00,0.127,0,0.0
3725,3725.0,96,5431,0.57667,0.63927,0.94990,0.63374,0.33417,0.21430,8.01,0.00,0.127,0,0.0
3726,3726.0,96,5431,0.57669,0.63929,0.94990,0.63374,0.33423,0.21430,8.01,0.00,0.127,0,0.0
3727,3727.0,94,5431,0.57670,0.63931,0.94990,0.63374,0.33429,0.21430,8.01,0.00,0.127,0,0.0
3728,3728.0,94,5431,0.57672,0.63933,0.94990,0.63374,0.33435,0.21430,8.01,0.00,0.127,0,0.0
3729,3729.0,94,5431,0.57674,0.63935,0.94990,0.63374,0.33440,0.21430,8.01,0.00,0.127,0,0.0
3730,3730.0,94,5431,0.57675,0.63937,0.94990,0.63374,0.33446,0.21430,8.01,0.00,0.127,0,0.0
3731,3731.0,94,5431,0.57677,0.63939,0.94990,0.63374,0.33452,0.21430,8.01,0.00,0.127,0,0.0
3732,3732.0,94,5431,0.57679,0.63941,0.94990,0.63374,0.33457,0.21430,8.01,0.00,0.127,0,0.0
3733,3733.0,94,5431,0.57680,0.63943,0.94990,0.63374,0.33463,0.21430,8.01,0.00,0.127,0,0.0
3734,3734.0,93,5431,0.57682,0.63944,0.94990,0.63374,0.33469,0.21430,8.01,0.00,0.127,0,0.0
3735,3735.0,93,5431,0.57684,0.63946,0.94990,0.63374,0.33475,0.21430,8.01,0.00,0.127,0,0.0
3736,3736.0,93,5431,0.57685,0.63948,0.94990,0.63374,0.33480,0.21430,8.01,0.00,0.127,0,0.0
3737,3737.0,93,5431,0.57687,0.63950,0.94990,0.63374,0.33486,0.21430,8.01,0.00,0.127,0,0.0
3738,3738.0,93,5431,0.57689,0.63952,0.94990,0.63374,0.33492,0.21430,8.01,0.00,0.127,0,0.0
3739,3739.0,93,5431,0.57691,0.63954,0.94990,0.63374,0.33497,0.21430,8.01,0.00,0.127,0,0.0
3740,3740.0,92,5431,0.57692,0.63956,0.94990,0.63374,0.33503,0.21430,8.01,0.00,0.127,0,0.0
3741,3741.0,92,5431,0.57694,0.63958,0.94990,0.63374,0.33509,0.21430,8.01,0.00,0.127,0,0.0
3742,3742.0,92,5431,0.57696,0.63960,0.94990,0.63374,0.33515,0.21430,8.01,0.00,0.127,0,0.0
3743,3743.0,92,5431,0.57697,0.63962,0.94990,0.63374,0.33520,0.21430,8.01,0.00,0.127,0,0.0
3744,3744.0,91,5431,0.57699,0.63963,0.94990,0.63374,0.33526,0.21430,8.01,0.00,0.127,0,0.0
3745,3745.0,90,5431,0.57701,0.63965,0.94990,0.63374,0.33532,0.21430,8.01,0.00,0.127,0,0.0
3746,3746.0,90,5431,0.57702,0.63967,0.94990,0.63374,0.33537,0.21430,8.01,0.00,0.127,0,0.0
3747,3747.0,90,5431,0.57704,0.63969,0.94990,0.63374,0.33543,0.21430,8.01,0.00,0.127,0,0.0
3748,3748.0,89,5431,0.57706,0.63971,0.94990,0.63374,0.33548,0.21430,8.01,0.00,0.127,0,0.0
3749,3749.0,89,5431,0.57707,0.63973,0.94990,0.63374,0.33554,0.21430,8.01,0.00,0.127,0,0.0
3750,3750.0,89,5431,0.57709,0.63975,0.94990,0.63374,0.33559,0.21430,8.01,0.00,0.127,0,0.0
3751,3751.0,89,5431,0.57710,0.63976,0.94990,0.63374,0.33565,0.21430,8.01,0.00,0.127,0,0.0
3752,3752.0,88,5431,0.57712,0.63978,0.94990,0.63374,0.33571,0.21430,8.01,0.00,0.127,0,0.0
3753,3753.0,88,5431,0.57714,0.63980,0.94990,0.63374,0.33576,0.21430,8.01,0.00,0.127,0,0.0
3754,3754.0,88,5431,0.57715,0.63982,0.94990,0.63374,0.33581,0.21430,8.01,0.00,0.127,0,0.0
3755,3755.0,86,5431,0.57717,0.63984,0.94990,0.63374,0.33587,0.21430,8.01,0.00,0.127,0,0.0
3756,3756.0,86,5431,0.57718,0.63985,0.94990,0.63374,0.33592,0.21430,8.01,0.00,0.127,0,0.0
3757,3757.0,86,5431,0.57720,0.63987,0.94990,0.63374,0.33597,0.21430,8.01,0.00,0.127,0,0.0
3758,3758.0,84,5431,0.57722,0.63989,0.94990,0.63374,0.33603,0.21430,8.01,0.00,0.127,0,0.0
3759,3759.0,84,5431,0.57723,0.63991,0.94990,0.63374,0.33608,0.21430,8.01,0.00,0.127,0,0.0
3760,3760.0,84,5431,0.57725,0.63993,0.94990,0.63374,0.33613,0.21430,8.01,0.00,0.127,0,0.0
3761,3761.0,84,5431,0.57726,0.63994,0.94990,0.63374,0.33619,0.21430,8.01,0.00,0.127,0,0.0
3762,3762.0,82,5431,0.57728,0.63996,0.94990,0.63374,0.33624,0.21430,8.01,0.00,0.127,0,0.0
3763,3763.0,82,5431,0.57729,0.63998,0.94990,0.63374,0.33629,0.21430,8.01,0.00,0.127,0,0.0
3764,3764.0,82,5431,0.57731,0.63999,0.94990,0.63374,0.33634,0.21430,8.01,0.00,0.127,0,0.0
3765,3765.0,83,5432,0.57757,0.64029,0.94991,0.63457,0.33639,0.21430,8.01,0.00,0.127,0,0.0
3766,3766.0,82,5432,0.57758,0.64031,0.94991,0.63457,0.33644,0.21430,8.01,0.00,0.127,0,0.0
3767,3767.0,82,5432,0.57760,0.64032,0.94991,0.63457,0.33649,0.21430,8.01,0.00,0.127,0,0.0
3768,3768.0,82,5432,0.57761,0.64034,0.94991,0.63457,0.33654,0.21430,8.01,0.00,0.127,0,0.0
3769,3769.0,81,5432,0.57762,0.64035,0.94991,0.63457,0.33659,0.21430,8.01,0.00,0.127,0,0.0
3770,3770.0,81,5432,0.57764,0.64037,0.94991,0.63457,0.33664,0.21430,8.01,0.00,0.127,0,0.0
3771,3771.0,81,5432,0.57765,0.64039,0.94991,0.63457,0.33669,0.21430,8.01,0.00,0.127,0,0.0
3772,3772.0,81,5432,0.57767,0.64040,0.94991,0.63457,0.33674,0.21430,8.01,0.00,0.127,0,0.0
3773,3773.0,81,5432,0.57768,0.64042,0.94991,0.63457,0.33679,0.21430,8.01,0.00,0.127,0,0.0
3774,3774.0,81,5432,0.57770,0.64044,0.94991,0.63457,0.33683,0.21430,8.01,0.00,0.127,0,0.0
3775,3775.0,81,5432,0.57771,0.64045,0.94991,0.63457,0.33688,0.21430,8.01,0.00,0.127,0,0.0
3776,3776.0,80,5432,0.57773,0.64047,0.94991,0.63457,0.33693,0.21430,8.01,0.00,0.127,0,0.0
3777,3777.0,80,5432,0.57774,0.64048,0.94991,0.63457,0.33698,0.21430,8.01,0.00,0.127,0,0.0
3778,3778.0,78,5432,0.57775,0.64050,0.94991,0.63457,0.33703,0.21430,8.01,0.00,0.127,0,0.0
3779,3779.0,78,5432,0.57777,0.64052,0.94991,0.63457,0.33707,0.21430,8.01,0.00,0.127,0,0.0
3780,3780.0,79,5433,0.57803,0.64081,0.94992,0.63539,0.33712,0.21430,8.01,0.00,0.127,0,0.0
3781,3781.0,79,5433,0.57804,0.64082,0.94992,0.63539,0.33717,0.21430,8.01,0.00,0.127,0,0.0
3782,3782.0,79,5433,0.57805,0.64084,0.94992,0.63539,0.33721,0.21430,8.01,0.00,0.127,0,0.0
3783,3783.0,79,5433,0.57807,0.64085,0.94992,0.63539,0.33726,0.21430,8.01,0.00,0.127,0,0.0
3784,3784.0,79,5433,0.57808,0.64087,0.94992,0.63539,0.33730,0.21430,8.01,0.00,0.127,0,0.0
3785,3785.0,79,5433,0.57809,0.64089,0.94992,0.63539,0.33735,0.21430,8.01,0.00,0.127,0,0.0
3786,3786.0,78,5433,0.57811,0.64090,0.94992,0.63539,0.33740,0.21430,8.01,0.00,0.127,0,0.0
3787,3787.0,77,5433,0.57812,0.64092,0.94992,0.63539,0.33744,0.21430,8.01,0.00,0.127,0,0.0
3788,3788.0,76,5433,0.57813,0.64093,0.94992,0.63539,0.33749,0.21430,8.01,0.00,0.127,0,0.0
3789,3789.0,76,5433,0.57815,0.64095,0.94992,0.63539,0.33753,0.21430,8.01,0.00,0.127,0,0.0
3790,3790.0,76,5433,0.57816,0.64096,0.94992,0.63539,0.33758,0.21430,8.01,0.00,0.127,0,0.0
3791,3791.0,76,5433,0.57817,0.64097,0.94992,0.63539,0.33762,0.21430,8.01,0.00,0.127,0,0.0
3792,3792.0,76,5433,0.57818,0.64099,0.94992,0.63539,0.33766,0.21430,8.01,0.00,0.127,0,0.0
3793,3793.0,76,5433,0.57820,0.64100,0.94992,0.63539,0.33771,0.21430,8.01,0.00,0.127,0,0.0
3794,3794.0,76,5433,0.57821,0.64102,0.94992,0.63539,0.33775,0.21430,8.01,0.00,0.127,0,0.0
3795,3795.0,75,5433,0.57822,0.64103,0.94992,0.63539,0.33780,0.21430,8.01,0.00,0.127,0,0.0
3796,3796.0,74,5433,0.57824,0.64105,0.94992,0.63539,0.33784,0.21430,8.01,0.00,0.127,0,0.0
3797,3797.0,74,5433,0.57825,0.64106,0.94992,0.63539,0.33788,0.21430,8.01,0.00,0.127,0,0.0
3798,3798.0,74,5433,0.57826,0.64108,0.94992,0.63539,0.33792,0.21430,8.01,0.00,0.127,0,0.0
3799,3799.0,74,5433,0.57827,0.64109,0.94992,0.63539,0.33796,0.21430,8.01,0.00,0.127,0,0.0
3800,3800.0,74,5433,0.57829,0.64110,0.94992,0.63539,0.33801,0.21430,8.01,0.00,0.127,0,0.0
3801,3801.0,74,5433,0.57830,0.64112,0.94992,0.63539,0.33805,0.21430,8.01,0.00,0.127,0,0.0
3802,3802.0,73,5433,0.57831,0.64113,0.94992,0.63539,0.33809,0.21430,8.01,0.00,0.127,0,0.0
3803,3803.0,72,5433,0.57832,0.64115,0.94992,0.63539,0.33813,0.21430,8.01,0.00,0.127,0,0.0
3804,3804.0,72,5433,0.57833,0.64116,0.94992,0.63539,0.33817,0.21430,8.01,0.00,0.127,0,0.0
3805,3805.0,72,5433,0.57835,0.64117,0.94992,0.63539,0.33821,0.21430,8.01,0.00,0.127,0,0.0
3806,3806.0,72,5433,0.57836,0.64119,0.94992,0.63539,0.33825,0.21430,8.01,0.00,0.127,0,0.0
3807,3807.0,72,5433,0.57837,0.64120,0.94992,0.63539,0.33829,0.21430,8.01,0.00,0.127,0,0.0
3808,3808.0,72,5433,0.57838,0.64121,0.94992,0.63539,0.33833,0.21430,8.01,0.00,0.127,0,0.0
3809,3809.0,72,5433,0.57839,0.64123,0.94992,0.63539,0.33837,0.21430,8.01,0.00,0.127,0,0.0
3810,3810.0,72,5433,0.57840,0.64124,0.94992,0.63539,0.33841,0.21430,8.01,0.00,0.127,0,0.0
3811,3811.0,72,5433,0.57842,0.64125,0.94992,0.63539,0.33845,0.21430,8.01,0.00,0.127,0,0.0
3812,3812.0,72,5433,0.57843,0.64127,0.94992,0.63539,0.33849,0.21430,8.01,0.00,0.127,0,0.0
3813,3813.0,72,5433,0.57844,0.64128,0.94992,0.63539,0.33853,0.21430,8.01,0.00,0.127,0,0.0
3814,3814.0,72,5433,0.57845,0.64129,0.94992,0.63539,0.33857,0.21430,8.01,0.00,0.127,0,0.0
3815,3815.0,72,5433,0.57846,0.64131,0.94992,0.63539,0.33861,0.21430,8.01,0.00,0.127,0,0.0
3816,3816.0,72,5433,0.57848,0.64132,0.94992,0.63539,0.33865,0.21430,8.01,0.00,0.127,0,0.0
3817,3817.0,72,5433,0.57849,0.64133,0.94992,0.63539,0.33869,0.21430,8.01,0.00,0.127,0,0.0
3818,3818.0,72,5433,0.57850,0.64134,0.94992,0.63539,0.33873,0.21430,8.01,0.00,0.127,0,0.0
3819,3819.0,72,5433,0.57851,0.64136,0.94992,0.63539,0.33877,0.21430,8.01,0.00,0.127,0,0.0
3820,3820.0,72,5433,0.57852,0.64137,0.94992,0.63539,0.33881,0.21430,8.01,0.00,0.127,0,0.0
3821,3821.0,72,5433,0.57853,0.64138,0.94992,0.63539,0.33885,0.21430,8.01,0.00,0.127,0,0.0
3822,3822.0,72,5433,0.57855,0.64140,0.94992,0.63539,0.33889,0.21430,8.01,0.00,0.127,0,0.0
3823,3823.0,72,5433,0.57856,0.64141,0.94992,0.63539,0.33893,0.21430,8.01,0.00,0.127,0,0.0
3824,3824.0,72,5433,0.57857,0.64142,0.94992,0.63539,0.33897,0.21430,8.01,0.00,0.127,0,0.0
3825,3825.0,72,5433,0.57858,0.64144,0.94992,0.63539,0.33901,0.21430,8.01,0.00,0.127,0,0.0
3826,3826.0,72,5433,0.57859,0.64145,0.94992,0.63539,0.33905,0.21430,8.01,0.00,0.127,0,0.0
3827,3827.0,72,5433,0.57860,0.64146,0.94992,0.63539,0.33909,0.21430,8.01,0.00,0.127,0,0.0
3828,3828.0,72,5433,0.57862,0.64148,0.94992,0.63539,0.33913,0.21430,8.01,0.00,0.127,0,0.0
3829,3829.0,72,5433,0.57863,0.64149,0.94992,0.63539,0.33917,0.21430,8.01,0.00,0.127,0,0.0
3830,3830.0,71,5433,0.57864,0.64150,0.94992,0.63539,0.33921,0.21430,8.01,0.00,0.127,0,0.0
3831,3831.0,71,5433,0.57865,0.64152,0.94992,0.63539,0.33925,0.21430,8.01,0.00,0.127,0,0.0
3832,3832.0,71,5433,0.57866,0.64153,0.94992,0.63539,0.33929,0.21430,8.01,0.00,0.127,0,0.0
3833,3833.0,71,5433,0.57867,0.64154,0.94992,0.63539,0.33932,0.21430,8.01,0.00,0.127,0,0.0
3834,3834.0,71,5433,0.57868,0.64156,0.94992,0.63539,0.33936,0.21430,8.01,0.00,0.127,0,0.0
3835,3835.0,71,5433,0.57870,0.64157,0.94992,0.63539,0.33940,0.21430,8.01,0.00,0.127,0,0.0
3836,3836.0,70,5433,0.57871,0.64158,0.94992,0.63539,0.33944,0.21430,8.01,0.00,0.127,0,0.0
3837,3837.0,70,5433,0.57872,0.64159,0.94992,0.63539,0.33948,0.21430,8.01,0.00,0.127,0,0.0
3838,3838.0,70,5433,0.57873,0.64161,0.94992,0.63539,0.33952,0.21430,8.01,0.00,0.127,0,0.0
3839,3839.0,70,5433,0.57874,0.64162,0.94992,0.63539,0.33955,0.21430,8.01,0.00,0.127,0,0.0
3840,3840.0,70,5433,0.57875,0.64163,0.94992,0.63539,0.33959,0.21430,8.01,0.00,0.127,0,0.0
3841,3841.0,70,5433,0.57876,0.64165,0.94992,0.63539,0.33963,0.21430,8.01,0.00,0.127,0,0.0
3842,3842.0,70,5433,0.57877,0.64166,0.94992,0.63539,0.33967,0.21430,8.01,0.00,0.127,0,0.0
3843,3843.0,70,5433,0.57879,0.64167,0.94992,0.63539,0.33971,0.21430,8.01,0.00,0.127,0,0.0
3844,3844.0,69,5433,0.57880,0.64168,0.94992,0.63539,0.33974,0.21430,8.01,0.00,0.127,0,0.0
3845,3845.0,69,5433,0.57881,0.64170,0.94992,0.63539,0.33978,0.21430,8.01,0.00,0.127,0,0.0
3846,3846.0,69,5433,0.57882,0.64171,0.94992,0.63539,0.33982,0.21430,8.01,0.00,0.127,0,0.0
3847,3847.0,68,5433,0.57883,0.64172,0.94992,0.63539,0.33985,0.21430,8.01,0.00,0.127,0,0.0
3848,3848.0,68,5433,0.57884,0.64173,0.94992,0.63539,0.33989,0.21430,8.01,0.00,0.127,0,0.0
3849,3849.0,68,5433,0.57885,0.64174,0.94992,0.63539,0.33992,0.21430,8.01,0.00,0.127,0,0.0
3850,3850.0,68,5433,0.57886,0.64175,0.94992,0.63539,0.33996,0.21430,8.01,0.00,0.127,0,0.0
3851,3851.0,68,5433,0.57887,0.64177,0.94992,0.63539,0.33999,0.21430,8.01,0.00,0.127,0,0.0
3852,3852.0,68,5433,0.57888,0.64178,0.94992,0.63539,0.34003,0.21430,8.01,0.00,0.127,0,0.0
3853,3853.0,68,5433,0.57889,0.64179,0.94992,0.63539,0.34007,0.21430,8.01,0.00,0.127,0,0.0
3854,3854.0,68,5433,0.57890,0.64180,0.94992,0.63539,0.34010,0.21430,8.01,0.00,0.127,0,0.0
3855,3855.0,68,5433,0.57891,0.64181,0.94992,0.63539,0.34014,0.21430,8.01,0.00,0.127,0,0.0
3856,3856.0,68,5433,0.57892,0.64183,0.94992,0.63539,0.34017,0.21430,8.01,0.00,0.127,0,0.0
3857,3857.0,68,5433,0.57893,0.64184,0.94992,0.63539,0.34021,0.21430,8.01,0.00,0.127,0,0.0
3858,3858.0,68,5433,0.57894,0.64185,0.94992,0.63539,0.34024,0.21430,8.01,0.00,0.127,0,0.0
3859,3859.0,68,5433,0.57895,0.64186,0.94992,0.63539,0.34028,0.21430,8.01,0.00,0.127,0,0.0
3860,3860.0,68,5433,0.57896,0.64187,0.94992,0.63539,0.34031,0.21430,8.01,0.00,0.127,0,0.0
3861,3861.0,68,5433,0.57897,0.64188,0.94992,0.63539,0.34035,0.21430,8.01,0.00,0.127,0,0.0
3862,3862.0,68,5433,0.57898,0.64190,0.94992,0.63539,0.34038,0.21430,8.01,0.00,0.127,0,0.0
3863,3863.0,68,5433,0.57900,0.64191,0.94992,0.63539,0.34042,0.21430,8.01,0.00,0.127,0,0.0
3864,3864.0,68,5433,0.57901,0.64192,0.94992,0.63539,0.34045,0.21430,8.01,0.00,0.127,0,0.0
3865,3865.0,68,5433,0.57902,0.64193,0.94992,0.63539,0.34049,0.21430,8.01,0.00,0.127,0,0.0
3866,3866.0,68,5433,0.57903,0.64194,0.94992,0.63539,0.34052,0.21430,8.01,0.00,0.127,0,0.0
3867,3867.0,68,5433,0.57904,0.64196,0.94992,0.63539,0.34056,0.21430,8.01,0.00,0.127,0,0.0
3868,3868.0,68,5433,0.57905,0.64197,0.94992,0.63539,0.34060,0.21430,8.01,0.00,0.127,0,0.0
3869,3869.0,68,5433,0.57906,0.64198,0.94992,0.63539,0.34063,0.21430,8.01,0.00,0.127,0,0.0
3870,3870.0,68,5433,0.57907,0.64199,0.94992,0.63539,0.34067,0.21430,8.01,0.00,0.127,0,0.0
3871,3871.0,68,5433,0.57908,0.64200,0.94992,0.63539,0.34070,0.21430,8.01,0.00,0.127,0,0.0
3872,3872.0,68,5433,0.57909,0.64201,0.94992,0.63539,0.34074,0.21430,8.01,0.00,0.127,0,0.0
3873,3873.0,67,5433,0.57910,0.64203,0.94992,0.63539,0.34077,0.21430,8.01,0.00,0.127,0,0.0
3874,3874.0,67,5433,0.57911,0.64204,0.94992,0.63539,0.34081,0.21430,8.01,0.00,0.127,0,0.0
3875,3875.0,67,5433,0.57912,0.64205,0.94992,0.63539,0.34084,0.21430,8.01,0.00,0.127,0,0.0
3876,3876.0,66,5433,0.57913,0.64206,0.94992,0.63539,0.34088,0.21430,8.01,0.00,0.127,0,0.0
3877,3877.0,66,5433,0.57914,0.64207,0.94992,0.63539,0.34091,0.21430,8.01,0.00,0.127,0,0.0
3878,3878.0,65,5433,0.57915,0.64208,0.94992,0.63539,0.34094,0.21430,8.01,0.00,0.127,0,0.0
3879,3879.0,65,5433,0.57916,0.64209,0.94992,0.63539,0.34097,0.21430,8.01,0.00,0.127,0,0.0
3880,3880.0,65,5433,0.57917,0.64210,0.94992,0.63539,0.34101,0.21430,8.01,0.00,0.127,0,0.0
3881,3881.0,65,5433,0.57918,0.64211,0.94992,0.63539,0.34104,0.21430,8.01,0.00,0.127,0,0.0
3882,3882.0,65,5433,0.57919,0.64213,0.94992,0.63539,0.34107,0.21430,8.01,0.00,0.127,0,0.0
3883,3883.0,65,5433,0.57920,0.64214,0.94992,0.63539,0.34110,0.21430,8.01,0.00,0.127,0,0.0
3884,3884.0,64,5433,0.57921,0.64215,0.94992,0.63539,0.34114,0.21430,8.01,0.00,0.127,0,0.0
3885,3885.0,64,5433,0.57922,0.64216,0.94992,0.63539,0.34117,0.21430,8.01,0.00,0.127,0,0.0
3886,3886.0,64,5433,0.57922,0.64217,0.94992,0.63539,0.34120,0.21430,8.01,0.00,0.127,0,0.0
3887,3887.0,63,5433,0.57923,0.64218,0.94992,0.63539,0.34123,0.21430,8.01,0.00,0.127,0,0.0
3888,3888.0,63,5433,0.57924,0.64219,0.94992,0.63539,0.34126,0.21430,8.01,0.00,0.127,0,0.0
3889,3889.0,62,5433,0.57925,0.64220,0.94992,0.63539,0.34129,0.21430,8.01,0.00,0.127,0,0.0
3890,3890.0,62,5433,0.57926,0.64221,0.94992,0.63539,0.34132,0.21430,8.01,0.00,0.127,0,0.0
3891,3891.0,61,5433,0.57927,0.64222,0.94992,0.63539,0.34134,0.21430,8.01,0.00,0.127,0,0.0
3892,3892.0,61,5433,0.57928,0.64223,0.94992,0.63539,0.34137,0.21430,8.01,0.00,0.127,0,0.0
3893,3893.0,61,5433,0.57928,0.64224,0.94992,0.63539,0.34140,0.21430,8.01,0.00,0.127,0,0.0
3894,3894.0,61,5433,0.57929,0.64224,0.94992,0.63539,0.34143,0.21430,8.01,0.00,0.127,0,0.0
3895,3895.0,61,5433,0.57930,0.64225,0.94992,0.63539,0.34145,0.21430,8.01,0.00,0.127,0,0.0
3896,3896.0,60,5433,0.57931,0.64226,0.94992,0.63539,0.34148,0.21430,8.01,0.00,0.127,0,0.0
3897,3897.0,60,5433,0.57932,0.64227,0.94992,0.63539,0.34151,0.21430,8.01,0.00,0.127,0,0.0
3898,3898.0,60,5433,0.57932,0.64228,0.94992,0.63539,0.34153,0.21430,8.01,0.00,0.127,0,0.0
3899,3899.0,60,5433,0.57933,0.64229,0.94992,0.63539,0.34156,0.21430,8.01,0.00,0.127,0,0.0
3900,3900.0,60,5433,0.57934,0.64230,0.94992,0.63539,0.34158,0.21430,8.01,0.00,0.127,0,0.0
3901,3901.0,60,5433,0.57935,0.64231,0.94992,0.63539,0.34161,0.21430,8.01,0.00,0.127,0,0.0
3902,3902.0,59,5433,0.57935,0.64231,0.94992,0.63539,0.34164,0.21430,8.01,0.00,0.127,0,0.0
3903,3903.0,59,5433,0.57936,0.64232,0.94992,0.63539,0.34166,0.21430,8.01,0.00,0.127,0,0.0
3904,3904.0,59,5433,0.57937,0.64233,0.94992,0.63539,0.34169,0.21430,8.01,0.00,0.127,0,0.0
3905,3905.0,59,5433,0.57938,0.64234,0.94992,0.63539,0.34171,0.21430,8.01,0.00,0.127,0,0.0
3906,3906.0,59,5433,0.57938,0.64235,0.94992,0.63539,0.34174,0.21430,8.01,0.00,0.127,0,0.0
3907,3907.0,59,5433,0.57939,0.64236,0.94992,0.63539,0.34176,0.21430,8.01,0.00,0.127,0,0.0
3908,3908.0,59,5433,0.57940,0.64236,0.94992,0.63539,0.34179,0.21430,8.01,0.00,0.127,0,0.0
3909,3909.0,59,5433,0.57941,0.64237,0.94992,0.63539,0.34181,0.21430,8.01,0.00,0.127,0,0.0
3910,3910.0,59,5433,0.57941,0.64238,0.94992,0.63539,0.34184,0.21430,8.01,0.00,0.127,0,0.0
3911,3911.0,59,5433,0.57942,0.64239,0.94992,0.63539,0.34186,0.21430,8.01,0.00,0.127,0,0.0
3912,3912.0,58,5433,0.57943,0.64240,0.94992,0.63539,0.34189,0.21430,8.01,0.00,0.127,0,0.0
3913,3913.0,57,5433,0.57944,0.64241,0.94992,0.63539,0.34191,0.21430,8.01,0.00,0.127,0,0.0
3914,3914.0,57,5433,0.57944,0.64241,0.94992,0.63539,0.34194,0.21430,8.01,0.00,0.127,0,0.0
3915,3915.0,57,5433,0.57945,0.64242,0.94992,0.63539,0.34196,0.21430,8.01,0.00,0.127,0,0.0
3916,3916.0,57,5433,0.57946,0.64243,0.94992,0.63539,0.34198,0.21430,8.01,0.00,0.127,0,0.0
3917,3917.0,57,5433,0.57946,0.64244,0.94992,0.63539,0.34201,0.21430,8.01,0.00,0.127,0,0.0
3918,3918.0,57,5433,0.57947,0.64245,0.94992,0.63539,0.34203,0.21430,8.01,0.00,0.127,0,0.0
3919,3919.0,57,5433,0.57948,0.64245,0.94992,0.63539,0.34205,0.21430,8.01,0.00,0.127,0,0.0
3920,3920.0,57,5433,0.57948,0.64246,0.94992,0.63539,0.34208,0.21430,8.01,0.00,0.127,0,0.0
3921,3921.0,56,5433,0.57949,0.64247,0.94992,0.63539,0.34210,0.21430,8.01,0.00,0.127,0,0.0
3922,3922.0,56,5433,0.57950,0.64248,0.94992,0.63539,0.34212,0.21430,8.01,0.00,0.127,0,0.0
3923,3923.0,56,5433,0.57950,0.64248,0.94992,0.63539,0.34214,0.21430,8.01,0.00,0.127,0,0.0
3924,3924.0,55,5433,0.57951,0.64249,0.94992,0.63539,0.34216,0.21430,8.01,0.00,0.127,0,0.0
3925,3925.0,55,5433,0.57951,0.64250,0.94992,0.63539,0.34218,0.21430,8.01,0.00,0.127,0,0.0
3926,3926.0,55,5433,0.57952,0.64250,0.94992,0.63539,0.34220,0.21430,8.01,0.00,0.127,0,0.0
3927,3927.0,55,5433,0.57953,0.64251,0.94992,0.63539,0.34222,0.21430,8.01,0.00,0.127,0,0.0
3928,3928.0,55,5433,0.57953,0.64252,0.94992,0.63539,0.34224,0.21430,8.01,0.00,0.127,0,0.0
3929,3929.0,55,5433,0.57954,0.64252,0.94992,0.63539,0.34226,0.21430,8.01,0.00,0.127,0,0.0
3930,3930.0,55,5433,0.57954,0.64253,0.94992,0.63539,0.34228,0.21430,8.01,0.00,0.127,0,0.0
3931,3931.0,54,5433,0.57955,0.64254,0.94992,0.63539,0.34230,0.21430,8.01,0.00,0.127,0,0.0
3932,3932.0,53,5433,0.57955,0.64254,0.94992,0.63539,0.34232,0.21430,8.01,0.00,0.127,0,0.0
3933,3933.0,53,5433,0.57956,0.64255,0.94992,0.63539,0.34234,0.21430,8.01,0.00,0.127,0,0.0
3934,3934.0,53,5433,0.57957,0.64256,0.94992,0.63539,0.34236,0.21430,8.01,0.00,0.127,0,0.0
3935,3935.0,53,5433,0.57957,0.64256,0.94992,0.63539,0.34238,0.21430,8.01,0.00,0.127,0,0.0
3936,3936.0,52,5433,0.57958,0.64257,0.94992,0.63539,0.34240,0.21430,8.01,0.00,0.127,0,0.0
3937,3937.0,52,5433,0.57958,0.64257,0.94992,0.63539,0.34242,0.21430,8.01,0.00,0.127,0,0.0
3938,3938.0,51,5433,0.57959,0.64258,0.94992,0.63539,0.34243,0.21430,8.01,0.00,0.127,0,0.0
3939,3939.0,51,5433,0.57959,0.64259,0.94992,0.63539,0.34245,0.21430,8.01,0.00,0.127,0,0.0
3940,3940.0,51,5433,0.57960,0.64259,0.94992,0.63539,0.34247,0.21430,8.01,0.00,0.127,0,0.0
3941,3941.0,51,5433,0.57960,0.64260,0.94992,0.63539,0.34249,0.21430,8.01,0.00,0.127,0,0.0
3942,3942.0,51,5433,0.57961,0.64260,0.94992,0.63539,0.34250,0.21430,8.01,0.00,0.127,0,0.0
3943,3943.0,51,5433,0.57961,0.64261,0.94992,0.63539,0.34252,0.21430,8.01,0.00,0.127,0,0.0
3944,3944.0,51,5433,0.57962,0.64261,0.94992,0.63539,0.34254,0.21430,8.01,0.00,0.127,0,0.0
3945,3945.0,51,5433,0.57962,0.64262,0.94992,0.63539,0.34255,0.21430,8.01,0.00,0.127,0,0.0
3946,3946.0,51,5433,0.57963,0.64263,0.94992,0.63539,0.34257,0.21430,8.01,0.00,0.127,0,0.0
3947,3947.0,51,5433,0.57963,0.64263,0.94992,0.63539,0.34259,0.21430,8.01,0.00,0.127,0,0.0
3948,3948.0,51,5433,0.57964,0.64264,0.94992,0.63539,0.34260,0.21430,8.01,0.00,0.127,0,0.0
3949,3949.0,50,5433,0.57964,0.64264,0.94992,0.63539,0.34262,0.21430,8.01,0.00,0.127,0,0.0
3950,3950.0,50,5433,0.57965,0.64265,0.94992,0.63539,0.34264,0.21430,8.01,0.00,0.127,0,0.0
3951,3951.0,50,5433,0.57965,0.64265,0.94992,0.63539,0.34265,0.21430,8.01,0.00,0.127,0,0.0
3952,3952.0,50,5433,0.57966,0.64266,0.94992,0.63539,0.34267,0.21430,8.01,0.00,0.127,0,0.0
3953,3953.0,50,5433,0.57966,0.64266,0.94992,0.63539,0.34269,0.21430,8.01,0.00,0.127,0,0.0
3954,3954.0,50,5433,0.57967,0.64267,0.94992,0.63539,0.34270,0.21430,8.01,0.00,0.127,0,0.0
3955,3955.0,50,5433,0.57967,0.64267,0.94992,0.63539,0.34272,0.21430,8.01,0.00,0.127,0,0.0
3956,3956.0,49,5433,0.57968,0.64268,0.94992,0.63539,0.34273,0.21430,8.01,0.00,0.127,0,0.0
3957,3957.0,49,5433,0.57968,0.64268,0.94992,0.63539,0.34275,0.21430,8.01,0.00,0.127,0,0.0
3958,3958.0,49,5433,0.57968,0.64269,0.94992,0.63539,0.34276,0.21430,8.01,0.00,0.126,0,0.0
3959,3959.0,49,5433,0.57969,0.64269,0.94992,0.63539,0.34278,0.21430,8.01,0.00,0.126,0,0.0
3960,3960.0,49,5433,0.57969,0.64270,0.94992,0.63539,0.34279,0.21430,8.01,0.00,0.126,0,0.0
3961,3961.0,49,5433,0.57970,0.64270,0.94992,0.63539,0.34281,0.21430,8.01,0.00,0.126,0,0.0
3962,3962.0,49,5433,0.57970,0.64271,0.94992,0.63539,0.34282,0.21430,8.01,0.00,0.126,0,0.0
3963,3963.0,49,5433,0.57971,0.64271,0.94992,0.63539,0.34284,0.21430,8.01,0.00,0.126,0,0.0
3964,3964.0,49,5433,0.57971,0.64272,0.94992,0.63539,0.34285,0.21430,8.01,0.00,0.126,0,0.0
3965,3965.0,49,5433,0.57972,0.64272,0.94992,0.63539,0.34287,0.21430,8.01,0.00,0.126,0,0.0
3966,3966.0,49,5433,0.57972,0.64273,0.94992,0.63539,0.34288,0.21430,8.01,0.00,0.126,0,0.0
3967,3967.0,49,5433,0.57972,0.64273,0.94992,0.63539,0.34290,0.21430,8.01,0.00,0.126,0,0.0
3968,3968.0,49,5433,0.57973,0.64274,0.94992,0.63539,0.34291,0.21430,8.01,0.00,0.126,0,0.0
3969,3969.0,49,5433,0.57973,0.64274,0.94992,0.63539,0.34293,0.21430,8.01,0.00,0.126,0,0.0
3970,3970.0,49,5433,0.57974,0.64275,0.94992,0.63539,0.34294,0.21430,8.01,0.00,0.126,0,0.0
3971,3971.0,49,5433,0.57974,0.64275,0.94992,0.63539,0.34296,0.21430,8.01,0.00,0.126,0,0.0
3972,3972.0,49,5433,0.57975,0.64276,0.94992,0.63539,0.34297,0.21430,8.01,0.00,0.126,0,0.0
3973,3973.0,49,5433,0.57975,0.64277,0.94992,0.63539,0.34299,0.21430,8.01,0.00,0.126,0,0.0
3974,3974.0,49,5433,0.57976,0.64277,0.94992,0.63539,0.34300,0.21430,8.01,0.00,0.126,0,0.0
3975,3975.0,49,5433,0.57976,0.64278,0.94992,0.63539,0.34302,0.21430,8.01,0.00,0.126,0,0.0
3976,3976.0,49,5433,0.57976,0.64278,0.94992,0.63539,0.34303,0.21430,8.01,0.00,0.126,0,0.0
3977,3977.0,49,5433,0.57977,0.64279,0.94992,0.63539,0.34305,0.21430,8.01,0.00,0.126,0,0.0
3978,3978.0,49,5433,0.57977,0.64279,0.94992,0.63539,0.34306,0.21430,8.01,0.00,0.126,0,0.0
3979,3979.0,49,5433,0.57978,0.64280,0.94992,0.63539,0.34308,0.21430,8.01,0.00,0.126,0,0.0
3980,3980.0,49,5433,0.57978,0.64280,0.94992,0.63539,0.34309,0.21430,8.01,0.00,0.126,0,0.0
3981,3981.0,48,5433,0.57979,0.64281,0.94992,0.63539,0.34311,0.21430,8.01,0.00,0.126,0,0.0
3982,3982.0,48,5433,0.57979,0.64281,0.94992,0.63539,0.34312,0.21430,8.01,0.00,0.126,0,0.0
3983,3983.0,47,5433,0.57980,0.64281,0.94992,0.63539,0.34314,0.21430,8.01,0.00,0.126,0,0.0
3984,3984.0,47,5433,0.57980,0.64282,0.94992,0.63539,0.34315,0.21430,8.01,0.00,0.126,0,0.0
3985,3985.0,47,5433,0.57980,0.64282,0.94992,0.63539,0.34316,0.21430,8.01,0.00,0.126,0,0.0
3986,3986.0,47,5433,0.57981,0.64283,0.94992,0.63539,0.34318,0.21430,8.01,0.00,0.126,0,0.0
3987,3987.0,47,5433,0.57981,0.64283,0.94992,0.63539,0.34319,0.21430,8.01,0.00,0.126,0,0.0
3988,3988.0,47,5433,0.57981,0.64284,0.94992,0.63539,0.34320,0.21430,8.01,0.00,0.126,0,0.0
3989,3989.0,47,5433,0.57982,0.64284,0.94992,0.63539,0.34322,0.21430,8.01,0.00,0.126,0,0.0
3990,3990.0,46,5433,0.57982,0.64285,0.94992,0.63539,0.34323,0.21430,8.01,0.00,0.126,0,0.0
3991,3991.0,46,5433,0.57983,0.64285,0.94992,0.63539,0.34324,0.21430,8.01,0.00,0.126,0,0.0
3992,3992.0,46,5433,0.57983,0.64285,0.94992,0.63539,0.34326,0.21430,8.01,0.00,0.126,0,0.0
3993,3993.0,46,5433,0.57983,0.64286,0.94992,0.63539,0.34327,0.21430,8.01,0.00,0.126,0,0.0
3994,3994.0,46,5433,0.57984,0.64286,0.94992,0.63539,0.34328,0.21430,8.01,0.00,0.126,0,0.0
3995,3995.0,46,5433,0.57984,0.64287,0.94992,0.63539,0.34329,0.21430,8.01,0.00,0.126,0,0.0
3996,3996.0,46,5433,0.57984,0.64287,0.94992,0.63539,0.34331,0.21430,8.01,0.00,0.126,0,0.0
3997,3997.0,46,5433,0.57985,0.64287,0.94992,0.63539,0.34332,0.21430,8.01,0.00,0.126,0,0.0
3998,3998.0,46,5433,0.57985,0.64288,0.94992,0.63539,0.34333,0.21430,8.01,0.00,0.126,0,0.0
3999,3999.0,46,5433,0.57986,0.64288,0.94992,0.63539,0.34334,0.21430,8.01,0.00,0.126,0,0.0
4000,4000.0,46,5433,0.57986,0.64289,0.94992,0.63539,0.34336,0.21430,8.01,0.00,0.126,0,0.0
4001,4001.0,46,5433,0.57986,0.64289,0.94992,0.63539,0.34337,0.21430,8.01,0.00,0.126,0,0.0
4002,4002.0,46,5433,0.57987,0.64290,0.94992,0.63539,0.34338,0.21430,8.01,0.00,0.126,0,0.0
4003,4003.0,46,5433,0.57987,0.64290,0.94992,0.63539,0.34339,0.21430,8.01,0.00,0.126,0,0.0
4004,4004.0,46,5433,0.57987,0.64290,0.94992,0.63539,0.34341,0.21430,8.01,0.00,0.126,0,0.0
4005,4005.0,46,5433,0.57988,0.64291,0.94992,0.63539,0.34342,0.21430,8.01,0.00,0.126,0,0.0
4006,4006.0,45,5433,0.57988,0.64291,0.94992,0.63539,0.34343,0.21430,8.01,0.00,0.126,0,0.0
4007,4007.0,45,5433,0.57988,0.64292,0.94992,0.63539,0.34344,0.21430,8.01,0.00,0.126,0,0.0
4008,4008.0,44,5433,0.57989,0.64292,0.94992,0.63539,0.34345,0.21430,8.01,0.00,0.126,0,0.0
4009,4009.0,44,5433,0.57989,0.64292,0.94992,0.63539,0.34346,0.21430,8.01,0.00,0.126,0,0.0
4010,4010.0,44,5433,0.57989,0.64293,0.94992,0.63539,0.34347,0.21430,8.01,0.00,0.126,0,0.0
4011,4011.0,44,5433,0.57990,0.64293,0.94992,0.63539,0.34348,0.21430,8.01,0.00,0.126,0,0.0
4012,4012.0,44,5433,0.57990,0.64293,0.94992,0.63539,0.34349,0.21430,8.01,0.00,0.126,0,0.0
4013,4013.0,44,5433,0.57990,0.64294,0.94992,0.63539,0.34350,0.21430,8.01,0.00,0.126,0,0.0
4014,4014.0,44,5433,0.57991,0.64294,0.94992,0.63539,0.34351,0.21430,8.01,0.00,0.126,0,0.0
4015,4015.0,44,5433,0.57991,0.64294,0.94992,0.63539,0.34353,0.21430,8.01,0.00,0.126,0,0.0
4016,4016.0,44,5433,0.57991,0.64295,0.94992,0.63539,0.34354,0.21430,8.01,0.00,0.126,0,0.0
4017,4017.0,44,5433,0.57992,0.64295,0.94992,0.63539,0.34355,0.21430,8.01,0.00,0.126,0,0.0
4018,4018.0,44,5433,0.57992,0.64295,0.94992,0.63539,0.34356,0.21430,8.01,0.00,0.126,0,0.0
4019,4019.0,44,5433,0.57992,0.64296,0.94992,0.63539,0.34357,0.21430,8.01,0.00,0.126,0,0.0
4020,4020.0,44,5433,0.57992,0.64296,0.94992,0.63539,0.34358,0.21430,8.01,0.00,0.126,0,0.0
4021,4021.0,44,5433,0.57993,0.64296,0.94992,0.63539,0.34359,0.21430,8.01,0.00,0.126,0,0.0
4022,4022.0,44,5433,0.57993,0.64297,0.94992,0.63539,0.34360,0.21430,8.01,0.00,0.126,0,0.0
4023,4023.0,44,5433,0.57993,0.64297,0.94992,0.63539,0.34361,0.21430,8.01,0.00,0.126,0,0.0
4024,4024.0,44,5433,0.57994,0.64297,0.94992,0.63539,0.34362,0.21430,8.01,0.00,0.126,0,0.0
4025,4025.0,44,5433,0.57994,0.64298,0.94992,0.63539,0.34363,0.21430,8.01,0.00,0.126,0,0.0
4026,4026.0,44,5433,0.57994,0.64298,0.94992,0.63539,0.34364,0.21430,8.01,0.00,0.126,0,0.0
4027,4027.0,44,5433,0.57995,0.64298,0.94992,0.63539,0.34365,0.21430,8.01,0.00,0.126,0,0.0
4028,4028.0,44,5433,0.57995,0.64299,0.94992,0.63539,0.34366,0.21430,8.01,0.00,0.126,0,0.0
4029,4029.0,44,5433,0.57995,0.64299,0.94992,0.63539,0.34367,0.21430,8.01,0.00,0.126,0,0.0
4030,4030.0,44,5433,0.57995,0.64300,0.94992,0.63539,0.34368,0.21430,8.01,0.00,0.126,0,0.0
4031,4031.0,44,5433,0.57996,0.64300,0.94992,0.63539,0.34369,0.21430,8.01,0.00,0.126,0,0.0
4032,4032.0,44,5433,0.57996,0.64300,0.94992,0.63539,0.34370,0.21430,8.01,0.00,0.126,0,0.0
4033,4033.0,44,5433,0.57996,0.64301,0.94992,0.63539,0.34371,0.21430,8.01,0.00,0.126,0,0.0
4034,4034.0,43,5433,0.57997,0.64301,0.94992,0.63539,0.34372,0.21430,8.01,0.00,0.126,0,0.0
4035,4035.0,43,5433,0.57997,0.64301,0.94992,0.63539,0.34373,0.21430,8.01,0.00,0.126,0,0.0
4036,4036.0,43,5433,0.57997,0.64302,0.94992,0.63539,0.34374,0.21430,8.01,0.00,0.126,0,0.0
4037,4037.0,43,5433,0.57997,0.64302,0.94992,0.63539,0.34375,0.21430,8.01,0.00,0.126,0,0.0
4038,4038.0,42,5433,0.57998,0.64302,0.94992,0.63539,0.34376,0.21430,8.01,0.00,0.126,0,0.0
4039,4039.0,42,5433,0.57998,0.64302,0.94992,0.63539,0.34377,0.21430,8.01,0.00,0.126,0,0.0
4040,4040.0,42,5433,0.57998,0.64303,0.94992,0.63539,0.34377,0.21430,8.01,0.00,0.126,0,0.0
4041,4041.0,42,5433,0.57998,0.64303,0.94992,0.63539,0.34378,0.21430,8.01,0.00,0.126,0,0.0
4042,4042.0,42,5433,0.57999,0.64303,0.94992,0.63539,0.34379,0.21430,8.01,0.00,0.126,0,0.0
4043,4043.0,42,5433,0.57999,0.64304,0.94992,0.63539,0.34380,0.21430,8.01,0.00,0.126,0,0.0
4044,4044.0,42,5433,0.57999,0.64304,0.94992,0.63539,0.34381,0.21430,8.01,0.00,0.126,0,0.0
4045,4045.0,42,5433,0.57999,0.64304,0.94992,0.63539,0.34382,0.21430,8.01,0.00,0.126,0,0.0
4046,4046.0,42,5433,0.58000,0.64304,0.94992,0.63539,0.34382,0.21430,8.01,0.00,0.126,0,0.0
4047,4047.0,42,5433,0.58000,0.64305,0.94992,0.63539,0.34383,0.21430,8.01,0.00,0.126,0,0.0
4048,4048.0,42,5433,0.58000,0.64305,0.94992,0.63539,0.34384,0.21430,8.01,0.00,0.126,0,0.0
4049,4049.0,42,5433,0.58000,0.64305,0.94992,0.63539,0.34385,0.21430,8.01,0.00,0.126,0,0.0
4050,4050.0,42,5433,0.58001,0.64305,0.94992,0.63539,0.34386,0.21430,8.01,0.00,0.126,0,0.0
4051,4051.0,42,5433,0.58001,0.64306,0.94992,0.63539,0.34387,0.21430,8.01,0.00,0.126,0,0.0
4052,4052.0,42,5433,0.58001,0.64306,0.94992,0.63539,0.34387,0.21430,8.01,0.00,0.126,0,0.0
4053,4053.0,42,5433,0.58001,0.64306,0.94992,0.63539,0.34388,0.21430,8.01,0.00,0.126,0,0.0
4054,4054.0,42,5433,0.58002,0.64307,0.94992,0.63539,0.34389,0.21430,8.01,0.00,0.126,0,0.0
4055,4055.0,42,5433,0.58002,0.64307,0.94992,0.63539,0.34390,0.21430,8.01,0.00,0.126,0,0.0
4056,4056.0,42,5433,0.58002,0.64307,0.94992,0.63539,0.34391,0.21430,8.01,0.00,0.126,0,0.0
4057,4057.0,42,5433,0.58002,0.64307,0.94992,0.63539,0.34392,0.21430,8.01,0.00,0.126,0,0.0
4058,4058.0,42,5433,0.58003,0.64308,0.94992,0.63539,0.34392,0.21430,8.01,0.00,0.126,0,0.0
4059,4059.0,42,5433,0.58003,0.64308,0.94992,0.63539,0.34393,0.21430,8.01,0.00,0.126,0,0.0
4060,4060.0,42,5433,0.58003,0.64308,0.94992,0.63539,0.34394,0.21430,8.01,0.00,0.126,0,0.0
4061,4061.0,42,5433,0.58003,0.64308,0.94992,0.63539,0.34395,0.21430,8.01,0.00,0.126,0,0.0
4062,4062.0,42,5433,0.58004,0.64309,0.94992,0.63539,0.34396,0.21430,8.01,0.00,0.126,0,0.0
4063,4063.0,41,5433,0.58004,0.64309,0.94992,0.63539,0.34397,0.21430,8.01,0.00,0.126,0,0.0
4064,4064.0,41,5433,0.58004,0.64309,0.94992,0.63539,0.34397,0.21430,8.01,0.00,0.126,0,0.0
4065,4065.0,41,5433,0.58004,0.64310,0.94992,0.63539,0.34398,0.21430,8.01,0.00,0.126,0,0.0
4066,4066.0,41,5433,0.58004,0.64310,0.94992,0.63539,0.34399,0.21430,8.01,0.00,0.126,0,0.0
4067,4067.0,41,5433,0.58005,0.64310,0.94992,0.63539,0.34399,0.21430,8.01,0.00,0.126,0,0.0
4068,4068.0,41,5433,0.58005,0.64310,0.94992,0.63539,0.34400,0.21430,8.01,0.00,0.126,0,0.0
4069,4069.0,41,5433,0.58005,0.64310,0.94992,0.63539,0.34401,0.21430,8.01,0.00,0.126,0,0.0
4070,4070.0,41,5433,0.58005,0.64311,0.94992,0.63539,0.34402,0.21430,8.01,0.00,0.126,0,0.0
4071,4071.0,41,5433,0.58006,0.64311,0.94992,0.63539,0.34402,0.21430,8.01,0.00,0.126,0,0.0
4072,4072.0,41,5433,0.58006,0.64311,0.94992,0.63539,0.34403,0.21430,8.01,0.00,0.126,0,0.0
4073,4073.0,41,5433,0.58006,0.64311,0.94992,0.63539,0.34404,0.21430,8.01,0.00,0.126,0,0.0
4074,4074.0,41,5433,0.58006,0.64312,0.94992,0.63539,0.34404,0.21430,8.01,0.00,0.126,0,0.0
4075,4075.0,41,5433,0.58006,0.64312,0.94992,0.63539,0.34405,0.21430,8.01,0.00,0.126,0,0.0
4076,4076.0,41,5433,0.58007,0.64312,0.94992,0.63539,0.34406,0.21430,8.01,0.00,0.126,0,0.0
4077,4077.0,41,5433,0.58007,0.64312,0.94992,0.63539,0.34407,0.21430,8.01,0.00,0.126,0,0.0
4078,4078.0,41,5433,0.58007,0.64313,0.94992,0.63539,0.34407,0.21430,8.01,0.00,0.126,0,0.0
4079,4079.0,41,5433,0.58007,0.64313,0.94992,0.63539,0.34408,0.21430,8.01,0.00,0.126,0,0.0
4080,4080.0,41,5433,0.58007,0.64313,0.94992,0.63539,0.34409,0.21430,8.01,0.00,0.126,0,0.0
4081,4081.0,41,5433,0.58008,0.64313,0.94992,0.63539,0.34409,0.21430,8.01,0.00,0.126,0,0.0
4082,4082.0,41,5433,0.58008,0.64314,0.94992,0.63539,0.34410,0.21430,8.01,0.00,0.126,0,0.0
4083,4083.0,41,5433,0.58008,0.64314,0.94992,0.63539,0.34411,0.21430,8.01,0.00,0.126,0,0.0
4084,4084.0,41,5433,0.58008,0.64314,0.94992,0.63539,0.34412,0.21430,8.01,0.00,0.126,0,0.0
4085,4085.0,41,5433,0.58008,0.64314,0.94992,0.63539,0.34412,0.21430,8.01,0.00,0.126,0,0.0
4086,4086.0,41,5433,0.58009,0.64315,0.94992,0.63539,0.34413,0.21430,8.01,0.00,0.126,0,0.0
4087,4087.0,41,5433,0.58009,0.64315,0.94992,0.63539,0.34414,0.21430,8.01,0.00,0.126,0,0.0
4088,4088.0,41,5433,0.58009,0.64315,0.94992,0.63539,0.34414,0.21430,8.01,0.00,0.126,0,0.0
4089,4089.0,40,5433,0.58009,0.64315,0.94992,0.63539,0.34415,0.21430,8.01,0.00,0.126,0,0.0
4090,4090.0,40,5433,0.58009,0.64315,0.94992,0.63539,0.34416,0.21430,8.01,0.00,0.126,0,0.0
4091,4091.0,40,5433,0.58010,0.64316,0.94992,0.63539,0.34416,0.21430,8.01,0.00,0.126,0,0.0
4092,4092.0,40,5433,0.58010,0.64316,0.94992,0.63539,0.34417,0.21430,8.01,0.00,0.126,0,0.0
4093,4093.0,40,5433,0.58010,0.64316,0.94992,0.63539,0.34418,0.21430,8.01,0.00,0.126,0,0.0
4094,4094.0,40,5433,0.58010,0.64316,0.94992,0.63539,0.34418,0.21430,8.01,0.00,0.126,0,0.0
4095,4095.0,40,5433,0.58010,0.64316,0.94992,0.63539,0.34419,0.21430,8.01,0.00,0.126,0,0.0
4096,4096.0,40,5433,0.58011,0.64317,0.94992,0.63539,0.34419,0.21430,8.01,0.00,0.126,0,0.0
4097,4097.0,40,5433,0.58011,0.64317,0.94992,0.63539,0.34420,0.21430,8.01,0.00,0.126,0,0.0
4098,4098.0,40,5433,0.58011,0.64317,0.94992,0.63539,0.34421,0.21430,8.01,0.00,0.126,0,0.0
4099,4099.0,40,5433,0.58011,0.64317,0.94992,0.63539,0.34421,0.21430,8.01,0.00,0.126,0,0.0
4100,4100.0,40,5433,0.58011,0.64317,0.94992,0.63539,0.34422,0.21430,8.01,0.00,0.126,0,0.0
4101,4101.0,40,5433,0.58011,0.64318,0.94992,0.63539,0.34423,0.21430,8.01,0.00,0.126,0,0.0
4102,4102.0,39,5433,0.58012,0.64318,0.94992,0.63539,0.34423,0.21430,8.01,0.00,0.126,0,0.0
4103,4103.0,39,5433,0.58012,0.64318,0.94992,0.63539,0.34424,0.21430,8.01,0.00,0.126,0,0.0
4104,4104.0,39,5433,0.58012,0.64318,0.94992,0.63539,0.34424,0.21430,8.01,0.00,0.126,0,0.0
4105,4105.0,39,5433,0.58012,0.64318,0.94992,0.63539,0.34425,0.21430,8.01,0.00,0.126,0,0.0
4106,4106.0,39,5433,0.58012,0.64319,0.94992,0.63539,0.34425,0.21430,8.01,0.00,0.126,0,0.0
4107,4107.0,39,5433,0.58012,0.64319,0.94992,0.63539,0.34426,0.21430,8.01,0.00,0.126,0,0.0
4108,4108.0,39,5433,0.58013,0.64319,0.94992,0.63539,0.34426,0.21430,8.01,0.00,0.126,0,0.0
4109,4109.0,39,5433,0.58013,0.64319,0.94992,0.63539,0.34427,0.21430,8.01,0.00,0.126,0,0.0
4110,4110.0,39,5433,0.58013,0.64319,0.94992,0.63539,0.34427,0.21430,8.01,0.00,0.126,0,0.0
4111,4111.0,39,5433,0.58013,0.64319,0.94992,0.63539,0.34428,0.21430,8.01,0.00,0.126,0,0.0
4112,4112.0,39,5433,0.58013,0.64320,0.94992,0.63539,0.34428,0.21430,8.01,0.00,0.126,0,0.0
4113,4113.0,38,5433,0.58013,0.64320,0.94992,0.63539,0.34429,0.21430,8.01,0.00,0.126,0,0.0
4114,4114.0,38,5433,0.58014,0.64320,0.94992,0.63539,0.34430,0.21430,8.01,0.00,0.126,0,0.0
4115,4115.0,38,5433,0.58014,0.64320,0.94992,0.63539,0.34430,0.21430,8.01,0.00,0.126,0,0.0
4116,4116.0,38,5433,0.58014,0.64320,0.94992,0.63539,0.34431,0.21430,8.01,0.00,0.126,0,0.0
4117,4117.0,38,5433,0.58014,0.64321,0.94992,0.63539,0.34431,0.21430,8.01,0.00,0.126,0,0.0
4118,4118.0,38,5433,0.58014,0.64321,0.94992,0.63539,0.34432,0.21430,8.01,0.00,0.126,0,0.0
4119,4119.0,38,5433,0.58014,0.64321,0.94992,0.63539,0.34432,0.21430,8.01,0.00,0.126,0,0.0
4120,4120.0,38,5433,0.58014,0.64321,0.94992,0.63539,0.34433,0.21430,8.01,0.00,0.126,0,0.0
4121,4121.0,38,5433,0.58015,0.64321,0.94992,0.63539,0.34433,0.21430,8.01,0.00,0.126,0,0.0
4122,4122.0,38,5433,0.58015,0.64321,0.94992,0.63539,0.34434,0.21430,8.01,0.00,0.126,0,0.0
4123,4123.0,38,5433,0.58015,0.64322,0.94992,0.63539,0.34434,0.21430,8.01,0.00,0.126,0,0.0
4124,4124.0,38,5433,0.58015,0.64322,0.94992,0.63539,0.34435,0.21430,8.01,0.00,0.126,0,0.0
4125,4125.0,38,5433,0.58015,0.64322,0.94992,0.63539,0.34435,0.21430,8.01,0.00,0.126,0,0.0
4126,4126.0,38,5433,0.58015,0.64322,0.94992,0.63539,0.34436,0.21430,8.01,0.00,0.126,0,0.0
4127,4127.0,38,5433,0.58016,0.64322,0.94992,0.63539,0.34436,0.21430,8.01,0.00,0.126,0,0.0
4128,4128.0,38,5433,0.58016,0.64323,0.94992,0.63539,0.34437,0.21430,8.01,0.00,0.126,0,0.0
4129,4129.0,38,5433,0.58016,0.64323,0.94992,0.63539,0.34438,0.21430,8.01,0.00,0.126,0,0.0
4130,4130.0,38,5433,0.58016,0.64323,0.94992,0.63539,0.34438,0.21430,8.01,0.00,0.126,0,0.0
4131,4131.0,38,5433,0.58016,0.64323,0.94992,0.63539,0.34439,0.21430,8.01,0.00,0.126,0,0.0
4132,4132.0,38,5433,0.58016,0.64323,0.94992,0.63539,0.34439,0.21430,8.01,0.00,0.126,0,0.0
4133,4133.0,38,5433,0.58017,0.64323,0.94992,0.63539,0.34440,0.21430,8.01,0.00,0.126,0,0.0
4134,4134.0,38,5433,0.58017,0.64324,0.94992,0.63539,0.34440,0.21430,8.01,0.00,0.126,0,0.0
4135,4135.0,38,5433,0.58017,0.64324,0.94992,0.63539,0.34441,0.21430,8.01,0.00,0.126,0,0.0
4136,4136.0,38,5433,0.58017,0.64324,0.94992,0.63539,0.34441,0.21430,8.01,0.00,0.126,0,0.0
4137,4137.0,38,5433,0.58017,0.64324,0.94992,0.63539,0.34442,0.21430,8.01,0.00,0.126,0,0.0
4138,4138.0,38,5433,0.58017,0.64324,0.94992,0.63539,0.34442,0.21430,8.01,0.00,0.126,0,0.0
4139,4139.0,38,5433,0.58017,0.64324,0.94992,0.63539,0.34443,0.21430,8.01,0.00,0.126,0,0.0
4140,4140.0,38,5433,0.58018,0.64325,0.94992,0.63539,0.34443,0.21430,8.01,0.00,0.126,0,0.0
4141,4141.0,38,5433,0.58018,0.64325,0.94992,0.63539,0.34444,0.21430,8.01,0.00,0.126,0,0.0
4142,4142.0,38,5433,0.58018,0.64325,0.94992,0.63539,0.34444,0.21430,8.01,0.00,0.126,0,0.0
4143,4143.0,38,5433,0.58018,0.64325,0.94992,0.63539,0.34445,0.21430,8.01,0.00,0.126,0,0.0
4144,4144.0,37,5433,0.58018,0.64325,0.94992,0.63539,0.34446,0.21430,8.01,0.00,0.126,0,0.0
4145,4145.0,37,5433,0.58018,0.64326,0.94992,0.63539,0.34446,0.21430,8.01,0.00,0.126,0,0.0
4146,4146.0,37,5433,0.58019,0.64326,0.94992,0.63539,0.34447,0.21430,8.01,0.00,0.126,0,0.0
4147,4147.0,37,5433,0.58019,0.64326,0.94992,0.63539,0.34447,0.21430,8.01,0.00,0.126,0,0.0
4148,4148.0,37,5433,0.58019,0.64326,0.94992,0.63539,0.34448,0.21430,8.01,0.00,0.126,0,0.0
4149,4149.0,37,5433,0.58019,0.64326,0.94992,0.63539,0.34448,0.21430,8.01,0.00,0.126,0,0.0
4150,4150.0,37,5433,0.58019,0.64326,0.94992,0.63539,0.34449,0.21430,8.01,0.00,0.126,0,0.0
4151,4151.0,37,5433,0.58019,0.64327,0.94992,0.63539,0.34449,0.21430,8.01,0.00,0.126,0,0.0
4152,4152.0,37,5433,0.58020,0.64327,0.94992,0.63539,0.34450,0.21430,8.01,0.00,0.126,0,0.0
4153,4153.0,37,5433,0.58020,0.64327,0.94992,0.63539,0.34450,0.21430,8.01,0.00,0.126,0,0.0
4154,4154.0,37,5433,0.58020,0.64327,0.94992,0.63539,0.34451,0.21430,8.01,0.00,0.126,0,0.0
4155,4155.0,37,5433,0.58020,0.64327,0.94992,0.63539,0.34451,0.21430,8.01,0.00,0.126,0,0.0
4156,4156.0,37,5433,0.58020,0.64328,0.94992,0.63539,0.34452,0.21430,8.01,0.00,0.126,0,0.0
4157,4157.0,37,5433,0.58020,0.64328,0.94992,0.63539,0.34453,0.21430,8.01,0.00,0.126,0,0.0
4158,4158.0,37,5433,0.58020,0.64328,0.94992,0.63539,0.34453,0.21430,8.01,0.00,0.126,0,0.0
4159,4159.0,37,5433,0.58021,0.64328,0.94992,0.63539,0.34454,0.21430,8.01,0.00,0.126,0,0.0
4160,4160.0,37,5433,0.58021,0.64328,0.94992,0.63539,0.34454,0.21430,8.01,0.00,0.126,0,0.0
4161,4161.0,37,5433,0.58021,0.64328,0.94992,0.63539,0.34455,0.21430,8.01,0.00,0.126,0,0.0
4162,4162.0,37,5433,0.58021,0.64329,0.94992,0.63539,0.34455,0.21430,8.01,0.00,0.126,0,0.0
4163,4163.0,37,5433,0.58021,0.64329,0.94992,0.63539,0.34456,0.21430,8.01,0.00,0.126,0,0.0
4164,4164.0,37,5433,0.58021,0.64329,0.94992,0.63539,0.34456,0.21430,8.01,0.00,0.126,0,0.0
4165,4165.0,37,5433,0.58022,0.64329,0.94992,0.63539,0.34457,0.21430,8.01,0.00,0.126,0,0.0
4166,4166.0,37,5433,0.58022,0.64329,0.94992,0.63539,0.34457,0.21430,8.01,0.00,0.126,0,0.0
4167,4167.0,37,5433,0.58022,0.64329,0.94992,0.63539,0.34458,0.21430,8.01,0.00,0.126,0,0.0
4168,4168.0,37,5433,0.58022,0.64330,0.94992,0.63539,0.34458,0.21430,8.01,0.00,0.126,0,0.0
4169,4169.0,37,5433,0.58022,0.64330,0.94992,0.63539,0.34459,0.21430,8.01,0.00,0.126,0,0.0
4170,4170.0,37,5433,0.58022,0.64330,0.94992,0.63539,0.34459,0.21430,8.01,0.00,0.126,0,0.0
4171,4171.0,37,5433,0.58023,0.64330,0.94992,0.63539,0.34460,0.21430,8.01,0.00,0.126,0,0.0
4172,4172.0,37,5433,0.58023,0.64330,0.94992,0.63539,0.34461,0.21430,8.01,0.00,0.126,0,0.0
4173,4173.0,37,5433,0.58023,0.64331,0.94992,0.63539,0.34461,0.21430,8.01,0.00,0.126,0,0.0
4174,4174.0,37,5433,0.58023,0.64331,0.94992,0.63539,0.34462,0.21430,8.01,0.00,0.126,0,0.0
4175,4175.0,37,5433,0.58023,0.64331,0.94992,0.63539,0.34462,0.21430,8.01,0.00,0.126,0,0.0
4176,4176.0,37,5433,0.58023,0.64331,0.94992,0.63539,0.34463,0.21430,8.01,0.00,0.126,0,0.0
4177,4177.0,37,5433,0.58023,0.64331,0.94992,0.63539,0.34463,0.21430,8.01,0.00,0.126,0,0.0
4178,4178.0,37,5433,0.58024,0.64331,0.94992,0.63539,0.34464,0.21430,8.01,0.00,0.126,0,0.0
4179,4179.0,37,5433,0.58024,0.64332,0.94992,0.63539,0.34464,0.21430,8.01,0.00,0.126,0,0.0
4180,4180.0,37,5433,0.58024,0.64332,0.94992,0.63539,0.34465,0.21430,8.01,0.00,0.126,0,0.0
4181,4181.0,37,5433,0.58024,0.64332,0.94992,0.63539,0.34465,0.21430,8.01,0.00,0.126,0,0.0
4182,4182.0,37,5433,0.58024,0.64332,0.94992,0.63539,0.34466,0.21430,8.01,0.00,0.126,0,0.0
4183,4183.0,37,5433,0.58024,0.64332,0.94992,0.63539,0.34466,0.21430,8.01,0.00,0.126,0,0.0
4184,4184.0,37,5433,0.58025,0.64332,0.94992,0.63539,0.34467,0.21430,8.01,0.00,0.126,0,0.0
4185,4185.0,37,5433,0.58025,0.64333,0.94992,0.63539,0.34467,0.21430,8.01,0.00,0.126,0,0.0
4186,4186.0,37,5433,0.58025,0.64333,0.94992,0.63539,0.34468,0.21430,8.01,0.00,0.126,0,0.0
4187,4187.0,37,5433,0.58025,0.64333,0.94992,0.63539,0.34469,0.21430,8.01,0.00,0.126,0,0.0
4188,4188.0,37,5433,0.58025,0.64333,0.94992,0.63539,0.34469,0.21430,8.01,0.00,0.126,0,0.0
4189,4189.0,37,5433,0.58025,0.64333,0.94992,0.63539,0.34470,0.21430,8.01,0.00,0.126,0,0.0
4190,4190.0,37,5433,0.58025,0.64334,0.94992,0.63539,0.34470,0.21430,8.01,0.00,0.126,0,0.0
4191,4191.0,37,5433,0.58026,0.64334,0.94992,0.63539,0.34471,0.21430,8.01,0.00,0.126,0,0.0
4192,4192.0,37,5433,0.58026,0.64334,0.94992,0.63539,0.34471,0.21430,8.01,0.00,0.126,0,0.0
4193,4193.0,37,5433,0.58026,0.64334,0.94992,0.63539,0.34472,0.21430,8.01,0.00,0.126,0,0.0
4194,4194.0,37,5433,0.58026,0.64334,0.94992,0.63539,0.34472,0.21430,8.01,0.00,0.126,0,0.0
4195,4195.0,37,5433,0.58026,0.64334,0.94992,0.63539,0.34473,0.21430,8.01,0.00,0.126,0,0.0
4196,4196.0,37,5433,0.58026,0.64335,0.94992,0.63539,0.34473,0.21430,8.01,0.00,0.126,0,0.0
4197,4197.0,37,5433,0.58027,0.64335,0.94992,0.63539,0.34474,0.21430,8.01,0.00,0.126,0,0.0
4198,4198.0,37,5433,0.58027,0.64335,0.94992,0.63539,0.34474,0.21430,8.01,0.00,0.126,0,0.0
4199,4199.0,37,5433,0.58027,0.64335,0.94992,0.63539,0.34475,0.21430,8.01,0.00,0.126,0,0.0
4200,4200.0,37,5433,0.58027,0.64335,0.94992,0.63539,0.34475,0.21430,8.01,0.00,0.126,0,0.0
4201,4201.0,37,5433,0.58027,0.64336,0.94992,0.63539,0.34476,0.21430,8.01,0.00,0.126,0,0.0
4202,4202.0,37,5433,0.58027,0.64336,0.94992,0.63539,0.34477,0.21430,8.01,0.00,0.126,0,0.0
4203,4203.0,37,5433,0.58028,0.64336,0.94992,0.63539,0.34477,0.21430,8.01,0.00,0.126,0,0.0
4204,4204.0,37,5433,0.58028,0.64336,0.94992,0.63539,0.34478,0.21430,8.01,0.00,0.126,0,0.0
4205,4205.0,37,5433,0.58028,0.64336,0.94992,0.63539,0.34478,0.21430,8.01,0.00,0.126,0,0.0
4206,4206.0,37,5433,0.58028,0.64336,0.94992,0.63539,0.34479,0.21430,8.01,0.00,0.126,0,0.0
4207,4207.0,37,5433,0.58028,0.64337,0.94992,0.63539,0.34479,0.21430,8.01,0.00,0.126,0,0.0
4208,4208.0,37,5433,0.58028,0.64337,0.94992,0.63539,0.34480,0.21430,8.01,0.00,0.126,0,0.0
4209,4209.0,37,5433,0.58028,0.64337,0.94992,0.63539,0.34480,0.21430,8.01,0.00,0.126,0,0.0
4210,4210.0,37,5433,0.58029,0.64337,0.94992,0.63539,0.34481,0.21430,8.01,0.00,0.126,0,0.0
4211,4211.0,37,5433,0.58029,0.64337,0.94992,0.63539,0.34481,0.21430,8.01,0.00,0.126,0,0.0
4212,4212.0,37,5433,0.58029,0.64337,0.94992,0.63539,0.34482,0.21430,8.01,0.00,0.126,0,0.0
4213,4213.0,37,5433,0.58029,0.64338,0.94992,0.63539,0.34482,0.21430,8.01,0.00,0.126,0,0.0
4214,4214.0,37,5433,0.58029,0.64338,0.94992,0.63539,0.34483,0.21430,8.01,0.00,0.126,0,0.0
4215,4215.0,37,5433,0.58029,0.64338,0.94992,0.63539,0.34483,0.21430,8.01,0.00,0.126,0,0.0
4216,4216.0,37,5433,0.58030,0.64338,0.94992,0.63539,0.34484,0.21430,8.01,0.00,0.126,0,0.0
4217,4217.0,37,5433,0.58030,0.64338,0.94992,0.63539,0.34485,0.21430,8.01,0.00,0.126,0,0.0
4218,4218.0,37,5433,0.58030,0.64339,0.94992,0.63539,0.34485,0.21430,8.01,0.00,0.126,0,0.0
4219,4219.0,37,5433,0.58030,0.64339,0.94992,0.63539,0.34486,0.21430,8.01,0.00,0.126,0,0.0
4220,4220.0,37,5433,0.58030,0.64339,0.94992,0.63539,0.34486,0.21430,8.01,0.00,0.126,0,0.0
4221,4221.0,37,5433,0.58030,0.64339,0.94992,0.63539,0.34487,0.21430,8.01,0.00,0.126,0,0.0
4222,4222.0,37,5433,0.58031,0.64339,0.94992,0.63539,0.34487,0.21430,8.01,0.00,0.126,0,0.0
4223,4223.0,37,5433,0.58031,0.64339,0.94992,0.63539,0.34488,0.21430,8.01,0.00,0.126,0,0.0
4224,4224.0,37,5433,0.58031,0.64340,0.94992,0.63539,0.34488,0.21430,8.01,0.00,0.126,0,0.0
4225,4225.0,37,5433,0.58031,0.64340,0.94992,0.63539,0.34489,0.21430,8.01,0.00,0.126,0,0.0
4226,4226.0,37,5433,0.58031,0.64340,0.94992,0.63539,0.34489,0.21430,8.01,0.00,0.126,0,0.0
4227,4227.0,37,5433,0.58031,0.64340,0.94992,0.63539,0.34490,0.21430,8.01,0.00,0.126,0,0.0
4228,4228.0,37,5433,0.58031,0.64340,0.94992,0.63539,0.34490,0.21430,8.01,0.00,0.126,0,0.0
4229,4229.0,37,5433,0.58032,0.64341,0.94992,0.63539,0.34491,0.21430,8.01,0.00,0.126,0,0.0
4230,4230.0,37,5433,0.58032,0.64341,0.94992,0.63539,0.34491,0.21430,8.01,0.00,0.126,0,0.0
4231,4231.0,37,5433,0.58032,0.64341,0.94992,0.63539,0.34492,0.21430,8.01,0.00,0.126,0,0.0
4232,4232.0,37,5433,0.58032,0.64341,0.94992,0.63539,0.34493,0.21430,8.01,0.00,0.126,0,0.0
4233,4233.0,36,5433,0.58032,0.64341,0.94992,0.63539,0.34493,0.21430,8.01,0.00,0.126,0,0.0
4234,4234.0,36,5433,0.58032,0.64341,0.94992,0.63539,0.34494,0.21430,8.01,0.00,0.126,0,0.0
4235,4235.0,35,5433,0.58033,0.64342,0.94992,0.63539,0.34494,0.21430,8.01,0.00,0.126,0,0.0
4236,4236.0,35,5433,0.58033,0.64342,0.94992,0.63539,0.34494,0.21430,8.01,0.00,0.126,0,0.0
4237,4237.0,35,5433,0.58033,0.64342,0.94992,0.63539,0.34495,0.21430,8.01,0.00,0.126,0,0.0
4238,4238.0,35,5433,0.58033,0.64342,0.94992,0.63539,0.34495,0.21430,8.01,0.00,0.126,0,0.0
4239,4239.0,35,5433,0.58033,0.64342,0.94992,0.63539,0.34495,0.21430,8.01,0.00,0.126,0,0.0
4240,4240.0,35,5433,0.58033,0.64342,0.94992,0.63539,0.34496,0.21430,8.01,0.00,0.126,0,0.0
4241,4241.0,35,5433,0.58033,0.64342,0.94992,0.63539,0.34496,0.21430,8.01,0.00,0.126,0,0.0
4242,4242.0,35,5433,0.58033,0.64342,0.94992,0.63539,0.34496,0.21430,8.01,0.00,0.126,0,0.0
4243,4243.0,35,5433,0.58033,0.64342,0.94992,0.63539,0.34497,0.21430,8.01,0.00,0.126,0,0.0
4244,4244.0,35,5433,0.58033,0.64343,0.94992,0.63539,0.34497,0.21430,8.01,0.00,0.126,0,0.0
4245,4245.0,35,5433,0.58034,0.64343,0.94992,0.63539,0.34497,0.21430,8.01,0.00,0.126,0,0.0
4246,4246.0,35,5433,0.58034,0.64343,0.94992,0.63539,0.34498,0.21430,8.01,0.00,0.126,0,0.0
4247,4247.0,35,5433,0.58034,0.64343,0.94992,0.63539,0.34498,0.21430,8.01,0.00,0.126,0,0.0
4248,4248.0,35,5433,0.58034,0.64343,0.94992,0.63539,0.34498,0.21430,8.01,0.00,0.126,0,0.0
4249,4249.0,35,5433,0.58034,0.64343,0.94992,0.63539,0.34499,0.21430,8.01,0.00,0.126,0,0.0
4250,4250.0,35,5433,0.58034,0.64343,0.94992,0.63539,0.34499,0.21430,8.01,0.00,0.126,0,0.0
4251,4251.0,35,5433,0.58034,0.64343,0.94992,0.63539,0.34500,0.21430,8.01,0.00,0.126,0,0.0
4252,4252.0,35,5433,0.58034,0.64343,0.94992,0.63539,0.34500,0.21430,8.01,0.00,0.126,0,0.0
4253,4253.0,35,5433,0.58034,0.64344,0.94992,0.63539,0.34500,0.21430,8.01,0.00,0.126,0,0.0
4254,4254.0,35,5433,0.58034,0.64344,0.94992,0.63539,0.34501,0.21430,8.01,0.00,0.126,0,0.0
4255,4255.0,35,5433,0.58035,0.64344,0.94992,0.63539,0.34501,0.21430,8.01,0.00,0.126,0,0.0
4256,4256.0,35,5433,0.58035,0.64344,0.94992,0.63539,0.34501,0.21430,8.01,0.00,0.126,0,0.0
4257,4257.0,35,5433,0.58035,0.64344,0.94992,0.63539,0.34502,0.21430,8.01,0.00,0.126,0,0.0
4258,4258.0,35,5433,0.58035,0.64344,0.94992,0.63539,0.34502,0.21430,8.01,0.00,0.126,0,0.0
4259,4259.0,34,5433,0.58035,0.64344,0.94992,0.63539,0.34502,0.21430,8.01,0.00,0.126,0,0.0
4260,4260.0,34,5433,0.58035,0.64344,0.94992,0.63539,0.34503,0.21430,8.01,0.00,0.126,0,0.0
4261,4261.0,34,5433,0.58035,0.64345,0.94992,0.63539,0.34503,0.21430,8.01,0.00,0.126,0,0.0
4262,4262.0,34,5433,0.58035,0.64345,0.94992,0.63539,0.34503,0.21430,8.01,0.00,0.126,0,0.0
4263,4263.0,34,5433,0.58035,0.64345,0.94992,0.63539,0.34504,0.21430,8.01,0.00,0.126,0,0.0
4264,4264.0,34,5433,0.58035,0.64345,0.94992,0.63539,0.34504,0.21430,8.01,0.00,0.126,0,0.0
4265,4265.0,34,5433,0.58036,0.64345,0.94992,0.63539,0.34504,0.21430,8.01,0.00,0.126,0,0.0
4266,4266.0,34,5433,0.58036,0.64345,0.94992,0.63539,0.34505,0.21430,8.01,0.00,0.126,0,0.0
4267,4267.0,34,5433,0.58036,0.64345,0.94992,0.63539,0.34505,0.21430,8.01,0.00,0.126,0,0.0
4268,4268.0,34,5433,0.58036,0.64345,0.94992,0.63539,0.34505,0.21430,8.01,0.00,0.126,0,0.0
4269,4269.0,34,5433,0.58036,0.64345,0.94992,0.63539,0.34506,0.21430,8.01,0.00,0.126,0,0.0
4270,4270.0,34,5433,0.58036,0.64346,0.94992,0.63539,0.34506,0.21430,8.01,0.00,0.126,0,0.0
4271,4271.0,34,5433,0.58036,0.64346,0.94992,0.63539,0.34506,0.21430,8.01,0.00,0.126,0,0.0
4272,4272.0,34,5433,0.58036,0.64346,0.94992,0.63539,0.34507,0.21430,8.01,0.00,0.126,0,0.0
4273,4273.0,34,5433,0.58036,0.64346,0.94992,0.63539,0.34507,0.21430,8.01,0.00,0.126,0,0.0
4274,4274.0,34,5433,0.58036,0.64346,0.94992,0.63539,0.34508,0.21430,8.01,0.00,0.126,0,0.0
4275,4275.0,34,5433,0.58037,0.64346,0.94992,0.63539,0.34508,0.21430,8.01,0.00,0.126,0,0.0
4276,4276.0,34,5433,0.58037,0.64346,0.94992,0.63539,0.34508,0.21430,8.01,0.00,0.126,0,0.0
4277,4277.0,33,5433,0.58037,0.64346,0.94992,0.63539,0.34509,0.21430,8.01,0.00,0.126,0,0.0
4278,4278.0,33,5433,0.58037,0.64346,0.94992,0.63539,0.34509,0.21430,8.01,0.00,0.126,0,0.0
4279,4279.0,33,5433,0.58037,0.64347,0.94992,0.63539,0.34509,0.21430,8.01,0.00,0.126,0,0.0
4280,4280.0,33,5433,0.58037,0.64347,0.94992,0.63539,0.34509,0.21430,8.01,0.00,0.126,0,0.0
4281,4281.0,33,5433,0.58037,0.64347,0.94992,0.63539,0.34510,0.21430,8.01,0.00,0.126,0,0.0
4282,4282.0,33,5433,0.58037,0.64347,0.94992,0.63539,0.34510,0.21430,8.01,0.00,0.126,0,0.0
4283,4283.0,33,5433,0.58037,0.64347,0.94992,0.63539,0.34510,0.21430,8.01,0.00,0.126,0,0.0
4284,4284.0,33,5433,0.58037,0.64347,0.94992,0.63539,0.34510,0.21430,8.01,0.00,0.126,0,0.0
4285,4285.0,33,5433,0.58037,0.64347,0.94992,0.63539,0.34511,0.21430,8.01,0.00,0.126,0,0.0
4286,4286.0,33,5433,0.58037,0.64347,0.94992,0.63539,0.34511,0.21430,8.01,0.00,0.126,0,0.0
4287,4287.0,33,5433,0.58038,0.64347,0.94992,0.63539,0.34511,0.21430,8.01,0.00,0.126,0,0.0
4288,4288.0,33,5433,0.58038,0.64347,0.94992,0.63539,0.34511,0.21430,8.01,0.00,0.126,0,0.0
4289,4289.0,33,5433,0.58038,0.64347,0.94992,0.63539,0.34512,0.21430,8.01,0.00,0.126,0,0.0
4290,4290.0,33,5433,0.58038,0.64348,0.94992,0.63539,0.34512,0.21430,8.01,0.00,0.126,0,0.0
4291,4291.0,33,5433,0.58038,0.64348,0.94992,0.63539,0.34512,0.21430,8.01,0.00,0.126,0,0.0
4292,4292.0,33,5433,0.58038,0.64348,0.94992,0.63539,0.34512,0.21430,8.01,0.00,0.126,0,0.0
4293,4293.0,33,5433,0.58038,0.64348,0.94992,0.63539,0.34513,0.21430,8.01,0.00,0.126,0,0.0
4294,4294.0,33,5433,0.58038,0.64348,0.94992,0.63539,0.34513,0.21430,8.01,0.00,0.126,0,0.0
4295,4295.0,33,5433,0.58038,0.64348,0.94992,0.63539,0.34513,0.21430,8.01,0.00,0.126,0,0.0
4296,4296.0,33,5433,0.58038,0.64348,0.94992,0.63539,0.34514,0.21430,8.01,0.00,0.126,0,0.0
4297,4297.0,33,5433,0.58038,0.64348,0.94992,0.63539,0.34514,0.21430,8.01,0.00,0.126,0,0.0
4298,4298.0,33,5433,0.58038,0.64348,0.94992,0.63539,0.34514,0.21430,8.01,0.00,0.126,0,0.0
4299,4299.0,33,5433,0.58038,0.64348,0.94992,0.63539,0.34514,0.21430,8.01,0.00,0.126,0,0.0
4300,4300.0,33,5433,0.58039,0.64348,0.94992,0.63539,0.34515,0.21430,8.01,0.00,0.126,0,0.0
4301,4301.0,33,5433,0.58039,0.64348,0.94992,0.63539,0.34515,0.21430,8.01,0.00,0.126,0,0.0
4302,4302.0,33,5433,0.58039,0.64349,0.94992,0.63539,0.34515,0.21430,8.01,0.00,0.126,0,0.0
4303,4303.0,33,5433,0.58039,0.64349,0.94992,0.63539,0.34515,0.21430,8.01,0.00,0.126,0,0.0
4304,4304.0,33,5433,0.58039,0.64349,0.94992,0.63539,0.34516,0.21430,8.01,0.00,0.126,0,0.0
4305,4305.0,33,5433,0.58039,0.64349,0.94992,0.63539,0.34516,0.21430,8.01,0.00,0.126,0,0.0
4306,4306.0,33,5433,0.58039,0.64349,0.94992,0.63539,0.34516,0.21430,8.01,0.00,0.126,0,0.0
4307,4307.0,33,5433,0.58039,0.64349,0.94992,0.63539,0.34516,0.21430,8.01,0.00,0.126,0,0.0
4308,4308.0,33,5433,0.58039,0.64349,0.94992,0.63539,0.34517,0.21430,8.01,0.00,0.126,0,0.0
4309,4309.0,33,5433,0.58039,0.64349,0.94992,0.63539,0.34517,0.21430,8.01,0.00,0.126,0,0.0
4310,4310.0,33,5433,0.58039,0.64349,0.94992,0.63539,0.34517,0.21430,8.01,0.00,0.126,0,0.0
4311,4311.0,33,5433,0.58039,0.64349,0.94992,0.63539,0.34517,0.21430,8.01,0.00,0.126,0,0.0
4312,4312.0,33,5433,0.58039,0.64349,0.94992,0.63539,0.34518,0.21430,8.01,0.00,0.126,0,0.0
4313,4313.0,33,5433,0.58040,0.64350,0.94992,0.63539,0.34518,0.21430,8.01,0.00,0.126,0,0.0
4314,4314.0,33,5433,0.58040,0.64350,0.94992,0.63539,0.34518,0.21430,8.01,0.00,0.126,0,0.0
4315,4315.0,33,5433,0.58040,0.64350,0.94992,0.63539,0.34519,0.21430,8.01,0.00,0.126,0,0.0
4316,4316.0,33,5433,0.58040,0.64350,0.94992,0.63539,0.34519,0.21430,8.01,0.00,0.126,0,0.0
4317,4317.0,33,5433,0.58040,0.64350,0.94992,0.63539,0.34519,0.21430,8.01,0.00,0.126,0,0.0
4318,4318.0,33,5433,0.58040,0.64350,0.94992,0.63539,0.34519,0.21430,8.01,0.00,0.126,0,0.0
4319,4319.0,33,5433,0.58040,0.64350,0.94992,0.63539,0.34520,0.21430,8.01,0.00,0.126,0,0.0
4320,4320.0,33,5433,0.58040,0.64350,0.94992,0.63539,0.34520,0.21430,8.01,0.00,0.126,0,0.0
4321,4321.0,33,5433,0.58040,0.64350,0.94992,0.63539,0.34520,0.21430,8.01,0.00,0.126,0,0.0
4322,4322.0,33,5433,0.58040,0.64350,0.94992,0.63539,0.34520,0.21430,8.01,0.00,0.126,0,0.0
4323,4323.0,33,5433,0.58040,0.64350,0.94992,0.63539,0.34521,0.21430,8.01,0.00,0.126,0,0.0
4324,4324.0,33,5433,0.58040,0.64350,0.94992,0.63539,0.34521,0.21430,8.01,0.00,0.126,0,0.0
4325,4325.0,33,5433,0.58041,0.64351,0.94992,0.63539,0.34521,0.21430,8.01,0.00,0.126,0,0.0
4326,4326.0,33,5433,0.58041,0.64351,0.94992,0.63539,0.34521,0.21430,8.01,0.00,0.126,0,0.0
4327,4327.0,33,5433,0.58041,0.64351,0.94992,0.63539,0.34522,0.21430,8.01,0.00,0.126,0,0.0
4328,4328.0,33,5433,0.58041,0.64351,0.94992,0.63539,0.34522,0.21430,8.01,0.00,0.126,0,0.0
4329,4329.0,33,5433,0.58041,0.64351,0.94992,0.63539,0.34522,0.21430,8.01,0.00,0.126,0,0.0
4330,4330.0,33,5433,0.58041,0.64351,0.94992,0.63539,0.34522,0.21430,8.01,0.00,0.126,0,0.0
4331,4331.0,33,5433,0.58041,0.64351,0.94992,0.63539,0.34523,0.21430,8.01,0.00,0.126,0,0.0
4332,4332.0,33,5433,0.58041,0.64351,0.94992,0.63539,0.34523,0.21430,8.01,0.00,0.126,0,0.0
4333,4333.0,33,5433,0.58041,0.64351,0.94992,0.63539,0.34523,0.21430,8.01,0.00,0.126,0,0.0
4334,4334.0,33,5433,0.58041,0.64351,0.94992,0.63539,0.34524,0.21430,8.01,0.00,0.126,0,0.0
4335,4335.0,33,5433,0.58041,0.64351,0.94992,0.63539,0.34524,0.21430,8.01,0.00,0.126,0,0.0
4336,4336.0,33,5433,0.58041,0.64352,0.94992,0.63539,0.34524,0.21430,8.01,0.00,0.126,0,0.0
4337,4337.0,33,5433,0.58041,0.64352,0.94992,0.63539,0.34524,0.21430,8.01,0.00,0.126,0,0.0
4338,4338.0,33,5433,0.58042,0.64352,0.94992,0.63539,0.34525,0.21430,8.01,0.00,0.126,0,0.0
4339,4339.0,33,5433,0.58042,0.64352,0.94992,0.63539,0.34525,0.21430,8.01,0.00,0.126,0,0.0
4340,4340.0,33,5433,0.58042,0.64352,0.94992,0.63539,0.34525,0.21430,8.01,0.00,0.126,0,0.0
4341,4341.0,33,5433,0.58042,0.64352,0.94992,0.63539,0.34525,0.21430,8.01,0.00,0.126,0,0.0
4342,4342.0,32,5433,0.58042,0.64352,0.94992,0.63539,0.34526,0.21430,8.01,0.00,0.126,0,0.0
4343,4343.0,32,5433,0.58042,0.64352,0.94992,0.63539,0.34526,0.21430,8.01,0.00,0.126,0,0.0
4344,4344.0,32,5433,0.58042,0.64352,0.94992,0.63539,0.34526,0.21430,8.01,0.00,0.126,0,0.0
4345,4345.0,32,5433,0.58042,0.64352,0.94992,0.63539,0.34526,0.21430,8.01,0.00,0.126,0,0.0
4346,4346.0,32,5433,0.58042,0.64352,0.94992,0.63539,0.34526,0.21430,8.01,0.00,0.126,0,0.0
4347,4347.0,32,5433,0.58042,0.64352,0.94992,0.63539,0.34526,0.21430,8.01,0.00,0.126,0,0.0
4348,4348.0,32,5433,0.58042,0.64352,0.94992,0.63539,0.34527,0.21430,8.01,0.00,0.126,0,0.0
4349,4349.0,32,5433,0.58042,0.64352,0.94992,0.63539,0.34527,0.21430,8.01,0.00,0.126,0,0.0
4350,4350.0,32,5433,0.58042,0.64353,0.94992,0.63539,0.34527,0.21430,8.01,0.00,0.126,0,0.0
4351,4351.0,32,5433,0.58042,0.64353,0.94992,0.63539,0.34527,0.21430,8.01,0.00,0.126,0,0.0
4352,4352.0,32,5433,0.58042,0.64353,0.94992,0.63539,0.34527,0.21430,8.01,0.00,0.126,0,0.0
4353,4353.0,32,5433,0.58042,0.64353,0.94992,0.63539,0.34527,0.21430,8.01,0.00,0.126,0,0.0
4354,4354.0,32,5433,0.58042,0.64353,0.94992,0.63539,0.34528,0.21430,8.01,0.00,0.126,0,0.0
4355,4355.0,32,5433,0.58042,0.64353,0.94992,0.63539,0.34528,0.21430,8.01,0.00,0.126,0,0.0
4356,4356.0,32,5433,0.58043,0.64353,0.94992,0.63539,0.34528,0.21430,8.01,0.00,0.126,0,0.0
4357,4357.0,32,5433,0.58043,0.64353,0.94992,0.63539,0.34528,0.21430,8.01,0.00,0.126,0,0.0
4358,4358.0,32,5433,0.58043,0.64353,0.94992,0.63539,0.34528,0.21430,8.01,0.00,0.126,0,0.0
4359,4359.0,32,5433,0.58043,0.64353,0.94992,0.63539,0.34528,0.21430,8.01,0.00,0.126,0,0.0
4360,4360.0,32,5433,0.58043,0.64353,0.94992,0.63539,0.34529,0.21430,8.01,0.00,0.126,0,0.0
4361,4361.0,32,5433,0.58043,0.64353,0.94992,0.63539,0.34529,0.21430,8.01,0.00,0.126,0,0.0
4362,4362.0,32,5433,0.58043,0.64353,0.94992,0.63539,0.34529,0.21430,8.01,0.00,0.126,0,0.0
4363,4363.0,32,5433,0.58043,0.64353,0.94992,0.63539,0.34529,0.21430,8.01,0.00,0.126,0,0.0
4364,4364.0,32,5433,0.58043,0.64353,0.94992,0.63539,0.34529,0.21430,8.01,0.00,0.126,0,0.0
4365,4365.0,32,5433,0.58043,0.64353,0.94992,0.63539,0.34530,0.21430,8.01,0.00,0.126,0,0.0
4366,4366.0,32,5433,0.58043,0.64353,0.94992,0.63539,0.34530,0.21430,8.01,0.00,0.126,0,0.0
4367,4367.0,32,5433,0.58043,0.64353,0.94992,0.63539,0.34530,0.21430,8.01,0.00,0.126,0,0.0
4368,4368.0,32,5433,0.58043,0.64354,0.94992,0.63539,0.34530,0.21430,8.01,0.00,0.126,0,0.0
4369,4369.0,32,5433,0.58043,0.64354,0.94992,0.63539,0.34530,0.21430,8.01,0.00,0.126,0,0.0
4370,4370.0,32,5433,0.58043,0.64354,0.94992,0.63539,0.34530,0.21430,8.01,0.00,0.126,0,0.0
4371,4371.0,32,5433,0.58043,0.64354,0.94992,0.63539,0.34531,0.21430,8.01,0.00,0.126,0,0.0
4372,4372.0,32,5433,0.58043,0.64354,0.94992,0.63539,0.34531,0.21430,8.01,0.00,0.126,0,0.0
4373,4373.0,32,5433,0.58043,0.64354,0.94992,0.63539,0.34531,0.21430,8.01,0.00,0.126,0,0.0
4374,4374.0,32,5433,0.58043,0.64354,0.94992,0.63539,0.34531,0.21430,8.01,0.00,0.126,0,0.0
4375,4375.0,32,5433,0.58043,0.64354,0.94992,0.63539,0.34531,0.21430,8.01,0.00,0.126,0,0.0
4376,4376.0,32,5433,0.58044,0.64354,0.94992,0.63539,0.34531,0.21430,8.01,0.00,0.126,0,0.0
4377,4377.0,32,5433,0.58044,0.64354,0.94992,0.63539,0.34532,0.21430,8.01,0.00,0.126,0,0.0
4378,4378.0,32,5433,0.58044,0.64354,0.94992,0.63539,0.34532,0.21430,8.01,0.00,0.126,0,0.0
4379,4379.0,32,5433,0.58044,0.64354,0.94992,0.63539,0.34532,0.21430,8.01,0.00,0.126,0,0.0
4380,4380.0,32,5433,0.58044,0.64354,0.94992,0.63539,0.34532,0.21430,8.01,0.00,0.126,0,0.0
4381,4381.0,32,5433,0.58044,0.64354,0.94992,0.63539,0.34532,0.21430,8.01,0.00,0.126,0,0.0
4382,4382.0,32,5433,0.58044,0.64354,0.94992,0.63539,0.34532,0.21430,8.01,0.00,0.126,0,0.0
4383,4383.0,32,5433,0.58044,0.64354,0.94992,0.63539,0.34533,0.21430,8.01,0.00,0.126,0,0.0
4384,4384.0,32,5433,0.58044,0.64354,0.94992,0.63539,0.34533,0.21430,8.01,0.00,0.126,0,0.0
4385,4385.0,32,5433,0.58044,0.64354,0.94992,0.63539,0.34533,0.21430,8.01,0.00,0.126,0,0.0
4386,4386.0,32,5433,0.58044,0.64355,0.94992,0.63539,0.34533,0.21430,8.01,0.00,0.126,0,0.0
4387,4387.0,32,5433,0.58044,0.64355,0.94992,0.63539,0.34533,0.21430,8.01,0.00,0.126,0,0.0
4388,4388.0,31,5433,0.58044,0.64355,0.94992,0.63539,0.34533,0.21430,8.01,0.00,0.126,0,0.0
4389,4389.0,31,5433,0.58044,0.64355,0.94992,0.63539,0.34533,0.21430,8.01,0.00,0.126,0,0.0
4390,4390.0,31,5433,0.58044,0.64355,0.94992,0.63539,0.34534,0.21430,8.01,0.00,0.126,0,0.0
4391,4391.0,31,5433,0.58044,0.64355,0.94992,0.63539,0.34534,0.21430,8.01,0.00,0.126,0,0.0
4392,4392.0,30,5433,0.58044,0.64355,0.94992,0.63539,0.34534,0.21430,8.01,0.00,0.126,0,0.0
4393,4393.0,30,5433,0.58044,0.64355,0.94992,0.63539,0.34534,0.21430,8.01,0.00,0.126,0,0.0
4394,4394.0,30,5433,0.58044,0.64355,0.94992,0.63539,0.34534,0.21430,8.01,0.00,0.126,0,0.0
4395,4395.0,30,5433,0.58044,0.64355,0.94992,0.63539,0.34534,0.21430,8.01,0.00,0.126,0,0.0
4396,4396.0,30,5433,0.58044,0.64355,0.94992,0.63539,0.34534,0.21430,8.01,0.00,0.126,0,0.0
4397,4397.0,30,5433,0.58044,0.64355,0.94992,0.63539,0.34534,0.21430,8.01,0.00,0.126,0,0.0
4398,4398.0,30,5433,0.58044,0.64355,0.94992,0.63539,0.34534,0.21430,8.01,0.00,0.126,0,0.0
4399,4399.0,30,5433,0.58044,0.64355,0.94992,0.63539,0.34534,0.21430,8.01,0.00,0.126,0,0.0
4400,4400.0,30,5433,0.58044,0.64355,0.94992,0.63539,0.34534,0.21430,8.01,0.00,0.126,0,0.0
4401,4401.0,30,5433,0.58044,0.64355,0.94992,0.63539,0.34534,0.21430,8.01,0.00,0.126,0,0.0
4402,4402.0,30,5433,0.58044,0.64355,0.94992,0.63539,0.34535,0.21430,8.01,0.00,0.126,0,0.0
4403,4403.0,30,5433,0.58044,0.64355,0.94992,0.63539,0.34535,0.21430,8.01,0.00,0.126,0,0.0
4404,4404.0,30,5433,0.58044,0.64355,0.94992,0.63539,0.34535,0.21430,8.01,0.00,0.126,0,0.0
4405,4405.0,30,5433,0.58045,0.64355,0.94992,0.63539,0.34535,0.21430,8.01,0.00,0.126,0,0.0
4406,4406.0,30,5433,0.58045,0.64355,0.94992,0.63539,0.34535,0.21430,8.01,0.00,0.126,0,0.0
4407,4407.0,30,5433,0.58045,0.64355,0.94992,0.63539,0.34535,0.21430,8.01,0.00,0.126,0,0.0
4408,4408.0,30,5433,0.58045,0.64355,0.94992,0.63539,0.34535,0.21430,8.01,0.00,0.126,0,0.0
4409,4409.0,30,5433,0.58045,0.64355,0.94992,0.63539,0.34535,0.21430,8.01,0.00,0.126,0,0.0
4410,4410.0,30,5433,0.58045,0.64355,0.94992,0.63539,0.34535,0.21430,8.01,0.00,0.126,0,0.0
4411,4411.0,30,5433,0.58045,0.64355,0.94992,0.63539,0.34535,0.21430,8.01,0.00,0.126,0,0.0
4412,4412.0,30,5433,0.58045,0.64355,0.94992,0.63539,0.34535,0.21430,8.01,0.00,0.126,0,0.0
4413,4413.0,30,5433,0.58045,0.64355,0.94992,0.63539,0.34536,0.21430,8.01,0.00,0.126,0,0.0
4414,4414.0,30,5433,0.58045,0.64355,0.94992,0.63539,0.34536,0.21430,8.01,0.00,0.126,0,0.0
4415,4415.0,30,5433,0.58045,0.64355,0.94992,0.63539,0.34536,0.21430,8.01,0.00,0.126,0,0.0
4416,4416.0,29,5433,0.58045,0.64355,0.94992,0.63539,0.34536,0.21430,8.01,0.00,0.126,0,0.0
4417,4417.0,29,5433,0.58045,0.64355,0.94992,0.63539,0.34536,0.21430,8.01,0.00,0.126,0,0.0
4418,4418.0,29,5433,0.58045,0.64355,0.94992,0.63539,0.34536,0.21430,8.01,0.00,0.126,0,0.0
4419,4419.0,29,5433,0.58045,0.64356,0.94992,0.63539,0.34536,0.21430,8.01,0.00,0.126,0,0.0
4420,4420.0,29,5433,0.58045,0.64356,0.94992,0.63539,0.34536,0.21430,8.01,0.00,0.126,0,0.0
4421,4421.0,29,5433,0.58045,0.64356,0.94992,0.63539,0.34536,0.21430,8.01,0.00,0.126,0,0.0
4422,4422.0,29,5433,0.58045,0.64356,0.94992,0.63539,0.34536,0.21430,8.01,0.00,0.126,0,0.0
4423,4423.0,29,5433,0.58045,0.64356,0.94992,0.63539,0.34536,0.21430,8.01,0.00,0.126,0,0.0
4424,4424.0,29,5433,0.58045,0.64356,0.94992,0.63539,0.34536,0.21430,8.01,0.00,0.126,0,0.0
4425,4425.0,29,5433,0.58045,0.64356,0.94992,0.63539,0.34537,0.21430,8.01,0.00,0.126,0,0.0
4426,4426.0,29,5433,0.58045,0.64356,0.94992,0.63539,0.34537,0.21430,8.01,0.00,0.126,0,0.0
4427,4427.0,29,5433,0.58045,0.64356,0.94992,0.63539,0.34537,0.21430,8.01,0.00,0.126,0,0.0
4428,4428.0,29,5433,0.58045,0.64356,0.94992,0.63539,0.34537,0.21430,8.01,0.00,0.126,0,0.0
4429,4429.0,29,5433,0.58045,0.64356,0.94992,0.63539,0.34537,0.21430,8.01,0.00,0.126,0,0.0
4430,4430.0,29,5433,0.58045,0.64356,0.94992,0.63539,0.34537,0.21430,8.01,0.00,0.126,0,0.0
4431,4431.0,29,5433,0.58045,0.64356,0.94992,0.63539,0.34537,0.21430,8.01,0.00,0.126,0,0.0
4432,4432.0,29,5433,0.58045,0.64356,0.94992,0.63539,0.34537,0.21430,8.01,0.00,0.126,0,0.0
4433,4433.0,29,5433,0.58045,0.64356,0.94992,0.63539,0.34537,0.21430,8.01,0.00,0.126,0,0.0
4434,4434.0,29,5433,0.58045,0.64356,0.94992,0.63539,0.34537,0.21430,8.01,0.00,0.126,0,0.0
4435,4435.0,29,5433,0.58045,0.64356,0.94992,0.63539,0.34537,0.21430,8.01,0.00,0.126,0,0.0
4436,4436.0,28,5433,0.58045,0.64356,0.94992,0.63539,0.34537,0.21430,8.01,0.00,0.126,0,0.0
4437,4437.0,28,5433,0.58045,0.64356,0.94992,0.63539,0.34537,0.21430,8.01,0.00,0.126,0,0.0
4438,4438.0,28,5433,0.58045,0.64356,0.94992,0.63539,0.34537,0.21430,8.01,0.00,0.126,0,0.0
4439,4439.0,28,5433,0.58045,0.64356,0.94992,0.63539,0.34537,0.21430,8.01,0.00,0.126,0,0.0
4440,4440.0,28,5433,0.58045,0.64356,0.94992,0.63539,0.34537,0.21430,8.01,0.00,0.126,0,0.0
4441,4441.0,27,5433,0.58045,0.64356,0.94992,0.63539,0.34537,0.21430,8.01,0.00,0.126,0,0.0
4442,4442.0,27,5433,0.58045,0.64356,0.94992,0.63539,0.34537,0.21430,8.01,0.00,0.126,0,0.0
4443,4443.0,27,5433,0.58045,0.64356,0.94992,0.63539,0.34537,0.21430,8.01,0.00,0.126,0,0.0
4444,4444.0,27,5433,0.58045,0.64356,0.94992,0.63539,0.34537,0.21430,8.01,0.00,0.126,0,0.0
4445,4445.0,27,5433,0.58045,0.64356,0.94992,0.63539,0.34537,0.21430,8.01,0.00,0.126,0,0.0
4446,4446.0,27,5433,0.58045,0.64356,0.94992,0.63539,0.34537,0.21430,8.01,0.00,0.126,0,0.0
4447,4447.0,27,5433,0.58045,0.64356,0.94992,0.63539,0.34537,0.21430,8.01,0.00,0.126,0,0.0
4448,4448.0,27,5433,0.58045,0.64356,0.94992,0.63539,0.34537,0.21430,8.01,0.00,0.126,0,0.0
4449,4449.0,26,5433,0.58045,0.64356,0.94992,0.63539,0.34537,0.21430,8.01,0.00,0.126,0,0.0
4450,4450.0,26,5433,0.58045,0.64356,0.94992,0.63539,0.34537,0.21430,8.01,0.00,0.126,0,0.0
4451,4451.0,25,5433,0.58045,0.64356,0.94992,0.63539,0.34537,0.21430,8.01,0.00,0.126,0,0.0
4452,4452.0,25,5433,0.58045,0.64356,0.94992,0.63539,0.34537,0.21430,8.01,0.00,0.126,0,0.0
4453,4453.0,25,5433,0.58045,0.64356,0.94992,0.63539,0.34537,0.21430,8.01,0.00,0.126,0,0.0
4454,4454.0,25,5433,0.58045,0.64356,0.94992,0.63539,0.34537,0.21430,8.01,0.00,0.126,0,0.0
4455,4455.0,25,5433,0.58045,0.64356,0.94992,0.63539,0.34537,0.21430,8.01,0.00,0.126,0,0.0
4456,4456.0,25,5433,0.58045,0.64356,0.94992,0.63539,0.34537,0.21430,8.01,0.00,0.126,0,0.0
4457,4457.0,25,5433,0.58045,0.64356,0.94992,0.63539,0.34537,0.21430,8.01,0.00,0.126,0,0.0
4458,4458.0,25,5433,0.58045,0.64356,0.94992,0.63539,0.34537,0.21430,8.01,0.00,0.126,0,0.0
4459,4459.0,25,5433,0.58045,0.64356,0.94992,0.63539,0.34537,0.21430,8.01,0.00,0.126,0,0.0
4460,4460.0,25,5433,0.58045,0.64356,0.94992,0.63539,0.34537,0.21430,8.01,0.00,0.126,0,0.0
4461,4461.0,25,5433,0.58045,0.64356,0.94992,0.63539,0.34537,0.21430,8.01,0.00,0.126,0,0.0
4462,4462.0,25,5433,0.58045,0.64356,0.94992,0.63539,0.34537,0.21430,8.01,0.00,0.126,0,0.0
4463,4463.0,25,5433,0.58045,0.64356,0.94992,0.63539,0.34537,0.21430,8.01,0.00,0.126,0,0.0
4464,4464.0,25,5433,0.58045,0.64356,0.94992,0.63539,0.34537,0.21430,8.01,0.00,0.126,0,0.0
4465,4465.0,24,5433,0.58045,0.64356,0.94992,0.63539,0.34537,0.21430,8.01,0.00,0.126,0,0.0
4466,4466.0,24,5433,0.58045,0.64356,0.94992,0.63539,0.34537,0.21430,8.01,0.00,0.126,0,0.0
4467,4467.0,24,5433,0.58045,0.64356,0.94992,0.63539,0.34537,0.21430,8.01,0.00,0.126,0,0.0
4468,4468.0,24,5433,0.58045,0.64356,0.94992,0.63539,0.34537,0.21430,8.01,0.00,0.126,0,0.0
4469,4469.0,24,5433,0.58045,0.64356,0.94992,0.63539,0.34537,0.21430,8.01,0.00,0.126,0,0.0
4470,4470.0,24,5433,0.58045,0.64356,0.94992,0.63539,0.34537,0.21430,8.01,0.00,0.126,0,0.0
4471,4471.0,24,5433,0.58045,0.64356,0.94992,0.63539,0.34537,0.21430,8.01,0.00,0.126,0,0.0
4472,4472.0,24,5433,0.58045,0.64356,0.94992,0.63539,0.34537,0.21430,8.01,0.00,0.126,0,0.0
4473,4473.0,24,5433,0.58045,0.64356,0.94992,0.63539,0.34537,0.21430,8.01,0.00,0.126,0,0.0
4474,4474.0,24,5433,0.58045,0.64356,0.94992,0.63539,0.34537,0.21430,8.01,0.00,0.126,0,0.0
4475,4475.0,24,5433,0.58045,0.64356,0.94992,0.63539,0.34537,0.21430,8.01,0.00,0.126,0,0.0
4476,4476.0,24,5433,0.58045,0.64356,0.94992,0.63539,0.34537,0.21430,8.01,0.00,0.126,0,0.0
4477,4477.0,24,5433,0.58045,0.64356,0.94992,0.63539,0.34537,0.21430,8.01,0.00,0.126,0,0.0
4478,4478.0,24,5433,0.58045,0.64356,0.94992,0.63539,0.34537,0.21430,8.01,0.00,0.126,0,0.0
4479,4479.0,24,5433,0.58045,0.64356,0.94992,0.63539,0.34537,0.21430,8.01,0.00,0.126,0,0.0
4480,4480.0,24,5433,0.58045,0.64356,0.94992,0.63539,0.34537,0.21430,8.01,0.00,0.126,0,0.0
4481,4481.0,24,5433,0.58045,0.64356,0.94992,0.63539,0.34537,0.21430,8.01,0.00,0.126,0,0.0
4482,4482.0,23,5433,0.58045,0.64356,0.94992,0.63539,0.34537,0.21430,8.01,0.00,0.126,0,0.0
4483,4483.0,23,5433,0.58045,0.64356,0.94992,0.63539,0.34537,0.21430,8.01,0.00,0.126,0,0.0
4484,4484.0,23,5433,0.58045,0.64356,0.94992,0.63539,0.34537,0.21430,8.01,0.00,0.126,0,0.0
4485,4485.0,22,5433,0.58045,0.64356,0.94992,0.63539,0.34537,0.21430,8.01,0.00,0.126,0,0.0
4486,4486.0,22,5433,0.58045,0.64356,0.94992,0.63539,0.34537,0.21430,8.01,0.00,0.126,0,0.0
4487,4487.0,22,5433,0.58045,0.64356,0.94992,0.63539,0.34537,0.21430,8.01,0.00,0.126,0,0.0
4488,4488.0,22,5433,0.58045,0.64356,0.94992,0.63539,0.34537,0.21430,8.01,0.00,0.126,0,0.0
4489,4489.0,22,5433,0.58045,0.64356,0.94992,0.63539,0.34537,0.21430,8.01,0.00,0.126,0,0.0
4490,4490.0,22,5433,0.58045,0.64356,0.94992,0.63539,0.34537,0.21430,8.01,0.00,0.126,0,0.0
4491,4491.0,22,5433,0.58045,0.64356,0.94992,0.63539,0.34537,0.21430,8.01,0.00,0.126,0,0.0
4492,4492.0,22,5433,0.58045,0.64356,0.94992,0.63539,0.34537,0.21430,8.01,0.00,0.126,0,0.0
4493,4493.0,22,5433,0.58045,0.64356,0.94992,0.63539,0.34537,0.21430,8.01,0.00,0.126,0,0.0
4494,4494.0,22,5433,0.58045,0.64356,0.94992,0.63539,0.34537,0.21430,8.01,0.00,0.126,0,0.0
4495,4495.0,22,5433,0.58045,0.64356,0.94992,0.63539,0.34537,0.21430,8.01,0.00,0.126,0,0.0
4496,4496.0,21,5433,0.58045,0.64356,0.94992,0.63539,0.34537,0.21430,8.01,0.00,0.126,0,0.0
4497,4497.0,21,5433,0.58045,0.64356,0.94992,0.63539,0.34537,0.21430,8.01,0.00,0.126,0,0.0
4498,4498.0,21,5433,0.58045,0.64356,0.94992,0.63539,0.34537,0.21430,8.01,0.00,0.126,0,0.0
4499,4499.0,21,5433,0.58045,0.64356,0.94992,0.63539,0.34537,0.21430,8.01,0.00,0.126,0,0.0
4500,4500.0,20,5433,0.58045,0.64356,0.94992,0.63539,0.34537,0.21430,8.01,0.00,0.126,0,0.0
4501,4501.0,20,5433,0.58045,0.64356,0.94992,0.63539,0.34537,0.21430,8.01,0.00,0.126,0,0.0
4502,4502.0,19,5433,0.58045,0.64356,0.94992,0.63539,0.34537,0.21430,8.01,0.00,0.126,0,0.0
4503,4503.0,19,5433,0.58045,0.64356,0.94992,0.63539,0.34537,0.21430,8.01,0.00,0.126,0,0.0
4504,4504.0,19,5433,0.58045,0.64356,0.94992,0.63539,0.34537,0.21430,8.01,0.00,0.126,0,0.0
4505,4505.0,19,5433,0.58045,0.64356,0.94992,0.63539,0.34537,0.21430,8.01,0.00,0.126,0,0.0
4506,4506.0,19,5433,0.58045,0.64356,0.94992,0.63539,0.34537,0.21430,8.01,0.00,0.126,0,0.0
4507,4507.0,18,5433,0.58045,0.64356,0.94992,0.63539,0.34537,0.21430,8.01,0.00,0.126,0,0.0
4508,4508.0,18,5433,0.58045,0.64356,0.94992,0.63539,0.34537,0.21430,8.01,0.00,0.126,0,0.0
4509,4509.0,18,5433,0.58045,0.64356,0.94992,0.63539,0.34537,0.21430,8.01,0.00,0.126,0,0.0
4510,4510.0,18,5433,0.58045,0.64356,0.94992,0.63539,0.34537,0.21430,8.01,0.00,0.126,0,0.0
4511,4511.0,18,5433,0.58045,0.64356,0.94992,0.63539,0.34537,0.21430,8.01,0.00,0.126,0,0.0
4512,4512.0,18,5433,0.58045,0.64356,0.94992,0.63539,0.34537,0.21430,8.01,0.00,0.126,0,0.0
4513,4513.0,18,5433,0.58045,0.64356,0.94992,0.63539,0.34537,0.21430,8.01,0.00,0.126,0,0.0
4514,4514.0,18,5433,0.58045,0.64356,0.94992,0.63539,0.34537,0.21430,8.01,0.00,0.126,0,0.0
4515,4515.0,18,5433,0.58045,0.64356,0.94992,0.63539,0.34537,0.21430,8.01,0.00,0.126,0,0.0
4516,4516.0,18,5433,0.58045,0.64356,0.94992,0.63539,0.34537,0.21430,8.01,0.00,0.126,0,0.0
4517,4517.0,18,5433,0.58045,0.64356,0.94992,0.63539,0.34537,0.21430,8.01,0.00,0.126,0,0.0
4518,4518.0,18,5433,0.58045,0.64356,0.94992,0.63539,0.34537,0.21430,8.01,0.00,0.126,0,0.0
4519,4519.0,18,5433,0.58045,0.64356,0.94992,0.63539,0.34537,0.21430,8.01,0.00,0.126,0,0.0
4520,4520.0,18,5433,0.58045,0.64356,0.94992,0.63539,0.34537,0.21430,8.01,0.00,0.126,0,0.0
4521,4521.0,18,5433,0.58045,0.64356,0.94992,0.63539,0.34537,0.21430,8.01,0.00,0.126,0,0.0
4522,4522.0,18,5433,0.58045,0.64356,0.94992,0.63539,0.34537,0.21430,8.01,0.00,0.126,0,0.0
4523,4523.0,18,5433,0.58045,0.64356,0.94992,0.63539,0.34537,0.21430,8.01,0.00,0.126,0,0.0
4524,4524.0,18,5433,0.58045,0.64356,0.94992,0.63539,0.34537,0.21430,8.01,0.00,0.126,0,0.0
4525,4525.0,18,5433,0.58045,0.64356,0.94992,0.63539,0.34537,0.21430,8.01,0.00,0.126,0,0.0
4526,4526.0,18,5433,0.58045,0.64356,0.94992,0.63539,0.34537,0.21430,8.01,0.00,0.126,0,0.0
4527,4527.0,18,5433,0.58045,0.64356,0.94992,0.63539,0.34537,0.21430,8.01,0.00,0.126,0,0.0
4528,4528.0,18,5433,0.58045,0.64356,0.94992,0.63539,0.34537,0.21430,8.01,0.00,0.126,0,0.0
4529,4529.0,18,5433,0.58045,0.64356,0.94992,0.63539,0.34537,0.21430,8.01,0.00,0.126,0,0.0
4530,4530.0,18,5433,0.58045,0.64356,0.94992,0.63539,0.34537,0.21430,8.01,0.00,0.126,0,0.0
4531,4531.0,18,5433,0.58045,0.64356,0.94992,0.63539,0.34537,0.21430,8.01,0.00,0.126,0,0.0
4532,4532.0,18,5433,0.58045,0.64356,0.94992,0.63539,0.34537,0.21430,8.01,0.00,0.126,0,0.0
4533,4533.0,18,5433,0.58045,0.64356,0.94992,0.63539,0.34537,0.21430,8.01,0.00,0.126,0,0.0
4534,4534.0,18,5433,0.58045,0.64356,0.94992,0.63539,0.34537,0.21430,8.01,0.00,0.126,0,0.0
4535,4535.0,18,5433,0.58045,0.64356,0.94992,0.63539,0.34537,0.21430,8.01,0.00,0.126,0,0.0
4536,4536.0,18,5433,0.58045,0.64356,0.94992,0.63539,0.34537,0.21430,8.01,0.00,0.126,0,0.0
4537,4537.0,17,5433,0.58045,0.64356,0.94992,0.63539,0.34537,0.21430,8.01,0.00,0.126,0,0.0
4538,4538.0,17,5433,0.58045,0.64356,0.94992,0.63539,0.34537,0.21430,8.01,0.00,0.126,0,0.0
4539,4539.0,17,5433,0.58045,0.64356,0.94992,0.63539,0.34537,0.21430,8.01,0.00,0.126,0,0.0
4540,4540.0,17,5433,0.58045,0.64356,0.94992,0.63539,0.34537,0.21430,8.01,0.00,0.126,0,0.0
4541,4541.0,17,5433,0.58045,0.64356,0.94992,0.63539,0.34537,0.21430,8.01,0.00,0.126,0,0.0
4542,4542.0,17,5433,0.58045,0.64356,0.94992,0.63539,0.34537,0.21430,8.01,0.00,0.126,0,0.0
4543,4543.0,17,5433,0.58045,0.64356,0.94992,0.63539,0.34537,0.21430,8.01,0.00,0.126,0,0.0
4544,4544.0,17,5433,0.58045,0.64356,0.94992,0.63539,0.34537,0.21430,8.01,0.00,0.126,0,0.0
4545,4545.0,17,5433,0.58045,0.64356,0.94992,0.63539,0.34537,0.21430,8.01,0.00,0.126,0,0.0
4546,4546.0,17,5433,0.58045,0.64356,0.94992,0.63539,0.34537,0.21430,8.01,0.00,0.126,0,0.0
4547,4547.0,17,5433,0.58045,0.64356,0.94992,0.63539,0.34537,0.21430,8.01,0.00,0.126,0,0.0
4548,4548.0,17,5433,0.58045,0.64356,0.94992,0.63539,0.34537,0.21430,8.01,0.00,0.126,0,0.0
4549,4549.0,17,5433,0.58045,0.64356,0.94992,0.63539,0.34537,0.21430,8.01,0.00,0.126,0,0.0
4550,4550.0,17,5433,0.58045,0.64356,0.94992,0.63539,0.34537,0.21430,8.01,0.00,0.126,0,0.0
4551,4551.0,17,5433,0.58045,0.64356,0.94992,0.63539,0.34537,0.21430,8.01,0.00,0.126,0,0.0
4552,4552.0,17,5433,0.58045,0.64356,0.94992,0.63539,0.34537,0.21430,8.01,0.00,0.126,0,0.0
4553,4553.0,17,5433,0.58045,0.64356,0.94992,0.63539,0.34537,0.21430,8.01,0.00,0.126,0,0.0
4554,4554.0,17,5433,0.58045,0.64356,0.94992,0.63539,0.34537,0.21430,8.01,0.00,0.126,0,0.0
4555,4555.0,17,5433,0.58045,0.64356,0.94992,0.63539,0.34537,0.21430,8.01,0.00,0.126,0,0.0
4556,4556.0,17,5433,0.58045,0.64356,0.94992,0.63539,0.34537,0.21430,8.01,0.00,0.126,0,0.0
4557,4557.0,17,5433,0.58045,0.64356,0.94992,0.63539,0.34537,0.21430,8.01,0.00,0.126,0,0.0
4558,4558.0,17,5433,0.58045,0.64356,0.94992,0.63539,0.34537,0.21430,8.01,0.00,0.126,0,0.0
4559,4559.0,17,5433,0.58045,0.64356,0.94992,0.63539,0.34537,0.21430,8.01,0.00,0.126,0,0.0
4560,4560.0,17,5433,0.58045,0.64356,0.94992,0.63539,0.34537,0.21430,8.01,0.00,0.126,0,0.0
4561,4561.0,17,5433,0.58045,0.64356,0.94992,0.63539,0.34537,0.21430,8.01,0.00,0.126,0,0.0
4562,4562.0,16,5433,0.58045,0.64356,0.94992,0.63539,0.34537,0.21430,8.01,0.00,0.126,0,0.0
4563,4563.0,15,5433,0.58045,0.64356,0.94992,0.63539,0.34537,0.21430,8.01,0.00,0.126,0,0.0
4564,4564.0,14,5433,0.58045,0.64356,0.94992,0.63539,0.34537,0.21430,8.01,0.00,0.126,0,0.0
4565,4565.0,14,5433,0.58045,0.64356,0.94992,0.63539,0.34537,0.21430,8.01,0.00,0.126,0,0.0
4566,4566.0,14,5433,0.58045,0.64356,0.94992,0.63539,0.34537,0.21430,8.01,0.00,0.126,0,0.0
4567,4567.0,13,5433,0.58045,0.64356,0.94992,0.63539,0.34537,0.21430,8.01,0.00,0.126,0,0.0
4568,4568.0,13,5433,0.58045,0.64356,0.94992,0.63539,0.34537,0.21430,8.01,0.00,0.126,0,0.0
4569,4569.0,13,5433,0.58045,0.64356,0.94992,0.63539,0.34537,0.21430,8.01,0.00,0.126,0,0.0
4570,4570.0,13,5433,0.58045,0.64356,0.94992,0.63539,0.34537,0.21430,8.01,0.00,0.126,0,0.0
4571,4571.0,13,5433,0.58045,0.64356,0.94992,0.63539,0.34537,0.21430,8.01,0.00,0.126,0,0.0
4572,4572.0,13,5433,0.58045,0.64356,0.94992,0.63539,0.34537,0.21430,8.01,0.00,0.126,0,0.0
4573,4573.0,13,5433,0.58045,0.64356,0.94992,0.63539,0.34537,0.21430,8.01,0.00,0.126,0,0.0
4574,4574.0,13,5433,0.58045,0.64356,0.94992,0.63539,0.34537,0.21430,8.01,0.00,0.126,0,0.0
4575,4575.0,13,5433,0.58045,0.64356,0.94992,0.63539,0.34537,0.21430,8.01,0.00,0.126,0,0.0
4576,4576.0,13,5433,0.58045,0.64356,0.94992,0.63539,0.34537,0.21430,8.01,0.00,0.126,0,0.0
4577,4577.0,13,5433,0.58045,0.64356,0.94992,0.63539,0.34537,0.21430,8.01,0.00,0.126,0,0.0
4578,4578.0,13,5433,0.58045,0.64356,0.94992,0.63539,0.34537,0.21430,8.01,0.00,0.126,0,0.0
4579,4579.0,13,5433,0.58045,0.64356,0.94992,0.63539,0.34537,0.21430,8.01,0.00,0.126,0,0.0
4580,4580.0,13,5433,0.58045,0.64356,0.94992,0.63539,0.34537,0.21430,8.01,0.00,0.126,0,0.0
4581,4581.0,13,5433,0.58045,0.64356,0.94992,0.63539,0.34537,0.21430,8.01,0.00,0.126,0,0.0
4582,4582.0,13,5433,0.58045,0.64356,0.94992,0.63539,0.34537,0.21430,8.01,0.00,0.126,0,0.0
4583,4583.0,13,5433,0.58045,0.64356,0.94992,0.63539,0.34537,0.21430,8.01,0.00,0.126,0,0.0
4584,4584.0,12,5433,0.58045,0.64356,0.94992,0.63539,0.34537,0.21430,8.01,0.00,0.126,0,0.0
4585,4585.0,12,5433,0.58045,0.64356,0.94992,0.63539,0.34537,0.21430,8.01,0.00,0.126,0,0.0
4586,4586.0,12,5433,0.58045,0.64356,0.94992,0.63539,0.34537,0.21430,8.01,0.00,0.126,0,0.0
4587,4587.0,12,5433,0.58045,0.64356,0.94992,0.63539,0.34537,0.21430,8.01,0.00,0.126,0,0.0
4588,4588.0,12,5433,0.58045,0.64356,0.94992,0.63539,0.34537,0.21430,8.01,0.00,0.126,0,0.0
4589,4589.0,12,5433,0.58045,0.64356,0.94992,0.63539,0.34537,0.21430,8.01,0.00,0.126,0,0.0
4590,4590.0,12,5433,0.58045,0.64356,0.94992,0.63539,0.34537,0.21430,8.01,0.00,0.126,0,0.0
4591,4591.0,12,5433,0.58045,0.64356,0.94992,0.63539,0.34537,0.21430,8.01,0.00,0.126,0,0.0
4592,4592.0,12,5433,0.58045,0.64356,0.94992,0.63539,0.34537,0.21430,8.01,0.00,0.126,0,0.0
4593,4593.0,12,5433,0.58045,0.64356,0.94992,0.63539,0.34537,0.21430,8.01,0.00,0.126,0,0.0
4594,4594.0,12,5433,0.58045,0.64356,0.94992,0.63539,0.34537,0.21430,8.01,0.00,0.126,0,0.0
4595,4595.0,12,5433,0.58045,0.64356,0.94992,0.63539,0.34537,0.21430,8.01,0.00,0.126,0,0.0
4596,4596.0,12,5433,0.58045,0.64356,0.94992,0.63539,0.34537,0.21430,8.01,0.00,0.126,0,0.0
4597,4597.0,12,5433,0.58045,0.64356,0.94992,0.63539,0.34537,0.21430,8.01,0.00,0.126,0,0.0
4598,4598.0,11,5433,0.58045,0.64356,0.94992,0.63539,0.34537,0.21430,8.01,0.00,0.126,0,0.0
4599,4599.0,11,5433,0.58045,0.64356,0.94992,0.63539,0.34537,0.21430,8.01,0.00,0.126,0,0.0
4600,4600.0,11,5433,0.58045,0.64356,0.94992,0.63539,0.34537,0.21430,8.01,0.00,0.126,0,0.0
4601,4601.0,11,5433,0.58045,0.64356,0.94992,0.63539,0.34537,0.21430,8.01,0.00,0.126,0,0.0
4602,4602.0,11,5433,0.58045,0.64356,0.94992,0.63539,0.34537,0.21430,8.01,0.00,0.126,0,0.0
4603,4603.0,11,5433,0.58045,0.64356,0.94992,0.63539,0.34537,0.21430,8.01,0.00,0.126,0,0.0
4604,4604.0,11,5433,0.58045,0.64356,0.94992,0.63539,0.34537,0.21430,8.01,0.00,0.126,0,0.0
4605,4605.0,11,5433,0.58045,0.64356,0.94992,0.63539,0.34537,0.21430,8.01,0.00,0.126,0,0.0
4606,4606.0,11,5433,0.58045,0.64356,0.94992,0.63539,0.34537,0.21430,8.01,0.00,0.126,0,0.0
4607,4607.0,11,5433,0.58045,0.64356,0.94992,0.63539,0.34537,0.21430,8.01,0.00,0.126,0,0.0
4608,4608.0,11,5433,0.58045,0.64356,0.94992,0.63539,0.34537,0.21430,8.01,0.00,0.126,0,0.0
4609,4609.0,11,5433,0.58045,0.64356,0.94992,0.63539,0.34537,0.21430,8.01,0.00,0.126,0,0.0
4610,4610.0,10,5433,0.58045,0.64356,0.94992,0.63539,0.34537,0.21430,8.01,0.00,0.126,0,0.0
4611,4611.0,10,5433,0.58045,0.64356,0.94992,0.63539,0.34537,0.21430,8.01,0.00,0.126,0,0.0
4612,4612.0,10,5433,0.58045,0.64356,0.94992,0.63539,0.34537,0.21430,8.01,0.00,0.126,0,0.0
4613,4613.0,10,5433,0.58045,0.64356,0.94992,0.63539,0.34537,0.21430,8.01,0.00,0.126,0,0.0
4614,4614.0,10,5433,0.58045,0.64356,0.94992,0.63539,0.34537,0.21430,8.01,0.00,0.126,0,0.0
4615,4615.0,10,5433,0.58045,0.64356,0.94992,0.63539,0.34537,0.21430,8.01,0.00,0.126,0,0.0
4616,4616.0,9,5433,0.58045,0.64356,0.94992,0.63539,0.34537,0.21430,8.01,0.00,0.126,0,0.0
4617,4617.0,9,5433,0.58045,0.64356,0.94992,0.63539,0.34537,0.21430,8.01,0.00,0.126,0,0.0
4618,4618.0,9,5433,0.58045,0.64356,0.94992,0.63539,0.34537,0.21430,8.01,0.00,0.126,0,0.0
4619,4619.0,9,5433,0.58045,0.64356,0.94992,0.63539,0.34537,0.21430,8.01,0.00,0.126,0,0.0
4620,4620.0,9,5433,0.58045,0.64356,0.94992,0.63539,0.34537,0.21430,8.01,0.00,0.126,0,0.0
4621,4621.0,8,5433,0.58045,0.64356,0.94992,0.63539,0.34537,0.21430,8.01,0.00,0.126,0,0.0
4622,4622.0,8,5433,0.58045,0.64356,0.94992,0.63539,0.34537,0.21430,8.01,0.00,0.126,0,0.0
4623,4623.0,8,5433,0.58045,0.64356,0.94992,0.63539,0.34537,0.21430,8.01,0.00,0.126,0,0.0
4624,4624.0,8,5433,0.58045,0.64356,0.94992,0.63539,0.34537,0.21430,8.01,0.00,0.126,0,0.0
4625,4625.0,8,5433,0.58045,0.64356,0.94992,0.63539,0.34537,0.21430,8.01,0.00,0.126,0,0.0
4626,4626.0,8,5433,0.58045,0.64356,0.94992,0.63539,0.34537,0.21430,8.01,0.00,0.126,0,0.0
4627,4627.0,8,5433,0.58045,0.64356,0.94992,0.63539,0.34537,0.21430,8.01,0.00,0.126,0,0.0
4628,4628.0,8,5433,0.58045,0.64356,0.94992,0.63539,0.34537,0.21430,8.01,0.00,0.126,0,0.0
4629,4629.0,8,5433,0.58045,0.64356,0.94992,0.63539,0.34537,0.21430,8.01,0.00,0.126,0,0.0
4630,4630.0,8,5433,0.58045,0.64356,0.94992,0.63539,0.34537,0.21430,8.01,0.00,0.126,0,0.0
4631,4631.0,8,5433,0.58045,0.64356,0.94992,0.63539,0.34537,0.21430,8.01,0.00,0.126,0,0.0
4632,4632.0,8,5433,0.58045,0.64356,0.94992,0.63539,0.34537,0.21430,8.01,0.00,0.126,0,0.0
4633,4633.0,8,5433,0.58045,0.64356,0.94992,0.63539,0.34537,0.21430,8.01,0.00,0.126,0,0.0
4634,4634.0,8,5433,0.58045,0.64356,0.94992,0.63539,0.34537,0.21430,8.01,0.00,0.126,0,0.0
4635,4635.0,8,5433,0.58045,0.64356,0.94992,0.63539,0.34537,0.21430,8.01,0.00,0.126,0,0.0
4636,4636.0,8,5433,0.58045,0.64356,0.94992,0.63539,0.34537,0.21430,8.01,0.00,0.126,0,0.0
4637,4637.0,8,5433,0.58045,0.64356,0.94992,0.63539,0.34537,0.21430,8.01,0.00,0.126,0,0.0
4638,4638.0,8,5433,0.58045,0.64356,0.94992,0.63539,0.34537,0.21430,8.01,0.00,0.126,0,0.0
4639,4639.0,8,5433,0.58045,0.64356,0.94992,0.63539,0.34537,0.21430,8.01,0.00,0.126,0,0.0
4640,4640.0,8,5433,0.58045,0.64356,0.94992,0.63539,0.34537,0.21430,8.01,0.00,0.126,0,0.0
4641,4641.0,8,5433,0.58045,0.64356,0.94992,0.63539,0.34537,0.21430,8.01,0.00,0.126,0,0.0
4642,4642.0,8,5433,0.58045,0.64356,0.94992,0.63539,0.34537,0.21430,8.01,0.00,0.126,0,0.0
4643,4643.0,8,5433,0.58045,0.64356,0.94992,0.63539,0.34537,0.21430,8.01,0.00,0.126,0,0.0
4644,4644.0,8,5433,0.58045,0.64356,0.94992,0.63539,0.34537,0.21430,8.01,0.00,0.126,0,0.0
4645,4645.0,8,5433,0.58045,0.64356,0.94992,0.63539,0.34537,0.21430,8.01,0.00,0.126,0,0.0
4646,4646.0,8,5433,0.58045,0.64356,0.94992,0.63539,0.34537,0.21430,8.01,0.00,0.126,0,0.0
4647,4647.0,8,5433,0.58045,0.64356,0.94992,0.63539,0.34537,0.21430,8.01,0.00,0.126,0,0.0
4648,4648.0,8,5433,0.58045,0.64356,0.94992,0.63539,0.34537,0.21430,8.01,0.00,0.126,0,0.0
4649,4649.0,8,5433,0.58045,0.64356,0.94992,0.63539,0.34537,0.21430,8.01,0.00,0.126,0,0.0
4650,4650.0,8,5433,0.58045,0.64356,0.94992,0.63539,0.34537,0.21430,8.01,0.00,0.126,0,0.0
4651,4651.0,8,5433,0.58045,0.64356,0.94992,0.63539,0.34537,0.21430,8.01,0.00,0.126,0,0.0
4652,4652.0,8,5433,0.58045,0.64356,0.94992,0.63539,0.34537,0.21430,8.01,0.00,0.126,0,0.0
4653,4653.0,8,5433,0.58045,0.64356,0.94992,0.63539,0.34537,0.21430,8.01,0.00,0.126,0,0.0
4654,4654.0,8,5433,0.58045,0.64356,0.94992,0.63539,0.34537,0.21430,8.01,0.00,0.126,0,0.0
4655,4655.0,8,5433,0.58045,0.64356,0.94992,0.63539,0.34537,0.21430,8.01,0.00,0.126,0,0.0
4656,4656.0,8,5433,0.58045,0.64356,0.94992,0.63539,0.34537,0.21430,8.01,0.00,0.126,0,0.0
4657,4657.0,8,5433,0.58045,0.64356,0.94992,0.63539,0.34537,0.21430,8.01,0.00,0.126,0,0.0
4658,4658.0,8,5433,0.58045,0.64356,0.94992,0.63539,0.34537,0.21430,8.01,0.00,0.126,0,0.0
4659,4659.0,8,5433,0.58045,0.64356,0.94992,0.63539,0.34537,0.21430,8.01,0.00,0.126,0,0.0
4660,4660.0,8,5433,0.58045,0.64356,0.94992,0.63539,0.34537,0.21430,8.01,0.00,0.126,0,0.0
4661,4661.0,8,5433,0.58045,0.64356,0.94992,0.63539,0.34537,0.21430,8.01,0.00,0.126,0,0.0
4662,4662.0,8,5433,0.58045,0.64356,0.94992,0.63539,0.34537,0.21430,8.01,0.00,0.126,0,0.0
4663,4663.0,8,5433,0.58045,0.64356,0.94992,0.63539,0.34537,0.21430,8.01,0.00,0.126,0,0.0
4664,4664.0,8,5433,0.58045,0.64356,0.94992,0.63539,0.34537,0.21430,8.01,0.00,0.126,0,0.0
4665,4665.0,7,5433,0.58045,0.64356,0.94992,0.63539,0.34537,0.21430,8.01,0.00,0.126,0,0.0
4666,4666.0,7,5433,0.58045,0.64356,0.94992,0.63539,0.34537,0.21430,8.01,0.00,0.126,0,0.0
4667,4667.0,7,5433,0.58045,0.64356,0.94992,0.63539,0.34537,0.21430,8.01,0.00,0.126,0,0.0
4668,4668.0,7,5433,0.58045,0.64356,0.94992,0.63539,0.34537,0.21430,8.01,0.00,0.126,0,0.0
4669,4669.0,7,5433,0.58045,0.64356,0.94992,0.63539,0.34537,0.21430,8.01,0.00,0.126,0,0.0
4670,4670.0,7,5433,0.58045,0.64356,0.94992,0.63539,0.34537,0.21430,8.01,0.00,0.126,0,0.0
4671,4671.0,7,5433,0.58045,0.64356,0.94992,0.63539,0.34537,0.21430,8.01,0.00,0.126,0,0.0
4672,4672.0,7,5433,0.58045,0.64356,0.94992,0.63539,0.34537,0.21430,8.01,0.00,0.126,0,0.0
4673,4673.0,7,5433,0.58045,0.64356,0.94992,0.63539,0.34537,0.21430,8.01,0.00,0.126,0,0.0
4674,4674.0,7,5433,0.58045,0.64356,0.94992,0.63539,0.34537,0.21430,8.01,0.00,0.126,0,0.0
4675,4675.0,7,5433,0.58045,0.64356,0.94992,0.63539,0.34537,0.21430,8.01,0.00,0.126,0,0.0
4676,4676.0,7,5433,0.58045,0.64356,0.94992,0.63539,0.34537,0.21430,8.01,0.00,0.126,0,0.0
4677,4677.0,7,5433,0.58045,0.64356,0.94992,0.63539,0.34537,0.21430,8.01,0.00,0.126,0,0.0
4678,4678.0,7,5433,0.58045,0.64356,0.94992,0.63539,0.34537,0.21430,8.01,0.00,0.126,0,0.0
4679,4679.0,7,5433,0.58045,0.64356,0.94992,0.63539,0.34537,0.21430,8.01,0.00,0.126,0,0.0
4680,4680.0,7,5433,0.58045,0.64356,0.94992,0.63539,0.34537,0.21430,8.01,0.00,0.126,0,0.0
4681,4681.0,7,5433,0.58045,0.64356,0.94992,0.63539,0.34537,0.21430,8.01,0.00,0.126,0,0.0
4682,4682.0,7,5433,0.58045,0.64356,0.94992,0.63539,0.34537,0.21430,8.01,0.00,0.126,0,0.0
4683,4683.0,7,5433,0.58045,0.64356,0.94992,0.63539,0.34537,0.21430,8.01,0.00,0.126,0,0.0
4684,4684.0,7,5433,0.58045,0.64356,0.94992,0.63539,0.34537,0.21430,8.01,0.00,0.126,0,0.0
4685,4685.0,6,5433,0.58045,0.64356,0.94992,0.63539,0.34537,0.21430,8.01,0.00,0.126,0,0.0
4686,4686.0,6,5433,0.58045,0.64356,0.94992,0.63539,0.34537,0.21430,8.01,0.00,0.126,0,0.0
4687,4687.0,6,5433,0.58045,0.64356,0.94992,0.63539,0.34537,0.21430,8.01,0.00,0.126,0,0.0
4688,4688.0,5,5433,0.58045,0.64356,0.94992,0.63539,0.34537,0.21430,8.01,0.00,0.126,0,0.0
4689,4689.0,5,5433,0.58045,0.64356,0.94992,0.63539,0.34537,0.21430,8.01,0.00,0.126,0,0.0
4690,4690.0,5,5433,0.58045,0.64356,0.94992,0.63539,0.34537,0.21430,8.01,0.00,0.126,0,0.0
4691,4691.0,5,5433,0.58045,0.64356,0.94992,0.63539,0.34537,0.21430,8.01,0.00,0.126,0,0.0
4692,4692.0,5,5433,0.58045,0.64356,0.94992,0.63539,0.34537,0.21430,8.01,0.00,0.126,0,0.0
4693,4693.0,5,5433,0.58045,0.64356,0.94992,0.63539,0.34537,0.21430,8.01,0.00,0.126,0,0.0
4694,4694.0,5,5433,0.58045,0.64356,0.94992,0.63539,0.34537,0.21430,8.01,0.00,0.126,0,0.0
4695,4695.0,5,5433,0.58045,0.64356,0.94992,0.63539,0.34537,0.21430,8.01,0.00,0.126,0,0.0
4696,4696.0,5,5433,0.58045,0.64356,0.94992,0.63539,0.34537,0.21430,8.01,0.00,0.126,0,0.0
4697,4697.0,5,5433,0.58045,0.64356,0.94992,0.63539,0.34537,0.21430,8.01,0.00,0.126,0,0.0
4698,4698.0,5,5433,0.58045,0.64356,0.94992,0.63539,0.34537,0.21430,8.01,0.00,0.126,0,0.0
4699,4699.0,5,5433,0.58045,0.64356,0.94992,0.63539,0.34537,0.21430,8.01,0.00,0.126,0,0.0
4700,4700.0,5,5433,0.58045,0.64356,0.94992,0.63539,0.34537,0.21430,8.01,0.00,0.126,0,0.0
4701,4701.0,5,5433,0.58045,0.64356,0.94992,0.63539,0.34537,0.21430,8.01,0.00,0.126,0,0.0
4702,4702.0,5,5433,0.58045,0.64356,0.94992,0.63539,0.34537,0.21430,8.01,0.00,0.126,0,0.0
4703,4703.0,5,5433,0.58045,0.64356,0.94992,0.63539,0.34537,0.21430,8.01,0.00,0.126,0,0.0
4704,4704.0,5,5433,0.58045,0.64356,0.94992,0.63539,0.34537,0.21430,8.01,0.00,0.126,0,0.0
4705,4705.0,5,5433,0.58045,0.64356,0.94992,0.63539,0.34537,0.21430,8.01,0.00,0.126,0,0.0
4706,4706.0,5,5433,0.58045,0.64356,0.94992,0.63539,0.34537,0.21430,8.01,0.00,0.126,0,0.0
4707,4707.0,5,5433,0.58045,0.64356,0.94992,0.63539,0.34537,0.21430,8.01,0.00,0.126,0,0.0
4708,4708.0,5,5433,0.58045,0.64356,0.94992,0.63539,0.34537,0.21430,8.01,0.00,0.126,0,0.0
4709,4709.0,5,5433,0.58045,0.64356,0.94992,0.63539,0.34537,0.21430,8.01,0.00,0.126,0,0.0
4710,4710.0,5,5433,0.58045,0.64356,0.94992,0.63539,0.34537,0.21430,8.01,0.00,0.126,0,0.0
4711,4711.0,5,5433,0.58045,0.64356,0.94992,0.63539,0.34537,0.21430,8.01,0.00,0.126,0,0.0
4712,4712.0,5,5433,0.58045,0.64356,0.94992,0.63539,0.34537,0.21430,8.01,0.00,0.126,0,0.0
4713,4713.0,5,5433,0.58045,0.64356,0.94992,0.63539,0.34537,0.21430,8.01,0.00,0.126,0,0.0
4714,4714.0,4,5433,0.58045,0.64356,0.94992,0.63539,0.34537,0.21430,8.01,0.00,0.126,0,0.0
4715,4715.0,4,5433,0.58045,0.64356,0.94992,0.63539,0.34537,0.21430,8.01,0.00,0.126,0,0.0
4716,4716.0,4,5433,0.58045,0.64356,0.94992,0.63539,0.34537,0.21430,8.01,0.00,0.126,0,0.0
4717,4717.0,4,5433,0.58045,0.64356,0.94992,0.63539,0.34537,0.21430,8.01,0.00,0.126,0,0.0
4718,4718.0,4,5433,0.58045,0.64356,0.94992,0.63539,0.34537,0.21430,8.01,0.00,0.126,0,0.0
4719,4719.0,4,5433,0.58045,0.64356,0.94992,0.63539,0.34537,0.21430,8.01,0.00,0.126,0,0.0
4720,4720.0,4,5433,0.58045,0.64356,0.94992,0.63539,0.34537,0.21430,8.01,0.00,0.126,0,0.0
4721,4721.0,4,5433,0.58045,0.64356,0.94992,0.63539,0.34537,0.21430,8.01,0.00,0.126,0,0.0
4722,4722.0,4,5433,0.58045,0.64356,0.94992,0.63539,0.34537,0.21430,8.01,0.00,0.126,0,0.0
4723,4723.0,4,5433,0.58045,0.64356,0.94992,0.63539,0.34537,0.21430,8.01,0.00,0.126,0,0.0
4724,4724.0,4,5433,0.58045,0.64356,0.94992,0.63539,0.34537,0.21430,8.01,0.00,0.126,0,0.0
4725,4725.0,4,5433,0.58045,0.64356,0.94992,0.63539,0.34537,0.21430,8.01,0.00,0.126,0,0.0
4726,4726.0,4,5433,0.58045,0.64356,0.94992,0.63539,0.34537,0.21430,8.01,0.00,0.126,0,0.0
4727,4727.0,4,5433,0.58045,0.64356,0.94992,0.63539,0.34537,0.21430,8.01,0.00,0.126,0,0.0
4728,4728.0,4,5433,0.58045,0.64356,0.94992,0.63539,0.34537,0.21430,8.01,0.00,0.126,0,0.0
4729,4729.0,4,5433,0.58045,0.64356,0.94992,0.63539,0.34537,0.21430,8.01,0.00,0.126,0,0.0
4730,4730.0,4,5433,0.58045,0.64356,0.94992,0.63539,0.34537,0.21430,8.01,0.00,0.126,0,0.0
4731,4731.0,4,5433,0.58045,0.64356,0.94992,0.63539,0.34537,0.21430,8.01,0.00,0.126,0,0.0
4732,4732.0,4,5433,0.58045,0.64356,0.94992,0.63539,0.34537,0.21430,8.01,0.00,0.126,0,0.0
4733,4733.0,4,5433,0.58045,0.64356,0.94992,0.63539,0.34537,0.21430,8.01,0.00,0.126,0,0.0
4734,4734.0,4,5433,0.58045,0.64356,0.94992,0.63539,0.34537,0.21430,8.01,0.00,0.126,0,0.0
4735,4735.0,4,5433,0.58045,0.64356,0.94992,0.63539,0.34537,0.21430,8.01,0.00,0.126,0,0.0
4736,4736.0,4,5433,0.58045,0.64356,0.94992,0.63539,0.34537,0.21430,8.01,0.00,0.126,0,0.0
4737,4737.0,4,5433,0.58045,0.64356,0.94992,0.63539,0.34537,0.21430,8.01,0.00,0.126,0,0.0
4738,4738.0,4,5433,0.58045,0.64356,0.94992,0.63539,0.34537,0.21430,8.01,0.00,0.126,0,0.0
4739,4739.0,4,5433,0.58045,0.64356,0.94992,0.63539,0.34537,0.21430,8.01,0.00,0.126,0,0.0
4740,4740.0,4,5433,0.58045,0.64356,0.94992,0.63539,0.34537,0.21430,8.01,0.00,0.126,0,0.0
4741,4741.0,4,5433,0.58045,0.64356,0.94992,0.63539,0.34537,0.21430,8.01,0.00,0.126,0,0.0
4742,4742.0,4,5433,0.58045,0.64356,0.94992,0.63539,0.34537,0.21430,8.01,0.00,0.126,0,0.0
4743,4743.0,4,5433,0.58045,0.64356,0.94992,0.63539,0.34537,0.21430,8.01,0.00,0.126,0,0.0
4744,4744.0,4,5433,0.58045,0.64356,0.94992,0.63539,0.34537,0.21430,8.01,0.00,0.126,0,0.0
4745,4745.0,4,5433,0.58045,0.64356,0.94992,0.63539,0.34537,0.21430,8.01,0.00,0.126,0,0.0
4746,4746.0,4,5433,0.58045,0.64356,0.94992,0.63539,0.34537,0.21430,8.01,0.00,0.126,0,0.0
4747,4747.0,4,5433,0.58045,0.64356,0.94992,0.63539,0.34537,0.21430,8.01,0.00,0.126,0,0.0
4748,4748.0,4,5433,0.58045,0.64356,0.94992,0.63539,0.34537,0.21430,8.01,0.00,0.126,0,0.0
4749,4749.0,4,5433,0.58045,0.64356,0.94992,0.63539,0.34537,0.21430,8.01,0.00,0.126,0,0.0
4750,4750.0,4,5433,0.58045,0.64356,0.94992,0.63539,0.34537,0.21430,8.01,0.00,0.126,0,0.0
4751,4751.0,4,5433,0.58045,0.64356,0.94992,0.63539,0.34537,0.21430,8.01,0.00,0.126,0,0.0
4752,4752.0,4,5433,0.58045,0.64356,0.94992,0.63539,0.34537,0.21430,8.01,0.00,0.126,0,0.0
4753,4753.0,4,5433,0.58045,0.64356,0.94992,0.63539,0.34537,0.21430,8.01,0.00,0.126,0,0.0
4754,4754.0,4,5433,0.58045,0.64356,0.94992,0.63539,0.34537,0.21430,8.01,0.00,0.126,0,0.0
4755,4755.0,4,5433,0.58045,0.64356,0.94992,0.63539,0.34537,0.21430,8.01,0.00,0.126,0,0.0
4756,4756.0,4,5433,0.58045,0.64356,0.94992,0.63539,0.34537,0.21430,8.01,0.00,0.126,0,0.0
4757,4757.0,4,5433,0.58045,0.64356,0.94992,0.63539,0.34537,0.21430,8.01,0.00,0.126,0,0.0
4758,4758.0,4,5433,0.58045,0.64356,0.94992,0.63539,0.34537,0.21430,8.01,0.00,0.126,0,0.0
4759,4759.0,4,5433,0.58045,0.64356,0.94992,0.63539,0.34537,0.21430,8.01,0.00,0.126,0,0.0
4760,4760.0,4,5433,0.58045,0.64356,0.94992,0.63539,0.34537,0.21430,8.01,0.00,0.126,0,0.0
4761,4761.0,4,5433,0.58045,0.64356,0.94992,0.63539,0.34537,0.21430,8.01,0.00,0.126,0,0.0
4762,4762.0,4,5433,0.58045,0.64356,0.94992,0.63539,0.34537,0.21430,8.01,0.00,0.126,0,0.0
4763,4763.0,4,5433,0.58045,0.64356,0.94992,0.63539,0.34537,0.21430,8.01,0.00,0.126,0,0.0
4764,4764.0,4,5433,0.58045,0.64356,0.94992,0.63539,0.34537,0.21430,8.01,0.00,0.126,0,0.0
4765,4765.0,4,5433,0.58045,0.64356,0.94992,0.63539,0.34537,0.21430,8.01,0.00,0.126,0,0.0
4766,4766.0,4,5433,0.58045,0.64356,0.94992,0.63539,0.34537,0.21430,8.01,0.00,0.126,0,0.0
4767,4767.0,4,5433,0.58045,0.64356,0.94992,0.63539,0.34537,0.21430,8.01,0.00,0.126,0,0.0
4768,4768.0,4,5433,0.58045,0.64356,0.94992,0.63539,0.34537,0.21430,8.01,0.00,0.126,0,0.0
4769,4769.0,4,5433,0.58045,0.64356,0.94992,0.63539,0.34537,0.21430,8.01,0.00,0.126,0,0.0
4770,4770.0,4,5433,0.58045,0.64356,0.94992,0.63539,0.34537,0.21430,8.01,0.00,0.126,0,0.0
4771,4771.0,4,5433,0.58045,0.64356,0.94992,0.63539,0.34537,0.21430,8.01,0.00,0.126,0,0.0
4772,4772.0,4,5433,0.58045,0.64356,0.94992,0.63539,0.34537,0.21430,8.01,0.00,0.126,0,0.0
4773,4773.0,4,5433,0.58045,0.64356,0.94992,0.63539,0.34537,0.21430,8.01,0.00,0.126,0,0.0
4774,4774.0,4,5433,0.58045,0.64356,0.94992,0.63539,0.34537,0.21430,8.01,0.00,0.126,0,0.0
4775,4775.0,4,5433,0.58045,0.64356,0.94992,0.63539,0.34537,0.21430,8.01,0.00,0.126,0,0.0
4776,4776.0,3,5433,0.58045,0.64356,0.94992,0.63539,0.34537,0.21430,8.01,0.00,0.126,0,0.0
4777,4777.0,3,5433,0.58045,0.64356,0.94992,0.63539,0.34537,0.21430,8.01,0.00,0.126,0,0.0
4778,4778.0,3,5433,0.58045,0.64356,0.94992,0.63539,0.34537,0.21430,8.01,0.00,0.126,0,0.0
4779,4779.0,3,5433,0.58045,0.64356,0.94992,0.63539,0.34537,0.21430,8.01,0.00,0.126,0,0.0
4780,4780.0,3,5433,0.58045,0.64356,0.94992,0.63539,0.34537,0.21430,8.01,0.00,0.126,0,0.0
4781,4781.0,3,5433,0.58045,0.64356,0.94992,0.63539,0.34537,0.21430,8.01,0.00,0.126,0,0.0
4782,4782.0,3,5433,0.58045,0.64356,0.94992,0.63539,0.34537,0.21430,8.01,0.00,0.126,0,0.0
4783,4783.0,3,5433,0.58045,0.64356,0.94992,0.63539,0.34537,0.21430,8.01,0.00,0.126,0,0.0
4784,4784.0,3,5433,0.58045,0.64356,0.94992,0.63539,0.34537,0.21430,8.01,0.00,0.126,0,0.0
4785,4785.0,3,5433,0.58045,0.64356,0.94992,0.63539,0.34537,0.21430,8.01,0.00,0.126,0,0.0
4786,4786.0,3,5433,0.58045,0.64356,0.94992,0.63539,0.34537,0.21430,8.01,0.00,0.126,0,0.0
4787,4787.0,3,5433,0.58045,0.64356,0.94992,0.63539,0.34537,0.21430,8.01,0.00,0.126,0,0.0
4788,4788.0,3,5433,0.58045,0.64356,0.94992,0.63539,0.34537,0.21430,8.01,0.00,0.126,0,0.0
4789,4789.0,3,5433,0.58045,0.64356,0.94992,0.63539,0.34537,0.21430,8.01,0.00,0.126,0,0.0
4790,4790.0,3,5433,0.58045,0.64356,0.94992,0.63539,0.34537,0.21430,8.01,0.00,0.126,0,0.0
4791,4791.0,3,5433,0.58045,0.64356,0.94992,0.63539,0.34537,0.21430,8.01,0.00,0.126,0,0.0
4792,4792.0,3,5433,0.58045,0.64356,0.94992,0.63539,0.34537,0.21430,8.01,0.00,0.126,0,0.0
4793,4793.0,3,5433,0.58045,0.64356,0.94992,0.63539,0.34537,0.21430,8.01,0.00,0.126,0,0.0
4794,4794.0,3,5433,0.58045,0.64356,0.94992,0.63539,0.34537,0.21430,8.01,0.00,0.126,0,0.0
4795,4795.0,3,5433,0.58045,0.64356,0.94992,0.63539,0.34537,0.21430,8.01,0.00,0.126,0,0.0
4796,4796.0,3,5433,0.58045,0.64356,0.94992,0.63539,0.34537,0.21430,8.01,0.00,0.126,0,0.0
4797,4797.0,3,5433,0.58045,0.64356,0.94992,0.63539,0.34537,0.21430,8.01,0.00,0.126,0,0.0
4798,4798.0,3,5433,0.58045,0.64356,0.94992,0.63539,0.34537,0.21430,8.01,0.00,0.126,0,0.0
4799,4799.0,3,5433,0.58045,0.64356,0.94992,0.63539,0.34537,0.21430,8.01,0.00,0.126,0,0.0
4800,4800.0,3,5433,0.58045,0.64356,0.94992,0.63539,0.34537,0.21430,8.01,0.00,0.126,0,0.0
4801,4801.0,3,5433,0.58045,0.64356,0.94992,0.63539,0.34537,0.21430,8.01,0.00,0.126,0,0.0
4802,4802.0,3,5433,0.58045,0.64356,0.94992,0.63539,0.34537,0.21430,8.01,0.00,0.126,0,0.0
4803,4803.0,3,5433,0.58045,0.64356,0.94992,0.63539,0.34537,0.21430,8.01,0.00,0.126,0,0.0
4804,4804.0,3,5433,0.58045,0.64356,0.94992,0.63539,0.34537,0.21430,8.01,0.00,0.126,0,0.0
4805,4805.0,3,5433,0.58045,0.64356,0.94992,0.63539,0.34537,0.21430,8.01,0.00,0.126,0,0.0
4806,4806.0,3,5433,0.58045,0.64356,0.94992,0.63539,0.34537,0.21430,8.01,0.00,0.126,0,0.0
4807,4807.0,3,5433,0.58045,0.64356,0.94992,0.63539,0.34537,0.21430,8.01,0.00,0.126,0,0.0
4808,4808.0,3,5433,0.58045,0.64356,0.94992,0.63539,0.34537,0.21430,8.01,0.00,0.126,0,0.0
4809,4809.0,3,5433,0.58045,0.64356,0.94992,0.63539,0.34537,0.21430,8.01,0.00,0.126,0,0.0
4810,4810.0,3,5433,0.58045,0.64356,0.94992,0.63539,0.34537,0.21430,8.01,0.00,0.126,0,0.0
4811,4811.0,3,5433,0.58045,0.64356,0.94992,0.63539,0.34537,0.21430,8.01,0.00,0.126,0,0.0
4812,4812.0,3,5433,0.58045,0.64356,0.94992,0.63539,0.34537,0.21430,8.01,0.00,0.126,0,0.0
4813,4813.0,3,5433,0.58045,0.64356,0.94992,0.63539,0.34537,0.21430,8.01,0.00,0.126,0,0.0
4814,4814.0,3,5433,0.58045,0.64356,0.94992,0.63539,0.34537,0.21430,8.01,0.00,0.126,0,0.0
4815,4815.0,3,5433,0.58045,0.64356,0.94992,0.63539,0.34537,0.21430,8.01,0.00,0.126,0,0.0
4816,4816.0,3,5433,0.58045,0.64356,0.94992,0.63539,0.34537,0.21430,8.01,0.00,0.126,0,0.0
4817,4817.0,3,5433,0.58045,0.64356,0.94992,0.63539,0.34537,0.21430,8.01,0.00,0.126,0,0.0
4818,4818.0,3,5433,0.58045,0.64356,0.94992,0.63539,0.34537,0.21430,8.01,0.00,0.126,0,0.0
4819,4819.0,3,5433,0.58045,0.64356,0.94992,0.63539,0.34537,0.21430,8.01,0.00,0.126,0,0.0
4820,4820.0,3,5433,0.58045,0.64356,0.94992,0.63539,0.34537,0.21430,8.01,0.00,0.126,0,0.0
4821,4821.0,3,5433,0.58045,0.64356,0.94992,0.63539,0.34537,0.21430,8.01,0.00,0.126,0,0.0
4822,4822.0,3,5433,0.58045,0.64356,0.94992,0.63539,0.34537,0.21430,8.01,0.00,0.126,0,0.0
4823,4823.0,3,5433,0.58045,0.64356,0.94992,0.63539,0.34537,0.21430,8.01,0.00,0.126,0,0.0
4824,4824.0,3,5433,0.58045,0.64356,0.94992,0.63539,0.34537,0.21430,8.01,0.00,0.126,0,0.0
4825,4825.0,3,5433,0.58045,0.64356,0.94992,0.63539,0.34537,0.21430,8.01,0.00,0.126,0,0.0
4826,4826.0,3,5433,0.58045,0.64356,0.94992,0.63539,0.34537,0.21430,8.01,0.00,0.126,0,0.0
4827,4827.0,3,5433,0.58045,0.64356,0.94992,0.63539,0.34537,0.21430,8.01,0.00,0.126,0,0.0
4828,4828.0,3,5433,0.58045,0.64356,0.94992,0.63539,0.34537,0.21430,8.01,0.00,0.126,0,0.0
4829,4829.0,3,5433,0.58045,0.64356,0.94992,0.63539,0.34537,0.21430,8.01,0.00,0.126,0,0.0
4830,4830.0,3,5433,0.58045,0.64356,0.94992,0.63539,0.34537,0.21430,8.01,0.00,0.126,0,0.0
4831,4831.0,3,5433,0.58045,0.64356,0.94992,0.63539,0.34537,0.21430,8.01,0.00,0.126,0,0.0
4832,4832.0,3,5433,0.58045,0.64356,0.94992,0.63539,0.34537,0.21430,8.01,0.00,0.126,0,0.0
4833,4833.0,3,5433,0.58045,0.64356,0.94992,0.63539,0.34537,0.21430,8.01,0.00,0.126,0,0.0
4834,4834.0,3,5433,0.58045,0.64356,0.94992,0.63539,0.34537,0.21430,8.01,0.00,0.126,0,0.0
4835,4835.0,3,5433,0.58045,0.64356,0.94992,0.63539,0.34537,0.21430,8.01,0.00,0.126,0,0.0
4836,4836.0,3,5433,0.58045,0.64356,0.94992,0.63539,0.34537,0.21430,8.01,0.00,0.126,0,0.0
4837,4837.0,3,5433,0.58045,0.64356,0.94992,0.63539,0.34537,0.21430,8.01,0.00,0.126,0,0.0
4838,4838.0,3,5433,0.58045,0.64356,0.94992,0.63539,0.34537,0.21430,8.01,0.00,0.126,0,0.0
4839,4839.0,3,5433,0.58045,0.64356,0.94992,0.63539,0.34537,0.21430,8.01,0.00,0.126,0,0.0
4840,4840.0,3,5433,0.58045,0.64356,0.94992,0.63539,0.34537,0.21430,8.01,0.00,0.126,0,0.0
4841,4841.0,3,5433,0.58045,0.64356,0.94992,0.63539,0.34537,0.21430,8.01,0.00,0.126,0,0.0
4842,4842.0,3,5433,0.58045,0.64356,0.94992,0.63539,0.34537,0.21430,8.01,0.00,0.126,0,0.0
4843,4843.0,3,5433,0.58045,0.64356,0.94992,0.63539,0.34537,0.21430,8.01,0.00,0.126,0,0.0
4844,4844.0,3,5433,0.58045,0.64356,0.94992,0.63539,0.34537,0.21430,8.01,0.00,0.126,0,0.0
4845,4845.0,3,5433,0.58045,0.64356,0.94992,0.63539,0.34537,0.21430,8.01,0.00,0.126,0,0.0
4846,4846.0,3,5433,0.58045,0.64356,0.94992,0.63539,0.34537,0.21430,8.01,0.00,0.126,0,0.0
4847,4847.0,3,5433,0.58045,0.64356,0.94992,0.63539,0.34537,0.21430,8.01,0.00,0.126,0,0.0
4848,4848.0,3,5433,0.58045,0.64356,0.94992,0.63539,0.34537,0.21430,8.01,0.00,0.126,0,0.0
4849,4849.0,3,5433,0.58045,0.64356,0.94992,0.63539,0.34537,0.21430,8.01,0.00,0.126,0,0.0
4850,4850.0,3,5433,0.58045,0.64356,0.94992,0.63539,0.34537,0.21430,8.01,0.00,0.126,0,0.0
4851,4851.0,3,5433,0.58045,0.64356,0.94992,0.63539,0.34537,0.21430,8.01,0.00,0.126,0,0.0
4852,4852.0,3,5433,0.58045,0.64356,0.94992,0.63539,0.34537,0.21430,8.01,0.00,0.126,0,0.0
4853,4853.0,3,5433,0.58045,0.64356,0.94992,0.63539,0.34537,0.21430,8.01,0.00,0.126,0,0.0
4854,4854.0,3,5433,0.58045,0.64356,0.94992,0.63539,0.34537,0.21430,8.01,0.00,0.126,0,0.0
4855,4855.0,3,5433,0.58045,0.64356,0.94992,0.63539,0.34537,0.21430,8.01,0.00,0.126,0,0.0
4856,4856.0,3,5433,0.58045,0.64356,0.94992,0.63539,0.34537,0.21430,8.01,0.00,0.126,0,0.0
4857,4857.0,3,5433,0.58045,0.64356,0.94992,0.63539,0.34537,0.21430,8.01,0.00,0.126,0,0.0
4858,4858.0,3,5433,0.58045,0.64356,0.94992,0.63539,0.34537,0.21430,8.01,0.00,0.126,0,0.0
4859,4859.0,3,5433,0.58045,0.64356,0.94992,0.63539,0.34537,0.21430,8.01,0.00,0.126,0,0.0
4860,4860.0,3,5433,0.58045,0.64356,0.94992,0.63539,0.34537,0.21430,8.01,0.00,0.126,0,0.0
4861,4861.0,3,5433,0.58045,0.64356,0.94992,0.63539,0.34537,0.21430,8.01,0.00,0.126,0,0.0
4862,4862.0,3,5433,0.58045,0.64356,0.94992,0.63539,0.34537,0.21430,8.01,0.00,0.126,0,0.0
4863,4863.0,3,5433,0.58045,0.64356,0.94992,0.63539,0.34537,0.21430,8.01,0.00,0.126,0,0.0
4864,4864.0,3,5433,0.58045,0.64356,0.94992,0.63539,0.34537,0.21430,8.01,0.00,0.126,0,0.0
4865,4865.0,3,5433,0.58045,0.64356,0.94992,0.63539,0.34537,0.21430,8.01,0.00,0.126,0,0.0
4866,4866.0,3,5433,0.58045,0.64356,0.94992,0.63539,0.34537,0.21430,8.01,0.00,0.126,0,0.0
4867,4867.0,3,5433,0.58045,0.64356,0.94992,0.63539,0.34537,0.21430,8.01,0.00,0.126,0,0.0
4868,4868.0,3,5433,0.58045,0.64356,0.94992,0.63539,0.34537,0.21430,8.01,0.00,0.126,0,0.0
4869,4869.0,3,5433,0.58045,0.64356,0.94992,0.63539,0.34537,0.21430,8.01,0.00,0.126,0,0.0
4870,4870.0,3,5433,0.58045,0.64356,0.94992,0.63539,0.34537,0.21430,8.01,0.00,0.126,0,0.0
4871,4871.0,3,5433,0.58045,0.64356,0.94992,0.63539,0.34537,0.21430,8.01,0.00,0.126,0,0.0
4872,4872.0,3,5433,0.58045,0.64356,0.94992,0.63539,0.34537,0.21430,8.01,0.00,0.126,0,0.0
4873,4873.0,3,5433,0.58045,0.64356,0.94992,0.63539,0.34537,0.21430,8.01,0.00,0.126,0,0.0
4874,4874.0,3,5433,0.58045,0.64356,0.94992,0.63539,0.34537,0.21430,8.01,0.00,0.126,0,0.0
4875,4875.0,3,5433,0.58045,0.64356,0.94992,0.63539,0.34537,0.21430,8.01,0.00,0.126,0,0.0
4876,4876.0,3,5433,0.58045,0.64356,0.94992,0.63539,0.34537,0.21430,8.01,0.00,0.126,0,0.0
4877,4877.0,3,5433,0.58045,0.64356,0.94992,0.63539,0.34537,0.21430,8.01,0.00,0.126,0,0.0
4878,4878.0,3,5433,0.58045,0.64356,0.94992,0.63539,0.34537,0.21430,8.01,0.00,0.126,0,0.0
4879,4879.0,3,5433,0.58045,0.64356,0.94992,0.63539,0.34537,0.21430,8.01,0.00,0.126,0,0.0
4880,4880.0,3,5433,0.58045,0.64356,0.94992,0.63539,0.34537,0.21430,8.01,0.00,0.126,0,0.0
4881,4881.0,3,5433,0.58045,0.64356,0.94992,0.63539,0.34537,0.21430,8.01,0.00,0.126,0,0.0
4882,4882.0,3,5433,0.58045,0.64356,0.94992,0.63539,0.34537,0.21430,8.01,0.00,0.126,0,0.0
4883,4883.0,3,5433,0.58045,0.64356,0.94992,0.63539,0.34537,0.21430,8.01,0.00,0.126,0,0.0
4884,4884.0,3,5433,0.58045,0.64356,0.94992,0.63539,0.34537,0.21430,8.01,0.00,0.126,0,0.0
4885,4885.0,3,5433,0.58045,0.64356,0.94992,0.63539,0.34537,0.21430,8.01,0.00,0.126,0,0.0
4886,4886.0,3,5433,0.58045,0.64356,0.94992,0.63539,0.34537,0.21430,8.01,0.00,0.126,0,0.0
4887,4887.0,3,5433,0.58045,0.64356,0.94992,0.63539,0.34537,0.21430,8.01,0.00,0.126,0,0.0
4888,4888.0,3,5433,0.58045,0.64356,0.94992,0.63539,0.34537,0.21430,8.01,0.00,0.126,0,0.0
4889,4889.0,3,5433,0.58045,0.64356,0.94992,0.63539,0.34537,0.21430,8.01,0.00,0.126,0,0.0
4890,4890.0,3,5433,0.58045,0.64356,0.94992,0.63539,0.34537,0.21430,8.01,0.00,0.126,0,0.0
4891,4891.0,3,5433,0.58045,0.64356,0.94992,0.63539,0.34537,0.21430,8.01,0.00,0.126,0,0.0
4892,4892.0,3,5433,0.58045,0.64356,0.94992,0.63539,0.34537,0.21430,8.01,0.00,0.126,0,0.0
4893,4893.0,3,5433,0.58045,0.64356,0.94992,0.63539,0.34537,0.21430,8.01,0.00,0.126,0,0.0
4894,4894.0,3,5433,0.58045,0.64356,0.94992,0.63539,0.34537,0.21430,8.01,0.00,0.126,0,0.0
4895,4895.0,3,5433,0.58045,0.64356,0.94992,0.63539,0.34537,0.21430,8.01,0.00,0.126,0,0.0
4896,4896.0,3,5433,0.58045,0.64356,0.94992,0.63539,0.34537,0.21430,8.01,0.00,0.126,0,0.0
4897,4897.0,3,5433,0.58045,0.64356,0.94992,0.63539,0.34537,0.21430,8.01,0.00,0.126,0,0.0
4898,4898.0,3,5433,0.58045,0.64356,0.94992,0.63539,0.34537,0.21430,8.01,0.00,0.126,0,0.0
4899,4899.0,3,5433,0.58045,0.64356,0.94992,0.63539,0.34537,0.21430,8.01,0.00,0.126,0,0.0
4900,4900.0,3,5433,0.58045,0.64356,0.94992,0.63539,0.34537,0.21430,8.01,0.00,0.126,0,0.0
4901,4901.0,3,5433,0.58045,0.64356,0.94992,0.63539,0.34537,0.21430,8.01,0.00,0.126,0,0.0
4902,4902.0,3,5433,0.58045,0.64356,0.94992,0.63539,0.34537,0.21430,8.01,0.00,0.126,0,0.0
4903,4903.0,3,5433,0.58045,0.64356,0.94992,0.63539,0.34537,0.21430,8.01,0.00,0.126,0,0.0
4904,4904.0,3,5433,0.58045,0.64356,0.94992,0.63539,0.34537,0.21430,8.01,0.00,0.126,0,0.0
4905,4905.0,3,5433,0.58045,0.64356,0.94992,0.63539,0.34537,0.21430,8.01,0.00,0.126,0,0.0
4906,4906.0,3,5433,0.58045,0.64356,0.94992,0.63539,0.34537,0.21430,8.01,0.00,0.126,0,0.0
4907,4907.0,3,5433,0.58045,0.64356,0.94992,0.63539,0.34537,0.21430,8.01,0.00,0.126,0,0.0
4908,4908.0,3,5433,0.58045,0.64356,0.94992,0.63539,0.34537,0.21430,8.01,0.00,0.126,0,0.0
4909,4909.0,3,5433,0.58045,0.64356,0.94992,0.63539,0.34537,0.21430,8.01,0.00,0.126,0,0.0
4910,4910.0,3,5433,0.58045,0.64356,0.94992,0.63539,0.34537,0.21430,8.01,0.00,0.126,0,0.0
4911,4911.0,3,5433,0.58045,0.64356,0.94992,0.63539,0.34537,0.21430,8.01,0.00,0.126,0,0.0
4912,4912.0,3,5433,0.58045,0.64356,0.94992,0.63539,0.34537,0.21430,8.01,0.00,0.126,0,0.0
4913,4913.0,3,5433,0.58045,0.64356,0.94992,0.63539,0.34537,0.21430,8.01,0.00,0.126,0,0.0
4914,4914.0,3,5433,0.58045,0.64356,0.94992,0.63539,0.34537,0.21430,8.01,0.00,0.126,0,0.0
4915,4915.0,3,5433,0.58045,0.64356,0.94992,0.63539,0.34537,0.21430,8.01,0.00,0.126,0,0.0
4916,4916.0,3,5433,0.58045,0.64356,0.94992,0.63539,0.34537,0.21430,8.01,0.00,0.126,0,0.0
4917,4917.0,3,5433,0.58045,0.64356,0.94992,0.63539,0.34537,0.21430,8.01,0.00,0.126,0,0.0
4918,4918.0,3,5433,0.58045,0.64356,0.94992,0.63539,0.34537,0.21430,8.01,0.00,0.126,0,0.0
4919,4919.0,3,5433,0.58045,0.64356,0.94992,0.63539,0.34537,0.21430,8.01,0.00,0.126,0,0.0
4920,4920.0,2,5433,0.58045,0.64356,0.94992,0.63539,0.34537,0.21430,8.01,0.00,0.126,0,0.0
4921,4921.0,2,5433,0.58045,0.64356,0.94992,0.63539,0.34537,0.21430,8.01,0.00,0.126,0,0.0
4922,4922.0,1,5433,0.58045,0.64356,0.94992,0.63539,0.34537,0.21430,8.01,0.00,0.126,0,0.0
4923,4923.0,1,5433,0.58045,0.64356,0.94992,0.63539,0.34537,0.21430,8.01,0.00,0.126,0,0.0
4924,4924.0,1,5433,0.58045,0.64356,0.94992,0.63539,0.34537,0.21430,8.01,0.00,0.126,0,0.0
4925,4925.0,1,5433,0.58045,0.64356,0.94992,0.63539,0.34537,0.21430,8.01,0.00,0.126,0,0.0
4926,4926.0,1,5433,0.58045,0.64356,0.94992,0.63539,0.34537,0.21430,8.01,0.00,0.126,0,0.0
4927,4927.0,1,5433,0.58045,0.64356,0.94992,0.63539,0.34537,0.21430,8.01,0.00,0.126,0,0.0
4928,4928.0,1,5433,0.58045,0.64356,0.94992,0.63539,0.34537,0.21430,8.01,0.00,0.126,0,0.0
4929,4929.0,1,5433,0.58045,0.64356,0.94992,0.63539,0.34537,0.21430,8.01,0.00,0.126,0,0.0
4930,4930.0,1,5433,0.58045,0.64356,0.94992,0.63539,0.34537,0.21430,8.01,0.00,0.126,0,0.0
4931,4931.0,1,5433,0.58045,0.64356,0.94992,0.63539,0.34537,0.21430,8.01,0.00,0.126,0,0.0
4932,4932.0,1,5433,0.58045,0.64356,0.94992,0.63539,0.34537,0.21430,8.01,0.00,0.126,0,0.0
4933,4933.0,1,5433,0.58045,0.64356,0.94992,0.63539,0.34537,0.21430,8.01,0.00,0.126,0,0.0
4934,4934.0,1,5433,0.58045,0.64356,0.94992,0.63539,0.34537,0.21430,8.01,0.00,0.126,0,0.0
4935,4935.0,1,5433,0.58045,0.64356,0.94992,0.63539,0.34537,0.21430,8.01,0.00,0.126,0,0.0
4936,4936.0,1,5433,0.58045,0.64356,0.94992,0.63539,0.34537,0.21430,8.01,0.00,0.126,0,0.0
4937,4937.0,1,5433,0.58045,0.64356,0.94992,0.63539,0.34537,0.21430,8.01,0.00,0.126,0,0.0
4938,4938.0,1,5433,0.58045,0.64356,0.94992,0.63539,0.34537,0.21430,8.01,0.00,0.126,0,0.0
4939,4939.0,1,5433,0.58045,0.64356,0.94992,0.63539,0.34537,0.21430,8.01,0.00,0.126,0,0.0
4940,4940.0,1,5433,0.58045,0.64356,0.94992,0.63539,0.34537,0.21430,8.01,0.00,0.126,0,0.0
4941,4941.0,1,5433,0.58045,0.64356,0.94992,0.63539,0.34537,0.21430,8.01,0.00,0.126,0,0.0
4942,4942.0,1,5433,0.58045,0.64356,0.94992,0.63539,0.34537,0.21430,8.01,0.00,0.126,0,0.0
4943,4943.0,1,5433,0.58045,0.64356,0.94992,0.63539,0.34537,0.21430,8.01,0.00,0.126,0,0.0
4944,4944.0,1,5433,0.58045,0.64356,0.94992,0.63539,0.34537,0.21430,8.01,0.00,0.126,0,0.0
4945,4945.0,1,5433,0.58045,0.64356,0.94992,0.63539,0.34537,0.21430,8.01,0.00,0.126,0,0.0
4946,4946.0,1,5433,0.58045,0.64356,0.94992,0.63539,0.34537,0.21430,8.01,0.00,0.126,0,0.0
4947,4947.0,1,5433,0.58045,0.64356,0.94992,0.63539,0.34537,0.21430,8.01,0.00,0.126,0,0.0
4948,4948.0,1,5433,0.58045,0.64356,0.94992,0.63539,0.34537,0.21430,8.01,0.00,0.126,0,0.0
4949,4949.0,1,5433,0.58045,0.64356,0.94992,0.63539,0.34537,0.21430,8.01,0.00,0.126,0,0.0
4950,4950.0,1,5433,0.58045,0.64356,0.94992,0.63539,0.34537,0.21430,8.01,0.00,0.126,0,0.0
4951,4951.0,1,5433,0.58045,0.64356,0.94992,0.63539,0.34537,0.21430,8.01,0.00,0.126,0,0.0
4952,4952.0,1,5433,0.58045,0.64356,0.94992,0.63539,0.34537,0.21430,8.01,0.00,0.126,0,0.0
4953,4953.0,1,5433,0.58045,0.64356,0.94992,0.63539,0.34537,0.21430,8.01,0.00,0.126,0,0.0
4954,4954.0,1,5433,0.58045,0.64356,0.94992,0.63539,0.34537,0.21430,8.01,0.00,0.126,0,0.0
4955,4955.0,1,5433,0.58045,0.64356,0.94992,0.63539,0.34537,0.21430,8.01,0.00,0.126,0,0.0
4956,4956.0,1,5433,0.58045,0.64356,0.94992,0.63539,0.34537,0.21430,8.01,0.00,0.126,0,0.0
4957,4957.0,1,5433,0.58045,0.64356,0.94992,0.63539,0.34537,0.21430,8.01,0.00,0.126,0,0.0
4958,4958.0,1,5433,0.58045,0.64356,0.94992,0.63539,0.34537,0.21430,8.01,0.00,0.126,0,0.0
4959,4959.0,1,5433,0.58045,0.64356,0.94992,0.63539,0.34537,0.21430,8.01,0.00,0.126,0,0.0
4960,4960.0,1,5433,0.58045,0.64356,0.94992,0.63539,0.34537,0.21430,8.01,0.00,0.126,0,0.0
4961,4961.0,1,5433,0.58045,0.64356,0.94992,0.63539,0.34537,0.21430,8.01,0.00,0.126,0,0.0
4962,4962.0,1,5433,0.58045,0.64356,0.94992,0.63539,0.34537,0.21430,8.01,0.00,0.126,0,0.0
4963,4963.0,1,5433,0.58045,0.64356,0.94992,0.63539,0.34537,0.21430,8.01,0.00,0.126,0,0.0
4964,4964.0,1,5433,0.58045,0.64356,0.94992,0.63539,0.34537,0.21430,8.01,0.00,0.126,0,0.0
4965,4965.0,1,5433,0.58045,0.64356,0.94992,0.63539,0.34537,0.21430,8.01,0.00,0.126,0,0.0
4966,4966.0,1,5433,0.58045,0.64356,0.94992,0.63539,0.34537,0.21430,8.01,0.00,0.126,0,0.0
4967,4967.0,1,5433,0.58045,0.64356,0.94992,0.63539,0.34537,0.21430,8.01,0.00,0.126,0,0.0
4968,4968.0,1,5433,0.58045,0.64356,0.94992,0.63539,0.34537,0.21430,8.01,0.00,0.126,0,0.0
4969,4969.0,1,5433,0.58045,0.64356,0.94992,0.63539,0.34537,0.21430,8.01,0.00,0.126,0,0.0
4970,4970.0,1,5433,0.58045,0.64356,0.94992,0.63539,0.34537,0.21430,8.01,0.00,0.126,0,0.0
4971,4971.0,1,5433,0.58045,0.64356,0.94992,0.63539,0.34537,0.21430,8.01,0.00,0.126,0,0.0
4972,4972.0,1,5433,0.58045,0.64356,0.94992,0.63539,0.34537,0.21430,8.01,0.00,0.126,0,0.0
4973,4973.0,1,5433,0.58045,0.64356,0.94992,0.63539,0.34537,0.21430,8.01,0.00,0.126,0,0.0
4974,4974.0,1,5433,0.58045,0.64356,0.94992,0.63539,0.34537,0.21430,8.01,0.00,0.126,0,0.0
4975,4975.0,1,5433,0.58045,0.64356,0.94992,0.63539,0.34537,0.21430,8.01,0.00,0.126,0,0.0
4976,4976.0,1,5433,0.58045,0.64356,0.94992,0.63539,0.34537,0.21430,8.01,0.00,0.126,0,0.0
4977,4977.0,1,5433,0.58045,0.64356,0.94992,0.63539,0.34537,0.21430,8.01,0.00,0.126,0,0.0
4978,4978.0,1,5433,0.58045,0.64356,0.94992,0.63539,0.34537,0.21430,8.01,0.00,0.126,0,0.0
4979,4979.0,1,5433,0.58045,0.64356,0.94992,0.63539,0.34537,0.21430,8.01,0.00,0.126,0,0.0
4980,4980.0,1,5433,0.58045,0.64356,0.94992,0.63539,0.34537,0.21430,8.01,0.00,0.126,0,0.0
4981,4981.0,1,5433,0.58045,0.64356,0.94992,0.63539,0.34537,0.21430,8.01,0.00,0.126,0,0.0
4982,4982.0,1,5433,0.58045,0.64356,0.94992,0.63539,0.34537,0.21430,8.01,0.00,0.126,0,0.0
4983,4983.0,1,5433,0.58045,0.64356,0.94992,0.63539,0.34537,0.21430,8.01,0.00,0.126,0,0.0
4984,4984.0,1,5433,0.58045,0.64356,0.94992,0.63539,0.34537,0.21430,8.01,0.00,0.126,0,0.0
4985,4985.0,1,5433,0.58045,0.64356,0.94992,0.63539,0.34537,0.21430,8.01,0.00,0.126,0,0.0
4986,4986.0,1,5433,0.58045,0.64356,0.94992,0.63539,0.34537,0.21430,8.01,0.00,0.126,0,0.0
4987,4987.0,1,5433,0.58045,0.64356,0.94992,0.63539,0.34537,0.21430,8.01,0.00,0.126,0,0.0
4988,4988.0,1,5433,0.58045,0.64356,0.94992,0.63539,0.34537,0.21430,8.01,0.00,0.126,0,0.0
4989,4989.0,1,5433,0.58045,0.64356,0.94992,0.63539,0.34537,0.21430,8.01,0.00,0.126,0,0.0
4990,4990.0,1,5433,0.58045,0.64356,0.94992,0.63539,0.34537,0.21430,8.01,0.00,0.126,0,0.0
4991,4991.0,1,5433,0.58045,0.64356,0.94992,0.63539,0.34537,0.21430,8.01,0.00,0.126,0,0.0
4992,4992.0,1,5433,0.58045,0.64356,0.94992,0.63539,0.34537,0.21430,8.01,0.00,0.126,0,0.0
4993,4993.0,1,5433,0.58045,0.64356,0.94992,0.63539,0.34537,0.21430,8.01,0.00,0.126,0,0.0
4994,4994.0,1,5433,0.58045,0.64356,0.94992,0.63539,0.34537,0.21430,8.01,0.00,0.126,0,0.0
4995,4995.0,1,5433,0.58045,0.64356,0.94992,0.63539,0.34537,0.21430,8.01,0.00,0.126,0,0.0
4996,4996.0,1,5433,0.58045,0.64356,0.94992,0.63539,0.34537,0.21430,8.01,0.00,0.126,0,0.0
4997,4997.0,1,5433,0.58045,0.64356,0.94992,0.63539,0.34537,0.21430,8.01,0.00,0.126,0,0.0
4998,4998.0,1,5433,0.58045,0.64356,0.94992,0.63539,0.34537,0.21430,8.01,0.00,0.126,0,0.0
4999,4999.0,1,5433,0.58045,0.64356,0.94992,0.63539,0.34537,0.21430,8.01,0.00,0.126,0,0.0
5000,5000.0,1,5433,0.58045,0.64356,0.94992,0.63539,0.34537,0.21430,8.01,0.00,0.126,0,0.0
5001,5001.0,0,5433,0.58045,0.64356,0.94992,0.63539,0.34537,0.21430,8.01,0.00,0.126,0,0.0
5002,5002.0,0,5433,0.58045,0.64356,0.94992,0.63539,0.34537,0.21430,8.01,0.00,0.126,0,0.0
5003,5003.0,0,5433,0.58045,0.64356,0.94992,0.63539,0.34537,0.21430,8.01,0.00,0.126,0,0.0
