step;t_min;region;story;stage_tried;stage_accepted;fired_rules;suppression;deployment;containment;protection;evacuation;warning;quality;gate_min;J_forecast;J_noaction;attended
0;0;Agent_1;RL selected stage 3 [GenAI] (deficit bucket: low) → ACCEPTED: G4: G4: IF asset exposure risk is VH AND fire threat level is VL THEN asset protection 0.9, suppression effort 0.5 (adaptation-born: generative (template), gates G1-G4);3;3;R11[0.23] R15[0.23] R20[0.18] R26[0.32] A1[0.16] G2[0.16];0.31;0.74;0.16;0.67;0.57;0.41;0.67;0.00;0.1458;0.1458;1
0;0;Agent_2;RL selected stage 3 [GenAI] (deficit bucket: low) → ACCEPTED: G4: G4: IF asset exposure risk is VH AND fire threat level is VL THEN asset protection 0.9, suppression effort 0.5 (adaptation-born: generative (template), gates G1-G4);3;3;R11[0.23] R15[0.04] R20[0.02] R26[0.04];0.02;0.14;0.03;0.00;0.25;0.26;0.88;0.00;0.1458;0.1458;0
0;0;Agent_3;RL selected stage 3 [GenAI] (deficit bucket: low) → ACCEPTED: G4: G4: IF asset exposure risk is VH AND fire threat level is VL THEN asset protection 0.9, suppression effort 0.5 (adaptation-born: generative (template), gates G1-G4);3;3;;0.00;0.00;0.00;0.00;0.00;0.00;0.79;0.00;0.1458;0.1458;1
0;0;Agent_4;RL selected stage 3 [GenAI] (deficit bucket: low) → ACCEPTED: G4: G4: IF asset exposure risk is VH AND fire threat level is VL THEN asset protection 0.9, suppression effort 0.5 (adaptation-born: generative (template), gates G1-G4);3;3;R20[0.33] R26[0.28] A1[0.63] G2[0.28] G3[0.11] G1[0.38];0.45;0.71;0.00;0.87;0.59;0.00;0.85;0.00;0.1458;0.1458;1
0;0;Agent_5;RL selected stage 3 [GenAI] (deficit bucket: low) → ACCEPTED: G4: G4: IF asset exposure risk is VH AND fire threat level is VL THEN asset protection 0.9, suppression effort 0.5 (adaptation-born: generative (template), gates G1-G4);3;3;R11[0.23];0.00;0.10;0.00;0.00;0.23;0.23;0.89;0.00;0.1458;0.1458;0
0;0;Agent_6;RL selected stage 3 [GenAI] (deficit bucket: low) → ACCEPTED: G4: G4: IF asset exposure risk is VH AND fire threat level is VL THEN asset protection 0.9, suppression effort 0.5 (adaptation-born: generative (template), gates G1-G4);3;3;;0.00;0.00;0.00;0.00;0.00;0.00;0.73;0.00;0.1458;0.1458;1
0;0;Agent_7;RL selected stage 3 [GenAI] (deficit bucket: low) → ACCEPTED: G4: G4: IF asset exposure risk is VH AND fire threat level is VL THEN asset protection 0.9, suppression effort 0.5 (adaptation-born: generative (template), gates G1-G4);3;3;;0.00;0.00;0.00;0.00;0.00;0.00;0.77;0.00;0.1458;0.1458;1
0;0;Agent_8;RL selected stage 3 [GenAI] (deficit bucket: low) → ACCEPTED: G4: G4: IF asset exposure risk is VH AND fire threat level is VL THEN asset protection 0.9, suppression effort 0.5 (adaptation-born: generative (template), gates G1-G4);3;3;;0.00;0.00;0.00;0.00;0.00;0.00;0.72;0.00;0.1458;0.1458;1
0;0;Agent_9;RL selected stage 3 [GenAI] (deficit bucket: low) → ACCEPTED: G4: G4: IF asset exposure risk is VH AND fire threat level is VL THEN asset protection 0.9, suppression effort 0.5 (adaptation-born: generative (template), gates G1-G4);3;3;;0.00;0.00;0.00;0.00;0.00;0.00;0.72;0.00;0.1458;0.1458;1
0;0;Agent_10;RL selected stage 3 [GenAI] (deficit bucket: low) → ACCEPTED: G4: G4: IF asset exposure risk is VH AND fire threat level is VL THEN asset protection 0.9, suppression effort 0.5 (adaptation-born: generative (template), gates G1-G4);3;3;;0.00;0.00;0.00;0.00;0.00;0.00;0.76;0.00;0.1458;0.1458;1
0;0;Agent_11;RL selected stage 3 [GenAI] (deficit bucket: low) → ACCEPTED: G4: G4: IF asset exposure risk is VH AND fire threat level is VL THEN asset protection 0.9, suppression effort 0.5 (adaptation-born: generative (template), gates G1-G4);3;3;;0.00;0.00;0.00;0.00;0.00;0.00;0.73;0.00;0.1458;0.1458;1
0;0;Agent_12;RL selected stage 3 [GenAI] (deficit bucket: low) → ACCEPTED: G4: G4: IF asset exposure risk is VH AND fire threat level is VL THEN asset protection 0.9, suppression effort 0.5 (adaptation-born: generative (template), gates G1-G4);3;3;;0.00;0.00;0.00;0.00;0.00;0.00;0.71;0.00;0.1458;0.1458;1
1;1;Agent_1;orders came from the seed rule base (rules as-is);0;0;R11[0.23] R15[0.23] R20[0.19] R26[0.34] A1[0.18] G2[0.18];0.34;0.74;0.16;0.74;0.59;0.41;0.66;0.74;0.1502;0.1502;1
1;1;Agent_2;orders came from the seed rule base (rules as-is);0;0;R11[0.23] R15[0.04] R20[0.02] R26[0.04];0.03;0.21;0.03;0.00;0.25;0.26;0.87;0.93;0.1502;0.1502;1
1;1;Agent_3;orders came from the seed rule base (rules as-is);0;0;;0.00;0.00;0.00;0.00;0.00;0.00;0.77;0.87;0.1502;0.1502;1
1;1;Agent_4;orders came from the seed rule base (rules as-is);0;0;R20[0.35] R26[0.29] A1[0.69] G2[0.31] G3[0.11] G1[0.40];0.48;0.71;0.00;0.87;0.64;0.00;0.86;0.72;0.1502;0.1502;1
1;1;Agent_5;orders came from the seed rule base (rules as-is);0;0;R11[0.23];0.00;0.10;0.00;0.00;0.23;0.23;0.88;0.26;0.1502;0.1502;0
1;1;Agent_6;orders came from the seed rule base (rules as-is);0;0;;0.00;0.00;0.00;0.00;0.00;0.00;0.72;0.25;0.1502;0.1502;1
1;1;Agent_7;orders came from the seed rule base (rules as-is);0;0;;0.00;0.00;0.00;0.00;0.00;0.00;0.76;0.27;0.1502;0.1502;1
1;1;Agent_8;orders came from the seed rule base (rules as-is);0;0;A1[0.01] G3[0.01] G1[0.01] G4[0.01];0.00;0.00;0.00;0.00;0.00;0.00;0.70;0.34;0.1502;0.1502;1
1;1;Agent_9;orders came from the seed rule base (rules as-is);0;0;;0.00;0.00;0.00;0.00;0.00;0.00;0.71;0.12;0.1502;0.1502;1
1;1;Agent_10;orders came from the seed rule base (rules as-is);0;0;;0.00;0.00;0.00;0.00;0.00;0.00;0.75;0.12;0.1502;0.1502;1
1;1;Agent_11;orders came from the seed rule base (rules as-is);0;0;;0.00;0.00;0.00;0.00;0.00;0.00;0.72;0.12;0.1502;0.1502;1
1;1;Agent_12;orders came from the seed rule base (rules as-is);0;0;;0.00;0.00;0.00;0.00;0.00;0.00;0.72;0.12;0.1502;0.1502;1
2;2;Agent_1;orders came from the seed rule base (rules as-is);0;0;R11[0.23] R15[0.23] R20[0.20] R26[0.34] A1[0.18] G2[0.18];0.34;0.74;0.16;0.77;0.59;0.41;0.70;0.74;0.0208;0.1548;1
2;2;Agent_2;orders came from the seed rule base (rules as-is);0;0;R11[0.23] R15[0.08] R20[0.05] R26[0.08] A1[0.06] G2[0.06];0.09;0.34;0.06;0.26;0.35;0.29;0.88;0.93;0.0208;0.1548;1
2;2;Agent_3;orders came from the seed rule base (rules as-is);0;0;R20[0.15] R26[0.32] A1[0.08] G2[0.03] G3[0.08] G1[0.08];0.34;0.50;0.00;0.27;0.07;0.00;0.84;0.87;0.0208;0.1548;1
2;2;Agent_4;orders came from the seed rule base (rules as-is);0;0;R20[0.39] R26[0.34] A1[0.77] G2[0.35] G3[0.25] G1[0.19];0.50;0.79;0.00;0.89;0.64;0.00;0.93;0.72;0.0208;0.1548;1
2;2;Agent_5;orders came from the seed rule base (rules as-is);0;0;R11[0.23] R15[0.02] R20[0.01] R26[0.02] A1[0.08] G2[0.08];0.03;0.17;0.01;0.34;0.34;0.24;0.85;0.26;0.0208;0.1548;0
2;2;Agent_6;orders came from the seed rule base (rules as-is);0;0;R20[0.01] R26[0.01] A1[0.08] G2[0.03] G3[0.08] G1[0.08];0.06;0.11;0.00;0.30;0.07;0.00;0.78;0.25;0.0208;0.1548;1
2;2;Agent_7;orders came from the seed rule base (rules as-is);0;0;R20[0.05] R26[0.10] A1[0.08] G2[0.03] G3[0.08] G1[0.08];0.14;0.21;0.00;0.30;0.07;0.00;0.82;0.27;0.0208;0.1548;1
2;2;Agent_8;orders came from the seed rule base (rules as-is);0;0;R20[0.02] R26[0.02] A1[0.10] G2[0.04] G3[0.10] G1[0.10];0.07;0.15;0.00;0.39;0.09;0.00;0.79;0.34;0.0208;0.1548;1
2;2;Agent_9;orders came from the seed rule base (rules as-is);0;0;R20[0.02] R26[0.04] A1[0.08] G2[0.03] G3[0.08] G1[0.08];0.09;0.14;0.00;0.30;0.07;0.00;0.77;0.12;0.0208;0.1548;1
2;2;Agent_10;orders came from the seed rule base (rules as-is);0;0;A1[0.08] G2[0.03] G3[0.08] G1[0.08] G4[0.08];0.05;0.10;0.00;0.30;0.07;0.00;0.81;0.12;0.0208;0.1548;1
2;2;Agent_11;orders came from the seed rule base (rules as-is);0;0;R20[0.02] R26[0.04] A1[0.08] G2[0.03] G3[0.08] G1[0.08];0.09;0.14;0.00;0.30;0.07;0.00;0.78;0.12;0.0208;0.1548;1
2;2;Agent_12;orders came from the seed rule base (rules as-is);0;0;A1[0.08] G2[0.03] G3[0.08] G1[0.08] G4[0.08];0.05;0.10;0.00;0.30;0.07;0.00;0.76;0.12;0.0208;0.1548;1
3;3;Agent_1;orders came from the seed rule base (rules as-is);0;0;R11[0.23] R15[0.23] R20[0.20] R26[0.34] A1[0.18] G2[0.18];0.34;0.74;0.16;0.78;0.59;0.41;0.70;0.74;0.0204;0.1546;1
3;3;Agent_2;orders came from the seed rule base (rules as-is);0;0;R11[0.23] R15[0.09] R20[0.06] R26[0.09] A1[0.06] G2[0.06];0.09;0.35;0.06;0.26;0.35;0.29;0.88;0.93;0.0204;0.1546;1
3;3;Agent_3;orders came from the seed rule base (rules as-is);0;0;R20[0.17] R26[0.36] A1[0.08] G2[0.04] G3[0.08] G1[0.08];0.36;0.55;0.00;0.25;0.07;0.00;0.83;0.87;0.0204;0.1546;1
3;3;Agent_4;orders came from the seed rule base (rules as-is);0;0;R20[0.40] R26[0.35] A1[0.78] G2[0.35] G3[0.29] G1[0.13];0.51;0.81;0.00;0.89;0.64;0.00;0.93;0.72;0.0204;0.1546;1
3;3;Agent_5;orders came from the seed rule base (rules as-is);0;0;R11[0.23] R15[0.03] R20[0.02] R26[0.03] A1[0.08] G2[0.08];0.03;0.18;0.02;0.35;0.34;0.25;0.86;0.26;0.0204;0.1546;0
3;3;Agent_6;orders came from the seed rule base (rules as-is);0;0;R20[0.02] R26[0.02] A1[0.08] G2[0.04] G3[0.08] G1[0.08];0.07;0.13;0.00;0.31;0.07;0.00;0.77;0.25;0.0204;0.1546;1
3;3;Agent_7;orders came from the seed rule base (rules as-is);0;0;R20[0.08] R26[0.16] A1[0.08] G2[0.04] G3[0.08] G1[0.08];0.21;0.30;0.00;0.31;0.07;0.00;0.83;0.27;0.0204;0.1546;1
3;3;Agent_8;orders came from the seed rule base (rules as-is);0;0;R20[0.03] R26[0.03] A1[0.11] G2[0.05] G3[0.11] G1[0.11];0.09;0.19;0.00;0.44;0.11;0.00;0.80;0.34;0.0204;0.1546;1
3;3;Agent_9;orders came from the seed rule base (rules as-is);0;0;R20[0.04] R26[0.08] A1[0.08] G2[0.04] G3[0.08] G1[0.08];0.12;0.19;0.00;0.31;0.07;0.00;0.78;0.12;0.0204;0.1546;1
3;3;Agent_10;orders came from the seed rule base (rules as-is);0;0;R20[0.01] R26[0.01] A1[0.08] G2[0.04] G3[0.08] G1[0.08];0.04;0.07;0.00;0.31;0.07;0.00;0.82;0.12;0.0204;0.1546;0
3;3;Agent_11;orders came from the seed rule base (rules as-is);0;0;R20[0.04] R26[0.08] A1[0.08] G2[0.04] G3[0.08] G1[0.08];0.12;0.19;0.00;0.31;0.07;0.00;0.79;0.12;0.0204;0.1546;1
3;3;Agent_12;orders came from the seed rule base (rules as-is);0;0;R20[0.01] R26[0.01] A1[0.08] G2[0.04] G3[0.08] G1[0.08];0.06;0.11;0.00;0.31;0.07;0.00;0.76;0.12;0.0204;0.1546;1
4;4;Agent_1;orders came from the seed rule base (rules as-is);0;0;R11[0.23] R15[0.23] R20[0.20] R26[0.34] A1[0.18] G2[0.18];0.34;0.74;0.16;0.78;0.59;0.41;0.70;0.74;0.0201;0.1553;1
4;4;Agent_2;orders came from the seed rule base (rules as-is);0;0;R11[0.23] R15[0.09] R20[0.06] R26[0.09] A1[0.06] G2[0.06];0.09;0.35;0.06;0.26;0.35;0.29;0.88;0.93;0.0201;0.1553;1
4;4;Agent_3;orders came from the seed rule base (rules as-is);0;0;R20[0.17] R26[0.36] A1[0.08] G2[0.04] G3[0.08] G1[0.08];0.36;0.55;0.00;0.24;0.07;0.00;0.83;0.87;0.0201;0.1553;1
4;4;Agent_4;orders came from the seed rule base (rules as-is);0;0;R20[0.40] R26[0.35] A1[0.78] G2[0.35] G3[0.29] G1[0.12];0.51;0.81;0.00;0.89;0.64;0.00;0.93;0.72;0.0201;0.1553;1
4;4;Agent_5;orders came from the seed rule base (rules as-is);0;0;R11[0.23] R15[0.03] R20[0.03] R26[0.03] A1[0.08] G2[0.08];0.04;0.19;0.02;0.35;0.35;0.25;0.86;0.26;0.0201;0.1553;0
4;4;Agent_6;orders came from the seed rule base (rules as-is);0;0;R20[0.03] R26[0.03] A1[0.08] G2[0.04] G3[0.08] G1[0.08];0.07;0.14;0.00;0.31;0.07;0.00;0.77;0.25;0.0201;0.1553;1
4;4;Agent_7;orders came from the seed rule base (rules as-is);0;0;R20[0.10] R26[0.20] A1[0.08] G2[0.04] G3[0.08] G1[0.08];0.25;0.35;0.00;0.31;0.07;0.00;0.83;0.27;0.0201;0.1553;1
4;4;Agent_8;orders came from the seed rule base (rules as-is);0;0;R20[0.04] R26[0.04] A1[0.12] G2[0.06] G3[0.12] G1[0.12];0.11;0.21;0.00;0.49;0.12;0.00;0.82;0.34;0.0201;0.1553;1
4;4;Agent_9;orders came from the seed rule base (rules as-is);0;0;R20[0.05] R26[0.11] A1[0.08] G2[0.04] G3[0.08] G1[0.08];0.15;0.22;0.00;0.31;0.07;0.00;0.78;0.12;0.0201;0.1553;1
4;4;Agent_10;orders came from the seed rule base (rules as-is);0;0;R20[0.02] R26[0.02] A1[0.08] G2[0.04] G3[0.08] G1[0.08];0.04;0.08;0.00;0.31;0.07;0.00;0.82;0.12;0.0201;0.1553;0
4;4;Agent_11;orders came from the seed rule base (rules as-is);0;0;R20[0.05] R26[0.11] A1[0.08] G2[0.04] G3[0.08] G1[0.08];0.15;0.22;0.00;0.31;0.07;0.00;0.80;0.12;0.0201;0.1553;1
4;4;Agent_12;orders came from the seed rule base (rules as-is);0;0;R20[0.02] R26[0.02] A1[0.08] G2[0.04] G3[0.08] G1[0.08];0.06;0.12;0.00;0.31;0.07;0.00;0.77;0.12;0.0201;0.1553;1
5;5;Agent_1;orders came from the seed rule base (rules as-is);0;0;R11[0.23] R15[0.23] R20[0.20] R26[0.34] A1[0.18] G2[0.18];0.34;0.74;0.16;0.78;0.59;0.41;0.70;0.74;0.0199;0.1536;1
5;5;Agent_2;orders came from the seed rule base (rules as-is);0;0;R11[0.23] R15[0.09] R20[0.06] R26[0.09] A1[0.06] G2[0.06];0.09;0.35;0.06;0.26;0.35;0.29;0.88;0.93;0.0199;0.1536;1
5;5;Agent_3;orders came from the seed rule base (rules as-is);0;0;R20[0.17] R26[0.36] A1[0.08] G2[0.04] G3[0.08] G1[0.08];0.36;0.55;0.00;0.24;0.07;0.00;0.83;0.87;0.0199;0.1536;1
5;5;Agent_4;orders came from the seed rule base (rules as-is);0;0;R20[0.41] R26[0.35] A1[0.78] G2[0.35] G3[0.30] G1[0.12];0.51;0.81;0.00;0.89;0.64;0.00;0.93;0.72;0.0199;0.1536;1
5;5;Agent_5;orders came from the seed rule base (rules as-is);0;0;R11[0.23] R15[0.04] R20[0.03] R26[0.04] A1[0.08] G2[0.08];0.04;0.20;0.03;0.35;0.35;0.25;0.86;0.26;0.0199;0.1536;0
5;5;Agent_6;orders came from the seed rule base (rules as-is);0;0;R20[0.03] R26[0.04] A1[0.08] G2[0.04] G3[0.08] G1[0.08];0.08;0.15;0.00;0.31;0.07;0.00;0.77;0.25;0.0199;0.1536;1
5;5;Agent_7;orders came from the seed rule base (rules as-is);0;0;R20[0.11] R26[0.23] A1[0.08] G2[0.04] G3[0.08] G1[0.08];0.28;0.39;0.00;0.31;0.07;0.00;0.83;0.27;0.0199;0.1536;1
5;5;Agent_8;orders came from the seed rule base (rules as-is);0;0;R20[0.05] R26[0.04] A1[0.14] G2[0.06] G3[0.14] G1[0.14];0.12;0.24;0.00;0.54;0.13;0.00;0.83;0.34;0.0199;0.1536;1
5;5;Agent_9;orders came from the seed rule base (rules as-is);0;0;R20[0.06] R26[0.13] A1[0.08] G2[0.04] G3[0.08] G1[0.08];0.17;0.25;0.00;0.31;0.07;0.00;0.79;0.12;0.0199;0.1536;1
5;5;Agent_10;orders came from the seed rule base (rules as-is);0;0;R20[0.02] R26[0.02] A1[0.08] G2[0.04] G3[0.08] G1[0.08];0.04;0.08;0.00;0.31;0.07;0.00;0.82;0.12;0.0199;0.1536;0
5;5;Agent_11;orders came from the seed rule base (rules as-is);0;0;R20[0.06] R26[0.13] A1[0.08] G2[0.04] G3[0.08] G1[0.08];0.17;0.25;0.00;0.31;0.07;0.00;0.80;0.12;0.0199;0.1536;1
5;5;Agent_12;orders came from the seed rule base (rules as-is);0;0;R20[0.02] R26[0.02] A1[0.08] G2[0.04] G3[0.08] G1[0.08];0.06;0.12;0.00;0.31;0.07;0.00;0.77;0.12;0.0199;0.1536;1
6;6;Agent_1;orders came from the seed rule base (rules as-is);0;0;R11[0.23] R15[0.23] R20[0.20] R26[0.34] A1[0.18] G2[0.18];0.34;0.74;0.16;0.78;0.59;0.41;0.70;0.74;0.0198;0.1517;1
6;6;Agent_2;orders came from the seed rule base (rules as-is);0;0;R11[0.23] R15[0.09] R20[0.06] R26[0.09] A1[0.06] G2[0.06];0.09;0.35;0.06;0.26;0.35;0.29;0.88;0.93;0.0198;0.1517;1
6;6;Agent_3;orders came from the seed rule base (rules as-is);0;0;R20[0.17] R26[0.36] A1[0.08] G2[0.04] G3[0.08] G1[0.08];0.36;0.55;0.00;0.24;0.07;0.00;0.83;0.87;0.0198;0.1517;1
6;6;Agent_4;orders came from the seed rule base (rules as-is);0;0;R20[0.41] R26[0.36] A1[0.78] G2[0.35] G3[0.30] G1[0.12];0.51;0.81;0.00;0.89;0.64;0.00;0.93;0.72;0.0198;0.1517;1
6;6;Agent_5;orders came from the seed rule base (rules as-is);0;0;R11[0.23] R15[0.04] R20[0.03] R26[0.04] A1[0.08] G2[0.08];0.04;0.20;0.03;0.35;0.35;0.26;0.86;0.26;0.0198;0.1517;0
6;6;Agent_6;orders came from the seed rule base (rules as-is);0;0;R20[0.03] R26[0.04] A1[0.08] G2[0.04] G3[0.08] G1[0.08];0.08;0.15;0.00;0.31;0.07;0.00;0.77;0.24;0.0198;0.1517;1
6;6;Agent_7;orders came from the seed rule base (rules as-is);0;0;R20[0.12] R26[0.25] A1[0.08] G2[0.04] G3[0.08] G1[0.08];0.29;0.41;0.00;0.31;0.07;0.00;0.83;0.27;0.0198;0.1517;1
6;6;Agent_8;orders came from the seed rule base (rules as-is);0;0;R20[0.06] R26[0.05] A1[0.15] G2[0.07] G3[0.15] G1[0.15];0.13;0.26;0.00;0.58;0.14;0.00;0.85;0.33;0.0198;0.1517;1
6;6;Agent_9;orders came from the seed rule base (rules as-is);0;0;R20[0.07] R26[0.14] A1[0.08] G2[0.04] G3[0.08] G1[0.08];0.19;0.27;0.00;0.31;0.07;0.00;0.79;0.12;0.0198;0.1517;1
6;6;Agent_10;orders came from the seed rule base (rules as-is);0;0;R20[0.02] R26[0.02] A1[0.08] G2[0.04] G3[0.08] G1[0.08];0.04;0.09;0.00;0.31;0.07;0.00;0.82;0.12;0.0198;0.1517;0
6;6;Agent_11;orders came from the seed rule base (rules as-is);0;0;R20[0.07] R26[0.14] A1[0.08] G2[0.04] G3[0.08] G1[0.08];0.19;0.27;0.00;0.31;0.07;0.00;0.80;0.12;0.0198;0.1517;1
6;6;Agent_12;orders came from the seed rule base (rules as-is);0;0;R20[0.02] R26[0.02] A1[0.08] G2[0.04] G3[0.08] G1[0.08];0.07;0.13;0.00;0.31;0.07;0.00;0.77;0.12;0.0198;0.1517;1
7;7;Agent_1;orders came from the seed rule base (rules as-is);0;0;R11[0.23] R15[0.23] R20[0.20] R26[0.34] A1[0.18] G2[0.18];0.34;0.74;0.16;0.78;0.59;0.41;0.70;0.74;0.0197;0.1496;1
7;7;Agent_2;orders came from the seed rule base (rules as-is);0;0;R11[0.23] R15[0.09] R20[0.06] R26[0.09] A1[0.06] G2[0.06];0.09;0.35;0.06;0.26;0.35;0.29;0.88;0.93;0.0197;0.1496;1
7;7;Agent_3;orders came from the seed rule base (rules as-is);0;0;R20[0.17] R26[0.36] A1[0.08] G2[0.04] G3[0.08] G1[0.08];0.36;0.55;0.00;0.24;0.07;0.00;0.83;0.87;0.0197;0.1496;1
7;7;Agent_4;orders came from the seed rule base (rules as-is);0;0;R20[0.41] R26[0.36] A1[0.78] G2[0.35] G3[0.30] G1[0.12];0.51;0.81;0.00;0.89;0.64;0.00;0.93;0.72;0.0197;0.1496;1
7;7;Agent_5;orders came from the seed rule base (rules as-is);0;0;R11[0.23] R15[0.04] R20[0.04] R26[0.04] A1[0.08] G2[0.08];0.04;0.20;0.03;0.35;0.35;0.26;0.86;0.26;0.0197;0.1496;0
7;7;Agent_6;orders came from the seed rule base (rules as-is);0;0;R20[0.04] R26[0.04] A1[0.08] G2[0.04] G3[0.08] G1[0.08];0.08;0.16;0.00;0.31;0.07;0.00;0.77;0.24;0.0197;0.1496;1
7;7;Agent_7;orders came from the seed rule base (rules as-is);0;0;R20[0.12] R26[0.26] A1[0.08] G2[0.04] G3[0.08] G1[0.08];0.30;0.42;0.00;0.31;0.07;0.00;0.83;0.27;0.0197;0.1496;1
7;7;Agent_8;orders came from the seed rule base (rules as-is);0;0;R20[0.06] R26[0.05] A1[0.16] G2[0.07] G3[0.16] G1[0.16];0.14;0.28;0.00;0.63;0.15;0.00;0.87;0.33;0.0197;0.1496;1
7;7;Agent_9;orders came from the seed rule base (rules as-is);0;0;R20[0.07] R26[0.16] A1[0.08] G2[0.04] G3[0.08] G1[0.08];0.20;0.29;0.00;0.31;0.07;0.00;0.79;0.12;0.0197;0.1496;1
7;7;Agent_10;orders came from the seed rule base (rules as-is);0;0;R20[0.02] R26[0.03] A1[0.08] G2[0.04] G3[0.08] G1[0.08];0.05;0.09;0.00;0.31;0.07;0.00;0.83;0.12;0.0197;0.1496;0
7;7;Agent_11;orders came from the seed rule base (rules as-is);0;0;R20[0.07] R26[0.16] A1[0.08] G2[0.04] G3[0.08] G1[0.08];0.20;0.29;0.00;0.31;0.07;0.00;0.80;0.12;0.0197;0.1496;1
7;7;Agent_12;orders came from the seed rule base (rules as-is);0;0;R20[0.02] R26[0.03] A1[0.08] G2[0.04] G3[0.08] G1[0.08];0.07;0.13;0.00;0.31;0.07;0.00;0.77;0.12;0.0197;0.1496;1
8;8;Agent_1;orders came from the seed rule base (rules as-is);0;0;R11[0.23] R15[0.23] R20[0.20] R26[0.34] A1[0.18] G2[0.18];0.34;0.74;0.16;0.78;0.59;0.41;0.70;0.74;0.0197;0.1457;1
8;8;Agent_2;orders came from the seed rule base (rules as-is);0;0;R11[0.23] R15[0.09] R20[0.06] R26[0.09] A1[0.06] G2[0.06];0.09;0.35;0.06;0.26;0.35;0.29;0.88;0.93;0.0197;0.1457;1
8;8;Agent_3;orders came from the seed rule base (rules as-is);0;0;R20[0.17] R26[0.36] A1[0.08] G2[0.04] G3[0.08] G1[0.08];0.36;0.55;0.00;0.24;0.07;0.00;0.83;0.87;0.0197;0.1457;1
8;8;Agent_4;orders came from the seed rule base (rules as-is);0;0;R20[0.41] R26[0.36] A1[0.78] G2[0.35] G3[0.30] G1[0.12];0.51;0.81;0.00;0.89;0.64;0.00;0.93;0.72;0.0197;0.1457;1
8;8;Agent_5;orders came from the seed rule base (rules as-is);0;0;R11[0.23] R15[0.04] R20[0.04] R26[0.04] A1[0.08] G2[0.08];0.04;0.21;0.03;0.35;0.35;0.26;0.86;0.25;0.0197;0.1457;0
8;8;Agent_6;orders came from the seed rule base (rules as-is);0;0;R20[0.04] R26[0.04] A1[0.08] G2[0.04] G3[0.08] G1[0.08];0.09;0.16;0.00;0.31;0.07;0.00;0.77;0.24;0.0197;0.1457;1
8;8;Agent_7;orders came from the seed rule base (rules as-is);0;0;R20[0.13] R26[0.27] A1[0.08] G2[0.04] G3[0.08] G1[0.08];0.31;0.43;0.00;0.31;0.07;0.00;0.82;0.27;0.0197;0.1457;1
8;8;Agent_8;orders came from the seed rule base (rules as-is);0;0;R20[0.06] R26[0.05] A1[0.17] G2[0.08] G3[0.17] G1[0.17];0.14;0.30;0.00;0.69;0.16;0.00;0.87;0.33;0.0197;0.1457;1
8;8;Agent_9;orders came from the seed rule base (rules as-is);0;0;R20[0.08] R26[0.17] A1[0.08] G2[0.04] G3[0.08] G1[0.07];0.20;0.30;0.00;0.28;0.07;0.00;0.78;0.12;0.0197;0.1457;1
8;8;Agent_10;orders came from the seed rule base (rules as-is);0;0;R20[0.02] R26[0.03] A1[0.08] G2[0.04] G3[0.08] G1[0.08];0.05;0.09;0.00;0.31;0.07;0.00;0.83;0.12;0.0197;0.1457;0
8;8;Agent_11;orders came from the seed rule base (rules as-is);0;0;R20[0.08] R26[0.17] A1[0.08] G2[0.04] G3[0.08] G1[0.07];0.20;0.30;0.00;0.28;0.07;0.00;0.79;0.12;0.0197;0.1457;1
8;8;Agent_12;orders came from the seed rule base (rules as-is);0;0;R20[0.02] R26[0.03] A1[0.08] G2[0.04] G3[0.08] G1[0.08];0.07;0.14;0.00;0.31;0.07;0.00;0.77;0.12;0.0197;0.1457;1
8;8;Agent_1;orders came from the seed rule base (rules as-is);0;0;R11[0.23] R15[0.23] R20[0.20] R26[0.34] A1[0.18] G2[0.18];0.34;0.74;0.16;0.78;0.59;0.41;0.70;0.74;0.0197;0.1457;1
8;8;Agent_2;orders came from the seed rule base (rules as-is);0;0;R11[0.23] R15[0.09] R20[0.06] R26[0.09] A1[0.06] G2[0.06];0.09;0.35;0.06;0.26;0.35;0.29;0.88;0.93;0.0197;0.1457;1
8;8;Agent_3;orders came from the seed rule base (rules as-is);0;0;R20[0.17] R26[0.36] A1[0.08] G2[0.04] G3[0.08] G1[0.08];0.36;0.55;0.00;0.24;0.07;0.00;0.83;0.87;0.0197;0.1457;1
8;8;Agent_4;orders came from the seed rule base (rules as-is);0;0;R20[0.41] R26[0.36] A1[0.78] G2[0.35] G3[0.30] G1[0.12];0.51;0.81;0.00;0.89;0.64;0.00;0.93;0.72;0.0197;0.1457;1
8;8;Agent_5;orders came from the seed rule base (rules as-is);0;0;R11[0.23] R15[0.04] R20[0.04] R26[0.04] A1[0.08] G2[0.08];0.04;0.21;0.03;0.35;0.35;0.26;0.86;0.25;0.0197;0.1457;0
8;8;Agent_6;orders came from the seed rule base (rules as-is);0;0;R20[0.04] R26[0.04] A1[0.08] G2[0.04] G3[0.08] G1[0.08];0.09;0.16;0.00;0.31;0.07;0.00;0.77;0.24;0.0197;0.1457;1
8;8;Agent_7;orders came from the seed rule base (rules as-is);0;0;R20[0.13] R26[0.27] A1[0.08] G2[0.04] G3[0.08] G1[0.08];0.31;0.43;0.00;0.31;0.07;0.00;0.82;0.27;0.0197;0.1457;1
8;8;Agent_8;orders came from the seed rule base (rules as-is);0;0;R20[0.06] R26[0.05] A1[0.17] G2[0.08] G3[0.17] G1[0.17];0.14;0.30;0.00;0.69;0.16;0.00;0.87;0.33;0.0197;0.1457;1
8;8;Agent_9;orders came from the seed rule base (rules as-is);0;0;R20[0.08] R26[0.17] A1[0.08] G2[0.04] G3[0.08] G1[0.07];0.20;0.30;0.00;0.28;0.07;0.00;0.78;0.12;0.0197;0.1457;1
8;8;Agent_10;orders came from the seed rule base (rules as-is);0;0;R20[0.02] R26[0.03] A1[0.08] G2[0.04] G3[0.08] G1[0.08];0.05;0.09;0.00;0.31;0.07;0.00;0.83;0.12;0.0197;0.1457;0
8;8;Agent_11;orders came from the seed rule base (rules as-is);0;0;R20[0.08] R26[0.17] A1[0.08] G2[0.04] G3[0.08] G1[0.07];0.20;0.30;0.00;0.28;0.07;0.00;0.79;0.12;0.0197;0.1457;1
8;8;Agent_12;orders came from the seed rule base (rules as-is);0;0;R20[0.02] R26[0.03] A1[0.08] G2[0.04] G3[0.08] G1[0.08];0.07;0.14;0.00;0.31;0.07;0.00;0.77;0.12;0.0197;0.1457;1
8;8;Agent_1;orders came from the seed rule base (rules as-is);0;0;R11[0.23] R15[0.23] R20[0.20] R26[0.34] A1[0.18] G2[0.18];0.34;0.74;0.16;0.78;0.59;0.41;0.70;0.74;0.0197;0.1457;1
8;8;Agent_2;orders came from the seed rule base (rules as-is);0;0;R11[0.23] R15[0.09] R20[0.06] R26[0.09] A1[0.06] G2[0.06];0.09;0.35;0.06;0.26;0.35;0.29;0.88;0.93;0.0197;0.1457;1
8;8;Agent_3;orders came from the seed rule base (rules as-is);0;0;R20[0.17] R26[0.36] A1[0.08] G2[0.04] G3[0.08] G1[0.08];0.36;0.55;0.00;0.24;0.07;0.00;0.83;0.87;0.0197;0.1457;1
8;8;Agent_4;orders came from the seed rule base (rules as-is);0;0;R20[0.41] R26[0.36] A1[0.78] G2[0.35] G3[0.30] G1[0.12];0.51;0.81;0.00;0.89;0.64;0.00;0.93;0.72;0.0197;0.1457;1
8;8;Agent_5;orders came from the seed rule base (rules as-is);0;0;R11[0.23] R15[0.04] R20[0.04] R26[0.04] A1[0.08] G2[0.08];0.04;0.21;0.03;0.35;0.35;0.26;0.86;0.25;0.0197;0.1457;0
8;8;Agent_6;orders came from the seed rule base (rules as-is);0;0;R20[0.04] R26[0.04] A1[0.08] G2[0.04] G3[0.08] G1[0.08];0.09;0.16;0.00;0.31;0.07;0.00;0.77;0.24;0.0197;0.1457;1
8;8;Agent_7;orders came from the seed rule base (rules as-is);0;0;R20[0.13] R26[0.27] A1[0.08] G2[0.04] G3[0.08] G1[0.08];0.31;0.43;0.00;0.31;0.07;0.00;0.82;0.27;0.0197;0.1457;1
8;8;Agent_8;orders came from the seed rule base (rules as-is);0;0;R20[0.06] R26[0.05] A1[0.17] G2[0.08] G3[0.17] G1[0.17];0.14;0.30;0.00;0.69;0.16;0.00;0.87;0.33;0.0197;0.1457;1
8;8;Agent_9;orders came from the seed rule base (rules as-is);0;0;R20[0.08] R26[0.17] A1[0.08] G2[0.04] G3[0.08] G1[0.07];0.20;0.30;0.00;0.28;0.07;0.00;0.78;0.12;0.0197;0.1457;1
8;8;Agent_10;orders came from the seed rule base (rules as-is);0;0;R20[0.02] R26[0.03] A1[0.08] G2[0.04] G3[0.08] G1[0.08];0.05;0.09;0.00;0.31;0.07;0.00;0.83;0.12;0.0197;0.1457;0
8;8;Agent_11;orders came from the seed rule base (rules as-is);0;0;R20[0.08] R26[0.17] A1[0.08] G2[0.04] G3[0.08] G1[0.07];0.20;0.30;0.00;0.28;0.07;0.00;0.79;0.12;0.0197;0.1457;1
8;8;Agent_12;orders came from the seed rule base (rules as-is);0;0;R20[0.02] R26[0.03] A1[0.08] G2[0.04] G3[0.08] G1[0.08];0.07;0.14;0.00;0.31;0.07;0.00;0.77;0.12;0.0197;0.1457;1
8;8;Agent_1;orders came from the seed rule base (rules as-is);0;0;R11[0.23] R15[0.23] R20[0.20] R26[0.34] A1[0.18] G2[0.18];0.34;0.74;0.16;0.78;0.59;0.41;0.70;0.74;0.0197;0.1457;1
8;8;Agent_2;orders came from the seed rule base (rules as-is);0;0;R11[0.23] R15[0.09] R20[0.06] R26[0.09] A1[0.06] G2[0.06];0.09;0.35;0.06;0.26;0.35;0.29;0.88;0.93;0.0197;0.1457;1
8;8;Agent_3;orders came from the seed rule base (rules as-is);0;0;R20[0.17] R26[0.36] A1[0.08] G2[0.04] G3[0.08] G1[0.08];0.36;0.55;0.00;0.24;0.07;0.00;0.83;0.87;0.0197;0.1457;1
8;8;Agent_4;orders came from the seed rule base (rules as-is);0;0;R20[0.41] R26[0.36] A1[0.78] G2[0.35] G3[0.30] G1[0.12];0.51;0.81;0.00;0.89;0.64;0.00;0.93;0.72;0.0197;0.1457;1
8;8;Agent_5;orders came from the seed rule base (rules as-is);0;0;R11[0.23] R15[0.04] R20[0.04] R26[0.04] A1[0.08] G2[0.08];0.04;0.21;0.03;0.35;0.35;0.26;0.86;0.25;0.0197;0.1457;0
8;8;Agent_6;orders came from the seed rule base (rules as-is);0;0;R20[0.04] R26[0.04] A1[0.08] G2[0.04] G3[0.08] G1[0.08];0.09;0.16;0.00;0.31;0.07;0.00;0.77;0.24;0.0197;0.1457;1
8;8;Agent_7;orders came from the seed rule base (rules as-is);0;0;R20[0.13] R26[0.27] A1[0.08] G2[0.04] G3[0.08] G1[0.08];0.31;0.43;0.00;0.31;0.07;0.00;0.82;0.27;0.0197;0.1457;1
8;8;Agent_8;orders came from the seed rule base (rules as-is);0;0;R20[0.06] R26[0.05] A1[0.17] G2[0.08] G3[0.17] G1[0.17];0.14;0.30;0.00;0.69;0.16;0.00;0.87;0.33;0.0197;0.1457;1
8;8;Agent_9;orders came from the seed rule base (rules as-is);0;0;R20[0.08] R26[0.17] A1[0.08] G2[0.04] G3[0.08] G1[0.07];0.20;0.30;0.00;0.28;0.07;0.00;0.78;0.12;0.0197;0.1457;1
8;8;Agent_10;orders came from the seed rule base (rules as-is);0;0;R20[0.02] R26[0.03] A1[0.08] G2[0.04] G3[0.08] G1[0.08];0.05;0.09;0.00;0.31;0.07;0.00;0.83;0.12;0.0197;0.1457;0
8;8;Agent_11;orders came from the seed rule base (rules as-is);0;0;R20[0.08] R26[0.17] A1[0.08] G2[0.04] G3[0.08] G1[0.07];0.20;0.30;0.00;0.28;0.07;0.00;0.79;0.12;0.0197;0.1457;1
8;8;Agent_12;orders came from the seed rule base (rules as-is);0;0;R20[0.02] R26[0.03] A1[0.08] G2[0.04] G3[0.08] G1[0.08];0.07;0.14;0.00;0.31;0.07;0.00;0.77;0.12;0.0197;0.1457;1
8;8;Agent_1;orders came from the seed rule base (rules as-is);0;0;R11[0.23] R15[0.23] R20[0.20] R26[0.34] A1[0.18] G2[0.18];0.34;0.74;0.16;0.78;0.59;0.41;0.70;0.74;0.0197;0.1457;1
8;8;Agent_2;orders came from the seed rule base (rules as-is);0;0;R11[0.23] R15[0.09] R20[0.06] R26[0.09] A1[0.06] G2[0.06];0.09;0.35;0.06;0.26;0.35;0.29;0.88;0.93;0.0197;0.1457;1
8;8;Agent_3;orders came from the seed rule base (rules as-is);0;0;R20[0.17] R26[0.36] A1[0.08] G2[0.04] G3[0.08] G1[0.08];0.36;0.55;0.00;0.24;0.07;0.00;0.83;0.87;0.0197;0.1457;1
8;8;Agent_4;orders came from the seed rule base (rules as-is);0;0;R20[0.41] R26[0.36] A1[0.78] G2[0.35] G3[0.30] G1[0.12];0.51;0.81;0.00;0.89;0.64;0.00;0.93;0.72;0.0197;0.1457;1
8;8;Agent_5;orders came from the seed rule base (rules as-is);0;0;R11[0.23] R15[0.04] R20[0.04] R26[0.04] A1[0.08] G2[0.08];0.04;0.21;0.03;0.35;0.35;0.26;0.86;0.25;0.0197;0.1457;0
8;8;Agent_6;orders came from the seed rule base (rules as-is);0;0;R20[0.04] R26[0.04] A1[0.08] G2[0.04] G3[0.08] G1[0.08];0.09;0.16;0.00;0.31;0.07;0.00;0.77;0.24;0.0197;0.1457;1
8;8;Agent_7;orders came from the seed rule base (rules as-is);0;0;R20[0.13] R26[0.27] A1[0.08] G2[0.04] G3[0.08] G1[0.08];0.31;0.43;0.00;0.31;0.07;0.00;0.82;0.27;0.0197;0.1457;1
8;8;Agent_8;orders came from the seed rule base (rules as-is);0;0;R20[0.06] R26[0.05] A1[0.17] G2[0.08] G3[0.17] G1[0.17];0.14;0.30;0.00;0.69;0.16;0.00;0.87;0.33;0.0197;0.1457;1
8;8;Agent_9;orders came from the seed rule base (rules as-is);0;0;R20[0.08] R26[0.17] A1[0.08] G2[0.04] G3[0.08] G1[0.07];0.20;0.30;0.00;0.28;0.07;0.00;0.78;0.12;0.0197;0.1457;1
8;8;Agent_10;orders came from the seed rule base (rules as-is);0;0;R20[0.02] R26[0.03] A1[0.08] G2[0.04] G3[0.08] G1[0.08];0.05;0.09;0.00;0.31;0.07;0.00;0.83;0.12;0.0197;0.1457;0
8;8;Agent_11;orders came from the seed rule base (rules as-is);0;0;R20[0.08] R26[0.17] A1[0.08] G2[0.04] G3[0.08] G1[0.07];0.20;0.30;0.00;0.28;0.07;0.00;0.79;0.12;0.0197;0.1457;1
8;8;Agent_12;orders came from the seed rule base (rules as-is);0;0;R20[0.02] R26[0.03] A1[0.08] G2[0.04] G3[0.08] G1[0.08];0.07;0.14;0.00;0.31;0.07;0.00;0.77;0.12;0.0197;0.1457;1
8;8;Agent_1;orders came from the seed rule base (rules as-is);0;0;R11[0.23] R15[0.23] R20[0.20] R26[0.34] A1[0.18] G2[0.18];0.34;0.74;0.16;0.78;0.59;0.41;0.70;0.74;0.0197;0.1457;1
8;8;Agent_2;orders came from the seed rule base (rules as-is);0;0;R11[0.23] R15[0.09] R20[0.06] R26[0.09] A1[0.06] G2[0.06];0.09;0.35;0.06;0.26;0.35;0.29;0.88;0.93;0.0197;0.1457;1
8;8;Agent_3;orders came from the seed rule base (rules as-is);0;0;R20[0.17] R26[0.36] A1[0.08] G2[0.04] G3[0.08] G1[0.08];0.36;0.55;0.00;0.24;0.07;0.00;0.83;0.87;0.0197;0.1457;1
8;8;Agent_4;orders came from the seed rule base (rules as-is);0;0;R20[0.41] R26[0.36] A1[0.78] G2[0.35] G3[0.30] G1[0.12];0.51;0.81;0.00;0.89;0.64;0.00;0.93;0.72;0.0197;0.1457;1
8;8;Agent_5;orders came from the seed rule base (rules as-is);0;0;R11[0.23] R15[0.04] R20[0.04] R26[0.04] A1[0.08] G2[0.08];0.04;0.21;0.03;0.35;0.35;0.26;0.86;0.25;0.0197;0.1457;0
8;8;Agent_6;orders came from the seed rule base (rules as-is);0;0;R20[0.04] R26[0.04] A1[0.08] G2[0.04] G3[0.08] G1[0.08];0.09;0.16;0.00;0.31;0.07;0.00;0.77;0.24;0.0197;0.1457;1
8;8;Agent_7;orders came from the seed rule base (rules as-is);0;0;R20[0.13] R26[0.27] A1[0.08] G2[0.04] G3[0.08] G1[0.08];0.31;0.43;0.00;0.31;0.07;0.00;0.82;0.27;0.0197;0.1457;1
8;8;Agent_8;orders came from the seed rule base (rules as-is);0;0;R20[0.06] R26[0.05] A1[0.17] G2[0.08] G3[0.17] G1[0.17];0.14;0.30;0.00;0.69;0.16;0.00;0.87;0.33;0.0197;0.1457;1
8;8;Agent_9;orders came from the seed rule base (rules as-is);0;0;R20[0.08] R26[0.17] A1[0.08] G2[0.04] G3[0.08] G1[0.07];0.20;0.30;0.00;0.28;0.07;0.00;0.78;0.12;0.0197;0.1457;1
8;8;Agent_10;orders came from the seed rule base (rules as-is);0;0;R20[0.02] R26[0.03] A1[0.08] G2[0.04] G3[0.08] G1[0.08];0.05;0.09;0.00;0.31;0.07;0.00;0.83;0.12;0.0197;0.1457;0
8;8;Agent_11;orders came from the seed rule base (rules as-is);0;0;R20[0.08] R26[0.17] A1[0.08] G2[0.04] G3[0.08] G1[0.07];0.20;0.30;0.00;0.28;0.07;0.00;0.79;0.12;0.0197;0.1457;1
8;8;Agent_12;orders came from the seed rule base (rules as-is);0;0;R20[0.02] R26[0.03] A1[0.08] G2[0.04] G3[0.08] G1[0.08];0.07;0.14;0.00;0.31;0.07;0.00;0.77;0.12;0.0197;0.1457;1
9;9;Agent_1;orders came from the seed rule base (rules as-is);0;0;R11[0.23] R15[0.23] R20[0.20] R26[0.34] A1[0.18] G2[0.18];0.34;0.74;0.16;0.78;0.59;0.41;0.70;0.74;0.0198;0.1388;1
9;9;Agent_2;orders came from the seed rule base (rules as-is);0;0;R11[0.23] R15[0.09] R20[0.06] R26[0.09] A1[0.06] G2[0.06];0.09;0.35;0.06;0.26;0.35;0.29;0.88;0.93;0.0198;0.1388;1
9;9;Agent_3;orders came from the seed rule base (rules as-is);0;0;R20[0.17] R26[0.36] A1[0.08] G2[0.04] G3[0.08] G1[0.08];0.36;0.55;0.00;0.24;0.07;0.00;0.83;0.87;0.0198;0.1388;1
9;9;Agent_4;orders came from the seed rule base (rules as-is);0;0;R20[0.41] R26[0.36] A1[0.78] G2[0.35] G3[0.30] G1[0.12];0.51;0.81;0.00;0.89;0.64;0.00;0.93;0.72;0.0198;0.1388;1
9;9;Agent_5;orders came from the seed rule base (rules as-is);0;0;R11[0.23] R15[0.04] R20[0.04] R26[0.04] A1[0.08] G2[0.08];0.04;0.21;0.03;0.35;0.36;0.26;0.86;0.25;0.0198;0.1388;0
9;9;Agent_6;orders came from the seed rule base (rules as-is);0;0;R20[0.04] R26[0.04] A1[0.08] G2[0.04] G3[0.08] G1[0.08];0.09;0.16;0.00;0.31;0.07;0.00;0.76;0.24;0.0198;0.1388;1
9;9;Agent_7;orders came from the seed rule base (rules as-is);0;0;R20[0.13] R26[0.27] A1[0.08] G2[0.04] G3[0.08] G1[0.08];0.32;0.44;0.00;0.31;0.07;0.00;0.82;0.27;0.0198;0.1388;1
9;9;Agent_8;orders came from the seed rule base (rules as-is);0;0;R20[0.07] R26[0.05] A1[0.19] G2[0.08] G3[0.19] G1[0.19];0.15;0.32;0.00;0.74;0.18;0.00;0.86;0.33;0.0198;0.1388;1
9;9;Agent_9;orders came from the seed rule base (rules as-is);0;0;R20[0.08] R26[0.17] A1[0.08] G2[0.04] G3[0.08] G1[0.05];0.20;0.30;0.00;0.26;0.07;0.00;0.77;0.12;0.0198;0.1388;1
9;9;Agent_10;orders came from the seed rule base (rules as-is);0;0;R20[0.03] R26[0.03] A1[0.08] G2[0.04] G3[0.08] G1[0.08];0.05;0.09;0.00;0.31;0.07;0.00;0.83;0.12;0.0198;0.1388;0
9;9;Agent_11;orders came from the seed rule base (rules as-is);0;0;R20[0.08] R26[0.17] A1[0.08] G2[0.04] G3[0.08] G1[0.05];0.20;0.30;0.00;0.26;0.07;0.00;0.79;0.12;0.0198;0.1388;1
9;9;Agent_12;orders came from the seed rule base (rules as-is);0;0;R20[0.03] R26[0.03] A1[0.08] G2[0.04] G3[0.08] G1[0.08];0.07;0.14;0.00;0.31;0.07;0.00;0.77;0.12;0.0198;0.1388;1
10;10;Agent_1;orders came from the seed rule base (rules as-is);0;0;R11[0.23] R15[0.23] R20[0.20] R26[0.34] A1[0.18] G2[0.18];0.34;0.74;0.16;0.78;0.59;0.41;0.70;0.74;0.0198;0.1101;1
10;10;Agent_2;orders came from the seed rule base (rules as-is);0;0;R11[0.23] R15[0.09] R20[0.06] R26[0.09] A1[0.06] G2[0.06];0.09;0.35;0.06;0.26;0.35;0.29;0.88;0.93;0.0198;0.1101;1
10;10;Agent_3;orders came from the seed rule base (rules as-is);0;0;R20[0.17] R26[0.36] A1[0.08] G2[0.04] G3[0.08] G1[0.08];0.36;0.55;0.00;0.24;0.07;0.00;0.83;0.87;0.0198;0.1101;1
10;10;Agent_4;orders came from the seed rule base (rules as-is);0;0;R20[0.41] R26[0.36] A1[0.78] G2[0.35] G3[0.30] G1[0.12];0.51;0.81;0.00;0.89;0.64;0.00;0.93;0.72;0.0198;0.1101;1
10;10;Agent_5;orders came from the seed rule base (rules as-is);0;0;R11[0.23] R15[0.05] R20[0.04] R26[0.05] A1[0.08] G2[0.08];0.04;0.21;0.03;0.35;0.36;0.26;0.86;0.25;0.0198;0.1101;0
10;10;Agent_6;orders came from the seed rule base (rules as-is);0;0;R20[0.04] R26[0.04] A1[0.08] G2[0.04] G3[0.08] G1[0.08];0.09;0.16;0.00;0.31;0.07;0.00;0.76;0.24;0.0198;0.1101;1
10;10;Agent_7;orders came from the seed rule base (rules as-is);0;0;R20[0.13] R26[0.28] A1[0.08] G2[0.04] G3[0.08] G1[0.08];0.32;0.44;0.00;0.31;0.07;0.00;0.82;0.27;0.0198;0.1101;1
10;10;Agent_8;orders came from the seed rule base (rules as-is);0;0;R20[0.07] R26[0.05] A1[0.20] G2[0.09] G3[0.20] G1[0.20];0.16;0.34;0.00;0.79;0.19;0.00;0.86;0.33;0.0198;0.1101;1
10;10;Agent_9;orders came from the seed rule base (rules as-is);0;0;R20[0.09] R26[0.18] A1[0.08] G2[0.04] G3[0.08] G1[0.04];0.20;0.31;0.00;0.25;0.07;0.00;0.76;0.12;0.0198;0.1101;1
10;10;Agent_10;orders came from the seed rule base (rules as-is);0;0;R20[0.03] R26[0.03] A1[0.08] G2[0.04] G3[0.08] G1[0.08];0.05;0.09;0.00;0.31;0.07;0.00;0.83;0.12;0.0198;0.1101;0
10;10;Agent_11;orders came from the seed rule base (rules as-is);0;0;R20[0.09] R26[0.18] A1[0.08] G2[0.04] G3[0.08] G1[0.04];0.20;0.31;0.00;0.25;0.07;0.00;0.78;0.12;0.0198;0.1101;1
10;10;Agent_12;orders came from the seed rule base (rules as-is);0;0;R20[0.03] R26[0.03] A1[0.08] G2[0.04] G3[0.08] G1[0.08];0.07;0.14;0.00;0.31;0.07;0.00;0.77;0.12;0.0198;0.1101;1
11;11;Agent_1;orders came from the seed rule base (rules as-is);0;0;R11[0.23] R15[0.23] R20[0.20] R26[0.34] A1[0.18] G2[0.18];0.34;0.74;0.16;0.78;0.59;0.41;0.70;0.74;0.0199;0.0594;1
11;11;Agent_2;orders came from the seed rule base (rules as-is);0;0;R11[0.23] R15[0.09] R20[0.06] R26[0.09] A1[0.06] G2[0.06];0.09;0.35;0.06;0.26;0.35;0.29;0.88;0.93;0.0199;0.0594;1
11;11;Agent_3;orders came from the seed rule base (rules as-is);0;0;R20[0.17] R26[0.36] A1[0.08] G2[0.04] G3[0.08] G1[0.08];0.36;0.55;0.00;0.24;0.07;0.00;0.83;0.87;0.0199;0.0594;1
11;11;Agent_4;orders came from the seed rule base (rules as-is);0;0;R20[0.41] R26[0.36] A1[0.78] G2[0.35] G3[0.30] G1[0.12];0.51;0.81;0.00;0.89;0.64;0.00;0.93;0.72;0.0199;0.0594;1
11;11;Agent_5;orders came from the seed rule base (rules as-is);0;0;R11[0.23] R15[0.05] R20[0.04] R26[0.05] A1[0.08] G2[0.08];0.04;0.21;0.03;0.35;0.36;0.26;0.86;0.25;0.0199;0.0594;0
11;11;Agent_6;orders came from the seed rule base (rules as-is);0;0;R20[0.04] R26[0.04] A1[0.08] G2[0.04] G3[0.08] G1[0.08];0.09;0.16;0.00;0.31;0.07;0.00;0.76;0.24;0.0199;0.0594;1
11;11;Agent_7;orders came from the seed rule base (rules as-is);0;0;R20[0.13] R26[0.28] A1[0.08] G2[0.04] G3[0.08] G1[0.08];0.32;0.45;0.00;0.31;0.07;0.00;0.82;0.27;0.0199;0.0594;1
11;11;Agent_8;orders came from the seed rule base (rules as-is);0;0;R20[0.08] R26[0.05] A1[0.22] G2[0.10] G3[0.22] G1[0.22];0.17;0.36;0.00;0.85;0.20;0.00;0.86;0.33;0.0199;0.0594;1
11;11;Agent_9;orders came from the seed rule base (rules as-is);0;0;R20[0.09] R26[0.19] A1[0.08] G2[0.04] G3[0.08] G1[0.03];0.20;0.31;0.00;0.23;0.07;0.00;0.76;0.11;0.0199;0.0594;1
11;11;Agent_10;orders came from the seed rule base (rules as-is);0;0;R20[0.03] R26[0.03] A1[0.08] G2[0.04] G3[0.08] G1[0.08];0.05;0.09;0.00;0.31;0.07;0.00;0.83;0.11;0.0199;0.0594;0
11;11;Agent_11;orders came from the seed rule base (rules as-is);0;0;R20[0.09] R26[0.19] A1[0.08] G2[0.04] G3[0.08] G1[0.03];0.20;0.31;0.00;0.23;0.07;0.00;0.77;0.11;0.0199;0.0594;1
11;11;Agent_12;orders came from the seed rule base (rules as-is);0;0;R20[0.03] R26[0.03] A1[0.09] G2[0.04] G3[0.09] G1[0.09];0.08;0.15;0.00;0.36;0.09;0.00;0.78;0.11;0.0199;0.0594;1
12;12;Agent_1;orders came from the seed rule base (rules as-is);0;0;R11[0.23] R15[0.23] R20[0.20] R26[0.34] A1[0.18] G2[0.18];0.34;0.74;0.16;0.78;0.59;0.41;0.70;0.74;0.0199;0.0566;1
12;12;Agent_2;orders came from the seed rule base (rules as-is);0;0;R11[0.23] R15[0.09] R20[0.06] R26[0.09] A1[0.06] G2[0.06];0.09;0.35;0.06;0.26;0.35;0.29;0.88;0.93;0.0199;0.0566;1
12;12;Agent_3;orders came from the seed rule base (rules as-is);0;0;R20[0.17] R26[0.36] A1[0.08] G2[0.04] G3[0.08] G1[0.08];0.36;0.55;0.00;0.24;0.07;0.00;0.83;0.87;0.0199;0.0566;1
12;12;Agent_4;orders came from the seed rule base (rules as-is);0;0;R20[0.41] R26[0.36] A1[0.78] G2[0.35] G3[0.30] G1[0.12];0.51;0.81;0.00;0.89;0.64;0.00;0.93;0.72;0.0199;0.0566;1
12;12;Agent_5;orders came from the seed rule base (rules as-is);0;0;R11[0.23] R15[0.05] R20[0.04] R26[0.05] A1[0.08] G2[0.08];0.04;0.21;0.03;0.35;0.36;0.26;0.86;0.25;0.0199;0.0566;0
12;12;Agent_6;orders came from the seed rule base (rules as-is);0;0;R20[0.04] R26[0.05] A1[0.08] G2[0.04] G3[0.08] G1[0.08];0.09;0.16;0.00;0.31;0.07;0.00;0.76;0.24;0.0199;0.0566;1
12;12;Agent_7;orders came from the seed rule base (rules as-is);0;0;R20[0.13] R26[0.28] A1[0.08] G2[0.04] G3[0.08] G1[0.08];0.32;0.45;0.00;0.31;0.07;0.00;0.82;0.27;0.0199;0.0566;1
12;12;Agent_8;orders came from the seed rule base (rules as-is);0;0;R20[0.08] R26[0.05] A1[0.23] G2[0.10] G3[0.23] G1[0.22];0.17;0.38;0.00;0.88;0.22;0.00;0.86;0.33;0.0199;0.0566;1
12;12;Agent_9;orders came from the seed rule base (rules as-is);0;0;R20[0.09] R26[0.19] A1[0.09] G2[0.04] G3[0.09] G1[0.03];0.20;0.32;0.00;0.25;0.09;0.00;0.76;0.11;0.0199;0.0566;1
12;12;Agent_10;orders came from the seed rule base (rules as-is);0;0;R20[0.03] R26[0.03] A1[0.08] G2[0.04] G3[0.08] G1[0.08];0.05;0.09;0.00;0.31;0.07;0.00;0.83;0.11;0.0199;0.0566;0
12;12;Agent_11;orders came from the seed rule base (rules as-is);0;0;R20[0.09] R26[0.19] A1[0.08] G2[0.04] G3[0.08] G1[0.03];0.20;0.31;0.00;0.22;0.07;0.00;0.77;0.11;0.0199;0.0566;1
12;12;Agent_12;orders came from the seed rule base (rules as-is);0;0;R20[0.03] R26[0.03] A1[0.11] G2[0.05] G3[0.11] G1[0.09];0.09;0.17;0.00;0.41;0.10;0.00;0.80;0.11;0.0199;0.0566;1
13;13;Agent_1;orders came from the seed rule base (rules as-is);0;0;R11[0.23] R15[0.23] R20[0.20] R26[0.34] A1[0.18] G2[0.18];0.34;0.74;0.16;0.78;0.59;0.41;0.70;0.74;0.0199;0.0531;1
13;13;Agent_2;orders came from the seed rule base (rules as-is);0;0;R11[0.23] R15[0.09] R20[0.06] R26[0.09] A1[0.06] G2[0.06];0.09;0.35;0.06;0.26;0.35;0.29;0.88;0.93;0.0199;0.0531;1
13;13;Agent_3;orders came from the seed rule base (rules as-is);0;0;R20[0.17] R26[0.36] A1[0.08] G2[0.04] G3[0.08] G1[0.08];0.36;0.55;0.00;0.24;0.07;0.00;0.83;0.87;0.0199;0.0531;1
13;13;Agent_4;orders came from the seed rule base (rules as-is);0;0;R20[0.41] R26[0.36] A1[0.78] G2[0.35] G3[0.30] G1[0.12];0.51;0.81;0.00;0.89;0.64;0.00;0.93;0.72;0.0199;0.0531;1
13;13;Agent_5;orders came from the seed rule base (rules as-is);0;0;R11[0.23] R15[0.05] R20[0.04] R26[0.05] A1[0.08] G2[0.08];0.04;0.21;0.03;0.35;0.36;0.26;0.86;0.25;0.0199;0.0531;0
13;13;Agent_6;orders came from the seed rule base (rules as-is);0;0;R20[0.04] R26[0.05] A1[0.08] G2[0.04] G3[0.08] G1[0.08];0.09;0.16;0.00;0.31;0.07;0.00;0.76;0.24;0.0199;0.0531;1
13;13;Agent_7;orders came from the seed rule base (rules as-is);0;0;R20[0.13] R26[0.28] A1[0.08] G2[0.04] G3[0.08] G1[0.08];0.32;0.45;0.00;0.31;0.07;0.00;0.82;0.27;0.0199;0.0531;1
13;13;Agent_8;orders came from the seed rule base (rules as-is);0;0;R20[0.08] R26[0.05] A1[0.24] G2[0.11] G3[0.24] G1[0.22];0.18;0.39;0.00;0.88;0.22;0.00;0.86;0.33;0.0199;0.0531;1
13;13;Agent_9;orders came from the seed rule base (rules as-is);0;0;R20[0.09] R26[0.19] A1[0.11] G2[0.05] G3[0.11] G1[0.02];0.20;0.33;0.00;0.28;0.10;0.00;0.77;0.11;0.0199;0.0531;1
13;13;Agent_10;orders came from the seed rule base (rules as-is);0;0;R20[0.03] R26[0.03] A1[0.08] G2[0.04] G3[0.08] G1[0.08];0.05;0.09;0.00;0.31;0.07;0.00;0.83;0.11;0.0199;0.0531;0
13;13;Agent_11;orders came from the seed rule base (rules as-is);0;0;R20[0.09] R26[0.19] A1[0.08] G2[0.04] G3[0.08] G1[0.02];0.20;0.31;0.00;0.21;0.07;0.00;0.77;0.11;0.0199;0.0531;1
13;13;Agent_12;orders came from the seed rule base (rules as-is);0;0;R20[0.03] R26[0.03] A1[0.12] G2[0.05] G3[0.12] G1[0.09];0.10;0.18;0.00;0.44;0.11;0.00;0.81;0.11;0.0199;0.0531;1
14;14;Agent_1;orders came from the seed rule base (rules as-is);0;0;R11[0.23] R15[0.23] R20[0.20] R26[0.34] A1[0.18] G2[0.18];0.34;0.74;0.16;0.78;0.59;0.41;0.70;0.74;0.0199;0.0511;1
14;14;Agent_2;orders came from the seed rule base (rules as-is);0;0;R11[0.23] R15[0.09] R20[0.06] R26[0.09] A1[0.06] G2[0.06];0.09;0.35;0.06;0.26;0.35;0.29;0.88;0.93;0.0199;0.0511;1
14;14;Agent_3;orders came from the seed rule base (rules as-is);0;0;R20[0.17] R26[0.36] A1[0.08] G2[0.04] G3[0.08] G1[0.08];0.36;0.55;0.00;0.24;0.07;0.00;0.83;0.87;0.0199;0.0511;1
14;14;Agent_4;orders came from the seed rule base (rules as-is);0;0;R20[0.41] R26[0.36] A1[0.78] G2[0.35] G3[0.30] G1[0.12];0.51;0.81;0.00;0.89;0.64;0.00;0.93;0.72;0.0199;0.0511;1
14;14;Agent_5;orders came from the seed rule base (rules as-is);0;0;R11[0.23] R15[0.05] R20[0.04] R26[0.05] A1[0.08] G2[0.08];0.04;0.21;0.03;0.35;0.36;0.26;0.86;0.25;0.0199;0.0511;0
14;14;Agent_6;orders came from the seed rule base (rules as-is);0;0;R20[0.04] R26[0.05] A1[0.08] G2[0.04] G3[0.08] G1[0.08];0.09;0.16;0.00;0.31;0.07;0.00;0.76;0.24;0.0199;0.0511;1
14;14;Agent_7;orders came from the seed rule base (rules as-is);0;0;R20[0.13] R26[0.28] A1[0.08] G2[0.04] G3[0.08] G1[0.08];0.32;0.45;0.00;0.31;0.07;0.00;0.82;0.27;0.0199;0.0511;1
14;14;Agent_8;orders came from the seed rule base (rules as-is);0;0;R20[0.09] R26[0.05] A1[0.24] G2[0.11] G3[0.24] G1[0.22];0.18;0.39;0.00;0.88;0.22;0.00;0.86;0.33;0.0199;0.0511;1
14;14;Agent_9;orders came from the seed rule base (rules as-is);0;0;R20[0.09] R26[0.19] A1[0.11] G2[0.05] G3[0.11] G1[0.02];0.20;0.34;0.00;0.27;0.10;0.00;0.77;0.11;0.0199;0.0511;1
14;14;Agent_10;orders came from the seed rule base (rules as-is);0;0;R20[0.03] R26[0.03] A1[0.08] G2[0.04] G3[0.08] G1[0.08];0.05;0.09;0.00;0.31;0.07;0.00;0.83;0.11;0.0199;0.0511;0
14;14;Agent_11;orders came from the seed rule base (rules as-is);0;0;R20[0.09] R26[0.19] A1[0.08] G2[0.04] G3[0.08] G1[0.02];0.20;0.31;0.00;0.21;0.07;0.00;0.76;0.11;0.0199;0.0511;1
14;14;Agent_12;orders came from the seed rule base (rules as-is);0;0;R20[0.03] R26[0.03] A1[0.12] G2[0.05] G3[0.12] G1[0.08];0.10;0.18;0.00;0.43;0.11;0.00;0.81;0.11;0.0199;0.0511;1
15;15;Agent_1;orders came from the seed rule base (rules as-is);0;0;R11[0.23] R15[0.23] R20[0.20] R26[0.34] A1[0.18] G2[0.18];0.34;0.74;0.16;0.78;0.59;0.41;0.70;0.74;0.0231;0.0488;1
15;15;Agent_2;orders came from the seed rule base (rules as-is);0;0;R11[0.23] R15[0.09] R20[0.06] R26[0.09] A1[0.06] G2[0.06];0.09;0.35;0.06;0.26;0.35;0.29;0.88;0.93;0.0231;0.0488;1
15;15;Agent_3;orders came from the seed rule base (rules as-is);0;0;R20[0.17] R26[0.36] A1[0.08] G2[0.04] G3[0.08] G1[0.08];0.36;0.55;0.00;0.24;0.07;0.00;0.83;0.87;0.0231;0.0488;1
15;15;Agent_4;orders came from the seed rule base (rules as-is);0;0;R20[0.41] R26[0.36] A1[0.78] G2[0.35] G3[0.30] G1[0.12];0.51;0.81;0.00;0.89;0.64;0.00;0.93;0.72;0.0231;0.0488;1
15;15;Agent_5;orders came from the seed rule base (rules as-is);0;0;R11[0.23] R15[0.05] R20[0.04] R26[0.05] A1[0.08] G2[0.08];0.04;0.21;0.03;0.35;0.36;0.26;0.86;0.25;0.0231;0.0488;0
15;15;Agent_6;orders came from the seed rule base (rules as-is);0;0;R20[0.04] R26[0.05] A1[0.08] G2[0.04] G3[0.08] G1[0.08];0.09;0.16;0.00;0.31;0.07;0.00;0.76;0.24;0.0231;0.0488;1
15;15;Agent_7;orders came from the seed rule base (rules as-is);0;0;R20[0.13] R26[0.28] A1[0.08] G2[0.04] G3[0.08] G1[0.08];0.32;0.45;0.00;0.31;0.07;0.00;0.82;0.27;0.0231;0.0488;1
15;15;Agent_8;orders came from the seed rule base (rules as-is);0;0;R20[0.09] R26[0.05] A1[0.24] G2[0.11] G3[0.24] G1[0.22];0.18;0.39;0.00;0.88;0.22;0.00;0.86;0.33;0.0231;0.0488;1
15;15;Agent_9;orders came from the seed rule base (rules as-is);0;0;R20[0.10] R26[0.19] A1[0.11] G2[0.05] G3[0.11] G1[0.01];0.20;0.34;0.00;0.27;0.10;0.00;0.77;0.11;0.0231;0.0488;1
15;15;Agent_10;orders came from the seed rule base (rules as-is);0;0;R20[0.03] R26[0.03] A1[0.08] G2[0.04] G3[0.08] G1[0.08];0.05;0.09;0.00;0.31;0.07;0.00;0.83;0.11;0.0231;0.0488;0
15;15;Agent_11;orders came from the seed rule base (rules as-is);0;0;R20[0.09] R26[0.19] A1[0.08] G2[0.04] G3[0.08] G1[0.01];0.20;0.31;0.00;0.20;0.07;0.00;0.76;0.11;0.0231;0.0488;1
15;15;Agent_12;orders came from the seed rule base (rules as-is);0;0;R20[0.03] R26[0.03] A1[0.12] G2[0.05] G3[0.12] G1[0.08];0.10;0.18;0.00;0.43;0.11;0.00;0.81;0.11;0.0231;0.0488;1
16;16;Agent_1;RL selected stage 2 [resolution increase] (deficit bucket: high+gap) → rejected (cell already covered — an active rule sits on this antecedent cell and the situation is crisp; numeric tuning is stage ① evFIS's job | seed-base decision stands, its orders are applied);2;0;R11[0.23] R15[0.23] R20[0.20] R26[0.34] A1[0.18] G2[0.18];0.34;0.74;0.16;0.78;0.59;0.41;0.70;0.74;0.0212;0.0466;1
16;16;Agent_2;RL selected stage 2 [resolution increase] (deficit bucket: high+gap) → rejected (cell already covered — an active rule sits on this antecedent cell and the situation is crisp; numeric tuning is stage ① evFIS's job | seed-base decision stands, its orders are applied);2;0;R11[0.23] R15[0.09] R20[0.06] R26[0.09] A1[0.06] G2[0.06];0.09;0.35;0.06;0.26;0.35;0.29;0.88;0.93;0.0212;0.0466;1
16;16;Agent_3;RL selected stage 2 [resolution increase] (deficit bucket: high+gap) → rejected (cell already covered — an active rule sits on this antecedent cell and the situation is crisp; numeric tuning is stage ① evFIS's job | seed-base decision stands, its orders are applied);2;0;R20[0.17] R26[0.36] A1[0.08] G2[0.04] G3[0.08] G1[0.08];0.36;0.55;0.00;0.24;0.07;0.00;0.83;0.87;0.0212;0.0466;1
16;16;Agent_4;RL selected stage 2 [resolution increase] (deficit bucket: high+gap) → rejected (cell already covered — an active rule sits on this antecedent cell and the situation is crisp; numeric tuning is stage ① evFIS's job | seed-base decision stands, its orders are applied);2;0;R20[0.41] R26[0.36] A1[0.78] G2[0.35] G3[0.30] G1[0.12];0.51;0.81;0.00;0.89;0.64;0.00;0.93;0.72;0.0212;0.0466;1
16;16;Agent_5;RL selected stage 2 [resolution increase] (deficit bucket: high+gap) → rejected (cell already covered — an active rule sits on this antecedent cell and the situation is crisp; numeric tuning is stage ① evFIS's job | seed-base decision stands, its orders are applied);2;0;R11[0.23] R15[0.05] R20[0.04] R26[0.05] A1[0.08] G2[0.08];0.04;0.21;0.03;0.35;0.36;0.26;0.87;0.25;0.0212;0.0466;0
16;16;Agent_6;RL selected stage 2 [resolution increase] (deficit bucket: high+gap) → rejected (cell already covered — an active rule sits on this antecedent cell and the situation is crisp; numeric tuning is stage ① evFIS's job | seed-base decision stands, its orders are applied);2;0;R20[0.04] R26[0.05] A1[0.08] G2[0.04] G3[0.08] G1[0.08];0.09;0.16;0.00;0.31;0.07;0.00;0.76;0.24;0.0212;0.0466;1
16;16;Agent_7;RL selected stage 2 [resolution increase] (deficit bucket: high+gap) → rejected (cell already covered — an active rule sits on this antecedent cell and the situation is crisp; numeric tuning is stage ① evFIS's job | seed-base decision stands, its orders are applied);2;0;R20[0.13] R26[0.28] A1[0.08] G2[0.04] G3[0.08] G1[0.08];0.32;0.45;0.00;0.31;0.07;0.00;0.82;0.26;0.0212;0.0466;1
16;16;Agent_8;RL selected stage 2 [resolution increase] (deficit bucket: high+gap) → rejected (cell already covered — an active rule sits on this antecedent cell and the situation is crisp; numeric tuning is stage ① evFIS's job | seed-base decision stands, its orders are applied);2;0;R20[0.09] R26[0.05] A1[0.24] G2[0.11] G3[0.24] G1[0.22];0.18;0.39;0.00;0.88;0.22;0.00;0.86;0.33;0.0212;0.0466;1
16;16;Agent_9;RL selected stage 2 [resolution increase] (deficit bucket: high+gap) → rejected (cell already covered — an active rule sits on this antecedent cell and the situation is crisp; numeric tuning is stage ① evFIS's job | seed-base decision stands, its orders are applied);2;0;R20[0.10] R26[0.20] A1[0.11] G2[0.05] G3[0.11] G1[0.01];0.20;0.34;0.00;0.26;0.10;0.00;0.77;0.11;0.0212;0.0466;1
16;16;Agent_10;RL selected stage 2 [resolution increase] (deficit bucket: high+gap) → rejected (cell already covered — an active rule sits on this antecedent cell and the situation is crisp; numeric tuning is stage ① evFIS's job | seed-base decision stands, its orders are applied);2;0;R20[0.03] R26[0.03] A1[0.08] G2[0.04] G3[0.08] G1[0.08];0.05;0.09;0.00;0.31;0.07;0.00;0.83;0.11;0.0212;0.0466;0
16;16;Agent_11;RL selected stage 2 [resolution increase] (deficit bucket: high+gap) → rejected (cell already covered — an active rule sits on this antecedent cell and the situation is crisp; numeric tuning is stage ① evFIS's job | seed-base decision stands, its orders are applied);2;0;R20[0.09] R26[0.20] A1[0.08] G2[0.04] G3[0.08] G1[0.01];0.20;0.31;0.00;0.20;0.07;0.00;0.76;0.11;0.0212;0.0466;1
16;16;Agent_12;RL selected stage 2 [resolution increase] (deficit bucket: high+gap) → rejected (cell already covered — an active rule sits on this antecedent cell and the situation is crisp; numeric tuning is stage ① evFIS's job | seed-base decision stands, its orders are applied);2;0;R20[0.03] R26[0.03] A1[0.12] G2[0.05] G3[0.12] G1[0.08];0.10;0.18;0.00;0.43;0.11;0.00;0.81;0.11;0.0212;0.0466;1
17;17;Agent_1;orders came from the seed rule base (rules as-is);0;0;R11[0.23] R15[0.23] R20[0.20] R26[0.34] A1[0.18] G2[0.18];0.34;0.74;0.16;0.78;0.59;0.41;0.70;0.74;0.0232;0.0433;1
17;17;Agent_2;orders came from the seed rule base (rules as-is);0;0;R11[0.23] R15[0.09] R20[0.06] R26[0.09] A1[0.06] G2[0.06];0.09;0.35;0.06;0.26;0.35;0.29;0.88;0.93;0.0232;0.0433;1
17;17;Agent_3;orders came from the seed rule base (rules as-is);0;0;R20[0.17] R26[0.36] A1[0.08] G2[0.04] G3[0.08] G1[0.08];0.36;0.55;0.00;0.24;0.07;0.00;0.83;0.87;0.0232;0.0433;1
17;17;Agent_4;orders came from the seed rule base (rules as-is);0;0;R20[0.41] R26[0.36] A1[0.78] G2[0.35] G3[0.30] G1[0.12];0.51;0.81;0.00;0.89;0.64;0.00;0.93;0.72;0.0232;0.0433;1
17;17;Agent_5;orders came from the seed rule base (rules as-is);0;0;R11[0.23] R15[0.05] R20[0.04] R26[0.05] A1[0.08] G2[0.08];0.04;0.21;0.03;0.35;0.36;0.26;0.87;0.25;0.0232;0.0433;0
17;17;Agent_6;orders came from the seed rule base (rules as-is);0;0;R20[0.04] R26[0.05] A1[0.08] G2[0.04] G3[0.08] G1[0.08];0.09;0.16;0.00;0.31;0.07;0.00;0.76;0.24;0.0232;0.0433;1
17;17;Agent_7;orders came from the seed rule base (rules as-is);0;0;R20[0.13] R26[0.28] A1[0.08] G2[0.04] G3[0.08] G1[0.08];0.32;0.45;0.00;0.31;0.07;0.00;0.82;0.26;0.0232;0.0433;1
17;17;Agent_8;orders came from the seed rule base (rules as-is);0;0;R20[0.09] R26[0.05] A1[0.24] G2[0.11] G3[0.24] G1[0.22];0.18;0.39;0.00;0.88;0.22;0.00;0.86;0.33;0.0232;0.0433;1
17;17;Agent_9;orders came from the seed rule base (rules as-is);0;0;R20[0.10] R26[0.20] A1[0.11] G2[0.05] G3[0.11];0.20;0.34;0.00;0.26;0.10;0.00;0.77;0.11;0.0232;0.0433;1
17;17;Agent_10;orders came from the seed rule base (rules as-is);0;0;R20[0.03] R26[0.03] A1[0.08] G2[0.04] G3[0.08] G1[0.08];0.05;0.09;0.00;0.31;0.07;0.00;0.83;0.11;0.0232;0.0433;0
17;17;Agent_11;orders came from the seed rule base (rules as-is);0;0;R20[0.09] R26[0.20] A1[0.08] G2[0.04] G3[0.08];0.20;0.31;0.00;0.19;0.07;0.00;0.76;0.11;0.0232;0.0433;1
17;17;Agent_12;orders came from the seed rule base (rules as-is);0;0;R20[0.03] R26[0.03] A1[0.12] G2[0.05] G3[0.12] G1[0.07];0.10;0.18;0.00;0.43;0.11;0.00;0.81;0.11;0.0232;0.0433;1
18;18;Agent_1;orders came from the seed rule base (rules as-is);0;0;R11[0.23] R15[0.23] R20[0.20] R26[0.34] A1[0.18] G2[0.18];0.34;0.74;0.16;0.78;0.59;0.41;0.70;0.74;0.0232;0.0393;1
18;18;Agent_2;orders came from the seed rule base (rules as-is);0;0;R11[0.23] R15[0.09] R20[0.06] R26[0.09] A1[0.06] G2[0.06];0.09;0.35;0.06;0.26;0.35;0.29;0.88;0.93;0.0232;0.0393;1
18;18;Agent_3;orders came from the seed rule base (rules as-is);0;0;R20[0.17] R26[0.36] A1[0.08] G2[0.04] G3[0.08] G1[0.08];0.36;0.55;0.00;0.24;0.07;0.00;0.83;0.87;0.0232;0.0393;1
18;18;Agent_4;orders came from the seed rule base (rules as-is);0;0;R20[0.41] R26[0.36] A1[0.78] G2[0.35] G3[0.30] G1[0.12];0.51;0.81;0.00;0.89;0.64;0.00;0.93;0.72;0.0232;0.0393;1
18;18;Agent_5;orders came from the seed rule base (rules as-is);0;0;R11[0.23] R15[0.05] R20[0.04] R26[0.05] A1[0.08] G2[0.08];0.04;0.21;0.03;0.35;0.36;0.26;0.87;0.25;0.0232;0.0393;0
18;18;Agent_6;orders came from the seed rule base (rules as-is);0;0;R20[0.04] R26[0.05] A1[0.08] G2[0.04] G3[0.08] G1[0.08];0.09;0.16;0.00;0.31;0.07;0.00;0.76;0.24;0.0232;0.0393;1
18;18;Agent_7;orders came from the seed rule base (rules as-is);0;0;R20[0.13] R26[0.28] A1[0.08] G2[0.04] G3[0.08] G1[0.08];0.32;0.45;0.00;0.31;0.07;0.00;0.82;0.26;0.0232;0.0393;1
18;18;Agent_8;orders came from the seed rule base (rules as-is);0;0;R20[0.09] R26[0.05] A1[0.24] G2[0.11] G3[0.24] G1[0.22];0.18;0.39;0.00;0.88;0.22;0.00;0.86;0.33;0.0232;0.0393;1
18;18;Agent_9;orders came from the seed rule base (rules as-is);0;0;R20[0.10] R26[0.20] A1[0.11] G2[0.05] G3[0.11];0.20;0.34;0.00;0.25;0.10;0.00;0.77;0.11;0.0232;0.0393;1
18;18;Agent_10;orders came from the seed rule base (rules as-is);0;0;R20[0.03] R26[0.03] A1[0.08] G2[0.04] G3[0.08] G1[0.08];0.05;0.09;0.00;0.31;0.07;0.00;0.83;0.11;0.0232;0.0393;0
18;18;Agent_11;orders came from the seed rule base (rules as-is);0;0;R20[0.09] R26[0.20] A1[0.08] G2[0.04] G3[0.08];0.20;0.31;0.00;0.19;0.07;0.00;0.76;0.11;0.0232;0.0393;1
18;18;Agent_12;orders came from the seed rule base (rules as-is);0;0;R20[0.03] R26[0.03] A1[0.12] G2[0.05] G3[0.12] G1[0.07];0.10;0.18;0.00;0.43;0.11;0.00;0.81;0.11;0.0232;0.0393;1
19;19;Agent_1;orders came from the seed rule base (rules as-is);0;0;R11[0.23] R15[0.23] R20[0.20] R26[0.34] A1[0.18] G2[0.18];0.34;0.74;0.16;0.78;0.59;0.41;0.70;0.74;0.0232;0.0354;1
19;19;Agent_2;orders came from the seed rule base (rules as-is);0;0;R11[0.23] R15[0.09] R20[0.06] R26[0.09] A1[0.06] G2[0.06];0.09;0.35;0.06;0.26;0.35;0.29;0.88;0.93;0.0232;0.0354;1
19;19;Agent_3;orders came from the seed rule base (rules as-is);0;0;R20[0.17] R26[0.36] A1[0.08] G2[0.04] G3[0.08] G1[0.08];0.36;0.55;0.00;0.24;0.07;0.00;0.83;0.87;0.0232;0.0354;1
19;19;Agent_4;orders came from the seed rule base (rules as-is);0;0;R20[0.41] R26[0.36] A1[0.78] G2[0.35] G3[0.30] G1[0.12];0.51;0.81;0.00;0.89;0.64;0.00;0.93;0.72;0.0232;0.0354;1
19;19;Agent_5;orders came from the seed rule base (rules as-is);0;0;R11[0.23] R15[0.05] R20[0.04] R26[0.05] A1[0.08] G2[0.08];0.04;0.21;0.03;0.35;0.36;0.26;0.87;0.25;0.0232;0.0354;0
19;19;Agent_6;orders came from the seed rule base (rules as-is);0;0;R20[0.04] R26[0.05] A1[0.08] G2[0.04] G3[0.08] G1[0.08];0.09;0.16;0.00;0.31;0.07;0.00;0.76;0.24;0.0232;0.0354;1
19;19;Agent_7;orders came from the seed rule base (rules as-is);0;0;R20[0.13] R26[0.28] A1[0.08] G2[0.04] G3[0.08] G1[0.08];0.32;0.45;0.00;0.31;0.07;0.00;0.82;0.26;0.0232;0.0354;1
19;19;Agent_8;orders came from the seed rule base (rules as-is);0;0;R20[0.09] R26[0.05] A1[0.24] G2[0.11] G3[0.24] G1[0.22];0.18;0.39;0.00;0.88;0.22;0.00;0.86;0.33;0.0232;0.0354;1
19;19;Agent_9;orders came from the seed rule base (rules as-is);0;0;R20[0.10] R26[0.20] A1[0.11] G2[0.05] G3[0.11];0.20;0.34;0.00;0.25;0.10;0.00;0.77;0.11;0.0232;0.0354;1
19;19;Agent_10;orders came from the seed rule base (rules as-is);0;0;R20[0.03] R26[0.03] A1[0.08] G2[0.04] G3[0.08] G1[0.08];0.05;0.09;0.00;0.31;0.07;0.00;0.83;0.11;0.0232;0.0354;0
19;19;Agent_11;orders came from the seed rule base (rules as-is);0;0;R20[0.09] R26[0.20] A1[0.08] G2[0.04] G3[0.08];0.20;0.31;0.00;0.19;0.07;0.00;0.76;0.11;0.0232;0.0354;1
19;19;Agent_12;orders came from the seed rule base (rules as-is);0;0;R20[0.03] R26[0.03] A1[0.12] G2[0.05] G3[0.12] G1[0.07];0.10;0.18;0.00;0.43;0.11;0.00;0.81;0.11;0.0232;0.0354;1
20;20;Agent_1;orders came from the seed rule base (rules as-is);0;0;R11[0.23] R15[0.23] R20[0.20] R26[0.34] A1[0.18] G2[0.18];0.34;0.74;0.16;0.78;0.59;0.41;0.70;0.74;0.0232;0.0318;1
20;20;Agent_2;orders came from the seed rule base (rules as-is);0;0;R11[0.23] R15[0.09] R20[0.06] R26[0.09] A1[0.06] G2[0.06];0.09;0.35;0.06;0.26;0.35;0.29;0.88;0.93;0.0232;0.0318;1
20;20;Agent_3;orders came from the seed rule base (rules as-is);0;0;R20[0.17] R26[0.36] A1[0.08] G2[0.04] G3[0.08] G1[0.08];0.36;0.55;0.00;0.24;0.07;0.00;0.83;0.87;0.0232;0.0318;1
20;20;Agent_4;orders came from the seed rule base (rules as-is);0;0;R20[0.41] R26[0.36] A1[0.78] G2[0.35] G3[0.30] G1[0.12];0.51;0.81;0.00;0.89;0.64;0.00;0.93;0.72;0.0232;0.0318;1
20;20;Agent_5;orders came from the seed rule base (rules as-is);0;0;R11[0.23] R15[0.05] R20[0.04] R26[0.05] A1[0.08] G2[0.08];0.04;0.21;0.03;0.35;0.36;0.26;0.87;0.25;0.0232;0.0318;0
20;20;Agent_6;orders came from the seed rule base (rules as-is);0;0;R20[0.04] R26[0.05] A1[0.08] G2[0.04] G3[0.08] G1[0.08];0.09;0.16;0.00;0.31;0.07;0.00;0.76;0.23;0.0232;0.0318;1
20;20;Agent_7;orders came from the seed rule base (rules as-is);0;0;R20[0.13] R26[0.28] A1[0.08] G2[0.04] G3[0.08] G1[0.08];0.32;0.45;0.00;0.31;0.07;0.00;0.82;0.26;0.0232;0.0318;1
20;20;Agent_8;orders came from the seed rule base (rules as-is);0;0;R20[0.09] R26[0.05] A1[0.24] G2[0.11] G3[0.24] G1[0.22];0.18;0.39;0.00;0.88;0.22;0.00;0.86;0.33;0.0232;0.0318;1
20;20;Agent_9;orders came from the seed rule base (rules as-is);0;0;R20[0.10] R26[0.20] A1[0.11] G2[0.05] G3[0.11];0.20;0.34;0.00;0.25;0.10;0.00;0.77;0.11;0.0232;0.0318;1
20;20;Agent_10;orders came from the seed rule base (rules as-is);0;0;R20[0.03] R26[0.03] A1[0.08] G2[0.04] G3[0.08] G1[0.08];0.05;0.09;0.00;0.31;0.07;0.00;0.83;0.11;0.0232;0.0318;0
20;20;Agent_11;orders came from the seed rule base (rules as-is);0;0;R20[0.09] R26[0.20] A1[0.08] G2[0.04] G3[0.08];0.20;0.31;0.00;0.19;0.07;0.00;0.76;0.11;0.0232;0.0318;1
20;20;Agent_12;orders came from the seed rule base (rules as-is);0;0;R20[0.03] R26[0.03] A1[0.12] G2[0.05] G3[0.12] G1[0.07];0.10;0.18;0.00;0.43;0.11;0.00;0.81;0.11;0.0232;0.0318;1
21;21;Agent_1;orders came from the seed rule base (rules as-is);0;0;R11[0.23] R15[0.23] R20[0.20] R26[0.34] A1[0.18] G2[0.18];0.34;0.74;0.16;0.78;0.59;0.41;0.70;0.74;0.0252;0.0292;1
21;21;Agent_2;orders came from the seed rule base (rules as-is);0;0;R11[0.23] R15[0.09] R20[0.06] R26[0.09] A1[0.06] G2[0.06];0.09;0.35;0.06;0.26;0.35;0.29;0.88;0.93;0.0252;0.0292;1
21;21;Agent_3;orders came from the seed rule base (rules as-is);0;0;R20[0.17] R26[0.36] A1[0.08] G2[0.04] G3[0.08] G1[0.08];0.36;0.55;0.00;0.24;0.07;0.00;0.83;0.87;0.0252;0.0292;1
21;21;Agent_4;orders came from the seed rule base (rules as-is);0;0;R20[0.41] R26[0.36] A1[0.78] G2[0.35] G3[0.30] G1[0.12];0.51;0.81;0.00;0.89;0.64;0.00;0.93;0.72;0.0252;0.0292;1
21;21;Agent_5;orders came from the seed rule base (rules as-is);0;0;R11[0.23] R15[0.05] R20[0.04] R26[0.05] A1[0.08] G2[0.08];0.04;0.21;0.03;0.35;0.36;0.26;0.87;0.25;0.0252;0.0292;0
21;21;Agent_6;orders came from the seed rule base (rules as-is);0;0;R20[0.04] R26[0.05] A1[0.08] G2[0.04] G3[0.08] G1[0.08];0.09;0.16;0.00;0.31;0.07;0.00;0.76;0.23;0.0252;0.0292;1
21;21;Agent_7;orders came from the seed rule base (rules as-is);0;0;R20[0.13] R26[0.28] A1[0.08] G2[0.04] G3[0.08] G1[0.08];0.32;0.45;0.00;0.31;0.07;0.00;0.82;0.26;0.0252;0.0292;1
21;21;Agent_8;orders came from the seed rule base (rules as-is);0;0;R20[0.09] R26[0.05] A1[0.24] G2[0.11] G3[0.24] G1[0.22];0.18;0.39;0.00;0.88;0.22;0.00;0.86;0.33;0.0252;0.0292;1
21;21;Agent_9;orders came from the seed rule base (rules as-is);0;0;R20[0.10] R26[0.20] A1[0.11] G2[0.05] G3[0.11];0.20;0.34;0.00;0.25;0.10;0.00;0.77;0.11;0.0252;0.0292;1
21;21;Agent_10;orders came from the seed rule base (rules as-is);0;0;R20[0.03] R26[0.03] A1[0.08] G2[0.04] G3[0.08] G1[0.08];0.05;0.09;0.00;0.31;0.07;0.00;0.83;0.11;0.0252;0.0292;0
21;21;Agent_11;orders came from the seed rule base (rules as-is);0;0;R20[0.09] R26[0.20] A1[0.08] G2[0.04] G3[0.08];0.20;0.31;0.00;0.18;0.07;0.00;0.76;0.11;0.0252;0.0292;1
21;21;Agent_12;orders came from the seed rule base (rules as-is);0;0;R20[0.04] R26[0.03] A1[0.12] G2[0.05] G3[0.12] G1[0.07];0.10;0.18;0.00;0.42;0.11;0.00;0.81;0.11;0.0252;0.0292;1
22;22;Agent_1;orders came from the seed rule base (rules as-is);0;0;R11[0.23] R15[0.23] R20[0.20] R26[0.34] A1[0.18] G2[0.18];0.34;0.74;0.16;0.78;0.59;0.41;0.70;0.74;0.0243;0.0283;1
22;22;Agent_2;orders came from the seed rule base (rules as-is);0;0;R11[0.23] R15[0.09] R20[0.06] R26[0.09] A1[0.06] G2[0.06];0.09;0.35;0.06;0.26;0.35;0.29;0.88;0.93;0.0243;0.0283;1
22;22;Agent_3;orders came from the seed rule base (rules as-is);0;0;R20[0.17] R26[0.36] A1[0.08] G2[0.04] G3[0.08] G1[0.08];0.36;0.55;0.00;0.24;0.07;0.00;0.83;0.87;0.0243;0.0283;1
22;22;Agent_4;orders came from the seed rule base (rules as-is);0;0;R20[0.41] R26[0.36] A1[0.78] G2[0.35] G3[0.30] G1[0.12];0.51;0.81;0.00;0.89;0.64;0.00;0.93;0.72;0.0243;0.0283;1
22;22;Agent_5;orders came from the seed rule base (rules as-is);0;0;R11[0.23] R15[0.05] R20[0.04] R26[0.05] A1[0.08] G2[0.08];0.04;0.21;0.03;0.35;0.36;0.26;0.87;0.24;0.0243;0.0283;0
22;22;Agent_6;orders came from the seed rule base (rules as-is);0;0;R20[0.04] R26[0.05] A1[0.08] G2[0.04] G3[0.08] G1[0.08];0.09;0.16;0.00;0.31;0.07;0.00;0.76;0.23;0.0243;0.0283;1
22;22;Agent_7;orders came from the seed rule base (rules as-is);0;0;R20[0.13] R26[0.28] A1[0.08] G2[0.04] G3[0.08] G1[0.08];0.32;0.45;0.00;0.31;0.07;0.00;0.82;0.26;0.0243;0.0283;1
22;22;Agent_8;orders came from the seed rule base (rules as-is);0;0;R20[0.09] R26[0.05] A1[0.24] G2[0.11] G3[0.24] G1[0.22];0.18;0.39;0.00;0.88;0.22;0.00;0.86;0.33;0.0243;0.0283;1
22;22;Agent_9;orders came from the seed rule base (rules as-is);0;0;R20[0.10] R26[0.20] A1[0.11] G2[0.05] G3[0.11];0.20;0.34;0.00;0.25;0.10;0.00;0.77;0.11;0.0243;0.0283;1
22;22;Agent_10;orders came from the seed rule base (rules as-is);0;0;R20[0.03] R26[0.03] A1[0.08] G2[0.04] G3[0.08] G1[0.08];0.05;0.09;0.00;0.31;0.07;0.00;0.83;0.11;0.0243;0.0283;0
22;22;Agent_11;orders came from the seed rule base (rules as-is);0;0;R20[0.09] R26[0.20] A1[0.08] G2[0.04] G3[0.08];0.20;0.31;0.00;0.18;0.07;0.00;0.76;0.11;0.0243;0.0283;1
22;22;Agent_12;orders came from the seed rule base (rules as-is);0;0;R20[0.04] R26[0.03] A1[0.12] G2[0.05] G3[0.12] G1[0.07];0.10;0.17;0.00;0.42;0.11;0.00;0.81;0.11;0.0243;0.0283;1
23;23;Agent_1;orders came from the seed rule base (rules as-is);0;0;R11[0.23] R15[0.23] R20[0.20] R26[0.34] A1[0.18] G2[0.18];0.34;0.74;0.16;0.78;0.59;0.41;0.70;0.74;0.0248;0.0253;1
23;23;Agent_2;orders came from the seed rule base (rules as-is);0;0;R11[0.23] R15[0.09] R20[0.06] R26[0.09] A1[0.06] G2[0.06];0.09;0.35;0.06;0.26;0.35;0.29;0.88;0.93;0.0248;0.0253;1
23;23;Agent_3;orders came from the seed rule base (rules as-is);0;0;R20[0.17] R26[0.36] A1[0.08] G2[0.04] G3[0.08] G1[0.08];0.36;0.55;0.00;0.24;0.07;0.00;0.83;0.87;0.0248;0.0253;1
23;23;Agent_4;orders came from the seed rule base (rules as-is);0;0;R20[0.41] R26[0.36] A1[0.78] G2[0.35] G3[0.30] G1[0.12];0.51;0.81;0.00;0.89;0.64;0.00;0.93;0.72;0.0248;0.0253;1
23;23;Agent_5;orders came from the seed rule base (rules as-is);0;0;R11[0.23] R15[0.05] R20[0.04] R26[0.05] A1[0.08] G2[0.08];0.04;0.21;0.03;0.35;0.36;0.26;0.87;0.24;0.0248;0.0253;0
23;23;Agent_6;orders came from the seed rule base (rules as-is);0;0;R20[0.04] R26[0.05] A1[0.08] G2[0.04] G3[0.08] G1[0.08];0.09;0.16;0.00;0.31;0.07;0.00;0.76;0.23;0.0248;0.0253;1
23;23;Agent_7;orders came from the seed rule base (rules as-is);0;0;R20[0.13] R26[0.28] A1[0.08] G2[0.04] G3[0.08] G1[0.08];0.32;0.45;0.00;0.31;0.07;0.00;0.82;0.26;0.0248;0.0253;1
23;23;Agent_8;orders came from the seed rule base (rules as-is);0;0;R20[0.09] R26[0.05] A1[0.24] G2[0.11] G3[0.24] G1[0.22];0.18;0.39;0.00;0.88;0.22;0.00;0.86;0.32;0.0248;0.0253;1
23;23;Agent_9;orders came from the seed rule base (rules as-is);0;0;R20[0.10] R26[0.20] A1[0.11] G2[0.05] G3[0.11];0.20;0.34;0.00;0.25;0.10;0.00;0.77;0.10;0.0248;0.0253;1
23;23;Agent_10;orders came from the seed rule base (rules as-is);0;0;R20[0.03] R26[0.03] A1[0.08] G2[0.04] G3[0.08] G1[0.08];0.05;0.09;0.00;0.31;0.07;0.00;0.83;0.10;0.0248;0.0253;0
23;23;Agent_11;orders came from the seed rule base (rules as-is);0;0;R20[0.09] R26[0.20] A1[0.08] G2[0.04] G3[0.08];0.20;0.31;0.00;0.18;0.07;0.00;0.76;0.10;0.0248;0.0253;1
23;23;Agent_12;orders came from the seed rule base (rules as-is);0;0;R20[0.04] R26[0.03] A1[0.12] G2[0.05] G3[0.12] G1[0.07];0.10;0.17;0.00;0.42;0.11;0.00;0.81;0.10;0.0248;0.0253;1
24;24;Agent_1;orders came from the seed rule base (rules as-is);0;0;R11[0.23] R15[0.23] R20[0.20] R26[0.34] A1[0.18] G2[0.18];0.34;0.74;0.16;0.78;0.59;0.41;0.70;0.74;0.0248;0.0240;1
24;24;Agent_2;orders came from the seed rule base (rules as-is);0;0;R11[0.23] R15[0.09] R20[0.06] R26[0.09] A1[0.06] G2[0.06];0.09;0.35;0.06;0.26;0.35;0.29;0.88;0.93;0.0248;0.0240;1
24;24;Agent_3;orders came from the seed rule base (rules as-is);0;0;R20[0.17] R26[0.36] A1[0.08] G2[0.04] G3[0.08] G1[0.08];0.36;0.55;0.00;0.24;0.07;0.00;0.83;0.87;0.0248;0.0240;1
24;24;Agent_4;orders came from the seed rule base (rules as-is);0;0;R20[0.41] R26[0.36] A1[0.78] G2[0.35] G3[0.30] G1[0.12];0.51;0.81;0.00;0.89;0.64;0.00;0.93;0.72;0.0248;0.0240;1
24;24;Agent_5;orders came from the seed rule base (rules as-is);0;0;R11[0.23] R15[0.05] R20[0.04] R26[0.05] A1[0.08] G2[0.08];0.04;0.21;0.03;0.35;0.36;0.26;0.87;0.24;0.0248;0.0240;0
24;24;Agent_6;orders came from the seed rule base (rules as-is);0;0;R20[0.04] R26[0.05] A1[0.08] G2[0.04] G3[0.08] G1[0.08];0.09;0.16;0.00;0.31;0.07;0.00;0.76;0.23;0.0248;0.0240;1
24;24;Agent_7;orders came from the seed rule base (rules as-is);0;0;R20[0.13] R26[0.28] A1[0.08] G2[0.04] G3[0.08] G1[0.08];0.32;0.45;0.00;0.31;0.07;0.00;0.82;0.26;0.0248;0.0240;1
24;24;Agent_8;orders came from the seed rule base (rules as-is);0;0;R20[0.09] R26[0.05] A1[0.24] G2[0.11] G3[0.24] G1[0.22];0.18;0.39;0.00;0.88;0.22;0.00;0.86;0.32;0.0248;0.0240;1
24;24;Agent_9;orders came from the seed rule base (rules as-is);0;0;R20[0.10] R26[0.20] A1[0.11] G2[0.05] G3[0.11];0.20;0.34;0.00;0.25;0.10;0.00;0.77;0.10;0.0248;0.0240;1
24;24;Agent_10;orders came from the seed rule base (rules as-is);0;0;R20[0.03] R26[0.03] A1[0.08] G2[0.04] G3[0.08] G1[0.08];0.05;0.09;0.00;0.31;0.07;0.00;0.83;0.10;0.0248;0.0240;0
24;24;Agent_11;orders came from the seed rule base (rules as-is);0;0;R20[0.09] R26[0.20] A1[0.08] G2[0.04] G3[0.08];0.20;0.31;0.00;0.18;0.07;0.00;0.76;0.10;0.0248;0.0240;1
24;24;Agent_12;orders came from the seed rule base (rules as-is);0;0;R20[0.04] R26[0.03] A1[0.12] G2[0.05] G3[0.12] G1[0.07];0.10;0.17;0.00;0.42;0.11;0.00;0.81;0.10;0.0248;0.0240;1
25;25;Agent_1;orders came from the seed rule base (rules as-is);0;0;R11[0.23] R15[0.23] R20[0.20] R26[0.34] A1[0.18] G2[0.18];0.34;0.74;0.16;0.78;0.59;0.41;0.70;0.74;0.0248;0.0221;1
25;25;Agent_2;orders came from the seed rule base (rules as-is);0;0;R11[0.23] R15[0.09] R20[0.06] R26[0.09] A1[0.06] G2[0.06];0.09;0.35;0.06;0.26;0.35;0.29;0.88;0.93;0.0248;0.0221;1
25;25;Agent_3;orders came from the seed rule base (rules as-is);0;0;R20[0.17] R26[0.36] A1[0.08] G2[0.04] G3[0.08] G1[0.08];0.36;0.55;0.00;0.24;0.07;0.00;0.83;0.87;0.0248;0.0221;1
25;25;Agent_4;orders came from the seed rule base (rules as-is);0;0;R20[0.41] R26[0.36] A1[0.78] G2[0.35] G3[0.30] G1[0.12];0.51;0.81;0.00;0.89;0.64;0.00;0.93;0.72;0.0248;0.0221;1
25;25;Agent_5;orders came from the seed rule base (rules as-is);0;0;R11[0.23] R15[0.05] R20[0.04] R26[0.05] A1[0.08] G2[0.08];0.04;0.21;0.03;0.35;0.36;0.26;0.87;0.24;0.0248;0.0221;0
25;25;Agent_6;orders came from the seed rule base (rules as-is);0;0;R20[0.04] R26[0.05] A1[0.08] G2[0.04] G3[0.08] G1[0.08];0.09;0.16;0.00;0.31;0.07;0.00;0.76;0.23;0.0248;0.0221;1
25;25;Agent_7;orders came from the seed rule base (rules as-is);0;0;R20[0.13] R26[0.28] A1[0.08] G2[0.04] G3[0.08] G1[0.08];0.32;0.45;0.00;0.31;0.07;0.00;0.82;0.26;0.0248;0.0221;1
25;25;Agent_8;orders came from the seed rule base (rules as-is);0;0;R20[0.09] R26[0.05] A1[0.24] G2[0.11] G3[0.24] G1[0.22];0.18;0.39;0.00;0.88;0.22;0.00;0.86;0.32;0.0248;0.0221;1
25;25;Agent_9;orders came from the seed rule base (rules as-is);0;0;R20[0.10] R26[0.19] A1[0.11] G2[0.05] G3[0.11];0.20;0.34;0.00;0.25;0.10;0.00;0.77;0.10;0.0248;0.0221;1
25;25;Agent_10;orders came from the seed rule base (rules as-is);0;0;R20[0.03] R26[0.03] A1[0.08] G2[0.04] G3[0.08] G1[0.08];0.05;0.09;0.00;0.31;0.07;0.00;0.83;0.10;0.0248;0.0221;0
25;25;Agent_11;orders came from the seed rule base (rules as-is);0;0;R20[0.09] R26[0.19] A1[0.08] G2[0.04] G3[0.08];0.20;0.31;0.00;0.18;0.07;0.00;0.76;0.10;0.0248;0.0221;1
25;25;Agent_12;orders came from the seed rule base (rules as-is);0;0;R20[0.04] R26[0.03] A1[0.12] G2[0.05] G3[0.12] G1[0.07];0.10;0.17;0.00;0.42;0.11;0.00;0.81;0.10;0.0248;0.0221;1
26;26;Agent_1;RL selected stage 2 [resolution increase] (deficit bucket: low) → rejected (cell already covered — an active rule sits on this antecedent cell and the situation is crisp; numeric tuning is stage ① evFIS's job | seed-base decision stands, its orders are applied);2;0;R11[0.23] R15[0.23] R20[0.20] R26[0.34] A1[0.18] G2[0.18];0.34;0.74;0.16;0.78;0.59;0.41;0.70;0.74;0.0259;0.0197;1
26;26;Agent_2;RL selected stage 2 [resolution increase] (deficit bucket: low) → rejected (cell already covered — an active rule sits on this antecedent cell and the situation is crisp; numeric tuning is stage ① evFIS's job | seed-base decision stands, its orders are applied);2;0;R11[0.23] R15[0.09] R20[0.06] R26[0.09] A1[0.06] G2[0.06];0.09;0.35;0.06;0.26;0.35;0.29;0.88;0.93;0.0259;0.0197;1
26;26;Agent_3;RL selected stage 2 [resolution increase] (deficit bucket: low) → rejected (cell already covered — an active rule sits on this antecedent cell and the situation is crisp; numeric tuning is stage ① evFIS's job | seed-base decision stands, its orders are applied);2;0;R20[0.17] R26[0.36] A1[0.08] G2[0.04] G3[0.08] G1[0.08];0.36;0.55;0.00;0.24;0.07;0.00;0.83;0.87;0.0259;0.0197;1
26;26;Agent_4;RL selected stage 2 [resolution increase] (deficit bucket: low) → rejected (cell already covered — an active rule sits on this antecedent cell and the situation is crisp; numeric tuning is stage ① evFIS's job | seed-base decision stands, its orders are applied);2;0;R20[0.41] R26[0.36] A1[0.78] G2[0.35] G3[0.30] G1[0.12];0.51;0.81;0.00;0.89;0.64;0.00;0.93;0.72;0.0259;0.0197;1
26;26;Agent_5;RL selected stage 2 [resolution increase] (deficit bucket: low) → rejected (cell already covered — an active rule sits on this antecedent cell and the situation is crisp; numeric tuning is stage ① evFIS's job | seed-base decision stands, its orders are applied);2;0;R11[0.23] R15[0.05] R20[0.04] R26[0.05] A1[0.08] G2[0.08];0.04;0.21;0.03;0.35;0.36;0.26;0.87;0.24;0.0259;0.0197;0
26;26;Agent_6;RL selected stage 2 [resolution increase] (deficit bucket: low) → rejected (cell already covered — an active rule sits on this antecedent cell and the situation is crisp; numeric tuning is stage ① evFIS's job | seed-base decision stands, its orders are applied);2;0;R20[0.04] R26[0.05] A1[0.08] G2[0.04] G3[0.08] G1[0.08];0.09;0.16;0.00;0.31;0.07;0.00;0.76;0.23;0.0259;0.0197;1
26;26;Agent_7;RL selected stage 2 [resolution increase] (deficit bucket: low) → rejected (cell already covered — an active rule sits on this antecedent cell and the situation is crisp; numeric tuning is stage ① evFIS's job | seed-base decision stands, its orders are applied);2;0;R20[0.13] R26[0.28] A1[0.08] G2[0.04] G3[0.08] G1[0.08];0.32;0.45;0.00;0.31;0.07;0.00;0.82;0.26;0.0259;0.0197;1
26;26;Agent_8;RL selected stage 2 [resolution increase] (deficit bucket: low) → rejected (cell already covered — an active rule sits on this antecedent cell and the situation is crisp; numeric tuning is stage ① evFIS's job | seed-base decision stands, its orders are applied);2;0;R20[0.09] R26[0.05] A1[0.24] G2[0.11] G3[0.24] G1[0.22];0.18;0.39;0.00;0.88;0.22;0.00;0.86;0.32;0.0259;0.0197;1
26;26;Agent_9;RL selected stage 2 [resolution increase] (deficit bucket: low) → rejected (cell already covered — an active rule sits on this antecedent cell and the situation is crisp; numeric tuning is stage ① evFIS's job | seed-base decision stands, its orders are applied);2;0;R20[0.10] R26[0.19] A1[0.11] G2[0.05] G3[0.11];0.19;0.33;0.00;0.25;0.10;0.00;0.77;0.10;0.0259;0.0197;1
26;26;Agent_10;RL selected stage 2 [resolution increase] (deficit bucket: low) → rejected (cell already covered — an active rule sits on this antecedent cell and the situation is crisp; numeric tuning is stage ① evFIS's job | seed-base decision stands, its orders are applied);2;0;R20[0.03] R26[0.03] A1[0.08] G2[0.04] G3[0.08] G1[0.08];0.05;0.09;0.00;0.31;0.07;0.00;0.83;0.10;0.0259;0.0197;0
26;26;Agent_11;RL selected stage 2 [resolution increase] (deficit bucket: low) → rejected (cell already covered — an active rule sits on this antecedent cell and the situation is crisp; numeric tuning is stage ① evFIS's job | seed-base decision stands, its orders are applied);2;0;R20[0.09] R26[0.19] A1[0.08] G2[0.04] G3[0.08];0.19;0.31;0.00;0.18;0.07;0.00;0.76;0.10;0.0259;0.0197;1
26;26;Agent_12;RL selected stage 2 [resolution increase] (deficit bucket: low) → rejected (cell already covered — an active rule sits on this antecedent cell and the situation is crisp; numeric tuning is stage ① evFIS's job | seed-base decision stands, its orders are applied);2;0;R20[0.04] R26[0.03] A1[0.12] G2[0.05] G3[0.12] G1[0.07];0.10;0.17;0.00;0.42;0.11;0.00;0.81;0.10;0.0259;0.0197;1
26;26;Agent_1;RL selected stage 2 [resolution increase] (deficit bucket: low) → rejected (cell already covered — an active rule sits on this antecedent cell and the situation is crisp; numeric tuning is stage ① evFIS's job | seed-base decision stands, its orders are applied);2;0;R11[0.23] R15[0.23] R20[0.20] R26[0.34] A1[0.18] G2[0.18];0.34;0.74;0.16;0.78;0.59;0.41;0.70;0.74;0.0259;0.0197;1
26;26;Agent_2;RL selected stage 2 [resolution increase] (deficit bucket: low) → rejected (cell already covered — an active rule sits on this antecedent cell and the situation is crisp; numeric tuning is stage ① evFIS's job | seed-base decision stands, its orders are applied);2;0;R11[0.23] R15[0.09] R20[0.06] R26[0.09] A1[0.06] G2[0.06];0.09;0.35;0.06;0.26;0.35;0.29;0.88;0.93;0.0259;0.0197;1
26;26;Agent_3;RL selected stage 2 [resolution increase] (deficit bucket: low) → rejected (cell already covered — an active rule sits on this antecedent cell and the situation is crisp; numeric tuning is stage ① evFIS's job | seed-base decision stands, its orders are applied);2;0;R20[0.17] R26[0.36] A1[0.08] G2[0.04] G3[0.08] G1[0.08];0.36;0.55;0.00;0.24;0.07;0.00;0.83;0.87;0.0259;0.0197;1
26;26;Agent_4;RL selected stage 2 [resolution increase] (deficit bucket: low) → rejected (cell already covered — an active rule sits on this antecedent cell and the situation is crisp; numeric tuning is stage ① evFIS's job | seed-base decision stands, its orders are applied);2;0;R20[0.41] R26[0.36] A1[0.78] G2[0.35] G3[0.30] G1[0.12];0.51;0.81;0.00;0.89;0.64;0.00;0.93;0.72;0.0259;0.0197;1
26;26;Agent_5;RL selected stage 2 [resolution increase] (deficit bucket: low) → rejected (cell already covered — an active rule sits on this antecedent cell and the situation is crisp; numeric tuning is stage ① evFIS's job | seed-base decision stands, its orders are applied);2;0;R11[0.23] R15[0.05] R20[0.04] R26[0.05] A1[0.08] G2[0.08];0.04;0.21;0.03;0.35;0.36;0.26;0.87;0.24;0.0259;0.0197;0
26;26;Agent_6;RL selected stage 2 [resolution increase] (deficit bucket: low) → rejected (cell already covered — an active rule sits on this antecedent cell and the situation is crisp; numeric tuning is stage ① evFIS's job | seed-base decision stands, its orders are applied);2;0;R20[0.04] R26[0.05] A1[0.08] G2[0.04] G3[0.08] G1[0.08];0.09;0.16;0.00;0.31;0.07;0.00;0.76;0.23;0.0259;0.0197;1
26;26;Agent_7;RL selected stage 2 [resolution increase] (deficit bucket: low) → rejected (cell already covered — an active rule sits on this antecedent cell and the situation is crisp; numeric tuning is stage ① evFIS's job | seed-base decision stands, its orders are applied);2;0;R20[0.13] R26[0.28] A1[0.08] G2[0.04] G3[0.08] G1[0.08];0.32;0.45;0.00;0.31;0.07;0.00;0.82;0.26;0.0259;0.0197;1
26;26;Agent_8;RL selected stage 2 [resolution increase] (deficit bucket: low) → rejected (cell already covered — an active rule sits on this antecedent cell and the situation is crisp; numeric tuning is stage ① evFIS's job | seed-base decision stands, its orders are applied);2;0;R20[0.09] R26[0.05] A1[0.24] G2[0.11] G3[0.24] G1[0.22];0.18;0.39;0.00;0.88;0.22;0.00;0.86;0.32;0.0259;0.0197;1
26;26;Agent_9;RL selected stage 2 [resolution increase] (deficit bucket: low) → rejected (cell already covered — an active rule sits on this antecedent cell and the situation is crisp; numeric tuning is stage ① evFIS's job | seed-base decision stands, its orders are applied);2;0;R20[0.10] R26[0.19] A1[0.11] G2[0.05] G3[0.11];0.19;0.33;0.00;0.25;0.10;0.00;0.77;0.10;0.0259;0.0197;1
26;26;Agent_10;RL selected stage 2 [resolution increase] (deficit bucket: low) → rejected (cell already covered — an active rule sits on this antecedent cell and the situation is crisp; numeric tuning is stage ① evFIS's job | seed-base decision stands, its orders are applied);2;0;R20[0.03] R26[0.03] A1[0.08] G2[0.04] G3[0.08] G1[0.08];0.05;0.09;0.00;0.31;0.07;0.00;0.83;0.10;0.0259;0.0197;0
26;26;Agent_11;RL selected stage 2 [resolution increase] (deficit bucket: low) → rejected (cell already covered — an active rule sits on this antecedent cell and the situation is crisp; numeric tuning is stage ① evFIS's job | seed-base decision stands, its orders are applied);2;0;R20[0.09] R26[0.19] A1[0.08] G2[0.04] G3[0.08];0.19;0.31;0.00;0.18;0.07;0.00;0.76;0.10;0.0259;0.0197;1
26;26;Agent_12;RL selected stage 2 [resolution increase] (deficit bucket: low) → rejected (cell already covered — an active rule sits on this antecedent cell and the situation is crisp; numeric tuning is stage ① evFIS's job | seed-base decision stands, its orders are applied);2;0;R20[0.04] R26[0.03] A1[0.12] G2[0.05] G3[0.12] G1[0.07];0.10;0.17;0.00;0.42;0.11;0.00;0.81;0.10;0.0259;0.0197;1
26;26;Agent_1;orders came from the seed rule base (rules as-is);0;0;R11[0.23] R15[0.23] R20[0.20] R26[0.34] A1[0.18] G2[0.18];0.34;0.74;0.16;0.78;0.59;0.41;0.70;0.74;0.0259;0.0197;1
26;26;Agent_2;orders came from the seed rule base (rules as-is);0;0;R11[0.23] R15[0.09] R20[0.06] R26[0.09] A1[0.06] G2[0.06];0.09;0.35;0.06;0.26;0.35;0.29;0.88;0.93;0.0259;0.0197;1
26;26;Agent_3;orders came from the seed rule base (rules as-is);0;0;R20[0.17] R26[0.36] A1[0.08] G2[0.04] G3[0.08] G1[0.08];0.36;0.55;0.00;0.24;0.07;0.00;0.83;0.87;0.0259;0.0197;1
26;26;Agent_4;orders came from the seed rule base (rules as-is);0;0;R20[0.41] R26[0.36] A1[0.78] G2[0.35] G3[0.30] G1[0.12];0.51;0.81;0.00;0.89;0.64;0.00;0.93;0.72;0.0259;0.0197;1
26;26;Agent_5;orders came from the seed rule base (rules as-is);0;0;R11[0.23] R15[0.05] R20[0.04] R26[0.05] A1[0.08] G2[0.08];0.04;0.21;0.03;0.35;0.36;0.26;0.87;0.24;0.0259;0.0197;0
26;26;Agent_6;orders came from the seed rule base (rules as-is);0;0;R20[0.04] R26[0.05] A1[0.08] G2[0.04] G3[0.08] G1[0.08];0.09;0.16;0.00;0.31;0.07;0.00;0.76;0.23;0.0259;0.0197;1
26;26;Agent_7;orders came from the seed rule base (rules as-is);0;0;R20[0.13] R26[0.28] A1[0.08] G2[0.04] G3[0.08] G1[0.08];0.32;0.45;0.00;0.31;0.07;0.00;0.82;0.26;0.0259;0.0197;1
26;26;Agent_8;orders came from the seed rule base (rules as-is);0;0;R20[0.09] R26[0.05] A1[0.24] G2[0.11] G3[0.24] G1[0.22];0.18;0.39;0.00;0.88;0.22;0.00;0.86;0.32;0.0259;0.0197;1
26;26;Agent_9;orders came from the seed rule base (rules as-is);0;0;R20[0.10] R26[0.19] A1[0.11] G2[0.05] G3[0.11];0.19;0.33;0.00;0.25;0.10;0.00;0.77;0.10;0.0259;0.0197;1
26;26;Agent_10;orders came from the seed rule base (rules as-is);0;0;R20[0.03] R26[0.03] A1[0.08] G2[0.04] G3[0.08] G1[0.08];0.05;0.09;0.00;0.31;0.07;0.00;0.83;0.10;0.0259;0.0197;0
26;26;Agent_11;orders came from the seed rule base (rules as-is);0;0;R20[0.09] R26[0.19] A1[0.08] G2[0.04] G3[0.08];0.19;0.31;0.00;0.18;0.07;0.00;0.76;0.10;0.0259;0.0197;1
26;26;Agent_12;orders came from the seed rule base (rules as-is);0;0;R20[0.04] R26[0.03] A1[0.12] G2[0.05] G3[0.12] G1[0.07];0.10;0.17;0.00;0.42;0.11;0.00;0.81;0.10;0.0259;0.0197;1
27;27;Agent_1;orders came from the seed rule base (rules as-is);0;0;R11[0.23] R15[0.23] R20[0.20] R26[0.34] A1[0.18] G2[0.18];0.34;0.74;0.16;0.78;0.59;0.41;0.70;0.74;0.0331;0.0178;1
27;27;Agent_2;orders came from the seed rule base (rules as-is);0;0;R11[0.23] R15[0.09] R20[0.06] R26[0.09] A1[0.06] G2[0.06];0.09;0.35;0.06;0.26;0.35;0.29;0.88;0.93;0.0331;0.0178;1
27;27;Agent_3;orders came from the seed rule base (rules as-is);0;0;R20[0.07] R26[0.10] A1[0.08] G2[0.04] G3[0.08] G1[0.08];0.15;0.24;0.00;0.31;0.07;0.00;0.79;0.87;0.0331;0.0178;1
27;27;Agent_4;orders came from the seed rule base (rules as-is);0;0;R20[0.41] R26[0.36] A1[0.78] G2[0.35] G3[0.30] G1[0.12];0.51;0.81;0.00;0.89;0.64;0.00;0.93;0.72;0.0331;0.0178;1
27;27;Agent_5;orders came from the seed rule base (rules as-is);0;0;R11[0.23] R15[0.05] R20[0.04] R26[0.05] A1[0.08] G2[0.08];0.04;0.21;0.03;0.35;0.36;0.26;0.87;0.24;0.0331;0.0178;0
27;27;Agent_6;orders came from the seed rule base (rules as-is);0;0;R20[0.04] R26[0.05] A1[0.08] G2[0.04] G3[0.08] G1[0.08];0.09;0.16;0.00;0.31;0.07;0.00;0.76;0.23;0.0331;0.0178;1
27;27;Agent_7;orders came from the seed rule base (rules as-is);0;0;R20[0.13] R26[0.28] A1[0.08] G2[0.04] G3[0.08] G1[0.08];0.32;0.45;0.00;0.31;0.07;0.00;0.82;0.26;0.0331;0.0178;1
27;27;Agent_8;orders came from the seed rule base (rules as-is);0;0;R20[0.09] R26[0.05] A1[0.24] G2[0.11] G3[0.24] G1[0.22];0.18;0.39;0.00;0.88;0.22;0.00;0.86;0.32;0.0331;0.0178;1
27;27;Agent_9;orders came from the seed rule base (rules as-is);0;0;R20[0.10] R26[0.19] A1[0.11] G2[0.05] G3[0.11];0.19;0.33;0.00;0.25;0.10;0.00;0.77;0.10;0.0331;0.0178;1
27;27;Agent_10;orders came from the seed rule base (rules as-is);0;0;R20[0.03] R26[0.03] A1[0.08] G2[0.04] G3[0.08] G1[0.08];0.05;0.09;0.00;0.31;0.07;0.00;0.83;0.10;0.0331;0.0178;0
27;27;Agent_11;orders came from the seed rule base (rules as-is);0;0;R20[0.09] R26[0.19] A1[0.08] G2[0.04] G3[0.08];0.19;0.31;0.00;0.18;0.07;0.00;0.76;0.10;0.0331;0.0178;1
27;27;Agent_12;orders came from the seed rule base (rules as-is);0;0;R20[0.04] R26[0.03] A1[0.12] G2[0.05] G3[0.12] G1[0.07];0.10;0.17;0.00;0.42;0.11;0.00;0.81;0.10;0.0331;0.0178;1
28;28;Agent_1;orders came from the seed rule base (rules as-is);0;0;R11[0.23] R15[0.23] R20[0.20] R26[0.34] A1[0.18] G2[0.18];0.34;0.74;0.16;0.78;0.59;0.41;0.70;0.74;0.0288;0.0173;1
28;28;Agent_2;orders came from the seed rule base (rules as-is);0;0;R11[0.23] R15[0.09] R20[0.06] R26[0.09] A1[0.06] G2[0.06];0.09;0.35;0.06;0.26;0.35;0.29;0.88;0.93;0.0288;0.0173;1
28;28;Agent_3;orders came from the seed rule base (rules as-is);0;0;R20[0.16] R26[0.33] A1[0.08] G2[0.04] G3[0.08] G1[0.08];0.35;0.52;0.00;0.27;0.07;0.00;0.84;0.87;0.0288;0.0173;1
28;28;Agent_4;orders came from the seed rule base (rules as-is);0;0;R20[0.41] R26[0.36] A1[0.78] G2[0.35] G3[0.29] G1[0.12];0.51;0.81;0.00;0.89;0.64;0.00;0.93;0.72;0.0288;0.0173;1
28;28;Agent_5;orders came from the seed rule base (rules as-is);0;0;R11[0.23] R15[0.05] R20[0.04] R26[0.05] A1[0.08] G2[0.08];0.04;0.21;0.03;0.35;0.36;0.26;0.87;0.24;0.0288;0.0173;0
28;28;Agent_6;orders came from the seed rule base (rules as-is);0;0;R20[0.04] R26[0.05] A1[0.08] G2[0.04] G3[0.08] G1[0.08];0.09;0.16;0.00;0.31;0.07;0.00;0.76;0.23;0.0288;0.0173;1
28;28;Agent_7;orders came from the seed rule base (rules as-is);0;0;R20[0.13] R26[0.28] A1[0.08] G2[0.04] G3[0.08] G1[0.08];0.32;0.45;0.00;0.31;0.07;0.00;0.82;0.26;0.0288;0.0173;1
28;28;Agent_8;orders came from the seed rule base (rules as-is);0;0;R20[0.09] R26[0.05] A1[0.24] G2[0.11] G3[0.24] G1[0.22];0.18;0.39;0.00;0.88;0.22;0.00;0.86;0.32;0.0288;0.0173;1
28;28;Agent_9;orders came from the seed rule base (rules as-is);0;0;R20[0.10] R26[0.19] A1[0.11] G2[0.05] G3[0.11];0.19;0.33;0.00;0.24;0.10;0.00;0.77;0.10;0.0288;0.0173;1
28;28;Agent_10;orders came from the seed rule base (rules as-is);0;0;R20[0.03] R26[0.03] A1[0.08] G2[0.04] G3[0.08] G1[0.08];0.05;0.09;0.00;0.31;0.07;0.00;0.83;0.10;0.0288;0.0173;0
28;28;Agent_11;orders came from the seed rule base (rules as-is);0;0;R20[0.07] R26[0.16];0.16;0.20;0.00;0.01;0.00;0.00;0.71;0.10;0.0288;0.0173;1
28;28;Agent_12;orders came from the seed rule base (rules as-is);0;0;R20[0.03] R26[0.03] A1[0.04] G2[0.02] G3[0.04] G1[0.04];0.00;0.00;0.00;0.00;0.00;0.00;0.65;0.10;0.0288;0.0173;0
29;29;Agent_1;orders came from the seed rule base (rules as-is);0;0;R11[0.23] R15[0.23] R20[0.20] R26[0.34] A1[0.18] G2[0.18];0.34;0.74;0.16;0.78;0.59;0.41;0.70;0.74;0.0303;0.0150;1
29;29;Agent_2;orders came from the seed rule base (rules as-is);0;0;R11[0.23] R15[0.09] R20[0.06] R26[0.09] A1[0.06] G2[0.06];0.09;0.35;0.06;0.26;0.35;0.29;0.88;0.93;0.0303;0.0150;1
29;29;Agent_3;orders came from the seed rule base (rules as-is);0;0;R20[0.17] R26[0.36] A1[0.08] G2[0.04] G3[0.08] G1[0.08];0.36;0.55;0.00;0.24;0.07;0.00;0.83;0.87;0.0303;0.0150;1
29;29;Agent_4;orders came from the seed rule base (rules as-is);0;0;R20[0.41] R26[0.36] A1[0.78] G2[0.35] G3[0.29] G1[0.12];0.51;0.81;0.00;0.89;0.64;0.00;0.93;0.72;0.0303;0.0150;1
29;29;Agent_5;orders came from the seed rule base (rules as-is);0;0;R11[0.23] R15[0.05] R20[0.04] R26[0.05] A1[0.08] G2[0.08];0.04;0.21;0.03;0.35;0.36;0.26;0.87;0.24;0.0303;0.0150;0
29;29;Agent_6;orders came from the seed rule base (rules as-is);0;0;R20[0.04] R26[0.04] A1[0.08] G2[0.04] G3[0.08] G1[0.08];0.09;0.16;0.00;0.31;0.07;0.00;0.76;0.23;0.0303;0.0150;1
29;29;Agent_7;orders came from the seed rule base (rules as-is);0;0;R20[0.13] R26[0.28] A1[0.08] G2[0.04] G3[0.08] G1[0.08];0.32;0.45;0.00;0.31;0.07;0.00;0.82;0.26;0.0303;0.0150;1
29;29;Agent_8;orders came from the seed rule base (rules as-is);0;0;R20[0.09] R26[0.05] A1[0.24] G2[0.11] G3[0.24] G1[0.22];0.18;0.39;0.00;0.88;0.22;0.00;0.86;0.32;0.0303;0.0150;1
29;29;Agent_9;orders came from the seed rule base (rules as-is);0;0;R20[0.10] R26[0.19] A1[0.11] G2[0.05] G3[0.11];0.19;0.33;0.00;0.24;0.10;0.00;0.77;0.10;0.0303;0.0150;1
29;29;Agent_10;orders came from the seed rule base (rules as-is);0;0;R20[0.03] R26[0.03] A1[0.08] G2[0.04] G3[0.08] G1[0.07];0.05;0.09;0.00;0.31;0.07;0.00;0.83;0.10;0.0303;0.0150;0
29;29;Agent_11;orders came from the seed rule base (rules as-is);0;0;R20[0.08] R26[0.16] A1[0.08] G2[0.03] G3[0.08] G1[0.01];0.18;0.27;0.00;0.20;0.07;0.00;0.76;0.10;0.0303;0.0150;1
29;29;Agent_12;orders came from the seed rule base (rules as-is);0;0;R20[0.03] R26[0.03] A1[0.12] G2[0.05] G3[0.12] G1[0.06];0.06;0.11;0.00;0.41;0.11;0.00;0.81;0.10;0.0303;0.0150;0
30;30;Agent_1;orders came from the seed rule base (rules as-is);0;0;R11[0.23] R15[0.23] R20[0.20] R26[0.34] A1[0.18] G2[0.18];0.34;0.74;0.16;0.78;0.59;0.41;0.70;0.74;0.0311;0.0145;1
30;30;Agent_2;orders came from the seed rule base (rules as-is);0;0;R11[0.23] R15[0.09] R20[0.06] R26[0.09] A1[0.06] G2[0.06];0.09;0.35;0.06;0.26;0.35;0.29;0.88;0.93;0.0311;0.0145;1
30;30;Agent_3;orders came from the seed rule base (rules as-is);0;0;R20[0.17] R26[0.36] A1[0.08] G2[0.04] G3[0.08] G1[0.08];0.36;0.55;0.00;0.24;0.07;0.00;0.83;0.87;0.0311;0.0145;1
30;30;Agent_4;orders came from the seed rule base (rules as-is);0;0;R20[0.41] R26[0.36] A1[0.78] G2[0.35] G3[0.29] G1[0.12];0.51;0.81;0.00;0.89;0.64;0.00;0.93;0.72;0.0311;0.0145;1
30;30;Agent_5;orders came from the seed rule base (rules as-is);0;0;R11[0.23] R15[0.05] R20[0.04] R26[0.05] A1[0.08] G2[0.08];0.04;0.21;0.03;0.35;0.36;0.26;0.87;0.24;0.0311;0.0145;0
30;30;Agent_6;orders came from the seed rule base (rules as-is);0;0;R20[0.04] R26[0.04] A1[0.08] G2[0.04] G3[0.08] G1[0.08];0.09;0.16;0.00;0.31;0.07;0.00;0.76;0.23;0.0311;0.0145;1
30;30;Agent_7;orders came from the seed rule base (rules as-is);0;0;R20[0.13] R26[0.28] A1[0.08] G2[0.04] G3[0.08] G1[0.08];0.32;0.45;0.00;0.31;0.07;0.00;0.82;0.26;0.0311;0.0145;1
30;30;Agent_8;orders came from the seed rule base (rules as-is);0;0;R20[0.09] R26[0.05] A1[0.24] G2[0.11] G3[0.24] G1[0.22];0.18;0.39;0.00;0.88;0.22;0.00;0.86;0.32;0.0311;0.0145;1
30;30;Agent_9;orders came from the seed rule base (rules as-is);0;0;R20[0.10] R26[0.19] A1[0.11] G2[0.05] G3[0.11];0.19;0.33;0.00;0.24;0.10;0.00;0.77;0.10;0.0311;0.0145;1
30;30;Agent_10;orders came from the seed rule base (rules as-is);0;0;R20[0.03] R26[0.03] A1[0.08] G2[0.04] G3[0.08] G1[0.07];0.05;0.09;0.00;0.31;0.07;0.00;0.83;0.10;0.0311;0.0145;0
30;30;Agent_11;orders came from the seed rule base (rules as-is);0;0;R20[0.06] R26[0.13];0.13;0.17;0.00;0.01;0.00;0.00;0.70;0.10;0.0311;0.0145;1
30;30;Agent_12;orders came from the seed rule base (rules as-is);0;0;R20[0.03] R26[0.02] A1[0.04] G2[0.02] G3[0.04] G1[0.04];0.00;0.00;0.00;0.00;0.00;0.00;0.65;0.10;0.0311;0.0145;0
31;31;Agent_1;orders came from the seed rule base (rules as-is);0;0;R11[0.23] R15[0.23] R20[0.20] R26[0.34] A1[0.18] G2[0.18];0.34;0.74;0.16;0.78;0.59;0.41;0.70;0.74;0.0328;0.0142;1
31;31;Agent_2;orders came from the seed rule base (rules as-is);0;0;R11[0.23] R15[0.09] R20[0.06] R26[0.09] A1[0.06] G2[0.06];0.09;0.35;0.06;0.26;0.35;0.29;0.88;0.93;0.0328;0.0142;1
31;31;Agent_3;orders came from the seed rule base (rules as-is);0;0;R20[0.07] R26[0.10] A1[0.08] G2[0.04] G3[0.08] G1[0.08];0.15;0.24;0.00;0.31;0.07;0.00;0.79;0.87;0.0328;0.0142;1
31;31;Agent_4;orders came from the seed rule base (rules as-is);0;0;R20[0.41] R26[0.36] A1[0.78] G2[0.35] G3[0.30] G1[0.12];0.51;0.81;0.00;0.89;0.64;0.00;0.93;0.72;0.0328;0.0142;1
31;31;Agent_5;orders came from the seed rule base (rules as-is);0;0;R11[0.23] R15[0.05] R20[0.04] R26[0.05] A1[0.08] G2[0.08];0.04;0.21;0.03;0.35;0.36;0.26;0.87;0.24;0.0328;0.0142;0
31;31;Agent_6;orders came from the seed rule base (rules as-is);0;0;R20[0.04] R26[0.04] A1[0.08] G2[0.04] G3[0.08] G1[0.08];0.09;0.16;0.00;0.31;0.07;0.00;0.76;0.23;0.0328;0.0142;1
31;31;Agent_7;orders came from the seed rule base (rules as-is);0;0;R20[0.13] R26[0.28] A1[0.08] G2[0.04] G3[0.08] G1[0.08];0.32;0.45;0.00;0.31;0.07;0.00;0.82;0.26;0.0328;0.0142;1
31;31;Agent_8;orders came from the seed rule base (rules as-is);0;0;R20[0.09] R26[0.05] A1[0.24] G2[0.11] G3[0.24] G1[0.22];0.18;0.39;0.00;0.88;0.22;0.00;0.86;0.32;0.0328;0.0142;1
31;31;Agent_9;orders came from the seed rule base (rules as-is);0;0;R20[0.10] R26[0.19] A1[0.11] G2[0.05] G3[0.11];0.19;0.33;0.00;0.24;0.10;0.00;0.77;0.10;0.0328;0.0142;1
31;31;Agent_10;orders came from the seed rule base (rules as-is);0;0;R20[0.03] R26[0.03] A1[0.08] G2[0.04] G3[0.08] G1[0.07];0.05;0.09;0.00;0.31;0.07;0.00;0.83;0.10;0.0328;0.0142;0
31;31;Agent_11;orders came from the seed rule base (rules as-is);0;0;R20[0.07] R26[0.14] A1[0.08] G2[0.03] G3[0.08] G1[0.02];0.16;0.25;0.00;0.22;0.07;0.00;0.77;0.10;0.0328;0.0142;1
31;31;Agent_12;orders came from the seed rule base (rules as-is);0;0;R20[0.03] R26[0.02] A1[0.12] G2[0.05] G3[0.12] G1[0.06];0.06;0.11;0.00;0.41;0.11;0.00;0.81;0.10;0.0328;0.0142;0
32;32;Agent_1;orders came from the seed rule base (rules as-is);0;0;R11[0.23] R15[0.23] R20[0.20] R26[0.34] A1[0.18] G2[0.18];0.34;0.74;0.16;0.78;0.59;0.41;0.70;0.74;0.0328;0.0140;1
32;32;Agent_2;orders came from the seed rule base (rules as-is);0;0;R11[0.23] R15[0.09] R20[0.06] R26[0.09] A1[0.06] G2[0.06];0.09;0.35;0.06;0.26;0.35;0.29;0.88;0.93;0.0328;0.0140;1
32;32;Agent_3;orders came from the seed rule base (rules as-is);0;0;R20[0.06] R26[0.07] A1[0.08] G2[0.04] G3[0.08] G1[0.08];0.11;0.20;0.00;0.31;0.07;0.00;0.78;0.87;0.0328;0.0140;1
32;32;Agent_4;orders came from the seed rule base (rules as-is);0;0;R20[0.41] R26[0.36] A1[0.78] G2[0.35] G3[0.30] G1[0.12];0.51;0.81;0.00;0.89;0.64;0.00;0.93;0.72;0.0328;0.0140;1
32;32;Agent_5;orders came from the seed rule base (rules as-is);0;0;R11[0.23] R15[0.05] R20[0.04] R26[0.05] A1[0.08] G2[0.08];0.04;0.21;0.03;0.35;0.36;0.26;0.87;0.24;0.0328;0.0140;0
32;32;Agent_6;orders came from the seed rule base (rules as-is);0;0;R20[0.04] R26[0.04] A1[0.08] G2[0.04] G3[0.08] G1[0.08];0.09;0.16;0.00;0.31;0.07;0.00;0.76;0.23;0.0328;0.0140;1
32;32;Agent_7;orders came from the seed rule base (rules as-is);0;0;R20[0.13] R26[0.28] A1[0.08] G2[0.04] G3[0.08] G1[0.08];0.32;0.45;0.00;0.31;0.07;0.00;0.82;0.25;0.0328;0.0140;1
32;32;Agent_8;orders came from the seed rule base (rules as-is);0;0;R20[0.09] R26[0.05] A1[0.24] G2[0.11] G3[0.24] G1[0.22];0.18;0.39;0.00;0.88;0.22;0.00;0.86;0.32;0.0328;0.0140;1
32;32;Agent_9;orders came from the seed rule base (rules as-is);0;0;R20[0.10] R26[0.19] A1[0.11] G2[0.05] G3[0.11];0.19;0.33;0.00;0.24;0.10;0.00;0.77;0.10;0.0328;0.0140;1
32;32;Agent_10;orders came from the seed rule base (rules as-is);0;0;R20[0.03] R26[0.03] A1[0.08] G2[0.04] G3[0.08] G1[0.07];0.05;0.09;0.00;0.31;0.07;0.00;0.83;0.10;0.0328;0.0140;0
32;32;Agent_11;orders came from the seed rule base (rules as-is);0;0;R20[0.06] R26[0.12];0.12;0.15;0.00;0.01;0.00;0.00;0.70;0.10;0.0328;0.0140;1
32;32;Agent_12;orders came from the seed rule base (rules as-is);0;0;R20[0.02] R26[0.02] A1[0.04] G2[0.02] G3[0.04] G1[0.04];0.00;0.00;0.00;0.00;0.00;0.00;0.65;0.10;0.0328;0.0140;0
33;33;Agent_1;orders came from the seed rule base (rules as-is);0;0;R11[0.23] R15[0.23] R20[0.20] R26[0.34] A1[0.18] G2[0.18];0.34;0.74;0.16;0.78;0.59;0.41;0.70;0.74;0.0328;0.0140;1
33;33;Agent_2;orders came from the seed rule base (rules as-is);0;0;R11[0.23] R15[0.09] R20[0.06] R26[0.09] A1[0.06] G2[0.06];0.09;0.35;0.06;0.26;0.35;0.29;0.88;0.93;0.0328;0.0140;1
33;33;Agent_3;orders came from the seed rule base (rules as-is);0;0;R20[0.05] R26[0.07] A1[0.08] G2[0.04] G3[0.08] G1[0.08];0.11;0.20;0.00;0.31;0.07;0.00;0.78;0.87;0.0328;0.0140;1
33;33;Agent_4;orders came from the seed rule base (rules as-is);0;0;R20[0.41] R26[0.36] A1[0.78] G2[0.35] G3[0.30] G1[0.12];0.51;0.81;0.00;0.89;0.64;0.00;0.94;0.72;0.0328;0.0140;1
33;33;Agent_5;orders came from the seed rule base (rules as-is);0;0;R11[0.23] R15[0.05] R20[0.04] R26[0.05] A1[0.08] G2[0.08];0.04;0.21;0.03;0.35;0.36;0.26;0.87;0.24;0.0328;0.0140;0
33;33;Agent_6;orders came from the seed rule base (rules as-is);0;0;R20[0.04] R26[0.04] A1[0.08] G2[0.04] G3[0.08] G1[0.08];0.09;0.16;0.00;0.31;0.07;0.00;0.76;0.23;0.0328;0.0140;1
33;33;Agent_7;orders came from the seed rule base (rules as-is);0;0;R20[0.13] R26[0.28] A1[0.08] G2[0.04] G3[0.08] G1[0.08];0.32;0.45;0.00;0.31;0.07;0.00;0.82;0.25;0.0328;0.0140;1
33;33;Agent_8;orders came from the seed rule base (rules as-is);0;0;R20[0.09] R26[0.05] A1[0.24] G2[0.11] G3[0.24] G1[0.22];0.18;0.39;0.00;0.88;0.22;0.00;0.86;0.32;0.0328;0.0140;1
33;33;Agent_9;orders came from the seed rule base (rules as-is);0;0;R20[0.10] R26[0.19] A1[0.11] G2[0.05] G3[0.11];0.19;0.33;0.00;0.24;0.10;0.00;0.77;0.10;0.0328;0.0140;1
33;33;Agent_10;orders came from the seed rule base (rules as-is);0;0;R20[0.03] R26[0.03] A1[0.08] G2[0.04] G3[0.08] G1[0.07];0.05;0.09;0.00;0.31;0.07;0.00;0.83;0.10;0.0328;0.0140;0
33;33;Agent_11;orders came from the seed rule base (rules as-is);0;0;R20[0.04] R26[0.09];0.09;0.12;0.00;0.00;0.00;0.00;0.70;0.10;0.0328;0.0140;1
33;33;Agent_12;orders came from the seed rule base (rules as-is);0;0;R20[0.02] R26[0.02] A1[0.04] G2[0.02] G3[0.04] G1[0.04];0.00;0.00;0.00;0.00;0.00;0.00;0.66;0.10;0.0328;0.0140;0
33;33;Agent_1;orders came from the seed rule base (rules as-is);0;0;R11[0.23] R15[0.23] R20[0.20] R26[0.34] A1[0.18] G2[0.18];0.34;0.74;0.16;0.78;0.59;0.41;0.70;0.74;0.0328;0.0140;1
33;33;Agent_2;orders came from the seed rule base (rules as-is);0;0;R11[0.23] R15[0.09] R20[0.06] R26[0.09] A1[0.06] G2[0.06];0.09;0.35;0.06;0.26;0.35;0.29;0.88;0.93;0.0328;0.0140;1
33;33;Agent_3;orders came from the seed rule base (rules as-is);0;0;R20[0.05] R26[0.07] A1[0.08] G2[0.04] G3[0.08] G1[0.08];0.11;0.20;0.00;0.31;0.07;0.00;0.78;0.87;0.0328;0.0140;1
33;33;Agent_4;orders came from the seed rule base (rules as-is);0;0;R20[0.41] R26[0.36] A1[0.78] G2[0.35] G3[0.30] G1[0.12];0.51;0.81;0.00;0.89;0.64;0.00;0.94;0.72;0.0328;0.0140;1
33;33;Agent_5;orders came from the seed rule base (rules as-is);0;0;R11[0.23] R15[0.05] R20[0.04] R26[0.05] A1[0.08] G2[0.08];0.04;0.21;0.03;0.35;0.36;0.26;0.87;0.24;0.0328;0.0140;0
33;33;Agent_6;orders came from the seed rule base (rules as-is);0;0;R20[0.04] R26[0.04] A1[0.08] G2[0.04] G3[0.08] G1[0.08];0.09;0.16;0.00;0.31;0.07;0.00;0.76;0.23;0.0328;0.0140;1
33;33;Agent_7;orders came from the seed rule base (rules as-is);0;0;R20[0.13] R26[0.28] A1[0.08] G2[0.04] G3[0.08] G1[0.08];0.32;0.45;0.00;0.31;0.07;0.00;0.82;0.25;0.0328;0.0140;1
33;33;Agent_8;orders came from the seed rule base (rules as-is);0;0;R20[0.09] R26[0.05] A1[0.24] G2[0.11] G3[0.24] G1[0.22];0.18;0.39;0.00;0.88;0.22;0.00;0.86;0.32;0.0328;0.0140;1
33;33;Agent_9;orders came from the seed rule base (rules as-is);0;0;R20[0.10] R26[0.19] A1[0.11] G2[0.05] G3[0.11];0.19;0.33;0.00;0.24;0.10;0.00;0.77;0.10;0.0328;0.0140;1
33;33;Agent_10;orders came from the seed rule base (rules as-is);0;0;R20[0.03] R26[0.03] A1[0.08] G2[0.04] G3[0.08] G1[0.07];0.05;0.09;0.00;0.31;0.07;0.00;0.83;0.10;0.0328;0.0140;0
33;33;Agent_11;orders came from the seed rule base (rules as-is);0;0;R20[0.04] R26[0.09];0.09;0.12;0.00;0.00;0.00;0.00;0.70;0.10;0.0328;0.0140;1
33;33;Agent_12;orders came from the seed rule base (rules as-is);0;0;R20[0.02] R26[0.02] A1[0.04] G2[0.02] G3[0.04] G1[0.04];0.00;0.00;0.00;0.00;0.00;0.00;0.66;0.10;0.0328;0.0140;0
33;33;Agent_1;orders came from the seed rule base (rules as-is);0;0;R11[0.23] R15[0.23] R20[0.20] R26[0.34] A1[0.18] G2[0.18];0.34;0.74;0.16;0.78;0.59;0.41;0.70;0.74;0.0328;0.0140;1
33;33;Agent_2;orders came from the seed rule base (rules as-is);0;0;R11[0.23] R15[0.09] R20[0.06] R26[0.09] A1[0.06] G2[0.06];0.09;0.35;0.06;0.26;0.35;0.29;0.88;0.93;0.0328;0.0140;1
33;33;Agent_3;orders came from the seed rule base (rules as-is);0;0;R20[0.05] R26[0.07] A1[0.08] G2[0.04] G3[0.08] G1[0.08];0.11;0.20;0.00;0.31;0.07;0.00;0.78;0.87;0.0328;0.0140;1
33;33;Agent_4;orders came from the seed rule base (rules as-is);0;0;R20[0.41] R26[0.36] A1[0.78] G2[0.35] G3[0.30] G1[0.12];0.51;0.81;0.00;0.89;0.64;0.00;0.94;0.72;0.0328;0.0140;1
33;33;Agent_5;orders came from the seed rule base (rules as-is);0;0;R11[0.23] R15[0.05] R20[0.04] R26[0.05] A1[0.08] G2[0.08];0.04;0.21;0.03;0.35;0.36;0.26;0.87;0.24;0.0328;0.0140;0
33;33;Agent_6;orders came from the seed rule base (rules as-is);0;0;R20[0.04] R26[0.04] A1[0.08] G2[0.04] G3[0.08] G1[0.08];0.09;0.16;0.00;0.31;0.07;0.00;0.76;0.23;0.0328;0.0140;1
33;33;Agent_7;orders came from the seed rule base (rules as-is);0;0;R20[0.13] R26[0.28] A1[0.08] G2[0.04] G3[0.08] G1[0.08];0.32;0.45;0.00;0.31;0.07;0.00;0.82;0.25;0.0328;0.0140;1
33;33;Agent_8;orders came from the seed rule base (rules as-is);0;0;R20[0.09] R26[0.05] A1[0.24] G2[0.11] G3[0.24] G1[0.22];0.18;0.39;0.00;0.88;0.22;0.00;0.86;0.32;0.0328;0.0140;1
33;33;Agent_9;orders came from the seed rule base (rules as-is);0;0;R20[0.10] R26[0.19] A1[0.11] G2[0.05] G3[0.11];0.19;0.33;0.00;0.24;0.10;0.00;0.77;0.10;0.0328;0.0140;1
33;33;Agent_10;orders came from the seed rule base (rules as-is);0;0;R20[0.03] R26[0.03] A1[0.08] G2[0.04] G3[0.08] G1[0.07];0.05;0.09;0.00;0.31;0.07;0.00;0.83;0.10;0.0328;0.0140;0
33;33;Agent_11;orders came from the seed rule base (rules as-is);0;0;R20[0.04] R26[0.09];0.09;0.12;0.00;0.00;0.00;0.00;0.70;0.10;0.0328;0.0140;1
33;33;Agent_12;orders came from the seed rule base (rules as-is);0;0;R20[0.02] R26[0.02] A1[0.04] G2[0.02] G3[0.04] G1[0.04];0.00;0.00;0.00;0.00;0.00;0.00;0.66;0.10;0.0328;0.0140;0
34;34;Agent_1;orders came from the seed rule base (rules as-is);0;0;R11[0.23] R15[0.23] R20[0.20] R26[0.34] A1[0.18] G2[0.18];0.34;0.74;0.16;0.78;0.59;0.41;0.70;0.74;0.0328;0.0137;1
34;34;Agent_2;orders came from the seed rule base (rules as-is);0;0;R11[0.23] R15[0.09] R20[0.06] R26[0.09] A1[0.06] G2[0.06];0.09;0.35;0.06;0.26;0.35;0.29;0.88;0.93;0.0328;0.0137;1
34;34;Agent_3;orders came from the seed rule base (rules as-is);0;0;R20[0.05] R26[0.07] A1[0.08] G2[0.04] G3[0.08] G1[0.08];0.11;0.20;0.00;0.31;0.07;0.00;0.78;0.87;0.0328;0.0137;1
34;34;Agent_4;orders came from the seed rule base (rules as-is);0;0;R20[0.41] R26[0.36] A1[0.78] G2[0.35] G3[0.30] G1[0.12];0.51;0.81;0.00;0.89;0.64;0.00;0.94;0.72;0.0328;0.0137;1
34;34;Agent_5;orders came from the seed rule base (rules as-is);0;0;R11[0.23] R15[0.05] R20[0.04] R26[0.05] A1[0.08] G2[0.08];0.04;0.21;0.03;0.35;0.36;0.26;0.87;0.24;0.0328;0.0137;0
34;34;Agent_6;orders came from the seed rule base (rules as-is);0;0;R20[0.04] R26[0.04] A1[0.08] G2[0.04] G3[0.08] G1[0.08];0.09;0.16;0.00;0.31;0.07;0.00;0.76;0.23;0.0328;0.0137;1
34;34;Agent_7;orders came from the seed rule base (rules as-is);0;0;R20[0.13] R26[0.28] A1[0.08] G2[0.04] G3[0.08] G1[0.08];0.32;0.45;0.00;0.31;0.07;0.00;0.82;0.25;0.0328;0.0137;1
34;34;Agent_8;orders came from the seed rule base (rules as-is);0;0;R20[0.09] R26[0.05] A1[0.24] G2[0.11] G3[0.24] G1[0.22];0.18;0.39;0.00;0.88;0.22;0.00;0.86;0.32;0.0328;0.0137;1
34;34;Agent_9;orders came from the seed rule base (rules as-is);0;0;R20[0.10] R26[0.19] A1[0.11] G2[0.05] G3[0.11];0.19;0.33;0.00;0.24;0.10;0.00;0.77;0.10;0.0328;0.0137;1
34;34;Agent_10;orders came from the seed rule base (rules as-is);0;0;R20[0.03] R26[0.03] A1[0.08] G2[0.04] G3[0.08] G1[0.07];0.05;0.09;0.00;0.31;0.07;0.00;0.83;0.10;0.0328;0.0137;0
34;34;Agent_11;orders came from the seed rule base (rules as-is);0;0;R20[0.04] R26[0.08];0.08;0.10;0.00;0.00;0.00;0.00;0.69;0.10;0.0328;0.0137;1
34;34;Agent_12;orders came from the seed rule base (rules as-is);0;0;R20[0.02] R26[0.01] A1[0.04] G2[0.02] G3[0.04] G1[0.04];0.00;0.00;0.00;0.00;0.00;0.00;0.66;0.10;0.0328;0.0137;0
35;35;Agent_1;orders came from the seed rule base (rules as-is);0;0;R11[0.23] R15[0.23] R20[0.20] R26[0.34] A1[0.18] G2[0.18];0.34;0.74;0.16;0.78;0.59;0.41;0.70;0.74;0.0328;0.0134;1
35;35;Agent_2;orders came from the seed rule base (rules as-is);0;0;R11[0.23] R15[0.09] R20[0.06] R26[0.09] A1[0.06] G2[0.06];0.09;0.35;0.06;0.26;0.35;0.29;0.88;0.93;0.0328;0.0134;1
35;35;Agent_3;orders came from the seed rule base (rules as-is);0;0;R20[0.05] R26[0.07] A1[0.08] G2[0.04] G3[0.08] G1[0.08];0.11;0.20;0.00;0.31;0.07;0.00;0.78;0.87;0.0328;0.0134;1
35;35;Agent_4;orders came from the seed rule base (rules as-is);0;0;R20[0.41] R26[0.36] A1[0.78] G2[0.35] G3[0.30] G1[0.12];0.51;0.81;0.00;0.89;0.64;0.00;0.93;0.72;0.0328;0.0134;1
35;35;Agent_5;orders came from the seed rule base (rules as-is);0;0;R11[0.23] R15[0.05] R20[0.04] R26[0.05] A1[0.08] G2[0.08];0.04;0.21;0.03;0.35;0.36;0.26;0.87;0.24;0.0328;0.0134;0
35;35;Agent_6;orders came from the seed rule base (rules as-is);0;0;R20[0.04] R26[0.04] A1[0.08] G2[0.04] G3[0.08] G1[0.08];0.09;0.16;0.00;0.31;0.07;0.00;0.76;0.23;0.0328;0.0134;1
35;35;Agent_7;orders came from the seed rule base (rules as-is);0;0;R20[0.13] R26[0.28] A1[0.08] G2[0.04] G3[0.08] G1[0.08];0.32;0.45;0.00;0.31;0.07;0.00;0.82;0.25;0.0328;0.0134;1
35;35;Agent_8;orders came from the seed rule base (rules as-is);0;0;R20[0.09] R26[0.05] A1[0.24] G2[0.11] G3[0.24] G1[0.22];0.18;0.39;0.00;0.88;0.22;0.00;0.86;0.32;0.0328;0.0134;1
35;35;Agent_9;orders came from the seed rule base (rules as-is);0;0;R20[0.10] R26[0.19] A1[0.11] G2[0.05] G3[0.11];0.19;0.33;0.00;0.24;0.10;0.00;0.77;0.10;0.0328;0.0134;1
35;35;Agent_10;orders came from the seed rule base (rules as-is);0;0;R20[0.03] R26[0.03] A1[0.08] G2[0.04] G3[0.08] G1[0.07];0.05;0.09;0.00;0.31;0.07;0.00;0.83;0.10;0.0328;0.0134;0
35;35;Agent_11;orders came from the seed rule base (rules as-is);0;0;R20[0.03] R26[0.06];0.04;0.05;0.00;0.00;0.00;0.00;0.69;0.10;0.0328;0.0134;0
35;35;Agent_12;orders came from the seed rule base (rules as-is);0;0;R20[0.02] R26[0.01] A1[0.04] G2[0.02] G3[0.04] G1[0.04];0.00;0.00;0.00;0.00;0.00;0.00;0.66;0.10;0.0328;0.0134;0
36;36;Agent_1;RL selected stage 3 [GenAI] (deficit bucket: high) → ACCEPTED: G5: G5: IF asset exposure risk is VH AND intervention urgency is VH THEN asset protection 1.0, resource deployment 0.7 (adaptation-born: generative (template), gates G1-G4);3;3;R11[0.23] R15[0.23] R20[0.20] R26[0.34] A1[0.18] G2[0.18];0.34;0.73;0.16;0.90;0.59;0.41;0.67;0.74;0.0318;0.0132;1
36;36;Agent_2;RL selected stage 3 [GenAI] (deficit bucket: high) → ACCEPTED: G5: G5: IF asset exposure risk is VH AND intervention urgency is VH THEN asset protection 1.0, resource deployment 0.7 (adaptation-born: generative (template), gates G1-G4);3;3;R11[0.23] R15[0.09] R20[0.06] R26[0.09] A1[0.06] G2[0.06];0.09;0.39;0.06;0.32;0.35;0.29;0.86;0.93;0.0318;0.0132;1
36;36;Agent_3;RL selected stage 3 [GenAI] (deficit bucket: high) → ACCEPTED: G5: G5: IF asset exposure risk is VH AND intervention urgency is VH THEN asset protection 1.0, resource deployment 0.7 (adaptation-born: generative (template), gates G1-G4);3;3;R20[0.05] R26[0.07] A1[0.08] G2[0.04] G3[0.08] G1[0.08];0.11;0.24;0.00;0.37;0.07;0.00;0.78;0.87;0.0318;0.0132;1
36;36;Agent_4;RL selected stage 3 [GenAI] (deficit bucket: high) → ACCEPTED: G5: G5: IF asset exposure risk is VH AND intervention urgency is VH THEN asset protection 1.0, resource deployment 0.7 (adaptation-born: generative (template), gates G1-G4);3;3;R20[0.41] R26[0.36] A1[0.78] G2[0.35] G3[0.30] G1[0.12];0.51;0.78;0.00;0.91;0.64;0.00;0.94;0.72;0.0318;0.0132;1
36;36;Agent_5;RL selected stage 3 [GenAI] (deficit bucket: high) → ACCEPTED: G5: G5: IF asset exposure risk is VH AND intervention urgency is VH THEN asset protection 1.0, resource deployment 0.7 (adaptation-born: generative (template), gates G1-G4);3;3;R11[0.23] R15[0.05] R20[0.04] R26[0.05] A1[0.08] G2[0.08];0.04;0.22;0.03;0.39;0.36;0.26;0.85;0.24;0.0318;0.0132;0
36;36;Agent_6;RL selected stage 3 [GenAI] (deficit bucket: high) → ACCEPTED: G5: G5: IF asset exposure risk is VH AND intervention urgency is VH THEN asset protection 1.0, resource deployment 0.7 (adaptation-born: generative (template), gates G1-G4);3;3;R20[0.04] R26[0.04] A1[0.08] G2[0.04] G3[0.08] G1[0.08];0.09;0.19;0.00;0.35;0.07;0.00;0.78;0.22;0.0318;0.0132;1
36;36;Agent_7;RL selected stage 3 [GenAI] (deficit bucket: high) → ACCEPTED: G5: G5: IF asset exposure risk is VH AND intervention urgency is VH THEN asset protection 1.0, resource deployment 0.7 (adaptation-born: generative (template), gates G1-G4);3;3;R20[0.13] R26[0.28] A1[0.08] G2[0.04] G3[0.08] G1[0.08];0.32;0.50;0.00;0.39;0.07;0.00;0.82;0.25;0.0318;0.0132;1
36;36;Agent_8;RL selected stage 3 [GenAI] (deficit bucket: high) → ACCEPTED: G5: G5: IF asset exposure risk is VH AND intervention urgency is VH THEN asset protection 1.0, resource deployment 0.7 (adaptation-born: generative (template), gates G1-G4);3;3;R20[0.09] R26[0.05] A1[0.24] G2[0.11] G3[0.24] G1[0.22];0.18;0.45;0.00;0.89;0.22;0.00;0.86;0.32;0.0318;0.0132;1
36;36;Agent_9;RL selected stage 3 [GenAI] (deficit bucket: high) → ACCEPTED: G5: G5: IF asset exposure risk is VH AND intervention urgency is VH THEN asset protection 1.0, resource deployment 0.7 (adaptation-born: generative (template), gates G1-G4);3;3;R20[0.09] R26[0.19] A1[0.11] G2[0.05] G3[0.11] G5[0.09];0.19;0.39;0.00;0.34;0.10;0.00;0.78;0.09;0.0318;0.0132;1
36;36;Agent_10;RL selected stage 3 [GenAI] (deficit bucket: high) → ACCEPTED: G5: G5: IF asset exposure risk is VH AND intervention urgency is VH THEN asset protection 1.0, resource deployment 0.7 (adaptation-born: generative (template), gates G1-G4);3;3;R20[0.03] R26[0.03] A1[0.08] G2[0.04] G3[0.08] G1[0.07];0.05;0.10;0.00;0.33;0.07;0.00;0.84;0.09;0.0318;0.0132;0
36;36;Agent_11;RL selected stage 3 [GenAI] (deficit bucket: high) → ACCEPTED: G5: G5: IF asset exposure risk is VH AND intervention urgency is VH THEN asset protection 1.0, resource deployment 0.7 (adaptation-born: generative (template), gates G1-G4);3;3;R20[0.02] R26[0.05];0.03;0.04;0.00;0.00;0.00;0.00;0.69;0.09;0.0318;0.0132;0
36;36;Agent_12;RL selected stage 3 [GenAI] (deficit bucket: high) → ACCEPTED: G5: G5: IF asset exposure risk is VH AND intervention urgency is VH THEN asset protection 1.0, resource deployment 0.7 (adaptation-born: generative (template), gates G1-G4);3;3;R20[0.01] A1[0.04] G2[0.02] G3[0.04] G1[0.04] G4[0.04];0.00;0.00;0.00;0.00;0.00;0.00;0.66;0.09;0.0318;0.0132;0
36;36;Agent_1;RL selected stage 3 [GenAI] (deficit bucket: high) → ACCEPTED: G5: G5: IF asset exposure risk is VH AND intervention urgency is VH THEN asset protection 1.0, resource deployment 0.7 (adaptation-born: generative (template), gates G1-G4);3;3;R11[0.23] R15[0.23] R20[0.20] R26[0.34] A1[0.18] G2[0.18];0.34;0.73;0.16;0.90;0.59;0.41;0.67;0.74;0.0318;0.0132;1
36;36;Agent_2;RL selected stage 3 [GenAI] (deficit bucket: high) → ACCEPTED: G5: G5: IF asset exposure risk is VH AND intervention urgency is VH THEN asset protection 1.0, resource deployment 0.7 (adaptation-born: generative (template), gates G1-G4);3;3;R11[0.23] R15[0.09] R20[0.06] R26[0.09] A1[0.06] G2[0.06];0.09;0.39;0.06;0.32;0.35;0.29;0.86;0.93;0.0318;0.0132;1
36;36;Agent_3;RL selected stage 3 [GenAI] (deficit bucket: high) → ACCEPTED: G5: G5: IF asset exposure risk is VH AND intervention urgency is VH THEN asset protection 1.0, resource deployment 0.7 (adaptation-born: generative (template), gates G1-G4);3;3;R20[0.05] R26[0.07] A1[0.08] G2[0.04] G3[0.08] G1[0.08];0.11;0.24;0.00;0.37;0.07;0.00;0.78;0.87;0.0318;0.0132;1
36;36;Agent_4;RL selected stage 3 [GenAI] (deficit bucket: high) → ACCEPTED: G5: G5: IF asset exposure risk is VH AND intervention urgency is VH THEN asset protection 1.0, resource deployment 0.7 (adaptation-born: generative (template), gates G1-G4);3;3;R20[0.41] R26[0.36] A1[0.78] G2[0.35] G3[0.30] G1[0.12];0.51;0.78;0.00;0.91;0.64;0.00;0.94;0.72;0.0318;0.0132;1
36;36;Agent_5;RL selected stage 3 [GenAI] (deficit bucket: high) → ACCEPTED: G5: G5: IF asset exposure risk is VH AND intervention urgency is VH THEN asset protection 1.0, resource deployment 0.7 (adaptation-born: generative (template), gates G1-G4);3;3;R11[0.23] R15[0.05] R20[0.04] R26[0.05] A1[0.08] G2[0.08];0.04;0.22;0.03;0.39;0.36;0.26;0.85;0.24;0.0318;0.0132;0
36;36;Agent_6;RL selected stage 3 [GenAI] (deficit bucket: high) → ACCEPTED: G5: G5: IF asset exposure risk is VH AND intervention urgency is VH THEN asset protection 1.0, resource deployment 0.7 (adaptation-born: generative (template), gates G1-G4);3;3;R20[0.04] R26[0.04] A1[0.08] G2[0.04] G3[0.08] G1[0.08];0.09;0.19;0.00;0.35;0.07;0.00;0.78;0.22;0.0318;0.0132;1
36;36;Agent_7;RL selected stage 3 [GenAI] (deficit bucket: high) → ACCEPTED: G5: G5: IF asset exposure risk is VH AND intervention urgency is VH THEN asset protection 1.0, resource deployment 0.7 (adaptation-born: generative (template), gates G1-G4);3;3;R20[0.13] R26[0.28] A1[0.08] G2[0.04] G3[0.08] G1[0.08];0.32;0.50;0.00;0.39;0.07;0.00;0.82;0.25;0.0318;0.0132;1
36;36;Agent_8;RL selected stage 3 [GenAI] (deficit bucket: high) → ACCEPTED: G5: G5: IF asset exposure risk is VH AND intervention urgency is VH THEN asset protection 1.0, resource deployment 0.7 (adaptation-born: generative (template), gates G1-G4);3;3;R20[0.09] R26[0.05] A1[0.24] G2[0.11] G3[0.24] G1[0.22];0.18;0.45;0.00;0.89;0.22;0.00;0.86;0.32;0.0318;0.0132;1
36;36;Agent_9;RL selected stage 3 [GenAI] (deficit bucket: high) → ACCEPTED: G5: G5: IF asset exposure risk is VH AND intervention urgency is VH THEN asset protection 1.0, resource deployment 0.7 (adaptation-born: generative (template), gates G1-G4);3;3;R20[0.09] R26[0.19] A1[0.11] G2[0.05] G3[0.11] G5[0.09];0.19;0.39;0.00;0.34;0.10;0.00;0.78;0.09;0.0318;0.0132;1
36;36;Agent_10;RL selected stage 3 [GenAI] (deficit bucket: high) → ACCEPTED: G5: G5: IF asset exposure risk is VH AND intervention urgency is VH THEN asset protection 1.0, resource deployment 0.7 (adaptation-born: generative (template), gates G1-G4);3;3;R20[0.03] R26[0.03] A1[0.08] G2[0.04] G3[0.08] G1[0.07];0.05;0.10;0.00;0.33;0.07;0.00;0.84;0.09;0.0318;0.0132;0
36;36;Agent_11;RL selected stage 3 [GenAI] (deficit bucket: high) → ACCEPTED: G5: G5: IF asset exposure risk is VH AND intervention urgency is VH THEN asset protection 1.0, resource deployment 0.7 (adaptation-born: generative (template), gates G1-G4);3;3;R20[0.02] R26[0.05];0.03;0.04;0.00;0.00;0.00;0.00;0.69;0.09;0.0318;0.0132;0
36;36;Agent_12;RL selected stage 3 [GenAI] (deficit bucket: high) → ACCEPTED: G5: G5: IF asset exposure risk is VH AND intervention urgency is VH THEN asset protection 1.0, resource deployment 0.7 (adaptation-born: generative (template), gates G1-G4);3;3;R20[0.01] A1[0.04] G2[0.02] G3[0.04] G1[0.04] G4[0.04];0.00;0.00;0.00;0.00;0.00;0.00;0.66;0.09;0.0318;0.0132;0
36;36;Agent_1;orders came from the seed rule base (rules as-is);0;0;R11[0.23] R15[0.23] R20[0.20] R26[0.34] A1[0.18] G2[0.18];0.34;0.73;0.16;0.90;0.59;0.41;0.67;0.74;0.0318;0.0132;1
36;36;Agent_2;orders came from the seed rule base (rules as-is);0;0;R11[0.23] R15[0.09] R20[0.06] R26[0.09] A1[0.06] G2[0.06];0.09;0.39;0.06;0.32;0.35;0.29;0.86;0.93;0.0318;0.0132;1
36;36;Agent_3;orders came from the seed rule base (rules as-is);0;0;R20[0.05] R26[0.07] A1[0.08] G2[0.04] G3[0.08] G1[0.08];0.11;0.24;0.00;0.37;0.07;0.00;0.78;0.87;0.0318;0.0132;1
36;36;Agent_4;orders came from the seed rule base (rules as-is);0;0;R20[0.41] R26[0.36] A1[0.78] G2[0.35] G3[0.30] G1[0.12];0.51;0.78;0.00;0.91;0.64;0.00;0.94;0.72;0.0318;0.0132;1
36;36;Agent_5;orders came from the seed rule base (rules as-is);0;0;R11[0.23] R15[0.05] R20[0.04] R26[0.05] A1[0.08] G2[0.08];0.04;0.22;0.03;0.39;0.36;0.26;0.85;0.24;0.0318;0.0132;0
36;36;Agent_6;orders came from the seed rule base (rules as-is);0;0;R20[0.04] R26[0.04] A1[0.08] G2[0.04] G3[0.08] G1[0.08];0.09;0.19;0.00;0.35;0.07;0.00;0.78;0.22;0.0318;0.0132;1
36;36;Agent_7;orders came from the seed rule base (rules as-is);0;0;R20[0.13] R26[0.28] A1[0.08] G2[0.04] G3[0.08] G1[0.08];0.32;0.50;0.00;0.39;0.07;0.00;0.82;0.25;0.0318;0.0132;1
36;36;Agent_8;orders came from the seed rule base (rules as-is);0;0;R20[0.09] R26[0.05] A1[0.24] G2[0.11] G3[0.24] G1[0.22];0.18;0.45;0.00;0.89;0.22;0.00;0.86;0.32;0.0318;0.0132;1
36;36;Agent_9;orders came from the seed rule base (rules as-is);0;0;R20[0.09] R26[0.19] A1[0.11] G2[0.05] G3[0.11] G5[0.09];0.19;0.39;0.00;0.34;0.10;0.00;0.78;0.09;0.0318;0.0132;1
36;36;Agent_10;orders came from the seed rule base (rules as-is);0;0;R20[0.03] R26[0.03] A1[0.08] G2[0.04] G3[0.08] G1[0.07];0.05;0.10;0.00;0.33;0.07;0.00;0.84;0.09;0.0318;0.0132;0
36;36;Agent_11;orders came from the seed rule base (rules as-is);0;0;R20[0.02] R26[0.05];0.03;0.04;0.00;0.00;0.00;0.00;0.69;0.09;0.0318;0.0132;0
36;36;Agent_12;orders came from the seed rule base (rules as-is);0;0;R20[0.01] A1[0.04] G2[0.02] G3[0.04] G1[0.04] G4[0.04];0.00;0.00;0.00;0.00;0.00;0.00;0.66;0.09;0.0318;0.0132;0
36;36;Agent_1;RL selected stage 3 [GenAI] (deficit bucket: high) → ACCEPTED: G5: G5: IF asset exposure risk is VH AND intervention urgency is VH THEN asset protection 1.0, resource deployment 0.7 (adaptation-born: generative (template), gates G1-G4);3;3;R11[0.23] R15[0.23] R20[0.20] R26[0.34] A1[0.18] G2[0.18];0.34;0.73;0.16;0.90;0.59;0.41;0.67;0.74;0.0318;0.0132;1
36;36;Agent_2;RL selected stage 3 [GenAI] (deficit bucket: high) → ACCEPTED: G5: G5: IF asset exposure risk is VH AND intervention urgency is VH THEN asset protection 1.0, resource deployment 0.7 (adaptation-born: generative (template), gates G1-G4);3;3;R11[0.23] R15[0.09] R20[0.06] R26[0.09] A1[0.06] G2[0.06];0.09;0.39;0.06;0.32;0.35;0.29;0.86;0.93;0.0318;0.0132;1
36;36;Agent_3;RL selected stage 3 [GenAI] (deficit bucket: high) → ACCEPTED: G5: G5: IF asset exposure risk is VH AND intervention urgency is VH THEN asset protection 1.0, resource deployment 0.7 (adaptation-born: generative (template), gates G1-G4);3;3;R20[0.05] R26[0.07] A1[0.08] G2[0.04] G3[0.08] G1[0.08];0.11;0.24;0.00;0.37;0.07;0.00;0.78;0.87;0.0318;0.0132;1
36;36;Agent_4;RL selected stage 3 [GenAI] (deficit bucket: high) → ACCEPTED: G5: G5: IF asset exposure risk is VH AND intervention urgency is VH THEN asset protection 1.0, resource deployment 0.7 (adaptation-born: generative (template), gates G1-G4);3;3;R20[0.41] R26[0.36] A1[0.78] G2[0.35] G3[0.30] G1[0.12];0.51;0.78;0.00;0.91;0.64;0.00;0.94;0.72;0.0318;0.0132;1
36;36;Agent_5;RL selected stage 3 [GenAI] (deficit bucket: high) → ACCEPTED: G5: G5: IF asset exposure risk is VH AND intervention urgency is VH THEN asset protection 1.0, resource deployment 0.7 (adaptation-born: generative (template), gates G1-G4);3;3;R11[0.23] R15[0.05] R20[0.04] R26[0.05] A1[0.08] G2[0.08];0.04;0.22;0.03;0.39;0.36;0.26;0.85;0.24;0.0318;0.0132;0
36;36;Agent_6;RL selected stage 3 [GenAI] (deficit bucket: high) → ACCEPTED: G5: G5: IF asset exposure risk is VH AND intervention urgency is VH THEN asset protection 1.0, resource deployment 0.7 (adaptation-born: generative (template), gates G1-G4);3;3;R20[0.04] R26[0.04] A1[0.08] G2[0.04] G3[0.08] G1[0.08];0.09;0.19;0.00;0.35;0.07;0.00;0.78;0.22;0.0318;0.0132;1
36;36;Agent_7;RL selected stage 3 [GenAI] (deficit bucket: high) → ACCEPTED: G5: G5: IF asset exposure risk is VH AND intervention urgency is VH THEN asset protection 1.0, resource deployment 0.7 (adaptation-born: generative (template), gates G1-G4);3;3;R20[0.13] R26[0.28] A1[0.08] G2[0.04] G3[0.08] G1[0.08];0.32;0.50;0.00;0.39;0.07;0.00;0.82;0.25;0.0318;0.0132;1
36;36;Agent_8;RL selected stage 3 [GenAI] (deficit bucket: high) → ACCEPTED: G5: G5: IF asset exposure risk is VH AND intervention urgency is VH THEN asset protection 1.0, resource deployment 0.7 (adaptation-born: generative (template), gates G1-G4);3;3;R20[0.09] R26[0.05] A1[0.24] G2[0.11] G3[0.24] G1[0.22];0.18;0.45;0.00;0.89;0.22;0.00;0.86;0.32;0.0318;0.0132;1
36;36;Agent_9;RL selected stage 3 [GenAI] (deficit bucket: high) → ACCEPTED: G5: G5: IF asset exposure risk is VH AND intervention urgency is VH THEN asset protection 1.0, resource deployment 0.7 (adaptation-born: generative (template), gates G1-G4);3;3;R20[0.09] R26[0.19] A1[0.11] G2[0.05] G3[0.11] G5[0.09];0.19;0.39;0.00;0.34;0.10;0.00;0.78;0.09;0.0318;0.0132;1
36;36;Agent_10;RL selected stage 3 [GenAI] (deficit bucket: high) → ACCEPTED: G5: G5: IF asset exposure risk is VH AND intervention urgency is VH THEN asset protection 1.0, resource deployment 0.7 (adaptation-born: generative (template), gates G1-G4);3;3;R20[0.03] R26[0.03] A1[0.08] G2[0.04] G3[0.08] G1[0.07];0.05;0.10;0.00;0.33;0.07;0.00;0.84;0.09;0.0318;0.0132;0
36;36;Agent_11;RL selected stage 3 [GenAI] (deficit bucket: high) → ACCEPTED: G5: G5: IF asset exposure risk is VH AND intervention urgency is VH THEN asset protection 1.0, resource deployment 0.7 (adaptation-born: generative (template), gates G1-G4);3;3;R20[0.02] R26[0.05];0.03;0.04;0.00;0.00;0.00;0.00;0.69;0.09;0.0318;0.0132;0
36;36;Agent_12;RL selected stage 3 [GenAI] (deficit bucket: high) → ACCEPTED: G5: G5: IF asset exposure risk is VH AND intervention urgency is VH THEN asset protection 1.0, resource deployment 0.7 (adaptation-born: generative (template), gates G1-G4);3;3;R20[0.01] A1[0.04] G2[0.02] G3[0.04] G1[0.04] G4[0.04];0.00;0.00;0.00;0.00;0.00;0.00;0.66;0.09;0.0318;0.0132;0
36;36;Agent_1;orders came from the seed rule base (rules as-is);0;0;R11[0.23] R15[0.23] R20[0.20] R26[0.34] A1[0.18] G2[0.18];0.34;0.73;0.16;0.90;0.59;0.41;0.67;0.74;0.0318;0.0132;1
36;36;Agent_2;orders came from the seed rule base (rules as-is);0;0;R11[0.23] R15[0.09] R20[0.06] R26[0.09] A1[0.06] G2[0.06];0.09;0.39;0.06;0.32;0.35;0.29;0.86;0.93;0.0318;0.0132;1
36;36;Agent_3;orders came from the seed rule base (rules as-is);0;0;R20[0.05] R26[0.07] A1[0.08] G2[0.04] G3[0.08] G1[0.08];0.11;0.24;0.00;0.37;0.07;0.00;0.78;0.87;0.0318;0.0132;1
36;36;Agent_4;orders came from the seed rule base (rules as-is);0;0;R20[0.41] R26[0.36] A1[0.78] G2[0.35] G3[0.30] G1[0.12];0.51;0.78;0.00;0.91;0.64;0.00;0.94;0.72;0.0318;0.0132;1
36;36;Agent_5;orders came from the seed rule base (rules as-is);0;0;R11[0.23] R15[0.05] R20[0.04] R26[0.05] A1[0.08] G2[0.08];0.04;0.22;0.03;0.39;0.36;0.26;0.85;0.24;0.0318;0.0132;0
36;36;Agent_6;orders came from the seed rule base (rules as-is);0;0;R20[0.04] R26[0.04] A1[0.08] G2[0.04] G3[0.08] G1[0.08];0.09;0.19;0.00;0.35;0.07;0.00;0.78;0.22;0.0318;0.0132;1
36;36;Agent_7;orders came from the seed rule base (rules as-is);0;0;R20[0.13] R26[0.28] A1[0.08] G2[0.04] G3[0.08] G1[0.08];0.32;0.50;0.00;0.39;0.07;0.00;0.82;0.25;0.0318;0.0132;1
36;36;Agent_8;orders came from the seed rule base (rules as-is);0;0;R20[0.09] R26[0.05] A1[0.24] G2[0.11] G3[0.24] G1[0.22];0.18;0.45;0.00;0.89;0.22;0.00;0.86;0.32;0.0318;0.0132;1
36;36;Agent_9;orders came from the seed rule base (rules as-is);0;0;R20[0.09] R26[0.19] A1[0.11] G2[0.05] G3[0.11] G5[0.09];0.19;0.39;0.00;0.34;0.10;0.00;0.78;0.09;0.0318;0.0132;1
36;36;Agent_10;orders came from the seed rule base (rules as-is);0;0;R20[0.03] R26[0.03] A1[0.08] G2[0.04] G3[0.08] G1[0.07];0.05;0.10;0.00;0.33;0.07;0.00;0.84;0.09;0.0318;0.0132;0
36;36;Agent_11;orders came from the seed rule base (rules as-is);0;0;R20[0.02] R26[0.05];0.03;0.04;0.00;0.00;0.00;0.00;0.69;0.09;0.0318;0.0132;0
36;36;Agent_12;orders came from the seed rule base (rules as-is);0;0;R20[0.01] A1[0.04] G2[0.02] G3[0.04] G1[0.04] G4[0.04];0.00;0.00;0.00;0.00;0.00;0.00;0.66;0.09;0.0318;0.0132;0
36;36;Agent_1;orders came from the seed rule base (rules as-is);0;0;R11[0.23] R15[0.23] R20[0.20] R26[0.34] A1[0.18] G2[0.18];0.34;0.73;0.16;0.90;0.59;0.41;0.67;0.74;0.0318;0.0132;1
36;36;Agent_2;orders came from the seed rule base (rules as-is);0;0;R11[0.23] R15[0.09] R20[0.06] R26[0.09] A1[0.06] G2[0.06];0.09;0.39;0.06;0.32;0.35;0.29;0.86;0.93;0.0318;0.0132;1
36;36;Agent_3;orders came from the seed rule base (rules as-is);0;0;R20[0.05] R26[0.07] A1[0.08] G2[0.04] G3[0.08] G1[0.08];0.11;0.24;0.00;0.37;0.07;0.00;0.78;0.87;0.0318;0.0132;1
36;36;Agent_4;orders came from the seed rule base (rules as-is);0;0;R20[0.41] R26[0.36] A1[0.78] G2[0.35] G3[0.30] G1[0.12];0.51;0.78;0.00;0.91;0.64;0.00;0.94;0.72;0.0318;0.0132;1
36;36;Agent_5;orders came from the seed rule base (rules as-is);0;0;R11[0.23] R15[0.05] R20[0.04] R26[0.05] A1[0.08] G2[0.08];0.04;0.22;0.03;0.39;0.36;0.26;0.85;0.24;0.0318;0.0132;0
36;36;Agent_6;orders came from the seed rule base (rules as-is);0;0;R20[0.04] R26[0.04] A1[0.08] G2[0.04] G3[0.08] G1[0.08];0.09;0.19;0.00;0.35;0.07;0.00;0.78;0.22;0.0318;0.0132;1
36;36;Agent_7;orders came from the seed rule base (rules as-is);0;0;R20[0.13] R26[0.28] A1[0.08] G2[0.04] G3[0.08] G1[0.08];0.32;0.50;0.00;0.39;0.07;0.00;0.82;0.25;0.0318;0.0132;1
36;36;Agent_8;orders came from the seed rule base (rules as-is);0;0;R20[0.09] R26[0.05] A1[0.24] G2[0.11] G3[0.24] G1[0.22];0.18;0.45;0.00;0.89;0.22;0.00;0.86;0.32;0.0318;0.0132;1
36;36;Agent_9;orders came from the seed rule base (rules as-is);0;0;R20[0.09] R26[0.19] A1[0.11] G2[0.05] G3[0.11] G5[0.09];0.19;0.39;0.00;0.34;0.10;0.00;0.78;0.09;0.0318;0.0132;1
36;36;Agent_10;orders came from the seed rule base (rules as-is);0;0;R20[0.03] R26[0.03] A1[0.08] G2[0.04] G3[0.08] G1[0.07];0.05;0.10;0.00;0.33;0.07;0.00;0.84;0.09;0.0318;0.0132;0
36;36;Agent_11;orders came from the seed rule base (rules as-is);0;0;R20[0.02] R26[0.05];0.03;0.04;0.00;0.00;0.00;0.00;0.69;0.09;0.0318;0.0132;0
36;36;Agent_12;orders came from the seed rule base (rules as-is);0;0;R20[0.01] A1[0.04] G2[0.02] G3[0.04] G1[0.04] G4[0.04];0.00;0.00;0.00;0.00;0.00;0.00;0.66;0.09;0.0318;0.0132;0
37;37;Agent_1;orders came from the seed rule base (rules as-is);0;0;R11[0.23] R15[0.23] R20[0.20] R26[0.34] A1[0.18] G2[0.18];0.34;0.73;0.16;0.90;0.59;0.41;0.67;0.74;0.0319;0.0130;1
37;37;Agent_2;orders came from the seed rule base (rules as-is);0;0;R11[0.23] R15[0.09] R20[0.06] R26[0.09] A1[0.06] G2[0.06];0.09;0.39;0.06;0.32;0.35;0.29;0.86;0.93;0.0319;0.0130;1
37;37;Agent_3;orders came from the seed rule base (rules as-is);0;0;R20[0.05] R26[0.07] A1[0.08] G2[0.04] G3[0.08] G1[0.08];0.11;0.24;0.00;0.37;0.07;0.00;0.78;0.87;0.0319;0.0130;1
37;37;Agent_4;orders came from the seed rule base (rules as-is);0;0;R20[0.41] R26[0.36] A1[0.78] G2[0.35] G3[0.30] G1[0.12];0.51;0.78;0.00;0.91;0.64;0.00;0.94;0.72;0.0319;0.0130;1
37;37;Agent_5;orders came from the seed rule base (rules as-is);0;0;R11[0.23] R15[0.05] R20[0.04] R26[0.05] A1[0.08] G2[0.08];0.04;0.22;0.03;0.39;0.36;0.26;0.85;0.24;0.0319;0.0130;0
37;37;Agent_6;orders came from the seed rule base (rules as-is);0;0;R20[0.04] R26[0.04] A1[0.08] G2[0.04] G3[0.08] G1[0.08];0.09;0.19;0.00;0.35;0.07;0.00;0.78;0.22;0.0319;0.0130;1
37;37;Agent_7;orders came from the seed rule base (rules as-is);0;0;R20[0.13] R26[0.28] A1[0.08] G2[0.04] G3[0.08] G1[0.08];0.32;0.50;0.00;0.39;0.07;0.00;0.82;0.25;0.0319;0.0130;1
37;37;Agent_8;orders came from the seed rule base (rules as-is);0;0;R20[0.09] R26[0.05] A1[0.24] G2[0.11] G3[0.24] G1[0.22];0.18;0.45;0.00;0.89;0.22;0.00;0.86;0.32;0.0319;0.0130;1
37;37;Agent_9;orders came from the seed rule base (rules as-is);0;0;R20[0.09] R26[0.19] A1[0.11] G2[0.05] G3[0.11] G5[0.09];0.19;0.39;0.00;0.34;0.10;0.00;0.78;0.09;0.0319;0.0130;1
37;37;Agent_10;orders came from the seed rule base (rules as-is);0;0;R20[0.03] R26[0.03] A1[0.08] G2[0.04] G3[0.08] G1[0.07];0.05;0.10;0.00;0.33;0.07;0.00;0.84;0.09;0.0319;0.0130;0
37;37;Agent_11;orders came from the seed rule base (rules as-is);0;0;R20[0.02] R26[0.04];0.00;0.00;0.00;0.00;0.00;0.00;0.66;0.09;0.0319;0.0130;0
37;37;Agent_12;orders came from the seed rule base (rules as-is);0;0;R20[0.01] A1[0.04] G2[0.02] G3[0.04] G1[0.04] G4[0.04];0.00;0.00;0.00;0.00;0.00;0.00;0.66;0.09;0.0319;0.0130;0
38;38;Agent_1;orders came from the seed rule base (rules as-is);0;0;R11[0.23] R15[0.23] R20[0.20] R26[0.34] A1[0.18] G2[0.18];0.34;0.73;0.16;0.90;0.59;0.41;0.67;0.74;0.1097;0.1095;1
38;38;Agent_2;orders came from the seed rule base (rules as-is);0;0;R11[0.23] R15[0.09] R20[0.06] R26[0.09] A1[0.06] G2[0.06];0.09;0.39;0.06;0.32;0.35;0.29;0.86;0.93;0.1097;0.1095;1
38;38;Agent_3;orders came from the seed rule base (rules as-is);0;0;R20[0.05] R26[0.07] A1[0.08] G2[0.04] G3[0.08] G1[0.08];0.11;0.24;0.00;0.37;0.07;0.00;0.78;0.87;0.1097;0.1095;1
38;38;Agent_4;orders came from the seed rule base (rules as-is);0;0;R20[0.41] R26[0.36] A1[0.78] G2[0.35] G3[0.30] G1[0.12];0.51;0.78;0.00;0.91;0.64;0.00;0.94;0.72;0.1097;0.1095;1
38;38;Agent_5;orders came from the seed rule base (rules as-is);0;0;R11[0.23] R15[0.05] R20[0.04] R26[0.05] A1[0.08] G2[0.08];0.04;0.22;0.03;0.39;0.36;0.26;0.85;0.24;0.1097;0.1095;0
38;38;Agent_6;orders came from the seed rule base (rules as-is);0;0;R20[0.04] R26[0.04] A1[0.08] G2[0.04] G3[0.08] G1[0.08];0.09;0.19;0.00;0.35;0.07;0.00;0.78;0.22;0.1097;0.1095;1
38;38;Agent_7;orders came from the seed rule base (rules as-is);0;0;R20[0.13] R26[0.28] A1[0.08] G2[0.04] G3[0.08] G1[0.08];0.32;0.50;0.00;0.39;0.07;0.00;0.82;0.25;0.1097;0.1095;1
38;38;Agent_8;orders came from the seed rule base (rules as-is);0;0;R20[0.09] R26[0.05] A1[0.24] G2[0.11] G3[0.24] G1[0.22];0.18;0.45;0.00;0.89;0.22;0.00;0.86;0.32;0.1097;0.1095;1
38;38;Agent_9;orders came from the seed rule base (rules as-is);0;0;R20[0.09] R26[0.19] A1[0.11] G2[0.05] G3[0.11] G5[0.09];0.19;0.39;0.00;0.34;0.10;0.00;0.78;0.09;0.1097;0.1095;1
38;38;Agent_10;orders came from the seed rule base (rules as-is);0;0;R20[0.03] R26[0.03] A1[0.08] G2[0.04] G3[0.08] G1[0.07];0.05;0.10;0.00;0.33;0.07;0.00;0.84;0.09;0.1097;0.1095;0
38;38;Agent_11;orders came from the seed rule base (rules as-is);0;0;R20[0.02] R26[0.03];0.00;0.00;0.00;0.00;0.00;0.00;0.67;0.09;0.1097;0.1095;0
38;38;Agent_12;orders came from the seed rule base (rules as-is);0;0;R20[0.01] A1[0.04] G2[0.02] G3[0.04] G1[0.04] G4[0.04];0.00;0.00;0.00;0.00;0.00;0.00;0.66;0.09;0.1097;0.1095;0
39;39;Agent_1;orders came from the seed rule base (rules as-is);0;0;R11[0.23] R15[0.23] R20[0.20] R26[0.34] A1[0.18] G2[0.18];0.34;0.73;0.16;0.90;0.59;0.41;0.67;0.74;0.0631;0.1114;1
39;39;Agent_2;orders came from the seed rule base (rules as-is);0;0;R11[0.23] R15[0.09] R20[0.06] R26[0.09] A1[0.06] G2[0.06];0.09;0.39;0.06;0.32;0.35;0.29;0.86;0.93;0.0631;0.1114;1
39;39;Agent_3;orders came from the seed rule base (rules as-is);0;0;R20[0.05] R26[0.07] A1[0.08] G2[0.04] G3[0.08] G1[0.08];0.11;0.24;0.00;0.37;0.07;0.00;0.78;0.87;0.0631;0.1114;1
39;39;Agent_4;orders came from the seed rule base (rules as-is);0;0;R20[0.41] R26[0.36] A1[0.78] G2[0.35] G3[0.30] G1[0.12];0.51;0.78;0.00;0.91;0.64;0.00;0.94;0.72;0.0631;0.1114;1
39;39;Agent_5;orders came from the seed rule base (rules as-is);0;0;R11[0.23] R15[0.05] R20[0.04] R26[0.05] A1[0.08] G2[0.08];0.04;0.22;0.03;0.39;0.36;0.26;0.85;0.23;0.0631;0.1114;0
39;39;Agent_6;orders came from the seed rule base (rules as-is);0;0;R20[0.04] R26[0.04] A1[0.08] G2[0.04] G3[0.08] G1[0.08];0.09;0.19;0.00;0.35;0.07;0.00;0.78;0.22;0.0631;0.1114;1
39;39;Agent_7;orders came from the seed rule base (rules as-is);0;0;R20[0.13] R26[0.28] A1[0.08] G2[0.04] G3[0.08] G1[0.08];0.32;0.50;0.00;0.39;0.07;0.00;0.82;0.25;0.0631;0.1114;1
39;39;Agent_8;orders came from the seed rule base (rules as-is);0;0;R20[0.09] R26[0.05] A1[0.24] G2[0.11] G3[0.24] G1[0.22];0.18;0.45;0.00;0.89;0.22;0.00;0.86;0.32;0.0631;0.1114;1
39;39;Agent_9;orders came from the seed rule base (rules as-is);0;0;R20[0.09] R26[0.19] A1[0.11] G2[0.05] G3[0.11] G5[0.09];0.19;0.39;0.00;0.34;0.10;0.00;0.78;0.09;0.0631;0.1114;1
39;39;Agent_10;orders came from the seed rule base (rules as-is);0;0;R20[0.03] R26[0.03] A1[0.08] G2[0.04] G3[0.08] G1[0.07];0.05;0.10;0.00;0.33;0.07;0.00;0.84;0.09;0.0631;0.1114;0
39;39;Agent_11;orders came from the seed rule base (rules as-is);0;0;R20[0.01] R26[0.03];0.00;0.00;0.00;0.00;0.00;0.00;0.67;0.09;0.0631;0.1114;0
39;39;Agent_12;orders came from the seed rule base (rules as-is);0;0;R20[0.01] A1[0.04] G2[0.02] G3[0.04] G1[0.04] G4[0.04];0.00;0.00;0.00;0.00;0.00;0.00;0.66;0.09;0.0631;0.1114;0
39;39;Agent_1;orders came from the seed rule base (rules as-is);0;0;R11[0.23] R15[0.23] R20[0.20] R26[0.34] A1[0.18] G2[0.18];0.34;0.73;0.16;0.90;0.59;0.41;0.67;0.74;0.0631;0.1114;1
39;39;Agent_2;orders came from the seed rule base (rules as-is);0;0;R11[0.23] R15[0.09] R20[0.06] R26[0.09] A1[0.06] G2[0.06];0.09;0.39;0.06;0.32;0.35;0.29;0.86;0.93;0.0631;0.1114;1
39;39;Agent_3;orders came from the seed rule base (rules as-is);0;0;R20[0.05] R26[0.07] A1[0.08] G2[0.04] G3[0.08] G1[0.08];0.11;0.24;0.00;0.37;0.07;0.00;0.78;0.87;0.0631;0.1114;1
39;39;Agent_4;orders came from the seed rule base (rules as-is);0;0;R20[0.41] R26[0.36] A1[0.78] G2[0.35] G3[0.30] G1[0.12];0.51;0.78;0.00;0.91;0.64;0.00;0.94;0.72;0.0631;0.1114;1
39;39;Agent_5;orders came from the seed rule base (rules as-is);0;0;R11[0.23] R15[0.05] R20[0.04] R26[0.05] A1[0.08] G2[0.08];0.04;0.22;0.03;0.39;0.36;0.26;0.85;0.23;0.0631;0.1114;0
39;39;Agent_6;orders came from the seed rule base (rules as-is);0;0;R20[0.04] R26[0.04] A1[0.08] G2[0.04] G3[0.08] G1[0.08];0.09;0.19;0.00;0.35;0.07;0.00;0.78;0.22;0.0631;0.1114;1
39;39;Agent_7;orders came from the seed rule base (rules as-is);0;0;R20[0.13] R26[0.28] A1[0.08] G2[0.04] G3[0.08] G1[0.08];0.32;0.50;0.00;0.39;0.07;0.00;0.82;0.25;0.0631;0.1114;1
39;39;Agent_8;orders came from the seed rule base (rules as-is);0;0;R20[0.09] R26[0.05] A1[0.24] G2[0.11] G3[0.24] G1[0.22];0.18;0.45;0.00;0.89;0.22;0.00;0.86;0.32;0.0631;0.1114;1
39;39;Agent_9;orders came from the seed rule base (rules as-is);0;0;R20[0.09] R26[0.19] A1[0.11] G2[0.05] G3[0.11] G5[0.09];0.19;0.39;0.00;0.34;0.10;0.00;0.78;0.09;0.0631;0.1114;1
39;39;Agent_10;orders came from the seed rule base (rules as-is);0;0;R20[0.03] R26[0.03] A1[0.08] G2[0.04] G3[0.08] G1[0.07];0.05;0.10;0.00;0.33;0.07;0.00;0.84;0.09;0.0631;0.1114;0
39;39;Agent_11;orders came from the seed rule base (rules as-is);0;0;R20[0.01] R26[0.03];0.00;0.00;0.00;0.00;0.00;0.00;0.67;0.09;0.0631;0.1114;0
39;39;Agent_12;orders came from the seed rule base (rules as-is);0;0;R20[0.01] A1[0.04] G2[0.02] G3[0.04] G1[0.04] G4[0.04];0.00;0.00;0.00;0.00;0.00;0.00;0.66;0.09;0.0631;0.1114;0
39;39;Agent_1;orders came from the seed rule base (rules as-is);0;0;R11[0.23] R15[0.23] R20[0.20] R26[0.34] A1[0.18] G2[0.18];0.34;0.73;0.16;0.90;0.59;0.41;0.67;0.74;0.0631;0.1114;1
39;39;Agent_2;orders came from the seed rule base (rules as-is);0;0;R11[0.23] R15[0.09] R20[0.06] R26[0.09] A1[0.06] G2[0.06];0.09;0.39;0.06;0.32;0.35;0.29;0.86;0.93;0.0631;0.1114;1
39;39;Agent_3;orders came from the seed rule base (rules as-is);0;0;R20[0.05] R26[0.07] A1[0.08] G2[0.04] G3[0.08] G1[0.08];0.11;0.24;0.00;0.37;0.07;0.00;0.78;0.87;0.0631;0.1114;1
39;39;Agent_4;orders came from the seed rule base (rules as-is);0;0;R20[0.41] R26[0.36] A1[0.78] G2[0.35] G3[0.30] G1[0.12];0.51;0.78;0.00;0.91;0.64;0.00;0.94;0.72;0.0631;0.1114;1
39;39;Agent_5;orders came from the seed rule base (rules as-is);0;0;R11[0.23] R15[0.05] R20[0.04] R26[0.05] A1[0.08] G2[0.08];0.04;0.22;0.03;0.39;0.36;0.26;0.85;0.23;0.0631;0.1114;0
39;39;Agent_6;orders came from the seed rule base (rules as-is);0;0;R20[0.04] R26[0.04] A1[0.08] G2[0.04] G3[0.08] G1[0.08];0.09;0.19;0.00;0.35;0.07;0.00;0.78;0.22;0.0631;0.1114;1
39;39;Agent_7;orders came from the seed rule base (rules as-is);0;0;R20[0.13] R26[0.28] A1[0.08] G2[0.04] G3[0.08] G1[0.08];0.32;0.50;0.00;0.39;0.07;0.00;0.82;0.25;0.0631;0.1114;1
39;39;Agent_8;orders came from the seed rule base (rules as-is);0;0;R20[0.09] R26[0.05] A1[0.24] G2[0.11] G3[0.24] G1[0.22];0.18;0.45;0.00;0.89;0.22;0.00;0.86;0.32;0.0631;0.1114;1
39;39;Agent_9;orders came from the seed rule base (rules as-is);0;0;R20[0.09] R26[0.19] A1[0.11] G2[0.05] G3[0.11] G5[0.09];0.19;0.39;0.00;0.34;0.10;0.00;0.78;0.09;0.0631;0.1114;1
39;39;Agent_10;orders came from the seed rule base (rules as-is);0;0;R20[0.03] R26[0.03] A1[0.08] G2[0.04] G3[0.08] G1[0.07];0.05;0.10;0.00;0.33;0.07;0.00;0.84;0.09;0.0631;0.1114;0
39;39;Agent_11;orders came from the seed rule base (rules as-is);0;0;R20[0.01] R26[0.03];0.00;0.00;0.00;0.00;0.00;0.00;0.67;0.09;0.0631;0.1114;0
39;39;Agent_12;orders came from the seed rule base (rules as-is);0;0;R20[0.01] A1[0.04] G2[0.02] G3[0.04] G1[0.04] G4[0.04];0.00;0.00;0.00;0.00;0.00;0.00;0.66;0.09;0.0631;0.1114;0
40;40;Agent_1;orders came from the seed rule base (rules as-is);0;0;R11[0.23] R15[0.23] R20[0.20] R26[0.34] A1[0.18] G2[0.18];0.34;0.73;0.16;0.90;0.59;0.41;0.69;0.74;0.0413;0.1125;1
40;40;Agent_2;orders came from the seed rule base (rules as-is);0;0;R11[0.23] R15[0.09] R20[0.06] R26[0.09] A1[0.06] G2[0.06];0.09;0.39;0.06;0.32;0.35;0.29;0.86;0.93;0.0413;0.1125;1
40;40;Agent_3;orders came from the seed rule base (rules as-is);0;0;R20[0.05] R26[0.07] A1[0.08] G2[0.04] G3[0.08] G1[0.08];0.11;0.24;0.00;0.37;0.07;0.00;0.78;0.87;0.0413;0.1125;1
40;40;Agent_4;orders came from the seed rule base (rules as-is);0;0;R20[0.49] R26[0.57] A1[0.78] G2[0.35] G3[0.28] G1[0.03];0.61;0.81;0.00;0.92;0.64;0.00;0.93;0.72;0.0413;0.1125;1
40;40;Agent_5;orders came from the seed rule base (rules as-is);0;0;R11[0.23] R15[0.05] R20[0.04] R26[0.05] A1[0.08] G2[0.08];0.04;0.22;0.03;0.39;0.36;0.26;0.85;0.23;0.0413;0.1125;0
40;40;Agent_6;orders came from the seed rule base (rules as-is);0;0;R20[0.07] R26[0.11] A1[0.08] G2[0.04] G3[0.08] G1[0.08];0.15;0.29;0.00;0.38;0.07;0.00;0.79;0.22;0.0413;0.1125;1
40;40;Agent_7;orders came from the seed rule base (rules as-is);0;0;R20[0.13] R26[0.28] A1[0.08] G2[0.04] G3[0.08] G1[0.08];0.32;0.50;0.00;0.39;0.07;0.00;0.82;0.25;0.0413;0.1125;1
40;40;Agent_8;orders came from the seed rule base (rules as-is);0;0;R20[0.13] R26[0.14] A1[0.24] G2[0.11] G3[0.24] G1[0.18];0.27;0.58;0.00;0.90;0.22;0.00;0.84;0.32;0.0413;0.1125;1
40;40;Agent_9;orders came from the seed rule base (rules as-is);0;0;R20[0.09] R26[0.18] A1[0.11] G2[0.05] G3[0.11] G5[0.09];0.18;0.39;0.00;0.34;0.10;0.00;0.78;0.09;0.0413;0.1125;1
40;40;Agent_10;orders came from the seed rule base (rules as-is);0;0;R20[0.03] R26[0.03] A1[0.08] G2[0.04] G3[0.08] G1[0.07];0.05;0.10;0.00;0.33;0.07;0.00;0.84;0.09;0.0413;0.1125;0
40;40;Agent_11;orders came from the seed rule base (rules as-is);0;0;R20[0.03] R26[0.06] A1[0.08] G2[0.03] G3[0.08] G1[0.04];0.06;0.11;0.00;0.30;0.07;0.00;0.79;0.09;0.0413;0.1125;0
40;40;Agent_12;orders came from the seed rule base (rules as-is);0;0;R20[0.01] A1[0.12] G2[0.05] G3[0.12] G1[0.06] G4[0.12];0.05;0.09;0.00;0.43;0.11;0.00;0.81;0.09;0.0413;0.1125;0
41;41;Agent_1;orders came from the seed rule base (rules as-is);0;0;R11[0.23] R15[0.23] R20[0.20] R26[0.34] A1[0.18] G2[0.18];0.34;0.73;0.16;0.90;0.59;0.41;0.69;0.74;0.0409;0.1123;1
41;41;Agent_2;orders came from the seed rule base (rules as-is);0;0;R11[0.23] R15[0.09] R20[0.06] R26[0.09] A1[0.06] G2[0.06];0.09;0.39;0.06;0.32;0.35;0.29;0.86;0.93;0.0409;0.1123;1
41;41;Agent_3;orders came from the seed rule base (rules as-is);0;0;R20[0.05] R26[0.07] A1[0.08] G2[0.04] G3[0.08] G1[0.08];0.11;0.24;0.00;0.37;0.07;0.00;0.78;0.87;0.0409;0.1123;1
41;41;Agent_4;orders came from the seed rule base (rules as-is);0;0;R20[0.51] R26[0.62] A1[0.77] G2[0.35] G3[0.27] G4[0.02];0.63;0.81;0.00;0.92;0.64;0.00;0.93;0.72;0.0409;0.1123;1
41;41;Agent_5;orders came from the seed rule base (rules as-is);0;0;R11[0.23] R15[0.05] R20[0.04] R26[0.05] A1[0.08] G2[0.08];0.04;0.22;0.03;0.39;0.36;0.26;0.85;0.23;0.0409;0.1123;0
41;41;Agent_6;orders came from the seed rule base (rules as-is);0;0;R20[0.08] R26[0.16] A1[0.08] G2[0.04] G3[0.08] G1[0.08];0.20;0.35;0.00;0.39;0.07;0.00;0.81;0.22;0.0409;0.1123;1
41;41;Agent_7;orders came from the seed rule base (rules as-is);0;0;R20[0.13] R26[0.28] A1[0.08] G2[0.04] G3[0.08] G1[0.08];0.32;0.50;0.00;0.39;0.07;0.00;0.82;0.25;0.0409;0.1123;1
41;41;Agent_8;orders came from the seed rule base (rules as-is);0;0;R20[0.15] R26[0.20] A1[0.24] G2[0.11] G3[0.23] G1[0.16];0.33;0.65;0.00;0.90;0.22;0.00;0.83;0.32;0.0409;0.1123;1
41;41;Agent_9;orders came from the seed rule base (rules as-is);0;0;R20[0.09] R26[0.18] A1[0.11] G2[0.05] G3[0.11] G5[0.09];0.18;0.38;0.00;0.33;0.10;0.00;0.78;0.09;0.0409;0.1123;1
41;41;Agent_10;orders came from the seed rule base (rules as-is);0;0;R20[0.03] R26[0.03] A1[0.08] G2[0.04] G3[0.08] G1[0.07];0.05;0.10;0.00;0.33;0.07;0.00;0.84;0.09;0.0409;0.1123;0
41;41;Agent_11;orders came from the seed rule base (rules as-is);0;0;R20[0.04] R26[0.08] A1[0.08] G2[0.04] G3[0.08] G1[0.04];0.08;0.13;0.00;0.31;0.07;0.00;0.80;0.09;0.0409;0.1123;0
41;41;Agent_12;orders came from the seed rule base (rules as-is);0;0;R20[0.02] R26[0.01] A1[0.12] G2[0.05] G3[0.12] G1[0.06];0.05;0.10;0.00;0.44;0.11;0.00;0.82;0.09;0.0409;0.1123;0
41;41;Agent_1;orders came from the seed rule base (rules as-is);0;0;R11[0.23] R15[0.23] R20[0.20] R26[0.34] A1[0.18] G2[0.18];0.34;0.73;0.16;0.90;0.59;0.41;0.69;0.74;0.0409;0.1123;1
41;41;Agent_2;orders came from the seed rule base (rules as-is);0;0;R11[0.23] R15[0.09] R20[0.06] R26[0.09] A1[0.06] G2[0.06];0.09;0.39;0.06;0.32;0.35;0.29;0.86;0.93;0.0409;0.1123;1
41;41;Agent_3;orders came from the seed rule base (rules as-is);0;0;R20[0.05] R26[0.07] A1[0.08] G2[0.04] G3[0.08] G1[0.08];0.11;0.24;0.00;0.37;0.07;0.00;0.78;0.87;0.0409;0.1123;1
41;41;Agent_4;orders came from the seed rule base (rules as-is);0;0;R20[0.51] R26[0.62] A1[0.77] G2[0.35] G3[0.27] G4[0.02];0.63;0.81;0.00;0.92;0.64;0.00;0.93;0.72;0.0409;0.1123;1
41;41;Agent_5;orders came from the seed rule base (rules as-is);0;0;R11[0.23] R15[0.05] R20[0.04] R26[0.05] A1[0.08] G2[0.08];0.04;0.22;0.03;0.39;0.36;0.26;0.85;0.23;0.0409;0.1123;0
41;41;Agent_6;orders came from the seed rule base (rules as-is);0;0;R20[0.08] R26[0.16] A1[0.08] G2[0.04] G3[0.08] G1[0.08];0.20;0.35;0.00;0.39;0.07;0.00;0.81;0.22;0.0409;0.1123;1
41;41;Agent_7;orders came from the seed rule base (rules as-is);0;0;R20[0.13] R26[0.28] A1[0.08] G2[0.04] G3[0.08] G1[0.08];0.32;0.50;0.00;0.39;0.07;0.00;0.82;0.25;0.0409;0.1123;1
41;41;Agent_8;orders came from the seed rule base (rules as-is);0;0;R20[0.15] R26[0.20] A1[0.24] G2[0.11] G3[0.23] G1[0.16];0.33;0.65;0.00;0.90;0.22;0.00;0.83;0.32;0.0409;0.1123;1
41;41;Agent_9;orders came from the seed rule base (rules as-is);0;0;R20[0.09] R26[0.18] A1[0.11] G2[0.05] G3[0.11] G5[0.09];0.18;0.38;0.00;0.33;0.10;0.00;0.78;0.09;0.0409;0.1123;1
41;41;Agent_10;orders came from the seed rule base (rules as-is);0;0;R20[0.03] R26[0.03] A1[0.08] G2[0.04] G3[0.08] G1[0.07];0.05;0.10;0.00;0.33;0.07;0.00;0.84;0.09;0.0409;0.1123;0
41;41;Agent_11;orders came from the seed rule base (rules as-is);0;0;R20[0.04] R26[0.08] A1[0.08] G2[0.04] G3[0.08] G1[0.04];0.08;0.13;0.00;0.31;0.07;0.00;0.80;0.09;0.0409;0.1123;0
41;41;Agent_12;orders came from the seed rule base (rules as-is);0;0;R20[0.02] R26[0.01] A1[0.12] G2[0.05] G3[0.12] G1[0.06];0.05;0.10;0.00;0.44;0.11;0.00;0.82;0.09;0.0409;0.1123;0
41;41;Agent_1;orders came from the seed rule base (rules as-is);0;0;R11[0.23] R15[0.23] R20[0.20] R26[0.34] A1[0.18] G2[0.18];0.34;0.73;0.16;0.90;0.59;0.41;0.69;0.74;0.0409;0.1123;1
41;41;Agent_2;orders came from the seed rule base (rules as-is);0;0;R11[0.23] R15[0.09] R20[0.06] R26[0.09] A1[0.06] G2[0.06];0.09;0.39;0.06;0.32;0.35;0.29;0.86;0.93;0.0409;0.1123;1
41;41;Agent_3;orders came from the seed rule base (rules as-is);0;0;R20[0.05] R26[0.07] A1[0.08] G2[0.04] G3[0.08] G1[0.08];0.11;0.24;0.00;0.37;0.07;0.00;0.78;0.87;0.0409;0.1123;1
41;41;Agent_4;orders came from the seed rule base (rules as-is);0;0;R20[0.51] R26[0.62] A1[0.77] G2[0.35] G3[0.27] G4[0.02];0.63;0.81;0.00;0.92;0.64;0.00;0.93;0.72;0.0409;0.1123;1
41;41;Agent_5;orders came from the seed rule base (rules as-is);0;0;R11[0.23] R15[0.05] R20[0.04] R26[0.05] A1[0.08] G2[0.08];0.04;0.22;0.03;0.39;0.36;0.26;0.85;0.23;0.0409;0.1123;0
41;41;Agent_6;orders came from the seed rule base (rules as-is);0;0;R20[0.08] R26[0.16] A1[0.08] G2[0.04] G3[0.08] G1[0.08];0.20;0.35;0.00;0.39;0.07;0.00;0.81;0.22;0.0409;0.1123;1
41;41;Agent_7;orders came from the seed rule base (rules as-is);0;0;R20[0.13] R26[0.28] A1[0.08] G2[0.04] G3[0.08] G1[0.08];0.32;0.50;0.00;0.39;0.07;0.00;0.82;0.25;0.0409;0.1123;1
41;41;Agent_8;orders came from the seed rule base (rules as-is);0;0;R20[0.15] R26[0.20] A1[0.24] G2[0.11] G3[0.23] G1[0.16];0.33;0.65;0.00;0.90;0.22;0.00;0.83;0.32;0.0409;0.1123;1
41;41;Agent_9;orders came from the seed rule base (rules as-is);0;0;R20[0.09] R26[0.18] A1[0.11] G2[0.05] G3[0.11] G5[0.09];0.18;0.38;0.00;0.33;0.10;0.00;0.78;0.09;0.0409;0.1123;1
41;41;Agent_10;orders came from the seed rule base (rules as-is);0;0;R20[0.03] R26[0.03] A1[0.08] G2[0.04] G3[0.08] G1[0.07];0.05;0.10;0.00;0.33;0.07;0.00;0.84;0.09;0.0409;0.1123;0
41;41;Agent_11;orders came from the seed rule base (rules as-is);0;0;R20[0.04] R26[0.08] A1[0.08] G2[0.04] G3[0.08] G1[0.04];0.08;0.13;0.00;0.31;0.07;0.00;0.80;0.09;0.0409;0.1123;0
41;41;Agent_12;orders came from the seed rule base (rules as-is);0;0;R20[0.02] R26[0.01] A1[0.12] G2[0.05] G3[0.12] G1[0.06];0.05;0.10;0.00;0.44;0.11;0.00;0.82;0.09;0.0409;0.1123;0
42;42;Agent_1;orders came from the seed rule base (rules as-is);0;0;R11[0.23] R15[0.23] R20[0.20] R26[0.34] A1[0.18] G2[0.18];0.34;0.73;0.16;0.90;0.59;0.41;0.69;0.74;0.0392;0.1115;1
42;42;Agent_2;orders came from the seed rule base (rules as-is);0;0;R11[0.23] R15[0.09] R20[0.06] R26[0.09] A1[0.06] G2[0.06];0.09;0.39;0.06;0.32;0.35;0.29;0.86;0.93;0.0392;0.1115;1
42;42;Agent_3;orders came from the seed rule base (rules as-is);0;0;R20[0.05] R26[0.07] A1[0.08] G2[0.04] G3[0.08] G1[0.08];0.11;0.24;0.00;0.37;0.07;0.00;0.78;0.87;0.0392;0.1115;1
42;42;Agent_4;orders came from the seed rule base (rules as-is);0;0;R20[0.51] R26[0.64] A1[0.76] G2[0.34] G3[0.27] G5[0.51];0.64;0.82;0.00;0.92;0.64;0.00;0.92;0.72;0.0392;0.1115;1
42;42;Agent_5;orders came from the seed rule base (rules as-is);0;0;R11[0.23] R15[0.05] R20[0.04] R26[0.05] A1[0.08] G2[0.08];0.04;0.22;0.03;0.39;0.36;0.26;0.85;0.23;0.0392;0.1115;0
42;42;Agent_6;orders came from the seed rule base (rules as-is);0;0;R20[0.10] R26[0.19] A1[0.08] G2[0.04] G3[0.08] G1[0.08];0.23;0.39;0.00;0.39;0.07;0.00;0.81;0.22;0.0392;0.1115;1
42;42;Agent_7;orders came from the seed rule base (rules as-is);0;0;R20[0.13] R26[0.28] A1[0.08] G2[0.04] G3[0.08] G1[0.08];0.32;0.50;0.00;0.39;0.07;0.00;0.82;0.25;0.0392;0.1115;1
42;42;Agent_8;orders came from the seed rule base (rules as-is);0;0;R20[0.16] R26[0.24] A1[0.24] G2[0.11] G3[0.23] G1[0.14];0.37;0.69;0.00;0.90;0.22;0.00;0.82;0.32;0.0392;0.1115;1
42;42;Agent_9;orders came from the seed rule base (rules as-is);0;0;R20[0.09] R26[0.18] A1[0.11] G2[0.05] G3[0.11] G5[0.09];0.18;0.38;0.00;0.33;0.10;0.00;0.78;0.09;0.0392;0.1115;1
42;42;Agent_10;orders came from the seed rule base (rules as-is);0;0;R20[0.03] R26[0.03] A1[0.08] G2[0.04] G3[0.08] G1[0.07];0.05;0.10;0.00;0.33;0.07;0.00;0.84;0.09;0.0392;0.1115;0
42;42;Agent_11;orders came from the seed rule base (rules as-is);0;0;R20[0.05] R26[0.10] A1[0.08] G2[0.04] G3[0.08] G1[0.03];0.09;0.15;0.00;0.31;0.07;0.00;0.80;0.09;0.0392;0.1115;0
42;42;Agent_12;orders came from the seed rule base (rules as-is);0;0;R20[0.02] R26[0.02] A1[0.12] G2[0.05] G3[0.12] G1[0.06];0.05;0.10;0.00;0.44;0.11;0.00;0.82;0.09;0.0392;0.1115;0
43;43;Agent_1;orders came from the seed rule base (rules as-is);0;0;R11[0.23] R15[0.23] R20[0.20] R26[0.34] A1[0.18] G2[0.18];0.34;0.73;0.16;0.90;0.59;0.41;0.69;0.74;0.0390;0.1130;1
43;43;Agent_2;orders came from the seed rule base (rules as-is);0;0;R11[0.23] R15[0.09] R20[0.06] R26[0.09] A1[0.06] G2[0.06];0.09;0.39;0.06;0.32;0.35;0.29;0.86;0.93;0.0390;0.1130;1
43;43;Agent_3;orders came from the seed rule base (rules as-is);0;0;R20[0.05] R26[0.07] A1[0.08] G2[0.04] G3[0.08] G1[0.08];0.11;0.24;0.00;0.37;0.07;0.00;0.78;0.87;0.0390;0.1130;1
43;43;Agent_4;orders came from the seed rule base (rules as-is);0;0;R20[0.51] R26[0.64] A1[0.75] G2[0.34] G3[0.27] G5[0.51];0.64;0.82;0.00;0.92;0.64;0.00;0.92;0.72;0.0390;0.1130;1
43;43;Agent_5;orders came from the seed rule base (rules as-is);0;0;R11[0.23] R15[0.05] R20[0.04] R26[0.05] A1[0.08] G2[0.08];0.04;0.22;0.03;0.39;0.36;0.26;0.85;0.23;0.0390;0.1130;0
43;43;Agent_6;orders came from the seed rule base (rules as-is);0;0;R20[0.11] R26[0.21] A1[0.08] G2[0.04] G3[0.08] G1[0.08];0.26;0.42;0.00;0.39;0.07;0.00;0.81;0.22;0.0390;0.1130;1
43;43;Agent_7;orders came from the seed rule base (rules as-is);0;0;R20[0.13] R26[0.28] A1[0.08] G2[0.04] G3[0.08] G1[0.08];0.32;0.50;0.00;0.39;0.07;0.00;0.82;0.25;0.0390;0.1130;1
43;43;Agent_8;orders came from the seed rule base (rules as-is);0;0;R20[0.17] R26[0.26] A1[0.24] G2[0.11] G3[0.22] G1[0.13];0.39;0.72;0.00;0.90;0.22;0.00;0.81;0.32;0.0390;0.1130;1
43;43;Agent_9;orders came from the seed rule base (rules as-is);0;0;R20[0.09] R26[0.18] A1[0.11] G2[0.05] G3[0.11] G5[0.09];0.18;0.38;0.00;0.33;0.10;0.00;0.78;0.09;0.0390;0.1130;1
43;43;Agent_10;orders came from the seed rule base (rules as-is);0;0;R20[0.03] R26[0.03] A1[0.08] G2[0.04] G3[0.08] G1[0.07];0.05;0.09;0.00;0.33;0.07;0.00;0.84;0.09;0.0390;0.1130;0
43;43;Agent_11;orders came from the seed rule base (rules as-is);0;0;R20[0.05] R26[0.11] A1[0.08] G2[0.04] G3[0.08] G1[0.02];0.09;0.16;0.00;0.30;0.07;0.00;0.80;0.09;0.0390;0.1130;0
43;43;Agent_12;orders came from the seed rule base (rules as-is);0;0;R20[0.02] R26[0.02] A1[0.12] G2[0.05] G3[0.12] G1[0.06];0.05;0.10;0.00;0.44;0.11;0.00;0.82;0.09;0.0390;0.1130;0
44;44;Agent_1;orders came from the seed rule base (rules as-is);0;0;R11[0.23] R15[0.23] R20[0.20] R26[0.34] A1[0.18] G2[0.18];0.34;0.73;0.16;0.90;0.59;0.41;0.69;0.74;0.0390;0.1115;1
44;44;Agent_2;orders came from the seed rule base (rules as-is);0;0;R11[0.23] R15[0.09] R20[0.06] R26[0.09] A1[0.06] G2[0.06];0.09;0.39;0.06;0.32;0.35;0.29;0.86;0.93;0.0390;0.1115;1
44;44;Agent_3;orders came from the seed rule base (rules as-is);0;0;R20[0.05] R26[0.07] A1[0.08] G2[0.04] G3[0.08] G1[0.08];0.11;0.24;0.00;0.37;0.07;0.00;0.78;0.87;0.0390;0.1115;1
44;44;Agent_4;orders came from the seed rule base (rules as-is);0;0;R20[0.51] R26[0.64] A1[0.74] G2[0.33] G3[0.27] G5[0.51];0.64;0.82;0.00;0.92;0.64;0.00;0.92;0.72;0.0390;0.1115;1
44;44;Agent_5;orders came from the seed rule base (rules as-is);0;0;R11[0.23] R15[0.05] R20[0.04] R26[0.05] A1[0.08] G2[0.08];0.04;0.22;0.03;0.39;0.36;0.26;0.85;0.23;0.0390;0.1115;0
44;44;Agent_6;orders came from the seed rule base (rules as-is);0;0;R20[0.11] R26[0.23] A1[0.08] G2[0.04] G3[0.08] G1[0.08];0.27;0.44;0.00;0.39;0.07;0.00;0.81;0.22;0.0390;0.1115;1
44;44;Agent_7;orders came from the seed rule base (rules as-is);0;0;R20[0.13] R26[0.28] A1[0.08] G2[0.04] G3[0.08] G1[0.08];0.32;0.50;0.00;0.39;0.07;0.00;0.82;0.25;0.0390;0.1115;1
44;44;Agent_8;orders came from the seed rule base (rules as-is);0;0;R20[0.18] R26[0.27] A1[0.24] G2[0.11] G3[0.22] G1[0.13];0.39;0.73;0.00;0.90;0.22;0.00;0.81;0.31;0.0390;0.1115;1
44;44;Agent_9;orders came from the seed rule base (rules as-is);0;0;R20[0.09] R26[0.18] A1[0.11] G2[0.05] G3[0.11] G5[0.09];0.18;0.38;0.00;0.33;0.10;0.00;0.78;0.09;0.0390;0.1115;1
44;44;Agent_10;orders came from the seed rule base (rules as-is);0;0;R20[0.03] R26[0.03] A1[0.08] G2[0.04] G3[0.08] G1[0.07];0.04;0.09;0.00;0.33;0.07;0.00;0.84;0.09;0.0390;0.1115;0
44;44;Agent_11;orders came from the seed rule base (rules as-is);0;0;R20[0.06] R26[0.12] A1[0.08] G2[0.04] G3[0.08] G1[0.02];0.10;0.18;0.00;0.29;0.07;0.00;0.80;0.09;0.0390;0.1115;0
44;44;Agent_12;orders came from the seed rule base (rules as-is);0;0;R20[0.02] R26[0.02] A1[0.12] G2[0.05] G3[0.12] G1[0.06];0.05;0.11;0.00;0.44;0.11;0.00;0.82;0.09;0.0390;0.1115;0
45;45;Agent_1;orders came from the seed rule base (rules as-is);0;0;R11[0.23] R15[0.23] R20[0.20] R26[0.34] A1[0.18] G2[0.18];0.34;0.73;0.16;0.90;0.59;0.41;0.69;0.74;0.0387;0.1111;1
45;45;Agent_2;orders came from the seed rule base (rules as-is);0;0;R11[0.23] R15[0.09] R20[0.06] R26[0.09] A1[0.06] G2[0.06];0.09;0.39;0.06;0.32;0.35;0.29;0.86;0.93;0.0387;0.1111;1
45;45;Agent_3;orders came from the seed rule base (rules as-is);0;0;R20[0.05] R26[0.07] A1[0.08] G2[0.04] G3[0.08] G1[0.08];0.11;0.24;0.00;0.37;0.07;0.00;0.78;0.87;0.0387;0.1111;1
45;45;Agent_4;orders came from the seed rule base (rules as-is);0;0;R20[0.50] R26[0.64] A1[0.72] G2[0.33] G3[0.27] G5[0.50];0.64;0.82;0.00;0.92;0.64;0.00;0.92;0.72;0.0387;0.1111;1
45;45;Agent_5;orders came from the seed rule base (rules as-is);0;0;R11[0.23] R15[0.05] R20[0.04] R26[0.05] A1[0.08] G2[0.08];0.04;0.22;0.03;0.39;0.36;0.26;0.85;0.23;0.0387;0.1111;0
45;45;Agent_6;orders came from the seed rule base (rules as-is);0;0;R20[0.12] R26[0.24] A1[0.08] G2[0.04] G3[0.08] G1[0.08];0.28;0.45;0.00;0.39;0.07;0.00;0.80;0.22;0.0387;0.1111;1
45;45;Agent_7;orders came from the seed rule base (rules as-is);0;0;R20[0.13] R26[0.28] A1[0.08] G2[0.04] G3[0.08] G1[0.08];0.32;0.50;0.00;0.39;0.07;0.00;0.82;0.25;0.0387;0.1111;1
45;45;Agent_8;orders came from the seed rule base (rules as-is);0;0;R20[0.18] R26[0.28] A1[0.24] G2[0.11] G3[0.22] G1[0.12];0.40;0.74;0.00;0.90;0.22;0.00;0.81;0.31;0.0387;0.1111;1
45;45;Agent_9;orders came from the seed rule base (rules as-is);0;0;R20[0.09] R26[0.18] A1[0.11] G2[0.05] G3[0.11] G5[0.09];0.18;0.38;0.00;0.33;0.10;0.00;0.78;0.09;0.0387;0.1111;1
45;45;Agent_10;orders came from the seed rule base (rules as-is);0;0;R20[0.03] R26[0.03] A1[0.08] G2[0.04] G3[0.08] G1[0.07];0.04;0.09;0.00;0.33;0.07;0.00;0.84;0.09;0.0387;0.1111;0
45;45;Agent_11;orders came from the seed rule base (rules as-is);0;0;R20[0.06] R26[0.13] A1[0.08] G2[0.04] G3[0.08] G1[0.02];0.10;0.19;0.00;0.29;0.07;0.00;0.80;0.09;0.0387;0.1111;0
45;45;Agent_12;orders came from the seed rule base (rules as-is);0;0;R20[0.03] R26[0.02] A1[0.12] G2[0.05] G3[0.12] G1[0.06];0.05;0.11;0.00;0.44;0.11;0.00;0.82;0.09;0.0387;0.1111;0
46;46;Agent_1;orders came from the seed rule base (rules as-is);0;0;R11[0.23] R15[0.23] R20[0.20] R26[0.34] A1[0.18] G2[0.18];0.34;0.73;0.16;0.90;0.59;0.41;0.69;0.74;0.0387;0.1097;1
46;46;Agent_2;orders came from the seed rule base (rules as-is);0;0;R11[0.23] R15[0.09] R20[0.06] R26[0.09] A1[0.06] G2[0.06];0.09;0.39;0.06;0.32;0.35;0.29;0.86;0.93;0.0387;0.1097;1
46;46;Agent_3;orders came from the seed rule base (rules as-is);0;0;R20[0.05] R26[0.07] A1[0.08] G2[0.04] G3[0.08] G1[0.08];0.11;0.24;0.00;0.37;0.07;0.00;0.78;0.87;0.0387;0.1097;1
46;46;Agent_4;orders came from the seed rule base (rules as-is);0;0;R20[0.50] R26[0.64] A1[0.71] G2[0.32] G3[0.27] G5[0.50];0.64;0.82;0.00;0.92;0.64;0.00;0.92;0.72;0.0387;0.1097;1
46;46;Agent_5;orders came from the seed rule base (rules as-is);0;0;R11[0.23] R15[0.05] R20[0.04] R26[0.05] A1[0.08] G2[0.08];0.04;0.22;0.03;0.39;0.36;0.26;0.85;0.23;0.0387;0.1097;0
46;46;Agent_6;orders came from the seed rule base (rules as-is);0;0;R20[0.12] R26[0.25] A1[0.08] G2[0.04] G3[0.08] G1[0.08];0.29;0.46;0.00;0.39;0.07;0.00;0.80;0.22;0.0387;0.1097;1
46;46;Agent_7;orders came from the seed rule base (rules as-is);0;0;R20[0.13] R26[0.28] A1[0.08] G2[0.04] G3[0.08] G1[0.08];0.32;0.50;0.00;0.39;0.07;0.00;0.82;0.25;0.0387;0.1097;1
46;46;Agent_8;orders came from the seed rule base (rules as-is);0;0;R20[0.18] R26[0.29] A1[0.24] G2[0.11] G3[0.22] G1[0.12];0.40;0.75;0.00;0.91;0.22;0.00;0.80;0.31;0.0387;0.1097;1
46;46;Agent_9;orders came from the seed rule base (rules as-is);0;0;R20[0.09] R26[0.18] A1[0.11] G2[0.05] G3[0.11] G5[0.09];0.18;0.38;0.00;0.33;0.10;0.00;0.78;0.09;0.0387;0.1097;1
46;46;Agent_10;orders came from the seed rule base (rules as-is);0;0;R20[0.03] R26[0.03] A1[0.08] G2[0.04] G3[0.08] G1[0.07];0.04;0.09;0.00;0.33;0.07;0.00;0.84;0.09;0.0387;0.1097;0
46;46;Agent_11;orders came from the seed rule base (rules as-is);0;0;R20[0.07] R26[0.14] A1[0.08] G2[0.04] G3[0.08] G1[0.01];0.11;0.19;0.00;0.28;0.07;0.00;0.79;0.09;0.0387;0.1097;0
46;46;Agent_12;orders came from the seed rule base (rules as-is);0;0;R20[0.03] R26[0.02] A1[0.12] G2[0.05] G3[0.12] G1[0.06];0.06;0.11;0.00;0.44;0.11;0.00;0.83;0.09;0.0387;0.1097;0
47;47;Agent_1;RL selected stage 2 [resolution increase] (deficit bucket: mid+gap) → rejected (cell already covered — an active rule sits on this antecedent cell and the situation is crisp; numeric tuning is stage ① evFIS's job | seed-base decision stands, its orders are applied);2;0;R11[0.23] R15[0.23] R20[0.20] R26[0.34] A1[0.18] G2[0.18];0.34;0.73;0.16;0.90;0.59;0.41;0.69;0.74;0.0386;0.1090;1
47;47;Agent_2;RL selected stage 2 [resolution increase] (deficit bucket: mid+gap) → rejected (cell already covered — an active rule sits on this antecedent cell and the situation is crisp; numeric tuning is stage ① evFIS's job | seed-base decision stands, its orders are applied);2;0;R11[0.23] R15[0.09] R20[0.06] R26[0.09] A1[0.06] G2[0.06];0.09;0.39;0.06;0.32;0.35;0.29;0.86;0.93;0.0386;0.1090;1
47;47;Agent_3;RL selected stage 2 [resolution increase] (deficit bucket: mid+gap) → rejected (cell already covered — an active rule sits on this antecedent cell and the situation is crisp; numeric tuning is stage ① evFIS's job | seed-base decision stands, its orders are applied);2;0;R20[0.05] R26[0.07] A1[0.08] G2[0.04] G3[0.08] G1[0.08];0.11;0.24;0.00;0.37;0.07;0.00;0.78;0.87;0.0386;0.1090;1
47;47;Agent_4;RL selected stage 2 [resolution increase] (deficit bucket: mid+gap) → rejected (cell already covered — an active rule sits on this antecedent cell and the situation is crisp; numeric tuning is stage ① evFIS's job | seed-base decision stands, its orders are applied);2;0;R20[0.50] R26[0.64] A1[0.70] G2[0.32] G3[0.27] G5[0.50];0.64;0.82;0.00;0.92;0.64;0.00;0.92;0.72;0.0386;0.1090;1
47;47;Agent_5;RL selected stage 2 [resolution increase] (deficit bucket: mid+gap) → rejected (cell already covered — an active rule sits on this antecedent cell and the situation is crisp; numeric tuning is stage ① evFIS's job | seed-base decision stands, its orders are applied);2;0;R11[0.23] R15[0.05] R20[0.04] R26[0.05] A1[0.08] G2[0.08];0.04;0.22;0.03;0.39;0.36;0.26;0.85;0.23;0.0386;0.1090;0
47;47;Agent_6;RL selected stage 2 [resolution increase] (deficit bucket: mid+gap) → rejected (cell already covered — an active rule sits on this antecedent cell and the situation is crisp; numeric tuning is stage ① evFIS's job | seed-base decision stands, its orders are applied);2;0;R20[0.12] R26[0.25] A1[0.08] G2[0.04] G3[0.08] G1[0.08];0.30;0.47;0.00;0.39;0.07;0.00;0.80;0.22;0.0386;0.1090;1
47;47;Agent_7;RL selected stage 2 [resolution increase] (deficit bucket: mid+gap) → rejected (cell already covered — an active rule sits on this antecedent cell and the situation is crisp; numeric tuning is stage ① evFIS's job | seed-base decision stands, its orders are applied);2;0;R20[0.13] R26[0.28] A1[0.08] G2[0.04] G3[0.08] G1[0.08];0.32;0.50;0.00;0.39;0.07;0.00;0.82;0.25;0.0386;0.1090;1
47;47;Agent_8;RL selected stage 2 [resolution increase] (deficit bucket: mid+gap) → rejected (cell already covered — an active rule sits on this antecedent cell and the situation is crisp; numeric tuning is stage ① evFIS's job | seed-base decision stands, its orders are applied);2;0;R20[0.19] R26[0.29] A1[0.24] G2[0.11] G3[0.22] G1[0.12];0.40;0.75;0.00;0.91;0.22;0.00;0.80;0.31;0.0386;0.1090;1
47;47;Agent_9;RL selected stage 2 [resolution increase] (deficit bucket: mid+gap) → rejected (cell already covered — an active rule sits on this antecedent cell and the situation is crisp; numeric tuning is stage ① evFIS's job | seed-base decision stands, its orders are applied);2;0;R20[0.09] R26[0.18] A1[0.11] G2[0.05] G3[0.11] G5[0.09];0.18;0.38;0.00;0.33;0.10;0.00;0.78;0.09;0.0386;0.1090;1
47;47;Agent_10;RL selected stage 2 [resolution increase] (deficit bucket: mid+gap) → rejected (cell already covered — an active rule sits on this antecedent cell and the situation is crisp; numeric tuning is stage ① evFIS's job | seed-base decision stands, its orders are applied);2;0;R20[0.03] R26[0.03] A1[0.08] G2[0.04] G3[0.08] G1[0.07];0.04;0.09;0.00;0.33;0.07;0.00;0.85;0.09;0.0386;0.1090;0
47;47;Agent_11;RL selected stage 2 [resolution increase] (deficit bucket: mid+gap) → rejected (cell already covered — an active rule sits on this antecedent cell and the situation is crisp; numeric tuning is stage ① evFIS's job | seed-base decision stands, its orders are applied);2;0;R20[0.07] R26[0.15] A1[0.08] G2[0.04] G3[0.08] G1[0.01];0.11;0.20;0.00;0.28;0.07;0.00;0.79;0.09;0.0386;0.1090;0
47;47;Agent_12;RL selected stage 2 [resolution increase] (deficit bucket: mid+gap) → rejected (cell already covered — an active rule sits on this antecedent cell and the situation is crisp; numeric tuning is stage ① evFIS's job | seed-base decision stands, its orders are applied);2;0;R20[0.03] R26[0.02] A1[0.12] G2[0.05] G3[0.12] G1[0.06];0.06;0.11;0.00;0.44;0.11;0.00;0.83;0.09;0.0386;0.1090;0
48;48;Agent_1;orders came from the seed rule base (rules as-is);0;0;R11[0.23] R15[0.23] R20[0.20] R26[0.34] A1[0.18] G2[0.18];0.34;0.73;0.16;0.90;0.59;0.41;0.69;0.74;0.0386;0.1059;1
48;48;Agent_2;orders came from the seed rule base (rules as-is);0;0;R11[0.23] R15[0.09] R20[0.06] R26[0.09] A1[0.06] G2[0.06];0.09;0.39;0.06;0.32;0.35;0.29;0.86;0.93;0.0386;0.1059;1
48;48;Agent_3;orders came from the seed rule base (rules as-is);0;0;R20[0.05] R26[0.07] A1[0.08] G2[0.04] G3[0.08] G1[0.08];0.11;0.24;0.00;0.37;0.07;0.00;0.78;0.87;0.0386;0.1059;1
48;48;Agent_4;orders came from the seed rule base (rules as-is);0;0;R20[0.49] R26[0.64] A1[0.69] G2[0.31] G3[0.27] G5[0.49];0.64;0.81;0.00;0.92;0.64;0.00;0.92;0.72;0.0386;0.1059;1
48;48;Agent_5;orders came from the seed rule base (rules as-is);0;0;R11[0.23] R15[0.05] R20[0.04] R26[0.05] A1[0.08] G2[0.08];0.04;0.22;0.03;0.39;0.36;0.26;0.85;0.23;0.0386;0.1059;0
48;48;Agent_6;orders came from the seed rule base (rules as-is);0;0;R20[0.12] R26[0.26] A1[0.08] G2[0.04] G3[0.08] G1[0.08];0.30;0.47;0.00;0.39;0.07;0.00;0.80;0.22;0.0386;0.1059;1
48;48;Agent_7;orders came from the seed rule base (rules as-is);0;0;R20[0.13] R26[0.28] A1[0.08] G2[0.04] G3[0.08] G1[0.08];0.32;0.50;0.00;0.39;0.07;0.00;0.82;0.25;0.0386;0.1059;1
48;48;Agent_8;orders came from the seed rule base (rules as-is);0;0;R20[0.19] R26[0.29] A1[0.24] G2[0.11] G3[0.22] G1[0.12];0.40;0.75;0.00;0.91;0.22;0.00;0.80;0.31;0.0386;0.1059;1
48;48;Agent_9;orders came from the seed rule base (rules as-is);0;0;R20[0.09] R26[0.18] A1[0.11] G2[0.05] G3[0.11] G5[0.09];0.18;0.38;0.00;0.33;0.10;0.00;0.78;0.09;0.0386;0.1059;1
48;48;Agent_10;orders came from the seed rule base (rules as-is);0;0;R20[0.03] R26[0.03] A1[0.08] G2[0.04] G3[0.08] G1[0.07];0.04;0.09;0.00;0.33;0.07;0.00;0.85;0.09;0.0386;0.1059;0
48;48;Agent_11;orders came from the seed rule base (rules as-is);0;0;R20[0.07] R26[0.15] A1[0.08] G2[0.04] G3[0.08] G4[0.02];0.11;0.21;0.00;0.28;0.07;0.00;0.79;0.09;0.0386;0.1059;0
48;48;Agent_12;orders came from the seed rule base (rules as-is);0;0;R20[0.03] R26[0.03] A1[0.12] G2[0.05] G3[0.12] G1[0.06];0.06;0.11;0.00;0.44;0.11;0.00;0.83;0.09;0.0386;0.1059;0
49;49;Agent_1;orders came from the seed rule base (rules as-is);0;0;R11[0.23] R15[0.23] R20[0.20] R26[0.34] A1[0.18] G2[0.18];0.34;0.73;0.16;0.90;0.59;0.41;0.69;0.74;0.0386;0.1039;1
49;49;Agent_2;orders came from the seed rule base (rules as-is);0;0;R11[0.23] R15[0.09] R20[0.06] R26[0.09] A1[0.06] G2[0.06];0.09;0.39;0.06;0.32;0.35;0.29;0.86;0.93;0.0386;0.1039;1
49;49;Agent_3;orders came from the seed rule base (rules as-is);0;0;R20[0.05] R26[0.07] A1[0.08] G2[0.04] G3[0.08] G1[0.08];0.11;0.24;0.00;0.37;0.07;0.00;0.78;0.87;0.0386;0.1039;1
49;49;Agent_4;orders came from the seed rule base (rules as-is);0;0;R20[0.49] R26[0.64] A1[0.68] G2[0.31] G3[0.27] G5[0.49];0.64;0.81;0.00;0.92;0.64;0.00;0.92;0.72;0.0386;0.1039;1
49;49;Agent_5;orders came from the seed rule base (rules as-is);0;0;R11[0.23] R15[0.04] R20[0.04] R26[0.04] A1[0.08] G2[0.08];0.04;0.22;0.03;0.39;0.36;0.26;0.85;0.23;0.0386;0.1039;0
49;49;Agent_6;orders came from the seed rule base (rules as-is);0;0;R20[0.12] R26[0.26] A1[0.08] G2[0.04] G3[0.08] G1[0.08];0.30;0.47;0.00;0.39;0.07;0.00;0.80;0.22;0.0386;0.1039;1
49;49;Agent_7;orders came from the seed rule base (rules as-is);0;0;R20[0.13] R26[0.28] A1[0.08] G2[0.04] G3[0.08] G1[0.08];0.32;0.50;0.00;0.39;0.07;0.00;0.82;0.25;0.0386;0.1039;1
49;49;Agent_8;orders came from the seed rule base (rules as-is);0;0;R20[0.19] R26[0.29] A1[0.24] G2[0.11] G3[0.22] G1[0.12];0.40;0.75;0.00;0.91;0.22;0.00;0.80;0.31;0.0386;0.1039;1
49;49;Agent_9;orders came from the seed rule base (rules as-is);0;0;R20[0.09] R26[0.18] A1[0.11] G2[0.05] G3[0.11] G5[0.09];0.18;0.37;0.00;0.33;0.10;0.00;0.78;0.09;0.0386;0.1039;1
49;49;Agent_10;orders came from the seed rule base (rules as-is);0;0;R20[0.03] R26[0.03] A1[0.08] G2[0.04] G3[0.08] G1[0.07];0.04;0.09;0.00;0.33;0.07;0.00;0.85;0.09;0.0386;0.1039;0
49;49;Agent_11;orders came from the seed rule base (rules as-is);0;0;R20[0.07] R26[0.16] A1[0.08] G2[0.04] G3[0.08] G4[0.02];0.11;0.21;0.00;0.27;0.07;0.00;0.79;0.09;0.0386;0.1039;0
49;49;Agent_12;orders came from the seed rule base (rules as-is);0;0;R20[0.03] R26[0.03] A1[0.12] G2[0.05] G3[0.12] G1[0.06];0.06;0.11;0.00;0.45;0.11;0.00;0.83;0.09;0.0386;0.1039;0
50;50;Agent_1;orders came from the seed rule base (rules as-is);0;0;R11[0.23] R15[0.23] R20[0.20] R26[0.34] A1[0.18] G2[0.18];0.34;0.73;0.16;0.90;0.59;0.41;0.69;0.74;0.0388;0.1029;1
50;50;Agent_2;orders came from the seed rule base (rules as-is);0;0;R11[0.23] R15[0.09] R20[0.06] R26[0.09] A1[0.06] G2[0.06];0.09;0.39;0.06;0.32;0.35;0.29;0.86;0.93;0.0388;0.1029;1
50;50;Agent_3;orders came from the seed rule base (rules as-is);0;0;R20[0.05] R26[0.07] A1[0.08] G2[0.04] G3[0.08] G1[0.08];0.11;0.24;0.00;0.37;0.07;0.00;0.78;0.87;0.0388;0.1029;1
50;50;Agent_4;orders came from the seed rule base (rules as-is);0;0;R20[0.49] R26[0.64] A1[0.67] G2[0.30] G3[0.27] G5[0.49];0.64;0.81;0.00;0.92;0.63;0.00;0.92;0.72;0.0388;0.1029;1
50;50;Agent_5;orders came from the seed rule base (rules as-is);0;0;R11[0.23] R15[0.04] R20[0.04] R26[0.04] A1[0.08] G2[0.08];0.04;0.22;0.03;0.39;0.36;0.26;0.85;0.23;0.0388;0.1029;0
50;50;Agent_6;orders came from the seed rule base (rules as-is);0;0;R20[0.12] R26[0.26] A1[0.08] G2[0.04] G3[0.08] G1[0.08];0.30;0.48;0.00;0.39;0.07;0.00;0.80;0.22;0.0388;0.1029;1
50;50;Agent_7;orders came from the seed rule base (rules as-is);0;0;R20[0.13] R26[0.28] A1[0.08] G2[0.04] G3[0.08] G1[0.08];0.32;0.50;0.00;0.39;0.07;0.00;0.82;0.25;0.0388;0.1029;1
50;50;Agent_8;orders came from the seed rule base (rules as-is);0;0;R20[0.19] R26[0.29] A1[0.24] G2[0.11] G3[0.22] G1[0.12];0.40;0.75;0.00;0.91;0.22;0.00;0.80;0.31;0.0388;0.1029;1
50;50;Agent_9;orders came from the seed rule base (rules as-is);0;0;R20[0.09] R26[0.18] A1[0.11] G2[0.05] G3[0.11] G5[0.09];0.18;0.37;0.00;0.33;0.10;0.00;0.78;0.09;0.0388;0.1029;1
50;50;Agent_10;orders came from the seed rule base (rules as-is);0;0;R20[0.03] R26[0.03] A1[0.08] G2[0.04] G3[0.08] G1[0.07];0.04;0.09;0.00;0.33;0.07;0.00;0.85;0.09;0.0388;0.1029;0
50;50;Agent_11;orders came from the seed rule base (rules as-is);0;0;R20[0.08] R26[0.16] A1[0.08] G2[0.04] G3[0.08] G4[0.01];0.11;0.21;0.00;0.27;0.07;0.00;0.78;0.09;0.0388;0.1029;0
50;50;Agent_12;orders came from the seed rule base (rules as-is);0;0;R20[0.03] R26[0.03] A1[0.12] G2[0.05] G3[0.12] G1[0.06];0.06;0.12;0.00;0.45;0.11;0.00;0.83;0.09;0.0388;0.1029;0
51;51;Agent_1;orders came from the seed rule base (rules as-is);0;0;R11[0.23] R15[0.23] R20[0.20] R26[0.34] A1[0.18] G2[0.18];0.34;0.73;0.16;0.90;0.59;0.41;0.69;0.74;0.0386;0.0990;1
51;51;Agent_2;orders came from the seed rule base (rules as-is);0;0;R11[0.23] R15[0.09] R20[0.06] R26[0.09] A1[0.06] G2[0.06];0.09;0.39;0.06;0.32;0.35;0.29;0.86;0.93;0.0386;0.0990;1
51;51;Agent_3;orders came from the seed rule base (rules as-is);0;0;R20[0.05] R26[0.07] A1[0.08] G2[0.04] G3[0.08] G1[0.08];0.11;0.24;0.00;0.37;0.07;0.00;0.78;0.87;0.0386;0.0990;1
51;51;Agent_4;orders came from the seed rule base (rules as-is);0;0;R20[0.48] R26[0.64] A1[0.66] G2[0.30] G3[0.27] G5[0.48];0.64;0.81;0.00;0.92;0.62;0.00;0.92;0.72;0.0386;0.0990;1
51;51;Agent_5;orders came from the seed rule base (rules as-is);0;0;R11[0.23] R15[0.04] R20[0.04] R26[0.04] A1[0.08] G2[0.08];0.04;0.22;0.03;0.39;0.36;0.26;0.85;0.23;0.0386;0.0990;0
51;51;Agent_6;orders came from the seed rule base (rules as-is);0;0;R20[0.13] R26[0.26] A1[0.08] G2[0.04] G3[0.08] G1[0.08];0.30;0.48;0.00;0.39;0.07;0.00;0.80;0.22;0.0386;0.0990;1
51;51;Agent_7;orders came from the seed rule base (rules as-is);0;0;R20[0.13] R26[0.28] A1[0.08] G2[0.04] G3[0.08] G1[0.08];0.32;0.50;0.00;0.39;0.07;0.00;0.82;0.24;0.0386;0.0990;1
51;51;Agent_8;orders came from the seed rule base (rules as-is);0;0;R20[0.19] R26[0.29] A1[0.24] G2[0.11] G3[0.22] G1[0.12];0.40;0.75;0.00;0.91;0.22;0.00;0.80;0.31;0.0386;0.0990;1
51;51;Agent_9;orders came from the seed rule base (rules as-is);0;0;R20[0.09] R26[0.18] A1[0.11] G2[0.05] G3[0.11] G5[0.09];0.18;0.37;0.00;0.33;0.10;0.00;0.78;0.08;0.0386;0.0990;1
51;51;Agent_10;orders came from the seed rule base (rules as-is);0;0;R20[0.03] R26[0.03] A1[0.08] G2[0.04] G3[0.08] G1[0.07];0.04;0.09;0.00;0.33;0.07;0.00;0.85;0.08;0.0386;0.0990;0
51;51;Agent_11;orders came from the seed rule base (rules as-is);0;0;R20[0.08] R26[0.16] A1[0.08] G2[0.04] G3[0.08] G4[0.01];0.11;0.21;0.00;0.27;0.07;0.00;0.78;0.08;0.0386;0.0990;0
51;51;Agent_12;orders came from the seed rule base (rules as-is);0;0;R20[0.03] R26[0.03] A1[0.12] G2[0.05] G3[0.12] G1[0.06];0.06;0.12;0.00;0.45;0.11;0.00;0.83;0.08;0.0386;0.0990;0
51;51;Agent_1;orders came from the seed rule base (rules as-is);0;0;R11[0.23] R15[0.23] R20[0.20] R26[0.34] A1[0.18] G2[0.18];0.34;0.73;0.16;0.90;0.59;0.41;0.69;0.74;0.0386;0.0990;1
51;51;Agent_2;orders came from the seed rule base (rules as-is);0;0;R11[0.23] R15[0.09] R20[0.06] R26[0.09] A1[0.06] G2[0.06];0.09;0.39;0.06;0.32;0.35;0.29;0.86;0.93;0.0386;0.0990;1
51;51;Agent_3;orders came from the seed rule base (rules as-is);0;0;R20[0.05] R26[0.07] A1[0.08] G2[0.04] G3[0.08] G1[0.08];0.11;0.24;0.00;0.37;0.07;0.00;0.78;0.87;0.0386;0.0990;1
51;51;Agent_4;orders came from the seed rule base (rules as-is);0;0;R20[0.48] R26[0.64] A1[0.66] G2[0.30] G3[0.27] G5[0.48];0.64;0.81;0.00;0.92;0.62;0.00;0.92;0.72;0.0386;0.0990;1
51;51;Agent_5;orders came from the seed rule base (rules as-is);0;0;R11[0.23] R15[0.04] R20[0.04] R26[0.04] A1[0.08] G2[0.08];0.04;0.22;0.03;0.39;0.36;0.26;0.85;0.23;0.0386;0.0990;0
51;51;Agent_6;orders came from the seed rule base (rules as-is);0;0;R20[0.13] R26[0.26] A1[0.08] G2[0.04] G3[0.08] G1[0.08];0.30;0.48;0.00;0.39;0.07;0.00;0.80;0.22;0.0386;0.0990;1
51;51;Agent_7;orders came from the seed rule base (rules as-is);0;0;R20[0.13] R26[0.28] A1[0.08] G2[0.04] G3[0.08] G1[0.08];0.32;0.50;0.00;0.39;0.07;0.00;0.82;0.24;0.0386;0.0990;1
51;51;Agent_8;orders came from the seed rule base (rules as-is);0;0;R20[0.19] R26[0.29] A1[0.24] G2[0.11] G3[0.22] G1[0.12];0.40;0.75;0.00;0.91;0.22;0.00;0.80;0.31;0.0386;0.0990;1
51;51;Agent_9;orders came from the seed rule base (rules as-is);0;0;R20[0.09] R26[0.18] A1[0.11] G2[0.05] G3[0.11] G5[0.09];0.18;0.37;0.00;0.33;0.10;0.00;0.78;0.08;0.0386;0.0990;1
51;51;Agent_10;orders came from the seed rule base (rules as-is);0;0;R20[0.03] R26[0.03] A1[0.08] G2[0.04] G3[0.08] G1[0.07];0.04;0.09;0.00;0.33;0.07;0.00;0.85;0.08;0.0386;0.0990;0
51;51;Agent_11;orders came from the seed rule base (rules as-is);0;0;R20[0.08] R26[0.16] A1[0.08] G2[0.04] G3[0.08] G4[0.01];0.11;0.21;0.00;0.27;0.07;0.00;0.78;0.08;0.0386;0.0990;0
51;51;Agent_12;orders came from the seed rule base (rules as-is);0;0;R20[0.03] R26[0.03] A1[0.12] G2[0.05] G3[0.12] G1[0.06];0.06;0.12;0.00;0.45;0.11;0.00;0.83;0.08;0.0386;0.0990;0
51;51;Agent_1;orders came from the seed rule base (rules as-is);0;0;R11[0.23] R15[0.23] R20[0.20] R26[0.34] A1[0.18] G2[0.18];0.34;0.73;0.16;0.90;0.59;0.41;0.69;0.74;0.0386;0.0990;1
51;51;Agent_2;orders came from the seed rule base (rules as-is);0;0;R11[0.23] R15[0.09] R20[0.06] R26[0.09] A1[0.06] G2[0.06];0.09;0.39;0.06;0.32;0.35;0.29;0.86;0.93;0.0386;0.0990;1
51;51;Agent_3;orders came from the seed rule base (rules as-is);0;0;R20[0.05] R26[0.07] A1[0.08] G2[0.04] G3[0.08] G1[0.08];0.11;0.24;0.00;0.37;0.07;0.00;0.78;0.87;0.0386;0.0990;1
51;51;Agent_4;orders came from the seed rule base (rules as-is);0;0;R20[0.48] R26[0.64] A1[0.66] G2[0.30] G3[0.27] G5[0.48];0.64;0.81;0.00;0.92;0.62;0.00;0.92;0.72;0.0386;0.0990;1
51;51;Agent_5;orders came from the seed rule base (rules as-is);0;0;R11[0.23] R15[0.04] R20[0.04] R26[0.04] A1[0.08] G2[0.08];0.04;0.22;0.03;0.39;0.36;0.26;0.85;0.23;0.0386;0.0990;0
51;51;Agent_6;orders came from the seed rule base (rules as-is);0;0;R20[0.13] R26[0.26] A1[0.08] G2[0.04] G3[0.08] G1[0.08];0.30;0.48;0.00;0.39;0.07;0.00;0.80;0.22;0.0386;0.0990;1
51;51;Agent_7;orders came from the seed rule base (rules as-is);0;0;R20[0.13] R26[0.28] A1[0.08] G2[0.04] G3[0.08] G1[0.08];0.32;0.50;0.00;0.39;0.07;0.00;0.82;0.24;0.0386;0.0990;1
51;51;Agent_8;orders came from the seed rule base (rules as-is);0;0;R20[0.19] R26[0.29] A1[0.24] G2[0.11] G3[0.22] G1[0.12];0.40;0.75;0.00;0.91;0.22;0.00;0.80;0.31;0.0386;0.0990;1
51;51;Agent_9;orders came from the seed rule base (rules as-is);0;0;R20[0.09] R26[0.18] A1[0.11] G2[0.05] G3[0.11] G5[0.09];0.18;0.37;0.00;0.33;0.10;0.00;0.78;0.08;0.0386;0.0990;1
51;51;Agent_10;orders came from the seed rule base (rules as-is);0;0;R20[0.03] R26[0.03] A1[0.08] G2[0.04] G3[0.08] G1[0.07];0.04;0.09;0.00;0.33;0.07;0.00;0.85;0.08;0.0386;0.0990;0
51;51;Agent_11;orders came from the seed rule base (rules as-is);0;0;R20[0.08] R26[0.16] A1[0.08] G2[0.04] G3[0.08] G4[0.01];0.11;0.21;0.00;0.27;0.07;0.00;0.78;0.08;0.0386;0.0990;0
51;51;Agent_12;orders came from the seed rule base (rules as-is);0;0;R20[0.03] R26[0.03] A1[0.12] G2[0.05] G3[0.12] G1[0.06];0.06;0.12;0.00;0.45;0.11;0.00;0.83;0.08;0.0386;0.0990;0
52;52;Agent_1;orders came from the seed rule base (rules as-is);0;0;R11[0.23] R15[0.23] R20[0.20] R26[0.34] A1[0.18] G2[0.18];0.34;0.73;0.16;0.90;0.59;0.41;0.69;0.74;0.0386;0.0971;1
52;52;Agent_2;orders came from the seed rule base (rules as-is);0;0;R11[0.23] R15[0.09] R20[0.06] R26[0.09] A1[0.06] G2[0.06];0.09;0.39;0.06;0.32;0.35;0.29;0.86;0.93;0.0386;0.0971;1
52;52;Agent_3;orders came from the seed rule base (rules as-is);0;0;R20[0.05] R26[0.07] A1[0.08] G2[0.04] G3[0.08] G1[0.08];0.11;0.24;0.00;0.37;0.07;0.00;0.78;0.87;0.0386;0.0971;1
52;52;Agent_4;orders came from the seed rule base (rules as-is);0;0;R20[0.48] R26[0.64] A1[0.65] G2[0.29] G3[0.27] G5[0.48];0.64;0.81;0.00;0.92;0.61;0.00;0.92;0.72;0.0386;0.0971;1
52;52;Agent_5;orders came from the seed rule base (rules as-is);0;0;R11[0.23] R15[0.04] R20[0.04] R26[0.04] A1[0.08] G2[0.08];0.04;0.22;0.03;0.39;0.36;0.26;0.85;0.23;0.0386;0.0971;0
52;52;Agent_6;orders came from the seed rule base (rules as-is);0;0;R20[0.13] R26[0.26] A1[0.08] G2[0.04] G3[0.08] G1[0.08];0.31;0.48;0.00;0.39;0.07;0.00;0.80;0.22;0.0386;0.0971;1
52;52;Agent_7;orders came from the seed rule base (rules as-is);0;0;R20[0.13] R26[0.28] A1[0.08] G2[0.04] G3[0.08] G1[0.08];0.32;0.50;0.00;0.39;0.07;0.00;0.82;0.24;0.0386;0.0971;1
52;52;Agent_8;orders came from the seed rule base (rules as-is);0;0;R20[0.19] R26[0.29] A1[0.24] G2[0.11] G3[0.22] G1[0.12];0.40;0.75;0.00;0.91;0.22;0.00;0.80;0.31;0.0386;0.0971;1
52;52;Agent_9;orders came from the seed rule base (rules as-is);0;0;R20[0.09] R26[0.18] A1[0.11] G2[0.05] G3[0.11] G5[0.09];0.18;0.37;0.00;0.33;0.10;0.00;0.78;0.08;0.0386;0.0971;1
52;52;Agent_10;orders came from the seed rule base (rules as-is);0;0;R20[0.03] R26[0.03] A1[0.08] G2[0.04] G3[0.08] G1[0.07];0.04;0.09;0.00;0.33;0.07;0.00;0.85;0.08;0.0386;0.0971;0
52;52;Agent_11;orders came from the seed rule base (rules as-is);0;0;R20[0.08] R26[0.16] A1[0.08] G2[0.04] G3[0.08] G4[0.01];0.11;0.22;0.00;0.27;0.07;0.00;0.78;0.08;0.0386;0.0971;0
52;52;Agent_12;orders came from the seed rule base (rules as-is);0;0;R20[0.03] R26[0.03] A1[0.12] G2[0.05] G3[0.12] G1[0.06];0.06;0.12;0.00;0.45;0.11;0.00;0.83;0.08;0.0386;0.0971;0
53;53;Agent_1;orders came from the seed rule base (rules as-is);0;0;R11[0.23] R15[0.23] R20[0.18] R26[0.31] A1[0.18] G2[0.18];0.32;0.73;0.16;0.90;0.59;0.41;0.69;0.12;0.0421;0.1370;1
53;53;Agent_2;orders came from the seed rule base (rules as-is);0;0;R11[0.23] R15[0.08] R20[0.05] R26[0.08] A1[0.06] G2[0.06];0.09;0.37;0.06;0.31;0.35;0.29;0.86;0.12;0.0421;0.1370;1
53;53;Agent_3;orders came from the seed rule base (rules as-is);0;0;R20[0.05] R26[0.07] A1[0.08] G2[0.04] G3[0.08] G1[0.08];0.11;0.23;0.00;0.36;0.07;0.00;0.79;0.58;0.0421;0.1370;1
53;53;Agent_4;orders came from the seed rule base (rules as-is);0;0;R20[0.47] R26[0.63] A1[0.62] G2[0.28] G3[0.26] G5[0.47];0.63;0.81;0.00;0.92;0.58;0.00;0.92;0.56;0.0421;0.1370;1
53;53;Agent_5;orders came from the seed rule base (rules as-is);0;0;R11[0.23] R15[0.04] R20[0.04] R26[0.04] A1[0.08] G2[0.08];0.04;0.21;0.03;0.39;0.35;0.26;0.85;0.12;0.0421;0.1370;0
53;53;Agent_6;orders came from the seed rule base (rules as-is);0;0;R20[0.12] R26[0.25] A1[0.08] G2[0.04] G3[0.08] G1[0.07];0.29;0.46;0.00;0.38;0.07;0.00;0.80;0.12;0.0421;0.1370;1
53;53;Agent_7;orders came from the seed rule base (rules as-is);0;0;R20[0.13] R26[0.28] A1[0.08] G2[0.04] G3[0.08] G1[0.08];0.32;0.50;0.00;0.39;0.07;0.00;0.82;0.26;0.0421;0.1370;1
53;53;Agent_8;orders came from the seed rule base (rules as-is);0;0;R20[0.19] R26[0.30] A1[0.24] G2[0.11] G3[0.22] G1[0.12];0.41;0.75;0.00;0.91;0.22;0.00;0.80;0.34;0.0421;0.1370;1
53;53;Agent_9;orders came from the seed rule base (rules as-is);0;0;R20[0.09] R26[0.18] A1[0.11] G2[0.05] G3[0.11] G5[0.09];0.18;0.38;0.00;0.33;0.10;0.00;0.78;0.12;0.0421;0.1370;1
53;53;Agent_10;orders came from the seed rule base (rules as-is);0;0;R20[0.03] R26[0.03] A1[0.08] G2[0.04] G3[0.08] G1[0.07];0.05;0.10;0.00;0.33;0.07;0.00;0.84;0.12;0.0421;0.1370;0
53;53;Agent_11;orders came from the seed rule base (rules as-is);0;0;R20[0.08] R26[0.17] A1[0.08] G2[0.04] G3[0.08] G5[0.08];0.18;0.34;0.00;0.26;0.07;0.00;0.78;0.12;0.0421;0.1370;1
53;53;Agent_12;orders came from the seed rule base (rules as-is);0;0;R20[0.03] R26[0.03] A1[0.11] G2[0.05] G3[0.11] G1[0.06];0.06;0.12;0.00;0.42;0.10;0.00;0.83;0.12;0.0421;0.1370;0
53;53;Agent_1;orders came from the seed rule base (rules as-is);0;0;R11[0.23] R15[0.23] R20[0.18] R26[0.31] A1[0.18] G2[0.18];0.32;0.73;0.16;0.90;0.59;0.41;0.69;0.12;0.0421;0.1370;1
53;53;Agent_2;orders came from the seed rule base (rules as-is);0;0;R11[0.23] R15[0.08] R20[0.05] R26[0.08] A1[0.06] G2[0.06];0.09;0.37;0.06;0.31;0.35;0.29;0.86;0.12;0.0421;0.1370;1
53;53;Agent_3;orders came from the seed rule base (rules as-is);0;0;R20[0.05] R26[0.07] A1[0.08] G2[0.04] G3[0.08] G1[0.08];0.11;0.23;0.00;0.36;0.07;0.00;0.79;0.58;0.0421;0.1370;1
53;53;Agent_4;orders came from the seed rule base (rules as-is);0;0;R20[0.47] R26[0.63] A1[0.62] G2[0.28] G3[0.26] G5[0.47];0.63;0.81;0.00;0.92;0.58;0.00;0.92;0.56;0.0421;0.1370;1
53;53;Agent_5;orders came from the seed rule base (rules as-is);0;0;R11[0.23] R15[0.04] R20[0.04] R26[0.04] A1[0.08] G2[0.08];0.04;0.21;0.03;0.39;0.35;0.26;0.85;0.12;0.0421;0.1370;0
53;53;Agent_6;orders came from the seed rule base (rules as-is);0;0;R20[0.12] R26[0.25] A1[0.08] G2[0.04] G3[0.08] G1[0.07];0.29;0.46;0.00;0.38;0.07;0.00;0.80;0.12;0.0421;0.1370;1
53;53;Agent_7;orders came from the seed rule base (rules as-is);0;0;R20[0.13] R26[0.28] A1[0.08] G2[0.04] G3[0.08] G1[0.08];0.32;0.50;0.00;0.39;0.07;0.00;0.82;0.26;0.0421;0.1370;1
53;53;Agent_8;orders came from the seed rule base (rules as-is);0;0;R20[0.19] R26[0.30] A1[0.24] G2[0.11] G3[0.22] G1[0.12];0.41;0.75;0.00;0.91;0.22;0.00;0.80;0.34;0.0421;0.1370;1
53;53;Agent_9;orders came from the seed rule base (rules as-is);0;0;R20[0.09] R26[0.18] A1[0.11] G2[0.05] G3[0.11] G5[0.09];0.18;0.38;0.00;0.33;0.10;0.00;0.78;0.12;0.0421;0.1370;1
53;53;Agent_10;orders came from the seed rule base (rules as-is);0;0;R20[0.03] R26[0.03] A1[0.08] G2[0.04] G3[0.08] G1[0.07];0.05;0.10;0.00;0.33;0.07;0.00;0.84;0.12;0.0421;0.1370;0
53;53;Agent_11;orders came from the seed rule base (rules as-is);0;0;R20[0.08] R26[0.17] A1[0.08] G2[0.04] G3[0.08] G5[0.08];0.18;0.34;0.00;0.26;0.07;0.00;0.78;0.12;0.0421;0.1370;1
53;53;Agent_12;orders came from the seed rule base (rules as-is);0;0;R20[0.03] R26[0.03] A1[0.11] G2[0.05] G3[0.11] G1[0.06];0.06;0.12;0.00;0.42;0.10;0.00;0.83;0.12;0.0421;0.1370;0
53;53;Agent_1;orders came from the seed rule base (rules as-is);0;0;R11[0.23] R15[0.23] R20[0.18] R26[0.31] A1[0.18] G2[0.18];0.32;0.73;0.16;0.90;0.59;0.41;0.69;0.12;0.0408;0.1370;1
53;53;Agent_2;orders came from the seed rule base (rules as-is);0;0;R11[0.28] R15[0.08] R20[0.05] R26[0.08] A1[0.06] G2[0.06];0.08;0.41;0.05;0.31;0.40;0.34;0.86;0.12;0.0408;0.1370;1
53;53;Agent_3;orders came from the seed rule base (rules as-is);0;0;R7[0.08] R20[0.05] R26[0.07] A1[0.08] G2[0.04] G3[0.08];0.11;0.23;0.05;0.44;0.07;0.00;0.77;0.58;0.0408;0.1370;1
53;53;Agent_4;orders came from the seed rule base (rules as-is);0;0;R20[0.47] R26[0.63] A1[0.62] G2[0.28] G3[0.26] G5[0.47];0.63;0.81;0.00;0.92;0.58;0.00;0.92;0.56;0.0408;0.1370;1
53;53;Agent_5;orders came from the seed rule base (rules as-is);0;0;R11[0.23] R15[0.04] R20[0.04] R26[0.04] A1[0.08] G2[0.08];0.04;0.21;0.03;0.39;0.35;0.26;0.85;0.12;0.0408;0.1370;0
53;53;Agent_6;orders came from the seed rule base (rules as-is);0;0;R7[0.08] R11[0.04] R15[0.11] R20[0.12] R26[0.25] A1[0.08];0.28;0.49;0.14;0.46;0.17;0.12;0.83;0.12;0.0408;0.1370;1
53;53;Agent_7;orders came from the seed rule base (rules as-is);0;0;R7[0.08] R20[0.13] R26[0.28] A1[0.08] G2[0.04] G3[0.08];0.32;0.50;0.05;0.46;0.07;0.00;0.84;0.26;0.0408;0.1370;1
53;53;Agent_8;orders came from the seed rule base (rules as-is);0;0;R20[0.19] R26[0.30] A1[0.24] G2[0.11] G3[0.22] G1[0.12];0.41;0.75;0.00;0.91;0.22;0.00;0.80;0.34;0.0408;0.1370;1
53;53;Agent_9;orders came from the seed rule base (rules as-is);0;0;R7[0.11] R20[0.09] R26[0.18] A1[0.11] G2[0.05] G3[0.11];0.18;0.38;0.07;0.43;0.10;0.00;0.80;0.12;0.0408;0.1370;1
53;53;Agent_10;orders came from the seed rule base (rules as-is);0;0;R20[0.03] R26[0.03] A1[0.08] G2[0.04] G3[0.08] G1[0.07];0.05;0.10;0.00;0.33;0.07;0.00;0.84;0.12;0.0408;0.1370;0
53;53;Agent_11;orders came from the seed rule base (rules as-is);0;0;R20[0.08] R26[0.17] A1[0.08] G2[0.04] G3[0.08] G5[0.08];0.18;0.34;0.00;0.26;0.07;0.00;0.78;0.12;0.0408;0.1370;1
53;53;Agent_12;orders came from the seed rule base (rules as-is);0;0;R20[0.03] R26[0.03] A1[0.11] G2[0.05] G3[0.11] G1[0.06];0.06;0.12;0.00;0.42;0.10;0.00;0.83;0.12;0.0408;0.1370;0
53;53;Agent_1;orders came from the seed rule base (rules as-is);0;0;R11[0.23] R15[0.23] R20[0.18] R26[0.31] A1[0.18] G2[0.18];0.32;0.73;0.16;0.90;0.59;0.41;0.69;0.12;0.0421;0.1370;1
53;53;Agent_2;orders came from the seed rule base (rules as-is);0;0;R11[0.23] R15[0.08] R20[0.05] R26[0.08] A1[0.06] G2[0.06];0.09;0.37;0.06;0.31;0.35;0.29;0.86;0.12;0.0421;0.1370;1
53;53;Agent_3;orders came from the seed rule base (rules as-is);0;0;R20[0.05] R26[0.07] A1[0.08] G2[0.04] G3[0.08] G1[0.08];0.11;0.23;0.00;0.36;0.07;0.00;0.79;0.58;0.0421;0.1370;1
53;53;Agent_4;orders came from the seed rule base (rules as-is);0;0;R20[0.47] R26[0.63] A1[0.62] G2[0.28] G3[0.26] G5[0.47];0.63;0.81;0.00;0.92;0.58;0.00;0.92;0.56;0.0421;0.1370;1
53;53;Agent_5;orders came from the seed rule base (rules as-is);0;0;R11[0.23] R15[0.04] R20[0.04] R26[0.04] A1[0.08] G2[0.08];0.04;0.21;0.03;0.39;0.35;0.26;0.85;0.12;0.0421;0.1370;0
53;53;Agent_6;orders came from the seed rule base (rules as-is);0;0;R20[0.12] R26[0.25] A1[0.08] G2[0.04] G3[0.08] G1[0.07];0.29;0.46;0.00;0.38;0.07;0.00;0.80;0.12;0.0421;0.1370;1
53;53;Agent_7;orders came from the seed rule base (rules as-is);0;0;R20[0.13] R26[0.28] A1[0.08] G2[0.04] G3[0.08] G1[0.08];0.32;0.50;0.00;0.39;0.07;0.00;0.82;0.26;0.0421;0.1370;1
53;53;Agent_8;orders came from the seed rule base (rules as-is);0;0;R20[0.19] R26[0.30] A1[0.24] G2[0.11] G3[0.22] G1[0.12];0.41;0.75;0.00;0.91;0.22;0.00;0.80;0.34;0.0421;0.1370;1
53;53;Agent_9;orders came from the seed rule base (rules as-is);0;0;R20[0.09] R26[0.18] A1[0.11] G2[0.05] G3[0.11] G5[0.09];0.18;0.38;0.00;0.33;0.10;0.00;0.78;0.12;0.0421;0.1370;1
53;53;Agent_10;orders came from the seed rule base (rules as-is);0;0;R20[0.03] R26[0.03] A1[0.08] G2[0.04] G3[0.08] G1[0.07];0.05;0.10;0.00;0.33;0.07;0.00;0.84;0.12;0.0421;0.1370;0
53;53;Agent_11;orders came from the seed rule base (rules as-is);0;0;R20[0.08] R26[0.17] A1[0.08] G2[0.04] G3[0.08] G5[0.08];0.18;0.34;0.00;0.26;0.07;0.00;0.78;0.12;0.0421;0.1370;1
53;53;Agent_12;orders came from the seed rule base (rules as-is);0;0;R20[0.03] R26[0.03] A1[0.11] G2[0.05] G3[0.11] G1[0.06];0.06;0.12;0.00;0.42;0.10;0.00;0.83;0.12;0.0421;0.1370;0
53;53;Agent_1;orders came from the seed rule base (rules as-is);0;0;R11[0.23] R15[0.23] R20[0.18] R26[0.31] A1[0.18] G2[0.18];0.32;0.73;0.16;0.90;0.59;0.41;0.69;0.12;0.0408;0.1370;1
53;53;Agent_2;orders came from the seed rule base (rules as-is);0;0;R11[0.28] R15[0.08] R20[0.05] R26[0.08] A1[0.06] G2[0.06];0.08;0.41;0.05;0.31;0.40;0.34;0.86;0.12;0.0408;0.1370;1
53;53;Agent_3;orders came from the seed rule base (rules as-is);0;0;R7[0.08] R20[0.05] R26[0.07] A1[0.08] G2[0.04] G3[0.08];0.11;0.23;0.05;0.44;0.07;0.00;0.77;0.58;0.0408;0.1370;1
53;53;Agent_4;orders came from the seed rule base (rules as-is);0;0;R20[0.47] R26[0.63] A1[0.62] G2[0.28] G3[0.26] G5[0.47];0.63;0.81;0.00;0.92;0.58;0.00;0.92;0.56;0.0408;0.1370;1
53;53;Agent_5;orders came from the seed rule base (rules as-is);0;0;R11[0.23] R15[0.04] R20[0.04] R26[0.04] A1[0.08] G2[0.08];0.04;0.21;0.03;0.39;0.35;0.26;0.85;0.12;0.0408;0.1370;0
53;53;Agent_6;orders came from the seed rule base (rules as-is);0;0;R7[0.08] R11[0.04] R15[0.11] R20[0.12] R26[0.25] A1[0.08];0.28;0.49;0.14;0.46;0.17;0.12;0.83;0.12;0.0408;0.1370;1
53;53;Agent_7;orders came from the seed rule base (rules as-is);0;0;R7[0.08] R20[0.13] R26[0.28] A1[0.08] G2[0.04] G3[0.08];0.32;0.50;0.05;0.46;0.07;0.00;0.84;0.26;0.0408;0.1370;1
53;53;Agent_8;orders came from the seed rule base (rules as-is);0;0;R20[0.19] R26[0.30] A1[0.24] G2[0.11] G3[0.22] G1[0.12];0.41;0.75;0.00;0.91;0.22;0.00;0.80;0.34;0.0408;0.1370;1
53;53;Agent_9;orders came from the seed rule base (rules as-is);0;0;R7[0.11] R20[0.09] R26[0.18] A1[0.11] G2[0.05] G3[0.11];0.18;0.38;0.07;0.43;0.10;0.00;0.80;0.12;0.0408;0.1370;1
53;53;Agent_10;orders came from the seed rule base (rules as-is);0;0;R20[0.03] R26[0.03] A1[0.08] G2[0.04] G3[0.08] G1[0.07];0.05;0.10;0.00;0.33;0.07;0.00;0.84;0.12;0.0408;0.1370;0
53;53;Agent_11;orders came from the seed rule base (rules as-is);0;0;R20[0.08] R26[0.17] A1[0.08] G2[0.04] G3[0.08] G5[0.08];0.18;0.34;0.00;0.26;0.07;0.00;0.78;0.12;0.0408;0.1370;1
53;53;Agent_12;orders came from the seed rule base (rules as-is);0;0;R20[0.03] R26[0.03] A1[0.11] G2[0.05] G3[0.11] G1[0.06];0.06;0.12;0.00;0.42;0.10;0.00;0.83;0.12;0.0408;0.1370;0
53;53;Agent_1;orders came from the seed rule base (rules as-is);0;0;R11[0.23] R15[0.23] R20[0.18] R26[0.31] A1[0.18] G2[0.18];0.32;0.73;0.16;0.90;0.59;0.41;0.69;0.12;0.0408;0.1370;1
53;53;Agent_2;orders came from the seed rule base (rules as-is);0;0;R11[0.28] R15[0.08] R20[0.05] R26[0.08] A1[0.06] G2[0.06];0.08;0.41;0.05;0.31;0.40;0.34;0.86;0.12;0.0408;0.1370;1
53;53;Agent_3;orders came from the seed rule base (rules as-is);0;0;R7[0.08] R20[0.05] R26[0.07] A1[0.08] G2[0.04] G3[0.08];0.11;0.23;0.05;0.44;0.07;0.00;0.77;0.58;0.0408;0.1370;1
53;53;Agent_4;orders came from the seed rule base (rules as-is);0;0;R20[0.47] R26[0.63] A1[0.62] G2[0.28] G3[0.26] G5[0.47];0.63;0.81;0.00;0.92;0.58;0.00;0.92;0.56;0.0408;0.1370;1
53;53;Agent_5;orders came from the seed rule base (rules as-is);0;0;R11[0.23] R15[0.04] R20[0.04] R26[0.04] A1[0.08] G2[0.08];0.04;0.21;0.03;0.39;0.35;0.26;0.85;0.12;0.0408;0.1370;0
53;53;Agent_6;orders came from the seed rule base (rules as-is);0;0;R7[0.08] R11[0.04] R15[0.11] R20[0.12] R26[0.25] A1[0.08];0.28;0.49;0.14;0.46;0.17;0.12;0.83;0.12;0.0408;0.1370;1
53;53;Agent_7;orders came from the seed rule base (rules as-is);0;0;R7[0.08] R20[0.13] R26[0.28] A1[0.08] G2[0.04] G3[0.08];0.32;0.50;0.05;0.46;0.07;0.00;0.84;0.26;0.0408;0.1370;1
53;53;Agent_8;orders came from the seed rule base (rules as-is);0;0;R20[0.19] R26[0.30] A1[0.24] G2[0.11] G3[0.22] G1[0.12];0.41;0.75;0.00;0.91;0.22;0.00;0.80;0.34;0.0408;0.1370;1
53;53;Agent_9;orders came from the seed rule base (rules as-is);0;0;R7[0.11] R20[0.09] R26[0.18] A1[0.11] G2[0.05] G3[0.11];0.18;0.38;0.07;0.43;0.10;0.00;0.80;0.12;0.0408;0.1370;1
53;53;Agent_10;orders came from the seed rule base (rules as-is);0;0;R20[0.03] R26[0.03] A1[0.08] G2[0.04] G3[0.08] G1[0.07];0.05;0.10;0.00;0.33;0.07;0.00;0.84;0.12;0.0408;0.1370;0
53;53;Agent_11;orders came from the seed rule base (rules as-is);0;0;R20[0.08] R26[0.17] A1[0.08] G2[0.04] G3[0.08] G5[0.08];0.18;0.34;0.00;0.26;0.07;0.00;0.78;0.12;0.0408;0.1370;1
53;53;Agent_12;orders came from the seed rule base (rules as-is);0;0;R20[0.03] R26[0.03] A1[0.11] G2[0.05] G3[0.11] G1[0.06];0.06;0.12;0.00;0.42;0.10;0.00;0.83;0.12;0.0408;0.1370;0
54;54;Agent_1;orders came from the seed rule base (rules as-is);0;0;R11[0.23] R15[0.23] R20[0.17] R26[0.29] A1[0.18] G2[0.18];0.30;0.72;0.16;0.90;0.59;0.41;0.69;0.12;0.0409;0.1335;1
54;54;Agent_2;orders came from the seed rule base (rules as-is);0;0;R11[0.28] R15[0.07] R20[0.05] R26[0.07] A1[0.06] G2[0.06];0.05;0.26;0.05;0.31;0.40;0.33;0.86;0.12;0.0409;0.1335;0
54;54;Agent_3;orders came from the seed rule base (rules as-is);0;0;R7[0.08] R20[0.05] R26[0.06] A1[0.08] G2[0.04] G3[0.08];0.11;0.23;0.05;0.44;0.07;0.00;0.77;0.58;0.0409;0.1335;1
54;54;Agent_4;orders came from the seed rule base (rules as-is);0;0;R20[0.46] R26[0.62] A1[0.61] G2[0.27] G3[0.26] G5[0.46];0.62;0.81;0.00;0.92;0.56;0.00;0.91;0.56;0.0409;0.1335;1
54;54;Agent_5;orders came from the seed rule base (rules as-is);0;0;R11[0.23] R15[0.04] R20[0.04] R26[0.04] A1[0.08] G2[0.08];0.04;0.21;0.03;0.39;0.35;0.26;0.85;0.12;0.0409;0.1335;0
54;54;Agent_6;orders came from the seed rule base (rules as-is);0;0;R7[0.08] R11[0.04] R15[0.11] R20[0.12] R26[0.24] A1[0.08];0.28;0.48;0.14;0.45;0.17;0.12;0.83;0.12;0.0409;0.1335;1
54;54;Agent_7;orders came from the seed rule base (rules as-is);0;0;R7[0.08] R20[0.13] R26[0.28] A1[0.08] G2[0.04] G3[0.08];0.32;0.50;0.05;0.46;0.07;0.00;0.84;0.26;0.0409;0.1335;1
54;54;Agent_8;orders came from the seed rule base (rules as-is);0;0;R20[0.19] R26[0.30] A1[0.23] G2[0.11] G3[0.22] G1[0.12];0.41;0.75;0.00;0.91;0.22;0.00;0.80;0.34;0.0409;0.1335;1
54;54;Agent_9;orders came from the seed rule base (rules as-is);0;0;R7[0.11] R20[0.10] R26[0.19] A1[0.11] G2[0.05] G3[0.11];0.19;0.39;0.07;0.43;0.10;0.00;0.80;0.12;0.0409;0.1335;1
54;54;Agent_10;orders came from the seed rule base (rules as-is);0;0;R20[0.03] R26[0.03] A1[0.08] G2[0.04] G3[0.08] G1[0.07];0.05;0.10;0.00;0.33;0.07;0.00;0.84;0.12;0.0409;0.1335;0
54;54;Agent_11;orders came from the seed rule base (rules as-is);0;0;R20[0.09] R26[0.18] A1[0.08] G2[0.04] G3[0.08] G5[0.08];0.18;0.35;0.00;0.26;0.07;0.00;0.78;0.12;0.0409;0.1335;1
54;54;Agent_12;orders came from the seed rule base (rules as-is);0;0;R20[0.03] R26[0.03] A1[0.11] G2[0.05] G3[0.11] G1[0.06];0.06;0.12;0.00;0.41;0.10;0.00;0.83;0.12;0.0409;0.1335;0
55;55;Agent_1;orders came from the seed rule base (rules as-is);0;0;R11[0.23] R15[0.23] R20[0.16] R26[0.27] A1[0.18] G2[0.18];0.29;0.72;0.16;0.90;0.59;0.41;0.69;0.12;0.0417;0.1339;1
55;55;Agent_2;orders came from the seed rule base (rules as-is);0;0;R11[0.28] R15[0.07] R20[0.04] R26[0.07] A1[0.06] G2[0.06];0.05;0.25;0.04;0.31;0.39;0.33;0.87;0.12;0.0417;0.1339;0
55;55;Agent_3;orders came from the seed rule base (rules as-is);0;0;R7[0.08] R20[0.05] R26[0.06] A1[0.08] G2[0.04] G3[0.08];0.11;0.23;0.05;0.44;0.07;0.00;0.77;0.58;0.0417;0.1339;1
55;55;Agent_4;orders came from the seed rule base (rules as-is);0;0;R20[0.46] R26[0.62] A1[0.59] G2[0.27] G3[0.26] G5[0.46];0.62;0.81;0.00;0.92;0.55;0.00;0.91;0.56;0.0417;0.1339;1
55;55;Agent_5;orders came from the seed rule base (rules as-is);0;0;R11[0.23] R15[0.04] R20[0.03] R26[0.04] A1[0.08] G2[0.08];0.04;0.20;0.03;0.39;0.35;0.26;0.85;0.12;0.0417;0.1339;0
55;55;Agent_6;orders came from the seed rule base (rules as-is);0;0;R7[0.08] R11[0.04] R15[0.11] R20[0.11] R26[0.24] A1[0.08];0.27;0.47;0.14;0.45;0.17;0.12;0.83;0.12;0.0417;0.1339;1
55;55;Agent_7;orders came from the seed rule base (rules as-is);0;0;R7[0.08] R20[0.13] R26[0.28] A1[0.08] G2[0.04] G3[0.08];0.32;0.50;0.05;0.46;0.07;0.00;0.84;0.26;0.0417;0.1339;1
55;55;Agent_8;orders came from the seed rule base (rules as-is);0;0;R20[0.19] R26[0.30] A1[0.24] G2[0.11] G3[0.22] G1[0.12];0.41;0.75;0.00;0.91;0.22;0.00;0.80;0.34;0.0417;0.1339;1
55;55;Agent_9;orders came from the seed rule base (rules as-is);0;0;R7[0.11] R20[0.10] R26[0.19] A1[0.11] G2[0.05] G3[0.11];0.19;0.40;0.07;0.44;0.10;0.00;0.80;0.12;0.0417;0.1339;1
55;55;Agent_10;orders came from the seed rule base (rules as-is);0;0;R20[0.03] R26[0.03] A1[0.08] G2[0.04] G3[0.08] G1[0.07];0.05;0.10;0.00;0.34;0.07;0.00;0.84;0.12;0.0417;0.1339;0
55;55;Agent_11;orders came from the seed rule base (rules as-is);0;0;R20[0.09] R26[0.19] A1[0.08] G2[0.04] G3[0.08] G5[0.08];0.19;0.35;0.00;0.26;0.07;0.00;0.78;0.12;0.0417;0.1339;1
55;55;Agent_12;orders came from the seed rule base (rules as-is);0;0;R20[0.03] R26[0.03] A1[0.11] G2[0.05] G3[0.11] G1[0.06];0.06;0.12;0.00;0.44;0.11;0.00;0.82;0.12;0.0417;0.1339;0
56;56;Agent_1;orders came from the seed rule base (rules as-is);0;0;R11[0.23] R15[0.23] R20[0.15] R26[0.26] A1[0.18] G2[0.18];0.28;0.72;0.16;0.90;0.59;0.41;0.69;0.12;0.0424;0.1319;1
56;56;Agent_2;orders came from the seed rule base (rules as-is);0;0;R11[0.28] R15[0.06] R20[0.04] R26[0.06] A1[0.06] G2[0.06];0.05;0.25;0.04;0.30;0.39;0.33;0.87;0.12;0.0424;0.1319;0
56;56;Agent_3;orders came from the seed rule base (rules as-is);0;0;R7[0.08] R20[0.05] R26[0.06] A1[0.08] G2[0.04] G3[0.08];0.11;0.23;0.05;0.44;0.07;0.00;0.77;0.58;0.0424;0.1319;1
56;56;Agent_4;orders came from the seed rule base (rules as-is);0;0;R20[0.45] R26[0.62] A1[0.59] G2[0.26] G3[0.26] G5[0.45];0.62;0.81;0.00;0.92;0.55;0.00;0.91;0.56;0.0424;0.1319;1
56;56;Agent_5;orders came from the seed rule base (rules as-is);0;0;R11[0.23] R15[0.04] R20[0.03] R26[0.04] A1[0.08] G2[0.08];0.04;0.20;0.03;0.39;0.35;0.26;0.85;0.12;0.0424;0.1319;0
56;56;Agent_6;orders came from the seed rule base (rules as-is);0;0;R7[0.08] R11[0.04] R15[0.11] R20[0.11] R26[0.23] A1[0.08];0.26;0.46;0.14;0.45;0.17;0.12;0.83;0.12;0.0424;0.1319;1
56;56;Agent_7;orders came from the seed rule base (rules as-is);0;0;R7[0.08] R20[0.13] R26[0.28] A1[0.08] G2[0.04] G3[0.08];0.32;0.50;0.05;0.46;0.07;0.00;0.84;0.26;0.0424;0.1319;1
56;56;Agent_8;orders came from the seed rule base (rules as-is);0;0;R20[0.19] R26[0.30] A1[0.24] G2[0.11] G3[0.22] G1[0.12];0.41;0.75;0.00;0.91;0.22;0.00;0.80;0.34;0.0424;0.1319;1
56;56;Agent_9;orders came from the seed rule base (rules as-is);0;0;R7[0.11] R20[0.10] R26[0.20] A1[0.11] G2[0.05] G3[0.11];0.20;0.41;0.07;0.44;0.10;0.00;0.80;0.12;0.0424;0.1319;1
56;56;Agent_10;orders came from the seed rule base (rules as-is);0;0;R20[0.03] R26[0.03] A1[0.08] G2[0.04] G3[0.08] G1[0.08];0.05;0.10;0.00;0.34;0.07;0.00;0.84;0.12;0.0424;0.1319;0
56;56;Agent_11;orders came from the seed rule base (rules as-is);0;0;R20[0.09] R26[0.19] A1[0.08] G2[0.04] G3[0.08] G5[0.08];0.19;0.36;0.00;0.26;0.07;0.00;0.78;0.12;0.0424;0.1319;1
56;56;Agent_12;orders came from the seed rule base (rules as-is);0;0;R20[0.04] R26[0.03] A1[0.12] G2[0.05] G3[0.12] G1[0.07];0.06;0.13;0.00;0.45;0.11;0.00;0.82;0.12;0.0424;0.1319;0
57;57;Agent_1;RL selected stage 3 [GenAI] (deficit bucket: mid+gap) → ACCEPTED: G6: G6: IF fire threat level is VH AND asset exposure risk is VH THEN suppression effort 1.0, asset protection 0.8 (adaptation-born: generative (template), gates G1-G4);3;3;R11[0.23] R15[0.23] R20[0.14] R26[0.25] A1[0.18] G2[0.18];0.40;0.71;0.16;0.89;0.59;0.41;0.72;0.12;0.0413;0.1314;1
57;57;Agent_2;RL selected stage 3 [GenAI] (deficit bucket: mid+gap) → ACCEPTED: G6: G6: IF fire threat level is VH AND asset exposure risk is VH THEN suppression effort 1.0, asset protection 0.8 (adaptation-born: generative (template), gates G1-G4);3;3;R11[0.28] R15[0.06] R20[0.04] R26[0.06] A1[0.06] G2[0.06];0.07;0.24;0.04;0.35;0.39;0.33;0.87;0.12;0.0413;0.1314;0
57;57;Agent_3;RL selected stage 3 [GenAI] (deficit bucket: mid+gap) → ACCEPTED: G6: G6: IF fire threat level is VH AND asset exposure risk is VH THEN suppression effort 1.0, asset protection 0.8 (adaptation-born: generative (template), gates G1-G4);3;3;R7[0.08] R20[0.05] R26[0.06] A1[0.08] G2[0.04] G3[0.08];0.17;0.23;0.05;0.49;0.07;0.00;0.77;0.58;0.0413;0.1314;1
57;57;Agent_4;RL selected stage 3 [GenAI] (deficit bucket: mid+gap) → ACCEPTED: G6: G6: IF fire threat level is VH AND asset exposure risk is VH THEN suppression effort 1.0, asset protection 0.8 (adaptation-born: generative (template), gates G1-G4);3;3;R20[0.45] R26[0.62] A1[0.58] G2[0.26] G3[0.26] G5[0.45];0.98;0.81;0.00;0.90;0.54;0.00;0.94;0.56;0.0413;0.1314;1
57;57;Agent_5;RL selected stage 3 [GenAI] (deficit bucket: mid+gap) → ACCEPTED: G6: G6: IF fire threat level is VH AND asset exposure risk is VH THEN suppression effort 1.0, asset protection 0.8 (adaptation-born: generative (template), gates G1-G4);3;3;R11[0.23] R15[0.04] R20[0.03] R26[0.04] A1[0.08] G2[0.08];0.05;0.20;0.03;0.42;0.35;0.26;0.85;0.12;0.0413;0.1314;0
57;57;Agent_6;RL selected stage 3 [GenAI] (deficit bucket: mid+gap) → ACCEPTED: G6: G6: IF fire threat level is VH AND asset exposure risk is VH THEN suppression effort 1.0, asset protection 0.8 (adaptation-born: generative (template), gates G1-G4);3;3;R7[0.08] R11[0.04] R15[0.11] R20[0.11] R26[0.23] A1[0.08];0.33;0.45;0.14;0.52;0.17;0.12;0.87;0.12;0.0413;0.1314;1
57;57;Agent_7;RL selected stage 3 [GenAI] (deficit bucket: mid+gap) → ACCEPTED: G6: G6: IF fire threat level is VH AND asset exposure risk is VH THEN suppression effort 1.0, asset protection 0.8 (adaptation-born: generative (template), gates G1-G4);3;3;R7[0.08] R20[0.13] R26[0.28] A1[0.08] G2[0.04] G3[0.08];0.40;0.50;0.05;0.53;0.07;0.00;0.87;0.26;0.0413;0.1314;1
57;57;Agent_8;RL selected stage 3 [GenAI] (deficit bucket: mid+gap) → ACCEPTED: G6: G6: IF fire threat level is VH AND asset exposure risk is VH THEN suppression effort 1.0, asset protection 0.8 (adaptation-born: generative (template), gates G1-G4);3;3;R20[0.19] R26[0.30] A1[0.24] G2[0.11] G3[0.22] G1[0.12];0.64;0.75;0.00;0.90;0.22;0.00;0.78;0.34;0.0413;0.1314;1
57;57;Agent_9;RL selected stage 3 [GenAI] (deficit bucket: mid+gap) → ACCEPTED: G6: G6: IF fire threat level is VH AND asset exposure risk is VH THEN suppression effort 1.0, asset protection 0.8 (adaptation-born: generative (template), gates G1-G4);3;3;R7[0.11] R20[0.10] R26[0.20] A1[0.11] G2[0.05] G3[0.11];0.30;0.41;0.07;0.53;0.10;0.00;0.85;0.12;0.0413;0.1314;1
57;57;Agent_10;RL selected stage 3 [GenAI] (deficit bucket: mid+gap) → ACCEPTED: G6: G6: IF fire threat level is VH AND asset exposure risk is VH THEN suppression effort 1.0, asset protection 0.8 (adaptation-born: generative (template), gates G1-G4);3;3;R20[0.03] R26[0.03] A1[0.08] G2[0.04] G3[0.08] G1[0.08];0.07;0.10;0.00;0.37;0.07;0.00;0.86;0.12;0.0413;0.1314;0
57;57;Agent_11;RL selected stage 3 [GenAI] (deficit bucket: mid+gap) → ACCEPTED: G6: G6: IF fire threat level is VH AND asset exposure risk is VH THEN suppression effort 1.0, asset protection 0.8 (adaptation-born: generative (template), gates G1-G4);3;3;R20[0.09] R26[0.20] A1[0.08] G2[0.04] G3[0.08] G5[0.08];0.27;0.36;0.00;0.33;0.07;0.00;0.81;0.12;0.0413;0.1314;1
57;57;Agent_12;RL selected stage 3 [GenAI] (deficit bucket: mid+gap) → ACCEPTED: G6: G6: IF fire threat level is VH AND asset exposure risk is VH THEN suppression effort 1.0, asset protection 0.8 (adaptation-born: generative (template), gates G1-G4);3;3;R20[0.04] R26[0.03] A1[0.12] G2[0.05] G3[0.12] G1[0.07];0.08;0.13;0.00;0.48;0.11;0.00;0.84;0.12;0.0413;0.1314;0
58;58;Agent_1;orders came from the seed rule base (rules as-is);0;0;R11[0.23] R15[0.23] R20[0.14] R26[0.24] A1[0.18] G2[0.18];0.39;0.71;0.16;0.89;0.59;0.41;0.72;0.12;0.0483;0.1296;1
58;58;Agent_2;orders came from the seed rule base (rules as-is);0;0;R11[0.28] R15[0.06] R20[0.04] R26[0.06] A1[0.06] G2[0.06];0.07;0.24;0.04;0.35;0.39;0.32;0.87;0.12;0.0483;0.1296;0
58;58;Agent_3;orders came from the seed rule base (rules as-is);0;0;R7[0.08] R20[0.05] R26[0.06] A1[0.08] G2[0.04] G3[0.08];0.17;0.23;0.05;0.49;0.07;0.00;0.77;0.58;0.0483;0.1296;1
58;58;Agent_4;orders came from the seed rule base (rules as-is);0;0;R20[0.45] R26[0.62] A1[0.57] G2[0.26] G3[0.26] G5[0.45];0.98;0.81;0.00;0.90;0.53;0.00;0.94;0.56;0.0483;0.1296;1
58;58;Agent_5;orders came from the seed rule base (rules as-is);0;0;R11[0.23] R15[0.04] R20[0.03] R26[0.04] A1[0.08] G2[0.08];0.05;0.20;0.03;0.42;0.35;0.25;0.85;0.12;0.0483;0.1296;0
58;58;Agent_6;orders came from the seed rule base (rules as-is);0;0;R7[0.08] R11[0.04] R15[0.11] R20[0.11] R26[0.22] A1[0.08];0.33;0.45;0.14;0.52;0.17;0.12;0.87;0.12;0.0483;0.1296;1
58;58;Agent_7;orders came from the seed rule base (rules as-is);0;0;R7[0.08] R20[0.13] R26[0.28] A1[0.08] G2[0.04] G3[0.08];0.40;0.50;0.05;0.53;0.07;0.00;0.87;0.26;0.0483;0.1296;1
58;58;Agent_8;orders came from the seed rule base (rules as-is);0;0;R20[0.19] R26[0.30] A1[0.24] G2[0.11] G3[0.22] G1[0.12];0.64;0.75;0.00;0.90;0.22;0.00;0.78;0.33;0.0483;0.1296;1
58;58;Agent_9;orders came from the seed rule base (rules as-is);0;0;R7[0.11] R20[0.10] R26[0.20] A1[0.11] G2[0.05] G3[0.11];0.31;0.41;0.07;0.53;0.10;0.00;0.85;0.12;0.0483;0.1296;1
58;58;Agent_10;orders came from the seed rule base (rules as-is);0;0;R20[0.03] R26[0.03] A1[0.08] G2[0.04] G3[0.08] G1[0.08];0.07;0.10;0.00;0.37;0.07;0.00;0.86;0.12;0.0483;0.1296;0
58;58;Agent_11;orders came from the seed rule base (rules as-is);0;0;R20[0.09] R26[0.20] A1[0.08] G2[0.04] G3[0.08] G5[0.08];0.28;0.37;0.00;0.33;0.07;0.00;0.81;0.12;0.0483;0.1296;1
58;58;Agent_12;orders came from the seed rule base (rules as-is);0;0;R20[0.04] R26[0.03] A1[0.12] G2[0.05] G3[0.12] G1[0.07];0.08;0.13;0.00;0.48;0.11;0.00;0.84;0.12;0.0483;0.1296;0
59;59;Agent_1;orders came from the seed rule base (rules as-is);0;0;R11[0.23] R15[0.23] R20[0.13] R26[0.23] A1[0.18] G2[0.18];0.39;0.71;0.16;0.89;0.59;0.41;0.72;0.12;0.0489;0.1276;1
59;59;Agent_2;orders came from the seed rule base (rules as-is);0;0;R11[0.28] R15[0.06] R20[0.04] R26[0.06] A1[0.06] G2[0.06];0.07;0.23;0.04;0.35;0.39;0.32;0.87;0.12;0.0489;0.1276;0
59;59;Agent_3;orders came from the seed rule base (rules as-is);0;0;R7[0.08] R20[0.05] R26[0.06] A1[0.08] G2[0.04] G3[0.08];0.17;0.23;0.05;0.49;0.07;0.00;0.77;0.58;0.0489;0.1276;1
59;59;Agent_4;orders came from the seed rule base (rules as-is);0;0;R20[0.45] R26[0.62] A1[0.57] G2[0.26] G3[0.26] G5[0.45];0.98;0.81;0.00;0.90;0.53;0.00;0.93;0.56;0.0489;0.1276;1
59;59;Agent_5;orders came from the seed rule base (rules as-is);0;0;R11[0.23] R15[0.04] R20[0.03] R26[0.04] A1[0.08] G2[0.08];0.05;0.20;0.03;0.42;0.35;0.25;0.85;0.12;0.0489;0.1276;0
59;59;Agent_6;orders came from the seed rule base (rules as-is);0;0;R7[0.08] R11[0.04] R15[0.11] R20[0.10] R26[0.22] A1[0.08];0.33;0.44;0.14;0.52;0.17;0.12;0.87;0.12;0.0489;0.1276;1
59;59;Agent_7;orders came from the seed rule base (rules as-is);0;0;R7[0.08] R20[0.13] R26[0.28] A1[0.08] G2[0.04] G3[0.08];0.40;0.50;0.05;0.53;0.07;0.00;0.87;0.25;0.0489;0.1276;1
59;59;Agent_8;orders came from the seed rule base (rules as-is);0;0;R20[0.19] R26[0.30] A1[0.24] G2[0.11] G3[0.22] G1[0.12];0.64;0.75;0.00;0.90;0.22;0.00;0.78;0.33;0.0489;0.1276;1
59;59;Agent_9;orders came from the seed rule base (rules as-is);0;0;R7[0.11] R20[0.10] R26[0.20] A1[0.11] G2[0.05] G3[0.11];0.31;0.41;0.07;0.53;0.10;0.00;0.85;0.12;0.0489;0.1276;1
59;59;Agent_10;orders came from the seed rule base (rules as-is);0;0;R20[0.03] R26[0.03] A1[0.08] G2[0.04] G3[0.08] G1[0.08];0.07;0.10;0.00;0.37;0.07;0.00;0.86;0.12;0.0489;0.1276;0
59;59;Agent_11;orders came from the seed rule base (rules as-is);0;0;R20[0.10] R26[0.20] A1[0.08] G2[0.04] G3[0.08] G5[0.08];0.28;0.37;0.00;0.33;0.07;0.00;0.81;0.12;0.0489;0.1276;1
59;59;Agent_12;orders came from the seed rule base (rules as-is);0;0;R20[0.04] R26[0.03] A1[0.12] G2[0.05] G3[0.12] G1[0.07];0.08;0.13;0.00;0.48;0.11;0.00;0.84;0.12;0.0489;0.1276;0
60;60;Agent_1;orders came from the seed rule base (rules as-is);0;0;R11[0.23] R15[0.22] R20[0.13] R26[0.22] A1[0.18] G2[0.18];0.26;0.48;0.16;0.89;0.59;0.40;0.72;0.12;0.0580;0.1439;0
60;60;Agent_2;orders came from the seed rule base (rules as-is);0;0;R11[0.28] R15[0.06] R20[0.04] R26[0.06] A1[0.06] G2[0.06];0.06;0.23;0.04;0.35;0.39;0.32;0.87;0.12;0.0580;0.1439;0
60;60;Agent_3;orders came from the seed rule base (rules as-is);0;0;R7[0.08] R20[0.05] R26[0.06] A1[0.08] G2[0.04] G3[0.08];0.17;0.23;0.05;0.49;0.07;0.00;0.77;0.58;0.0580;0.1439;1
60;60;Agent_4;orders came from the seed rule base (rules as-is);0;0;R20[0.44] R26[0.62] A1[0.56] G2[0.25] G3[0.26] G5[0.44];0.98;0.81;0.00;0.90;0.52;0.00;0.93;0.56;0.0580;0.1439;1
60;60;Agent_5;orders came from the seed rule base (rules as-is);0;0;R11[0.23] R15[0.04] R20[0.03] R26[0.04] A1[0.08] G2[0.08];0.05;0.20;0.03;0.42;0.35;0.25;0.85;0.12;0.0580;0.1439;0
60;60;Agent_6;orders came from the seed rule base (rules as-is);0;0;R7[0.08] R11[0.04] R15[0.11] R20[0.10] R26[0.22] A1[0.08];0.32;0.44;0.14;0.52;0.17;0.12;0.87;0.12;0.0580;0.1439;1
60;60;Agent_7;orders came from the seed rule base (rules as-is);0;0;R7[0.08] R20[0.13] R26[0.28] A1[0.08] G2[0.04] G3[0.08];0.40;0.50;0.05;0.53;0.07;0.00;0.87;0.25;0.0580;0.1439;1
60;60;Agent_8;orders came from the seed rule base (rules as-is);0;0;R20[0.19] R26[0.30] A1[0.24] G2[0.11] G3[0.22] G1[0.12];0.64;0.75;0.00;0.90;0.22;0.00;0.78;0.33;0.0580;0.1439;1
60;60;Agent_9;orders came from the seed rule base (rules as-is);0;0;R7[0.11] R20[0.10] R26[0.20] A1[0.11] G2[0.05] G3[0.11];0.31;0.42;0.07;0.53;0.10;0.00;0.85;0.12;0.0580;0.1439;1
60;60;Agent_10;orders came from the seed rule base (rules as-is);0;0;R20[0.03] R26[0.03] A1[0.08] G2[0.04] G3[0.08] G1[0.08];0.07;0.10;0.00;0.37;0.07;0.00;0.86;0.12;0.0580;0.1439;0
60;60;Agent_11;orders came from the seed rule base (rules as-is);0;0;R20[0.10] R26[0.20] A1[0.08] G2[0.04] G3[0.08] G5[0.08];0.28;0.37;0.00;0.33;0.07;0.00;0.81;0.12;0.0580;0.1439;1
60;60;Agent_12;orders came from the seed rule base (rules as-is);0;0;R20[0.04] R26[0.03] A1[0.12] G2[0.05] G3[0.12] G1[0.07];0.08;0.13;0.00;0.48;0.11;0.00;0.84;0.12;0.0580;0.1439;0
60;60;Agent_1;orders came from the seed rule base (rules as-is);0;0;R11[0.23] R15[0.22] R20[0.13] R26[0.22] A1[0.18] G2[0.18];0.26;0.48;0.16;0.89;0.59;0.40;0.72;0.12;0.0580;0.1439;0
60;60;Agent_2;orders came from the seed rule base (rules as-is);0;0;R11[0.28] R15[0.06] R20[0.04] R26[0.06] A1[0.06] G2[0.06];0.06;0.23;0.04;0.35;0.39;0.32;0.87;0.12;0.0580;0.1439;0
60;60;Agent_3;orders came from the seed rule base (rules as-is);0;0;R7[0.08] R20[0.05] R26[0.06] A1[0.08] G2[0.04] G3[0.08];0.17;0.23;0.05;0.49;0.07;0.00;0.77;0.58;0.0580;0.1439;1
60;60;Agent_4;orders came from the seed rule base (rules as-is);0;0;R20[0.44] R26[0.62] A1[0.56] G2[0.25] G3[0.26] G5[0.44];0.98;0.81;0.00;0.90;0.52;0.00;0.93;0.56;0.0580;0.1439;1
60;60;Agent_5;orders came from the seed rule base (rules as-is);0;0;R11[0.23] R15[0.04] R20[0.03] R26[0.04] A1[0.08] G2[0.08];0.05;0.20;0.03;0.42;0.35;0.25;0.85;0.12;0.0580;0.1439;0
60;60;Agent_6;orders came from the seed rule base (rules as-is);0;0;R7[0.08] R11[0.04] R15[0.11] R20[0.10] R26[0.22] A1[0.08];0.32;0.44;0.14;0.52;0.17;0.12;0.87;0.12;0.0580;0.1439;1
60;60;Agent_7;orders came from the seed rule base (rules as-is);0;0;R7[0.08] R20[0.13] R26[0.28] A1[0.08] G2[0.04] G3[0.08];0.40;0.50;0.05;0.53;0.07;0.00;0.87;0.25;0.0580;0.1439;1
60;60;Agent_8;orders came from the seed rule base (rules as-is);0;0;R20[0.19] R26[0.30] A1[0.24] G2[0.11] G3[0.22] G1[0.12];0.64;0.75;0.00;0.90;0.22;0.00;0.78;0.33;0.0580;0.1439;1
60;60;Agent_9;orders came from the seed rule base (rules as-is);0;0;R7[0.11] R20[0.10] R26[0.20] A1[0.11] G2[0.05] G3[0.11];0.31;0.42;0.07;0.53;0.10;0.00;0.85;0.12;0.0580;0.1439;1
60;60;Agent_10;orders came from the seed rule base (rules as-is);0;0;R20[0.03] R26[0.03] A1[0.08] G2[0.04] G3[0.08] G1[0.08];0.07;0.10;0.00;0.37;0.07;0.00;0.86;0.12;0.0580;0.1439;0
60;60;Agent_11;orders came from the seed rule base (rules as-is);0;0;R20[0.10] R26[0.20] A1[0.08] G2[0.04] G3[0.08] G5[0.08];0.28;0.37;0.00;0.33;0.07;0.00;0.81;0.12;0.0580;0.1439;1
60;60;Agent_12;orders came from the seed rule base (rules as-is);0;0;R20[0.04] R26[0.03] A1[0.12] G2[0.05] G3[0.12] G1[0.07];0.08;0.13;0.00;0.48;0.11;0.00;0.84;0.12;0.0580;0.1439;0
60;60;Agent_1;orders came from the seed rule base (rules as-is);0;0;R11[0.23] R15[0.22] R20[0.13] R26[0.22] A1[0.18] G2[0.18];0.26;0.48;0.16;0.89;0.59;0.40;0.72;0.12;0.0580;0.1439;0
60;60;Agent_2;orders came from the seed rule base (rules as-is);0;0;R11[0.28] R15[0.06] R20[0.04] R26[0.06] A1[0.06] G2[0.06];0.06;0.23;0.04;0.35;0.39;0.32;0.87;0.12;0.0580;0.1439;0
60;60;Agent_3;orders came from the seed rule base (rules as-is);0;0;R7[0.08] R20[0.05] R26[0.06] A1[0.08] G2[0.04] G3[0.08];0.17;0.23;0.05;0.49;0.07;0.00;0.77;0.58;0.0580;0.1439;1
60;60;Agent_4;orders came from the seed rule base (rules as-is);0;0;R20[0.44] R26[0.62] A1[0.56] G2[0.25] G3[0.26] G5[0.44];0.98;0.81;0.00;0.90;0.52;0.00;0.93;0.56;0.0580;0.1439;1
60;60;Agent_5;orders came from the seed rule base (rules as-is);0;0;R11[0.23] R15[0.04] R20[0.03] R26[0.04] A1[0.08] G2[0.08];0.05;0.20;0.03;0.42;0.35;0.25;0.85;0.12;0.0580;0.1439;0
60;60;Agent_6;orders came from the seed rule base (rules as-is);0;0;R7[0.08] R11[0.04] R15[0.11] R20[0.10] R26[0.22] A1[0.08];0.32;0.44;0.14;0.51;0.17;0.12;0.87;0.12;0.0580;0.1439;1
60;60;Agent_7;orders came from the seed rule base (rules as-is);0;0;R7[0.08] R20[0.13] R26[0.28] A1[0.08] G2[0.04] G3[0.08];0.40;0.50;0.05;0.53;0.07;0.00;0.87;0.25;0.0580;0.1439;1
60;60;Agent_8;orders came from the seed rule base (rules as-is);0;0;R20[0.19] R26[0.30] A1[0.24] G2[0.11] G3[0.22] G1[0.12];0.64;0.75;0.00;0.90;0.22;0.00;0.78;0.33;0.0580;0.1439;1
60;60;Agent_9;orders came from the seed rule base (rules as-is);0;0;R7[0.11] R20[0.10] R26[0.20] A1[0.11] G2[0.05] G3[0.11];0.31;0.42;0.07;0.53;0.10;0.00;0.85;0.12;0.0580;0.1439;1
60;60;Agent_10;orders came from the seed rule base (rules as-is);0;0;R20[0.03] R26[0.03] A1[0.08] G2[0.04] G3[0.08] G1[0.08];0.07;0.10;0.00;0.37;0.07;0.00;0.86;0.12;0.0580;0.1439;0
60;60;Agent_11;orders came from the seed rule base (rules as-is);0;0;R20[0.10] R26[0.20] A1[0.08] G2[0.04] G3[0.08] G5[0.08];0.28;0.37;0.00;0.33;0.07;0.00;0.81;0.12;0.0580;0.1439;1
60;60;Agent_12;orders came from the seed rule base (rules as-is);0;0;R20[0.04] R26[0.03] A1[0.12] G2[0.05] G3[0.12] G1[0.07];0.08;0.13;0.00;0.48;0.11;0.00;0.84;0.12;0.0580;0.1439;0
61;61;Agent_1;orders came from the seed rule base (rules as-is);0;0;R11[0.23] R15[0.22] R20[0.13] R26[0.22] A1[0.18] G2[0.18];0.25;0.47;0.15;0.89;0.59;0.40;0.71;0.12;0.0553;0.1430;0
61;61;Agent_2;orders came from the seed rule base (rules as-is);0;0;R11[0.28] R15[0.05] R20[0.03] R26[0.05] A1[0.06] G2[0.06];0.06;0.23;0.04;0.34;0.39;0.32;0.87;0.12;0.0553;0.1430;0
61;61;Agent_3;orders came from the seed rule base (rules as-is);0;0;R7[0.08] R20[0.05] R26[0.06] A1[0.08] G2[0.04] G3[0.08];0.17;0.23;0.05;0.49;0.07;0.00;0.77;0.58;0.0553;0.1430;1
61;61;Agent_4;orders came from the seed rule base (rules as-is);0;0;R20[0.44] R26[0.62] A1[0.56] G2[0.25] G3[0.26] G5[0.44];0.98;0.81;0.00;0.90;0.52;0.00;0.93;0.56;0.0553;0.1430;1
61;61;Agent_5;orders came from the seed rule base (rules as-is);0;0;R11[0.23] R15[0.04] R20[0.03] R26[0.04] A1[0.08] G2[0.08];0.05;0.20;0.02;0.41;0.35;0.25;0.85;0.12;0.0553;0.1430;0
61;61;Agent_6;orders came from the seed rule base (rules as-is);0;0;R7[0.08] R11[0.04] R15[0.11] R20[0.10] R26[0.21] A1[0.08];0.32;0.43;0.14;0.51;0.17;0.12;0.87;0.12;0.0553;0.1430;1
61;61;Agent_7;orders came from the seed rule base (rules as-is);0;0;R7[0.08] R20[0.13] R26[0.28] A1[0.08] G2[0.04] G3[0.08];0.40;0.50;0.05;0.53;0.07;0.00;0.87;0.25;0.0553;0.1430;1
61;61;Agent_8;orders came from the seed rule base (rules as-is);0;0;R20[0.19] R26[0.30] A1[0.24] G2[0.11] G3[0.22] G1[0.12];0.64;0.75;0.00;0.90;0.22;0.00;0.78;0.33;0.0553;0.1430;1
61;61;Agent_9;orders came from the seed rule base (rules as-is);0;0;R7[0.11] R20[0.10] R26[0.20] A1[0.11] G2[0.05] G3[0.11];0.31;0.42;0.07;0.53;0.10;0.00;0.85;0.12;0.0553;0.1430;1
61;61;Agent_10;orders came from the seed rule base (rules as-is);0;0;R20[0.03] R26[0.03] A1[0.08] G2[0.04] G3[0.08] G1[0.08];0.07;0.10;0.00;0.37;0.07;0.00;0.86;0.12;0.0553;0.1430;0
61;61;Agent_11;orders came from the seed rule base (rules as-is);0;0;R20[0.10] R26[0.20] A1[0.08] G2[0.04] G3[0.08] G5[0.08];0.28;0.37;0.00;0.33;0.07;0.00;0.81;0.12;0.0553;0.1430;1
61;61;Agent_12;orders came from the seed rule base (rules as-is);0;0;R20[0.04] R26[0.03] A1[0.12] G2[0.05] G3[0.12] G1[0.07];0.08;0.13;0.00;0.48;0.11;0.00;0.84;0.12;0.0553;0.1430;0
62;62;Agent_1;orders came from the seed rule base (rules as-is);0;0;R11[0.23] R15[0.22] R20[0.12] R26[0.22] A1[0.18] G2[0.18];0.25;0.47;0.15;0.89;0.59;0.40;0.71;0.12;0.0438;0.1402;0
62;62;Agent_2;orders came from the seed rule base (rules as-is);0;0;R11[0.28] R15[0.05] R20[0.03] R26[0.05] A1[0.06] G2[0.06];0.06;0.22;0.03;0.34;0.39;0.32;0.87;0.12;0.0438;0.1402;0
62;62;Agent_3;orders came from the seed rule base (rules as-is);0;0;R7[0.08] R20[0.05] R26[0.06] A1[0.08] G2[0.04] G3[0.08];0.17;0.23;0.05;0.49;0.07;0.00;0.77;0.58;0.0438;0.1402;1
62;62;Agent_4;orders came from the seed rule base (rules as-is);0;0;R20[0.44] R26[0.62] A1[0.58] G2[0.26] G3[0.26] G5[0.44];0.98;0.81;0.00;0.90;0.54;0.00;0.94;0.56;0.0438;0.1402;1
62;62;Agent_5;orders came from the seed rule base (rules as-is);0;0;R11[0.23] R15[0.04] R20[0.03] R26[0.04] A1[0.08] G2[0.08];0.05;0.19;0.02;0.41;0.35;0.25;0.85;0.12;0.0438;0.1402;0
62;62;Agent_6;orders came from the seed rule base (rules as-is);0;0;R7[0.08] R11[0.04] R15[0.11] R20[0.10] R26[0.21] A1[0.08];0.32;0.43;0.14;0.51;0.17;0.12;0.87;0.12;0.0438;0.1402;1
62;62;Agent_7;orders came from the seed rule base (rules as-is);0;0;R7[0.08] R20[0.13] R26[0.28] A1[0.08] G2[0.04] G3[0.08];0.40;0.50;0.05;0.53;0.07;0.00;0.87;0.25;0.0438;0.1402;1
62;62;Agent_8;orders came from the seed rule base (rules as-is);0;0;R20[0.19] R26[0.30] A1[0.24] G2[0.11] G3[0.22] G1[0.12];0.64;0.75;0.00;0.90;0.22;0.00;0.78;0.33;0.0438;0.1402;1
62;62;Agent_9;orders came from the seed rule base (rules as-is);0;0;R7[0.11] R20[0.10] R26[0.20] A1[0.11] G2[0.05] G3[0.11];0.31;0.42;0.07;0.53;0.10;0.00;0.85;0.12;0.0438;0.1402;1
62;62;Agent_10;orders came from the seed rule base (rules as-is);0;0;R20[0.03] R26[0.03] A1[0.08] G2[0.04] G3[0.08] G1[0.08];0.07;0.10;0.00;0.37;0.07;0.00;0.86;0.12;0.0438;0.1402;0
62;62;Agent_11;orders came from the seed rule base (rules as-is);0;0;R20[0.10] R26[0.20] A1[0.08] G2[0.04] G3[0.08] G5[0.08];0.28;0.37;0.00;0.33;0.07;0.00;0.81;0.12;0.0438;0.1402;1
62;62;Agent_12;orders came from the seed rule base (rules as-is);0;0;R20[0.04] R26[0.03] A1[0.12] G2[0.05] G3[0.12] G1[0.07];0.08;0.13;0.00;0.48;0.11;0.00;0.84;0.12;0.0438;0.1402;0
63;63;Agent_1;orders came from the seed rule base (rules as-is);0;0;R11[0.23] R15[0.21] R20[0.12] R26[0.21] A1[0.18] G2[0.18];0.25;0.47;0.15;0.89;0.59;0.40;0.71;0.11;0.0495;0.1386;0
63;63;Agent_2;orders came from the seed rule base (rules as-is);0;0;R11[0.28] R15[0.05] R20[0.03] R26[0.05] A1[0.06] G2[0.06];0.06;0.22;0.03;0.34;0.38;0.32;0.87;0.11;0.0495;0.1386;0
63;63;Agent_3;orders came from the seed rule base (rules as-is);0;0;R7[0.08] R20[0.05] R26[0.06] A1[0.08] G2[0.04] G3[0.08];0.17;0.23;0.05;0.49;0.07;0.00;0.77;0.58;0.0495;0.1386;1
63;63;Agent_4;orders came from the seed rule base (rules as-is);0;0;R20[0.44] R26[0.62] A1[0.58] G2[0.26] G3[0.26] G5[0.44];0.98;0.81;0.00;0.90;0.54;0.00;0.94;0.56;0.0495;0.1386;1
63;63;Agent_5;orders came from the seed rule base (rules as-is);0;0;R11[0.23] R15[0.04] R20[0.03] R26[0.04] A1[0.08] G2[0.08];0.05;0.19;0.02;0.41;0.35;0.25;0.85;0.11;0.0495;0.1386;0
63;63;Agent_6;orders came from the seed rule base (rules as-is);0;0;R7[0.08] R11[0.04] R15[0.11] R20[0.10] R26[0.21] A1[0.08];0.32;0.43;0.14;0.51;0.17;0.12;0.87;0.11;0.0495;0.1386;1
63;63;Agent_7;orders came from the seed rule base (rules as-is);0;0;R7[0.08] R20[0.13] R26[0.28] A1[0.08] G2[0.04] G3[0.08];0.40;0.50;0.05;0.53;0.07;0.00;0.87;0.25;0.0495;0.1386;1
63;63;Agent_8;orders came from the seed rule base (rules as-is);0;0;R20[0.19] R26[0.30] A1[0.24] G2[0.11] G3[0.22] G1[0.12];0.64;0.75;0.00;0.90;0.22;0.00;0.78;0.33;0.0495;0.1386;1
63;63;Agent_9;orders came from the seed rule base (rules as-is);0;0;R7[0.11] R20[0.10] R26[0.20] A1[0.11] G2[0.05] G3[0.11];0.31;0.42;0.07;0.53;0.10;0.00;0.85;0.11;0.0495;0.1386;1
63;63;Agent_10;orders came from the seed rule base (rules as-is);0;0;R20[0.03] R26[0.03] A1[0.08] G2[0.04] G3[0.08] G1[0.08];0.07;0.10;0.00;0.37;0.07;0.00;0.86;0.11;0.0495;0.1386;0
63;63;Agent_11;orders came from the seed rule base (rules as-is);0;0;R20[0.10] R26[0.20] A1[0.08] G2[0.04] G3[0.08] G5[0.08];0.28;0.37;0.00;0.32;0.07;0.00;0.81;0.11;0.0495;0.1386;1
63;63;Agent_12;orders came from the seed rule base (rules as-is);0;0;R20[0.04] R26[0.03] A1[0.12] G2[0.05] G3[0.12] G1[0.07];0.08;0.13;0.00;0.48;0.11;0.00;0.84;0.11;0.0495;0.1386;0
64;64;Agent_1;orders came from the seed rule base (rules as-is);0;0;R11[0.23] R15[0.21] R20[0.12] R26[0.21] A1[0.18] G2[0.18];0.24;0.46;0.15;0.89;0.58;0.39;0.71;0.11;0.0443;0.1381;0
64;64;Agent_2;orders came from the seed rule base (rules as-is);0;0;R11[0.28] R15[0.05] R20[0.03] R26[0.05] A1[0.06] G2[0.06];0.06;0.22;0.03;0.34;0.38;0.32;0.87;0.11;0.0443;0.1381;0
64;64;Agent_3;orders came from the seed rule base (rules as-is);0;0;R7[0.08] R20[0.05] R26[0.06] A1[0.08] G2[0.04] G3[0.08];0.17;0.23;0.05;0.49;0.07;0.00;0.77;0.58;0.0443;0.1381;1
64;64;Agent_4;orders came from the seed rule base (rules as-is);0;0;R20[0.44] R26[0.62] A1[0.57] G2[0.26] G3[0.26] G5[0.44];0.98;0.81;0.00;0.90;0.53;0.00;0.93;0.56;0.0443;0.1381;1
64;64;Agent_5;orders came from the seed rule base (rules as-is);0;0;R11[0.23] R15[0.03] R20[0.03] R26[0.03] A1[0.08] G2[0.08];0.05;0.19;0.02;0.41;0.35;0.25;0.85;0.11;0.0443;0.1381;0
64;64;Agent_6;orders came from the seed rule base (rules as-is);0;0;R7[0.08] R11[0.04] R15[0.11] R20[0.10] R26[0.21] A1[0.08];0.32;0.43;0.14;0.51;0.17;0.12;0.87;0.11;0.0443;0.1381;1
64;64;Agent_7;orders came from the seed rule base (rules as-is);0;0;R7[0.08] R20[0.13] R26[0.28] A1[0.08] G2[0.04] G3[0.08];0.40;0.50;0.05;0.53;0.07;0.00;0.87;0.25;0.0443;0.1381;1
64;64;Agent_8;orders came from the seed rule base (rules as-is);0;0;R20[0.19] R26[0.30] A1[0.24] G2[0.11] G3[0.22] G1[0.12];0.64;0.75;0.00;0.90;0.22;0.00;0.78;0.33;0.0443;0.1381;1
64;64;Agent_9;orders came from the seed rule base (rules as-is);0;0;R7[0.11] R20[0.10] R26[0.20] A1[0.11] G2[0.05] G3[0.11];0.31;0.42;0.07;0.53;0.10;0.00;0.85;0.11;0.0443;0.1381;1
64;64;Agent_10;orders came from the seed rule base (rules as-is);0;0;R20[0.03] R26[0.03] A1[0.08] G2[0.04] G3[0.08] G1[0.08];0.07;0.10;0.00;0.37;0.07;0.00;0.86;0.11;0.0443;0.1381;0
64;64;Agent_11;orders came from the seed rule base (rules as-is);0;0;R20[0.10] R26[0.20] A1[0.08] G2[0.04] G3[0.08] G5[0.08];0.28;0.37;0.00;0.32;0.07;0.00;0.81;0.11;0.0443;0.1381;1
64;64;Agent_12;orders came from the seed rule base (rules as-is);0;0;R20[0.04] R26[0.03] A1[0.12] G2[0.05] G3[0.12] G1[0.07];0.08;0.13;0.00;0.48;0.11;0.00;0.84;0.11;0.0443;0.1381;0
65;65;Agent_1;orders came from the seed rule base (rules as-is);0;0;R11[0.23] R15[0.21] R20[0.12] R26[0.21] A1[0.18] G2[0.18];0.24;0.46;0.14;0.89;0.58;0.39;0.71;0.11;0.0445;0.1368;0
65;65;Agent_2;orders came from the seed rule base (rules as-is);0;0;R11[0.28] R15[0.05] R20[0.03] R26[0.05] A1[0.06] G2[0.06];0.06;0.22;0.03;0.34;0.38;0.32;0.87;0.11;0.0445;0.1368;0
65;65;Agent_3;orders came from the seed rule base (rules as-is);0;0;R7[0.08] R20[0.05] R26[0.06] A1[0.08] G2[0.04] G3[0.08];0.17;0.23;0.05;0.49;0.07;0.00;0.77;0.58;0.0445;0.1368;1
65;65;Agent_4;orders came from the seed rule base (rules as-is);0;0;R20[0.43] R26[0.62] A1[0.57] G2[0.26] G3[0.26] G5[0.43];0.98;0.81;0.00;0.90;0.53;0.00;0.93;0.56;0.0445;0.1368;1
65;65;Agent_5;orders came from the seed rule base (rules as-is);0;0;R11[0.23] R15[0.03] R20[0.03] R26[0.03] A1[0.08] G2[0.08];0.05;0.19;0.02;0.41;0.35;0.25;0.85;0.11;0.0445;0.1368;0
65;65;Agent_6;orders came from the seed rule base (rules as-is);0;0;R7[0.08] R11[0.04] R15[0.11] R20[0.10] R26[0.21] A1[0.08];0.32;0.43;0.14;0.51;0.17;0.12;0.87;0.11;0.0445;0.1368;1
65;65;Agent_7;orders came from the seed rule base (rules as-is);0;0;R7[0.08] R20[0.13] R26[0.28] A1[0.08] G2[0.04] G3[0.08];0.40;0.50;0.05;0.53;0.07;0.00;0.87;0.25;0.0445;0.1368;1
65;65;Agent_8;orders came from the seed rule base (rules as-is);0;0;R20[0.19] R26[0.30] A1[0.24] G2[0.11] G3[0.22] G1[0.12];0.64;0.75;0.00;0.90;0.22;0.00;0.78;0.33;0.0445;0.1368;1
65;65;Agent_9;orders came from the seed rule base (rules as-is);0;0;R7[0.11] R20[0.10] R26[0.20] A1[0.11] G2[0.05] G3[0.11];0.31;0.42;0.07;0.53;0.10;0.00;0.85;0.11;0.0445;0.1368;1
65;65;Agent_10;orders came from the seed rule base (rules as-is);0;0;R20[0.03] R26[0.03] A1[0.08] G2[0.04] G3[0.08] G1[0.08];0.07;0.10;0.00;0.37;0.07;0.00;0.86;0.11;0.0445;0.1368;0
65;65;Agent_11;orders came from the seed rule base (rules as-is);0;0;R20[0.10] R26[0.20] A1[0.08] G2[0.04] G3[0.08] G5[0.08];0.28;0.37;0.00;0.32;0.07;0.00;0.81;0.11;0.0445;0.1368;1
65;65;Agent_12;orders came from the seed rule base (rules as-is);0;0;R20[0.04] R26[0.03] A1[0.12] G2[0.05] G3[0.12] G1[0.07];0.08;0.13;0.00;0.48;0.11;0.00;0.84;0.11;0.0445;0.1368;0
66;66;Agent_1;orders came from the seed rule base (rules as-is);0;0;R11[0.23] R15[0.21] R20[0.12] R26[0.21] A1[0.18] G2[0.18];0.24;0.45;0.14;0.89;0.58;0.39;0.71;0.11;0.0447;0.1353;0
66;66;Agent_2;orders came from the seed rule base (rules as-is);0;0;R11[0.28] R15[0.05] R20[0.03] R26[0.05] A1[0.06] G2[0.06];0.06;0.22;0.03;0.34;0.38;0.32;0.87;0.11;0.0447;0.1353;0
66;66;Agent_3;orders came from the seed rule base (rules as-is);0;0;R7[0.08] R20[0.05] R26[0.06] A1[0.08] G2[0.04] G3[0.08];0.17;0.23;0.05;0.49;0.07;0.00;0.77;0.58;0.0447;0.1353;1
66;66;Agent_4;orders came from the seed rule base (rules as-is);0;0;R20[0.43] R26[0.62] A1[0.56] G2[0.25] G3[0.26] G5[0.43];0.98;0.81;0.00;0.90;0.52;0.00;0.93;0.56;0.0447;0.1353;1
66;66;Agent_5;orders came from the seed rule base (rules as-is);0;0;R11[0.23] R15[0.03] R20[0.03] R26[0.03] A1[0.08] G2[0.08];0.05;0.19;0.02;0.41;0.35;0.25;0.85;0.11;0.0447;0.1353;0
66;66;Agent_6;orders came from the seed rule base (rules as-is);0;0;R7[0.08] R11[0.04] R15[0.11] R20[0.10] R26[0.21] A1[0.08];0.31;0.42;0.14;0.51;0.17;0.12;0.87;0.11;0.0447;0.1353;1
66;66;Agent_7;orders came from the seed rule base (rules as-is);0;0;R7[0.08] R20[0.13] R26[0.28] A1[0.08] G2[0.04] G3[0.08];0.40;0.50;0.05;0.53;0.07;0.00;0.87;0.25;0.0447;0.1353;1
66;66;Agent_8;orders came from the seed rule base (rules as-is);0;0;R20[0.19] R26[0.30] A1[0.24] G2[0.11] G3[0.22] G1[0.12];0.64;0.75;0.00;0.90;0.22;0.00;0.78;0.33;0.0447;0.1353;1
66;66;Agent_9;orders came from the seed rule base (rules as-is);0;0;R7[0.11] R20[0.10] R26[0.20] A1[0.11] G2[0.05] G3[0.11];0.31;0.42;0.07;0.53;0.10;0.00;0.85;0.11;0.0447;0.1353;1
66;66;Agent_10;orders came from the seed rule base (rules as-is);0;0;R20[0.03] R26[0.03] A1[0.08] G2[0.04] G3[0.08] G1[0.08];0.07;0.10;0.00;0.37;0.07;0.00;0.86;0.11;0.0447;0.1353;0
66;66;Agent_11;orders came from the seed rule base (rules as-is);0;0;R20[0.10] R26[0.20] A1[0.08] G2[0.04] G3[0.08] G5[0.08];0.28;0.37;0.00;0.32;0.07;0.00;0.81;0.11;0.0447;0.1353;1
66;66;Agent_12;orders came from the seed rule base (rules as-is);0;0;R20[0.04] R26[0.03] A1[0.12] G2[0.05] G3[0.12] G1[0.07];0.08;0.13;0.00;0.48;0.11;0.00;0.84;0.11;0.0447;0.1353;0
67;67;Agent_1;RL selected stage 1 [evFIS] (deficit bucket: mid+gap) → rejected (no improving perturbation found | seed-base decision stands, its orders are applied);1;0;R11[0.23] R15[0.20] R20[0.12] R26[0.20] A1[0.18] G2[0.18];0.24;0.45;0.14;0.89;0.58;0.39;0.72;0.11;0.0450;0.1345;0
67;67;Agent_2;RL selected stage 1 [evFIS] (deficit bucket: mid+gap) → rejected (no improving perturbation found | seed-base decision stands, its orders are applied);1;0;R11[0.28] R15[0.05] R20[0.03] R26[0.05] A1[0.06] G2[0.06];0.06;0.22;0.03;0.34;0.38;0.32;0.87;0.11;0.0450;0.1345;0
67;67;Agent_3;RL selected stage 1 [evFIS] (deficit bucket: mid+gap) → rejected (no improving perturbation found | seed-base decision stands, its orders are applied);1;0;R7[0.08] R20[0.05] R26[0.06] A1[0.08] G2[0.04] G3[0.08];0.17;0.23;0.05;0.49;0.07;0.00;0.77;0.58;0.0450;0.1345;1
67;67;Agent_4;RL selected stage 1 [evFIS] (deficit bucket: mid+gap) → rejected (no improving perturbation found | seed-base decision stands, its orders are applied);1;0;R20[0.43] R26[0.62] A1[0.56] G2[0.25] G3[0.26] G5[0.43];0.98;0.81;0.00;0.90;0.52;0.00;0.93;0.56;0.0450;0.1345;1
67;67;Agent_5;RL selected stage 1 [evFIS] (deficit bucket: mid+gap) → rejected (no improving perturbation found | seed-base decision stands, its orders are applied);1;0;R11[0.23] R15[0.03] R20[0.03] R26[0.03] A1[0.08] G2[0.08];0.05;0.19;0.02;0.41;0.35;0.25;0.85;0.11;0.0450;0.1345;0
67;67;Agent_6;RL selected stage 1 [evFIS] (deficit bucket: mid+gap) → rejected (no improving perturbation found | seed-base decision stands, its orders are applied);1;0;R7[0.08] R11[0.04] R15[0.11] R20[0.10] R26[0.20] A1[0.08];0.31;0.42;0.14;0.51;0.17;0.12;0.87;0.11;0.0450;0.1345;1
67;67;Agent_7;RL selected stage 1 [evFIS] (deficit bucket: mid+gap) → rejected (no improving perturbation found | seed-base decision stands, its orders are applied);1;0;R7[0.08] R20[0.13] R26[0.28] A1[0.08] G2[0.04] G3[0.08];0.40;0.50;0.05;0.53;0.07;0.00;0.87;0.25;0.0450;0.1345;1
67;67;Agent_8;RL selected stage 1 [evFIS] (deficit bucket: mid+gap) → rejected (no improving perturbation found | seed-base decision stands, its orders are applied);1;0;R20[0.19] R26[0.30] A1[0.24] G2[0.11] G3[0.22] G1[0.12];0.64;0.75;0.00;0.90;0.22;0.00;0.78;0.33;0.0450;0.1345;1
67;67;Agent_9;RL selected stage 1 [evFIS] (deficit bucket: mid+gap) → rejected (no improving perturbation found | seed-base decision stands, its orders are applied);1;0;R7[0.11] R20[0.10] R26[0.20] A1[0.11] G2[0.05] G3[0.11];0.31;0.42;0.07;0.53;0.10;0.00;0.85;0.11;0.0450;0.1345;1
67;67;Agent_10;RL selected stage 1 [evFIS] (deficit bucket: mid+gap) → rejected (no improving perturbation found | seed-base decision stands, its orders are applied);1;0;R20[0.03] R26[0.03] A1[0.08] G2[0.04] G3[0.08] G1[0.08];0.07;0.10;0.00;0.37;0.07;0.00;0.86;0.11;0.0450;0.1345;0
67;67;Agent_11;RL selected stage 1 [evFIS] (deficit bucket: mid+gap) → rejected (no improving perturbation found | seed-base decision stands, its orders are applied);1;0;R20[0.10] R26[0.20] A1[0.08] G2[0.04] G3[0.08] G5[0.08];0.28;0.37;0.00;0.32;0.07;0.00;0.81;0.11;0.0450;0.1345;1
67;67;Agent_12;RL selected stage 1 [evFIS] (deficit bucket: mid+gap) → rejected (no improving perturbation found | seed-base decision stands, its orders are applied);1;0;R20[0.04] R26[0.03] A1[0.12] G2[0.05] G3[0.12] G1[0.07];0.08;0.13;0.00;0.48;0.11;0.00;0.84;0.11;0.0450;0.1345;0
67;67;Agent_1;RL selected stage 1 [evFIS] (deficit bucket: mid+gap) → rejected (no improving perturbation found | seed-base decision stands, its orders are applied);1;0;R11[0.23] R15[0.20] R20[0.12] R26[0.20] A1[0.18] G2[0.18];0.24;0.45;0.14;0.89;0.58;0.39;0.72;0.11;0.0450;0.1345;0
67;67;Agent_2;RL selected stage 1 [evFIS] (deficit bucket: mid+gap) → rejected (no improving perturbation found | seed-base decision stands, its orders are applied);1;0;R11[0.28] R15[0.05] R20[0.03] R26[0.05] A1[0.06] G2[0.06];0.06;0.22;0.03;0.34;0.38;0.32;0.87;0.11;0.0450;0.1345;0
67;67;Agent_3;RL selected stage 1 [evFIS] (deficit bucket: mid+gap) → rejected (no improving perturbation found | seed-base decision stands, its orders are applied);1;0;R7[0.08] R20[0.05] R26[0.06] A1[0.08] G2[0.04] G3[0.08];0.17;0.23;0.05;0.49;0.07;0.00;0.77;0.58;0.0450;0.1345;1
67;67;Agent_4;RL selected stage 1 [evFIS] (deficit bucket: mid+gap) → rejected (no improving perturbation found | seed-base decision stands, its orders are applied);1;0;R20[0.43] R26[0.62] A1[0.56] G2[0.25] G3[0.26] G5[0.43];0.98;0.81;0.00;0.90;0.52;0.00;0.93;0.56;0.0450;0.1345;1
67;67;Agent_5;RL selected stage 1 [evFIS] (deficit bucket: mid+gap) → rejected (no improving perturbation found | seed-base decision stands, its orders are applied);1;0;R11[0.23] R15[0.03] R20[0.03] R26[0.03] A1[0.08] G2[0.08];0.05;0.19;0.02;0.41;0.35;0.25;0.85;0.11;0.0450;0.1345;0
67;67;Agent_6;RL selected stage 1 [evFIS] (deficit bucket: mid+gap) → rejected (no improving perturbation found | seed-base decision stands, its orders are applied);1;0;R7[0.08] R11[0.04] R15[0.11] R20[0.10] R26[0.20] A1[0.08];0.31;0.42;0.14;0.51;0.17;0.12;0.87;0.11;0.0450;0.1345;1
67;67;Agent_7;RL selected stage 1 [evFIS] (deficit bucket: mid+gap) → rejected (no improving perturbation found | seed-base decision stands, its orders are applied);1;0;R7[0.08] R20[0.13] R26[0.28] A1[0.08] G2[0.04] G3[0.08];0.40;0.50;0.05;0.53;0.07;0.00;0.87;0.25;0.0450;0.1345;1
67;67;Agent_8;RL selected stage 1 [evFIS] (deficit bucket: mid+gap) → rejected (no improving perturbation found | seed-base decision stands, its orders are applied);1;0;R20[0.19] R26[0.30] A1[0.24] G2[0.11] G3[0.22] G1[0.12];0.64;0.75;0.00;0.90;0.22;0.00;0.78;0.33;0.0450;0.1345;1
67;67;Agent_9;RL selected stage 1 [evFIS] (deficit bucket: mid+gap) → rejected (no improving perturbation found | seed-base decision stands, its orders are applied);1;0;R7[0.11] R20[0.10] R26[0.20] A1[0.11] G2[0.05] G3[0.11];0.31;0.42;0.07;0.53;0.10;0.00;0.85;0.11;0.0450;0.1345;1
67;67;Agent_10;RL selected stage 1 [evFIS] (deficit bucket: mid+gap) → rejected (no improving perturbation found | seed-base decision stands, its orders are applied);1;0;R20[0.03] R26[0.03] A1[0.08] G2[0.04] G3[0.08] G1[0.08];0.07;0.10;0.00;0.37;0.07;0.00;0.86;0.11;0.0450;0.1345;0
67;67;Agent_11;RL selected stage 1 [evFIS] (deficit bucket: mid+gap) → rejected (no improving perturbation found | seed-base decision stands, its orders are applied);1;0;R20[0.10] R26[0.20] A1[0.08] G2[0.04] G3[0.08] G5[0.08];0.28;0.37;0.00;0.32;0.07;0.00;0.81;0.11;0.0450;0.1345;1
67;67;Agent_12;RL selected stage 1 [evFIS] (deficit bucket: mid+gap) → rejected (no improving perturbation found | seed-base decision stands, its orders are applied);1;0;R20[0.04] R26[0.03] A1[0.12] G2[0.05] G3[0.12] G1[0.07];0.08;0.13;0.00;0.48;0.11;0.00;0.84;0.11;0.0450;0.1345;0
67;67;Agent_1;orders came from the seed rule base (rules as-is);0;0;R11[0.23] R15[0.20] R20[0.12] R26[0.20] A1[0.18] G2[0.18];0.24;0.45;0.14;0.90;0.59;0.39;0.71;0.11;0.0450;0.1519;0
67;67;Agent_2;orders came from the seed rule base (rules as-is);0;0;R11[0.28] R15[0.05] R20[0.03] R26[0.05] A1[0.06] G2[0.06];0.06;0.22;0.03;0.34;0.39;0.32;0.87;0.11;0.0450;0.1519;0
67;67;Agent_3;orders came from the seed rule base (rules as-is);0;0;R7[0.08] R20[0.05] R26[0.06] A1[0.08] G2[0.04] G3[0.08];0.17;0.23;0.05;0.49;0.08;0.00;0.77;0.58;0.0450;0.1519;1
67;67;Agent_4;orders came from the seed rule base (rules as-is);0;0;R20[0.43] R26[0.62] A1[0.56] G2[0.25] G3[0.26] G5[0.43];0.98;0.81;0.00;0.92;0.55;0.00;0.93;0.56;0.0450;0.1519;1
67;67;Agent_5;orders came from the seed rule base (rules as-is);0;0;R11[0.23] R15[0.03] R20[0.03] R26[0.03] A1[0.08] G2[0.08];0.05;0.19;0.02;0.42;0.35;0.25;0.85;0.11;0.0450;0.1519;0
67;67;Agent_6;orders came from the seed rule base (rules as-is);0;0;R7[0.08] R11[0.04] R15[0.11] R20[0.10] R26[0.20] A1[0.08];0.31;0.42;0.14;0.52;0.18;0.12;0.87;0.11;0.0450;0.1519;1
67;67;Agent_7;orders came from the seed rule base (rules as-is);0;0;R7[0.08] R20[0.13] R26[0.28] A1[0.08] G2[0.04] G3[0.08];0.40;0.50;0.05;0.53;0.08;0.00;0.87;0.25;0.0450;0.1519;1
67;67;Agent_8;orders came from the seed rule base (rules as-is);0;0;R20[0.19] R26[0.30] A1[0.24] G2[0.11] G3[0.22] G1[0.12];0.64;0.75;0.00;0.90;0.23;0.00;0.78;0.33;0.0450;0.1519;1
67;67;Agent_9;orders came from the seed rule base (rules as-is);0;0;R7[0.11] R20[0.10] R26[0.20] A1[0.11] G2[0.05] G3[0.11];0.31;0.42;0.07;0.54;0.11;0.00;0.85;0.11;0.0450;0.1519;1
67;67;Agent_10;orders came from the seed rule base (rules as-is);0;0;R20[0.03] R26[0.03] A1[0.08] G2[0.04] G3[0.08] G1[0.08];0.07;0.10;0.00;0.37;0.08;0.00;0.86;0.11;0.0450;0.1519;0
67;67;Agent_11;orders came from the seed rule base (rules as-is);0;0;R20[0.10] R26[0.20] A1[0.08] G2[0.04] G3[0.08] G5[0.08];0.28;0.37;0.00;0.33;0.08;0.00;0.81;0.11;0.0450;0.1519;1
67;67;Agent_12;orders came from the seed rule base (rules as-is);0;0;R20[0.04] R26[0.03] A1[0.12] G2[0.05] G3[0.12] G1[0.07];0.08;0.13;0.00;0.49;0.11;0.00;0.84;0.11;0.0450;0.1519;0
67;67;Agent_1;RL selected stage 1 [evFIS] (deficit bucket: mid+gap) → rejected (no improving perturbation found | seed-base decision stands, its orders are applied);1;0;R11[0.23] R15[0.20] R20[0.12] R26[0.20] A1[0.18] G2[0.18];0.24;0.45;0.14;0.89;0.58;0.39;0.72;0.11;0.0450;0.1345;0
67;67;Agent_2;RL selected stage 1 [evFIS] (deficit bucket: mid+gap) → rejected (no improving perturbation found | seed-base decision stands, its orders are applied);1;0;R11[0.28] R15[0.05] R20[0.03] R26[0.05] A1[0.06] G2[0.06];0.06;0.22;0.03;0.34;0.38;0.32;0.87;0.11;0.0450;0.1345;0
67;67;Agent_3;RL selected stage 1 [evFIS] (deficit bucket: mid+gap) → rejected (no improving perturbation found | seed-base decision stands, its orders are applied);1;0;R7[0.08] R20[0.05] R26[0.06] A1[0.08] G2[0.04] G3[0.08];0.17;0.23;0.05;0.49;0.07;0.00;0.77;0.58;0.0450;0.1345;1
67;67;Agent_4;RL selected stage 1 [evFIS] (deficit bucket: mid+gap) → rejected (no improving perturbation found | seed-base decision stands, its orders are applied);1;0;R20[0.43] R26[0.62] A1[0.56] G2[0.25] G3[0.26] G5[0.43];0.98;0.81;0.00;0.90;0.52;0.00;0.93;0.56;0.0450;0.1345;1
67;67;Agent_5;RL selected stage 1 [evFIS] (deficit bucket: mid+gap) → rejected (no improving perturbation found | seed-base decision stands, its orders are applied);1;0;R11[0.23] R15[0.03] R20[0.03] R26[0.03] A1[0.08] G2[0.08];0.05;0.19;0.02;0.41;0.35;0.25;0.85;0.11;0.0450;0.1345;0
67;67;Agent_6;RL selected stage 1 [evFIS] (deficit bucket: mid+gap) → rejected (no improving perturbation found | seed-base decision stands, its orders are applied);1;0;R7[0.08] R11[0.04] R15[0.11] R20[0.10] R26[0.20] A1[0.08];0.31;0.42;0.14;0.51;0.17;0.12;0.87;0.11;0.0450;0.1345;1
67;67;Agent_7;RL selected stage 1 [evFIS] (deficit bucket: mid+gap) → rejected (no improving perturbation found | seed-base decision stands, its orders are applied);1;0;R7[0.08] R20[0.13] R26[0.28] A1[0.08] G2[0.04] G3[0.08];0.40;0.50;0.05;0.53;0.07;0.00;0.87;0.25;0.0450;0.1345;1
67;67;Agent_8;RL selected stage 1 [evFIS] (deficit bucket: mid+gap) → rejected (no improving perturbation found | seed-base decision stands, its orders are applied);1;0;R20[0.19] R26[0.30] A1[0.24] G2[0.11] G3[0.22] G1[0.12];0.64;0.75;0.00;0.90;0.22;0.00;0.78;0.33;0.0450;0.1345;1
67;67;Agent_9;RL selected stage 1 [evFIS] (deficit bucket: mid+gap) → rejected (no improving perturbation found | seed-base decision stands, its orders are applied);1;0;R7[0.11] R20[0.10] R26[0.20] A1[0.11] G2[0.05] G3[0.11];0.31;0.42;0.07;0.53;0.10;0.00;0.85;0.11;0.0450;0.1345;1
67;67;Agent_10;RL selected stage 1 [evFIS] (deficit bucket: mid+gap) → rejected (no improving perturbation found | seed-base decision stands, its orders are applied);1;0;R20[0.03] R26[0.03] A1[0.08] G2[0.04] G3[0.08] G1[0.08];0.07;0.10;0.00;0.37;0.07;0.00;0.86;0.11;0.0450;0.1345;0
67;67;Agent_11;RL selected stage 1 [evFIS] (deficit bucket: mid+gap) → rejected (no improving perturbation found | seed-base decision stands, its orders are applied);1;0;R20[0.10] R26[0.20] A1[0.08] G2[0.04] G3[0.08] G5[0.08];0.28;0.37;0.00;0.32;0.07;0.00;0.81;0.11;0.0450;0.1345;1
67;67;Agent_12;RL selected stage 1 [evFIS] (deficit bucket: mid+gap) → rejected (no improving perturbation found | seed-base decision stands, its orders are applied);1;0;R20[0.04] R26[0.03] A1[0.12] G2[0.05] G3[0.12] G1[0.07];0.08;0.13;0.00;0.48;0.11;0.00;0.84;0.11;0.0450;0.1345;0
67;67;Agent_1;orders came from the seed rule base (rules as-is);0;0;R11[0.23] R15[0.20] R20[0.12] R26[0.20] A1[0.18] G2[0.18];0.24;0.45;0.14;0.90;0.59;0.39;0.71;0.11;0.0450;0.1519;0
67;67;Agent_2;orders came from the seed rule base (rules as-is);0;0;R11[0.28] R15[0.05] R20[0.03] R26[0.05] A1[0.06] G2[0.06];0.06;0.22;0.03;0.34;0.39;0.32;0.87;0.11;0.0450;0.1519;0
67;67;Agent_3;orders came from the seed rule base (rules as-is);0;0;R7[0.08] R20[0.05] R26[0.06] A1[0.08] G2[0.04] G3[0.08];0.17;0.23;0.05;0.49;0.08;0.00;0.77;0.58;0.0450;0.1519;1
67;67;Agent_4;orders came from the seed rule base (rules as-is);0;0;R20[0.43] R26[0.62] A1[0.56] G2[0.25] G3[0.26] G5[0.43];0.98;0.81;0.00;0.92;0.55;0.00;0.93;0.56;0.0450;0.1519;1
67;67;Agent_5;orders came from the seed rule base (rules as-is);0;0;R11[0.23] R15[0.03] R20[0.03] R26[0.03] A1[0.08] G2[0.08];0.05;0.19;0.02;0.42;0.35;0.25;0.85;0.11;0.0450;0.1519;0
67;67;Agent_6;orders came from the seed rule base (rules as-is);0;0;R7[0.08] R11[0.04] R15[0.11] R20[0.10] R26[0.20] A1[0.08];0.31;0.42;0.14;0.52;0.18;0.12;0.87;0.11;0.0450;0.1519;1
67;67;Agent_7;orders came from the seed rule base (rules as-is);0;0;R7[0.08] R20[0.13] R26[0.28] A1[0.08] G2[0.04] G3[0.08];0.40;0.50;0.05;0.53;0.08;0.00;0.87;0.25;0.0450;0.1519;1
67;67;Agent_8;orders came from the seed rule base (rules as-is);0;0;R20[0.19] R26[0.30] A1[0.24] G2[0.11] G3[0.22] G1[0.12];0.64;0.75;0.00;0.90;0.23;0.00;0.78;0.33;0.0450;0.1519;1
67;67;Agent_9;orders came from the seed rule base (rules as-is);0;0;R7[0.11] R20[0.10] R26[0.20] A1[0.11] G2[0.05] G3[0.11];0.31;0.42;0.07;0.54;0.11;0.00;0.85;0.11;0.0450;0.1519;1
67;67;Agent_10;orders came from the seed rule base (rules as-is);0;0;R20[0.03] R26[0.03] A1[0.08] G2[0.04] G3[0.08] G1[0.08];0.07;0.10;0.00;0.37;0.08;0.00;0.86;0.11;0.0450;0.1519;0
67;67;Agent_11;orders came from the seed rule base (rules as-is);0;0;R20[0.10] R26[0.20] A1[0.08] G2[0.04] G3[0.08] G5[0.08];0.28;0.37;0.00;0.33;0.08;0.00;0.81;0.11;0.0450;0.1519;1
67;67;Agent_12;orders came from the seed rule base (rules as-is);0;0;R20[0.04] R26[0.03] A1[0.12] G2[0.05] G3[0.12] G1[0.07];0.08;0.13;0.00;0.49;0.11;0.00;0.84;0.11;0.0450;0.1519;0
67;67;Agent_1;orders came from the seed rule base (rules as-is);0;0;R11[0.23] R15[0.20] R20[0.12] R26[0.20] A1[0.18] G2[0.18];0.24;0.45;0.14;0.89;0.58;0.39;0.72;0.11;0.0670;0.1519;0
67;67;Agent_2;orders came from the seed rule base (rules as-is);0;0;R11[0.28] R15[0.05] R20[0.03] R26[0.05] A1[0.06] G2[0.06];0.06;0.22;0.03;0.34;0.38;0.32;0.87;0.11;0.0670;0.1519;0
67;67;Agent_3;orders came from the seed rule base (rules as-is);0;0;R7[0.08] R20[0.05] R26[0.06] A1[0.08] G2[0.04] G3[0.08];0.17;0.23;0.05;0.49;0.07;0.00;0.77;0.58;0.0670;0.1519;1
67;67;Agent_4;orders came from the seed rule base (rules as-is);0;0;R20[0.43] R26[0.62] A1[0.56] G2[0.25] G3[0.26] G5[0.43];0.98;0.81;0.00;0.90;0.52;0.00;0.93;0.56;0.0670;0.1519;1
67;67;Agent_5;orders came from the seed rule base (rules as-is);0;0;R11[0.23] R15[0.03] R20[0.03] R26[0.03] A1[0.08] G2[0.08];0.05;0.19;0.02;0.41;0.35;0.25;0.85;0.11;0.0670;0.1519;0
67;67;Agent_6;orders came from the seed rule base (rules as-is);0;0;R7[0.08] R11[0.04] R15[0.11] R20[0.10] R26[0.20] A1[0.08];0.31;0.42;0.14;0.51;0.17;0.12;0.87;0.11;0.0670;0.1519;1
67;67;Agent_7;orders came from the seed rule base (rules as-is);0;0;R7[0.08] R20[0.13] R26[0.28] A1[0.08] G2[0.04] G3[0.08];0.40;0.50;0.05;0.53;0.07;0.00;0.87;0.25;0.0670;0.1519;1
67;67;Agent_8;orders came from the seed rule base (rules as-is);0;0;R20[0.19] R26[0.30] A1[0.24] G2[0.11] G3[0.22] G1[0.12];0.64;0.75;0.00;0.90;0.22;0.00;0.78;0.33;0.0670;0.1519;1
67;67;Agent_9;orders came from the seed rule base (rules as-is);0;0;R7[0.11] R20[0.10] R26[0.20] A1[0.11] G2[0.05] G3[0.11];0.31;0.42;0.07;0.53;0.10;0.00;0.85;0.11;0.0670;0.1519;1
67;67;Agent_10;orders came from the seed rule base (rules as-is);0;0;R20[0.03] R26[0.03] A1[0.08] G2[0.04] G3[0.08] G1[0.08];0.07;0.10;0.00;0.37;0.07;0.00;0.86;0.11;0.0670;0.1519;0
67;67;Agent_11;orders came from the seed rule base (rules as-is);0;0;R20[0.10] R26[0.20] A1[0.08] G2[0.04] G3[0.08] G5[0.08];0.28;0.37;0.00;0.32;0.07;0.00;0.81;0.11;0.0670;0.1519;1
67;67;Agent_12;orders came from the seed rule base (rules as-is);0;0;R20[0.04] R26[0.03] A1[0.12] G2[0.05] G3[0.12] G1[0.07];0.08;0.13;0.00;0.48;0.11;0.00;0.84;0.11;0.0670;0.1519;0
68;68;Agent_1;orders came from the seed rule base (rules as-is);0;0;R11[0.23] R15[0.20] R20[0.12] R26[0.20] A1[0.18] G2[0.18];0.24;0.45;0.14;0.89;0.58;0.39;0.72;0.11;0.0578;0.1540;0
68;68;Agent_2;orders came from the seed rule base (rules as-is);0;0;R11[0.28] R15[0.05] R20[0.03] R26[0.05] A1[0.06] G2[0.06];0.06;0.22;0.03;0.34;0.38;0.32;0.87;0.11;0.0578;0.1540;0
68;68;Agent_3;orders came from the seed rule base (rules as-is);0;0;R7[0.08] R20[0.05] R26[0.06] A1[0.08] G2[0.04] G3[0.08];0.17;0.23;0.05;0.49;0.07;0.00;0.77;0.58;0.0578;0.1540;1
68;68;Agent_4;orders came from the seed rule base (rules as-is);0;0;R20[0.43] R26[0.62] A1[0.55] G2[0.25] G3[0.26] G5[0.43];0.98;0.81;0.00;0.90;0.52;0.00;0.93;0.56;0.0578;0.1540;1
68;68;Agent_5;orders came from the seed rule base (rules as-is);0;0;R11[0.23] R15[0.03] R20[0.03] R26[0.03] A1[0.08] G2[0.08];0.05;0.19;0.02;0.41;0.35;0.25;0.85;0.11;0.0578;0.1540;0
68;68;Agent_6;orders came from the seed rule base (rules as-is);0;0;R7[0.08] R11[0.04] R15[0.11] R20[0.10] R26[0.20] A1[0.08];0.31;0.42;0.14;0.51;0.17;0.12;0.87;0.11;0.0578;0.1540;1
68;68;Agent_7;orders came from the seed rule base (rules as-is);0;0;R7[0.08] R20[0.13] R26[0.28] A1[0.08] G2[0.04] G3[0.08];0.40;0.50;0.05;0.53;0.07;0.00;0.87;0.25;0.0578;0.1540;1
68;68;Agent_8;orders came from the seed rule base (rules as-is);0;0;R20[0.19] R26[0.30] A1[0.24] G2[0.11] G3[0.22] G1[0.12];0.64;0.75;0.00;0.90;0.22;0.00;0.78;0.33;0.0578;0.1540;1
68;68;Agent_9;orders came from the seed rule base (rules as-is);0;0;R7[0.11] R20[0.10] R26[0.20] A1[0.11] G2[0.05] G3[0.11];0.31;0.41;0.07;0.53;0.10;0.00;0.85;0.11;0.0578;0.1540;1
68;68;Agent_10;orders came from the seed rule base (rules as-is);0;0;R20[0.03] R26[0.03] A1[0.08] G2[0.04] G3[0.08] G1[0.08];0.07;0.10;0.00;0.37;0.07;0.00;0.86;0.11;0.0578;0.1540;0
68;68;Agent_11;orders came from the seed rule base (rules as-is);0;0;R20[0.10] R26[0.20] A1[0.08] G2[0.04] G3[0.08] G5[0.08];0.28;0.37;0.00;0.32;0.07;0.00;0.81;0.11;0.0578;0.1540;1
68;68;Agent_12;orders came from the seed rule base (rules as-is);0;0;R20[0.04] R26[0.03] A1[0.12] G2[0.05] G3[0.12] G1[0.07];0.08;0.13;0.00;0.48;0.11;0.00;0.84;0.11;0.0578;0.1540;0
69;69;Agent_1;orders came from the seed rule base (rules as-is);0;0;R11[0.23] R15[0.20] R20[0.12] R26[0.20] A1[0.18] G2[0.18];0.24;0.44;0.14;0.89;0.58;0.39;0.72;0.11;0.0549;0.1506;0
69;69;Agent_2;orders came from the seed rule base (rules as-is);0;0;R11[0.28] R15[0.05] R20[0.03] R26[0.05] A1[0.06] G2[0.06];0.06;0.22;0.03;0.34;0.38;0.32;0.87;0.11;0.0549;0.1506;0
69;69;Agent_3;orders came from the seed rule base (rules as-is);0;0;R7[0.08] R20[0.05] R26[0.06] A1[0.08] G2[0.04] G3[0.08];0.17;0.23;0.05;0.49;0.07;0.00;0.77;0.58;0.0549;0.1506;1
69;69;Agent_4;orders came from the seed rule base (rules as-is);0;0;R20[0.43] R26[0.62] A1[0.55] G2[0.25] G3[0.26] G5[0.43];0.98;0.81;0.00;0.90;0.51;0.00;0.93;0.56;0.0549;0.1506;1
69;69;Agent_5;orders came from the seed rule base (rules as-is);0;0;R11[0.23] R15[0.03] R20[0.03] R26[0.03] A1[0.08] G2[0.08];0.05;0.19;0.02;0.41;0.35;0.25;0.85;0.11;0.0549;0.1506;0
69;69;Agent_6;orders came from the seed rule base (rules as-is);0;0;R7[0.08] R11[0.04] R15[0.11] R20[0.10] R26[0.20] A1[0.08];0.31;0.42;0.14;0.51;0.17;0.12;0.87;0.11;0.0549;0.1506;1
69;69;Agent_7;orders came from the seed rule base (rules as-is);0;0;R7[0.08] R20[0.13] R26[0.28] A1[0.08] G2[0.04] G3[0.08];0.40;0.50;0.05;0.53;0.07;0.00;0.87;0.25;0.0549;0.1506;1
69;69;Agent_8;orders came from the seed rule base (rules as-is);0;0;R20[0.19] R26[0.30] A1[0.24] G2[0.11] G3[0.22] G1[0.12];0.64;0.75;0.00;0.90;0.22;0.00;0.78;0.33;0.0549;0.1506;1
69;69;Agent_9;orders came from the seed rule base (rules as-is);0;0;R7[0.11] R20[0.10] R26[0.20] A1[0.11] G2[0.05] G3[0.11];0.31;0.41;0.07;0.53;0.10;0.00;0.85;0.11;0.0549;0.1506;1
69;69;Agent_10;orders came from the seed rule base (rules as-is);0;0;R20[0.03] R26[0.03] A1[0.08] G2[0.04] G3[0.08] G1[0.08];0.07;0.10;0.00;0.37;0.07;0.00;0.86;0.11;0.0549;0.1506;0
69;69;Agent_11;orders came from the seed rule base (rules as-is);0;0;R20[0.10] R26[0.20] A1[0.08] G2[0.04] G3[0.08] G5[0.08];0.28;0.37;0.00;0.32;0.07;0.00;0.81;0.11;0.0549;0.1506;1
69;69;Agent_12;orders came from the seed rule base (rules as-is);0;0;R20[0.04] R26[0.03] A1[0.12] G2[0.05] G3[0.12] G1[0.07];0.08;0.13;0.00;0.48;0.11;0.00;0.84;0.11;0.0549;0.1506;0
70;70;Agent_1;orders came from the seed rule base (rules as-is);0;0;R11[0.23] R15[0.20] R20[0.12] R26[0.20] A1[0.18] G2[0.18];0.23;0.44;0.14;0.89;0.58;0.38;0.72;0.11;0.0457;0.1512;0
70;70;Agent_2;orders came from the seed rule base (rules as-is);0;0;R11[0.28] R15[0.05] R20[0.03] R26[0.05] A1[0.06] G2[0.06];0.06;0.22;0.03;0.34;0.38;0.32;0.87;0.11;0.0457;0.1512;0
70;70;Agent_3;orders came from the seed rule base (rules as-is);0;0;R7[0.08] R20[0.05] R26[0.06] A1[0.08] G2[0.04] G3[0.08];0.17;0.23;0.05;0.49;0.07;0.00;0.77;0.58;0.0457;0.1512;1
70;70;Agent_4;orders came from the seed rule base (rules as-is);0;0;R20[0.43] R26[0.62] A1[0.54] G2[0.25] G3[0.26] G5[0.43];0.98;0.81;0.00;0.90;0.51;0.00;0.93;0.56;0.0457;0.1512;1
70;70;Agent_5;orders came from the seed rule base (rules as-is);0;0;R11[0.23] R15[0.03] R20[0.03] R26[0.03] A1[0.08] G2[0.08];0.05;0.19;0.02;0.41;0.35;0.25;0.85;0.11;0.0457;0.1512;0
70;70;Agent_6;orders came from the seed rule base (rules as-is);0;0;R7[0.08] R11[0.04] R15[0.11] R20[0.10] R26[0.20] A1[0.08];0.31;0.42;0.14;0.51;0.17;0.12;0.87;0.11;0.0457;0.1512;1
70;70;Agent_7;orders came from the seed rule base (rules as-is);0;0;R7[0.08] R20[0.13] R26[0.28] A1[0.08] G2[0.04] G3[0.08];0.40;0.50;0.05;0.53;0.07;0.00;0.87;0.25;0.0457;0.1512;1
70;70;Agent_8;orders came from the seed rule base (rules as-is);0;0;R20[0.19] R26[0.30] A1[0.24] G2[0.11] G3[0.22] G1[0.12];0.64;0.75;0.00;0.90;0.22;0.00;0.78;0.33;0.0457;0.1512;1
70;70;Agent_9;orders came from the seed rule base (rules as-is);0;0;R7[0.11] R20[0.10] R26[0.20] A1[0.11] G2[0.05] G3[0.11];0.30;0.41;0.07;0.53;0.10;0.00;0.85;0.11;0.0457;0.1512;1
70;70;Agent_10;orders came from the seed rule base (rules as-is);0;0;R20[0.03] R26[0.03] A1[0.08] G2[0.04] G3[0.08] G1[0.08];0.07;0.10;0.00;0.37;0.07;0.00;0.86;0.11;0.0457;0.1512;0
70;70;Agent_11;orders came from the seed rule base (rules as-is);0;0;R20[0.10] R26[0.20] A1[0.08] G2[0.04] G3[0.08] G5[0.08];0.28;0.37;0.00;0.32;0.07;0.00;0.81;0.11;0.0457;0.1512;1
70;70;Agent_12;orders came from the seed rule base (rules as-is);0;0;R20[0.04] R26[0.03] A1[0.12] G2[0.05] G3[0.12] G1[0.07];0.08;0.13;0.00;0.48;0.11;0.00;0.84;0.11;0.0457;0.1512;0
71;71;Agent_1;orders came from the seed rule base (rules as-is);0;0;R11[0.23] R15[0.20] R20[0.11] R26[0.20] A1[0.18] G2[0.18];0.23;0.44;0.14;0.89;0.58;0.38;0.72;0.11;0.0457;0.1497;0
71;71;Agent_2;orders came from the seed rule base (rules as-is);0;0;R11[0.28] R15[0.05] R20[0.03] R26[0.05] A1[0.06] G2[0.06];0.06;0.22;0.03;0.34;0.38;0.32;0.87;0.11;0.0457;0.1497;0
71;71;Agent_3;orders came from the seed rule base (rules as-is);0;0;R7[0.08] R20[0.05] R26[0.06] A1[0.08] G2[0.04] G3[0.08];0.17;0.23;0.05;0.49;0.07;0.00;0.77;0.58;0.0457;0.1497;1
71;71;Agent_4;orders came from the seed rule base (rules as-is);0;0;R20[0.43] R26[0.62] A1[0.54] G2[0.24] G3[0.26] G5[0.43];0.98;0.81;0.00;0.90;0.50;0.00;0.93;0.56;0.0457;0.1497;1
71;71;Agent_5;orders came from the seed rule base (rules as-is);0;0;R11[0.23] R15[0.03] R20[0.03] R26[0.03] A1[0.08] G2[0.08];0.05;0.19;0.02;0.41;0.35;0.25;0.85;0.11;0.0457;0.1497;0
71;71;Agent_6;orders came from the seed rule base (rules as-is);0;0;R7[0.08] R11[0.04] R15[0.11] R20[0.10] R26[0.20] A1[0.08];0.31;0.42;0.14;0.51;0.17;0.12;0.87;0.11;0.0457;0.1497;1
71;71;Agent_7;orders came from the seed rule base (rules as-is);0;0;R7[0.08] R20[0.13] R26[0.28] A1[0.08] G2[0.04] G3[0.08];0.40;0.50;0.05;0.53;0.07;0.00;0.87;0.25;0.0457;0.1497;1
71;71;Agent_8;orders came from the seed rule base (rules as-is);0;0;R20[0.19] R26[0.30] A1[0.24] G2[0.11] G3[0.22] G1[0.12];0.64;0.75;0.00;0.90;0.22;0.00;0.78;0.33;0.0457;0.1497;1
71;71;Agent_9;orders came from the seed rule base (rules as-is);0;0;R7[0.11] R20[0.10] R26[0.20] A1[0.11] G2[0.05] G3[0.11];0.30;0.41;0.07;0.53;0.10;0.00;0.85;0.11;0.0457;0.1497;1
71;71;Agent_10;orders came from the seed rule base (rules as-is);0;0;R20[0.03] R26[0.03] A1[0.08] G2[0.04] G3[0.08] G1[0.08];0.07;0.10;0.00;0.37;0.07;0.00;0.86;0.11;0.0457;0.1497;0
71;71;Agent_11;orders came from the seed rule base (rules as-is);0;0;R20[0.10] R26[0.20] A1[0.08] G2[0.04] G3[0.08] G5[0.08];0.28;0.37;0.00;0.32;0.07;0.00;0.81;0.11;0.0457;0.1497;1
71;71;Agent_12;orders came from the seed rule base (rules as-is);0;0;R20[0.04] R26[0.03] A1[0.12] G2[0.05] G3[0.12] G1[0.07];0.08;0.13;0.00;0.48;0.11;0.00;0.84;0.11;0.0457;0.1497;0
72;72;Agent_1;orders came from the seed rule base (rules as-is);0;0;R11[0.23] R15[0.20] R20[0.11] R26[0.20] A1[0.18] G2[0.18];0.23;0.44;0.14;0.89;0.58;0.38;0.72;0.11;0.0458;0.1483;0
72;72;Agent_2;orders came from the seed rule base (rules as-is);0;0;R11[0.28] R15[0.05] R20[0.03] R26[0.05] A1[0.06] G2[0.06];0.06;0.22;0.03;0.34;0.38;0.31;0.87;0.11;0.0458;0.1483;0
72;72;Agent_3;orders came from the seed rule base (rules as-is);0;0;R7[0.08] R20[0.05] R26[0.06] A1[0.08] G2[0.04] G3[0.08];0.17;0.23;0.05;0.49;0.07;0.00;0.77;0.57;0.0458;0.1483;1
72;72;Agent_4;orders came from the seed rule base (rules as-is);0;0;R20[0.44] R26[0.64] A1[0.54] G2[0.24] G3[0.26] G5[0.44];0.98;0.81;0.00;0.90;0.50;0.00;0.92;0.72;0.0458;0.1483;1
72;72;Agent_5;orders came from the seed rule base (rules as-is);0;0;R11[0.23] R15[0.03] R20[0.03] R26[0.03] A1[0.08] G2[0.08];0.05;0.19;0.02;0.41;0.35;0.25;0.85;0.11;0.0458;0.1483;0
72;72;Agent_6;orders came from the seed rule base (rules as-is);0;0;R7[0.08] R11[0.04] R15[0.11] R20[0.10] R26[0.20] A1[0.08];0.31;0.42;0.14;0.51;0.17;0.12;0.87;0.11;0.0458;0.1483;1
72;72;Agent_7;orders came from the seed rule base (rules as-is);0;0;R7[0.08] R20[0.13] R26[0.28] A1[0.08] G2[0.04] G3[0.08];0.40;0.50;0.05;0.53;0.07;0.00;0.87;0.25;0.0458;0.1483;1
72;72;Agent_8;orders came from the seed rule base (rules as-is);0;0;R20[0.19] R26[0.30] A1[0.24] G2[0.11] G3[0.22] G1[0.12];0.64;0.75;0.00;0.90;0.22;0.00;0.78;0.33;0.0458;0.1483;1
72;72;Agent_9;orders came from the seed rule base (rules as-is);0;0;R7[0.11] R20[0.10] R26[0.20] A1[0.11] G2[0.05] G3[0.11];0.30;0.41;0.07;0.53;0.10;0.00;0.85;0.11;0.0458;0.1483;1
72;72;Agent_10;orders came from the seed rule base (rules as-is);0;0;R20[0.03] R26[0.03] A1[0.08] G2[0.04] G3[0.08] G1[0.08];0.07;0.10;0.00;0.37;0.07;0.00;0.86;0.11;0.0458;0.1483;0
72;72;Agent_11;orders came from the seed rule base (rules as-is);0;0;R20[0.10] R26[0.20] A1[0.08] G2[0.04] G3[0.08] G5[0.08];0.28;0.37;0.00;0.32;0.07;0.00;0.81;0.11;0.0458;0.1483;1
72;72;Agent_12;orders came from the seed rule base (rules as-is);0;0;R20[0.04] R26[0.03] A1[0.12] G2[0.05] G3[0.12] G1[0.07];0.08;0.13;0.00;0.48;0.11;0.00;0.84;0.11;0.0458;0.1483;0
73;73;Agent_1;orders came from the seed rule base (rules as-is);0;0;R11[0.23] R15[0.20] R20[0.11] R26[0.20] A1[0.18] G2[0.18];0.23;0.44;0.14;0.89;0.58;0.38;0.72;0.11;0.0462;0.1473;0
73;73;Agent_2;orders came from the seed rule base (rules as-is);0;0;R11[0.28] R15[0.05] R20[0.03] R26[0.05] A1[0.06] G2[0.06];0.06;0.21;0.03;0.34;0.38;0.31;0.87;0.11;0.0462;0.1473;0
73;73;Agent_3;orders came from the seed rule base (rules as-is);0;0;R7[0.08] R20[0.05] R26[0.06] A1[0.08] G2[0.04] G3[0.08];0.17;0.23;0.05;0.49;0.07;0.00;0.77;0.57;0.0462;0.1473;1
73;73;Agent_4;orders came from the seed rule base (rules as-is);0;0;R20[0.44] R26[0.64] A1[0.53] G2[0.24] G3[0.27] G5[0.44];0.98;0.81;0.00;0.90;0.50;0.00;0.92;0.72;0.0462;0.1473;1
73;73;Agent_5;orders came from the seed rule base (rules as-is);0;0;R11[0.23] R15[0.03] R20[0.03] R26[0.03] A1[0.08] G2[0.08];0.05;0.19;0.02;0.41;0.35;0.25;0.85;0.11;0.0462;0.1473;0
73;73;Agent_6;orders came from the seed rule base (rules as-is);0;0;R7[0.08] R11[0.04] R15[0.11] R20[0.10] R26[0.20] A1[0.08];0.31;0.41;0.14;0.51;0.17;0.12;0.87;0.11;0.0462;0.1473;1
73;73;Agent_7;orders came from the seed rule base (rules as-is);0;0;R7[0.08] R20[0.13] R26[0.28] A1[0.08] G2[0.04] G3[0.08];0.40;0.50;0.05;0.53;0.07;0.00;0.87;0.25;0.0462;0.1473;1
73;73;Agent_8;orders came from the seed rule base (rules as-is);0;0;R20[0.19] R26[0.30] A1[0.24] G2[0.11] G3[0.22] G1[0.12];0.64;0.75;0.00;0.90;0.22;0.00;0.78;0.33;0.0462;0.1473;1
73;73;Agent_9;orders came from the seed rule base (rules as-is);0;0;R7[0.11] R20[0.10] R26[0.20] A1[0.11] G2[0.05] G3[0.11];0.30;0.41;0.07;0.53;0.10;0.00;0.85;0.11;0.0462;0.1473;1
73;73;Agent_10;orders came from the seed rule base (rules as-is);0;0;R20[0.03] R26[0.03] A1[0.08] G2[0.04] G3[0.08] G1[0.08];0.07;0.10;0.00;0.37;0.07;0.00;0.86;0.11;0.0462;0.1473;0
73;73;Agent_11;orders came from the seed rule base (rules as-is);0;0;R20[0.09] R26[0.20] A1[0.08] G2[0.04] G3[0.08] G5[0.08];0.27;0.37;0.00;0.32;0.07;0.00;0.81;0.11;0.0462;0.1473;1
73;73;Agent_12;orders came from the seed rule base (rules as-is);0;0;R20[0.04] R26[0.03] A1[0.12] G2[0.05] G3[0.12] G1[0.07];0.08;0.13;0.00;0.48;0.11;0.00;0.84;0.11;0.0462;0.1473;0
74;74;Agent_1;orders came from the seed rule base (rules as-is);0;0;R11[0.23] R15[0.20] R20[0.11] R26[0.20] A1[0.18] G2[0.18];0.23;0.43;0.14;0.89;0.58;0.38;0.72;0.11;0.0460;0.1457;0
74;74;Agent_2;orders came from the seed rule base (rules as-is);0;0;R11[0.28] R15[0.05] R20[0.03] R26[0.05] A1[0.06] G2[0.06];0.06;0.21;0.03;0.34;0.38;0.31;0.87;0.11;0.0460;0.1457;0
74;74;Agent_3;orders came from the seed rule base (rules as-is);0;0;R7[0.08] R20[0.05] R26[0.06] A1[0.08] G2[0.04] G3[0.08];0.17;0.23;0.05;0.49;0.07;0.00;0.77;0.57;0.0460;0.1457;1
74;74;Agent_4;orders came from the seed rule base (rules as-is);0;0;R20[0.44] R26[0.64] A1[0.53] G2[0.24] G3[0.27] G5[0.44];0.98;0.81;0.00;0.90;0.49;0.00;0.92;0.72;0.0460;0.1457;1
74;74;Agent_5;orders came from the seed rule base (rules as-is);0;0;R11[0.23] R15[0.03] R20[0.03] R26[0.03] A1[0.08] G2[0.08];0.05;0.19;0.02;0.41;0.35;0.25;0.85;0.11;0.0460;0.1457;0
74;74;Agent_6;orders came from the seed rule base (rules as-is);0;0;R7[0.08] R11[0.04] R15[0.11] R20[0.09] R26[0.20] A1[0.08];0.31;0.41;0.14;0.51;0.17;0.12;0.87;0.11;0.0460;0.1457;1
74;74;Agent_7;orders came from the seed rule base (rules as-is);0;0;R7[0.08] R20[0.13] R26[0.28] A1[0.08] G2[0.04] G3[0.08];0.40;0.50;0.05;0.53;0.07;0.00;0.87;0.24;0.0460;0.1457;1
74;74;Agent_8;orders came from the seed rule base (rules as-is);0;0;R20[0.19] R26[0.30] A1[0.24] G2[0.11] G3[0.22] G1[0.12];0.64;0.75;0.00;0.90;0.22;0.00;0.78;0.33;0.0460;0.1457;1
74;74;Agent_9;orders came from the seed rule base (rules as-is);0;0;R7[0.11] R20[0.10] R26[0.20] A1[0.11] G2[0.05] G3[0.11];0.30;0.41;0.07;0.53;0.10;0.00;0.85;0.11;0.0460;0.1457;1
74;74;Agent_10;orders came from the seed rule base (rules as-is);0;0;R20[0.03] R26[0.03] A1[0.08] G2[0.04] G3[0.08] G1[0.08];0.07;0.10;0.00;0.37;0.07;0.00;0.86;0.11;0.0460;0.1457;0
74;74;Agent_11;orders came from the seed rule base (rules as-is);0;0;R20[0.09] R26[0.20] A1[0.08] G2[0.04] G3[0.08] G5[0.08];0.27;0.37;0.00;0.32;0.07;0.00;0.81;0.11;0.0460;0.1457;1
74;74;Agent_12;orders came from the seed rule base (rules as-is);0;0;R20[0.04] R26[0.03] A1[0.12] G2[0.05] G3[0.12] G1[0.07];0.08;0.13;0.00;0.48;0.11;0.00;0.84;0.11;0.0460;0.1457;0
75;75;Agent_1;orders came from the seed rule base (rules as-is);0;0;R11[0.23] R15[0.19] R20[0.11] R26[0.19] A1[0.18] G2[0.18];0.23;0.43;0.14;0.89;0.57;0.38;0.72;0.10;0.0869;0.1648;0
75;75;Agent_2;orders came from the seed rule base (rules as-is);0;0;R11[0.28] R15[0.05] R20[0.03] R26[0.05] A1[0.06] G2[0.06];0.06;0.21;0.03;0.33;0.38;0.31;0.87;0.10;0.0869;0.1648;0
75;75;Agent_3;orders came from the seed rule base (rules as-is);0;0;R7[0.08] R20[0.05] R26[0.06] A1[0.08] G2[0.04] G3[0.08];0.17;0.23;0.05;0.49;0.07;0.00;0.77;0.57;0.0869;0.1648;1
75;75;Agent_4;orders came from the seed rule base (rules as-is);0;0;R20[0.44] R26[0.64] A1[0.53] G2[0.24] G3[0.27] G5[0.44];0.98;0.81;0.00;0.90;0.49;0.00;0.92;0.72;0.0869;0.1648;1
75;75;Agent_5;orders came from the seed rule base (rules as-is);0;0;R11[0.23] R15[0.03] R20[0.03] R26[0.03] A1[0.08] G2[0.08];0.05;0.19;0.02;0.41;0.35;0.25;0.85;0.10;0.0869;0.1648;0
75;75;Agent_6;orders came from the seed rule base (rules as-is);0;0;R7[0.08] R11[0.04] R15[0.11] R20[0.09] R26[0.20] A1[0.08];0.31;0.41;0.14;0.51;0.17;0.12;0.87;0.10;0.0869;0.1648;1
75;75;Agent_7;orders came from the seed rule base (rules as-is);0;0;R7[0.08] R20[0.13] R26[0.28] A1[0.08] G2[0.04] G3[0.08];0.39;0.50;0.05;0.53;0.07;0.00;0.87;0.24;0.0869;0.1648;1
75;75;Agent_8;orders came from the seed rule base (rules as-is);0;0;R20[0.19] R26[0.30] A1[0.24] G2[0.11] G3[0.22] G1[0.12];0.64;0.75;0.00;0.90;0.22;0.00;0.78;0.32;0.0869;0.1648;1
75;75;Agent_9;orders came from the seed rule base (rules as-is);0;0;R7[0.11] R20[0.10] R26[0.20] A1[0.11] G2[0.05] G3[0.11];0.30;0.41;0.07;0.53;0.10;0.00;0.85;0.10;0.0869;0.1648;1
75;75;Agent_10;orders came from the seed rule base (rules as-is);0;0;R20[0.03] R26[0.03] A1[0.08] G2[0.04] G3[0.08] G1[0.08];0.07;0.10;0.00;0.37;0.07;0.00;0.86;0.10;0.0869;0.1648;0
75;75;Agent_11;orders came from the seed rule base (rules as-is);0;0;R20[0.09] R26[0.20] A1[0.08] G2[0.04] G3[0.08] G5[0.08];0.27;0.37;0.00;0.32;0.07;0.00;0.81;0.10;0.0869;0.1648;1
75;75;Agent_12;orders came from the seed rule base (rules as-is);0;0;R20[0.04] R26[0.03] A1[0.12] G2[0.05] G3[0.12] G1[0.07];0.08;0.13;0.00;0.48;0.11;0.00;0.84;0.10;0.0869;0.1648;0
76;76;Agent_1;orders came from the seed rule base (rules as-is);0;0;R11[0.23] R15[0.19] R20[0.11] R26[0.19] A1[0.18] G2[0.18];0.23;0.43;0.14;0.89;0.57;0.38;0.72;0.10;0.0510;0.1658;0
76;76;Agent_2;orders came from the seed rule base (rules as-is);0;0;R11[0.28] R15[0.05] R20[0.03] R26[0.05] A1[0.06] G2[0.06];0.06;0.21;0.03;0.33;0.38;0.31;0.87;0.10;0.0510;0.1658;0
76;76;Agent_3;orders came from the seed rule base (rules as-is);0;0;R7[0.08] R20[0.05] R26[0.06] A1[0.08] G2[0.04] G3[0.08];0.17;0.23;0.05;0.49;0.07;0.00;0.77;0.57;0.0510;0.1658;1
76;76;Agent_4;orders came from the seed rule base (rules as-is);0;0;R20[0.43] R26[0.64] A1[0.52] G2[0.23] G3[0.27] G5[0.43];0.98;0.81;0.00;0.90;0.49;0.00;0.92;0.72;0.0510;0.1658;1
76;76;Agent_5;orders came from the seed rule base (rules as-is);0;0;R11[0.23] R15[0.03] R20[0.03] R26[0.03] A1[0.08] G2[0.08];0.05;0.19;0.02;0.41;0.35;0.25;0.85;0.10;0.0510;0.1658;0
76;76;Agent_6;orders came from the seed rule base (rules as-is);0;0;R7[0.08] R11[0.04] R15[0.11] R20[0.09] R26[0.20] A1[0.08];0.30;0.41;0.14;0.51;0.17;0.12;0.87;0.10;0.0510;0.1658;1
76;76;Agent_7;orders came from the seed rule base (rules as-is);0;0;R7[0.08] R20[0.13] R26[0.28] A1[0.08] G2[0.04] G3[0.08];0.39;0.50;0.05;0.53;0.07;0.00;0.87;0.24;0.0510;0.1658;1
76;76;Agent_8;orders came from the seed rule base (rules as-is);0;0;R20[0.19] R26[0.30] A1[0.24] G2[0.11] G3[0.22] G1[0.12];0.64;0.75;0.00;0.90;0.22;0.00;0.78;0.32;0.0510;0.1658;1
76;76;Agent_9;orders came from the seed rule base (rules as-is);0;0;R7[0.11] R20[0.10] R26[0.20] A1[0.11] G2[0.05] G3[0.11];0.30;0.41;0.07;0.53;0.10;0.00;0.85;0.10;0.0510;0.1658;1
76;76;Agent_10;orders came from the seed rule base (rules as-is);0;0;R20[0.03] R26[0.03] A1[0.08] G2[0.04] G3[0.08] G1[0.08];0.07;0.10;0.00;0.36;0.07;0.00;0.86;0.10;0.0510;0.1658;0
76;76;Agent_11;orders came from the seed rule base (rules as-is);0;0;R20[0.09] R26[0.20] A1[0.08] G2[0.04] G3[0.08] G5[0.08];0.27;0.36;0.00;0.32;0.07;0.00;0.81;0.10;0.0510;0.1658;1
76;76;Agent_12;orders came from the seed rule base (rules as-is);0;0;R20[0.04] R26[0.03] A1[0.12] G2[0.05] G3[0.12] G1[0.07];0.08;0.13;0.00;0.48;0.11;0.00;0.84;0.10;0.0510;0.1658;0
77;77;Agent_1;RL selected stage 3 [GenAI] (deficit bucket: mid+gap) → ACCEPTED: G7: G7: IF fire threat level is VH AND asset exposure risk is H THEN suppression effort 1.0, asset protection 0.8 (adaptation-born: generative (template), gates G1-G4);3;3;R11[0.23] R15[0.20] R20[0.12] R26[0.20] A1[0.25] G2[0.25];0.26;0.44;0.14;0.89;0.66;0.38;0.70;0.10;0.0514;0.1613;0
77;77;Agent_2;RL selected stage 3 [GenAI] (deficit bucket: mid+gap) → ACCEPTED: G7: G7: IF fire threat level is VH AND asset exposure risk is H THEN suppression effort 1.0, asset protection 0.8 (adaptation-born: generative (template), gates G1-G4);3;3;R11[0.28] R15[0.05] R20[0.03] R26[0.05] A1[0.08] G2[0.08];0.06;0.23;0.03;0.43;0.42;0.32;0.85;0.10;0.0514;0.1613;0
77;77;Agent_3;RL selected stage 3 [GenAI] (deficit bucket: mid+gap) → ACCEPTED: G7: G7: IF fire threat level is VH AND asset exposure risk is H THEN suppression effort 1.0, asset protection 0.8 (adaptation-born: generative (template), gates G1-G4);3;3;R7[0.08] R20[0.05] R26[0.06] A1[0.08] G2[0.04] G3[0.08];0.23;0.23;0.05;0.54;0.07;0.00;0.78;0.57;0.0514;0.1613;1
77;77;Agent_4;RL selected stage 3 [GenAI] (deficit bucket: mid+gap) → ACCEPTED: G7: G7: IF fire threat level is VH AND asset exposure risk is H THEN suppression effort 1.0, asset protection 0.8 (adaptation-born: generative (template), gates G1-G4);3;3;R20[0.43] R26[0.64] A1[0.52] G2[0.23] G3[0.27] G5[0.43];0.97;0.81;0.00;0.89;0.48;0.00;0.92;0.72;0.0514;0.1613;1
77;77;Agent_5;RL selected stage 3 [GenAI] (deficit bucket: mid+gap) → ACCEPTED: G7: G7: IF fire threat level is VH AND asset exposure risk is H THEN suppression effort 1.0, asset protection 0.8 (adaptation-born: generative (template), gates G1-G4);3;3;R11[0.23] R15[0.03] R20[0.03] R26[0.03] A1[0.08] G2[0.08];0.05;0.19;0.02;0.41;0.35;0.25;0.85;0.10;0.0514;0.1613;0
77;77;Agent_6;RL selected stage 3 [GenAI] (deficit bucket: mid+gap) → ACCEPTED: G7: G7: IF fire threat level is VH AND asset exposure risk is H THEN suppression effort 1.0, asset protection 0.8 (adaptation-born: generative (template), gates G1-G4);3;3;R7[0.08] R11[0.04] R15[0.11] R20[0.09] R26[0.20] A1[0.08];0.49;0.41;0.14;0.67;0.17;0.12;0.81;0.10;0.0514;0.1613;1
77;77;Agent_7;RL selected stage 3 [GenAI] (deficit bucket: mid+gap) → ACCEPTED: G7: G7: IF fire threat level is VH AND asset exposure risk is H THEN suppression effort 1.0, asset protection 0.8 (adaptation-born: generative (template), gates G1-G4);3;3;R7[0.08] R20[0.13] R26[0.27] A1[0.08] G2[0.04] G3[0.08];0.66;0.50;0.05;0.76;0.07;0.00;0.76;0.24;0.0514;0.1613;1
77;77;Agent_8;RL selected stage 3 [GenAI] (deficit bucket: mid+gap) → ACCEPTED: G7: G7: IF fire threat level is VH AND asset exposure risk is H THEN suppression effort 1.0, asset protection 0.8 (adaptation-born: generative (template), gates G1-G4);3;3;R20[0.19] R26[0.30] A1[0.24] G2[0.11] G3[0.22] G1[0.12];0.89;0.75;0.00;0.88;0.22;0.00;0.72;0.32;0.0514;0.1613;1
77;77;Agent_9;RL selected stage 3 [GenAI] (deficit bucket: mid+gap) → ACCEPTED: G7: G7: IF fire threat level is VH AND asset exposure risk is H THEN suppression effort 1.0, asset protection 0.8 (adaptation-born: generative (template), gates G1-G4);3;3;R7[0.11] R20[0.10] R26[0.20] A1[0.11] G2[0.05] G3[0.11];0.49;0.40;0.07;0.69;0.10;0.00;0.86;0.10;0.0514;0.1613;1
77;77;Agent_10;RL selected stage 3 [GenAI] (deficit bucket: mid+gap) → ACCEPTED: G7: G7: IF fire threat level is VH AND asset exposure risk is H THEN suppression effort 1.0, asset protection 0.8 (adaptation-born: generative (template), gates G1-G4);3;3;R20[0.03] R26[0.03] A1[0.08] G2[0.04] G3[0.08] G1[0.08];0.09;0.10;0.00;0.39;0.07;0.00;0.87;0.10;0.0514;0.1613;0
77;77;Agent_11;RL selected stage 3 [GenAI] (deficit bucket: mid+gap) → ACCEPTED: G7: G7: IF fire threat level is VH AND asset exposure risk is H THEN suppression effort 1.0, asset protection 0.8 (adaptation-born: generative (template), gates G1-G4);3;3;R20[0.09] R26[0.20] A1[0.08] G2[0.04] G3[0.08] G5[0.08];0.46;0.36;0.00;0.49;0.07;0.00;0.84;0.10;0.0514;0.1613;1
77;77;Agent_12;RL selected stage 3 [GenAI] (deficit bucket: mid+gap) → ACCEPTED: G7: G7: IF fire threat level is VH AND asset exposure risk is H THEN suppression effort 1.0, asset protection 0.8 (adaptation-born: generative (template), gates G1-G4);3;3;R20[0.04] R26[0.03] A1[0.12] G2[0.05] G3[0.12] G1[0.07];0.10;0.13;0.00;0.51;0.11;0.00;0.85;0.10;0.0514;0.1613;0
78;78;Agent_1;orders came from the seed rule base (rules as-is);0;0;R11[0.23] R15[0.20] R20[0.12] R26[0.20] A1[0.25] G2[0.25];0.26;0.46;0.14;0.89;0.67;0.39;0.70;0.10;0.0509;0.1611;0
78;78;Agent_2;orders came from the seed rule base (rules as-is);0;0;R11[0.29] R15[0.05] R20[0.03] R26[0.05] A1[0.08] G2[0.08];0.06;0.23;0.03;0.43;0.42;0.33;0.85;0.10;0.0509;0.1611;0
78;78;Agent_3;orders came from the seed rule base (rules as-is);0;0;R7[0.08] R20[0.05] R26[0.06] A1[0.08] G2[0.04] G3[0.08];0.23;0.23;0.05;0.54;0.07;0.00;0.78;0.57;0.0509;0.1611;1
78;78;Agent_4;orders came from the seed rule base (rules as-is);0;0;R20[0.43] R26[0.64] A1[0.51] G2[0.23] G3[0.27] G5[0.43];0.97;0.81;0.00;0.89;0.48;0.00;0.92;0.72;0.0509;0.1611;1
78;78;Agent_5;orders came from the seed rule base (rules as-is);0;0;R11[0.23] R15[0.03] R20[0.03] R26[0.03] A1[0.08] G2[0.08];0.05;0.19;0.02;0.41;0.35;0.25;0.85;0.10;0.0509;0.1611;0
78;78;Agent_6;orders came from the seed rule base (rules as-is);0;0;R7[0.08] R11[0.04] R15[0.11] R20[0.09] R26[0.20] A1[0.08];0.48;0.41;0.14;0.67;0.17;0.12;0.81;0.10;0.0509;0.1611;1
78;78;Agent_7;orders came from the seed rule base (rules as-is);0;0;R7[0.08] R20[0.13] R26[0.27] A1[0.08] G2[0.04] G3[0.08];0.66;0.50;0.05;0.76;0.07;0.00;0.76;0.24;0.0509;0.1611;1
78;78;Agent_8;orders came from the seed rule base (rules as-is);0;0;R20[0.19] R26[0.30] A1[0.24] G2[0.11] G3[0.22] G1[0.12];0.89;0.75;0.00;0.88;0.22;0.00;0.72;0.32;0.0509;0.1611;1
78;78;Agent_9;orders came from the seed rule base (rules as-is);0;0;R7[0.11] R20[0.10] R26[0.19] A1[0.11] G2[0.05] G3[0.11];0.49;0.40;0.07;0.69;0.10;0.00;0.86;0.10;0.0509;0.1611;1
78;78;Agent_10;orders came from the seed rule base (rules as-is);0;0;R20[0.03] R26[0.03] A1[0.08] G2[0.04] G3[0.08] G1[0.07];0.09;0.10;0.00;0.39;0.07;0.00;0.87;0.10;0.0509;0.1611;0
78;78;Agent_11;orders came from the seed rule base (rules as-is);0;0;R20[0.09] R26[0.19] A1[0.08] G2[0.04] G3[0.08] G5[0.08];0.46;0.36;0.00;0.49;0.07;0.00;0.84;0.10;0.0509;0.1611;1
78;78;Agent_12;orders came from the seed rule base (rules as-is);0;0;R20[0.04] R26[0.03] A1[0.12] G2[0.05] G3[0.12] G1[0.06];0.10;0.13;0.00;0.51;0.11;0.00;0.85;0.10;0.0509;0.1611;0
78;78;Agent_1;orders came from the seed rule base (rules as-is);0;0;R11[0.23] R15[0.20] R20[0.12] R26[0.20] A1[0.25] G2[0.25];0.26;0.46;0.14;0.89;0.67;0.39;0.70;0.10;0.0509;0.1611;0
78;78;Agent_2;orders came from the seed rule base (rules as-is);0;0;R11[0.29] R15[0.05] R20[0.03] R26[0.05] A1[0.08] G2[0.08];0.06;0.23;0.03;0.43;0.42;0.33;0.85;0.10;0.0509;0.1611;0
78;78;Agent_3;orders came from the seed rule base (rules as-is);0;0;R7[0.08] R20[0.05] R26[0.06] A1[0.08] G2[0.04] G3[0.08];0.23;0.23;0.05;0.54;0.07;0.00;0.78;0.57;0.0509;0.1611;1
78;78;Agent_4;orders came from the seed rule base (rules as-is);0;0;R20[0.43] R26[0.64] A1[0.51] G2[0.23] G3[0.27] G5[0.43];0.97;0.81;0.00;0.89;0.48;0.00;0.92;0.72;0.0509;0.1611;1
78;78;Agent_5;orders came from the seed rule base (rules as-is);0;0;R11[0.23] R15[0.03] R20[0.03] R26[0.03] A1[0.08] G2[0.08];0.05;0.19;0.02;0.41;0.35;0.25;0.85;0.10;0.0509;0.1611;0
78;78;Agent_6;orders came from the seed rule base (rules as-is);0;0;R7[0.08] R11[0.04] R15[0.11] R20[0.09] R26[0.20] A1[0.08];0.48;0.41;0.14;0.67;0.17;0.12;0.81;0.10;0.0509;0.1611;1
78;78;Agent_7;orders came from the seed rule base (rules as-is);0;0;R7[0.08] R20[0.13] R26[0.27] A1[0.08] G2[0.04] G3[0.08];0.66;0.50;0.05;0.76;0.07;0.00;0.76;0.24;0.0509;0.1611;1
78;78;Agent_8;orders came from the seed rule base (rules as-is);0;0;R20[0.19] R26[0.30] A1[0.24] G2[0.11] G3[0.22] G1[0.12];0.89;0.75;0.00;0.88;0.22;0.00;0.72;0.32;0.0509;0.1611;1
78;78;Agent_9;orders came from the seed rule base (rules as-is);0;0;R7[0.11] R20[0.10] R26[0.19] A1[0.11] G2[0.05] G3[0.11];0.49;0.40;0.07;0.69;0.10;0.00;0.86;0.10;0.0509;0.1611;1
78;78;Agent_10;orders came from the seed rule base (rules as-is);0;0;R20[0.03] R26[0.03] A1[0.08] G2[0.04] G3[0.08] G1[0.07];0.09;0.10;0.00;0.39;0.07;0.00;0.87;0.10;0.0509;0.1611;0
78;78;Agent_11;orders came from the seed rule base (rules as-is);0;0;R20[0.09] R26[0.19] A1[0.08] G2[0.04] G3[0.08] G5[0.08];0.46;0.36;0.00;0.49;0.07;0.00;0.84;0.10;0.0509;0.1611;1
78;78;Agent_12;orders came from the seed rule base (rules as-is);0;0;R20[0.04] R26[0.03] A1[0.12] G2[0.05] G3[0.12] G1[0.06];0.10;0.13;0.00;0.51;0.11;0.00;0.85;0.10;0.0509;0.1611;0
78;78;Agent_1;orders came from the seed rule base (rules as-is);0;0;R11[0.23] R15[0.20] R20[0.12] R26[0.20] A1[0.25] G2[0.25];0.26;0.46;0.14;0.89;0.67;0.39;0.70;0.10;0.0509;0.1611;0
78;78;Agent_2;orders came from the seed rule base (rules as-is);0;0;R11[0.29] R15[0.05] R20[0.03] R26[0.05] A1[0.08] G2[0.08];0.06;0.23;0.03;0.43;0.42;0.33;0.85;0.10;0.0509;0.1611;0
78;78;Agent_3;orders came from the seed rule base (rules as-is);0;0;R7[0.08] R20[0.05] R26[0.06] A1[0.08] G2[0.04] G3[0.08];0.23;0.23;0.05;0.54;0.07;0.00;0.78;0.57;0.0509;0.1611;1
78;78;Agent_4;orders came from the seed rule base (rules as-is);0;0;R20[0.43] R26[0.64] A1[0.51] G2[0.23] G3[0.27] G5[0.43];0.97;0.81;0.00;0.89;0.48;0.00;0.92;0.72;0.0509;0.1611;1
78;78;Agent_5;orders came from the seed rule base (rules as-is);0;0;R11[0.23] R15[0.03] R20[0.03] R26[0.03] A1[0.08] G2[0.08];0.05;0.19;0.02;0.41;0.35;0.25;0.85;0.10;0.0509;0.1611;0
78;78;Agent_6;orders came from the seed rule base (rules as-is);0;0;R7[0.08] R11[0.04] R15[0.11] R20[0.09] R26[0.20] A1[0.08];0.48;0.41;0.14;0.67;0.17;0.12;0.81;0.10;0.0509;0.1611;1
78;78;Agent_7;orders came from the seed rule base (rules as-is);0;0;R7[0.08] R20[0.13] R26[0.27] A1[0.08] G2[0.04] G3[0.08];0.66;0.50;0.05;0.76;0.07;0.00;0.76;0.24;0.0509;0.1611;1
78;78;Agent_8;orders came from the seed rule base (rules as-is);0;0;R20[0.19] R26[0.30] A1[0.24] G2[0.11] G3[0.22] G1[0.12];0.89;0.75;0.00;0.88;0.22;0.00;0.72;0.32;0.0509;0.1611;1
78;78;Agent_9;orders came from the seed rule base (rules as-is);0;0;R7[0.11] R20[0.10] R26[0.19] A1[0.11] G2[0.05] G3[0.11];0.49;0.40;0.07;0.69;0.10;0.00;0.86;0.10;0.0509;0.1611;1
78;78;Agent_10;orders came from the seed rule base (rules as-is);0;0;R20[0.03] R26[0.03] A1[0.08] G2[0.04] G3[0.08] G1[0.07];0.09;0.10;0.00;0.39;0.07;0.00;0.87;0.10;0.0509;0.1611;0
78;78;Agent_11;orders came from the seed rule base (rules as-is);0;0;R20[0.09] R26[0.19] A1[0.08] G2[0.04] G3[0.08] G5[0.08];0.46;0.36;0.00;0.49;0.07;0.00;0.84;0.10;0.0509;0.1611;1
78;78;Agent_12;orders came from the seed rule base (rules as-is);0;0;R20[0.04] R26[0.03] A1[0.12] G2[0.05] G3[0.12] G1[0.06];0.10;0.13;0.00;0.51;0.11;0.00;0.85;0.10;0.0509;0.1611;0
79;79;Agent_1;orders came from the seed rule base (rules as-is);0;0;R11[0.23] R15[0.20] R20[0.12] R26[0.20] A1[0.25] G2[0.25];0.26;0.46;0.14;0.89;0.67;0.39;0.70;0.10;0.0532;0.1571;0
79;79;Agent_2;orders came from the seed rule base (rules as-is);0;0;R11[0.29] R15[0.05] R20[0.03] R26[0.05] A1[0.08] G2[0.08];0.06;0.23;0.03;0.43;0.42;0.33;0.85;0.10;0.0532;0.1571;0
79;79;Agent_3;orders came from the seed rule base (rules as-is);0;0;R7[0.08] R20[0.05] R26[0.06] A1[0.08] G2[0.04] G3[0.08];0.23;0.23;0.05;0.54;0.07;0.00;0.78;0.57;0.0532;0.1571;1
79;79;Agent_4;orders came from the seed rule base (rules as-is);0;0;R20[0.43] R26[0.64] A1[0.51] G2[0.23] G3[0.27] G5[0.43];0.97;0.81;0.00;0.89;0.48;0.00;0.92;0.72;0.0532;0.1571;1
79;79;Agent_5;orders came from the seed rule base (rules as-is);0;0;R11[0.23] R15[0.03] R20[0.03] R26[0.03] A1[0.08] G2[0.08];0.05;0.19;0.02;0.41;0.35;0.25;0.85;0.10;0.0532;0.1571;0
79;79;Agent_6;orders came from the seed rule base (rules as-is);0;0;R7[0.08] R11[0.04] R15[0.11] R20[0.09] R26[0.19] A1[0.08];0.48;0.41;0.14;0.67;0.17;0.12;0.81;0.10;0.0532;0.1571;1
79;79;Agent_7;orders came from the seed rule base (rules as-is);0;0;R7[0.08] R20[0.13] R26[0.27] A1[0.08] G2[0.04] G3[0.08];0.66;0.49;0.05;0.76;0.07;0.00;0.76;0.24;0.0532;0.1571;1
79;79;Agent_8;orders came from the seed rule base (rules as-is);0;0;R20[0.19] R26[0.30] A1[0.24] G2[0.11] G3[0.22] G1[0.12];0.89;0.75;0.00;0.88;0.22;0.00;0.72;0.32;0.0532;0.1571;1
79;79;Agent_9;orders came from the seed rule base (rules as-is);0;0;R7[0.11] R20[0.10] R26[0.19] A1[0.11] G2[0.05] G3[0.11];0.49;0.40;0.07;0.69;0.10;0.00;0.86;0.10;0.0532;0.1571;1
79;79;Agent_10;orders came from the seed rule base (rules as-is);0;0;R20[0.03] R26[0.03] A1[0.08] G2[0.04] G3[0.08] G1[0.07];0.09;0.10;0.00;0.39;0.07;0.00;0.87;0.10;0.0532;0.1571;0
79;79;Agent_11;orders came from the seed rule base (rules as-is);0;0;R20[0.09] R26[0.19] A1[0.08] G2[0.04] G3[0.08] G5[0.08];0.46;0.36;0.00;0.48;0.07;0.00;0.84;0.10;0.0532;0.1571;1
79;79;Agent_12;orders came from the seed rule base (rules as-is);0;0;R20[0.04] R26[0.03] A1[0.12] G2[0.05] G3[0.12] G1[0.06];0.10;0.13;0.00;0.51;0.11;0.00;0.85;0.10;0.0532;0.1571;0
80;80;Agent_1;orders came from the seed rule base (rules as-is);0;0;R11[0.23] R15[0.21] R20[0.12] R26[0.21] A1[0.25] G2[0.25];0.27;0.46;0.14;0.89;0.67;0.39;0.70;0.10;0.0520;0.1555;0
80;80;Agent_2;orders came from the seed rule base (rules as-is);0;0;R11[0.29] R15[0.05] R20[0.03] R26[0.05] A1[0.08] G2[0.08];0.06;0.24;0.03;0.43;0.42;0.33;0.85;0.10;0.0520;0.1555;0
80;80;Agent_3;orders came from the seed rule base (rules as-is);0;0;R7[0.08] R20[0.05] R26[0.06] A1[0.08] G2[0.04] G3[0.08];0.23;0.23;0.05;0.54;0.07;0.00;0.78;0.57;0.0520;0.1555;1
80;80;Agent_4;orders came from the seed rule base (rules as-is);0;0;R20[0.43] R26[0.64] A1[0.51] G2[0.23] G3[0.27] G5[0.43];0.97;0.81;0.00;0.89;0.47;0.00;0.92;0.72;0.0520;0.1555;1
80;80;Agent_5;orders came from the seed rule base (rules as-is);0;0;R11[0.23] R15[0.03] R20[0.03] R26[0.03] A1[0.08] G2[0.08];0.05;0.19;0.02;0.41;0.35;0.25;0.85;0.10;0.0520;0.1555;0
80;80;Agent_6;orders came from the seed rule base (rules as-is);0;0;R7[0.08] R11[0.04] R15[0.11] R20[0.09] R26[0.19] A1[0.08];0.48;0.41;0.14;0.67;0.17;0.12;0.81;0.10;0.0520;0.1555;1
80;80;Agent_7;orders came from the seed rule base (rules as-is);0;0;R7[0.08] R20[0.13] R26[0.27] A1[0.08] G2[0.04] G3[0.08];0.66;0.49;0.05;0.76;0.07;0.00;0.76;0.24;0.0520;0.1555;1
80;80;Agent_8;orders came from the seed rule base (rules as-is);0;0;R20[0.19] R26[0.30] A1[0.24] G2[0.11] G3[0.22] G1[0.12];0.89;0.75;0.00;0.88;0.22;0.00;0.72;0.32;0.0520;0.1555;1
80;80;Agent_9;orders came from the seed rule base (rules as-is);0;0;R7[0.11] R20[0.10] R26[0.19] A1[0.11] G2[0.05] G3[0.11];0.48;0.40;0.07;0.69;0.10;0.00;0.86;0.10;0.0520;0.1555;1
80;80;Agent_10;orders came from the seed rule base (rules as-is);0;0;R20[0.03] R26[0.03] A1[0.08] G2[0.04] G3[0.08] G1[0.07];0.09;0.10;0.00;0.39;0.07;0.00;0.87;0.10;0.0520;0.1555;0
80;80;Agent_11;orders came from the seed rule base (rules as-is);0;0;R20[0.09] R26[0.19] A1[0.08] G2[0.04] G3[0.08] G5[0.08];0.46;0.36;0.00;0.48;0.07;0.00;0.84;0.10;0.0520;0.1555;1
80;80;Agent_12;orders came from the seed rule base (rules as-is);0;0;R20[0.04] R26[0.03] A1[0.12] G2[0.05] G3[0.12] G1[0.06];0.10;0.13;0.00;0.51;0.11;0.00;0.85;0.10;0.0520;0.1555;0
81;81;Agent_1;orders came from the seed rule base (rules as-is);0;0;R11[0.23] R15[0.21] R20[0.13] R26[0.21] A1[0.25] G2[0.25];0.27;0.46;0.14;0.89;0.67;0.39;0.69;0.10;0.0524;0.1513;0
81;81;Agent_2;orders came from the seed rule base (rules as-is);0;0;R11[0.29] R15[0.05] R20[0.03] R26[0.05] A1[0.08] G2[0.08];0.06;0.24;0.03;0.43;0.42;0.33;0.85;0.10;0.0524;0.1513;0
81;81;Agent_3;orders came from the seed rule base (rules as-is);0;0;R7[0.08] R20[0.05] R26[0.06] A1[0.08] G2[0.04] G3[0.08];0.23;0.23;0.05;0.54;0.07;0.00;0.78;0.57;0.0524;0.1513;1
81;81;Agent_4;orders came from the seed rule base (rules as-is);0;0;R20[0.43] R26[0.64] A1[0.51] G2[0.23] G3[0.27] G5[0.43];0.97;0.81;0.00;0.89;0.47;0.00;0.92;0.72;0.0524;0.1513;1
81;81;Agent_5;orders came from the seed rule base (rules as-is);0;0;R11[0.23] R15[0.03] R20[0.03] R26[0.03] A1[0.08] G2[0.08];0.05;0.19;0.02;0.41;0.35;0.25;0.85;0.10;0.0524;0.1513;0
81;81;Agent_6;orders came from the seed rule base (rules as-is);0;0;R7[0.08] R11[0.04] R15[0.11] R20[0.09] R26[0.19] A1[0.08];0.48;0.41;0.14;0.67;0.17;0.12;0.81;0.10;0.0524;0.1513;1
81;81;Agent_7;orders came from the seed rule base (rules as-is);0;0;R7[0.08] R20[0.13] R26[0.27] A1[0.08] G2[0.04] G3[0.08];0.66;0.49;0.05;0.76;0.07;0.00;0.76;0.24;0.0524;0.1513;1
81;81;Agent_8;orders came from the seed rule base (rules as-is);0;0;R20[0.19] R26[0.30] A1[0.24] G2[0.11] G3[0.22] G1[0.12];0.89;0.75;0.00;0.88;0.22;0.00;0.72;0.32;0.0524;0.1513;1
81;81;Agent_9;orders came from the seed rule base (rules as-is);0;0;R7[0.11] R20[0.10] R26[0.19] A1[0.11] G2[0.05] G3[0.11];0.48;0.40;0.07;0.69;0.10;0.00;0.86;0.10;0.0524;0.1513;1
81;81;Agent_10;orders came from the seed rule base (rules as-is);0;0;R20[0.03] R26[0.03] A1[0.08] G2[0.04] G3[0.08] G1[0.07];0.09;0.10;0.00;0.39;0.07;0.00;0.87;0.10;0.0524;0.1513;0
81;81;Agent_11;orders came from the seed rule base (rules as-is);0;0;R20[0.09] R26[0.19] A1[0.08] G2[0.04] G3[0.08] G5[0.08];0.45;0.36;0.00;0.48;0.07;0.00;0.84;0.10;0.0524;0.1513;1
81;81;Agent_12;orders came from the seed rule base (rules as-is);0;0;R20[0.04] R26[0.03] A1[0.12] G2[0.05] G3[0.12] G1[0.06];0.10;0.13;0.00;0.51;0.11;0.00;0.85;0.10;0.0524;0.1513;0
82;82;Agent_1;orders came from the seed rule base (rules as-is);0;0;R11[0.23] R15[0.21] R20[0.13] R26[0.21] A1[0.25] G2[0.25];0.27;0.46;0.15;0.89;0.67;0.39;0.69;0.10;0.0535;0.1480;0
82;82;Agent_2;orders came from the seed rule base (rules as-is);0;0;R11[0.29] R15[0.05] R20[0.03] R26[0.05] A1[0.08] G2[0.08];0.06;0.24;0.03;0.43;0.42;0.33;0.85;0.10;0.0535;0.1480;0
82;82;Agent_3;orders came from the seed rule base (rules as-is);0;0;R7[0.08] R20[0.05] R26[0.06] A1[0.08] G2[0.04] G3[0.08];0.23;0.23;0.05;0.54;0.07;0.00;0.78;0.57;0.0535;0.1480;1
82;82;Agent_4;orders came from the seed rule base (rules as-is);0;0;R20[0.43] R26[0.64] A1[0.50] G2[0.23] G3[0.27] G5[0.43];0.97;0.81;0.00;0.89;0.47;0.00;0.92;0.72;0.0535;0.1480;1
82;82;Agent_5;orders came from the seed rule base (rules as-is);0;0;R11[0.23] R15[0.03] R20[0.03] R26[0.03] A1[0.08] G2[0.08];0.05;0.19;0.02;0.41;0.35;0.25;0.85;0.10;0.0535;0.1480;0
82;82;Agent_6;orders came from the seed rule base (rules as-is);0;0;R7[0.08] R11[0.04] R15[0.11] R20[0.09] R26[0.19] A1[0.08];0.48;0.41;0.14;0.67;0.17;0.12;0.81;0.10;0.0535;0.1480;1
82;82;Agent_7;orders came from the seed rule base (rules as-is);0;0;R7[0.08] R20[0.13] R26[0.27] A1[0.08] G2[0.04] G3[0.08];0.66;0.49;0.05;0.76;0.07;0.00;0.76;0.24;0.0535;0.1480;1
82;82;Agent_8;orders came from the seed rule base (rules as-is);0;0;R20[0.19] R26[0.30] A1[0.24] G2[0.11] G3[0.22] G1[0.12];0.89;0.75;0.00;0.88;0.22;0.00;0.72;0.32;0.0535;0.1480;1
82;82;Agent_9;orders came from the seed rule base (rules as-is);0;0;R7[0.11] R20[0.10] R26[0.19] A1[0.11] G2[0.05] G3[0.11];0.48;0.40;0.07;0.69;0.10;0.00;0.86;0.10;0.0535;0.1480;1
82;82;Agent_10;orders came from the seed rule base (rules as-is);0;0;R20[0.03] R26[0.03] A1[0.08] G2[0.04] G3[0.08] G1[0.07];0.08;0.10;0.00;0.39;0.07;0.00;0.87;0.10;0.0535;0.1480;0
82;82;Agent_11;orders came from the seed rule base (rules as-is);0;0;R20[0.09] R26[0.19] A1[0.08] G2[0.04] G3[0.08] G5[0.08];0.45;0.36;0.00;0.48;0.07;0.00;0.84;0.10;0.0535;0.1480;1
82;82;Agent_12;orders came from the seed rule base (rules as-is);0;0;R20[0.03] R26[0.03] A1[0.12] G2[0.05] G3[0.12] G1[0.06];0.10;0.13;0.00;0.51;0.11;0.00;0.85;0.10;0.0535;0.1480;0
83;83;Agent_1;orders came from the seed rule base (rules as-is);0;0;R11[0.23] R15[0.21] R20[0.13] R26[0.21] A1[0.25] G2[0.25];0.27;0.46;0.15;0.89;0.67;0.39;0.69;0.10;0.0523;0.1448;0
83;83;Agent_2;orders came from the seed rule base (rules as-is);0;0;R11[0.29] R15[0.05] R20[0.04] R26[0.05] A1[0.08] G2[0.08];0.06;0.24;0.03;0.43;0.42;0.33;0.85;0.10;0.0523;0.1448;0
83;83;Agent_3;orders came from the seed rule base (rules as-is);0;0;R7[0.08] R20[0.05] R26[0.06] A1[0.08] G2[0.04] G3[0.08];0.23;0.23;0.05;0.54;0.07;0.00;0.78;0.57;0.0523;0.1448;1
83;83;Agent_4;orders came from the seed rule base (rules as-is);0;0;R20[0.43] R26[0.64] A1[0.50] G2[0.22] G3[0.27] G5[0.43];0.97;0.81;0.00;0.89;0.47;0.00;0.92;0.72;0.0523;0.1448;1
83;83;Agent_5;orders came from the seed rule base (rules as-is);0;0;R11[0.23] R15[0.03] R20[0.03] R26[0.03] A1[0.08] G2[0.08];0.05;0.19;0.02;0.41;0.35;0.25;0.85;0.10;0.0523;0.1448;0
83;83;Agent_6;orders came from the seed rule base (rules as-is);0;0;R7[0.08] R11[0.04] R15[0.11] R20[0.09] R26[0.19] A1[0.08];0.48;0.41;0.14;0.67;0.17;0.12;0.81;0.10;0.0523;0.1448;1
83;83;Agent_7;orders came from the seed rule base (rules as-is);0;0;R7[0.08] R20[0.13] R26[0.27] A1[0.08] G2[0.04] G3[0.08];0.66;0.49;0.05;0.76;0.07;0.00;0.76;0.24;0.0523;0.1448;1
83;83;Agent_8;orders came from the seed rule base (rules as-is);0;0;R20[0.19] R26[0.30] A1[0.24] G2[0.11] G3[0.22] G1[0.12];0.89;0.75;0.00;0.88;0.22;0.00;0.72;0.32;0.0523;0.1448;1
83;83;Agent_9;orders came from the seed rule base (rules as-is);0;0;R7[0.11] R20[0.10] R26[0.19] A1[0.11] G2[0.05] G3[0.11];0.48;0.40;0.07;0.69;0.10;0.00;0.86;0.10;0.0523;0.1448;1
83;83;Agent_10;orders came from the seed rule base (rules as-is);0;0;R20[0.03] R26[0.03] A1[0.08] G2[0.04] G3[0.08] G1[0.07];0.08;0.10;0.00;0.39;0.07;0.00;0.87;0.10;0.0523;0.1448;0
83;83;Agent_11;orders came from the seed rule base (rules as-is);0;0;R20[0.09] R26[0.19] A1[0.08] G2[0.04] G3[0.08] G5[0.08];0.45;0.36;0.00;0.48;0.07;0.00;0.84;0.10;0.0523;0.1448;1
83;83;Agent_12;orders came from the seed rule base (rules as-is);0;0;R20[0.03] R26[0.03] A1[0.12] G2[0.05] G3[0.12] G1[0.06];0.10;0.13;0.00;0.51;0.11;0.00;0.85;0.10;0.0523;0.1448;0
83;83;Agent_1;orders came from the seed rule base (rules as-is);0;0;R11[0.23] R15[0.21] R20[0.13] R26[0.21] A1[0.25] G2[0.25];0.27;0.46;0.15;0.89;0.67;0.39;0.69;0.10;0.0523;0.1448;0
83;83;Agent_2;orders came from the seed rule base (rules as-is);0;0;R11[0.29] R15[0.05] R20[0.04] R26[0.05] A1[0.08] G2[0.08];0.06;0.24;0.03;0.43;0.42;0.33;0.85;0.10;0.0523;0.1448;0
83;83;Agent_3;orders came from the seed rule base (rules as-is);0;0;R7[0.08] R20[0.05] R26[0.06] A1[0.08] G2[0.04] G3[0.08];0.23;0.23;0.05;0.54;0.07;0.00;0.78;0.57;0.0523;0.1448;1
83;83;Agent_4;orders came from the seed rule base (rules as-is);0;0;R20[0.43] R26[0.64] A1[0.50] G2[0.22] G3[0.27] G5[0.43];0.97;0.81;0.00;0.89;0.47;0.00;0.92;0.72;0.0523;0.1448;1
83;83;Agent_5;orders came from the seed rule base (rules as-is);0;0;R11[0.23] R15[0.03] R20[0.03] R26[0.03] A1[0.08] G2[0.08];0.05;0.19;0.02;0.41;0.35;0.25;0.85;0.10;0.0523;0.1448;0
83;83;Agent_6;orders came from the seed rule base (rules as-is);0;0;R7[0.08] R11[0.04] R15[0.11] R20[0.09] R26[0.19] A1[0.08];0.48;0.41;0.14;0.67;0.17;0.12;0.81;0.10;0.0523;0.1448;1
83;83;Agent_7;orders came from the seed rule base (rules as-is);0;0;R7[0.08] R20[0.13] R26[0.27] A1[0.08] G2[0.04] G3[0.08];0.66;0.49;0.05;0.76;0.07;0.00;0.76;0.24;0.0523;0.1448;1
83;83;Agent_8;orders came from the seed rule base (rules as-is);0;0;R20[0.19] R26[0.30] A1[0.24] G2[0.11] G3[0.22] G1[0.12];0.89;0.75;0.00;0.88;0.22;0.00;0.72;0.32;0.0523;0.1448;1
83;83;Agent_9;orders came from the seed rule base (rules as-is);0;0;R7[0.11] R20[0.10] R26[0.19] A1[0.11] G2[0.05] G3[0.11];0.48;0.40;0.07;0.69;0.10;0.00;0.86;0.10;0.0523;0.1448;1
83;83;Agent_10;orders came from the seed rule base (rules as-is);0;0;R20[0.03] R26[0.03] A1[0.08] G2[0.04] G3[0.08] G1[0.07];0.08;0.10;0.00;0.39;0.07;0.00;0.87;0.10;0.0523;0.1448;0
83;83;Agent_11;orders came from the seed rule base (rules as-is);0;0;R20[0.09] R26[0.19] A1[0.08] G2[0.04] G3[0.08] G5[0.08];0.45;0.36;0.00;0.48;0.07;0.00;0.84;0.10;0.0523;0.1448;1
83;83;Agent_12;orders came from the seed rule base (rules as-is);0;0;R20[0.03] R26[0.03] A1[0.12] G2[0.05] G3[0.12] G1[0.06];0.10;0.13;0.00;0.51;0.11;0.00;0.85;0.10;0.0523;0.1448;0
83;83;Agent_1;orders came from the seed rule base (rules as-is);0;0;R11[0.23] R15[0.21] R20[0.13] R26[0.21] A1[0.25] G2[0.25];0.27;0.46;0.15;0.89;0.67;0.39;0.69;0.10;0.0523;0.1448;0
83;83;Agent_2;orders came from the seed rule base (rules as-is);0;0;R11[0.29] R15[0.05] R20[0.04] R26[0.05] A1[0.08] G2[0.08];0.06;0.24;0.03;0.43;0.42;0.33;0.85;0.10;0.0523;0.1448;0
83;83;Agent_3;orders came from the seed rule base (rules as-is);0;0;R7[0.08] R20[0.05] R26[0.06] A1[0.08] G2[0.04] G3[0.08];0.23;0.23;0.05;0.54;0.07;0.00;0.78;0.57;0.0523;0.1448;1
83;83;Agent_4;orders came from the seed rule base (rules as-is);0;0;R20[0.43] R26[0.64] A1[0.50] G2[0.22] G3[0.27] G5[0.43];0.97;0.81;0.00;0.89;0.47;0.00;0.92;0.72;0.0523;0.1448;1
83;83;Agent_5;orders came from the seed rule base (rules as-is);0;0;R11[0.23] R15[0.03] R20[0.03] R26[0.03] A1[0.08] G2[0.08];0.05;0.19;0.02;0.41;0.35;0.25;0.85;0.10;0.0523;0.1448;0
83;83;Agent_6;orders came from the seed rule base (rules as-is);0;0;R7[0.08] R11[0.04] R15[0.11] R20[0.09] R26[0.19] A1[0.08];0.48;0.40;0.14;0.67;0.17;0.12;0.81;0.10;0.0523;0.1448;1
83;83;Agent_7;orders came from the seed rule base (rules as-is);0;0;R7[0.08] R20[0.13] R26[0.27] A1[0.08] G2[0.04] G3[0.08];0.66;0.49;0.05;0.76;0.07;0.00;0.76;0.24;0.0523;0.1448;1
83;83;Agent_8;orders came from the seed rule base (rules as-is);0;0;R20[0.19] R26[0.30] A1[0.24] G2[0.11] G3[0.22] G1[0.12];0.89;0.75;0.00;0.88;0.22;0.00;0.72;0.32;0.0523;0.1448;1
83;83;Agent_9;orders came from the seed rule base (rules as-is);0;0;R7[0.11] R20[0.10] R26[0.19] A1[0.11] G2[0.05] G3[0.11];0.48;0.40;0.07;0.69;0.10;0.00;0.86;0.10;0.0523;0.1448;1
83;83;Agent_10;orders came from the seed rule base (rules as-is);0;0;R20[0.03] R26[0.03] A1[0.08] G2[0.04] G3[0.08] G1[0.07];0.08;0.10;0.00;0.39;0.07;0.00;0.87;0.10;0.0523;0.1448;0
83;83;Agent_11;orders came from the seed rule base (rules as-is);0;0;R20[0.09] R26[0.19] A1[0.08] G2[0.04] G3[0.08] G5[0.08];0.45;0.36;0.00;0.48;0.07;0.00;0.84;0.10;0.0523;0.1448;1
83;83;Agent_12;orders came from the seed rule base (rules as-is);0;0;R20[0.03] R26[0.03] A1[0.12] G2[0.05] G3[0.12] G1[0.06];0.10;0.13;0.00;0.50;0.11;0.00;0.85;0.10;0.0523;0.1448;0
84;84;Agent_1;orders came from the seed rule base (rules as-is);0;0;R11[0.23] R15[0.19] R20[0.11] R26[0.19] A1[0.22] G2[0.22];0.24;0.43;0.13;0.89;0.63;0.38;0.69;0.00;0.2012;0.2372;0
84;84;Agent_2;orders came from the seed rule base (rules as-is);0;0;R11[0.26] R15[0.05] R20[0.03] R26[0.05] A1[0.07] G2[0.07];0.06;0.21;0.03;0.39;0.38;0.29;0.86;0.00;0.2012;0.2372;0
84;84;Agent_3;orders came from the seed rule base (rules as-is);0;0;R7[0.07] R11[0.03] R15[0.06] R20[0.05] R26[0.06] A1[0.07];0.20;0.23;0.09;0.49;0.13;0.08;0.82;0.00;0.2012;0.2372;1
84;84;Agent_4;orders came from the seed rule base (rules as-is);0;0;R20[0.38] R26[0.58] A1[0.45] G2[0.20] G3[0.24] G5[0.38];0.97;0.81;0.00;0.89;0.42;0.00;0.91;0.00;0.2012;0.2372;1
84;84;Agent_5;orders came from the seed rule base (rules as-is);0;0;R11[0.23] R15[0.03] R20[0.02] R26[0.03] A1[0.07] G2[0.07];0.04;0.17;0.02;0.37;0.34;0.25;0.87;0.00;0.2012;0.2372;0
84;84;Agent_6;orders came from the seed rule base (rules as-is);0;0;R7[0.03] R11[0.03] R15[0.17] R20[0.08] R26[0.17] A1[0.07];0.28;0.24;0.17;0.57;0.20;0.17;0.85;0.00;0.2012;0.2372;0
84;84;Agent_7;orders came from the seed rule base (rules as-is);0;0;R7[0.07] R11[0.03] R15[0.25] R20[0.12] R26[0.25] A1[0.07];0.57;0.47;0.26;0.68;0.25;0.23;0.83;0.00;0.2012;0.2372;1
84;84;Agent_8;orders came from the seed rule base (rules as-is);0;0;R20[0.17] R26[0.27] A1[0.21] G2[0.10] G3[0.20] G1[0.11];0.83;0.69;0.00;0.88;0.20;0.00;0.72;0.00;0.2012;0.2372;1
84;84;Agent_9;orders came from the seed rule base (rules as-is);0;0;R7[0.10] R11[0.04] R15[0.16] R20[0.09] R26[0.17] A1[0.10];0.41;0.39;0.19;0.62;0.23;0.17;0.91;0.00;0.2012;0.2372;1
84;84;Agent_10;orders came from the seed rule base (rules as-is);0;0;R7[0.07] R20[0.02] R26[0.03] A1[0.07] G2[0.03] G3[0.07];0.07;0.09;0.04;0.41;0.07;0.00;0.90;0.00;0.2012;0.2372;0
84;84;Agent_11;orders came from the seed rule base (rules as-is);0;0;R7[0.07] R20[0.08] R26[0.17] A1[0.07] G2[0.03] G3[0.07];0.27;0.22;0.04;0.50;0.07;0.00;0.87;0.00;0.2012;0.2372;0
84;84;Agent_12;orders came from the seed rule base (rules as-is);0;0;R20[0.03] R26[0.03] A1[0.11] G2[0.05] G3[0.11] G1[0.06];0.09;0.11;0.00;0.45;0.10;0.00;0.86;0.00;0.2012;0.2372;0
85;85;Agent_1;orders came from the seed rule base (rules as-is);0;0;R11[0.23] R15[0.17] R20[0.10] R26[0.17] A1[0.20] G2[0.20];0.21;0.40;0.12;0.89;0.59;0.36;0.69;0.00;0.1868;0.2396;0
85;85;Agent_2;orders came from the seed rule base (rules as-is);0;0;R11[0.23] R15[0.04] R20[0.03] R26[0.04] A1[0.06] G2[0.06];0.05;0.19;0.03;0.35;0.34;0.27;0.88;0.00;0.1868;0.2396;0
85;85;Agent_3;orders came from the seed rule base (rules as-is);0;0;R7[0.06] R11[0.03] R15[0.05] R20[0.04] R26[0.05] A1[0.06];0.18;0.20;0.08;0.44;0.12;0.07;0.84;0.00;0.1868;0.2396;1
85;85;Agent_4;orders came from the seed rule base (rules as-is);0;0;R20[0.35] R26[0.52] A1[0.40] G2[0.18] G3[0.22] G5[0.35];0.97;0.81;0.00;0.89;0.38;0.00;0.87;0.00;0.1868;0.2396;1
85;85;Agent_5;orders came from the seed rule base (rules as-is);0;0;R11[0.23] R15[0.03] R20[0.02] R26[0.03] A1[0.06] G2[0.06];0.04;0.17;0.02;0.33;0.32;0.25;0.88;0.00;0.1868;0.2396;0
85;85;Agent_6;orders came from the seed rule base (rules as-is);0;0;R7[0.03] R11[0.03] R15[0.15] R20[0.07] R26[0.15] A1[0.06];0.25;0.21;0.16;0.52;0.18;0.15;0.86;0.00;0.1868;0.2396;0
85;85;Agent_7;orders came from the seed rule base (rules as-is);0;0;R7[0.06] R11[0.03] R15[0.22] R20[0.11] R26[0.22] A1[0.06];0.52;0.42;0.23;0.61;0.22;0.21;0.85;0.00;0.1868;0.2396;1
85;85;Agent_8;orders came from the seed rule base (rules as-is);0;0;R20[0.15] R26[0.24] A1[0.19] G2[0.09] G3[0.18] G1[0.10];0.75;0.62;0.00;0.88;0.18;0.00;0.73;0.00;0.1868;0.2396;1
85;85;Agent_9;orders came from the seed rule base (rules as-is);0;0;R7[0.09] R11[0.04] R15[0.15] R20[0.08] R26[0.15] A1[0.09];0.37;0.35;0.18;0.56;0.21;0.16;0.92;0.00;0.1868;0.2396;1
85;85;Agent_10;orders came from the seed rule base (rules as-is);0;0;R7[0.06] R20[0.02] R26[0.03] A1[0.06] G2[0.03] G3[0.06];0.07;0.08;0.04;0.37;0.06;0.00;0.91;0.00;0.1868;0.2396;0
85;85;Agent_11;orders came from the seed rule base (rules as-is);0;0;R7[0.06] R20[0.07] R26[0.15] A1[0.06] G2[0.03] G3[0.06];0.24;0.19;0.04;0.45;0.06;0.00;0.88;0.00;0.1868;0.2396;0
85;85;Agent_12;orders came from the seed rule base (rules as-is);0;0;R20[0.03] R26[0.03] A1[0.10] G2[0.04] G3[0.10] G1[0.05];0.08;0.10;0.00;0.41;0.09;0.00;0.88;0.00;0.1868;0.2396;0
86;86;Agent_1;orders came from the seed rule base (rules as-is);0;0;R11[0.23] R15[0.18] R20[0.11] R26[0.18] A1[0.24] G2[0.24];0.24;0.44;0.13;0.89;0.64;0.37;0.70;0.12;0.1809;0.2422;0
86;86;Agent_2;orders came from the seed rule base (rules as-is);0;0;R11[0.28] R15[0.05] R20[0.03] R26[0.05] A1[0.08] G2[0.08];0.06;0.23;0.03;0.42;0.41;0.32;0.85;0.12;0.1809;0.2422;0
86;86;Agent_3;orders came from the seed rule base (rules as-is);0;0;R7[0.08] R11[0.04] R15[0.05] R20[0.04] R26[0.05] A1[0.08];0.18;0.22;0.09;0.50;0.14;0.07;0.84;0.12;0.1809;0.2422;1
86;86;Agent_4;orders came from the seed rule base (rules as-is);0;0;R20[0.33] R26[0.49] A1[0.38] G2[0.17] G3[0.20] G5[0.33];0.97;0.81;0.00;0.89;0.35;0.00;0.84;0.12;0.1809;0.2422;1
86;86;Agent_5;orders came from the seed rule base (rules as-is);0;0;R11[0.23] R15[0.03] R20[0.02] R26[0.03] A1[0.08] G2[0.08];0.05;0.18;0.02;0.40;0.34;0.25;0.86;0.12;0.1809;0.2422;0
86;86;Agent_6;orders came from the seed rule base (rules as-is);0;0;R7[0.03] R11[0.04] R15[0.17] R20[0.08] R26[0.17] A1[0.08];0.43;0.37;0.16;0.60;0.21;0.17;0.83;0.12;0.1809;0.2422;1
86;86;Agent_7;orders came from the seed rule base (rules as-is);0;0;R7[0.08] R11[0.04] R15[0.22] R20[0.10] R26[0.22] A1[0.08];0.53;0.45;0.24;0.70;0.24;0.21;0.82;0.12;0.1809;0.2422;1
86;86;Agent_8;orders came from the seed rule base (rules as-is);0;0;R20[0.13] R26[0.20] A1[0.18] G2[0.08] G3[0.18] G1[0.11];0.66;0.56;0.00;0.88;0.17;0.00;0.75;0.12;0.1809;0.2422;1
86;86;Agent_9;orders came from the seed rule base (rules as-is);0;0;R7[0.08] R11[0.04] R15[0.14] R20[0.07] R26[0.14] A1[0.08];0.33;0.31;0.16;0.51;0.19;0.14;0.93;0.03;0.1809;0.2422;1
86;86;Agent_10;orders came from the seed rule base (rules as-is);0;0;R7[0.06] R20[0.02] R26[0.03] A1[0.06] G2[0.03] G3[0.06];0.07;0.08;0.04;0.37;0.06;0.00;0.91;0.12;0.1809;0.2422;0
86;86;Agent_11;orders came from the seed rule base (rules as-is);0;0;R7[0.06] R20[0.07] R26[0.13] A1[0.06] G2[0.03] G3[0.06];0.22;0.17;0.04;0.43;0.06;0.00;0.90;0.07;0.1809;0.2422;0
86;86;Agent_12;orders came from the seed rule base (rules as-is);0;0;R20[0.03] R26[0.02] A1[0.09] G2[0.04] G3[0.09] G1[0.05];0.07;0.09;0.00;0.37;0.08;0.00;0.89;0.00;0.1809;0.2422;0
87;87;Agent_1;orders came from the seed rule base (rules as-is);0;0;R11[0.23] R15[0.19] R20[0.12] R26[0.19] A1[0.24] G2[0.24];0.26;0.47;0.14;0.89;0.66;0.38;0.69;0.12;0.1788;0.2455;0
87;87;Agent_2;orders came from the seed rule base (rules as-is);0;0;R11[0.29] R15[0.05] R20[0.03] R26[0.05] A1[0.08] G2[0.08];0.06;0.24;0.03;0.43;0.42;0.32;0.85;0.12;0.1788;0.2455;0
87;87;Agent_3;orders came from the seed rule base (rules as-is);0;0;R7[0.08] R11[0.04] R15[0.05] R20[0.04] R26[0.05] A1[0.08];0.18;0.22;0.09;0.50;0.14;0.07;0.84;0.12;0.1788;0.2455;1
87;87;Agent_4;orders came from the seed rule base (rules as-is);0;0;R20[0.31] R26[0.47] A1[0.36] G2[0.16] G3[0.20] G5[0.31];0.99;0.81;0.00;0.90;0.34;0.00;0.81;0.12;0.1788;0.2455;1
87;87;Agent_5;orders came from the seed rule base (rules as-is);0;0;R11[0.23] R15[0.03] R20[0.03] R26[0.03] A1[0.08] G2[0.08];0.06;0.19;0.02;0.42;0.34;0.25;0.86;0.12;0.1788;0.2455;0
87;87;Agent_6;orders came from the seed rule base (rules as-is);0;0;R7[0.03] R11[0.04] R15[0.18] R20[0.08] R26[0.18] A1[0.08];0.45;0.38;0.17;0.62;0.22;0.18;0.83;0.12;0.1788;0.2455;1
87;87;Agent_7;orders came from the seed rule base (rules as-is);0;0;R7[0.08] R11[0.04] R15[0.22] R20[0.10] R26[0.22] A1[0.08];0.53;0.45;0.23;0.72;0.24;0.21;0.82;0.12;0.1788;0.2455;1
87;87;Agent_8;orders came from the seed rule base (rules as-is);0;0;R20[0.12] R26[0.16] A1[0.17] G2[0.08] G3[0.17] G1[0.12];0.58;0.51;0.00;0.89;0.16;0.00;0.76;0.12;0.1788;0.2455;1
87;87;Agent_9;orders came from the seed rule base (rules as-is);0;0;R7[0.07] R11[0.03] R15[0.12] R20[0.06] R26[0.12] A1[0.07];0.31;0.28;0.15;0.47;0.17;0.13;0.93;0.03;0.1788;0.2455;1
87;87;Agent_10;orders came from the seed rule base (rules as-is);0;0;R7[0.06] R20[0.03] R26[0.03] A1[0.06] G2[0.03] G3[0.06];0.08;0.09;0.04;0.37;0.06;0.00;0.91;0.12;0.1788;0.2455;0
87;87;Agent_11;orders came from the seed rule base (rules as-is);0;0;R7[0.06] R20[0.06] R26[0.12] A1[0.06] G2[0.03] G3[0.06];0.21;0.16;0.03;0.43;0.05;0.00;0.91;0.07;0.1788;0.2455;0
87;87;Agent_12;orders came from the seed rule base (rules as-is);0;0;R20[0.02] R26[0.02] A1[0.08] G2[0.03] G3[0.08] G1[0.04];0.06;0.08;0.00;0.33;0.07;0.00;0.90;0.00;0.1788;0.2455;0
87;87;Agent_1;orders came from the seed rule base (rules as-is);0;0;R11[0.23] R15[0.19] R20[0.12] R26[0.19] A1[0.24] G2[0.24];0.26;0.47;0.14;0.89;0.66;0.38;0.69;0.12;0.1788;0.2455;0
87;87;Agent_2;orders came from the seed rule base (rules as-is);0;0;R11[0.29] R15[0.05] R20[0.03] R26[0.05] A1[0.08] G2[0.08];0.06;0.24;0.03;0.43;0.42;0.32;0.85;0.12;0.1788;0.2455;0
87;87;Agent_3;orders came from the seed rule base (rules as-is);0;0;R7[0.08] R11[0.04] R15[0.05] R20[0.04] R26[0.05] A1[0.08];0.18;0.22;0.09;0.50;0.14;0.07;0.84;0.12;0.1788;0.2455;1
87;87;Agent_4;orders came from the seed rule base (rules as-is);0;0;R20[0.31] R26[0.47] A1[0.36] G2[0.16] G3[0.20] G5[0.31];0.99;0.81;0.00;0.90;0.34;0.00;0.81;0.12;0.1788;0.2455;1
87;87;Agent_5;orders came from the seed rule base (rules as-is);0;0;R11[0.23] R15[0.03] R20[0.03] R26[0.03] A1[0.08] G2[0.08];0.06;0.19;0.02;0.42;0.34;0.25;0.86;0.12;0.1788;0.2455;0
87;87;Agent_6;orders came from the seed rule base (rules as-is);0;0;R7[0.03] R11[0.04] R15[0.18] R20[0.08] R26[0.18] A1[0.08];0.45;0.38;0.17;0.62;0.22;0.18;0.83;0.12;0.1788;0.2455;1
87;87;Agent_7;orders came from the seed rule base (rules as-is);0;0;R7[0.08] R11[0.04] R15[0.22] R20[0.10] R26[0.22] A1[0.08];0.53;0.45;0.23;0.72;0.24;0.21;0.82;0.12;0.1788;0.2455;1
87;87;Agent_8;orders came from the seed rule base (rules as-is);0;0;R20[0.12] R26[0.16] A1[0.17] G2[0.08] G3[0.17] G1[0.12];0.58;0.51;0.00;0.89;0.16;0.00;0.76;0.12;0.1788;0.2455;1
87;87;Agent_9;orders came from the seed rule base (rules as-is);0;0;R7[0.07] R11[0.03] R15[0.12] R20[0.06] R26[0.12] A1[0.07];0.31;0.28;0.15;0.47;0.17;0.13;0.93;0.03;0.1788;0.2455;1
87;87;Agent_10;orders came from the seed rule base (rules as-is);0;0;R7[0.06] R20[0.03] R26[0.03] A1[0.06] G2[0.03] G3[0.06];0.08;0.09;0.04;0.37;0.06;0.00;0.91;0.12;0.1788;0.2455;0
87;87;Agent_11;orders came from the seed rule base (rules as-is);0;0;R7[0.06] R20[0.06] R26[0.12] A1[0.06] G2[0.03] G3[0.06];0.21;0.16;0.03;0.43;0.05;0.00;0.91;0.07;0.1788;0.2455;0
87;87;Agent_12;orders came from the seed rule base (rules as-is);0;0;R20[0.02] R26[0.02] A1[0.08] G2[0.03] G3[0.08] G1[0.04];0.06;0.08;0.00;0.33;0.07;0.00;0.90;0.00;0.1788;0.2455;0
87;87;Agent_1;RL selected stage 1 [evFIS] (deficit bucket: high+gap) → ACCEPTED: G7 consequents +0.05;1;1;R11[0.23] R15[0.19] R20[0.12] R26[0.19] A1[0.24] G2[0.24];0.26;0.47;0.14;0.89;0.66;0.38;0.69;0.12;0.1788;0.2455;0
87;87;Agent_2;RL selected stage 1 [evFIS] (deficit bucket: high+gap) → ACCEPTED: G7 consequents +0.05;1;1;R11[0.29] R15[0.05] R20[0.03] R26[0.05] A1[0.08] G2[0.08];0.06;0.24;0.03;0.43;0.42;0.32;0.85;0.12;0.1788;0.2455;0
87;87;Agent_3;RL selected stage 1 [evFIS] (deficit bucket: high+gap) → ACCEPTED: G7 consequents +0.05;1;1;R7[0.08] R11[0.04] R15[0.05] R20[0.04] R26[0.05] A1[0.08];0.18;0.22;0.09;0.50;0.14;0.07;0.84;0.12;0.1788;0.2455;1
87;87;Agent_4;RL selected stage 1 [evFIS] (deficit bucket: high+gap) → ACCEPTED: G7 consequents +0.05;1;1;R20[0.31] R26[0.47] A1[0.36] G2[0.16] G3[0.20] G5[0.31];0.99;0.81;0.00;0.90;0.34;0.00;0.81;0.12;0.1788;0.2455;1
87;87;Agent_5;RL selected stage 1 [evFIS] (deficit bucket: high+gap) → ACCEPTED: G7 consequents +0.05;1;1;R11[0.23] R15[0.03] R20[0.03] R26[0.03] A1[0.08] G2[0.08];0.06;0.19;0.02;0.42;0.34;0.25;0.86;0.12;0.1788;0.2455;0
87;87;Agent_6;RL selected stage 1 [evFIS] (deficit bucket: high+gap) → ACCEPTED: G7 consequents +0.05;1;1;R7[0.03] R11[0.04] R15[0.18] R20[0.08] R26[0.18] A1[0.08];0.45;0.38;0.17;0.62;0.22;0.18;0.83;0.12;0.1788;0.2455;1
87;87;Agent_7;RL selected stage 1 [evFIS] (deficit bucket: high+gap) → ACCEPTED: G7 consequents +0.05;1;1;R7[0.08] R11[0.04] R15[0.22] R20[0.10] R26[0.22] A1[0.08];0.53;0.45;0.23;0.72;0.24;0.21;0.82;0.12;0.1788;0.2455;1
87;87;Agent_8;RL selected stage 1 [evFIS] (deficit bucket: high+gap) → ACCEPTED: G7 consequents +0.05;1;1;R20[0.12] R26[0.16] A1[0.17] G2[0.08] G3[0.17] G1[0.12];0.58;0.51;0.00;0.89;0.16;0.00;0.76;0.12;0.1788;0.2455;1
87;87;Agent_9;RL selected stage 1 [evFIS] (deficit bucket: high+gap) → ACCEPTED: G7 consequents +0.05;1;1;R7[0.07] R11[0.03] R15[0.12] R20[0.06] R26[0.12] A1[0.07];0.31;0.28;0.15;0.47;0.17;0.13;0.93;0.03;0.1788;0.2455;1
87;87;Agent_10;RL selected stage 1 [evFIS] (deficit bucket: high+gap) → ACCEPTED: G7 consequents +0.05;1;1;R7[0.06] R20[0.03] R26[0.03] A1[0.06] G2[0.03] G3[0.06];0.08;0.09;0.04;0.37;0.06;0.00;0.91;0.12;0.1788;0.2455;0
87;87;Agent_11;RL selected stage 1 [evFIS] (deficit bucket: high+gap) → ACCEPTED: G7 consequents +0.05;1;1;R7[0.06] R20[0.06] R26[0.12] A1[0.06] G2[0.03] G3[0.06];0.21;0.16;0.03;0.43;0.05;0.00;0.91;0.07;0.1788;0.2455;0
87;87;Agent_12;RL selected stage 1 [evFIS] (deficit bucket: high+gap) → ACCEPTED: G7 consequents +0.05;1;1;R20[0.02] R26[0.02] A1[0.08] G2[0.03] G3[0.08] G1[0.04];0.06;0.08;0.00;0.33;0.07;0.00;0.90;0.00;0.1788;0.2455;0
88;88;Agent_1;orders came from the seed rule base (rules as-is);0;0;R11[0.23] R15[0.20] R20[0.12] R26[0.20] A1[0.24] G2[0.24];0.40;0.71;0.14;0.89;0.66;0.39;0.69;0.12;0.1840;0.2478;1
88;88;Agent_2;orders came from the seed rule base (rules as-is);0;0;R11[0.29] R15[0.05] R20[0.03] R26[0.05] A1[0.08] G2[0.08];0.06;0.24;0.03;0.43;0.42;0.33;0.85;0.12;0.1840;0.2478;0
88;88;Agent_3;orders came from the seed rule base (rules as-is);0;0;R7[0.08] R11[0.04] R15[0.05] R20[0.04] R26[0.05] A1[0.08];0.17;0.21;0.09;0.50;0.14;0.07;0.84;0.12;0.1840;0.2478;1
88;88;Agent_4;orders came from the seed rule base (rules as-is);0;0;R20[0.30] R26[0.45] A1[0.34] G2[0.16] G3[0.19] G5[0.30];0.99;0.81;0.00;0.90;0.32;0.00;0.79;0.12;0.1840;0.2478;1
88;88;Agent_5;orders came from the seed rule base (rules as-is);0;0;R11[0.23] R15[0.03] R20[0.03] R26[0.03] A1[0.08] G2[0.08];0.06;0.19;0.02;0.42;0.34;0.25;0.86;0.12;0.1840;0.2478;0
88;88;Agent_6;orders came from the seed rule base (rules as-is);0;0;R7[0.03] R11[0.04] R15[0.18] R20[0.09] R26[0.18] A1[0.08];0.47;0.39;0.18;0.63;0.22;0.18;0.83;0.12;0.1840;0.2478;1
88;88;Agent_7;orders came from the seed rule base (rules as-is);0;0;R7[0.08] R11[0.04] R15[0.22] R20[0.10] R26[0.22] A1[0.08];0.53;0.44;0.23;0.72;0.24;0.21;0.82;0.12;0.1840;0.2478;1
88;88;Agent_8;orders came from the seed rule base (rules as-is);0;0;R20[0.11] R26[0.14] A1[0.17] G2[0.07] G3[0.17] G1[0.12];0.50;0.46;0.00;0.89;0.15;0.00;0.78;0.12;0.1840;0.2478;1
88;88;Agent_9;orders came from the seed rule base (rules as-is);0;0;R7[0.06] R11[0.03] R15[0.10] R20[0.06] R26[0.10] A1[0.06];0.19;0.17;0.13;0.44;0.15;0.11;0.94;0.03;0.1840;0.2478;0
88;88;Agent_10;orders came from the seed rule base (rules as-is);0;0;R7[0.06] R20[0.03] R26[0.03] A1[0.06] G2[0.03] G3[0.06];0.08;0.09;0.04;0.37;0.06;0.00;0.91;0.12;0.1840;0.2478;0
88;88;Agent_11;orders came from the seed rule base (rules as-is);0;0;R7[0.05] R20[0.05] R26[0.10] A1[0.05] G2[0.02] G3[0.05];0.19;0.15;0.03;0.41;0.05;0.00;0.91;0.07;0.1840;0.2478;0
88;88;Agent_12;orders came from the seed rule base (rules as-is);0;0;R20[0.02] R26[0.02] A1[0.07] G2[0.03] G3[0.07] G1[0.04];0.06;0.07;0.00;0.30;0.06;0.00;0.91;0.00;0.1840;0.2478;0
89;89;Agent_1;orders came from the seed rule base (rules as-is);0;0;R11[0.23] R15[0.21] R20[0.13] R26[0.21] A1[0.24] G2[0.24];0.41;0.71;0.15;0.89;0.67;0.39;0.69;0.12;0.1841;0.2475;1
89;89;Agent_2;orders came from the seed rule base (rules as-is);0;0;R11[0.29] R15[0.05] R20[0.04] R26[0.05] A1[0.08] G2[0.08];0.07;0.25;0.03;0.43;0.42;0.33;0.85;0.12;0.1841;0.2475;0
89;89;Agent_3;orders came from the seed rule base (rules as-is);0;0;R7[0.08] R11[0.04] R15[0.04] R20[0.04] R26[0.04] A1[0.08];0.17;0.21;0.08;0.49;0.14;0.07;0.85;0.12;0.1841;0.2475;1
89;89;Agent_4;orders came from the seed rule base (rules as-is);0;0;R20[0.29] R26[0.44] A1[0.33] G2[0.15] G3[0.18] G5[0.29];0.99;0.81;0.00;0.90;0.31;0.00;0.78;0.12;0.1841;0.2475;1
89;89;Agent_5;orders came from the seed rule base (rules as-is);0;0;R11[0.23] R15[0.03] R20[0.03] R26[0.03] A1[0.08] G2[0.08];0.06;0.19;0.02;0.42;0.35;0.25;0.86;0.12;0.1841;0.2475;0
89;89;Agent_6;orders came from the seed rule base (rules as-is);0;0;R7[0.03] R11[0.04] R15[0.19] R20[0.09] R26[0.19] A1[0.08];0.48;0.40;0.18;0.63;0.22;0.19;0.83;0.12;0.1841;0.2475;1
89;89;Agent_7;orders came from the seed rule base (rules as-is);0;0;R7[0.08] R11[0.04] R15[0.21] R20[0.10] R26[0.21] A1[0.08];0.53;0.44;0.23;0.72;0.24;0.21;0.82;0.12;0.1841;0.2475;1
89;89;Agent_8;orders came from the seed rule base (rules as-is);0;0;R20[0.10] R26[0.12] A1[0.16] G2[0.07] G3[0.16] G1[0.13];0.43;0.43;0.00;0.89;0.15;0.00;0.79;0.12;0.1841;0.2475;1
89;89;Agent_9;orders came from the seed rule base (rules as-is);0;0;R7[0.06] R11[0.03] R15[0.09] R20[0.05] R26[0.09] A1[0.06];0.17;0.15;0.12;0.40;0.14;0.10;0.95;0.03;0.1841;0.2475;0
89;89;Agent_10;orders came from the seed rule base (rules as-is);0;0;R7[0.06] R20[0.03] R26[0.03] A1[0.06] G2[0.03] G3[0.06];0.08;0.09;0.04;0.37;0.06;0.00;0.91;0.12;0.1841;0.2475;0
89;89;Agent_11;orders came from the seed rule base (rules as-is);0;0;R7[0.05] R20[0.05] R26[0.09] A1[0.05] G2[0.02] G3[0.05];0.17;0.13;0.03;0.39;0.05;0.00;0.92;0.07;0.1841;0.2475;0
89;89;Agent_12;orders came from the seed rule base (rules as-is);0;0;R20[0.02] R26[0.02] A1[0.06] G2[0.03] G3[0.06] G1[0.03];0.05;0.06;0.00;0.27;0.06;0.00;0.92;0.00;0.1841;0.2475;0
90;90;Agent_1;orders came from the seed rule base (rules as-is);0;0;R11[0.23] R15[0.21] R20[0.13] R26[0.21] A1[0.24] G2[0.24];0.42;0.71;0.15;0.89;0.67;0.40;0.69;0.12;0.1866;0.2487;1
90;90;Agent_2;orders came from the seed rule base (rules as-is);0;0;R11[0.29] R15[0.05] R20[0.04] R26[0.05] A1[0.08] G2[0.08];0.07;0.25;0.03;0.44;0.42;0.33;0.85;0.12;0.1866;0.2487;0
90;90;Agent_3;orders came from the seed rule base (rules as-is);0;0;R7[0.08] R11[0.04] R15[0.04] R20[0.04] R26[0.04] A1[0.08];0.17;0.21;0.08;0.49;0.14;0.07;0.85;0.12;0.1866;0.2487;1
90;90;Agent_4;orders came from the seed rule base (rules as-is);0;0;R20[0.28] R26[0.43] A1[0.32] G2[0.14] G3[0.18] G5[0.28];0.99;0.81;0.00;0.90;0.30;0.00;0.77;0.12;0.1866;0.2487;1
90;90;Agent_5;orders came from the seed rule base (rules as-is);0;0;R11[0.23] R15[0.03] R20[0.03] R26[0.03] A1[0.08] G2[0.08];0.06;0.20;0.02;0.42;0.35;0.25;0.86;0.12;0.1866;0.2487;0
90;90;Agent_6;orders came from the seed rule base (rules as-is);0;0;R7[0.03] R11[0.04] R15[0.19] R20[0.09] R26[0.19] A1[0.08];0.49;0.40;0.19;0.64;0.23;0.19;0.83;0.12;0.1866;0.2487;1
90;90;Agent_7;orders came from the seed rule base (rules as-is);0;0;R7[0.08] R11[0.04] R15[0.21] R20[0.10] R26[0.21] A1[0.08];0.52;0.44;0.23;0.71;0.24;0.21;0.82;0.12;0.1866;0.2487;1
90;90;Agent_8;orders came from the seed rule base (rules as-is);0;0;R20[0.09] R26[0.10] A1[0.16] G2[0.07] G3[0.16] G1[0.13];0.38;0.40;0.00;0.85;0.15;0.00;0.81;0.12;0.1866;0.2487;1
90;90;Agent_9;orders came from the seed rule base (rules as-is);0;0;R7[0.05] R11[0.02] R15[0.08] R20[0.04] R26[0.08] A1[0.05];0.15;0.13;0.10;0.38;0.12;0.09;0.95;0.03;0.1866;0.2487;0
90;90;Agent_10;orders came from the seed rule base (rules as-is);0;0;R7[0.06] R20[0.03] R26[0.03] A1[0.06] G2[0.03] G3[0.06];0.08;0.09;0.04;0.37;0.06;0.00;0.91;0.12;0.1866;0.2487;0
90;90;Agent_11;orders came from the seed rule base (rules as-is);0;0;R7[0.05] R20[0.04] R26[0.08] A1[0.05] G2[0.02] G3[0.05];0.15;0.12;0.03;0.37;0.04;0.00;0.92;0.07;0.1866;0.2487;0
90;90;Agent_12;orders came from the seed rule base (rules as-is);0;0;R20[0.02] R26[0.02] A1[0.06] G2[0.03] G3[0.06] G1[0.03];0.04;0.06;0.00;0.24;0.05;0.00;0.93;0.00;0.1866;0.2487;0
90;90;Agent_1;orders came from the seed rule base (rules as-is);0;0;R11[0.23] R15[0.21] R20[0.13] R26[0.21] A1[0.24] G2[0.24];0.42;0.71;0.15;0.89;0.67;0.40;0.69;0.12;0.1866;0.2487;1
90;90;Agent_2;orders came from the seed rule base (rules as-is);0;0;R11[0.29] R15[0.05] R20[0.04] R26[0.05] A1[0.08] G2[0.08];0.07;0.25;0.03;0.44;0.42;0.33;0.85;0.12;0.1866;0.2487;0
90;90;Agent_3;orders came from the seed rule base (rules as-is);0;0;R7[0.08] R11[0.04] R15[0.04] R20[0.04] R26[0.04] A1[0.08];0.17;0.21;0.08;0.49;0.14;0.07;0.85;0.12;0.1866;0.2487;1
90;90;Agent_4;orders came from the seed rule base (rules as-is);0;0;R20[0.28] R26[0.43] A1[0.32] G2[0.14] G3[0.18] G5[0.28];0.99;0.81;0.00;0.90;0.30;0.00;0.77;0.12;0.1866;0.2487;1
90;90;Agent_5;orders came from the seed rule base (rules as-is);0;0;R11[0.23] R15[0.03] R20[0.03] R26[0.03] A1[0.08] G2[0.08];0.06;0.20;0.02;0.42;0.35;0.25;0.86;0.12;0.1866;0.2487;0
90;90;Agent_6;orders came from the seed rule base (rules as-is);0;0;R7[0.03] R11[0.04] R15[0.19] R20[0.09] R26[0.19] A1[0.08];0.49;0.40;0.19;0.64;0.23;0.19;0.83;0.12;0.1866;0.2487;1
90;90;Agent_7;orders came from the seed rule base (rules as-is);0;0;R7[0.08] R11[0.04] R15[0.21] R20[0.10] R26[0.21] A1[0.08];0.52;0.44;0.23;0.71;0.24;0.21;0.82;0.12;0.1866;0.2487;1
90;90;Agent_8;orders came from the seed rule base (rules as-is);0;0;R20[0.09] R26[0.10] A1[0.16] G2[0.07] G3[0.16] G1[0.13];0.38;0.40;0.00;0.85;0.15;0.00;0.81;0.12;0.1866;0.2487;1
90;90;Agent_9;orders came from the seed rule base (rules as-is);0;0;R7[0.05] R11[0.02] R15[0.08] R20[0.04] R26[0.08] A1[0.05];0.15;0.13;0.10;0.38;0.12;0.09;0.95;0.03;0.1866;0.2487;0
90;90;Agent_10;orders came from the seed rule base (rules as-is);0;0;R7[0.06] R20[0.03] R26[0.03] A1[0.06] G2[0.03] G3[0.06];0.08;0.09;0.04;0.37;0.06;0.00;0.91;0.12;0.1866;0.2487;0
90;90;Agent_11;orders came from the seed rule base (rules as-is);0;0;R7[0.05] R20[0.04] R26[0.08] A1[0.05] G2[0.02] G3[0.05];0.15;0.12;0.03;0.37;0.04;0.00;0.92;0.07;0.1866;0.2487;0
90;90;Agent_12;orders came from the seed rule base (rules as-is);0;0;R20[0.02] R26[0.02] A1[0.06] G2[0.03] G3[0.06] G1[0.03];0.04;0.06;0.00;0.24;0.05;0.00;0.93;0.00;0.1866;0.2487;0
90;90;Agent_1;orders came from the seed rule base (rules as-is);0;0;R11[0.23] R15[0.21] R20[0.13] R26[0.21] A1[0.24] G2[0.24];0.42;0.71;0.15;0.89;0.67;0.40;0.69;0.12;0.1866;0.2487;1
90;90;Agent_2;orders came from the seed rule base (rules as-is);0;0;R11[0.29] R15[0.05] R20[0.04] R26[0.05] A1[0.08] G2[0.08];0.07;0.25;0.03;0.44;0.42;0.33;0.85;0.12;0.1866;0.2487;0
90;90;Agent_3;orders came from the seed rule base (rules as-is);0;0;R7[0.08] R11[0.04] R15[0.04] R20[0.04] R26[0.04] A1[0.08];0.17;0.21;0.08;0.49;0.14;0.07;0.85;0.12;0.1866;0.2487;1
90;90;Agent_4;orders came from the seed rule base (rules as-is);0;0;R20[0.28] R26[0.43] A1[0.32] G2[0.14] G3[0.18] G5[0.28];0.99;0.81;0.00;0.90;0.30;0.00;0.77;0.12;0.1866;0.2487;1
90;90;Agent_5;orders came from the seed rule base (rules as-is);0;0;R11[0.23] R15[0.03] R20[0.03] R26[0.03] A1[0.08] G2[0.08];0.06;0.20;0.02;0.42;0.35;0.25;0.86;0.12;0.1866;0.2487;0
90;90;Agent_6;orders came from the seed rule base (rules as-is);0;0;R7[0.03] R11[0.04] R15[0.19] R20[0.09] R26[0.19] A1[0.08];0.49;0.40;0.19;0.64;0.23;0.19;0.83;0.12;0.1866;0.2487;1
90;90;Agent_7;orders came from the seed rule base (rules as-is);0;0;R7[0.08] R11[0.04] R15[0.21] R20[0.10] R26[0.21] A1[0.08];0.52;0.44;0.23;0.71;0.24;0.21;0.82;0.12;0.1866;0.2487;1
90;90;Agent_8;orders came from the seed rule base (rules as-is);0;0;R20[0.09] R26[0.10] A1[0.16] G2[0.07] G3[0.16] G1[0.13];0.38;0.40;0.00;0.85;0.15;0.00;0.81;0.12;0.1866;0.2487;1
90;90;Agent_9;orders came from the seed rule base (rules as-is);0;0;R7[0.05] R11[0.02] R15[0.08] R20[0.04] R26[0.08] A1[0.05];0.15;0.13;0.10;0.38;0.12;0.09;0.95;0.03;0.1866;0.2487;0
90;90;Agent_10;orders came from the seed rule base (rules as-is);0;0;R7[0.06] R20[0.03] R26[0.03] A1[0.06] G2[0.03] G3[0.06];0.08;0.09;0.04;0.37;0.06;0.00;0.91;0.12;0.1866;0.2487;0
90;90;Agent_11;orders came from the seed rule base (rules as-is);0;0;R7[0.05] R20[0.04] R26[0.08] A1[0.05] G2[0.02] G3[0.05];0.15;0.12;0.03;0.37;0.04;0.00;0.92;0.07;0.1866;0.2487;0
90;90;Agent_12;orders came from the seed rule base (rules as-is);0;0;R20[0.02] R26[0.02] A1[0.06] G2[0.03] G3[0.06] G1[0.03];0.04;0.06;0.00;0.24;0.05;0.00;0.93;0.00;0.1866;0.2487;0
91;91;Agent_1;orders came from the seed rule base (rules as-is);0;0;R11[0.23] R15[0.22] R20[0.13] R26[0.22] A1[0.24] G2[0.24];0.43;0.71;0.15;0.89;0.67;0.40;0.69;0.12;0.1954;0.2508;1
91;91;Agent_2;orders came from the seed rule base (rules as-is);0;0;R11[0.29] R15[0.06] R20[0.04] R26[0.06] A1[0.08] G2[0.08];0.07;0.25;0.04;0.44;0.42;0.33;0.85;0.12;0.1954;0.2508;0
91;91;Agent_3;orders came from the seed rule base (rules as-is);0;0;R7[0.08] R11[0.04] R15[0.04] R20[0.03] R26[0.04] A1[0.08];0.16;0.21;0.08;0.49;0.14;0.07;0.85;0.12;0.1954;0.2508;1
91;91;Agent_4;orders came from the seed rule base (rules as-is);0;0;R20[0.28] R26[0.42] A1[0.31] G2[0.14] G3[0.17] G5[0.28];0.99;0.81;0.00;0.90;0.29;0.00;0.76;0.12;0.1954;0.2508;1
91;91;Agent_5;orders came from the seed rule base (rules as-is);0;0;R11[0.23] R15[0.03] R20[0.03] R26[0.03] A1[0.08] G2[0.08];0.06;0.20;0.02;0.42;0.35;0.25;0.86;0.12;0.1954;0.2508;0
91;91;Agent_6;orders came from the seed rule base (rules as-is);0;0;R7[0.03] R11[0.04] R15[0.19] R20[0.09] R26[0.19] A1[0.08];0.49;0.41;0.19;0.64;0.23;0.19;0.82;0.12;0.1954;0.2508;1
91;91;Agent_7;orders came from the seed rule base (rules as-is);0;0;R7[0.08] R11[0.04] R15[0.21] R20[0.10] R26[0.21] A1[0.08];0.52;0.44;0.23;0.71;0.24;0.20;0.82;0.12;0.1954;0.2508;1
91;91;Agent_8;orders came from the seed rule base (rules as-is);0;0;R20[0.08] R26[0.09] A1[0.15] G2[0.07] G3[0.15] G1[0.14];0.34;0.38;0.00;0.82;0.14;0.00;0.83;0.12;0.1954;0.2508;1
91;91;Agent_9;orders came from the seed rule base (rules as-is);0;0;R7[0.05] R11[0.02] R15[0.07] R20[0.04] R26[0.07] A1[0.05];0.14;0.12;0.09;0.35;0.11;0.08;0.95;0.03;0.1954;0.2508;0
91;91;Agent_10;orders came from the seed rule base (rules as-is);0;0;R7[0.06] R20[0.03] R26[0.03] A1[0.06] G2[0.03] G3[0.06];0.09;0.09;0.04;0.37;0.06;0.00;0.91;0.12;0.1954;0.2508;0
91;91;Agent_11;orders came from the seed rule base (rules as-is);0;0;R7[0.05] R20[0.04] R26[0.07] A1[0.05] G2[0.02] G3[0.05];0.14;0.11;0.03;0.35;0.04;0.00;0.93;0.07;0.1954;0.2508;0
91;91;Agent_12;orders came from the seed rule base (rules as-is);0;0;R20[0.01] R26[0.01] A1[0.05] G2[0.02] G3[0.05] G1[0.03];0.04;0.05;0.00;0.22;0.05;0.00;0.93;0.00;0.1954;0.2508;0
92;92;Agent_1;orders came from the seed rule base (rules as-is);0;0;R11[0.23] R15[0.22] R20[0.14] R26[0.22] A1[0.24] G2[0.24];0.43;0.71;0.15;0.89;0.67;0.40;0.69;0.12;0.1961;0.2507;1
92;92;Agent_2;orders came from the seed rule base (rules as-is);0;0;R11[0.29] R15[0.06] R20[0.04] R26[0.06] A1[0.08] G2[0.08];0.07;0.26;0.04;0.44;0.42;0.33;0.85;0.12;0.1961;0.2507;0
92;92;Agent_3;orders came from the seed rule base (rules as-is);0;0;R7[0.08] R11[0.04] R15[0.04] R20[0.03] R26[0.04] A1[0.08];0.16;0.20;0.08;0.49;0.13;0.07;0.85;0.12;0.1961;0.2507;1
92;92;Agent_4;orders came from the seed rule base (rules as-is);0;0;R20[0.27] R26[0.41] A1[0.31] G2[0.14] G3[0.17] G5[0.27];0.99;0.81;0.00;0.90;0.29;0.00;0.75;0.12;0.1961;0.2507;1
92;92;Agent_5;orders came from the seed rule base (rules as-is);0;0;R11[0.23] R15[0.03] R20[0.03] R26[0.03] A1[0.08] G2[0.08];0.06;0.20;0.02;0.43;0.35;0.25;0.86;0.12;0.1961;0.2507;0
92;92;Agent_6;orders came from the seed rule base (rules as-is);0;0;R7[0.03] R11[0.04] R15[0.20] R20[0.09] R26[0.20] A1[0.08];0.50;0.41;0.19;0.64;0.23;0.19;0.82;0.12;0.1961;0.2507;1
92;92;Agent_7;orders came from the seed rule base (rules as-is);0;0;R7[0.08] R11[0.04] R15[0.21] R20[0.10] R26[0.21] A1[0.08];0.52;0.44;0.23;0.71;0.24;0.20;0.82;0.12;0.1961;0.2507;1
92;92;Agent_8;orders came from the seed rule base (rules as-is);0;0;R20[0.08] R26[0.08] A1[0.15] G2[0.07] G3[0.15] G1[0.14];0.30;0.36;0.00;0.79;0.14;0.00;0.84;0.12;0.1961;0.2507;1
92;92;Agent_9;orders came from the seed rule base (rules as-is);0;0;R7[0.05] R11[0.02] R15[0.06] R20[0.04] R26[0.06] A1[0.05];0.13;0.11;0.08;0.33;0.10;0.07;0.96;0.03;0.1961;0.2507;0
92;92;Agent_10;orders came from the seed rule base (rules as-is);0;0;R7[0.06] R20[0.03] R26[0.03] A1[0.06] G2[0.03] G3[0.06];0.09;0.09;0.04;0.37;0.06;0.00;0.91;0.12;0.1961;0.2507;0
92;92;Agent_11;orders came from the seed rule base (rules as-is);0;0;R7[0.04] R20[0.04] R26[0.06] A1[0.04] G2[0.02] G3[0.04];0.13;0.11;0.03;0.33;0.04;0.00;0.93;0.07;0.1961;0.2507;0
92;92;Agent_12;orders came from the seed rule base (rules as-is);0;0;R20[0.01] R26[0.01] A1[0.05] G2[0.02] G3[0.05] G1[0.02];0.00;0.00;0.00;0.00;0.00;0.00;0.85;0.00;0.1961;0.2507;0
93;93;Agent_1;orders came from the seed rule base (rules as-is);0;0;R11[0.23] R15[0.22] R20[0.14] R26[0.22] A1[0.24] G2[0.24];0.44;0.71;0.16;0.89;0.68;0.40;0.69;0.12;0.2032;0.2521;1
93;93;Agent_2;orders came from the seed rule base (rules as-is);0;0;R11[0.29] R15[0.06] R20[0.04] R26[0.06] A1[0.08] G2[0.08];0.07;0.26;0.04;0.44;0.42;0.33;0.85;0.12;0.2032;0.2521;0
93;93;Agent_3;orders came from the seed rule base (rules as-is);0;0;R7[0.08] R11[0.04] R15[0.04] R20[0.03] R26[0.04] A1[0.08];0.16;0.20;0.08;0.49;0.13;0.07;0.85;0.12;0.2032;0.2521;1
93;93;Agent_4;orders came from the seed rule base (rules as-is);0;0;R20[0.27] R26[0.40] A1[0.30] G2[0.14] G3[0.17] G5[0.27];0.99;0.81;0.00;0.90;0.28;0.00;0.74;0.12;0.2032;0.2521;1
93;93;Agent_5;orders came from the seed rule base (rules as-is);0;0;R11[0.23] R15[0.03] R20[0.03] R26[0.03] A1[0.08] G2[0.08];0.06;0.20;0.02;0.43;0.35;0.25;0.86;0.12;0.2032;0.2521;0
93;93;Agent_6;orders came from the seed rule base (rules as-is);0;0;R7[0.03] R11[0.04] R15[0.20] R20[0.09] R26[0.20] A1[0.08];0.50;0.41;0.19;0.65;0.23;0.19;0.82;0.12;0.2032;0.2521;1
93;93;Agent_7;orders came from the seed rule base (rules as-is);0;0;R7[0.08] R11[0.04] R15[0.21] R20[0.10] R26[0.21] A1[0.08];0.52;0.44;0.23;0.71;0.23;0.20;0.82;0.12;0.2032;0.2521;1
93;93;Agent_8;orders came from the seed rule base (rules as-is);0;0;R20[0.08] R26[0.07] A1[0.15] G2[0.07] G3[0.15] G1[0.14];0.28;0.35;0.00;0.76;0.14;0.00;0.85;0.12;0.2032;0.2521;1
93;93;Agent_9;orders came from the seed rule base (rules as-is);0;0;R7[0.04] R11[0.02] R15[0.06] R20[0.03] R26[0.06] A1[0.04];0.11;0.10;0.08;0.31;0.09;0.07;0.96;0.03;0.2032;0.2521;0
93;93;Agent_10;orders came from the seed rule base (rules as-is);0;0;R7[0.06] R20[0.03] R26[0.03] A1[0.06] G2[0.03] G3[0.06];0.09;0.10;0.04;0.37;0.06;0.00;0.91;0.12;0.2032;0.2521;0
93;93;Agent_11;orders came from the seed rule base (rules as-is);0;0;R7[0.04] R20[0.03] R26[0.06] A1[0.04] G2[0.02] G3[0.04];0.12;0.10;0.03;0.32;0.04;0.00;0.93;0.07;0.2032;0.2521;0
93;93;Agent_12;orders came from the seed rule base (rules as-is);0;0;R20[0.01] R26[0.01] A1[0.04] G2[0.02] G3[0.04] G1[0.02];0.00;0.00;0.00;0.00;0.00;0.00;0.86;0.00;0.2032;0.2521;0
94;94;Agent_1;orders came from the seed rule base (rules as-is);0;0;R11[0.23] R15[0.22] R20[0.14] R26[0.22] A1[0.24] G2[0.24];0.44;0.71;0.16;0.89;0.68;0.40;0.69;0.12;0.1984;0.2521;1
94;94;Agent_2;orders came from the seed rule base (rules as-is);0;0;R11[0.29] R15[0.06] R20[0.04] R26[0.06] A1[0.08] G2[0.08];0.07;0.26;0.04;0.44;0.42;0.33;0.85;0.12;0.1984;0.2521;0
94;94;Agent_3;orders came from the seed rule base (rules as-is);0;0;R7[0.08] R11[0.04] R15[0.04] R20[0.03] R26[0.04] A1[0.08];0.16;0.20;0.08;0.49;0.13;0.07;0.86;0.12;0.1984;0.2521;1
94;94;Agent_4;orders came from the seed rule base (rules as-is);0;0;R20[0.26] R26[0.40] A1[0.30] G2[0.13] G3[0.17] G5[0.26];0.99;0.81;0.00;0.90;0.28;0.00;0.74;0.12;0.1984;0.2521;1
94;94;Agent_5;orders came from the seed rule base (rules as-is);0;0;R11[0.23] R15[0.03] R20[0.03] R26[0.03] A1[0.08] G2[0.08];0.07;0.20;0.02;0.43;0.35;0.25;0.86;0.12;0.1984;0.2521;0
94;94;Agent_6;orders came from the seed rule base (rules as-is);0;0;R7[0.03] R11[0.04] R15[0.20] R20[0.10] R26[0.20] A1[0.08];0.50;0.42;0.19;0.65;0.23;0.20;0.82;0.12;0.1984;0.2521;1
94;94;Agent_7;orders came from the seed rule base (rules as-is);0;0;R7[0.08] R11[0.04] R15[0.21] R20[0.10] R26[0.21] A1[0.08];0.52;0.43;0.23;0.71;0.23;0.20;0.82;0.12;0.1984;0.2521;1
94;94;Agent_8;orders came from the seed rule base (rules as-is);0;0;R20[0.07] R26[0.06] A1[0.15] G2[0.07] G3[0.15] G1[0.14];0.26;0.33;0.00;0.74;0.14;0.00;0.86;0.12;0.1984;0.2521;1
94;94;Agent_9;orders came from the seed rule base (rules as-is);0;0;R7[0.04] R11[0.02] R15[0.05] R20[0.03] R26[0.05] A1[0.04];0.10;0.09;0.07;0.29;0.09;0.06;0.96;0.03;0.1984;0.2521;0
94;94;Agent_10;orders came from the seed rule base (rules as-is);0;0;R7[0.06] R20[0.03] R26[0.03] A1[0.06] G2[0.03] G3[0.06];0.13;0.14;0.04;0.37;0.05;0.00;0.91;0.12;0.1984;0.2521;1
94;94;Agent_11;orders came from the seed rule base (rules as-is);0;0;R7[0.04] R20[0.03] R26[0.05] A1[0.04] G2[0.02] G3[0.04];0.11;0.10;0.02;0.31;0.04;0.00;0.94;0.07;0.1984;0.2521;0
94;94;Agent_12;orders came from the seed rule base (rules as-is);0;0;R20[0.01] A1[0.04] G2[0.02] G3[0.04] G1[0.02] G4[0.04];0.00;0.00;0.00;0.00;0.00;0.00;0.88;0.00;0.1984;0.2521;0
95;95;Agent_1;orders came from the seed rule base (rules as-is);0;0;R11[0.23] R15[0.23] R20[0.14] R26[0.23] A1[0.24] G2[0.24];0.44;0.71;0.16;0.89;0.68;0.41;0.69;0.11;0.2204;0.2538;1
95;95;Agent_2;orders came from the seed rule base (rules as-is);0;0;R11[0.29] R15[0.06] R20[0.04] R26[0.06] A1[0.08] G2[0.08];0.07;0.26;0.04;0.44;0.42;0.33;0.85;0.11;0.2204;0.2538;0
95;95;Agent_3;orders came from the seed rule base (rules as-is);0;0;R7[0.08] R11[0.04] R15[0.04] R20[0.03] R26[0.04] A1[0.08];0.16;0.20;0.08;0.48;0.13;0.07;0.86;0.11;0.2204;0.2538;1
95;95;Agent_4;orders came from the seed rule base (rules as-is);0;0;R20[0.26] R26[0.39] A1[0.29] G2[0.13] G3[0.16] G5[0.26];0.99;0.81;0.00;0.90;0.27;0.00;0.73;0.11;0.2204;0.2538;1
95;95;Agent_5;orders came from the seed rule base (rules as-is);0;0;R11[0.23] R15[0.03] R20[0.03] R26[0.03] A1[0.08] G2[0.08];0.07;0.20;0.02;0.43;0.35;0.25;0.86;0.11;0.2204;0.2538;0
95;95;Agent_6;orders came from the seed rule base (rules as-is);0;0;R7[0.03] R11[0.04] R15[0.20] R20[0.10] R26[0.20] A1[0.08];0.50;0.42;0.19;0.65;0.23;0.20;0.82;0.11;0.2204;0.2538;1
95;95;Agent_7;orders came from the seed rule base (rules as-is);0;0;R7[0.08] R11[0.04] R15[0.21] R20[0.10] R26[0.21] A1[0.08];0.51;0.43;0.23;0.71;0.23;0.20;0.82;0.11;0.2204;0.2538;1
95;95;Agent_8;orders came from the seed rule base (rules as-is);0;0;R20[0.07] R26[0.05] A1[0.14] G2[0.06] G3[0.14] G1[0.14];0.24;0.32;0.00;0.73;0.13;0.00;0.87;0.11;0.2204;0.2538;1
95;95;Agent_9;orders came from the seed rule base (rules as-is);0;0;R7[0.04] R11[0.02] R15[0.05] R20[0.03] R26[0.05] A1[0.04];0.00;0.00;0.00;0.00;0.00;0.00;0.81;0.03;0.2204;0.2538;0
95;95;Agent_10;orders came from the seed rule base (rules as-is);0;0;R7[0.06] R20[0.03] R26[0.03] A1[0.06] G2[0.03] G3[0.06];0.13;0.14;0.04;0.37;0.05;0.00;0.91;0.11;0.2204;0.2538;1
95;95;Agent_11;orders came from the seed rule base (rules as-is);0;0;R7[0.04] R20[0.03] R26[0.05] A1[0.04] G2[0.02] G3[0.04];0.00;0.00;0.00;0.00;0.00;0.00;0.78;0.07;0.2204;0.2538;0
95;95;Agent_12;orders came from the seed rule base (rules as-is);0;0;A1[0.03] G2[0.01] G3[0.03] G1[0.02] G4[0.03];0.00;0.00;0.00;0.00;0.00;0.00;0.89;0.00;0.2204;0.2538;0
96;96;Agent_1;orders came from the seed rule base (rules as-is);0;0;R11[0.23] R15[0.23] R20[0.14] R26[0.23] A1[0.24] G2[0.24];0.44;0.71;0.16;0.89;0.68;0.41;0.69;0.11;0.2229;0.2541;1
96;96;Agent_2;orders came from the seed rule base (rules as-is);0;0;R11[0.29] R15[0.06] R20[0.04] R26[0.06] A1[0.08] G2[0.08];0.07;0.26;0.04;0.44;0.42;0.33;0.85;0.11;0.2229;0.2541;0
96;96;Agent_3;orders came from the seed rule base (rules as-is);0;0;R7[0.08] R11[0.04] R15[0.04] R20[0.03] R26[0.04] A1[0.08];0.16;0.20;0.08;0.48;0.13;0.07;0.86;0.11;0.2229;0.2541;1
96;96;Agent_4;orders came from the seed rule base (rules as-is);0;0;R20[0.26] R26[0.39] A1[0.29] G2[0.13] G3[0.16] G5[0.26];0.99;0.81;0.00;0.90;0.27;0.00;0.73;0.11;0.2229;0.2541;1
96;96;Agent_5;orders came from the seed rule base (rules as-is);0;0;R11[0.23] R15[0.03] R20[0.03] R26[0.03] A1[0.08] G2[0.08];0.07;0.20;0.02;0.43;0.35;0.25;0.86;0.11;0.2229;0.2541;0
96;96;Agent_6;orders came from the seed rule base (rules as-is);0;0;R7[0.03] R11[0.04] R15[0.20] R20[0.10] R26[0.20] A1[0.08];0.50;0.42;0.19;0.65;0.23;0.20;0.82;0.11;0.2229;0.2541;1
96;96;Agent_7;orders came from the seed rule base (rules as-is);0;0;R7[0.08] R11[0.04] R15[0.21] R20[0.10] R26[0.21] A1[0.08];0.51;0.43;0.22;0.71;0.23;0.20;0.82;0.11;0.2229;0.2541;1
96;96;Agent_8;orders came from the seed rule base (rules as-is);0;0;R20[0.07] R26[0.05] A1[0.14] G2[0.06] G3[0.14] G1[0.14];0.23;0.32;0.00;0.72;0.13;0.00;0.88;0.11;0.2229;0.2541;1
96;96;Agent_9;orders came from the seed rule base (rules as-is);0;0;R7[0.04] R11[0.02] R15[0.04] R20[0.03] R26[0.04] A1[0.04];0.00;0.00;0.00;0.00;0.00;0.00;0.82;0.03;0.2229;0.2541;0
96;96;Agent_10;orders came from the seed rule base (rules as-is);0;0;R7[0.06] R20[0.03] R26[0.03] A1[0.06] G2[0.03] G3[0.06];0.13;0.14;0.04;0.37;0.05;0.00;0.91;0.11;0.2229;0.2541;1
96;96;Agent_11;orders came from the seed rule base (rules as-is);0;0;R7[0.04] R20[0.03] R26[0.04] A1[0.04] G2[0.02] G3[0.04];0.00;0.00;0.00;0.00;0.00;0.00;0.78;0.07;0.2229;0.2541;0
96;96;Agent_12;orders came from the seed rule base (rules as-is);0;0;A1[0.03] G2[0.01] G3[0.03] G1[0.02] G4[0.03];0.00;0.00;0.00;0.00;0.00;0.00;0.90;0.00;0.2229;0.2541;0
97;97;Agent_1;RL selected stage 3 [GenAI] (deficit bucket: high+gap) → ACCEPTED: G8: G8: IF asset exposure risk is H AND intervention urgency is VH THEN asset protection 0.7, resource deployment 0.5 (adaptation-born: generative (template), gates G1-G4);3;3;R11[0.23] R15[0.23] R20[0.14] R26[0.23] A1[0.24] G2[0.24];0.44;0.70;0.16;0.89;0.68;0.41;0.70;0.11;0.2233;0.2548;1
97;97;Agent_2;RL selected stage 3 [GenAI] (deficit bucket: high+gap) → ACCEPTED: G8: G8: IF asset exposure risk is H AND intervention urgency is VH THEN asset protection 0.7, resource deployment 0.5 (adaptation-born: generative (template), gates G1-G4);3;3;R11[0.29] R15[0.06] R20[0.04] R26[0.06] A1[0.08] G2[0.08];0.07;0.26;0.04;0.44;0.42;0.33;0.85;0.11;0.2233;0.2548;0
97;97;Agent_3;RL selected stage 3 [GenAI] (deficit bucket: high+gap) → ACCEPTED: G8: G8: IF asset exposure risk is H AND intervention urgency is VH THEN asset protection 0.7, resource deployment 0.5 (adaptation-born: generative (template), gates G1-G4);3;3;R7[0.08] R11[0.04] R15[0.04] R20[0.03] R26[0.04] A1[0.08];0.16;0.22;0.08;0.51;0.13;0.07;0.86;0.11;0.2233;0.2548;1
97;97;Agent_4;RL selected stage 3 [GenAI] (deficit bucket: high+gap) → ACCEPTED: G8: G8: IF asset exposure risk is H AND intervention urgency is VH THEN asset protection 0.7, resource deployment 0.5 (adaptation-born: generative (template), gates G1-G4);3;3;R20[0.25] R26[0.39] A1[0.29] G2[0.13] G3[0.16] G5[0.25];0.99;0.76;0.00;0.87;0.27;0.00;0.75;0.11;0.2233;0.2548;1
97;97;Agent_5;RL selected stage 3 [GenAI] (deficit bucket: high+gap) → ACCEPTED: G8: G8: IF asset exposure risk is H AND intervention urgency is VH THEN asset protection 0.7, resource deployment 0.5 (adaptation-born: generative (template), gates G1-G4);3;3;R11[0.23] R15[0.03] R20[0.03] R26[0.03] A1[0.08] G2[0.08];0.07;0.21;0.02;0.44;0.35;0.25;0.85;0.11;0.2233;0.2548;0
97;97;Agent_6;RL selected stage 3 [GenAI] (deficit bucket: high+gap) → ACCEPTED: G8: G8: IF asset exposure risk is H AND intervention urgency is VH THEN asset protection 0.7, resource deployment 0.5 (adaptation-born: generative (template), gates G1-G4);3;3;R7[0.03] R11[0.04] R15[0.20] R20[0.10] R26[0.20] A1[0.08];0.50;0.47;0.19;0.72;0.23;0.20;0.79;0.11;0.2233;0.2548;1
97;97;Agent_7;RL selected stage 3 [GenAI] (deficit bucket: high+gap) → ACCEPTED: G8: G8: IF asset exposure risk is H AND intervention urgency is VH THEN asset protection 0.7, resource deployment 0.5 (adaptation-born: generative (template), gates G1-G4);3;3;R7[0.08] R11[0.04] R15[0.21] R20[0.10] R26[0.21] A1[0.08];0.51;0.48;0.22;0.78;0.23;0.20;0.79;0.11;0.2233;0.2548;1
97;97;Agent_8;RL selected stage 3 [GenAI] (deficit bucket: high+gap) → ACCEPTED: G8: G8: IF asset exposure risk is H AND intervention urgency is VH THEN asset protection 0.7, resource deployment 0.5 (adaptation-born: generative (template), gates G1-G4);3;3;R20[0.07] R26[0.05] A1[0.14] G2[0.06] G3[0.14] G1[0.14];0.22;0.35;0.00;0.75;0.13;0.00;0.86;0.11;0.2233;0.2548;1
97;97;Agent_9;RL selected stage 3 [GenAI] (deficit bucket: high+gap) → ACCEPTED: G8: G8: IF asset exposure risk is H AND intervention urgency is VH THEN asset protection 0.7, resource deployment 0.5 (adaptation-born: generative (template), gates G1-G4);3;3;R7[0.03] R11[0.01] R15[0.04] R20[0.02] R26[0.04] A1[0.03];0.00;0.00;0.00;0.00;0.00;0.00;0.83;0.03;0.2233;0.2548;0
97;97;Agent_10;RL selected stage 3 [GenAI] (deficit bucket: high+gap) → ACCEPTED: G8: G8: IF asset exposure risk is H AND intervention urgency is VH THEN asset protection 0.7, resource deployment 0.5 (adaptation-born: generative (template), gates G1-G4);3;3;R7[0.06] R20[0.03] R26[0.03] A1[0.06] G2[0.03] G3[0.06];0.13;0.16;0.04;0.39;0.05;0.00;0.91;0.11;0.2233;0.2548;1
97;97;Agent_11;RL selected stage 3 [GenAI] (deficit bucket: high+gap) → ACCEPTED: G8: G8: IF asset exposure risk is H AND intervention urgency is VH THEN asset protection 0.7, resource deployment 0.5 (adaptation-born: generative (template), gates G1-G4);3;3;R7[0.04] R20[0.03] R26[0.04] A1[0.04] G2[0.02] G3[0.04];0.00;0.00;0.00;0.00;0.00;0.00;0.78;0.07;0.2233;0.2548;1
97;97;Agent_12;RL selected stage 3 [GenAI] (deficit bucket: high+gap) → ACCEPTED: G8: G8: IF asset exposure risk is H AND intervention urgency is VH THEN asset protection 0.7, resource deployment 0.5 (adaptation-born: generative (template), gates G1-G4);3;3;A1[0.03] G2[0.01] G3[0.03] G1[0.01] G4[0.03];0.00;0.00;0.00;0.00;0.00;0.00;0.91;0.00;0.2233;0.2548;0
97;97;Agent_1;RL selected stage 3 [GenAI] (deficit bucket: high+gap) → ACCEPTED: G8: G8: IF asset exposure risk is H AND intervention urgency is VH THEN asset protection 0.7, resource deployment 0.5 (adaptation-born: generative (template), gates G1-G4);3;3;R11[0.23] R15[0.23] R20[0.14] R26[0.23] A1[0.24] G2[0.24];0.44;0.70;0.16;0.89;0.68;0.41;0.70;0.11;0.2233;0.2548;1
97;97;Agent_2;RL selected stage 3 [GenAI] (deficit bucket: high+gap) → ACCEPTED: G8: G8: IF asset exposure risk is H AND intervention urgency is VH THEN asset protection 0.7, resource deployment 0.5 (adaptation-born: generative (template), gates G1-G4);3;3;R11[0.29] R15[0.06] R20[0.04] R26[0.06] A1[0.08] G2[0.08];0.07;0.26;0.04;0.44;0.42;0.33;0.85;0.11;0.2233;0.2548;0
97;97;Agent_3;RL selected stage 3 [GenAI] (deficit bucket: high+gap) → ACCEPTED: G8: G8: IF asset exposure risk is H AND intervention urgency is VH THEN asset protection 0.7, resource deployment 0.5 (adaptation-born: generative (template), gates G1-G4);3;3;R7[0.08] R11[0.04] R15[0.04] R20[0.03] R26[0.04] A1[0.08];0.16;0.22;0.08;0.51;0.13;0.07;0.86;0.11;0.2233;0.2548;1
97;97;Agent_4;RL selected stage 3 [GenAI] (deficit bucket: high+gap) → ACCEPTED: G8: G8: IF asset exposure risk is H AND intervention urgency is VH THEN asset protection 0.7, resource deployment 0.5 (adaptation-born: generative (template), gates G1-G4);3;3;R20[0.25] R26[0.39] A1[0.29] G2[0.13] G3[0.16] G5[0.25];0.99;0.76;0.00;0.87;0.27;0.00;0.75;0.11;0.2233;0.2548;1
97;97;Agent_5;RL selected stage 3 [GenAI] (deficit bucket: high+gap) → ACCEPTED: G8: G8: IF asset exposure risk is H AND intervention urgency is VH THEN asset protection 0.7, resource deployment 0.5 (adaptation-born: generative (template), gates G1-G4);3;3;R11[0.23] R15[0.03] R20[0.03] R26[0.03] A1[0.08] G2[0.08];0.07;0.21;0.02;0.44;0.35;0.25;0.85;0.11;0.2233;0.2548;0
97;97;Agent_6;RL selected stage 3 [GenAI] (deficit bucket: high+gap) → ACCEPTED: G8: G8: IF asset exposure risk is H AND intervention urgency is VH THEN asset protection 0.7, resource deployment 0.5 (adaptation-born: generative (template), gates G1-G4);3;3;R7[0.03] R11[0.04] R15[0.20] R20[0.10] R26[0.20] A1[0.08];0.50;0.47;0.19;0.72;0.23;0.20;0.79;0.11;0.2233;0.2548;1
97;97;Agent_7;RL selected stage 3 [GenAI] (deficit bucket: high+gap) → ACCEPTED: G8: G8: IF asset exposure risk is H AND intervention urgency is VH THEN asset protection 0.7, resource deployment 0.5 (adaptation-born: generative (template), gates G1-G4);3;3;R7[0.08] R11[0.04] R15[0.21] R20[0.10] R26[0.21] A1[0.08];0.51;0.48;0.22;0.78;0.23;0.20;0.79;0.11;0.2233;0.2548;1
97;97;Agent_8;RL selected stage 3 [GenAI] (deficit bucket: high+gap) → ACCEPTED: G8: G8: IF asset exposure risk is H AND intervention urgency is VH THEN asset protection 0.7, resource deployment 0.5 (adaptation-born: generative (template), gates G1-G4);3;3;R20[0.07] R26[0.05] A1[0.14] G2[0.06] G3[0.14] G1[0.14];0.22;0.35;0.00;0.75;0.13;0.00;0.86;0.11;0.2233;0.2548;1
97;97;Agent_9;RL selected stage 3 [GenAI] (deficit bucket: high+gap) → ACCEPTED: G8: G8: IF asset exposure risk is H AND intervention urgency is VH THEN asset protection 0.7, resource deployment 0.5 (adaptation-born: generative (template), gates G1-G4);3;3;R7[0.03] R11[0.01] R15[0.04] R20[0.02] R26[0.04] A1[0.03];0.00;0.00;0.00;0.00;0.00;0.00;0.83;0.03;0.2233;0.2548;0
97;97;Agent_10;RL selected stage 3 [GenAI] (deficit bucket: high+gap) → ACCEPTED: G8: G8: IF asset exposure risk is H AND intervention urgency is VH THEN asset protection 0.7, resource deployment 0.5 (adaptation-born: generative (template), gates G1-G4);3;3;R7[0.06] R20[0.03] R26[0.03] A1[0.06] G2[0.03] G3[0.06];0.13;0.16;0.04;0.39;0.05;0.00;0.91;0.11;0.2233;0.2548;1
97;97;Agent_11;RL selected stage 3 [GenAI] (deficit bucket: high+gap) → ACCEPTED: G8: G8: IF asset exposure risk is H AND intervention urgency is VH THEN asset protection 0.7, resource deployment 0.5 (adaptation-born: generative (template), gates G1-G4);3;3;R7[0.04] R20[0.03] R26[0.04] A1[0.04] G2[0.02] G3[0.04];0.00;0.00;0.00;0.00;0.00;0.00;0.78;0.07;0.2233;0.2548;1
97;97;Agent_12;RL selected stage 3 [GenAI] (deficit bucket: high+gap) → ACCEPTED: G8: G8: IF asset exposure risk is H AND intervention urgency is VH THEN asset protection 0.7, resource deployment 0.5 (adaptation-born: generative (template), gates G1-G4);3;3;A1[0.03] G2[0.01] G3[0.03] G1[0.01] G4[0.03];0.00;0.00;0.00;0.00;0.00;0.00;0.91;0.00;0.2233;0.2548;0
97;97;Agent_1;orders came from the seed rule base (rules as-is);0;0;R11[0.23] R15[0.23] R20[0.14] R26[0.23] A1[0.24] G2[0.24];0.44;0.70;0.16;0.89;0.68;0.41;0.70;0.11;0.2233;0.2548;1
97;97;Agent_2;orders came from the seed rule base (rules as-is);0;0;R11[0.29] R15[0.06] R20[0.04] R26[0.06] A1[0.08] G2[0.08];0.07;0.26;0.04;0.44;0.42;0.33;0.85;0.11;0.2233;0.2548;0
97;97;Agent_3;orders came from the seed rule base (rules as-is);0;0;R7[0.08] R11[0.04] R15[0.04] R20[0.03] R26[0.04] A1[0.08];0.16;0.22;0.08;0.51;0.13;0.07;0.86;0.11;0.2233;0.2548;1
97;97;Agent_4;orders came from the seed rule base (rules as-is);0;0;R20[0.25] R26[0.39] A1[0.29] G2[0.13] G3[0.16] G5[0.25];0.99;0.76;0.00;0.87;0.27;0.00;0.75;0.11;0.2233;0.2548;1
97;97;Agent_5;orders came from the seed rule base (rules as-is);0;0;R11[0.23] R15[0.03] R20[0.03] R26[0.03] A1[0.08] G2[0.08];0.07;0.21;0.02;0.44;0.35;0.25;0.85;0.11;0.2233;0.2548;0
97;97;Agent_6;orders came from the seed rule base (rules as-is);0;0;R7[0.03] R11[0.04] R15[0.20] R20[0.10] R26[0.20] A1[0.08];0.50;0.47;0.19;0.72;0.23;0.20;0.79;0.11;0.2233;0.2548;1
97;97;Agent_7;orders came from the seed rule base (rules as-is);0;0;R7[0.08] R11[0.04] R15[0.21] R20[0.10] R26[0.21] A1[0.08];0.51;0.48;0.22;0.78;0.23;0.20;0.79;0.11;0.2233;0.2548;1
97;97;Agent_8;orders came from the seed rule base (rules as-is);0;0;R20[0.07] R26[0.05] A1[0.14] G2[0.06] G3[0.14] G1[0.14];0.22;0.35;0.00;0.75;0.13;0.00;0.86;0.11;0.2233;0.2548;1
97;97;Agent_9;orders came from the seed rule base (rules as-is);0;0;R7[0.03] R11[0.01] R15[0.04] R20[0.02] R26[0.04] A1[0.03];0.00;0.00;0.00;0.00;0.00;0.00;0.83;0.03;0.2233;0.2548;0
97;97;Agent_10;orders came from the seed rule base (rules as-is);0;0;R7[0.06] R20[0.03] R26[0.03] A1[0.06] G2[0.03] G3[0.06];0.13;0.16;0.04;0.39;0.05;0.00;0.91;0.11;0.2233;0.2548;1
97;97;Agent_11;orders came from the seed rule base (rules as-is);0;0;R7[0.04] R20[0.03] R26[0.04] A1[0.04] G2[0.02] G3[0.04];0.00;0.00;0.00;0.00;0.00;0.00;0.78;0.07;0.2233;0.2548;1
97;97;Agent_12;orders came from the seed rule base (rules as-is);0;0;A1[0.03] G2[0.01] G3[0.03] G1[0.01] G4[0.03];0.00;0.00;0.00;0.00;0.00;0.00;0.91;0.00;0.2233;0.2548;0
98;98;Agent_1;orders came from the seed rule base (rules as-is);0;0;R11[0.23] R15[0.23] R20[0.14] R26[0.23] A1[0.24] G2[0.24];0.44;0.70;0.16;0.89;0.68;0.41;0.70;0.11;0.2292;0.2545;1
98;98;Agent_2;orders came from the seed rule base (rules as-is);0;0;R11[0.29] R15[0.06] R20[0.04] R26[0.06] A1[0.08] G2[0.08];0.07;0.26;0.04;0.44;0.42;0.33;0.85;0.11;0.2292;0.2545;0
98;98;Agent_3;orders came from the seed rule base (rules as-is);0;0;R7[0.08] R11[0.04] R15[0.04] R20[0.03] R26[0.04] A1[0.08];0.15;0.22;0.08;0.50;0.13;0.07;0.86;0.11;0.2292;0.2545;1
98;98;Agent_4;orders came from the seed rule base (rules as-is);0;0;R20[0.25] R26[0.38] A1[0.29] G2[0.13] G3[0.16] G5[0.25];0.99;0.76;0.00;0.87;0.27;0.00;0.74;0.11;0.2292;0.2545;1
98;98;Agent_5;orders came from the seed rule base (rules as-is);0;0;R11[0.23] R15[0.03] R20[0.03] R26[0.03] A1[0.08] G2[0.08];0.07;0.21;0.02;0.44;0.35;0.25;0.85;0.11;0.2292;0.2545;0
98;98;Agent_6;orders came from the seed rule base (rules as-is);0;0;R7[0.03] R11[0.04] R15[0.20] R20[0.10] R26[0.20] A1[0.08];0.50;0.47;0.19;0.72;0.23;0.20;0.79;0.11;0.2292;0.2545;1
98;98;Agent_7;orders came from the seed rule base (rules as-is);0;0;R7[0.08] R11[0.04] R15[0.20] R20[0.10] R26[0.20] A1[0.08];0.51;0.48;0.22;0.78;0.23;0.20;0.79;0.11;0.2292;0.2545;1
98;98;Agent_8;orders came from the seed rule base (rules as-is);0;0;R20[0.07] R26[0.04] A1[0.14] G2[0.06] G3[0.14] G1[0.14];0.21;0.34;0.00;0.74;0.13;0.00;0.86;0.11;0.2292;0.2545;1
98;98;Agent_9;orders came from the seed rule base (rules as-is);0;0;R7[0.03] R11[0.01] R15[0.03] R20[0.02] R26[0.03] A1[0.03];0.00;0.00;0.00;0.00;0.00;0.00;0.83;0.03;0.2292;0.2545;0
98;98;Agent_10;orders came from the seed rule base (rules as-is);0;0;R7[0.06] R20[0.03] R26[0.03] A1[0.06] G2[0.03] G3[0.06];0.13;0.16;0.04;0.39;0.05;0.00;0.91;0.11;0.2292;0.2545;1
98;98;Agent_11;orders came from the seed rule base (rules as-is);0;0;R7[0.04] R20[0.03] R26[0.04] A1[0.04] G2[0.02] G3[0.04];0.00;0.00;0.00;0.00;0.00;0.00;0.79;0.07;0.2292;0.2545;1
98;98;Agent_12;orders came from the seed rule base (rules as-is);0;0;A1[0.02] G2[0.01] G3[0.02] G1[0.01] G4[0.02];0.00;0.00;0.00;0.00;0.00;0.00;0.92;0.00;0.2292;0.2545;0
99;99;Agent_1;orders came from the seed rule base (rules as-is);0;0;R11[0.23] R15[0.23] R20[0.14] R26[0.23] A1[0.24] G2[0.24];0.44;0.70;0.16;0.89;0.68;0.41;0.70;0.11;0.2290;0.2566;1
99;99;Agent_2;orders came from the seed rule base (rules as-is);0;0;R11[0.29] R15[0.06] R20[0.04] R26[0.06] A1[0.08] G2[0.08];0.07;0.26;0.04;0.44;0.42;0.33;0.85;0.11;0.2290;0.2566;0
99;99;Agent_3;orders came from the seed rule base (rules as-is);0;0;R7[0.08] R11[0.04] R15[0.04] R20[0.03] R26[0.04] A1[0.08];0.15;0.22;0.08;0.50;0.13;0.07;0.86;0.11;0.2290;0.2566;1
99;99;Agent_4;orders came from the seed rule base (rules as-is);0;0;R20[0.25] R26[0.38] A1[0.38] G2[0.17] G3[0.16] G5[0.25];0.99;0.76;0.00;0.87;0.36;0.00;0.78;0.11;0.2290;0.2566;1
99;99;Agent_5;orders came from the seed rule base (rules as-is);0;0;R11[0.23] R15[0.03] R20[0.03] R26[0.03] A1[0.08] G2[0.08];0.07;0.21;0.02;0.44;0.35;0.25;0.85;0.11;0.2290;0.2566;0
99;99;Agent_6;orders came from the seed rule base (rules as-is);0;0;R7[0.03] R11[0.04] R15[0.20] R20[0.10] R26[0.20] A1[0.08];0.50;0.47;0.19;0.73;0.24;0.20;0.79;0.11;0.2290;0.2566;1
99;99;Agent_7;orders came from the seed rule base (rules as-is);0;0;R7[0.08] R11[0.04] R15[0.20] R20[0.10] R26[0.20] A1[0.08];0.51;0.48;0.22;0.78;0.23;0.20;0.79;0.11;0.2290;0.2566;1
99;99;Agent_8;orders came from the seed rule base (rules as-is);0;0;R20[0.06] R26[0.04] A1[0.14] G2[0.06] G3[0.14] G1[0.14];0.20;0.33;0.00;0.73;0.13;0.00;0.87;0.11;0.2290;0.2566;1
99;99;Agent_9;orders came from the seed rule base (rules as-is);0;0;R7[0.03] R11[0.01] R15[0.03] R20[0.02] R26[0.03] A1[0.03];0.00;0.00;0.00;0.00;0.00;0.00;0.84;0.03;0.2290;0.2566;0
99;99;Agent_10;orders came from the seed rule base (rules as-is);0;0;R7[0.06] R20[0.03] R26[0.03] A1[0.06] G2[0.03] G3[0.06];0.13;0.16;0.04;0.39;0.05;0.00;0.91;0.11;0.2290;0.2566;1
99;99;Agent_11;orders came from the seed rule base (rules as-is);0;0;R7[0.04] R20[0.03] R26[0.04] A1[0.04] G2[0.02] G3[0.04];0.00;0.00;0.00;0.00;0.00;0.00;0.79;0.07;0.2290;0.2566;1
99;99;Agent_12;orders came from the seed rule base (rules as-is);0;0;A1[0.02] G3[0.02] G1[0.01] G4[0.02];0.00;0.00;0.00;0.00;0.00;0.00;0.93;0.00;0.2290;0.2566;0
99;99;Agent_1;orders came from the seed rule base (rules as-is);0;0;R11[0.23] R15[0.23] R20[0.14] R26[0.23] A1[0.24] G2[0.24];0.44;0.70;0.16;0.89;0.68;0.41;0.70;0.11;0.2290;0.2566;1
99;99;Agent_2;orders came from the seed rule base (rules as-is);0;0;R11[0.29] R15[0.06] R20[0.04] R26[0.06] A1[0.08] G2[0.08];0.07;0.26;0.04;0.44;0.42;0.33;0.85;0.11;0.2290;0.2566;0
99;99;Agent_3;orders came from the seed rule base (rules as-is);0;0;R7[0.08] R11[0.04] R15[0.04] R20[0.03] R26[0.04] A1[0.08];0.15;0.22;0.08;0.50;0.13;0.07;0.86;0.11;0.2290;0.2566;1
99;99;Agent_4;orders came from the seed rule base (rules as-is);0;0;R20[0.25] R26[0.38] A1[0.38] G2[0.17] G3[0.16] G5[0.25];0.99;0.76;0.00;0.87;0.36;0.00;0.78;0.11;0.2290;0.2566;1
99;99;Agent_5;orders came from the seed rule base (rules as-is);0;0;R11[0.23] R15[0.03] R20[0.03] R26[0.03] A1[0.08] G2[0.08];0.07;0.21;0.02;0.44;0.35;0.25;0.85;0.11;0.2290;0.2566;0
99;99;Agent_6;orders came from the seed rule base (rules as-is);0;0;R7[0.03] R11[0.04] R15[0.20] R20[0.10] R26[0.20] A1[0.08];0.50;0.47;0.19;0.73;0.24;0.20;0.79;0.11;0.2290;0.2566;1
99;99;Agent_7;orders came from the seed rule base (rules as-is);0;0;R7[0.08] R11[0.04] R15[0.20] R20[0.10] R26[0.20] A1[0.08];0.51;0.48;0.22;0.78;0.23;0.20;0.79;0.11;0.2290;0.2566;1
99;99;Agent_8;orders came from the seed rule base (rules as-is);0;0;R20[0.06] R26[0.04] A1[0.14] G2[0.06] G3[0.14] G1[0.14];0.20;0.33;0.00;0.73;0.13;0.00;0.87;0.11;0.2290;0.2566;1
99;99;Agent_9;orders came from the seed rule base (rules as-is);0;0;R7[0.03] R11[0.01] R15[0.03] R20[0.02] R26[0.03] A1[0.03];0.00;0.00;0.00;0.00;0.00;0.00;0.84;0.03;0.2290;0.2566;0
99;99;Agent_10;orders came from the seed rule base (rules as-is);0;0;R7[0.06] R20[0.03] R26[0.03] A1[0.06] G2[0.03] G3[0.06];0.13;0.16;0.04;0.39;0.05;0.00;0.91;0.11;0.2290;0.2566;1
99;99;Agent_11;orders came from the seed rule base (rules as-is);0;0;R7[0.04] R20[0.03] R26[0.04] A1[0.04] G2[0.02] G3[0.04];0.00;0.00;0.00;0.00;0.00;0.00;0.79;0.07;0.2290;0.2566;1
99;99;Agent_12;orders came from the seed rule base (rules as-is);0;0;A1[0.02] G3[0.02] G1[0.01] G4[0.02];0.00;0.00;0.00;0.00;0.00;0.00;0.93;0.00;0.2290;0.2566;0
99;99;Agent_1;orders came from the seed rule base (rules as-is);0;0;R11[0.23] R15[0.23] R20[0.14] R26[0.23] A1[0.24] G2[0.24];0.44;0.70;0.16;0.89;0.68;0.41;0.70;0.11;0.2290;0.2566;1
99;99;Agent_2;orders came from the seed rule base (rules as-is);0;0;R11[0.29] R15[0.06] R20[0.04] R26[0.06] A1[0.08] G2[0.08];0.07;0.26;0.04;0.44;0.42;0.33;0.85;0.11;0.2290;0.2566;0
99;99;Agent_3;orders came from the seed rule base (rules as-is);0;0;R7[0.08] R11[0.04] R15[0.04] R20[0.03] R26[0.04] A1[0.08];0.15;0.22;0.08;0.50;0.13;0.07;0.86;0.11;0.2290;0.2566;1
99;99;Agent_4;orders came from the seed rule base (rules as-is);0;0;R20[0.25] R26[0.38] A1[0.38] G2[0.17] G3[0.16] G5[0.25];0.99;0.76;0.00;0.87;0.36;0.00;0.78;0.11;0.2290;0.2566;1
99;99;Agent_5;orders came from the seed rule base (rules as-is);0;0;R11[0.23] R15[0.03] R20[0.03] R26[0.03] A1[0.08] G2[0.08];0.07;0.21;0.02;0.44;0.35;0.25;0.85;0.11;0.2290;0.2566;0
99;99;Agent_6;orders came from the seed rule base (rules as-is);0;0;R7[0.03] R11[0.04] R15[0.20] R20[0.10] R26[0.20] A1[0.08];0.50;0.47;0.19;0.73;0.24;0.20;0.79;0.11;0.2290;0.2566;1
99;99;Agent_7;orders came from the seed rule base (rules as-is);0;0;R7[0.08] R11[0.04] R15[0.20] R20[0.10] R26[0.20] A1[0.08];0.51;0.48;0.22;0.78;0.23;0.20;0.79;0.11;0.2290;0.2566;1
99;99;Agent_8;orders came from the seed rule base (rules as-is);0;0;R20[0.06] R26[0.04] A1[0.14] G2[0.06] G3[0.14] G1[0.14];0.20;0.33;0.00;0.73;0.13;0.00;0.87;0.11;0.2290;0.2566;1
99;99;Agent_9;orders came from the seed rule base (rules as-is);0;0;R7[0.03] R11[0.01] R15[0.03] R20[0.02] R26[0.03] A1[0.03];0.00;0.00;0.00;0.00;0.00;0.00;0.84;0.03;0.2290;0.2566;0
99;99;Agent_10;orders came from the seed rule base (rules as-is);0;0;R7[0.06] R20[0.03] R26[0.03] A1[0.06] G2[0.03] G3[0.06];0.13;0.16;0.04;0.39;0.05;0.00;0.91;0.11;0.2290;0.2566;1
99;99;Agent_11;orders came from the seed rule base (rules as-is);0;0;R7[0.04] R20[0.03] R26[0.04] A1[0.04] G2[0.02] G3[0.04];0.00;0.00;0.00;0.00;0.00;0.00;0.79;0.07;0.2290;0.2566;1
99;99;Agent_12;orders came from the seed rule base (rules as-is);0;0;A1[0.02] G3[0.02] G1[0.01] G4[0.02];0.00;0.00;0.00;0.00;0.00;0.00;0.93;0.00;0.2290;0.2566;0
100;100;Agent_1;orders came from the seed rule base (rules as-is);0;0;R11[0.23] R15[0.23] R20[0.14] R26[0.23] A1[0.24] G2[0.24];0.44;0.70;0.16;0.89;0.68;0.41;0.70;0.11;0.2236;0.2562;1
100;100;Agent_2;orders came from the seed rule base (rules as-is);0;0;R11[0.29] R15[0.06] R20[0.04] R26[0.06] A1[0.08] G2[0.08];0.07;0.26;0.04;0.44;0.42;0.33;0.85;0.11;0.2236;0.2562;0
100;100;Agent_3;orders came from the seed rule base (rules as-is);0;0;R7[0.08] R11[0.04] R15[0.04] R20[0.03] R26[0.04] A1[0.08];0.15;0.21;0.08;0.50;0.13;0.07;0.86;0.11;0.2236;0.2562;1
100;100;Agent_4;orders came from the seed rule base (rules as-is);0;0;R20[0.25] R26[0.38] A1[0.42] G2[0.19] G3[0.16] G5[0.25];0.99;0.76;0.00;0.87;0.39;0.00;0.78;0.11;0.2236;0.2562;1
100;100;Agent_5;orders came from the seed rule base (rules as-is);0;0;R11[0.23] R15[0.03] R20[0.03] R26[0.03] A1[0.08] G2[0.08];0.07;0.21;0.02;0.44;0.35;0.25;0.85;0.11;0.2236;0.2562;0
100;100;Agent_6;orders came from the seed rule base (rules as-is);0;0;R7[0.03] R11[0.04] R15[0.20] R20[0.10] R26[0.20] A1[0.08];0.50;0.47;0.19;0.73;0.24;0.20;0.79;0.11;0.2236;0.2562;1
100;100;Agent_7;orders came from the seed rule base (rules as-is);0;0;R7[0.08] R11[0.04] R15[0.20] R20[0.10] R26[0.20] A1[0.08];0.51;0.48;0.22;0.77;0.23;0.20;0.79;0.11;0.2236;0.2562;1
100;100;Agent_8;orders came from the seed rule base (rules as-is);0;0;R20[0.06] R26[0.04] A1[0.14] G2[0.06] G3[0.14] G1[0.14];0.20;0.33;0.00;0.73;0.13;0.00;0.87;0.11;0.2236;0.2562;1
100;100;Agent_9;orders came from the seed rule base (rules as-is);0;0;R7[0.06] R11[0.02] R15[0.03] R20[0.02] R26[0.03] A1[0.06];0.07;0.08;0.06;0.33;0.09;0.05;0.92;0.03;0.2236;0.2562;0
100;100;Agent_10;orders came from the seed rule base (rules as-is);0;0;R7[0.06] R20[0.03] R26[0.03] A1[0.06] G2[0.03] G3[0.06];0.13;0.16;0.04;0.39;0.05;0.00;0.91;0.11;0.2236;0.2562;1
100;100;Agent_11;orders came from the seed rule base (rules as-is);0;0;R7[0.04] R20[0.03] R26[0.03] A1[0.04] G2[0.02] G3[0.04];0.00;0.00;0.00;0.00;0.00;0.00;0.79;0.07;0.2236;0.2562;1
100;100;Agent_12;orders came from the seed rule base (rules as-is);0;0;A1[0.02] G3[0.02] G1[0.01] G4[0.02];0.00;0.00;0.00;0.00;0.00;0.00;0.93;0.00;0.2236;0.2562;0
101;101;Agent_1;orders came from the seed rule base (rules as-is);0;0;R11[0.23] R15[0.23] R20[0.14] R26[0.23] A1[0.24] G2[0.24];0.44;0.70;0.16;0.89;0.68;0.41;0.70;0.11;0.2282;0.2557;1
101;101;Agent_2;orders came from the seed rule base (rules as-is);0;0;R11[0.29] R15[0.06] R20[0.04] R26[0.06] A1[0.08] G2[0.08];0.07;0.26;0.04;0.44;0.42;0.33;0.85;0.11;0.2282;0.2557;0
101;101;Agent_3;orders came from the seed rule base (rules as-is);0;0;R7[0.08] R11[0.04] R15[0.04] R20[0.03] R26[0.04] A1[0.08];0.15;0.21;0.08;0.50;0.13;0.07;0.86;0.11;0.2282;0.2557;1
101;101;Agent_4;orders came from the seed rule base (rules as-is);0;0;R20[0.25] R26[0.38] A1[0.43] G2[0.20] G3[0.16] G5[0.25];0.99;0.76;0.00;0.87;0.41;0.00;0.78;0.11;0.2282;0.2557;1
101;101;Agent_5;orders came from the seed rule base (rules as-is);0;0;R11[0.23] R15[0.03] R20[0.03] R26[0.03] A1[0.08] G2[0.08];0.07;0.21;0.02;0.44;0.35;0.25;0.85;0.11;0.2282;0.2557;0
101;101;Agent_6;orders came from the seed rule base (rules as-is);0;0;R7[0.03] R11[0.04] R15[0.20] R20[0.10] R26[0.20] A1[0.08];0.50;0.47;0.19;0.73;0.24;0.20;0.79;0.11;0.2282;0.2557;1
101;101;Agent_7;orders came from the seed rule base (rules as-is);0;0;R7[0.08] R11[0.04] R15[0.20] R20[0.10] R26[0.20] A1[0.08];0.50;0.48;0.22;0.77;0.23;0.20;0.79;0.11;0.2282;0.2557;1
101;101;Agent_8;orders came from the seed rule base (rules as-is);0;0;R20[0.06] R26[0.04] A1[0.14] G2[0.06] G3[0.14] G1[0.14];0.19;0.33;0.00;0.72;0.13;0.00;0.87;0.11;0.2282;0.2557;1
101;101;Agent_9;orders came from the seed rule base (rules as-is);0;0;R7[0.07] R11[0.03] R15[0.03] R20[0.02] R26[0.03] A1[0.07];0.07;0.09;0.06;0.37;0.11;0.05;0.89;0.03;0.2282;0.2557;0
101;101;Agent_10;orders came from the seed rule base (rules as-is);0;0;R7[0.06] R20[0.03] R26[0.03] A1[0.06] G2[0.03] G3[0.06];0.13;0.16;0.04;0.39;0.05;0.00;0.91;0.11;0.2282;0.2557;1
101;101;Agent_11;orders came from the seed rule base (rules as-is);0;0;R7[0.04] R20[0.03] R26[0.03] A1[0.04] G2[0.02] G3[0.04];0.00;0.00;0.00;0.00;0.00;0.00;0.79;0.07;0.2282;0.2557;1
101;101;Agent_12;orders came from the seed rule base (rules as-is);0;0;A1[0.02] G3[0.02] G4[0.02];0.00;0.00;0.00;0.00;0.00;0.00;0.94;0.00;0.2282;0.2557;0
102;102;Agent_1;orders came from the seed rule base (rules as-is);0;0;R11[0.23] R15[0.22] R20[0.14] R26[0.22] A1[0.24] G2[0.24];0.44;0.70;0.16;0.89;0.68;0.40;0.70;0.11;0.2303;0.2555;1
102;102;Agent_2;orders came from the seed rule base (rules as-is);0;0;R11[0.29] R15[0.06] R20[0.04] R26[0.06] A1[0.08] G2[0.08];0.07;0.26;0.04;0.44;0.42;0.33;0.85;0.11;0.2303;0.2555;0
102;102;Agent_3;orders came from the seed rule base (rules as-is);0;0;R7[0.08] R11[0.04] R15[0.04] R20[0.03] R26[0.04] A1[0.08];0.15;0.21;0.08;0.50;0.13;0.07;0.86;0.11;0.2303;0.2555;1
102;102;Agent_4;orders came from the seed rule base (rules as-is);0;0;R20[0.25] R26[0.38] A1[0.44] G2[0.20] G3[0.16] G5[0.25];0.99;0.76;0.00;0.87;0.41;0.00;0.77;0.11;0.2303;0.2555;1
102;102;Agent_5;orders came from the seed rule base (rules as-is);0;0;R11[0.23] R15[0.03] R20[0.03] R26[0.03] A1[0.08] G2[0.08];0.07;0.21;0.02;0.44;0.35;0.25;0.85;0.11;0.2303;0.2555;0
102;102;Agent_6;orders came from the seed rule base (rules as-is);0;0;R7[0.03] R11[0.04] R15[0.20] R20[0.10] R26[0.20] A1[0.08];0.50;0.47;0.19;0.73;0.24;0.20;0.79;0.11;0.2303;0.2555;1
102;102;Agent_7;orders came from the seed rule base (rules as-is);0;0;R7[0.08] R11[0.04] R15[0.20] R20[0.10] R26[0.20] A1[0.08];0.50;0.48;0.22;0.77;0.23;0.20;0.79;0.11;0.2303;0.2555;1
102;102;Agent_8;orders came from the seed rule base (rules as-is);0;0;R20[0.06] R26[0.04] A1[0.14] G2[0.06] G3[0.14] G1[0.14];0.19;0.32;0.00;0.72;0.13;0.00;0.87;0.11;0.2303;0.2555;1
102;102;Agent_9;orders came from the seed rule base (rules as-is);0;0;R7[0.07] R11[0.03] R15[0.02] R20[0.02] R26[0.02] A1[0.07];0.06;0.09;0.06;0.38;0.11;0.05;0.88;0.03;0.2303;0.2555;0
102;102;Agent_10;orders came from the seed rule base (rules as-is);0;0;R7[0.06] R20[0.03] R26[0.03] A1[0.06] G2[0.03] G3[0.06];0.13;0.16;0.04;0.39;0.05;0.00;0.91;0.11;0.2303;0.2555;1
102;102;Agent_11;orders came from the seed rule base (rules as-is);0;0;R7[0.04] R20[0.03] R26[0.03] A1[0.04] G2[0.02] G3[0.04];0.00;0.00;0.00;0.00;0.00;0.00;0.79;0.07;0.2303;0.2555;1
102;102;Agent_12;orders came from the seed rule base (rules as-is);0;0;A1[0.02] G3[0.02] G4[0.02];0.00;0.00;0.00;0.00;0.00;0.00;0.95;0.00;0.2303;0.2555;0
103;103;Agent_1;orders came from the seed rule base (rules as-is);0;0;R11[0.23] R15[0.22] R20[0.14] R26[0.22] A1[0.24] G2[0.24];0.44;0.70;0.16;0.89;0.68;0.40;0.70;0.11;0.2303;0.2548;1
103;103;Agent_2;orders came from the seed rule base (rules as-is);0;0;R11[0.29] R15[0.06] R20[0.04] R26[0.06] A1[0.08] G2[0.08];0.07;0.26;0.04;0.44;0.42;0.33;0.85;0.11;0.2303;0.2548;0
103;103;Agent_3;orders came from the seed rule base (rules as-is);0;0;R7[0.08] R11[0.04] R15[0.04] R20[0.03] R26[0.04] A1[0.08];0.15;0.21;0.08;0.50;0.13;0.07;0.86;0.11;0.2303;0.2548;1
103;103;Agent_4;orders came from the seed rule base (rules as-is);0;0;R20[0.24] R26[0.37] A1[0.44] G2[0.20] G3[0.15] G5[0.24];0.99;0.76;0.00;0.87;0.41;0.00;0.77;0.11;0.2303;0.2548;1
103;103;Agent_5;orders came from the seed rule base (rules as-is);0;0;R11[0.23] R15[0.03] R20[0.03] R26[0.03] A1[0.08] G2[0.08];0.07;0.21;0.02;0.44;0.35;0.25;0.85;0.11;0.2303;0.2548;0
103;103;Agent_6;orders came from the seed rule base (rules as-is);0;0;R7[0.03] R11[0.04] R15[0.20] R20[0.10] R26[0.20] A1[0.08];0.50;0.47;0.19;0.73;0.24;0.20;0.79;0.11;0.2303;0.2548;1
103;103;Agent_7;orders came from the seed rule base (rules as-is);0;0;R7[0.08] R11[0.04] R15[0.20] R20[0.10] R26[0.20] A1[0.08];0.50;0.47;0.22;0.77;0.23;0.20;0.79;0.11;0.2303;0.2548;1
103;103;Agent_8;orders came from the seed rule base (rules as-is);0;0;R20[0.06] R26[0.04] A1[0.14] G2[0.06] G3[0.14] G1[0.14];0.18;0.32;0.00;0.72;0.13;0.00;0.87;0.11;0.2303;0.2548;1
103;103;Agent_9;orders came from the seed rule base (rules as-is);0;0;R7[0.07] R11[0.03] R15[0.02] R20[0.02] R26[0.02] A1[0.07];0.06;0.09;0.06;0.38;0.12;0.05;0.87;0.03;0.2303;0.2548;0
103;103;Agent_10;orders came from the seed rule base (rules as-is);0;0;R7[0.06] R20[0.03] R26[0.03] A1[0.06] G2[0.03] G3[0.06];0.13;0.16;0.04;0.39;0.05;0.00;0.91;0.11;0.2303;0.2548;1
103;103;Agent_11;orders came from the seed rule base (rules as-is);0;0;R7[0.04] R20[0.02] R26[0.03] A1[0.04] G2[0.02] G3[0.04];0.00;0.00;0.00;0.00;0.00;0.00;0.80;0.07;0.2303;0.2548;1
103;103;Agent_12;orders came from the seed rule base (rules as-is);0;0;A1[0.01] G3[0.01] G4[0.01];0.00;0.00;0.00;0.00;0.00;0.00;0.95;0.00;0.2303;0.2548;0
104;104;Agent_1;orders came from the seed rule base (rules as-is);0;0;R11[0.23] R15[0.22] R20[0.14] R26[0.22] A1[0.25] G2[0.25];0.44;0.70;0.16;0.89;0.68;0.40;0.70;0.11;0.2302;0.2528;1
104;104;Agent_2;orders came from the seed rule base (rules as-is);0;0;R11[0.29] R15[0.06] R20[0.04] R26[0.06] A1[0.08] G2[0.08];0.07;0.26;0.04;0.44;0.42;0.33;0.85;0.11;0.2302;0.2528;0
104;104;Agent_3;orders came from the seed rule base (rules as-is);0;0;R7[0.08] R11[0.04] R15[0.04] R20[0.03] R26[0.04] A1[0.08];0.15;0.21;0.08;0.50;0.13;0.07;0.86;0.11;0.2302;0.2528;1
104;104;Agent_4;orders came from the seed rule base (rules as-is);0;0;R20[0.24] R26[0.37] A1[0.46] G2[0.21] G3[0.15] G5[0.24];0.99;0.76;0.00;0.87;0.42;0.00;0.78;0.11;0.2302;0.2528;1
104;104;Agent_5;orders came from the seed rule base (rules as-is);0;0;R11[0.23] R15[0.03] R20[0.03] R26[0.03] A1[0.08] G2[0.08];0.05;0.21;0.02;0.41;0.35;0.25;0.85;0.11;0.2302;0.2528;0
104;104;Agent_6;orders came from the seed rule base (rules as-is);0;0;R7[0.03] R11[0.04] R15[0.20] R20[0.10] R26[0.20] A1[0.08];0.50;0.47;0.19;0.73;0.24;0.20;0.79;0.11;0.2302;0.2528;1
104;104;Agent_7;orders came from the seed rule base (rules as-is);0;0;R7[0.08] R11[0.04] R15[0.20] R20[0.10] R26[0.20] A1[0.08];0.50;0.47;0.22;0.77;0.23;0.20;0.79;0.11;0.2302;0.2528;1
104;104;Agent_8;orders came from the seed rule base (rules as-is);0;0;R20[0.07] R26[0.07] A1[0.19] G2[0.09] G3[0.17] G1[0.13];0.30;0.39;0.00;0.88;0.18;0.00;0.82;0.11;0.2302;0.2528;1
104;104;Agent_9;orders came from the seed rule base (rules as-is);0;0;R7[0.10] R11[0.04] R15[0.06] R20[0.03] R26[0.06] A1[0.10];0.12;0.15;0.10;0.53;0.17;0.09;0.88;0.11;0.2302;0.2528;0
104;104;Agent_10;orders came from the seed rule base (rules as-is);0;0;R7[0.07] R20[0.03] R26[0.03] A1[0.07] G2[0.03] G3[0.07];0.14;0.17;0.04;0.44;0.06;0.00;0.91;0.11;0.2302;0.2528;1
104;104;Agent_11;orders came from the seed rule base (rules as-is);0;0;R7[0.06] R20[0.04] R26[0.06] A1[0.06] G2[0.03] G3[0.06];0.21;0.19;0.03;0.44;0.05;0.00;0.91;0.11;0.2302;0.2528;1
104;104;Agent_12;orders came from the seed rule base (rules as-is);0;0;R20[0.01] A1[0.07] G2[0.03] G3[0.05] G1[0.02] G4[0.05];0.03;0.04;0.00;0.23;0.06;0.00;0.91;0.11;0.2302;0.2528;0
105;105;Agent_1;orders came from the seed rule base (rules as-is);0;0;R11[0.23] R15[0.22] R20[0.14] R26[0.22] A1[0.25] G2[0.25];0.44;0.70;0.16;0.89;0.68;0.40;0.70;0.11;0.2243;0.2514;1
105;105;Agent_2;orders came from the seed rule base (rules as-is);0;0;R11[0.29] R15[0.06] R20[0.04] R26[0.06] A1[0.08] G2[0.08];0.07;0.26;0.04;0.44;0.42;0.33;0.85;0.11;0.2243;0.2514;0
105;105;Agent_3;orders came from the seed rule base (rules as-is);0;0;R7[0.08] R11[0.04] R15[0.04] R20[0.03] R26[0.04] A1[0.08];0.15;0.21;0.08;0.50;0.13;0.07;0.86;0.11;0.2243;0.2514;1
105;105;Agent_4;orders came from the seed rule base (rules as-is);0;0;R20[0.24] R26[0.37] A1[0.46] G2[0.21] G3[0.15] G5[0.24];0.99;0.76;0.00;0.87;0.43;0.00;0.77;0.11;0.2243;0.2514;1
105;105;Agent_5;orders came from the seed rule base (rules as-is);0;0;R11[0.23] R15[0.03] R20[0.03] R26[0.03] A1[0.08] G2[0.08];0.05;0.21;0.02;0.41;0.35;0.25;0.85;0.11;0.2243;0.2514;0
105;105;Agent_6;orders came from the seed rule base (rules as-is);0;0;R7[0.03] R11[0.04] R15[0.20] R20[0.10] R26[0.20] A1[0.08];0.49;0.47;0.19;0.73;0.24;0.20;0.79;0.11;0.2243;0.2514;1
105;105;Agent_7;orders came from the seed rule base (rules as-is);0;0;R7[0.08] R11[0.04] R15[0.20] R20[0.09] R26[0.20] A1[0.08];0.50;0.47;0.22;0.77;0.23;0.19;0.79;0.11;0.2243;0.2514;1
105;105;Agent_8;orders came from the seed rule base (rules as-is);0;0;R20[0.08] R26[0.09] A1[0.21] G2[0.09] G3[0.16] G1[0.12];0.39;0.43;0.00;0.88;0.20;0.00;0.81;0.11;0.2243;0.2514;1
105;105;Agent_9;orders came from the seed rule base (rules as-is);0;0;R7[0.10] R11[0.05] R15[0.08] R20[0.05] R26[0.08] A1[0.10];0.26;0.28;0.13;0.60;0.19;0.11;0.88;0.11;0.2243;0.2514;1
105;105;Agent_10;orders came from the seed rule base (rules as-is);0;0;R7[0.07] R20[0.04] R26[0.06] A1[0.07] G2[0.03] G3[0.07];0.21;0.22;0.04;0.51;0.07;0.00;0.90;0.11;0.2243;0.2514;1
105;105;Agent_11;orders came from the seed rule base (rules as-is);0;0;R7[0.07] R20[0.05] R26[0.09] A1[0.07] G2[0.03] G3[0.07];0.28;0.24;0.04;0.51;0.06;0.00;0.90;0.11;0.2243;0.2514;1
105;105;Agent_12;orders came from the seed rule base (rules as-is);0;0;R20[0.02] R26[0.01] A1[0.09] G2[0.04] G3[0.08] G1[0.03];0.05;0.07;0.00;0.33;0.08;0.00;0.88;0.11;0.2243;0.2514;0
106;106;Agent_1;orders came from the seed rule base (rules as-is);0;0;R11[0.23] R15[0.22] R20[0.14] R26[0.22] A1[0.25] G2[0.25];0.44;0.70;0.16;0.89;0.68;0.40;0.70;0.11;0.2166;0.2522;1
106;106;Agent_2;orders came from the seed rule base (rules as-is);0;0;R11[0.29] R15[0.06] R20[0.04] R26[0.06] A1[0.08] G2[0.08];0.07;0.26;0.04;0.44;0.42;0.33;0.85;0.11;0.2166;0.2522;0
106;106;Agent_3;orders came from the seed rule base (rules as-is);0;0;R7[0.08] R11[0.04] R15[0.04] R20[0.03] R26[0.04] A1[0.08];0.15;0.21;0.08;0.50;0.13;0.07;0.86;0.11;0.2166;0.2522;1
106;106;Agent_4;orders came from the seed rule base (rules as-is);0;0;R20[0.24] R26[0.37] A1[0.46] G2[0.21] G3[0.15] G5[0.24];0.99;0.76;0.00;0.87;0.43;0.00;0.77;0.11;0.2166;0.2522;1
106;106;Agent_5;orders came from the seed rule base (rules as-is);0;0;R11[0.23] R15[0.03] R20[0.03] R26[0.03] A1[0.08] G2[0.08];0.05;0.20;0.02;0.41;0.35;0.25;0.85;0.11;0.2166;0.2522;0
106;106;Agent_6;orders came from the seed rule base (rules as-is);0;0;R7[0.03] R11[0.04] R15[0.20] R20[0.10] R26[0.20] A1[0.08];0.49;0.47;0.19;0.72;0.24;0.20;0.79;0.11;0.2166;0.2522;1
106;106;Agent_7;orders came from the seed rule base (rules as-is);0;0;R7[0.08] R11[0.04] R15[0.20] R20[0.09] R26[0.20] A1[0.08];0.50;0.47;0.22;0.77;0.23;0.19;0.79;0.11;0.2166;0.2522;1
106;106;Agent_8;orders came from the seed rule base (rules as-is);0;0;R20[0.09] R26[0.11] A1[0.22] G2[0.10] G3[0.16] G1[0.11];0.45;0.45;0.00;0.88;0.20;0.00;0.79;0.11;0.2166;0.2522;1
106;106;Agent_9;orders came from the seed rule base (rules as-is);0;0;R7[0.10] R11[0.05] R15[0.11] R20[0.06] R26[0.11] A1[0.10];0.31;0.32;0.15;0.65;0.21;0.13;0.89;0.11;0.2166;0.2522;1
106;106;Agent_10;orders came from the seed rule base (rules as-is);0;0;R7[0.07] R20[0.05] R26[0.09] A1[0.07] G2[0.03] G3[0.07];0.25;0.26;0.04;0.53;0.07;0.00;0.90;0.11;0.2166;0.2522;1
106;106;Agent_11;orders came from the seed rule base (rules as-is);0;0;R7[0.07] R20[0.06] R26[0.11] A1[0.07] G2[0.03] G3[0.07];0.32;0.28;0.04;0.56;0.07;0.00;0.89;0.11;0.2166;0.2522;1
106;106;Agent_12;orders came from the seed rule base (rules as-is);0;0;R20[0.02] R26[0.02] A1[0.10] G2[0.04] G3[0.10] G1[0.04];0.06;0.09;0.00;0.39;0.09;0.00;0.87;0.11;0.2166;0.2522;0
107;107;Agent_1;RL selected stage 1 [evFIS] (deficit bucket: high+gap) → rejected (no improving perturbation found | seed-base decision stands, its orders are applied);1;0;R11[0.23] R15[0.22] R20[0.14] R26[0.22] A1[0.25] G2[0.25];0.43;0.70;0.15;0.89;0.68;0.40;0.70;0.10;0.2151;0.2509;1
107;107;Agent_2;RL selected stage 1 [evFIS] (deficit bucket: high+gap) → rejected (no improving perturbation found | seed-base decision stands, its orders are applied);1;0;R11[0.29] R15[0.06] R20[0.04] R26[0.06] A1[0.08] G2[0.08];0.07;0.26;0.04;0.44;0.42;0.33;0.85;0.10;0.2151;0.2509;0
107;107;Agent_3;RL selected stage 1 [evFIS] (deficit bucket: high+gap) → rejected (no improving perturbation found | seed-base decision stands, its orders are applied);1;0;R7[0.08] R11[0.04] R15[0.04] R20[0.03] R26[0.04] A1[0.08];0.15;0.21;0.08;0.50;0.13;0.07;0.86;0.10;0.2151;0.2509;1
107;107;Agent_4;RL selected stage 1 [evFIS] (deficit bucket: high+gap) → rejected (no improving perturbation found | seed-base decision stands, its orders are applied);1;0;R20[0.24] R26[0.37] A1[0.45] G2[0.20] G3[0.15] G5[0.24];0.99;0.76;0.00;0.87;0.42;0.00;0.77;0.10;0.2151;0.2509;1
107;107;Agent_5;RL selected stage 1 [evFIS] (deficit bucket: high+gap) → rejected (no improving perturbation found | seed-base decision stands, its orders are applied);1;0;R11[0.23] R15[0.03] R20[0.03] R26[0.03] A1[0.08] G2[0.08];0.05;0.20;0.02;0.41;0.35;0.25;0.85;0.10;0.2151;0.2509;0
107;107;Agent_6;RL selected stage 1 [evFIS] (deficit bucket: high+gap) → rejected (no improving perturbation found | seed-base decision stands, its orders are applied);1;0;R7[0.03] R11[0.04] R15[0.20] R20[0.10] R26[0.20] A1[0.08];0.49;0.47;0.19;0.72;0.24;0.20;0.79;0.10;0.2151;0.2509;1
107;107;Agent_7;RL selected stage 1 [evFIS] (deficit bucket: high+gap) → rejected (no improving perturbation found | seed-base decision stands, its orders are applied);1;0;R7[0.08] R11[0.04] R15[0.20] R20[0.09] R26[0.20] A1[0.08];0.50;0.47;0.22;0.77;0.23;0.19;0.79;0.10;0.2151;0.2509;1
107;107;Agent_8;RL selected stage 1 [evFIS] (deficit bucket: high+gap) → rejected (no improving perturbation found | seed-base decision stands, its orders are applied);1;0;R20[0.10] R26[0.13] A1[0.22] G2[0.10] G3[0.16] G1[0.11];0.49;0.48;0.00;0.88;0.21;0.00;0.78;0.10;0.2151;0.2509;1
107;107;Agent_9;RL selected stage 1 [evFIS] (deficit bucket: high+gap) → rejected (no improving perturbation found | seed-base decision stands, its orders are applied);1;0;R7[0.11] R11[0.05] R15[0.12] R20[0.06] R26[0.12] A1[0.11];0.34;0.36;0.17;0.67;0.22;0.15;0.88;0.10;0.2151;0.2509;1
107;107;Agent_10;RL selected stage 1 [evFIS] (deficit bucket: high+gap) → rejected (no improving perturbation found | seed-base decision stands, its orders are applied);1;0;R7[0.07] R20[0.06] R26[0.11] A1[0.07] G2[0.03] G3[0.07];0.27;0.28;0.04;0.53;0.07;0.00;0.90;0.10;0.2151;0.2509;1
107;107;Agent_11;RL selected stage 1 [evFIS] (deficit bucket: high+gap) → rejected (no improving perturbation found | seed-base decision stands, its orders are applied);1;0;R7[0.07] R20[0.06] R26[0.13] A1[0.07] G2[0.03] G3[0.07];0.35;0.31;0.04;0.57;0.07;0.00;0.88;0.10;0.2151;0.2509;1
107;107;Agent_12;RL selected stage 1 [evFIS] (deficit bucket: high+gap) → rejected (no improving perturbation found | seed-base decision stands, its orders are applied);1;0;R20[0.02] R26[0.02] A1[0.10] G2[0.05] G3[0.10] G1[0.04];0.08;0.10;0.00;0.43;0.10;0.00;0.87;0.10;0.2151;0.2509;0
108;108;Agent_1;orders came from the seed rule base (rules as-is);0;0;R11[0.23] R15[0.22] R20[0.14] R26[0.22] A1[0.25] G2[0.25];0.43;0.70;0.15;0.89;0.68;0.40;0.70;0.10;0.2134;0.2489;1
108;108;Agent_2;orders came from the seed rule base (rules as-is);0;0;R11[0.29] R15[0.06] R20[0.04] R26[0.06] A1[0.08] G2[0.08];0.07;0.26;0.04;0.44;0.42;0.33;0.85;0.10;0.2134;0.2489;0
108;108;Agent_3;orders came from the seed rule base (rules as-is);0;0;R7[0.08] R11[0.04] R15[0.04] R20[0.03] R26[0.04] A1[0.08];0.15;0.21;0.08;0.50;0.13;0.07;0.86;0.10;0.2134;0.2489;1
108;108;Agent_4;orders came from the seed rule base (rules as-is);0;0;R20[0.24] R26[0.36] A1[0.45] G2[0.20] G3[0.15] G5[0.24];0.99;0.76;0.00;0.87;0.42;0.00;0.77;0.10;0.2134;0.2489;1
108;108;Agent_5;orders came from the seed rule base (rules as-is);0;0;R11[0.23] R15[0.03] R20[0.03] R26[0.03] A1[0.08] G2[0.08];0.05;0.20;0.02;0.41;0.35;0.25;0.85;0.10;0.2134;0.2489;0
108;108;Agent_6;orders came from the seed rule base (rules as-is);0;0;R7[0.03] R11[0.05] R15[0.20] R20[0.10] R26[0.20] A1[0.08];0.49;0.47;0.19;0.73;0.25;0.20;0.79;0.10;0.2134;0.2489;1
108;108;Agent_7;orders came from the seed rule base (rules as-is);0;0;R7[0.08] R11[0.04] R15[0.20] R20[0.09] R26[0.20] A1[0.08];0.49;0.47;0.22;0.77;0.23;0.19;0.79;0.10;0.2134;0.2489;1
108;108;Agent_8;orders came from the seed rule base (rules as-is);0;0;R20[0.10] R26[0.14] A1[0.22] G2[0.10] G3[0.15] G1[0.10];0.52;0.49;0.00;0.88;0.21;0.00;0.77;0.10;0.2134;0.2489;1
108;108;Agent_9;orders came from the seed rule base (rules as-is);0;0;R7[0.11] R11[0.05] R15[0.14] R20[0.07] R26[0.14] A1[0.11];0.37;0.38;0.18;0.69;0.23;0.16;0.88;0.10;0.2134;0.2489;1
108;108;Agent_10;orders came from the seed rule base (rules as-is);0;0;R7[0.08] R20[0.07] R26[0.13] A1[0.08] G2[0.03] G3[0.08];0.28;0.31;0.05;0.53;0.07;0.00;0.89;0.10;0.2134;0.2489;1
108;108;Agent_11;orders came from the seed rule base (rules as-is);0;0;R7[0.07] R20[0.07] R26[0.14] A1[0.07] G2[0.03] G3[0.07];0.37;0.33;0.04;0.58;0.07;0.00;0.87;0.10;0.2134;0.2489;1
108;108;Agent_12;orders came from the seed rule base (rules as-is);0;0;R20[0.02] R26[0.02] A1[0.11] G2[0.05] G3[0.11] G1[0.05];0.08;0.11;0.00;0.45;0.10;0.00;0.87;0.10;0.2134;0.2489;0
109;109;Agent_1;orders came from the seed rule base (rules as-is);0;0;R11[0.23] R15[0.22] R20[0.14] R26[0.22] A1[0.25] G2[0.25];0.43;0.70;0.15;0.89;0.68;0.40;0.70;0.10;0.2130;0.2471;1
109;109;Agent_2;orders came from the seed rule base (rules as-is);0;0;R11[0.29] R15[0.06] R20[0.04] R26[0.06] A1[0.08] G2[0.08];0.07;0.26;0.04;0.44;0.42;0.33;0.85;0.10;0.2130;0.2471;0
109;109;Agent_3;orders came from the seed rule base (rules as-is);0;0;R7[0.08] R11[0.04] R15[0.04] R20[0.03] R26[0.04] A1[0.08];0.15;0.21;0.08;0.50;0.13;0.07;0.86;0.10;0.2130;0.2471;1
109;109;Agent_4;orders came from the seed rule base (rules as-is);0;0;R20[0.24] R26[0.36] A1[0.45] G2[0.20] G3[0.15] G5[0.24];0.99;0.76;0.00;0.87;0.42;0.00;0.77;0.10;0.2130;0.2471;1
109;109;Agent_5;orders came from the seed rule base (rules as-is);0;0;R11[0.23] R15[0.03] R20[0.03] R26[0.03] A1[0.08] G2[0.08];0.05;0.20;0.02;0.41;0.35;0.25;0.85;0.10;0.2130;0.2471;0
109;109;Agent_6;orders came from the seed rule base (rules as-is);0;0;R7[0.03] R11[0.05] R15[0.20] R20[0.10] R26[0.20] A1[0.08];0.49;0.47;0.19;0.73;0.25;0.20;0.79;0.10;0.2130;0.2471;1
109;109;Agent_7;orders came from the seed rule base (rules as-is);0;0;R7[0.08] R11[0.04] R15[0.20] R20[0.09] R26[0.20] A1[0.08];0.49;0.47;0.22;0.77;0.23;0.19;0.79;0.10;0.2130;0.2471;1
109;109;Agent_8;orders came from the seed rule base (rules as-is);0;0;R20[0.11] R26[0.15] A1[0.22] G2[0.10] G3[0.15] G1[0.10];0.54;0.50;0.00;0.88;0.21;0.00;0.76;0.10;0.2130;0.2471;1
109;109;Agent_9;orders came from the seed rule base (rules as-is);0;0;R7[0.11] R11[0.05] R15[0.15] R20[0.08] R26[0.15] A1[0.11];0.39;0.40;0.19;0.70;0.23;0.17;0.87;0.10;0.2130;0.2471;1
109;109;Agent_10;orders came from the seed rule base (rules as-is);0;0;R7[0.08] R20[0.07] R26[0.14] A1[0.08] G2[0.03] G3[0.08];0.30;0.32;0.05;0.53;0.07;0.00;0.89;0.10;0.2130;0.2471;1
109;109;Agent_11;orders came from the seed rule base (rules as-is);0;0;R7[0.07] R20[0.07] R26[0.15] A1[0.07] G2[0.03] G3[0.07];0.39;0.34;0.04;0.59;0.07;0.00;0.86;0.10;0.2130;0.2471;1
109;109;Agent_12;orders came from the seed rule base (rules as-is);0;0;R20[0.03] R26[0.02] A1[0.11] G2[0.05] G3[0.11] G1[0.05];0.13;0.18;0.00;0.46;0.10;0.00;0.87;0.10;0.2130;0.2471;1
110;110;Agent_1;orders came from the seed rule base (rules as-is);0;0;R11[0.23] R15[0.22] R20[0.13] R26[0.22] A1[0.25] G2[0.25];0.43;0.70;0.15;0.89;0.68;0.40;0.70;0.10;0.2130;0.2478;1
110;110;Agent_2;orders came from the seed rule base (rules as-is);0;0;R11[0.29] R15[0.06] R20[0.04] R26[0.06] A1[0.08] G2[0.08];0.07;0.26;0.04;0.44;0.42;0.33;0.85;0.10;0.2130;0.2478;0
110;110;Agent_3;orders came from the seed rule base (rules as-is);0;0;R7[0.08] R11[0.04] R15[0.04] R20[0.03] R26[0.04] A1[0.08];0.15;0.21;0.08;0.50;0.13;0.07;0.86;0.10;0.2130;0.2478;1
110;110;Agent_4;orders came from the seed rule base (rules as-is);0;0;R20[0.23] R26[0.36] A1[0.45] G2[0.20] G3[0.15] G5[0.23];0.99;0.76;0.00;0.87;0.42;0.00;0.77;0.10;0.2130;0.2478;1
110;110;Agent_5;orders came from the seed rule base (rules as-is);0;0;R11[0.23] R15[0.03] R20[0.03] R26[0.03] A1[0.08] G2[0.08];0.05;0.20;0.02;0.41;0.35;0.25;0.85;0.10;0.2130;0.2478;0
110;110;Agent_6;orders came from the seed rule base (rules as-is);0;0;R7[0.03] R11[0.05] R15[0.19] R20[0.10] R26[0.19] A1[0.08];0.49;0.47;0.19;0.73;0.25;0.20;0.79;0.10;0.2130;0.2478;1
110;110;Agent_7;orders came from the seed rule base (rules as-is);0;0;R7[0.08] R11[0.04] R15[0.19] R20[0.09] R26[0.19] A1[0.08];0.49;0.47;0.22;0.77;0.23;0.19;0.79;0.10;0.2130;0.2478;1
110;110;Agent_8;orders came from the seed rule base (rules as-is);0;0;R20[0.11] R26[0.16] A1[0.22] G2[0.10] G3[0.15] G1[0.09];0.56;0.51;0.00;0.87;0.21;0.00;0.76;0.10;0.2130;0.2478;1
110;110;Agent_9;orders came from the seed rule base (rules as-is);0;0;R7[0.11] R11[0.05] R15[0.16] R20[0.08] R26[0.16] A1[0.11];0.40;0.41;0.19;0.71;0.24;0.17;0.87;0.10;0.2130;0.2478;1
110;110;Agent_10;orders came from the seed rule base (rules as-is);0;0;R7[0.08] R20[0.07] R26[0.15] A1[0.08] G2[0.03] G3[0.08];0.30;0.34;0.05;0.52;0.07;0.00;0.89;0.10;0.2130;0.2478;1
110;110;Agent_11;orders came from the seed rule base (rules as-is);0;0;R7[0.07] R20[0.08] R26[0.16] A1[0.07] G2[0.03] G3[0.07];0.40;0.35;0.04;0.59;0.07;0.00;0.86;0.10;0.2130;0.2478;1
110;110;Agent_12;orders came from the seed rule base (rules as-is);0;0;R20[0.03] R26[0.03] A1[0.11] G2[0.05] G3[0.11] G1[0.05];0.14;0.18;0.00;0.47;0.10;0.00;0.87;0.10;0.2130;0.2478;1
111;111;Agent_1;orders came from the seed rule base (rules as-is);0;0;R11[0.23] R15[0.22] R20[0.13] R26[0.22] A1[0.25] G2[0.25];0.43;0.70;0.15;0.89;0.68;0.40;0.70;0.10;0.2088;0.2448;1
111;111;Agent_2;orders came from the seed rule base (rules as-is);0;0;R11[0.29] R15[0.06] R20[0.04] R26[0.06] A1[0.08] G2[0.08];0.07;0.26;0.04;0.44;0.42;0.33;0.85;0.10;0.2088;0.2448;0
111;111;Agent_3;orders came from the seed rule base (rules as-is);0;0;R7[0.08] R11[0.04] R15[0.04] R20[0.03] R26[0.04] A1[0.08];0.15;0.21;0.08;0.50;0.13;0.07;0.86;0.10;0.2088;0.2448;1
111;111;Agent_4;orders came from the seed rule base (rules as-is);0;0;R20[0.23] R26[0.36] A1[0.45] G2[0.20] G3[0.15] G5[0.23];0.99;0.76;0.00;0.87;0.42;0.00;0.77;0.10;0.2088;0.2448;1
111;111;Agent_5;orders came from the seed rule base (rules as-is);0;0;R11[0.23] R15[0.03] R20[0.03] R26[0.03] A1[0.08] G2[0.08];0.05;0.20;0.02;0.41;0.35;0.25;0.85;0.10;0.2088;0.2448;0
111;111;Agent_6;orders came from the seed rule base (rules as-is);0;0;R7[0.03] R11[0.05] R15[0.19] R20[0.10] R26[0.19] A1[0.08];0.48;0.47;0.19;0.73;0.24;0.20;0.79;0.10;0.2088;0.2448;1
111;111;Agent_7;orders came from the seed rule base (rules as-is);0;0;R7[0.08] R11[0.04] R15[0.19] R20[0.09] R26[0.19] A1[0.08];0.49;0.47;0.21;0.77;0.23;0.19;0.79;0.10;0.2088;0.2448;1
111;111;Agent_8;orders came from the seed rule base (rules as-is);0;0;R20[0.11] R26[0.17] A1[0.22] G2[0.10] G3[0.15] G1[0.09];0.58;0.52;0.00;0.87;0.21;0.00;0.76;0.10;0.2088;0.2448;1
111;111;Agent_9;orders came from the seed rule base (rules as-is);0;0;R7[0.11] R11[0.05] R15[0.16] R20[0.08] R26[0.16] A1[0.11];0.41;0.43;0.19;0.72;0.24;0.17;0.87;0.10;0.2088;0.2448;1
111;111;Agent_10;orders came from the seed rule base (rules as-is);0;0;R7[0.08] R20[0.08] R26[0.16] A1[0.08] G2[0.03] G3[0.08];0.30;0.34;0.05;0.51;0.07;0.00;0.89;0.10;0.2088;0.2448;1
111;111;Agent_11;orders came from the seed rule base (rules as-is);0;0;R7[0.07] R20[0.08] R26[0.16] A1[0.07] G2[0.03] G3[0.07];0.41;0.36;0.04;0.60;0.07;0.00;0.86;0.10;0.2088;0.2448;1
111;111;Agent_12;orders came from the seed rule base (rules as-is);0;0;R20[0.03] R26[0.03] A1[0.11] G2[0.05] G3[0.11] G1[0.05];0.14;0.19;0.00;0.48;0.10;0.00;0.87;0.10;0.2088;0.2448;1
112;112;Agent_1;orders came from the seed rule base (rules as-is);0;0;R11[0.23] R15[0.22] R20[0.13] R26[0.22] A1[0.25] G2[0.25];0.43;0.70;0.15;0.89;0.68;0.40;0.70;0.10;0.2084;0.2448;1
112;112;Agent_2;orders came from the seed rule base (rules as-is);0;0;R11[0.29] R15[0.06] R20[0.04] R26[0.06] A1[0.08] G2[0.08];0.07;0.26;0.04;0.44;0.42;0.33;0.85;0.10;0.2084;0.2448;0
112;112;Agent_3;orders came from the seed rule base (rules as-is);0;0;R7[0.08] R11[0.04] R15[0.04] R20[0.03] R26[0.04] A1[0.08];0.15;0.21;0.08;0.50;0.13;0.07;0.86;0.10;0.2084;0.2448;1
112;112;Agent_4;orders came from the seed rule base (rules as-is);0;0;R20[0.23] R26[0.36] A1[0.45] G2[0.20] G3[0.15] G5[0.23];0.99;0.76;0.00;0.87;0.42;0.00;0.76;0.10;0.2084;0.2448;1
112;112;Agent_5;orders came from the seed rule base (rules as-is);0;0;R11[0.23] R15[0.03] R20[0.03] R26[0.03] A1[0.08] G2[0.08];0.05;0.20;0.02;0.41;0.35;0.25;0.85;0.10;0.2084;0.2448;0
112;112;Agent_6;orders came from the seed rule base (rules as-is);0;0;R7[0.03] R11[0.05] R15[0.19] R20[0.10] R26[0.19] A1[0.08];0.48;0.47;0.19;0.73;0.24;0.20;0.79;0.10;0.2084;0.2448;1
112;112;Agent_7;orders came from the seed rule base (rules as-is);0;0;R7[0.08] R11[0.04] R15[0.19] R20[0.09] R26[0.19] A1[0.08];0.49;0.46;0.21;0.76;0.23;0.19;0.79;0.10;0.2084;0.2448;1
112;112;Agent_8;orders came from the seed rule base (rules as-is);0;0;R20[0.11] R26[0.17] A1[0.22] G2[0.10] G3[0.15] G1[0.09];0.59;0.53;0.00;0.87;0.21;0.00;0.75;0.10;0.2084;0.2448;1
112;112;Agent_9;orders came from the seed rule base (rules as-is);0;0;R7[0.11] R11[0.05] R15[0.16] R20[0.09] R26[0.17] A1[0.11];0.42;0.44;0.19;0.72;0.24;0.17;0.86;0.10;0.2084;0.2448;1
112;112;Agent_10;orders came from the seed rule base (rules as-is);0;0;R7[0.08] R20[0.08] R26[0.16] A1[0.08] G2[0.03] G3[0.08];0.31;0.35;0.05;0.50;0.07;0.00;0.89;0.10;0.2084;0.2448;1
112;112;Agent_11;orders came from the seed rule base (rules as-is);0;0;R7[0.07] R20[0.08] R26[0.17] A1[0.07] G2[0.03] G3[0.07];0.42;0.37;0.04;0.60;0.07;0.00;0.85;0.10;0.2084;0.2448;1
112;112;Agent_12;orders came from the seed rule base (rules as-is);0;0;R20[0.03] R26[0.03] A1[0.11] G2[0.05] G3[0.11] G1[0.06];0.14;0.19;0.00;0.48;0.10;0.00;0.87;0.10;0.2084;0.2448;1
113;113;Agent_1;orders came from the seed rule base (rules as-is);0;0;R11[0.23] R15[0.22] R20[0.13] R26[0.22] A1[0.25] G2[0.25];0.43;0.70;0.15;0.89;0.67;0.40;0.70;0.10;0.2075;0.2419;1
113;113;Agent_2;orders came from the seed rule base (rules as-is);0;0;R11[0.29] R15[0.05] R20[0.04] R26[0.05] A1[0.08] G2[0.08];0.07;0.26;0.04;0.44;0.42;0.33;0.85;0.10;0.2075;0.2419;0
113;113;Agent_3;orders came from the seed rule base (rules as-is);0;0;R7[0.08] R11[0.04] R15[0.04] R20[0.03] R26[0.04] A1[0.08];0.15;0.21;0.08;0.50;0.13;0.07;0.86;0.10;0.2075;0.2419;1
113;113;Agent_4;orders came from the seed rule base (rules as-is);0;0;R20[0.23] R26[0.36] A1[0.44] G2[0.20] G3[0.15] G5[0.23];0.99;0.76;0.00;0.87;0.41;0.00;0.76;0.10;0.2075;0.2419;1
113;113;Agent_5;orders came from the seed rule base (rules as-is);0;0;R11[0.23] R15[0.03] R20[0.03] R26[0.03] A1[0.08] G2[0.08];0.05;0.20;0.02;0.41;0.35;0.25;0.85;0.10;0.2075;0.2419;0
113;113;Agent_6;orders came from the seed rule base (rules as-is);0;0;R7[0.03] R11[0.05] R15[0.19] R20[0.10] R26[0.19] A1[0.08];0.48;0.47;0.18;0.73;0.24;0.20;0.79;0.10;0.2075;0.2419;1
113;113;Agent_7;orders came from the seed rule base (rules as-is);0;0;R7[0.08] R11[0.04] R15[0.19] R20[0.09] R26[0.19] A1[0.08];0.49;0.46;0.21;0.76;0.23;0.19;0.79;0.10;0.2075;0.2419;1
113;113;Agent_8;orders came from the seed rule base (rules as-is);0;0;R20[0.11] R26[0.17] A1[0.22] G2[0.10] G3[0.14] G1[0.09];0.60;0.53;0.00;0.87;0.21;0.00;0.75;0.10;0.2075;0.2419;1
113;113;Agent_9;orders came from the seed rule base (rules as-is);0;0;R7[0.11] R11[0.05] R15[0.16] R20[0.09] R26[0.17] A1[0.11];0.43;0.44;0.19;0.73;0.24;0.17;0.86;0.10;0.2075;0.2419;1
113;113;Agent_10;orders came from the seed rule base (rules as-is);0;0;R7[0.08] R20[0.08] R26[0.17] A1[0.08] G2[0.03] G3[0.08];0.31;0.36;0.05;0.50;0.07;0.00;0.90;0.10;0.2075;0.2419;1
113;113;Agent_11;orders came from the seed rule base (rules as-is);0;0;R7[0.07] R20[0.08] R26[0.17] A1[0.07] G2[0.03] G3[0.07];0.43;0.38;0.04;0.61;0.07;0.00;0.85;0.10;0.2075;0.2419;1
113;113;Agent_12;orders came from the seed rule base (rules as-is);0;0;R20[0.03] R26[0.03] A1[0.11] G2[0.05] G3[0.11] G1[0.06];0.14;0.19;0.00;0.49;0.10;0.00;0.87;0.10;0.2075;0.2419;1
114;114;Agent_1;orders came from the seed rule base (rules as-is);0;0;R11[0.23] R15[0.22] R20[0.13] R26[0.22] A1[0.25] G2[0.25];0.42;0.70;0.15;0.89;0.67;0.40;0.70;0.10;0.2086;0.2428;1
114;114;Agent_2;orders came from the seed rule base (rules as-is);0;0;R11[0.29] R15[0.05] R20[0.04] R26[0.05] A1[0.08] G2[0.08];0.07;0.26;0.04;0.44;0.42;0.33;0.85;0.10;0.2086;0.2428;0
114;114;Agent_3;orders came from the seed rule base (rules as-is);0;0;R7[0.08] R11[0.04] R15[0.04] R20[0.03] R26[0.04] A1[0.08];0.15;0.21;0.08;0.50;0.13;0.07;0.86;0.10;0.2086;0.2428;1
114;114;Agent_4;orders came from the seed rule base (rules as-is);0;0;R20[0.23] R26[0.36] A1[0.44] G2[0.20] G3[0.15] G5[0.23];0.99;0.76;0.00;0.87;0.41;0.00;0.76;0.10;0.2086;0.2428;1
114;114;Agent_5;orders came from the seed rule base (rules as-is);0;0;R11[0.23] R15[0.03] R20[0.03] R26[0.03] A1[0.08] G2[0.08];0.05;0.20;0.02;0.41;0.35;0.25;0.85;0.10;0.2086;0.2428;0
114;114;Agent_6;orders came from the seed rule base (rules as-is);0;0;R7[0.03] R11[0.05] R15[0.19] R20[0.10] R26[0.19] A1[0.08];0.48;0.47;0.18;0.72;0.24;0.20;0.79;0.10;0.2086;0.2428;1
114;114;Agent_7;orders came from the seed rule base (rules as-is);0;0;R7[0.08] R11[0.04] R15[0.19] R20[0.09] R26[0.19] A1[0.08];0.49;0.46;0.21;0.76;0.23;0.19;0.79;0.10;0.2086;0.2428;1
114;114;Agent_8;orders came from the seed rule base (rules as-is);0;0;R20[0.12] R26[0.18] A1[0.22] G2[0.10] G3[0.14] G1[0.08];0.60;0.53;0.00;0.87;0.21;0.00;0.75;0.10;0.2086;0.2428;1
114;114;Agent_9;orders came from the seed rule base (rules as-is);0;0;R7[0.11] R11[0.05] R15[0.16] R20[0.09] R26[0.18] A1[0.11];0.43;0.45;0.19;0.73;0.24;0.17;0.86;0.10;0.2086;0.2428;1
114;114;Agent_10;orders came from the seed rule base (rules as-is);0;0;R7[0.08] R20[0.08] R26[0.17] A1[0.08] G2[0.03] G3[0.08];0.31;0.36;0.05;0.49;0.07;0.00;0.90;0.10;0.2086;0.2428;1
114;114;Agent_11;orders came from the seed rule base (rules as-is);0;0;R7[0.07] R20[0.08] R26[0.18] A1[0.07] G2[0.03] G3[0.07];0.44;0.38;0.04;0.62;0.07;0.00;0.84;0.10;0.2086;0.2428;1
114;114;Agent_12;orders came from the seed rule base (rules as-is);0;0;R20[0.03] R26[0.03] A1[0.11] G2[0.05] G3[0.11] G1[0.06];0.14;0.20;0.00;0.49;0.10;0.00;0.87;0.10;0.2086;0.2428;1
115;115;Agent_1;orders came from the seed rule base (rules as-is);0;0;R11[0.23] R15[0.22] R20[0.13] R26[0.22] A1[0.25] G2[0.25];0.42;0.70;0.15;0.89;0.67;0.40;0.70;0.10;0.2097;0.2390;1
115;115;Agent_2;orders came from the seed rule base (rules as-is);0;0;R11[0.29] R15[0.05] R20[0.04] R26[0.05] A1[0.08] G2[0.08];0.07;0.26;0.04;0.44;0.42;0.33;0.85;0.10;0.2097;0.2390;0
115;115;Agent_3;orders came from the seed rule base (rules as-is);0;0;R7[0.08] R11[0.04] R15[0.04] R20[0.03] R26[0.04] A1[0.08];0.15;0.21;0.08;0.50;0.13;0.07;0.86;0.10;0.2097;0.2390;1
115;115;Agent_4;orders came from the seed rule base (rules as-is);0;0;R20[0.23] R26[0.35] A1[0.44] G2[0.20] G3[0.15] G5[0.23];0.99;0.76;0.00;0.87;0.41;0.00;0.76;0.10;0.2097;0.2390;1
115;115;Agent_5;orders came from the seed rule base (rules as-is);0;0;R11[0.23] R15[0.03] R20[0.03] R26[0.03] A1[0.08] G2[0.08];0.05;0.20;0.02;0.41;0.35;0.25;0.86;0.10;0.2097;0.2390;0
115;115;Agent_6;orders came from the seed rule base (rules as-is);0;0;R7[0.03] R11[0.05] R15[0.19] R20[0.10] R26[0.19] A1[0.08];0.48;0.47;0.18;0.72;0.24;0.20;0.79;0.10;0.2097;0.2390;1
115;115;Agent_7;orders came from the seed rule base (rules as-is);0;0;R7[0.08] R11[0.04] R15[0.19] R20[0.09] R26[0.19] A1[0.08];0.48;0.46;0.21;0.76;0.22;0.19;0.79;0.10;0.2097;0.2390;1
115;115;Agent_8;orders came from the seed rule base (rules as-is);0;0;R20[0.12] R26[0.18] A1[0.22] G2[0.10] G3[0.14] G1[0.08];0.61;0.54;0.00;0.87;0.21;0.00;0.75;0.10;0.2097;0.2390;1
115;115;Agent_9;orders came from the seed rule base (rules as-is);0;0;R7[0.11] R11[0.05] R15[0.16] R20[0.09] R26[0.18] A1[0.11];0.44;0.45;0.19;0.73;0.24;0.17;0.86;0.10;0.2097;0.2390;1
115;115;Agent_10;orders came from the seed rule base (rules as-is);0;0;R7[0.08] R20[0.08] R26[0.18] A1[0.08] G2[0.03] G3[0.08];0.31;0.36;0.05;0.49;0.07;0.00;0.90;0.10;0.2097;0.2390;1
115;115;Agent_11;orders came from the seed rule base (rules as-is);0;0;R7[0.07] R20[0.09] R26[0.18] A1[0.07] G2[0.05] G3[0.07];0.44;0.39;0.04;0.64;0.08;0.00;0.83;0.10;0.2097;0.2390;1
115;115;Agent_12;orders came from the seed rule base (rules as-is);0;0;R20[0.03] R26[0.03] A1[0.11] G2[0.05] G3[0.11] G1[0.06];0.15;0.20;0.00;0.49;0.10;0.00;0.87;0.10;0.2097;0.2390;1
116;116;Agent_1;orders came from the seed rule base (rules as-is);0;0;R11[0.23] R15[0.21] R20[0.13] R26[0.21] A1[0.25] G2[0.25];0.42;0.70;0.15;0.89;0.67;0.40;0.69;0.10;0.2088;0.2345;1
116;116;Agent_2;orders came from the seed rule base (rules as-is);0;0;R11[0.29] R15[0.05] R20[0.04] R26[0.05] A1[0.08] G2[0.08];0.07;0.26;0.03;0.44;0.42;0.33;0.85;0.10;0.2088;0.2345;0
116;116;Agent_3;orders came from the seed rule base (rules as-is);0;0;R7[0.08] R11[0.04] R15[0.04] R20[0.03] R26[0.04] A1[0.08];0.15;0.21;0.08;0.50;0.13;0.07;0.86;0.10;0.2088;0.2345;1
116;116;Agent_4;orders came from the seed rule base (rules as-is);0;0;R20[0.21] R26[0.32] A1[0.44] G2[0.20] G3[0.15] G1[0.01];0.97;0.75;0.00;0.87;0.41;0.00;0.75;0.10;0.2088;0.2345;1
116;116;Agent_5;orders came from the seed rule base (rules as-is);0;0;R11[0.23] R15[0.03] R20[0.03] R26[0.03] A1[0.08] G2[0.08];0.05;0.20;0.02;0.41;0.35;0.25;0.86;0.10;0.2088;0.2345;0
116;116;Agent_6;orders came from the seed rule base (rules as-is);0;0;R7[0.03] R11[0.05] R15[0.19] R20[0.10] R26[0.19] A1[0.08];0.48;0.47;0.18;0.72;0.24;0.20;0.79;0.10;0.2088;0.2345;1
116;116;Agent_7;orders came from the seed rule base (rules as-is);0;0;R7[0.08] R11[0.04] R15[0.19] R20[0.09] R26[0.19] A1[0.08];0.48;0.46;0.21;0.76;0.22;0.19;0.79;0.10;0.2088;0.2345;1
116;116;Agent_8;orders came from the seed rule base (rules as-is);0;0;R20[0.12] R26[0.18] A1[0.22] G2[0.10] G3[0.14] G1[0.08];0.61;0.54;0.00;0.87;0.21;0.00;0.75;0.10;0.2088;0.2345;1
116;116;Agent_9;orders came from the seed rule base (rules as-is);0;0;R7[0.11] R11[0.05] R15[0.16] R20[0.09] R26[0.18] A1[0.11];0.44;0.46;0.19;0.74;0.24;0.17;0.85;0.10;0.2088;0.2345;1
116;116;Agent_10;orders came from the seed rule base (rules as-is);0;0;R7[0.08] R20[0.09] R26[0.18] A1[0.08] G2[0.03] G3[0.08];0.31;0.36;0.05;0.49;0.07;0.00;0.90;0.10;0.2088;0.2345;1
116;116;Agent_11;orders came from the seed rule base (rules as-is);0;0;R7[0.07] R20[0.10] R26[0.18] A1[0.07] G2[0.07] G3[0.07];0.45;0.40;0.04;0.68;0.10;0.00;0.81;0.10;0.2088;0.2345;1
116;116;Agent_12;orders came from the seed rule base (rules as-is);0;0;R20[0.03] R26[0.03] A1[0.11] G2[0.05] G3[0.11] G1[0.06];0.15;0.20;0.00;0.49;0.10;0.00;0.87;0.10;0.2088;0.2345;1
117;117;Agent_1;RL selected stage 1 [evFIS] (deficit bucket: high+gap) → rejected (no improving perturbation found | seed-base decision stands, its orders are applied);1;0;R11[0.23] R15[0.21] R20[0.13] R26[0.21] A1[0.25] G2[0.25];0.42;0.70;0.15;0.89;0.67;0.40;0.69;0.10;0.2083;0.2322;1
117;117;Agent_2;RL selected stage 1 [evFIS] (deficit bucket: high+gap) → rejected (no improving perturbation found | seed-base decision stands, its orders are applied);1;0;R11[0.29] R15[0.05] R20[0.04] R26[0.05] A1[0.08] G2[0.08];0.07;0.26;0.03;0.44;0.42;0.33;0.85;0.10;0.2083;0.2322;0
117;117;Agent_3;RL selected stage 1 [evFIS] (deficit bucket: high+gap) → rejected (no improving perturbation found | seed-base decision stands, its orders are applied);1;0;R7[0.08] R11[0.04] R15[0.04] R20[0.03] R26[0.04] A1[0.08];0.15;0.21;0.08;0.50;0.13;0.06;0.87;0.10;0.2083;0.2322;1
117;117;Agent_4;RL selected stage 1 [evFIS] (deficit bucket: high+gap) → rejected (no improving perturbation found | seed-base decision stands, its orders are applied);1;0;R20[0.22] R26[0.33] A1[0.44] G2[0.20] G3[0.15] G4[0.02];0.98;0.75;0.00;0.87;0.41;0.00;0.75;0.10;0.2083;0.2322;1
117;117;Agent_5;RL selected stage 1 [evFIS] (deficit bucket: high+gap) → rejected (no improving perturbation found | seed-base decision stands, its orders are applied);1;0;R11[0.23] R15[0.03] R20[0.03] R26[0.03] A1[0.08] G2[0.08];0.05;0.20;0.02;0.41;0.35;0.25;0.86;0.10;0.2083;0.2322;0
117;117;Agent_6;RL selected stage 1 [evFIS] (deficit bucket: high+gap) → rejected (no improving perturbation found | seed-base decision stands, its orders are applied);1;0;R7[0.03] R11[0.05] R15[0.19] R20[0.10] R26[0.19] A1[0.08];0.48;0.47;0.18;0.72;0.24;0.20;0.79;0.10;0.2083;0.2322;1
117;117;Agent_7;RL selected stage 1 [evFIS] (deficit bucket: high+gap) → rejected (no improving perturbation found | seed-base decision stands, its orders are applied);1;0;R7[0.08] R11[0.04] R15[0.19] R20[0.09] R26[0.19] A1[0.08];0.48;0.46;0.21;0.76;0.22;0.19;0.79;0.10;0.2083;0.2322;1
117;117;Agent_8;RL selected stage 1 [evFIS] (deficit bucket: high+gap) → rejected (no improving perturbation found | seed-base decision stands, its orders are applied);1;0;R20[0.12] R26[0.18] A1[0.22] G2[0.10] G3[0.14] G1[0.08];0.61;0.54;0.00;0.87;0.21;0.00;0.75;0.10;0.2083;0.2322;1
117;117;Agent_9;RL selected stage 1 [evFIS] (deficit bucket: high+gap) → rejected (no improving perturbation found | seed-base decision stands, its orders are applied);1;0;R7[0.11] R11[0.05] R15[0.16] R20[0.09] R26[0.18] A1[0.11];0.44;0.46;0.19;0.74;0.24;0.17;0.85;0.10;0.2083;0.2322;1
117;117;Agent_10;RL selected stage 1 [evFIS] (deficit bucket: high+gap) → rejected (no improving perturbation found | seed-base decision stands, its orders are applied);1;0;R7[0.08] R20[0.09] R26[0.18] A1[0.08] G2[0.03] G3[0.08];0.31;0.37;0.05;0.48;0.07;0.00;0.90;0.10;0.2083;0.2322;1
117;117;Agent_11;RL selected stage 1 [evFIS] (deficit bucket: high+gap) → rejected (no improving perturbation found | seed-base decision stands, its orders are applied);1;0;R7[0.07] R20[0.11] R26[0.18] A1[0.07] G2[0.07] G3[0.07];0.45;0.42;0.04;0.69;0.10;0.00;0.80;0.10;0.2083;0.2322;1
117;117;Agent_12;RL selected stage 1 [evFIS] (deficit bucket: high+gap) → rejected (no improving perturbation found | seed-base decision stands, its orders are applied);1;0;R20[0.03] R26[0.03] A1[0.11] G2[0.05] G3[0.11] G1[0.07];0.15;0.20;0.00;0.50;0.10;0.00;0.87;0.10;0.2083;0.2322;1
118;118;Agent_1;orders came from the seed rule base (rules as-is);0;0;R11[0.23] R15[0.21] R20[0.13] R26[0.21] A1[0.25] G2[0.25];0.42;0.70;0.15;0.89;0.67;0.40;0.69;0.10;0.2094;0.2282;1
118;118;Agent_2;orders came from the seed rule base (rules as-is);0;0;R11[0.29] R15[0.05] R20[0.04] R26[0.05] A1[0.08] G2[0.08];0.07;0.26;0.03;0.44;0.42;0.33;0.85;0.10;0.2094;0.2282;0
118;118;Agent_3;orders came from the seed rule base (rules as-is);0;0;R7[0.08] R11[0.04] R15[0.04] R20[0.03] R26[0.04] A1[0.08];0.15;0.21;0.08;0.50;0.13;0.06;0.87;0.10;0.2094;0.2282;1
118;118;Agent_4;orders came from the seed rule base (rules as-is);0;0;R20[0.20] R26[0.30] A1[0.44] G2[0.20] G3[0.15] G1[0.02];0.92;0.75;0.00;0.87;0.41;0.00;0.76;0.10;0.2094;0.2282;1
118;118;Agent_5;orders came from the seed rule base (rules as-is);0;0;R11[0.23] R15[0.03] R20[0.03] R26[0.03] A1[0.08] G2[0.08];0.05;0.20;0.02;0.40;0.35;0.25;0.85;0.10;0.2094;0.2282;0
118;118;Agent_6;orders came from the seed rule base (rules as-is);0;0;R7[0.03] R11[0.05] R15[0.19] R20[0.09] R26[0.19] A1[0.08];0.47;0.47;0.18;0.72;0.24;0.20;0.79;0.10;0.2094;0.2282;1
118;118;Agent_7;orders came from the seed rule base (rules as-is);0;0;R7[0.08] R11[0.04] R15[0.19] R20[0.09] R26[0.19] A1[0.08];0.48;0.46;0.21;0.76;0.22;0.19;0.79;0.10;0.2094;0.2282;1
118;118;Agent_8;orders came from the seed rule base (rules as-is);0;0;R20[0.12] R26[0.18] A1[0.22] G2[0.10] G3[0.14] G1[0.08];0.61;0.54;0.00;0.87;0.21;0.00;0.75;0.10;0.2094;0.2282;1
118;118;Agent_9;orders came from the seed rule base (rules as-is);0;0;R7[0.11] R11[0.05] R15[0.16] R20[0.09] R26[0.18] A1[0.11];0.44;0.46;0.19;0.74;0.24;0.17;0.85;0.10;0.2094;0.2282;1
118;118;Agent_10;orders came from the seed rule base (rules as-is);0;0;R7[0.08] R20[0.09] R26[0.18] A1[0.08] G2[0.03] G3[0.08];0.31;0.37;0.05;0.48;0.07;0.00;0.90;0.10;0.2094;0.2282;1
118;118;Agent_11;orders came from the seed rule base (rules as-is);0;0;R7[0.07] R20[0.12] R26[0.18] A1[0.07] G2[0.07] G3[0.07];0.46;0.44;0.04;0.71;0.10;0.00;0.78;0.10;0.2094;0.2282;1
118;118;Agent_12;orders came from the seed rule base (rules as-is);0;0;R20[0.03] R26[0.03] A1[0.11] G2[0.05] G3[0.11] G1[0.07];0.15;0.20;0.00;0.50;0.10;0.00;0.87;0.10;0.2094;0.2282;1
119;119;Agent_1;orders came from the seed rule base (rules as-is);0;0;R11[0.23] R15[0.21] R20[0.13] R26[0.21] A1[0.25] G2[0.25];0.42;0.70;0.15;0.89;0.67;0.39;0.69;0.10;0.2113;0.2281;1
119;119;Agent_2;orders came from the seed rule base (rules as-is);0;0;R11[0.29] R15[0.05] R20[0.04] R26[0.05] A1[0.08] G2[0.08];0.11;0.39;0.03;0.44;0.42;0.33;0.85;0.10;0.2113;0.2281;1
119;119;Agent_3;orders came from the seed rule base (rules as-is);0;0;R7[0.08] R11[0.04] R15[0.04] R20[0.03] R26[0.04] A1[0.08];0.14;0.21;0.08;0.50;0.13;0.06;0.87;0.10;0.2113;0.2281;1
119;119;Agent_4;orders came from the seed rule base (rules as-is);0;0;R20[0.20] R26[0.28] A1[0.44] G2[0.20] G3[0.15] G1[0.03];0.87;0.74;0.00;0.87;0.41;0.00;0.76;0.10;0.2113;0.2281;1
119;119;Agent_5;orders came from the seed rule base (rules as-is);0;0;R11[0.23] R15[0.03] R20[0.03] R26[0.03] A1[0.08] G2[0.08];0.05;0.21;0.02;0.40;0.35;0.25;0.85;0.10;0.2113;0.2281;0
119;119;Agent_6;orders came from the seed rule base (rules as-is);0;0;R7[0.03] R11[0.05] R15[0.19] R20[0.09] R26[0.19] A1[0.08];0.47;0.47;0.18;0.72;0.24;0.20;0.79;0.10;0.2113;0.2281;1
119;119;Agent_7;orders came from the seed rule base (rules as-is);0;0;R7[0.08] R11[0.04] R15[0.19] R20[0.09] R26[0.19] A1[0.08];0.48;0.46;0.21;0.76;0.22;0.19;0.79;0.10;0.2113;0.2281;1
119;119;Agent_8;orders came from the seed rule base (rules as-is);0;0;R20[0.12] R26[0.18] A1[0.22] G2[0.10] G3[0.14] G1[0.08];0.61;0.54;0.00;0.87;0.21;0.00;0.75;0.10;0.2113;0.2281;1
119;119;Agent_9;orders came from the seed rule base (rules as-is);0;0;R7[0.11] R11[0.05] R15[0.16] R20[0.09] R26[0.18] A1[0.11];0.44;0.46;0.19;0.74;0.24;0.17;0.85;0.10;0.2113;0.2281;1
119;119;Agent_10;orders came from the seed rule base (rules as-is);0;0;R7[0.08] R20[0.09] R26[0.18] A1[0.08] G2[0.03] G3[0.08];0.31;0.37;0.05;0.48;0.07;0.00;0.90;0.10;0.2113;0.2281;1
119;119;Agent_11;orders came from the seed rule base (rules as-is);0;0;R7[0.07] R20[0.13] R26[0.18] A1[0.07] G2[0.07] G3[0.07];0.46;0.46;0.04;0.72;0.10;0.00;0.77;0.10;0.2113;0.2281;1
119;119;Agent_12;orders came from the seed rule base (rules as-is);0;0;R20[0.03] R26[0.03] A1[0.11] G2[0.05] G3[0.11] G1[0.07];0.15;0.20;0.00;0.50;0.10;0.00;0.87;0.10;0.2113;0.2281;1
120;120;Agent_1;orders came from the seed rule base (rules as-is);0;0;R11[0.23] R15[0.21] R20[0.13] R26[0.21] A1[0.25] G2[0.25];0.41;0.70;0.15;0.89;0.67;0.39;0.69;0.09;0.2116;0.2246;1
120;120;Agent_2;orders came from the seed rule base (rules as-is);0;0;R11[0.29] R15[0.05] R20[0.04] R26[0.05] A1[0.08] G2[0.08];0.11;0.39;0.03;0.43;0.42;0.33;0.85;0.09;0.2116;0.2246;1
120;120;Agent_3;orders came from the seed rule base (rules as-is);0;0;R7[0.08] R11[0.04] R15[0.04] R20[0.03] R26[0.04] A1[0.08];0.14;0.21;0.08;0.49;0.13;0.06;0.87;0.09;0.2116;0.2246;1
120;120;Agent_4;orders came from the seed rule base (rules as-is);0;0;R20[0.19] R26[0.26] A1[0.43] G2[0.20] G3[0.16] G1[0.03];0.82;0.74;0.00;0.87;0.40;0.00;0.77;0.09;0.2116;0.2246;1
120;120;Agent_5;orders came from the seed rule base (rules as-is);0;0;R11[0.23] R15[0.03] R20[0.03] R26[0.03] A1[0.08] G2[0.08];0.05;0.21;0.02;0.40;0.35;0.25;0.86;0.09;0.2116;0.2246;0
120;120;Agent_6;orders came from the seed rule base (rules as-is);0;0;R7[0.03] R11[0.05] R15[0.19] R20[0.09] R26[0.19] A1[0.08];0.47;0.46;0.18;0.72;0.24;0.20;0.79;0.09;0.2116;0.2246;1
120;120;Agent_7;orders came from the seed rule base (rules as-is);0;0;R7[0.08] R11[0.04] R15[0.19] R20[0.09] R26[0.19] A1[0.08];0.48;0.46;0.21;0.76;0.22;0.19;0.79;0.09;0.2116;0.2246;1
120;120;Agent_8;orders came from the seed rule base (rules as-is);0;0;R20[0.12] R26[0.18] A1[0.22] G2[0.10] G3[0.14] G1[0.08];0.61;0.54;0.00;0.87;0.21;0.00;0.75;0.09;0.2116;0.2246;1
120;120;Agent_9;orders came from the seed rule base (rules as-is);0;0;R7[0.11] R11[0.05] R15[0.16] R20[0.09] R26[0.18] A1[0.11];0.45;0.46;0.19;0.74;0.24;0.17;0.85;0.09;0.2116;0.2246;1
120;120;Agent_10;orders came from the seed rule base (rules as-is);0;0;R7[0.08] R20[0.09] R26[0.18] A1[0.08] G2[0.03] G3[0.08];0.31;0.37;0.05;0.48;0.07;0.00;0.90;0.09;0.2116;0.2246;1
120;120;Agent_11;orders came from the seed rule base (rules as-is);0;0;R7[0.07] R20[0.15] R26[0.18] A1[0.07] G2[0.07] G3[0.07];0.46;0.49;0.04;0.74;0.10;0.00;0.76;0.09;0.2116;0.2246;1
120;120;Agent_12;orders came from the seed rule base (rules as-is);0;0;R20[0.03] R26[0.03] A1[0.11] G2[0.05] G3[0.11] G1[0.07];0.15;0.20;0.00;0.50;0.10;0.00;0.88;0.09;0.2116;0.2246;1
121;121;Agent_1;orders came from the seed rule base (rules as-is);0;0;R11[0.23] R15[0.21] R20[0.13] R26[0.21] A1[0.25] G2[0.25];0.41;0.70;0.15;0.89;0.67;0.39;0.69;0.09;0.2122;0.2233;1
121;121;Agent_2;orders came from the seed rule base (rules as-is);0;0;R11[0.29] R15[0.05] R20[0.04] R26[0.05] A1[0.08] G2[0.08];0.11;0.39;0.03;0.43;0.42;0.33;0.85;0.09;0.2122;0.2233;1
121;121;Agent_3;orders came from the seed rule base (rules as-is);0;0;R7[0.08] R11[0.04] R15[0.04] R20[0.03] R26[0.04] A1[0.08];0.14;0.21;0.08;0.49;0.13;0.06;0.87;0.09;0.2122;0.2233;1
121;121;Agent_4;orders came from the seed rule base (rules as-is);0;0;R20[0.18] R26[0.25] A1[0.43] G2[0.19] G3[0.16] G1[0.04];0.79;0.73;0.00;0.87;0.40;0.00;0.77;0.09;0.2122;0.2233;1
121;121;Agent_5;orders came from the seed rule base (rules as-is);0;0;R11[0.23] R15[0.03] R20[0.03] R26[0.03] A1[0.08] G2[0.08];0.05;0.21;0.02;0.40;0.35;0.25;0.86;0.09;0.2122;0.2233;0
121;121;Agent_6;orders came from the seed rule base (rules as-is);0;0;R7[0.03] R11[0.05] R15[0.19] R20[0.09] R26[0.19] A1[0.08];0.47;0.46;0.18;0.72;0.24;0.20;0.79;0.09;0.2122;0.2233;1
121;121;Agent_7;orders came from the seed rule base (rules as-is);0;0;R7[0.08] R11[0.04] R15[0.19] R20[0.09] R26[0.19] A1[0.08];0.47;0.45;0.21;0.76;0.22;0.19;0.79;0.09;0.2122;0.2233;1
121;121;Agent_8;orders came from the seed rule base (rules as-is);0;0;R20[0.12] R26[0.18] A1[0.22] G2[0.10] G3[0.14] G1[0.08];0.61;0.54;0.00;0.87;0.21;0.00;0.75;0.09;0.2122;0.2233;1
121;121;Agent_9;orders came from the seed rule base (rules as-is);0;0;R7[0.11] R11[0.05] R15[0.16] R20[0.09] R26[0.18] A1[0.11];0.45;0.46;0.19;0.74;0.24;0.17;0.85;0.09;0.2122;0.2233;1
121;121;Agent_10;orders came from the seed rule base (rules as-is);0;0;R7[0.08] R20[0.09] R26[0.18] A1[0.08] G2[0.03] G3[0.08];0.31;0.37;0.05;0.48;0.07;0.00;0.90;0.09;0.2122;0.2233;1
121;121;Agent_11;orders came from the seed rule base (rules as-is);0;0;R7[0.07] R20[0.16] R26[0.18] A1[0.07] G2[0.07] G3[0.07];0.47;0.51;0.04;0.75;0.10;0.00;0.75;0.09;0.2122;0.2233;1
121;121;Agent_12;orders came from the seed rule base (rules as-is);0;0;R20[0.03] R26[0.03] A1[0.11] G2[0.05] G3[0.11] G1[0.07];0.15;0.20;0.00;0.50;0.10;0.00;0.88;0.09;0.2122;0.2233;1
122;122;Agent_1;orders came from the seed rule base (rules as-is);0;0;R11[0.23] R15[0.21] R20[0.13] R26[0.21] A1[0.25] G2[0.25];0.41;0.70;0.15;0.89;0.67;0.39;0.69;0.09;0.2089;0.2199;1
122;122;Agent_2;orders came from the seed rule base (rules as-is);0;0;R11[0.29] R15[0.05] R20[0.04] R26[0.05] A1[0.08] G2[0.08];0.10;0.39;0.03;0.43;0.42;0.33;0.85;0.09;0.2089;0.2199;1
122;122;Agent_3;orders came from the seed rule base (rules as-is);0;0;R7[0.08] R11[0.04] R15[0.04] R20[0.03] R26[0.04] A1[0.08];0.14;0.21;0.08;0.49;0.13;0.06;0.87;0.09;0.2089;0.2199;1
122;122;Agent_4;orders came from the seed rule base (rules as-is);0;0;R20[0.18] R26[0.24] A1[0.43] G2[0.19] G3[0.16] G1[0.04];0.76;0.71;0.00;0.88;0.40;0.00;0.78;0.09;0.2089;0.2199;1
122;122;Agent_5;orders came from the seed rule base (rules as-is);0;0;R11[0.23] R15[0.03] R20[0.03] R26[0.03] A1[0.08] G2[0.08];0.05;0.21;0.02;0.40;0.35;0.25;0.86;0.09;0.2089;0.2199;0
122;122;Agent_6;orders came from the seed rule base (rules as-is);0;0;R7[0.03] R11[0.05] R15[0.19] R20[0.09] R26[0.19] A1[0.08];0.47;0.46;0.18;0.72;0.24;0.20;0.79;0.09;0.2089;0.2199;1
122;122;Agent_7;orders came from the seed rule base (rules as-is);0;0;R7[0.08] R11[0.04] R15[0.19] R20[0.09] R26[0.19] A1[0.08];0.47;0.45;0.21;0.76;0.22;0.18;0.79;0.09;0.2089;0.2199;1
122;122;Agent_8;orders came from the seed rule base (rules as-is);0;0;R20[0.12] R26[0.18] A1[0.22] G2[0.10] G3[0.14] G1[0.08];0.61;0.53;0.00;0.87;0.21;0.00;0.75;0.09;0.2089;0.2199;1
122;122;Agent_9;orders came from the seed rule base (rules as-is);0;0;R7[0.11] R11[0.05] R15[0.16] R20[0.09] R26[0.18] A1[0.11];0.44;0.46;0.19;0.74;0.24;0.17;0.85;0.09;0.2089;0.2199;1
122;122;Agent_10;orders came from the seed rule base (rules as-is);0;0;R7[0.08] R20[0.09] R26[0.18] A1[0.08] G2[0.03] G3[0.08];0.31;0.37;0.05;0.48;0.07;0.00;0.90;0.09;0.2089;0.2199;1
122;122;Agent_11;orders came from the seed rule base (rules as-is);0;0;R7[0.07] R20[0.17] R26[0.18] A1[0.07] G2[0.07] G3[0.07];0.47;0.52;0.04;0.76;0.10;0.00;0.75;0.09;0.2089;0.2199;1
122;122;Agent_12;orders came from the seed rule base (rules as-is);0;0;R20[0.04] R26[0.06] A1[0.11] G2[0.05] G3[0.11] G1[0.06];0.22;0.24;0.00;0.55;0.10;0.00;0.88;0.09;0.2089;0.2199;1
123;123;Agent_1;orders came from the seed rule base (rules as-is);0;0;R11[0.23] R15[0.21] R20[0.13] R26[0.21] A1[0.25] G2[0.25];0.41;0.70;0.15;0.89;0.67;0.39;0.69;0.09;0.2093;0.2223;1
123;123;Agent_2;orders came from the seed rule base (rules as-is);0;0;R11[0.29] R15[0.05] R20[0.04] R26[0.05] A1[0.08] G2[0.08];0.10;0.39;0.03;0.43;0.42;0.33;0.85;0.09;0.2093;0.2223;1
123;123;Agent_3;orders came from the seed rule base (rules as-is);0;0;R7[0.08] R11[0.04] R15[0.04] R20[0.03] R26[0.04] A1[0.08];0.14;0.21;0.08;0.49;0.13;0.06;0.87;0.09;0.2093;0.2223;1
123;123;Agent_4;orders came from the seed rule base (rules as-is);0;0;R20[0.17] R26[0.23] A1[0.43] G2[0.19] G3[0.16] G1[0.05];0.74;0.70;0.00;0.88;0.40;0.00;0.79;0.09;0.2093;0.2223;1
123;123;Agent_5;orders came from the seed rule base (rules as-is);0;0;R11[0.23] R15[0.03] R20[0.03] R26[0.03] A1[0.08] G2[0.08];0.05;0.21;0.02;0.40;0.35;0.25;0.86;0.09;0.2093;0.2223;0
123;123;Agent_6;orders came from the seed rule base (rules as-is);0;0;R7[0.03] R11[0.05] R15[0.19] R20[0.09] R26[0.19] A1[0.08];0.47;0.46;0.18;0.72;0.24;0.19;0.79;0.09;0.2093;0.2223;1
123;123;Agent_7;orders came from the seed rule base (rules as-is);0;0;R7[0.08] R11[0.04] R15[0.19] R20[0.09] R26[0.19] A1[0.08];0.47;0.45;0.21;0.75;0.22;0.18;0.79;0.09;0.2093;0.2223;1
123;123;Agent_8;orders came from the seed rule base (rules as-is);0;0;R20[0.12] R26[0.18] A1[0.22] G2[0.10] G3[0.14] G1[0.08];0.61;0.53;0.00;0.87;0.21;0.00;0.75;0.09;0.2093;0.2223;1
123;123;Agent_9;orders came from the seed rule base (rules as-is);0;0;R7[0.11] R11[0.05] R15[0.16] R20[0.09] R26[0.18] A1[0.11];0.44;0.46;0.19;0.74;0.24;0.17;0.85;0.09;0.2093;0.2223;1
123;123;Agent_10;orders came from the seed rule base (rules as-is);0;0;R7[0.08] R20[0.09] R26[0.18] A1[0.08] G2[0.03] G3[0.08];0.31;0.37;0.05;0.47;0.07;0.00;0.90;0.09;0.2093;0.2223;1
123;123;Agent_11;orders came from the seed rule base (rules as-is);0;0;R7[0.07] R20[0.18] R26[0.18] A1[0.07] G2[0.07] G3[0.07];0.47;0.53;0.04;0.77;0.10;0.00;0.75;0.09;0.2093;0.2223;1
123;123;Agent_12;orders came from the seed rule base (rules as-is);0;0;R20[0.05] R26[0.08] A1[0.11] G2[0.05] G3[0.11] G1[0.05];0.29;0.28;0.00;0.60;0.10;0.00;0.89;0.09;0.2093;0.2223;1
124;124;Agent_1;orders came from the seed rule base (rules as-is);0;0;R11[0.23] R15[0.21] R20[0.13] R26[0.21] A1[0.25] G2[0.25];0.41;0.70;0.14;0.89;0.67;0.39;0.69;0.09;0.2088;0.2188;1
124;124;Agent_2;orders came from the seed rule base (rules as-is);0;0;R11[0.29] R15[0.05] R20[0.04] R26[0.05] A1[0.08] G2[0.08];0.10;0.39;0.03;0.43;0.42;0.33;0.85;0.09;0.2088;0.2188;1
124;124;Agent_3;orders came from the seed rule base (rules as-is);0;0;R7[0.08] R11[0.04] R15[0.04] R20[0.03] R26[0.04] A1[0.08];0.14;0.21;0.08;0.49;0.13;0.06;0.87;0.09;0.2088;0.2188;1
124;124;Agent_4;orders came from the seed rule base (rules as-is);0;0;R20[0.17] R26[0.22] A1[0.43] G2[0.19] G3[0.16] G1[0.05];0.72;0.68;0.00;0.88;0.40;0.00;0.79;0.09;0.2088;0.2188;1
124;124;Agent_5;orders came from the seed rule base (rules as-is);0;0;R11[0.23] R15[0.03] R20[0.03] R26[0.03] A1[0.08] G2[0.08];0.05;0.21;0.02;0.40;0.35;0.25;0.86;0.09;0.2088;0.2188;0
124;124;Agent_6;orders came from the seed rule base (rules as-is);0;0;R7[0.03] R11[0.05] R15[0.18] R20[0.09] R26[0.18] A1[0.08];0.47;0.46;0.18;0.72;0.24;0.19;0.79;0.09;0.2088;0.2188;1
124;124;Agent_7;orders came from the seed rule base (rules as-is);0;0;R7[0.08] R11[0.04] R15[0.18] R20[0.09] R26[0.18] A1[0.08];0.47;0.45;0.21;0.75;0.22;0.18;0.79;0.09;0.2088;0.2188;1
124;124;Agent_8;orders came from the seed rule base (rules as-is);0;0;R20[0.12] R26[0.18] A1[0.22] G2[0.10] G3[0.14] G1[0.08];0.61;0.53;0.00;0.87;0.21;0.00;0.75;0.09;0.2088;0.2188;1
124;124;Agent_9;orders came from the seed rule base (rules as-is);0;0;R7[0.11] R11[0.05] R15[0.16] R20[0.09] R26[0.18] A1[0.11];0.44;0.46;0.19;0.74;0.24;0.17;0.85;0.09;0.2088;0.2188;1
124;124;Agent_10;orders came from the seed rule base (rules as-is);0;0;R7[0.08] R20[0.09] R26[0.18] A1[0.08] G2[0.03] G3[0.08];0.31;0.37;0.05;0.47;0.07;0.00;0.90;0.09;0.2088;0.2188;1
124;124;Agent_11;orders came from the seed rule base (rules as-is);0;0;R7[0.07] R20[0.18] R26[0.18] A1[0.07] G2[0.07] G3[0.07];0.47;0.54;0.04;0.78;0.10;0.00;0.74;0.09;0.2088;0.2188;1
124;124;Agent_12;orders came from the seed rule base (rules as-is);0;0;R20[0.06] R26[0.10] A1[0.11] G2[0.05] G3[0.11] G1[0.05];0.35;0.31;0.00;0.65;0.10;0.00;0.87;0.09;0.2088;0.2188;1
125;125;Agent_1;orders came from the seed rule base (rules as-is);0;0;R11[0.23] R15[0.21] R20[0.13] R26[0.21] A1[0.25] G2[0.25];0.41;0.70;0.14;0.89;0.67;0.39;0.69;0.09;0.2078;0.2217;1
125;125;Agent_2;orders came from the seed rule base (rules as-is);0;0;R11[0.29] R15[0.05] R20[0.04] R26[0.05] A1[0.08] G2[0.08];0.10;0.39;0.03;0.43;0.42;0.33;0.85;0.09;0.2078;0.2217;1
125;125;Agent_3;orders came from the seed rule base (rules as-is);0;0;R7[0.08] R11[0.04] R15[0.04] R20[0.03] R26[0.04] A1[0.08];0.14;0.21;0.08;0.49;0.13;0.06;0.87;0.09;0.2078;0.2217;1
125;125;Agent_4;orders came from the seed rule base (rules as-is);0;0;R20[0.17] R26[0.21] A1[0.43] G2[0.19] G3[0.16] G1[0.05];0.70;0.67;0.00;0.88;0.40;0.00;0.80;0.09;0.2078;0.2217;1
125;125;Agent_5;orders came from the seed rule base (rules as-is);0;0;R11[0.23] R15[0.03] R20[0.03] R26[0.03] A1[0.08] G2[0.08];0.05;0.21;0.02;0.40;0.35;0.25;0.86;0.09;0.2078;0.2217;0
125;125;Agent_6;orders came from the seed rule base (rules as-is);0;0;R7[0.03] R11[0.05] R15[0.18] R20[0.09] R26[0.18] A1[0.08];0.46;0.46;0.18;0.71;0.24;0.19;0.79;0.09;0.2078;0.2217;1
125;125;Agent_7;orders came from the seed rule base (rules as-is);0;0;R7[0.08] R11[0.04] R15[0.18] R20[0.09] R26[0.18] A1[0.08];0.47;0.45;0.21;0.75;0.22;0.18;0.80;0.09;0.2078;0.2217;1
125;125;Agent_8;orders came from the seed rule base (rules as-is);0;0;R20[0.12] R26[0.18] A1[0.22] G2[0.10] G3[0.13] G1[0.08];0.61;0.53;0.00;0.87;0.21;0.00;0.75;0.09;0.2078;0.2217;1
125;125;Agent_9;orders came from the seed rule base (rules as-is);0;0;R7[0.11] R11[0.05] R15[0.16] R20[0.09] R26[0.18] A1[0.11];0.44;0.46;0.19;0.74;0.24;0.17;0.85;0.09;0.2078;0.2217;1
125;125;Agent_10;orders came from the seed rule base (rules as-is);0;0;R7[0.08] R20[0.09] R26[0.18] A1[0.08] G2[0.03] G3[0.08];0.31;0.37;0.05;0.47;0.07;0.00;0.90;0.09;0.2078;0.2217;1
125;125;Agent_11;orders came from the seed rule base (rules as-is);0;0;R7[0.07] R20[0.19] R26[0.18] A1[0.07] G2[0.07] G3[0.07];0.47;0.55;0.04;0.79;0.10;0.00;0.74;0.09;0.2078;0.2217;1
125;125;Agent_12;orders came from the seed rule base (rules as-is);0;0;R20[0.07] R26[0.11] A1[0.11] G2[0.05] G3[0.11] G1[0.05];0.39;0.33;0.00;0.68;0.10;0.00;0.84;0.09;0.2078;0.2217;1
126;126;Agent_1;orders came from the seed rule base (rules as-is);0;0;R11[0.23] R15[0.21] R20[0.13] R26[0.21] A1[0.25] G2[0.25];0.41;0.70;0.14;0.89;0.67;0.39;0.69;0.09;0.2099;0.2143;1
126;126;Agent_2;orders came from the seed rule base (rules as-is);0;0;R11[0.29] R15[0.05] R20[0.04] R26[0.05] A1[0.08] G2[0.08];0.10;0.39;0.03;0.43;0.42;0.33;0.85;0.09;0.2099;0.2143;1
126;126;Agent_3;orders came from the seed rule base (rules as-is);0;0;R7[0.08] R11[0.04] R15[0.04] R20[0.03] R26[0.04] A1[0.08];0.14;0.20;0.08;0.49;0.13;0.06;0.87;0.09;0.2099;0.2143;1
126;126;Agent_4;orders came from the seed rule base (rules as-is);0;0;R20[0.16] R26[0.21] A1[0.43] G2[0.19] G3[0.16] G1[0.05];0.68;0.66;0.00;0.88;0.40;0.00;0.80;0.09;0.2099;0.2143;1
126;126;Agent_5;orders came from the seed rule base (rules as-is);0;0;R11[0.23] R15[0.03] R20[0.03] R26[0.03] A1[0.08] G2[0.08];0.05;0.21;0.02;0.40;0.35;0.25;0.86;0.09;0.2099;0.2143;0
126;126;Agent_6;orders came from the seed rule base (rules as-is);0;0;R7[0.03] R11[0.05] R15[0.18] R20[0.09] R26[0.18] A1[0.08];0.46;0.46;0.18;0.71;0.24;0.19;0.79;0.09;0.2099;0.2143;1
126;126;Agent_7;orders came from the seed rule base (rules as-is);0;0;R7[0.08] R11[0.04] R15[0.18] R20[0.09] R26[0.18] A1[0.08];0.47;0.45;0.20;0.75;0.22;0.18;0.80;0.09;0.2099;0.2143;1
126;126;Agent_8;orders came from the seed rule base (rules as-is);0;0;R20[0.12] R26[0.18] A1[0.22] G2[0.10] G3[0.13] G1[0.08];0.61;0.53;0.00;0.87;0.21;0.00;0.75;0.09;0.2099;0.2143;1
126;126;Agent_9;orders came from the seed rule base (rules as-is);0;0;R7[0.11] R11[0.05] R15[0.16] R20[0.09] R26[0.18] A1[0.11];0.44;0.46;0.19;0.74;0.24;0.17;0.85;0.09;0.2099;0.2143;1
126;126;Agent_10;orders came from the seed rule base (rules as-is);0;0;R7[0.08] R20[0.09] R26[0.18] A1[0.08] G2[0.03] G3[0.08];0.31;0.37;0.05;0.47;0.07;0.00;0.90;0.09;0.2099;0.2143;1
126;126;Agent_11;orders came from the seed rule base (rules as-is);0;0;R7[0.07] R20[0.19] R26[0.18] A1[0.07] G2[0.07] G3[0.07];0.47;0.56;0.04;0.79;0.10;0.00;0.74;0.09;0.2099;0.2143;1
126;126;Agent_12;orders came from the seed rule base (rules as-is);0;0;R20[0.07] R26[0.12] A1[0.11] G2[0.05] G3[0.11] G1[0.05];0.41;0.36;0.00;0.70;0.10;0.00;0.83;0.09;0.2099;0.2143;1
127;127;Agent_1;RL selected stage 1 [evFIS] (deficit bucket: high+gap) → rejected (no improving perturbation found | seed-base decision stands, its orders are applied);1;0;R11[0.23] R15[0.21] R20[0.13] R26[0.21] A1[0.25] G2[0.25];0.40;0.70;0.14;0.89;0.67;0.39;0.69;0.09;0.2050;0.2171;1
127;127;Agent_2;RL selected stage 1 [evFIS] (deficit bucket: high+gap) → rejected (no improving perturbation found | seed-base decision stands, its orders are applied);1;0;R11[0.29] R15[0.05] R20[0.03] R26[0.05] A1[0.08] G2[0.08];0.10;0.39;0.03;0.43;0.42;0.33;0.85;0.09;0.2050;0.2171;1
127;127;Agent_3;RL selected stage 1 [evFIS] (deficit bucket: high+gap) → rejected (no improving perturbation found | seed-base decision stands, its orders are applied);1;0;R7[0.08] R11[0.04] R15[0.03] R20[0.03] R26[0.03] A1[0.08];0.14;0.20;0.08;0.49;0.13;0.06;0.87;0.09;0.2050;0.2171;1
127;127;Agent_4;RL selected stage 1 [evFIS] (deficit bucket: high+gap) → rejected (no improving perturbation found | seed-base decision stands, its orders are applied);1;0;R20[0.16] R26[0.20] A1[0.43] G2[0.19] G3[0.16] G1[0.05];0.67;0.65;0.00;0.88;0.40;0.00;0.80;0.09;0.2050;0.2171;1
127;127;Agent_5;RL selected stage 1 [evFIS] (deficit bucket: high+gap) → rejected (no improving perturbation found | seed-base decision stands, its orders are applied);1;0;R11[0.23] R15[0.03] R20[0.03] R26[0.03] A1[0.08] G2[0.08];0.05;0.21;0.02;0.40;0.35;0.25;0.86;0.09;0.2050;0.2171;0
127;127;Agent_6;RL selected stage 1 [evFIS] (deficit bucket: high+gap) → rejected (no improving perturbation found | seed-base decision stands, its orders are applied);1;0;R7[0.03] R11[0.05] R15[0.18] R20[0.09] R26[0.18] A1[0.08];0.46;0.46;0.18;0.71;0.24;0.19;0.79;0.09;0.2050;0.2171;1
127;127;Agent_7;RL selected stage 1 [evFIS] (deficit bucket: high+gap) → rejected (no improving perturbation found | seed-base decision stands, its orders are applied);1;0;R7[0.08] R11[0.04] R15[0.18] R20[0.09] R26[0.18] A1[0.08];0.47;0.45;0.20;0.75;0.22;0.18;0.80;0.09;0.2050;0.2171;1
127;127;Agent_8;RL selected stage 1 [evFIS] (deficit bucket: high+gap) → rejected (no improving perturbation found | seed-base decision stands, its orders are applied);1;0;R20[0.12] R26[0.18] A1[0.22] G2[0.10] G3[0.13] G1[0.07];0.60;0.53;0.00;0.87;0.21;0.00;0.75;0.09;0.2050;0.2171;1
127;127;Agent_9;RL selected stage 1 [evFIS] (deficit bucket: high+gap) → rejected (no improving perturbation found | seed-base decision stands, its orders are applied);1;0;R7[0.11] R11[0.05] R15[0.16] R20[0.09] R26[0.18] A1[0.11];0.44;0.46;0.19;0.73;0.24;0.17;0.85;0.09;0.2050;0.2171;1
127;127;Agent_10;RL selected stage 1 [evFIS] (deficit bucket: high+gap) → rejected (no improving perturbation found | seed-base decision stands, its orders are applied);1;0;R7[0.08] R20[0.09] R26[0.18] A1[0.08] G2[0.03] G3[0.08];0.31;0.37;0.05;0.47;0.07;0.00;0.90;0.09;0.2050;0.2171;1
127;127;Agent_11;RL selected stage 1 [evFIS] (deficit bucket: high+gap) → rejected (no improving perturbation found | seed-base decision stands, its orders are applied);1;0;R7[0.07] R20[0.20] R26[0.18] A1[0.07] G2[0.07] G3[0.07];0.47;0.56;0.04;0.80;0.10;0.00;0.73;0.09;0.2050;0.2171;1
127;127;Agent_12;RL selected stage 1 [evFIS] (deficit bucket: high+gap) → rejected (no improving perturbation found | seed-base decision stands, its orders are applied);1;0;R20[0.08] R26[0.13] A1[0.11] G2[0.05] G3[0.11] G1[0.06];0.43;0.37;0.00;0.72;0.10;0.00;0.81;0.09;0.2050;0.2171;1
128;128;Agent_1;orders came from the seed rule base (rules as-is);0;0;R11[0.23] R15[0.20] R20[0.13] R26[0.20] A1[0.25] G2[0.25];0.40;0.70;0.14;0.89;0.67;0.39;0.69;0.09;0.2048;0.2215;1
128;128;Agent_2;orders came from the seed rule base (rules as-is);0;0;R11[0.29] R15[0.05] R20[0.03] R26[0.05] A1[0.08] G2[0.08];0.10;0.39;0.03;0.43;0.42;0.33;0.85;0.09;0.2048;0.2215;1
128;128;Agent_3;orders came from the seed rule base (rules as-is);0;0;R7[0.08] R11[0.04] R15[0.03] R20[0.03] R26[0.03] A1[0.08];0.14;0.20;0.08;0.49;0.13;0.06;0.87;0.09;0.2048;0.2215;1
128;128;Agent_4;orders came from the seed rule base (rules as-is);0;0;R20[0.16] R26[0.20] A1[0.42] G2[0.19] G3[0.16] G1[0.05];0.66;0.65;0.00;0.88;0.40;0.00;0.80;0.09;0.2048;0.2215;1
128;128;Agent_5;orders came from the seed rule base (rules as-is);0;0;R11[0.23] R15[0.03] R20[0.03] R26[0.03] A1[0.08] G2[0.08];0.05;0.21;0.02;0.40;0.35;0.25;0.86;0.09;0.2048;0.2215;0
128;128;Agent_6;orders came from the seed rule base (rules as-is);0;0;R7[0.03] R11[0.05] R15[0.18] R20[0.09] R26[0.18] A1[0.08];0.46;0.45;0.18;0.71;0.24;0.19;0.79;0.09;0.2048;0.2215;1
128;128;Agent_7;orders came from the seed rule base (rules as-is);0;0;R7[0.08] R11[0.04] R15[0.18] R20[0.09] R26[0.18] A1[0.08];0.46;0.45;0.20;0.75;0.22;0.18;0.80;0.09;0.2048;0.2215;1
128;128;Agent_8;orders came from the seed rule base (rules as-is);0;0;R20[0.11] R26[0.18] A1[0.22] G2[0.10] G3[0.13] G1[0.07];0.60;0.52;0.00;0.87;0.21;0.00;0.75;0.09;0.2048;0.2215;1
128;128;Agent_9;orders came from the seed rule base (rules as-is);0;0;R7[0.11] R11[0.05] R15[0.16] R20[0.09] R26[0.18] A1[0.11];0.44;0.46;0.19;0.73;0.24;0.17;0.85;0.09;0.2048;0.2215;1
128;128;Agent_10;orders came from the seed rule base (rules as-is);0;0;R7[0.08] R20[0.09] R26[0.18] A1[0.08] G2[0.03] G3[0.08];0.31;0.37;0.05;0.47;0.07;0.00;0.90;0.09;0.2048;0.2215;1
128;128;Agent_11;orders came from the seed rule base (rules as-is);0;0;R7[0.07] R20[0.20] R26[0.18] A1[0.07] G2[0.07] G3[0.07];0.47;0.57;0.04;0.80;0.10;0.00;0.73;0.09;0.2048;0.2215;1
128;128;Agent_12;orders came from the seed rule base (rules as-is);0;0;R20[0.08] R26[0.14] A1[0.11] G2[0.09] G3[0.11] G1[0.06];0.45;0.40;0.00;0.79;0.13;0.00;0.78;0.09;0.2048;0.2215;1
129;129;Agent_1;orders came from the seed rule base (rules as-is);0;0;R11[0.23] R15[0.20] R20[0.13] R26[0.20] A1[0.25] G2[0.25];0.40;0.70;0.14;0.89;0.67;0.39;0.69;0.09;0.2005;0.2220;1
129;129;Agent_2;orders came from the seed rule base (rules as-is);0;0;R11[0.29] R15[0.05] R20[0.03] R26[0.05] A1[0.08] G2[0.08];0.10;0.39;0.03;0.43;0.42;0.33;0.85;0.09;0.2005;0.2220;1
129;129;Agent_3;orders came from the seed rule base (rules as-is);0;0;R7[0.08] R11[0.04] R15[0.03] R20[0.03] R26[0.03] A1[0.08];0.14;0.20;0.08;0.49;0.13;0.06;0.87;0.09;0.2005;0.2220;1
129;129;Agent_4;orders came from the seed rule base (rules as-is);0;0;R20[0.16] R26[0.20] A1[0.42] G2[0.19] G3[0.16] G1[0.06];0.65;0.64;0.00;0.88;0.39;0.00;0.81;0.09;0.2005;0.2220;1
129;129;Agent_5;orders came from the seed rule base (rules as-is);0;0;R11[0.23] R15[0.03] R20[0.03] R26[0.03] A1[0.08] G2[0.08];0.05;0.21;0.02;0.40;0.35;0.25;0.86;0.09;0.2005;0.2220;0
129;129;Agent_6;orders came from the seed rule base (rules as-is);0;0;R7[0.03] R11[0.05] R15[0.18] R20[0.09] R26[0.18] A1[0.08];0.46;0.45;0.17;0.71;0.24;0.19;0.79;0.09;0.2005;0.2220;1
129;129;Agent_7;orders came from the seed rule base (rules as-is);0;0;R7[0.08] R11[0.04] R15[0.18] R20[0.09] R26[0.18] A1[0.08];0.46;0.44;0.20;0.75;0.22;0.18;0.80;0.09;0.2005;0.2220;1
129;129;Agent_8;orders came from the seed rule base (rules as-is);0;0;R20[0.11] R26[0.18] A1[0.22] G2[0.10] G3[0.13] G1[0.07];0.60;0.52;0.00;0.87;0.21;0.00;0.75;0.09;0.2005;0.2220;1
129;129;Agent_9;orders came from the seed rule base (rules as-is);0;0;R7[0.11] R11[0.05] R15[0.16] R20[0.09] R26[0.18] A1[0.11];0.44;0.46;0.19;0.73;0.24;0.17;0.85;0.09;0.2005;0.2220;1
129;129;Agent_10;orders came from the seed rule base (rules as-is);0;0;R7[0.08] R20[0.09] R26[0.18] A1[0.08] G2[0.03] G3[0.08];0.31;0.37;0.05;0.47;0.07;0.00;0.90;0.09;0.2005;0.2220;1
129;129;Agent_11;orders came from the seed rule base (rules as-is);0;0;R7[0.07] R20[0.20] R26[0.18] A1[0.07] G2[0.07] G3[0.07];0.47;0.57;0.04;0.80;0.10;0.00;0.73;0.09;0.2005;0.2220;1
129;129;Agent_12;orders came from the seed rule base (rules as-is);0;0;R20[0.10] R26[0.15] A1[0.11] G2[0.11] G3[0.11] G1[0.07];0.46;0.44;0.00;0.83;0.14;0.00;0.75;0.09;0.2005;0.2220;1
130;130;Agent_1;orders came from the seed rule base (rules as-is);0;0;R11[0.23] R15[0.20] R20[0.12] R26[0.20] A1[0.25] G2[0.25];0.40;0.70;0.14;0.89;0.67;0.39;0.69;0.09;0.2028;0.2218;1
130;130;Agent_2;orders came from the seed rule base (rules as-is);0;0;R11[0.29] R15[0.05] R20[0.03] R26[0.05] A1[0.08] G2[0.08];0.10;0.39;0.03;0.43;0.42;0.33;0.85;0.09;0.2028;0.2218;1
130;130;Agent_3;orders came from the seed rule base (rules as-is);0;0;R7[0.08] R11[0.04] R15[0.03] R20[0.03] R26[0.03] A1[0.08];0.14;0.20;0.08;0.49;0.13;0.06;0.87;0.09;0.2028;0.2218;1
130;130;Agent_4;orders came from the seed rule base (rules as-is);0;0;R20[0.15] R26[0.19] A1[0.42] G2[0.19] G3[0.16] G1[0.06];0.65;0.63;0.00;0.88;0.39;0.00;0.81;0.09;0.2028;0.2218;1
130;130;Agent_5;orders came from the seed rule base (rules as-is);0;0;R11[0.23] R15[0.03] R20[0.03] R26[0.03] A1[0.08] G2[0.08];0.05;0.21;0.02;0.40;0.35;0.25;0.86;0.09;0.2028;0.2218;0
130;130;Agent_6;orders came from the seed rule base (rules as-is);0;0;R7[0.03] R11[0.05] R15[0.18] R20[0.09] R26[0.18] A1[0.08];0.46;0.45;0.17;0.71;0.24;0.19;0.79;0.09;0.2028;0.2218;1
130;130;Agent_7;orders came from the seed rule base (rules as-is);0;0;R7[0.08] R11[0.04] R15[0.18] R20[0.09] R26[0.18] A1[0.08];0.46;0.44;0.20;0.75;0.22;0.18;0.80;0.09;0.2028;0.2218;1
130;130;Agent_8;orders came from the seed rule base (rules as-is);0;0;R20[0.11] R26[0.18] A1[0.22] G2[0.10] G3[0.13] G1[0.07];0.60;0.52;0.00;0.87;0.21;0.00;0.75;0.09;0.2028;0.2218;1
130;130;Agent_9;orders came from the seed rule base (rules as-is);0;0;R7[0.11] R11[0.05] R15[0.16] R20[0.09] R26[0.18] A1[0.11];0.44;0.46;0.19;0.73;0.24;0.17;0.85;0.09;0.2028;0.2218;1
130;130;Agent_10;orders came from the seed rule base (rules as-is);0;0;R7[0.08] R20[0.09] R26[0.18] A1[0.08] G2[0.03] G3[0.08];0.31;0.36;0.05;0.47;0.07;0.00;0.90;0.09;0.2028;0.2218;1
130;130;Agent_11;orders came from the seed rule base (rules as-is);0;0;R7[0.07] R20[0.20] R26[0.18] A1[0.07] G2[0.07] G3[0.07];0.47;0.57;0.04;0.80;0.10;0.00;0.73;0.09;0.2028;0.2218;1
130;130;Agent_12;orders came from the seed rule base (rules as-is);0;0;R20[0.11] R26[0.15] A1[0.11] G2[0.11] G3[0.11] G1[0.07];0.47;0.48;0.00;0.86;0.14;0.00;0.73;0.09;0.2028;0.2218;1
131;131;Agent_1;orders came from the seed rule base (rules as-is);0;0;R11[0.23] R15[0.20] R20[0.12] R26[0.20] A1[0.25] G2[0.25];0.40;0.70;0.14;0.89;0.67;0.39;0.69;0.09;0.2034;0.2184;1
131;131;Agent_2;orders came from the seed rule base (rules as-is);0;0;R11[0.29] R15[0.05] R20[0.03] R26[0.05] A1[0.08] G2[0.08];0.10;0.39;0.03;0.43;0.42;0.33;0.85;0.09;0.2034;0.2184;1
131;131;Agent_3;orders came from the seed rule base (rules as-is);0;0;R7[0.08] R11[0.04] R15[0.03] R20[0.03] R26[0.03] A1[0.08];0.14;0.20;0.08;0.49;0.13;0.06;0.87;0.09;0.2034;0.2184;1
131;131;Agent_4;orders came from the seed rule base (rules as-is);0;0;R20[0.15] R26[0.19] A1[0.42] G2[0.19] G3[0.16] G1[0.06];0.64;0.63;0.00;0.88;0.39;0.00;0.81;0.09;0.2034;0.2184;1
131;131;Agent_5;orders came from the seed rule base (rules as-is);0;0;R11[0.23] R15[0.03] R20[0.03] R26[0.03] A1[0.08] G2[0.08];0.05;0.21;0.02;0.40;0.35;0.25;0.86;0.09;0.2034;0.2184;0
131;131;Agent_6;orders came from the seed rule base (rules as-is);0;0;R7[0.03] R11[0.05] R15[0.18] R20[0.09] R26[0.18] A1[0.08];0.45;0.45;0.17;0.71;0.24;0.19;0.79;0.09;0.2034;0.2184;1
131;131;Agent_7;orders came from the seed rule base (rules as-is);0;0;R7[0.08] R11[0.04] R15[0.18] R20[0.09] R26[0.18] A1[0.08];0.46;0.44;0.20;0.75;0.22;0.18;0.80;0.09;0.2034;0.2184;1
131;131;Agent_8;orders came from the seed rule base (rules as-is);0;0;R20[0.11] R26[0.18] A1[0.22] G2[0.10] G3[0.13] G1[0.07];0.60;0.52;0.00;0.87;0.21;0.00;0.75;0.09;0.2034;0.2184;1
131;131;Agent_9;orders came from the seed rule base (rules as-is);0;0;R7[0.11] R11[0.05] R15[0.16] R20[0.09] R26[0.18] A1[0.11];0.44;0.45;0.19;0.73;0.24;0.17;0.85;0.09;0.2034;0.2184;1
131;131;Agent_10;orders came from the seed rule base (rules as-is);0;0;R7[0.08] R20[0.09] R26[0.18] A1[0.08] G2[0.03] G3[0.08];0.31;0.36;0.05;0.47;0.07;0.00;0.90;0.09;0.2034;0.2184;1
131;131;Agent_11;orders came from the seed rule base (rules as-is);0;0;R7[0.07] R20[0.20] R26[0.18] A1[0.07] G2[0.07] G3[0.07];0.47;0.57;0.04;0.81;0.10;0.00;0.73;0.09;0.2034;0.2184;1
131;131;Agent_12;orders came from the seed rule base (rules as-is);0;0;R20[0.13] R26[0.16] A1[0.11] G2[0.11] G3[0.10] G1[0.08];0.48;0.50;0.00;0.87;0.14;0.00;0.72;0.09;0.2034;0.2184;1
132;132;Agent_1;orders came from the seed rule base (rules as-is);0;0;R11[0.23] R15[0.20] R20[0.12] R26[0.20] A1[0.25] G2[0.25];0.40;0.70;0.14;0.89;0.67;0.39;0.69;0.09;0.1989;0.2142;1
132;132;Agent_2;orders came from the seed rule base (rules as-is);0;0;R11[0.29] R15[0.05] R20[0.03] R26[0.05] A1[0.08] G2[0.08];0.10;0.39;0.03;0.43;0.42;0.33;0.85;0.09;0.1989;0.2142;1
132;132;Agent_3;orders came from the seed rule base (rules as-is);0;0;R7[0.08] R11[0.04] R15[0.03] R20[0.03] R26[0.03] A1[0.08];0.14;0.20;0.08;0.49;0.13;0.06;0.87;0.09;0.1989;0.2142;1
132;132;Agent_4;orders came from the seed rule base (rules as-is);0;0;R20[0.15] R26[0.19] A1[0.42] G2[0.19] G3[0.16] G1[0.06];0.63;0.62;0.00;0.88;0.39;0.00;0.81;0.09;0.1989;0.2142;1
132;132;Agent_5;orders came from the seed rule base (rules as-is);0;0;R11[0.23] R15[0.03] R20[0.03] R26[0.03] A1[0.08] G2[0.08];0.05;0.21;0.02;0.40;0.35;0.25;0.86;0.09;0.1989;0.2142;0
132;132;Agent_6;orders came from the seed rule base (rules as-is);0;0;R7[0.03] R11[0.05] R15[0.18] R20[0.09] R26[0.18] A1[0.08];0.45;0.45;0.17;0.71;0.24;0.19;0.79;0.09;0.1989;0.2142;1
132;132;Agent_7;orders came from the seed rule base (rules as-is);0;0;R7[0.08] R11[0.04] R15[0.18] R20[0.09] R26[0.18] A1[0.08];0.46;0.44;0.20;0.75;0.22;0.18;0.80;0.09;0.1989;0.2142;1
132;132;Agent_8;orders came from the seed rule base (rules as-is);0;0;R20[0.11] R26[0.18] A1[0.22] G2[0.10] G3[0.13] G1[0.07];0.59;0.52;0.00;0.87;0.21;0.00;0.75;0.09;0.1989;0.2142;1
132;132;Agent_9;orders came from the seed rule base (rules as-is);0;0;R7[0.11] R11[0.05] R15[0.16] R20[0.09] R26[0.18] A1[0.11];0.44;0.45;0.19;0.73;0.24;0.17;0.85;0.09;0.1989;0.2142;1
132;132;Agent_10;orders came from the seed rule base (rules as-is);0;0;R7[0.08] R20[0.09] R26[0.18] A1[0.08] G2[0.03] G3[0.08];0.31;0.36;0.05;0.47;0.07;0.00;0.90;0.09;0.1989;0.2142;1
132;132;Agent_11;orders came from the seed rule base (rules as-is);0;0;R7[0.07] R20[0.20] R26[0.18] A1[0.07] G2[0.07] G3[0.07];0.47;0.57;0.04;0.81;0.10;0.00;0.72;0.09;0.1989;0.2142;1
132;132;Agent_12;orders came from the seed rule base (rules as-is);0;0;R20[0.15] R26[0.16] A1[0.11] G2[0.11] G3[0.10] G1[0.08];0.48;0.53;0.00;0.87;0.14;0.00;0.71;0.09;0.1989;0.2142;1
133;133;Agent_1;orders came from the seed rule base (rules as-is);0;0;R11[0.23] R15[0.20] R20[0.12] R26[0.20] A1[0.25] G2[0.25];0.39;0.70;0.14;0.89;0.66;0.39;0.69;0.09;0.2000;0.2178;1
133;133;Agent_2;orders came from the seed rule base (rules as-is);0;0;R11[0.29] R15[0.05] R20[0.03] R26[0.05] A1[0.08] G2[0.08];0.10;0.39;0.03;0.43;0.42;0.33;0.85;0.09;0.2000;0.2178;1
133;133;Agent_3;orders came from the seed rule base (rules as-is);0;0;R7[0.08] R11[0.04] R15[0.03] R20[0.03] R26[0.03] A1[0.08];0.14;0.20;0.08;0.49;0.13;0.06;0.87;0.09;0.2000;0.2178;1
133;133;Agent_4;orders came from the seed rule base (rules as-is);0;0;R20[0.15] R26[0.19] A1[0.42] G2[0.19] G3[0.16] G1[0.06];0.63;0.62;0.00;0.88;0.39;0.00;0.81;0.09;0.2000;0.2178;1
133;133;Agent_5;orders came from the seed rule base (rules as-is);0;0;R11[0.23] R15[0.03] R20[0.03] R26[0.03] A1[0.08] G2[0.08];0.05;0.21;0.02;0.40;0.35;0.25;0.86;0.09;0.2000;0.2178;0
133;133;Agent_6;orders came from the seed rule base (rules as-is);0;0;R7[0.03] R11[0.05] R15[0.18] R20[0.09] R26[0.18] A1[0.08];0.45;0.45;0.17;0.71;0.24;0.19;0.79;0.09;0.2000;0.2178;1
133;133;Agent_7;orders came from the seed rule base (rules as-is);0;0;R7[0.08] R11[0.04] R15[0.18] R20[0.08] R26[0.18] A1[0.08];0.46;0.44;0.20;0.75;0.22;0.18;0.80;0.09;0.2000;0.2178;1
133;133;Agent_8;orders came from the seed rule base (rules as-is);0;0;R20[0.11] R26[0.18] A1[0.22] G2[0.10] G3[0.13] G1[0.07];0.59;0.51;0.00;0.87;0.21;0.00;0.75;0.09;0.2000;0.2178;1
133;133;Agent_9;orders came from the seed rule base (rules as-is);0;0;R7[0.11] R11[0.05] R15[0.16] R20[0.09] R26[0.18] A1[0.11];0.43;0.45;0.19;0.73;0.24;0.17;0.85;0.09;0.2000;0.2178;1
133;133;Agent_10;orders came from the seed rule base (rules as-is);0;0;R7[0.08] R20[0.08] R26[0.18] A1[0.08] G2[0.03] G3[0.08];0.31;0.36;0.05;0.47;0.07;0.00;0.90;0.09;0.2000;0.2178;1
133;133;Agent_11;orders came from the seed rule base (rules as-is);0;0;R7[0.07] R20[0.20] R26[0.18] A1[0.07] G2[0.07] G3[0.07];0.47;0.57;0.04;0.81;0.10;0.00;0.72;0.09;0.2000;0.2178;1
133;133;Agent_12;orders came from the seed rule base (rules as-is);0;0;R20[0.16] R26[0.16] A1[0.11] G2[0.11] G3[0.09] G1[0.08];0.49;0.54;0.00;0.87;0.14;0.00;0.71;0.09;0.2000;0.2178;1
134;134;Agent_1;orders came from the seed rule base (rules as-is);0;0;R11[0.23] R15[0.20] R20[0.12] R26[0.20] A1[0.25] G2[0.25];0.39;0.70;0.14;0.89;0.66;0.38;0.69;0.09;0.2128;0.2141;1
134;134;Agent_2;orders came from the seed rule base (rules as-is);0;0;R11[0.29] R15[0.05] R20[0.03] R26[0.05] A1[0.08] G2[0.08];0.10;0.39;0.03;0.43;0.42;0.33;0.85;0.09;0.2128;0.2141;1
134;134;Agent_3;orders came from the seed rule base (rules as-is);0;0;R7[0.08] R11[0.04] R15[0.03] R20[0.03] R26[0.03] A1[0.08];0.14;0.20;0.08;0.49;0.13;0.06;0.87;0.09;0.2128;0.2141;1
134;134;Agent_4;orders came from the seed rule base (rules as-is);0;0;R20[0.15] R26[0.18] A1[0.42] G2[0.19] G3[0.15] G1[0.06];0.62;0.61;0.00;0.88;0.39;0.00;0.81;0.09;0.2128;0.2141;1
134;134;Agent_5;orders came from the seed rule base (rules as-is);0;0;R11[0.23] R15[0.03] R20[0.03] R26[0.03] A1[0.08] G2[0.08];0.05;0.21;0.02;0.40;0.35;0.25;0.86;0.09;0.2128;0.2141;0
134;134;Agent_6;orders came from the seed rule base (rules as-is);0;0;R7[0.03] R11[0.05] R15[0.18] R20[0.09] R26[0.18] A1[0.08];0.45;0.45;0.17;0.71;0.24;0.19;0.79;0.09;0.2128;0.2141;1
134;134;Agent_7;orders came from the seed rule base (rules as-is);0;0;R7[0.08] R11[0.04] R15[0.18] R20[0.08] R26[0.18] A1[0.08];0.46;0.44;0.20;0.74;0.22;0.18;0.80;0.09;0.2128;0.2141;1
134;134;Agent_8;orders came from the seed rule base (rules as-is);0;0;R20[0.11] R26[0.18] A1[0.22] G2[0.10] G3[0.13] G1[0.07];0.59;0.51;0.00;0.87;0.21;0.00;0.75;0.09;0.2128;0.2141;1
134;134;Agent_9;orders came from the seed rule base (rules as-is);0;0;R7[0.11] R11[0.05] R15[0.16] R20[0.09] R26[0.18] A1[0.11];0.43;0.45;0.19;0.73;0.24;0.17;0.86;0.09;0.2128;0.2141;1
134;134;Agent_10;orders came from the seed rule base (rules as-is);0;0;R7[0.08] R20[0.08] R26[0.18] A1[0.08] G2[0.03] G3[0.08];0.30;0.36;0.05;0.47;0.07;0.00;0.90;0.09;0.2128;0.2141;1
134;134;Agent_11;orders came from the seed rule base (rules as-is);0;0;R7[0.07] R20[0.20] R26[0.18] A1[0.07] G2[0.07] G3[0.07];0.46;0.57;0.04;0.81;0.10;0.00;0.72;0.09;0.2128;0.2141;1
134;134;Agent_12;orders came from the seed rule base (rules as-is);0;0;R20[0.17] R26[0.16] A1[0.11] G2[0.11] G3[0.09] G1[0.08];0.49;0.56;0.00;0.87;0.14;0.00;0.71;0.09;0.2128;0.2141;1
135;135;Agent_1;orders came from the seed rule base (rules as-is);0;0;R11[0.23] R15[0.20] R20[0.12] R26[0.20] A1[0.25] G2[0.25];0.39;0.70;0.14;0.89;0.66;0.38;0.69;0.08;0.2027;0.2138;1
135;135;Agent_2;orders came from the seed rule base (rules as-is);0;0;R11[0.29] R15[0.05] R20[0.03] R26[0.05] A1[0.08] G2[0.08];0.10;0.39;0.03;0.43;0.42;0.33;0.85;0.08;0.2027;0.2138;1
135;135;Agent_3;orders came from the seed rule base (rules as-is);0;0;R7[0.08] R11[0.04] R15[0.03] R20[0.03] R26[0.03] A1[0.08];0.14;0.20;0.08;0.49;0.13;0.06;0.87;0.08;0.2027;0.2138;1
135;135;Agent_4;orders came from the seed rule base (rules as-is);0;0;R20[0.15] R26[0.18] A1[0.42] G2[0.19] G3[0.15] G1[0.06];0.62;0.61;0.00;0.88;0.39;0.00;0.81;0.08;0.2027;0.2138;1
135;135;Agent_5;orders came from the seed rule base (rules as-is);0;0;R11[0.23] R15[0.03] R20[0.03] R26[0.03] A1[0.08] G2[0.08];0.05;0.21;0.02;0.40;0.35;0.25;0.86;0.08;0.2027;0.2138;0
135;135;Agent_6;orders came from the seed rule base (rules as-is);0;0;R7[0.03] R11[0.05] R15[0.18] R20[0.09] R26[0.18] A1[0.08];0.45;0.45;0.17;0.71;0.24;0.19;0.79;0.08;0.2027;0.2138;1
135;135;Agent_7;orders came from the seed rule base (rules as-is);0;0;R7[0.08] R11[0.04] R15[0.18] R20[0.08] R26[0.18] A1[0.08];0.45;0.44;0.20;0.74;0.22;0.18;0.80;0.08;0.2027;0.2138;1
135;135;Agent_8;orders came from the seed rule base (rules as-is);0;0;R20[0.10] R26[0.15] A1[0.22] G2[0.10] G3[0.13] G1[0.08];0.53;0.47;0.00;0.87;0.21;0.00;0.77;0.08;0.2027;0.2138;1
135;135;Agent_9;orders came from the seed rule base (rules as-is);0;0;R7[0.11] R11[0.05] R15[0.16] R20[0.09] R26[0.18] A1[0.11];0.43;0.45;0.19;0.73;0.24;0.17;0.86;0.08;0.2027;0.2138;1
135;135;Agent_10;orders came from the seed rule base (rules as-is);0;0;R7[0.08] R20[0.08] R26[0.18] A1[0.08] G2[0.03] G3[0.08];0.30;0.36;0.05;0.47;0.07;0.00;0.90;0.08;0.2027;0.2138;1
135;135;Agent_11;orders came from the seed rule base (rules as-is);0;0;R7[0.07] R20[0.20] R26[0.18] A1[0.07] G2[0.07] G3[0.07];0.46;0.57;0.04;0.81;0.10;0.00;0.72;0.08;0.2027;0.2138;1
135;135;Agent_12;orders came from the seed rule base (rules as-is);0;0;R20[0.17] R26[0.17] A1[0.11] G2[0.11] G3[0.09] G1[0.09];0.49;0.57;0.00;0.86;0.14;0.00;0.71;0.08;0.2027;0.2138;1
136;136;Agent_1;orders came from the seed rule base (rules as-is);0;0;R11[0.23] R15[0.20] R20[0.12] R26[0.20] A1[0.25] G2[0.25];0.39;0.70;0.14;0.89;0.66;0.38;0.69;0.08;0.2068;0.2187;1
136;136;Agent_2;orders came from the seed rule base (rules as-is);0;0;R11[0.29] R15[0.05] R20[0.03] R26[0.05] A1[0.08] G2[0.08];0.10;0.39;0.03;0.43;0.42;0.33;0.85;0.08;0.2068;0.2187;1
136;136;Agent_3;orders came from the seed rule base (rules as-is);0;0;R7[0.08] R11[0.04] R15[0.03] R20[0.03] R26[0.03] A1[0.08];0.14;0.20;0.08;0.49;0.13;0.06;0.87;0.08;0.2068;0.2187;1
136;136;Agent_4;orders came from the seed rule base (rules as-is);0;0;R20[0.15] R26[0.18] A1[0.42] G2[0.19] G3[0.15] G1[0.06];0.61;0.60;0.00;0.88;0.39;0.00;0.81;0.08;0.2068;0.2187;1
136;136;Agent_5;orders came from the seed rule base (rules as-is);0;0;R11[0.23] R15[0.03] R20[0.03] R26[0.03] A1[0.08] G2[0.08];0.05;0.21;0.02;0.40;0.35;0.25;0.86;0.08;0.2068;0.2187;0
136;136;Agent_6;orders came from the seed rule base (rules as-is);0;0;R7[0.03] R11[0.05] R15[0.18] R20[0.09] R26[0.18] A1[0.08];0.45;0.45;0.17;0.71;0.24;0.19;0.79;0.08;0.2068;0.2187;1
136;136;Agent_7;orders came from the seed rule base (rules as-is);0;0;R7[0.08] R11[0.04] R15[0.18] R20[0.08] R26[0.18] A1[0.08];0.45;0.44;0.20;0.74;0.22;0.18;0.80;0.08;0.2068;0.2187;1
136;136;Agent_8;orders came from the seed rule base (rules as-is);0;0;R20[0.10] R26[0.15] A1[0.22] G2[0.10] G3[0.13] G1[0.08];0.53;0.48;0.00;0.87;0.21;0.00;0.76;0.08;0.2068;0.2187;1
136;136;Agent_9;orders came from the seed rule base (rules as-is);0;0;R7[0.11] R11[0.05] R15[0.16] R20[0.09] R26[0.18] A1[0.11];0.43;0.45;0.19;0.72;0.24;0.17;0.86;0.08;0.2068;0.2187;1
136;136;Agent_10;orders came from the seed rule base (rules as-is);0;0;R7[0.08] R20[0.08] R26[0.18] A1[0.08] G2[0.03] G3[0.08];0.30;0.36;0.05;0.47;0.07;0.00;0.90;0.08;0.2068;0.2187;1
136;136;Agent_11;orders came from the seed rule base (rules as-is);0;0;R7[0.07] R20[0.20] R26[0.18] A1[0.07] G2[0.07] G3[0.07];0.46;0.57;0.04;0.81;0.10;0.00;0.72;0.08;0.2068;0.2187;1
136;136;Agent_12;orders came from the seed rule base (rules as-is);0;0;R20[0.18] R26[0.17] A1[0.11] G2[0.11] G3[0.08] G1[0.09];0.50;0.58;0.00;0.86;0.14;0.00;0.71;0.08;0.2068;0.2187;1
137;137;Agent_1;RL selected stage 1 [evFIS] (deficit bucket: high+gap) → rejected (no improving perturbation found | seed-base decision stands, its orders are applied);1;0;R11[0.23] R15[0.20] R20[0.12] R26[0.20] A1[0.25] G2[0.25];0.39;0.70;0.14;0.89;0.66;0.38;0.69;0.08;0.2111;0.2122;1
137;137;Agent_2;RL selected stage 1 [evFIS] (deficit bucket: high+gap) → rejected (no improving perturbation found | seed-base decision stands, its orders are applied);1;0;R11[0.29] R15[0.05] R20[0.03] R26[0.05] A1[0.08] G2[0.08];0.10;0.39;0.03;0.43;0.42;0.32;0.85;0.08;0.2111;0.2122;1
137;137;Agent_3;RL selected stage 1 [evFIS] (deficit bucket: high+gap) → rejected (no improving perturbation found | seed-base decision stands, its orders are applied);1;0;R7[0.08] R11[0.04] R15[0.03] R20[0.03] R26[0.03] A1[0.08];0.14;0.20;0.08;0.49;0.13;0.06;0.87;0.08;0.2111;0.2122;1
137;137;Agent_4;RL selected stage 1 [evFIS] (deficit bucket: high+gap) → rejected (no improving perturbation found | seed-base decision stands, its orders are applied);1;0;R20[0.15] R26[0.18] A1[0.41] G2[0.19] G3[0.15] G1[0.06];0.61;0.60;0.00;0.88;0.39;0.00;0.81;0.08;0.2111;0.2122;1
137;137;Agent_5;RL selected stage 1 [evFIS] (deficit bucket: high+gap) → rejected (no improving perturbation found | seed-base decision stands, its orders are applied);1;0;R11[0.23] R15[0.03] R20[0.03] R26[0.03] A1[0.08] G2[0.08];0.05;0.21;0.02;0.40;0.35;0.25;0.86;0.08;0.2111;0.2122;0
137;137;Agent_6;RL selected stage 1 [evFIS] (deficit bucket: high+gap) → rejected (no improving perturbation found | seed-base decision stands, its orders are applied);1;0;R7[0.03] R11[0.05] R15[0.17] R20[0.09] R26[0.17] A1[0.08];0.45;0.45;0.17;0.70;0.24;0.19;0.79;0.08;0.2111;0.2122;1
137;137;Agent_7;RL selected stage 1 [evFIS] (deficit bucket: high+gap) → rejected (no improving perturbation found | seed-base decision stands, its orders are applied);1;0;R7[0.08] R11[0.04] R15[0.17] R20[0.08] R26[0.17] A1[0.08];0.45;0.44;0.20;0.74;0.21;0.18;0.80;0.08;0.2111;0.2122;1
137;137;Agent_8;RL selected stage 1 [evFIS] (deficit bucket: high+gap) → rejected (no improving perturbation found | seed-base decision stands, its orders are applied);1;0;R20[0.09] R26[0.13] A1[0.22] G2[0.10] G3[0.13] G1[0.09];0.48;0.44;0.00;0.88;0.21;0.00;0.78;0.08;0.2111;0.2122;1
137;137;Agent_9;RL selected stage 1 [evFIS] (deficit bucket: high+gap) → rejected (no improving perturbation found | seed-base decision stands, its orders are applied);1;0;R7[0.11] R11[0.05] R15[0.16] R20[0.09] R26[0.17] A1[0.11];0.43;0.45;0.19;0.72;0.24;0.17;0.86;0.08;0.2111;0.2122;1
137;137;Agent_10;RL selected stage 1 [evFIS] (deficit bucket: high+gap) → rejected (no improving perturbation found | seed-base decision stands, its orders are applied);1;0;R7[0.08] R20[0.08] R26[0.17] A1[0.08] G2[0.03] G3[0.08];0.30;0.36;0.05;0.47;0.07;0.00;0.90;0.08;0.2111;0.2122;1
137;137;Agent_11;RL selected stage 1 [evFIS] (deficit bucket: high+gap) → rejected (no improving perturbation found | seed-base decision stands, its orders are applied);1;0;R7[0.07] R20[0.20] R26[0.17] A1[0.07] G2[0.07] G3[0.07];0.46;0.57;0.04;0.81;0.10;0.00;0.72;0.08;0.2111;0.2122;1
137;137;Agent_12;RL selected stage 1 [evFIS] (deficit bucket: high+gap) → rejected (no improving perturbation found | seed-base decision stands, its orders are applied);1;0;R20[0.18] R26[0.17] A1[0.11] G2[0.11] G3[0.08] G1[0.09];0.50;0.58;0.00;0.86;0.14;0.00;0.70;0.08;0.2111;0.2122;1
138;138;Agent_1;orders came from the seed rule base (rules as-is);0;0;R11[0.23] R15[0.20] R20[0.12] R26[0.20] A1[0.25] G2[0.25];0.39;0.70;0.14;0.89;0.66;0.38;0.69;0.08;0.2008;0.2119;1
138;138;Agent_2;orders came from the seed rule base (rules as-is);0;0;R11[0.29] R15[0.05] R20[0.03] R26[0.05] A1[0.08] G2[0.08];0.10;0.38;0.03;0.43;0.42;0.32;0.85;0.08;0.2008;0.2119;1
138;138;Agent_3;orders came from the seed rule base (rules as-is);0;0;R7[0.08] R11[0.04] R15[0.03] R20[0.03] R26[0.03] A1[0.08];0.14;0.20;0.08;0.49;0.13;0.06;0.87;0.08;0.2008;0.2119;1
138;138;Agent_4;orders came from the seed rule base (rules as-is);0;0;R20[0.14] R26[0.18] A1[0.41] G2[0.19] G3[0.15] G1[0.06];0.61;0.60;0.00;0.88;0.39;0.00;0.81;0.08;0.2008;0.2119;1
138;138;Agent_5;orders came from the seed rule base (rules as-is);0;0;R11[0.23] R15[0.03] R20[0.03] R26[0.03] A1[0.08] G2[0.08];0.05;0.21;0.02;0.40;0.35;0.25;0.86;0.08;0.2008;0.2119;0
138;138;Agent_6;orders came from the seed rule base (rules as-is);0;0;R7[0.03] R11[0.05] R15[0.17] R20[0.09] R26[0.17] A1[0.08];0.44;0.45;0.17;0.70;0.24;0.19;0.79;0.08;0.2008;0.2119;1
138;138;Agent_7;orders came from the seed rule base (rules as-is);0;0;R7[0.08] R11[0.04] R15[0.17] R20[0.08] R26[0.17] A1[0.08];0.45;0.43;0.20;0.74;0.21;0.17;0.80;0.08;0.2008;0.2119;1
138;138;Agent_8;orders came from the seed rule base (rules as-is);0;0;R20[0.09] R26[0.11] A1[0.22] G2[0.10] G3[0.13] G1[0.09];0.44;0.42;0.00;0.88;0.21;0.00;0.79;0.08;0.2008;0.2119;1
138;138;Agent_9;orders came from the seed rule base (rules as-is);0;0;R7[0.11] R11[0.05] R15[0.16] R20[0.09] R26[0.17] A1[0.11];0.43;0.44;0.19;0.72;0.24;0.17;0.86;0.08;0.2008;0.2119;1
138;138;Agent_10;orders came from the seed rule base (rules as-is);0;0;R7[0.08] R20[0.08] R26[0.17] A1[0.08] G2[0.03] G3[0.08];0.30;0.36;0.05;0.47;0.07;0.00;0.90;0.08;0.2008;0.2119;1
138;138;Agent_11;orders came from the seed rule base (rules as-is);0;0;R7[0.07] R20[0.20] R26[0.17] A1[0.07] G2[0.07] G3[0.07];0.46;0.57;0.04;0.81;0.10;0.00;0.72;0.08;0.2008;0.2119;1
138;138;Agent_12;orders came from the seed rule base (rules as-is);0;0;R20[0.19] R26[0.17] A1[0.11] G2[0.11] G3[0.08] G1[0.09];0.50;0.59;0.00;0.86;0.14;0.00;0.70;0.08;0.2008;0.2119;1
139;139;Agent_1;orders came from the seed rule base (rules as-is);0;0;R11[0.23] R15[0.19] R20[0.12] R26[0.19] A1[0.25] G2[0.25];0.39;0.70;0.14;0.89;0.66;0.38;0.69;0.08;0.2030;0.2142;1
139;139;Agent_2;orders came from the seed rule base (rules as-is);0;0;R11[0.29] R15[0.05] R20[0.03] R26[0.05] A1[0.08] G2[0.08];0.10;0.38;0.03;0.43;0.42;0.32;0.85;0.08;0.2030;0.2142;1
139;139;Agent_3;orders came from the seed rule base (rules as-is);0;0;R7[0.08] R11[0.04] R15[0.03] R20[0.03] R26[0.03] A1[0.08];0.14;0.20;0.07;0.49;0.13;0.06;0.87;0.08;0.2030;0.2142;1
139;139;Agent_4;orders came from the seed rule base (rules as-is);0;0;R20[0.14] R26[0.18] A1[0.41] G2[0.19] G3[0.15] G1[0.06];0.60;0.59;0.00;0.88;0.38;0.00;0.82;0.08;0.2030;0.2142;1
139;139;Agent_5;orders came from the seed rule base (rules as-is);0;0;R11[0.23] R15[0.03] R20[0.03] R26[0.03] A1[0.08] G2[0.08];0.05;0.21;0.02;0.40;0.35;0.25;0.86;0.08;0.2030;0.2142;0
139;139;Agent_6;orders came from the seed rule base (rules as-is);0;0;R7[0.03] R11[0.05] R15[0.17] R20[0.09] R26[0.17] A1[0.08];0.44;0.44;0.17;0.70;0.24;0.19;0.79;0.08;0.2030;0.2142;1
139;139;Agent_7;orders came from the seed rule base (rules as-is);0;0;R7[0.08] R11[0.04] R15[0.17] R20[0.08] R26[0.17] A1[0.08];0.45;0.43;0.20;0.74;0.21;0.17;0.80;0.08;0.2030;0.2142;1
139;139;Agent_8;orders came from the seed rule base (rules as-is);0;0;R20[0.08] R26[0.10] A1[0.22] G2[0.10] G3[0.13] G1[0.10];0.40;0.39;0.00;0.88;0.21;0.00;0.80;0.08;0.2030;0.2142;1
139;139;Agent_9;orders came from the seed rule base (rules as-is);0;0;R7[0.11] R11[0.05] R15[0.16] R20[0.09] R26[0.17] A1[0.11];0.43;0.44;0.19;0.72;0.24;0.17;0.86;0.08;0.2030;0.2142;1
139;139;Agent_10;orders came from the seed rule base (rules as-is);0;0;R7[0.08] R20[0.08] R26[0.17] A1[0.08] G2[0.03] G3[0.08];0.30;0.36;0.05;0.47;0.07;0.00;0.90;0.08;0.2030;0.2142;1
139;139;Agent_11;orders came from the seed rule base (rules as-is);0;0;R7[0.07] R20[0.20] R26[0.17] A1[0.07] G2[0.07] G3[0.07];0.46;0.57;0.04;0.80;0.10;0.00;0.72;0.08;0.2030;0.2142;1
139;139;Agent_12;orders came from the seed rule base (rules as-is);0;0;R20[0.19] R26[0.17] A1[0.11] G2[0.11] G3[0.08] G1[0.09];0.50;0.59;0.00;0.86;0.14;0.00;0.70;0.08;0.2030;0.2142;1
140;140;Agent_1;orders came from the seed rule base (rules as-is);0;0;R11[0.23] R15[0.19] R20[0.12] R26[0.19] A1[0.25] G2[0.25];0.38;0.70;0.14;0.89;0.66;0.38;0.69;0.08;0.2022;0.2096;1
140;140;Agent_2;orders came from the seed rule base (rules as-is);0;0;R11[0.29] R15[0.05] R20[0.03] R26[0.05] A1[0.08] G2[0.08];0.10;0.38;0.03;0.43;0.42;0.32;0.85;0.08;0.2022;0.2096;1
140;140;Agent_3;orders came from the seed rule base (rules as-is);0;0;R7[0.08] R11[0.04] R15[0.03] R20[0.03] R26[0.03] A1[0.08];0.14;0.20;0.07;0.49;0.13;0.06;0.87;0.08;0.2022;0.2096;1
140;140;Agent_4;orders came from the seed rule base (rules as-is);0;0;R20[0.14] R26[0.18] A1[0.41] G2[0.19] G3[0.15] G1[0.06];0.60;0.59;0.00;0.88;0.38;0.00;0.82;0.08;0.2022;0.2096;1
140;140;Agent_5;orders came from the seed rule base (rules as-is);0;0;R11[0.23] R15[0.03] R20[0.02] R26[0.03] A1[0.08] G2[0.08];0.05;0.21;0.02;0.40;0.35;0.25;0.86;0.08;0.2022;0.2096;0
140;140;Agent_6;orders came from the seed rule base (rules as-is);0;0;R7[0.03] R11[0.05] R15[0.17] R20[0.09] R26[0.17] A1[0.08];0.44;0.44;0.17;0.70;0.24;0.19;0.79;0.08;0.2022;0.2096;1
140;140;Agent_7;orders came from the seed rule base (rules as-is);0;0;R7[0.08] R11[0.04] R15[0.17] R20[0.08] R26[0.17] A1[0.08];0.45;0.43;0.20;0.74;0.21;0.17;0.80;0.08;0.2022;0.2096;1
140;140;Agent_8;orders came from the seed rule base (rules as-is);0;0;R20[0.08] R26[0.09] A1[0.22] G2[0.10] G3[0.13] G1[0.10];0.37;0.37;0.00;0.88;0.21;0.00;0.81;0.08;0.2022;0.2096;1
140;140;Agent_9;orders came from the seed rule base (rules as-is);0;0;R7[0.11] R11[0.05] R15[0.16] R20[0.09] R26[0.17] A1[0.11];0.42;0.44;0.19;0.72;0.24;0.17;0.86;0.08;0.2022;0.2096;1
140;140;Agent_10;orders came from the seed rule base (rules as-is);0;0;R7[0.08] R20[0.08] R26[0.17] A1[0.08] G2[0.03] G3[0.08];0.30;0.36;0.05;0.47;0.07;0.00;0.90;0.08;0.2022;0.2096;1
140;140;Agent_11;orders came from the seed rule base (rules as-is);0;0;R7[0.07] R20[0.20] R26[0.17] A1[0.07] G2[0.07] G3[0.07];0.46;0.57;0.04;0.80;0.10;0.00;0.72;0.08;0.2022;0.2096;1
140;140;Agent_12;orders came from the seed rule base (rules as-is);0;0;R20[0.19] R26[0.17] A1[0.11] G2[0.11] G3[0.08] G1[0.09];0.50;0.60;0.00;0.86;0.14;0.00;0.70;0.08;0.2022;0.2096;1
141;141;Agent_1;orders came from the seed rule base (rules as-is);0;0;R11[0.23] R15[0.19] R20[0.12] R26[0.19] A1[0.25] G2[0.25];0.38;0.70;0.13;0.89;0.66;0.38;0.69;0.08;0.2033;0.2098;1
141;141;Agent_2;orders came from the seed rule base (rules as-is);0;0;R11[0.29] R15[0.05] R20[0.03] R26[0.05] A1[0.08] G2[0.08];0.10;0.38;0.03;0.43;0.42;0.32;0.85;0.08;0.2033;0.2098;1
141;141;Agent_3;orders came from the seed rule base (rules as-is);0;0;R7[0.08] R11[0.04] R15[0.03] R20[0.03] R26[0.03] A1[0.08];0.14;0.20;0.07;0.49;0.13;0.06;0.87;0.08;0.2033;0.2098;1
141;141;Agent_4;orders came from the seed rule base (rules as-is);0;0;R20[0.14] R26[0.18] A1[0.41] G2[0.18] G3[0.15] G1[0.06];0.60;0.59;0.00;0.88;0.38;0.00;0.82;0.08;0.2033;0.2098;1
141;141;Agent_5;orders came from the seed rule base (rules as-is);0;0;R11[0.23] R15[0.03] R20[0.02] R26[0.03] A1[0.08] G2[0.08];0.05;0.21;0.02;0.40;0.34;0.25;0.86;0.08;0.2033;0.2098;0
141;141;Agent_6;orders came from the seed rule base (rules as-is);0;0;R7[0.03] R11[0.05] R15[0.17] R20[0.09] R26[0.17] A1[0.08];0.44;0.44;0.17;0.70;0.24;0.19;0.79;0.08;0.2033;0.2098;1
141;141;Agent_7;orders came from the seed rule base (rules as-is);0;0;R7[0.08] R11[0.04] R15[0.17] R20[0.08] R26[0.17] A1[0.08];0.45;0.43;0.20;0.74;0.21;0.17;0.80;0.08;0.2033;0.2098;1
141;141;Agent_8;orders came from the seed rule base (rules as-is);0;0;R20[0.07] R26[0.08] A1[0.22] G2[0.10] G3[0.13] G1[0.11];0.34;0.36;0.00;0.88;0.21;0.00;0.81;0.08;0.2033;0.2098;1
141;141;Agent_9;orders came from the seed rule base (rules as-is);0;0;R7[0.11] R11[0.05] R15[0.16] R20[0.09] R26[0.17] A1[0.11];0.42;0.44;0.19;0.72;0.24;0.17;0.86;0.08;0.2033;0.2098;1
141;141;Agent_10;orders came from the seed rule base (rules as-is);0;0;R7[0.08] R20[0.08] R26[0.17] A1[0.08] G2[0.03] G3[0.08];0.30;0.35;0.05;0.47;0.07;0.00;0.90;0.08;0.2033;0.2098;1
141;141;Agent_11;orders came from the seed rule base (rules as-is);0;0;R7[0.07] R20[0.20] R26[0.17] A1[0.07] G2[0.07] G3[0.07];0.45;0.57;0.04;0.80;0.10;0.00;0.72;0.08;0.2033;0.2098;1
141;141;Agent_12;orders came from the seed rule base (rules as-is);0;0;R20[0.20] R26[0.17] A1[0.11] G2[0.11] G3[0.08] G1[0.09];0.50;0.60;0.00;0.86;0.14;0.00;0.70;0.08;0.2033;0.2098;1
142;142;Agent_1;orders came from the seed rule base (rules as-is);0;0;R11[0.23] R15[0.19] R20[0.12] R26[0.19] A1[0.25] G2[0.25];0.38;0.70;0.13;0.89;0.66;0.38;0.69;0.08;0.2033;0.2100;1
142;142;Agent_2;orders came from the seed rule base (rules as-is);0;0;R11[0.29] R15[0.05] R20[0.03] R26[0.05] A1[0.08] G2[0.08];0.10;0.38;0.03;0.43;0.42;0.32;0.85;0.08;0.2033;0.2100;1
142;142;Agent_3;orders came from the seed rule base (rules as-is);0;0;R7[0.08] R11[0.04] R15[0.03] R20[0.03] R26[0.03] A1[0.08];0.14;0.20;0.07;0.48;0.13;0.06;0.87;0.08;0.2033;0.2100;1
142;142;Agent_4;orders came from the seed rule base (rules as-is);0;0;R20[0.14] R26[0.17] A1[0.41] G2[0.18] G3[0.15] G1[0.06];0.59;0.58;0.00;0.88;0.38;0.00;0.82;0.08;0.2033;0.2100;1
142;142;Agent_5;orders came from the seed rule base (rules as-is);0;0;R11[0.23] R15[0.03] R20[0.02] R26[0.03] A1[0.08] G2[0.08];0.05;0.21;0.02;0.40;0.34;0.25;0.86;0.08;0.2033;0.2100;0
142;142;Agent_6;orders came from the seed rule base (rules as-is);0;0;R7[0.03] R11[0.05] R15[0.17] R20[0.09] R26[0.17] A1[0.08];0.44;0.44;0.17;0.70;0.23;0.19;0.80;0.08;0.2033;0.2100;1
142;142;Agent_7;orders came from the seed rule base (rules as-is);0;0;R7[0.08] R11[0.04] R15[0.17] R20[0.08] R26[0.17] A1[0.08];0.44;0.43;0.19;0.74;0.21;0.17;0.80;0.08;0.2033;0.2100;1
142;142;Agent_8;orders came from the seed rule base (rules as-is);0;0;R20[0.07] R26[0.07] A1[0.22] G2[0.10] G3[0.13] G1[0.11];0.32;0.35;0.00;0.88;0.21;0.00;0.82;0.08;0.2033;0.2100;1
142;142;Agent_9;orders came from the seed rule base (rules as-is);0;0;R7[0.11] R11[0.05] R15[0.16] R20[0.09] R26[0.17] A1[0.11];0.42;0.44;0.19;0.71;0.24;0.17;0.86;0.08;0.2033;0.2100;1
142;142;Agent_10;orders came from the seed rule base (rules as-is);0;0;R7[0.08] R20[0.08] R26[0.17] A1[0.08] G2[0.03] G3[0.08];0.30;0.35;0.05;0.47;0.07;0.00;0.89;0.08;0.2033;0.2100;1
142;142;Agent_11;orders came from the seed rule base (rules as-is);0;0;R7[0.07] R20[0.20] R26[0.17] A1[0.07] G2[0.07] G3[0.07];0.45;0.56;0.04;0.80;0.10;0.00;0.72;0.08;0.2033;0.2100;1
142;142;Agent_12;orders came from the seed rule base (rules as-is);0;0;R20[0.20] R26[0.17] A1[0.11] G2[0.11] G3[0.08] G1[0.09];0.50;0.60;0.00;0.86;0.14;0.00;0.70;0.08;0.2033;0.2100;1
143;143;Agent_1;orders came from the seed rule base (rules as-is);0;0;R11[0.23] R15[0.19] R20[0.12] R26[0.19] A1[0.25] G2[0.25];0.38;0.70;0.13;0.89;0.66;0.38;0.69;0.08;0.2042;0.2083;1
143;143;Agent_2;orders came from the seed rule base (rules as-is);0;0;R11[0.29] R15[0.05] R20[0.03] R26[0.05] A1[0.08] G2[0.08];0.10;0.38;0.03;0.43;0.42;0.32;0.85;0.08;0.2042;0.2083;1
143;143;Agent_3;orders came from the seed rule base (rules as-is);0;0;R7[0.08] R11[0.04] R15[0.03] R20[0.03] R26[0.03] A1[0.08];0.13;0.20;0.07;0.48;0.13;0.06;0.87;0.08;0.2042;0.2083;1
143;143;Agent_4;orders came from the seed rule base (rules as-is);0;0;R20[0.14] R26[0.17] A1[0.41] G2[0.18] G3[0.15] G1[0.06];0.59;0.58;0.00;0.88;0.38;0.00;0.82;0.08;0.2042;0.2083;1
143;143;Agent_5;orders came from the seed rule base (rules as-is);0;0;R11[0.23] R15[0.03] R20[0.02] R26[0.03] A1[0.08] G2[0.08];0.05;0.21;0.02;0.40;0.34;0.25;0.86;0.08;0.2042;0.2083;0
143;143;Agent_6;orders came from the seed rule base (rules as-is);0;0;R7[0.03] R11[0.05] R15[0.17] R20[0.09] R26[0.17] A1[0.08];0.44;0.44;0.17;0.70;0.23;0.19;0.80;0.08;0.2042;0.2083;1
143;143;Agent_7;orders came from the seed rule base (rules as-is);0;0;R7[0.08] R11[0.04] R15[0.17] R20[0.08] R26[0.17] A1[0.08];0.44;0.43;0.19;0.74;0.21;0.17;0.80;0.08;0.2042;0.2083;1
143;143;Agent_8;orders came from the seed rule base (rules as-is);0;0;R20[0.06] R26[0.06] A1[0.22] G2[0.10] G3[0.13] G1[0.11];0.30;0.33;0.00;0.88;0.21;0.00;0.82;0.08;0.2042;0.2083;1
143;143;Agent_9;orders came from the seed rule base (rules as-is);0;0;R7[0.11] R11[0.05] R15[0.16] R20[0.09] R26[0.17] A1[0.11];0.42;0.44;0.19;0.71;0.24;0.17;0.86;0.08;0.2042;0.2083;1
143;143;Agent_10;orders came from the seed rule base (rules as-is);0;0;R7[0.08] R20[0.08] R26[0.17] A1[0.08] G2[0.03] G3[0.08];0.30;0.35;0.05;0.47;0.07;0.00;0.89;0.08;0.2042;0.2083;1
143;143;Agent_11;orders came from the seed rule base (rules as-is);0;0;R7[0.07] R20[0.20] R26[0.17] A1[0.07] G2[0.07] G3[0.07];0.45;0.56;0.04;0.80;0.10;0.00;0.72;0.08;0.2042;0.2083;1
143;143;Agent_12;orders came from the seed rule base (rules as-is);0;0;R20[0.20] R26[0.17] A1[0.11] G2[0.11] G3[0.08] G1[0.09];0.50;0.60;0.00;0.86;0.14;0.00;0.70;0.08;0.2042;0.2083;1
144;144;Agent_1;orders came from the seed rule base (rules as-is);0;0;R11[0.23] R15[0.19] R20[0.12] R26[0.19] A1[0.25] G2[0.25];0.38;0.70;0.13;0.89;0.66;0.38;0.69;0.08;0.2049;0.2070;1
144;144;Agent_2;orders came from the seed rule base (rules as-is);0;0;R11[0.29] R15[0.05] R20[0.03] R26[0.05] A1[0.08] G2[0.08];0.10;0.38;0.03;0.43;0.42;0.32;0.85;0.08;0.2049;0.2070;1
144;144;Agent_3;orders came from the seed rule base (rules as-is);0;0;R7[0.08] R11[0.04] R15[0.03] R20[0.03] R26[0.03] A1[0.08];0.13;0.20;0.07;0.48;0.13;0.06;0.87;0.08;0.2049;0.2070;1
144;144;Agent_4;orders came from the seed rule base (rules as-is);0;0;R20[0.14] R26[0.17] A1[0.41] G2[0.18] G3[0.15] G1[0.06];0.59;0.58;0.00;0.88;0.38;0.00;0.82;0.08;0.2049;0.2070;1
144;144;Agent_5;orders came from the seed rule base (rules as-is);0;0;R11[0.23] R15[0.03] R20[0.02] R26[0.03] A1[0.08] G2[0.08];0.05;0.21;0.02;0.40;0.34;0.25;0.86;0.08;0.2049;0.2070;0
144;144;Agent_6;orders came from the seed rule base (rules as-is);0;0;R7[0.03] R11[0.05] R15[0.17] R20[0.09] R26[0.17] A1[0.08];0.44;0.44;0.16;0.70;0.23;0.18;0.80;0.08;0.2049;0.2070;1
144;144;Agent_7;orders came from the seed rule base (rules as-is);0;0;R7[0.08] R11[0.04] R15[0.17] R20[0.08] R26[0.17] A1[0.08];0.44;0.43;0.19;0.74;0.21;0.17;0.80;0.08;0.2049;0.2070;1
144;144;Agent_8;orders came from the seed rule base (rules as-is);0;0;R20[0.06] R26[0.06] A1[0.22] G2[0.10] G3[0.13] G1[0.11];0.29;0.32;0.00;0.88;0.21;0.00;0.83;0.08;0.2049;0.2070;1
144;144;Agent_9;orders came from the seed rule base (rules as-is);0;0;R7[0.11] R11[0.05] R15[0.16] R20[0.09] R26[0.17] A1[0.11];0.42;0.43;0.19;0.71;0.24;0.17;0.86;0.08;0.2049;0.2070;1
144;144;Agent_10;orders came from the seed rule base (rules as-is);0;0;R7[0.08] R20[0.08] R26[0.17] A1[0.08] G2[0.03] G3[0.08];0.30;0.35;0.05;0.47;0.07;0.00;0.89;0.08;0.2049;0.2070;1
144;144;Agent_11;orders came from the seed rule base (rules as-is);0;0;R7[0.07] R20[0.18] R26[0.17] A1[0.07] G2[0.07] G3[0.07];0.45;0.53;0.04;0.79;0.10;0.00;0.75;0.08;0.2049;0.2070;1
144;144;Agent_12;orders came from the seed rule base (rules as-is);0;0;R20[0.20] R26[0.17] A1[0.11] G2[0.11] G3[0.07] G1[0.09];0.50;0.60;0.00;0.86;0.14;0.00;0.70;0.08;0.2049;0.2070;1
145;145;Agent_1;orders came from the seed rule base (rules as-is);0;0;R11[0.23] R15[0.19] R20[0.12] R26[0.19] A1[0.25] G2[0.25];0.38;0.70;0.13;0.89;0.66;0.38;0.69;0.08;0.2175;0.2075;1
145;145;Agent_2;orders came from the seed rule base (rules as-is);0;0;R11[0.29] R15[0.05] R20[0.03] R26[0.05] A1[0.08] G2[0.08];0.10;0.38;0.03;0.43;0.42;0.32;0.85;0.08;0.2175;0.2075;1
145;145;Agent_3;orders came from the seed rule base (rules as-is);0;0;R7[0.08] R11[0.04] R15[0.03] R20[0.03] R26[0.03] A1[0.08];0.13;0.20;0.07;0.48;0.13;0.06;0.88;0.08;0.2175;0.2075;1
145;145;Agent_4;orders came from the seed rule base (rules as-is);0;0;R20[0.14] R26[0.17] A1[0.41] G2[0.18] G3[0.15] G1[0.06];0.59;0.58;0.00;0.88;0.38;0.00;0.82;0.08;0.2175;0.2075;1
145;145;Agent_5;orders came from the seed rule base (rules as-is);0;0;R11[0.23] R15[0.03] R20[0.02] R26[0.03] A1[0.08] G2[0.08];0.05;0.21;0.02;0.40;0.34;0.25;0.86;0.08;0.2175;0.2075;0
145;145;Agent_6;orders came from the seed rule base (rules as-is);0;0;R7[0.03] R11[0.05] R15[0.17] R20[0.09] R26[0.17] A1[0.08];0.43;0.44;0.16;0.70;0.23;0.18;0.80;0.08;0.2175;0.2075;1
145;145;Agent_7;orders came from the seed rule base (rules as-is);0;0;R7[0.08] R11[0.04] R15[0.17] R20[0.08] R26[0.17] A1[0.08];0.44;0.43;0.19;0.73;0.21;0.17;0.80;0.08;0.2175;0.2075;1
145;145;Agent_8;orders came from the seed rule base (rules as-is);0;0;R20[0.06] R26[0.05] A1[0.22] G2[0.10] G3[0.13] G1[0.12];0.27;0.32;0.00;0.88;0.21;0.00;0.83;0.08;0.2175;0.2075;1
145;145;Agent_9;orders came from the seed rule base (rules as-is);0;0;R7[0.11] R11[0.05] R15[0.16] R20[0.09] R26[0.17] A1[0.11];0.42;0.43;0.19;0.71;0.24;0.17;0.86;0.08;0.2175;0.2075;1
145;145;Agent_10;orders came from the seed rule base (rules as-is);0;0;R7[0.08] R20[0.08] R26[0.17] A1[0.08] G2[0.03] G3[0.08];0.30;0.35;0.05;0.47;0.07;0.00;0.89;0.08;0.2175;0.2075;1
145;145;Agent_11;orders came from the seed rule base (rules as-is);0;0;R7[0.07] R20[0.16] R26[0.17] A1[0.07] G2[0.07] G3[0.07];0.45;0.51;0.04;0.77;0.10;0.00;0.76;0.08;0.2175;0.2075;1
145;145;Agent_12;orders came from the seed rule base (rules as-is);0;0;R20[0.20] R26[0.17] A1[0.11] G2[0.11] G3[0.07] G1[0.09];0.50;0.60;0.00;0.86;0.14;0.00;0.70;0.08;0.2175;0.2075;1
146;146;Agent_1;orders came from the seed rule base (rules as-is);0;0;R11[0.23] R15[0.19] R20[0.12] R26[0.19] A1[0.25] G2[0.25];0.37;0.70;0.13;0.89;0.66;0.38;0.69;0.08;0.2165;0.2062;1
146;146;Agent_2;orders came from the seed rule base (rules as-is);0;0;R11[0.29] R15[0.05] R20[0.03] R26[0.05] A1[0.08] G2[0.08];0.10;0.38;0.03;0.43;0.42;0.32;0.85;0.08;0.2165;0.2062;1
146;146;Agent_3;orders came from the seed rule base (rules as-is);0;0;R7[0.08] R11[0.04] R15[0.03] R20[0.03] R26[0.03] A1[0.08];0.13;0.20;0.07;0.48;0.13;0.06;0.88;0.08;0.2165;0.2062;1
146;146;Agent_4;orders came from the seed rule base (rules as-is);0;0;R20[0.14] R26[0.17] A1[0.38] G2[0.17] G3[0.15] G1[0.06];0.58;0.57;0.00;0.88;0.35;0.00;0.82;0.08;0.2165;0.2062;1
146;146;Agent_5;orders came from the seed rule base (rules as-is);0;0;R11[0.23] R15[0.03] R20[0.02] R26[0.03] A1[0.08] G2[0.08];0.05;0.21;0.02;0.40;0.34;0.25;0.86;0.08;0.2165;0.2062;0
146;146;Agent_6;orders came from the seed rule base (rules as-is);0;0;R7[0.03] R11[0.05] R15[0.17] R20[0.09] R26[0.17] A1[0.08];0.43;0.44;0.16;0.69;0.23;0.18;0.80;0.08;0.2165;0.2062;1
146;146;Agent_7;orders came from the seed rule base (rules as-is);0;0;R7[0.08] R11[0.04] R15[0.17] R20[0.08] R26[0.17] A1[0.08];0.44;0.43;0.19;0.73;0.21;0.17;0.81;0.08;0.2165;0.2062;1
146;146;Agent_8;orders came from the seed rule base (rules as-is);0;0;R20[0.06] R26[0.05] A1[0.22] G2[0.10] G3[0.13] G1[0.12];0.26;0.31;0.00;0.88;0.21;0.00;0.83;0.08;0.2165;0.2062;1
146;146;Agent_9;orders came from the seed rule base (rules as-is);0;0;R7[0.11] R11[0.05] R15[0.16] R20[0.09] R26[0.17] A1[0.11];0.42;0.43;0.19;0.71;0.24;0.17;0.86;0.08;0.2165;0.2062;1
146;146;Agent_10;orders came from the seed rule base (rules as-is);0;0;R7[0.08] R20[0.08] R26[0.17] A1[0.08] G2[0.03] G3[0.08];0.30;0.35;0.05;0.47;0.07;0.00;0.89;0.08;0.2165;0.2062;1
146;146;Agent_11;orders came from the seed rule base (rules as-is);0;0;R7[0.07] R20[0.15] R26[0.17] A1[0.07] G2[0.05] G3[0.07];0.45;0.48;0.04;0.74;0.08;0.00;0.77;0.08;0.2165;0.2062;1
146;146;Agent_12;orders came from the seed rule base (rules as-is);0;0;R20[0.20] R26[0.17] A1[0.11] G2[0.11] G3[0.07] G1[0.09];0.50;0.60;0.00;0.86;0.14;0.00;0.70;0.08;0.2165;0.2062;1
147;147;Agent_1;RL selected stage 1 [evFIS] (deficit bucket: high+gap) → rejected (no improving perturbation found | seed-base decision stands, its orders are applied);1;0;R11[0.23] R15[0.19] R20[0.11] R26[0.19] A1[0.20] G2[0.20];0.40;0.70;0.13;0.88;0.60;0.37;0.69;0.08;0.2190;0.2040;1
147;147;Agent_2;RL selected stage 1 [evFIS] (deficit bucket: high+gap) → rejected (no improving perturbation found | seed-base decision stands, its orders are applied);1;0;R11[0.29] R15[0.05] R20[0.03] R26[0.05] A1[0.08] G2[0.08];0.10;0.38;0.03;0.43;0.42;0.32;0.85;0.08;0.2190;0.2040;1
147;147;Agent_3;RL selected stage 1 [evFIS] (deficit bucket: high+gap) → rejected (no improving perturbation found | seed-base decision stands, its orders are applied);1;0;R7[0.08] R11[0.04] R15[0.06] R20[0.04] R26[0.06] A1[0.08];0.20;0.24;0.09;0.54;0.14;0.08;0.87;0.08;0.2190;0.2040;1
147;147;Agent_4;RL selected stage 1 [evFIS] (deficit bucket: high+gap) → rejected (no improving perturbation found | seed-base decision stands, its orders are applied);1;0;R20[0.14] R26[0.17] A1[0.40] G2[0.18] G3[0.15] G1[0.06];0.57;0.56;0.00;0.88;0.37;0.00;0.82;0.08;0.2190;0.2040;1
147;147;Agent_5;RL selected stage 1 [evFIS] (deficit bucket: high+gap) → rejected (no improving perturbation found | seed-base decision stands, its orders are applied);1;0;R11[0.23] R15[0.03] R20[0.02] R26[0.03] A1[0.08] G2[0.08];0.05;0.21;0.02;0.40;0.34;0.25;0.86;0.08;0.2190;0.2040;0
147;147;Agent_6;RL selected stage 1 [evFIS] (deficit bucket: high+gap) → rejected (no improving perturbation found | seed-base decision stands, its orders are applied);1;0;R7[0.03] R11[0.04] R15[0.17] R20[0.08] R26[0.17] A1[0.08];0.44;0.42;0.17;0.68;0.21;0.17;0.81;0.08;0.2190;0.2040;1
147;147;Agent_7;RL selected stage 1 [evFIS] (deficit bucket: high+gap) → rejected (no improving perturbation found | seed-base decision stands, its orders are applied);1;0;R7[0.08] R11[0.04] R15[0.17] R20[0.08] R26[0.17] A1[0.08];0.44;0.42;0.19;0.73;0.21;0.17;0.80;0.08;0.2190;0.2040;1
147;147;Agent_8;RL selected stage 1 [evFIS] (deficit bucket: high+gap) → rejected (no improving perturbation found | seed-base decision stands, its orders are applied);1;0;R20[0.06] R26[0.04] A1[0.22] G2[0.10] G3[0.13] G1[0.12];0.25;0.30;0.00;0.88;0.21;0.00;0.84;0.08;0.2190;0.2040;1
147;147;Agent_9;RL selected stage 1 [evFIS] (deficit bucket: high+gap) → rejected (no improving perturbation found | seed-base decision stands, its orders are applied);1;0;R7[0.11] R11[0.05] R15[0.16] R20[0.08] R26[0.17] A1[0.11];0.42;0.43;0.19;0.71;0.24;0.17;0.86;0.08;0.2190;0.2040;1
147;147;Agent_10;RL selected stage 1 [evFIS] (deficit bucket: high+gap) → rejected (no improving perturbation found | seed-base decision stands, its orders are applied);1;0;R7[0.08] R20[0.08] R26[0.17] A1[0.08] G2[0.03] G3[0.08];0.29;0.35;0.05;0.47;0.07;0.00;0.89;0.08;0.2190;0.2040;1
147;147;Agent_11;RL selected stage 1 [evFIS] (deficit bucket: high+gap) → rejected (no improving perturbation found | seed-base decision stands, its orders are applied);1;0;R7[0.07] R20[0.14] R26[0.17] A1[0.07] G2[0.04] G3[0.07];0.44;0.47;0.04;0.72;0.07;0.00;0.78;0.08;0.2190;0.2040;1
147;147;Agent_12;RL selected stage 1 [evFIS] (deficit bucket: high+gap) → rejected (no improving perturbation found | seed-base decision stands, its orders are applied);1;0;R20[0.20] R26[0.17] A1[0.11] G2[0.11] G3[0.07] G1[0.09];0.49;0.60;0.00;0.86;0.14;0.00;0.70;0.08;0.2190;0.2040;1
148;148;Agent_1;orders came from the seed rule base (rules as-is);0;0;R11[0.23] R15[0.19] R20[0.11] R26[0.19] A1[0.24] G2[0.24];0.37;0.70;0.13;0.89;0.65;0.37;0.70;0.08;0.2240;0.2050;1
148;148;Agent_2;orders came from the seed rule base (rules as-is);0;0;R11[0.29] R15[0.05] R20[0.03] R26[0.05] A1[0.08] G2[0.08];0.10;0.38;0.03;0.43;0.42;0.32;0.85;0.08;0.2240;0.2050;1
148;148;Agent_3;orders came from the seed rule base (rules as-is);0;0;R7[0.08] R11[0.04] R15[0.07] R20[0.04] R26[0.07] A1[0.08];0.25;0.27;0.11;0.58;0.15;0.10;0.86;0.08;0.2240;0.2050;1
148;148;Agent_4;orders came from the seed rule base (rules as-is);0;0;R20[0.13] R26[0.17] A1[0.40] G2[0.18] G3[0.14] G1[0.06];0.57;0.56;0.00;0.88;0.38;0.00;0.82;0.08;0.2240;0.2050;1
148;148;Agent_5;orders came from the seed rule base (rules as-is);0;0;R11[0.23] R15[0.03] R20[0.02] R26[0.03] A1[0.08] G2[0.08];0.05;0.20;0.02;0.40;0.34;0.25;0.86;0.08;0.2240;0.2050;0
148;148;Agent_6;orders came from the seed rule base (rules as-is);0;0;R7[0.03] R11[0.07] R15[0.17] R20[0.09] R26[0.17] A1[0.08];0.42;0.45;0.16;0.72;0.27;0.21;0.80;0.08;0.2240;0.2050;1
148;148;Agent_7;orders came from the seed rule base (rules as-is);0;0;R7[0.08] R11[0.04] R15[0.17] R20[0.08] R26[0.17] A1[0.08];0.44;0.42;0.19;0.73;0.21;0.17;0.80;0.08;0.2240;0.2050;1
148;148;Agent_8;orders came from the seed rule base (rules as-is);0;0;R20[0.06] R26[0.04] A1[0.22] G2[0.10] G3[0.13] G1[0.12];0.24;0.30;0.00;0.87;0.21;0.00;0.84;0.08;0.2240;0.2050;1
148;148;Agent_9;orders came from the seed rule base (rules as-is);0;0;R7[0.11] R11[0.05] R15[0.16] R20[0.08] R26[0.17] A1[0.11];0.41;0.43;0.19;0.70;0.24;0.17;0.86;0.08;0.2240;0.2050;1
148;148;Agent_10;orders came from the seed rule base (rules as-is);0;0;R7[0.08] R20[0.08] R26[0.17] A1[0.08] G2[0.03] G3[0.08];0.29;0.35;0.05;0.47;0.07;0.00;0.89;0.08;0.2240;0.2050;1
148;148;Agent_11;orders came from the seed rule base (rules as-is);0;0;R7[0.07] R20[0.13] R26[0.17] A1[0.07] G2[0.04] G3[0.07];0.44;0.45;0.04;0.71;0.07;0.00;0.78;0.08;0.2240;0.2050;1
148;148;Agent_12;orders came from the seed rule base (rules as-is);0;0;R20[0.20] R26[0.17] A1[0.11] G2[0.11] G3[0.07] G1[0.09];0.49;0.60;0.00;0.86;0.14;0.00;0.70;0.08;0.2240;0.2050;1
149;149;Agent_1;orders came from the seed rule base (rules as-is);0;0;R11[0.23] R15[0.18] R20[0.11] R26[0.18] A1[0.20] G2[0.20];0.39;0.69;0.13;0.88;0.60;0.37;0.69;0.08;0.2192;0.2028;1
149;149;Agent_2;orders came from the seed rule base (rules as-is);0;0;R11[0.29] R15[0.05] R20[0.03] R26[0.05] A1[0.08] G2[0.08];0.10;0.38;0.03;0.43;0.42;0.32;0.85;0.08;0.2192;0.2028;1
149;149;Agent_3;orders came from the seed rule base (rules as-is);0;0;R7[0.08] R11[0.04] R15[0.09] R20[0.05] R26[0.09] A1[0.08];0.29;0.29;0.12;0.61;0.16;0.11;0.85;0.08;0.2192;0.2028;1
149;149;Agent_4;orders came from the seed rule base (rules as-is);0;0;R20[0.13] R26[0.17] A1[0.40] G2[0.18] G3[0.14] G1[0.06];0.57;0.56;0.00;0.88;0.38;0.00;0.82;0.08;0.2192;0.2028;1
149;149;Agent_5;orders came from the seed rule base (rules as-is);0;0;R11[0.23] R15[0.03] R20[0.02] R26[0.03] A1[0.08] G2[0.08];0.05;0.20;0.02;0.40;0.34;0.25;0.86;0.08;0.2192;0.2028;0
149;149;Agent_6;orders came from the seed rule base (rules as-is);0;0;R7[0.03] R11[0.04] R15[0.17] R20[0.08] R26[0.17] A1[0.08];0.43;0.42;0.16;0.68;0.21;0.17;0.80;0.08;0.2192;0.2028;1
149;149;Agent_7;orders came from the seed rule base (rules as-is);0;0;R7[0.08] R11[0.04] R15[0.16] R20[0.08] R26[0.16] A1[0.08];0.43;0.42;0.19;0.73;0.21;0.17;0.81;0.08;0.2192;0.2028;1
149;149;Agent_8;orders came from the seed rule base (rules as-is);0;0;R20[0.05] R26[0.04] A1[0.22] G2[0.10] G3[0.13] G1[0.12];0.23;0.29;0.00;0.86;0.21;0.00;0.84;0.08;0.2192;0.2028;1
149;149;Agent_9;orders came from the seed rule base (rules as-is);0;0;R7[0.11] R11[0.05] R15[0.16] R20[0.08] R26[0.17] A1[0.11];0.41;0.42;0.19;0.70;0.24;0.17;0.86;0.08;0.2192;0.2028;1
149;149;Agent_10;orders came from the seed rule base (rules as-is);0;0;R7[0.08] R20[0.08] R26[0.17] A1[0.08] G2[0.03] G3[0.08];0.29;0.35;0.05;0.47;0.07;0.00;0.89;0.08;0.2192;0.2028;1
149;149;Agent_11;orders came from the seed rule base (rules as-is);0;0;R7[0.07] R20[0.12] R26[0.17] A1[0.07] G2[0.03] G3[0.07];0.44;0.44;0.04;0.70;0.07;0.00;0.79;0.08;0.2192;0.2028;1
149;149;Agent_12;orders came from the seed rule base (rules as-is);0;0;R20[0.20] R26[0.17] A1[0.11] G2[0.11] G3[0.07] G1[0.09];0.49;0.59;0.00;0.86;0.14;0.00;0.70;0.08;0.2192;0.2028;1
150;150;Agent_1;orders came from the seed rule base (rules as-is);0;0;R11[0.23] R15[0.18] R20[0.11] R26[0.18] A1[0.20] G2[0.20];0.39;0.69;0.13;0.88;0.59;0.37;0.69;0.08;0.2192;0.2024;1
150;150;Agent_2;orders came from the seed rule base (rules as-is);0;0;R11[0.29] R15[0.05] R20[0.03] R26[0.05] A1[0.08] G2[0.08];0.10;0.38;0.03;0.43;0.42;0.32;0.85;0.08;0.2192;0.2024;1
150;150;Agent_3;orders came from the seed rule base (rules as-is);0;0;R7[0.08] R11[0.04] R15[0.10] R20[0.05] R26[0.10] A1[0.08];0.30;0.31;0.13;0.62;0.17;0.12;0.84;0.08;0.2192;0.2024;1
150;150;Agent_4;orders came from the seed rule base (rules as-is);0;0;R20[0.13] R26[0.17] A1[0.40] G2[0.18] G3[0.14] G1[0.05];0.57;0.56;0.00;0.88;0.38;0.00;0.82;0.08;0.2192;0.2024;1
150;150;Agent_5;orders came from the seed rule base (rules as-is);0;0;R11[0.23] R15[0.03] R20[0.02] R26[0.03] A1[0.08] G2[0.08];0.05;0.20;0.02;0.40;0.34;0.25;0.86;0.08;0.2192;0.2024;0
150;150;Agent_6;orders came from the seed rule base (rules as-is);0;0;R7[0.03] R11[0.04] R15[0.17] R20[0.08] R26[0.17] A1[0.08];0.43;0.42;0.16;0.68;0.21;0.17;0.81;0.08;0.2192;0.2024;1
150;150;Agent_7;orders came from the seed rule base (rules as-is);0;0;R7[0.08] R11[0.04] R15[0.16] R20[0.08] R26[0.16] A1[0.08];0.43;0.42;0.19;0.72;0.21;0.17;0.81;0.08;0.2192;0.2024;1
150;150;Agent_8;orders came from the seed rule base (rules as-is);0;0;R20[0.05] R26[0.04] A1[0.22] G2[0.10] G3[0.13] G1[0.12];0.23;0.29;0.00;0.86;0.21;0.00;0.85;0.08;0.2192;0.2024;1
150;150;Agent_9;orders came from the seed rule base (rules as-is);0;0;R7[0.11] R11[0.05] R15[0.16] R20[0.08] R26[0.17] A1[0.11];0.41;0.42;0.19;0.70;0.24;0.17;0.86;0.08;0.2192;0.2024;1
150;150;Agent_10;orders came from the seed rule base (rules as-is);0;0;R7[0.08] R20[0.08] R26[0.17] A1[0.08] G2[0.03] G3[0.08];0.29;0.35;0.05;0.47;0.07;0.00;0.89;0.08;0.2192;0.2024;1
150;150;Agent_11;orders came from the seed rule base (rules as-is);0;0;R7[0.07] R20[0.11] R26[0.17] A1[0.07] G2[0.03] G3[0.07];0.44;0.43;0.04;0.70;0.07;0.00;0.79;0.08;0.2192;0.2024;1
150;150;Agent_12;orders came from the seed rule base (rules as-is);0;0;R20[0.20] R26[0.16] A1[0.11] G2[0.11] G3[0.07] G1[0.09];0.49;0.59;0.00;0.86;0.14;0.00;0.70;0.08;0.2192;0.2024;1
151;151;Agent_1;orders came from the seed rule base (rules as-is);0;0;R11[0.23] R15[0.18] R20[0.11] R26[0.18] A1[0.20] G2[0.20];0.39;0.69;0.12;0.88;0.59;0.37;0.70;0.07;0.2200;0.2016;1
151;151;Agent_2;orders came from the seed rule base (rules as-is);0;0;R11[0.29] R15[0.05] R20[0.03] R26[0.05] A1[0.08] G2[0.08];0.10;0.38;0.03;0.43;0.42;0.32;0.85;0.07;0.2200;0.2016;1
151;151;Agent_3;orders came from the seed rule base (rules as-is);0;0;R7[0.08] R11[0.04] R15[0.11] R20[0.06] R26[0.11] A1[0.08];0.31;0.33;0.14;0.61;0.18;0.13;0.85;0.07;0.2200;0.2016;1
151;151;Agent_4;orders came from the seed rule base (rules as-is);0;0;R20[0.13] R26[0.17] A1[0.40] G2[0.18] G3[0.14] G1[0.05];0.57;0.55;0.00;0.88;0.38;0.00;0.82;0.07;0.2200;0.2016;1
151;151;Agent_5;orders came from the seed rule base (rules as-is);0;0;R11[0.23] R15[0.03] R20[0.02] R26[0.03] A1[0.08] G2[0.08];0.05;0.20;0.02;0.40;0.34;0.25;0.86;0.07;0.2200;0.2016;0
151;151;Agent_6;orders came from the seed rule base (rules as-is);0;0;R7[0.03] R11[0.04] R15[0.16] R20[0.08] R26[0.16] A1[0.08];0.43;0.42;0.16;0.68;0.21;0.17;0.81;0.07;0.2200;0.2016;1
151;151;Agent_7;orders came from the seed rule base (rules as-is);0;0;R7[0.08] R11[0.04] R15[0.16] R20[0.08] R26[0.16] A1[0.08];0.43;0.41;0.19;0.72;0.21;0.17;0.81;0.07;0.2200;0.2016;1
151;151;Agent_8;orders came from the seed rule base (rules as-is);0;0;R20[0.05] R26[0.03] A1[0.22] G2[0.10] G3[0.13] G1[0.12];0.22;0.29;0.00;0.86;0.21;0.00;0.85;0.07;0.2200;0.2016;1
151;151;Agent_9;orders came from the seed rule base (rules as-is);0;0;R7[0.11] R11[0.05] R15[0.16] R20[0.08] R26[0.16] A1[0.11];0.41;0.42;0.19;0.70;0.24;0.17;0.86;0.07;0.2200;0.2016;1
151;151;Agent_10;orders came from the seed rule base (rules as-is);0;0;R7[0.08] R20[0.08] R26[0.16] A1[0.08] G2[0.03] G3[0.08];0.29;0.34;0.05;0.47;0.07;0.00;0.89;0.07;0.2200;0.2016;1
151;151;Agent_11;orders came from the seed rule base (rules as-is);0;0;R7[0.07] R20[0.11] R26[0.16] A1[0.07] G2[0.03] G3[0.07];0.44;0.42;0.04;0.69;0.07;0.00;0.79;0.07;0.2200;0.2016;1
151;151;Agent_12;orders came from the seed rule base (rules as-is);0;0;R20[0.20] R26[0.16] A1[0.11] G2[0.11] G3[0.07] G1[0.09];0.49;0.59;0.00;0.86;0.14;0.00;0.70;0.07;0.2200;0.2016;1
152;152;Agent_1;orders came from the seed rule base (rules as-is);0;0;R11[0.23] R15[0.17] R20[0.11] R26[0.17] A1[0.20] G2[0.20];0.38;0.68;0.12;0.88;0.59;0.36;0.70;0.07;0.2192;0.2017;1
152;152;Agent_2;orders came from the seed rule base (rules as-is);0;0;R11[0.29] R15[0.05] R20[0.03] R26[0.05] A1[0.08] G2[0.08];0.10;0.38;0.03;0.42;0.42;0.32;0.85;0.07;0.2192;0.2017;1
152;152;Agent_3;orders came from the seed rule base (rules as-is);0;0;R7[0.08] R11[0.04] R15[0.12] R20[0.06] R26[0.12] A1[0.08];0.31;0.35;0.15;0.61;0.18;0.13;0.85;0.07;0.2192;0.2017;1
152;152;Agent_4;orders came from the seed rule base (rules as-is);0;0;R20[0.13] R26[0.17] A1[0.40] G2[0.18] G3[0.14] G1[0.05];0.56;0.55;0.00;0.88;0.38;0.00;0.82;0.07;0.2192;0.2017;1
152;152;Agent_5;orders came from the seed rule base (rules as-is);0;0;R11[0.23] R15[0.03] R20[0.02] R26[0.03] A1[0.08] G2[0.08];0.05;0.20;0.02;0.40;0.34;0.25;0.86;0.07;0.2192;0.2017;0
152;152;Agent_6;orders came from the seed rule base (rules as-is);0;0;R7[0.03] R11[0.04] R15[0.16] R20[0.08] R26[0.16] A1[0.08];0.43;0.42;0.16;0.67;0.21;0.17;0.81;0.07;0.2192;0.2017;1
152;152;Agent_7;orders came from the seed rule base (rules as-is);0;0;R7[0.08] R11[0.04] R15[0.16] R20[0.08] R26[0.16] A1[0.08];0.42;0.41;0.18;0.72;0.21;0.16;0.81;0.07;0.2192;0.2017;1
152;152;Agent_8;orders came from the seed rule base (rules as-is);0;0;R20[0.05] R26[0.03] A1[0.22] G2[0.10] G3[0.13] G1[0.12];0.22;0.28;0.00;0.85;0.21;0.00;0.85;0.07;0.2192;0.2017;1
152;152;Agent_9;orders came from the seed rule base (rules as-is);0;0;R7[0.11] R11[0.05] R15[0.16] R20[0.08] R26[0.16] A1[0.11];0.41;0.42;0.19;0.70;0.24;0.17;0.86;0.07;0.2192;0.2017;1
152;152;Agent_10;orders came from the seed rule base (rules as-is);0;0;R7[0.08] R20[0.08] R26[0.16] A1[0.08] G2[0.03] G3[0.08];0.29;0.34;0.05;0.47;0.07;0.00;0.89;0.07;0.2192;0.2017;1
152;152;Agent_11;orders came from the seed rule base (rules as-is);0;0;R7[0.07] R20[0.10] R26[0.16] A1[0.07] G2[0.03] G3[0.07];0.44;0.41;0.04;0.69;0.07;0.00;0.80;0.07;0.2192;0.2017;1
152;152;Agent_12;orders came from the seed rule base (rules as-is);0;0;R20[0.20] R26[0.16] A1[0.11] G2[0.11] G3[0.07] G1[0.09];0.49;0.59;0.00;0.86;0.14;0.00;0.70;0.07;0.2192;0.2017;1
153;153;Agent_1;orders came from the seed rule base (rules as-is);0;0;R11[0.23] R15[0.17] R20[0.10] R26[0.17] A1[0.20] G2[0.20];0.38;0.67;0.12;0.88;0.59;0.36;0.70;0.07;0.2200;0.2008;1
153;153;Agent_2;orders came from the seed rule base (rules as-is);0;0;R11[0.29] R15[0.05] R20[0.03] R26[0.05] A1[0.08] G2[0.08];0.10;0.38;0.03;0.42;0.42;0.32;0.85;0.07;0.2200;0.2008;1
153;153;Agent_3;orders came from the seed rule base (rules as-is);0;0;R7[0.08] R11[0.04] R15[0.13] R20[0.06] R26[0.13] A1[0.08];0.31;0.36;0.16;0.61;0.19;0.14;0.85;0.07;0.2200;0.2008;1
153;153;Agent_4;orders came from the seed rule base (rules as-is);0;0;R20[0.13] R26[0.17] A1[0.40] G2[0.18] G3[0.14] G1[0.05];0.56;0.55;0.00;0.88;0.37;0.00;0.82;0.07;0.2200;0.2008;1
153;153;Agent_5;orders came from the seed rule base (rules as-is);0;0;R11[0.23] R15[0.03] R20[0.02] R26[0.03] A1[0.08] G2[0.08];0.05;0.20;0.02;0.40;0.34;0.25;0.86;0.07;0.2200;0.2008;0
153;153;Agent_6;orders came from the seed rule base (rules as-is);0;0;R7[0.03] R11[0.04] R15[0.16] R20[0.08] R26[0.16] A1[0.08];0.43;0.41;0.16;0.67;0.21;0.17;0.81;0.07;0.2200;0.2008;1
153;153;Agent_7;orders came from the seed rule base (rules as-is);0;0;R7[0.08] R11[0.04] R15[0.16] R20[0.08] R26[0.16] A1[0.08];0.42;0.41;0.18;0.72;0.21;0.16;0.81;0.07;0.2200;0.2008;1
153;153;Agent_8;orders came from the seed rule base (rules as-is);0;0;R20[0.05] R26[0.03] A1[0.22] G2[0.10] G3[0.13] G1[0.12];0.22;0.28;0.00;0.85;0.21;0.00;0.85;0.07;0.2200;0.2008;1
153;153;Agent_9;orders came from the seed rule base (rules as-is);0;0;R7[0.11] R11[0.05] R15[0.16] R20[0.08] R26[0.16] A1[0.11];0.41;0.42;0.19;0.69;0.24;0.17;0.87;0.07;0.2200;0.2008;1
153;153;Agent_10;orders came from the seed rule base (rules as-is);0;0;R7[0.08] R20[0.08] R26[0.16] A1[0.08] G2[0.03] G3[0.08];0.29;0.34;0.05;0.47;0.07;0.00;0.89;0.07;0.2200;0.2008;1
153;153;Agent_11;orders came from the seed rule base (rules as-is);0;0;R7[0.07] R20[0.10] R26[0.16] A1[0.07] G2[0.03] G3[0.07];0.44;0.40;0.04;0.68;0.07;0.00;0.80;0.07;0.2200;0.2008;1
153;153;Agent_12;orders came from the seed rule base (rules as-is);0;0;R20[0.20] R26[0.16] A1[0.11] G2[0.11] G3[0.07] G1[0.09];0.49;0.59;0.00;0.86;0.14;0.00;0.70;0.07;0.2200;0.2008;1
154;154;Agent_1;orders came from the seed rule base (rules as-is);0;0;R11[0.23] R15[0.17] R20[0.10] R26[0.17] A1[0.20] G2[0.20];0.38;0.67;0.12;0.88;0.59;0.36;0.70;0.07;0.2200;0.2005;1
154;154;Agent_2;orders came from the seed rule base (rules as-is);0;0;R11[0.29] R15[0.05] R20[0.03] R26[0.05] A1[0.08] G2[0.08];0.10;0.38;0.03;0.42;0.42;0.32;0.85;0.07;0.2200;0.2005;1
154;154;Agent_3;orders came from the seed rule base (rules as-is);0;0;R7[0.08] R11[0.04] R15[0.13] R20[0.07] R26[0.13] A1[0.08];0.31;0.37;0.16;0.61;0.19;0.14;0.85;0.07;0.2200;0.2005;1
154;154;Agent_4;orders came from the seed rule base (rules as-is);0;0;R20[0.13] R26[0.16] A1[0.40] G2[0.18] G3[0.14] G1[0.05];0.56;0.55;0.00;0.88;0.37;0.00;0.82;0.07;0.2200;0.2005;1
154;154;Agent_5;orders came from the seed rule base (rules as-is);0;0;R11[0.23] R15[0.03] R20[0.02] R26[0.03] A1[0.08] G2[0.08];0.05;0.20;0.02;0.40;0.34;0.25;0.86;0.07;0.2200;0.2005;0
154;154;Agent_6;orders came from the seed rule base (rules as-is);0;0;R7[0.03] R11[0.04] R15[0.16] R20[0.08] R26[0.16] A1[0.08];0.43;0.41;0.16;0.67;0.21;0.17;0.81;0.07;0.2200;0.2005;1
154;154;Agent_7;orders came from the seed rule base (rules as-is);0;0;R7[0.08] R11[0.04] R15[0.16] R20[0.08] R26[0.16] A1[0.08];0.42;0.41;0.18;0.72;0.21;0.16;0.81;0.07;0.2200;0.2005;1
154;154;Agent_8;orders came from the seed rule base (rules as-is);0;0;R20[0.05] R26[0.03] A1[0.22] G2[0.10] G3[0.13] G1[0.12];0.21;0.28;0.00;0.84;0.21;0.00;0.85;0.07;0.2200;0.2005;1
154;154;Agent_9;orders came from the seed rule base (rules as-is);0;0;R7[0.11] R11[0.05] R15[0.16] R20[0.08] R26[0.16] A1[0.11];0.41;0.42;0.19;0.69;0.24;0.17;0.87;0.07;0.2200;0.2005;1
154;154;Agent_10;orders came from the seed rule base (rules as-is);0;0;R7[0.08] R20[0.08] R26[0.16] A1[0.08] G2[0.03] G3[0.08];0.29;0.34;0.05;0.47;0.07;0.00;0.89;0.07;0.2200;0.2005;1
154;154;Agent_11;orders came from the seed rule base (rules as-is);0;0;R7[0.07] R20[0.09] R26[0.16] A1[0.07] G2[0.03] G3[0.07];0.43;0.40;0.04;0.68;0.07;0.00;0.80;0.07;0.2200;0.2005;1
154;154;Agent_12;orders came from the seed rule base (rules as-is);0;0;R20[0.20] R26[0.16] A1[0.11] G2[0.11] G3[0.07] G1[0.09];0.49;0.59;0.00;0.86;0.14;0.00;0.70;0.07;0.2200;0.2005;1
155;155;Agent_1;orders came from the seed rule base (rules as-is);0;0;R11[0.23] R15[0.17] R20[0.10] R26[0.17] A1[0.20] G2[0.20];0.38;0.66;0.12;0.88;0.59;0.36;0.70;0.07;0.2203;0.1999;1
155;155;Agent_2;orders came from the seed rule base (rules as-is);0;0;R11[0.29] R15[0.05] R20[0.03] R26[0.05] A1[0.08] G2[0.08];0.10;0.38;0.03;0.42;0.42;0.32;0.85;0.07;0.2203;0.1999;1
155;155;Agent_3;orders came from the seed rule base (rules as-is);0;0;R7[0.08] R11[0.04] R15[0.14] R20[0.07] R26[0.14] A1[0.08];0.32;0.38;0.17;0.61;0.19;0.15;0.85;0.07;0.2203;0.1999;1
155;155;Agent_4;orders came from the seed rule base (rules as-is);0;0;R20[0.13] R26[0.16] A1[0.40] G2[0.18] G3[0.14] G1[0.05];0.56;0.54;0.00;0.88;0.37;0.00;0.82;0.07;0.2203;0.1999;1
155;155;Agent_5;orders came from the seed rule base (rules as-is);0;0;R11[0.23] R15[0.03] R20[0.02] R26[0.03] A1[0.08] G2[0.08];0.05;0.20;0.02;0.40;0.34;0.25;0.86;0.07;0.2203;0.1999;0
155;155;Agent_6;orders came from the seed rule base (rules as-is);0;0;R7[0.03] R11[0.04] R15[0.16] R20[0.08] R26[0.16] A1[0.08];0.43;0.41;0.16;0.67;0.21;0.17;0.81;0.07;0.2203;0.1999;1
155;155;Agent_7;orders came from the seed rule base (rules as-is);0;0;R7[0.08] R11[0.04] R15[0.15] R20[0.07] R26[0.15] A1[0.08];0.41;0.40;0.18;0.71;0.20;0.16;0.82;0.07;0.2203;0.1999;1
155;155;Agent_8;orders came from the seed rule base (rules as-is);0;0;R20[0.05] R26[0.03] A1[0.22] G2[0.10] G3[0.13] G1[0.12];0.21;0.28;0.00;0.84;0.21;0.00;0.86;0.07;0.2203;0.1999;1
155;155;Agent_9;orders came from the seed rule base (rules as-is);0;0;R7[0.11] R11[0.05] R15[0.16] R20[0.08] R26[0.16] A1[0.11];0.40;0.41;0.19;0.69;0.24;0.17;0.87;0.07;0.2203;0.1999;1
155;155;Agent_10;orders came from the seed rule base (rules as-is);0;0;R7[0.08] R20[0.08] R26[0.16] A1[0.08] G2[0.03] G3[0.08];0.29;0.34;0.05;0.47;0.07;0.00;0.89;0.07;0.2203;0.1999;1
155;155;Agent_11;orders came from the seed rule base (rules as-is);0;0;R7[0.07] R20[0.09] R26[0.16] A1[0.07] G2[0.03] G3[0.07];0.43;0.39;0.04;0.68;0.07;0.00;0.80;0.07;0.2203;0.1999;1
155;155;Agent_12;orders came from the seed rule base (rules as-is);0;0;R20[0.18] R26[0.16] A1[0.11] G2[0.11] G3[0.07] G1[0.09];0.48;0.57;0.00;0.86;0.14;0.00;0.70;0.07;0.2203;0.1999;1
156;156;Agent_1;orders came from the seed rule base (rules as-is);0;0;R11[0.23] R15[0.17] R20[0.10] R26[0.17] A1[0.20] G2[0.20];0.37;0.66;0.12;0.88;0.59;0.36;0.70;0.07;0.2204;0.1989;1
156;156;Agent_2;orders came from the seed rule base (rules as-is);0;0;R11[0.29] R15[0.05] R20[0.03] R26[0.05] A1[0.08] G2[0.08];0.09;0.38;0.03;0.42;0.42;0.32;0.85;0.07;0.2204;0.1989;1
156;156;Agent_3;orders came from the seed rule base (rules as-is);0;0;R7[0.08] R11[0.04] R15[0.14] R20[0.07] R26[0.14] A1[0.08];0.32;0.38;0.17;0.60;0.20;0.15;0.84;0.07;0.2204;0.1989;1
156;156;Agent_4;orders came from the seed rule base (rules as-is);0;0;R20[0.13] R26[0.16] A1[0.40] G2[0.18] G3[0.14] G1[0.05];0.55;0.54;0.00;0.88;0.37;0.00;0.82;0.07;0.2204;0.1989;1
156;156;Agent_5;orders came from the seed rule base (rules as-is);0;0;R11[0.23] R15[0.03] R20[0.02] R26[0.03] A1[0.08] G2[0.08];0.05;0.20;0.02;0.40;0.34;0.25;0.86;0.07;0.2204;0.1989;0
156;156;Agent_6;orders came from the seed rule base (rules as-is);0;0;R7[0.03] R11[0.04] R15[0.16] R20[0.08] R26[0.16] A1[0.08];0.43;0.41;0.16;0.67;0.21;0.16;0.81;0.07;0.2204;0.1989;1
156;156;Agent_7;orders came from the seed rule base (rules as-is);0;0;R7[0.08] R11[0.04] R15[0.15] R20[0.07] R26[0.15] A1[0.08];0.41;0.40;0.18;0.71;0.20;0.16;0.82;0.07;0.2204;0.1989;1
156;156;Agent_8;orders came from the seed rule base (rules as-is);0;0;R20[0.05] R26[0.03] A1[0.22] G2[0.10] G3[0.13] G1[0.12];0.21;0.27;0.00;0.84;0.21;0.00;0.86;0.07;0.2204;0.1989;1
156;156;Agent_9;orders came from the seed rule base (rules as-is);0;0;R7[0.11] R11[0.05] R15[0.16] R20[0.08] R26[0.16] A1[0.11];0.40;0.41;0.19;0.69;0.24;0.17;0.87;0.07;0.2204;0.1989;1
156;156;Agent_10;orders came from the seed rule base (rules as-is);0;0;R7[0.08] R20[0.08] R26[0.16] A1[0.08] G2[0.03] G3[0.08];0.29;0.34;0.05;0.47;0.07;0.00;0.89;0.07;0.2204;0.1989;1
156;156;Agent_11;orders came from the seed rule base (rules as-is);0;0;R7[0.07] R20[0.09] R26[0.16] A1[0.07] G2[0.03] G3[0.07];0.43;0.39;0.04;0.68;0.07;0.00;0.80;0.07;0.2204;0.1989;1
156;156;Agent_12;orders came from the seed rule base (rules as-is);0;0;R20[0.17] R26[0.16] A1[0.11] G2[0.11] G3[0.07] G1[0.09];0.48;0.55;0.00;0.86;0.14;0.00;0.71;0.07;0.2204;0.1989;1
157;157;Agent_1;RL selected stage 3 [GenAI] (deficit bucket: mid+gap) → ACCEPTED: G9: G9: IF asset exposure risk is H AND evacuation pressure is H THEN asset protection 0.9, evacuation 0.6 (adaptation-born: generative (template), gates G1-G4);3;3;R11[0.23] R15[0.17] R20[0.10] R26[0.17] A1[0.19] G2[0.19];0.37;0.65;0.12;0.88;0.60;0.36;0.70;0.07;0.2203;0.1979;1
157;157;Agent_2;RL selected stage 3 [GenAI] (deficit bucket: mid+gap) → ACCEPTED: G9: G9: IF asset exposure risk is H AND evacuation pressure is H THEN asset protection 0.9, evacuation 0.6 (adaptation-born: generative (template), gates G1-G4);3;3;R11[0.29] R15[0.05] R20[0.03] R26[0.05] A1[0.08] G2[0.08];0.09;0.38;0.03;0.42;0.42;0.32;0.85;0.07;0.2203;0.1979;1
157;157;Agent_3;RL selected stage 3 [GenAI] (deficit bucket: mid+gap) → ACCEPTED: G9: G9: IF asset exposure risk is H AND evacuation pressure is H THEN asset protection 0.9, evacuation 0.6 (adaptation-born: generative (template), gates G1-G4);3;3;R7[0.08] R11[0.04] R15[0.15] R20[0.07] R26[0.15] A1[0.08];0.32;0.39;0.17;0.69;0.25;0.15;0.84;0.07;0.2203;0.1979;1
157;157;Agent_4;RL selected stage 3 [GenAI] (deficit bucket: mid+gap) → ACCEPTED: G9: G9: IF asset exposure risk is H AND evacuation pressure is H THEN asset protection 0.9, evacuation 0.6 (adaptation-born: generative (template), gates G1-G4);3;3;R20[0.13] R26[0.16] A1[0.40] G2[0.18] G3[0.14] G1[0.05];0.55;0.54;0.00;0.88;0.59;0.00;0.86;0.07;0.2203;0.1979;1
157;157;Agent_5;RL selected stage 3 [GenAI] (deficit bucket: mid+gap) → ACCEPTED: G9: G9: IF asset exposure risk is H AND evacuation pressure is H THEN asset protection 0.9, evacuation 0.6 (adaptation-born: generative (template), gates G1-G4);3;3;R11[0.23] R15[0.03] R20[0.02] R26[0.03] A1[0.08] G2[0.08];0.05;0.20;0.02;0.40;0.34;0.25;0.86;0.07;0.2203;0.1979;0
157;157;Agent_6;RL selected stage 3 [GenAI] (deficit bucket: mid+gap) → ACCEPTED: G9: G9: IF asset exposure risk is H AND evacuation pressure is H THEN asset protection 0.9, evacuation 0.6 (adaptation-born: generative (template), gates G1-G4);3;3;R7[0.03] R11[0.04] R15[0.16] R20[0.08] R26[0.16] A1[0.08];0.42;0.41;0.16;0.88;0.35;0.16;0.79;0.07;0.2203;0.1979;1
157;157;Agent_7;RL selected stage 3 [GenAI] (deficit bucket: mid+gap) → ACCEPTED: G9: G9: IF asset exposure risk is H AND evacuation pressure is H THEN asset protection 0.9, evacuation 0.6 (adaptation-born: generative (template), gates G1-G4);3;3;R7[0.08] R11[0.04] R15[0.16] R20[0.07] R26[0.16] A1[0.08];0.41;0.40;0.18;0.88;0.38;0.16;0.82;0.07;0.2203;0.1979;1
157;157;Agent_8;RL selected stage 3 [GenAI] (deficit bucket: mid+gap) → ACCEPTED: G9: G9: IF asset exposure risk is H AND evacuation pressure is H THEN asset protection 0.9, evacuation 0.6 (adaptation-born: generative (template), gates G1-G4);3;3;R20[0.05] R26[0.03] A1[0.22] G2[0.10] G3[0.13] G1[0.12];0.21;0.27;0.00;0.88;0.40;0.00;0.89;0.07;0.2203;0.1979;1
157;157;Agent_9;RL selected stage 3 [GenAI] (deficit bucket: mid+gap) → ACCEPTED: G9: G9: IF asset exposure risk is H AND evacuation pressure is H THEN asset protection 0.9, evacuation 0.6 (adaptation-born: generative (template), gates G1-G4);3;3;R7[0.11] R11[0.05] R15[0.16] R20[0.08] R26[0.16] A1[0.11];0.40;0.41;0.19;0.89;0.49;0.17;0.88;0.07;0.2203;0.1979;1
157;157;Agent_10;RL selected stage 3 [GenAI] (deficit bucket: mid+gap) → ACCEPTED: G9: G9: IF asset exposure risk is H AND evacuation pressure is H THEN asset protection 0.9, evacuation 0.6 (adaptation-born: generative (template), gates G1-G4);3;3;R7[0.08] R20[0.08] R26[0.16] A1[0.08] G2[0.03] G3[0.08];0.29;0.34;0.05;0.51;0.09;0.00;0.89;0.07;0.2203;0.1979;1
157;157;Agent_11;RL selected stage 3 [GenAI] (deficit bucket: mid+gap) → ACCEPTED: G9: G9: IF asset exposure risk is H AND evacuation pressure is H THEN asset protection 0.9, evacuation 0.6 (adaptation-born: generative (template), gates G1-G4);3;3;R7[0.07] R20[0.09] R26[0.16] A1[0.07] G2[0.03] G3[0.07];0.43;0.38;0.04;0.88;0.26;0.00;0.80;0.07;0.2203;0.1979;1
157;157;Agent_12;RL selected stage 3 [GenAI] (deficit bucket: mid+gap) → ACCEPTED: G9: G9: IF asset exposure risk is H AND evacuation pressure is H THEN asset protection 0.9, evacuation 0.6 (adaptation-born: generative (template), gates G1-G4);3;3;R20[0.16] R26[0.16] A1[0.11] G2[0.10] G3[0.07] G1[0.09];0.48;0.52;0.00;0.88;0.41;0.00;0.79;0.07;0.2203;0.1979;1
158;158;Agent_1;orders came from the seed rule base (rules as-is);0;0;R11[0.23] R15[0.17] R20[0.10] R26[0.17] A1[0.20] G2[0.20];0.37;0.65;0.12;0.88;0.60;0.36;0.70;0.07;0.2203;0.1970;1
158;158;Agent_2;orders came from the seed rule base (rules as-is);0;0;R11[0.29] R15[0.05] R20[0.03] R26[0.05] A1[0.08] G2[0.08];0.09;0.38;0.03;0.42;0.42;0.32;0.85;0.07;0.2203;0.1970;1
158;158;Agent_3;orders came from the seed rule base (rules as-is);0;0;R7[0.08] R11[0.04] R15[0.15] R20[0.07] R26[0.15] A1[0.08];0.32;0.39;0.17;0.69;0.25;0.15;0.84;0.07;0.2203;0.1970;1
158;158;Agent_4;orders came from the seed rule base (rules as-is);0;0;R20[0.13] R26[0.16] A1[0.40] G2[0.18] G3[0.14] G1[0.05];0.55;0.54;0.00;0.88;0.59;0.00;0.86;0.07;0.2203;0.1970;1
158;158;Agent_5;orders came from the seed rule base (rules as-is);0;0;R11[0.23] R15[0.03] R20[0.02] R26[0.03] A1[0.08] G2[0.08];0.05;0.20;0.02;0.40;0.34;0.25;0.86;0.07;0.2203;0.1970;0
158;158;Agent_6;orders came from the seed rule base (rules as-is);0;0;R7[0.03] R11[0.04] R15[0.16] R20[0.08] R26[0.16] A1[0.08];0.42;0.40;0.16;0.88;0.36;0.16;0.79;0.07;0.2203;0.1970;1
158;158;Agent_7;orders came from the seed rule base (rules as-is);0;0;R7[0.08] R11[0.04] R15[0.15] R20[0.07] R26[0.15] A1[0.08];0.41;0.40;0.18;0.88;0.38;0.16;0.82;0.07;0.2203;0.1970;1
158;158;Agent_8;orders came from the seed rule base (rules as-is);0;0;R20[0.05] R26[0.03] A1[0.22] G2[0.10] G3[0.13] G1[0.12];0.21;0.27;0.00;0.88;0.40;0.00;0.89;0.07;0.2203;0.1970;1
158;158;Agent_9;orders came from the seed rule base (rules as-is);0;0;R7[0.11] R11[0.05] R15[0.16] R20[0.08] R26[0.16] A1[0.11];0.40;0.41;0.19;0.89;0.49;0.17;0.88;0.07;0.2203;0.1970;1
158;158;Agent_10;orders came from the seed rule base (rules as-is);0;0;R7[0.08] R20[0.08] R26[0.16] A1[0.08] G2[0.03] G3[0.08];0.29;0.34;0.05;0.53;0.10;0.00;0.88;0.07;0.2203;0.1970;1
158;158;Agent_11;orders came from the seed rule base (rules as-is);0;0;R7[0.07] R20[0.08] R26[0.16] A1[0.07] G2[0.03] G3[0.07];0.43;0.38;0.04;0.88;0.26;0.00;0.80;0.07;0.2203;0.1970;1
158;158;Agent_12;orders came from the seed rule base (rules as-is);0;0;R20[0.14] R26[0.16] A1[0.11] G2[0.07] G3[0.07] G1[0.09];0.48;0.51;0.00;0.88;0.39;0.00;0.79;0.07;0.2203;0.1970;1
159;159;Agent_1;orders came from the seed rule base (rules as-is);0;0;R11[0.23] R15[0.16] R20[0.10] R26[0.16] A1[0.19] G2[0.19];0.37;0.64;0.11;0.88;0.59;0.36;0.70;0.07;0.2203;0.1966;1
159;159;Agent_2;orders came from the seed rule base (rules as-is);0;0;R11[0.29] R15[0.05] R20[0.03] R26[0.05] A1[0.08] G2[0.08];0.09;0.38;0.03;0.42;0.42;0.32;0.85;0.07;0.2203;0.1966;1
159;159;Agent_3;orders came from the seed rule base (rules as-is);0;0;R7[0.08] R11[0.04] R15[0.15] R20[0.07] R26[0.15] A1[0.08];0.32;0.39;0.18;0.69;0.25;0.16;0.83;0.07;0.2203;0.1966;1
159;159;Agent_4;orders came from the seed rule base (rules as-is);0;0;R20[0.13] R26[0.16] A1[0.40] G2[0.18] G3[0.14] G1[0.05];0.55;0.53;0.00;0.88;0.59;0.00;0.86;0.07;0.2203;0.1966;1
159;159;Agent_5;orders came from the seed rule base (rules as-is);0;0;R11[0.23] R15[0.03] R20[0.02] R26[0.03] A1[0.08] G2[0.08];0.05;0.20;0.02;0.40;0.34;0.25;0.86;0.07;0.2203;0.1966;0
159;159;Agent_6;orders came from the seed rule base (rules as-is);0;0;R7[0.03] R11[0.04] R15[0.16] R20[0.08] R26[0.16] A1[0.08];0.42;0.40;0.16;0.88;0.35;0.16;0.79;0.07;0.2203;0.1966;1
159;159;Agent_7;orders came from the seed rule base (rules as-is);0;0;R7[0.08] R11[0.04] R15[0.15] R20[0.07] R26[0.15] A1[0.08];0.40;0.39;0.17;0.88;0.38;0.15;0.82;0.07;0.2203;0.1966;1
159;159;Agent_8;orders came from the seed rule base (rules as-is);0;0;R20[0.05] R26[0.03] A1[0.23] G2[0.10] G3[0.13] G1[0.12];0.21;0.27;0.00;0.88;0.40;0.00;0.89;0.07;0.2203;0.1966;1
159;159;Agent_9;orders came from the seed rule base (rules as-is);0;0;R7[0.11] R11[0.05] R15[0.16] R20[0.08] R26[0.16] A1[0.11];0.40;0.41;0.19;0.89;0.49;0.17;0.88;0.07;0.2203;0.1966;1
159;159;Agent_10;orders came from the seed rule base (rules as-is);0;0;R7[0.08] R20[0.08] R26[0.16] A1[0.08] G2[0.03] G3[0.08];0.30;0.35;0.05;0.55;0.11;0.00;0.87;0.07;0.2203;0.1966;1
159;159;Agent_11;orders came from the seed rule base (rules as-is);0;0;R7[0.07] R20[0.08] R26[0.16] A1[0.07] G2[0.03] G3[0.07];0.43;0.38;0.04;0.88;0.26;0.00;0.80;0.07;0.2203;0.1966;1
159;159;Agent_12;orders came from the seed rule base (rules as-is);0;0;R20[0.13] R26[0.16] A1[0.11] G2[0.06] G3[0.08] G1[0.09];0.48;0.49;0.00;0.88;0.37;0.00;0.79;0.07;0.2203;0.1966;1
160;160;Agent_1;orders came from the seed rule base (rules as-is);0;0;R11[0.23] R15[0.16] R20[0.10] R26[0.16] A1[0.19] G2[0.19];0.36;0.64;0.11;0.88;0.59;0.36;0.70;0.07;0.2203;0.1965;1
160;160;Agent_2;orders came from the seed rule base (rules as-is);0;0;R11[0.29] R15[0.04] R20[0.03] R26[0.04] A1[0.08] G2[0.08];0.09;0.38;0.03;0.42;0.42;0.32;0.85;0.07;0.2203;0.1965;1
160;160;Agent_3;orders came from the seed rule base (rules as-is);0;0;R7[0.08] R11[0.04] R15[0.15] R20[0.07] R26[0.15] A1[0.08];0.32;0.40;0.18;0.69;0.26;0.16;0.83;0.07;0.2203;0.1965;1
160;160;Agent_4;orders came from the seed rule base (rules as-is);0;0;R20[0.13] R26[0.16] A1[0.40] G2[0.18] G3[0.14] G1[0.05];0.55;0.53;0.00;0.88;0.59;0.00;0.86;0.07;0.2203;0.1965;1
160;160;Agent_5;orders came from the seed rule base (rules as-is);0;0;R11[0.23] R15[0.03] R20[0.02] R26[0.03] A1[0.08] G2[0.08];0.05;0.20;0.02;0.40;0.34;0.25;0.86;0.07;0.2203;0.1965;0
160;160;Agent_6;orders came from the seed rule base (rules as-is);0;0;R7[0.03] R11[0.04] R15[0.16] R20[0.08] R26[0.16] A1[0.08];0.42;0.40;0.16;0.88;0.35;0.16;0.79;0.07;0.2203;0.1965;1
160;160;Agent_7;orders came from the seed rule base (rules as-is);0;0;R7[0.08] R11[0.04] R15[0.15] R20[0.07] R26[0.15] A1[0.08];0.40;0.39;0.17;0.88;0.38;0.15;0.83;0.07;0.2203;0.1965;1
160;160;Agent_8;orders came from the seed rule base (rules as-is);0;0;R20[0.05] R26[0.03] A1[0.23] G2[0.10] G3[0.13] G1[0.12];0.21;0.27;0.00;0.88;0.40;0.00;0.89;0.07;0.2203;0.1965;1
160;160;Agent_9;orders came from the seed rule base (rules as-is);0;0;R7[0.11] R11[0.05] R15[0.16] R20[0.08] R26[0.16] A1[0.11];0.40;0.41;0.19;0.89;0.49;0.17;0.88;0.07;0.2203;0.1965;1
160;160;Agent_10;orders came from the seed rule base (rules as-is);0;0;R7[0.08] R20[0.08] R26[0.16] A1[0.08] G2[0.03] G3[0.08];0.31;0.35;0.05;0.58;0.11;0.00;0.86;0.07;0.2203;0.1965;1
160;160;Agent_11;orders came from the seed rule base (rules as-is);0;0;R7[0.07] R20[0.08] R26[0.16] A1[0.07] G2[0.03] G3[0.07];0.43;0.37;0.04;0.88;0.26;0.00;0.80;0.07;0.2203;0.1965;1
160;160;Agent_12;orders came from the seed rule base (rules as-is);0;0;R20[0.12] R26[0.16] A1[0.11] G2[0.06] G3[0.08] G1[0.09];0.49;0.49;0.00;0.88;0.36;0.00;0.79;0.07;0.2203;0.1965;1
161;161;Agent_1;orders came from the seed rule base (rules as-is);0;0;R11[0.23] R15[0.16] R20[0.10] R26[0.16] A1[0.19] G2[0.19];0.36;0.64;0.11;0.88;0.59;0.35;0.70;0.07;0.2213;0.1964;1
161;161;Agent_2;orders came from the seed rule base (rules as-is);0;0;R11[0.29] R15[0.04] R20[0.03] R26[0.04] A1[0.08] G2[0.08];0.09;0.38;0.03;0.42;0.42;0.32;0.85;0.07;0.2213;0.1964;1
161;161;Agent_3;orders came from the seed rule base (rules as-is);0;0;R7[0.08] R11[0.04] R15[0.15] R20[0.07] R26[0.15] A1[0.08];0.32;0.40;0.18;0.69;0.26;0.16;0.83;0.07;0.2213;0.1964;1
161;161;Agent_4;orders came from the seed rule base (rules as-is);0;0;R20[0.13] R26[0.16] A1[0.40] G2[0.18] G3[0.13] G1[0.05];0.54;0.53;0.00;0.88;0.59;0.00;0.87;0.07;0.2213;0.1964;1
161;161;Agent_5;orders came from the seed rule base (rules as-is);0;0;R11[0.23] R15[0.03] R20[0.02] R26[0.03] A1[0.08] G2[0.08];0.05;0.20;0.02;0.40;0.34;0.25;0.86;0.07;0.2213;0.1964;0
161;161;Agent_6;orders came from the seed rule base (rules as-is);0;0;R7[0.03] R11[0.04] R15[0.16] R20[0.08] R26[0.16] A1[0.08];0.42;0.40;0.16;0.88;0.35;0.16;0.79;0.07;0.2213;0.1964;1
161;161;Agent_7;orders came from the seed rule base (rules as-is);0;0;R7[0.08] R11[0.04] R15[0.15] R20[0.07] R26[0.15] A1[0.08];0.40;0.39;0.17;0.88;0.38;0.15;0.83;0.07;0.2213;0.1964;1
161;161;Agent_8;orders came from the seed rule base (rules as-is);0;0;R20[0.05] R26[0.03] A1[0.23] G2[0.10] G3[0.13] G1[0.12];0.21;0.27;0.00;0.88;0.40;0.00;0.89;0.07;0.2213;0.1964;1
161;161;Agent_9;orders came from the seed rule base (rules as-is);0;0;R7[0.11] R11[0.05] R15[0.16] R20[0.08] R26[0.16] A1[0.11];0.40;0.40;0.19;0.89;0.49;0.17;0.88;0.07;0.2213;0.1964;1
161;161;Agent_10;orders came from the seed rule base (rules as-is);0;0;R7[0.08] R20[0.08] R26[0.16] A1[0.08] G2[0.03] G3[0.08];0.33;0.35;0.05;0.61;0.12;0.00;0.86;0.07;0.2213;0.1964;1
161;161;Agent_11;orders came from the seed rule base (rules as-is);0;0;R7[0.07] R20[0.08] R26[0.16] A1[0.07] G2[0.03] G3[0.07];0.42;0.37;0.04;0.88;0.26;0.00;0.80;0.07;0.2213;0.1964;1
161;161;Agent_12;orders came from the seed rule base (rules as-is);0;0;R20[0.12] R26[0.16] A1[0.12] G2[0.05] G3[0.09] G1[0.09];0.49;0.48;0.00;0.88;0.35;0.00;0.79;0.07;0.2213;0.1964;1
162;162;Agent_1;orders came from the seed rule base (rules as-is);0;0;R11[0.23] R15[0.16] R20[0.09] R26[0.16] A1[0.19] G2[0.19];0.36;0.63;0.11;0.88;0.59;0.35;0.71;0.07;0.2219;0.1965;1
162;162;Agent_2;orders came from the seed rule base (rules as-is);0;0;R11[0.29] R15[0.04] R20[0.03] R26[0.04] A1[0.08] G2[0.08];0.09;0.38;0.03;0.42;0.42;0.32;0.85;0.07;0.2219;0.1965;1
162;162;Agent_3;orders came from the seed rule base (rules as-is);0;0;R7[0.08] R11[0.04] R15[0.15] R20[0.07] R26[0.15] A1[0.08];0.32;0.40;0.18;0.69;0.26;0.16;0.83;0.07;0.2219;0.1965;1
162;162;Agent_4;orders came from the seed rule base (rules as-is);0;0;R20[0.13] R26[0.16] A1[0.40] G2[0.18] G3[0.13] G1[0.05];0.54;0.53;0.00;0.88;0.58;0.00;0.87;0.07;0.2219;0.1965;1
162;162;Agent_5;orders came from the seed rule base (rules as-is);0;0;R11[0.23] R15[0.03] R20[0.02] R26[0.03] A1[0.08] G2[0.08];0.05;0.20;0.02;0.40;0.34;0.25;0.86;0.07;0.2219;0.1965;0
162;162;Agent_6;orders came from the seed rule base (rules as-is);0;0;R7[0.03] R11[0.04] R15[0.16] R20[0.08] R26[0.16] A1[0.08];0.42;0.40;0.16;0.88;0.35;0.16;0.79;0.07;0.2219;0.1965;1
162;162;Agent_7;orders came from the seed rule base (rules as-is);0;0;R7[0.08] R11[0.04] R15[0.15] R20[0.07] R26[0.15] A1[0.08];0.40;0.39;0.17;0.88;0.38;0.15;0.83;0.07;0.2219;0.1965;1
162;162;Agent_8;orders came from the seed rule base (rules as-is);0;0;R20[0.05] R26[0.03] A1[0.23] G2[0.10] G3[0.13] G1[0.12];0.21;0.27;0.00;0.88;0.41;0.00;0.89;0.07;0.2219;0.1965;1
162;162;Agent_9;orders came from the seed rule base (rules as-is);0;0;R7[0.11] R11[0.05] R15[0.16] R20[0.08] R26[0.16] A1[0.11];0.39;0.40;0.19;0.89;0.49;0.17;0.88;0.07;0.2219;0.1965;1
162;162;Agent_10;orders came from the seed rule base (rules as-is);0;0;R7[0.08] R20[0.07] R26[0.16] A1[0.08] G2[0.03] G3[0.08];0.34;0.35;0.05;0.63;0.13;0.00;0.85;0.07;0.2219;0.1965;1
162;162;Agent_11;orders came from the seed rule base (rules as-is);0;0;R7[0.07] R20[0.08] R26[0.16] A1[0.07] G2[0.03] G3[0.07];0.42;0.37;0.04;0.88;0.26;0.00;0.81;0.07;0.2219;0.1965;1
162;162;Agent_12;orders came from the seed rule base (rules as-is);0;0;R20[0.11] R26[0.16] A1[0.12] G2[0.05] G3[0.09] G1[0.09];0.49;0.47;0.00;0.88;0.34;0.00;0.79;0.07;0.2219;0.1965;1
163;163;Agent_1;orders came from the seed rule base (rules as-is);0;0;R11[0.23] R15[0.16] R20[0.09] R26[0.16] A1[0.19] G2[0.19];0.36;0.63;0.11;0.88;0.59;0.35;0.71;0.07;0.2227;0.1964;1
163;163;Agent_2;orders came from the seed rule base (rules as-is);0;0;R11[0.29] R15[0.04] R20[0.03] R26[0.04] A1[0.08] G2[0.08];0.09;0.37;0.03;0.42;0.42;0.32;0.85;0.07;0.2227;0.1964;1
163;163;Agent_3;orders came from the seed rule base (rules as-is);0;0;R7[0.08] R11[0.04] R15[0.15] R20[0.07] R26[0.15] A1[0.08];0.32;0.40;0.18;0.68;0.26;0.16;0.83;0.07;0.2227;0.1964;1
163;163;Agent_4;orders came from the seed rule base (rules as-is);0;0;R20[0.13] R26[0.16] A1[0.40] G2[0.18] G3[0.13] G1[0.05];0.54;0.52;0.00;0.88;0.58;0.00;0.87;0.07;0.2227;0.1964;1
163;163;Agent_5;orders came from the seed rule base (rules as-is);0;0;R11[0.23] R15[0.03] R20[0.02] R26[0.03] A1[0.08] G2[0.08];0.05;0.20;0.02;0.40;0.34;0.25;0.86;0.07;0.2227;0.1964;0
163;163;Agent_6;orders came from the seed rule base (rules as-is);0;0;R7[0.03] R11[0.04] R15[0.16] R20[0.07] R26[0.16] A1[0.08];0.42;0.40;0.16;0.88;0.35;0.16;0.79;0.07;0.2227;0.1964;1
163;163;Agent_7;orders came from the seed rule base (rules as-is);0;0;R7[0.08] R11[0.04] R15[0.15] R20[0.07] R26[0.15] A1[0.08];0.40;0.39;0.17;0.88;0.38;0.15;0.82;0.07;0.2227;0.1964;1
163;163;Agent_8;orders came from the seed rule base (rules as-is);0;0;R20[0.05] R26[0.03] A1[0.23] G2[0.11] G3[0.13] G1[0.12];0.21;0.26;0.00;0.88;0.41;0.00;0.89;0.07;0.2227;0.1964;1
163;163;Agent_9;orders came from the seed rule base (rules as-is);0;0;R7[0.11] R11[0.05] R15[0.16] R20[0.08] R26[0.16] A1[0.11];0.39;0.40;0.19;0.89;0.49;0.17;0.88;0.07;0.2227;0.1964;1
163;163;Agent_10;orders came from the seed rule base (rules as-is);0;0;R7[0.08] R20[0.07] R26[0.16] A1[0.08] G2[0.03] G3[0.08];0.35;0.35;0.05;0.65;0.13;0.00;0.84;0.07;0.2227;0.1964;1
163;163;Agent_11;orders came from the seed rule base (rules as-is);0;0;R7[0.07] R20[0.08] R26[0.16] A1[0.07] G2[0.03] G3[0.07];0.42;0.37;0.04;0.88;0.26;0.00;0.81;0.07;0.2227;0.1964;1
163;163;Agent_12;orders came from the seed rule base (rules as-is);0;0;R20[0.11] R26[0.16] A1[0.12] G2[0.06] G3[0.09] G1[0.09];0.50;0.46;0.00;0.88;0.34;0.00;0.79;0.07;0.2227;0.1964;1
164;164;Agent_1;orders came from the seed rule base (rules as-is);0;0;R11[0.23] R15[0.16] R20[0.09] R26[0.16] A1[0.19] G2[0.19];0.36;0.62;0.11;0.88;0.59;0.35;0.71;0.07;0.2227;0.1965;1
164;164;Agent_2;orders came from the seed rule base (rules as-is);0;0;R11[0.29] R15[0.04] R20[0.03] R26[0.04] A1[0.08] G2[0.08];0.09;0.37;0.03;0.42;0.42;0.32;0.85;0.07;0.2227;0.1965;1
164;164;Agent_3;orders came from the seed rule base (rules as-is);0;0;R7[0.08] R11[0.04] R15[0.15] R20[0.07] R26[0.15] A1[0.08];0.32;0.40;0.18;0.68;0.26;0.16;0.83;0.07;0.2227;0.1965;1
164;164;Agent_4;orders came from the seed rule base (rules as-is);0;0;R20[0.13] R26[0.16] A1[0.40] G2[0.18] G3[0.13] G1[0.05];0.54;0.52;0.00;0.88;0.58;0.00;0.87;0.07;0.2227;0.1965;1
164;164;Agent_5;orders came from the seed rule base (rules as-is);0;0;R11[0.23] R15[0.03] R20[0.02] R26[0.03] A1[0.08] G2[0.08];0.05;0.20;0.02;0.40;0.34;0.25;0.86;0.07;0.2227;0.1965;0
164;164;Agent_6;orders came from the seed rule base (rules as-is);0;0;R7[0.03] R11[0.04] R15[0.15] R20[0.07] R26[0.15] A1[0.08];0.41;0.39;0.15;0.88;0.35;0.16;0.79;0.07;0.2227;0.1965;1
164;164;Agent_7;orders came from the seed rule base (rules as-is);0;0;R7[0.08] R11[0.04] R15[0.15] R20[0.07] R26[0.15] A1[0.08];0.40;0.39;0.17;0.88;0.38;0.15;0.82;0.07;0.2227;0.1965;1
164;164;Agent_8;orders came from the seed rule base (rules as-is);0;0;R20[0.05] R26[0.03] A1[0.24] G2[0.11] G3[0.13] G1[0.11];0.21;0.26;0.00;0.88;0.41;0.00;0.89;0.07;0.2227;0.1965;1
164;164;Agent_9;orders came from the seed rule base (rules as-is);0;0;R7[0.11] R11[0.05] R15[0.15] R20[0.08] R26[0.15] A1[0.11];0.39;0.40;0.19;0.89;0.49;0.17;0.88;0.07;0.2227;0.1965;1
164;164;Agent_10;orders came from the seed rule base (rules as-is);0;0;R7[0.08] R20[0.07] R26[0.15] A1[0.08] G2[0.03] G3[0.08];0.36;0.35;0.05;0.67;0.14;0.00;0.84;0.07;0.2227;0.1965;1
164;164;Agent_11;orders came from the seed rule base (rules as-is);0;0;R7[0.07] R20[0.08] R26[0.15] A1[0.07] G2[0.03] G3[0.07];0.42;0.37;0.04;0.88;0.26;0.00;0.81;0.07;0.2227;0.1965;1
164;164;Agent_12;orders came from the seed rule base (rules as-is);0;0;R20[0.10] R26[0.15] A1[0.13] G2[0.06] G3[0.10] G1[0.08];0.50;0.46;0.00;0.88;0.33;0.00;0.79;0.07;0.2227;0.1965;1
165;165;Agent_1;orders came from the seed rule base (rules as-is);0;0;R11[0.23] R15[0.16] R20[0.09] R26[0.16] A1[0.19] G2[0.19];0.35;0.62;0.11;0.88;0.59;0.35;0.71;0.07;0.2235;0.1965;1
165;165;Agent_2;orders came from the seed rule base (rules as-is);0;0;R11[0.29] R15[0.04] R20[0.03] R26[0.04] A1[0.08] G2[0.08];0.09;0.37;0.03;0.42;0.42;0.32;0.85;0.07;0.2235;0.1965;1
165;165;Agent_3;orders came from the seed rule base (rules as-is);0;0;R7[0.08] R11[0.04] R15[0.15] R20[0.07] R26[0.15] A1[0.08];0.32;0.40;0.18;0.68;0.26;0.16;0.83;0.07;0.2235;0.1965;1
165;165;Agent_4;orders came from the seed rule base (rules as-is);0;0;R20[0.12] R26[0.16] A1[0.40] G2[0.18] G3[0.13] G1[0.05];0.53;0.52;0.00;0.88;0.58;0.00;0.87;0.07;0.2235;0.1965;1
165;165;Agent_5;orders came from the seed rule base (rules as-is);0;0;R11[0.23] R15[0.03] R20[0.02] R26[0.03] A1[0.08] G2[0.08];0.05;0.20;0.02;0.39;0.34;0.25;0.86;0.07;0.2235;0.1965;0
165;165;Agent_6;orders came from the seed rule base (rules as-is);0;0;R7[0.03] R11[0.04] R15[0.15] R20[0.07] R26[0.15] A1[0.08];0.41;0.39;0.15;0.88;0.36;0.16;0.79;0.07;0.2235;0.1965;1
165;165;Agent_7;orders came from the seed rule base (rules as-is);0;0;R7[0.08] R11[0.04] R15[0.13] R20[0.06] R26[0.13] A1[0.08];0.36;0.36;0.16;0.88;0.36;0.14;0.83;0.07;0.2235;0.1965;1
165;165;Agent_8;orders came from the seed rule base (rules as-is);0;0;R20[0.05] R26[0.03] A1[0.24] G2[0.11] G3[0.13] G1[0.11];0.20;0.26;0.00;0.88;0.41;0.00;0.89;0.07;0.2235;0.1965;1
165;165;Agent_9;orders came from the seed rule base (rules as-is);0;0;R7[0.11] R11[0.05] R15[0.15] R20[0.08] R26[0.15] A1[0.11];0.39;0.40;0.19;0.89;0.49;0.17;0.88;0.07;0.2235;0.1965;1
165;165;Agent_10;orders came from the seed rule base (rules as-is);0;0;R7[0.08] R20[0.07] R26[0.15] A1[0.08] G2[0.03] G3[0.08];0.38;0.35;0.05;0.70;0.15;0.00;0.83;0.07;0.2235;0.1965;1
165;165;Agent_11;orders came from the seed rule base (rules as-is);0;0;R7[0.07] R20[0.08] R26[0.15] A1[0.07] G2[0.03] G3[0.07];0.42;0.36;0.04;0.88;0.27;0.00;0.81;0.07;0.2235;0.1965;1
165;165;Agent_12;orders came from the seed rule base (rules as-is);0;0;R20[0.10] R26[0.15] A1[0.13] G2[0.06] G3[0.10] G1[0.08];0.51;0.45;0.00;0.88;0.33;0.00;0.79;0.07;0.2235;0.1965;1
166;166;Agent_1;orders came from the seed rule base (rules as-is);0;0;R11[0.23] R15[0.16] R20[0.09] R26[0.16] A1[0.18] G2[0.18];0.35;0.62;0.11;0.88;0.57;0.35;0.71;0.07;0.2235;0.1965;1
166;166;Agent_2;orders came from the seed rule base (rules as-is);0;0;R11[0.29] R15[0.04] R20[0.03] R26[0.04] A1[0.08] G2[0.08];0.09;0.37;0.03;0.42;0.42;0.32;0.85;0.07;0.2235;0.1965;1
166;166;Agent_3;orders came from the seed rule base (rules as-is);0;0;R7[0.08] R11[0.04] R15[0.15] R20[0.07] R26[0.15] A1[0.08];0.32;0.40;0.18;0.68;0.26;0.16;0.83;0.07;0.2235;0.1965;1
166;166;Agent_4;orders came from the seed rule base (rules as-is);0;0;R20[0.12] R26[0.16] A1[0.40] G2[0.18] G3[0.13] G1[0.05];0.53;0.52;0.00;0.88;0.58;0.00;0.87;0.07;0.2235;0.1965;1
166;166;Agent_5;orders came from the seed rule base (rules as-is);0;0;R11[0.23] R15[0.03] R20[0.02] R26[0.03] A1[0.08] G2[0.08];0.05;0.20;0.02;0.39;0.34;0.25;0.86;0.07;0.2235;0.1965;0
166;166;Agent_6;orders came from the seed rule base (rules as-is);0;0;R7[0.03] R11[0.04] R15[0.15] R20[0.07] R26[0.15] A1[0.08];0.41;0.39;0.15;0.88;0.35;0.16;0.79;0.07;0.2235;0.1965;1
166;166;Agent_7;orders came from the seed rule base (rules as-is);0;0;R7[0.08] R11[0.04] R15[0.13] R20[0.06] R26[0.13] A1[0.08];0.37;0.36;0.16;0.88;0.37;0.14;0.83;0.07;0.2235;0.1965;1
166;166;Agent_8;orders came from the seed rule base (rules as-is);0;0;R20[0.06] R26[0.05] A1[0.24] G2[0.11] G3[0.12] G1[0.11];0.25;0.29;0.00;0.88;0.42;0.00;0.88;0.07;0.2235;0.1965;1
166;166;Agent_9;orders came from the seed rule base (rules as-is);0;0;R7[0.11] R11[0.05] R15[0.15] R20[0.08] R26[0.15] A1[0.11];0.39;0.40;0.19;0.89;0.49;0.17;0.88;0.07;0.2235;0.1965;1
166;166;Agent_10;orders came from the seed rule base (rules as-is);0;0;R7[0.08] R20[0.07] R26[0.15] A1[0.08] G2[0.03] G3[0.08];0.39;0.34;0.05;0.72;0.16;0.00;0.82;0.07;0.2235;0.1965;1
166;166;Agent_11;orders came from the seed rule base (rules as-is);0;0;R7[0.07] R20[0.08] R26[0.15] A1[0.07] G2[0.03] G3[0.07];0.42;0.36;0.04;0.88;0.27;0.00;0.81;0.07;0.2235;0.1965;1
166;166;Agent_12;orders came from the seed rule base (rules as-is);0;0;R20[0.10] R26[0.15] A1[0.14] G2[0.06] G3[0.11] G1[0.08];0.51;0.45;0.00;0.88;0.33;0.00;0.79;0.07;0.2235;0.1965;1
167;167;Agent_1;RL selected stage 3 [GenAI] (deficit bucket: mid+gap) → ACCEPTED: G10: G10: IF asset exposure risk is H AND intervention urgency is H THEN asset protection 0.9, resource deployment 0.3 (adaptation-born: generative (template), gates G1-G4);3;3;R11[0.23] R15[0.15] R20[0.09] R26[0.15] A1[0.19] G2[0.19];0.35;0.63;0.11;0.88;0.58;0.35;0.71;0.07;0.2212;0.1965;1
167;167;Agent_2;RL selected stage 3 [GenAI] (deficit bucket: mid+gap) → ACCEPTED: G10: G10: IF asset exposure risk is H AND intervention urgency is H THEN asset protection 0.9, resource deployment 0.3 (adaptation-born: generative (template), gates G1-G4);3;3;R11[0.29] R15[0.04] R20[0.03] R26[0.04] A1[0.08] G2[0.08];0.09;0.37;0.03;0.42;0.41;0.32;0.85;0.07;0.2212;0.1965;1
167;167;Agent_3;RL selected stage 3 [GenAI] (deficit bucket: mid+gap) → ACCEPTED: G10: G10: IF asset exposure risk is H AND intervention urgency is H THEN asset protection 0.9, resource deployment 0.3 (adaptation-born: generative (template), gates G1-G4);3;3;R7[0.08] R11[0.04] R15[0.15] R20[0.07] R26[0.15] A1[0.08];0.32;0.43;0.18;0.77;0.26;0.16;0.80;0.07;0.2212;0.1965;1
167;167;Agent_4;RL selected stage 3 [GenAI] (deficit bucket: mid+gap) → ACCEPTED: G10: G10: IF asset exposure risk is H AND intervention urgency is H THEN asset protection 0.9, resource deployment 0.3 (adaptation-born: generative (template), gates G1-G4);3;3;R20[0.12] R26[0.16] A1[0.40] G2[0.18] G3[0.13] G1[0.05];0.53;0.57;0.00;0.88;0.58;0.00;0.85;0.07;0.2212;0.1965;1
167;167;Agent_5;RL selected stage 3 [GenAI] (deficit bucket: mid+gap) → ACCEPTED: G10: G10: IF asset exposure risk is H AND intervention urgency is H THEN asset protection 0.9, resource deployment 0.3 (adaptation-born: generative (template), gates G1-G4);3;3;R11[0.23] R15[0.03] R20[0.02] R26[0.03] A1[0.08] G2[0.08];0.05;0.20;0.02;0.39;0.34;0.25;0.86;0.07;0.2212;0.1965;0
167;167;Agent_6;RL selected stage 3 [GenAI] (deficit bucket: mid+gap) → ACCEPTED: G10: G10: IF asset exposure risk is H AND intervention urgency is H THEN asset protection 0.9, resource deployment 0.3 (adaptation-born: generative (template), gates G1-G4);3;3;R7[0.03] R11[0.04] R15[0.15] R20[0.07] R26[0.15] A1[0.08];0.41;0.43;0.15;0.88;0.36;0.16;0.79;0.07;0.2212;0.1965;1
167;167;Agent_7;RL selected stage 3 [GenAI] (deficit bucket: mid+gap) → ACCEPTED: G10: G10: IF asset exposure risk is H AND intervention urgency is H THEN asset protection 0.9, resource deployment 0.3 (adaptation-born: generative (template), gates G1-G4);3;3;R7[0.08] R11[0.04] R15[0.11] R20[0.06] R26[0.11] A1[0.08];0.34;0.37;0.15;0.88;0.36;0.13;0.82;0.07;0.2212;0.1965;1
167;167;Agent_8;RL selected stage 3 [GenAI] (deficit bucket: mid+gap) → ACCEPTED: G10: G10: IF asset exposure risk is H AND intervention urgency is H THEN asset protection 0.9, resource deployment 0.3 (adaptation-born: generative (template), gates G1-G4);3;3;R20[0.05] R26[0.04] A1[0.24] G2[0.11] G3[0.12] G1[0.11];0.24;0.33;0.00;0.89;0.41;0.00;0.87;0.07;0.2212;0.1965;1
167;167;Agent_9;RL selected stage 3 [GenAI] (deficit bucket: mid+gap) → ACCEPTED: G10: G10: IF asset exposure risk is H AND intervention urgency is H THEN asset protection 0.9, resource deployment 0.3 (adaptation-born: generative (template), gates G1-G4);3;3;R7[0.11] R11[0.05] R15[0.15] R20[0.08] R26[0.15] A1[0.11];0.39;0.45;0.19;0.89;0.49;0.17;0.86;0.07;0.2212;0.1965;1
167;167;Agent_10;RL selected stage 3 [GenAI] (deficit bucket: mid+gap) → ACCEPTED: G10: G10: IF asset exposure risk is H AND intervention urgency is H THEN asset protection 0.9, resource deployment 0.3 (adaptation-born: generative (template), gates G1-G4);3;3;R7[0.08] R20[0.07] R26[0.15] A1[0.08] G2[0.03] G3[0.08];0.39;0.37;0.05;0.80;0.16;0.00;0.80;0.07;0.2212;0.1965;1
167;167;Agent_11;RL selected stage 3 [GenAI] (deficit bucket: mid+gap) → ACCEPTED: G10: G10: IF asset exposure risk is H AND intervention urgency is H THEN asset protection 0.9, resource deployment 0.3 (adaptation-born: generative (template), gates G1-G4);3;3;R7[0.08] R20[0.07] R26[0.15] A1[0.08] G2[0.04] G3[0.08];0.43;0.42;0.05;0.89;0.28;0.00;0.80;0.07;0.2212;0.1965;1
167;167;Agent_12;RL selected stage 3 [GenAI] (deficit bucket: mid+gap) → ACCEPTED: G10: G10: IF asset exposure risk is H AND intervention urgency is H THEN asset protection 0.9, resource deployment 0.3 (adaptation-born: generative (template), gates G1-G4);3;3;R20[0.09] R26[0.15] A1[0.14] G2[0.06] G3[0.11] G1[0.08];0.51;0.49;0.00;0.88;0.33;0.00;0.77;0.07;0.2212;0.1965;1
168;168;Agent_1;orders came from the seed rule base (rules as-is);0;0;R11[0.23] R15[0.15] R20[0.09] R26[0.15] A1[0.18] G2[0.18];0.35;0.62;0.11;0.88;0.57;0.35;0.71;0.07;0.2233;0.1966;1
168;168;Agent_2;orders came from the seed rule base (rules as-is);0;0;R11[0.29] R15[0.04] R20[0.03] R26[0.04] A1[0.08] G2[0.08];0.09;0.37;0.03;0.42;0.41;0.32;0.85;0.07;0.2233;0.1966;1
168;168;Agent_3;orders came from the seed rule base (rules as-is);0;0;R7[0.08] R11[0.04] R15[0.15] R20[0.07] R26[0.15] A1[0.08];0.32;0.43;0.18;0.77;0.26;0.16;0.81;0.07;0.2233;0.1966;1
168;168;Agent_4;orders came from the seed rule base (rules as-is);0;0;R20[0.12] R26[0.15] A1[0.40] G2[0.18] G3[0.13] G1[0.05];0.53;0.57;0.00;0.88;0.58;0.00;0.85;0.07;0.2233;0.1966;1
168;168;Agent_5;orders came from the seed rule base (rules as-is);0;0;R11[0.23] R15[0.03] R20[0.02] R26[0.03] A1[0.08] G2[0.08];0.05;0.20;0.02;0.39;0.34;0.25;0.86;0.07;0.2233;0.1966;0
168;168;Agent_6;orders came from the seed rule base (rules as-is);0;0;R7[0.03] R11[0.04] R15[0.15] R20[0.07] R26[0.15] A1[0.08];0.41;0.42;0.15;0.88;0.35;0.16;0.79;0.07;0.2233;0.1966;1
168;168;Agent_7;orders came from the seed rule base (rules as-is);0;0;R7[0.08] R11[0.04] R15[0.10] R20[0.05] R26[0.10] A1[0.08];0.31;0.35;0.13;0.88;0.35;0.12;0.83;0.07;0.2233;0.1966;1
168;168;Agent_8;orders came from the seed rule base (rules as-is);0;0;R20[0.05] R26[0.04] A1[0.24] G2[0.11] G3[0.12] G1[0.11];0.24;0.33;0.00;0.89;0.41;0.00;0.87;0.07;0.2233;0.1966;1
168;168;Agent_9;orders came from the seed rule base (rules as-is);0;0;R7[0.11] R11[0.05] R15[0.15] R20[0.08] R26[0.15] A1[0.11];0.39;0.45;0.19;0.89;0.49;0.17;0.86;0.07;0.2233;0.1966;1
168;168;Agent_10;orders came from the seed rule base (rules as-is);0;0;R7[0.08] R20[0.07] R26[0.15] A1[0.08] G2[0.03] G3[0.08];0.39;0.37;0.05;0.81;0.17;0.00;0.80;0.07;0.2233;0.1966;1
168;168;Agent_11;orders came from the seed rule base (rules as-is);0;0;R7[0.10] R20[0.08] R26[0.15] A1[0.10] G2[0.04] G3[0.10];0.44;0.43;0.06;0.89;0.30;0.00;0.80;0.07;0.2233;0.1966;1
168;168;Agent_12;orders came from the seed rule base (rules as-is);0;0;R20[0.09] R26[0.13] A1[0.14] G2[0.06] G3[0.11] G1[0.08];0.47;0.46;0.00;0.88;0.33;0.00;0.79;0.07;0.2233;0.1966;1
169;169;Agent_1;orders came from the seed rule base (rules as-is);0;0;R11[0.23] R15[0.15] R20[0.09] R26[0.15] A1[0.18] G2[0.18];0.35;0.62;0.11;0.88;0.57;0.35;0.71;0.06;0.2221;0.1966;1
169;169;Agent_2;orders came from the seed rule base (rules as-is);0;0;R11[0.29] R15[0.04] R20[0.03] R26[0.04] A1[0.08] G2[0.08];0.09;0.37;0.03;0.42;0.41;0.32;0.85;0.06;0.2221;0.1966;1
169;169;Agent_3;orders came from the seed rule base (rules as-is);0;0;R7[0.08] R11[0.04] R15[0.15] R20[0.07] R26[0.15] A1[0.08];0.32;0.43;0.18;0.77;0.26;0.16;0.81;0.06;0.2221;0.1966;1
169;169;Agent_4;orders came from the seed rule base (rules as-is);0;0;R20[0.12] R26[0.15] A1[0.40] G2[0.18] G3[0.13] G1[0.05];0.52;0.57;0.00;0.88;0.58;0.00;0.85;0.06;0.2221;0.1966;1
169;169;Agent_5;orders came from the seed rule base (rules as-is);0;0;R11[0.23] R15[0.03] R20[0.02] R26[0.03] A1[0.08] G2[0.08];0.05;0.20;0.02;0.39;0.34;0.25;0.86;0.06;0.2221;0.1966;0
169;169;Agent_6;orders came from the seed rule base (rules as-is);0;0;R7[0.03] R11[0.04] R15[0.15] R20[0.07] R26[0.15] A1[0.08];0.41;0.42;0.15;0.88;0.35;0.16;0.79;0.06;0.2221;0.1966;1
169;169;Agent_7;orders came from the seed rule base (rules as-is);0;0;R7[0.08] R11[0.04] R15[0.09] R20[0.05] R26[0.09] A1[0.08];0.29;0.33;0.12;0.88;0.34;0.11;0.83;0.06;0.2221;0.1966;1
169;169;Agent_8;orders came from the seed rule base (rules as-is);0;0;R20[0.05] R26[0.04] A1[0.25] G2[0.11] G3[0.13] G1[0.11];0.23;0.33;0.00;0.89;0.41;0.00;0.88;0.06;0.2221;0.1966;1
169;169;Agent_9;orders came from the seed rule base (rules as-is);0;0;R7[0.11] R11[0.05] R15[0.15] R20[0.08] R26[0.15] A1[0.11];0.38;0.45;0.19;0.89;0.49;0.17;0.86;0.06;0.2221;0.1966;1
169;169;Agent_10;orders came from the seed rule base (rules as-is);0;0;R7[0.08] R20[0.07] R26[0.15] A1[0.08] G2[0.03] G3[0.08];0.38;0.36;0.05;0.82;0.18;0.00;0.80;0.06;0.2221;0.1966;1
169;169;Agent_11;orders came from the seed rule base (rules as-is);0;0;R7[0.12] R20[0.08] R26[0.15] A1[0.12] G2[0.05] G3[0.12];0.46;0.44;0.07;0.89;0.31;0.00;0.80;0.06;0.2221;0.1966;1
169;169;Agent_12;orders came from the seed rule base (rules as-is);0;0;R20[0.09] R26[0.14] A1[0.15] G2[0.07] G3[0.12] G1[0.08];0.48;0.46;0.00;0.88;0.33;0.00;0.79;0.06;0.2221;0.1966;1
170;170;Agent_1;orders came from the seed rule base (rules as-is);0;0;R11[0.23] R15[0.15] R20[0.09] R26[0.15] A1[0.18] G2[0.18];0.34;0.61;0.11;0.88;0.57;0.35;0.71;0.06;0.2264;0.1966;1
170;170;Agent_2;orders came from the seed rule base (rules as-is);0;0;R11[0.29] R15[0.04] R20[0.03] R26[0.04] A1[0.08] G2[0.08];0.09;0.37;0.03;0.42;0.41;0.32;0.85;0.06;0.2264;0.1966;1
170;170;Agent_3;orders came from the seed rule base (rules as-is);0;0;R7[0.08] R11[0.04] R15[0.15] R20[0.07] R26[0.15] A1[0.08];0.32;0.43;0.18;0.77;0.26;0.16;0.81;0.06;0.2264;0.1966;1
170;170;Agent_4;orders came from the seed rule base (rules as-is);0;0;R20[0.12] R26[0.15] A1[0.40] G2[0.18] G3[0.13] G1[0.05];0.52;0.57;0.00;0.88;0.58;0.00;0.85;0.06;0.2264;0.1966;1
170;170;Agent_5;orders came from the seed rule base (rules as-is);0;0;R11[0.23] R15[0.03] R20[0.02] R26[0.03] A1[0.08] G2[0.08];0.05;0.20;0.02;0.39;0.34;0.25;0.86;0.06;0.2264;0.1966;0
170;170;Agent_6;orders came from the seed rule base (rules as-is);0;0;R7[0.03] R11[0.04] R15[0.15] R20[0.07] R26[0.15] A1[0.08];0.41;0.42;0.15;0.88;0.36;0.16;0.79;0.06;0.2264;0.1966;1
170;170;Agent_7;orders came from the seed rule base (rules as-is);0;0;R7[0.08] R11[0.04] R15[0.08] R20[0.04] R26[0.08] A1[0.08];0.26;0.31;0.11;0.88;0.34;0.10;0.83;0.06;0.2264;0.1966;1
170;170;Agent_8;orders came from the seed rule base (rules as-is);0;0;R20[0.05] R26[0.04] A1[0.25] G2[0.11] G3[0.13] G1[0.11];0.22;0.32;0.00;0.89;0.41;0.00;0.88;0.06;0.2264;0.1966;1
170;170;Agent_9;orders came from the seed rule base (rules as-is);0;0;R7[0.11] R11[0.05] R15[0.15] R20[0.08] R26[0.15] A1[0.11];0.38;0.45;0.19;0.89;0.49;0.17;0.86;0.06;0.2264;0.1966;1
170;170;Agent_10;orders came from the seed rule base (rules as-is);0;0;R7[0.08] R20[0.07] R26[0.15] A1[0.08] G2[0.03] G3[0.08];0.38;0.36;0.05;0.84;0.19;0.00;0.80;0.06;0.2264;0.1966;1
170;170;Agent_11;orders came from the seed rule base (rules as-is);0;0;R7[0.13] R20[0.08] R26[0.15] A1[0.13] G2[0.06] G3[0.12];0.47;0.44;0.08;0.89;0.32;0.00;0.80;0.06;0.2264;0.1966;1
170;170;Agent_12;orders came from the seed rule base (rules as-is);0;0;R20[0.08] R26[0.14] A1[0.15] G2[0.07] G3[0.12] G1[0.08];0.48;0.46;0.00;0.88;0.34;0.00;0.79;0.06;0.2264;0.1966;1
171;171;Agent_1;orders came from the seed rule base (rules as-is);0;0;R11[0.23] R15[0.15] R20[0.09] R26[0.15] A1[0.18] G2[0.18];0.34;0.61;0.10;0.88;0.57;0.34;0.71;0.06;0.2225;0.1966;1
171;171;Agent_2;orders came from the seed rule base (rules as-is);0;0;R11[0.29] R15[0.04] R20[0.03] R26[0.04] A1[0.08] G2[0.08];0.09;0.37;0.03;0.42;0.41;0.32;0.85;0.06;0.2225;0.1966;1
171;171;Agent_3;orders came from the seed rule base (rules as-is);0;0;R7[0.08] R11[0.04] R15[0.15] R20[0.07] R26[0.15] A1[0.08];0.32;0.43;0.18;0.77;0.26;0.16;0.81;0.06;0.2225;0.1966;1
171;171;Agent_4;orders came from the seed rule base (rules as-is);0;0;R20[0.12] R26[0.15] A1[0.40] G2[0.18] G3[0.13] G1[0.05];0.52;0.56;0.00;0.88;0.58;0.00;0.86;0.06;0.2225;0.1966;1
171;171;Agent_5;orders came from the seed rule base (rules as-is);0;0;R11[0.23] R15[0.02] R20[0.02] R26[0.02] A1[0.08] G2[0.08];0.05;0.20;0.02;0.39;0.34;0.24;0.86;0.06;0.2225;0.1966;0
171;171;Agent_6;orders came from the seed rule base (rules as-is);0;0;R7[0.03] R11[0.04] R15[0.15] R20[0.07] R26[0.15] A1[0.08];0.40;0.42;0.15;0.88;0.36;0.16;0.79;0.06;0.2225;0.1966;1
171;171;Agent_7;orders came from the seed rule base (rules as-is);0;0;R7[0.08] R11[0.04] R15[0.07] R20[0.04] R26[0.07] A1[0.08];0.24;0.30;0.11;0.89;0.33;0.09;0.84;0.06;0.2225;0.1966;1
171;171;Agent_8;orders came from the seed rule base (rules as-is);0;0;R20[0.05] R26[0.03] A1[0.25] G2[0.11] G3[0.13] G1[0.11];0.22;0.32;0.00;0.89;0.41;0.00;0.88;0.06;0.2225;0.1966;1
171;171;Agent_9;orders came from the seed rule base (rules as-is);0;0;R7[0.11] R11[0.05] R15[0.15] R20[0.08] R26[0.15] A1[0.11];0.38;0.44;0.19;0.89;0.49;0.17;0.87;0.06;0.2225;0.1966;1
171;171;Agent_10;orders came from the seed rule base (rules as-is);0;0;R7[0.08] R20[0.07] R26[0.15] A1[0.08] G2[0.03] G3[0.08];0.38;0.36;0.05;0.85;0.20;0.00;0.80;0.06;0.2225;0.1966;1
171;171;Agent_11;orders came from the seed rule base (rules as-is);0;0;R7[0.13] R20[0.08] R26[0.15] A1[0.13] G2[0.06] G3[0.12];0.47;0.44;0.08;0.89;0.33;0.00;0.80;0.06;0.2225;0.1966;1
171;171;Agent_12;orders came from the seed rule base (rules as-is);0;0;R20[0.08] R26[0.14] A1[0.16] G2[0.07] G3[0.12] G1[0.08];0.49;0.46;0.00;0.88;0.34;0.00;0.79;0.06;0.2225;0.1966;1
172;172;Agent_1;orders came from the seed rule base (rules as-is);0;0;R11[0.23] R15[0.15] R20[0.09] R26[0.15] A1[0.18] G2[0.18];0.34;0.61;0.10;0.88;0.57;0.34;0.71;0.06;0.2269;0.1966;1
172;172;Agent_2;orders came from the seed rule base (rules as-is);0;0;R11[0.29] R15[0.04] R20[0.03] R26[0.04] A1[0.08] G2[0.08];0.09;0.37;0.03;0.42;0.41;0.32;0.85;0.06;0.2269;0.1966;1
172;172;Agent_3;orders came from the seed rule base (rules as-is);0;0;R7[0.08] R11[0.04] R15[0.15] R20[0.07] R26[0.15] A1[0.08];0.31;0.43;0.18;0.77;0.26;0.16;0.81;0.06;0.2269;0.1966;1
172;172;Agent_4;orders came from the seed rule base (rules as-is);0;0;R20[0.12] R26[0.15] A1[0.40] G2[0.18] G3[0.13] G1[0.05];0.52;0.56;0.00;0.88;0.58;0.00;0.86;0.06;0.2269;0.1966;1
172;172;Agent_5;orders came from the seed rule base (rules as-is);0;0;R11[0.23] R15[0.02] R20[0.02] R26[0.02] A1[0.08] G2[0.08];0.05;0.20;0.02;0.39;0.34;0.24;0.86;0.06;0.2269;0.1966;0
172;172;Agent_6;orders came from the seed rule base (rules as-is);0;0;R7[0.03] R11[0.04] R15[0.15] R20[0.07] R26[0.15] A1[0.08];0.40;0.42;0.15;0.88;0.36;0.16;0.79;0.06;0.2269;0.1966;1
172;172;Agent_7;orders came from the seed rule base (rules as-is);0;0;R7[0.08] R11[0.04] R15[0.06] R20[0.04] R26[0.06] A1[0.08];0.22;0.28;0.10;0.89;0.33;0.09;0.84;0.06;0.2269;0.1966;1
172;172;Agent_8;orders came from the seed rule base (rules as-is);0;0;R20[0.05] R26[0.03] A1[0.25] G2[0.11] G3[0.13] G1[0.11];0.21;0.32;0.00;0.89;0.41;0.00;0.88;0.06;0.2269;0.1966;1
172;172;Agent_9;orders came from the seed rule base (rules as-is);0;0;R7[0.11] R11[0.05] R15[0.15] R20[0.08] R26[0.15] A1[0.11];0.38;0.44;0.19;0.89;0.49;0.17;0.87;0.06;0.2269;0.1966;1
172;172;Agent_10;orders came from the seed rule base (rules as-is);0;0;R7[0.08] R20[0.07] R26[0.15] A1[0.08] G2[0.03] G3[0.08];0.38;0.36;0.05;0.86;0.20;0.00;0.80;0.06;0.2269;0.1966;1
172;172;Agent_11;orders came from the seed rule base (rules as-is);0;0;R7[0.14] R20[0.08] R26[0.15] A1[0.14] G2[0.06] G3[0.12];0.48;0.44;0.09;0.89;0.34;0.00;0.80;0.06;0.2269;0.1966;1
172;172;Agent_12;orders came from the seed rule base (rules as-is);0;0;R20[0.08] R26[0.14] A1[0.16] G2[0.07] G3[0.12] G1[0.08];0.49;0.47;0.00;0.88;0.34;0.00;0.79;0.06;0.2269;0.1966;1
173;173;Agent_1;orders came from the seed rule base (rules as-is);0;0;R11[0.23] R15[0.15] R20[0.09] R26[0.15] A1[0.18] G2[0.18];0.34;0.60;0.10;0.88;0.56;0.34;0.71;0.06;0.2272;0.1966;1
173;173;Agent_2;orders came from the seed rule base (rules as-is);0;0;R11[0.29] R15[0.04] R20[0.03] R26[0.04] A1[0.08] G2[0.08];0.09;0.37;0.03;0.42;0.41;0.32;0.85;0.06;0.2272;0.1966;1
173;173;Agent_3;orders came from the seed rule base (rules as-is);0;0;R7[0.08] R11[0.04] R15[0.15] R20[0.07] R26[0.15] A1[0.08];0.31;0.43;0.18;0.76;0.26;0.16;0.81;0.06;0.2272;0.1966;1
173;173;Agent_4;orders came from the seed rule base (rules as-is);0;0;R20[0.12] R26[0.15] A1[0.40] G2[0.18] G3[0.13] G1[0.05];0.51;0.56;0.00;0.88;0.58;0.00;0.86;0.06;0.2272;0.1966;1
173;173;Agent_5;orders came from the seed rule base (rules as-is);0;0;R11[0.23] R15[0.02] R20[0.02] R26[0.02] A1[0.08] G2[0.08];0.05;0.20;0.02;0.39;0.34;0.24;0.86;0.06;0.2272;0.1966;0
173;173;Agent_6;orders came from the seed rule base (rules as-is);0;0;R7[0.03] R11[0.04] R15[0.15] R20[0.07] R26[0.15] A1[0.08];0.40;0.42;0.15;0.88;0.36;0.15;0.79;0.06;0.2272;0.1966;1
173;173;Agent_7;orders came from the seed rule base (rules as-is);0;0;R7[0.08] R11[0.04] R15[0.06] R20[0.03] R26[0.06] A1[0.08];0.20;0.27;0.10;0.89;0.33;0.08;0.85;0.06;0.2272;0.1966;1
173;173;Agent_8;orders came from the seed rule base (rules as-is);0;0;R20[0.05] R26[0.03] A1[0.25] G2[0.11] G3[0.12] G1[0.11];0.21;0.31;0.00;0.89;0.42;0.00;0.88;0.06;0.2272;0.1966;1
173;173;Agent_9;orders came from the seed rule base (rules as-is);0;0;R7[0.11] R11[0.05] R15[0.15] R20[0.08] R26[0.15] A1[0.11];0.38;0.44;0.19;0.89;0.49;0.17;0.87;0.06;0.2272;0.1966;1
173;173;Agent_10;orders came from the seed rule base (rules as-is);0;0;R7[0.08] R20[0.07] R26[0.15] A1[0.08] G2[0.03] G3[0.08];0.38;0.36;0.05;0.87;0.21;0.00;0.80;0.06;0.2272;0.1966;1
173;173;Agent_11;orders came from the seed rule base (rules as-is);0;0;R7[0.14] R20[0.08] R26[0.15] A1[0.15] G2[0.07] G3[0.12];0.48;0.44;0.09;0.89;0.34;0.00;0.80;0.06;0.2272;0.1966;1
173;173;Agent_12;orders came from the seed rule base (rules as-is);0;0;R20[0.08] R26[0.14] A1[0.16] G2[0.07] G3[0.12] G1[0.08];0.49;0.47;0.00;0.88;0.35;0.00;0.79;0.06;0.2272;0.1966;1
174;174;Agent_1;orders came from the seed rule base (rules as-is);0;0;R11[0.23] R15[0.15] R20[0.09] R26[0.15] A1[0.18] G2[0.18];0.34;0.60;0.10;0.88;0.56;0.34;0.71;0.06;0.2271;0.1967;1
174;174;Agent_2;orders came from the seed rule base (rules as-is);0;0;R11[0.29] R15[0.04] R20[0.03] R26[0.04] A1[0.08] G2[0.08];0.09;0.37;0.03;0.42;0.41;0.32;0.85;0.06;0.2271;0.1967;1
174;174;Agent_3;orders came from the seed rule base (rules as-is);0;0;R7[0.08] R11[0.04] R15[0.15] R20[0.07] R26[0.15] A1[0.08];0.31;0.43;0.18;0.76;0.25;0.16;0.81;0.06;0.2271;0.1967;1
174;174;Agent_4;orders came from the seed rule base (rules as-is);0;0;R20[0.12] R26[0.15] A1[0.40] G2[0.18] G3[0.13] G1[0.05];0.51;0.55;0.00;0.88;0.58;0.00;0.86;0.06;0.2271;0.1967;1
174;174;Agent_5;orders came from the seed rule base (rules as-is);0;0;R11[0.23] R15[0.02] R20[0.02] R26[0.02] A1[0.08] G2[0.08];0.05;0.20;0.02;0.39;0.34;0.24;0.86;0.06;0.2271;0.1967;0
174;174;Agent_6;orders came from the seed rule base (rules as-is);0;0;R7[0.03] R11[0.04] R15[0.15] R20[0.07] R26[0.15] A1[0.08];0.40;0.41;0.15;0.88;0.36;0.15;0.79;0.06;0.2271;0.1967;1
174;174;Agent_7;orders came from the seed rule base (rules as-is);0;0;R7[0.08] R11[0.04] R15[0.05] R20[0.03] R26[0.05] A1[0.08];0.19;0.26;0.09;0.89;0.33;0.08;0.85;0.06;0.2271;0.1967;1
174;174;Agent_8;orders came from the seed rule base (rules as-is);0;0;R20[0.05] R26[0.03] A1[0.25] G2[0.11] G3[0.12] G1[0.11];0.21;0.31;0.00;0.89;0.42;0.00;0.88;0.06;0.2271;0.1967;1
174;174;Agent_9;orders came from the seed rule base (rules as-is);0;0;R7[0.11] R11[0.05] R15[0.15] R20[0.07] R26[0.15] A1[0.11];0.38;0.44;0.19;0.89;0.49;0.17;0.87;0.06;0.2271;0.1967;1
174;174;Agent_10;orders came from the seed rule base (rules as-is);0;0;R7[0.08] R20[0.07] R26[0.15] A1[0.08] G2[0.03] G3[0.08];0.38;0.36;0.05;0.88;0.21;0.00;0.80;0.06;0.2271;0.1967;1
174;174;Agent_11;orders came from the seed rule base (rules as-is);0;0;R7[0.14] R20[0.08] R26[0.15] A1[0.15] G2[0.07] G3[0.12];0.48;0.44;0.09;0.89;0.35;0.00;0.80;0.06;0.2271;0.1967;1
174;174;Agent_12;orders came from the seed rule base (rules as-is);0;0;R20[0.08] R26[0.14] A1[0.17] G2[0.08] G3[0.12] G1[0.08];0.49;0.47;0.00;0.88;0.35;0.00;0.79;0.06;0.2271;0.1967;1
175;175;Agent_1;orders came from the seed rule base (rules as-is);0;0;R11[0.23] R15[0.15] R20[0.08] R26[0.15] A1[0.18] G2[0.18];0.33;0.60;0.10;0.88;0.56;0.34;0.71;0.06;0.2271;0.1967;1
175;175;Agent_2;orders came from the seed rule base (rules as-is);0;0;R11[0.29] R15[0.04] R20[0.03] R26[0.04] A1[0.08] G2[0.08];0.09;0.37;0.03;0.42;0.41;0.32;0.85;0.06;0.2271;0.1967;1
175;175;Agent_3;orders came from the seed rule base (rules as-is);0;0;R7[0.08] R11[0.04] R15[0.15] R20[0.07] R26[0.15] A1[0.08];0.31;0.42;0.18;0.76;0.25;0.16;0.81;0.06;0.2271;0.1967;1
175;175;Agent_4;orders came from the seed rule base (rules as-is);0;0;R20[0.12] R26[0.15] A1[0.40] G2[0.18] G3[0.13] G1[0.05];0.51;0.55;0.00;0.88;0.58;0.00;0.86;0.06;0.2271;0.1967;1
175;175;Agent_5;orders came from the seed rule base (rules as-is);0;0;R11[0.23] R15[0.02] R20[0.02] R26[0.02] A1[0.08] G2[0.08];0.05;0.20;0.02;0.39;0.34;0.24;0.86;0.06;0.2271;0.1967;0
175;175;Agent_6;orders came from the seed rule base (rules as-is);0;0;R7[0.03] R11[0.04] R15[0.15] R20[0.07] R26[0.15] A1[0.08];0.40;0.41;0.15;0.88;0.36;0.15;0.79;0.06;0.2271;0.1967;1
175;175;Agent_7;orders came from the seed rule base (rules as-is);0;0;R7[0.08] R11[0.04] R15[0.05] R20[0.03] R26[0.05] A1[0.08];0.18;0.26;0.09;0.89;0.32;0.07;0.85;0.06;0.2271;0.1967;1
175;175;Agent_8;orders came from the seed rule base (rules as-is);0;0;R20[0.05] R26[0.03] A1[0.26] G2[0.12] G3[0.12] G1[0.11];0.20;0.31;0.00;0.89;0.42;0.00;0.88;0.06;0.2271;0.1967;1
175;175;Agent_9;orders came from the seed rule base (rules as-is);0;0;R7[0.11] R11[0.05] R15[0.15] R20[0.07] R26[0.15] A1[0.11];0.38;0.44;0.19;0.89;0.49;0.17;0.87;0.06;0.2271;0.1967;1
175;175;Agent_10;orders came from the seed rule base (rules as-is);0;0;R7[0.08] R20[0.07] R26[0.15] A1[0.08] G2[0.03] G3[0.08];0.38;0.36;0.05;0.88;0.22;0.00;0.80;0.06;0.2271;0.1967;1
175;175;Agent_11;orders came from the seed rule base (rules as-is);0;0;R7[0.14] R20[0.08] R26[0.15] A1[0.16] G2[0.07] G3[0.12];0.48;0.44;0.09;0.89;0.36;0.00;0.81;0.06;0.2271;0.1967;1
175;175;Agent_12;orders came from the seed rule base (rules as-is);0;0;R20[0.08] R26[0.14] A1[0.17] G2[0.08] G3[0.12] G1[0.08];0.49;0.47;0.00;0.88;0.35;0.00;0.79;0.06;0.2271;0.1967;1
176;176;Agent_1;orders came from the seed rule base (rules as-is);0;0;R11[0.23] R15[0.14] R20[0.08] R26[0.14] A1[0.18] G2[0.18];0.33;0.59;0.10;0.88;0.56;0.34;0.71;0.06;0.2272;0.1967;1
176;176;Agent_2;orders came from the seed rule base (rules as-is);0;0;R11[0.29] R15[0.04] R20[0.03] R26[0.04] A1[0.08] G2[0.08];0.09;0.37;0.03;0.42;0.41;0.32;0.85;0.06;0.2272;0.1967;1
176;176;Agent_3;orders came from the seed rule base (rules as-is);0;0;R7[0.08] R11[0.04] R15[0.15] R20[0.07] R26[0.15] A1[0.08];0.31;0.42;0.18;0.76;0.25;0.16;0.81;0.06;0.2272;0.1967;1
176;176;Agent_4;orders came from the seed rule base (rules as-is);0;0;R20[0.12] R26[0.15] A1[0.40] G2[0.18] G3[0.13] G1[0.05];0.51;0.55;0.00;0.88;0.58;0.00;0.86;0.06;0.2272;0.1967;1
176;176;Agent_5;orders came from the seed rule base (rules as-is);0;0;R11[0.23] R15[0.02] R20[0.02] R26[0.02] A1[0.08] G2[0.08];0.05;0.20;0.02;0.39;0.34;0.24;0.86;0.06;0.2272;0.1967;0
176;176;Agent_6;orders came from the seed rule base (rules as-is);0;0;R7[0.03] R11[0.04] R15[0.15] R20[0.07] R26[0.15] A1[0.08];0.40;0.41;0.15;0.88;0.36;0.15;0.79;0.06;0.2272;0.1967;1
176;176;Agent_7;orders came from the seed rule base (rules as-is);0;0;R7[0.08] R11[0.04] R15[0.04] R20[0.03] R26[0.04] A1[0.08];0.17;0.25;0.08;0.89;0.32;0.07;0.85;0.06;0.2272;0.1967;1
176;176;Agent_8;orders came from the seed rule base (rules as-is);0;0;R20[0.05] R26[0.03] A1[0.26] G2[0.12] G3[0.12] G1[0.11];0.20;0.31;0.00;0.89;0.42;0.00;0.88;0.06;0.2272;0.1967;1
176;176;Agent_9;orders came from the seed rule base (rules as-is);0;0;R7[0.10] R11[0.05] R15[0.15] R20[0.07] R26[0.15] A1[0.10];0.37;0.43;0.19;0.89;0.48;0.16;0.87;0.06;0.2272;0.1967;1
176;176;Agent_10;orders came from the seed rule base (rules as-is);0;0;R7[0.08] R20[0.07] R26[0.15] A1[0.08] G2[0.03] G3[0.08];0.37;0.36;0.05;0.89;0.22;0.00;0.80;0.06;0.2272;0.1967;1
176;176;Agent_11;orders came from the seed rule base (rules as-is);0;0;R7[0.14] R20[0.08] R26[0.15] A1[0.17] G2[0.07] G3[0.11];0.48;0.44;0.09;0.89;0.36;0.00;0.81;0.06;0.2272;0.1967;1
176;176;Agent_12;orders came from the seed rule base (rules as-is);0;0;R20[0.08] R26[0.14] A1[0.18] G2[0.08] G3[0.12] G1[0.08];0.49;0.47;0.00;0.88;0.36;0.00;0.79;0.06;0.2272;0.1967;1
177;177;Agent_1;RL selected stage 3 [GenAI] (deficit bucket: mid+gap) → ACCEPTED: G11: G11: IF evacuation pressure is H AND intervention urgency is H THEN evacuation 0.7, resource deployment 0.3 (adaptation-born: generative (template), gates G1-G4);3;3;R11[0.23] R15[0.14] R20[0.08] R26[0.14] A1[0.18] G2[0.18];0.33;0.60;0.10;0.88;0.59;0.34;0.70;0.06;0.2264;0.1967;1
177;177;Agent_2;RL selected stage 3 [GenAI] (deficit bucket: mid+gap) → ACCEPTED: G11: G11: IF evacuation pressure is H AND intervention urgency is H THEN evacuation 0.7, resource deployment 0.3 (adaptation-born: generative (template), gates G1-G4);3;3;R11[0.29] R15[0.04] R20[0.03] R26[0.04] A1[0.08] G2[0.08];0.09;0.38;0.03;0.42;0.44;0.32;0.86;0.06;0.2264;0.1967;1
177;177;Agent_3;RL selected stage 3 [GenAI] (deficit bucket: mid+gap) → ACCEPTED: G11: G11: IF evacuation pressure is H AND intervention urgency is H THEN evacuation 0.7, resource deployment 0.3 (adaptation-born: generative (template), gates G1-G4);3;3;R7[0.08] R11[0.04] R15[0.15] R20[0.07] R26[0.15] A1[0.08];0.31;0.45;0.18;0.76;0.32;0.15;0.81;0.06;0.2264;0.1967;1
177;177;Agent_4;RL selected stage 3 [GenAI] (deficit bucket: mid+gap) → ACCEPTED: G11: G11: IF evacuation pressure is H AND intervention urgency is H THEN evacuation 0.7, resource deployment 0.3 (adaptation-born: generative (template), gates G1-G4);3;3;R20[0.12] R26[0.15] A1[0.40] G2[0.18] G3[0.12] G1[0.05];0.50;0.59;0.00;0.88;0.62;0.00;0.84;0.06;0.2264;0.1967;1
177;177;Agent_5;RL selected stage 3 [GenAI] (deficit bucket: mid+gap) → ACCEPTED: G11: G11: IF evacuation pressure is H AND intervention urgency is H THEN evacuation 0.7, resource deployment 0.3 (adaptation-born: generative (template), gates G1-G4);3;3;R11[0.23] R15[0.02] R20[0.02] R26[0.02] A1[0.08] G2[0.08];0.05;0.20;0.02;0.39;0.35;0.24;0.86;0.06;0.2264;0.1967;0
177;177;Agent_6;RL selected stage 3 [GenAI] (deficit bucket: mid+gap) → ACCEPTED: G11: G11: IF evacuation pressure is H AND intervention urgency is H THEN evacuation 0.7, resource deployment 0.3 (adaptation-born: generative (template), gates G1-G4);3;3;R7[0.03] R11[0.04] R15[0.15] R20[0.07] R26[0.15] A1[0.08];0.40;0.44;0.15;0.88;0.43;0.15;0.80;0.06;0.2264;0.1967;1
177;177;Agent_7;RL selected stage 3 [GenAI] (deficit bucket: mid+gap) → ACCEPTED: G11: G11: IF evacuation pressure is H AND intervention urgency is H THEN evacuation 0.7, resource deployment 0.3 (adaptation-born: generative (template), gates G1-G4);3;3;R7[0.08] R11[0.04] R15[0.04] R20[0.03] R26[0.04] A1[0.08];0.16;0.28;0.08;0.89;0.39;0.07;0.86;0.06;0.2264;0.1967;1
177;177;Agent_8;RL selected stage 3 [GenAI] (deficit bucket: mid+gap) → ACCEPTED: G11: G11: IF evacuation pressure is H AND intervention urgency is H THEN evacuation 0.7, resource deployment 0.3 (adaptation-born: generative (template), gates G1-G4);3;3;R20[0.05] R26[0.03] A1[0.25] G2[0.11] G3[0.12] G1[0.11];0.20;0.35;0.00;0.89;0.50;0.00;0.89;0.06;0.2264;0.1967;1
177;177;Agent_9;RL selected stage 3 [GenAI] (deficit bucket: mid+gap) → ACCEPTED: G11: G11: IF evacuation pressure is H AND intervention urgency is H THEN evacuation 0.7, resource deployment 0.3 (adaptation-born: generative (template), gates G1-G4);3;3;R7[0.09] R11[0.04] R15[0.15] R20[0.07] R26[0.15] A1[0.09];0.36;0.48;0.18;0.89;0.57;0.16;0.83;0.06;0.2264;0.1967;1
177;177;Agent_10;RL selected stage 3 [GenAI] (deficit bucket: mid+gap) → ACCEPTED: G11: G11: IF evacuation pressure is H AND intervention urgency is H THEN evacuation 0.7, resource deployment 0.3 (adaptation-born: generative (template), gates G1-G4);3;3;R7[0.08] R20[0.07] R26[0.15] A1[0.08] G2[0.03] G3[0.08];0.37;0.39;0.05;0.89;0.28;0.00;0.81;0.06;0.2264;0.1967;1
177;177;Agent_11;RL selected stage 3 [GenAI] (deficit bucket: mid+gap) → ACCEPTED: G11: G11: IF evacuation pressure is H AND intervention urgency is H THEN evacuation 0.7, resource deployment 0.3 (adaptation-born: generative (template), gates G1-G4);3;3;R7[0.14] R20[0.08] R26[0.15] A1[0.16] G2[0.07] G3[0.11];0.48;0.49;0.09;0.89;0.45;0.00;0.82;0.06;0.2264;0.1967;1
177;177;Agent_12;RL selected stage 3 [GenAI] (deficit bucket: mid+gap) → ACCEPTED: G11: G11: IF evacuation pressure is H AND intervention urgency is H THEN evacuation 0.7, resource deployment 0.3 (adaptation-born: generative (template), gates G1-G4);3;3;R20[0.08] R26[0.14] A1[0.17] G2[0.08] G3[0.12] G1[0.08];0.49;0.50;0.00;0.88;0.44;0.00;0.80;0.06;0.2264;0.1967;1
178;178;Agent_1;orders came from the seed rule base (rules as-is);0;0;R11[0.23] R15[0.14] R20[0.08] R26[0.14] A1[0.18] G2[0.18];0.33;0.60;0.10;0.88;0.59;0.34;0.70;0.06;0.2265;0.1967;1
178;178;Agent_2;orders came from the seed rule base (rules as-is);0;0;R11[0.29] R15[0.04] R20[0.03] R26[0.04] A1[0.08] G2[0.08];0.09;0.38;0.03;0.42;0.44;0.32;0.86;0.06;0.2265;0.1967;1
178;178;Agent_3;orders came from the seed rule base (rules as-is);0;0;R7[0.08] R11[0.04] R15[0.15] R20[0.07] R26[0.15] A1[0.08];0.31;0.45;0.17;0.76;0.32;0.15;0.81;0.06;0.2265;0.1967;1
178;178;Agent_4;orders came from the seed rule base (rules as-is);0;0;R20[0.12] R26[0.15] A1[0.40] G2[0.18] G3[0.12] G1[0.05];0.50;0.59;0.00;0.88;0.62;0.00;0.84;0.06;0.2265;0.1967;1
178;178;Agent_5;orders came from the seed rule base (rules as-is);0;0;R11[0.23] R15[0.02] R20[0.02] R26[0.02] A1[0.08] G2[0.08];0.05;0.20;0.02;0.39;0.35;0.24;0.86;0.06;0.2265;0.1967;0
178;178;Agent_6;orders came from the seed rule base (rules as-is);0;0;R7[0.03] R11[0.04] R15[0.15] R20[0.07] R26[0.15] A1[0.08];0.39;0.44;0.15;0.88;0.42;0.15;0.80;0.06;0.2265;0.1967;1
178;178;Agent_7;orders came from the seed rule base (rules as-is);0;0;R7[0.08] R11[0.04] R15[0.04] R20[0.03] R26[0.04] A1[0.08];0.15;0.27;0.08;0.88;0.39;0.07;0.87;0.06;0.2265;0.1967;1
178;178;Agent_8;orders came from the seed rule base (rules as-is);0;0;R20[0.05] R26[0.03] A1[0.24] G2[0.11] G3[0.12] G1[0.11];0.20;0.34;0.00;0.89;0.49;0.00;0.89;0.06;0.2265;0.1967;1
178;178;Agent_9;orders came from the seed rule base (rules as-is);0;0;R7[0.08] R11[0.04] R15[0.15] R20[0.07] R26[0.15] A1[0.08];0.35;0.47;0.17;0.89;0.55;0.15;0.83;0.06;0.2265;0.1967;1
178;178;Agent_10;orders came from the seed rule base (rules as-is);0;0;R7[0.08] R20[0.07] R26[0.15] A1[0.08] G2[0.03] G3[0.08];0.37;0.38;0.05;0.89;0.28;0.00;0.81;0.06;0.2265;0.1967;1
178;178;Agent_11;orders came from the seed rule base (rules as-is);0;0;R7[0.14] R20[0.08] R26[0.15] A1[0.15] G2[0.07] G3[0.11];0.47;0.48;0.09;0.89;0.44;0.00;0.81;0.06;0.2265;0.1967;1
178;178;Agent_12;orders came from the seed rule base (rules as-is);0;0;R20[0.08] R26[0.14] A1[0.16] G2[0.07] G3[0.12] G1[0.08];0.49;0.50;0.00;0.88;0.43;0.00;0.80;0.06;0.2265;0.1967;1
179;179;Agent_1;orders came from the seed rule base (rules as-is);0;0;R11[0.23] R15[0.14] R20[0.08] R26[0.14] A1[0.18] G2[0.18];0.33;0.60;0.10;0.88;0.59;0.34;0.70;0.06;0.2264;0.1967;1
179;179;Agent_2;orders came from the seed rule base (rules as-is);0;0;R11[0.29] R15[0.04] R20[0.03] R26[0.04] A1[0.08] G2[0.08];0.09;0.38;0.03;0.42;0.44;0.32;0.86;0.06;0.2264;0.1967;1
179;179;Agent_3;orders came from the seed rule base (rules as-is);0;0;R7[0.08] R11[0.04] R15[0.15] R20[0.07] R26[0.15] A1[0.08];0.31;0.45;0.17;0.76;0.32;0.15;0.81;0.06;0.2264;0.1967;1
179;179;Agent_4;orders came from the seed rule base (rules as-is);0;0;R20[0.12] R26[0.15] A1[0.39] G2[0.18] G3[0.12] G1[0.05];0.50;0.59;0.00;0.88;0.62;0.00;0.84;0.06;0.2264;0.1967;1
179;179;Agent_5;orders came from the seed rule base (rules as-is);0;0;R11[0.23] R15[0.02] R20[0.02] R26[0.02] A1[0.08] G2[0.08];0.05;0.20;0.02;0.39;0.35;0.24;0.86;0.06;0.2264;0.1967;0
179;179;Agent_6;orders came from the seed rule base (rules as-is);0;0;R7[0.03] R11[0.04] R15[0.14] R20[0.07] R26[0.14] A1[0.08];0.39;0.44;0.15;0.88;0.42;0.15;0.79;0.06;0.2264;0.1967;1
179;179;Agent_7;orders came from the seed rule base (rules as-is);0;0;R7[0.08] R11[0.04] R15[0.04] R20[0.03] R26[0.04] A1[0.08];0.14;0.27;0.08;0.87;0.38;0.06;0.87;0.06;0.2264;0.1967;1
179;179;Agent_8;orders came from the seed rule base (rules as-is);0;0;R20[0.05] R26[0.03] A1[0.23] G2[0.10] G3[0.12] G1[0.11];0.20;0.34;0.00;0.89;0.48;0.00;0.89;0.06;0.2264;0.1967;1
179;179;Agent_9;orders came from the seed rule base (rules as-is);0;0;R7[0.08] R11[0.03] R15[0.14] R20[0.07] R26[0.14] A1[0.08];0.35;0.46;0.17;0.89;0.54;0.15;0.84;0.06;0.2264;0.1967;1
179;179;Agent_10;orders came from the seed rule base (rules as-is);0;0;R7[0.08] R20[0.07] R26[0.14] A1[0.08] G2[0.03] G3[0.08];0.37;0.38;0.05;0.89;0.28;0.00;0.81;0.06;0.2264;0.1967;1
179;179;Agent_11;orders came from the seed rule base (rules as-is);0;0;R7[0.13] R20[0.08] R26[0.14] A1[0.13] G2[0.06] G3[0.11];0.46;0.48;0.08;0.89;0.42;0.00;0.81;0.06;0.2264;0.1967;1
179;179;Agent_12;orders came from the seed rule base (rules as-is);0;0;R20[0.08] R26[0.14] A1[0.15] G2[0.07] G3[0.12] G1[0.08];0.49;0.50;0.00;0.88;0.42;0.00;0.79;0.06;0.2264;0.1967;1
180;180;Agent_1;orders came from the seed rule base (rules as-is);0;0;R11[0.23] R15[0.14] R20[0.08] R26[0.14] A1[0.18] G2[0.18];0.33;0.60;0.10;0.88;0.58;0.34;0.71;0.06;0.2263;0.1967;1
180;180;Agent_2;orders came from the seed rule base (rules as-is);0;0;R11[0.29] R15[0.04] R20[0.03] R26[0.04] A1[0.08] G2[0.08];0.09;0.38;0.03;0.42;0.44;0.32;0.86;0.06;0.2263;0.1967;1
180;180;Agent_3;orders came from the seed rule base (rules as-is);0;0;R7[0.08] R11[0.04] R15[0.15] R20[0.07] R26[0.15] A1[0.08];0.31;0.45;0.17;0.76;0.32;0.15;0.81;0.06;0.2263;0.1967;1
180;180;Agent_4;orders came from the seed rule base (rules as-is);0;0;R20[0.12] R26[0.15] A1[0.39] G2[0.18] G3[0.12] G1[0.05];0.50;0.59;0.00;0.88;0.62;0.00;0.84;0.06;0.2263;0.1967;1
180;180;Agent_5;orders came from the seed rule base (rules as-is);0;0;R11[0.23] R15[0.02] R20[0.02] R26[0.02] A1[0.08] G2[0.08];0.05;0.20;0.02;0.39;0.35;0.24;0.86;0.06;0.2263;0.1967;0
180;180;Agent_6;orders came from the seed rule base (rules as-is);0;0;R7[0.03] R11[0.04] R15[0.14] R20[0.07] R26[0.14] A1[0.08];0.39;0.44;0.14;0.88;0.41;0.15;0.79;0.06;0.2263;0.1967;1
180;180;Agent_7;orders came from the seed rule base (rules as-is);0;0;R7[0.08] R11[0.04] R15[0.03] R20[0.02] R26[0.03] A1[0.08];0.14;0.26;0.08;0.86;0.38;0.06;0.87;0.06;0.2263;0.1967;1
180;180;Agent_8;orders came from the seed rule base (rules as-is);0;0;R20[0.05] R26[0.03] A1[0.22] G2[0.10] G3[0.12] G1[0.11];0.19;0.34;0.00;0.89;0.47;0.00;0.89;0.06;0.2263;0.1967;1
180;180;Agent_9;orders came from the seed rule base (rules as-is);0;0;R7[0.08] R11[0.03] R15[0.14] R20[0.07] R26[0.14] A1[0.08];0.35;0.46;0.17;0.89;0.54;0.15;0.84;0.06;0.2263;0.1967;1
180;180;Agent_10;orders came from the seed rule base (rules as-is);0;0;R7[0.08] R20[0.07] R26[0.14] A1[0.08] G2[0.03] G3[0.08];0.37;0.38;0.05;0.89;0.28;0.00;0.81;0.06;0.2263;0.1967;1
180;180;Agent_11;orders came from the seed rule base (rules as-is);0;0;R7[0.11] R20[0.08] R26[0.14] A1[0.11] G2[0.05] G3[0.11];0.44;0.48;0.07;0.89;0.41;0.00;0.81;0.06;0.2263;0.1967;1
180;180;Agent_12;orders came from the seed rule base (rules as-is);0;0;R20[0.08] R26[0.14] A1[0.14] G2[0.06] G3[0.12] G1[0.08];0.49;0.50;0.00;0.88;0.41;0.00;0.79;0.06;0.2263;0.1967;1
181;181;Agent_1;orders came from the seed rule base (rules as-is);0;0;R11[0.23] R15[0.14] R20[0.08] R26[0.14] A1[0.18] G2[0.18];0.33;0.59;0.10;0.88;0.58;0.34;0.71;0.06;0.2263;0.1967;1
181;181;Agent_2;orders came from the seed rule base (rules as-is);0;0;R11[0.29] R15[0.04] R20[0.03] R26[0.04] A1[0.08] G2[0.08];0.09;0.38;0.03;0.42;0.44;0.32;0.86;0.06;0.2263;0.1967;1
181;181;Agent_3;orders came from the seed rule base (rules as-is);0;0;R7[0.08] R11[0.04] R15[0.15] R20[0.07] R26[0.15] A1[0.08];0.31;0.45;0.17;0.76;0.32;0.15;0.81;0.06;0.2263;0.1967;1
181;181;Agent_4;orders came from the seed rule base (rules as-is);0;0;R20[0.11] R26[0.15] A1[0.39] G2[0.18] G3[0.12] G1[0.05];0.49;0.59;0.00;0.88;0.62;0.00;0.84;0.06;0.2263;0.1967;1
181;181;Agent_5;orders came from the seed rule base (rules as-is);0;0;R11[0.23] R15[0.02] R20[0.02] R26[0.02] A1[0.08] G2[0.08];0.05;0.20;0.02;0.39;0.34;0.24;0.86;0.06;0.2263;0.1967;0
181;181;Agent_6;orders came from the seed rule base (rules as-is);0;0;R7[0.03] R11[0.04] R15[0.14] R20[0.07] R26[0.14] A1[0.08];0.39;0.43;0.14;0.88;0.41;0.15;0.79;0.06;0.2263;0.1967;1
181;181;Agent_7;orders came from the seed rule base (rules as-is);0;0;R7[0.08] R11[0.04] R15[0.03] R20[0.02] R26[0.03] A1[0.08];0.13;0.26;0.07;0.85;0.37;0.06;0.87;0.06;0.2263;0.1967;1
181;181;Agent_8;orders came from the seed rule base (rules as-is);0;0;R20[0.05] R26[0.03] A1[0.21] G2[0.10] G3[0.12] G1[0.11];0.19;0.33;0.00;0.89;0.46;0.00;0.89;0.06;0.2263;0.1967;1
181;181;Agent_9;orders came from the seed rule base (rules as-is);0;0;R7[0.08] R11[0.03] R15[0.14] R20[0.07] R26[0.14] A1[0.08];0.35;0.45;0.17;0.89;0.50;0.15;0.84;0.06;0.2263;0.1967;1
181;181;Agent_10;orders came from the seed rule base (rules as-is);0;0;R7[0.08] R20[0.07] R26[0.14] A1[0.08] G2[0.03] G3[0.08];0.37;0.38;0.05;0.89;0.28;0.00;0.81;0.06;0.2263;0.1967;1
181;181;Agent_11;orders came from the seed rule base (rules as-is);0;0;R7[0.10] R20[0.08] R26[0.14] A1[0.10] G2[0.04] G3[0.10];0.42;0.46;0.06;0.89;0.39;0.00;0.81;0.06;0.2263;0.1967;1
181;181;Agent_12;orders came from the seed rule base (rules as-is);0;0;R20[0.08] R26[0.14] A1[0.13] G2[0.06] G3[0.12] G1[0.08];0.48;0.49;0.00;0.88;0.40;0.00;0.79;0.06;0.2263;0.1967;1
182;182;Agent_1;orders came from the seed rule base (rules as-is);0;0;R11[0.23] R15[0.14] R20[0.08] R26[0.14] A1[0.18] G2[0.18];0.32;0.59;0.10;0.88;0.58;0.34;0.71;0.06;0.2262;0.1967;1
182;182;Agent_2;orders came from the seed rule base (rules as-is);0;0;R11[0.29] R15[0.04] R20[0.03] R26[0.04] A1[0.08] G2[0.08];0.09;0.38;0.03;0.42;0.44;0.32;0.86;0.06;0.2262;0.1967;1
182;182;Agent_3;orders came from the seed rule base (rules as-is);0;0;R7[0.08] R11[0.04] R15[0.15] R20[0.07] R26[0.15] A1[0.08];0.31;0.45;0.17;0.76;0.32;0.15;0.81;0.06;0.2262;0.1967;1
182;182;Agent_4;orders came from the seed rule base (rules as-is);0;0;R20[0.11] R26[0.14] A1[0.39] G2[0.18] G3[0.12] G1[0.05];0.49;0.59;0.00;0.88;0.62;0.00;0.84;0.06;0.2262;0.1967;1
182;182;Agent_5;orders came from the seed rule base (rules as-is);0;0;R11[0.23] R15[0.02] R20[0.02] R26[0.02] A1[0.08] G2[0.08];0.05;0.20;0.02;0.39;0.35;0.24;0.86;0.06;0.2262;0.1967;0
182;182;Agent_6;orders came from the seed rule base (rules as-is);0;0;R7[0.03] R11[0.04] R15[0.14] R20[0.07] R26[0.14] A1[0.08];0.39;0.43;0.14;0.88;0.40;0.15;0.79;0.06;0.2262;0.1967;1
182;182;Agent_7;orders came from the seed rule base (rules as-is);0;0;R7[0.08] R11[0.04] R15[0.03] R20[0.02] R26[0.03] A1[0.08];0.13;0.26;0.07;0.84;0.37;0.06;0.87;0.06;0.2262;0.1967;1
182;182;Agent_8;orders came from the seed rule base (rules as-is);0;0;R20[0.04] R26[0.03] A1[0.20] G2[0.09] G3[0.12] G1[0.10];0.18;0.33;0.00;0.89;0.45;0.00;0.89;0.06;0.2262;0.1967;1
182;182;Agent_9;orders came from the seed rule base (rules as-is);0;0;R7[0.08] R11[0.03] R15[0.14] R20[0.07] R26[0.14] A1[0.08];0.35;0.45;0.17;0.89;0.49;0.15;0.84;0.06;0.2262;0.1967;1
182;182;Agent_10;orders came from the seed rule base (rules as-is);0;0;R7[0.08] R20[0.07] R26[0.14] A1[0.08] G2[0.03] G3[0.08];0.37;0.38;0.05;0.89;0.28;0.00;0.81;0.06;0.2262;0.1967;1
182;182;Agent_11;orders came from the seed rule base (rules as-is);0;0;R7[0.08] R20[0.07] R26[0.14] A1[0.08] G2[0.04] G3[0.08];0.41;0.45;0.05;0.89;0.38;0.00;0.82;0.06;0.2262;0.1967;1
182;182;Agent_12;orders came from the seed rule base (rules as-is);0;0;R20[0.08] R26[0.14] A1[0.12] G2[0.05] G3[0.12] G1[0.08];0.46;0.49;0.00;0.88;0.39;0.00;0.79;0.06;0.2262;0.1967;1
183;183;Agent_1;orders came from the seed rule base (rules as-is);0;0;R11[0.23] R15[0.14] R20[0.08] R26[0.14] A1[0.18] G2[0.18];0.32;0.59;0.10;0.88;0.58;0.34;0.71;0.06;0.2263;0.1967;1
183;183;Agent_2;orders came from the seed rule base (rules as-is);0;0;R11[0.29] R15[0.04] R20[0.03] R26[0.04] A1[0.08] G2[0.08];0.09;0.38;0.03;0.42;0.44;0.32;0.86;0.06;0.2263;0.1967;1
183;183;Agent_3;orders came from the seed rule base (rules as-is);0;0;R7[0.08] R11[0.04] R15[0.14] R20[0.07] R26[0.14] A1[0.08];0.31;0.44;0.17;0.76;0.31;0.15;0.81;0.06;0.2263;0.1967;1
183;183;Agent_4;orders came from the seed rule base (rules as-is);0;0;R20[0.11] R26[0.14] A1[0.39] G2[0.18] G3[0.12] G1[0.05];0.49;0.58;0.00;0.88;0.62;0.00;0.84;0.06;0.2263;0.1967;1
183;183;Agent_5;orders came from the seed rule base (rules as-is);0;0;R11[0.23] R15[0.02] R20[0.02] R26[0.02] A1[0.08] G2[0.08];0.05;0.20;0.02;0.39;0.35;0.24;0.86;0.06;0.2263;0.1967;0
183;183;Agent_6;orders came from the seed rule base (rules as-is);0;0;R7[0.03] R11[0.04] R15[0.14] R20[0.07] R26[0.14] A1[0.08];0.39;0.43;0.14;0.88;0.40;0.15;0.79;0.06;0.2263;0.1967;1
183;183;Agent_7;orders came from the seed rule base (rules as-is);0;0;R7[0.08] R11[0.04] R15[0.03] R20[0.02] R26[0.03] A1[0.08];0.13;0.25;0.07;0.84;0.36;0.06;0.88;0.06;0.2263;0.1967;1
183;183;Agent_8;orders came from the seed rule base (rules as-is);0;0;R20[0.04] R26[0.02] A1[0.19] G2[0.09] G3[0.12] G1[0.10];0.18;0.33;0.00;0.89;0.44;0.00;0.89;0.06;0.2263;0.1967;1
183;183;Agent_9;orders came from the seed rule base (rules as-is);0;0;R7[0.08] R11[0.03] R15[0.14] R20[0.07] R26[0.14] A1[0.08];0.34;0.44;0.17;0.89;0.48;0.15;0.84;0.06;0.2263;0.1967;1
183;183;Agent_10;orders came from the seed rule base (rules as-is);0;0;R7[0.08] R20[0.07] R26[0.14] A1[0.08] G2[0.03] G3[0.08];0.36;0.38;0.05;0.88;0.28;0.00;0.81;0.06;0.2263;0.1967;1
183;183;Agent_11;orders came from the seed rule base (rules as-is);0;0;R7[0.08] R20[0.07] R26[0.14] A1[0.08] G2[0.04] G3[0.08];0.39;0.44;0.05;0.89;0.37;0.00;0.82;0.06;0.2263;0.1967;1
183;183;Agent_12;orders came from the seed rule base (rules as-is);0;0;R20[0.08] R26[0.14] A1[0.11] G2[0.05] G3[0.11] G1[0.08];0.45;0.47;0.00;0.88;0.38;0.00;0.79;0.06;0.2263;0.1967;1
184;184;Agent_1;orders came from the seed rule base (rules as-is);0;0;R11[0.23] R15[0.14] R20[0.08] R26[0.14] A1[0.18] G2[0.18];0.32;0.59;0.10;0.88;0.58;0.34;0.71;0.06;0.2264;0.1967;1
184;184;Agent_2;orders came from the seed rule base (rules as-is);0;0;R11[0.29] R15[0.04] R20[0.03] R26[0.04] A1[0.08] G2[0.08];0.09;0.38;0.03;0.41;0.44;0.32;0.86;0.06;0.2264;0.1967;1
184;184;Agent_3;orders came from the seed rule base (rules as-is);0;0;R7[0.08] R11[0.04] R15[0.14] R20[0.07] R26[0.14] A1[0.08];0.31;0.44;0.17;0.76;0.31;0.15;0.81;0.06;0.2264;0.1967;1
184;184;Agent_4;orders came from the seed rule base (rules as-is);0;0;R20[0.11] R26[0.14] A1[0.39] G2[0.18] G3[0.12] G1[0.05];0.49;0.58;0.00;0.88;0.62;0.00;0.84;0.06;0.2264;0.1967;1
184;184;Agent_5;orders came from the seed rule base (rules as-is);0;0;R11[0.23] R15[0.02] R20[0.02] R26[0.02] A1[0.08] G2[0.08];0.05;0.20;0.02;0.39;0.34;0.24;0.86;0.06;0.2264;0.1967;0
184;184;Agent_6;orders came from the seed rule base (rules as-is);0;0;R7[0.03] R11[0.04] R15[0.14] R20[0.07] R26[0.14] A1[0.08];0.39;0.43;0.14;0.88;0.40;0.15;0.79;0.06;0.2264;0.1967;1
184;184;Agent_7;orders came from the seed rule base (rules as-is);0;0;R7[0.08] R11[0.04] R15[0.03] R20[0.02] R26[0.03] A1[0.08];0.12;0.25;0.07;0.83;0.36;0.06;0.88;0.06;0.2264;0.1967;1
184;184;Agent_8;orders came from the seed rule base (rules as-is);0;0;R20[0.04] R26[0.02] A1[0.18] G2[0.08] G3[0.12] G1[0.10];0.17;0.32;0.00;0.89;0.43;0.00;0.89;0.06;0.2264;0.1967;1
184;184;Agent_9;orders came from the seed rule base (rules as-is);0;0;R7[0.08] R11[0.03] R15[0.14] R20[0.07] R26[0.14] A1[0.08];0.34;0.44;0.17;0.89;0.46;0.15;0.85;0.06;0.2264;0.1967;1
184;184;Agent_10;orders came from the seed rule base (rules as-is);0;0;R7[0.08] R20[0.07] R26[0.14] A1[0.08] G2[0.03] G3[0.08];0.36;0.38;0.05;0.87;0.27;0.00;0.81;0.06;0.2264;0.1967;1
184;184;Agent_11;orders came from the seed rule base (rules as-is);0;0;R7[0.08] R20[0.07] R26[0.13] A1[0.08] G2[0.03] G3[0.08];0.38;0.43;0.05;0.89;0.37;0.00;0.82;0.06;0.2264;0.1967;1
184;184;Agent_12;orders came from the seed rule base (rules as-is);0;0;R20[0.08] R26[0.14] A1[0.10] G2[0.05] G3[0.10] G1[0.08];0.43;0.46;0.00;0.88;0.37;0.00;0.79;0.06;0.2264;0.1967;1
185;185;Agent_1;orders came from the seed rule base (rules as-is);0;0;R11[0.23] R15[0.14] R20[0.08] R26[0.14] A1[0.18] G2[0.18];0.32;0.59;0.10;0.88;0.58;0.34;0.71;0.06;0.2265;0.1968;1
185;185;Agent_2;orders came from the seed rule base (rules as-is);0;0;R11[0.29] R15[0.04] R20[0.03] R26[0.04] A1[0.08] G2[0.08];0.09;0.38;0.03;0.41;0.44;0.32;0.86;0.06;0.2265;0.1968;1
185;185;Agent_3;orders came from the seed rule base (rules as-is);0;0;R7[0.08] R11[0.04] R15[0.14] R20[0.07] R26[0.14] A1[0.08];0.31;0.44;0.17;0.75;0.31;0.15;0.81;0.06;0.2265;0.1968;1
185;185;Agent_4;orders came from the seed rule base (rules as-is);0;0;R20[0.11] R26[0.14] A1[0.39] G2[0.18] G3[0.12] G1[0.05];0.48;0.58;0.00;0.88;0.62;0.00;0.84;0.06;0.2265;0.1968;1
185;185;Agent_5;orders came from the seed rule base (rules as-is);0;0;R11[0.23] R15[0.02] R20[0.02] R26[0.02] A1[0.08] G2[0.08];0.05;0.20;0.02;0.39;0.35;0.24;0.86;0.06;0.2265;0.1968;0
185;185;Agent_6;orders came from the seed rule base (rules as-is);0;0;R7[0.03] R11[0.04] R15[0.14] R20[0.07] R26[0.14] A1[0.08];0.39;0.43;0.14;0.88;0.39;0.15;0.79;0.06;0.2265;0.1968;1
185;185;Agent_7;orders came from the seed rule base (rules as-is);0;0;R7[0.08] R11[0.04] R15[0.03] R20[0.02] R26[0.03] A1[0.08];0.12;0.25;0.07;0.82;0.36;0.06;0.88;0.06;0.2265;0.1968;1
185;185;Agent_8;orders came from the seed rule base (rules as-is);0;0;R20[0.04] R26[0.02] A1[0.17] G2[0.08] G3[0.12] G1[0.10];0.17;0.32;0.00;0.89;0.42;0.00;0.89;0.06;0.2265;0.1968;1
185;185;Agent_9;orders came from the seed rule base (rules as-is);0;0;R7[0.08] R11[0.03] R15[0.14] R20[0.07] R26[0.14] A1[0.08];0.34;0.43;0.17;0.89;0.45;0.15;0.85;0.06;0.2265;0.1968;1
185;185;Agent_10;orders came from the seed rule base (rules as-is);0;0;R7[0.08] R20[0.07] R26[0.14] A1[0.08] G2[0.03] G3[0.08];0.36;0.38;0.05;0.88;0.28;0.00;0.81;0.06;0.2265;0.1968;1
185;185;Agent_11;orders came from the seed rule base (rules as-is);0;0;R7[0.07] R20[0.07] R26[0.13] A1[0.07] G2[0.03] G3[0.07];0.37;0.42;0.04;0.89;0.37;0.00;0.83;0.06;0.2265;0.1968;1
185;185;Agent_12;orders came from the seed rule base (rules as-is);0;0;R20[0.07] R26[0.14] A1[0.09] G2[0.04] G3[0.09] G1[0.08];0.42;0.45;0.00;0.88;0.36;0.00;0.80;0.06;0.2265;0.1968;1
186;186;Agent_1;orders came from the seed rule base (rules as-is);0;0;R11[0.23] R15[0.14] R20[0.08] R26[0.14] A1[0.18] G2[0.18];0.32;0.58;0.10;0.88;0.58;0.33;0.71;0.06;0.2308;0.1968;1
186;186;Agent_2;orders came from the seed rule base (rules as-is);0;0;R11[0.29] R15[0.04] R20[0.03] R26[0.04] A1[0.08] G2[0.08];0.09;0.38;0.03;0.41;0.44;0.32;0.86;0.06;0.2308;0.1968;1
186;186;Agent_3;orders came from the seed rule base (rules as-is);0;0;R7[0.08] R11[0.04] R15[0.14] R20[0.07] R26[0.14] A1[0.08];0.31;0.44;0.17;0.75;0.31;0.15;0.81;0.06;0.2308;0.1968;1
186;186;Agent_4;orders came from the seed rule base (rules as-is);0;0;R20[0.11] R26[0.14] A1[0.39] G2[0.17] G3[0.12] G1[0.05];0.48;0.57;0.00;0.88;0.62;0.00;0.84;0.06;0.2308;0.1968;1
186;186;Agent_5;orders came from the seed rule base (rules as-is);0;0;R11[0.23] R15[0.02] R20[0.02] R26[0.02] A1[0.08] G2[0.08];0.05;0.20;0.02;0.40;0.34;0.24;0.86;0.06;0.2308;0.1968;0
186;186;Agent_6;orders came from the seed rule base (rules as-is);0;0;R7[0.03] R11[0.04] R15[0.14] R20[0.07] R26[0.14] A1[0.08];0.38;0.42;0.14;0.88;0.39;0.15;0.79;0.06;0.2308;0.1968;1
186;186;Agent_7;orders came from the seed rule base (rules as-is);0;0;R7[0.08] R11[0.04] R15[0.03] R20[0.02] R26[0.03] A1[0.08];0.12;0.25;0.07;0.81;0.35;0.06;0.88;0.06;0.2308;0.1968;1
186;186;Agent_8;orders came from the seed rule base (rules as-is);0;0;R20[0.04] R26[0.02] A1[0.17] G2[0.07] G3[0.12] G1[0.10];0.16;0.31;0.00;0.89;0.42;0.00;0.89;0.06;0.2308;0.1968;1
186;186;Agent_9;orders came from the seed rule base (rules as-is);0;0;R7[0.08] R11[0.03] R15[0.14] R20[0.07] R26[0.14] A1[0.08];0.34;0.43;0.17;0.89;0.43;0.15;0.85;0.06;0.2308;0.1968;1
186;186;Agent_10;orders came from the seed rule base (rules as-is);0;0;R7[0.08] R20[0.07] R26[0.14] A1[0.08] G2[0.03] G3[0.08];0.36;0.37;0.05;0.86;0.27;0.00;0.81;0.06;0.2308;0.1968;1
186;186;Agent_11;orders came from the seed rule base (rules as-is);0;0;R7[0.07] R20[0.06] R26[0.13] A1[0.07] G2[0.03] G3[0.07];0.36;0.41;0.04;0.89;0.36;0.00;0.83;0.06;0.2308;0.1968;1
186;186;Agent_12;orders came from the seed rule base (rules as-is);0;0;R20[0.07] R26[0.14] A1[0.08] G2[0.04] G3[0.08] G1[0.08];0.40;0.44;0.00;0.88;0.35;0.00;0.80;0.06;0.2308;0.1968;1
187;187;Agent_1;RL selected stage 3 [GenAI] (deficit bucket: mid+gap) → ACCEPTED: G12: G12: IF evacuation pressure is H AND fire threat level is VH THEN evacuation 0.7, suppression effort 0.3 (adaptation-born: generative (template), gates G1-G4);3;3;R11[0.23] R15[0.14] R20[0.08] R26[0.14] A1[0.18] G2[0.18];0.32;0.58;0.10;0.88;0.61;0.33;0.70;0.06;0.2263;0.1968;1
187;187;Agent_2;RL selected stage 3 [GenAI] (deficit bucket: mid+gap) → ACCEPTED: G12: G12: IF evacuation pressure is H AND fire threat level is VH THEN evacuation 0.7, suppression effort 0.3 (adaptation-born: generative (template), gates G1-G4);3;3;R11[0.29] R15[0.04] R20[0.03] R26[0.04] A1[0.08] G2[0.08];0.09;0.38;0.03;0.41;0.46;0.32;0.87;0.06;0.2263;0.1968;1
187;187;Agent_3;RL selected stage 3 [GenAI] (deficit bucket: mid+gap) → ACCEPTED: G12: G12: IF evacuation pressure is H AND fire threat level is VH THEN evacuation 0.7, suppression effort 0.3 (adaptation-born: generative (template), gates G1-G4);3;3;R7[0.08] R11[0.04] R15[0.14] R20[0.07] R26[0.14] A1[0.08];0.34;0.44;0.17;0.75;0.41;0.15;0.79;0.06;0.2263;0.1968;1
187;187;Agent_4;RL selected stage 3 [GenAI] (deficit bucket: mid+gap) → ACCEPTED: G12: G12: IF evacuation pressure is H AND fire threat level is VH THEN evacuation 0.7, suppression effort 0.3 (adaptation-born: generative (template), gates G1-G4);3;3;R20[0.11] R26[0.14] A1[0.39] G2[0.17] G3[0.12] G1[0.05];0.52;0.57;0.00;0.88;0.62;0.00;0.83;0.06;0.2263;0.1968;1
187;187;Agent_5;RL selected stage 3 [GenAI] (deficit bucket: mid+gap) → ACCEPTED: G12: G12: IF evacuation pressure is H AND fire threat level is VH THEN evacuation 0.7, suppression effort 0.3 (adaptation-born: generative (template), gates G1-G4);3;3;R11[0.23] R15[0.02] R20[0.02] R26[0.02] A1[0.08] G2[0.08];0.05;0.20;0.02;0.40;0.34;0.24;0.86;0.06;0.2263;0.1968;0
187;187;Agent_6;RL selected stage 3 [GenAI] (deficit bucket: mid+gap) → ACCEPTED: G12: G12: IF evacuation pressure is H AND fire threat level is VH THEN evacuation 0.7, suppression effort 0.3 (adaptation-born: generative (template), gates G1-G4);3;3;R7[0.03] R11[0.04] R15[0.14] R20[0.07] R26[0.14] A1[0.08];0.42;0.42;0.14;0.88;0.48;0.15;0.80;0.06;0.2263;0.1968;1
187;187;Agent_7;RL selected stage 3 [GenAI] (deficit bucket: mid+gap) → ACCEPTED: G12: G12: IF evacuation pressure is H AND fire threat level is VH THEN evacuation 0.7, suppression effort 0.3 (adaptation-born: generative (template), gates G1-G4);3;3;R7[0.08] R11[0.04] R15[0.03] R20[0.02] R26[0.03] A1[0.08];0.12;0.24;0.07;0.81;0.37;0.06;0.88;0.06;0.2263;0.1968;1
187;187;Agent_8;RL selected stage 3 [GenAI] (deficit bucket: mid+gap) → ACCEPTED: G12: G12: IF evacuation pressure is H AND fire threat level is VH THEN evacuation 0.7, suppression effort 0.3 (adaptation-born: generative (template), gates G1-G4);3;3;R20[0.04] R26[0.02] A1[0.16] G2[0.07] G3[0.12] G1[0.10];0.16;0.31;0.00;0.89;0.42;0.00;0.89;0.06;0.2263;0.1968;1
187;187;Agent_9;RL selected stage 3 [GenAI] (deficit bucket: mid+gap) → ACCEPTED: G12: G12: IF evacuation pressure is H AND fire threat level is VH THEN evacuation 0.7, suppression effort 0.3 (adaptation-born: generative (template), gates G1-G4);3;3;R7[0.08] R11[0.03] R15[0.14] R20[0.07] R26[0.14] A1[0.08];0.37;0.42;0.17;0.89;0.52;0.15;0.82;0.06;0.2263;0.1968;1
187;187;Agent_10;RL selected stage 3 [GenAI] (deficit bucket: mid+gap) → ACCEPTED: G12: G12: IF evacuation pressure is H AND fire threat level is VH THEN evacuation 0.7, suppression effort 0.3 (adaptation-born: generative (template), gates G1-G4);3;3;R7[0.08] R20[0.07] R26[0.14] A1[0.08] G2[0.03] G3[0.08];0.40;0.37;0.05;0.86;0.36;0.00;0.83;0.06;0.2263;0.1968;1
187;187;Agent_11;RL selected stage 3 [GenAI] (deficit bucket: mid+gap) → ACCEPTED: G12: G12: IF evacuation pressure is H AND fire threat level is VH THEN evacuation 0.7, suppression effort 0.3 (adaptation-born: generative (template), gates G1-G4);3;3;R7[0.07] R20[0.06] R26[0.12] A1[0.07] G2[0.03] G3[0.07];0.38;0.40;0.04;0.89;0.44;0.00;0.83;0.06;0.2263;0.1968;1
187;187;Agent_12;RL selected stage 3 [GenAI] (deficit bucket: mid+gap) → ACCEPTED: G12: G12: IF evacuation pressure is H AND fire threat level is VH THEN evacuation 0.7, suppression effort 0.3 (adaptation-born: generative (template), gates G1-G4);3;3;R20[0.07] R26[0.14] A1[0.08] G2[0.04] G3[0.08] G1[0.08];0.43;0.43;0.00;0.88;0.43;0.00;0.80;0.06;0.2263;0.1968;1
188;188;Agent_1;orders came from the seed rule base (rules as-is);0;0;R11[0.23] R15[0.14] R20[0.08] R26[0.14] A1[0.18] G2[0.18];0.26;0.52;0.09;0.82;0.54;0.33;0.74;0.06;0.2311;0.1968;1
188;188;Agent_2;orders came from the seed rule base (rules as-is);0;0;R11[0.25] R15[0.04] R20[0.02] R26[0.04] G7[0.04] G8[0.02];0.06;0.26;0.02;0.12;0.33;0.28;0.90;0.06;0.2311;0.1968;1
188;188;Agent_3;orders came from the seed rule base (rules as-is);0;0;R7[0.08] R11[0.04] R15[0.14] R20[0.07] R26[0.14] A1[0.08];0.34;0.44;0.17;0.75;0.40;0.15;0.79;0.06;0.2311;0.1968;1
188;188;Agent_4;orders came from the seed rule base (rules as-is);0;0;R20[0.11] R26[0.14] A1[0.39] G2[0.17] G3[0.12] G1[0.05];0.51;0.57;0.00;0.88;0.62;0.00;0.83;0.06;0.2311;0.1968;1
188;188;Agent_5;orders came from the seed rule base (rules as-is);0;0;R11[0.23] R15[0.02] R20[0.02] R26[0.02] A1[0.08] G2[0.08];0.05;0.20;0.02;0.39;0.34;0.24;0.86;0.06;0.2311;0.1968;0
188;188;Agent_6;orders came from the seed rule base (rules as-is);0;0;R7[0.03] R11[0.04] R15[0.12] R20[0.06] R26[0.12] A1[0.08];0.38;0.39;0.13;0.80;0.39;0.13;0.82;0.06;0.2311;0.1968;1
188;188;Agent_7;orders came from the seed rule base (rules as-is);0;0;R7[0.08] R11[0.04] R15[0.03] R20[0.02] R26[0.03] A1[0.08];0.12;0.24;0.07;0.80;0.36;0.06;0.88;0.06;0.2311;0.1968;1
188;188;Agent_8;orders came from the seed rule base (rules as-is);0;0;R20[0.04] R26[0.02] A1[0.15] G2[0.07] G3[0.12] G1[0.10];0.16;0.31;0.00;0.89;0.42;0.00;0.89;0.06;0.2311;0.1968;1
188;188;Agent_9;orders came from the seed rule base (rules as-is);0;0;R7[0.08] R11[0.03] R15[0.14] R20[0.07] R26[0.14] A1[0.08];0.37;0.42;0.16;0.89;0.51;0.15;0.82;0.06;0.2311;0.1968;1
188;188;Agent_10;orders came from the seed rule base (rules as-is);0;0;R7[0.08] R20[0.07] R26[0.14] A1[0.08] G2[0.03] G3[0.08];0.39;0.37;0.05;0.85;0.35;0.00;0.83;0.06;0.2311;0.1968;1
188;188;Agent_11;orders came from the seed rule base (rules as-is);0;0;R7[0.07] R20[0.06] R26[0.12] A1[0.07] G2[0.03] G3[0.07];0.37;0.39;0.04;0.89;0.43;0.00;0.84;0.06;0.2311;0.1968;1
188;188;Agent_12;orders came from the seed rule base (rules as-is);0;0;R20[0.07] R26[0.14] A1[0.08] G2[0.03] G3[0.08] G1[0.08];0.42;0.43;0.00;0.88;0.43;0.00;0.80;0.06;0.2311;0.1968;1
189;189;Agent_1;orders came from the seed rule base (rules as-is);0;0;R11[0.23] R15[0.14] R20[0.08] R26[0.14] A1[0.18] G2[0.18];0.31;0.57;0.09;0.88;0.60;0.33;0.70;0.06;0.2318;0.1968;1
189;189;Agent_2;orders came from the seed rule base (rules as-is);0;0;R11[0.28] R15[0.04] R20[0.02] R26[0.04] A1[0.08] G2[0.08];0.09;0.37;0.02;0.40;0.45;0.31;0.87;0.06;0.2318;0.1968;1
189;189;Agent_3;orders came from the seed rule base (rules as-is);0;0;R7[0.08] R11[0.04] R15[0.14] R20[0.07] R26[0.14] A1[0.08];0.34;0.43;0.17;0.75;0.40;0.15;0.79;0.06;0.2318;0.1968;1
189;189;Agent_4;orders came from the seed rule base (rules as-is);0;0;R20[0.11] R26[0.14] A1[0.39] G2[0.17] G3[0.12] G1[0.05];0.51;0.57;0.00;0.88;0.62;0.00;0.83;0.06;0.2318;0.1968;1
189;189;Agent_5;orders came from the seed rule base (rules as-is);0;0;R11[0.23] R15[0.02] R20[0.02] R26[0.02] A1[0.08] G2[0.08];0.05;0.20;0.02;0.40;0.34;0.24;0.86;0.06;0.2318;0.1968;0
189;189;Agent_6;orders came from the seed rule base (rules as-is);0;0;R7[0.03] R11[0.04] R15[0.12] R20[0.06] R26[0.12] A1[0.08];0.38;0.39;0.13;0.88;0.45;0.13;0.80;0.06;0.2318;0.1968;1
189;189;Agent_7;orders came from the seed rule base (rules as-is);0;0;R7[0.08] R11[0.04] R15[0.03] R20[0.02] R26[0.03] A1[0.08];0.12;0.24;0.07;0.80;0.36;0.06;0.88;0.06;0.2318;0.1968;1
189;189;Agent_8;orders came from the seed rule base (rules as-is);0;0;R20[0.04] R26[0.02] A1[0.15] G2[0.07] G3[0.12] G1[0.10];0.16;0.30;0.00;0.89;0.42;0.00;0.89;0.06;0.2318;0.1968;1
189;189;Agent_9;orders came from the seed rule base (rules as-is);0;0;R7[0.08] R11[0.03] R15[0.14] R20[0.07] R26[0.14] A1[0.08];0.37;0.41;0.16;0.88;0.51;0.14;0.82;0.06;0.2318;0.1968;1
189;189;Agent_10;orders came from the seed rule base (rules as-is);0;0;R7[0.08] R20[0.07] R26[0.14] A1[0.08] G2[0.03] G3[0.08];0.39;0.37;0.05;0.85;0.35;0.00;0.83;0.06;0.2318;0.1968;1
189;189;Agent_11;orders came from the seed rule base (rules as-is);0;0;R7[0.07] R20[0.06] R26[0.11] A1[0.07] G2[0.03] G3[0.07];0.36;0.38;0.04;0.89;0.43;0.00;0.85;0.06;0.2318;0.1968;1
189;189;Agent_12;orders came from the seed rule base (rules as-is);0;0;R20[0.07] R26[0.14] A1[0.07] G2[0.03] G3[0.07] G1[0.07];0.42;0.42;0.00;0.88;0.43;0.00;0.80;0.06;0.2318;0.1968;1
190;190;Agent_1;orders came from the seed rule base (rules as-is);0;0;R11[0.23] R15[0.13] R20[0.08] R26[0.13] A1[0.18] G2[0.18];0.26;0.51;0.09;0.82;0.54;0.33;0.74;0.06;0.2329;0.1968;1
190;190;Agent_2;orders came from the seed rule base (rules as-is);0;0;R11[0.25] R15[0.03] R20[0.02] R26[0.03] G7[0.03] G8[0.02];0.06;0.26;0.02;0.11;0.33;0.28;0.90;0.06;0.2329;0.1968;1
190;190;Agent_3;orders came from the seed rule base (rules as-is);0;0;R7[0.08] R11[0.04] R15[0.14] R20[0.07] R26[0.14] A1[0.08];0.34;0.43;0.17;0.75;0.40;0.15;0.79;0.06;0.2329;0.1968;1
190;190;Agent_4;orders came from the seed rule base (rules as-is);0;0;R20[0.11] R26[0.14] A1[0.39] G2[0.17] G3[0.12] G1[0.05];0.51;0.56;0.00;0.88;0.62;0.00;0.83;0.06;0.2329;0.1968;1
190;190;Agent_5;orders came from the seed rule base (rules as-is);0;0;R11[0.23] R15[0.02] R20[0.02] R26[0.02] A1[0.08] G2[0.08];0.05;0.20;0.02;0.40;0.34;0.24;0.86;0.06;0.2329;0.1968;0
190;190;Agent_6;orders came from the seed rule base (rules as-is);0;0;R7[0.03] R11[0.04] R15[0.11] R20[0.05] R26[0.11] A1[0.08];0.35;0.37;0.11;0.77;0.37;0.12;0.83;0.06;0.2329;0.1968;1
190;190;Agent_7;orders came from the seed rule base (rules as-is);0;0;R7[0.08] R11[0.04] R15[0.02] R20[0.02] R26[0.02] A1[0.08];0.12;0.24;0.07;0.80;0.36;0.06;0.88;0.06;0.2329;0.1968;1
190;190;Agent_8;orders came from the seed rule base (rules as-is);0;0;R20[0.03] R26[0.02] A1[0.15] G2[0.07] G3[0.12] G1[0.10];0.16;0.30;0.00;0.89;0.42;0.00;0.89;0.06;0.2329;0.1968;1
190;190;Agent_9;orders came from the seed rule base (rules as-is);0;0;R7[0.08] R11[0.03] R15[0.14] R20[0.07] R26[0.14] A1[0.08];0.37;0.41;0.16;0.88;0.50;0.14;0.83;0.06;0.2329;0.1968;1
190;190;Agent_10;orders came from the seed rule base (rules as-is);0;0;R7[0.08] R20[0.06] R26[0.12] A1[0.08] G2[0.03] G3[0.08];0.36;0.34;0.05;0.83;0.34;0.00;0.84;0.06;0.2329;0.1968;1
190;190;Agent_11;orders came from the seed rule base (rules as-is);0;0;R7[0.07] R20[0.05] R26[0.10] A1[0.07] G2[0.03] G3[0.07];0.34;0.37;0.04;0.89;0.43;0.00;0.85;0.06;0.2329;0.1968;1
190;190;Agent_12;orders came from the seed rule base (rules as-is);0;0;R20[0.07] R26[0.14] A1[0.07] G2[0.03] G3[0.07] G1[0.07];0.42;0.42;0.00;0.88;0.43;0.00;0.81;0.06;0.2329;0.1968;1
191;191;Agent_1;orders came from the seed rule base (rules as-is);0;0;R11[0.23] R15[0.13] R20[0.08] R26[0.13] A1[0.18] G2[0.18];0.25;0.50;0.09;0.80;0.54;0.33;0.75;0.05;0.2312;0.1968;1
191;191;Agent_2;orders came from the seed rule base (rules as-is);0;0;R11[0.25] R15[0.03] R20[0.02] R26[0.03] G7[0.03] G8[0.02];0.05;0.25;0.02;0.10;0.32;0.27;0.89;0.05;0.2312;0.1968;1
191;191;Agent_3;orders came from the seed rule base (rules as-is);0;0;R7[0.08] R11[0.04] R15[0.14] R20[0.07] R26[0.14] A1[0.08];0.34;0.43;0.17;0.75;0.40;0.15;0.79;0.05;0.2312;0.1968;1
191;191;Agent_4;orders came from the seed rule base (rules as-is);0;0;R20[0.11] R26[0.14] A1[0.39] G2[0.17] G3[0.12] G1[0.05];0.51;0.56;0.00;0.88;0.62;0.00;0.83;0.05;0.2312;0.1968;1
191;191;Agent_5;orders came from the seed rule base (rules as-is);0;0;R11[0.23] R15[0.02] R20[0.02] R26[0.02] A1[0.08] G2[0.08];0.05;0.20;0.02;0.40;0.34;0.24;0.86;0.05;0.2312;0.1968;0
191;191;Agent_6;orders came from the seed rule base (rules as-is);0;0;R7[0.03] R11[0.04] R15[0.10] R20[0.05] R26[0.10] A1[0.08];0.32;0.34;0.10;0.75;0.35;0.11;0.83;0.05;0.2312;0.1968;1
191;191;Agent_7;orders came from the seed rule base (rules as-is);0;0;R7[0.08] R11[0.04] R15[0.02] R20[0.02] R26[0.02] A1[0.08];0.12;0.24;0.07;0.80;0.36;0.06;0.88;0.05;0.2312;0.1968;1
191;191;Agent_8;orders came from the seed rule base (rules as-is);0;0;R20[0.03] R26[0.02] A1[0.15] G2[0.07] G3[0.12] G1[0.10];0.15;0.30;0.00;0.89;0.41;0.00;0.89;0.05;0.2312;0.1968;1
191;191;Agent_9;orders came from the seed rule base (rules as-is);0;0;R7[0.08] R11[0.03] R15[0.14] R20[0.07] R26[0.14] A1[0.08];0.37;0.41;0.16;0.87;0.50;0.14;0.83;0.05;0.2312;0.1968;1
191;191;Agent_10;orders came from the seed rule base (rules as-is);0;0;R7[0.08] R20[0.06] R26[0.12] A1[0.08] G2[0.03] G3[0.08];0.36;0.34;0.05;0.84;0.34;0.00;0.84;0.05;0.2312;0.1968;1
191;191;Agent_11;orders came from the seed rule base (rules as-is);0;0;R7[0.07] R20[0.05] R26[0.10] A1[0.07] G2[0.03] G3[0.07];0.33;0.36;0.04;0.89;0.42;0.00;0.86;0.05;0.2312;0.1968;1
191;191;Agent_12;orders came from the seed rule base (rules as-is);0;0;R20[0.07] R26[0.14] A1[0.07] G2[0.03] G3[0.07] G1[0.07];0.42;0.41;0.00;0.88;0.42;0.00;0.81;0.05;0.2312;0.1968;1
192;192;Agent_1;orders came from the seed rule base (rules as-is);0;0;R11[0.23] R15[0.13] R20[0.08] R26[0.13] A1[0.18] G2[0.18];0.25;0.50;0.09;0.79;0.54;0.33;0.73;0.05;0.2310;0.1968;1
192;192;Agent_2;orders came from the seed rule base (rules as-is);0;0;R11[0.25] R15[0.03] R20[0.02] R26[0.03] G7[0.03] G8[0.02];0.05;0.24;0.02;0.09;0.31;0.27;0.89;0.05;0.2310;0.1968;1
192;192;Agent_3;orders came from the seed rule base (rules as-is);0;0;R7[0.08] R11[0.04] R15[0.12] R20[0.06] R26[0.12] A1[0.08];0.32;0.40;0.15;0.75;0.38;0.13;0.80;0.05;0.2310;0.1968;1
192;192;Agent_4;orders came from the seed rule base (rules as-is);0;0;R20[0.11] R26[0.14] A1[0.39] G2[0.17] G3[0.12] G1[0.05];0.50;0.56;0.00;0.88;0.62;0.00;0.84;0.05;0.2310;0.1968;1
192;192;Agent_5;orders came from the seed rule base (rules as-is);0;0;R11[0.23] R15[0.02] R20[0.02] R26[0.02];0.02;0.13;0.01;0.05;0.25;0.24;0.90;0.05;0.2310;0.1968;0
192;192;Agent_6;orders came from the seed rule base (rules as-is);0;0;R15[0.08] R20[0.04] R26[0.08] G7[0.08] G8[0.04] G9[0.15];0.19;0.18;0.07;0.32;0.24;0.07;0.90;0.05;0.2310;0.1968;1
192;192;Agent_7;orders came from the seed rule base (rules as-is);0;0;R7[0.08] R11[0.04] R15[0.04] R20[0.03] R26[0.04] A1[0.08];0.17;0.26;0.08;0.84;0.39;0.07;0.87;0.05;0.2310;0.1968;1
192;192;Agent_8;orders came from the seed rule base (rules as-is);0;0;R20[0.03] R26[0.02] A1[0.15] G2[0.07] G3[0.12] G1[0.10];0.15;0.29;0.00;0.89;0.41;0.00;0.89;0.05;0.2310;0.1968;1
192;192;Agent_9;orders came from the seed rule base (rules as-is);0;0;R7[0.02] R15[0.12] R20[0.06] R26[0.12] A1[0.02] G3[0.02];0.29;0.28;0.11;0.52;0.34;0.10;0.95;0.05;0.2310;0.1968;1
192;192;Agent_10;orders came from the seed rule base (rules as-is);0;0;R7[0.03] R20[0.05] R26[0.10] A1[0.03] G2[0.01] G3[0.03];0.27;0.26;0.02;0.55;0.26;0.00;0.93;0.05;0.2310;0.1968;1
192;192;Agent_11;orders came from the seed rule base (rules as-is);0;0;R7[0.07] R20[0.05] R26[0.09] A1[0.07] G2[0.03] G3[0.07];0.31;0.35;0.04;0.89;0.42;0.00;0.86;0.05;0.2310;0.1968;1
192;192;Agent_12;orders came from the seed rule base (rules as-is);0;0;R20[0.07] R26[0.14] A1[0.07] G2[0.03] G3[0.07] G1[0.07];0.41;0.41;0.00;0.88;0.42;0.00;0.81;0.05;0.2310;0.1968;1
193;193;Agent_1;orders came from the seed rule base (rules as-is);0;0;R11[0.23] R15[0.13] R20[0.08] R26[0.13] A1[0.18] G2[0.18];0.25;0.50;0.09;0.79;0.54;0.33;0.75;0.05;0.2303;0.1968;1
193;193;Agent_2;orders came from the seed rule base (rules as-is);0;0;R11[0.25] R15[0.03] R20[0.02] R26[0.03] G7[0.03] G8[0.02];0.04;0.24;0.02;0.09;0.31;0.27;0.89;0.05;0.2303;0.1968;1
193;193;Agent_3;orders came from the seed rule base (rules as-is);0;0;R7[0.08] R11[0.04] R15[0.11] R20[0.05] R26[0.11] A1[0.08];0.31;0.38;0.14;0.75;0.36;0.12;0.81;0.05;0.2303;0.1968;1
193;193;Agent_4;orders came from the seed rule base (rules as-is);0;0;R20[0.11] R26[0.14] A1[0.39] G2[0.17] G3[0.12] G1[0.04];0.50;0.55;0.00;0.88;0.62;0.00;0.84;0.05;0.2303;0.1968;1
193;193;Agent_5;orders came from the seed rule base (rules as-is);0;0;R11[0.23] R15[0.02] R20[0.02] R26[0.02] A1[0.07] G2[0.07];0.04;0.19;0.01;0.35;0.33;0.24;0.87;0.05;0.2303;0.1968;0
193;193;Agent_6;orders came from the seed rule base (rules as-is);0;0;R7[0.03] R11[0.03] R15[0.07] R20[0.04] R26[0.07] A1[0.08];0.26;0.30;0.08;0.70;0.32;0.09;0.86;0.05;0.2303;0.1968;1
193;193;Agent_7;orders came from the seed rule base (rules as-is);0;0;R7[0.08] R11[0.04] R15[0.05] R20[0.03] R26[0.05] A1[0.08];0.21;0.29;0.09;0.87;0.40;0.08;0.85;0.05;0.2303;0.1968;1
193;193;Agent_8;orders came from the seed rule base (rules as-is);0;0;R20[0.03] R26[0.02] A1[0.14] G2[0.06] G3[0.11] G1[0.10];0.15;0.29;0.00;0.89;0.41;0.00;0.89;0.05;0.2303;0.1968;1
193;193;Agent_9;orders came from the seed rule base (rules as-is);0;0;R7[0.06] R11[0.03] R15[0.12] R20[0.06] R26[0.12] A1[0.06];0.32;0.36;0.14;0.77;0.43;0.12;0.87;0.05;0.2303;0.1968;1
193;193;Agent_10;orders came from the seed rule base (rules as-is);0;0;R7[0.06] R20[0.05] R26[0.11] A1[0.06] G2[0.03] G3[0.06];0.32;0.30;0.03;0.74;0.31;0.00;0.87;0.05;0.2303;0.1968;1
193;193;Agent_11;orders came from the seed rule base (rules as-is);0;0;R7[0.07] R20[0.05] R26[0.08] A1[0.07] G2[0.03] G3[0.07];0.30;0.34;0.04;0.89;0.41;0.00;0.87;0.05;0.2303;0.1968;1
193;193;Agent_12;orders came from the seed rule base (rules as-is);0;0;R20[0.07] R26[0.13] A1[0.07] G2[0.03] G3[0.07] G1[0.07];0.41;0.41;0.00;0.88;0.42;0.00;0.81;0.05;0.2303;0.1968;1
194;194;Agent_1;orders came from the seed rule base (rules as-is);0;0;R11[0.23] R15[0.13] R20[0.08] R26[0.13] A1[0.18] G2[0.18];0.25;0.50;0.09;0.79;0.54;0.33;0.73;0.05;0.2353;0.1968;1
194;194;Agent_2;orders came from the seed rule base (rules as-is);0;0;R11[0.25] R15[0.02] R20[0.01] R26[0.02] G7[0.02] G8[0.01];0.04;0.23;0.02;0.08;0.31;0.27;0.89;0.05;0.2353;0.1968;1
194;194;Agent_3;orders came from the seed rule base (rules as-is);0;0;R7[0.08] R11[0.04] R15[0.10] R20[0.05] R26[0.10] A1[0.08];0.30;0.36;0.13;0.75;0.34;0.11;0.82;0.05;0.2353;0.1968;1
194;194;Agent_4;orders came from the seed rule base (rules as-is);0;0;R20[0.11] R26[0.14] A1[0.39] G2[0.17] G3[0.11] G1[0.04];0.50;0.55;0.00;0.88;0.62;0.00;0.84;0.05;0.2353;0.1968;1
194;194;Agent_5;orders came from the seed rule base (rules as-is);0;0;R11[0.23] R15[0.02] R20[0.01] R26[0.02];0.01;0.13;0.01;0.04;0.24;0.24;0.90;0.05;0.2353;0.1968;0
194;194;Agent_6;orders came from the seed rule base (rules as-is);0;0;R15[0.06] R20[0.03] R26[0.06] G7[0.06] G8[0.03] G9[0.15];0.14;0.15;0.06;0.29;0.21;0.05;0.88;0.05;0.2353;0.1968;1
194;194;Agent_7;orders came from the seed rule base (rules as-is);0;0;R7[0.08] R11[0.04] R15[0.07] R20[0.04] R26[0.07] A1[0.08];0.24;0.30;0.10;0.88;0.41;0.09;0.84;0.05;0.2353;0.1968;1
194;194;Agent_8;orders came from the seed rule base (rules as-is);0;0;R20[0.03] R26[0.02] A1[0.14] G2[0.06] G3[0.11] G1[0.10];0.15;0.29;0.00;0.89;0.41;0.00;0.89;0.05;0.2353;0.1968;1
194;194;Agent_9;orders came from the seed rule base (rules as-is);0;0;R7[0.02] R15[0.10] R20[0.05] R26[0.10] A1[0.02] G3[0.02];0.25;0.25;0.10;0.47;0.31;0.09;0.96;0.05;0.2353;0.1968;1
194;194;Agent_10;orders came from the seed rule base (rules as-is);0;0;R7[0.02] R20[0.04] R26[0.09] A1[0.02] G3[0.02] G1[0.02];0.24;0.23;0.01;0.50;0.24;0.00;0.94;0.05;0.2353;0.1968;1
194;194;Agent_11;orders came from the seed rule base (rules as-is);0;0;R7[0.07] R20[0.04] R26[0.08] A1[0.07] G2[0.03] G3[0.07];0.29;0.33;0.04;0.89;0.41;0.00;0.87;0.05;0.2353;0.1968;1
194;194;Agent_12;orders came from the seed rule base (rules as-is);0;0;R20[0.07] R26[0.13] A1[0.07] G2[0.03] G3[0.07] G1[0.07];0.41;0.41;0.00;0.88;0.42;0.00;0.81;0.05;0.2353;0.1968;1
195;195;Agent_1;orders came from the seed rule base (rules as-is);0;0;R11[0.23] R15[0.13] R20[0.08] R26[0.13] A1[0.18] G2[0.18];0.25;0.50;0.09;0.79;0.54;0.33;0.73;0.05;0.2346;0.1968;1
195;195;Agent_2;orders came from the seed rule base (rules as-is);0;0;R11[0.25] R15[0.02] R20[0.01] R26[0.02] G7[0.02] G8[0.01];0.04;0.23;0.02;0.08;0.31;0.27;0.89;0.05;0.2346;0.1968;1
195;195;Agent_3;orders came from the seed rule base (rules as-is);0;0;R7[0.08] R11[0.04] R15[0.09] R20[0.04] R26[0.09] A1[0.08];0.29;0.34;0.12;0.74;0.33;0.10;0.83;0.05;0.2346;0.1968;1
195;195;Agent_4;orders came from the seed rule base (rules as-is);0;0;R20[0.11] R26[0.14] A1[0.39] G2[0.17] G3[0.11] G1[0.04];0.50;0.55;0.00;0.88;0.62;0.00;0.84;0.05;0.2346;0.1968;1
195;195;Agent_5;orders came from the seed rule base (rules as-is);0;0;R11[0.23] R15[0.01] R20[0.01] R26[0.01];0.01;0.12;0.01;0.00;0.23;0.24;0.90;0.05;0.2346;0.1968;0
195;195;Agent_6;orders came from the seed rule base (rules as-is);0;0;R15[0.05] R20[0.03] R26[0.05] G7[0.05] G8[0.03] G9[0.15];0.12;0.13;0.05;0.26;0.20;0.04;0.87;0.05;0.2346;0.1968;1
195;195;Agent_7;orders came from the seed rule base (rules as-is);0;0;R7[0.08] R11[0.04] R15[0.07] R20[0.04] R26[0.07] A1[0.08];0.27;0.32;0.11;0.88;0.42;0.10;0.83;0.05;0.2346;0.1968;1
195;195;Agent_8;orders came from the seed rule base (rules as-is);0;0;R20[0.03] R26[0.02] A1[0.13] G2[0.06] G3[0.11] G1[0.10];0.14;0.28;0.00;0.89;0.40;0.00;0.89;0.05;0.2346;0.1968;1
195;195;Agent_9;orders came from the seed rule base (rules as-is);0;0;R15[0.09] R20[0.04] R26[0.09] G7[0.09] G8[0.04] G9[0.15];0.20;0.20;0.08;0.35;0.26;0.07;0.95;0.05;0.2346;0.1968;1
195;195;Agent_10;orders came from the seed rule base (rules as-is);0;0;R20[0.04] R26[0.08] G7[0.08] G8[0.04] G9[0.18] G10[0.08];0.19;0.18;0.00;0.38;0.21;0.00;0.92;0.05;0.2346;0.1968;1
195;195;Agent_11;orders came from the seed rule base (rules as-is);0;0;R7[0.07] R20[0.04] R26[0.07] A1[0.07] G2[0.03] G3[0.07];0.28;0.32;0.04;0.89;0.40;0.00;0.87;0.05;0.2346;0.1968;1
195;195;Agent_12;orders came from the seed rule base (rules as-is);0;0;R20[0.07] R26[0.13] A1[0.07] G2[0.03] G3[0.07] G1[0.07];0.41;0.40;0.00;0.88;0.42;0.00;0.81;0.05;0.2346;0.1968;1
196;196;Agent_1;orders came from the seed rule base (rules as-is);0;0;R11[0.23] R15[0.13] R20[0.08] R26[0.13] A1[0.18] G2[0.18];0.25;0.50;0.09;0.80;0.53;0.33;0.72;0.05;0.2102;0.1968;1
196;196;Agent_2;orders came from the seed rule base (rules as-is);0;0;R11[0.25] R15[0.02] R20[0.01] R26[0.02];0.02;0.21;0.01;0.00;0.26;0.27;0.90;0.05;0.2102;0.1968;1
196;196;Agent_3;orders came from the seed rule base (rules as-is);0;0;R15[0.07] R20[0.04] R26[0.07] G7[0.07] G8[0.04] G9[0.05];0.16;0.17;0.07;0.24;0.14;0.06;0.97;0.05;0.2102;0.1968;1
196;196;Agent_4;orders came from the seed rule base (rules as-is);0;0;R20[0.10] R26[0.13] A1[0.33] G2[0.15] G3[0.10] G1[0.05];0.48;0.53;0.00;0.88;0.62;0.00;0.81;0.05;0.2102;0.1968;1
196;196;Agent_5;orders came from the seed rule base (rules as-is);0;0;R11[0.23] R15[0.01] R20[0.01] R26[0.01];0.01;0.12;0.01;0.00;0.23;0.23;0.90;0.05;0.2102;0.1968;0
196;196;Agent_6;orders came from the seed rule base (rules as-is);0;0;R15[0.04] R20[0.02] R26[0.04] G7[0.04] G8[0.02] G9[0.13];0.10;0.11;0.04;0.23;0.17;0.04;0.86;0.05;0.2102;0.1968;1
196;196;Agent_7;orders came from the seed rule base (rules as-is);0;0;R7[0.06] R11[0.03] R15[0.07] R20[0.04] R26[0.07] A1[0.06];0.23;0.28;0.09;0.73;0.34;0.08;0.88;0.05;0.2102;0.1968;1
196;196;Agent_8;orders came from the seed rule base (rules as-is);0;0;R20[0.03] R26[0.02] A1[0.13] G2[0.06] G3[0.12] G1[0.10];0.14;0.28;0.00;0.89;0.37;0.00;0.89;0.05;0.2102;0.1968;1
196;196;Agent_9;orders came from the seed rule base (rules as-is);0;0;R15[0.07] R20[0.04] R26[0.07] G7[0.07] G8[0.04] G9[0.15];0.17;0.17;0.07;0.30;0.23;0.06;0.94;0.05;0.2102;0.1968;1
196;196;Agent_10;orders came from the seed rule base (rules as-is);0;0;R20[0.03] R26[0.07] G7[0.07] G8[0.03] G9[0.18] G10[0.07];0.15;0.15;0.00;0.33;0.20;0.00;0.91;0.05;0.2102;0.1968;1
196;196;Agent_11;orders came from the seed rule base (rules as-is);0;0;R7[0.07] R20[0.04] R26[0.07] A1[0.07] G2[0.03] G3[0.07];0.27;0.31;0.04;0.89;0.40;0.00;0.87;0.05;0.2102;0.1968;1
196;196;Agent_12;orders came from the seed rule base (rules as-is);0;0;R20[0.06] R26[0.13] A1[0.07] G2[0.03] G3[0.07] G1[0.07];0.41;0.40;0.00;0.88;0.41;0.00;0.81;0.05;0.2102;0.1968;1
197;197;Agent_1;RL selected stage 3 [GenAI] (deficit bucket: mid+gap) → ACCEPTED: G13: G13: IF asset exposure risk is H AND evacuation pressure is VL THEN asset protection 0.9, evacuation 0.4 (adaptation-born: generative (template), gates G1-G4);3;3;R11[0.23] R15[0.13] R20[0.08] R26[0.13] A1[0.18] G2[0.18];0.25;0.50;0.09;0.80;0.53;0.33;0.72;0.05;0.2102;0.1968;1
197;197;Agent_2;RL selected stage 3 [GenAI] (deficit bucket: mid+gap) → ACCEPTED: G13: G13: IF asset exposure risk is H AND evacuation pressure is VL THEN asset protection 0.9, evacuation 0.4 (adaptation-born: generative (template), gates G1-G4);3;3;R11[0.25] R15[0.02] R20[0.01] R26[0.02];0.02;0.20;0.01;0.00;0.26;0.27;0.89;0.05;0.2102;0.1968;1
197;197;Agent_3;RL selected stage 3 [GenAI] (deficit bucket: mid+gap) → ACCEPTED: G13: G13: IF asset exposure risk is H AND evacuation pressure is VL THEN asset protection 0.9, evacuation 0.4 (adaptation-born: generative (template), gates G1-G4);3;3;R15[0.06] R20[0.03] R26[0.06] G7[0.06] G8[0.03] G9[0.04];0.14;0.14;0.06;0.27;0.16;0.05;0.96;0.05;0.2102;0.1968;1
197;197;Agent_4;RL selected stage 3 [GenAI] (deficit bucket: mid+gap) → ACCEPTED: G13: G13: IF asset exposure risk is H AND evacuation pressure is VL THEN asset protection 0.9, evacuation 0.4 (adaptation-born: generative (template), gates G1-G4);3;3;R20[0.10] R26[0.13] A1[0.31] G2[0.14] G3[0.10] G1[0.05];0.47;0.51;0.00;0.88;0.57;0.00;0.82;0.05;0.2102;0.1968;1
197;197;Agent_5;RL selected stage 3 [GenAI] (deficit bucket: mid+gap) → ACCEPTED: G13: G13: IF asset exposure risk is H AND evacuation pressure is VL THEN asset protection 0.9, evacuation 0.4 (adaptation-born: generative (template), gates G1-G4);3;3;R11[0.23] R15[0.01] R26[0.01];0.01;0.11;0.01;0.00;0.23;0.23;0.90;0.05;0.2102;0.1968;0
197;197;Agent_6;RL selected stage 3 [GenAI] (deficit bucket: mid+gap) → ACCEPTED: G13: G13: IF asset exposure risk is H AND evacuation pressure is VL THEN asset protection 0.9, evacuation 0.4 (adaptation-born: generative (template), gates G1-G4);3;3;R15[0.04] R20[0.02] R26[0.04] G7[0.04] G8[0.02] G9[0.13];0.09;0.10;0.03;0.27;0.18;0.03;0.87;0.05;0.2102;0.1968;1
197;197;Agent_7;RL selected stage 3 [GenAI] (deficit bucket: mid+gap) → ACCEPTED: G13: G13: IF asset exposure risk is H AND evacuation pressure is VL THEN asset protection 0.9, evacuation 0.4 (adaptation-born: generative (template), gates G1-G4);3;3;R7[0.06] R11[0.03] R15[0.06] R20[0.03] R26[0.06] A1[0.06];0.22;0.26;0.09;0.86;0.40;0.07;0.87;0.05;0.2102;0.1968;1
197;197;Agent_8;RL selected stage 3 [GenAI] (deficit bucket: mid+gap) → ACCEPTED: G13: G13: IF asset exposure risk is H AND evacuation pressure is VL THEN asset protection 0.9, evacuation 0.4 (adaptation-born: generative (template), gates G1-G4);3;3;R20[0.03] R26[0.02] A1[0.12] G2[0.05] G3[0.12] G1[0.10];0.14;0.28;0.00;0.88;0.48;0.00;0.89;0.05;0.2102;0.1968;1
197;197;Agent_9;RL selected stage 3 [GenAI] (deficit bucket: mid+gap) → ACCEPTED: G13: G13: IF asset exposure risk is H AND evacuation pressure is VL THEN asset protection 0.9, evacuation 0.4 (adaptation-born: generative (template), gates G1-G4);3;3;R15[0.06] R20[0.03] R26[0.06] G7[0.06] G8[0.03] G9[0.14];0.14;0.15;0.06;0.55;0.35;0.05;0.95;0.05;0.2102;0.1968;1
197;197;Agent_10;RL selected stage 3 [GenAI] (deficit bucket: mid+gap) → ACCEPTED: G13: G13: IF asset exposure risk is H AND evacuation pressure is VL THEN asset protection 0.9, evacuation 0.4 (adaptation-born: generative (template), gates G1-G4);3;3;R20[0.03] R26[0.06] G7[0.06] G8[0.03] G9[0.18] G10[0.07];0.13;0.14;0.00;0.51;0.29;0.00;0.97;0.05;0.2102;0.1968;1
197;197;Agent_11;RL selected stage 3 [GenAI] (deficit bucket: mid+gap) → ACCEPTED: G13: G13: IF asset exposure risk is H AND evacuation pressure is VL THEN asset protection 0.9, evacuation 0.4 (adaptation-born: generative (template), gates G1-G4);3;3;R7[0.07] R20[0.04] R26[0.06] A1[0.07] G2[0.03] G3[0.07];0.25;0.30;0.04;0.88;0.51;0.00;0.86;0.05;0.2102;0.1968;1
197;197;Agent_12;RL selected stage 3 [GenAI] (deficit bucket: mid+gap) → ACCEPTED: G13: G13: IF asset exposure risk is H AND evacuation pressure is VL THEN asset protection 0.9, evacuation 0.4 (adaptation-born: generative (template), gates G1-G4);3;3;R20[0.06] R26[0.13] A1[0.07] G2[0.03] G3[0.07] G1[0.07];0.41;0.40;0.00;0.88;0.54;0.00;0.78;0.05;0.2102;0.1968;1
