step;t_min;hotspot;attended;shares;statement
0;0.0;Agent_4;Agent_1|Agent_3|Agent_4|Agent_6|Agent_7|Agent_8|Agent_9|Agent_10|Agent_11|Agent_12;Agent_1=1.0|Agent_2=0.675|Agent_3=1.0|Agent_4=1.0|Agent_5=0.638|Agent_6=1.0|Agent_7=1.0|Agent_8=1.0|Agent_9=1.0|Agent_10=1.0|Agent_11=1.0|Agent_12=1.0;Global DSS: focus on Agent_4 (priority 0.66), Agent_4 share 1.00, Agent_1 share 1.00, Agent_12 share 1.00, Agent_9 share 1.00, Agent_11 share 1.00, Agent_8 share 1.00, Agent_6 share 1.00, Agent_10 share 1.00, Agent_3 share 1.00, Agent_7 share 1.00, Agent_2 share 0.67 (monitor), Agent_5 share 0.64 (monitor)
1;1.0;Agent_4;Agent_1|Agent_2|Agent_3|Agent_4|Agent_6|Agent_7|Agent_8|Agent_9|Agent_10|Agent_11|Agent_12;Agent_1=1.0|Agent_2=1.0|Agent_3=1.0|Agent_4=1.0|Agent_5=0.632|Agent_6=1.0|Agent_7=1.0|Agent_8=1.0|Agent_9=1.0|Agent_10=1.0|Agent_11=1.0|Agent_12=1.0;Global DSS: focus on Agent_4 (priority 0.66), Agent_4 share 1.00, Agent_1 share 1.00, Agent_8 share 1.00, Agent_12 share 1.00, Agent_9 share 1.00, Agent_3 share 1.00, Agent_11 share 1.00, Agent_6 share 1.00, Agent_10 share 1.00, Agent_2 share 1.00, Agent_7 share 1.00, Agent_5 share 0.63 (monitor)
2;2.0;Agent_4;Agent_1|Agent_2|Agent_3|Agent_4|Agent_6|Agent_7|Agent_8|Agent_9|Agent_10|Agent_11|Agent_12;Agent_1=1.0|Agent_2=1.0|Agent_3=1.0|Agent_4=1.0|Agent_5=0.632|Agent_6=1.0|Agent_7=1.0|Agent_8=1.0|Agent_9=1.0|Agent_10=1.0|Agent_11=1.0|Agent_12=1.0;Global DSS: focus on Agent_4 (priority 0.71), Agent_4 share 1.00, Agent_3 share 1.00, Agent_1 share 1.00, Agent_8 share 1.00, Agent_2 share 1.00, Agent_9 share 1.00, Agent_11 share 1.00, Agent_12 share 1.00, Agent_7 share 1.00, Agent_6 share 1.00, Agent_10 share 1.00, Agent_5 share 0.63 (monitor)
3;3.0;Agent_4;Agent_1|Agent_2|Agent_3|Agent_4|Agent_6|Agent_7|Agent_8|Agent_9|Agent_11|Agent_12;Agent_1=1.0|Agent_2=1.0|Agent_3=1.0|Agent_4=1.0|Agent_5=0.635|Agent_6=1.0|Agent_7=1.0|Agent_8=1.0|Agent_9=1.0|Agent_10=0.67|Agent_11=1.0|Agent_12=1.0;Global DSS: focus on Agent_4 (priority 0.72), Agent_4 share 1.00, Agent_3 share 1.00, Agent_1 share 1.00, Agent_8 share 1.00, Agent_7 share 1.00, Agent_2 share 1.00, Agent_9 share 1.00, Agent_11 share 1.00, Agent_12 share 1.00, Agent_6 share 1.00, Agent_10 share 0.67 (monitor), Agent_5 share 0.64 (monitor)
4;4.0;Agent_4;Agent_1|Agent_2|Agent_3|Agent_4|Agent_6|Agent_7|Agent_8|Agent_9|Agent_11|Agent_12;Agent_1=1.0|Agent_2=1.0|Agent_3=1.0|Agent_4=1.0|Agent_5=0.638|Agent_6=1.0|Agent_7=1.0|Agent_8=1.0|Agent_9=1.0|Agent_10=0.666|Agent_11=1.0|Agent_12=1.0;Global DSS: focus on Agent_4 (priority 0.73), Agent_4 share 1.00, Agent_3 share 1.00, Agent_1 share 1.00, Agent_7 share 1.00, Agent_8 share 1.00, Agent_9 share 1.00, Agent_2 share 1.00, Agent_11 share 1.00, Agent_6 share 1.00, Agent_12 share 1.00, Agent_10 share 0.67 (monitor), Agent_5 share 0.64 (monitor)
5;5.0;Agent_4;Agent_1|Agent_2|Agent_3|Agent_4|Agent_6|Agent_7|Agent_8|Agent_9|Agent_11|Agent_12;Agent_1=1.0|Agent_2=1.0|Agent_3=1.0|Agent_4=1.0|Agent_5=0.641|Agent_6=1.0|Agent_7=1.0|Agent_8=1.0|Agent_9=1.0|Agent_10=0.663|Agent_11=1.0|Agent_12=1.0;Global DSS: focus on Agent_4 (priority 0.73), Agent_4 share 1.00, Agent_3 share 1.00, Agent_1 share 1.00, Agent_7 share 1.00, Agent_8 share 1.00, Agent_9 share 1.00, Agent_11 share 1.00, Agent_2 share 1.00, Agent_6 share 1.00, Agent_12 share 1.00, Agent_10 share 0.66 (monitor), Agent_5 share 0.64 (monitor)
6;6.0;Agent_4;Agent_1|Agent_2|Agent_3|Agent_4|Agent_6|Agent_7|Agent_8|Agent_9|Agent_11|Agent_12;Agent_1=1.0|Agent_2=1.0|Agent_3=1.0|Agent_4=1.0|Agent_5=0.642|Agent_6=1.0|Agent_7=1.0|Agent_8=1.0|Agent_9=1.0|Agent_10=0.661|Agent_11=1.0|Agent_12=1.0;Global DSS: focus on Agent_4 (priority 0.73), Agent_4 share 1.00, Agent_3 share 1.00, Agent_1 share 1.00, Agent_7 share 1.00, Agent_8 share 1.00, Agent_9 share 1.00, Agent_11 share 1.00, Agent_2 share 1.00, Agent_6 share 1.00, Agent_12 share 1.00, Agent_10 share 0.66 (monitor), Agent_5 share 0.64 (monitor)
7;7.0;Agent_4;Agent_1|Agent_2|Agent_3|Agent_4|Agent_6|Agent_7|Agent_8|Agent_9|Agent_11|Agent_12;Agent_1=1.0|Agent_2=1.0|Agent_3=1.0|Agent_4=1.0|Agent_5=0.643|Agent_6=1.0|Agent_7=1.0|Agent_8=1.0|Agent_9=1.0|Agent_10=0.659|Agent_11=1.0|Agent_12=1.0;Global DSS: focus on Agent_4 (priority 0.73), Agent_4 share 1.00, Agent_3 share 1.00, Agent_1 share 1.00, Agent_7 share 1.00, Agent_8 share 1.00, Agent_9 share 1.00, Agent_11 share 1.00, Agent_2 share 1.00, Agent_6 share 1.00, Agent_12 share 1.00, Agent_10 share 0.66 (monitor), Agent_5 share 0.64 (monitor)
8;8.0;Agent_4;Agent_1|Agent_2|Agent_3|Agent_4|Agent_6|Agent_7|Agent_8|Agent_9|Agent_11|Agent_12;Agent_1=1.0|Agent_2=1.0|Agent_3=1.0|Agent_4=1.0|Agent_5=0.644|Agent_6=1.0|Agent_7=1.0|Agent_8=1.0|Agent_9=1.0|Agent_10=0.657|Agent_11=1.0|Agent_12=1.0;Global DSS: focus on Agent_4 (priority 0.73), Agent_4 share 1.00, Agent_3 share 1.00, Agent_1 share 1.00, Agent_7 share 1.00, Agent_8 share 1.00, Agent_9 share 1.00, Agent_11 share 1.00, Agent_2 share 1.00, Agent_6 share 1.00, Agent_12 share 1.00, Agent_10 share 0.66 (monitor), Agent_5 share 0.64 (monitor)
8;8.0;Agent_4;Agent_1|Agent_2|Agent_3|Agent_4|Agent_6|Agent_7|Agent_8|Agent_9|Agent_11|Agent_12;Agent_1=1.0|Agent_2=1.0|Agent_3=1.0|Agent_4=1.0|Agent_5=0.644|Agent_6=1.0|Agent_7=1.0|Agent_8=1.0|Agent_9=1.0|Agent_10=0.657|Agent_11=1.0|Agent_12=1.0;Global DSS: focus on Agent_4 (priority 0.73), Agent_4 share 1.00, Agent_3 share 1.00, Agent_1 share 1.00, Agent_7 share 1.00, Agent_8 share 1.00, Agent_9 share 1.00, Agent_11 share 1.00, Agent_2 share 1.00, Agent_6 share 1.00, Agent_12 share 1.00, Agent_10 share 0.66 (monitor), Agent_5 share 0.64 (monitor)
8;8.0;Agent_4;Agent_1|Agent_2|Agent_3|Agent_4|Agent_6|Agent_7|Agent_8|Agent_9|Agent_11|Agent_12;Agent_1=1.0|Agent_2=1.0|Agent_3=1.0|Agent_4=1.0|Agent_5=0.644|Agent_6=1.0|Agent_7=1.0|Agent_8=1.0|Agent_9=1.0|Agent_10=0.657|Agent_11=1.0|Agent_12=1.0;Global DSS: focus on Agent_4 (priority 0.73), Agent_4 share 1.00, Agent_3 share 1.00, Agent_1 share 1.00, Agent_7 share 1.00, Agent_8 share 1.00, Agent_9 share 1.00, Agent_11 share 1.00, Agent_2 share 1.00, Agent_6 share 1.00, Agent_12 share 1.00, Agent_10 share 0.66 (monitor), Agent_5 share 0.64 (monitor)
9;9.0;Agent_4;Agent_1|Agent_2|Agent_3|Agent_4|Agent_6|Agent_7|Agent_8|Agent_9|Agent_11|Agent_12;Agent_1=1.0|Agent_2=1.0|Agent_3=1.0|Agent_4=1.0|Agent_5=0.644|Agent_6=1.0|Agent_7=1.0|Agent_8=1.0|Agent_9=1.0|Agent_10=0.655|Agent_11=1.0|Agent_12=1.0;Global DSS: focus on Agent_4 (priority 0.73), Agent_4 share 1.00, Agent_3 share 1.00, Agent_1 share 1.00, Agent_7 share 1.00, Agent_8 share 1.00, Agent_9 share 1.00, Agent_11 share 1.00, Agent_2 share 1.00, Agent_6 share 1.00, Agent_12 share 1.00, Agent_10 share 0.66 (monitor), Agent_5 share 0.64 (monitor)
10;10.0;Agent_4;Agent_1|Agent_2|Agent_3|Agent_4|Agent_6|Agent_7|Agent_8|Agent_9|Agent_11|Agent_12;Agent_1=1.0|Agent_2=1.0|Agent_3=1.0|Agent_4=1.0|Agent_5=0.644|Agent_6=1.0|Agent_7=1.0|Agent_8=1.0|Agent_9=1.0|Agent_10=0.654|Agent_11=1.0|Agent_12=1.0;Global DSS: focus on Agent_4 (priority 0.73), Agent_4 share 1.00, Agent_3 share 1.00, Agent_1 share 1.00, Agent_7 share 1.00, Agent_8 share 1.00, Agent_9 share 1.00, Agent_11 share 1.00, Agent_2 share 1.00, Agent_6 share 1.00, Agent_12 share 1.00, Agent_10 share 0.65 (monitor), Agent_5 share 0.64 (monitor)
11;11.0;Agent_4;Agent_1|Agent_2|Agent_3|Agent_4|Agent_6|Agent_7|Agent_8|Agent_9|Agent_11|Agent_12;Agent_1=1.0|Agent_2=1.0|Agent_3=1.0|Agent_4=1.0|Agent_5=0.644|Agent_6=1.0|Agent_7=1.0|Agent_8=1.0|Agent_9=1.0|Agent_10=0.653|Agent_11=1.0|Agent_12=1.0;Global DSS: focus on Agent_4 (priority 0.73), Agent_4 share 1.00, Agent_3 share 1.00, Agent_1 share 1.00, Agent_7 share 1.00, Agent_8 share 1.00, Agent_9 share 1.00, Agent_11 share 1.00, Agent_2 share 1.00, Agent_6 share 1.00, Agent_12 share 1.00, Agent_10 share 0.65 (monitor), Agent_5 share 0.64 (monitor)
12;12.0;Agent_4;Agent_1|Agent_2|Agent_3|Agent_4|Agent_6|Agent_7|Agent_8|Agent_9|Agent_11|Agent_12;Agent_1=1.0|Agent_2=1.0|Agent_3=1.0|Agent_4=1.0|Agent_5=0.644|Agent_6=1.0|Agent_7=1.0|Agent_8=1.0|Agent_9=1.0|Agent_10=0.652|Agent_11=1.0|Agent_12=1.0;Global DSS: focus on Agent_4 (priority 0.73), Agent_4 share 1.00, Agent_3 share 1.00, Agent_1 share 1.00, Agent_7 share 1.00, Agent_8 share 1.00, Agent_9 share 1.00, Agent_11 share 1.00, Agent_2 share 1.00, Agent_6 share 1.00, Agent_12 share 1.00, Agent_10 share 0.65 (monitor), Agent_5 share 0.64 (monitor)
13;13.0;Agent_4;Agent_1|Agent_2|Agent_3|Agent_4|Agent_6|Agent_7|Agent_8|Agent_9|Agent_11|Agent_12;Agent_1=1.0|Agent_2=1.0|Agent_3=1.0|Agent_4=1.0|Agent_5=0.644|Agent_6=1.0|Agent_7=1.0|Agent_8=1.0|Agent_9=1.0|Agent_10=0.652|Agent_11=1.0|Agent_12=1.0;Global DSS: focus on Agent_4 (priority 0.73), Agent_4 share 1.00, Agent_3 share 1.00, Agent_1 share 1.00, Agent_7 share 1.00, Agent_8 share 1.00, Agent_9 share 1.00, Agent_11 share 1.00, Agent_2 share 1.00, Agent_6 share 1.00, Agent_12 share 1.00, Agent_10 share 0.65 (monitor), Agent_5 share 0.64 (monitor)
14;14.0;Agent_4;Agent_1|Agent_2|Agent_3|Agent_4|Agent_6|Agent_7|Agent_8|Agent_9|Agent_11|Agent_12;Agent_1=1.0|Agent_2=1.0|Agent_3=1.0|Agent_4=1.0|Agent_5=0.644|Agent_6=1.0|Agent_7=1.0|Agent_8=1.0|Agent_9=1.0|Agent_10=0.651|Agent_11=1.0|Agent_12=1.0;Global DSS: focus on Agent_4 (priority 0.73), Agent_4 share 1.00, Agent_3 share 1.00, Agent_1 share 1.00, Agent_7 share 1.00, Agent_8 share 1.00, Agent_9 share 1.00, Agent_11 share 1.00, Agent_2 share 1.00, Agent_6 share 1.00, Agent_12 share 1.00, Agent_10 share 0.65 (monitor), Agent_5 share 0.64 (monitor)
15;15.0;Agent_4;Agent_1|Agent_2|Agent_3|Agent_4|Agent_6|Agent_7|Agent_8|Agent_9|Agent_11|Agent_12;Agent_1=1.0|Agent_2=1.0|Agent_3=1.0|Agent_4=1.0|Agent_5=0.644|Agent_6=1.0|Agent_7=1.0|Agent_8=1.0|Agent_9=1.0|Agent_10=0.65|Agent_11=1.0|Agent_12=1.0;Global DSS: focus on Agent_4 (priority 0.73), Agent_4 share 1.00, Agent_3 share 1.00, Agent_1 share 1.00, Agent_7 share 1.00, Agent_8 share 1.00, Agent_9 share 1.00, Agent_11 share 1.00, Agent_2 share 1.00, Agent_6 share 1.00, Agent_12 share 1.00, Agent_10 share 0.65 (monitor), Agent_5 share 0.64 (monitor)
16;16.0;Agent_4;Agent_1|Agent_2|Agent_3|Agent_4|Agent_6|Agent_7|Agent_8|Agent_9|Agent_11|Agent_12;Agent_1=1.0|Agent_2=1.0|Agent_3=1.0|Agent_4=1.0|Agent_5=0.644|Agent_6=1.0|Agent_7=1.0|Agent_8=1.0|Agent_9=1.0|Agent_10=0.65|Agent_11=1.0|Agent_12=1.0;Global DSS: focus on Agent_4 (priority 0.73), Agent_4 share 1.00, Agent_3 share 1.00, Agent_1 share 1.00, Agent_7 share 1.00, Agent_8 share 1.00, Agent_9 share 1.00, Agent_11 share 1.00, Agent_2 share 1.00, Agent_6 share 1.00, Agent_12 share 1.00, Agent_10 share 0.65 (monitor), Agent_5 share 0.64 (monitor)
17;17.0;Agent_4;Agent_1|Agent_2|Agent_3|Agent_4|Agent_6|Agent_7|Agent_8|Agent_9|Agent_11|Agent_12;Agent_1=1.0|Agent_2=1.0|Agent_3=1.0|Agent_4=1.0|Agent_5=0.644|Agent_6=1.0|Agent_7=1.0|Agent_8=1.0|Agent_9=1.0|Agent_10=0.649|Agent_11=1.0|Agent_12=1.0;Global DSS: focus on Agent_4 (priority 0.73), Agent_4 share 1.00, Agent_3 share 1.00, Agent_1 share 1.00, Agent_7 share 1.00, Agent_8 share 1.00, Agent_9 share 1.00, Agent_11 share 1.00, Agent_2 share 1.00, Agent_6 share 1.00, Agent_12 share 1.00, Agent_10 share 0.65 (monitor), Agent_5 share 0.64 (monitor)
18;18.0;Agent_4;Agent_1|Agent_2|Agent_3|Agent_4|Agent_6|Agent_7|Agent_8|Agent_9|Agent_11|Agent_12;Agent_1=1.0|Agent_2=1.0|Agent_3=1.0|Agent_4=1.0|Agent_5=0.644|Agent_6=1.0|Agent_7=1.0|Agent_8=1.0|Agent_9=1.0|Agent_10=0.649|Agent_11=1.0|Agent_12=1.0;Global DSS: focus on Agent_4 (priority 0.73), Agent_4 share 1.00, Agent_3 share 1.00, Agent_1 share 1.00, Agent_7 share 1.00, Agent_8 share 1.00, Agent_9 share 1.00, Agent_11 share 1.00, Agent_2 share 1.00, Agent_6 share 1.00, Agent_12 share 1.00, Agent_10 share 0.65 (monitor), Agent_5 share 0.64 (monitor)
19;19.0;Agent_4;Agent_1|Agent_2|Agent_3|Agent_4|Agent_6|Agent_7|Agent_8|Agent_9|Agent_11|Agent_12;Agent_1=1.0|Agent_2=1.0|Agent_3=1.0|Agent_4=1.0|Agent_5=0.644|Agent_6=1.0|Agent_7=1.0|Agent_8=1.0|Agent_9=1.0|Agent_10=0.648|Agent_11=1.0|Agent_12=1.0;Global DSS: focus on Agent_4 (priority 0.73), Agent_4 share 1.00, Agent_3 share 1.00, Agent_1 share 1.00, Agent_7 share 1.00, Agent_8 share 1.00, Agent_9 share 1.00, Agent_11 share 1.00, Agent_2 share 1.00, Agent_6 share 1.00, Agent_12 share 1.00, Agent_10 share 0.65 (monitor), Agent_5 share 0.64 (monitor)
20;20.0;Agent_4;Agent_1|Agent_2|Agent_3|Agent_4|Agent_6|Agent_7|Agent_8|Agent_9|Agent_11|Agent_12;Agent_1=1.0|Agent_2=1.0|Agent_3=1.0|Agent_4=1.0|Agent_5=0.644|Agent_6=1.0|Agent_7=1.0|Agent_8=1.0|Agent_9=1.0|Agent_10=0.647|Agent_11=1.0|Agent_12=1.0;Global DSS: focus on Agent_4 (priority 0.73), Agent_4 share 1.00, Agent_3 share 1.00, Agent_1 share 1.00, Agent_7 share 1.00, Agent_8 share 1.00, Agent_9 share 1.00, Agent_11 share 1.00, Agent_2 share 1.00, Agent_6 share 1.00, Agent_12 share 1.00, Agent_10 share 0.65 (monitor), Agent_5 share 0.64 (monitor)
21;21.0;Agent_4;Agent_1|Agent_2|Agent_3|Agent_4|Agent_6|Agent_7|Agent_8|Agent_9|Agent_11|Agent_12;Agent_1=1.0|Agent_2=1.0|Agent_3=1.0|Agent_4=1.0|Agent_5=0.644|Agent_6=1.0|Agent_7=1.0|Agent_8=1.0|Agent_9=1.0|Agent_10=0.647|Agent_11=1.0|Agent_12=1.0;Global DSS: focus on Agent_4 (priority 0.73), Agent_4 share 1.00, Agent_3 share 1.00, Agent_1 share 1.00, Agent_7 share 1.00, Agent_8 share 1.00, Agent_9 share 1.00, Agent_11 share 1.00, Agent_2 share 1.00, Agent_6 share 1.00, Agent_12 share 1.00, Agent_10 share 0.65 (monitor), Agent_5 share 0.64 (monitor)
22;22.0;Agent_4;Agent_1|Agent_2|Agent_3|Agent_4|Agent_6|Agent_7|Agent_8|Agent_9|Agent_11|Agent_12;Agent_1=1.0|Agent_2=1.0|Agent_3=1.0|Agent_4=1.0|Agent_5=0.644|Agent_6=1.0|Agent_7=1.0|Agent_8=1.0|Agent_9=1.0|Agent_10=0.646|Agent_11=1.0|Agent_12=1.0;Global DSS: focus on Agent_4 (priority 0.73), Agent_4 share 1.00, Agent_3 share 1.00, Agent_1 share 1.00, Agent_8 share 1.00, Agent_7 share 1.00, Agent_9 share 1.00, Agent_11 share 1.00, Agent_2 share 1.00, Agent_6 share 1.00, Agent_12 share 1.00, Agent_10 share 0.65 (monitor), Agent_5 share 0.64 (monitor)
23;23.0;Agent_4;Agent_1|Agent_2|Agent_3|Agent_4|Agent_6|Agent_7|Agent_8|Agent_9|Agent_11|Agent_12;Agent_1=1.0|Agent_2=1.0|Agent_3=1.0|Agent_4=1.0|Agent_5=0.643|Agent_6=1.0|Agent_7=1.0|Agent_8=1.0|Agent_9=1.0|Agent_10=0.646|Agent_11=1.0|Agent_12=1.0;Global DSS: focus on Agent_4 (priority 0.73), Agent_4 share 1.00, Agent_3 share 1.00, Agent_1 share 1.00, Agent_8 share 1.00, Agent_7 share 1.00, Agent_9 share 1.00, Agent_11 share 1.00, Agent_2 share 1.00, Agent_6 share 1.00, Agent_12 share 1.00, Agent_10 share 0.65 (monitor), Agent_5 share 0.64 (monitor)
24;24.0;Agent_4;Agent_1|Agent_2|Agent_3|Agent_4|Agent_6|Agent_7|Agent_8|Agent_9|Agent_11|Agent_12;Agent_1=1.0|Agent_2=1.0|Agent_3=1.0|Agent_4=1.0|Agent_5=0.643|Agent_6=1.0|Agent_7=1.0|Agent_8=1.0|Agent_9=1.0|Agent_10=0.645|Agent_11=1.0|Agent_12=1.0;Global DSS: focus on Agent_4 (priority 0.73), Agent_4 share 1.00, Agent_3 share 1.00, Agent_1 share 1.00, Agent_8 share 1.00, Agent_7 share 1.00, Agent_9 share 1.00, Agent_11 share 1.00, Agent_2 share 1.00, Agent_6 share 1.00, Agent_12 share 1.00, Agent_10 share 0.65 (monitor), Agent_5 share 0.64 (monitor)
25;25.0;Agent_4;Agent_1|Agent_2|Agent_3|Agent_4|Agent_6|Agent_7|Agent_8|Agent_9|Agent_11|Agent_12;Agent_1=1.0|Agent_2=1.0|Agent_3=1.0|Agent_4=1.0|Agent_5=0.643|Agent_6=1.0|Agent_7=1.0|Agent_8=1.0|Agent_9=1.0|Agent_10=0.644|Agent_11=1.0|Agent_12=1.0;Global DSS: focus on Agent_4 (priority 0.73), Agent_4 share 1.00, Agent_3 share 1.00, Agent_1 share 1.00, Agent_8 share 1.00, Agent_7 share 1.00, Agent_9 share 1.00, Agent_11 share 1.00, Agent_2 share 1.00, Agent_6 share 1.00, Agent_12 share 1.00, Agent_10 share 0.64 (monitor), Agent_5 share 0.64 (monitor)
26;26.0;Agent_4;Agent_1|Agent_2|Agent_3|Agent_4|Agent_6|Agent_7|Agent_8|Agent_9|Agent_11|Agent_12;Agent_1=1.0|Agent_2=1.0|Agent_3=1.0|Agent_4=1.0|Agent_5=0.643|Agent_6=1.0|Agent_7=1.0|Agent_8=1.0|Agent_9=1.0|Agent_10=0.644|Agent_11=1.0|Agent_12=1.0;Global DSS: focus on Agent_4 (priority 0.73), Agent_4 share 1.00, Agent_3 share 1.00, Agent_1 share 1.00, Agent_8 share 1.00, Agent_7 share 1.00, Agent_9 share 1.00, Agent_11 share 1.00, Agent_2 share 1.00, Agent_6 share 1.00, Agent_12 share 1.00, Agent_10 share 0.64 (monitor), Agent_5 share 0.64 (monitor)
26;26.0;Agent_4;Agent_1|Agent_2|Agent_3|Agent_4|Agent_6|Agent_7|Agent_8|Agent_9|Agent_11|Agent_12;Agent_1=1.0|Agent_2=1.0|Agent_3=1.0|Agent_4=1.0|Agent_5=0.643|Agent_6=1.0|Agent_7=1.0|Agent_8=1.0|Agent_9=1.0|Agent_10=0.644|Agent_11=1.0|Agent_12=1.0;Global DSS: focus on Agent_4 (priority 0.73), Agent_4 share 1.00, Agent_3 share 1.00, Agent_1 share 1.00, Agent_8 share 1.00, Agent_7 share 1.00, Agent_9 share 1.00, Agent_11 share 1.00, Agent_2 share 1.00, Agent_6 share 1.00, Agent_12 share 1.00, Agent_10 share 0.64 (monitor), Agent_5 share 0.64 (monitor)
27;27.0;Agent_4;Agent_1|Agent_2|Agent_3|Agent_4|Agent_6|Agent_7|Agent_8|Agent_9|Agent_11|Agent_12;Agent_1=1.0|Agent_2=1.0|Agent_3=1.0|Agent_4=1.0|Agent_5=0.643|Agent_6=1.0|Agent_7=1.0|Agent_8=1.0|Agent_9=1.0|Agent_10=0.643|Agent_11=1.0|Agent_12=1.0;Global DSS: focus on Agent_4 (priority 0.73), Agent_4 share 1.00, Agent_1 share 1.00, Agent_8 share 1.00, Agent_7 share 1.00, Agent_3 share 1.00, Agent_9 share 1.00, Agent_11 share 1.00, Agent_2 share 1.00, Agent_6 share 1.00, Agent_12 share 1.00, Agent_10 share 0.64 (monitor), Agent_5 share 0.64 (monitor)
28;28.0;Agent_4;Agent_1|Agent_2|Agent_3|Agent_4|Agent_6|Agent_7|Agent_8|Agent_9|Agent_11;Agent_1=1.0|Agent_2=1.0|Agent_3=1.0|Agent_4=1.0|Agent_5=0.643|Agent_6=1.0|Agent_7=1.0|Agent_8=1.0|Agent_9=1.0|Agent_10=0.643|Agent_11=1.0|Agent_12=0.672;Global DSS: focus on Agent_4 (priority 0.73), Agent_4 share 1.00, Agent_3 share 1.00, Agent_1 share 1.00, Agent_8 share 1.00, Agent_7 share 1.00, Agent_9 share 1.00, Agent_2 share 1.00, Agent_11 share 1.00, Agent_6 share 1.00, Agent_12 share 0.67 (monitor), Agent_5 share 0.64 (monitor), Agent_10 share 0.64 (monitor)
29;29.0;Agent_4;Agent_1|Agent_2|Agent_3|Agent_4|Agent_6|Agent_7|Agent_8|Agent_9|Agent_11;Agent_1=1.0|Agent_2=1.0|Agent_3=1.0|Agent_4=1.0|Agent_5=0.643|Agent_6=1.0|Agent_7=1.0|Agent_8=1.0|Agent_9=1.0|Agent_10=0.642|Agent_11=1.0|Agent_12=0.672;Global DSS: focus on Agent_4 (priority 0.73), Agent_4 share 1.00, Agent_3 share 1.00, Agent_1 share 1.00, Agent_8 share 1.00, Agent_7 share 1.00, Agent_9 share 1.00, Agent_2 share 1.00, Agent_11 share 1.00, Agent_6 share 1.00, Agent_12 share 0.67 (monitor), Agent_5 share 0.64 (monitor), Agent_10 share 0.64 (monitor)
30;30.0;Agent_4;Agent_1|Agent_2|Agent_3|Agent_4|Agent_6|Agent_7|Agent_8|Agent_9|Agent_11;Agent_1=1.0|Agent_2=1.0|Agent_3=1.0|Agent_4=1.0|Agent_5=0.643|Agent_6=1.0|Agent_7=1.0|Agent_8=1.0|Agent_9=1.0|Agent_10=0.642|Agent_11=1.0|Agent_12=0.67;Global DSS: focus on Agent_4 (priority 0.73), Agent_4 share 1.00, Agent_3 share 1.00, Agent_1 share 1.00, Agent_8 share 1.00, Agent_7 share 1.00, Agent_9 share 1.00, Agent_2 share 1.00, Agent_6 share 1.00, Agent_11 share 1.00, Agent_12 share 0.67 (monitor), Agent_5 share 0.64 (monitor), Agent_10 share 0.64 (monitor)
31;31.0;Agent_4;Agent_1|Agent_2|Agent_3|Agent_4|Agent_6|Agent_7|Agent_8|Agent_9|Agent_11;Agent_1=1.0|Agent_2=1.0|Agent_3=1.0|Agent_4=1.0|Agent_5=0.642|Agent_6=1.0|Agent_7=1.0|Agent_8=1.0|Agent_9=1.0|Agent_10=0.641|Agent_11=1.0|Agent_12=0.67;Global DSS: focus on Agent_4 (priority 0.73), Agent_4 share 1.00, Agent_1 share 1.00, Agent_8 share 1.00, Agent_7 share 1.00, Agent_3 share 1.00, Agent_9 share 1.00, Agent_2 share 1.00, Agent_6 share 1.00, Agent_11 share 1.00, Agent_12 share 0.67 (monitor), Agent_5 share 0.64 (monitor), Agent_10 share 0.64 (monitor)
32;32.0;Agent_4;Agent_1|Agent_2|Agent_3|Agent_4|Agent_6|Agent_7|Agent_8|Agent_9|Agent_11;Agent_1=1.0|Agent_2=1.0|Agent_3=1.0|Agent_4=1.0|Agent_5=0.642|Agent_6=1.0|Agent_7=1.0|Agent_8=1.0|Agent_9=1.0|Agent_10=0.64|Agent_11=1.0|Agent_12=0.667;Global DSS: focus on Agent_4 (priority 0.73), Agent_4 share 1.00, Agent_1 share 1.00, Agent_8 share 1.00, Agent_7 share 1.00, Agent_3 share 1.00, Agent_9 share 1.00, Agent_2 share 1.00, Agent_6 share 1.00, Agent_11 share 1.00, Agent_12 share 0.67 (monitor), Agent_5 share 0.64 (monitor), Agent_10 share 0.64 (monitor)
33;33.0;Agent_4;Agent_1|Agent_2|Agent_3|Agent_4|Agent_6|Agent_7|Agent_8|Agent_9|Agent_11;Agent_1=1.0|Agent_2=1.0|Agent_3=1.0|Agent_4=1.0|Agent_5=0.642|Agent_6=1.0|Agent_7=1.0|Agent_8=1.0|Agent_9=1.0|Agent_10=0.64|Agent_11=1.0|Agent_12=0.666;Global DSS: focus on Agent_4 (priority 0.73), Agent_4 share 1.00, Agent_1 share 1.00, Agent_8 share 1.00, Agent_7 share 1.00, Agent_3 share 1.00, Agent_9 share 1.00, Agent_2 share 1.00, Agent_6 share 1.00, Agent_11 share 1.00, Agent_12 share 0.67 (monitor), Agent_5 share 0.64 (monitor), Agent_10 share 0.64 (monitor)
33;33.0;Agent_4;Agent_1|Agent_2|Agent_3|Agent_4|Agent_6|Agent_7|Agent_8|Agent_9|Agent_11;Agent_1=1.0|Agent_2=1.0|Agent_3=1.0|Agent_4=1.0|Agent_5=0.642|Agent_6=1.0|Agent_7=1.0|Agent_8=1.0|Agent_9=1.0|Agent_10=0.64|Agent_11=1.0|Agent_12=0.666;Global DSS: focus on Agent_4 (priority 0.73), Agent_4 share 1.00, Agent_1 share 1.00, Agent_8 share 1.00, Agent_7 share 1.00, Agent_3 share 1.00, Agent_9 share 1.00, Agent_2 share 1.00, Agent_6 share 1.00, Agent_11 share 1.00, Agent_12 share 0.67 (monitor), Agent_5 share 0.64 (monitor), Agent_10 share 0.64 (monitor)
34;34.0;Agent_4;Agent_1|Agent_2|Agent_3|Agent_4|Agent_6|Agent_7|Agent_8|Agent_9|Agent_11;Agent_1=1.0|Agent_2=1.0|Agent_3=1.0|Agent_4=1.0|Agent_5=0.642|Agent_6=1.0|Agent_7=1.0|Agent_8=1.0|Agent_9=1.0|Agent_10=0.639|Agent_11=1.0|Agent_12=0.664;Global DSS: focus on Agent_4 (priority 0.73), Agent_4 share 1.00, Agent_1 share 1.00, Agent_8 share 1.00, Agent_7 share 1.00, Agent_3 share 1.00, Agent_9 share 1.00, Agent_2 share 1.00, Agent_6 share 1.00, Agent_11 share 1.00, Agent_12 share 0.66 (monitor), Agent_5 share 0.64 (monitor), Agent_10 share 0.64 (monitor)
35;35.0;Agent_4;Agent_1|Agent_2|Agent_3|Agent_4|Agent_6|Agent_7|Agent_8|Agent_9;Agent_1=1.0|Agent_2=1.0|Agent_3=1.0|Agent_4=1.0|Agent_5=0.642|Agent_6=1.0|Agent_7=1.0|Agent_8=1.0|Agent_9=1.0|Agent_10=0.639|Agent_11=0.675|Agent_12=0.662;Global DSS: focus on Agent_4 (priority 0.73), Agent_4 share 1.00, Agent_1 share 1.00, Agent_8 share 1.00, Agent_7 share 1.00, Agent_3 share 1.00, Agent_9 share 1.00, Agent_2 share 1.00, Agent_6 share 1.00, Agent_11 share 0.67 (monitor), Agent_12 share 0.66 (monitor), Agent_5 share 0.64 (monitor), Agent_10 share 0.64 (monitor)
36;36.0;Agent_4;Agent_1|Agent_2|Agent_3|Agent_4|Agent_6|Agent_7|Agent_8|Agent_9;Agent_1=1.0|Agent_2=1.0|Agent_3=1.0|Agent_4=1.0|Agent_5=0.642|Agent_6=1.0|Agent_7=1.0|Agent_8=1.0|Agent_9=1.0|Agent_10=0.638|Agent_11=0.67|Agent_12=0.661;Global DSS: focus on Agent_4 (priority 0.73), Agent_4 share 1.00, Agent_1 share 1.00, Agent_8 share 1.00, Agent_7 share 1.00, Agent_3 share 1.00, Agent_9 share 1.00, Agent_2 share 1.00, Agent_6 share 1.00, Agent_11 share 0.67 (monitor), Agent_12 share 0.66 (monitor), Agent_5 share 0.64 (monitor), Agent_10 share 0.64 (monitor)
36;36.0;Agent_4;Agent_1|Agent_2|Agent_3|Agent_4|Agent_6|Agent_7|Agent_8|Agent_9;Agent_1=1.0|Agent_2=1.0|Agent_3=1.0|Agent_4=1.0|Agent_5=0.642|Agent_6=1.0|Agent_7=1.0|Agent_8=1.0|Agent_9=1.0|Agent_10=0.638|Agent_11=0.67|Agent_12=0.661;Global DSS: focus on Agent_4 (priority 0.73), Agent_4 share 1.00, Agent_1 share 1.00, Agent_8 share 1.00, Agent_7 share 1.00, Agent_3 share 1.00, Agent_9 share 1.00, Agent_2 share 1.00, Agent_6 share 1.00, Agent_11 share 0.67 (monitor), Agent_12 share 0.66 (monitor), Agent_5 share 0.64 (monitor), Agent_10 share 0.64 (monitor)
36;36.0;Agent_4;Agent_1|Agent_2|Agent_3|Agent_4|Agent_6|Agent_7|Agent_8|Agent_9;Agent_1=1.0|Agent_2=1.0|Agent_3=1.0|Agent_4=1.0|Agent_5=0.642|Agent_6=1.0|Agent_7=1.0|Agent_8=1.0|Agent_9=1.0|Agent_10=0.638|Agent_11=0.67|Agent_12=0.661;Global DSS: focus on Agent_4 (priority 0.73), Agent_4 share 1.00, Agent_1 share 1.00, Agent_8 share 1.00, Agent_7 share 1.00, Agent_3 share 1.00, Agent_9 share 1.00, Agent_2 share 1.00, Agent_6 share 1.00, Agent_11 share 0.67 (monitor), Agent_12 share 0.66 (monitor), Agent_5 share 0.64 (monitor), Agent_10 share 0.64 (monitor)
37;37.0;Agent_4;Agent_1|Agent_2|Agent_3|Agent_4|Agent_6|Agent_7|Agent_8|Agent_9;Agent_1=1.0|Agent_2=1.0|Agent_3=1.0|Agent_4=1.0|Agent_5=0.642|Agent_6=1.0|Agent_7=1.0|Agent_8=1.0|Agent_9=1.0|Agent_10=0.638|Agent_11=0.666|Agent_12=0.66;Global DSS: focus on Agent_4 (priority 0.73), Agent_4 share 1.00, Agent_1 share 1.00, Agent_8 share 1.00, Agent_7 share 1.00, Agent_3 share 1.00, Agent_9 share 1.00, Agent_2 share 1.00, Agent_6 share 1.00, Agent_11 share 0.67 (monitor), Agent_12 share 0.66 (monitor), Agent_5 share 0.64 (monitor), Agent_10 share 0.64 (monitor)
38;38.0;Agent_4;Agent_1|Agent_2|Agent_3|Agent_4|Agent_6|Agent_7|Agent_8|Agent_9;Agent_1=1.0|Agent_2=1.0|Agent_3=1.0|Agent_4=1.0|Agent_5=0.641|Agent_6=1.0|Agent_7=1.0|Agent_8=1.0|Agent_9=1.0|Agent_10=0.637|Agent_11=0.662|Agent_12=0.659;Global DSS: focus on Agent_4 (priority 0.73), Agent_4 share 1.00, Agent_1 share 1.00, Agent_8 share 1.00, Agent_7 share 1.00, Agent_3 share 1.00, Agent_9 share 1.00, Agent_2 share 1.00, Agent_6 share 1.00, Agent_11 share 0.66 (monitor), Agent_12 share 0.66 (monitor), Agent_5 share 0.64 (monitor), Agent_10 share 0.64 (monitor)
39;39.0;Agent_4;Agent_1|Agent_2|Agent_3|Agent_4|Agent_6|Agent_7|Agent_8|Agent_9;Agent_1=1.0|Agent_2=1.0|Agent_3=1.0|Agent_4=1.0|Agent_5=0.641|Agent_6=1.0|Agent_7=1.0|Agent_8=1.0|Agent_9=1.0|Agent_10=0.636|Agent_11=0.66|Agent_12=0.658;Global DSS: focus on Agent_4 (priority 0.73), Agent_4 share 1.00, Agent_1 share 1.00, Agent_8 share 1.00, Agent_7 share 1.00, Agent_3 share 1.00, Agent_9 share 1.00, Agent_2 share 1.00, Agent_6 share 1.00, Agent_11 share 0.66 (monitor), Agent_12 share 0.66 (monitor), Agent_5 share 0.64 (monitor), Agent_10 share 0.64 (monitor)
39;39.0;Agent_4;Agent_1|Agent_2|Agent_3|Agent_4|Agent_6|Agent_7|Agent_8|Agent_9;Agent_1=1.0|Agent_2=1.0|Agent_3=1.0|Agent_4=1.0|Agent_5=0.641|Agent_6=1.0|Agent_7=1.0|Agent_8=1.0|Agent_9=1.0|Agent_10=0.636|Agent_11=0.66|Agent_12=0.658;Global DSS: focus on Agent_4 (priority 0.73), Agent_4 share 1.00, Agent_1 share 1.00, Agent_8 share 1.00, Agent_7 share 1.00, Agent_3 share 1.00, Agent_9 share 1.00, Agent_2 share 1.00, Agent_6 share 1.00, Agent_11 share 0.66 (monitor), Agent_12 share 0.66 (monitor), Agent_5 share 0.64 (monitor), Agent_10 share 0.64 (monitor)
40;40.0;Agent_4;Agent_1|Agent_2|Agent_3|Agent_4|Agent_6|Agent_7|Agent_8|Agent_9;Agent_1=1.0|Agent_2=1.0|Agent_3=1.0|Agent_4=1.0|Agent_5=0.624|Agent_6=1.0|Agent_7=1.0|Agent_8=1.0|Agent_9=1.0|Agent_10=0.619|Agent_11=0.648|Agent_12=0.639;Global DSS: focus on Agent_4 (priority 0.83), Agent_4 share 1.00, Agent_8 share 1.00, Agent_1 share 1.00, Agent_7 share 1.00, Agent_3 share 1.00, Agent_6 share 1.00, Agent_9 share 1.00, Agent_2 share 1.00, Agent_11 share 0.65 (monitor), Agent_12 share 0.64 (monitor), Agent_5 share 0.62 (monitor), Agent_10 share 0.62 (monitor)
41;41.0;Agent_4;Agent_1|Agent_2|Agent_3|Agent_4|Agent_6|Agent_7|Agent_8|Agent_9;Agent_1=1.0|Agent_2=1.0|Agent_3=1.0|Agent_4=1.0|Agent_5=0.62|Agent_6=1.0|Agent_7=1.0|Agent_8=1.0|Agent_9=1.0|Agent_10=0.615|Agent_11=0.65|Agent_12=0.636;Global DSS: focus on Agent_4 (priority 0.86), Agent_4 share 1.00, Agent_8 share 1.00, Agent_1 share 1.00, Agent_7 share 1.00, Agent_3 share 1.00, Agent_6 share 1.00, Agent_9 share 1.00, Agent_2 share 1.00, Agent_11 share 0.65 (monitor), Agent_12 share 0.64 (monitor), Agent_5 share 0.62 (monitor), Agent_10 share 0.61 (monitor)
41;41.0;Agent_4;Agent_1|Agent_2|Agent_3|Agent_4|Agent_6|Agent_7|Agent_8|Agent_9;Agent_1=1.0|Agent_2=1.0|Agent_3=1.0|Agent_4=1.0|Agent_5=0.62|Agent_6=1.0|Agent_7=1.0|Agent_8=1.0|Agent_9=1.0|Agent_10=0.615|Agent_11=0.65|Agent_12=0.636;Global DSS: focus on Agent_4 (priority 0.86), Agent_4 share 1.00, Agent_8 share 1.00, Agent_1 share 1.00, Agent_7 share 1.00, Agent_3 share 1.00, Agent_6 share 1.00, Agent_9 share 1.00, Agent_2 share 1.00, Agent_11 share 0.65 (monitor), Agent_12 share 0.64 (monitor), Agent_5 share 0.62 (monitor), Agent_10 share 0.61 (monitor)
42;42.0;Agent_4;Agent_1|Agent_2|Agent_3|Agent_4|Agent_6|Agent_7|Agent_8|Agent_9;Agent_1=1.0|Agent_2=1.0|Agent_3=1.0|Agent_4=1.0|Agent_5=0.619|Agent_6=1.0|Agent_7=1.0|Agent_8=1.0|Agent_9=1.0|Agent_10=0.614|Agent_11=0.654|Agent_12=0.635;Global DSS: focus on Agent_4 (priority 0.86), Agent_4 share 1.00, Agent_8 share 1.00, Agent_1 share 1.00, Agent_7 share 1.00, Agent_6 share 1.00, Agent_3 share 1.00, Agent_9 share 1.00, Agent_2 share 1.00, Agent_11 share 0.65 (monitor), Agent_12 share 0.64 (monitor), Agent_5 share 0.62 (monitor), Agent_10 share 0.61 (monitor)
43;43.0;Agent_4;Agent_1|Agent_2|Agent_3|Agent_4|Agent_6|Agent_7|Agent_8|Agent_9;Agent_1=1.0|Agent_2=1.0|Agent_3=1.0|Agent_4=1.0|Agent_5=0.619|Agent_6=1.0|Agent_7=1.0|Agent_8=1.0|Agent_9=1.0|Agent_10=0.613|Agent_11=0.658|Agent_12=0.635;Global DSS: focus on Agent_4 (priority 0.86), Agent_4 share 1.00, Agent_8 share 1.00, Agent_1 share 1.00, Agent_7 share 1.00, Agent_6 share 1.00, Agent_3 share 1.00, Agent_9 share 1.00, Agent_2 share 1.00, Agent_11 share 0.66 (monitor), Agent_12 share 0.64 (monitor), Agent_5 share 0.62 (monitor), Agent_10 share 0.61 (monitor)
44;44.0;Agent_4;Agent_1|Agent_2|Agent_3|Agent_4|Agent_6|Agent_7|Agent_8|Agent_9;Agent_1=1.0|Agent_2=1.0|Agent_3=1.0|Agent_4=1.0|Agent_5=0.619|Agent_6=1.0|Agent_7=1.0|Agent_8=1.0|Agent_9=1.0|Agent_10=0.613|Agent_11=0.661|Agent_12=0.635;Global DSS: focus on Agent_4 (priority 0.86), Agent_4 share 1.00, Agent_8 share 1.00, Agent_1 share 1.00, Agent_7 share 1.00, Agent_6 share 1.00, Agent_3 share 1.00, Agent_9 share 1.00, Agent_2 share 1.00, Agent_11 share 0.66 (monitor), Agent_12 share 0.64 (monitor), Agent_5 share 0.62 (monitor), Agent_10 share 0.61 (monitor)
45;45.0;Agent_4;Agent_1|Agent_2|Agent_3|Agent_4|Agent_6|Agent_7|Agent_8|Agent_9;Agent_1=1.0|Agent_2=1.0|Agent_3=1.0|Agent_4=1.0|Agent_5=0.619|Agent_6=1.0|Agent_7=1.0|Agent_8=1.0|Agent_9=1.0|Agent_10=0.613|Agent_11=0.664|Agent_12=0.635;Global DSS: focus on Agent_4 (priority 0.86), Agent_4 share 1.00, Agent_8 share 1.00, Agent_1 share 1.00, Agent_6 share 1.00, Agent_7 share 1.00, Agent_3 share 1.00, Agent_2 share 1.00, Agent_9 share 1.00, Agent_11 share 0.66 (monitor), Agent_12 share 0.64 (monitor), Agent_5 share 0.62 (monitor), Agent_10 share 0.61 (monitor)
46;46.0;Agent_4;Agent_1|Agent_2|Agent_3|Agent_4|Agent_6|Agent_7|Agent_8|Agent_9;Agent_1=1.0|Agent_2=1.0|Agent_3=1.0|Agent_4=1.0|Agent_5=0.619|Agent_6=1.0|Agent_7=1.0|Agent_8=1.0|Agent_9=1.0|Agent_10=0.612|Agent_11=0.666|Agent_12=0.635;Global DSS: focus on Agent_4 (priority 0.86), Agent_4 share 1.00, Agent_8 share 1.00, Agent_1 share 1.00, Agent_6 share 1.00, Agent_7 share 1.00, Agent_3 share 1.00, Agent_2 share 1.00, Agent_9 share 1.00, Agent_11 share 0.67 (monitor), Agent_12 share 0.64 (monitor), Agent_5 share 0.62 (monitor), Agent_10 share 0.61 (monitor)
47;47.0;Agent_4;Agent_1|Agent_2|Agent_3|Agent_4|Agent_6|Agent_7|Agent_8|Agent_9;Agent_1=1.0|Agent_2=1.0|Agent_3=1.0|Agent_4=1.0|Agent_5=0.619|Agent_6=1.0|Agent_7=1.0|Agent_8=1.0|Agent_9=1.0|Agent_10=0.612|Agent_11=0.668|Agent_12=0.635;Global DSS: focus on Agent_4 (priority 0.86), Agent_4 share 1.00, Agent_8 share 1.00, Agent_1 share 1.00, Agent_6 share 1.00, Agent_7 share 1.00, Agent_3 share 1.00, Agent_2 share 1.00, Agent_9 share 1.00, Agent_11 share 0.67 (monitor), Agent_12 share 0.64 (monitor), Agent_5 share 0.62 (monitor), Agent_10 share 0.61 (monitor)
48;48.0;Agent_4;Agent_1|Agent_2|Agent_3|Agent_4|Agent_6|Agent_7|Agent_8|Agent_9;Agent_1=1.0|Agent_2=1.0|Agent_3=1.0|Agent_4=1.0|Agent_5=0.619|Agent_6=1.0|Agent_7=1.0|Agent_8=1.0|Agent_9=1.0|Agent_10=0.612|Agent_11=0.669|Agent_12=0.635;Global DSS: focus on Agent_4 (priority 0.86), Agent_4 share 1.00, Agent_8 share 1.00, Agent_1 share 1.00, Agent_6 share 1.00, Agent_7 share 1.00, Agent_3 share 1.00, Agent_2 share 1.00, Agent_9 share 1.00, Agent_11 share 0.67 (monitor), Agent_12 share 0.64 (monitor), Agent_5 share 0.62 (monitor), Agent_10 share 0.61 (monitor)
49;49.0;Agent_4;Agent_1|Agent_2|Agent_3|Agent_4|Agent_6|Agent_7|Agent_8|Agent_9;Agent_1=1.0|Agent_2=1.0|Agent_3=1.0|Agent_4=1.0|Agent_5=0.619|Agent_6=1.0|Agent_7=1.0|Agent_8=1.0|Agent_9=1.0|Agent_10=0.611|Agent_11=0.67|Agent_12=0.635;Global DSS: focus on Agent_4 (priority 0.86), Agent_4 share 1.00, Agent_8 share 1.00, Agent_1 share 1.00, Agent_6 share 1.00, Agent_7 share 1.00, Agent_3 share 1.00, Agent_2 share 1.00, Agent_9 share 1.00, Agent_11 share 0.67 (monitor), Agent_12 share 0.63 (monitor), Agent_5 share 0.62 (monitor), Agent_10 share 0.61 (monitor)
50;50.0;Agent_4;Agent_1|Agent_2|Agent_3|Agent_4|Agent_6|Agent_7|Agent_8|Agent_9;Agent_1=1.0|Agent_2=1.0|Agent_3=1.0|Agent_4=1.0|Agent_5=0.619|Agent_6=1.0|Agent_7=1.0|Agent_8=1.0|Agent_9=1.0|Agent_10=0.611|Agent_11=0.67|Agent_12=0.635;Global DSS: focus on Agent_4 (priority 0.86), Agent_4 share 1.00, Agent_8 share 1.00, Agent_1 share 1.00, Agent_6 share 1.00, Agent_7 share 1.00, Agent_3 share 1.00, Agent_2 share 1.00, Agent_9 share 1.00, Agent_11 share 0.67 (monitor), Agent_12 share 0.63 (monitor), Agent_5 share 0.62 (monitor), Agent_10 share 0.61 (monitor)
51;51.0;Agent_4;Agent_1|Agent_2|Agent_3|Agent_4|Agent_6|Agent_7|Agent_8|Agent_9;Agent_1=1.0|Agent_2=1.0|Agent_3=1.0|Agent_4=1.0|Agent_5=0.619|Agent_6=1.0|Agent_7=1.0|Agent_8=1.0|Agent_9=1.0|Agent_10=0.61|Agent_11=0.671|Agent_12=0.634;Global DSS: focus on Agent_4 (priority 0.86), Agent_4 share 1.00, Agent_8 share 1.00, Agent_1 share 1.00, Agent_6 share 1.00, Agent_7 share 1.00, Agent_3 share 1.00, Agent_2 share 1.00, Agent_9 share 1.00, Agent_11 share 0.67 (monitor), Agent_12 share 0.63 (monitor), Agent_5 share 0.62 (monitor), Agent_10 share 0.61 (monitor)
51;51.0;Agent_4;Agent_1|Agent_2|Agent_3|Agent_4|Agent_6|Agent_7|Agent_8|Agent_9;Agent_1=1.0|Agent_2=1.0|Agent_3=1.0|Agent_4=1.0|Agent_5=0.619|Agent_6=1.0|Agent_7=1.0|Agent_8=1.0|Agent_9=1.0|Agent_10=0.61|Agent_11=0.671|Agent_12=0.634;Global DSS: focus on Agent_4 (priority 0.86), Agent_4 share 1.00, Agent_8 share 1.00, Agent_1 share 1.00, Agent_6 share 1.00, Agent_7 share 1.00, Agent_3 share 1.00, Agent_2 share 1.00, Agent_9 share 1.00, Agent_11 share 0.67 (monitor), Agent_12 share 0.63 (monitor), Agent_5 share 0.62 (monitor), Agent_10 share 0.61 (monitor)
52;52.0;Agent_4;Agent_1|Agent_2|Agent_3|Agent_4|Agent_6|Agent_7|Agent_8|Agent_9;Agent_1=1.0|Agent_2=1.0|Agent_3=1.0|Agent_4=1.0|Agent_5=0.619|Agent_6=1.0|Agent_7=1.0|Agent_8=1.0|Agent_9=1.0|Agent_10=0.61|Agent_11=0.671|Agent_12=0.634;Global DSS: focus on Agent_4 (priority 0.85), Agent_4 share 1.00, Agent_8 share 1.00, Agent_1 share 1.00, Agent_6 share 1.00, Agent_7 share 1.00, Agent_3 share 1.00, Agent_2 share 1.00, Agent_9 share 1.00, Agent_11 share 0.67 (monitor), Agent_12 share 0.63 (monitor), Agent_5 share 0.62 (monitor), Agent_10 share 0.61 (monitor)
53;53.0;Agent_4;Agent_1|Agent_2|Agent_3|Agent_4|Agent_6|Agent_7|Agent_8|Agent_9|Agent_11;Agent_1=1.0|Agent_2=1.0|Agent_3=1.0|Agent_4=1.0|Agent_5=0.614|Agent_6=1.0|Agent_7=1.0|Agent_8=1.0|Agent_9=1.0|Agent_10=0.615|Agent_11=1.0|Agent_12=0.64;Global DSS: focus on Agent_4 (priority 0.85), Agent_4 share 1.00, Agent_8 share 1.00, Agent_1 share 1.00, Agent_7 share 1.00, Agent_6 share 1.00, Agent_3 share 1.00, Agent_9 share 1.00, Agent_2 share 1.00, Agent_11 share 1.00, Agent_12 share 0.64 (monitor), Agent_10 share 0.61 (monitor), Agent_5 share 0.61 (monitor)
53;53.0;Agent_4;Agent_1|Agent_2|Agent_3|Agent_4|Agent_6|Agent_7|Agent_8|Agent_9|Agent_11;Agent_1=1.0|Agent_2=1.0|Agent_3=1.0|Agent_4=1.0|Agent_5=0.614|Agent_6=1.0|Agent_7=1.0|Agent_8=1.0|Agent_9=1.0|Agent_10=0.615|Agent_11=1.0|Agent_12=0.64;Global DSS: focus on Agent_4 (priority 0.85), Agent_4 share 1.00, Agent_8 share 1.00, Agent_1 share 1.00, Agent_7 share 1.00, Agent_6 share 1.00, Agent_3 share 1.00, Agent_9 share 1.00, Agent_2 share 1.00, Agent_11 share 1.00, Agent_12 share 0.64 (monitor), Agent_10 share 0.61 (monitor), Agent_5 share 0.61 (monitor)
53;53.0;Agent_4;Agent_1|Agent_2|Agent_3|Agent_4|Agent_6|Agent_7|Agent_8|Agent_9|Agent_11;Agent_1=1.0|Agent_2=1.0|Agent_3=1.0|Agent_4=1.0|Agent_5=0.614|Agent_6=1.0|Agent_7=1.0|Agent_8=1.0|Agent_9=1.0|Agent_10=0.615|Agent_11=1.0|Agent_12=0.64;Global DSS: focus on Agent_4 (priority 0.85), Agent_4 share 1.00, Agent_8 share 1.00, Agent_1 share 1.00, Agent_7 share 1.00, Agent_6 share 1.00, Agent_3 share 1.00, Agent_9 share 1.00, Agent_2 share 1.00, Agent_11 share 1.00, Agent_12 share 0.64 (monitor), Agent_10 share 0.61 (monitor), Agent_5 share 0.61 (monitor)
54;54.0;Agent_4;Agent_1|Agent_3|Agent_4|Agent_6|Agent_7|Agent_8|Agent_9|Agent_11;Agent_1=1.0|Agent_2=0.667|Agent_3=1.0|Agent_4=1.0|Agent_5=0.61|Agent_6=1.0|Agent_7=1.0|Agent_8=1.0|Agent_9=1.0|Agent_10=0.619|Agent_11=1.0|Agent_12=0.645;Global DSS: focus on Agent_4 (priority 0.85), Agent_4 share 1.00, Agent_8 share 1.00, Agent_7 share 1.00, Agent_6 share 1.00, Agent_1 share 1.00, Agent_3 share 1.00, Agent_9 share 1.00, Agent_11 share 1.00, Agent_2 share 0.67 (monitor), Agent_12 share 0.64 (monitor), Agent_10 share 0.62 (monitor), Agent_5 share 0.61 (monitor)
55;55.0;Agent_4;Agent_1|Agent_3|Agent_4|Agent_6|Agent_7|Agent_8|Agent_9|Agent_11;Agent_1=1.0|Agent_2=0.656|Agent_3=1.0|Agent_4=1.0|Agent_5=0.606|Agent_6=1.0|Agent_7=1.0|Agent_8=1.0|Agent_9=1.0|Agent_10=0.621|Agent_11=1.0|Agent_12=0.648;Global DSS: focus on Agent_4 (priority 0.85), Agent_4 share 1.00, Agent_8 share 1.00, Agent_7 share 1.00, Agent_6 share 1.00, Agent_1 share 1.00, Agent_9 share 1.00, Agent_3 share 1.00, Agent_11 share 1.00, Agent_2 share 0.66 (monitor), Agent_12 share 0.65 (monitor), Agent_10 share 0.62 (monitor), Agent_5 share 0.61 (monitor)
56;56.0;Agent_4;Agent_1|Agent_3|Agent_4|Agent_6|Agent_7|Agent_8|Agent_9|Agent_11;Agent_1=1.0|Agent_2=0.648|Agent_3=1.0|Agent_4=1.0|Agent_5=0.603|Agent_6=1.0|Agent_7=1.0|Agent_8=1.0|Agent_9=1.0|Agent_10=0.624|Agent_11=1.0|Agent_12=0.651;Global DSS: focus on Agent_4 (priority 0.85), Agent_4 share 1.00, Agent_8 share 1.00, Agent_7 share 1.00, Agent_6 share 1.00, Agent_9 share 1.00, Agent_3 share 1.00, Agent_1 share 1.00, Agent_11 share 1.00, Agent_12 share 0.65 (monitor), Agent_2 share 0.65 (monitor), Agent_10 share 0.62 (monitor), Agent_5 share 0.60 (monitor)
57;57.0;Agent_4;Agent_1|Agent_3|Agent_4|Agent_6|Agent_7|Agent_8|Agent_9|Agent_11;Agent_1=1.0|Agent_2=0.641|Agent_3=1.0|Agent_4=1.0|Agent_5=0.601|Agent_6=1.0|Agent_7=1.0|Agent_8=1.0|Agent_9=1.0|Agent_10=0.625|Agent_11=1.0|Agent_12=0.653;Global DSS: focus on Agent_4 (priority 0.85), Agent_4 share 1.00, Agent_8 share 1.00, Agent_7 share 1.00, Agent_9 share 1.00, Agent_6 share 1.00, Agent_3 share 1.00, Agent_11 share 1.00, Agent_1 share 1.00, Agent_12 share 0.65 (monitor), Agent_2 share 0.64 (monitor), Agent_10 share 0.63 (monitor), Agent_5 share 0.60 (monitor)
58;58.0;Agent_4;Agent_1|Agent_3|Agent_4|Agent_6|Agent_7|Agent_8|Agent_9|Agent_11;Agent_1=1.0|Agent_2=0.636|Agent_3=1.0|Agent_4=1.0|Agent_5=0.599|Agent_6=1.0|Agent_7=1.0|Agent_8=1.0|Agent_9=1.0|Agent_10=0.626|Agent_11=1.0|Agent_12=0.655;Global DSS: focus on Agent_4 (priority 0.85), Agent_4 share 1.00, Agent_8 share 1.00, Agent_7 share 1.00, Agent_9 share 1.00, Agent_6 share 1.00, Agent_3 share 1.00, Agent_11 share 1.00, Agent_1 share 1.00, Agent_12 share 0.65 (monitor), Agent_2 share 0.64 (monitor), Agent_10 share 0.63 (monitor), Agent_5 share 0.60 (monitor)
59;59.0;Agent_4;Agent_1|Agent_3|Agent_4|Agent_6|Agent_7|Agent_8|Agent_9|Agent_11;Agent_1=1.0|Agent_2=0.632|Agent_3=1.0|Agent_4=1.0|Agent_5=0.598|Agent_6=1.0|Agent_7=1.0|Agent_8=1.0|Agent_9=1.0|Agent_10=0.627|Agent_11=1.0|Agent_12=0.656;Global DSS: focus on Agent_4 (priority 0.85), Agent_4 share 1.00, Agent_8 share 1.00, Agent_7 share 1.00, Agent_9 share 1.00, Agent_3 share 1.00, Agent_6 share 1.00, Agent_11 share 1.00, Agent_1 share 1.00, Agent_12 share 0.66 (monitor), Agent_2 share 0.63 (monitor), Agent_10 share 0.63 (monitor), Agent_5 share 0.60 (monitor)
60;60.0;Agent_4;Agent_3|Agent_4|Agent_6|Agent_7|Agent_8|Agent_9|Agent_11;Agent_1=0.671|Agent_2=0.628|Agent_3=1.0|Agent_4=1.0|Agent_5=0.597|Agent_6=1.0|Agent_7=1.0|Agent_8=1.0|Agent_9=1.0|Agent_10=0.628|Agent_11=1.0|Agent_12=0.656;Global DSS: focus on Agent_4 (priority 0.85), Agent_4 share 1.00, Agent_8 share 1.00, Agent_7 share 1.00, Agent_9 share 1.00, Agent_3 share 1.00, Agent_11 share 1.00, Agent_6 share 1.00, Agent_1 share 0.67 (monitor), Agent_12 share 0.66 (monitor), Agent_2 share 0.63 (monitor), Agent_10 share 0.63 (monitor), Agent_5 share 0.60 (monitor)
60;60.0;Agent_4;Agent_3|Agent_4|Agent_6|Agent_7|Agent_8|Agent_9|Agent_11;Agent_1=0.671|Agent_2=0.628|Agent_3=1.0|Agent_4=1.0|Agent_5=0.597|Agent_6=1.0|Agent_7=1.0|Agent_8=1.0|Agent_9=1.0|Agent_10=0.628|Agent_11=1.0|Agent_12=0.656;Global DSS: focus on Agent_4 (priority 0.85), Agent_4 share 1.00, Agent_8 share 1.00, Agent_7 share 1.00, Agent_9 share 1.00, Agent_3 share 1.00, Agent_11 share 1.00, Agent_6 share 1.00, Agent_1 share 0.67 (monitor), Agent_12 share 0.66 (monitor), Agent_2 share 0.63 (monitor), Agent_10 share 0.63 (monitor), Agent_5 share 0.60 (monitor)
61;61.0;Agent_4;Agent_3|Agent_4|Agent_6|Agent_7|Agent_8|Agent_9|Agent_11;Agent_1=0.668|Agent_2=0.625|Agent_3=1.0|Agent_4=1.0|Agent_5=0.596|Agent_6=1.0|Agent_7=1.0|Agent_8=1.0|Agent_9=1.0|Agent_10=0.628|Agent_11=1.0|Agent_12=0.657;Global DSS: focus on Agent_4 (priority 0.85), Agent_4 share 1.00, Agent_8 share 1.00, Agent_7 share 1.00, Agent_9 share 1.00, Agent_3 share 1.00, Agent_11 share 1.00, Agent_6 share 1.00, Agent_1 share 0.67 (monitor), Agent_12 share 0.66 (monitor), Agent_10 share 0.63 (monitor), Agent_2 share 0.63 (monitor), Agent_5 share 0.60 (monitor)
62;62.0;Agent_4;Agent_3|Agent_4|Agent_6|Agent_7|Agent_8|Agent_9|Agent_11;Agent_1=0.665|Agent_2=0.623|Agent_3=1.0|Agent_4=1.0|Agent_5=0.595|Agent_6=1.0|Agent_7=1.0|Agent_8=1.0|Agent_9=1.0|Agent_10=0.629|Agent_11=1.0|Agent_12=0.657;Global DSS: focus on Agent_4 (priority 0.85), Agent_4 share 1.00, Agent_8 share 1.00, Agent_7 share 1.00, Agent_9 share 1.00, Agent_3 share 1.00, Agent_11 share 1.00, Agent_6 share 1.00, Agent_1 share 0.66 (monitor), Agent_12 share 0.66 (monitor), Agent_10 share 0.63 (monitor), Agent_2 share 0.62 (monitor), Agent_5 share 0.59 (monitor)
63;63.0;Agent_4;Agent_3|Agent_4|Agent_6|Agent_7|Agent_8|Agent_9|Agent_11;Agent_1=0.662|Agent_2=0.621|Agent_3=1.0|Agent_4=1.0|Agent_5=0.594|Agent_6=1.0|Agent_7=1.0|Agent_8=1.0|Agent_9=1.0|Agent_10=0.629|Agent_11=1.0|Agent_12=0.657;Global DSS: focus on Agent_4 (priority 0.85), Agent_4 share 1.00, Agent_8 share 1.00, Agent_7 share 1.00, Agent_9 share 1.00, Agent_3 share 1.00, Agent_11 share 1.00, Agent_6 share 1.00, Agent_1 share 0.66 (monitor), Agent_12 share 0.66 (monitor), Agent_10 share 0.63 (monitor), Agent_2 share 0.62 (monitor), Agent_5 share 0.59 (monitor)
64;64.0;Agent_4;Agent_3|Agent_4|Agent_6|Agent_7|Agent_8|Agent_9|Agent_11;Agent_1=0.66|Agent_2=0.619|Agent_3=1.0|Agent_4=1.0|Agent_5=0.593|Agent_6=1.0|Agent_7=1.0|Agent_8=1.0|Agent_9=1.0|Agent_10=0.629|Agent_11=1.0|Agent_12=0.657;Global DSS: focus on Agent_4 (priority 0.85), Agent_4 share 1.00, Agent_8 share 1.00, Agent_7 share 1.00, Agent_9 share 1.00, Agent_3 share 1.00, Agent_11 share 1.00, Agent_6 share 1.00, Agent_1 share 0.66 (monitor), Agent_12 share 0.66 (monitor), Agent_10 share 0.63 (monitor), Agent_2 share 0.62 (monitor), Agent_5 share 0.59 (monitor)
65;65.0;Agent_4;Agent_3|Agent_4|Agent_6|Agent_7|Agent_8|Agent_9|Agent_11;Agent_1=0.659|Agent_2=0.618|Agent_3=1.0|Agent_4=1.0|Agent_5=0.593|Agent_6=1.0|Agent_7=1.0|Agent_8=1.0|Agent_9=1.0|Agent_10=0.629|Agent_11=1.0|Agent_12=0.657;Global DSS: focus on Agent_4 (priority 0.85), Agent_4 share 1.00, Agent_8 share 1.00, Agent_7 share 1.00, Agent_9 share 1.00, Agent_3 share 1.00, Agent_11 share 1.00, Agent_6 share 1.00, Agent_1 share 0.66 (monitor), Agent_12 share 0.66 (monitor), Agent_10 share 0.63 (monitor), Agent_2 share 0.62 (monitor), Agent_5 share 0.59 (monitor)
66;66.0;Agent_4;Agent_3|Agent_4|Agent_6|Agent_7|Agent_8|Agent_9|Agent_11;Agent_1=0.657|Agent_2=0.617|Agent_3=1.0|Agent_4=1.0|Agent_5=0.592|Agent_6=1.0|Agent_7=1.0|Agent_8=1.0|Agent_9=1.0|Agent_10=0.628|Agent_11=1.0|Agent_12=0.657;Global DSS: focus on Agent_4 (priority 0.85), Agent_4 share 1.00, Agent_8 share 1.00, Agent_7 share 1.00, Agent_9 share 1.00, Agent_3 share 1.00, Agent_11 share 1.00, Agent_6 share 1.00, Agent_1 share 0.66 (monitor), Agent_12 share 0.66 (monitor), Agent_10 share 0.63 (monitor), Agent_2 share 0.62 (monitor), Agent_5 share 0.59 (monitor)
67;67.0;Agent_4;Agent_3|Agent_4|Agent_6|Agent_7|Agent_8|Agent_9|Agent_11;Agent_1=0.656|Agent_2=0.616|Agent_3=1.0|Agent_4=1.0|Agent_5=0.592|Agent_6=1.0|Agent_7=1.0|Agent_8=1.0|Agent_9=1.0|Agent_10=0.628|Agent_11=1.0|Agent_12=0.657;Global DSS: focus on Agent_4 (priority 0.85), Agent_4 share 1.00, Agent_8 share 1.00, Agent_7 share 1.00, Agent_9 share 1.00, Agent_3 share 1.00, Agent_11 share 1.00, Agent_6 share 1.00, Agent_12 share 0.66 (monitor), Agent_1 share 0.66 (monitor), Agent_10 share 0.63 (monitor), Agent_2 share 0.62 (monitor), Agent_5 share 0.59 (monitor)
67;67.0;Agent_4;Agent_3|Agent_4|Agent_6|Agent_7|Agent_8|Agent_9|Agent_11;Agent_1=0.656|Agent_2=0.616|Agent_3=1.0|Agent_4=1.0|Agent_5=0.592|Agent_6=1.0|Agent_7=1.0|Agent_8=1.0|Agent_9=1.0|Agent_10=0.628|Agent_11=1.0|Agent_12=0.657;Global DSS: focus on Agent_4 (priority 0.85), Agent_4 share 1.00, Agent_8 share 1.00, Agent_7 share 1.00, Agent_9 share 1.00, Agent_3 share 1.00, Agent_11 share 1.00, Agent_6 share 1.00, Agent_12 share 0.66 (monitor), Agent_1 share 0.66 (monitor), Agent_10 share 0.63 (monitor), Agent_2 share 0.62 (monitor), Agent_5 share 0.59 (monitor)
67;67.0;Agent_4;Agent_3|Agent_4|Agent_6|Agent_7|Agent_8|Agent_9|Agent_11;Agent_1=0.656|Agent_2=0.616|Agent_3=1.0|Agent_4=1.0|Agent_5=0.592|Agent_6=1.0|Agent_7=1.0|Agent_8=1.0|Agent_9=1.0|Agent_10=0.628|Agent_11=1.0|Agent_12=0.657;Global DSS: focus on Agent_4 (priority 0.85), Agent_4 share 1.00, Agent_8 share 1.00, Agent_7 share 1.00, Agent_9 share 1.00, Agent_3 share 1.00, Agent_11 share 1.00, Agent_6 share 1.00, Agent_12 share 0.66 (monitor), Agent_1 share 0.66 (monitor), Agent_10 share 0.63 (monitor), Agent_2 share 0.62 (monitor), Agent_5 share 0.59 (monitor)
68;68.0;Agent_4;Agent_3|Agent_4|Agent_6|Agent_7|Agent_8|Agent_9|Agent_11;Agent_1=0.655|Agent_2=0.615|Agent_3=1.0|Agent_4=1.0|Agent_5=0.591|Agent_6=1.0|Agent_7=1.0|Agent_8=1.0|Agent_9=1.0|Agent_10=0.628|Agent_11=1.0|Agent_12=0.656;Global DSS: focus on Agent_4 (priority 0.85), Agent_4 share 1.00, Agent_8 share 1.00, Agent_7 share 1.00, Agent_9 share 1.00, Agent_3 share 1.00, Agent_11 share 1.00, Agent_6 share 1.00, Agent_12 share 0.66 (monitor), Agent_1 share 0.65 (monitor), Agent_10 share 0.63 (monitor), Agent_2 share 0.62 (monitor), Agent_5 share 0.59 (monitor)
69;69.0;Agent_4;Agent_3|Agent_4|Agent_6|Agent_7|Agent_8|Agent_9|Agent_11;Agent_1=0.654|Agent_2=0.614|Agent_3=1.0|Agent_4=1.0|Agent_5=0.591|Agent_6=1.0|Agent_7=1.0|Agent_8=1.0|Agent_9=1.0|Agent_10=0.628|Agent_11=1.0|Agent_12=0.656;Global DSS: focus on Agent_4 (priority 0.85), Agent_4 share 1.00, Agent_8 share 1.00, Agent_7 share 1.00, Agent_9 share 1.00, Agent_3 share 1.00, Agent_11 share 1.00, Agent_6 share 1.00, Agent_12 share 0.66 (monitor), Agent_1 share 0.65 (monitor), Agent_10 share 0.63 (monitor), Agent_2 share 0.61 (monitor), Agent_5 share 0.59 (monitor)
70;70.0;Agent_4;Agent_3|Agent_4|Agent_6|Agent_7|Agent_8|Agent_9|Agent_11;Agent_1=0.653|Agent_2=0.614|Agent_3=1.0|Agent_4=1.0|Agent_5=0.59|Agent_6=1.0|Agent_7=1.0|Agent_8=1.0|Agent_9=1.0|Agent_10=0.627|Agent_11=1.0|Agent_12=0.656;Global DSS: focus on Agent_4 (priority 0.84), Agent_4 share 1.00, Agent_8 share 1.00, Agent_7 share 1.00, Agent_9 share 1.00, Agent_3 share 1.00, Agent_11 share 1.00, Agent_6 share 1.00, Agent_12 share 0.66 (monitor), Agent_1 share 0.65 (monitor), Agent_10 share 0.63 (monitor), Agent_2 share 0.61 (monitor), Agent_5 share 0.59 (monitor)
71;71.0;Agent_4;Agent_3|Agent_4|Agent_6|Agent_7|Agent_8|Agent_9|Agent_11;Agent_1=0.652|Agent_2=0.613|Agent_3=1.0|Agent_4=1.0|Agent_5=0.59|Agent_6=1.0|Agent_7=1.0|Agent_8=1.0|Agent_9=1.0|Agent_10=0.627|Agent_11=1.0|Agent_12=0.655;Global DSS: focus on Agent_4 (priority 0.84), Agent_4 share 1.00, Agent_8 share 1.00, Agent_7 share 1.00, Agent_9 share 1.00, Agent_3 share 1.00, Agent_11 share 1.00, Agent_6 share 1.00, Agent_12 share 0.66 (monitor), Agent_1 share 0.65 (monitor), Agent_10 share 0.63 (monitor), Agent_2 share 0.61 (monitor), Agent_5 share 0.59 (monitor)
72;72.0;Agent_4;Agent_3|Agent_4|Agent_6|Agent_7|Agent_8|Agent_9|Agent_11;Agent_1=0.651|Agent_2=0.612|Agent_3=1.0|Agent_4=1.0|Agent_5=0.59|Agent_6=1.0|Agent_7=1.0|Agent_8=1.0|Agent_9=1.0|Agent_10=0.627|Agent_11=1.0|Agent_12=0.655;Global DSS: focus on Agent_4 (priority 0.84), Agent_4 share 1.00, Agent_8 share 1.00, Agent_7 share 1.00, Agent_9 share 1.00, Agent_3 share 1.00, Agent_11 share 1.00, Agent_6 share 1.00, Agent_12 share 0.65 (monitor), Agent_1 share 0.65 (monitor), Agent_10 share 0.63 (monitor), Agent_2 share 0.61 (monitor), Agent_5 share 0.59 (monitor)
73;73.0;Agent_4;Agent_3|Agent_4|Agent_6|Agent_7|Agent_8|Agent_9|Agent_11;Agent_1=0.651|Agent_2=0.612|Agent_3=1.0|Agent_4=1.0|Agent_5=0.589|Agent_6=1.0|Agent_7=1.0|Agent_8=1.0|Agent_9=1.0|Agent_10=0.626|Agent_11=1.0|Agent_12=0.654;Global DSS: focus on Agent_4 (priority 0.84), Agent_4 share 1.00, Agent_8 share 1.00, Agent_7 share 1.00, Agent_9 share 1.00, Agent_3 share 1.00, Agent_11 share 1.00, Agent_6 share 1.00, Agent_12 share 0.65 (monitor), Agent_1 share 0.65 (monitor), Agent_10 share 0.63 (monitor), Agent_2 share 0.61 (monitor), Agent_5 share 0.59 (monitor)
74;74.0;Agent_4;Agent_3|Agent_4|Agent_6|Agent_7|Agent_8|Agent_9|Agent_11;Agent_1=0.65|Agent_2=0.611|Agent_3=1.0|Agent_4=1.0|Agent_5=0.589|Agent_6=1.0|Agent_7=1.0|Agent_8=1.0|Agent_9=1.0|Agent_10=0.626|Agent_11=1.0|Agent_12=0.654;Global DSS: focus on Agent_4 (priority 0.84), Agent_4 share 1.00, Agent_8 share 1.00, Agent_7 share 1.00, Agent_9 share 1.00, Agent_3 share 1.00, Agent_11 share 1.00, Agent_6 share 1.00, Agent_12 share 0.65 (monitor), Agent_1 share 0.65 (monitor), Agent_10 share 0.63 (monitor), Agent_2 share 0.61 (monitor), Agent_5 share 0.59 (monitor)
75;75.0;Agent_4;Agent_3|Agent_4|Agent_6|Agent_7|Agent_8|Agent_9|Agent_11;Agent_1=0.649|Agent_2=0.611|Agent_3=1.0|Agent_4=1.0|Agent_5=0.589|Agent_6=1.0|Agent_7=1.0|Agent_8=1.0|Agent_9=1.0|Agent_10=0.625|Agent_11=1.0|Agent_12=0.653;Global DSS: focus on Agent_4 (priority 0.84), Agent_4 share 1.00, Agent_8 share 1.00, Agent_7 share 1.00, Agent_9 share 1.00, Agent_3 share 1.00, Agent_11 share 1.00, Agent_6 share 1.00, Agent_12 share 0.65 (monitor), Agent_1 share 0.65 (monitor), Agent_10 share 0.63 (monitor), Agent_2 share 0.61 (monitor), Agent_5 share 0.59 (monitor)
76;76.0;Agent_4;Agent_3|Agent_4|Agent_6|Agent_7|Agent_8|Agent_9|Agent_11;Agent_1=0.649|Agent_2=0.61|Agent_3=1.0|Agent_4=1.0|Agent_5=0.588|Agent_6=1.0|Agent_7=1.0|Agent_8=1.0|Agent_9=1.0|Agent_10=0.625|Agent_11=1.0|Agent_12=0.653;Global DSS: focus on Agent_4 (priority 0.84), Agent_4 share 1.00, Agent_8 share 1.00, Agent_7 share 1.00, Agent_9 share 1.00, Agent_3 share 1.00, Agent_11 share 1.00, Agent_6 share 1.00, Agent_12 share 0.65 (monitor), Agent_1 share 0.65 (monitor), Agent_10 share 0.63 (monitor), Agent_2 share 0.61 (monitor), Agent_5 share 0.59 (monitor)
77;77.0;Agent_4;Agent_3|Agent_4|Agent_6|Agent_7|Agent_8|Agent_9|Agent_11;Agent_1=0.65|Agent_2=0.609|Agent_3=1.0|Agent_4=1.0|Agent_5=0.588|Agent_6=1.0|Agent_7=1.0|Agent_8=1.0|Agent_9=1.0|Agent_10=0.625|Agent_11=1.0|Agent_12=0.652;Global DSS: focus on Agent_4 (priority 0.84), Agent_4 share 1.00, Agent_8 share 1.00, Agent_7 share 1.00, Agent_9 share 1.00, Agent_3 share 1.00, Agent_11 share 1.00, Agent_6 share 1.00, Agent_12 share 0.65 (monitor), Agent_1 share 0.65 (monitor), Agent_10 share 0.62 (monitor), Agent_2 share 0.61 (monitor), Agent_5 share 0.59 (monitor)
78;78.0;Agent_4;Agent_3|Agent_4|Agent_6|Agent_7|Agent_8|Agent_9|Agent_11;Agent_1=0.651|Agent_2=0.608|Agent_3=1.0|Agent_4=1.0|Agent_5=0.588|Agent_6=1.0|Agent_7=1.0|Agent_8=1.0|Agent_9=1.0|Agent_10=0.624|Agent_11=1.0|Agent_12=0.652;Global DSS: focus on Agent_4 (priority 0.84), Agent_4 share 1.00, Agent_8 share 1.00, Agent_7 share 1.00, Agent_9 share 1.00, Agent_3 share 1.00, Agent_11 share 1.00, Agent_6 share 1.00, Agent_12 share 0.65 (monitor), Agent_1 share 0.65 (monitor), Agent_10 share 0.62 (monitor), Agent_2 share 0.61 (monitor), Agent_5 share 0.59 (monitor)
78;78.0;Agent_4;Agent_3|Agent_4|Agent_6|Agent_7|Agent_8|Agent_9|Agent_11;Agent_1=0.651|Agent_2=0.608|Agent_3=1.0|Agent_4=1.0|Agent_5=0.588|Agent_6=1.0|Agent_7=1.0|Agent_8=1.0|Agent_9=1.0|Agent_10=0.624|Agent_11=1.0|Agent_12=0.652;Global DSS: focus on Agent_4 (priority 0.84), Agent_4 share 1.00, Agent_8 share 1.00, Agent_7 share 1.00, Agent_9 share 1.00, Agent_3 share 1.00, Agent_11 share 1.00, Agent_6 share 1.00, Agent_12 share 0.65 (monitor), Agent_1 share 0.65 (monitor), Agent_10 share 0.62 (monitor), Agent_2 share 0.61 (monitor), Agent_5 share 0.59 (monitor)
79;79.0;Agent_4;Agent_3|Agent_4|Agent_6|Agent_7|Agent_8|Agent_9|Agent_11;Agent_1=0.652|Agent_2=0.607|Agent_3=1.0|Agent_4=1.0|Agent_5=0.587|Agent_6=1.0|Agent_7=1.0|Agent_8=1.0|Agent_9=1.0|Agent_10=0.624|Agent_11=1.0|Agent_12=0.651;Global DSS: focus on Agent_4 (priority 0.84), Agent_4 share 1.00, Agent_8 share 1.00, Agent_7 share 1.00, Agent_9 share 1.00, Agent_3 share 1.00, Agent_11 share 1.00, Agent_6 share 1.00, Agent_1 share 0.65 (monitor), Agent_12 share 0.65 (monitor), Agent_10 share 0.62 (monitor), Agent_2 share 0.61 (monitor), Agent_5 share 0.59 (monitor)
80;80.0;Agent_4;Agent_3|Agent_4|Agent_6|Agent_7|Agent_8|Agent_9|Agent_11;Agent_1=0.652|Agent_2=0.606|Agent_3=1.0|Agent_4=1.0|Agent_5=0.587|Agent_6=1.0|Agent_7=1.0|Agent_8=1.0|Agent_9=1.0|Agent_10=0.623|Agent_11=1.0|Agent_12=0.651;Global DSS: focus on Agent_4 (priority 0.84), Agent_4 share 1.00, Agent_8 share 1.00, Agent_7 share 1.00, Agent_9 share 1.00, Agent_3 share 1.00, Agent_11 share 1.00, Agent_6 share 1.00, Agent_1 share 0.65 (monitor), Agent_12 share 0.65 (monitor), Agent_10 share 0.62 (monitor), Agent_2 share 0.61 (monitor), Agent_5 share 0.59 (monitor)
81;81.0;Agent_4;Agent_3|Agent_4|Agent_6|Agent_7|Agent_8|Agent_9|Agent_11;Agent_1=0.653|Agent_2=0.606|Agent_3=1.0|Agent_4=1.0|Agent_5=0.587|Agent_6=1.0|Agent_7=1.0|Agent_8=1.0|Agent_9=1.0|Agent_10=0.623|Agent_11=1.0|Agent_12=0.65;Global DSS: focus on Agent_4 (priority 0.84), Agent_4 share 1.00, Agent_8 share 1.00, Agent_7 share 1.00, Agent_9 share 1.00, Agent_3 share 1.00, Agent_11 share 1.00, Agent_6 share 1.00, Agent_1 share 0.65 (monitor), Agent_12 share 0.65 (monitor), Agent_10 share 0.62 (monitor), Agent_2 share 0.61 (monitor), Agent_5 share 0.59 (monitor)
82;82.0;Agent_4;Agent_3|Agent_4|Agent_6|Agent_7|Agent_8|Agent_9|Agent_11;Agent_1=0.653|Agent_2=0.605|Agent_3=1.0|Agent_4=1.0|Agent_5=0.586|Agent_6=1.0|Agent_7=1.0|Agent_8=1.0|Agent_9=1.0|Agent_10=0.623|Agent_11=1.0|Agent_12=0.65;Global DSS: focus on Agent_4 (priority 0.84), Agent_4 share 1.00, Agent_8 share 1.00, Agent_7 share 1.00, Agent_9 share 1.00, Agent_3 share 1.00, Agent_11 share 1.00, Agent_6 share 1.00, Agent_1 share 0.65 (monitor), Agent_12 share 0.65 (monitor), Agent_10 share 0.62 (monitor), Agent_2 share 0.61 (monitor), Agent_5 share 0.59 (monitor)
83;83.0;Agent_4;Agent_3|Agent_4|Agent_6|Agent_7|Agent_8|Agent_9|Agent_11;Agent_1=0.653|Agent_2=0.604|Agent_3=1.0|Agent_4=1.0|Agent_5=0.586|Agent_6=1.0|Agent_7=1.0|Agent_8=1.0|Agent_9=1.0|Agent_10=0.622|Agent_11=1.0|Agent_12=0.649;Global DSS: focus on Agent_4 (priority 0.84), Agent_4 share 1.00, Agent_8 share 1.00, Agent_7 share 1.00, Agent_9 share 1.00, Agent_3 share 1.00, Agent_11 share 1.00, Agent_6 share 1.00, Agent_1 share 0.65 (monitor), Agent_12 share 0.65 (monitor), Agent_10 share 0.62 (monitor), Agent_2 share 0.60 (monitor), Agent_5 share 0.59 (monitor)
83;83.0;Agent_4;Agent_3|Agent_4|Agent_6|Agent_7|Agent_8|Agent_9|Agent_11;Agent_1=0.653|Agent_2=0.604|Agent_3=1.0|Agent_4=1.0|Agent_5=0.586|Agent_6=1.0|Agent_7=1.0|Agent_8=1.0|Agent_9=1.0|Agent_10=0.622|Agent_11=1.0|Agent_12=0.649;Global DSS: focus on Agent_4 (priority 0.84), Agent_4 share 1.00, Agent_8 share 1.00, Agent_7 share 1.00, Agent_9 share 1.00, Agent_3 share 1.00, Agent_11 share 1.00, Agent_6 share 1.00, Agent_1 share 0.65 (monitor), Agent_12 share 0.65 (monitor), Agent_10 share 0.62 (monitor), Agent_2 share 0.60 (monitor), Agent_5 share 0.59 (monitor)
84;84.0;Agent_4;Agent_3|Agent_4|Agent_7|Agent_8|Agent_9;Agent_1=0.638|Agent_2=0.594|Agent_3=1.0|Agent_4=1.0|Agent_5=0.578|Agent_6=0.661|Agent_7=1.0|Agent_8=1.0|Agent_9=1.0|Agent_10=0.61|Agent_11=0.674|Agent_12=0.634;Global DSS: focus on Agent_4 (priority 0.84), Agent_4 share 1.00, Agent_8 share 1.00, Agent_7 share 1.00, Agent_9 share 1.00, Agent_3 share 1.00, Agent_11 share 0.67 (monitor), Agent_6 share 0.66 (monitor), Agent_1 share 0.64 (monitor), Agent_12 share 0.63 (monitor), Agent_10 share 0.61 (monitor), Agent_2 share 0.59 (monitor), Agent_5 share 0.58 (monitor)
85;85.0;Agent_4;Agent_3|Agent_4|Agent_7|Agent_8|Agent_9;Agent_1=0.632|Agent_2=0.59|Agent_3=1.0|Agent_4=1.0|Agent_5=0.575|Agent_6=0.655|Agent_7=1.0|Agent_8=1.0|Agent_9=1.0|Agent_10=0.606|Agent_11=0.668|Agent_12=0.629;Global DSS: focus on Agent_4 (priority 0.79), Agent_4 share 1.00, Agent_8 share 1.00, Agent_7 share 1.00, Agent_9 share 1.00, Agent_3 share 1.00, Agent_11 share 0.67 (monitor), Agent_6 share 0.65 (monitor), Agent_1 share 0.63 (monitor), Agent_12 share 0.63 (monitor), Agent_10 share 0.61 (monitor), Agent_2 share 0.59 (monitor), Agent_5 share 0.57 (monitor)
86;86.0;Agent_4;Agent_3|Agent_4|Agent_6|Agent_7|Agent_8|Agent_9;Agent_1=0.651|Agent_2=0.602|Agent_3=1.0|Agent_4=1.0|Agent_5=0.586|Agent_6=1.0|Agent_7=1.0|Agent_8=1.0|Agent_9=1.0|Agent_10=0.62|Agent_11=0.67|Agent_12=0.623;Global DSS: focus on Agent_4 (priority 0.74), Agent_4 share 1.00, Agent_8 share 1.00, Agent_7 share 1.00, Agent_9 share 1.00, Agent_3 share 1.00, Agent_6 share 1.00, Agent_11 share 0.67 (monitor), Agent_1 share 0.65 (monitor), Agent_12 share 0.62 (monitor), Agent_10 share 0.62 (monitor), Agent_2 share 0.60 (monitor), Agent_5 share 0.59 (monitor)
87;87.0;Agent_4;Agent_3|Agent_4|Agent_6|Agent_7|Agent_8|Agent_9;Agent_1=0.667|Agent_2=0.613|Agent_3=1.0|Agent_4=1.0|Agent_5=0.596|Agent_6=1.0|Agent_7=1.0|Agent_8=1.0|Agent_9=1.0|Agent_10=0.633|Agent_11=0.671|Agent_12=0.616;Global DSS: focus on Agent_4 (priority 0.71), Agent_4 share 1.00, Agent_8 share 1.00, Agent_7 share 1.00, Agent_6 share 1.00, Agent_3 share 1.00, Agent_9 share 1.00, Agent_11 share 0.67 (monitor), Agent_1 share 0.67 (monitor), Agent_10 share 0.63 (monitor), Agent_12 share 0.62 (monitor), Agent_2 share 0.61 (monitor), Agent_5 share 0.60 (monitor)
87;87.0;Agent_4;Agent_3|Agent_4|Agent_6|Agent_7|Agent_8|Agent_9;Agent_1=0.667|Agent_2=0.613|Agent_3=1.0|Agent_4=1.0|Agent_5=0.596|Agent_6=1.0|Agent_7=1.0|Agent_8=1.0|Agent_9=1.0|Agent_10=0.633|Agent_11=0.671|Agent_12=0.616;Global DSS: focus on Agent_4 (priority 0.71), Agent_4 share 1.00, Agent_8 share 1.00, Agent_7 share 1.00, Agent_6 share 1.00, Agent_3 share 1.00, Agent_9 share 1.00, Agent_11 share 0.67 (monitor), Agent_1 share 0.67 (monitor), Agent_10 share 0.63 (monitor), Agent_12 share 0.62 (monitor), Agent_2 share 0.61 (monitor), Agent_5 share 0.60 (monitor)
88;88.0;Agent_4;Agent_1|Agent_3|Agent_4|Agent_6|Agent_7|Agent_8;Agent_1=1.0|Agent_2=0.622|Agent_3=1.0|Agent_4=1.0|Agent_5=0.605|Agent_6=1.0|Agent_7=1.0|Agent_8=1.0|Agent_9=0.673|Agent_10=0.643|Agent_11=0.672|Agent_12=0.608;Global DSS: focus on Agent_4 (priority 0.68), Agent_4 share 1.00, Agent_8 share 1.00, Agent_7 share 1.00, Agent_6 share 1.00, Agent_3 share 1.00, Agent_1 share 1.00, Agent_9 share 0.67 (monitor), Agent_11 share 0.67 (monitor), Agent_10 share 0.64 (monitor), Agent_2 share 0.62 (monitor), Agent_12 share 0.61 (monitor), Agent_5 share 0.60 (monitor)
89;89.0;Agent_4;Agent_1|Agent_3|Agent_4|Agent_6|Agent_7|Agent_8;Agent_1=1.0|Agent_2=0.629|Agent_3=1.0|Agent_4=1.0|Agent_5=0.612|Agent_6=1.0|Agent_7=1.0|Agent_8=1.0|Agent_9=0.667|Agent_10=0.652|Agent_11=0.673|Agent_12=0.601;Global DSS: focus on Agent_4 (priority 0.66), Agent_4 share 1.00, Agent_8 share 1.00, Agent_7 share 1.00, Agent_6 share 1.00, Agent_1 share 1.00, Agent_3 share 1.00, Agent_11 share 0.67 (monitor), Agent_9 share 0.67 (monitor), Agent_10 share 0.65 (monitor), Agent_2 share 0.63 (monitor), Agent_5 share 0.61 (monitor), Agent_12 share 0.60 (monitor)
90;90.0;Agent_4;Agent_1|Agent_3|Agent_4|Agent_6|Agent_7|Agent_8;Agent_1=1.0|Agent_2=0.635|Agent_3=1.0|Agent_4=1.0|Agent_5=0.618|Agent_6=1.0|Agent_7=1.0|Agent_8=1.0|Agent_9=0.662|Agent_10=0.66|Agent_11=0.674|Agent_12=0.593;Global DSS: focus on Agent_4 (priority 0.65), Agent_4 share 1.00, Agent_8 share 1.00, Agent_7 share 1.00, Agent_6 share 1.00, Agent_1 share 1.00, Agent_3 share 1.00, Agent_11 share 0.67 (monitor), Agent_9 share 0.66 (monitor), Agent_10 share 0.66 (monitor), Agent_2 share 0.64 (monitor), Agent_5 share 0.62 (monitor), Agent_12 share 0.59 (monitor)
90;90.0;Agent_4;Agent_1|Agent_3|Agent_4|Agent_6|Agent_7|Agent_8;Agent_1=1.0|Agent_2=0.635|Agent_3=1.0|Agent_4=1.0|Agent_5=0.618|Agent_6=1.0|Agent_7=1.0|Agent_8=1.0|Agent_9=0.662|Agent_10=0.66|Agent_11=0.674|Agent_12=0.593;Global DSS: focus on Agent_4 (priority 0.65), Agent_4 share 1.00, Agent_8 share 1.00, Agent_7 share 1.00, Agent_6 share 1.00, Agent_1 share 1.00, Agent_3 share 1.00, Agent_11 share 0.67 (monitor), Agent_9 share 0.66 (monitor), Agent_10 share 0.66 (monitor), Agent_2 share 0.64 (monitor), Agent_5 share 0.62 (monitor), Agent_12 share 0.59 (monitor)
91;91.0;Agent_4;Agent_1|Agent_3|Agent_4|Agent_6|Agent_7|Agent_8;Agent_1=1.0|Agent_2=0.641|Agent_3=1.0|Agent_4=1.0|Agent_5=0.623|Agent_6=1.0|Agent_7=1.0|Agent_8=1.0|Agent_9=0.657|Agent_10=0.666|Agent_11=0.674|Agent_12=0.586;Global DSS: focus on Agent_4 (priority 0.63), Agent_4 share 1.00, Agent_8 share 1.00, Agent_7 share 1.00, Agent_6 share 1.00, Agent_1 share 1.00, Agent_3 share 1.00, Agent_11 share 0.67 (monitor), Agent_10 share 0.67 (monitor), Agent_9 share 0.66 (monitor), Agent_2 share 0.64 (monitor), Agent_5 share 0.62 (monitor), Agent_12 share 0.59 (monitor)
92;92.0;Agent_4;Agent_1|Agent_3|Agent_4|Agent_6|Agent_7|Agent_8;Agent_1=1.0|Agent_2=0.645|Agent_3=1.0|Agent_4=1.0|Agent_5=0.627|Agent_6=1.0|Agent_7=1.0|Agent_8=1.0|Agent_9=0.652|Agent_10=0.671|Agent_11=0.674|Agent_12=0.578;Global DSS: focus on Agent_4 (priority 0.62), Agent_4 share 1.00, Agent_8 share 1.00, Agent_6 share 1.00, Agent_7 share 1.00, Agent_1 share 1.00, Agent_3 share 1.00, Agent_11 share 0.67 (monitor), Agent_10 share 0.67 (monitor), Agent_9 share 0.65 (monitor), Agent_2 share 0.64 (monitor), Agent_5 share 0.63 (monitor), Agent_12 share 0.58 (monitor)
93;93.0;Agent_4;Agent_1|Agent_3|Agent_4|Agent_6|Agent_7|Agent_8;Agent_1=1.0|Agent_2=0.648|Agent_3=1.0|Agent_4=1.0|Agent_5=0.63|Agent_6=1.0|Agent_7=1.0|Agent_8=1.0|Agent_9=0.648|Agent_10=0.675|Agent_11=0.674|Agent_12=0.572;Global DSS: focus on Agent_4 (priority 0.61), Agent_4 share 1.00, Agent_6 share 1.00, Agent_8 share 1.00, Agent_7 share 1.00, Agent_1 share 1.00, Agent_3 share 1.00, Agent_10 share 0.67 (monitor), Agent_11 share 0.67 (monitor), Agent_2 share 0.65 (monitor), Agent_9 share 0.65 (monitor), Agent_5 share 0.63 (monitor), Agent_12 share 0.57 (monitor)
94;94.0;Agent_4;Agent_1|Agent_3|Agent_4|Agent_6|Agent_7|Agent_8|Agent_10;Agent_1=1.0|Agent_2=0.651|Agent_3=1.0|Agent_4=1.0|Agent_5=0.633|Agent_6=1.0|Agent_7=1.0|Agent_8=1.0|Agent_9=0.644|Agent_10=1.0|Agent_11=0.674|Agent_12=0.565;Global DSS: focus on Agent_4 (priority 0.60), Agent_4 share 1.00, Agent_6 share 1.00, Agent_7 share 1.00, Agent_8 share 1.00, Agent_1 share 1.00, Agent_3 share 1.00, Agent_10 share 1.00, Agent_11 share 0.67 (monitor), Agent_2 share 0.65 (monitor), Agent_9 share 0.64 (monitor), Agent_5 share 0.63 (monitor), Agent_12 share 0.57 (monitor)
95;95.0;Agent_4;Agent_1|Agent_3|Agent_4|Agent_6|Agent_7|Agent_8|Agent_10;Agent_1=1.0|Agent_2=0.653|Agent_3=1.0|Agent_4=1.0|Agent_5=0.635|Agent_6=1.0|Agent_7=1.0|Agent_8=1.0|Agent_9=0.64|Agent_10=1.0|Agent_11=0.675|Agent_12=0.56;Global DSS: focus on Agent_4 (priority 0.59), Agent_4 share 1.00, Agent_6 share 1.00, Agent_7 share 1.00, Agent_8 share 1.00, Agent_1 share 1.00, Agent_3 share 1.00, Agent_10 share 1.00, Agent_11 share 0.67 (monitor), Agent_2 share 0.65 (monitor), Agent_9 share 0.64 (monitor), Agent_5 share 0.63 (monitor), Agent_12 share 0.56 (monitor)
96;96.0;Agent_4;Agent_1|Agent_3|Agent_4|Agent_6|Agent_7|Agent_8|Agent_10;Agent_1=1.0|Agent_2=0.655|Agent_3=1.0|Agent_4=1.0|Agent_5=0.637|Agent_6=1.0|Agent_7=1.0|Agent_8=1.0|Agent_9=0.637|Agent_10=1.0|Agent_11=0.675|Agent_12=0.554;Global DSS: focus on Agent_4 (priority 0.59), Agent_4 share 1.00, Agent_6 share 1.00, Agent_7 share 1.00, Agent_8 share 1.00, Agent_1 share 1.00, Agent_3 share 1.00, Agent_10 share 1.00, Agent_11 share 0.67 (monitor), Agent_2 share 0.66 (monitor), Agent_9 share 0.64 (monitor), Agent_5 share 0.64 (monitor), Agent_12 share 0.55 (monitor)
97;97.0;Agent_4;Agent_1|Agent_3|Agent_4|Agent_6|Agent_7|Agent_8|Agent_10|Agent_11;Agent_1=1.0|Agent_2=0.657|Agent_3=1.0|Agent_4=1.0|Agent_5=0.638|Agent_6=1.0|Agent_7=1.0|Agent_8=1.0|Agent_9=0.634|Agent_10=1.0|Agent_11=1.0|Agent_12=0.549;Global DSS: focus on Agent_4 (priority 0.58), Agent_4 share 1.00, Agent_6 share 1.00, Agent_7 share 1.00, Agent_8 share 1.00, Agent_1 share 1.00, Agent_3 share 1.00, Agent_10 share 1.00, Agent_11 share 1.00, Agent_2 share 0.66 (monitor), Agent_5 share 0.64 (monitor), Agent_9 share 0.63 (monitor), Agent_12 share 0.55 (monitor)
97;97.0;Agent_4;Agent_1|Agent_3|Agent_4|Agent_6|Agent_7|Agent_8|Agent_10|Agent_11;Agent_1=1.0|Agent_2=0.657|Agent_3=1.0|Agent_4=1.0|Agent_5=0.638|Agent_6=1.0|Agent_7=1.0|Agent_8=1.0|Agent_9=0.634|Agent_10=1.0|Agent_11=1.0|Agent_12=0.549;Global DSS: focus on Agent_4 (priority 0.58), Agent_4 share 1.00, Agent_6 share 1.00, Agent_7 share 1.00, Agent_8 share 1.00, Agent_1 share 1.00, Agent_3 share 1.00, Agent_10 share 1.00, Agent_11 share 1.00, Agent_2 share 0.66 (monitor), Agent_5 share 0.64 (monitor), Agent_9 share 0.63 (monitor), Agent_12 share 0.55 (monitor)
98;98.0;Agent_4;Agent_1|Agent_3|Agent_4|Agent_6|Agent_7|Agent_8|Agent_10|Agent_11;Agent_1=1.0|Agent_2=0.658|Agent_3=1.0|Agent_4=1.0|Agent_5=0.639|Agent_6=1.0|Agent_7=1.0|Agent_8=1.0|Agent_9=0.631|Agent_10=1.0|Agent_11=1.0|Agent_12=0.545;Global DSS: focus on Agent_4 (priority 0.58), Agent_4 share 1.00, Agent_6 share 1.00, Agent_7 share 1.00, Agent_8 share 1.00, Agent_1 share 1.00, Agent_10 share 1.00, Agent_3 share 1.00, Agent_11 share 1.00, Agent_2 share 0.66 (monitor), Agent_5 share 0.64 (monitor), Agent_9 share 0.63 (monitor), Agent_12 share 0.54 (monitor)
99;99.0;Agent_4;Agent_1|Agent_3|Agent_4|Agent_6|Agent_7|Agent_8|Agent_10|Agent_11;Agent_1=1.0|Agent_2=0.659|Agent_3=1.0|Agent_4=1.0|Agent_5=0.64|Agent_6=1.0|Agent_7=1.0|Agent_8=1.0|Agent_9=0.629|Agent_10=1.0|Agent_11=1.0|Agent_12=0.54;Global DSS: focus on Agent_4 (priority 0.58), Agent_4 share 1.00, Agent_6 share 1.00, Agent_7 share 1.00, Agent_8 share 1.00, Agent_1 share 1.00, Agent_10 share 1.00, Agent_3 share 1.00, Agent_11 share 1.00, Agent_2 share 0.66 (monitor), Agent_5 share 0.64 (monitor), Agent_9 share 0.63 (monitor), Agent_12 share 0.54 (monitor)
99;99.0;Agent_4;Agent_1|Agent_3|Agent_4|Agent_6|Agent_7|Agent_8|Agent_10|Agent_11;Agent_1=1.0|Agent_2=0.659|Agent_3=1.0|Agent_4=1.0|Agent_5=0.64|Agent_6=1.0|Agent_7=1.0|Agent_8=1.0|Agent_9=0.629|Agent_10=1.0|Agent_11=1.0|Agent_12=0.54;Global DSS: focus on Agent_4 (priority 0.58), Agent_4 share 1.00, Agent_6 share 1.00, Agent_7 share 1.00, Agent_8 share 1.00, Agent_1 share 1.00, Agent_10 share 1.00, Agent_3 share 1.00, Agent_11 share 1.00, Agent_2 share 0.66 (monitor), Agent_5 share 0.64 (monitor), Agent_9 share 0.63 (monitor), Agent_12 share 0.54 (monitor)
100;100.0;Agent_4;Agent_1|Agent_3|Agent_4|Agent_6|Agent_7|Agent_8|Agent_10|Agent_11;Agent_1=1.0|Agent_2=0.659|Agent_3=1.0|Agent_4=1.0|Agent_5=0.641|Agent_6=1.0|Agent_7=1.0|Agent_8=1.0|Agent_9=0.627|Agent_10=1.0|Agent_11=1.0|Agent_12=0.537;Global DSS: focus on Agent_4 (priority 0.57), Agent_4 share 1.00, Agent_6 share 1.00, Agent_7 share 1.00, Agent_8 share 1.00, Agent_1 share 1.00, Agent_10 share 1.00, Agent_3 share 1.00, Agent_11 share 1.00, Agent_2 share 0.66 (monitor), Agent_5 share 0.64 (monitor), Agent_9 share 0.63 (monitor), Agent_12 share 0.54 (monitor)
101;101.0;Agent_4;Agent_1|Agent_3|Agent_4|Agent_6|Agent_7|Agent_8|Agent_10|Agent_11;Agent_1=1.0|Agent_2=0.66|Agent_3=1.0|Agent_4=1.0|Agent_5=0.641|Agent_6=1.0|Agent_7=1.0|Agent_8=1.0|Agent_9=0.625|Agent_10=1.0|Agent_11=1.0|Agent_12=0.533;Global DSS: focus on Agent_4 (priority 0.57), Agent_4 share 1.00, Agent_6 share 1.00, Agent_7 share 1.00, Agent_8 share 1.00, Agent_1 share 1.00, Agent_10 share 1.00, Agent_3 share 1.00, Agent_11 share 1.00, Agent_2 share 0.66 (monitor), Agent_5 share 0.64 (monitor), Agent_9 share 0.63 (monitor), Agent_12 share 0.53 (monitor)
102;102.0;Agent_4;Agent_1|Agent_3|Agent_4|Agent_6|Agent_7|Agent_8|Agent_10|Agent_11;Agent_1=1.0|Agent_2=0.661|Agent_3=1.0|Agent_4=1.0|Agent_5=0.642|Agent_6=1.0|Agent_7=1.0|Agent_8=1.0|Agent_9=0.624|Agent_10=1.0|Agent_11=1.0|Agent_12=0.53;Global DSS: focus on Agent_4 (priority 0.57), Agent_4 share 1.00, Agent_6 share 1.00, Agent_7 share 1.00, Agent_8 share 1.00, Agent_1 share 1.00, Agent_10 share 1.00, Agent_3 share 1.00, Agent_11 share 1.00, Agent_2 share 0.66 (monitor), Agent_5 share 0.64 (monitor), Agent_9 share 0.62 (monitor), Agent_12 share 0.53 (monitor)
103;103.0;Agent_4;Agent_1|Agent_3|Agent_4|Agent_6|Agent_7|Agent_8|Agent_10|Agent_11;Agent_1=1.0|Agent_2=0.661|Agent_3=1.0|Agent_4=1.0|Agent_5=0.642|Agent_6=1.0|Agent_7=1.0|Agent_8=1.0|Agent_9=0.623|Agent_10=1.0|Agent_11=1.0|Agent_12=0.527;Global DSS: focus on Agent_4 (priority 0.56), Agent_4 share 1.00, Agent_6 share 1.00, Agent_7 share 1.00, Agent_8 share 1.00, Agent_1 share 1.00, Agent_10 share 1.00, Agent_3 share 1.00, Agent_11 share 1.00, Agent_2 share 0.66 (monitor), Agent_5 share 0.64 (monitor), Agent_9 share 0.62 (monitor), Agent_12 share 0.53 (monitor)
104;104.0;Agent_4;Agent_1|Agent_3|Agent_4|Agent_6|Agent_7|Agent_8|Agent_10|Agent_11;Agent_1=1.0|Agent_2=0.661|Agent_3=1.0|Agent_4=1.0|Agent_5=0.641|Agent_6=1.0|Agent_7=1.0|Agent_8=1.0|Agent_9=0.662|Agent_10=1.0|Agent_11=1.0|Agent_12=0.567;Global DSS: focus on Agent_4 (priority 0.56), Agent_4 share 1.00, Agent_6 share 1.00, Agent_8 share 1.00, Agent_7 share 1.00, Agent_1 share 1.00, Agent_11 share 1.00, Agent_10 share 1.00, Agent_3 share 1.00, Agent_9 share 0.66 (monitor), Agent_2 share 0.66 (monitor), Agent_5 share 0.64 (monitor), Agent_12 share 0.57 (monitor)
105;105.0;Agent_4;Agent_1|Agent_3|Agent_4|Agent_6|Agent_7|Agent_8|Agent_9|Agent_10|Agent_11;Agent_1=1.0|Agent_2=0.662|Agent_3=1.0|Agent_4=1.0|Agent_5=0.64|Agent_6=1.0|Agent_7=1.0|Agent_8=1.0|Agent_9=1.0|Agent_10=1.0|Agent_11=1.0|Agent_12=0.599;Global DSS: focus on Agent_4 (priority 0.56), Agent_4 share 1.00, Agent_6 share 1.00, Agent_8 share 1.00, Agent_7 share 1.00, Agent_1 share 1.00, Agent_11 share 1.00, Agent_10 share 1.00, Agent_9 share 1.00, Agent_3 share 1.00, Agent_2 share 0.66 (monitor), Agent_5 share 0.64 (monitor), Agent_12 share 0.60 (monitor)
106;106.0;Agent_4;Agent_1|Agent_3|Agent_4|Agent_6|Agent_7|Agent_8|Agent_9|Agent_10|Agent_11;Agent_1=1.0|Agent_2=0.662|Agent_3=1.0|Agent_4=1.0|Agent_5=0.639|Agent_6=1.0|Agent_7=1.0|Agent_8=1.0|Agent_9=1.0|Agent_10=1.0|Agent_11=1.0|Agent_12=0.625;Global DSS: focus on Agent_4 (priority 0.55), Agent_4 share 1.00, Agent_8 share 1.00, Agent_6 share 1.00, Agent_7 share 1.00, Agent_1 share 1.00, Agent_11 share 1.00, Agent_10 share 1.00, Agent_9 share 1.00, Agent_3 share 1.00, Agent_2 share 0.66 (monitor), Agent_5 share 0.64 (monitor), Agent_12 share 0.63 (monitor)
107;107.0;Agent_4;Agent_1|Agent_3|Agent_4|Agent_6|Agent_7|Agent_8|Agent_9|Agent_10|Agent_11;Agent_1=1.0|Agent_2=0.662|Agent_3=1.0|Agent_4=1.0|Agent_5=0.639|Agent_6=1.0|Agent_7=1.0|Agent_8=1.0|Agent_9=1.0|Agent_10=1.0|Agent_11=1.0|Agent_12=0.646;Global DSS: focus on Agent_4 (priority 0.55), Agent_4 share 1.00, Agent_8 share 1.00, Agent_6 share 1.00, Agent_7 share 1.00, Agent_11 share 1.00, Agent_1 share 1.00, Agent_9 share 1.00, Agent_10 share 1.00, Agent_3 share 1.00, Agent_2 share 0.66 (monitor), Agent_12 share 0.65 (monitor), Agent_5 share 0.64 (monitor)
108;108.0;Agent_4;Agent_1|Agent_3|Agent_4|Agent_6|Agent_7|Agent_8|Agent_9|Agent_10|Agent_11;Agent_1=1.0|Agent_2=0.662|Agent_3=1.0|Agent_4=1.0|Agent_5=0.638|Agent_6=1.0|Agent_7=1.0|Agent_8=1.0|Agent_9=1.0|Agent_10=1.0|Agent_11=1.0|Agent_12=0.663;Global DSS: focus on Agent_4 (priority 0.55), Agent_4 share 1.00, Agent_8 share 1.00, Agent_6 share 1.00, Agent_7 share 1.00, Agent_11 share 1.00, Agent_9 share 1.00, Agent_1 share 1.00, Agent_10 share 1.00, Agent_3 share 1.00, Agent_12 share 0.66 (monitor), Agent_2 share 0.66 (monitor), Agent_5 share 0.64 (monitor)
109;109.0;Agent_4;Agent_1|Agent_3|Agent_4|Agent_6|Agent_7|Agent_8|Agent_9|Agent_10|Agent_11|Agent_12;Agent_1=1.0|Agent_2=0.662|Agent_3=1.0|Agent_4=1.0|Agent_5=0.638|Agent_6=1.0|Agent_7=1.0|Agent_8=1.0|Agent_9=1.0|Agent_10=1.0|Agent_11=1.0|Agent_12=1.0;Global DSS: focus on Agent_4 (priority 0.55), Agent_4 share 1.00, Agent_8 share 1.00, Agent_6 share 1.00, Agent_11 share 1.00, Agent_9 share 1.00, Agent_7 share 1.00, Agent_10 share 1.00, Agent_1 share 1.00, Agent_3 share 1.00, Agent_12 share 1.00, Agent_2 share 0.66 (monitor), Agent_5 share 0.64 (monitor)
110;110.0;Agent_4;Agent_1|Agent_3|Agent_4|Agent_6|Agent_7|Agent_8|Agent_9|Agent_10|Agent_11|Agent_12;Agent_1=1.0|Agent_2=0.663|Agent_3=1.0|Agent_4=1.0|Agent_5=0.637|Agent_6=1.0|Agent_7=1.0|Agent_8=1.0|Agent_9=1.0|Agent_10=1.0|Agent_11=1.0|Agent_12=1.0;Global DSS: focus on Agent_4 (priority 0.54), Agent_4 share 1.00, Agent_8 share 1.00, Agent_6 share 1.00, Agent_9 share 1.00, Agent_11 share 1.00, Agent_7 share 1.00, Agent_10 share 1.00, Agent_1 share 1.00, Agent_12 share 1.00, Agent_3 share 1.00, Agent_2 share 0.66 (monitor), Agent_5 share 0.64 (monitor)
111;111.0;Agent_4;Agent_1|Agent_3|Agent_4|Agent_6|Agent_7|Agent_8|Agent_9|Agent_10|Agent_11|Agent_12;Agent_1=1.0|Agent_2=0.663|Agent_3=1.0|Agent_4=1.0|Agent_5=0.637|Agent_6=1.0|Agent_7=1.0|Agent_8=1.0|Agent_9=1.0|Agent_10=1.0|Agent_11=1.0|Agent_12=1.0;Global DSS: focus on Agent_4 (priority 0.54), Agent_4 share 1.00, Agent_8 share 1.00, Agent_9 share 1.00, Agent_11 share 1.00, Agent_6 share 1.00, Agent_7 share 1.00, Agent_10 share 1.00, Agent_1 share 1.00, Agent_12 share 1.00, Agent_3 share 1.00, Agent_2 share 0.66 (monitor), Agent_5 share 0.64 (monitor)
112;112.0;Agent_4;Agent_1|Agent_3|Agent_4|Agent_6|Agent_7|Agent_8|Agent_9|Agent_10|Agent_11|Agent_12;Agent_1=1.0|Agent_2=0.663|Agent_3=1.0|Agent_4=1.0|Agent_5=0.637|Agent_6=1.0|Agent_7=1.0|Agent_8=1.0|Agent_9=1.0|Agent_10=1.0|Agent_11=1.0|Agent_12=1.0;Global DSS: focus on Agent_4 (priority 0.54), Agent_4 share 1.00, Agent_8 share 1.00, Agent_9 share 1.00, Agent_11 share 1.00, Agent_6 share 1.00, Agent_7 share 1.00, Agent_10 share 1.00, Agent_1 share 1.00, Agent_12 share 1.00, Agent_3 share 1.00, Agent_2 share 0.66 (monitor), Agent_5 share 0.64 (monitor)
113;113.0;Agent_4;Agent_1|Agent_3|Agent_4|Agent_6|Agent_7|Agent_8|Agent_9|Agent_10|Agent_11|Agent_12;Agent_1=1.0|Agent_2=0.663|Agent_3=1.0|Agent_4=1.0|Agent_5=0.637|Agent_6=1.0|Agent_7=1.0|Agent_8=1.0|Agent_9=1.0|Agent_10=1.0|Agent_11=1.0|Agent_12=1.0;Global DSS: focus on Agent_4 (priority 0.54), Agent_4 share 1.00, Agent_8 share 1.00, Agent_9 share 1.00, Agent_11 share 1.00, Agent_6 share 1.00, Agent_7 share 1.00, Agent_10 share 1.00, Agent_1 share 1.00, Agent_12 share 1.00, Agent_3 share 1.00, Agent_2 share 0.66 (monitor), Agent_5 share 0.64 (monitor)
114;114.0;Agent_4;Agent_1|Agent_3|Agent_4|Agent_6|Agent_7|Agent_8|Agent_9|Agent_10|Agent_11|Agent_12;Agent_1=1.0|Agent_2=0.663|Agent_3=1.0|Agent_4=1.0|Agent_5=0.637|Agent_6=1.0|Agent_7=1.0|Agent_8=1.0|Agent_9=1.0|Agent_10=1.0|Agent_11=1.0|Agent_12=1.0;Global DSS: focus on Agent_4 (priority 0.54), Agent_4 share 1.00, Agent_8 share 1.00, Agent_9 share 1.00, Agent_11 share 1.00, Agent_6 share 1.00, Agent_10 share 1.00, Agent_7 share 1.00, Agent_1 share 1.00, Agent_12 share 1.00, Agent_3 share 1.00, Agent_2 share 0.66 (monitor), Agent_5 share 0.64 (monitor)
115;115.0;Agent_4;Agent_1|Agent_3|Agent_4|Agent_6|Agent_7|Agent_8|Agent_9|Agent_10|Agent_11|Agent_12;Agent_1=1.0|Agent_2=0.663|Agent_3=1.0|Agent_4=1.0|Agent_5=0.636|Agent_6=1.0|Agent_7=1.0|Agent_8=1.0|Agent_9=1.0|Agent_10=1.0|Agent_11=1.0|Agent_12=1.0;Global DSS: focus on Agent_4 (priority 0.53), Agent_4 share 1.00, Agent_8 share 1.00, Agent_9 share 1.00, Agent_11 share 1.00, Agent_6 share 1.00, Agent_10 share 1.00, Agent_7 share 1.00, Agent_1 share 1.00, Agent_12 share 1.00, Agent_3 share 1.00, Agent_2 share 0.66 (monitor), Agent_5 share 0.64 (monitor)
116;116.0;Agent_4;Agent_1|Agent_3|Agent_4|Agent_6|Agent_7|Agent_8|Agent_9|Agent_10|Agent_11|Agent_12;Agent_1=1.0|Agent_2=0.668|Agent_3=1.0|Agent_4=1.0|Agent_5=0.641|Agent_6=1.0|Agent_7=1.0|Agent_8=1.0|Agent_9=1.0|Agent_10=1.0|Agent_11=1.0|Agent_12=1.0;Global DSS: focus on Agent_4 (priority 0.51), Agent_4 share 1.00, Agent_8 share 1.00, Agent_9 share 1.00, Agent_11 share 1.00, Agent_6 share 1.00, Agent_10 share 1.00, Agent_7 share 1.00, Agent_1 share 1.00, Agent_12 share 1.00, Agent_3 share 1.00, Agent_2 share 0.67 (monitor), Agent_5 share 0.64 (monitor)
117;117.0;Agent_4;Agent_1|Agent_3|Agent_4|Agent_6|Agent_7|Agent_8|Agent_9|Agent_10|Agent_11|Agent_12;Agent_1=1.0|Agent_2=0.667|Agent_3=1.0|Agent_4=1.0|Agent_5=0.64|Agent_6=1.0|Agent_7=1.0|Agent_8=1.0|Agent_9=1.0|Agent_10=1.0|Agent_11=1.0|Agent_12=1.0;Global DSS: focus on Agent_4 (priority 0.52), Agent_4 share 1.00, Agent_8 share 1.00, Agent_9 share 1.00, Agent_11 share 1.00, Agent_6 share 1.00, Agent_10 share 1.00, Agent_7 share 1.00, Agent_1 share 1.00, Agent_12 share 1.00, Agent_3 share 1.00, Agent_2 share 0.67 (monitor), Agent_5 share 0.64 (monitor)
118;118.0;Agent_4;Agent_1|Agent_3|Agent_4|Agent_6|Agent_7|Agent_8|Agent_9|Agent_10|Agent_11|Agent_12;Agent_1=1.0|Agent_2=0.672|Agent_3=1.0|Agent_4=1.0|Agent_5=0.643|Agent_6=1.0|Agent_7=1.0|Agent_8=1.0|Agent_9=1.0|Agent_10=1.0|Agent_11=1.0|Agent_12=1.0;Global DSS: focus on Agent_4 (priority 0.50), Agent_4 share 1.00, Agent_8 share 1.00, Agent_9 share 1.00, Agent_11 share 1.00, Agent_6 share 1.00, Agent_10 share 1.00, Agent_7 share 1.00, Agent_1 share 1.00, Agent_12 share 1.00, Agent_3 share 1.00, Agent_2 share 0.67 (monitor), Agent_5 share 0.64 (monitor)
119;119.0;Agent_4;Agent_1|Agent_2|Agent_3|Agent_4|Agent_6|Agent_7|Agent_8|Agent_9|Agent_10|Agent_11|Agent_12;Agent_1=1.0|Agent_2=1.0|Agent_3=1.0|Agent_4=1.0|Agent_5=0.647|Agent_6=1.0|Agent_7=1.0|Agent_8=1.0|Agent_9=1.0|Agent_10=1.0|Agent_11=1.0|Agent_12=1.0;Global DSS: focus on Agent_4 (priority 0.49), Agent_4 share 1.00, Agent_8 share 1.00, Agent_9 share 1.00, Agent_11 share 1.00, Agent_6 share 1.00, Agent_10 share 1.00, Agent_7 share 1.00, Agent_1 share 1.00, Agent_12 share 1.00, Agent_3 share 1.00, Agent_2 share 1.00, Agent_5 share 0.65 (monitor)
120;120.0;Agent_4;Agent_1|Agent_2|Agent_3|Agent_4|Agent_6|Agent_7|Agent_8|Agent_9|Agent_10|Agent_11|Agent_12;Agent_1=1.0|Agent_2=1.0|Agent_3=1.0|Agent_4=1.0|Agent_5=0.649|Agent_6=1.0|Agent_7=1.0|Agent_8=1.0|Agent_9=1.0|Agent_10=1.0|Agent_11=1.0|Agent_12=1.0;Global DSS: focus on Agent_4 (priority 0.48), Agent_4 share 1.00, Agent_8 share 1.00, Agent_9 share 1.00, Agent_11 share 1.00, Agent_6 share 1.00, Agent_10 share 1.00, Agent_7 share 1.00, Agent_1 share 1.00, Agent_12 share 1.00, Agent_3 share 1.00, Agent_2 share 1.00, Agent_5 share 0.65 (monitor)
121;121.0;Agent_4;Agent_1|Agent_2|Agent_3|Agent_4|Agent_6|Agent_7|Agent_8|Agent_9|Agent_10|Agent_11|Agent_12;Agent_1=1.0|Agent_2=1.0|Agent_3=1.0|Agent_4=1.0|Agent_5=0.652|Agent_6=1.0|Agent_7=1.0|Agent_8=1.0|Agent_9=1.0|Agent_10=1.0|Agent_11=1.0|Agent_12=1.0;Global DSS: focus on Agent_4 (priority 0.47), Agent_4 share 1.00, Agent_8 share 1.00, Agent_9 share 1.00, Agent_11 share 1.00, Agent_6 share 1.00, Agent_10 share 1.00, Agent_7 share 1.00, Agent_1 share 1.00, Agent_12 share 1.00, Agent_3 share 1.00, Agent_2 share 1.00, Agent_5 share 0.65 (monitor)
122;122.0;Agent_4;Agent_1|Agent_2|Agent_3|Agent_4|Agent_6|Agent_7|Agent_8|Agent_9|Agent_10|Agent_11|Agent_12;Agent_1=1.0|Agent_2=1.0|Agent_3=1.0|Agent_4=1.0|Agent_5=0.654|Agent_6=1.0|Agent_7=1.0|Agent_8=1.0|Agent_9=1.0|Agent_10=1.0|Agent_11=1.0|Agent_12=1.0;Global DSS: focus on Agent_4 (priority 0.46), Agent_4 share 1.00, Agent_8 share 1.00, Agent_9 share 1.00, Agent_11 share 1.00, Agent_6 share 1.00, Agent_10 share 1.00, Agent_7 share 1.00, Agent_12 share 1.00, Agent_1 share 1.00, Agent_3 share 1.00, Agent_2 share 1.00, Agent_5 share 0.65 (monitor)
123;123.0;Agent_4;Agent_1|Agent_2|Agent_3|Agent_4|Agent_6|Agent_7|Agent_8|Agent_9|Agent_10|Agent_11|Agent_12;Agent_1=1.0|Agent_2=1.0|Agent_3=1.0|Agent_4=1.0|Agent_5=0.655|Agent_6=1.0|Agent_7=1.0|Agent_8=1.0|Agent_9=1.0|Agent_10=1.0|Agent_11=1.0|Agent_12=1.0;Global DSS: focus on Agent_4 (priority 0.45), Agent_4 share 1.00, Agent_8 share 1.00, Agent_9 share 1.00, Agent_11 share 1.00, Agent_6 share 1.00, Agent_10 share 1.00, Agent_7 share 1.00, Agent_12 share 1.00, Agent_1 share 1.00, Agent_3 share 1.00, Agent_2 share 1.00, Agent_5 share 0.66 (monitor)
124;124.0;Agent_4;Agent_1|Agent_2|Agent_3|Agent_4|Agent_6|Agent_7|Agent_8|Agent_9|Agent_10|Agent_11|Agent_12;Agent_1=1.0|Agent_2=1.0|Agent_3=1.0|Agent_4=1.0|Agent_5=0.657|Agent_6=1.0|Agent_7=1.0|Agent_8=1.0|Agent_9=1.0|Agent_10=1.0|Agent_11=1.0|Agent_12=1.0;Global DSS: focus on Agent_4 (priority 0.45), Agent_4 share 1.00, Agent_8 share 1.00, Agent_9 share 1.00, Agent_11 share 1.00, Agent_6 share 1.00, Agent_10 share 1.00, Agent_12 share 1.00, Agent_7 share 1.00, Agent_1 share 1.00, Agent_3 share 1.00, Agent_2 share 1.00, Agent_5 share 0.66 (monitor)
125;125.0;Agent_4;Agent_1|Agent_2|Agent_3|Agent_4|Agent_6|Agent_7|Agent_8|Agent_9|Agent_10|Agent_11|Agent_12;Agent_1=1.0|Agent_2=1.0|Agent_3=1.0|Agent_4=1.0|Agent_5=0.658|Agent_6=1.0|Agent_7=1.0|Agent_8=1.0|Agent_9=1.0|Agent_10=1.0|Agent_11=1.0|Agent_12=1.0;Global DSS: focus on Agent_4 (priority 0.44), Agent_4 share 1.00, Agent_8 share 1.00, Agent_9 share 1.00, Agent_11 share 1.00, Agent_6 share 1.00, Agent_10 share 1.00, Agent_12 share 1.00, Agent_7 share 1.00, Agent_1 share 1.00, Agent_3 share 1.00, Agent_2 share 1.00, Agent_5 share 0.66 (monitor)
126;126.0;Agent_4;Agent_1|Agent_2|Agent_3|Agent_4|Agent_6|Agent_7|Agent_8|Agent_9|Agent_10|Agent_11|Agent_12;Agent_1=1.0|Agent_2=1.0|Agent_3=1.0|Agent_4=1.0|Agent_5=0.659|Agent_6=1.0|Agent_7=1.0|Agent_8=1.0|Agent_9=1.0|Agent_10=1.0|Agent_11=1.0|Agent_12=1.0;Global DSS: focus on Agent_4 (priority 0.44), Agent_4 share 1.00, Agent_8 share 1.00, Agent_9 share 1.00, Agent_11 share 1.00, Agent_6 share 1.00, Agent_12 share 1.00, Agent_10 share 1.00, Agent_7 share 1.00, Agent_1 share 1.00, Agent_3 share 1.00, Agent_2 share 1.00, Agent_5 share 0.66 (monitor)
127;127.0;Agent_4;Agent_1|Agent_2|Agent_3|Agent_4|Agent_6|Agent_7|Agent_8|Agent_9|Agent_10|Agent_11|Agent_12;Agent_1=1.0|Agent_2=1.0|Agent_3=1.0|Agent_4=1.0|Agent_5=0.659|Agent_6=1.0|Agent_7=1.0|Agent_8=1.0|Agent_9=1.0|Agent_10=1.0|Agent_11=1.0|Agent_12=1.0;Global DSS: focus on Agent_4 (priority 0.43), Agent_4 share 1.00, Agent_8 share 1.00, Agent_9 share 1.00, Agent_11 share 1.00, Agent_12 share 1.00, Agent_6 share 1.00, Agent_10 share 1.00, Agent_7 share 1.00, Agent_1 share 1.00, Agent_3 share 1.00, Agent_2 share 1.00, Agent_5 share 0.66 (monitor)
128;128.0;Agent_4;Agent_1|Agent_2|Agent_3|Agent_4|Agent_6|Agent_7|Agent_8|Agent_9|Agent_10|Agent_11|Agent_12;Agent_1=1.0|Agent_2=1.0|Agent_3=1.0|Agent_4=1.0|Agent_5=0.66|Agent_6=1.0|Agent_7=1.0|Agent_8=1.0|Agent_9=1.0|Agent_10=1.0|Agent_11=1.0|Agent_12=1.0;Global DSS: focus on Agent_4 (priority 0.43), Agent_4 share 1.00, Agent_8 share 1.00, Agent_9 share 1.00, Agent_11 share 1.00, Agent_12 share 1.00, Agent_6 share 1.00, Agent_10 share 1.00, Agent_7 share 1.00, Agent_1 share 1.00, Agent_3 share 1.00, Agent_2 share 1.00, Agent_5 share 0.66 (monitor)
129;129.0;Agent_4;Agent_1|Agent_2|Agent_3|Agent_4|Agent_6|Agent_7|Agent_8|Agent_9|Agent_10|Agent_11|Agent_12;Agent_1=1.0|Agent_2=1.0|Agent_3=1.0|Agent_4=1.0|Agent_5=0.661|Agent_6=1.0|Agent_7=1.0|Agent_8=1.0|Agent_9=1.0|Agent_10=1.0|Agent_11=1.0|Agent_12=1.0;Global DSS: focus on Agent_4 (priority 0.43), Agent_4 share 1.00, Agent_8 share 1.00, Agent_9 share 1.00, Agent_11 share 1.00, Agent_12 share 1.00, Agent_6 share 1.00, Agent_10 share 1.00, Agent_7 share 1.00, Agent_1 share 1.00, Agent_3 share 1.00, Agent_2 share 1.00, Agent_5 share 0.66 (monitor)
130;130.0;Agent_4;Agent_1|Agent_2|Agent_3|Agent_4|Agent_6|Agent_7|Agent_8|Agent_9|Agent_10|Agent_11|Agent_12;Agent_1=1.0|Agent_2=1.0|Agent_3=1.0|Agent_4=1.0|Agent_5=0.661|Agent_6=1.0|Agent_7=1.0|Agent_8=1.0|Agent_9=1.0|Agent_10=1.0|Agent_11=1.0|Agent_12=1.0;Global DSS: focus on Agent_4 (priority 0.42), Agent_4 share 1.00, Agent_8 share 1.00, Agent_9 share 1.00, Agent_11 share 1.00, Agent_12 share 1.00, Agent_6 share 1.00, Agent_10 share 1.00, Agent_7 share 1.00, Agent_1 share 1.00, Agent_3 share 1.00, Agent_2 share 1.00, Agent_5 share 0.66 (monitor)
131;131.0;Agent_4;Agent_1|Agent_2|Agent_3|Agent_4|Agent_6|Agent_7|Agent_8|Agent_9|Agent_10|Agent_11|Agent_12;Agent_1=1.0|Agent_2=1.0|Agent_3=1.0|Agent_4=1.0|Agent_5=0.661|Agent_6=1.0|Agent_7=1.0|Agent_8=1.0|Agent_9=1.0|Agent_10=1.0|Agent_11=1.0|Agent_12=1.0;Global DSS: focus on Agent_4 (priority 0.42), Agent_4 share 1.00, Agent_8 share 1.00, Agent_9 share 1.00, Agent_11 share 1.00, Agent_12 share 1.00, Agent_6 share 1.00, Agent_10 share 1.00, Agent_7 share 1.00, Agent_1 share 1.00, Agent_3 share 1.00, Agent_2 share 1.00, Agent_5 share 0.66 (monitor)
132;132.0;Agent_4;Agent_1|Agent_2|Agent_3|Agent_4|Agent_6|Agent_7|Agent_8|Agent_9|Agent_10|Agent_11|Agent_12;Agent_1=1.0|Agent_2=1.0|Agent_3=1.0|Agent_4=1.0|Agent_5=0.662|Agent_6=1.0|Agent_7=1.0|Agent_8=1.0|Agent_9=1.0|Agent_10=1.0|Agent_11=1.0|Agent_12=1.0;Global DSS: focus on Agent_4 (priority 0.42), Agent_4 share 1.00, Agent_8 share 1.00, Agent_9 share 1.00, Agent_11 share 1.00, Agent_12 share 1.00, Agent_6 share 1.00, Agent_10 share 1.00, Agent_7 share 1.00, Agent_1 share 1.00, Agent_3 share 1.00, Agent_2 share 1.00, Agent_5 share 0.66 (monitor)
133;133.0;Agent_4;Agent_1|Agent_2|Agent_3|Agent_4|Agent_6|Agent_7|Agent_8|Agent_9|Agent_10|Agent_11|Agent_12;Agent_1=1.0|Agent_2=1.0|Agent_3=1.0|Agent_4=1.0|Agent_5=0.662|Agent_6=1.0|Agent_7=1.0|Agent_8=1.0|Agent_9=1.0|Agent_10=1.0|Agent_11=1.0|Agent_12=1.0;Global DSS: focus on Agent_4 (priority 0.42), Agent_4 share 1.00, Agent_8 share 1.00, Agent_9 share 1.00, Agent_11 share 1.00, Agent_12 share 1.00, Agent_6 share 1.00, Agent_10 share 1.00, Agent_7 share 1.00, Agent_1 share 1.00, Agent_3 share 1.00, Agent_2 share 1.00, Agent_5 share 0.66 (monitor)
134;134.0;Agent_4;Agent_1|Agent_2|Agent_3|Agent_4|Agent_6|Agent_7|Agent_8|Agent_9|Agent_10|Agent_11|Agent_12;Agent_1=1.0|Agent_2=1.0|Agent_3=1.0|Agent_4=1.0|Agent_5=0.662|Agent_6=1.0|Agent_7=1.0|Agent_8=1.0|Agent_9=1.0|Agent_10=1.0|Agent_11=1.0|Agent_12=1.0;Global DSS: focus on Agent_4 (priority 0.41), Agent_4 share 1.00, Agent_8 share 1.00, Agent_9 share 1.00, Agent_11 share 1.00, Agent_12 share 1.00, Agent_6 share 1.00, Agent_10 share 1.00, Agent_7 share 1.00, Agent_1 share 1.00, Agent_3 share 1.00, Agent_2 share 1.00, Agent_5 share 0.66 (monitor)
135;135.0;Agent_4;Agent_1|Agent_2|Agent_3|Agent_4|Agent_6|Agent_7|Agent_8|Agent_9|Agent_10|Agent_11|Agent_12;Agent_1=1.0|Agent_2=1.0|Agent_3=1.0|Agent_4=1.0|Agent_5=0.662|Agent_6=1.0|Agent_7=1.0|Agent_8=1.0|Agent_9=1.0|Agent_10=1.0|Agent_11=1.0|Agent_12=1.0;Global DSS: focus on Agent_4 (priority 0.41), Agent_4 share 1.00, Agent_9 share 1.00, Agent_8 share 1.00, Agent_11 share 1.00, Agent_12 share 1.00, Agent_6 share 1.00, Agent_10 share 1.00, Agent_7 share 1.00, Agent_1 share 1.00, Agent_3 share 1.00, Agent_2 share 1.00, Agent_5 share 0.66 (monitor)
136;136.0;Agent_4;Agent_1|Agent_2|Agent_3|Agent_4|Agent_6|Agent_7|Agent_8|Agent_9|Agent_10|Agent_11|Agent_12;Agent_1=1.0|Agent_2=1.0|Agent_3=1.0|Agent_4=1.0|Agent_5=0.663|Agent_6=1.0|Agent_7=1.0|Agent_8=1.0|Agent_9=1.0|Agent_10=1.0|Agent_11=1.0|Agent_12=1.0;Global DSS: focus on Agent_4 (priority 0.41), Agent_4 share 1.00, Agent_9 share 1.00, Agent_8 share 1.00, Agent_11 share 1.00, Agent_12 share 1.00, Agent_6 share 1.00, Agent_10 share 1.00, Agent_7 share 1.00, Agent_1 share 1.00, Agent_3 share 1.00, Agent_2 share 1.00, Agent_5 share 0.66 (monitor)
137;137.0;Agent_4;Agent_1|Agent_2|Agent_3|Agent_4|Agent_6|Agent_7|Agent_8|Agent_9|Agent_10|Agent_11|Agent_12;Agent_1=1.0|Agent_2=1.0|Agent_3=1.0|Agent_4=1.0|Agent_5=0.663|Agent_6=1.0|Agent_7=1.0|Agent_8=1.0|Agent_9=1.0|Agent_10=1.0|Agent_11=1.0|Agent_12=1.0;Global DSS: focus on Agent_4 (priority 0.41), Agent_4 share 1.00, Agent_9 share 1.00, Agent_8 share 1.00, Agent_11 share 1.00, Agent_12 share 1.00, Agent_6 share 1.00, Agent_10 share 1.00, Agent_7 share 1.00, Agent_1 share 1.00, Agent_3 share 1.00, Agent_2 share 1.00, Agent_5 share 0.66 (monitor)
138;138.0;Agent_4;Agent_1|Agent_2|Agent_3|Agent_4|Agent_6|Agent_7|Agent_8|Agent_9|Agent_10|Agent_11|Agent_12;Agent_1=1.0|Agent_2=1.0|Agent_3=1.0|Agent_4=1.0|Agent_5=0.663|Agent_6=1.0|Agent_7=1.0|Agent_8=1.0|Agent_9=1.0|Agent_10=1.0|Agent_11=1.0|Agent_12=1.0;Global DSS: focus on Agent_4 (priority 0.40), Agent_4 share 1.00, Agent_9 share 1.00, Agent_8 share 1.00, Agent_11 share 1.00, Agent_12 share 1.00, Agent_6 share 1.00, Agent_10 share 1.00, Agent_7 share 1.00, Agent_1 share 1.00, Agent_3 share 1.00, Agent_2 share 1.00, Agent_5 share 0.66 (monitor)
139;139.0;Agent_4;Agent_1|Agent_2|Agent_3|Agent_4|Agent_6|Agent_7|Agent_8|Agent_9|Agent_10|Agent_11|Agent_12;Agent_1=1.0|Agent_2=1.0|Agent_3=1.0|Agent_4=1.0|Agent_5=0.663|Agent_6=1.0|Agent_7=1.0|Agent_8=1.0|Agent_9=1.0|Agent_10=1.0|Agent_11=1.0|Agent_12=1.0;Global DSS: focus on Agent_4 (priority 0.40), Agent_4 share 1.00, Agent_9 share 1.00, Agent_11 share 1.00, Agent_8 share 1.00, Agent_12 share 1.00, Agent_6 share 1.00, Agent_10 share 1.00, Agent_7 share 1.00, Agent_1 share 1.00, Agent_3 share 1.00, Agent_2 share 1.00, Agent_5 share 0.66 (monitor)
140;140.0;Agent_4;Agent_1|Agent_2|Agent_3|Agent_4|Agent_6|Agent_7|Agent_8|Agent_9|Agent_10|Agent_11|Agent_12;Agent_1=1.0|Agent_2=1.0|Agent_3=1.0|Agent_4=1.0|Agent_5=0.663|Agent_6=1.0|Agent_7=1.0|Agent_8=1.0|Agent_9=1.0|Agent_10=1.0|Agent_11=1.0|Agent_12=1.0;Global DSS: focus on Agent_4 (priority 0.40), Agent_4 share 1.00, Agent_9 share 1.00, Agent_11 share 1.00, Agent_12 share 1.00, Agent_8 share 1.00, Agent_6 share 1.00, Agent_10 share 1.00, Agent_7 share 1.00, Agent_1 share 1.00, Agent_3 share 1.00, Agent_2 share 1.00, Agent_5 share 0.66 (monitor)
141;141.0;Agent_4;Agent_1|Agent_2|Agent_3|Agent_4|Agent_6|Agent_7|Agent_8|Agent_9|Agent_10|Agent_11|Agent_12;Agent_1=1.0|Agent_2=1.0|Agent_3=1.0|Agent_4=1.0|Agent_5=0.663|Agent_6=1.0|Agent_7=1.0|Agent_8=1.0|Agent_9=1.0|Agent_10=1.0|Agent_11=1.0|Agent_12=1.0;Global DSS: focus on Agent_4 (priority 0.40), Agent_4 share 1.00, Agent_9 share 1.00, Agent_11 share 1.00, Agent_12 share 1.00, Agent_6 share 1.00, Agent_8 share 1.00, Agent_10 share 1.00, Agent_7 share 1.00, Agent_1 share 1.00, Agent_3 share 1.00, Agent_2 share 1.00, Agent_5 share 0.66 (monitor)
142;142.0;Agent_4;Agent_1|Agent_2|Agent_3|Agent_4|Agent_6|Agent_7|Agent_8|Agent_9|Agent_10|Agent_11|Agent_12;Agent_1=1.0|Agent_2=1.0|Agent_3=1.0|Agent_4=1.0|Agent_5=0.663|Agent_6=1.0|Agent_7=1.0|Agent_8=1.0|Agent_9=1.0|Agent_10=1.0|Agent_11=1.0|Agent_12=1.0;Global DSS: focus on Agent_4 (priority 0.40), Agent_4 share 1.00, Agent_9 share 1.00, Agent_11 share 1.00, Agent_12 share 1.00, Agent_6 share 1.00, Agent_10 share 1.00, Agent_7 share 1.00, Agent_8 share 1.00, Agent_1 share 1.00, Agent_3 share 1.00, Agent_2 share 1.00, Agent_5 share 0.66 (monitor)
143;143.0;Agent_4;Agent_1|Agent_2|Agent_3|Agent_4|Agent_6|Agent_7|Agent_8|Agent_9|Agent_10|Agent_11|Agent_12;Agent_1=1.0|Agent_2=1.0|Agent_3=1.0|Agent_4=1.0|Agent_5=0.663|Agent_6=1.0|Agent_7=1.0|Agent_8=1.0|Agent_9=1.0|Agent_10=1.0|Agent_11=1.0|Agent_12=1.0;Global DSS: focus on Agent_4 (priority 0.39), Agent_4 share 1.00, Agent_9 share 1.00, Agent_11 share 1.00, Agent_12 share 1.00, Agent_6 share 1.00, Agent_7 share 1.00, Agent_10 share 1.00, Agent_8 share 1.00, Agent_1 share 1.00, Agent_3 share 1.00, Agent_2 share 1.00, Agent_5 share 0.66 (monitor)
144;144.0;Agent_4;Agent_1|Agent_2|Agent_3|Agent_4|Agent_6|Agent_7|Agent_8|Agent_9|Agent_10|Agent_11|Agent_12;Agent_1=1.0|Agent_2=1.0|Agent_3=1.0|Agent_4=1.0|Agent_5=0.663|Agent_6=1.0|Agent_7=1.0|Agent_8=1.0|Agent_9=1.0|Agent_10=1.0|Agent_11=1.0|Agent_12=1.0;Global DSS: focus on Agent_4 (priority 0.39), Agent_4 share 1.00, Agent_9 share 1.00, Agent_11 share 1.00, Agent_12 share 1.00, Agent_6 share 1.00, Agent_7 share 1.00, Agent_10 share 1.00, Agent_8 share 1.00, Agent_1 share 1.00, Agent_3 share 1.00, Agent_2 share 1.00, Agent_5 share 0.66 (monitor)
145;145.0;Agent_4;Agent_1|Agent_2|Agent_3|Agent_4|Agent_6|Agent_7|Agent_8|Agent_9|Agent_10|Agent_11|Agent_12;Agent_1=1.0|Agent_2=1.0|Agent_3=1.0|Agent_4=1.0|Agent_5=0.663|Agent_6=1.0|Agent_7=1.0|Agent_8=1.0|Agent_9=1.0|Agent_10=1.0|Agent_11=1.0|Agent_12=1.0;Global DSS: focus on Agent_4 (priority 0.39), Agent_4 share 1.00, Agent_9 share 1.00, Agent_11 share 1.00, Agent_12 share 1.00, Agent_6 share 1.00, Agent_7 share 1.00, Agent_10 share 1.00, Agent_8 share 1.00, Agent_1 share 1.00, Agent_3 share 1.00, Agent_2 share 1.00, Agent_5 share 0.66 (monitor)
146;146.0;Agent_4;Agent_1|Agent_2|Agent_3|Agent_4|Agent_6|Agent_7|Agent_8|Agent_9|Agent_10|Agent_11|Agent_12;Agent_1=1.0|Agent_2=1.0|Agent_3=1.0|Agent_4=1.0|Agent_5=0.663|Agent_6=1.0|Agent_7=1.0|Agent_8=1.0|Agent_9=1.0|Agent_10=1.0|Agent_11=1.0|Agent_12=1.0;Global DSS: focus on Agent_4 (priority 0.39), Agent_4 share 1.00, Agent_9 share 1.00, Agent_11 share 1.00, Agent_12 share 1.00, Agent_6 share 1.00, Agent_7 share 1.00, Agent_10 share 1.00, Agent_8 share 1.00, Agent_1 share 1.00, Agent_3 share 1.00, Agent_2 share 1.00, Agent_5 share 0.66 (monitor)
147;147.0;Agent_4;Agent_1|Agent_2|Agent_3|Agent_4|Agent_6|Agent_7|Agent_8|Agent_9|Agent_10|Agent_11|Agent_12;Agent_1=1.0|Agent_2=1.0|Agent_3=1.0|Agent_4=1.0|Agent_5=0.663|Agent_6=1.0|Agent_7=1.0|Agent_8=1.0|Agent_9=1.0|Agent_10=1.0|Agent_11=1.0|Agent_12=1.0;Global DSS: focus on Agent_4 (priority 0.39), Agent_4 share 1.00, Agent_9 share 1.00, Agent_11 share 1.00, Agent_12 share 1.00, Agent_6 share 1.00, Agent_10 share 1.00, Agent_7 share 1.00, Agent_8 share 1.00, Agent_1 share 1.00, Agent_3 share 1.00, Agent_2 share 1.00, Agent_5 share 0.66 (monitor)
148;148.0;Agent_4;Agent_1|Agent_2|Agent_3|Agent_4|Agent_6|Agent_7|Agent_8|Agent_9|Agent_10|Agent_11|Agent_12;Agent_1=1.0|Agent_2=1.0|Agent_3=1.0|Agent_4=1.0|Agent_5=0.663|Agent_6=1.0|Agent_7=1.0|Agent_8=1.0|Agent_9=1.0|Agent_10=1.0|Agent_11=1.0|Agent_12=1.0;Global DSS: focus on Agent_4 (priority 0.39), Agent_4 share 1.00, Agent_9 share 1.00, Agent_11 share 1.00, Agent_12 share 1.00, Agent_6 share 1.00, Agent_10 share 1.00, Agent_7 share 1.00, Agent_8 share 1.00, Agent_1 share 1.00, Agent_3 share 1.00, Agent_2 share 1.00, Agent_5 share 0.66 (monitor)
149;149.0;Agent_4;Agent_1|Agent_2|Agent_3|Agent_4|Agent_6|Agent_7|Agent_8|Agent_9|Agent_10|Agent_11|Agent_12;Agent_1=1.0|Agent_2=1.0|Agent_3=1.0|Agent_4=1.0|Agent_5=0.663|Agent_6=1.0|Agent_7=1.0|Agent_8=1.0|Agent_9=1.0|Agent_10=1.0|Agent_11=1.0|Agent_12=1.0;Global DSS: focus on Agent_4 (priority 0.38), Agent_4 share 1.00, Agent_9 share 1.00, Agent_11 share 1.00, Agent_12 share 1.00, Agent_6 share 1.00, Agent_10 share 1.00, Agent_7 share 1.00, Agent_8 share 1.00, Agent_1 share 1.00, Agent_3 share 1.00, Agent_2 share 1.00, Agent_5 share 0.66 (monitor)
150;150.0;Agent_4;Agent_1|Agent_2|Agent_3|Agent_4|Agent_6|Agent_7|Agent_8|Agent_9|Agent_10|Agent_11|Agent_12;Agent_1=1.0|Agent_2=1.0|Agent_3=1.0|Agent_4=1.0|Agent_5=0.663|Agent_6=1.0|Agent_7=1.0|Agent_8=1.0|Agent_9=1.0|Agent_10=1.0|Agent_11=1.0|Agent_12=1.0;Global DSS: focus on Agent_4 (priority 0.38), Agent_4 share 1.00, Agent_9 share 1.00, Agent_11 share 1.00, Agent_12 share 1.00, Agent_6 share 1.00, Agent_7 share 1.00, Agent_10 share 1.00, Agent_8 share 1.00, Agent_1 share 1.00, Agent_3 share 1.00, Agent_2 share 1.00, Agent_5 share 0.66 (monitor)
151;151.0;Agent_4;Agent_1|Agent_2|Agent_3|Agent_4|Agent_6|Agent_7|Agent_8|Agent_9|Agent_10|Agent_11|Agent_12;Agent_1=1.0|Agent_2=1.0|Agent_3=1.0|Agent_4=1.0|Agent_5=0.663|Agent_6=1.0|Agent_7=1.0|Agent_8=1.0|Agent_9=1.0|Agent_10=1.0|Agent_11=1.0|Agent_12=1.0;Global DSS: focus on Agent_4 (priority 0.38), Agent_4 share 1.00, Agent_9 share 1.00, Agent_11 share 1.00, Agent_12 share 1.00, Agent_6 share 1.00, Agent_7 share 1.00, Agent_10 share 1.00, Agent_8 share 1.00, Agent_1 share 1.00, Agent_3 share 1.00, Agent_2 share 1.00, Agent_5 share 0.66 (monitor)
152;152.0;Agent_4;Agent_1|Agent_2|Agent_3|Agent_4|Agent_6|Agent_7|Agent_8|Agent_9|Agent_10|Agent_11|Agent_12;Agent_1=1.0|Agent_2=1.0|Agent_3=1.0|Agent_4=1.0|Agent_5=0.663|Agent_6=1.0|Agent_7=1.0|Agent_8=1.0|Agent_9=1.0|Agent_10=1.0|Agent_11=1.0|Agent_12=1.0;Global DSS: focus on Agent_4 (priority 0.38), Agent_4 share 1.00, Agent_9 share 1.00, Agent_11 share 1.00, Agent_12 share 1.00, Agent_6 share 1.00, Agent_7 share 1.00, Agent_10 share 1.00, Agent_8 share 1.00, Agent_3 share 1.00, Agent_1 share 1.00, Agent_2 share 1.00, Agent_5 share 0.66 (monitor)
153;153.0;Agent_4;Agent_1|Agent_2|Agent_3|Agent_4|Agent_6|Agent_7|Agent_8|Agent_9|Agent_10|Agent_11|Agent_12;Agent_1=1.0|Agent_2=1.0|Agent_3=1.0|Agent_4=1.0|Agent_5=0.663|Agent_6=1.0|Agent_7=1.0|Agent_8=1.0|Agent_9=1.0|Agent_10=1.0|Agent_11=1.0|Agent_12=1.0;Global DSS: focus on Agent_4 (priority 0.38), Agent_4 share 1.00, Agent_9 share 1.00, Agent_11 share 1.00, Agent_12 share 1.00, Agent_6 share 1.00, Agent_7 share 1.00, Agent_10 share 1.00, Agent_8 share 1.00, Agent_3 share 1.00, Agent_1 share 1.00, Agent_2 share 1.00, Agent_5 share 0.66 (monitor)
154;154.0;Agent_4;Agent_1|Agent_2|Agent_3|Agent_4|Agent_6|Agent_7|Agent_8|Agent_9|Agent_10|Agent_11|Agent_12;Agent_1=1.0|Agent_2=1.0|Agent_3=1.0|Agent_4=1.0|Agent_5=0.664|Agent_6=1.0|Agent_7=1.0|Agent_8=1.0|Agent_9=1.0|Agent_10=1.0|Agent_11=1.0|Agent_12=1.0;Global DSS: focus on Agent_4 (priority 0.38), Agent_4 share 1.00, Agent_9 share 1.00, Agent_11 share 1.00, Agent_12 share 1.00, Agent_6 share 1.00, Agent_7 share 1.00, Agent_10 share 1.00, Agent_3 share 1.00, Agent_8 share 1.00, Agent_1 share 1.00, Agent_2 share 1.00, Agent_5 share 0.66 (monitor)
155;155.0;Agent_4;Agent_1|Agent_2|Agent_3|Agent_4|Agent_6|Agent_7|Agent_8|Agent_9|Agent_10|Agent_11|Agent_12;Agent_1=1.0|Agent_2=1.0|Agent_3=1.0|Agent_4=1.0|Agent_5=0.664|Agent_6=1.0|Agent_7=1.0|Agent_8=1.0|Agent_9=1.0|Agent_10=1.0|Agent_11=1.0|Agent_12=1.0;Global DSS: focus on Agent_4 (priority 0.37), Agent_4 share 1.00, Agent_9 share 1.00, Agent_11 share 1.00, Agent_12 share 1.00, Agent_6 share 1.00, Agent_7 share 1.00, Agent_10 share 1.00, Agent_3 share 1.00, Agent_8 share 1.00, Agent_1 share 1.00, Agent_2 share 1.00, Agent_5 share 0.66 (monitor)
156;156.0;Agent_4;Agent_1|Agent_2|Agent_3|Agent_4|Agent_6|Agent_7|Agent_8|Agent_9|Agent_10|Agent_11|Agent_12;Agent_1=1.0|Agent_2=1.0|Agent_3=1.0|Agent_4=1.0|Agent_5=0.664|Agent_6=1.0|Agent_7=1.0|Agent_8=1.0|Agent_9=1.0|Agent_10=1.0|Agent_11=1.0|Agent_12=1.0;Global DSS: focus on Agent_4 (priority 0.37), Agent_4 share 1.00, Agent_9 share 1.00, Agent_11 share 1.00, Agent_12 share 1.00, Agent_6 share 1.00, Agent_7 share 1.00, Agent_10 share 1.00, Agent_3 share 1.00, Agent_8 share 1.00, Agent_1 share 1.00, Agent_2 share 1.00, Agent_5 share 0.66 (monitor)
157;157.0;Agent_4;Agent_1|Agent_2|Agent_3|Agent_4|Agent_6|Agent_7|Agent_8|Agent_9|Agent_10|Agent_11|Agent_12;Agent_1=1.0|Agent_2=1.0|Agent_3=1.0|Agent_4=1.0|Agent_5=0.664|Agent_6=1.0|Agent_7=1.0|Agent_8=1.0|Agent_9=1.0|Agent_10=1.0|Agent_11=1.0|Agent_12=1.0;Global DSS: focus on Agent_4 (priority 0.37), Agent_4 share 1.00, Agent_9 share 1.00, Agent_11 share 1.00, Agent_12 share 1.00, Agent_6 share 1.00, Agent_7 share 1.00, Agent_10 share 1.00, Agent_3 share 1.00, Agent_8 share 1.00, Agent_1 share 1.00, Agent_2 share 1.00, Agent_5 share 0.66 (monitor)
158;158.0;Agent_4;Agent_1|Agent_2|Agent_3|Agent_4|Agent_6|Agent_7|Agent_8|Agent_9|Agent_10|Agent_11|Agent_12;Agent_1=1.0|Agent_2=1.0|Agent_3=1.0|Agent_4=1.0|Agent_5=0.664|Agent_6=1.0|Agent_7=1.0|Agent_8=1.0|Agent_9=1.0|Agent_10=1.0|Agent_11=1.0|Agent_12=1.0;Global DSS: focus on Agent_4 (priority 0.37), Agent_4 share 1.00, Agent_9 share 1.00, Agent_11 share 1.00, Agent_12 share 1.00, Agent_7 share 1.00, Agent_6 share 1.00, Agent_10 share 1.00, Agent_3 share 1.00, Agent_8 share 1.00, Agent_1 share 1.00, Agent_2 share 1.00, Agent_5 share 0.66 (monitor)
159;159.0;Agent_4;Agent_1|Agent_2|Agent_3|Agent_4|Agent_6|Agent_7|Agent_8|Agent_9|Agent_10|Agent_11|Agent_12;Agent_1=1.0|Agent_2=1.0|Agent_3=1.0|Agent_4=1.0|Agent_5=0.664|Agent_6=1.0|Agent_7=1.0|Agent_8=1.0|Agent_9=1.0|Agent_10=1.0|Agent_11=1.0|Agent_12=1.0;Global DSS: focus on Agent_4 (priority 0.37), Agent_4 share 1.00, Agent_9 share 1.00, Agent_11 share 1.00, Agent_12 share 1.00, Agent_7 share 1.00, Agent_6 share 1.00, Agent_10 share 1.00, Agent_3 share 1.00, Agent_8 share 1.00, Agent_1 share 1.00, Agent_2 share 1.00, Agent_5 share 0.66 (monitor)
160;160.0;Agent_4;Agent_1|Agent_2|Agent_3|Agent_4|Agent_6|Agent_7|Agent_8|Agent_9|Agent_10|Agent_11|Agent_12;Agent_1=1.0|Agent_2=1.0|Agent_3=1.0|Agent_4=1.0|Agent_5=0.664|Agent_6=1.0|Agent_7=1.0|Agent_8=1.0|Agent_9=1.0|Agent_10=1.0|Agent_11=1.0|Agent_12=1.0;Global DSS: focus on Agent_4 (priority 0.37), Agent_4 share 1.00, Agent_9 share 1.00, Agent_11 share 1.00, Agent_12 share 1.00, Agent_7 share 1.00, Agent_6 share 1.00, Agent_10 share 1.00, Agent_3 share 1.00, Agent_8 share 1.00, Agent_1 share 1.00, Agent_2 share 1.00, Agent_5 share 0.66 (monitor)
161;161.0;Agent_4;Agent_1|Agent_2|Agent_3|Agent_4|Agent_6|Agent_7|Agent_8|Agent_9|Agent_10|Agent_11|Agent_12;Agent_1=1.0|Agent_2=1.0|Agent_3=1.0|Agent_4=1.0|Agent_5=0.664|Agent_6=1.0|Agent_7=1.0|Agent_8=1.0|Agent_9=1.0|Agent_10=1.0|Agent_11=1.0|Agent_12=1.0;Global DSS: focus on Agent_4 (priority 0.36), Agent_4 share 1.00, Agent_9 share 1.00, Agent_11 share 1.00, Agent_12 share 1.00, Agent_7 share 1.00, Agent_6 share 1.00, Agent_10 share 1.00, Agent_3 share 1.00, Agent_8 share 1.00, Agent_1 share 1.00, Agent_2 share 1.00, Agent_5 share 0.66 (monitor)
162;162.0;Agent_4;Agent_1|Agent_2|Agent_3|Agent_4|Agent_6|Agent_7|Agent_8|Agent_9|Agent_10|Agent_11|Agent_12;Agent_1=1.0|Agent_2=1.0|Agent_3=1.0|Agent_4=1.0|Agent_5=0.664|Agent_6=1.0|Agent_7=1.0|Agent_8=1.0|Agent_9=1.0|Agent_10=1.0|Agent_11=1.0|Agent_12=1.0;Global DSS: focus on Agent_4 (priority 0.36), Agent_4 share 1.00, Agent_9 share 1.00, Agent_11 share 1.00, Agent_12 share 1.00, Agent_7 share 1.00, Agent_6 share 1.00, Agent_10 share 1.00, Agent_3 share 1.00, Agent_8 share 1.00, Agent_1 share 1.00, Agent_2 share 1.00, Agent_5 share 0.66 (monitor)
163;163.0;Agent_4;Agent_1|Agent_2|Agent_3|Agent_4|Agent_6|Agent_7|Agent_8|Agent_9|Agent_10|Agent_11|Agent_12;Agent_1=1.0|Agent_2=1.0|Agent_3=1.0|Agent_4=1.0|Agent_5=0.664|Agent_6=1.0|Agent_7=1.0|Agent_8=1.0|Agent_9=1.0|Agent_10=1.0|Agent_11=1.0|Agent_12=1.0;Global DSS: focus on Agent_4 (priority 0.36), Agent_4 share 1.00, Agent_9 share 1.00, Agent_11 share 1.00, Agent_12 share 1.00, Agent_7 share 1.00, Agent_6 share 1.00, Agent_10 share 1.00, Agent_3 share 1.00, Agent_8 share 1.00, Agent_1 share 1.00, Agent_2 share 1.00, Agent_5 share 0.66 (monitor)
164;164.0;Agent_4;Agent_1|Agent_2|Agent_3|Agent_4|Agent_6|Agent_7|Agent_8|Agent_9|Agent_10|Agent_11|Agent_12;Agent_1=1.0|Agent_2=1.0|Agent_3=1.0|Agent_4=1.0|Agent_5=0.664|Agent_6=1.0|Agent_7=1.0|Agent_8=1.0|Agent_9=1.0|Agent_10=1.0|Agent_11=1.0|Agent_12=1.0;Global DSS: focus on Agent_4 (priority 0.36), Agent_4 share 1.00, Agent_9 share 1.00, Agent_11 share 1.00, Agent_12 share 1.00, Agent_7 share 1.00, Agent_6 share 1.00, Agent_10 share 1.00, Agent_3 share 1.00, Agent_8 share 1.00, Agent_1 share 1.00, Agent_2 share 1.00, Agent_5 share 0.66 (monitor)
165;165.0;Agent_4;Agent_1|Agent_2|Agent_3|Agent_4|Agent_6|Agent_7|Agent_8|Agent_9|Agent_10|Agent_11|Agent_12;Agent_1=1.0|Agent_2=1.0|Agent_3=1.0|Agent_4=1.0|Agent_5=0.664|Agent_6=1.0|Agent_7=1.0|Agent_8=1.0|Agent_9=1.0|Agent_10=1.0|Agent_11=1.0|Agent_12=1.0;Global DSS: focus on Agent_4 (priority 0.36), Agent_4 share 1.00, Agent_9 share 1.00, Agent_11 share 1.00, Agent_12 share 1.00, Agent_6 share 1.00, Agent_10 share 1.00, Agent_3 share 1.00, Agent_7 share 1.00, Agent_8 share 1.00, Agent_1 share 1.00, Agent_2 share 1.00, Agent_5 share 0.66 (monitor)
166;166.0;Agent_4;Agent_1|Agent_2|Agent_3|Agent_4|Agent_6|Agent_7|Agent_8|Agent_9|Agent_10|Agent_11|Agent_12;Agent_1=1.0|Agent_2=1.0|Agent_3=1.0|Agent_4=1.0|Agent_5=0.664|Agent_6=1.0|Agent_7=1.0|Agent_8=1.0|Agent_9=1.0|Agent_10=1.0|Agent_11=1.0|Agent_12=1.0;Global DSS: focus on Agent_4 (priority 0.35), Agent_4 share 1.00, Agent_9 share 1.00, Agent_11 share 1.00, Agent_12 share 1.00, Agent_6 share 1.00, Agent_10 share 1.00, Agent_3 share 1.00, Agent_7 share 1.00, Agent_8 share 1.00, Agent_1 share 1.00, Agent_2 share 1.00, Agent_5 share 0.66 (monitor)
167;167.0;Agent_4;Agent_1|Agent_2|Agent_3|Agent_4|Agent_6|Agent_7|Agent_8|Agent_9|Agent_10|Agent_11|Agent_12;Agent_1=1.0|Agent_2=1.0|Agent_3=1.0|Agent_4=1.0|Agent_5=0.664|Agent_6=1.0|Agent_7=1.0|Agent_8=1.0|Agent_9=1.0|Agent_10=1.0|Agent_11=1.0|Agent_12=1.0;Global DSS: focus on Agent_4 (priority 0.35), Agent_4 share 1.00, Agent_9 share 1.00, Agent_11 share 1.00, Agent_12 share 1.00, Agent_6 share 1.00, Agent_10 share 1.00, Agent_3 share 1.00, Agent_8 share 1.00, Agent_7 share 1.00, Agent_1 share 1.00, Agent_2 share 1.00, Agent_5 share 0.66 (monitor)
168;168.0;Agent_4;Agent_1|Agent_2|Agent_3|Agent_4|Agent_6|Agent_7|Agent_8|Agent_9|Agent_10|Agent_11|Agent_12;Agent_1=1.0|Agent_2=1.0|Agent_3=1.0|Agent_4=1.0|Agent_5=0.664|Agent_6=1.0|Agent_7=1.0|Agent_8=1.0|Agent_9=1.0|Agent_10=1.0|Agent_11=1.0|Agent_12=1.0;Global DSS: focus on Agent_4 (priority 0.35), Agent_4 share 1.00, Agent_9 share 1.00, Agent_11 share 1.00, Agent_12 share 1.00, Agent_6 share 1.00, Agent_10 share 1.00, Agent_3 share 1.00, Agent_8 share 1.00, Agent_7 share 1.00, Agent_1 share 1.00, Agent_2 share 1.00, Agent_5 share 0.66 (monitor)
169;169.0;Agent_4;Agent_1|Agent_2|Agent_3|Agent_4|Agent_6|Agent_7|Agent_8|Agent_9|Agent_10|Agent_11|Agent_12;Agent_1=1.0|Agent_2=1.0|Agent_3=1.0|Agent_4=1.0|Agent_5=0.664|Agent_6=1.0|Agent_7=1.0|Agent_8=1.0|Agent_9=1.0|Agent_10=1.0|Agent_11=1.0|Agent_12=1.0;Global DSS: focus on Agent_4 (priority 0.35), Agent_4 share 1.00, Agent_9 share 1.00, Agent_11 share 1.00, Agent_12 share 1.00, Agent_10 share 1.00, Agent_6 share 1.00, Agent_3 share 1.00, Agent_8 share 1.00, Agent_1 share 1.00, Agent_7 share 1.00, Agent_2 share 1.00, Agent_5 share 0.66 (monitor)
170;170.0;Agent_4;Agent_1|Agent_2|Agent_3|Agent_4|Agent_6|Agent_7|Agent_8|Agent_9|Agent_10|Agent_11|Agent_12;Agent_1=1.0|Agent_2=1.0|Agent_3=1.0|Agent_4=1.0|Agent_5=0.664|Agent_6=1.0|Agent_7=1.0|Agent_8=1.0|Agent_9=1.0|Agent_10=1.0|Agent_11=1.0|Agent_12=1.0;Global DSS: focus on Agent_4 (priority 0.35), Agent_4 share 1.00, Agent_9 share 1.00, Agent_11 share 1.00, Agent_12 share 1.00, Agent_10 share 1.00, Agent_6 share 1.00, Agent_3 share 1.00, Agent_8 share 1.00, Agent_1 share 1.00, Agent_7 share 1.00, Agent_2 share 1.00, Agent_5 share 0.66 (monitor)
171;171.0;Agent_4;Agent_1|Agent_2|Agent_3|Agent_4|Agent_6|Agent_7|Agent_8|Agent_9|Agent_10|Agent_11|Agent_12;Agent_1=1.0|Agent_2=1.0|Agent_3=1.0|Agent_4=1.0|Agent_5=0.664|Agent_6=1.0|Agent_7=1.0|Agent_8=1.0|Agent_9=1.0|Agent_10=1.0|Agent_11=1.0|Agent_12=1.0;Global DSS: focus on Agent_4 (priority 0.35), Agent_4 share 1.00, Agent_9 share 1.00, Agent_11 share 1.00, Agent_12 share 1.00, Agent_10 share 1.00, Agent_6 share 1.00, Agent_3 share 1.00, Agent_8 share 1.00, Agent_1 share 1.00, Agent_7 share 1.00, Agent_2 share 1.00, Agent_5 share 0.66 (monitor)
172;172.0;Agent_4;Agent_1|Agent_2|Agent_3|Agent_4|Agent_6|Agent_7|Agent_8|Agent_9|Agent_10|Agent_11|Agent_12;Agent_1=1.0|Agent_2=1.0|Agent_3=1.0|Agent_4=1.0|Agent_5=0.664|Agent_6=1.0|Agent_7=1.0|Agent_8=1.0|Agent_9=1.0|Agent_10=1.0|Agent_11=1.0|Agent_12=1.0;Global DSS: focus on Agent_4 (priority 0.35), Agent_4 share 1.00, Agent_9 share 1.00, Agent_11 share 1.00, Agent_12 share 1.00, Agent_10 share 1.00, Agent_6 share 1.00, Agent_3 share 1.00, Agent_8 share 1.00, Agent_1 share 1.00, Agent_7 share 1.00, Agent_2 share 1.00, Agent_5 share 0.66 (monitor)
173;173.0;Agent_4;Agent_1|Agent_2|Agent_3|Agent_4|Agent_6|Agent_7|Agent_8|Agent_9|Agent_10|Agent_11|Agent_12;Agent_1=1.0|Agent_2=1.0|Agent_3=1.0|Agent_4=1.0|Agent_5=0.664|Agent_6=1.0|Agent_7=1.0|Agent_8=1.0|Agent_9=1.0|Agent_10=1.0|Agent_11=1.0|Agent_12=1.0;Global DSS: focus on Agent_4 (priority 0.34), Agent_4 share 1.00, Agent_9 share 1.00, Agent_11 share 1.00, Agent_12 share 1.00, Agent_10 share 1.00, Agent_6 share 1.00, Agent_3 share 1.00, Agent_8 share 1.00, Agent_1 share 1.00, Agent_7 share 1.00, Agent_2 share 1.00, Agent_5 share 0.66 (monitor)
174;174.0;Agent_4;Agent_1|Agent_2|Agent_3|Agent_4|Agent_6|Agent_7|Agent_8|Agent_9|Agent_10|Agent_11|Agent_12;Agent_1=1.0|Agent_2=1.0|Agent_3=1.0|Agent_4=1.0|Agent_5=0.664|Agent_6=1.0|Agent_7=1.0|Agent_8=1.0|Agent_9=1.0|Agent_10=1.0|Agent_11=1.0|Agent_12=1.0;Global DSS: focus on Agent_4 (priority 0.34), Agent_4 share 1.00, Agent_9 share 1.00, Agent_11 share 1.00, Agent_12 share 1.00, Agent_10 share 1.00, Agent_6 share 1.00, Agent_3 share 1.00, Agent_8 share 1.00, Agent_1 share 1.00, Agent_7 share 1.00, Agent_2 share 1.00, Agent_5 share 0.66 (monitor)
175;175.0;Agent_4;Agent_1|Agent_2|Agent_3|Agent_4|Agent_6|Agent_7|Agent_8|Agent_9|Agent_10|Agent_11|Agent_12;Agent_1=1.0|Agent_2=1.0|Agent_3=1.0|Agent_4=1.0|Agent_5=0.664|Agent_6=1.0|Agent_7=1.0|Agent_8=1.0|Agent_9=1.0|Agent_10=1.0|Agent_11=1.0|Agent_12=1.0;Global DSS: focus on Agent_4 (priority 0.34), Agent_4 share 1.00, Agent_9 share 1.00, Agent_11 share 1.00, Agent_12 share 1.00, Agent_10 share 1.00, Agent_6 share 1.00, Agent_3 share 1.00, Agent_8 share 1.00, Agent_1 share 1.00, Agent_7 share 1.00, Agent_2 share 1.00, Agent_5 share 0.66 (monitor)
176;176.0;Agent_4;Agent_1|Agent_2|Agent_3|Agent_4|Agent_6|Agent_7|Agent_8|Agent_9|Agent_10|Agent_11|Agent_12;Agent_1=1.0|Agent_2=1.0|Agent_3=1.0|Agent_4=1.0|Agent_5=0.664|Agent_6=1.0|Agent_7=1.0|Agent_8=1.0|Agent_9=1.0|Agent_10=1.0|Agent_11=1.0|Agent_12=1.0;Global DSS: focus on Agent_4 (priority 0.34), Agent_4 share 1.00, Agent_9 share 1.00, Agent_11 share 1.00, Agent_12 share 1.00, Agent_10 share 1.00, Agent_6 share 1.00, Agent_3 share 1.00, Agent_8 share 1.00, Agent_1 share 1.00, Agent_7 share 1.00, Agent_2 share 1.00, Agent_5 share 0.66 (monitor)
177;177.0;Agent_4;Agent_1|Agent_2|Agent_3|Agent_4|Agent_6|Agent_7|Agent_8|Agent_9|Agent_10|Agent_11|Agent_12;Agent_1=1.0|Agent_2=1.0|Agent_3=1.0|Agent_4=1.0|Agent_5=0.664|Agent_6=1.0|Agent_7=1.0|Agent_8=1.0|Agent_9=1.0|Agent_10=1.0|Agent_11=1.0|Agent_12=1.0;Global DSS: focus on Agent_4 (priority 0.34), Agent_4 share 1.00, Agent_9 share 1.00, Agent_11 share 1.00, Agent_12 share 1.00, Agent_10 share 1.00, Agent_6 share 1.00, Agent_3 share 1.00, Agent_8 share 1.00, Agent_1 share 1.00, Agent_7 share 1.00, Agent_2 share 1.00, Agent_5 share 0.66 (monitor)
178;178.0;Agent_4;Agent_1|Agent_2|Agent_3|Agent_4|Agent_6|Agent_7|Agent_8|Agent_9|Agent_10|Agent_11|Agent_12;Agent_1=1.0|Agent_2=1.0|Agent_3=1.0|Agent_4=1.0|Agent_5=0.664|Agent_6=1.0|Agent_7=1.0|Agent_8=1.0|Agent_9=1.0|Agent_10=1.0|Agent_11=1.0|Agent_12=1.0;Global DSS: focus on Agent_4 (priority 0.34), Agent_4 share 1.00, Agent_9 share 1.00, Agent_11 share 1.00, Agent_12 share 1.00, Agent_10 share 1.00, Agent_6 share 1.00, Agent_3 share 1.00, Agent_8 share 1.00, Agent_1 share 1.00, Agent_7 share 1.00, Agent_2 share 1.00, Agent_5 share 0.66 (monitor)
179;179.0;Agent_4;Agent_1|Agent_2|Agent_3|Agent_4|Agent_6|Agent_7|Agent_8|Agent_9|Agent_10|Agent_11|Agent_12;Agent_1=1.0|Agent_2=1.0|Agent_3=1.0|Agent_4=1.0|Agent_5=0.664|Agent_6=1.0|Agent_7=1.0|Agent_8=1.0|Agent_9=1.0|Agent_10=1.0|Agent_11=1.0|Agent_12=1.0;Global DSS: focus on Agent_4 (priority 0.33), Agent_4 share 1.00, Agent_9 share 1.00, Agent_11 share 1.00, Agent_12 share 1.00, Agent_10 share 1.00, Agent_6 share 1.00, Agent_3 share 1.00, Agent_8 share 1.00, Agent_1 share 1.00, Agent_7 share 1.00, Agent_2 share 1.00, Agent_5 share 0.66 (monitor)
180;180.0;Agent_4;Agent_1|Agent_2|Agent_3|Agent_4|Agent_6|Agent_7|Agent_8|Agent_9|Agent_10|Agent_11|Agent_12;Agent_1=1.0|Agent_2=1.0|Agent_3=1.0|Agent_4=1.0|Agent_5=0.664|Agent_6=1.0|Agent_7=1.0|Agent_8=1.0|Agent_9=1.0|Agent_10=1.0|Agent_11=1.0|Agent_12=1.0;Global DSS: focus on Agent_4 (priority 0.33), Agent_4 share 1.00, Agent_9 share 1.00, Agent_11 share 1.00, Agent_12 share 1.00, Agent_10 share 1.00, Agent_6 share 1.00, Agent_3 share 1.00, Agent_8 share 1.00, Agent_1 share 1.00, Agent_7 share 1.00, Agent_2 share 1.00, Agent_5 share 0.66 (monitor)
181;181.0;Agent_4;Agent_1|Agent_2|Agent_3|Agent_4|Agent_6|Agent_7|Agent_8|Agent_9|Agent_10|Agent_11|Agent_12;Agent_1=1.0|Agent_2=1.0|Agent_3=1.0|Agent_4=1.0|Agent_5=0.664|Agent_6=1.0|Agent_7=1.0|Agent_8=1.0|Agent_9=1.0|Agent_10=1.0|Agent_11=1.0|Agent_12=1.0;Global DSS: focus on Agent_4 (priority 0.33), Agent_4 share 1.00, Agent_9 share 1.00, Agent_11 share 1.00, Agent_12 share 1.00, Agent_10 share 1.00, Agent_6 share 1.00, Agent_3 share 1.00, Agent_8 share 1.00, Agent_1 share 1.00, Agent_7 share 1.00, Agent_2 share 1.00, Agent_5 share 0.66 (monitor)
182;182.0;Agent_4;Agent_1|Agent_2|Agent_3|Agent_4|Agent_6|Agent_7|Agent_8|Agent_9|Agent_10|Agent_11|Agent_12;Agent_1=1.0|Agent_2=1.0|Agent_3=1.0|Agent_4=1.0|Agent_5=0.664|Agent_6=1.0|Agent_7=1.0|Agent_8=1.0|Agent_9=1.0|Agent_10=1.0|Agent_11=1.0|Agent_12=1.0;Global DSS: focus on Agent_4 (priority 0.33), Agent_4 share 1.00, Agent_9 share 1.00, Agent_11 share 1.00, Agent_12 share 1.00, Agent_10 share 1.00, Agent_6 share 1.00, Agent_3 share 1.00, Agent_8 share 1.00, Agent_1 share 1.00, Agent_7 share 1.00, Agent_2 share 1.00, Agent_5 share 0.66 (monitor)
183;183.0;Agent_4;Agent_1|Agent_2|Agent_3|Agent_4|Agent_6|Agent_7|Agent_8|Agent_9|Agent_10|Agent_11|Agent_12;Agent_1=1.0|Agent_2=1.0|Agent_3=1.0|Agent_4=1.0|Agent_5=0.664|Agent_6=1.0|Agent_7=1.0|Agent_8=1.0|Agent_9=1.0|Agent_10=1.0|Agent_11=1.0|Agent_12=1.0;Global DSS: focus on Agent_4 (priority 0.33), Agent_4 share 1.00, Agent_9 share 1.00, Agent_11 share 1.00, Agent_12 share 1.00, Agent_10 share 1.00, Agent_6 share 1.00, Agent_3 share 1.00, Agent_8 share 1.00, Agent_1 share 1.00, Agent_7 share 1.00, Agent_2 share 1.00, Agent_5 share 0.66 (monitor)
184;184.0;Agent_4;Agent_1|Agent_2|Agent_3|Agent_4|Agent_6|Agent_7|Agent_8|Agent_9|Agent_10|Agent_11|Agent_12;Agent_1=1.0|Agent_2=1.0|Agent_3=1.0|Agent_4=1.0|Agent_5=0.664|Agent_6=1.0|Agent_7=1.0|Agent_8=1.0|Agent_9=1.0|Agent_10=1.0|Agent_11=1.0|Agent_12=1.0;Global DSS: focus on Agent_4 (priority 0.33), Agent_4 share 1.00, Agent_9 share 1.00, Agent_11 share 1.00, Agent_12 share 1.00, Agent_10 share 1.00, Agent_6 share 1.00, Agent_3 share 1.00, Agent_8 share 1.00, Agent_1 share 1.00, Agent_7 share 1.00, Agent_2 share 1.00, Agent_5 share 0.66 (monitor)
185;185.0;Agent_4;Agent_1|Agent_2|Agent_3|Agent_4|Agent_6|Agent_7|Agent_8|Agent_9|Agent_10|Agent_11|Agent_12;Agent_1=1.0|Agent_2=1.0|Agent_3=1.0|Agent_4=1.0|Agent_5=0.664|Agent_6=1.0|Agent_7=1.0|Agent_8=1.0|Agent_9=1.0|Agent_10=1.0|Agent_11=1.0|Agent_12=1.0;Global DSS: focus on Agent_4 (priority 0.32), Agent_4 share 1.00, Agent_9 share 1.00, Agent_11 share 1.00, Agent_10 share 1.00, Agent_12 share 1.00, Agent_6 share 1.00, Agent_3 share 1.00, Agent_8 share 1.00, Agent_1 share 1.00, Agent_7 share 1.00, Agent_2 share 1.00, Agent_5 share 0.66 (monitor)
186;186.0;Agent_4;Agent_1|Agent_2|Agent_3|Agent_4|Agent_6|Agent_7|Agent_8|Agent_9|Agent_10|Agent_11|Agent_12;Agent_1=1.0|Agent_2=1.0|Agent_3=1.0|Agent_4=1.0|Agent_5=0.664|Agent_6=1.0|Agent_7=1.0|Agent_8=1.0|Agent_9=1.0|Agent_10=1.0|Agent_11=1.0|Agent_12=1.0;Global DSS: focus on Agent_4 (priority 0.32), Agent_4 share 1.00, Agent_9 share 1.00, Agent_11 share 1.00, Agent_10 share 1.00, Agent_12 share 1.00, Agent_6 share 1.00, Agent_3 share 1.00, Agent_8 share 1.00, Agent_1 share 1.00, Agent_7 share 1.00, Agent_2 share 1.00, Agent_5 share 0.66 (monitor)
187;187.0;Agent_4;Agent_1|Agent_2|Agent_3|Agent_4|Agent_6|Agent_7|Agent_8|Agent_9|Agent_10|Agent_11|Agent_12;Agent_1=1.0|Agent_2=1.0|Agent_3=1.0|Agent_4=1.0|Agent_5=0.664|Agent_6=1.0|Agent_7=1.0|Agent_8=1.0|Agent_9=1.0|Agent_10=1.0|Agent_11=1.0|Agent_12=1.0;Global DSS: focus on Agent_4 (priority 0.32), Agent_4 share 1.00, Agent_9 share 1.00, Agent_11 share 1.00, Agent_10 share 1.00, Agent_12 share 1.00, Agent_6 share 1.00, Agent_3 share 1.00, Agent_8 share 1.00, Agent_1 share 1.00, Agent_7 share 1.00, Agent_2 share 1.00, Agent_5 share 0.66 (monitor)
188;188.0;Agent_4;Agent_1|Agent_2|Agent_3|Agent_4|Agent_6|Agent_7|Agent_8|Agent_9|Agent_10|Agent_11|Agent_12;Agent_1=1.0|Agent_2=1.0|Agent_3=1.0|Agent_4=1.0|Agent_5=0.664|Agent_6=1.0|Agent_7=1.0|Agent_8=1.0|Agent_9=1.0|Agent_10=1.0|Agent_11=1.0|Agent_12=1.0;Global DSS: focus on Agent_4 (priority 0.32), Agent_4 share 1.00, Agent_9 share 1.00, Agent_11 share 1.00, Agent_10 share 1.00, Agent_12 share 1.00, Agent_3 share 1.00, Agent_6 share 1.00, Agent_8 share 1.00, Agent_1 share 1.00, Agent_7 share 1.00, Agent_2 share 1.00, Agent_5 share 0.66 (monitor)
189;189.0;Agent_4;Agent_1|Agent_2|Agent_3|Agent_4|Agent_6|Agent_7|Agent_8|Agent_9|Agent_10|Agent_11|Agent_12;Agent_1=1.0|Agent_2=1.0|Agent_3=1.0|Agent_4=1.0|Agent_5=0.664|Agent_6=1.0|Agent_7=1.0|Agent_8=1.0|Agent_9=1.0|Agent_10=1.0|Agent_11=1.0|Agent_12=1.0;Global DSS: focus on Agent_4 (priority 0.32), Agent_4 share 1.00, Agent_9 share 1.00, Agent_11 share 1.00, Agent_10 share 1.00, Agent_12 share 1.00, Agent_3 share 1.00, Agent_6 share 1.00, Agent_8 share 1.00, Agent_1 share 1.00, Agent_7 share 1.00, Agent_2 share 1.00, Agent_5 share 0.66 (monitor)
190;190.0;Agent_4;Agent_1|Agent_2|Agent_3|Agent_4|Agent_6|Agent_7|Agent_8|Agent_9|Agent_10|Agent_11|Agent_12;Agent_1=1.0|Agent_2=1.0|Agent_3=1.0|Agent_4=1.0|Agent_5=0.665|Agent_6=1.0|Agent_7=1.0|Agent_8=1.0|Agent_9=1.0|Agent_10=1.0|Agent_11=1.0|Agent_12=1.0;Global DSS: focus on Agent_4 (priority 0.32), Agent_4 share 1.00, Agent_9 share 1.00, Agent_11 share 1.00, Agent_12 share 1.00, Agent_10 share 1.00, Agent_3 share 1.00, Agent_6 share 1.00, Agent_8 share 1.00, Agent_1 share 1.00, Agent_7 share 1.00, Agent_2 share 1.00, Agent_5 share 0.66 (monitor)
191;191.0;Agent_4;Agent_1|Agent_2|Agent_3|Agent_4|Agent_6|Agent_7|Agent_8|Agent_9|Agent_10|Agent_11|Agent_12;Agent_1=1.0|Agent_2=1.0|Agent_3=1.0|Agent_4=1.0|Agent_5=0.665|Agent_6=1.0|Agent_7=1.0|Agent_8=1.0|Agent_9=1.0|Agent_10=1.0|Agent_11=1.0|Agent_12=1.0;Global DSS: focus on Agent_4 (priority 0.31), Agent_4 share 1.00, Agent_9 share 1.00, Agent_11 share 1.00, Agent_12 share 1.00, Agent_10 share 1.00, Agent_3 share 1.00, Agent_6 share 1.00, Agent_8 share 1.00, Agent_1 share 1.00, Agent_7 share 1.00, Agent_2 share 1.00, Agent_5 share 0.66 (monitor)
192;192.0;Agent_4;Agent_1|Agent_2|Agent_3|Agent_4|Agent_6|Agent_7|Agent_8|Agent_9|Agent_10|Agent_11|Agent_12;Agent_1=1.0|Agent_2=1.0|Agent_3=1.0|Agent_4=1.0|Agent_5=0.66|Agent_6=1.0|Agent_7=1.0|Agent_8=1.0|Agent_9=1.0|Agent_10=1.0|Agent_11=1.0|Agent_12=1.0;Global DSS: focus on Agent_4 (priority 0.31), Agent_4 share 1.00, Agent_11 share 1.00, Agent_9 share 1.00, Agent_12 share 1.00, Agent_10 share 1.00, Agent_3 share 1.00, Agent_6 share 1.00, Agent_8 share 1.00, Agent_1 share 1.00, Agent_7 share 1.00, Agent_2 share 1.00, Agent_5 share 0.66 (monitor)
193;193.0;Agent_4;Agent_1|Agent_2|Agent_3|Agent_4|Agent_6|Agent_7|Agent_8|Agent_9|Agent_10|Agent_11|Agent_12;Agent_1=1.0|Agent_2=1.0|Agent_3=1.0|Agent_4=1.0|Agent_5=0.661|Agent_6=1.0|Agent_7=1.0|Agent_8=1.0|Agent_9=1.0|Agent_10=1.0|Agent_11=1.0|Agent_12=1.0;Global DSS: focus on Agent_4 (priority 0.31), Agent_4 share 1.00, Agent_11 share 1.00, Agent_9 share 1.00, Agent_12 share 1.00, Agent_10 share 1.00, Agent_3 share 1.00, Agent_8 share 1.00, Agent_6 share 1.00, Agent_1 share 1.00, Agent_7 share 1.00, Agent_2 share 1.00, Agent_5 share 0.66 (monitor)
194;194.0;Agent_4;Agent_1|Agent_2|Agent_3|Agent_4|Agent_6|Agent_7|Agent_8|Agent_9|Agent_10|Agent_11|Agent_12;Agent_1=1.0|Agent_2=1.0|Agent_3=1.0|Agent_4=1.0|Agent_5=0.657|Agent_6=1.0|Agent_7=1.0|Agent_8=1.0|Agent_9=1.0|Agent_10=1.0|Agent_11=1.0|Agent_12=1.0;Global DSS: focus on Agent_4 (priority 0.31), Agent_4 share 1.00, Agent_11 share 1.00, Agent_12 share 1.00, Agent_9 share 1.00, Agent_10 share 1.00, Agent_3 share 1.00, Agent_8 share 1.00, Agent_6 share 1.00, Agent_1 share 1.00, Agent_7 share 1.00, Agent_2 share 1.00, Agent_5 share 0.66 (monitor)
195;195.0;Agent_4;Agent_1|Agent_2|Agent_3|Agent_4|Agent_6|Agent_7|Agent_8|Agent_9|Agent_10|Agent_11|Agent_12;Agent_1=1.0|Agent_2=1.0|Agent_3=1.0|Agent_4=1.0|Agent_5=0.653|Agent_6=1.0|Agent_7=1.0|Agent_8=1.0|Agent_9=1.0|Agent_10=1.0|Agent_11=1.0|Agent_12=1.0;Global DSS: focus on Agent_4 (priority 0.31), Agent_4 share 1.00, Agent_11 share 1.00, Agent_12 share 1.00, Agent_9 share 1.00, Agent_10 share 1.00, Agent_3 share 1.00, Agent_8 share 1.00, Agent_1 share 1.00, Agent_6 share 1.00, Agent_7 share 1.00, Agent_2 share 1.00, Agent_5 share 0.65 (monitor)
196;196.0;Agent_4;Agent_1|Agent_2|Agent_3|Agent_4|Agent_6|Agent_7|Agent_8|Agent_9|Agent_10|Agent_11|Agent_12;Agent_1=1.0|Agent_2=1.0|Agent_3=1.0|Agent_4=1.0|Agent_5=0.651|Agent_6=1.0|Agent_7=1.0|Agent_8=1.0|Agent_9=1.0|Agent_10=1.0|Agent_11=1.0|Agent_12=1.0;Global DSS: focus on Agent_4 (priority 0.30), Agent_4 share 1.00, Agent_11 share 1.00, Agent_12 share 1.00, Agent_9 share 1.00, Agent_10 share 1.00, Agent_8 share 1.00, Agent_3 share 1.00, Agent_1 share 1.00, Agent_7 share 1.00, Agent_6 share 1.00, Agent_2 share 1.00, Agent_5 share 0.65 (monitor)
197;197.0;Agent_4;Agent_1|Agent_2|Agent_3|Agent_4|Agent_6|Agent_7|Agent_8|Agent_9|Agent_10|Agent_11|Agent_12;Agent_1=1.0|Agent_2=1.0|Agent_3=1.0|Agent_4=1.0|Agent_5=0.648|Agent_6=1.0|Agent_7=1.0|Agent_8=1.0|Agent_9=1.0|Agent_10=1.0|Agent_11=1.0|Agent_12=1.0;Global DSS: focus on Agent_4 (priority 0.30), Agent_4 share 1.00, Agent_11 share 1.00, Agent_12 share 1.00, Agent_9 share 1.00, Agent_10 share 1.00, Agent_8 share 1.00, Agent_1 share 1.00, Agent_3 share 1.00, Agent_7 share 1.00, Agent_6 share 1.00, Agent_2 share 1.00, Agent_5 share 0.65 (monitor)
